0 FILE mauler-scion-v2-copy-main.ldr
0 
0 Name:  Mauler[SCION]V2_Copy
0 Author:  
0 CustomBrick
0 FlexibleBrickControlPointUnitLength -1
0 FlexibleBrickLockedControlPoint 
0 NumOfBricks:  149
1 0 193.999900 -52.000140 -39.999700 0.000000 -1.000000 0.000000 0.000000 0.000000 1.000000 -1.000000 0.000000 0.000000 24078.dat
1 14 136.344800 -29.967620 -29.999720 0.000000 -0.002229 -0.999998 0.000000 -0.999998 0.002229 -1.000000 0.000000 0.000000 88695.dat
1 0 166.049900 -52.000140 -29.999720 0.000000 -0.601815 0.798636 0.000000 0.798636 0.601815 -1.000000 0.000000 0.000000 93061.dat
1 14 136.344800 -29.967620 -49.999720 0.000000 -0.002229 -0.999998 0.000000 -0.999998 0.002229 -1.000000 0.000000 0.000000 88695.dat
1 0 166.049900 -52.000140 -49.999720 0.000000 -0.601815 0.798636 0.000000 0.798636 0.601815 -1.000000 0.000000 0.000000 93061.dat
1 0 209.999800 -52.000140 -39.999700 0.000000 0.000000 1.000000 0.000000 -1.000000 0.000000 1.000000 0.000000 0.000000 88513.dat
1 0 183.749600 -41.995820 -39.999700 -1.000000 0.000000 0.000000 0.000000 1.000000 0.000000 0.000000 0.000000 -1.000000 65578.dat
1 0 353.999900 -52.000140 40.000290 0.000000 -1.000000 0.000000 0.000000 0.000000 1.000000 -1.000000 0.000000 0.000000 24078.dat
1 14 299.251300 -26.511710 50.000280 0.000000 -0.124082 -0.992272 0.000000 -0.992272 0.124082 -1.000000 0.000000 0.000000 88695.dat
1 0 326.049900 -52.000140 50.000280 0.000000 -0.500000 0.866026 0.000000 0.866026 0.500000 -1.000000 0.000000 0.000000 93061.dat
1 14 299.251300 -26.511710 30.000290 0.000000 -0.124082 -0.992272 0.000000 -0.992272 0.124082 -1.000000 0.000000 0.000000 88695.dat
1 0 326.049900 -52.000140 30.000280 0.000000 -0.500000 0.866026 0.000000 0.866026 0.500000 -1.000000 0.000000 0.000000 93061.dat
1 0 373.005600 -52.000140 40.000290 0.000000 0.000000 1.000000 0.000000 -1.000000 0.000000 1.000000 0.000000 0.000000 88513.dat
1 0 355.999900 -48.000140 -39.999720 0.000000 1.000000 0.000000 0.000000 0.000000 -1.000000 -1.000000 0.000000 0.000000 30375.dat
1 14 297.201400 -22.511710 -55.499720 0.000000 -0.124082 -0.992272 0.000000 -0.992272 0.124082 -1.000000 0.000000 0.000000 88695.dat
1 0 323.999900 -48.000140 -55.499720 0.000000 -0.500000 0.866026 0.000000 0.866026 0.500000 -1.000000 0.000000 0.000000 93061.dat
1 14 297.201400 -22.511710 -22.229720 0.000000 -0.124082 -0.992272 0.000000 -0.992272 0.124082 -1.000000 0.000000 0.000000 88695.dat
1 0 323.999900 -48.000140 -22.229720 0.000000 -0.500000 0.866026 0.000000 0.866026 0.500000 -1.000000 0.000000 0.000000 93061.dat
1 14 351.046700 -24.496260 -39.939720 0.000000 0.124082 0.992272 0.000000 -0.992272 0.124082 1.000000 0.000000 0.000000 88695.dat
1 0 323.999900 -48.000140 -39.939710 0.000000 0.500000 -0.866026 0.000000 0.866026 0.500000 1.000000 0.000000 0.000000 93061.dat
1 0 -320.050000 -35.157230 160.000000 0.000000 -1.000000 0.000001 0.000000 0.000001 1.000000 -1.000000 0.000000 0.000000 24078.dat
1 14 -376.917600 -12.101380 170.000000 0.000000 -0.037128 -0.999311 0.000000 -0.999310 0.037128 -1.000000 0.000000 0.000000 88695.dat
1 0 -348.000000 -35.157200 170.000000 0.000000 -0.573576 0.819153 0.000000 0.819153 0.573575 -1.000000 0.000000 0.000000 93061.dat
1 14 -376.917600 -12.101380 150.000000 0.000000 -0.037128 -0.999311 0.000000 -0.999311 0.037128 -1.000000 0.000000 0.000000 88695.dat
1 0 -348.000000 -35.157170 150.000000 0.000000 -0.573576 0.819153 0.000000 0.819153 0.573575 -1.000000 0.000000 0.000000 93061.dat
1 14 -284.050000 -35.157260 160.000000 0.000000 -0.000001 1.000000 0.000000 -1.000000 -0.000001 1.000000 0.000000 0.000000 88513.dat
1 0 -330.300200 -25.152870 160.000000 -1.000000 0.000001 0.000000 0.000001 1.000000 0.000000 0.000000 0.000000 -1.000000 65578.dat
1 0 -312.050000 -35.157240 160.000000 0.000000 -1.000000 0.000001 0.000000 0.000001 1.000000 -1.000000 0.000000 0.000000 95108.dat
1 8 189.999800 -24.000140 -149.999700 1.000000 0.000000 0.000000 0.000000 1.000000 0.000000 0.000000 0.000000 1.000000 3623.dat
1 0 199.999800 -24.000140 -149.999700 0.000000 0.000000 -1.000000 0.000000 1.000000 0.000000 1.000000 0.000000 0.000000 61409.dat
1 0 159.999800 -24.000140 -149.999700 0.000000 0.000000 1.000000 0.000000 1.000000 0.000000 -1.000000 0.000000 0.000000 61409.dat
1 14 149.999800 -24.000140 -149.999700 0.000000 0.000000 1.000000 0.000000 1.000000 0.000000 -1.000000 0.000000 0.000000 15070.dat
1 0 169.999800 -16.000140 -149.999700 1.000000 0.000000 0.000000 0.000000 1.000000 0.000000 0.000000 0.000000 1.000000 3623.dat
1 8 329.999900 -40.000140 -179.999700 1.000000 0.000000 0.000000 0.000000 1.000000 0.000000 0.000000 0.000000 1.000000 3623.dat
1 0 339.999900 -40.000140 -179.999700 0.000000 0.000000 -1.000000 0.000000 1.000000 0.000000 1.000000 0.000000 0.000000 61409.dat
1 0 300.000000 -40.000140 -180.000000 0.000000 0.000000 1.000000 0.000000 1.000000 0.000000 -1.000000 0.000000 0.000000 61409.dat
1 14 289.999900 -40.000140 -179.999700 0.000000 0.000000 1.000000 0.000000 1.000000 0.000000 -1.000000 0.000000 0.000000 15070.dat
1 0 329.999900 -32.000140 -179.999700 1.000000 0.000000 0.000000 0.000000 1.000000 0.000000 0.000000 0.000000 1.000000 85861.dat
1 8 -330.000000 -53.157220 160.000000 1.000000 0.000001 0.000000 -0.000001 1.000000 0.000000 0.000000 0.000000 1.000000 3623.dat
1 0 -310.000000 -53.157240 160.000000 0.000000 0.000001 -1.000000 0.000000 1.000000 0.000001 1.000000 0.000000 0.000000 54200.dat
1 0 -340.000000 -53.157220 160.000000 0.000000 0.000001 1.000000 0.000000 1.000000 -0.000001 -1.000000 0.000000 0.000000 61409.dat
1 0 104.000000 -52.000000 160.000000 0.000000 -1.000000 0.000000 0.000000 0.000000 1.000000 -1.000000 0.000000 0.000000 24078.dat
1 14 47.057660 -30.942840 170.000000 0.000000 -0.037128 -0.999310 0.000000 -0.999310 0.037128 -1.000000 0.000000 0.000000 88695.dat
1 0 76.050000 -52.000000 170.000000 0.000000 -0.573576 0.819152 0.000000 0.819152 0.573576 -1.000000 0.000000 0.000000 93061.dat
1 14 47.057660 -30.942830 150.000000 0.000000 -0.037128 -0.999310 0.000000 -0.999310 0.037128 -1.000000 0.000000 0.000000 88695.dat
1 0 76.050020 -52.000000 150.000000 0.000000 -0.573576 0.819152 0.000000 0.819152 0.573576 -1.000000 0.000000 0.000000 93061.dat
1 14 140.000000 -52.000000 160.000000 0.000000 0.000000 1.000000 0.000000 -1.000000 0.000000 1.000000 0.000000 0.000000 88513.dat
1 0 93.749780 -41.995680 160.000000 -1.000000 0.000000 0.000000 0.000000 1.000000 0.000000 0.000000 0.000000 -1.000000 65578.dat
1 0 130.068500 -38.095800 160.000000 0.000000 -0.990577 0.136958 0.000000 -0.136958 -0.990577 1.000000 0.000000 0.000000 93061.dat
1 0 112.000000 -52.000000 160.000000 0.000000 -1.000000 0.000000 0.000000 0.000000 1.000000 -1.000000 0.000000 0.000000 95108.dat
1 0 299.999900 -32.000140 -179.999700 1.000000 0.000000 0.000000 0.000000 1.000000 0.000000 0.000000 0.000000 1.000000 3023b.dat
1 8 104.050000 -78.000000 160.000000 1.000000 0.000000 0.000000 0.000000 1.000000 0.000000 0.000000 0.000000 1.000000 3623.dat
1 0 114.050000 -78.000000 160.000000 0.000000 0.000000 -1.000000 0.000000 1.000000 0.000000 1.000000 0.000000 0.000000 61409.dat
1 0 74.050000 -78.000000 160.000000 0.000000 0.000000 1.000000 0.000000 1.000000 0.000000 -1.000000 0.000000 0.000000 61409.dat
1 14 64.050010 -78.000000 160.000000 0.000000 0.000000 1.000000 0.000000 1.000000 0.000000 -1.000000 0.000000 0.000000 15070.dat
1 0 84.050010 -70.000000 160.000000 1.000000 0.000000 0.000000 0.000000 1.000000 0.000000 0.000000 0.000000 1.000000 3623.dat
1 0 -488.000100 -35.157090 160.000000 0.000000 -1.000000 0.000000 0.000000 0.000001 1.000000 -1.000000 0.000000 0.000000 24078.dat
1 14 -526.868200 -12.101260 173.800000 0.000000 -0.037127 -0.999311 0.000000 -0.999311 0.037128 -1.000000 0.000000 0.000000 88695.dat
1 0 -497.950100 -35.157080 173.800000 0.000000 -0.573576 0.819152 0.000000 0.819152 0.573575 -1.000000 0.000000 0.000000 93061.dat
1 14 -526.868200 -12.101270 146.200000 0.000000 -0.037127 -0.999311 0.000000 -0.999311 0.037128 -1.000000 0.000000 0.000000 88695.dat
1 0 -497.950100 -35.157080 146.200000 0.000000 -0.573576 0.819152 0.000000 0.819152 0.573575 -1.000000 0.000000 0.000000 93061.dat
1 14 -452.000100 -35.157120 160.000000 0.000000 0.000000 1.000000 0.000000 -1.000000 -0.000001 1.000000 0.000000 0.000000 88513.dat
1 14 -498.250300 -17.152740 160.000000 -1.000000 0.000000 0.000000 0.000001 1.000000 0.000000 0.000000 0.000000 -1.000000 65578.dat
1 0 -480.000100 -35.157100 160.000000 0.000000 -1.000000 0.000000 0.000000 0.000001 1.000000 -1.000000 0.000000 0.000000 95108.dat
1 8 -497.950100 -53.157080 160.000000 1.000000 0.000000 0.000000 -0.000001 1.000000 0.000000 0.000000 0.000000 1.000000 3623.dat
1 0 -477.950100 -53.157100 160.000000 0.000000 0.000000 -1.000000 0.000000 1.000000 0.000001 1.000000 0.000000 0.000000 54200.dat
1 0 -507.950100 -53.157070 160.000000 0.000000 0.000000 1.000000 0.000000 1.000000 -0.000001 -1.000000 0.000000 0.000000 61409.dat
1 0 -498.250900 -25.157010 160.000000 1.000000 0.000000 0.000000 -0.000001 1.000000 0.000000 0.000000 0.000000 1.000000 32828.dat
1 0 310.000000 -41.158430 150.000000 0.000000 -1.000000 0.000000 0.000000 0.000000 1.000000 -1.000000 0.000000 0.000000 24078.dat
1 14 271.131900 -18.102660 163.800000 0.000000 -0.037128 -0.999311 0.000000 -0.999311 0.037128 -1.000000 0.000000 0.000000 88695.dat
1 0 300.050000 -41.158450 163.800000 0.000000 -0.573576 0.819152 0.000000 0.819152 0.573576 -1.000000 0.000000 0.000000 93061.dat
1 14 271.131900 -18.102650 136.200000 0.000000 -0.037128 -0.999311 0.000000 -0.999311 0.037128 -1.000000 0.000000 0.000000 88695.dat
1 0 300.050000 -41.158440 136.200000 0.000000 -0.573576 0.819152 0.000000 0.819152 0.573576 -1.000000 0.000000 0.000000 93061.dat
1 14 346.000000 -41.158430 150.000000 0.000000 0.000000 1.000000 0.000000 -1.000000 0.000000 1.000000 0.000000 0.000000 88513.dat
1 0 299.749800 -31.154120 150.000000 -1.000000 0.000000 0.000000 0.000000 1.000000 0.000000 0.000000 0.000000 -1.000000 65578.dat
1 0 336.068500 -27.254230 150.000000 0.000000 -0.990577 0.136958 0.000000 -0.136958 -0.990577 1.000000 0.000000 0.000000 93061.dat
1 0 318.000000 -41.158430 150.000000 0.000000 -1.000000 0.000000 0.000000 0.000000 1.000000 -1.000000 0.000000 0.000000 95108.dat
1 8 320.050000 -67.158440 150.000000 1.000000 0.000000 0.000000 0.000000 1.000000 0.000000 0.000000 0.000000 1.000000 3623.dat
1 0 330.050000 -67.158440 150.000000 0.000000 0.000000 -1.000000 0.000000 1.000000 0.000000 1.000000 0.000000 0.000000 61409.dat
1 0 290.050000 -67.158440 150.000000 0.000000 0.000000 1.000000 0.000000 1.000000 0.000000 -1.000000 0.000000 0.000000 61409.dat
1 14 280.050000 -67.158440 150.000000 0.000000 0.000000 1.000000 0.000000 1.000000 0.000000 -1.000000 0.000000 0.000000 15070.dat
1 0 300.050000 -59.158440 150.000000 1.000000 0.000000 0.000000 0.000000 1.000000 0.000000 0.000000 0.000000 1.000000 3623.dat
1 0 497.501100 -38.460090 -40.000300 0.000000 1.000008 0.000002 0.000000 0.000002 -1.000000 -1.000005 0.000000 0.000000 30375.dat
1 14 438.702500 -12.971840 -55.500300 0.000000 -0.124081 -0.992280 0.000000 -0.992272 0.124080 -1.000005 0.000000 0.000000 88695.dat
1 0 465.502000 -38.460160 -55.500300 0.000000 -0.500008 0.866037 0.000000 0.866026 0.500000 -1.000005 0.000000 0.000000 93061.dat
1 14 438.702500 -12.971840 -22.990100 0.000000 -0.124081 -0.992280 0.000000 -0.992272 0.124080 -1.000005 0.000000 0.000000 88695.dat
1 0 465.501200 -38.460100 -22.990110 0.000000 -0.500006 0.866032 0.000000 0.866026 0.500000 -1.000005 0.000000 0.000000 93061.dat
1 14 492.299600 -12.971740 -39.460300 0.000001 0.124085 0.992280 0.000000 -0.992272 0.124084 1.000006 0.000000 -0.000001 88695.dat
1 0 465.501200 -38.460100 -39.460290 0.000000 0.500002 -0.866034 0.000000 0.866026 0.499997 1.000005 0.000000 0.000000 93061.dat
1 0 -119.749800 -48.904780 160.000000 0.000000 -1.000000 -0.000001 0.000000 0.000000 0.999999 -1.000000 0.000000 0.000000 24078.dat
1 14 -176.617900 -25.849020 170.000000 0.000000 -0.037127 -0.999311 0.000000 -0.999310 0.037128 -1.000000 0.000000 0.000000 88695.dat
1 0 -147.699800 -48.904770 170.000000 0.000000 -0.573577 0.819152 0.000000 0.819152 0.573576 -1.000000 0.000000 0.000000 93061.dat
1 14 -176.618000 -25.849010 150.000000 0.000000 -0.037127 -0.999311 0.000000 -0.999310 0.037128 -1.000000 0.000000 0.000000 88695.dat
1 0 -147.699800 -48.904770 150.000000 0.000000 -0.573577 0.819152 0.000000 0.819152 0.573576 -1.000000 0.000000 0.000000 93061.dat
1 14 -83.749800 -48.904760 160.000000 0.000000 0.000001 1.000000 0.000000 -0.999999 0.000000 1.000000 0.000000 0.000000 88513.dat
1 0 -130.000000 -30.900500 160.000000 -1.000000 0.000000 0.000000 0.000000 1.000000 0.000000 0.000000 0.000000 -1.000000 65578.dat
1 0 -111.749800 -48.904780 160.000000 0.000000 -1.000000 -0.000001 0.000000 0.000000 0.999999 -1.000000 0.000000 0.000000 95108.dat
1 0 -149.699800 -66.904750 160.000000 0.000000 -0.000001 1.000000 0.000000 0.999999 0.000000 -1.000000 0.000000 0.000000 61409.dat
1 0 493.931600 -46.652960 130.000000 0.000000 -1.000000 0.000000 0.000000 0.000000 0.999997 -1.000000 0.000000 0.000000 24078.dat
1 14 437.063500 -23.597260 140.000000 0.000000 -0.037128 -0.999310 0.000000 -0.999307 0.037127 -1.000000 0.000000 0.000000 88695.dat
1 0 465.981500 -46.652960 140.000000 0.000000 -0.573576 0.819152 0.000000 0.819149 0.573576 -1.000000 0.000000 0.000000 93061.dat
1 14 437.063400 -23.597250 120.000000 0.000000 -0.037128 -0.999310 0.000000 -0.999307 0.037127 -1.000000 0.000000 0.000000 88695.dat
1 0 465.981500 -46.652960 120.000000 0.000000 -0.573576 0.819152 0.000000 0.819149 0.573576 -1.000000 0.000000 0.000000 93061.dat
1 14 529.931500 -46.652960 130.000000 0.000000 0.000000 1.000000 0.000000 -0.999997 0.000000 1.000000 0.000000 0.000000 88513.dat
1 0 483.681300 -36.648660 130.000000 -1.000000 0.000000 0.000000 0.000000 0.999997 0.000000 0.000000 0.000000 -1.000000 65578.dat
1 14 493.684000 -16.985270 130.000000 0.707108 0.707105 0.000000 -0.707102 0.707105 0.000000 0.000000 0.000000 1.000000 65578.dat
1 0 520.000000 -32.748700 130.000000 0.000000 -0.990577 0.136958 0.000000 -0.136958 -0.990577 1.000000 0.000000 0.000000 93061.dat
1 0 501.931600 -46.652960 130.000000 0.000000 -1.000000 0.000000 0.000000 0.000000 0.999997 -1.000000 0.000000 0.000000 95108.dat
1 8 493.981600 -72.652850 130.000000 1.000000 0.000000 0.000000 0.000000 0.999997 0.000000 0.000000 0.000000 1.000000 3623.dat
1 0 503.981900 -72.652850 130.000000 0.000000 0.000000 -1.000000 0.000000 0.999997 0.000000 1.000000 0.000000 0.000000 61409.dat
1 0 463.981500 -72.652850 130.000000 0.000000 0.000000 1.000000 0.000000 0.999997 0.000000 -1.000000 0.000000 0.000000 61409.dat
1 0 473.981500 -64.652950 130.000000 1.000000 0.000000 0.000000 0.000000 0.999997 0.000000 0.000000 0.000000 1.000000 3623.dat
1 14 453.981600 -72.652850 130.000000 1.000000 0.000000 0.000000 0.000000 0.999997 0.000000 0.000000 0.000000 1.000000 3024.dat
1 14 -159.699800 -66.904770 160.000000 -1.000000 -0.000001 0.000000 0.000000 0.999999 0.000000 0.000000 0.000000 -1.000000 3024.dat
1 0 -130.000600 -38.904710 160.000000 1.000000 -0.000001 0.000000 0.000000 0.999999 0.000000 0.000000 0.000000 1.000000 32828.dat
1 0 -109.699900 -66.904750 160.000400 0.000000 -0.000001 -1.000000 0.000000 0.999999 0.000000 1.000000 0.000000 0.000000 61409.dat
1 0 10.000000 2.000000 110.000000 1.000000 0.000000 0.000000 0.000000 1.000000 0.000000 0.000000 0.000000 1.000000 3111.dat
1 14 -128.028600 -5.535820 160.000000 0.000000 0.860370 -0.509670 0.000000 0.509669 0.860370 1.000000 0.000000 0.000000 3820.dat
1 8 -129.699800 -66.904750 160.000000 1.000000 -0.000001 0.000000 0.000000 0.999999 0.000000 0.000000 0.000000 1.000000 3023b.dat
1 0 460.001200 -53.460100 -40.000300 0.000000 -0.000002 1.000008 0.000000 1.000000 0.000002 -1.000005 0.000000 0.000000 61409.dat
1 14 450.001200 -53.460110 -40.000400 -1.000010 -0.000002 0.000000 -0.000002 1.000000 0.000000 0.000000 0.000000 -1.000010 3024.dat
1 0 499.999900 -53.460090 -39.999740 0.000000 -0.000002 -1.000000 0.000000 1.000000 -0.000002 1.000000 0.000000 0.000000 61409.dat
1 8 479.999600 -53.460100 -40.000300 1.000008 -0.000002 0.000000 0.000002 1.000000 0.000000 0.000000 0.000000 1.000005 3023b.dat
1 0 -290.000000 -48.904800 -20.000000 0.000000 -1.000000 0.000000 0.000000 0.000000 1.000000 -1.000000 0.000000 0.000000 24078.dat
1 14 -346.868100 -25.849040 -10.000030 0.000000 -0.037127 -0.999311 0.000000 -0.999310 0.037127 -1.000000 0.000000 0.000000 88695.dat
1 0 -317.950000 -48.904800 -9.999980 0.000000 -0.573577 0.819152 0.000000 0.819152 0.573577 -1.000000 0.000000 0.000000 93061.dat
1 14 -346.868200 -25.849040 -30.000030 0.000000 -0.037127 -0.999311 0.000000 -0.999310 0.037127 -1.000000 0.000000 0.000000 88695.dat
1 0 -317.950000 -48.904800 -30.000000 0.000000 -0.573577 0.819152 0.000000 0.819152 0.573577 -1.000000 0.000000 0.000000 93061.dat
1 14 -254.000000 -48.904760 -19.999970 0.000000 0.000000 1.000000 0.000000 -1.000000 0.000000 1.000000 0.000000 0.000000 88513.dat
1 0 -300.250200 -38.900480 -20.000000 -1.000000 0.000000 0.000000 0.000000 1.000000 0.000000 0.000000 0.000000 -1.000000 65578.dat
1 0 -282.000000 -48.904780 -20.000000 0.000000 -1.000000 0.000000 0.000000 0.000000 1.000000 -1.000000 0.000000 0.000000 95108.dat
1 0 -319.950000 -66.904820 -19.999980 0.000000 0.000000 1.000000 0.000000 1.000000 0.000001 -1.000000 0.000000 0.000000 61409.dat
1 14 -329.950000 -66.904840 -20.000000 -1.000000 0.000000 0.000000 -0.000001 1.000000 0.000000 0.000000 0.000000 -1.000000 3024.dat
1 0 -102.300600 -29.844100 -10.000000 1.000000 0.000000 0.000000 0.000000 1.000000 0.000000 0.000000 0.000000 1.000000 32828.dat
1 0 -279.950100 -66.904800 -19.999590 0.000000 0.000000 -1.000000 0.000000 1.000000 -0.000001 1.000000 0.000000 0.000000 61409.dat
1 14 -299.339400 -14.596460 -20.000000 0.000000 0.860370 -0.509669 0.000000 0.509669 0.860370 1.000000 0.000000 0.000000 3820.dat
1 8 -299.950000 -66.904800 -20.000000 1.000000 0.000000 0.000000 0.000000 1.000000 0.000000 0.000000 0.000000 1.000000 3023b.dat
1 0 -92.049800 -39.844160 -10.000000 0.000000 -1.000000 0.000000 0.000000 0.000000 1.000000 -1.000000 0.000000 0.000000 24078.dat
1 14 -148.918100 -16.788380 -0.000030 0.000000 -0.037127 -0.999311 0.000000 -0.999311 0.037127 -1.000000 0.000000 0.000000 88695.dat
1 0 -119.999800 -39.844170 0.000010 0.000000 -0.573577 0.819152 0.000000 0.819152 0.573577 -1.000000 0.000000 0.000000 93061.dat
1 14 -148.918100 -16.788370 -20.000030 0.000000 -0.037127 -0.999311 0.000000 -0.999311 0.037127 -1.000000 0.000000 0.000000 88695.dat
1 0 -120.000000 -39.844170 -20.000000 0.000000 -0.573577 0.819152 0.000000 0.819152 0.573577 -1.000000 0.000000 0.000000 93061.dat
1 14 -56.049840 -39.844120 -9.999969 0.000000 0.000000 1.000000 0.000000 -1.000000 0.000000 1.000000 0.000000 0.000000 88513.dat
1 14 -102.300000 -21.839840 -10.000000 -1.000000 0.000000 0.000000 0.000000 1.000000 0.000000 0.000000 0.000000 -1.000000 65578.dat
1 0 -84.049800 -39.844160 -10.000000 0.000000 -1.000000 0.000000 0.000000 0.000000 1.000000 -1.000000 0.000000 0.000000 95108.dat
1 0 -121.999800 -57.844180 -9.999990 0.000000 0.000000 1.000000 0.000000 1.000000 0.000000 -1.000000 0.000000 0.000000 61409.dat
1 14 -132.000000 -57.844200 -10.000000 -1.000000 0.000000 0.000000 0.000000 1.000000 0.000000 0.000000 0.000000 -1.000000 3024.dat
1 0 -81.999870 -57.844160 -9.999590 0.000000 0.000000 -1.000000 0.000000 1.000000 0.000000 1.000000 0.000000 0.000000 61409.dat
1 8 -101.999800 -57.844170 -10.000000 1.000000 0.000000 0.000000 0.000000 1.000000 0.000000 0.000000 0.000000 1.000000 3023b.dat
0 NOFILE

0 FILE 3820.dat
0 Minifig Hand
0 Name: 3820.dat
0 Author: Orion Pobursky [OrionP]
0 !LDRAW_ORG Part UPDATE 2019-01
0 !LICENSE Licensed under CC BY 4.0 : see CAreadme.txt

0 !HELP The centre of the grip is at x, y -.8229, z -9.8948
0 !HELP The centre of the arm/hand cylinder meets at x, y, z -9.682
0 !HELP The Hand angle is 14.5 degrees
0 !HELP To rotate the hand to 90 degrees horizontal use the following rotation
0 !HELP matrix: 1 0 0 0 0.968148 0.25038 0 -0.25038 0.968148
0 !HELP After the rotation matrix is applied:
0 !HELP The center of the bottom of the hand will be x, y+2.2259, z-9.3739
0 !HELP The center of the top of the hand will be x, y-8.7741, z-9.3739

0 BFC CERTIFY CCW

0 !KEYWORDS BrickLink 983

0 !HISTORY 2002-11-30 [PTadmin] Official Update 2002-05
0 !HISTORY 2002-12-31 [PTadmin] Official Update 2002-06
0 !HISTORY 2007-07-29 [PTadmin] Header formatted for Contributor Agreement
0 !HISTORY 2008-07-01 [PTadmin] Official Update 2008-01
0 !HISTORY 2008-07-07 [DeannaEarley] Removed erroneous BFC CERTIFY entries (2005-08-29
0 !HISTORY 2008-07-07 [WilliamH] Added conditional lines to underside (2006-08-17)
0 !HISTORY 2009-08-24 [PTadmin] Moved from 983
0 !HISTORY 2009-12-29 [PTadmin] Official Update 2009-03
0 !HISTORY 2018-12-25 [GeraldLasser] Corrected grip width and intersection at cuff, reduced height by 1 LDU
0 !HISTORY 2019-06-28 [PTadmin] Official Update 2019-01


0 // Post
1 16 0 0 13 2.5 0 0 0 0 -2.5 0 -13 0 4-4cylc.dat

0 // Cuff
3 16 2.1213 -2.1213 0 1.5546 -2.5 0 2.1213 -2.1213 -1.4641
5 24 2.1213 -2.1213 0 2.1213 -2.1213 -1.4641 2.7717 -1.1481 0 1.5546 -2.5 0
4 16 2.7717 -1.1481 -4.5817 2.7717 -1.1481 0 2.1213 -2.1213 0 2.1213 -2.1213 -1.4641
3 16 2.6602 -1.3149 -4.5478 2.7717 -1.1481 -4.5817 2.1213 -2.1213 -1.4641
5 24 2.7717 -1.1481 0 2.7717 -1.1481 -4.5817 3 0 0 2.1213 -2.1213 0
4 16 3 0 -4.4423 3 0 0 2.7717 -1.1481 0 2.7717 -1.1481 -4.5817
5 24 3 0 0 3 0 -4.4423 2.7717 1.1481 0 2.7717 -1.1481 0
4 16 2.7717 1.1481 -3.9877 2.7717 1.1481 0 3 0 0 3 0 -4.4423
5 24 2.7717 1.1481 0 2.7717 1.1481 -3.9877 2.1213 2.1213 0 3 0 0
4 16 2.2962 1.8596 -3.4756 2.2962 1.8596 0 2.7717 1.1481 0 2.7717 1.1481 -3.9877
4 16 2.1213 2.1213 0 2.2962 1.8596 0 2.2962 1.8596 -3.4756 2.1213 2.1212 -3.372
5 24 2.1213 2.1213 0 2.1213 2.1212 -3.372 1.1481 2.7717 0 2.7717 1.1481 0
4 16 1.1481 2.7717 -3.0039 1.1481 2.7717 0 2.1213 2.1213 0 2.1213 2.1212 -3.372
5 24 1.1481 2.7717 -3.0039 1.1481 2.7717 0 2.1213 2.1213 0 0 2.9999 0
4 16 0 3 -2.7094 0 2.9999 0 1.1481 2.7717 0 1.1481 2.7717 -3.0039
5 24 0 3 -2.7094 0 2.9999 0 1.1481 2.7717 0 -1.1481 2.7717 0
3 16 -2.1213 -2.1213 -1.4641 -1.5546 -2.5 0 -2.1213 -2.1213 0
5 24 -2.1213 -2.1213 0 -2.1213 -2.1213 -1.4641 -2.7717 -1.1481 0 -1.5546 -2.5 0
4 16 -2.1213 -2.1213 0 -2.7717 -1.1481 0 -2.7717 -1.1481 -4.5817 -2.1213 -2.1213 -1.4641
3 16 -2.1213 -2.1213 -1.4641 -2.7717 -1.1481 -4.5817 -2.6602 -1.3149 -4.5478
5 24 -2.7717 -1.1481 0 -2.7717 -1.1481 -4.5817 -3 0 0 -2.1213 -2.1213 0
4 16 -2.7717 -1.1481 0 -3 0 0 -3 0 -4.4423 -2.7717 -1.1481 -4.5817
5 24 -3 0 0 -3 0 -4.4423 -2.7717 1.1481 0 -2.7717 -1.1481 0
4 16 -3 0 0 -2.7717 1.1481 0 -2.7717 1.1481 -3.9877 -3 0 -4.4423
5 24 -2.7717 1.1481 0 -2.7717 1.1481 -3.9877 -2.1213 2.1213 0 -3 0 0
4 16 -2.7717 1.1481 0 -2.2962 1.8596 0 -2.2962 1.8596 -3.4756 -2.7717 1.1481 -3.9877
4 16 -2.2962 1.8596 -3.4756 -2.2962 1.8596 0 -2.1213 2.1213 0 -2.1213 2.1212 -3.372
5 24 -2.1213 2.1213 0 -2.1213 2.1212 -3.372 -1.1481 2.7717 0 -2.7717 1.1481 0
4 16 -2.1213 2.1213 0 -1.1481 2.7717 0 -1.1481 2.7717 -3.0039 -2.1213 2.1212 -3.372
5 24 -1.1481 2.7717 -3.0039 -1.1481 2.7717 0 -2.1213 2.1213 0 0 2.9999 0
4 16 -1.1481 2.7717 0 0 2.9999 0 0 3 -2.7094 -1.1481 2.7717 -3.0039

0 // Flat part of Cuff
3 16 -1.5546 -2.5 0 -2.1213 -2.1213 -1.4641 0 -2.5 0
3 16 1.5546 -2.5 0 0 -2.5 0 2.1213 -2.1213 -1.4641
4 16 0 -2.5 0 -2.1213 -2.1213 -1.4641 -2.2962 -1.3762 -4.3124 0 -1.4914 -3.8706
3 16 -2.1213 -2.1213 -1.4641 -2.6602 -1.3149 -4.5478 -2.2962 -1.3762 -4.3124
4 16 2.2962 -1.3762 -4.3124 2.1213 -2.1213 -1.4641 0 -2.5 0 0 -1.4914 -3.8706
3 16 2.2962 -1.3762 -4.3124 2.6602 -1.3149 -4.5478 2.1213 -2.1213 -1.4641

0 // Cuff Intersect Lines
2 24 0 3 -2.7094 -1.1481 2.7717 -3.0039
2 24 -2.2962 1.8596 -3.4756 -2.1213 2.1212 -3.372
2 24 -2.7717 1.1481 -3.9877 -3 0 -4.4423
2 24 -2.2962 1.8596 -3.4756 -2.7717 1.1481 -3.9877
2 24 -3 0 -4.4423 -2.7717 -1.1481 -4.5817
2 24 -2.7717 -1.1481 -4.5817 -2.6602 -1.3149 -4.5478
2 24 -2.1213 -2.1213 -1.4641 -2.6602 -1.3149 -4.5478
2 24 -2.1213 -2.1213 -1.4641 -1.5546 -2.5 0
2 24 -1.1481 2.7717 -3.0039 -2.1213 2.1212 -3.372
2 24 0 3 -2.7094 1.1481 2.7717 -3.0039
2 24 2.2962 1.8596 -3.4756 2.1213 2.1212 -3.372
2 24 2.7717 1.1481 -3.9877 3 0 -4.4423
2 24 2.2962 1.8596 -3.4756 2.7717 1.1481 -3.9877
2 24 3 0 -4.4423 2.7717 -1.1481 -4.5817
2 24 2.7717 -1.1481 -4.5817 2.6602 -1.3149 -4.5478
2 24 2.1213 -2.1213 -1.4641 2.6602 -1.3149 -4.5478
2 24 2.1213 -2.1213 -1.4641 1.5546 -2.5 0
2 24 1.1481 2.7717 -3.0039 2.1213 2.1212 -3.372
2 24 -2.6602 -1.3149 -4.5478 -2.2962 -1.3762 -4.3124
2 24 -2.2962 -1.3762 -4.3124 0 -1.4914 -3.8706
2 24 2.2962 -1.3762 -4.3124 0 -1.4914 -3.8706
2 24 2.6602 -1.3149 -4.5478 2.2962 -1.3762 -4.3124

0 // Cuff Ring
3 16 0 -2.5 0 -.9567 -2.3098 0 -1.5546 -2.5 0
3 16 1.5546 -2.5 0 .9567 -2.3098 0 0 -2.5 0
4 16 2.5 0 0 2.3098 -.9567 0 2.7717 -1.148 0 3 0 0
4 16 2.3098 -.9567 0 1.7678 -1.7678 0 2.1213 -2.1213 0 2.7717 -1.148 0
4 16 1.7678 -1.7678 0 .9567 -2.3098 0 1.5546 -2.5 0 2.1213 -2.1213 0
4 16 -.9567 -2.3098 0 -1.7678 -1.7678 0 -2.1213 -2.1213 0 -1.5546 -2.5 0
4 16 -1.7678 -1.7678 0 -2.3098 -.9567 0 -2.7717 -1.148 0 -2.1213 -2.1213 0
4 16 -2.3098 -.9567 0 -2.5 0 0 -3 0 0 -2.7717 -1.148 0
4 16 -2.5 0 0 -2.3098 .9567 0 -2.7717 1.148 0 -3 0 0
4 16 -2.3098 .9567 0 -1.7678 1.7677 0 -2.1213 2.1213 0 -2.7717 1.148 0
4 16 -1.7678 1.7677 0 -.9567 2.3098 0 -1.148 2.7717 0 -2.1213 2.1213 0
4 16 -.9567 2.3098 0 0 2.5 0 0 2.9999 0 -1.148 2.7717 0
4 16 0 2.5 0 .9567 2.3098 0 1.148 2.7717 0 0 2.9999 0
4 16 .9567 2.3098 0 1.7678 1.7677 0 2.1213 2.1213 0 1.148 2.7717 0
4 16 1.7678 1.7677 0 2.3098 .9567 0 2.7717 1.148 0 2.1213 2.1213 0
4 16 2.3098 .9567 0 2.5 0 0 3 0 0 2.7717 1.148 0
2 24 2.1213 -2.1213 0 1.5546 -2.5 0
2 24 -2.1213 -2.1213 0 -1.5546 -2.5 0
2 24 3 0 0 2.7717 -1.1481 0
2 24 2.7717 -1.1481 0 2.1213 -2.1213 0
2 24 -2.1213 -2.1213 0 -2.7717 -1.1481 0
2 24 -2.7717 -1.1481 0 -3 0 0
2 24 -3 0 0 -2.7717 1.1481 0
2 24 -2.7717 1.1481 0 -2.1213 2.1213 0
2 24 -2.1213 2.1213 0 -1.1481 2.7717 0
2 24 -1.1481 2.7717 0 0 2.9999 0
2 24 0 2.9999 0 1.1481 2.7717 0
2 24 1.1481 2.7717 0 2.1213 2.1213 0
2 24 2.1213 2.1213 0 2.7717 1.1481 0
2 24 2.7717 1.1481 0 3 0 0
2 24 -1.5546 -2.5 0 0 -2.5 0
2 24 0 -2.5 0 1.5546 -2.5 0

0 // Hand
1 16 0 4.502 -8.518 -6 0 0 0 -10.64966 -1.5023 0 -2.75422 5.8089 2-4cylo.dat
0 BFC INVERTNEXT
1 16 0 4.502 -8.518 -4 0 0 0 -10.64966 -1.0015 0 -2.75422 3.8726 2-4cylo.dat
1 16 0 4.502 -8.518 -2 0 0 0 -1 -.5008 0 0 1.93629 2-4ring2.dat
1 16 0 -6.1478 -11.2716 -2 0 0 0 1 -.5008 0 0 1.93629 2-4ring2.dat
5 24 -6 4.502 -8.518 -6 -6.14766 -11.27222 -5.543 -6.5406 -13.7453 -5.5434 -7.691 -9.299
5 24 -4 -6.1479 -11.2716 -4 4.5023 -8.5179 -3.696 -5.7641 -12.7544 -3.6956 -7.4994 -10.04

0 // Fingers A
1 16 -3.5 -3.8845 -14.0324 0 -1 0 -1.45222 0 .37557 -.37557 0 -1.45222 1-4edge.dat
1 16 -3.5 -3.8845 -14.0324 0 -1 0 -1.45222 0 .37557 -.37557 0 -1.45222 1-4chrd.dat
2 24 -3.5 4.6076 -10.3742 -3.5 -5.691 -13.0376
2 24 -3.6956 4.5906 -10.0763 -3.5 4.6076 -10.3742
2 24 -4 4.502 -8.518 -3.6956 4.5906 -10.0763
2 24 -4.2426 3.122 -13.2571 -3.6787 2.6705 -13.7632
2 24 -3.5 2.119 -14.0291 -3.6787 2.6705 -13.7632
2 24 -5.5434 4.4609 -10.9004 -4.7152 3.9694 -12.3076
2 24 -4.2426 3.122 -13.2571 -4.7152 3.9694 -12.3076
2 24 -6 4.502 -8.518 -5.6195 4.6128 -10.4658
2 24 -5.5434 4.4609 -10.9004 -5.6195 4.6128 -10.4658
2 24 -3.6708 -4.0933 -15.5178 -4.2426 -4.6969 -15.2792
2 24 -3.6708 -4.0933 -15.5178 -3.5 -3.5089 -15.4846
2 24 -4.9134 -5.3367 -14.4079 -4.5298 -5.0825 -14.9351
2 24 -4.5298 -5.0825 -14.9351 -4.2426 -4.6969 -15.2792
2 24 -3.5 4.6076 -10.3742 -3.5 3.9694 -12.3076
2 24 -3.5 2.6705 -13.7632 -3.5 3.9694 -12.3076
2 24 -3.5 2.6705 -13.7632 -3.5 2.119 -14.0291
3 16 -5.6195 4.6128 -10.4658 -5.5434 4.4609 -10.9004 -6 4.502 -8.518
4 16 -6 -6.14766 -11.27222 -6 4.502 -8.518 -5.5434 4.4609 -10.9004 -5.5434 -5.5729 -13.4946
4 16 -4.5298 -5.0825 -14.9351 -4.9134 -5.3367 -14.4079 -5.5434 -5.5729 -13.4946 -4.2426 -4.6969 -15.2792
4 16 -4.2426 3.122 -13.2571 -4.2426 -4.6969 -15.2792 -5.5434 -5.5729 -13.4946 -5.5434 4.4609 -10.9004
3 16 -4.7152 3.9694 -12.3076 -4.2426 3.122 -13.2571 -5.5434 4.4609 -10.9004
4 16 -4.2426 3.122 -13.2571 -3.6787 2.6705 -13.7632 -3.6708 -4.0933 -15.5178 -4.2426 -4.6969 -15.2792
4 16 -3.6787 2.6705 -13.7632 -3.5 2.119 -14.0291 -3.5 -3.5089 -15.4846 -3.6708 -4.0933 -15.5178
3 16 -3.5 -4.6459 -15.3248 -4.2426 -4.6969 -15.2792 -3.6708 -4.0933 -15.5178
3 16 -3.6708 -4.0933 -15.5178 -3.5 -4.0933 -15.5178 -3.5 -4.6459 -15.3248
3 16 -3.6708 -4.0933 -15.5178 -3.5 -3.5089 -15.4846 -3.5 -4.0933 -15.5178
4 16 -4.5298 -5.0825 -14.9351 -4.2426 -4.6969 -15.2792 -3.5 -4.6459 -15.3248 -3.5 -5.0825 -14.9351
4 16 -3.5 -5.3367 -14.4079 -4.9134 -5.3367 -14.4079 -4.5298 -5.0825 -14.9351 -3.5 -5.0825 -14.9351
4 16 -5.5434 -5.5729 -13.4946 -4.9134 -5.3367 -14.4079 -3.5 -5.3367 -14.4079 -3.5 -5.691 -13.0376
4 16 -4 -6.1479 -11.2716 -6 -6.14766 -11.27222 -5.5434 -5.5729 -13.4946 -3.696 -5.7641 -12.7544
3 16 -3.5 -5.691 -13.0376 -3.696 -5.7641 -12.7544 -5.5434 -5.5729 -13.4946
3 16 -3.5 2.119 -14.0291 -3.6787 2.6705 -13.7632 -3.5 2.6705 -13.7632
3 16 -4.2426 3.122 -13.2571 -4.7152 3.9694 -12.3076 -3.5 3.9694 -12.3076
4 16 -3.6787 2.6705 -13.7632 -4.2426 3.122 -13.2571 -3.5 3.9694 -12.3076 -3.5 2.6705 -13.7632
3 16 -3.5 4.6076 -10.3742 -5.6195 4.6128 -10.4658 -3.6956 4.5906 -10.0763
4 16 -6 4.502 -8.518 -4 4.502 -8.518 -3.6956 4.5906 -10.0763 -5.6195 4.6128 -10.4658
4 16 -4.7152 3.9694 -12.3076 -5.5434 4.4609 -10.9004 -3.5 4.6076 -10.3742 -3.5 3.9694 -12.3076
3 16 -5.6195 4.6128 -10.4658 -3.5 4.6076 -10.3742 -5.5434 4.4609 -10.9004
4 16 -3.6956 4.5906 -10.0763 -4 4.502 -8.518 -4 -6.1479 -11.2716 -3.696 -5.7641 -12.7544
4 16 -3.5 4.6076 -10.3742 -3.6956 4.5906 -10.0763 -3.696 -5.7641 -12.7544 -3.5 -5.691 -13.0376
4 16 -3.5 4.6076 -10.3742 -3.5 -5.691 -13.0376 -3.5 -5.3367 -14.4079 -3.5 3.9694 -12.3076
3 16 -3.5 2.6705 -13.7632 -3.5 3.9694 -12.3076 -3.5 2.119 -14.0291
4 16 -3.5 -5.3367 -14.4079 -3.5 -3.5089 -15.4846 -3.5 2.119 -14.0291 -3.5 3.9694 -12.3076
2 24 -3.5 2.119 -14.0291 -3.5 -3.5089 -15.4846
5 24 -4 4.502 -8.518 -6 4.502 -8.518 -3.6956 4.1188 -7.036 -5.6195 4.6128 -10.4658
5 24 -3.5 4.6076 -10.3742 -5.6195 4.6128 -10.4658 -6 4.502 -8.518 -4.7152 3.9694 -12.3076
5 24 -3.696 -5.7641 -12.7544 -3.6956 4.5906 -10.0763 -3.5 -5.691 -13.0376 -4 -6.1479 -11.2716
5 24 -3.5 3.9694 -12.3076 -4.7152 3.9694 -12.3076 -3.5 4.6076 -10.3742 -4.2426 3.122 -13.2571
5 24 -3.5 2.6705 -13.7632 -3.6787 2.6705 -13.7632 -3.5 2.119 -14.0291 -3.5 3.9694 -12.3076
5 24 -5.5434 4.4609 -10.9004 -5.5434 -5.5729 -13.4946 -6 -6.14766 -11.27222 -4.9134 -5.3367 -14.4079
5 24 -4.2426 -4.6969 -15.2792 -4.2426 3.122 -13.2571 -4.7152 3.9694 -12.3076 -3.6787 2.6705 -13.7632
2 24 -4 -6.1479 -11.2716 -3.696 -5.7641 -12.7544
2 24 -3.696 -5.7641 -12.7544 -3.5 -5.691 -13.0376
2 24 -3.5 -5.3367 -14.4079 -3.5 -5.691 -13.0376
2 24 -5.5434 -5.5729 -13.4946 -4.9134 -5.3367 -14.4079
2 24 -5.5434 -5.5729 -13.4946 -6 -6.14766 -11.27222
5 24 -3.5 -4.0933 -15.5178 -3.6708 -4.0933 -15.5178 -3.5 -3.5089 -15.4846 -3.5 -4.6459 -15.3248
5 24 -3.5 -4.6459 -15.3248 -4.2426 -4.6969 -15.2792 -3.5 -4.0933 -15.5178 -3.5 -5.0825 -14.9351
5 24 -4.5298 -5.0825 -14.9351 -3.5 -5.0825 -14.9351 -3.5 -5.3367 -14.4079 -3.5 -4.6459 -15.3248
5 24 -4.9134 -5.3367 -14.4079 -3.5 -5.3367 -14.4079 -3.5 -5.691 -13.0376 -3.5 -5.0825 -14.9351
5 24 3.5 -4.6459 -15.3248 3.6708 -4.0933 -15.5178 4.2426 -4.6969 -15.2792 3.5 -4.0933 -15.5178

0 // Fingers B
1 16 3.5 -3.8845 -14.0324 0 1 0 -1.45222 0 .37557 -.37557 0 -1.45222 1-4edge.dat
1 16 3.5 -3.8845 -14.0324 0 1 0 -1.45222 0 .37557 -.37557 0 -1.45222 1-4chrd.dat
2 24 3.5 4.6076 -10.3742 3.5 -5.691 -13.0376
2 24 3.6956 4.5906 -10.0763 3.5 4.6076 -10.3742
2 24 4 4.502 -8.518 3.6956 4.5906 -10.0763
2 24 4.2426 3.122 -13.2571 3.6787 2.6705 -13.7632
2 24 3.5 2.119 -14.0291 3.6787 2.6705 -13.7632
2 24 5.5434 4.4609 -10.9004 4.7152 3.9694 -12.3076
2 24 4.2426 3.122 -13.2571 4.7152 3.9694 -12.3076
2 24 6 4.502 -8.518 5.6195 4.6128 -10.4658
2 24 5.5434 4.4609 -10.9004 5.6195 4.6128 -10.4658
2 24 3.6708 -4.0933 -15.5178 4.2426 -4.6969 -15.2792
2 24 3.6708 -4.0933 -15.5178 3.5 -3.5089 -15.4846
2 24 4.9134 -5.3367 -14.4079 4.5298 -5.0825 -14.9351
2 24 4.5298 -5.0825 -14.9351 4.2426 -4.6969 -15.2792
2 24 3.5 4.6076 -10.3742 3.5 3.9694 -12.3076
2 24 3.5 2.6705 -13.7632 3.5 3.9694 -12.3076
2 24 3.5 2.6705 -13.7632 3.5 2.119 -14.0291
3 16 5.5434 4.4609 -10.9004 5.6195 4.6128 -10.4658 6 4.502 -8.518
4 16 6 4.502 -8.518 5.99998 -6.14771 -11.27154 5.5434 -5.5729 -13.4946 5.5434 4.4609 -10.9004
4 16 4.9134 -5.3367 -14.4079 4.5298 -5.0825 -14.9351 4.2426 -4.6969 -15.2792 5.5434 -5.5729 -13.4946
3 16 4.2426 3.122 -13.2571 4.7152 3.9694 -12.3076 5.5434 4.4609 -10.9004
4 16 4.2426 -4.6969 -15.2792 4.2426 3.122 -13.2571 5.5434 4.4609 -10.9004 5.5434 -5.5729 -13.4946
4 16 3.6708 -4.0933 -15.5178 3.6787 2.6705 -13.7632 4.2426 3.122 -13.2571 4.2426 -4.6969 -15.2792
4 16 3.5 -3.5089 -15.4846 3.5 2.119 -14.0291 3.6787 2.6705 -13.7632 3.6708 -4.0933 -15.5178
3 16 3.6708 -4.0933 -15.5178 4.2426 -4.6969 -15.2792 3.5 -4.6459 -15.3248
3 16 3.5 -4.6459 -15.3248 3.5 -4.0933 -15.5178 3.6708 -4.0933 -15.5178
3 16 3.5 -3.5089 -15.4846 3.6708 -4.0933 -15.5178 3.5 -4.0933 -15.5178
4 16 3.5 -4.6459 -15.3248 4.2426 -4.6969 -15.2792 4.5298 -5.0825 -14.9351 3.5 -5.0825 -14.9351
4 16 4.5298 -5.0825 -14.9351 4.9134 -5.3367 -14.4079 3.5 -5.3367 -14.4079 3.5 -5.0825 -14.9351
4 16 3.5 -5.3367 -14.4079 4.9134 -5.3367 -14.4079 5.5434 -5.5729 -13.4946 3.5 -5.691 -13.0376
4 16 5.5434 -5.5729 -13.4946 6 -6.1479 -11.2716 4 -6.1479 -11.2716 3.696 -5.7641 -12.7544
3 16 3.696 -5.7641 -12.7544 3.5 -5.691 -13.0376 5.5434 -5.5729 -13.4946
3 16 3.6787 2.6705 -13.7632 3.5 2.119 -14.0291 3.5 2.6705 -13.7632
3 16 4.7152 3.9694 -12.3076 4.2426 3.122 -13.2571 3.5 3.9694 -12.3076
4 16 3.5 3.9694 -12.3076 4.2426 3.122 -13.2571 3.6787 2.6705 -13.7632 3.5 2.6705 -13.7632
3 16 5.6195 4.6128 -10.4658 3.5 4.6076 -10.3742 3.6956 4.5906 -10.0763
4 16 3.6956 4.5906 -10.0763 4 4.502 -8.518 6 4.502 -8.518 5.6195 4.6128 -10.4658
4 16 3.5 4.6076 -10.3742 5.5434 4.4609 -10.9004 4.7152 3.9694 -12.3076 3.5 3.9694 -12.3076
3 16 3.5 4.6076 -10.3742 5.6195 4.6128 -10.4658 5.5434 4.4609 -10.9004
4 16 4 -6.1479 -11.2716 4 4.502 -8.518 3.6956 4.5906 -10.0763 3.696 -5.7641 -12.7544
4 16 3.696 -5.7641 -12.7544 3.6956 4.5906 -10.0763 3.5 4.6076 -10.3742 3.5 -5.691 -13.0376
4 16 3.5 -5.3367 -14.4079 3.5 -5.691 -13.0376 3.5 4.6076 -10.3742 3.5 3.9694 -12.3076
3 16 3.5 3.9694 -12.3076 3.5 2.6705 -13.7632 3.5 2.119 -14.0291
4 16 3.5 2.119 -14.0291 3.5 -3.5089 -15.4846 3.5 -5.3367 -14.4079 3.5 3.9694 -12.3076
2 24 3.5 2.119 -14.0291 3.5 -3.5089 -15.4846
5 24 4 4.502 -8.518 6 4.502 -8.518 3.6956 4.1188 -7.036 5.6195 4.6128 -10.4658
5 24 3.5 4.6076 -10.3742 5.6195 4.6128 -10.4658 6 4.502 -8.518 4.7152 3.9694 -12.3076
5 24 3.696 -5.7641 -12.7544 3.6956 4.5906 -10.0763 3.5 -5.691 -13.0376 4 -6.1479 -11.2716
5 24 3.5 3.9694 -12.3076 4.7152 3.9694 -12.3076 3.5 4.6076 -10.3742 4.2426 3.122 -13.2571
5 24 3.5 2.6705 -13.7632 3.6787 2.6705 -13.7632 3.5 2.119 -14.0291 3.5 3.9694 -12.3076
5 24 5.5434 4.4609 -10.9004 5.5434 -5.5729 -13.4946 6 -6.1479 -11.2716 4.9134 -5.3367 -14.4079
5 24 4.2426 -4.6969 -15.2792 4.2426 3.122 -13.2571 4.7152 3.9694 -12.3076 3.6787 2.6705 -13.7632
2 24 4 -6.1479 -11.2716 3.696 -5.7641 -12.7544
2 24 3.696 -5.7641 -12.7544 3.5 -5.691 -13.0376
2 24 3.5 -5.3367 -14.4079 3.5 -5.691 -13.0376
2 24 5.5434 -5.5729 -13.4946 4.9134 -5.3367 -14.4079
2 24 5.5434 -5.5729 -13.4946 6 -6.1479 -11.2716
5 24 3.5 -4.0933 -15.5178 3.6708 -4.0933 -15.5178 3.5 -3.5089 -15.4846 3.5 -4.6459 -15.3248
5 24 3.5 -4.6459 -15.3248 4.2426 -4.6969 -15.2792 3.5 -4.0933 -15.5178 3.5 -5.0825 -14.9351
5 24 4.5298 -5.0825 -14.9351 3.5 -5.0825 -14.9351 3.5 -5.3367 -14.4079 3.5 -4.6459 -15.3248
5 24 4.9134 -5.3367 -14.4079 3.5 -5.3367 -14.4079 3.5 -5.691 -13.0376 3.5 -5.0825 -14.9351
5 24 -3.5 -4.6459 -15.3248 -3.6708 -4.0933 -15.5178 -4.2426 -4.6969 -15.2792 -3.5 -4.0933 -15.5178
0 NOFILE

0 FILE 1-4chrd.dat
0 Chord 0.25

0 Name: 1-4chrd.dat

0 Author: Max Martin Richter [MMR1988]

0 !LDRAW_ORG Primitive UPDATE 2023-05

0 !LICENSE Licensed under CC BY 4.0 : see CAreadme.txt



0 BFC CERTIFY CCW



0 !HISTORY 2004-04-22 [PTadmin] Official Update 2004-02

0 !HISTORY 2007-10-09 [PTadmin] Header formatted for Contributor Agreement

0 !HISTORY 2008-07-01 [PTadmin] Official Update 2008-01

0 !HISTORY 2012-08-02 [MMR1988] Re-creation with PrimGen2 and Rectifier

0 !HISTORY 2012-08-09 [PTadmin] Official Update 2012-02

0 !HISTORY 2023-10-27 [OrionP] Change author to MMR1988 from hafhead

0 !HISTORY 2023-10-31 [OrionP] Official Update 2023-05



4 16 0.9239 0 0.3827 0.3827 0 0.9239 0 0 1 1 0 0

3 16 0.7071 0 0.7071 0.3827 0 0.9239 0.9239 0 0.3827
0 NOFILE

0 FILE 1-4edge.dat
0 Circle 0.25

0 Name: 1-4edge.dat

0 Author: James Jessiman

0 !LDRAW_ORG Primitive UPDATE 2017-01

0 !LICENSE Licensed under CC BY 4.0 : see CAreadme.txt



0 BFC CERTIFY CCW



0 !HISTORY 2007-06-22 [PTadmin] Header formatted for Contributor Agreement

0 !HISTORY 2008-07-01 [PTadmin] Official Update 2008-01

0 !HISTORY 2017-01-15 [Steffen] BFCed

0 !HISTORY 2017-12-30 [PTadmin] Official Update 2017-01





2 24 1 0 0 0.9239 0 0.3827

2 24 0.9239 0 0.3827 0.7071 0 0.7071

2 24 0.7071 0 0.7071 0.3827 0 0.9239

2 24 0.3827 0 0.9239 0 0 1

0 NOFILE

0 FILE 2-4ring2.dat
0 Ring  2 x 0.5

0 Name: 2-4ring2.dat

0 Author: Chris Dee [cwdee]

0 !LDRAW_ORG Primitive UPDATE 2012-01

0 !LICENSE Licensed under CC BY 4.0 : see CAreadme.txt



0 BFC CERTIFY CCW



0 !HISTORY 2001-10-26 [PTadmin] Official Update 2001-01

0 !HISTORY 2007-06-24 [PTadmin] Header formatted for Contributor Agreement

0 !HISTORY 2008-07-01 [PTadmin] Official Update 2008-01

0 !HISTORY 2012-02-16 [Philo] Changed to CCW

0 !HISTORY 2012-03-30 [PTadmin] Official Update 2012-01





4 16 3 0 0 2.7717 0 1.1481 1.8478 0 0.7654 2 0 0

4 16 2.7717 0 1.1481 2.1213 0 2.1213 1.4142 0 1.4142 1.8478 0 0.7654

4 16 2.1213 0 2.1213 1.1481 0 2.7717 0.7654 0 1.8478 1.4142 0 1.4142

4 16 1.1481 0 2.7717 0 0 3 0 0 2 0.7654 0 1.8478

4 16 0 0 3 -1.1481 0 2.7717 -0.7654 0 1.8478 0 0 2

4 16 -1.1481 0 2.7717 -2.1213 0 2.1213 -1.4142 0 1.4142 -0.7654 0 1.8478

4 16 -2.1213 0 2.1213 -2.7717 0 1.1481 -1.8478 0 0.7654 -1.4142 0 1.4142

4 16 -2.7717 0 1.1481 -3 0 0 -2 0 0 -1.8478 0 0.7654

0 NOFILE

0 FILE 2-4cylo.dat
0 Cylinder Open 0.5

0 Name: 2-4cylo.dat

0 Author: Max Martin Richter [MMR1988]

0 !LDRAW_ORG Primitive UPDATE 2010-03

0 !LICENSE Licensed under CC BY 4.0 : see CAreadme.txt



0 BFC CERTIFY CCW



0 !HISTORY 2010-12-31 [PTadmin] Official Update 2010-03





1 16 0 0 0 1 0 0 0 1 0 0 0 1 2-4edge.dat

1 16 0 1 0 1 0 0 0 1 0 0 0 1 2-4edge.dat

1 16 0 0 0 1 0 0 0 1 0 0 0 1 2-4cyli.dat

0 NOFILE

0 FILE 2-4cyli.dat
0 Cylinder 0.5

0 Name: 2-4cyli.dat

0 Author: James Jessiman

0 !LDRAW_ORG Primitive UPDATE 2005-01

0 !LICENSE Licensed under CC BY 4.0 : see CAreadme.txt



0 BFC CERTIFY CCW



0 !HISTORY 2002-03-23 [sbliss] Added BFC statement; compacted code

0 !HISTORY 2002-04-25 [PTadmin] Official Update 2002-02

0 !HISTORY 2004-12-11 [nielsk] Recreated using Primitive Generator, Edge lines fixed, BFC changed to CCW

0 !HISTORY 2005-12-28 [PTadmin] Official Update 2005-01

0 !HISTORY 2007-06-24 [PTadmin] Header formatted for Contributor Agreement

0 !HISTORY 2008-07-01 [PTadmin] Official Update 2008-01





4 16 .9239 1 .3827 .9239 0 .3827 1 0 0 1 1 0

4 16 .7071 1 .7071 .7071 0 .7071 .9239 0 .3827 .9239 1 .3827

4 16 .3827 1 .9239 .3827 0 .9239 .7071 0 .7071 .7071 1 .7071

4 16 0 1 1 0 0 1 .3827 0 .9239 .3827 1 .9239

4 16 -.3827 1 .9239 -.3827 0 .9239 0 0 1 0 1 1

4 16 -.7071 1 .7071 -.7071 0 .7071 -.3827 0 .9239 -.3827 1 .9239

4 16 -.9239 1 .3827 -.9239 0 .3827 -.7071 0 .7071 -.7071 1 .7071

4 16 -1 1 0 -1 0 0 -.9239 0 .3827 -.9239 1 .3827

5 24 1 1 0 1 0 0 1 1 -.4142 .9239 1 .3827

5 24 .9239 1 .3827 .9239 0 .3827 1 1 0 .7071 1 .7071

5 24 .7071 1 .7071 .7071 0 .7071 .9239 1 .3827 .3827 1 .9239

5 24 .3827 1 .9239 .3827 0 .9239 .7071 1 .7071 0 1 1

5 24 0 1 1 0 0 1 .3827 1 .9239 -.3827 1 .9239

5 24 -.3827 1 .9239 -.3827 0 .9239 0 1 1 -.7071 1 .7071

5 24 -.7071 1 .7071 -.7071 0 .7071 -.3827 1 .9239 -.9239 1 .3827

5 24 -.9239 1 .3827 -.9239 0 .3827 -.7071 1 .7071 -1 1 0

5 24 -1 1 0 -1 0 0 -.9239 1 .3827 -1 1 -.4142

0

0 NOFILE

0 FILE 2-4edge.dat
0 Circle 0.5

0 Name: 2-4edge.dat

0 Author: James Jessiman

0 !LDRAW_ORG Primitive UPDATE 2017-01

0 !LICENSE Licensed under CC BY 4.0 : see CAreadme.txt



0 BFC CERTIFY CCW



0 !HISTORY 2007-06-24 [PTadmin] Header formatted for Contributor Agreement

0 !HISTORY 2008-07-01 [PTadmin] Official Update 2008-01

0 !HISTORY 2017-01-15 [Steffen] BFCed

0 !HISTORY 2017-12-30 [PTadmin] Official Update 2017-01





2 24 1 0 0 0.9239 0 0.3827

2 24 0.9239 0 0.3827 0.7071 0 0.7071

2 24 0.7071 0 0.7071 0.3827 0 0.9239

2 24 0.3827 0 0.9239 0 0 1

2 24 0 0 1 -0.3827 0 0.9239

2 24 -0.3827 0 0.9239 -0.7071 0 0.7071

2 24 -0.7071 0 0.7071 -0.9239 0 0.3827

2 24 -0.9239 0 0.3827 -1 0 0

0 NOFILE

0 FILE 4-4cylc.dat
0 Cylinder Closed 1.0

0 Name: 4-4cylc.dat

0 Author: Alex Taylor [anathema]

0 !LDRAW_ORG Primitive UPDATE 2009-02

0 !LICENSE Licensed under CC BY 4.0 : see CAreadme.txt



0 BFC CERTIFY CCW



0 !HISTORY 2008-12-29 [cwdee] Removed one disc

0 !HISTORY 2009-09-03 [PTadmin] Official Update 2009-02





1 16 0 0 0 1 0 0 0 1 0 0 0 1 4-4edge.dat

1 16 0 1 0 1 0 0 0 1 0 0 0 1 4-4edge.dat

1 16 0 0 0 1 0 0 0 1 0 0 0 1 4-4disc.dat

1 16 0 0 0 1 0 0 0 1 0 0 0 1 4-4cyli.dat

0

0 NOFILE

0 FILE 4-4cyli.dat
0 Cylinder 1.0

0 Name: 4-4cyli.dat

0 Author: James Jessiman

0 !LDRAW_ORG Primitive UPDATE 2005-01

0 !LICENSE Licensed under CC BY 4.0 : see CAreadme.txt



0 BFC CERTIFY CCW



0 !HISTORY 1998-12-15 [PTadmin] Official Update 1998-10

0 !HISTORY 2002-03-23 [sbliss] Added BFC statement; merged headers from files in distributions LDraw 0.27 and Complete.

0 !HISTORY 2002-04-25 [PTadmin] Official Update 2002-02

0 !HISTORY 2004-12-14 [guyvivan] BFC CCW

0 !HISTORY 2005-12-28 [PTadmin] Official Update 2005-01

0 !HISTORY 2007-06-24 [PTadmin] Header formatted for Contributor Agreement

0 !HISTORY 2008-07-01 [PTadmin] Official Update 2008-01





4 16 1 1 0 0.9239 1 0.3827 0.9239 0 0.3827 1 0 0

5 24 1 0 0 1 1 0 0.9239 0 0.3827 0.9239 0 -0.3827

4 16 0.9239 1 0.3827 0.7071 1 0.7071 0.7071 0 0.7071 0.9239 0 0.3827

5 24 0.9239 0 0.3827 0.9239 1 0.3827 0.7071 0 0.7071 1 0 0

4 16 0.7071 1 0.7071 0.3827 1 0.9239 0.3827 0 0.9239 0.7071 0 0.7071

5 24 0.7071 0 0.7071 0.7071 1 0.7071 0.3827 0 0.9239 0.9239 0 0.3827

4 16 0.3827 1 0.9239 0 1 1 0 0 1 0.3827 0 0.9239

5 24 0.3827 0 0.9239 0.3827 1 0.9239 0 0 1 0.7071 0 0.7071

4 16 0 1 1 -0.3827 1 0.9239 -0.3827 0 0.9239 0 0 1

5 24 0 0 1 0 1 1 -0.3827 0 0.9239 0.3827 0 0.9239

4 16 -0.3827 1 0.9239 -0.7071 1 0.7071 -0.7071 0 0.7071 -0.3827 0 0.9239

5 24 -0.3827 0 0.9239 -0.3827 1 0.9239 -0.7071 0 0.7071 0 0 1

4 16 -0.7071 1 0.7071 -0.9239 1 0.3827 -0.9239 0 0.3827 -0.7071 0 0.7071

5 24 -0.7071 0 0.7071 -0.7071 1 0.7071 -0.9239 0 0.3827 -0.3827 0 0.9239

4 16 -0.9239 1 0.3827 -1 1 0 -1 0 0 -0.9239 0 0.3827

5 24 -0.9239 0 0.3827 -0.9239 1 0.3827 -1 0 0 -0.7071 0 0.7071

4 16 -1 1 0 -0.9239 1 -0.3827 -0.9239 0 -0.3827 -1 0 0

5 24 -1 0 0 -1 1 0 -0.9239 0 -0.3827 -0.9239 0 0.3827

4 16 -0.9239 1 -0.3827 -0.7071 1 -0.7071 -0.7071 0 -0.7071 -0.9239 0 -0.3827

5 24 -0.9239 0 -0.3827 -0.9239 1 -0.3827 -0.7071 0 -0.7071 -1 0 0

4 16 -0.7071 1 -0.7071 -0.3827 1 -0.9239 -0.3827 0 -0.9239 -0.7071 0 -0.7071

5 24 -0.7071 0 -0.7071 -0.7071 1 -0.7071 -0.3827 0 -0.9239 -0.9239 0 -0.3827

4 16 -0.3827 1 -0.9239 0 1 -1 0 0 -1 -0.3827 0 -0.9239

5 24 -0.3827 0 -0.9239 -0.3827 1 -0.9239 0 0 -1 -0.7071 0 -0.7071

4 16 0 1 -1 0.3827 1 -0.9239 0.3827 0 -0.9239 0 0 -1

5 24 0 0 -1 0 1 -1 0.3827 0 -0.9239 -0.3827 0 -0.9239

4 16 0.3827 1 -0.9239 0.7071 1 -0.7071 0.7071 0 -0.7071 0.3827 0 -0.9239

5 24 0.3827 0 -0.9239 0.3827 1 -0.9239 0.7071 0 -0.7071 0 0 -1

4 16 0.7071 1 -0.7071 0.9239 1 -0.3827 0.9239 0 -0.3827 0.7071 0 -0.7071

5 24 0.7071 0 -0.7071 0.7071 1 -0.7071 0.9239 0 -0.3827 0.3827 0 -0.9239

4 16 0.9239 1 -0.3827 1 1 0 1 0 0 0.9239 0 -0.3827

5 24 0.9239 0 -0.3827 0.9239 1 -0.3827 1 0 0 0.7071 0 -0.7071

0

0 NOFILE

0 FILE 4-4disc.dat
0 Disc 1.0

0 Name: 4-4disc.dat

0 Author: James Jessiman

0 !LDRAW_ORG Primitive UPDATE 2002-02

0 !LICENSE Licensed under CC BY 4.0 : see CAreadme.txt



0 BFC CERTIFY CCW



0 !HISTORY 1998-12-15 [PTadmin] Official Update 1998-10

0 !HISTORY 2002-03-23 [sbliss] Added BFC statement

0 !HISTORY 2002-04-25 [PTadmin] Official Update 2002-02

0 !HISTORY 2007-06-24 [PTadmin] Header formatted for Contributor Agreement

0 !HISTORY 2008-07-01 [PTadmin] Official Update 2008-01





3 16 0 0 0 1 0 0 0.9239 0 0.3827

3 16 0 0 0 0.9239 0 0.3827 0.7071 0 0.7071

3 16 0 0 0 0.7071 0 0.7071 0.3827 0 0.9239

3 16 0 0 0 0.3827 0 0.9239 0 0 1

3 16 0 0 0 0 0 1 -0.3827 0 0.9239

3 16 0 0 0 -0.3827 0 0.9239 -0.7071 0 0.7071

3 16 0 0 0 -0.7071 0 0.7071 -0.9239 0 0.3827

3 16 0 0 0 -0.9239 0 0.3827 -1 0 -0

3 16 0 0 0 -1 0 -0 -0.9239 0 -0.3827

3 16 0 0 0 -0.9239 0 -0.3827 -0.7071 0 -0.7071

3 16 0 0 0 -0.7071 0 -0.7071 -0.3827 0 -0.9239

3 16 0 0 0 -0.3827 0 -0.9239 0 0 -1

3 16 0 0 0 0 0 -1 0.3827 0 -0.9239

3 16 0 0 0 0.3827 0 -0.9239 0.7071 0 -0.7071

3 16 0 0 0 0.7071 0 -0.7071 0.9239 0 -0.3827

3 16 0 0 0 0.9239 0 -0.3827 1 0 0

0

0 NOFILE

0 FILE 4-4edge.dat
0 Circle 1.0

0 Name: 4-4edge.dat

0 Author: James Jessiman

0 !LDRAW_ORG Primitive UPDATE 2017-01

0 !LICENSE Licensed under CC BY 4.0 : see CAreadme.txt



0 BFC CERTIFY CCW



0 !HISTORY 1998-12-15 [PTadmin] Official Update 1998-10

0 !HISTORY 2005-12-28 [PTadmin] Official Update 2005-01

0 !HISTORY 2007-06-24 [PTadmin] Header formatted for Contributor Agreement

0 !HISTORY 2008-07-01 [PTadmin] Official Update 2008-01

0 !HISTORY 2017-01-15 [Steffen] BFCed

0 !HISTORY 2017-12-30 [PTadmin] Official Update 2017-01





2 24 1 0 0 0.9239 0 0.3827

2 24 0.9239 0 0.3827 0.7071 0 0.7071

2 24 0.7071 0 0.7071 0.3827 0 0.9239

2 24 0.3827 0 0.9239 0 0 1

2 24 0 0 1 -0.3827 0 0.9239

2 24 -0.3827 0 0.9239 -0.7071 0 0.7071

2 24 -0.7071 0 0.7071 -0.9239 0 0.3827

2 24 -0.9239 0 0.3827 -1 0 -0

2 24 -1 0 -0 -0.9239 0 -0.3827

2 24 -0.9239 0 -0.3827 -0.7071 0 -0.7071

2 24 -0.7071 0 -0.7071 -0.3827 0 -0.9239

2 24 -0.3827 0 -0.9239 0 0 -1

2 24 0 0 -1 0.3827 0 -0.9239

2 24 0.3827 0 -0.9239 0.7071 0 -0.7071

2 24 0.7071 0 -0.7071 0.9239 0 -0.3827

2 24 0.9239 0 -0.3827 1 0 0

0 NOFILE

0 FILE 3111.dat
0 ~Axle Bush 1.4L
0 Name: 3111.dat
0 Author: James Jessiman
0 !LDRAW_ORG Part UPDATE 2025-09
0 !LICENSE Licensed under CC BY 4.0 : see CAreadme.txt

0 BFC CERTIFY CCW

0 !CATEGORY Wheel

0 !HISTORY 2007-06-25 [PTadmin] Header formatted for Contributor Agreement
0 !HISTORY 2008-07-01 [PTadmin] Official Update 2008-01
0 !HISTORY 2008-07-07 [mkennedy] Completed header, BFC'ed, Optimized
0 !HISTORY 2008-08-23 [PTadmin] Renamed from 34d
0 !HISTORY 2009-05-02 [PTadmin] Official Update 2009-01
0 !HISTORY 2018-11-24 [cwdee] Update description
0 !HISTORY 2018-12-08 [PTadmin] Official Update 2018-02
0 !HISTORY 2025-09-27 [OrionP] Changed winding to CCW
0 !HISTORY 2025-09-29 [OrionP] Official Update 2025-09

0 BFC INVERTNEXT
1 16 14 0 0 0 -28 0 4 0 0 0 0 4 4-4cyli.dat
1 16 14 0 0 0 -28 0 6 0 0 0 0 6 4-4cyli.dat
1 16 14 0 0 0 1 0 4 0 0 0 0 4 4-4edge.dat
1 16 -14 0 0 0 1 0 4 0 0 0 0 4 4-4edge.dat
1 16 14 0 0 0 1 0 6 0 0 0 0 6 4-4edge.dat
1 16 -14 0 0 0 1 0 6 0 0 0 0 6 4-4edge.dat
1 16 14 0 0 0 -1 0 2 0 0 0 0 2 4-4ring2.dat
1 16 -14 0 0 0 1 0 2 0 0 0 0 2 4-4ring2.dat
0
0 NOFILE

0 FILE 4-4ring2.dat
0 Ring  2 x 1.0

0 Name: 4-4ring2.dat

0 Author: James Jessiman

0 !LDRAW_ORG Primitive UPDATE 2009-01

0 !LICENSE Licensed under CC BY 4.0 : see CAreadme.txt



0 BFC CERTIFY CCW



0 !HISTORY 1998-12-15 [PTadmin] Official Update 1998-10

0 !HISTORY 2002-04-05 [hafhead] Added BFC statement

0 !HISTORY 2002-04-25 [PTadmin] Official Update 2002-02

0 !HISTORY 2007-06-24 [PTadmin] Header formatted for Contributor Agreement

0 !HISTORY 2008-07-01 [PTadmin] Official Update 2008-01

0 !HISTORY 2008-08-26 [cwdee] Switch polygon winding and rename

0 !HISTORY 2009-05-02 [PTadmin] Official Update 2009-01





4 16 -1.1481 0 2.7717 -0.7654 0 1.8478 0 0 2 0 0 3

4 16 -2.1213 0 2.1213 -1.4142 0 1.4142 -0.7654 0 1.8478 -1.1481 0 2.7717

4 16 -2.7717 0 1.1481 -1.8478 0 0.7654 -1.4142 0 1.4142 -2.1213 0 2.1213

4 16 -3 0 0 -2 0 0 -1.8478 0 0.7654 -2.7717 0 1.1481

4 16 -2.7717 0 -1.1481 -1.8478 0 -0.7654 -2 0 0 -3 0 0

4 16 -2.1213 0 -2.1213 -1.4142 0 -1.4142 -1.8478 0 -0.7654 -2.7717 0 -1.1481

4 16 -1.1481 0 -2.7717 -0.7654 0 -1.8478 -1.4142 0 -1.4142 -2.1213 0 -2.1213

4 16 0 0 -3 0 0 -2 -0.7654 0 -1.8478 -1.1481 0 -2.7717

4 16 1.1481 0 -2.7717 0.7654 0 -1.8478 0 0 -2 0 0 -3

4 16 2.1213 0 -2.1213 1.4142 0 -1.4142 0.7654 0 -1.8478 1.1481 0 -2.7717

4 16 2.7717 0 -1.1481 1.8478 0 -0.7654 1.4142 0 -1.4142 2.1213 0 -2.1213

4 16 3 0 0 2 0 0 1.8478 0 -0.7654 2.7717 0 -1.1481

4 16 2.7717 0 1.1481 1.8478 0 0.7654 2 0 0 3 0 0

4 16 2.1213 0 2.1213 1.4142 0 1.4142 1.8478 0 0.7654 2.7717 0 1.1481

4 16 1.1481 0 2.7717 0.7654 0 1.8478 1.4142 0 1.4142 2.1213 0 2.1213

4 16 0 0 3 0 0 2 0.7654 0 1.8478 1.1481 0 2.7717

0

0 NOFILE

0 FILE 3024.dat
0 Plate  1 x  1

0 Name: 3024.dat

0 Author: James Jessiman

0 !LDRAW_ORG Part UPDATE 2022-05

0 !LICENSE Licensed under CC BY 4.0 : see CAreadme.txt



0 BFC CERTIFY CCW



0 !HISTORY 2001-10-26 [PTadmin] Official Update 2001-01

0 !HISTORY 2002-05-07 {unknown} BFC Certification

0 !HISTORY 2002-06-11 [PTadmin] Official Update 2002-03

0 !HISTORY 2007-06-07 [PTadmin] Header formatted for Contributor Agreement

0 !HISTORY 2008-07-01 [PTadmin] Official Update 2008-01

0 !HISTORY 2022-08-04 [MagFors] Using subfile

0 !HISTORY 2022-09-15 [PTadmin] Official Update 2022-05





1 16 0 0 0 1 0 0 0 1 0 0 0 1 s__3024s01.dat

4 16 -10 8 -10 10 8 -10 10 0 -10 -10 0 -10

0 NOFILE

0 FILE s__3024s01.dat
0 ~Plate  1 x  1 without Front Face

0 Name: s\3024s01.dat

0 Author: Tore Eriksson [Tore_Eriksson]

0 !LDRAW_ORG Subpart UPDATE 2012-03

0 !LICENSE Licensed under CC BY 4.0 : see CAreadme.txt



0 BFC CERTIFY CCW



0 !HISTORY 2012-12-28 [PTadmin] Official Update 2012-03





0 BFC INVERTNEXT

1 16 0 8 0 0 0 6 0 -4 0 -6 0 0 box5.dat

4 16 10 8 -10 6 8 -6 6 8 6 10 8 10

4 16 10 8 10 6 8 6 -6 8 6 -10 8 10

4 16 -10 8 10 -6 8 6 -6 8 -6 -10 8 -10

4 16 -10 8 -10 -6 8 -6 6 8 -6 10 8 -10

1 16 0 8 0 10 0 0 0 -8 0 0 0 10 box4t.dat

1 16 0 0 0 0 0 1 0 1 0 -1 0 0 stud.dat

0 NOFILE

0 FILE stud.dat
0 Stud

0 Name: stud.dat

0 Author: James Jessiman

0 !LDRAW_ORG Primitive UPDATE 2012-01

0 !LICENSE Licensed under CC BY 4.0 : see CAreadme.txt



0 BFC CERTIFY CCW



0 !HISTORY 2002-04-04 [sbliss] Modified for BFC compliance

0 !HISTORY 2002-04-25 [PTadmin] Official Update 2002-02

0 !HISTORY 2007-06-24 [PTadmin] Header formatted for Contributor Agreement

0 !HISTORY 2008-07-01 [PTadmin] Official Update 2008-01

0 !HISTORY 2012-02-16 [Philo] Changed to CCW

0 !HISTORY 2012-03-30 [PTadmin] Official Update 2012-01





1 16 0 0 0 6 0 0 0 1 0 0 0 6 4-4edge.dat

1 16 0 -4 0 6 0 0 0 1 0 0 0 6 4-4edge.dat

1 16 0 0 0 6 0 0 0 -4 0 0 0 6 4-4cyli.dat

1 16 0 -4 0 6 0 0 0 1 0 0 0 6 4-4disc.dat

0 NOFILE

0 FILE box4t.dat
0 Box with 4 Adjacent Faces and All Edges

0 Name: box4t.dat

0 Author: Tore Eriksson [Tore_Eriksson]

0 !LDRAW_ORG Primitive UPDATE 2003-02

0 !LICENSE Licensed under CC BY 4.0 : see CAreadme.txt



0 BFC CERTIFY CCW



0 !HISTORY 1997-09-29 [PTadmin] Official Update 1997-15

0 !HISTORY 2002-08-31 [izanette] Modified with WINDZ for BFC compliance

0 !HISTORY 2003-08-01 [PTadmin] Official Update 2003-02

0 !HISTORY 2007-06-24 [PTadmin] Header formatted for Contributor Agreement

0 !HISTORY 2008-07-01 [PTadmin] Official Update 2008-01





2 24 1 1 1 -1 1 1

2 24 -1 1 1 -1 1 -1

2 24 -1 1 -1 1 1 -1

2 24 1 1 -1 1 1 1

2 24 1 0 1 -1 0 1

2 24 -1 0 1 -1 0 -1

2 24 -1 0 -1 1 0 -1

2 24 1 0 -1 1 0 1

2 24 1 0 1 1 1 1

2 24 -1 0 1 -1 1 1

2 24 1 0 -1 1 1 -1

2 24 -1 0 -1 -1 1 -1

4 16 1 1 1 1 1 -1 -1 1 -1 -1 1 1

4 16 1 1 1 -1 1 1 -1 0 1 1 0 1

4 16 -1 1 1 -1 1 -1 -1 0 -1 -1 0 1

0 // 4 16 -1 1 -1 -1 0 -1 1 0 -1 1 1 -1

4 16 1 1 -1 1 1 1 1 0 1 1 0 -1

0

0 NOFILE

0 FILE box5.dat
0 Box with 5 Faces and All Edges

0 Name: box5.dat

0 Author: James Jessiman

0 !LDRAW_ORG Primitive UPDATE 2012-01

0 !LICENSE Licensed under CC BY 4.0 : see CAreadme.txt



0 BFC CERTIFY CCW



0 !HISTORY 2002-04-03 [sbliss] Modified for BFC compliance

0 !HISTORY 2002-04-25 [PTadmin] Official Update 2002-02

0 !HISTORY 2007-06-24 [PTadmin] Header formatted for Contributor Agreement

0 !HISTORY 2008-07-01 [PTadmin] Official Update 2008-01

0 !HISTORY 2012-02-16 [Philo] Changed to CCW

0 !HISTORY 2012-03-30 [PTadmin] Official Update 2012-01





2 24 1 1 1 -1 1 1

2 24 -1 1 1 -1 1 -1

2 24 -1 1 -1 1 1 -1

2 24 1 1 -1 1 1 1

2 24 1 0 1 -1 0 1

2 24 -1 0 1 -1 0 -1

2 24 -1 0 -1 1 0 -1

2 24 1 0 -1 1 0 1

2 24 1 0 1 1 1 1

2 24 -1 0 1 -1 1 1

2 24 1 0 -1 1 1 -1

2 24 -1 0 -1 -1 1 -1

4 16 -1 1 1 1 1 1 1 1 -1 -1 1 -1

4 16 -1 1 1 -1 0 1 1 0 1 1 1 1

4 16 -1 1 -1 -1 0 -1 -1 0 1 -1 1 1

4 16 1 1 -1 1 0 -1 -1 0 -1 -1 1 -1

4 16 1 1 1 1 0 1 1 0 -1 1 1 -1

0 NOFILE

0 FILE 32828.dat
0 Plate  1 x  1 Round with Bar

0 Name: 32828.dat

0 Author: Magnus Forsberg [MagFors]

0 !LDRAW_ORG Part UPDATE 2019-01

0 !LICENSE Licensed under CC BY 4.0 : see CAreadme.txt



0 BFC CERTIFY CCW



0 !KEYWORDS espresso, handle



0 !HISTORY 2018-12-08 [PTadmin] Official Update 2018-02

0 !HISTORY 2019-06-03 [MagFors] Reworked transition from plate to bar

0 !HISTORY 2019-06-28 [PTadmin] Official Update 2019-01





1 16 0 3 0 -1 0 0 0 -1.25 0 0 0 1 stud4o.dat

1 16 0 3 0 1.41421 0 -1.41421 0 -1 0 -1.41421 0 -1.41421 3-4ring4.dat

1 16 0 0 0 7.07107 0 -7.07107 0 1 0 7.07107 0 7.07107 3-4edge.dat

1 16 0 3 0 7.07107 0 -7.07107 0 1 0 7.07107 0 7.07107 3-4edge.dat

1 16 0 0 0 7.07107 0 -7.07107 0 3 0 7.07107 0 7.07107 3-4cyli.dat

1 16 0 0 0 6 0 0 0 1 0 0 0 6 4-4edge.dat

1 16 0 0 0 7.07107 0 -7.07107 0 1 0 7.07107 0 7.07107 3-4chrd.dat

1 16 0 0 0 1 0 0 0 1 0 0 0 1 stud2.dat

1 16 0 3 0 5.65685 0 -5.65685 0 5 0 5.65685 0 5.65685 3-4cylo.dat

1 16 30 2 0 0 1 0 0 0 -4 -4 0 0 4-4edge.dat

1 16 30 2 0 0 -12.1421 0 0 0 -4 -4 0 0 4-4cyli.dat

0 BFC INVERTNEXT

1 16 20 2 0 0 10 0 0 0 -2 -2 0 0 4-4cylc.dat

1 16 30 2 0 0 -1 0 0 0 -2 -2 0 0 4-4ring1.dat



1 16 12.7 7.5 0 0 0 2.3 0 -1 0 -2.3 0 0 2-4edge.dat

1 16 12.7 7.5 0 0 0 2.3 0 -2.318 0 -2.3 0 0 2-4cyli.dat

1 16 12.7 7.5 0 0 0 2.3 0 -1 0 -2.3 0 0 2-4chrd.dat



1 16 11.1132 6.34075 2.3 0 0 -1.5868 1.15925 0 0 0 -1 0 rect3.dat

2 24 9.4177 4.8284 2.8284 9.5264 5.1815 2.3

2 24 12.7035 5.182 2.2993 13.5802 5.2985 2.125

2 24 14.3263 5.6316 1.6263 13.5802 5.2985 2.125

2 24 14.3902 5.6955 1.5307 14.3263 5.6316 1.6263

2 24 14.3902 5.6955 1.5307 14.825 5.8249 0.8802

2 24 15 6.0001 0 14.825 5.8249 0.8802

2 24 9.2391 3.5238 3.6956 9.4177 4.8284 2.8284

2 24 10 7.5 0 9.5264 7.5 2.3

4 16 9.5264 7.5 2.3 10 7.5 0 10 8 0 9.2391 8 3.6956

4 16 9.5264 5.1815 2.3 9.5264 7.5 2.3 9.2391 8 3.6956 9.2391 3.5238 3.6956



1 16 11.1132 6.34075 -2.3 0 0 -1.5868 -1.15925 0 0 0 1 0 rect3.dat

2 24 9.4177 4.8284 -2.8284 9.5264 5.1815 -2.3

2 24 12.7035 5.182 -2.2993 13.5802 5.2985 -2.125

2 24 14.3263 5.6316 -1.6263 13.5802 5.2985 -2.125

2 24 14.3902 5.6955 -1.5307 14.3263 5.6316 -1.6263

2 24 14.3902 5.6955 -1.5307 14.825 5.8249 -0.8802

2 24 15 6.0001 0 14.825 5.8249 -0.8802

2 24 9.2391 3.5308 -3.6956 9.4177 4.8284 -2.8284

2 24 10 7.5 0 9.5264 7.5 -2.3

4 16 10 8 0 10 7.5 0 9.5264 7.5 -2.3 9.2391 8 -3.6956

4 16 9.2391 8 -3.6956 9.5264 7.5 -2.3 9.5264 5.1815 -2.3 9.2391 3.5308 -3.6956

4 16 9.5264 7.5 2.3 12.7 7.5 2.3 12.7 7.5 -2.3 9.5264 7.5 -2.3



1 16 17.8579 2 0 0 -8.8579 0 -1.53072 0 3.69548 3.69548 0 1.53072 5-8cyli.dat

1 16 17.8579 2 0 0 -3.716 0 -4 0 0 0 0 4 1-8cyls.dat

1 16 17.8579 2 0 0 -3.716 0 -4 0 0 0 0 -4 1-8cyls.dat

1 16 14.1419 2 0 3.716 1 0 -4 0 0 0 0 4 1-8edge.dat

1 16 14.1419 2 0 3.716 1 0 -4 0 0 0 0 -4 1-8edge.dat

1 16 14.1419 2 0 3.716 1 0 -4 0 0 0 0 4 1-8chrd.dat

1 16 14.1419 2 0 3.716 1 0 -4 0 0 0 0 -4 1-8chrd.dat



4 16 8.0162 8 -5.6568 9.2391 8 -3.6956 9.2391 3.5308 -3.6956 7.9767 3 -5.6569

2 24 16.7695 -0.8284 -2.8284 16 0 -3.392

2 24 7.9767 3 -5.6569 5.6569 3 -5.6569

2 24 5.6569 3 -5.6569 5.6568 8 -5.6568

2 24 5.6568 8 -5.6568 8.0162 8 -5.6568

2 24 8.0162 8 -5.6568 7.9767 3 -5.6569

4 16 5.6569 3 -5.6569 5.6568 8 -5.6568 8.0162 8 -5.6568 7.9767 3 -5.6569



4 16 9.2391 8 -3.6956 8.0162 8 -5.6568 5.6568 8 -5.6568 7.3912 8 -3.0616

4 16 9.2391 8 -3.6956 7.3912 8 -3.0616 8 8 0 10 8 0

2 24 9.3275 0 -3.382 9.2391 0.4692 -3.6956

2 24 16 0 -3.392 9.3275 0 -3.382

2 24 9.0378 2 -4 9.2391 3.5308 -3.6956

2 24 9.2391 0.4692 -3.6956 9.0378 2 -4

2 24 9.2391 0 -3.6956 9.3275 0 -3.382

2 24 7.0711 0 -7.0711 9.2391 0 -3.6956

2 24 7.0711 3 -7.0711 7.9767 3 -5.6569

2 24 8.0162 8 -5.6568 9.2391 8 -3.6956

2 24 9.2391 8 -3.6956 10 8 0

3 16 7.0711 3 -7.0711 5.6569 3 -5.6569 7.9767 3 -5.6569

3 16 7.9767 3 -5.6569 9.2391 3.5308 -3.6956 9.0378 2 -4

4 16 7.0711 3 -7.0711 7.9767 3 -5.6569 9.2391 0 -3.6956 7.0711 0 -7.0711

4 16 9.0378 2 -4 9.2391 0.4692 -3.6956 9.2391 0 -3.6956 7.9767 3 -5.6569

3 16 9.2391 0 -3.6956 9.2391 0.4692 -3.6956 9.3275 0 -3.382

3 16 9.2391 0.4692 -3.6956 17.8579 0.4692 -3.6956 16 0 -3.392

3 16 16 0 -3.392 9.3275 0 -3.382 9.2391 0.4692 -3.6956

4 16 17.8579 -0.8284 -2.8284 16.7695 -0.8284 -2.8284 16 0 -3.392 17.8579 0.4692 -3.6956

3 16 7.0711 0 -7.0711 9.2391 0 -3.6956 9.3275 0 -3.382

5 24 9.2391 0.4692 -3.6956 17.8579 0.4692 -3.6956 9.0378 2 -4 16 0 -3.392

5 24 9.2391 0 -3.6956 9.2391 0.4692 -3.6956 9.3275 0 -3.382 7.9767 3 -5.6569

5 24 9.2391 3.5308 -3.6956 9.2391 8 -3.6956 9.4176 4.8284 -2.8284 7.9767 3 -5.6569

5 24 7.0711 0 -7.0711 7.0711 3 -7.0711 3.8269 0 -9.2391 9.2391 0 -3.6956

5 24 10 7.5 0 10 8 0 9.5264 7.5 -2.3 9.5264 7.5 2.3



0 // other side

4 16 9.2391 3.5238 3.6956 9.2391 8 3.6956 8.0162 8 5.6568 7.9767 3 5.6569

2 24 16.7695 -0.8284 2.8284 16 0 3.392

2 24 5.657 8 5.6568 5.6569 3 5.6569

2 24 5.6569 3 5.6569 7.9767 3 5.6569

2 24 7.9767 3 5.6569 8.0162 8 5.6568

2 24 8.0162 8 5.6568 5.657 8 5.6568

4 16 5.6569 3 5.6569 7.9767 3 5.6569 8.0162 8 5.6568 5.657 8 5.6568



4 16 5.6568 8 5.6568 8.0162 8 5.6568 9.2391 8 3.6956 7.3912 8 3.0616

4 16 8 8 0 7.3912 8 3.0616 9.2391 8 3.6956 10 8 0

2 24 9.3275 0 3.382 9.2391 0.4692 3.6956

2 24 16 0 3.392 9.3275 0 3.382

2 24 9.0378 2 4 9.2391 3.5238 3.6956

2 24 9.2391 0.4692 3.6956 9.0378 2 4

2 24 9.2391 0 3.6956 9.3275 0 3.382

2 24 7.0711 0 7.0711 9.2391 0 3.6956

2 24 7.0711 3 7.0711 7.9767 3 5.6569

2 24 8.0162 8 5.6568 9.2391 8 3.6956

2 24 9.2391 8 3.6956 10 8 0

3 16 5.6569 3 5.6569 7.0711 3 7.0711 7.9767 3 5.6569

3 16 9.2391 3.5238 3.6956 7.9767 3 5.6569 9.0378 2 4

4 16 9.0378 2 4 7.9767 3 5.6569 9.2391 0 3.6956 9.2391 0.4692 3.6956

4 16 7.0711 3 7.0711 7.0711 0 7.0711 9.2391 0 3.6956 7.9767 3 5.6569

3 16 9.2391 0.4692 3.6956 9.2391 0 3.6956 9.3275 0 3.382

3 16 17.8579 0.4692 3.6956 9.2391 0.4692 3.6956 16 0 3.392

3 16 9.3275 0 3.382 16 0 3.392 9.2391 0.4692 3.6956

4 16 16 0 3.392 16.7695 -0.8284 2.8284 17.8579 -0.8284 2.8284 17.8579 0.4692 3.6956

3 16 9.2391 0 3.6956 7.0711 0 7.0711 9.3275 0 3.382

5 24 9.2391 0.4692 3.6956 17.8579 0.4692 3.6956 9.0378 2 4 16 0 3.392

5 24 9.2391 0 3.6956 9.2391 0.4692 3.6956 9.3275 0 3.382 7.9767 3 5.6569

5 24 9.2391 3.5238 3.6956 9.2391 8 3.6956 9.4177 4.8284 2.8284 7.9767 3 5.6569

5 24 7.0711 0 7.0711 7.0711 3 7.0711 3.8269 0 9.2391 9.2391 0 3.6956



3 16 17.8579 -2 0 16.7695 -0.8284 2.8284 16.7695 -0.8284 -2.8284

4 16 16.7695 -0.8284 -2.8284 16.7695 -0.8284 2.8284 16 0 3.392 16 0 -3.392

4 16 7.0711 0 -7.0711 9.3275 0 -3.382 9.3275 0 3.382 7.0711 0 7.0711

2 24 16 0 3.392 16 0 -3.392

5 24 9.2391 0.4692 -3.6956 16 0 -3.392 17.8579 0.4692 -3.6956 9.3275 0 -3.382

5 24 17.8579 0.4692 -3.6956 16 0 -3.392 17.8579 -0.8284 -2.8284 9.2391 0.4692 -3.6956

5 24 9.2391 .4692 3.6956 16 0 3.392 17.8579 .4692 3.6956 9.3275 0 3.382

5 24 17.8579 .4692 3.6956 16 0 3.392 9.2391 .4692 3.6956 17.8579 -.8284 2.8284



0 BFC INVERTNEXT

1 16 13.5 0 0 0 0 1.5 0 2 0 -1.5 0 0 8__2-4cylo.dat

0 BFC INVERTNEXT

1 16 11.5 0 0 0 0 -1.5 0 2 0 -1.5 0 0 8__2-4cylo.dat

1 16 13.5 0 0 0 0 1.5 0 1 0 -1.5 0 0 8__2-4ndis.dat

1 16 11.5 0 0 0 0 -1.5 0 1 0 -1.5 0 0 8__2-4ndis.dat

1 16 13.5 2 0 0 0 1.5 0 1 0 -1.5 0 0 8__2-4chrd.dat

1 16 11.5 2 0 0 0 -1.5 0 1 0 -1.5 0 0 8__2-4chrd.dat

0 BFC INVERTNEXT

1 16 12.5 0 0 1 0 0 0 2 0 0 0 -1.5 box3u8p.dat

4 16 9.3275 0 -3.382 16 0 -3.392 15 0 -1.5 10 0 -1.5

4 16 9.3275 0 -3.382 10 0 -1.5 10 0 1.5 9.3275 0 3.382

4 16 9.3275 0 3.382 10 0 1.5 15 0 1.5 16 0 3.392

4 16 16 0 3.392 15 0 1.5 15 0 -1.5 16 0 -3.392

0 NOFILE

0 FILE box3u8p.dat
0 Box with 3 Faces and 4 Parallel Edges

0 Name: box3u8p.dat

0 Author: James Jessiman

0 !LDRAW_ORG Primitive UPDATE 2012-01

0 !LICENSE Licensed under CC BY 4.0 : see CAreadme.txt



0 BFC CERTIFY CCW



0 !HISTORY 2002-12-13 [hafhead] Made BFC compliant

0 !HISTORY 2003-08-01 [PTadmin] Official Update 2003-02

0 !HISTORY 2007-06-24 [PTadmin] Header formatted for Contributor Agreement

0 !HISTORY 2008-07-01 [PTadmin] Official Update 2008-01

0 !HISTORY 2012-02-16 [Philo] Changed to CCW

0 !HISTORY 2012-03-30 [PTadmin] Official Update 2012-01





2 24 1 1 1 -1 1 1

2 24 -1 1 -1 1 1 -1

2 24 1 0 1 -1 0 1

2 24 -1 0 -1 1 0 -1

4 16 1 1 -1 -1 1 -1 -1 1 1 1 1 1

4 16 -1 1 1 -1 0 1 1 0 1 1 1 1

4 16 1 1 -1 1 0 -1 -1 0 -1 -1 1 -1

0 NOFILE

0 FILE 8__2-4chrd.dat
0 Chord 0.5

0 Name: 8\2-4chrd.dat

0 Author: Magnus Forsberg [MagFors]

0 !LDRAW_ORG 8_Primitive UPDATE 2017-01

0 !LICENSE Licensed under CC BY 4.0 : see CAreadme.txt



0 BFC CERTIFY CCW



0 !HISTORY 2017-12-30 [PTadmin] Official Update 2017-01





3 16 .7071 0 .7071 0 0 1 -.7071 0 .7071

4 16 .7071 0 .7071 -.7071 0 .7071 -1 0 0 1 0 0

0 NOFILE

0 FILE 8__2-4ndis.dat
0 Lo-Res Disc Negative 0.5

0 Name: 8\2-4ndis.dat

0 Author: Magnus Forsberg [MagFors]

0 !LDRAW_ORG 8_Primitive UPDATE 2018-02

0 !LICENSE Licensed under CC BY 4.0 : see CAreadme.txt



0 BFC CERTIFY CCW



0 !HISTORY 2018-12-08 [PTadmin] Official Update 2018-02





3 16 1 0 1 0.7071 0 0.7071 1 0 0

3 16 1 0 1 0 0 1 0.7071 0 0.7071

3 16 -1 0 1 -0.7071 0 0.7071 0 0 1

3 16 -1 0 1 -1 0 0 -0.7071 0 0.7071

0 // Build by Primitive Generator 2

0 NOFILE

0 FILE 8__2-4cylo.dat
0 Cylinder Open 0.5

0 Name: 8\2-4cylo.dat

0 Author: Magnus Forsberg [MagFors]

0 !LDRAW_ORG 8_Primitive UPDATE 2017-01

0 !LICENSE Licensed under CC BY 4.0 : see CAreadme.txt



0 BFC CERTIFY CCW



0 !HISTORY 2017-12-30 [PTadmin] Official Update 2017-01





1 16 0 0 0 1 0 0 0 1 0 0 0 1 8__2-4edge.dat

1 16 0 0 0 1 0 0 0 1 0 0 0 1 8__2-4cyli.dat

1 16 0 1 0 1 0 0 0 1 0 0 0 1 8__2-4edge.dat

0 NOFILE

0 FILE 8__2-4cyli.dat
0 Cylinder 0.5

0 Name: 8\2-4cyli.dat

0 Author: Philippe Hurbain [Philo]

0 !LDRAW_ORG 8_Primitive UPDATE 2016-01

0 !LICENSE Licensed under CC BY 4.0 : see CAreadme.txt



0 BFC CERTIFY CCW



0 !HISTORY 2016-12-31 [PTadmin] Official Update 2016-01





4 16 0.7071 0 0.7071 1 0 0 1 1 0 0.7071 1 0.7071

4 16 0 0 1 0.7071 0 0.7071 0.7071 1 0.7071 0 1 1

4 16 -0.7071 0 0.7071 0 0 1 0 1 1 -0.7071 1 0.7071

4 16 -1 0 0 -0.7071 0 0.7071 -0.7071 1 0.7071 -1 1 0

0 // conditional lines

5 24 1 1 0 1 0 0 1 1 -1 0.7071 1 0.7071

5 24 0.7071 1 0.7071 0.7071 0 0.7071 1 1 0 0 1 1

5 24 0 1 1 0 0 1 0.7071 1 0.7071 -0.7071 1 0.7071

5 24 -0.7071 1 0.7071 -0.7071 0 0.7071 0 1 1 -1 1 0

5 24 -1 1 0 -1 0 0 -0.7071 1 0.7071 -1 1 -1

0 // Build by Primitive Generator 2

0 NOFILE

0 FILE 8__2-4edge.dat
0 Circle 0.5

0 Name: 8\2-4edge.dat

0 Author: Philippe Hurbain [Philo]

0 !LDRAW_ORG 8_Primitive UPDATE 2016-01

0 !LICENSE Licensed under CC BY 4.0 : see CAreadme.txt



0 BFC CERTIFY CCW



0 !HISTORY 2016-12-31 [PTadmin] Official Update 2016-01





2 24 1 0 0 0.7071 0 0.7071

2 24 0.7071 0 0.7071 0 0 1

2 24 0 0 1 -0.7071 0 0.7071

2 24 -0.7071 0 0.7071 -1 0 0

0 // Build by Primitive Generator 2

0 NOFILE

0 FILE 1-8chrd.dat
0 Chord 0.125

0 Name: 1-8chrd.dat

0 Author: Orion Pobursky [OrionP]

0 !LDRAW_ORG Primitive UPDATE 2023-05

0 !LICENSE Licensed under CC BY 4.0 : see CAreadme.txt



0 BFC CERTIFY CCW



0 !HISTORY 2004-04-22 [PTadmin] Official Update 2004-02

0 !HISTORY 2007-06-22 [PTadmin] Header formatted for Contributor Agreement

0 !HISTORY 2008-07-01 [PTadmin] Official Update 2008-01

0 !HISTORY 2023-10-27 [OrionP] Rebuilt with PrimGen2, original author westrate

0 !HISTORY 2023-10-31 [OrionP] Official Update 2023-05



3 16 1 0 0 0.9239 0 0.3827 0.7071 0 0.7071

0 NOFILE

0 FILE 1-8edge.dat
0 Circle 0.125

0 Name: 1-8edge.dat

0 Author: James Jessiman

0 !LDRAW_ORG Primitive UPDATE 2017-01

0 !LICENSE Licensed under CC BY 4.0 : see CAreadme.txt



0 BFC CERTIFY CCW



0 !HISTORY 2007-06-22 [PTadmin] Header formatted for Contributor Agreement

0 !HISTORY 2008-07-01 [PTadmin] Official Update 2008-01

0 !HISTORY 2017-01-15 [Steffen] BFCed

0 !HISTORY 2017-12-30 [PTadmin] Official Update 2017-01





2 24 1 0 0 0.9239 0 0.3827

2 24 0.9239 0 0.3827 0.7071 0 0.7071

0 NOFILE

0 FILE 1-8cyls.dat
0 Cylinder Sloped 0.125

0 Name: 1-8cyls.dat

0 Author: Willy Tschager [Holly-Wood]

0 !LDRAW_ORG Primitive UPDATE 2024-05

0 !LICENSE Licensed under CC BY 4.0 : see CAreadme.txt



0 BFC CERTIFY CCW



0 !HISTORY 2005-12-28 [PTadmin] Official Update 2005-01

0 !HISTORY 2007-06-22 [PTadmin] Header formatted for Contributor Agreement

0 !HISTORY 2008-07-01 [PTadmin] Official Update 2008-01

0 !HISTORY 2012-02-16 [Philo] Changed to CCW

0 !HISTORY 2012-03-30 [PTadmin] Official Update 2012-01

0 !HISTORY 2024-01-14 [Holly-Wood] Complete re-write, original by guyvivan

0 !HISTORY 2024-01-29 [OrionP] Official Update 2024-01

0 !HISTORY 2024-06-06 [Philo] Changed last condline control point to match tangent plane

0 !HISTORY 2024-06-30 [OrionP] Official Update 2024-05



3 16 1 0 0 0.9239 0.0761 0.3827 0.9239 0 0.3827

5 24 0.9239 0 0.3827 0.9239 0.0761 0.3827 0.7071 0 0.7071 1 0 0

4 16 0.9239 0.0761 0.3827 0.7071 0.2929 0.7071 0.7071 0 0.7071 0.9239 0 0.3827

5 24 0.7071 0 0.7071 0.7071 0.2929 0.7071 0.4142 0 1 0.9239 0 0.3827

0 NOFILE

0 FILE 5-8cyli.dat
0 Cylinder 0.625

0 Name: 5-8cyli.dat

0 Author: Mark Kennedy [mkennedy]

0 !LDRAW_ORG Primitive UPDATE 2005-01

0 !LICENSE Licensed under CC BY 4.0 : see CAreadme.txt



0 BFC CERTIFY CCW



0 !HISTORY 2004-04-22 [PTadmin] Official Update 2004-02

0 !HISTORY 2004-12-11 [nielsk] Recreated using Primitive Generator, Edge lines fixed, BFC changed to CCW

0 !HISTORY 2005-12-28 [PTadmin] Official Update 2005-01

0 !HISTORY 2007-06-24 [PTadmin] Header formatted for Contributor Agreement

0 !HISTORY 2008-07-01 [PTadmin] Official Update 2008-01





4 16 .9239 1 .3827 .9239 0 .3827 1 0 0 1 1 0

4 16 .7071 1 .7071 .7071 0 .7071 .9239 0 .3827 .9239 1 .3827

4 16 .3827 1 .9239 .3827 0 .9239 .7071 0 .7071 .7071 1 .7071

4 16 0 1 1 0 0 1 .3827 0 .9239 .3827 1 .9239

4 16 -.3827 1 .9239 -.3827 0 .9239 0 0 1 0 1 1

4 16 -.7071 1 .7071 -.7071 0 .7071 -.3827 0 .9239 -.3827 1 .9239

4 16 -.9239 1 .3827 -.9239 0 .3827 -.7071 0 .7071 -.7071 1 .7071

4 16 -1 1 0 -1 0 0 -.9239 0 .3827 -.9239 1 .3827

4 16 -.9239 1 -.3827 -.9239 0 -.3827 -1 0 0 -1 1 0

4 16 -.7071 1 -.7071 -.7071 0 -.7071 -.9239 0 -.3827 -.9239 1 -.3827

0

5 24 1 1 0 1 0 0 1 1 -.4142 .9239 1 .3827

5 24 .9239 1 .3827 .9239 0 .3827 1 1 0 .7071 1 .7071

5 24 .7071 1 .7071 .7071 0 .7071 .9239 1 .3827 .3827 1 .9239

5 24 .3827 1 .9239 .3827 0 .9239 .7071 1 .7071 0 1 1

5 24 0 1 1 0 0 1 .3827 1 .9239 -.3827 1 .9239

5 24 -.3827 1 .9239 -.3827 0 .9239 0 1 1 -.7071 1 .7071

5 24 -.7071 1 .7071 -.7071 0 .7071 -.3827 1 .9239 -.9239 1 .3827

5 24 -.9239 1 .3827 -.9239 0 .3827 -.7071 1 .7071 -1 1 0

5 24 -1 1 0 -1 0 0 -.9239 1 .3827 -.9239 1 -.3827

5 24 -.9239 1 -.3827 -.9239 0 -.3827 -1 1 0 -.7071 1 -.7071

5 24 -.7071 1 -.7071 -.7071 0 -.7071 -.9239 1 -.3827 -.4142 1 -1

0

0 NOFILE

0 FILE rect3.dat
0 Rectangle with 3 Edges

0 Name: rect3.dat

0 Author: Mark Kennedy [mkennedy]

0 !LDRAW_ORG Primitive UPDATE 2010-01

0 !LICENSE Licensed under CC BY 4.0 : see CAreadme.txt



0 BFC CERTIFY CCW



0 !HISTORY 2003-08-01 [PTadmin] Official Update 2003-02

0 !HISTORY 2007-06-24 [PTadmin] Header formatted for Contributor Agreement

0 !HISTORY 2008-07-01 [PTadmin] Official Update 2008-01

0 !HISTORY 2010-01-17 [mikeheide] Change winding to CCW

0 !HISTORY 2010-04-05 [PTadmin] Official Update 2010-01





2 24 1 0 1 -1 0 1

2 24 1 0 1 1 0 -1

2 24 -1 0 1 -1 0 -1

4 16 -1 0 1 -1 0 -1 1 0 -1 1 0 1

0 //

0 NOFILE

0 FILE 2-4chrd.dat
0 Chord 0.5

0 Name: 2-4chrd.dat

0 Author: Philippe Hurbain [Philo]

0 !LDRAW_ORG Primitive UPDATE 2014-01

0 !LICENSE Licensed under CC BY 4.0 : see CAreadme.txt



0 BFC CERTIFY CCW



0 !HISTORY 2014-06-21 [PTadmin] Official Update 2014-01





4 16 0.9239 0 0.3827 -0.9239 0 0.3827 -1 0 0 1 0 0

4 16 0.7071 0 0.7071 -0.7071 0 0.7071 -0.9239 0 0.3827 0.9239 0 0.3827

4 16 0.3827 0 0.9239 -0.3827 0 0.9239 -0.7071 0 0.7071 0.7071 0 0.7071

3 16 0 0 1 -0.3827 0 0.9239 0.3827 0 0.9239

0 NOFILE

0 FILE 4-4ring1.dat
0 Ring  1 x 1.0

0 Name: 4-4ring1.dat

0 Author: James Jessiman

0 !LDRAW_ORG Primitive UPDATE 2009-01

0 !LICENSE Licensed under CC BY 4.0 : see CAreadme.txt



0 BFC CERTIFY CCW



0 !HISTORY 1998-12-15 [PTadmin] Official Update 1998-10

0 !HISTORY 2002-04-08 [BrickCaster] Modified for BFC compliance

0 !HISTORY 2002-04-25 [PTadmin] Official Update 2002-02

0 !HISTORY 2007-06-24 [PTadmin] Header formatted for Contributor Agreement

0 !HISTORY 2008-07-01 [PTadmin] Official Update 2008-01

0 !HISTORY 2008-08-26 [cwdee] Switch polygon winding and rename

0 !HISTORY 2009-05-02 [PTadmin] Official Update 2009-01





4 16 -0.7654 0 1.8478 -0.3827 0 0.9239 0 0 1 0 0 2

4 16 -1.4142 0 1.4142 -0.7071 0 0.7071 -0.3827 0 0.9239 -0.7654 0 1.8478

4 16 -1.8478 0 0.7654 -0.9239 0 0.3827 -0.7071 0 0.7071 -1.4142 0 1.41420

4 16 -2 0 0 -1 0 0 -0.9239 0 0.3827 -1.8478 0 0.7654

4 16 -1.8478 0 -0.7654 -0.9239 0 -0.3827 -1 0 0 -2 0 0

4 16 -1.4142 0 -1.4142 -0.7071 0 -0.7071 -0.9239 0 -0.3827 -1.8478 0 -0.7654

4 16 -0.7654 0 -1.8478 -0.3827 0 -0.9239 -0.7071 0 -0.7071 -1.4142 0 -1.4142

4 16 0 0 -2 0 0 -1 -0.3827 0 -0.9239 -0.7654 0 -1.8478

4 16 0.7654 0 -1.8478 0.3827 0 -0.9239 0 0 -1 0 0 -2

4 16 1.4142 0 -1.4142 0.7071 0 -0.7071 0.3827 0 -0.9239 0.7654 0 -1.8478

4 16 1.8478 0 -0.7654 0.9239 0 -0.3827 0.7071 0 -0.7071 1.4142 0 -1.4142

4 16 2 0 0 1 0 0 0.9239 0 -0.3827 1.8478 0 -0.7654

4 16 1.8478 0 0.7654 0.9239 0 0.3827 1 0 0 2 0 0

4 16 1.4142 0 1.4142 0.7071 0 0.7071 0.9239 0 0.3827 1.8478 0 0.7654

4 16 0.7654 0 1.8478 0.3827 0 0.9239 0.7071 0 0.7071 1.4142 0 1.4142

4 16 0 0 2 0 0 1 0.3827 0 0.9239 0.7654 0 1.8478

0

0 NOFILE

0 FILE 3-4cylo.dat
0 Cylinder Open 0.75

0 Name: 3-4cylo.dat

0 Author: Philippe Hurbain [Philo]

0 !LDRAW_ORG Primitive UPDATE 2011-02

0 !LICENSE Licensed under CC BY 4.0 : see CAreadme.txt



0 BFC CERTIFY CCW



0 !HISTORY 2011-12-29 [PTadmin] Official Update 2011-02





1 16 0 0 0 1 0 0 0 1 0 0 0 1 3-4edge.dat

1 16 0 1 0 1 0 0 0 1 0 0 0 1 3-4edge.dat

1 16 0 0 0 1 0 0 0 1 0 0 0 1 3-4cyli.dat

0 NOFILE

0 FILE stud2.dat
0 Stud Open

0 Name: stud2.dat

0 Author: James Jessiman

0 !LDRAW_ORG Primitive UPDATE 2009-02

0 !LICENSE Licensed under CC BY 4.0 : see CAreadme.txt



0 BFC CERTIFY CCW



0 !HISTORY 1999-07-05 [PTadmin] Official Update 1999-05

0 !HISTORY 2002-04-04 [sbliss] Modified for BFC compliance

0 !HISTORY 2002-04-25 [PTadmin] Official Update 2002-02

0 !HISTORY 2007-06-24 [PTadmin] Header formatted for Contributor Agreement

0 !HISTORY 2008-07-01 [PTadmin] Official Update 2008-01

0 !HISTORY 2009-06-21 [cwdee] Update ring references to 4-4ring

0 !HISTORY 2009-09-03 [PTadmin] Official Update 2009-02





1 16 0 0 0 4 0 0 0 1 0 0 0 4 4-4edge.dat

1 16 0 0 0 6 0 0 0 1 0 0 0 6 4-4edge.dat

1 16 0 -4 0 4 0 0 0 1 0 0 0 4 4-4edge.dat

1 16 0 -4 0 6 0 0 0 1 0 0 0 6 4-4edge.dat

0 BFC INVERTNEXT

1 16 0 -4 0 4 0 0 0 4 0 0 0 4 4-4cyli.dat

1 16 0 -4 0 6 0 0 0 4 0 0 0 6 4-4cyli.dat

1 16 0 -4 0 2 0 0 0 1 0 0 0 2 4-4ring2.dat

0

0 NOFILE

0 FILE 3-4chrd.dat
0 Chord 0.75

0 Name: 3-4chrd.dat

0 Author: Philippe Hurbain [Philo]

0 !LDRAW_ORG Primitive UPDATE 2015-02

0 !LICENSE Licensed under CC BY 4.0 : see CAreadme.txt



0 BFC CERTIFY CCW



0 !HISTORY 2015-12-30 [PTadmin] Official Update 2015-02





3 16 1 0 0 0.9239 0 0.3827 0.7071 0 0.7071

3 16 1 0 0 0.7071 0 0.7071 0.3827 0 0.9239

3 16 1 0 0 0.3827 0 0.9239 0 0 1

3 16 1 0 0 0 0 1 -0.3827 0 0.9239

3 16 1 0 0 -0.3827 0 0.9239 -0.7071 0 0.7071

3 16 1 0 0 -0.7071 0 0.7071 -0.9239 0 0.3827

3 16 1 0 0 -0.9239 0 0.3827 -1 0 0

3 16 1 0 0 -1 0 0 -0.9239 0 -0.3827

3 16 1 0 0 -0.9239 0 -0.3827 -0.7071 0 -0.7071

3 16 1 0 0 -0.7071 0 -0.7071 -0.3827 0 -0.9239

3 16 1 0 0 -0.3827 0 -0.9239 0 0 -1

0 // Build by Primitive Generator 2

0 NOFILE

0 FILE 3-4cyli.dat
0 Cylinder 0.75

0 Name: 3-4cyli.dat

0 Author: James Jessiman

0 !LDRAW_ORG Primitive UPDATE 2005-01

0 !LICENSE Licensed under CC BY 4.0 : see CAreadme.txt



0 BFC CERTIFY CCW



0 !HISTORY 2002-03-23 [sbliss] Added BFC statement; compacted code

0 !HISTORY 2002-04-25 [PTadmin] Official Update 2002-02

0 !HISTORY 2004-12-11 [nielsk] Recreated using Primitive Generator, Edge lines fixed, BFC changed to CCW

0 !HISTORY 2005-12-28 [PTadmin] Official Update 2005-01

0 !HISTORY 2007-06-24 [PTadmin] Header formatted for Contributor Agreement

0 !HISTORY 2008-07-01 [PTadmin] Official Update 2008-01





4 16 .9239 1 .3827 .9239 0 .3827 1 0 0 1 1 0

4 16 .7071 1 .7071 .7071 0 .7071 .9239 0 .3827 .9239 1 .3827

4 16 .3827 1 .9239 .3827 0 .9239 .7071 0 .7071 .7071 1 .7071

4 16 0 1 1 0 0 1 .3827 0 .9239 .3827 1 .9239

4 16 -.3827 1 .9239 -.3827 0 .9239 0 0 1 0 1 1

4 16 -.7071 1 .7071 -.7071 0 .7071 -.3827 0 .9239 -.3827 1 .9239

4 16 -.9239 1 .3827 -.9239 0 .3827 -.7071 0 .7071 -.7071 1 .7071

4 16 -1 1 0 -1 0 0 -.9239 0 .3827 -.9239 1 .3827

4 16 -.9239 1 -.3827 -.9239 0 -.3827 -1 0 0 -1 1 0

4 16 -.7071 1 -.7071 -.7071 0 -.7071 -.9239 0 -.3827 -.9239 1 -.3827

4 16 -.3827 1 -.9239 -.3827 0 -.9239 -.7071 0 -.7071 -.7071 1 -.7071

4 16 0 1 -1 0 0 -1 -.3827 0 -.9239 -.3827 1 -.9239

5 24 1 1 0 1 0 0 1 1 -.4142 .9239 1 .3827

5 24 .9239 1 .3827 .9239 0 .3827 1 1 0 .7071 1 .7071

5 24 .7071 1 .7071 .7071 0 .7071 .9239 1 .3827 .3827 1 .9239

5 24 .3827 1 .9239 .3827 0 .9239 .7071 1 .7071 0 1 1

5 24 0 1 1 0 0 1 .3827 1 .9239 -.3827 1 .9239

5 24 -.3827 1 .9239 -.3827 0 .9239 0 1 1 -.7071 1 .7071

5 24 -.7071 1 .7071 -.7071 0 .7071 -.3827 1 .9239 -.9239 1 .3827

5 24 -.9239 1 .3827 -.9239 0 .3827 -.7071 1 .7071 -1 1 0

5 24 -1 1 0 -1 0 0 -.9239 1 .3827 -.9239 1 -.3827

5 24 -.9239 1 -.3827 -.9239 0 -.3827 -1 1 0 -.7071 1 -.7071

5 24 -.7071 1 -.7071 -.7071 0 -.7071 -.9239 1 -.3827 -.3827 1 -.9239

5 24 -.3827 1 -.9239 -.3827 0 -.9239 -.7071 1 -.7071 0 1 -1

5 24 0 1 -1 0 0 -1 -.3827 1 -.9239 .4142 1 -1

0

0 NOFILE

0 FILE 3-4edge.dat
0 Circle 0.75

0 Name: 3-4edge.dat

0 Author: James Jessiman

0 !LDRAW_ORG Primitive UPDATE 2017-01

0 !LICENSE Licensed under CC BY 4.0 : see CAreadme.txt



0 BFC CERTIFY CCW



0 !HISTORY 2007-06-24 [PTadmin] Header formatted for Contributor Agreement

0 !HISTORY 2008-07-01 [PTadmin] Official Update 2008-01

0 !HISTORY 2017-01-15 [Steffen] BFCed

0 !HISTORY 2017-12-30 [PTadmin] Official Update 2017-01





2 24 1 0 0 0.9239 0 0.3827

2 24 0.9239 0 0.3827 0.7071 0 0.7071

2 24 0.7071 0 0.7071 0.3827 0 0.9239

2 24 0.3827 0 0.9239 0 0 1

2 24 0 0 1 -0.3827 0 0.9239

2 24 -0.3827 0 0.9239 -0.7071 0 0.7071

2 24 -0.7071 0 0.7071 -0.9239 0 0.3827

2 24 -0.9239 0 0.3827 -1 0 0

2 24 -1 0 -0 -0.9239 0 -0.3827

2 24 -0.9239 0 -0.3827 -0.7071 0 -0.7071

2 24 -0.7071 0 -0.7071 -0.3827 0 -0.9239

2 24 -0.3827 0 -0.9239 0 0 -1

0 NOFILE

0 FILE 3-4ring4.dat
0 Ring  4 x 0.75

0 Name: 3-4ring4.dat

0 Author: Willy Tschager [Holly-Wood]

0 !LDRAW_ORG Primitive UPDATE 2024-01

0 !LICENSE Licensed under CC BY 4.0 : see CAreadme.txt



0 BFC CERTIFY CCW



0 !HISTORY 2009-05-02 [PTadmin] Official Update 2009-01

0 !HISTORY 2024-01-22 [Holly-Wood] Complete regeneration, original by guyvivan

0 !HISTORY 2024-01-29 [OrionP] Official Update 2024-01



4 16 5 0 0 4.6195 0 1.9135 3.6956 0 1.5308 4 0 0

4 16 4.6195 0 1.9135 3.5355 0 3.5355 2.8284 0 2.8284 3.6956 0 1.5308

4 16 3.5355 0 3.5355 1.9135 0 4.6195 1.5308 0 3.6956 2.8284 0 2.8284

4 16 1.9135 0 4.6195 0 0 5 0 0 4 1.5308 0 3.6956

4 16 0 0 5 -1.9135 0 4.6195 -1.5308 0 3.6956 0 0 4

4 16 -1.9135 0 4.6195 -3.5355 0 3.5355 -2.8284 0 2.8284 -1.5308 0 3.6956

4 16 -3.5355 0 3.5355 -4.6195 0 1.9135 -3.6956 0 1.5308 -2.8284 0 2.8284

4 16 -4.6195 0 1.9135 -5 0 0 -4 0 0 -3.6956 0 1.5308

4 16 -5 0 0 -4.6195 0 -1.9135 -3.6956 0 -1.5308 -4 0 0

4 16 -4.6195 0 -1.9135 -3.5355 0 -3.5355 -2.8284 0 -2.8284 -3.6956 0 -1.5308

4 16 -3.5355 0 -3.5355 -1.9135 0 -4.6195 -1.5308 0 -3.6956 -2.8284 0 -2.8284

4 16 -1.9135 0 -4.6195 0 0 -5 0 0 -4 -1.5308 0 -3.6956

0 // Build by LDPartEditor (PrimGen 2.X)

0 NOFILE

0 FILE stud4o.dat
0 Stud Tube Open without Outer Cylinder

0 Name: stud4o.dat

0 Author: Magnus Forsberg [MagFors]

0 !LDRAW_ORG Primitive UPDATE 2011-02

0 !LICENSE Licensed under CC BY 4.0 : see CAreadme.txt



0 !HELP This stud is a "antistud" to be used like a underside stud,

0 !HELP but without the outer cylinder.

0 !HELP 1 47 0 0 0 1 0 0 0 1 0 0 0 1 stud4.dat



0 BFC CERTIFY CCW



0 !HISTORY 2011-12-29 [PTadmin] Official Update 2011-02





1 16 0 -4 0 2 0 0 0 1 0 0 0 2 4-4ring3.dat

0 BFC INVERTNEXT

1 16 0 0 0 -6 0 0 0 -4 0 0 0 6 4-4cylc.dat

0 NOFILE

0 FILE 4-4ring3.dat
0 Ring  3 x 1.0

0 Name: 4-4ring3.dat

0 Author: James Jessiman

0 !LDRAW_ORG Primitive UPDATE 2009-01

0 !LICENSE Licensed under CC BY 4.0 : see CAreadme.txt



0 BFC CERTIFY CCW



0 !HISTORY 1998-12-15 [PTadmin] Official Update 1998-10

0 !HISTORY 2002-04-05 [hafhead] Added BFC statement

0 !HISTORY 2002-04-25 [PTadmin] Official Update 2002-02

0 !HISTORY 2007-06-24 [PTadmin] Header formatted for Contributor Agreement

0 !HISTORY 2008-07-01 [PTadmin] Official Update 2008-01

0 !HISTORY 2008-08-26 [cwdee] Switch polygon winding and rename

0 !HISTORY 2009-05-02 [PTadmin] Official Update 2009-01





4 16 -1.5308 0 3.6956 -1.1481 0 2.7717 0 0 3 0 0 4

4 16 -2.8284 0 2.8284 -2.1213 0 2.1213 -1.1481 0 2.7717 -1.5308 0 3.6956

4 16 -3.6956 0 1.5308 -2.7717 0 1.1481 -2.1213 0 2.1213 -2.8284 0 2.8284

4 16 -4 0 0 -3 0 0 -2.7717 0 1.1481 -3.6956 0 1.5308

4 16 -3.6956 0 -1.5308 -2.7717 0 -1.1481 -3 0 0 -4 0 0

4 16 -2.8284 0 -2.8284 -2.1213 0 -2.1213 -2.7717 0 -1.1481 -3.6956 0 -1.5308

4 16 -1.5308 0 -3.6956 -1.1481 0 -2.7717 -2.1213 0 -2.1213 -2.8284 0 -2.8284

4 16 0 0 -4 0 0 -3 -1.1481 0 -2.7717 -1.5308 0 -3.6956

4 16 1.5308 0 -3.6956 1.1481 0 -2.7717 0 0 -3 0 0 -4

4 16 2.8284 0 -2.8284 2.1213 0 -2.1213 1.1481 0 -2.7717 1.5308 0 -3.6956

4 16 3.6956 0 -1.5308 2.7717 0 -1.1481 2.1213 0 -2.1213 2.8284 0 -2.8284

4 16 4 0 0 3 0 0 2.7717 0 -1.1481 3.6956 0 -1.5308

4 16 3.6956 0 1.5308 2.7717 0 1.1481 3 0 0 4 0 0

4 16 2.8284 0 2.8284 2.1213 0 2.1213 2.7717 0 1.1481 3.6956 0 1.5308

4 16 1.5308 0 3.6956 1.1481 0 2.7717 2.1213 0 2.1213 2.8284 0 2.8284

4 16 0 0 4 0 0 3 1.1481 0 2.7717 1.5308 0 3.6956

0

0 NOFILE

0 FILE 3023b.dat
0 Plate  1 x  2

0 Name: 3023b.dat

0 Author: James Jessiman

0 !LDRAW_ORG Part UPDATE 2023-03

0 !LICENSE Licensed under CC BY 4.0 : see CAreadme.txt



0 BFC CERTIFY CCW



0 !KEYWORDS BrickLink 3023, Rebrickable 3023



0 !HISTORY 2001-10-26 [PTadmin] Official Update 2001-01

0 !HISTORY 2002-05-07 {unknown} BFC Certification

0 !HISTORY 2002-06-11 [PTadmin] Official Update 2002-03

0 !HISTORY 2007-06-07 [PTadmin] Header formatted for Contributor Agreement

0 !HISTORY 2008-07-01 [PTadmin] Official Update 2008-01

0 !HISTORY 2020-03-07 [Sirio] Subparted

0 !HISTORY 2022-01-14 [PTadmin] Official Update 2022-01

0 !HISTORY 2023-05-26 [OrionP] Moved from 3023.dat

0 !HISTORY 2023-06-24 [OrionP] Official Update 2023-03





1 16 0 0 0 1 0 0 0 1 0 0 0 1 s__3023bs01.dat

4 16 -20 0 -10 -20 8 -10 20 8 -10 20 0 -10

0 NOFILE

0 FILE s__3023bs01.dat
0 ~Plate  1 x  2 without Front Face

0 Name: s\3023bs01.dat

0 Author: Massimo Maso [Sirio]

0 !LDRAW_ORG Subpart UPDATE 2023-03

0 !LICENSE Licensed under CC BY 4.0 : see CAreadme.txt



0 BFC CERTIFY CCW



0 !HISTORY 2022-01-14 [PTadmin] Official Update 2022-01

0 !HISTORY 2023-05-27 [OrionP] Moved from s\3023s01.dat

0 !HISTORY 2023-06-24 [OrionP] Official Update 2023-03





0 // Primitves

1 16 0 4 0 1 0 0 0 -1 0 0 0 1 stud3.dat

0 BFC INVERTNEXT

1 16 0 8 0 16 0 0 0 -4 0 0 0 6 box5.dat

1 16 0 8 0 20 0 0 0 -8 0 0 0 10 box4t.dat

1 16 0 0 0 1 0 0 0 1 0 0 0 1 stug-1x2.dat

0 // Faces

4 16 20 8 10 16 8 6 -16 8 6 -20 8 10

4 16 -20 8 10 -16 8 6 -16 8 -6 -20 8 -10

4 16 -20 8 -10 -16 8 -6 16 8 -6 20 8 -10

4 16 20 8 -10 16 8 -6 16 8 6 20 8 10

0 NOFILE

0 FILE stug-1x2.dat
0 Stud Group  1 x  2

0 Name: stug-1x2.dat

0 Author: Steffen [Steffen]

0 !LDRAW_ORG Primitive UPDATE 2011-01

0 !LICENSE Licensed under CC BY 4.0 : see CAreadme.txt



0 BFC CERTIFY CCW



0 !HISTORY 2011-07-25 [PTadmin] Official Update 2011-01





1 16 -10 0 0 1 0 0 0 1 0 0 0 1 stud.dat

1 16 10 0 0 1 0 0 0 1 0 0 0 1 stud.dat

0 NOFILE

0 FILE stud3.dat
0 Stud Tube Solid

0 Name: stud3.dat

0 Author: James Jessiman

0 !LDRAW_ORG Primitive UPDATE 2012-01

0 !LICENSE Licensed under CC BY 4.0 : see CAreadme.txt



0 BFC CERTIFY CCW



0 !HISTORY 2002-04-04 [sbliss] Modified for BFC compliance

0 !HISTORY 2002-04-25 [PTadmin] Official Update 2002-02

0 !HISTORY 2007-06-24 [PTadmin] Header formatted for Contributor Agreement

0 !HISTORY 2008-07-01 [PTadmin] Official Update 2008-01

0 !HISTORY 2012-02-16 [Philo] Changed to CCW

0 !HISTORY 2012-03-30 [PTadmin] Official Update 2012-01





1 16 0 -4 0 4 0 0 0 1 0 0 0 4 4-4edge.dat

1 16 0 0 0 4 0 0 0 1 0 0 0 4 4-4edge.dat

1 16 0 -4 0 4 0 0 0 1 0 0 0 4 4-4disc.dat

1 16 0 -4 0 4 0 0 0 4 0 0 0 4 4-4cyli.dat

0 NOFILE

0 FILE 54200.dat
0 Slope Brick 31  1 x  1 x  0.667

0 Name: 54200.dat

0 Author: Orion Pobursky [OrionP]

0 !LDRAW_ORG Part UPDATE 2022-04

0 !LICENSE Licensed under CC BY 4.0 : see CAreadme.txt



0 BFC CERTIFY CCW



0 !KEYWORDS cheese



0 !HISTORY 2006-01-14 [cwdee] Rotated to match other slope bricks

0 !HISTORY 2009-09-03 [PTadmin] Official Update 2009-02

0 !HISTORY 2013-08-04 [cwdee] Description change

0 !HISTORY 2013-12-23 [PTadmin] Official Update 2013-02

0 !HISTORY 2014-11-21 [roland] Auto-corrected with libfix version of LDCad 1.4

0 !HISTORY 2015-10-11 [PTadmin] Official Update 2015-01

0 !HISTORY 2019-06-03 [Philo] Rounded corners and flattened top.

0 !HISTORY 2019-06-28 [PTadmin] Official Update 2019-01

0 !HISTORY 2021-05-21 [OrionP] Subfiled for patterns

0 !HISTORY 2022-05-07 [PTadmin] Official Update 2022-03

0 !HISTORY 2022-07-13 [Jaco] added keyword Cheese

0 !HISTORY 2022-07-18 [PTadmin] Official Update 2022-04





1 16 0 0 0 1 0 0 0 1 0 0 0 1 s__54200s01.dat



3 16 9.41 -15.01 8.35 8 -15.6 9.3333 10 -13.6 6

4 16 -8 -15.6 9.3333 -10 -13.6 6 10 -13.6 6 8 -15.6 9.3333

3 16 -8 -15.6 9.3333 -9.41 -15.01 8.35 -10 -13.6 6

4 16 -10 -4 -10 10 -4 -10 10 -13.6 6 -10 -13.6 6

0 NOFILE

0 FILE s__54200s01.dat
0 ~Slope Brick 31  1 x  1 x  0.667 without Sloped Face

0 Name: s\54200s01.dat

0 Author: Orion Pobursky [OrionP]

0 !LDRAW_ORG Subpart UPDATE 2022-03

0 !LICENSE Licensed under CC BY 4.0 : see CAreadme.txt



0 BFC CERTIFY CCW



0 !HISTORY 2022-05-07 [PTadmin] Official Update 2022-03





2 24 10 -1 10 10 -1 -10

2 24 -10 -1 10 -10 -1 -10

1 16 0 -5.3 6 -6 0 0 0 0 5.3 0 1 0 rect.dat

1 16 0 -1.7 -6 0 0 -6 1.7 0 0 0 -1 0 rect.dat

1 16 0 -2.5 -10 -10 0 0 0 0 1.5 0 1 0 rect.dat

2 24 9 0 9 -9 0 9

2 24 9 0 -9 -9 0 -9

1 16 0 -1 0 0 0 9 0 1 0 -9 0 0 box4.dat

4 16 10 -1 -10 9 -1 -9 9 -1 9 10 -1 10

4 16 -10 -1 10 -9 -1 9 -9 -1 -9 -10 -1 -10

4 16 10 -1 10 9 -1 9 -9 -1 9 -10 -1 10

4 16 -10 -1 -10 -9 -1 -9 9 -1 -9 10 -1 -10

4 16 6 0 -6 6 0 6 9 0 9 9 0 -9

4 16 -6 0 6 -6 0 -6 -9 0 -9 -9 0 9

4 16 -6 0 -6 6 0 -6 9 0 -9 -9 0 -9

4 16 6 0 6 -6 0 6 -9 0 9 9 0 9

4 16 6 -10.6 6 6 0 6 6 0 -6 6 -3.4 -6

4 16 -6 -10.6 6 -6 -3.4 -6 -6 0 -6 -6 0 6

2 24 6 0 -6 6 0 6

2 24 -6 0 -6 -6 0 6

2 24 6 -3.4 -6 6 -10.6 6

2 24 -6 -3.4 -6 -6 -10.6 6

3 16 -3.1092 -4 -5 -2.2961 -4 -5.5434 -2.2961 -3.674 -5.5434

5 24 -2.2961 -4 -5.5434 -2.2961 -3.674 -5.5434 -3.1092 -4 -5 0 -4 -6

4 16 -2.2961 -4 -5.5434 0 -4 -6 0 -3.4 -6 -2.2961 -3.674 -5.5434

5 24 0 -4 -6 0 -3.4 -6 -2.2961 -4 -5.5434 2.2961 -4 -5.5434

4 16 0 -4 -6 2.2961 -4 -5.5434 2.2961 -3.674 -5.5434 0 -3.4 -6

5 24 2.2961 -4 -5.5434 2.2961 -3.674 -5.5434 0 -4 -6 3.1092 -4 -5

3 16 3.1092 -4 -5 2.2961 -3.674 -5.5434 2.2961 -4 -5.5434

2 24 -3.1092 -4 -5 -2.2961 -4 -5.5434

2 24 -2.2961 -4 -5.5434 0 -4 -6

2 24 2.2961 -4 -5.5434 0 -4 -6

2 24 3.1092 -4 -5 2.2961 -4 -5.5434

2 24 -3.1092 -4 -5 -2.2961 -3.674 -5.5434

2 24 -2.2961 -3.674 -5.5434 0 -3.4 -6

2 24 2.2961 -3.674 -5.5434 0 -3.4 -6

2 24 3.1092 -4 -5 2.2961 -3.674 -5.5434

2 24 -3.1092 -4 -5 3.1092 -4 -5

3 16 -3.1092 -4 -5 -2.2961 -3.674 -5.5434 -6 -3.4 -6

3 16 -6 -3.4 -6 -2.2961 -3.674 -5.5434 0 -3.4 -6

3 16 3.1092 -4 -5 6 -3.4 -6 2.2961 -3.674 -5.5434

3 16 6 -3.4 -6 0 -3.4 -6 2.2961 -3.674 -5.5434

2 24 9.41 -15.01 8.35 10 -13.6 6

2 24 9.41 -15.01 10 10 -13.6 10

2 24 8 -15.6 9.3333 9.41 -15.01 8.35

2 24 9.41 -15.01 10 8 -15.6 10

2 24 -9.41 -15.01 8.35 -10 -13.6 6

2 24 -9.41 -15.01 10 -10 -13.6 10

2 24 -8 -15.6 9.3333 -9.41 -15.01 8.35

2 24 -9.41 -15.01 10 -8 -15.6 10

4 16 8 -15.6 10 8 -15.6 9.3333 9.41 -15.01 8.35 9.41 -15.01 10

4 16 9.41 -15.01 10 9.41 -15.01 8.35 10 -13.6 6 10 -13.6 10

4 16 10 -1 10 10 -13.6 10 10 -13.6 6 10 -4 -10

3 16 10 -4 -10 10 -1 -10 10 -1 10

3 16 8 -15.6 10 9.41 -15.01 10 10 -13.6 10

4 16 -9.41 -15.01 8.35 -8 -15.6 9.3333 -8 -15.6 10 -9.41 -15.01 10

4 16 -10 -13.6 6 -9.41 -15.01 8.35 -9.41 -15.01 10 -10 -13.6 10

4 16 -10 -13.6 6 -10 -13.6 10 -10 -1 10 -10 -4 -10

3 16 -10 -1 -10 -10 -4 -10 -10 -1 10

3 16 -9.41 -15.01 10 -8 -15.6 10 -10 -13.6 10

2 24 -8 -15.6 10 8 -15.6 10

2 24 -8 -15.6 9.3333 8 -15.6 9.3333

4 16 -8 -15.6 10 -8 -15.6 9.3333 8 -15.6 9.3333 8 -15.6 10

4 16 -10 -13.6 10 -8 -15.6 10 8 -15.6 10 10 -13.6 10

1 16 0 -7.3 10 10 0 0 0 0 6.3 0 -1 0 rect3.dat

5 24 -9.41 -15.01 10 -9.41 -15.01 8.35 -8 -15.6 9.3333 -10 -13.6 10

5 24 9.41 -15.01 8.35 9.41 -15.01 10 8 -15.6 10 10 -13.6 6

5 24 -10 -13.6 6 -10 -13.6 10 -9.41 -15.01 8.35 -10 -1 10

5 24 10 -13.6 10 10 -13.6 6 9.41 -15.01 10 10 -4 -10

5 24 8 -15.6 9.3333 8 -15.6 10 9.41 -15.01 8.35 -8 -15.6 10

5 24 -8 -15.6 9.3333 -8 -15.6 10 -9.41 -15.01 10 8 -15.6 9.3333

3 16 0 -4 -6 -2.2961 -4 -5.5434 2.2961 -4 -5.5434

4 16 -3.1092 -4 -5 3.1092 -4 -5 2.2961 -4 -5.5434 -2.2961 -4 -5.5434

3 16 -3.1092 -4 -5 -6 -3.4 -6 -6 -10.6 6

3 16 6 -3.4 -6 3.1092 -4 -5 6 -10.6 6

4 16 -3.1092 -4 -5 -6 -10.6 6 6 -10.6 6 3.1092 -4 -5

2 24 -10 -13.6 6 -10 -4 -10

2 24 10 -4 -10 10 -13.6 6

0 NOFILE

0 FILE box4.dat
0 Box with 4 Faces (2 Parallel Pairs) and All Edges

0 Name: box4.dat

0 Author: James Jessiman

0 !LDRAW_ORG Primitive UPDATE 2012-01

0 !LICENSE Licensed under CC BY 4.0 : see CAreadme.txt



0 BFC CERTIFY CCW



0 !HISTORY 2002-04-03 [sbliss] Modified for BFC compliance

0 !HISTORY 2002-04-25 [PTadmin] Official Update 2002-02

0 !HISTORY 2007-06-24 [PTadmin] Header formatted for Contributor Agreement

0 !HISTORY 2008-07-01 [PTadmin] Official Update 2008-01

0 !HISTORY 2012-02-16 [Philo] Changed to CCW

0 !HISTORY 2012-03-30 [PTadmin] Official Update 2012-01





2 24 1 1 1 -1 1 1

2 24 -1 1 1 -1 1 -1

2 24 -1 1 -1 1 1 -1

2 24 1 1 -1 1 1 1

2 24 1 0 1 -1 0 1

2 24 -1 0 1 -1 0 -1

2 24 -1 0 -1 1 0 -1

2 24 1 0 -1 1 0 1

2 24 1 0 1 1 1 1

2 24 -1 0 1 -1 1 1

2 24 1 0 -1 1 1 -1

2 24 -1 0 -1 -1 1 -1

4 16 -1 1 1 -1 0 1 1 0 1 1 1 1

4 16 -1 1 -1 -1 0 -1 -1 0 1 -1 1 1

4 16 1 1 -1 1 0 -1 -1 0 -1 -1 1 -1

4 16 1 1 1 1 0 1 1 0 -1 1 1 -1

0 NOFILE

0 FILE rect.dat
0 Rectangle

0 Name: rect.dat

0 Author: James Jessiman

0 !LDRAW_ORG Primitive UPDATE 2010-01

0 !LICENSE Licensed under CC BY 4.0 : see CAreadme.txt



0 BFC CERTIFY CCW



0 !HISTORY 2002-04-05 [hafhead] Added BFC statement

0 !HISTORY 2002-04-25 [PTadmin] Official Update 2002-02

0 !HISTORY 2007-06-24 [PTadmin] Header formatted for Contributor Agreement

0 !HISTORY 2008-07-01 [PTadmin] Official Update 2008-01

0 !HISTORY 2010-01-17 [mikeheide] changed winding to CCW

0 !HISTORY 2010-04-05 [PTadmin] Official Update 2010-01





2 24 1 0 1 -1 0 1

2 24 -1 0 1 -1 0 -1

2 24 -1 0 -1 1 0 -1

2 24 1 0 -1 1 0 1

4 16 -1 0 1 -1 0 -1 1 0 -1 1 0 1

0

0 NOFILE

0 FILE 85861.dat
0 Plate  1 x  1 Round with Open Stud

0 Name: 85861.dat

0 Author: Magnus Forsberg [MagFors]

0 !LDRAW_ORG Part UPDATE 2025-09

0 !LICENSE Licensed under CC BY 4.0 : see CAreadme.txt



0 BFC CERTIFY CCW



0 !HISTORY 2010-04-05 [PTadmin] Official Update 2010-01

0 !HISTORY 2025-09-27 [OrionP] Changed winding to CCW

0 !HISTORY 2025-09-29 [OrionP] Official Update 2025-09



1 16 0 3 0 -1 0 0 0 -1.25 0 0 0 1 stud4.dat

1 16 0 3 0 4 0 0 0 1 0 0 0 4 4-4edge.dat

1 16 0 3 0 -2 0 0 0 -1 0 0 0 2 4-4ring2.dat

1 16 0 3 0 10 0 0 0 1 0 0 0 10 4-4edge.dat

1 16 0 3 0 -2 0 0 0 -1 0 0 0 2 4-4ring4.dat

1 16 0 0 0 10 0 0 0 1 0 0 0 10 4-4edge.dat

1 16 0 0 0 10 0 0 0 3 0 0 0 10 4-4cyli.dat

1 16 0 0 0 6 0 0 0 1 0 0 0 6 4-4edge.dat

1 16 0 0 0 2 0 0 0 1 0 0 0 2 4-4ring4.dat

1 16 0 0 0 2 0 0 0 1 0 0 0 2 4-4ring3.dat

0 BFC INVERTNEXT

1 16 0 0 0 4 0 0 0 3 0 0 0 4 4-4cyli.dat

1 16 0 0 0 1 0 0 0 1 0 0 0 1 stud2a.dat
0 NOFILE

0 FILE stud2a.dat
0 Stud Open without Base Edges

0 Name: stud2a.dat

0 Author: James Jessiman

0 !LDRAW_ORG Primitive UPDATE 2009-02

0 !LICENSE Licensed under CC BY 4.0 : see CAreadme.txt



0 BFC CERTIFY CCW



0 !HISTORY 1999-07-05 [PTadmin] Official Update 1999-05

0 !HISTORY 2002-04-04 [sbliss] Modified for BFC compliance

0 !HISTORY 2002-04-25 [PTadmin] Official Update 2002-02

0 !HISTORY 2007-06-24 [PTadmin] Header formatted for Contributor Agreement

0 !HISTORY 2008-07-01 [PTadmin] Official Update 2008-01

0 !HISTORY 2009-06-21 [cwdee] Update ring references to 4-4ring

0 !HISTORY 2009-09-03 [PTadmin] Official Update 2009-02





1 16 0 -4 0 4 0 0 0 1 0 0 0 4 4-4edge.dat

1 16 0 -4 0 6 0 0 0 1 0 0 0 6 4-4edge.dat

0 BFC INVERTNEXT

1 16 0 -4 0 4 0 0 0 4 0 0 0 4 4-4cyli.dat

1 16 0 -4 0 6 0 0 0 4 0 0 0 6 4-4cyli.dat

1 16 0 -4 0 2 0 0 0 1 0 0 0 2 4-4ring2.dat

0

0 NOFILE

0 FILE 4-4ring4.dat
0 Ring  4 x 1.0

0 Name: 4-4ring4.dat

0 Author: James Jessiman

0 !LDRAW_ORG Primitive UPDATE 2009-01

0 !LICENSE Licensed under CC BY 4.0 : see CAreadme.txt



0 BFC CERTIFY CCW



0 !HISTORY 1998-12-15 [PTadmin] Official Update 1998-10

0 !HISTORY 2002-04-08 [BrickCaster] Modified for BFC compliance

0 !HISTORY 2002-04-25 [PTadmin] Official Update 2002-02

0 !HISTORY 2007-06-24 [PTadmin] Header formatted for Contributor Agreement

0 !HISTORY 2008-07-01 [PTadmin] Official Update 2008-01

0 !HISTORY 2008-08-26 [cwdee] Switch polygon winding and rename

0 !HISTORY 2009-05-02 [PTadmin] Official Update 2009-01





4 16 -1.9135 0 4.6195 -1.5308 0 3.6956 0 0 4 0 0 5

4 16 -3.5355 0 3.5355 -2.8284 0 2.8284 -1.5308 0 3.6956 -1.9135 0 4.6195

4 16 -4.6195 0 1.9135 -3.6956 0 1.5308 -2.8284 0 2.8284 -3.5355 0 3.5355

4 16 -5 0 0 -4 0 0 -3.6956 0 1.5308 -4.6195 0 1.9135

4 16 -4.6195 0 -1.9135 -3.6956 0 -1.5308 -4 0 0 -5 0 0

4 16 -3.5355 0 -3.5355 -2.8284 0 -2.8284 -3.6956 0 -1.5308 -4.6195 0 -1.9135

4 16 -1.9135 0 -4.6195 -1.5308 0 -3.6956 -2.8284 0 -2.8284 -3.5355 0 -3.5355

4 16 0 0 -5 0 0 -4 -1.5308 0 -3.6956 -1.9135 0 -4.6195

4 16 1.9135 0 -4.6195 1.5308 0 -3.6956 0 0 -4 0 0 -5

4 16 3.5355 0 -3.5355 2.8284 0 -2.8284 1.5308 0 -3.6956 1.9135 0 -4.6195

4 16 4.6195 0 -1.9135 3.6956 0 -1.5308 2.8284 0 -2.8284 3.5355 0 -3.5355

4 16 5 0 0 4 0 0 3.6956 0 -1.5308 4.6195 0 -1.9135

4 16 4.6195 0 1.9135 3.6956 0 1.5308 4 0 0 5 0 0

4 16 3.5355 0 3.5355 2.8284 0 2.8284 3.6956 0 1.5308 4.6195 0 1.9135

4 16 1.9135 0 4.6195 1.5308 0 3.6956 2.8284 0 2.8284 3.5355 0 3.5355

4 16 0 0 5 0 0 4 1.5308 0 3.6956 1.9135 0 4.6195

0

0 NOFILE

0 FILE stud4.dat
0 Stud Tube Open

0 Name: stud4.dat

0 Author: James Jessiman

0 !LDRAW_ORG Primitive UPDATE 2009-02

0 !LICENSE Licensed under CC BY 4.0 : see CAreadme.txt



0 BFC CERTIFY CCW



0 !HISTORY 1999-07-05 [PTadmin] Official Update 1999-05

0 !HISTORY 2002-04-04 [sbliss] Modified for BFC compliance

0 !HISTORY 2002-04-25 [PTadmin] Official Update 2002-02

0 !HISTORY 2007-06-24 [PTadmin] Header formatted for Contributor Agreement

0 !HISTORY 2008-07-01 [PTadmin] Official Update 2008-01

0 !HISTORY 2009-06-21 [cwdee] Update ring references to 4-4ring

0 !HISTORY 2009-09-03 [PTadmin] Official Update 2009-02





1 16 0 -4 0 6 0 0 0 1 0 0 0 6 4-4edge.dat

1 16 0 -4 0 8 0 0 0 1 0 0 0 8 4-4edge.dat

1 16 0 0 0 6 0 0 0 1 0 0 0 6 4-4edge.dat

1 16 0 0 0 8 0 0 0 1 0 0 0 8 4-4edge.dat

0 BFC INVERTNEXT

1 16 0 -4 0 6 0 0 0 4 0 0 0 6 4-4cyli.dat

1 16 0 -4 0 8 0 0 0 4 0 0 0 8 4-4cyli.dat

1 16 0 -4 0 2 0 0 0 1 0 0 0 2 4-4ring3.dat

0

0 NOFILE

0 FILE 15070.dat
0 Plate  1 x  1 with Tooth Perpendicular
0 Name: 15070.dat
0 Author: Magnus Forsberg [MagFors]
0 !LDRAW_ORG Part UPDATE 2014-01
0 !LICENSE Licensed under CC BY 4.0 : see CAreadme.txt

0 BFC CERTIFY CCW

0 !HISTORY 2014-06-21 [PTadmin] Official Update 2014-01


1 16 0 0 0 0 0 -1 0 1 0 1 0 0 stud.dat
0 BFC INVERTNEXT
1 16 0 8 -2 6 0 0 0 -4 0 0 0 8 box4-1.dat
2 24 10 8 -10 6 8 -10
2 24 -10 8 -10 -6 8 -10
4 16 10 8 -10 6 8 -10 6 8 6 10 8 10
4 16 10 8 10 6 8 6 -6 8 6 -10 8 10
4 16 -10 8 10 -6 8 6 -6 8 -10 -10 8 -10
4 16 6 4 -10 6 8 -10 -6 8 -10 -6 4 -10
1 16 0 8 0 10 0 0 0 -8 0 0 0 10 box4-4a.dat
1 16 0 4 -8 2 0 0 0 4 0 0 0 2 box4-1.dat

0 // new shape
4 16 10 0 -10 -10 0 -10 -10 0 -11 10 0 -11
4 16 -10 0 -11 -9.625 0 -12 -8 0 -14 -6 0 -15.375
4 16 6 0 -15.375 8 0 -14 9.625 0 -12 10 0 -11
4 16 -10 0 -11 -6 0 -15.375 6 0 -15.375 10 0 -11
4 16 -6 0 -15.375 -3 0 -17 3 0 -17 6 0 -15.375
3 16 -3 0 -17 0 0 -18 3 0 -17

1 16 -10 4 -10.5 0 1 0 0 0 -4 -0.5 0 0 rect2a.dat
1 16 -9.8125 4 -11.5 0 1 -0.1875 -4 0 0 0 0 0.5 rect1.dat
1 16 -8.8125 4 -13 0 1 -0.8125 -4 0 0 0 0 1 rect1.dat
1 16 -7 4 -14.6875 0 0 -1 -4 0 0 0 1 0.6875 rect1.dat
1 16 -4.5 4 -16.1875 0 0 -1.5 -4 0 0 0 1 0.8125 rect1.dat
1 16 -1.5 4 -17.5 1.5 0 0 0 0 -4 -0.5 1 0 rect2a.dat
1 16 1.5 4 -17.5 0 0 -1.5 -4 0 0 0 1 -0.5 rect1.dat
1 16 4.5 4 -16.1875 0 0 -1.5 -4 0 0 0 1 -0.8125 rect1.dat
1 16 7 4 -14.6875 0 0 -1 -4 0 0 0 1 -0.6875 rect1.dat
1 16 8.8125 4 -13 0 -1 -0.8125 -4 0 0 0 0 -1 rect1.dat
1 16 9.8125 4 -11.5 0 -1 0.1875 -4 0 0 0 0 0.5 rect1.dat
1 16 10 4 -10.5 0 -1 0 0 0 -4 -0.5 0 0 rect2a.dat
5 24 -9.625 0 -12 -9.625 8 -12 -8 0 -14 -10 0 -11
5 24 -8 0 -14 -8 8 -14 -6 0 -15.375 -9.625 0 -12
5 24 -6 0 -15.375 -6 8 -15.375 -3 0 -17 -8 0 -14
5 24 -3 0 -17 -3 8 -17 0 0 -18 -6 0 -15.375
5 24 3 0 -17 3 8 -17 6 0 -15.375 0 0 -18
5 24 6 0 -15.375 6 8 -15.375 8 0 -14 3 0 -17
5 24 8 0 -14 8 8 -14 9.625 0 -12 6 0 -15.375
5 24 9.625 0 -12 9.625 8 -12 10 0 -11 8 0 -14

5 24 -10 8 -11 -10 8 -10 -10 0 -10 -9.063 12.8 -10
5 24 -9.625 8 -12 -10 8 -11 -10 0 -11 -8.622 12.8 -12
5 24 -8 8 -14 -9.625 8 -12 -9.625 0 -12 -7.167 11.84 -14
5 24 -6 8 -15.375 -8 8 -14 -8 0 -14 -7.167 11.84 -14
5 24 -3 8 -17 -6 8 -15.375 -6 0 -15.375 -5.375 10.88 -15.375
5 24 0 8 -18 -3 8 -17 -3 0 -17 -2.688 9.44 -17
5 24 3 8 -17 0 8 -18 0 0 -18 2.688 9.44 -17
5 24 6 8 -15.375 3 8 -17 3 0 -17 2.688 9.44 -17
5 24 8 8 -14 6 8 -15.375 6 0 -15.375 5.375 10.88 -15.375
5 24 9.625 8 -12 8 8 -14 8 0 -14 7.167 11.84 -14
5 24 10 8 -11 9.625 8 -12 9.625 0 -12 8.622 12.8 -12
5 24 10 8 -10 10 8 -11 10 0 -11 9.063 12.8 -11

0 // Borrowed from 49668, but deformed to fit 16 LDU high
0 // Tooth outer surface
2 24 0 8 -18 0 12.8 -17
2 24 0 17.6 -15.375 0 12.8 -17
2 24 0 17.6 -15.375 0 20.8 -14
2 24 0 24 -12 0 20.8 -14
2 24 0 24 -12 1 24 -11
2 24 0 24 -12 -1 24 -11
3 16 0 8 -18 -1.125 11.84 -17 0 12.8 -17
3 16 0 8 -18 1.125 11.84 -17 1.938 10.88 -17
3 16 0 8 -18 -2.688 9.44 -17 -1.938 10.88 -17
3 16 0 8 -18 2.688 9.44 -17 3 8 -17
3 16 0 12.8 -17 1.125 11.84 -17 0 8 -18
3 16 0 24 -12 0 20.8 -14 -3 18.24 -14
3 16 0 24 -12 3.609 20.8 -12 3 18.24 -14
3 16 1 24 -11 0 24 -12 -1 24 -11
3 16 -1 24 -11 0 24 -12 -3.609 20.8 -12
3 16 1 24 -11 4.375 20.8 -11 3.609 20.8 -12
3 16 -1.938 10.88 -17 -1.125 11.84 -17 0 8 -18
3 16 1.938 10.88 -17 2.688 9.44 -17 0 8 -18
3 16 -10 8 -11 -9.063 12.8 -11 -8.622 12.8 -12
3 16 10 8 -11 9.625 8 -12 8.622 12.8 -12
3 16 -3 8 -17 -2.688 9.44 -17 0 8 -18
3 16 3 18.24 -14 0 20.8 -14 0 24 -12
3 16 -3 18.24 -14 -3.609 20.8 -12 0 24 -12
3 16 3 18.24 -14 3.609 20.8 -12 6.216 17.6 -12
3 16 -3 18.24 -14 -5.167 15.68 -14 -6.216 17.6 -12
3 16 3.609 20.8 -12 0 24 -12 1 24 -11
3 16 -3.609 20.8 -12 -4.375 20.8 -11 -1 24 -11
3 16 3.609 20.8 -12 4.375 20.8 -11 6.813 17.6 -11
3 16 -3.609 20.8 -12 -6.216 17.6 -12 -6.813 17.6 -11
3 16 -6.216 17.6 -12 -3.609 20.8 -12 -3 18.24 -14
3 16 6.216 17.6 -12 5.167 15.68 -14 3 18.24 -14
3 16 -6.216 17.6 -12 -5.167 15.68 -14 -7.167 11.84 -14
3 16 6.216 17.6 -12 8.622 12.8 -12 7.167 11.84 -14
3 16 -6.813 17.6 -11 -4.375 20.8 -11 -3.609 20.8 -12
3 16 6.813 17.6 -11 6.216 17.6 -12 3.609 20.8 -12
3 16 -6.813 17.6 -11 -6.216 17.6 -12 -8.622 12.8 -12
3 16 6.813 17.6 -11 9.063 12.8 -11 8.622 12.8 -12
3 16 7.167 11.84 -14 5.167 15.68 -14 6.216 17.6 -12
3 16 -7.167 11.84 -14 -8 8 -14 -9.625 8 -12
3 16 -7.167 11.84 -14 -8.622 12.8 -12 -6.216 17.6 -12
3 16 7.167 11.84 -14 8.622 12.8 -12 9.625 8 -12
3 16 8.622 12.8 -12 6.216 17.6 -12 6.813 17.6 -11
3 16 8.622 12.8 -12 9.063 12.8 -11 10 8 -11
3 16 -8.622 12.8 -12 -9.063 12.8 -11 -6.813 17.6 -11
3 16 -8.622 12.8 -12 -9.625 8 -12 -10 8 -11
3 16 9.625 8 -12 8 8 -14 7.167 11.84 -14
3 16 -9.625 8 -12 -8.622 12.8 -12 -7.167 11.84 -14
4 16 0 17.6 -15.375 0 12.8 -17 -1.125 11.84 -17 -2.25 15.68 -15.375
4 16 0 17.6 -15.375 2.25 15.68 -15.375 1.125 11.84 -17 0 12.8 -17
4 16 0 20.8 -14 0 17.6 -15.375 -2.25 15.68 -15.375 -3 18.24 -14
4 16 0 20.8 -14 3 18.24 -14 2.25 15.68 -15.375 0 17.6 -15.375
1 16 2.6875 22.4 -10.5 0 0 -1.6875 0 -1 1.6 -0.5 0 0 rect3.dat
1 16 -2.6875 22.4 -10.5 0 0 1.6875 0 -1 1.6 0.5 0 0 rect3.dat
1 16 0 24 -10.5 0 0 1 0 -1 0 0.5 0 0 rect1.dat
1 16 -9.5315 10.4 -10.5 0.4685 1 0 2.4 0 0 0 0 -0.5 rect2p.dat
1 16 9.5315 10.4 -10.5 -0.4685 -1 0 2.4 0 0 0 0 0.5 rect2p.dat
4 16 3.875 13.76 -15.375 1.938 10.88 -17 1.125 11.84 -17 2.25 15.68 -15.375
4 16 -3.875 13.76 -15.375 -1.938 10.88 -17 -2.688 9.44 -17 -5.375 10.88 -15.375
4 16 -3.875 13.76 -15.375 -2.25 15.68 -15.375 -1.125 11.84 -17 -1.938 10.88 -17
4 16 3.875 13.76 -15.375 5.375 10.88 -15.375 2.688 9.44 -17 1.938 10.88 -17
4 16 -5.167 15.68 -14 -3 18.24 -14 -2.25 15.68 -15.375 -3.875 13.76 -15.375
4 16 5.167 15.68 -14 3.875 13.76 -15.375 2.25 15.68 -15.375 3 18.24 -14
4 16 -5.167 15.68 -14 -3.875 13.76 -15.375 -5.375 10.88 -15.375 -7.167 11.84 -14
4 16 5.167 15.68 -14 7.167 11.84 -14 5.375 10.88 -15.375 3.875 13.76 -15.375
4 16 6 8 -15.375 3 8 -17 2.688 9.44 -17 5.375 10.88 -15.375
4 16 -6 8 -15.375 -5.375 10.88 -15.375 -2.688 9.44 -17 -3 8 -17
1 16 5.594 19.2 -10.5 -1.219 -1 0 1.6 0 0 0 0 0.5 rect2p.dat
1 16 -5.594 19.2 -10.5 1.219 1 0 1.6 0 0 0 0 -0.5 rect2p.dat
1 16 7.938 15.2 -10.5 1.125 -1 0 -2.4 0 0 0 0 -0.5 rect2p.dat
1 16 -7.938 15.2 -10.5 -1.125 1 0 -2.4 0 0 0 0 0.5 rect2p.dat
4 16 8 8 -14 6 8 -15.375 5.375 10.88 -15.375 7.167 11.84 -14
4 16 -8 8 -14 -7.167 11.84 -14 -5.375 10.88 -15.375 -6 8 -15.375
0 // Conditional lines for outer surface
5 24 0 8 -18 -1.938 10.88 -17 -1.125 11.84 -17 -2.688 9.44 -17
5 24 0 8 -18 1.938 10.88 -17 2.688 9.44 -17 1.125 11.84 -17
5 24 0 12.8 -17 1.125 11.84 -17 0 8 -18 0 17.6 -15.375
5 24 0 17.6 -15.375 2.25 15.68 -15.375 1.125 11.84 -17 0 20.8 -14
5 24 0 20.8 -14 -3 18.24 -14 0 24 -12 0 17.6 -15.375
5 24 0 24 -12 -3 18.24 -14 -3.609 20.8 -12 0 20.8 -14
5 24 0 24 -12 3.609 20.8 -12 3 18.24 -14 1 24 -11
5 24 -1 24 -11 -3.609 20.8 -12 -4.375 20.8 -11 0 24 -12
5 24 1.125 11.84 -17 0 8 -18 0 12.8 -17 1.938 10.88 -17
5 24 -1.125 11.84 -17 0 8 -18 -1.938 10.88 -17 0 12.8 -17
5 24 -1.125 11.84 -17 0 12.8 -17 0 8 -18 -2.25 15.68 -15.375
5 24 1.125 11.84 -17 1.938 10.88 -17 0 8 -18 2.25 15.68 -15.375
5 24 -1.938 10.88 -17 -1.125 11.84 -17 0 8 -18 -3.875 13.76 -15.375
5 24 1.938 10.88 -17 2.688 9.44 -17 0 8 -18 3.875 13.76 -15.375
5 24 -1.938 10.88 -17 -3.875 13.76 -15.375 -2.25 15.68 -15.375 -2.688 9.44 -17
5 24 1.938 10.88 -17 3.875 13.76 -15.375 5.375 10.88 -15.375 1.125 11.84 -17
5 24 10 8 -11 8.622 12.8 -12 9.063 12.8 -11 9.625 8 -12
5 24 -2.25 15.68 -15.375 0 17.6 -15.375 0 12.8 -17 -3 18.24 -14
5 24 2.25 15.68 -15.375 1.125 11.84 -17 0 12.8 -17 3.875 13.76 -15.375
5 24 -2.25 15.68 -15.375 -1.125 11.84 -17 -1.938 10.88 -17 0 17.6 -15.375
5 24 2.25 15.68 -15.375 3.875 13.76 -15.375 1.938 10.88 -17 3 18.24 -14
5 24 2.688 9.44 -17 0 8 -18 1.938 10.88 -17 3 8 -17
5 24 -2.688 9.44 -17 0 8 -18 -3 8 -17 -1.938 10.88 -17
5 24 -2.688 9.44 -17 -1.938 10.88 -17 0 8 -18 -5.375 10.88 -15.375
5 24 2.688 9.44 -17 3 8 -17 0 8 -18 5.375 10.88 -15.375
5 24 -3 8 -17 -2.688 9.44 -17 0 8 -18 -6 8 -15.375
5 24 3 18.24 -14 0 20.8 -14 0 24 -12 2.25 15.68 -15.375
5 24 3 18.24 -14 0 24 -12 3.609 20.8 -12 0 20.8 -14
5 24 3 18.24 -14 2.25 15.68 -15.375 0 17.6 -15.375 5.167 15.68 -14
5 24 -3 18.24 -14 -2.25 15.68 -15.375 -3.875 13.76 -15.375 0 20.8 -14
5 24 -3 18.24 -14 -5.167 15.68 -14 -6.216 17.6 -12 -2.25 15.68 -15.375
5 24 3 18.24 -14 6.216 17.6 -12 5.167 15.68 -14 3.609 20.8 -12
5 24 -3.609 20.8 -12 0 24 -12 -3 18.24 -14 -1 24 -11
5 24 3.609 20.8 -12 1 24 -11 4.375 20.8 -11 0 24 -12
5 24 3.609 20.8 -12 3 18.24 -14 0 24 -12 6.216 17.6 -12
5 24 -3.609 20.8 -12 -3 18.24 -14 -6.216 17.6 -12 0 24 -12
5 24 -3.609 20.8 -12 -6.216 17.6 -12 -6.813 17.6 -11 -3 18.24 -14
5 24 3.609 20.8 -12 6.813 17.6 -11 6.216 17.6 -12 4.375 20.8 -11
5 24 -3.875 13.76 -15.375 -2.25 15.68 -15.375 -1.125 11.84 -17 -5.167 15.68 -14
5 24 -3.875 13.76 -15.375 -5.167 15.68 -14 -3 18.24 -14 -5.375 10.88 -15.375
5 24 3.875 13.76 -15.375 5.167 15.68 -14 7.167 11.84 -14 2.25 15.68 -15.375
5 24 3.875 13.76 -15.375 5.375 10.88 -15.375 2.688 9.44 -17 5.167 15.68 -14
5 24 4.375 20.8 -11 3.609 20.8 -12 1 24 -11 6.813 17.6 -11
5 24 -4.375 20.8 -11 -3.609 20.8 -12 -6.813 17.6 -11 -1 24 -11
5 24 -4.375 20.8 -11 -4.375 20.8 -10 -1 24 -10 -6.813 17.6 -11
5 24 4.375 20.8 -11 4.375 20.8 -10 6.813 17.6 -10 1 24 -11
5 24 5.167 15.68 -14 3 18.24 -14 6.216 17.6 -12 3.875 13.76 -15.375
5 24 -5.167 15.68 -14 -6.216 17.6 -12 -3 18.24 -14 -7.167 11.84 -14
5 24 5.167 15.68 -14 6.216 17.6 -12 7.167 11.84 -14 3 18.24 -14
5 24 -5.167 15.68 -14 -7.167 11.84 -14 -6.216 17.6 -12 -3.875 13.76 -15.375
5 24 5.375 10.88 -15.375 2.688 9.44 -17 1.938 10.88 -17 6 8 -15.375
5 24 -5.375 10.88 -15.375 -2.688 9.44 -17 -3 8 -17 -3.875 13.76 -15.375
5 24 -5.375 10.88 -15.375 -3.875 13.76 -15.375 -1.938 10.88 -17 -7.167 11.84 -14
5 24 5.375 10.88 -15.375 6 8 -15.375 3 8 -17 7.167 11.84 -14
5 24 -6 8 -15.375 -5.375 10.88 -15.375 -2.688 9.44 -17 -8 8 -14
5 24 -6.216 17.6 -12 -3 18.24 -14 -5.167 15.68 -14 -3.609 20.8 -12
5 24 6.216 17.6 -12 3.609 20.8 -12 6.813 17.6 -11 3 18.24 -14
5 24 -6.216 17.6 -12 -6.813 17.6 -11 -3.609 20.8 -12 -8.622 12.8 -12
5 24 6.216 17.6 -12 6.813 17.6 -11 8.622 12.8 -12 3.609 20.8 -12
5 24 -6.216 17.6 -12 -7.167 11.84 -14 -8.622 12.8 -12 -5.167 15.68 -14
5 24 6.216 17.6 -12 8.622 12.8 -12 7.167 11.84 -14 6.813 17.6 -11
5 24 -6.813 17.6 -11 -3.609 20.8 -12 -6.216 17.6 -12 -4.375 20.8 -11
5 24 -6.813 17.6 -11 -8.622 12.8 -12 -9.063 12.8 -11 -6.216 17.6 -12
5 24 6.813 17.6 -10 6.813 17.6 -11 4.375 20.8 -11 9.063 12.8 -10
5 24 -6.813 17.6 -10 -6.813 17.6 -11 -9.063 12.8 -11 -4.375 20.8 -10
5 24 7.167 11.84 -14 5.167 15.68 -14 6.216 17.6 -12 5.375 10.88 -15.375
5 24 7.167 11.84 -14 5.375 10.88 -15.375 3.875 13.76 -15.375 8 8 -14
5 24 -7.167 11.84 -14 -5.375 10.88 -15.375 -6 8 -15.375 -5.167 15.68 -14
5 24 7.167 11.84 -14 6.216 17.6 -12 8.622 12.8 -12 5.167 15.68 -14
5 24 -7.167 11.84 -14 -8 8 -14 -9.625 8 -12 -5.375 10.88 -15.375
5 24 7.167 11.84 -14 9.625 8 -12 8 8 -14 8.622 12.8 -12
5 24 8 8 -14 7.167 11.84 -14 9.625 8 -12 6 8 -15.375
5 24 -8.622 12.8 -12 -10 8 -11 -9.063 12.8 -11 -9.625 8 -12
5 24 -8.622 12.8 -12 -6.216 17.6 -12 -7.167 11.84 -14 -6.813 17.6 -11
5 24 8.622 12.8 -12 6.813 17.6 -11 9.063 12.8 -11 6.216 17.6 -12
5 24 8.622 12.8 -12 7.167 11.84 -14 6.216 17.6 -12 9.625 8 -12
5 24 -8.622 12.8 -12 -7.167 11.84 -14 -9.625 8 -12 -6.216 17.6 -12
5 24 -8.622 12.8 -12 -9.625 8 -12 -10 8 -11 -7.167 11.84 -14
5 24 -9.063 12.8 -11 -8.622 12.8 -12 -10 8 -11 -6.813 17.6 -11
5 24 9.063 12.8 -11 8.622 12.8 -12 6.813 17.6 -11 10 8 -11
5 24 9.063 12.8 -11 9.063 12.8 -10 10 8 -10 6.813 17.6 -11
5 24 -9.063 12.8 -11 -9.063 12.8 -10 -6.813 17.6 -10 -10 8 -11
5 24 -9.625 8 -12 -7.167 11.84 -14 -8 8 -14 -8.622 12.8 -12
5 24 9.625 8 -12 8.622 12.8 -12 10 8 -11 7.167 11.84 -14

0 // Tooth inner surface
4 16 -1 24 -10 -4.375 20.8 -10 4.375 20.8 -10 1 24 -10
4 16 6.813 17.6 -10 4.375 20.8 -10 -4.375 20.8 -10 -6.813 17.6 -10
4 16 -6.813 17.6 -10 -9.063 12.8 -10 9.063 12.8 -10 6.813 17.6 -10
3 16 10 8 -10 9.063 12.8 -10 6 8 -10
3 16 -6 8 -10 -9.063 12.8 -10 -10 8 -10
4 16 6 8 -10 9.063 12.8 -10 -9.063 12.8 -10 -6 8 -10

0 NOFILE

0 FILE rect2p.dat
0 Rectangle with 2 Parallel Edges

0 Name: rect2p.dat

0 Author: Donald Sutter [technog]

0 !LDRAW_ORG Primitive UPDATE 2010-01

0 !LICENSE Licensed under CC BY 4.0 : see CAreadme.txt



0 BFC CERTIFY CCW



0 !HISTORY 2003-08-01 [PTadmin] Official Update 2003-02

0 !HISTORY 2007-06-24 [PTadmin] Header formatted for Contributor Agreement

0 !HISTORY 2008-07-01 [PTadmin] Official Update 2008-01

0 !HISTORY 2010-01-17 [mikeheide] changed winding to CCW

0 !HISTORY 2010-04-05 [PTadmin] Official Update 2010-01





2 24 1 0 1 -1 0 1

2 24 -1 0 -1 1 0 -1

4 16 -1 0 1 -1 0 -1 1 0 -1 1 0 1

0

0 NOFILE

0 FILE rect1.dat
0 Rectangle with 1 Edge

0 Name: rect1.dat

0 Author: Chris Dee [cwdee]

0 !LDRAW_ORG Primitive UPDATE 2010-01

0 !LICENSE Licensed under CC BY 4.0 : see CAreadme.txt



0 BFC CERTIFY CCW



0 !HISTORY 2003-12-19 [PTadmin] Official Update 2003-03

0 !HISTORY 2007-06-24 [PTadmin] Header formatted for Contributor Agreement

0 !HISTORY 2008-07-01 [PTadmin] Official Update 2008-01

0 !HISTORY 2010-01-17 [mikeheide] changed winding to CCW

0 !HISTORY 2010-04-05 [PTadmin] Official Update 2010-01





2 24 1 0 -1 1 0 1

4 16 -1 0 1 -1 0 -1 1 0 -1 1 0 1

0

0 NOFILE

0 FILE rect2a.dat
0 Rectangle with 2 Adjacent Edges

0 Name: rect2a.dat

0 Author: Chris Dee [cwdee]

0 !LDRAW_ORG Primitive UPDATE 2010-01

0 !LICENSE Licensed under CC BY 4.0 : see CAreadme.txt



0 BFC CERTIFY CCW



0 !HISTORY 2003-12-19 [PTadmin] Official Update 2003-03

0 !HISTORY 2007-06-24 [PTadmin] Header formatted for Contributor Agreement

0 !HISTORY 2008-07-01 [PTadmin] Official Update 2008-01

0 !HISTORY 2010-01-17 [mikeheide] changed winding to CCW

0 !HISTORY 2010-04-05 [PTadmin] Official Update 2010-01





2 24 1 0 1 -1 0 1

2 24 1 0 -1 1 0 1

4 16 -1 0 1 -1 0 -1 1 0 -1 1 0 1

0

0 NOFILE

0 FILE box4-4a.dat
0 Box with  4 Faces without  4 Adjacent Edges

0 Name: box4-4a.dat

0 Author: Willy Tschager [Holly-Wood]

0 !LDRAW_ORG Primitive UPDATE 2024-01

0 !LICENSE Licensed under CC BY 4.0 : see CAreadme.txt



0 BFC CERTIFY CCW



0 !HISTORY 1998-07-15 [PTadmin] Official Update 1998-07

0 !HISTORY 2002-12-13 [hafhead] Made BFC compliant

0 !HISTORY 2003-03-12 [PTadmin] Official Update 2003-01

0 !HISTORY 2007-06-24 [PTadmin] Header formatted for Contributor Agreement

0 !HISTORY 2008-07-01 [PTadmin] Official Update 2008-01

0 !HISTORY 2012-02-16 [Philo] Changed to CCW

0 !HISTORY 2012-03-30 [PTadmin] Official Update 2012-01

0 !HISTORY 2024-01-03 [Holly-Wood] Complete re-write, original by Manfred Moolhuysen

0 !HISTORY 2024-01-29 [OrionP] Official Update 2024-01



2 24 -1 1 -1 -1 1 1

2 24 1 1 1 1 1 -1

2 24 -1 1 1 1 1 1

4 16 1 1 1 1 1 -1 -1 1 -1 -1 1 1



2 24 -1 0 -1 -1 0 1

4 16 -1 1 1 -1 1 -1 -1 0 -1 -1 0 1



2 24 1 0 1 1 0 -1

4 16 1 1 -1 1 1 1 1 0 1 1 0 -1



2 24 1 1 1 1 0 1

2 24 -1 1 1 -1 0 1

2 24 -1 0 1 1 0 1

4 16 1 1 1 -1 1 1 -1 0 1 1 0 1

0 NOFILE

0 FILE box4-1.dat
0 Box with 4 Faces without 1 Edge

0 Name: box4-1.dat

0 Author: Tore Eriksson [Tore_Eriksson]

0 !LDRAW_ORG Primitive UPDATE 2012-01

0 !LICENSE Licensed under CC BY 4.0 : see CAreadme.txt



0 BFC CERTIFY CCW



0 !HISTORY 1998-07-15 [PTadmin] Official Update 1998-07

0 !HISTORY 2002-04-05 [hafhead] Made BFC compliant

0 !HISTORY 2002-04-25 [PTadmin] Official Update 2002-02

0 !HISTORY 2007-06-24 [PTadmin] Header formatted for Contributor Agreement

0 !HISTORY 2008-07-01 [PTadmin] Official Update 2008-01

0 !HISTORY 2012-02-16 [Philo] Changed to CCW

0 !HISTORY 2012-03-30 [PTadmin] Official Update 2012-01





2 24 1 1 1 -1 1 1

2 24 -1 1 1 -1 1 -1

2 24 -1 1 -1 1 1 -1

2 24 1 1 -1 1 1 1

2 24 1 0 1 -1 0 1

2 24 -1 0 1 -1 0 -1

2 24 1 0 -1 1 0 1

2 24 1 0 1 1 1 1

2 24 -1 0 1 -1 1 1

2 24 1 0 -1 1 1 -1

2 24 -1 0 -1 -1 1 -1

4 16 -1 1 1 1 1 1 1 1 -1 -1 1 -1

4 16 -1 1 1 -1 0 1 1 0 1 1 1 1

4 16 -1 1 -1 -1 0 -1 -1 0 1 -1 1 1

4 16 1 1 1 1 0 1 1 0 -1 1 1 -1

0 NOFILE

0 FILE 61409.dat
0 ~Slope Brick 18  2 x  1 x  0.667 Grille (Obsolete)

0 Name: 61409.dat

0 Author: Tim Gould [timgould]

0 !LDRAW_ORG Part UPDATE 2025-02

0 !LICENSE Licensed under CC BY 4.0 : see CAreadme.txt



0 BFC CERTIFY CCW



0 !CATEGORY Obsolete

0 !KEYWORDS grille



0 !HISTORY 2008-12-06 [gregteft] Updated geometry to include raised surface

0 !HISTORY 2009-03-30 [gregteft] Updated origin to bottom center

0 !HISTORY 2009-09-03 [PTadmin] Official Update 2009-02

0 !HISTORY 2017-08-08 [cwdee] Updated description

0 !HISTORY 2017-12-30 [PTadmin] Official Update 2017-01

0 !HISTORY 2025-02-12 [MagFors] Obsoleted due to bad geometry

0 !HISTORY 2025-02-27 [OrionP] Official Update 2025-02



1 16 0 -1 0 0 0 -9 0 1 0 19 0 0 box4.dat

1 16 0 -5.6 16 -6 0 0 0 0 5.6 0 1 0 rect.dat

1 16 0 -13 15 -6 0 0 0 .555556 1.8 0 1 -1 rect.dat

1 16 0 -10.9 10 -6 0 0 0 0 -2.1 0 -1 0 rect.dat

1 16 0 -10.6 7 -6 0 0 0 .555556 1.8 0 1 -1 rect.dat

1 16 0 -8.5 2 -6 0 0 0 0 -2.1 0 -1 0 rect.dat

1 16 0 -8.2 -1 -6 0 0 0 .555556 1.8 0 1 -1 rect.dat

1 16 0 -6.1 -6 -6 0 0 0 0 -2.1 0 -1 0 rect.dat

1 16 0 -5.8 -9 -6 0 0 0 .555556 1.8 0 1 -1 rect.dat

1 16 0 -4.9 -14 -6 0 0 0 0 -.9 0 -1 0 rect.dat

1 16 0 -2 -16 -6 0 0 0 0 -2 0 -1 0 rect.dat

1 16 0 -8.24 20 10 0 0 0 0 7.24 0 -1 0 rect.dat

1 16 0 -2.24 -20 10 0 0 0 0 -1.24 0 1 0 rect.dat

1 16 0 -11.2 15 0 0 6 0 -1 0 1 0 0 rect2p.dat

1 16 0 -8.8 8 0 0 6 0 -1 0 2 0 0 rect2p.dat

1 16 0 -6.4 0 0 0 6 0 -1 0 2 0 0 rect2p.dat

1 16 0 -4 -8 0 0 6 0 -1 0 2 0 0 rect2p.dat

1 16 0 -4 -15 0 0 6 0 -1 0 1 0 0 rect2p.dat

2 24 6 0 -16 6 0 16

2 24 -6 0 -16 -6 0 16

2 24 10 -1 -20 10 -1 20

2 24 -10 -1 -20 -10 -1 20

2 24 6 -5.8 -14 6 -7.6 -8

2 24 6 -8.2 -6 6 -10 0

2 24 6 -10.6 2 6 -12.4 8

2 24 6 -13 10 6 -14.8 16

2 24 -6 -5.8 -14 -6 -7.6 -8

2 24 -6 -8.2 -6 -6 -10 0

2 24 -6 -10.6 2 -6 -12.4 8

2 24 -6 -13 10 -6 -14.8 16

2 24 7.5 -4.7 -17.66 -7.5 -4.7 -17.66

2 24 7.5 -15.21 17.38 -7.5 -15.21 17.38

2 24 7.5 -4.7 -17.66 7.5 -15.21 17.38

2 24 -7.5 -4.7 -17.66 -7.5 -15.21 17.38

2 24 8 -14.88 18 -8 -14.88 18

2 24 8 -4.08 -18 8 -14.88 18

2 24 8 -4.08 -18 -8 -4.08 -18

2 24 -8 -4.08 -18 -8 -14.88 18

2 24 8 -14.88 18 7.5 -15.21 17.38

2 24 -8 -14.88 18 -7.5 -15.21 17.38

2 24 8 -4.08 -18 7.5 -4.7 -17.66

2 24 -8 -4.08 -18 -7.5 -4.7 -17.66

2 24 10 -3.48 -20 10 -15.48 20

2 24 -10 -3.48 -20 -10 -15.48 20

4 16 6 0 16 -6 0 16 -9 0 19 9 0 19

4 16 -6 0 -16 6 0 -16 9 0 -19 -9 0 -19

4 16 6 0 -16 6 0 16 9 0 19 9 0 -19

4 16 -6 0 16 -6 0 -16 -9 0 -19 -9 0 19

4 16 9 -1 19 -9 -1 19 -10 -1 20 10 -1 20

4 16 -9 -1 -19 9 -1 -19 10 -1 -20 -10 -1 -20

4 16 9 -1 -19 9 -1 19 10 -1 20 10 -1 -20

4 16 -9 -1 19 -9 -1 -19 -10 -1 -20 -10 -1 20

4 16 6 0 -16 6 -4 -16 6 -4 -6 6 0 -6

4 16 6 0 -6 6 -6.4 -6 6 -6.4 2 6 0 2

4 16 6 0 2 6 -8.8 2 6 -8.8 10 6 0 10

4 16 6 0 10 6 -11.2 10 6 -11.2 16 6 0 16

4 16 6 -4 -14 6 -5.8 -14 6 -7.6 -8 6 -4 -10

4 16 6 -6.4 -6 6 -8.2 -6 6 -10 0 6 -6.4 -2

4 16 6 -8.8 2 6 -10.6 2 6 -12.4 8 6 -8.8 6

4 16 6 -11.2 10 6 -13 10 6 -14.8 16 6 -11.2 14

4 16 -6 0 -6 -6 -4 -6 -6 -4 -16 -6 0 -16

4 16 -6 0 2 -6 -6.4 2 -6 -6.4 -6 -6 0 -6

4 16 -6 0 10 -6 -8.8 10 -6 -8.8 2 -6 0 2

4 16 -6 0 16 -6 -11.2 16 -6 -11.2 10 -6 0 10

4 16 -6 -4 -10 -6 -7.6 -8 -6 -5.8 -14 -6 -4 -14

4 16 -6 -6.4 -2 -6 -10 0 -6 -8.2 -6 -6 -6.4 -6

4 16 -6 -8.8 6 -6 -12.4 8 -6 -10.6 2 -6 -8.8 2

4 16 -6 -11.2 14 -6 -14.8 16 -6 -13 10 -6 -11.2 10

4 16 6 -13 10 -6 -13 10 -6 -12.4 8 6 -12.4 8

4 16 6 -10.6 2 -6 -10.6 2 -6 -10 0 6 -10 0

4 16 6 -8.2 -6 -6 -8.2 -6 -6 -7.6 -8 6 -7.6 -8

4 16 7.5 -15.21 17.38 -7.5 -15.21 17.38 -6 -14.8 16 6 -14.8 16

4 16 7.5 -4.7 -17.66 7.5 -15.21 17.38 6 -14.8 16 6 -5.8 -14

4 16 -7.5 -4.7 -17.66 7.5 -4.7 -17.66 6 -5.8 -14 -6 -5.8 -14

4 16 -6 -5.8 -14 -6 -14.8 16 -7.5 -15.21 17.38 -7.5 -4.7 -17.66

4 16 8 -14.88 18 -8 -14.88 18 -7.5 -15.21 17.38 7.5 -15.21 17.38

4 16 8 -4.08 -18 8 -14.88 18 7.5 -15.21 17.38 7.5 -4.7 -17.66

4 16 -7.5 -4.7 -17.66 -7.5 -15.21 17.38 -8 -14.88 18 -8 -4.08 -18

4 16 -8 -4.08 -18 8 -4.08 -18 7.5 -4.7 -17.66 -7.5 -4.7 -17.66

4 16 10 -15.48 20 -10 -15.48 20 -8 -14.88 18 8 -14.88 18

4 16 10 -3.48 -20 10 -15.48 20 8 -14.88 18 8 -4.08 -18

4 16 -8 -4.08 -18 -8 -14.88 18 -10 -15.48 20 -10 -3.48 -20

4 16 -10 -3.48 -20 10 -3.48 -20 8 -4.08 -18 -8 -4.08 -18

4 16 10 -1 -20 10 -1 20 10 -15.48 20 10 -3.48 -20

4 16 -10 -3.48 -20 -10 -15.48 20 -10 -1 20 -10 -1 -20

0

0 NOFILE

0 FILE 3623.dat
0 Plate  1 x  3

0 Name: 3623.dat

0 Author: James Jessiman

0 !LDRAW_ORG Part UPDATE 2017-01

0 !LICENSE Licensed under CC BY 4.0 : see CAreadme.txt



0 BFC CERTIFY CCW



0 !HISTORY 2003-06-08 [jriley] BFC compliant

0 !HISTORY 2003-12-19 [PTadmin] Official Update 2003-03

0 !HISTORY 2007-06-25 [PTadmin] Header formatted for Contributor Agreement

0 !HISTORY 2008-07-01 [PTadmin] Official Update 2008-01

0 !HISTORY 2017-04-02 [Sirio] Introduced use of subpart

0 !HISTORY 2017-12-30 [PTadmin] Official Update 2017-01





1 16 0 0 0 1 0 0 0 1 0 0 0 1 s__3623s01.dat

4 16 -30 8 -10 30 8 -10 30 0 -10 -30 0 -10

0 NOFILE

0 FILE s__3623s01.dat
0 ~Plate  1 x  3 without Front Face

0 Name: s\3623s01.dat

0 Author: Massimo Maso [Sirio]

0 !LDRAW_ORG Subpart UPDATE 2017-01

0 !LICENSE Licensed under CC BY 4.0 : see CAreadme.txt



0 BFC CERTIFY CCW



0 !HISTORY 2017-12-30 [PTadmin] Official Update 2017-01





1 16 10 4 0 1 0 0 0 -1 0 0 0 1 stud3.dat

1 16 -10 4 0 1 0 0 0 -1 0 0 0 1 stud3.dat

0 BFC INVERTNEXT

1 16 0 8 0 26 0 0 0 -4 0 0 0 6 box5.dat

4 16 30 8 10 26 8 6 -26 8 6 -30 8 10

4 16 -30 8 10 -26 8 6 -26 8 -6 -30 8 -10

4 16 -30 8 -10 -26 8 -6 26 8 -6 30 8 -10

4 16 30 8 -10 26 8 -6 26 8 6 30 8 10

1 16 0 8 0 30 0 0 0 -8 0 0 0 10 box4t.dat

1 16 0 0 0 1 0 0 0 1 0 0 0 1 stug-1x3.dat

0 NOFILE

0 FILE stug-1x3.dat
0 Stud Group  1 x  3

0 Name: stug-1x3.dat

0 Author: Steffen [Steffen]

0 !LDRAW_ORG Primitive UPDATE 2012-01

0 !LICENSE Licensed under CC BY 4.0 : see CAreadme.txt



0 BFC CERTIFY CCW



0 !HISTORY 2012-03-30 [PTadmin] Official Update 2012-01





1 16 -20 0 0 1 0 0 0 1 0 0 0 1 stud.dat

1 16 0 0 0 1 0 0 0 1 0 0 0 1 stud.dat

1 16 20 0 0 1 0 0 0 1 0 0 0 1 stud.dat

0 NOFILE

0 FILE 95108.dat
0 ~Friends Lipstick Handle

0 Name: 95108.dat

0 Author: Philippe Hurbain [Philo]

0 !LDRAW_ORG Part UPDATE 2015-01

0 !LICENSE Licensed under CC BY 4.0 : see CAreadme.txt



0 BFC CERTIFY CCW



0 !CATEGORY Figure Accessory



0 !HISTORY 2013-08-14 {LEGO Digital Designer} Original part shape

0 !HISTORY 2014-10-06 [Philo] Complete rebuild for LDraw Parts Tracker

0 !HISTORY 2015-10-11 [PTadmin] Official Update 2015-01





1 16 0 -15 0 5 0 0 0 -7 0 0 0 5 4-4cylo.dat

1 16 0 0 0 4 0 0 0 -15 0 0 0 4 4-4cylo.dat

0 BFC INVERTNEXT

1 16 0 0 0 2 0 0 0 -18 0 0 0 2 4-4cylo.dat

1 16 0 -18 0 2 0 0 0 1 0 0 0 2 4-4ring1.dat

0 BFC INVERTNEXT

1 16 0 -18 0 4 0 0 0 -4 0 0 0 4 4-4cylo.dat

1 16 0 0 0 2 0 0 0 -1 0 0 0 2 4-4ring1.dat

1 16 0 -15 0 1 0 0 0 -1 0 0 0 1 4-4ring4.dat

1 16 0 -22 0 1 0 0 0 1 0 0 0 1 4-4ring4.dat

0 NOFILE

0 FILE 4-4cylo.dat
0 Cylinder Open 1.0

0 Name: 4-4cylo.dat

0 Author: Mark Kennedy [mkennedy]

0 !LDRAW_ORG Primitive UPDATE 2010-01

0 !LICENSE Licensed under CC BY 4.0 : see CAreadme.txt



0 BFC CERTIFY CCW



0 !HISTORY 2010-04-05 [PTadmin] Official Update 2010-01





1 16 0 0 0 1 0 0 0 1 0 0 0 1 4-4edge.dat

1 16 0 1 0 1 0 0 0 1 0 0 0 1 4-4edge.dat

1 16 0 0 0 1 0 0 0 1 0 0 0 1 4-4cyli.dat

0
0 NOFILE

0 FILE 30375.dat
0 Minifig Mechanical Torso
0 Name: 30375.dat
0 Author: Nathan Wright
0 !LDRAW_ORG Part UPDATE 2002-05
0 !LICENSE Licensed under CC BY 2.0 and CC BY 4.0 : see CAreadme.txt

0 BFC CERTIFY CCW

0 !KEYWORDS battle droid, Episode One, Episode Two, Life on Mars, Martian
0 !KEYWORDS minifig, minifig-scale, Space, Star Wars, Trade Federation

0 !HISTORY 2002-06-09 [fwcain] Separated DAT code into subfile (to enable pattern files)...
0 !HISTORY 2002-11-30 [PTadmin] Official Update 2002-05
0 !HISTORY 2007-06-09 [PTadmin] Header formatted for Contributor Agreement
0 !HISTORY 2008-07-01 [PTadmin] Official Update 2008-01


1 16 0 0 0 1 0 0 0 1 0 0 0 1 s__30375s01.dat
1 16 0 0 0 1 0 0 0 1 0 0 0 1 s__30375s02.dat
1 16 0 0 0 1 0 0 0 1 0 0 0 1 s__30375s03.dat
0
0 NOFILE

0 FILE s__30375s03.dat
0 ~Minifig Mechanical Torso - Ribs
0 Name: s\30375s03.dat
0 Author: Nathan Wright
0 !LDRAW_ORG Subpart UPDATE 2015-02
0 !LICENSE Licensed under CC BY 2.0 and CC BY 4.0 : see CAreadme.txt

0 BFC CERTIFY CCW

0 !HISTORY 2002-09-04 [OrionP] Roughly fixed a problem with the struts
0 !HISTORY 2002-11-30 [PTadmin] Official Update 2002-05
0 !HISTORY 2007-08-30 [PTadmin] Header formatted for Contributor Agreement
0 !HISTORY 2008-07-01 [PTadmin] Official Update 2008-01
0 !HISTORY 2014-11-21 [roland] Auto-corrected with libfix version of LDCad 1.4
0 !HISTORY 2015-09-07 [MagFors] bfc'd, added cond-lines
0 !HISTORY 2015-12-30 [PTadmin] Official Update 2015-02


4 16 -6 -25 -8.5 -6 -29 -7.75 -11.5 -29 -7.75 -11.5 -25 -8.5
4 16 11.5 -25 -8.5 11.5 -29 -7.75 6 -29 -7.75 6 -25 -8.5
3 16 -6 -24 -8.6 -6 -25 -8.5 -11.5 -25 -8.5
3 16 11.5 -25 -8.5 6 -25 -8.5 6 -24 -8.6
4 16 -6 -24 -8.6 -11.5 -25 -8.5 -7.5 -20 -8.85 -6 -20 -8.85
4 16 7.5 -20 -8.85 11.5 -25 -8.5 6 -24 -8.6 6 -20 -8.85
4 16 -10.2 -18 -9 -7.1 -18 -9 -7.5 -20 -8.85 -11.5 -25 -8.5
4 16 11.5 -25 -8.5 7.5 -20 -8.85 7.1 -18 -9 10.2 -18 -9
2 24 -7.1 -18 -9 -10.2 -18 -9
2 24 7.1 -18 -9 10.2 -18 -9
4 16 -7.1 -18 -9 -10.2 -18 -9 -8.8 -10.3 -1.7 -5.6 -10.3 -1.7
4 16 5.6 -10.3 -1.7 8.8 -10.3 -1.7 10.2 -18 -9 7.1 -18 -9
5 24 -11.5 -25 -8.5 -6 -25 -8.5 -6 -29 -7.75 -6 -24 -8.6
5 24 6 -25 -8.5 11.5 -25 -8.5 11.5 -29 -7.75 6 -24 -8.6
5 24 -11.5 -25 -8.5 -6 -24 -8.6 -6 -25 -8.5 -7.5 -20 -8.85
5 24 6 -24 -8.6 11.5 -25 -8.5 6 -25 -8.5 7.5 -20 -8.85
5 24 -11.5 -25 -8.5 -7.5 -20 -8.85 -6 -24 -8.6 -10.2 -18 -9
5 24 7.5 -20 -8.85 11.5 -25 -8.5 6 -24 -8.6 7.1 -18 -9

2 24 -8.8431 -13.511 -4.7442 -7.8169 -13.264 -4.5101
2 24 -7.8169 -13.264 -4.5101 -6.8401 -12.5632 -3.8457
2 24 -6.8401 -12.5632 -3.8457 -6.0612 -11.5156 -2.8525
2 24 -6.0612 -11.5156 -2.8525 -5.6064 -10.3 -1.7
4 16 -6.9615 -3.7919 -3.1519 -6 -3.911 -2.9736 -7.8169 -13.264 -4.5101 -8.8431 -13.511 -4.7442
3 16 -5.0228 -3.1764 -2.3077 -6 -3.911 -2.9736 -5.7999 -2.8453 -2.8031
4 16 -5.0228 -3.1764 -2.3077 -6.8401 -12.5632 -3.8457 -7.8169 -13.264 -4.5101 -6 -3.911 -2.9736
4 16 -5.0228 -3.1764 -2.3077 -4.5426 -3.6712 -1.5673 -6.0612 -11.5156 -2.8525 -6.8401 -12.5632 -3.8457
3 16 -4.538 -3.6956 -1.5308 -6.0612 -11.5156 -2.8525 -4.5426 -3.6712 -1.5673
3 16 -6.0612 -11.5156 -2.8525 -4.538 -3.6956 -1.5308 -5.1 -7.8 -1.3
3 16 -6.0612 -11.5156 -2.8525 -5.1 -7.8 -1.3 -5.6064 -10.3 -1.7
5 24 -5.1 -7.8 -1.3 -6.0612 -11.5156 -2.8525 -4.538 -3.6956 -1.5308 -5.6064 -10.3 -1.7
3 16 -4.3589 -3.8744 -0.6319 -5.1 -7.8 -1.3 -4.538 -3.6956 -1.5308
5 24 -6 -3.911 -2.9736 -7.8169 -13.264 -4.5101 -6.9615 -3.7919 -3.1519 -5.0228 -3.1764 -2.3077
5 24 -5.7999 -2.8453 -2.8031 -6 -3.911 -2.9736 -5.9385 -2.8284 -2.8284 -5.0228 -3.1764 -2.3077
5 24 -5.0228 -3.1764 -2.3077 -6.8401 -12.5632 -3.8457 -7.8169 -13.264 -4.5101 -4.5426 -3.6712 -1.5673
5 24 -4.5426 -3.6712 -1.5673 -6.0612 -11.5156 -2.8525 -5.0228 -3.1764 -2.3077 -4.538 -3.6956 -1.5308
5 24 -4.538 -3.6956 -1.5308 -6.0612 -11.5156 -2.8525 -4.5426 -3.6712 -1.5673 -5.1 -7.8 -1.3
5 24 -4.538 -3.6956 -1.5308 -5.1 -7.8 -1.3 -5.6064 -10.3 -1.7 -4.3589 -3.8744 -0.6319

2 24 8.8431 -13.511 -4.7442 7.8169 -13.264 -4.5101
2 24 7.8169 -13.264 -4.5101 6.8401 -12.5632 -3.8457
2 24 6.8401 -12.5632 -3.8457 6.0612 -11.5156 -2.8525
2 24 6.0612 -11.5156 -2.8525 5.6064 -10.3 -1.7
4 16 8.8431 -13.511 -4.7442 7.8169 -13.264 -4.5101 6 -3.911 -2.9736 6.9615 -3.7919 -3.1519
3 16 6 -3.911 -2.9736 5.0228 -3.1764 -2.3077 5.7999 -2.8453 -2.8031
4 16 6 -3.911 -2.9736 7.8169 -13.264 -4.5101 6.8401 -12.5632 -3.8457 5.0228 -3.1764 -2.3077
4 16 6.8401 -12.5632 -3.8457 6.0612 -11.5156 -2.8525 4.5426 -3.6712 -1.5673 5.0228 -3.1764 -2.3077
3 16 6.0612 -11.5156 -2.8525 4.538 -3.6956 -1.5308 4.5426 -3.6712 -1.5673
3 16 5.1 -7.8 -1.3 6.0612 -11.5156 -2.8525 5.6064 -10.3 -1.7
3 16 4.538 -3.6956 -1.5308 6.0612 -11.5156 -2.8525 5.1 -7.8 -1.3
5 24 6.0612 -11.5156 -2.8525 5.1 -7.8 -1.3 5.6064 -10.3 -1.7 4.538 -3.6956 -1.5308
3 16 5.1 -7.8 -1.3 4.3589 -3.8744 -0.6319 4.538 -3.6956 -1.5308
5 24 6 -3.911 -2.9736 7.8169 -13.264 -4.5101 6.9615 -3.7919 -3.1519 5.0228 -3.1764 -2.3077
5 24 5.7999 -2.8453 -2.8031 6 -3.911 -2.9736 5.9385 -2.8284 -2.8284 5.0228 -3.1764 -2.3077
5 24 5.0228 -3.1764 -2.3077 6.8401 -12.5632 -3.8457 7.8169 -13.264 -4.5101 4.5426 -3.6712 -1.5673
5 24 4.5426 -3.6712 -1.5673 6.0612 -11.5156 -2.8525 5.0228 -3.1764 -2.3077 4.538 -3.6956 -1.5308
5 24 4.538 -3.6956 -1.5308 6.0612 -11.5156 -2.8525 4.5426 -3.6712 -1.5673 5.1 -7.8 -1.3
5 24 4.538 -3.6956 -1.5308 5.1 -7.8 -1.3 5.6064 -10.3 -1.7 4.3589 -3.8744 -0.6319
0 NOFILE

0 FILE s__30375s02.dat
0 ~Minifig Mechanical Torso - Chest
0 Name: s\30375s02.dat
0 Author: Nathan Wright
0 !LDRAW_ORG Subpart UPDATE 2002-05
0 !LICENSE Licensed under CC BY 2.0 and CC BY 4.0 : see CAreadme.txt

0 BFC CERTIFY CCW

0 !HISTORY 2002-11-30 [PTadmin] Official Update 2002-05
0 !HISTORY 2007-08-30 [PTadmin] Header formatted for Contributor Agreement
0 !HISTORY 2008-07-01 [PTadmin] Official Update 2008-01


4 16 -6 -20 -8.85 6 -20 -8.85 6 -24 -8.60 -6 -24 -8.60
0
0 NOFILE

0 FILE s__30375s01.dat
0 ~Minifig Mechanical Torso without Chest/Rib Surface
0 Name: s\30375s01.dat
0 Author: Nathan Wright
0 !LDRAW_ORG Subpart UPDATE 2015-02
0 !LICENSE Licensed under CC BY 2.0 and CC BY 4.0 : see CAreadme.txt

0 BFC CERTIFY CCW

0 !HISTORY 2002-09-04 [OrionP] Rough fixed a problem with the struts
0 !HISTORY 2002-11-30 [PTadmin] Official Update 2002-05
0 !HISTORY 2007-08-30 [PTadmin] Header formatted for Contributor Agreement
0 !HISTORY 2008-07-01 [PTadmin] Official Update 2008-01
0 !HISTORY 2014-11-21 [roland] Auto-corrected with libfix version of LDCad 1.4
0 !HISTORY 2015-09-07 [MagFors] bfc'd, created new waist struts
0 !HISTORY 2015-12-30 [PTadmin] Official Update 2015-02


1 16 -6 0 0 0 12 0 0 0 4 -4 0 0 4-4cylo.dat

1 16 -6 -32 0 0 12 0 0 0 4 -4 0 0 4-4cylo.dat
1 16 -20 -32 0 0 8.5 0 0 0 4 -4 0 0 4-4cylc.dat
1 16 20 -32 0 0 -8.5 0 0 0 4 4 0 0 4-4cylc.dat

1 16 11.5 -32 1 0 -1 0 0 0 -6 6 0 0 1-4disc.dat
1 16 -11.5 -32 1 0 1 0 0 0 -6 6 0 0 1-4disc.dat
1 16 6 -32 1 0 5.5 0 0 0 -6 6 0 0 1-4cylc.dat
1 16 -6 -32 1 0 -5.5 0 0 0 -6 6 0 0 1-4cylc.dat

1 16 11.5 -33 -2 0 -1 0 -5 0 0 0 0 -5 1-4disc.dat
1 16 -11.5 -33 -2 0 1 0 -5 0 0 0 0 -5 1-4disc.dat
1 16 -6 -33 -2 0 -5.5 0 -5 0 0 0 0 -5 1-4cylc.dat
1 16 6 -33 -2 0 5.5 0 -5 0 0 0 0 -5 1-4cylc.dat

1 16 8.75 -38 -0.5 0 0 2.75 0 1 0 -1.5 0 0 rect2p.dat
1 16 -8.75 -38 -0.5 0 0 2.75 0 1 0 -1.5 0 0 rect2p.dat
1 16 8.75 -28 7 0 0 -2.75 4 0 0 0 -1 0 rect2p.dat
1 16 -8.75 -28 7 0 0 -2.75 4 0 0 0 -1 0 rect2p.dat
2 24 11.5 -25 -8.5 11.5 -33 -7
2 24 6 -25 -8.5 6 -33 -7
2 24 -6 -25 -8.5 -6 -33 -7
2 24 -11.5 -25 -8.5 -11.5 -33 -7
1 16 6 0 0 0 1 0 1 0 0 0 0 -1 4-4ring4.dat
1 16 -6 0 0 0 -1 0 1 0 0 0 0 -1 4-4ring4.dat
1 16 9 0 0 0 -3 0 -5 0 0 0 0 -5 4-4cylc.dat
1 16 -9 0 0 0 3 0 -5 0 0 0 0 -5 4-4cylc.dat
2 24 11.5 -25 -8.5 11.5 -24 7
2 24 -11.5 -25 -8.5 -11.5 -24 7
4 16 11.5 -38 1 11.5 -38 -2 11.5 -33 -2 11.5 -32 1
4 16 -11.5 -32 1 -11.5 -33 -2 -11.5 -38 -2 -11.5 -38 1
4 16 6 -32 1 6 -33 -2 6 -38 -2 6 -38 1
4 16 -6 -38 1 -6 -38 -2 -6 -33 -2 -6 -32 1

4 16 11.5 -33 -7 11.5 -25 -8.5 11.5 -32 1 11.5 -33 -2
4 16 -11.5 -33 -2 -11.5 -32 1 -11.5 -25 -8.5 -11.5 -33 -7
4 16 6 -33 -2 6 -32 1 6 -25 -8.5 6 -33 -7
4 16 -6 -33 -7 -6 -25 -8.5 -6 -32 1 -6 -33 -2

4 16 11.5 -32 7 11.5 -32 1 11.5 -25 -8.5 11.5 -24 7
4 16 -11.5 -24 7 -11.5 -25 -8.5 -11.5 -32 1 -11.5 -32 7
4 16 6 -24 7 6 -25 -8.5 6 -32 1 6 -32 7
4 16 -6 -32 7 -6 -32 1 -6 -25 -8.5 -6 -24 7

3 16 6 -25 -8.5 6 -24 7 6 -24 -8.6
3 16 -6 -25 -8.5 -6 -24 -8.6 -6 -24 7
2 24 11.5 -24 7 9.5 -14 7
2 24 -11.5 -24 7 -9.5 -14 7
2 24 11.5 -25 -8.5 10.2 -18 -9
2 24 6 -25 -8.5 6 -24 -8.6
2 24 -6 -25 -8.5 -6 -24 -8.6
2 24 -11.5 -25 -8.5 -10.2 -18 -9
2 24 5.6 -10.3 -1.7 7.1 -18 -9
2 24 -5.6 -10.3 -1.7 -7.1 -18 -9

2 24 10.2 -18 -9 8.8 -10.3 -1.7
2 24 -8.8 -10.3 -1.7 -10.2 -18 -9

2 24 7.5 -20 -8.85 7.1 -18 -9
2 24 -7.5 -20 -8.85 -7.1 -18 -9
2 24 5.7217 -11.012 3 7.5 -20 3
2 24 -5.7217 -11.012 3 -7.5 -20 3
2 24 5.7 -11 4.3 6.1 -13 7
2 24 -5.7 -11 4.3 -6.1 -13 7
2 24 -6.3 -14 7 -6.1 -13 7
2 24 6.3 -14 7 6.1 -13 7
2 24 5.7 -11 4.3 5.7217 -11.012 3
2 24 -5.7 -11 4.3 -5.7217 -11.012 3
2 24 -5.7 -11 4.3 -4 -11 7
2 24 5.7 -11 4.3 4 -11 7
2 24 -6.1 -13 7 -4 -11 7
2 24 6.1 -13 7 4 -11 7
2 24 5.7217 -11.012 3 -5.7217 -11.012 3
2 24 4 -11 7 -4 -11 7

4 16 -6 -29 -7.75 -6 -33 -7 -11.5 -33 -7 -11.5 -29 -7.75
4 16 11.5 -29 -7.75 11.5 -33 -7 6 -33 -7 6 -29 -7.75
1 16 0 -24 -0.8 0 0 -6 0 1 0 7.8 0 0 rect.dat
1 16 0 -20 -2.925 0 0 7.5 0 -1 0 5.925 0 0 rect.dat
4 16 7.5 -20 3 -7.5 -20 3 -5.7217 -11.012 3 5.7217 -11.012 3

4 16 -5.1 -7.8 -1.3 -5.7217 -11.012 3 -7.5 -20 3 -5.6 -10.3 -1.7
4 16 -7.1 -18 -9 -5.6 -10.3 -1.7 -7.5 -20 3 -7.5 -20 -8.85
4 16 5.6 -10.3 -1.7 7.5 -20 3 5.7217 -11.012 3 5.1 -7.8 -1.3
4 16 7.5 -20 -8.85 7.5 -20 3 5.6 -10.3 -1.7 7.1 -18 -9

4 16 11.5 -25 -8.5 10.2 -18 -9 9.5 -14 7 11.5 -24 7
4 16 -9.5 -14 7 -10.2 -18 -9 -11.5 -25 -8.5 -11.5 -24 7
3 16 8.8 -10.3 -1.7 8.3 -7.8 -1.3 9.5 -14 7
3 16 -9.5 -14 7 -8.3 -7.8 -1.3 -8.8 -10.3 -1.7
3 16 9.5 -14 7 10.2 -18 -9 8.8 -10.3 -1.7
3 16 -8.8 -10.3 -1.7 -10.2 -18 -9 -9.5 -14 7

1 16 7.3 -10.9 2.85 -1.6 0 0.6 0 -1 -3.1 0 0 4.15 rect3.dat
1 16 -7.3 -10.9 2.85 -1.6 0 -0.6 0 -1 -3.1 0 0 4.15 rect3.dat
4 16 9.5 -14 7 6.3 -14 7 6 -24 7 11.5 -24 7
4 16 6.3 -14 7 -6.3 -14 7 -6 -24 7 6 -24 7
4 16 -6.3 -14 7 -9.5 -14 7 -11.5 -24 7 -6 -24 7
4 16 5.7217 -11.012 3 5.7 -11 4.3 6.1 -13 7 6.3 -14 7
4 16 -6.3 -14 7 -6.1 -13 7 -5.7 -11 4.3 -5.7217 -11.012 3
4 16 -5.7217 -11.012 3 -5.7 -11 4.3 5.7 -11 4.3 5.7217 -11.012 3
4 16 4 -11 7 5.7 -11 4.3 -5.7 -11 4.3 -4 -11 7
4 16 -4 -11 7 -6.1 -13 7 6.1 -13 7 4 -11 7
4 16 6.3 -14 7 6.1 -13 7 -6.1 -13 7 -6.3 -14 7
3 16 5.7 -11 4.3 4 -11 7 6.1 -13 7
3 16 -6.1 -13 7 -4 -11 7 -5.7 -11 4.3

1 16 0 -17.5 7 0 0 -1 1 0 0 0 -1 0 stud2.dat

0 // strut, 9 forward 11 out (old)
0 // new waist struts
0 // right side
2 24 -11 -17.91 -0.59 -11 -18.7636 -0.899
2 24 -11 -18.7636 -0.899 -11 -19.4338 -1.5112
2 24 -11 -19.4338 -1.5112 -11 -19.8189 -2.3332
2 24 -11 -19.8189 -2.3332 -11 -19.86 -3.24
2 24 -11 -19.86 -3.24 -11 -19.551 -4.0936
2 24 -11 -19.551 -4.0936 -11 -18.9388 -4.7638
2 24 -11 -18.9388 -4.7638 -11 -18.1168 -5.1489
2 24 -11 -18.1168 -5.1489 -11 -17.21 -5.19
4 16 -11 -17.21 -5.19 -11 -18.1168 -5.1489 -11 -18.7636 -0.899 -11 -17.91 -0.59
4 16 -11 -18.1168 -5.1489 -11 -18.9388 -4.7638 -11 -19.4338 -1.5112 -11 -18.7636 -0.899
4 16 -11 -18.9388 -4.7638 -11 -19.551 -4.0936 -11 -19.8189 -2.3332 -11 -19.4338 -1.5112
3 16 -11 -19.551 -4.0936 -11 -19.86 -3.24 -11 -19.8189 -2.3332

2 24 -11 -17.91 -0.59 -11 -16.0534 -0.8428
2 24 -11 -17.21 -5.19 -11 -15.4879 -4.329
2 24 -11 -15.4879 -4.329 -11 -12.7718 -3.0637
2 24 -11 -16.0534 -0.8428 -11 -13.0779 -1.1769
2 24 -11 -12.7718 -3.0637 -11 -11.926 -1.9569
2 24 -11 -13.0779 -1.1769 -11 -11.926 -1.9569
4 16 -11 -17.91 -0.59 -11 -16.0534 -0.8428 -11 -15.4879 -4.329 -11 -17.21 -5.19
4 16 -11 -16.0534 -0.8428 -11 -13.0779 -1.1769 -11 -12.7718 -3.0637 -11 -15.4879 -4.329
3 16 -11 -13.0779 -1.1769 -11 -11.926 -1.9569 -11 -12.7718 -3.0637

0 // hip
2 24 -10.2054 -17.91 -0.59 -10.363 -18.7636 -0.899
2 24 -10.363 -18.7636 -0.899 -10.4857 -19.4338 -1.5112
2 24 -10.4857 -19.4338 -1.5112 -10.555 -19.8189 -2.3332
2 24 -10.555 -19.8189 -2.3332 -10.5602 -19.86 -3.24
2 24 -10.5602 -19.86 -3.24 -10.5007 -19.551 -4.0936
2 24 -10.5007 -19.551 -4.0936 -10.3853 -18.9388 -4.7638
2 24 -10.3853 -18.9388 -4.7638 -10.2318 -18.1168 -5.1489
2 24 -10.2318 -18.1168 -5.1489 -10.0635 -17.21 -5.19

4 16 -11 -17.91 -0.59 -11 -18.7636 -0.899 -10.363 -18.7636 -0.899 -10.2054 -17.91 -0.59
4 16 -11 -18.7636 -0.899 -11 -19.4338 -1.5112 -10.4857 -19.4338 -1.5112 -10.363 -18.7636 -0.899
4 16 -11 -19.4338 -1.5112 -11 -19.8189 -2.3332 -10.555 -19.8189 -2.3332 -10.4857 -19.4338 -1.5112
4 16 -11 -19.8189 -2.3332 -11 -19.86 -3.24 -10.5602 -19.86 -3.24 -10.555 -19.8189 -2.3332
4 16 -11 -19.86 -3.24 -11 -19.551 -4.0936 -10.5007 -19.551 -4.0936 -10.5602 -19.86 -3.24
4 16 -11 -19.551 -4.0936 -11 -18.9388 -4.7638 -10.3853 -18.9388 -4.7638 -10.5007 -19.551 -4.0936
4 16 -11 -18.9388 -4.7638 -11 -18.1168 -5.1489 -10.2318 -18.1168 -5.1489 -10.3853 -18.9388 -4.7638
4 16 -11 -18.1168 -5.1489 -11 -17.21 -5.19 -10.0635 -17.21 -5.19 -10.2318 -18.1168 -5.1489

2 24 -10.2054 -17.91 -0.59 -9.8147 -15.7983 -0.1931
2 24 -9.8147 -15.7983 -0.1931 -8.9804 -11.2537 0.5424
2 24 -8.9804 -11.2537 0.5424 -8.6105 -9.4044 0.8478
2 24 -8.6105 -9.4044 0.8478 -7.9115 -9.4989 0.9743
2 24 -7.9115 -9.4989 0.9743 -6.9202 -9.3715 0.8037
2 24 -6.9202 -9.3715 0.8037 -6.0421 -9.007 0.3158
2 24 -6.0421 -9.007 0.3158 -5.4106 -8.461 -0.4151
2 24 -5.4106 -8.461 -0.4151 -5.1 -7.8 -1.3

2 24 -10.0635 -17.21 -5.19 -9.3589 -13.3741 -4.6144
2 24 -9.3589 -13.3741 -4.6144 -8.8431 -13.511 -4.7442
2 24 -5.6064 -10.3 -1.7 -5.1 -7.8 -1.3
0 // bottom
2 24 -9 -1.5952 -0.2643 -9 -2.4411 -1.3711
2 24 -9 -2.4411 -1.3711 -9 -4.3787 -2.2738
2 24 -9 -4.3787 -2.2738 -8.8219 -4.2371 -2.4856
2 24 -8.8219 -4.2371 -2.4856 -7.9505 -3.9072 -2.9793
2 24 -7.9505 -3.9072 -2.9793 -6.9615 -3.7919 -3.1519
4 16 -9 -1.5952 -0.2643 -9 -2.4411 -1.3711 -11 -12.7718 -3.0637 -11 -11.926 -1.9569
4 16 -11 -12.7718 -3.0637 -9 -2.4411 -1.3711 -9 -4.3787 -2.2738 -11 -15.4879 -4.329
3 16 -8.8219 -4.2371 -2.4856 -11 -15.4879 -4.329 -9 -4.3787 -2.2738
3 16 -11 -17.21 -5.19 -11 -15.4879 -4.329 -8.8219 -4.2371 -2.4856
3 16 -10.0635 -17.21 -5.19 -11 -17.21 -5.19 -9.3589 -13.3741 -4.6144
3 16 -8.8219 -4.2371 -2.4856 -7.9505 -3.9072 -2.9793 -11 -17.21 -5.19
3 16 -11 -17.21 -5.19 -7.9505 -3.9072 -2.9793 -9.3589 -13.3741 -4.6144
4 16 -7.9505 -3.9072 -2.9793 -6.9615 -3.7919 -3.1519 -8.8431 -13.511 -4.7442 -9.3589 -13.3741 -4.6144

2 24 -6.9615 -3.7919 -3.1519 -6 -3.911 -2.9736
2 24 -6 -3.911 -2.9736 -6 -2.8131 -2.8387
2 24 -6 -2.8131 -2.8387 -5.9385 -2.8284 -2.8284
2 24 -5.9385 -2.8284 -2.8284 -5.7999 -2.8453 -2.8031
2 24 -5.7999 -2.8453 -2.8031 -5.0228 -3.1764 -2.3077
2 24 -5.0228 -3.1764 -2.3077 -4.5426 -3.6712 -1.5673
2 24 -4.5426 -3.6712 -1.5673 -4.538 -3.6956 -1.5308
2 24 -4.538 -3.6956 -1.5308 -4.3589 -3.8744 -0.6319
3 16 -6 -2.8131 -2.8387 -5.9385 -2.8284 -2.8284 -6 -3.911 -2.9736
3 16 -5.9385 -2.8284 -2.8284 -5.7999 -2.8453 -2.8031 -6 -3.911 -2.9736

2 24 -4.3589 -3.8744 -0.6319 -4.4936 -4 0
2 24 -4.4936 -4 0 -4.5344 -3.9351 0.3264
2 24 -4.5344 -3.9351 0.3264 -5.0276 -3.7665 1.1743
2 24 -5.0276 -3.7665 1.1743 -5.5223 -3.6956 1.5308
2 24 -5.5223 -3.6956 1.5308 -5.792 -3.5434 1.7586
2 24 -5.792 -3.5434 1.7586 -6 -3.5115 1.8062
2 24 -6 -3.5115 1.8062 -6 -4.6895 1.5614
2 24 -6 -4.6895 1.5614 -6.9725 -4.6482 1.769
2 24 -6.9725 -4.6482 1.769 -7.9586 -4.688 1.5688
2 24 -7.9586 -4.688 1.5688 -8.8216 -4.801 1.0007
2 24 -8.8216 -4.801 1.0007 -9 -4.8505 0.7518
2 24 -9 -4.8505 0.7518 -9 -2.7472 0.5157
2 24 -9 -2.7472 0.5157 -9 -1.5952 -0.2643
4 16 -4.3589 -3.8744 -0.6319 -4.4936 -4 0 -5.4106 -8.461 -0.4151 -5.1 -7.8 -1.3
3 16 -4.4936 -4 0 -4.5344 -3.9351 0.3264 -5.4106 -8.461 -0.4151
4 16 -4.5344 -3.9351 0.3264 -5.0276 -3.7665 1.1743 -6.0421 -9.007 0.3158 -5.4106 -8.461 -0.4151
3 16 -5.5223 -3.6956 1.5308 -5.792 -3.5434 1.7586 -6 -4.6895 1.5614
3 16 -5.792 -3.5434 1.7586 -6 -3.5115 1.8062 -6 -4.6895 1.5614
3 16 -5.0276 -3.7665 1.1743 -5.5223 -3.6956 1.5308 -6 -4.6895 1.5614
4 16 -5.0276 -3.7665 1.1743 -6 -4.6895 1.5614 -6.9202 -9.3715 0.8037 -6.0421 -9.007 0.3158
4 16 -6 -4.6895 1.5614 -6.9725 -4.6482 1.769 -7.9115 -9.4989 0.9743 -6.9202 -9.3715 0.8037
4 16 -6.9725 -4.6482 1.769 -7.9586 -4.688 1.5688 -8.6105 -9.4044 0.8478 -7.9115 -9.4989 0.9743
3 16 -8.9804 -11.2537 0.5424 -8.6105 -9.4044 0.8478 -7.9586 -4.688 1.5688
3 16 -9.8147 -15.7983 -0.1931 -8.9804 -11.2537 0.5424 -7.9586 -4.688 1.5688
3 16 -9.8147 -15.7983 -0.1931 -11 -17.91 -0.59 -10.2054 -17.91 -0.59
3 16 -9.8147 -15.7983 -0.1931 -7.9586 -4.688 1.5688 -11 -17.91 -0.59
3 16 -7.9586 -4.688 1.5688 -8.8216 -4.801 1.0007 -11 -17.91 -0.59
3 16 -11 -17.91 -0.59 -8.8216 -4.801 1.0007 -11 -16.0534 -0.8428
4 16 -11 -16.0534 -0.8428 -8.8216 -4.801 1.0007 -9 -4.8505 0.7518 -11 -13.0779 -1.1769
3 16 -9 -2.7472 0.5157 -11 -13.0779 -1.1769 -9 -4.8505 0.7518
4 16 -11 -11.926 -1.9569 -11 -13.0779 -1.1769 -9 -2.7472 0.5157 -9 -1.5952 -0.2643

5 24 -11 -18.7636 -0.899 -10.363 -18.7636 -0.899 -11 -17.91 -0.59 -11 -19.4338 -1.5112
5 24 -10.2054 -17.91 -0.59 -11 -17.91 -0.59 -11 -18.7636 -0.899 -9.8147 -15.7983 -0.1931
5 24 -11 -19.4338 -1.5112 -10.4857 -19.4338 -1.5112 -11 -18.7636 -0.899 -11 -19.8189 -2.3332
5 24 -11 -19.8189 -2.3332 -10.555 -19.8189 -2.3332 -11 -19.4338 -1.5112 -11 -19.86 -3.24
5 24 -11 -19.86 -3.24 -10.5602 -19.86 -3.24 -11 -19.8189 -2.3332 -11 -19.551 -4.0936
5 24 -11 -19.551 -4.0936 -10.5007 -19.551 -4.0936 -11 -19.86 -3.24 -11 -18.9388 -4.7638
5 24 -11 -18.9388 -4.7638 -10.3853 -18.9388 -4.7638 -11 -19.551 -4.0936 -11 -18.1168 -5.1489
5 24 -11 -18.1168 -5.1489 -10.2318 -18.1168 -5.1489 -11 -18.9388 -4.7638 -11 -17.21 -5.19
5 24 -11 -17.21 -5.19 -10.0635 -17.21 -5.19 -11 -18.1168 -5.1489 -9.3589 -13.3741 -4.6144
5 24 -9 -2.4411 -1.3711 -11 -12.7718 -3.0637 -9 -1.5952 -0.2643 -9 -4.3787 -2.2738
5 24 -11 -11.926 -1.9569 -9 -1.5952 -0.2643 -9 -2.4411 -1.3711 -11 -13.0779 -1.1769
5 24 -8.8219 -4.2371 -2.4856 -11 -15.4879 -4.329 -9 -4.3787 -2.2738 -11 -17.21 -5.19
5 24 -8.8219 -4.2371 -2.4856 -11 -17.21 -5.19 -11 -15.4879 -4.329 -7.9505 -3.9072 -2.9793
5 24 -11 -17.21 -5.19 -9.3589 -13.3741 -4.6144 -10.0635 -17.21 -5.19 -7.9505 -3.9072 -2.9793
5 24 -7.9505 -3.9072 -2.9793 -11 -17.21 -5.19 -8.8219 -4.2371 -2.4856 -9.3589 -13.3741 -4.6144
5 24 -7.9505 -3.9072 -2.9793 -9.3589 -13.3741 -4.6144 -11 -17.21 -5.19 -6.9615 -3.7919 -3.1519
5 24 -6.9615 -3.7919 -3.1519 -8.8431 -13.511 -4.7442 -7.9505 -3.9072 -2.9793 -6 -3.911 -2.9736
5 24 -4.3589 -3.8744 -0.6319 -5.1 -7.8 -1.3 -4.538 -3.6956 -1.5308 -4.4936 -4 0
5 24 -4.5344 -3.9351 0.3264 -5.4106 -8.461 -0.4151 -4.4936 -4 0 -5.0276 -3.7665 1.1743
5 24 -5.0276 -3.7665 1.1743 -6.0421 -9.007 0.3158 -4.5344 -3.9351 0.3264 -6 -4.6895 1.5614
5 24 -5.792 -3.5434 1.7586 -6 -4.6895 1.5614 -5.5223 -3.6956 1.5308 -6 -3.5115 1.8062
5 24 -6 -4.6895 1.5614 -6.9202 -9.3715 0.8037 -5.0276 -3.7665 1.1743 -6.9725 -4.6482 1.769
5 24 -6.9725 -4.6482 1.769 -7.9115 -9.4989 0.9743 -6 -4.6895 1.5614 -7.9586 -4.688 1.5688
5 24 -7.9586 -4.688 1.5688 -9.8147 -15.7983 -0.1931 -8.9804 -11.2537 0.5424 -11 -17.91 -0.59
5 24 -9.8147 -15.7983 -0.1931 -11 -17.91 -0.59 -10.2054 -17.91 -0.59 -7.9586 -4.688 1.5688
5 24 -7.9586 -4.688 1.5688 -11 -17.91 -0.59 -9.8147 -15.7983 -0.1931 -8.8216 -4.801 1.0007
5 24 -8.8216 -4.801 1.0007 -11 -17.91 -0.59 -7.9586 -4.688 1.5688 -11 -16.0534 -0.8428
5 24 -8.8216 -4.801 1.0007 -11 -16.0534 -0.8428 -11 -17.91 -0.59 -9 -4.8505 0.7518
5 24 -9 -2.7472 0.5157 -11 -13.0779 -1.1769 -9 -4.8505 0.7518 -11 -11.926 -1.9569

0 // left side
2 24 11 -17.91 -0.59 11 -18.7636 -0.899
2 24 11 -18.7636 -0.899 11 -19.4338 -1.5112
2 24 11 -19.4338 -1.5112 11 -19.8189 -2.3332
2 24 11 -19.8189 -2.3332 11 -19.86 -3.24
2 24 11 -19.86 -3.24 11 -19.551 -4.0936
2 24 11 -19.551 -4.0936 11 -18.9388 -4.7638
2 24 11 -18.9388 -4.7638 11 -18.1168 -5.1489
2 24 11 -18.1168 -5.1489 11 -17.21 -5.19
4 16 11 -17.91 -0.59 11 -18.7636 -0.899 11 -18.1168 -5.1489 11 -17.21 -5.19
4 16 11 -18.7636 -0.899 11 -19.4338 -1.5112 11 -18.9388 -4.7638 11 -18.1168 -5.1489
4 16 11 -19.4338 -1.5112 11 -19.8189 -2.3332 11 -19.551 -4.0936 11 -18.9388 -4.7638
3 16 11 -19.551 -4.0936 11 -19.8189 -2.3332 11 -19.86 -3.24

2 24 11 -17.91 -0.59 11 -16.0534 -0.8428
2 24 11 -17.21 -5.19 11 -15.4879 -4.329
2 24 11 -15.4879 -4.329 11 -12.7718 -3.0637
2 24 11 -16.0534 -0.8428 11 -13.0779 -1.1769
2 24 11 -12.7718 -3.0637 11 -11.926 -1.9569
2 24 11 -13.0779 -1.1769 11 -11.926 -1.9569
4 16 11 -17.21 -5.19 11 -15.4879 -4.329 11 -16.0534 -0.8428 11 -17.91 -0.59
4 16 11 -15.4879 -4.329 11 -12.7718 -3.0637 11 -13.0779 -1.1769 11 -16.0534 -0.8428
3 16 11 -13.0779 -1.1769 11 -12.7718 -3.0637 11 -11.926 -1.9569

0 // hip
2 24 10.2054 -17.91 -0.59 10.363 -18.7636 -0.899
2 24 10.363 -18.7636 -0.899 10.4857 -19.4338 -1.5112
2 24 10.4857 -19.4338 -1.5112 10.555 -19.8189 -2.3332
2 24 10.555 -19.8189 -2.3332 10.5602 -19.86 -3.24
2 24 10.5602 -19.86 -3.24 10.5007 -19.551 -4.0936
2 24 10.5007 -19.551 -4.0936 10.3853 -18.9388 -4.7638
2 24 10.3853 -18.9388 -4.7638 10.2318 -18.1168 -5.1489
2 24 10.2318 -18.1168 -5.1489 10.0635 -17.21 -5.19

4 16 10.2054 -17.91 -0.59 10.363 -18.7636 -0.899 11 -18.7636 -0.899 11 -17.91 -0.59
4 16 10.363 -18.7636 -0.899 10.4857 -19.4338 -1.5112 11 -19.4338 -1.5112 11 -18.7636 -0.899
4 16 10.4857 -19.4338 -1.5112 10.555 -19.8189 -2.3332 11 -19.8189 -2.3332 11 -19.4338 -1.5112
4 16 10.555 -19.8189 -2.3332 10.5602 -19.86 -3.24 11 -19.86 -3.24 11 -19.8189 -2.3332
4 16 10.5602 -19.86 -3.24 10.5007 -19.551 -4.0936 11 -19.551 -4.0936 11 -19.86 -3.24
4 16 10.5007 -19.551 -4.0936 10.3853 -18.9388 -4.7638 11 -18.9388 -4.7638 11 -19.551 -4.0936
4 16 10.3853 -18.9388 -4.7638 10.2318 -18.1168 -5.1489 11 -18.1168 -5.1489 11 -18.9388 -4.7638
4 16 10.2318 -18.1168 -5.1489 10.0635 -17.21 -5.19 11 -17.21 -5.19 11 -18.1168 -5.1489

2 24 10.2054 -17.91 -0.59 9.8147 -15.7983 -0.1931
2 24 9.8147 -15.7983 -0.1931 8.9804 -11.2537 0.5424
2 24 8.9804 -11.2537 0.5424 8.6105 -9.4044 0.8478
2 24 8.6105 -9.4044 0.8478 7.9115 -9.4989 0.9743
2 24 7.9115 -9.4989 0.9743 6.9202 -9.3715 0.8037
2 24 6.9202 -9.3715 0.8037 6.0421 -9.007 0.3158
2 24 6.0421 -9.007 0.3158 5.4106 -8.461 -0.4151
2 24 5.4106 -8.461 -0.4151 5.1 -7.8 -1.3

2 24 10.0635 -17.21 -5.19 9.3589 -13.3741 -4.6144
2 24 9.3589 -13.3741 -4.6144 8.8431 -13.511 -4.7442
2 24 5.6064 -10.3 -1.7 5.1 -7.8 -1.3
0 // bottom
2 24 9 -1.5952 -0.2643 9 -2.4411 -1.3711
2 24 9 -2.4411 -1.3711 9 -4.3787 -2.2738
2 24 9 -4.3787 -2.2738 8.8219 -4.2371 -2.4856
2 24 8.8219 -4.2371 -2.4856 7.9505 -3.9072 -2.9793
2 24 7.9505 -3.9072 -2.9793 6.9615 -3.7919 -3.1519
4 16 11 -11.926 -1.9569 11 -12.7718 -3.0637 9 -2.4411 -1.3711 9 -1.5952 -0.2643
4 16 9 -4.3787 -2.2738 9 -2.4411 -1.3711 11 -12.7718 -3.0637 11 -15.4879 -4.329
3 16 11 -15.4879 -4.329 8.8219 -4.2371 -2.4856 9 -4.3787 -2.2738
3 16 11 -15.4879 -4.329 11 -17.21 -5.19 8.8219 -4.2371 -2.4856
3 16 11 -17.21 -5.19 10.0635 -17.21 -5.19 9.3589 -13.3741 -4.6144
3 16 7.9505 -3.9072 -2.9793 8.8219 -4.2371 -2.4856 11 -17.21 -5.19
3 16 7.9505 -3.9072 -2.9793 11 -17.21 -5.19 9.3589 -13.3741 -4.6144
4 16 9.3589 -13.3741 -4.6144 8.8431 -13.511 -4.7442 6.9615 -3.7919 -3.1519 7.9505 -3.9072 -2.9793

2 24 6.9615 -3.7919 -3.1519 6 -3.911 -2.9736
2 24 6 -3.911 -2.9736 6 -2.8131 -2.8387
2 24 6 -2.8131 -2.8387 5.9385 -2.8284 -2.8284
2 24 5.9385 -2.8284 -2.8284 5.7999 -2.8453 -2.8031
2 24 5.7999 -2.8453 -2.8031 5.0228 -3.1764 -2.3077
2 24 5.0228 -3.1764 -2.3077 4.5426 -3.6712 -1.5673
2 24 4.5426 -3.6712 -1.5673 4.538 -3.6956 -1.5308
2 24 4.538 -3.6956 -1.5308 4.3589 -3.8744 -0.6319
3 16 5.9385 -2.8284 -2.8284 6 -2.8131 -2.8387 6 -3.911 -2.9736
3 16 5.7999 -2.8453 -2.8031 5.9385 -2.8284 -2.8284 6 -3.911 -2.9736

2 24 4.3589 -3.8744 -0.6319 4.4936 -4 0
2 24 4.4936 -4 0 4.5344 -3.9351 0.3264
2 24 4.5344 -3.9351 0.3264 5.0276 -3.7665 1.1743
2 24 5.0276 -3.7665 1.1743 5.5223 -3.6956 1.5308
2 24 5.5223 -3.6956 1.5308 5.792 -3.5434 1.7586
2 24 5.792 -3.5434 1.7586 6 -3.5115 1.8062
2 24 6 -3.5115 1.8062 6 -4.6895 1.5614
2 24 6 -4.6895 1.5614 6.9725 -4.6482 1.769
2 24 6.9725 -4.6482 1.769 7.9586 -4.688 1.5688
2 24 7.9586 -4.688 1.5688 8.8216 -4.801 1.0007
2 24 8.8216 -4.801 1.0007 9 -4.8505 0.7518
2 24 9 -4.8505 0.7518 9 -2.7472 0.5157
2 24 9 -2.7472 0.5157 9 -1.5952 -0.2643
4 16 5.1 -7.8 -1.3 5.4106 -8.461 -0.4151 4.4936 -4 0 4.3589 -3.8744 -0.6319
3 16 4.5344 -3.9351 0.3264 4.4936 -4 0 5.4106 -8.461 -0.4151
4 16 5.4106 -8.461 -0.4151 6.0421 -9.007 0.3158 5.0276 -3.7665 1.1743 4.5344 -3.9351 0.3264
3 16 5.792 -3.5434 1.7586 5.5223 -3.6956 1.5308 6 -4.6895 1.5614
3 16 6 -3.5115 1.8062 5.792 -3.5434 1.7586 6 -4.6895 1.5614
3 16 5.5223 -3.6956 1.5308 5.0276 -3.7665 1.1743 6 -4.6895 1.5614
4 16 6.0421 -9.007 0.3158 6.9202 -9.3715 0.8037 6 -4.6895 1.5614 5.0276 -3.7665 1.1743
4 16 6.9202 -9.3715 0.8037 7.9115 -9.4989 0.9743 6.9725 -4.6482 1.769 6 -4.6895 1.5614
4 16 7.9115 -9.4989 0.9743 8.6105 -9.4044 0.8478 7.9586 -4.688 1.5688 6.9725 -4.6482 1.769
3 16 8.6105 -9.4044 0.8478 8.9804 -11.2537 0.5424 7.9586 -4.688 1.5688
3 16 8.9804 -11.2537 0.5424 9.8147 -15.7983 -0.1931 7.9586 -4.688 1.5688
3 16 11 -17.91 -0.59 9.8147 -15.7983 -0.1931 10.2054 -17.91 -0.59
3 16 7.9586 -4.688 1.5688 9.8147 -15.7983 -0.1931 11 -17.91 -0.59
3 16 8.8216 -4.801 1.0007 7.9586 -4.688 1.5688 11 -17.91 -0.59
3 16 8.8216 -4.801 1.0007 11 -17.91 -0.59 11 -16.0534 -0.8428
4 16 9 -4.8505 0.7518 8.8216 -4.801 1.0007 11 -16.0534 -0.8428 11 -13.0779 -1.1769
3 16 9 -4.8505 0.7518 11 -13.0779 -1.1769 9 -2.7472 0.5157
4 16 9 -1.5952 -0.2643 9 -2.7472 0.5157 11 -13.0779 -1.1769 11 -11.926 -1.9569

5 24 11 -18.7636 -0.899 10.363 -18.7636 -0.899 11 -17.91 -0.59 11 -19.4338 -1.5112
5 24 10.2054 -17.91 -0.59 11 -17.91 -0.59 11 -18.7636 -0.899 9.8147 -15.7983 -0.1931
5 24 11 -19.4338 -1.5112 10.4857 -19.4338 -1.5112 11 -18.7636 -0.899 11 -19.8189 -2.3332
5 24 11 -19.8189 -2.3332 10.555 -19.8189 -2.3332 11 -19.4338 -1.5112 11 -19.86 -3.24
5 24 11 -19.86 -3.24 10.5602 -19.86 -3.24 11 -19.8189 -2.3332 11 -19.551 -4.0936
5 24 11 -19.551 -4.0936 10.5007 -19.551 -4.0936 11 -19.86 -3.24 11 -18.9388 -4.7638
5 24 11 -18.9388 -4.7638 10.3853 -18.9388 -4.7638 11 -19.551 -4.0936 11 -18.1168 -5.1489
5 24 11 -18.1168 -5.1489 10.2318 -18.1168 -5.1489 11 -18.9388 -4.7638 11 -17.21 -5.19
5 24 11 -17.21 -5.19 10.0635 -17.21 -5.19 11 -18.1168 -5.1489 9.3589 -13.3741 -4.6144
5 24 9 -2.4411 -1.3711 11 -12.7718 -3.0637 9 -1.5952 -0.2643 9 -4.3787 -2.2738
5 24 11 -11.926 -1.9569 9 -1.5952 -0.2643 9 -2.4411 -1.3711 11 -13.0779 -1.1769
5 24 8.8219 -4.2371 -2.4856 11 -15.4879 -4.329 9 -4.3787 -2.2738 11 -17.21 -5.19
5 24 8.8219 -4.2371 -2.4856 11 -17.21 -5.19 11 -15.4879 -4.329 7.9505 -3.9072 -2.9793
5 24 11 -17.21 -5.19 9.3589 -13.3741 -4.6144 10.0635 -17.21 -5.19 7.9505 -3.9072 -2.9793
5 24 7.9505 -3.9072 -2.9793 11 -17.21 -5.19 8.8219 -4.2371 -2.4856 9.3589 -13.3741 -4.6144
5 24 7.9505 -3.9072 -2.9793 9.3589 -13.3741 -4.6144 11 -17.21 -5.19 6.9615 -3.7919 -3.1519
5 24 6.9615 -3.7919 -3.1519 8.8431 -13.511 -4.7442 7.9505 -3.9072 -2.9793 6 -3.911 -2.9736
5 24 4.3589 -3.8744 -0.6319 5.1 -7.8 -1.3 4.538 -3.6956 -1.5308 4.4936 -4 0
5 24 4.5344 -3.9351 0.3264 5.4106 -8.461 -0.4151 4.4936 -4 0 5.0276 -3.7665 1.1743
5 24 5.0276 -3.7665 1.1743 6.0421 -9.007 0.3158 4.5344 -3.9351 0.3264 6 -4.6895 1.5614
5 24 5.792 -3.5434 1.7586 6 -4.6895 1.5614 5.5223 -3.6956 1.5308 6 -3.5115 1.8062
5 24 6 -4.6895 1.5614 6.9202 -9.3715 0.8037 5.0276 -3.7665 1.1743 6.9725 -4.6482 1.769
5 24 6.9725 -4.6482 1.769 7.9115 -9.4989 0.9743 6 -4.6895 1.5614 7.9586 -4.688 1.5688
5 24 7.9586 -4.688 1.5688 9.8147 -15.7983 -0.1931 8.9804 -11.2537 0.5424 11 -17.91 -0.59
5 24 9.8147 -15.7983 -0.1931 11 -17.91 -0.59 10.2054 -17.91 -0.59 7.9586 -4.688 1.5688
5 24 7.9586 -4.688 1.5688 11 -17.91 -0.59 9.8147 -15.7983 -0.1931 8.8216 -4.801 1.0007
5 24 8.8216 -4.801 1.0007 11 -17.91 -0.59 7.9586 -4.688 1.5688 11 -16.0534 -0.8428
5 24 8.8216 -4.801 1.0007 11 -16.0534 -0.8428 11 -17.91 -0.59 9 -4.8505 0.7518
5 24 9 -2.7472 0.5157 11 -13.0779 -1.1769 9 -4.8505 0.7518 11 -11.926 -1.9569
0 NOFILE

0 FILE 1-4cylc.dat
0 Cylinder Closed 0.25

0 Name: 1-4cylc.dat

0 Author: Mark Kennedy [mkennedy]

0 !LDRAW_ORG Primitive UPDATE 2010-01

0 !LICENSE Licensed under CC BY 4.0 : see CAreadme.txt



0 BFC CERTIFY CCW



0 !HISTORY 2010-04-05 [PTadmin] Official Update 2010-01





1 16 0 0 0 1 0 0 0 1 0 0 0 1 1-4edge.dat

1 16 0 1 0 1 0 0 0 1 0 0 0 1 1-4edge.dat

1 16 0 0 0 1 0 0 0 1 0 0 0 1 1-4disc.dat

1 16 0 0 0 1 0 0 0 1 0 0 0 1 1-4cyli.dat

0

0 NOFILE

0 FILE 1-4cyli.dat
0 Cylinder 0.25

0 Name: 1-4cyli.dat

0 Author: James Jessiman

0 !LDRAW_ORG Primitive UPDATE 2012-01

0 !LICENSE Licensed under CC BY 4.0 : see CAreadme.txt



0 BFC CERTIFY CCW



0 !HISTORY 2002-03-23 [sbliss] Added BFC statement.

0 !HISTORY 2002-04-25 [PTadmin] Official Update 2002-02

0 !HISTORY 2007-06-22 [PTadmin] Header formatted for Contributor Agreement

0 !HISTORY 2008-07-01 [PTadmin] Official Update 2008-01

0 !HISTORY 2012-02-16 [Philo] Changed to CCW

0 !HISTORY 2012-03-30 [PTadmin] Official Update 2012-01





4 16 1 1 0 0.9239 1 0.3827 0.9239 0 0.3827 1 0 0

5 24 1 0 0 1 1 0 0.9239 0 0.3827 1 0 -1

4 16 0.9239 1 0.3827 0.7071 1 0.7071 0.7071 0 0.7071 0.9239 0 0.3827

5 24 0.9239 0 0.3827 0.9239 1 0.3827 0.7071 0 0.7071 1 0 0

4 16 0.7071 1 0.7071 0.3827 1 0.9239 0.3827 0 0.9239 0.7071 0 0.7071

5 24 0.7071 0 0.7071 0.7071 1 0.7071 0.3827 0 0.9239 0.9239 0 0.3827

4 16 0.3827 1 0.9239 0 1 1 0 0 1 0.3827 0 0.9239

5 24 0.3827 0 0.9239 0.3827 1 0.9239 0 0 1 0.7071 0 0.7071

5 24 0 0 1 0 1 1 0.3827 0 0.9239 -1 0 1

0 NOFILE

0 FILE 1-4disc.dat
0 Disc 0.25

0 Name: 1-4disc.dat

0 Author: James Jessiman

0 !LDRAW_ORG Primitive UPDATE 2002-02

0 !LICENSE Licensed under CC BY 4.0 : see CAreadme.txt



0 BFC CERTIFY CCW



0 !HISTORY 2002-03-23 [sbliss] Added BFC statement.

0 !HISTORY 2002-04-25 [PTadmin] Official Update 2002-02

0 !HISTORY 2007-06-22 [PTadmin] Header formatted for Contributor Agreement

0 !HISTORY 2008-07-01 [PTadmin] Official Update 2008-01





3 16 0 0 0 1 0 0 0.9239 0 0.3827

3 16 0 0 0 0.9239 0 0.3827 0.7071 0 0.7071

3 16 0 0 0 0.7071 0 0.7071 0.3827 0 0.9239

3 16 0 0 0 0.3827 0 0.9239 0 0 1

0

0 NOFILE

0 FILE 65578.dat
0 Plate  1 x  1 Round with Angled Bar

0 Name: 65578.dat

0 Author: Magnus Forsberg [MagFors]

0 !LDRAW_ORG Part UPDATE 2020-02

0 !LICENSE Licensed under CC BY 4.0 : see CAreadme.txt



0 BFC CERTIFY CCW



0 !HISTORY 2020-09-05 [PTadmin] Official Update 2020-02





1 16 0 0 0 1 0 0 0 1 0 0 0 1 stud2a.dat



0 BFC INVERTNEXT

1 16 0 0 0 .7 0 0 0 6 0 0 0 .7 4-4con4.dat

1 16 0 6 0 2.8 0 0 0 1 0 0 0 2.8 4-4edge.dat

0 BFC INVERTNEXT

1 16 0 6 0 2.8 0 0 0 1 0 0 0 2.8 4-4con0.dat

1 16 0 0 0 3.5 0 0 0 1 0 0 0 3.5 4-4edge.dat

1 16 0 0 0 .5 0 0 0 1 0 0 0 .5 4-4ring7.dat

1 16 0 0 0 4 0 0 0 1 0 0 0 4 4-4edge.dat

1 16 0 0 0 6 0 0 0 1 0 0 0 6 4-4edge.dat

1 16 0 0 0 2 0 0 0 1 0 0 0 2 4-4ring3.dat

1 16 0 0 0 2 0 0 0 1 0 0 0 2 4-4ring4.dat

1 16 0 0 0 10 0 0 0 2 0 0 0 10 4-4cylo.dat



1 16 0 8 0 4 0 0 0 1 0 0 0 4 4-4edge.dat

1 16 -4 8 0 4 0 0 0 0 4 0 -4 0 r08q1000.dat



1 16 -10.0104 19.6673 0 2.82843 0 0 2.82843 -1 0 0 0 4 4-4edge.dat

1 16 -10.0104 19.6673 0 2.82843 0 0 2.82843 -1 0 0 0 4 4-4disc.dat

1 16 -10.0104 19.6673 0 2.82843 8.83884 0 2.82843 -8.83884 0 0 0 4 4-4cyli.dat



0 // wing

2 24 3.6956 8 1.5308 3 7.7 8.5

2 24 3 7.7 8.5 3 2.2039 9.1995

2 24 3.5097 7.0365 3.5097 3.142 3.7899 7.5853

2 24 3.5097 7.0365 3.5097 3.6956 8 1.5308

2 24 3.142 3.7899 7.5853 3 2.2039 9.1995

2 24 0 2.741 9.259 3 2.2039 9.1995

4 16 9.239 2 3.827 10 2 0 4 8 0 3.6956 8 1.5308

4 16 9.239 2 3.827 3.6956 8 1.5308 3.5097 7.0365 3.5097 7.071 2 7.071

4 16 7.071 2 7.071 3.5097 7.0365 3.5097 3.142 3.7899 7.5853 3.827 2 9.239

3 16 3.142 3.7899 7.5853 3 2.2039 9.1995 3.827 2 9.239

3 16 3 2.2039 9.1995 0 2 10 3.827 2 9.239

3 16 3 2.2039 9.1995 0 2.741 9.259 0 2 10

3 16 0 2.741 9.259 3 2.2039 9.1995 3 7.7 8.5

3 16 3 7.7 8.5 -3 7.7 8.5 0 2.741 9.259

3 16 3 7.7 8.5 3 2.2039 9.1995 3.142 3.7899 7.5853

3 16 3 7.7 8.5 3.142 3.7899 7.5853 3.5097 7.0365 3.5097

3 16 3 7.7 8.5 3.5097 7.0365 3.5097 3.6956 8 1.5308

3 16 3 7.7 8.5 3.6956 8 1.5308 2.8284 8 2.8284

3 16 3 7.7 8.5 2.8284 8 2.8284 1.5308 8 3.6956

3 16 3 7.7 8.5 1.5308 8 3.6956 0 8 4

3 16 0 8 4 -3 7.7 8.5 3 7.7 8.5

5 24 9.239 2 3.827 3.6956 8 1.5308 10 2 0 7.071 2 7.071

5 24 7.071 2 7.071 3.5097 7.0365 3.5097 9.239 2 3.827 3.827 2 9.239

5 24 3.827 2 9.239 3.142 3.7899 7.5853 7.071 2 7.071 3 2.2039 9.1995



2 24 3.6956 8 -1.5308 3 7.7 -8.5

2 24 3 7.7 -8.5 3 2.2039 -9.1995

2 24 3.5097 7.0365 -3.5097 3.142 3.7899 -7.5853

2 24 3.5097 7.0365 -3.5097 3.6956 8 -1.5308

2 24 3.142 3.7899 -7.5853 3 2.2039 -9.1995

2 24 0 2.741 -9.259 3 2.2039 -9.1995

4 16 4 8 0 10 2 0 9.239 2 -3.827 3.6956 8 -1.5308

4 16 3.5097 7.0365 -3.5097 3.6956 8 -1.5308 9.239 2 -3.827 7.071 2 -7.071

4 16 3.142 3.7899 -7.5853 3.5097 7.0365 -3.5097 7.071 2 -7.071 3.827 2 -9.239

3 16 3 2.2039 -9.1995 3.142 3.7899 -7.5853 3.827 2 -9.239

3 16 0 2 -10 3 2.2039 -9.1995 3.827 2 -9.239

3 16 0 2.741 -9.259 3 2.2039 -9.1995 0 2 -10

3 16 3 7.7 -8.5 3 2.2039 -9.1995 0 2.741 -9.259

3 16 0 2.741 -9.259 -3 7.7 -8.5 3 7.7 -8.5

3 16 3 7.7 -8.5 3.142 3.7899 -7.5853 3 2.2039 -9.1995

3 16 3 7.7 -8.5 3.5097 7.0365 -3.5097 3.142 3.7899 -7.5853

3 16 3 7.7 -8.5 3.6956 8 -1.5308 3.5097 7.0365 -3.5097

3 16 3 7.7 -8.5 2.8284 8 -2.8284 3.6956 8 -1.5308

3 16 3 7.7 -8.5 1.5308 8 -3.6956 2.8284 8 -2.8284

3 16 0 8 -4 1.5308 8 -3.6956 3 7.7 -8.5

3 16 3 7.7 -8.5 -3 7.7 -8.5 0 8 -4

5 24 9.239 2 -3.827 3.6956 8 -1.5308 10 2 0 7.071 2 -7.071

5 24 7.071 2 -7.071 3.5097 7.0365 -3.5097 9.239 2 -3.827 3.827 2 -9.239

5 24 3.827 2 -9.239 3.142 3.7899 -7.5853 7.071 2 -7.071 3 2.2039 -9.1995

2 24 -3 7.7 8.5 3 7.7 8.5

5 24 10 2 0 4 8 0 9.239 2 3.827 9.239 2 -3.827



0 // wing

2 24 -3.6956 8 -1.5308 -3 7.7 -8.5

2 24 -3 7.7 -8.5 -3 2.2039 -9.1995

2 24 -3.5097 7.0365 -3.5097 -3.142 3.7899 -7.5853

2 24 -3.5097 7.0365 -3.5097 -3.6956 8 -1.5308

2 24 -3.142 3.7899 -7.5853 -3 2.2039 -9.1995

2 24 0 2.741 -9.259 -3 2.2039 -9.1995

4 16 -9.239 2 -3.827 -10 2 0 -4 8 0 -3.6956 8 -1.5308

4 16 -9.239 2 -3.827 -3.6956 8 -1.5308 -3.5097 7.0365 -3.5097 -7.071 2 -7.071

4 16 -7.071 2 -7.071 -3.5097 7.0365 -3.5097 -3.142 3.7899 -7.5853 -3.827 2 -9.239

3 16 -3.142 3.7899 -7.5853 -3 2.2039 -9.1995 -3.827 2 -9.239

3 16 -3 2.2039 -9.1995 0 2 -10 -3.827 2 -9.239

3 16 -3 2.2039 -9.1995 0 2.741 -9.259 0 2 -10

3 16 -3 2.2039 -9.1995 -3 7.7 -8.5 0 2.741 -9.259

3 16 -3 2.2039 -9.1995 -3.142 3.7899 -7.5853 -3 7.7 -8.5

3 16 -3.142 3.7899 -7.5853 -3.5097 7.0365 -3.5097 -3 7.7 -8.5

3 16 -3.5097 7.0365 -3.5097 -3.6956 8 -1.5308 -3 7.7 -8.5

3 16 -3.6956 8 -1.5308 -2.8284 8 -2.8284 -3 7.7 -8.5

3 16 -2.8284 8 -2.8284 -1.5308 8 -3.6956 -3 7.7 -8.5

3 16 -1.5308 8 -3.6956 0 8 -4 -3 7.7 -8.5

5 24 -9.239 2 -3.827 -3.6956 8 -1.5308 -10 2 0 -7.071 2 -7.071

5 24 -7.071 2 -7.071 -3.5097 7.0365 -3.5097 -9.239 2 -3.827 -3.827 2 -9.239

5 24 -3.827 2 -9.239 -3.142 3.7899 -7.5853 -7.071 2 -7.071 -3 2.2039 -9.1995



2 24 -3.6956 8 1.5308 -3 7.7 8.5

2 24 -3 7.7 8.5 -3 2.2039 9.1995

2 24 -3.5097 7.0365 3.5097 -3.142 3.7899 7.5853

2 24 -3.5097 7.0365 3.5097 -3.6956 8 1.5308

2 24 -3.142 3.7899 7.5853 -3 2.2039 9.1995

2 24 0 2.741 9.259 -3 2.2039 9.1995

4 16 -4 8 0 -10 2 0 -9.239 2 3.827 -3.6956 8 1.5308

4 16 -3.5097 7.0365 3.5097 -3.6956 8 1.5308 -9.239 2 3.827 -7.071 2 7.071

4 16 -3.142 3.7899 7.5853 -3.5097 7.0365 3.5097 -7.071 2 7.071 -3.827 2 9.239

3 16 -3.827 2 9.239 -3 2.2039 9.1995 -3.142 3.7899 7.5853

3 16 -3.827 2 9.239 0 2 10 -3 2.2039 9.1995

3 16 0 2 10 0 2.741 9.259 -3 2.2039 9.1995

3 16 0 2.741 9.259 -3 7.7 8.5 -3 2.2039 9.1995

3 16 -3 7.7 8.5 -3.142 3.7899 7.5853 -3 2.2039 9.1995

3 16 -3 7.7 8.5 -3.5097 7.0365 3.5097 -3.142 3.7899 7.5853

3 16 -3 7.7 8.5 -3.6956 8 1.5308 -3.5097 7.0365 3.5097

3 16 -3 7.7 8.5 -2.8284 8 2.8284 -3.6956 8 1.5308

3 16 -3 7.7 8.5 -1.5308 8 3.6956 -2.8284 8 2.8284

3 16 -3 7.7 8.5 0 8 4 -1.5308 8 3.6956

5 24 -9.239 2 3.827 -3.6956 8 1.5308 -10 2 0 -7.071 2 7.071

5 24 -7.071 2 7.071 -3.5097 7.0365 3.5097 -9.239 2 3.827 -3.827 2 9.239

5 24 -3.827 2 9.239 -3.142 3.7899 7.5853 -7.071 2 7.071 -3 2.2039 9.1995

2 24 3 7.7 -8.5 -3 7.7 -8.5

5 24 -10 2 0 -4 8 0 -9.239 2 -3.827 -9.239 2 3.827



5 24 1.5308 8 -3.6956 3 7.7 -8.5 2.8284 8 -2.8284 0 8 -4

5 24 -2.8284 8 -2.8284 -3 7.7 -8.5 -1.5308 8 -3.6956 -3.6956 8 -1.5308

5 24 -1.5308 8 -3.6956 -3 7.7 -8.5 -2.8284 8 -2.8284 0 8 -4

5 24 2.8284 8 -2.8284 3 7.7 -8.5 1.5308 8 -3.6956 3.6956 8 -1.5308

5 24 0 8 -4 -3 7.7 -8.5 -1.5308 8 -3.6956 3 7.7 -8.5

5 24 0 8 -4 3 7.7 -8.5 1.5308 8 -3.6956 -3 7.7 -8.5

5 24 -1.5308 8 3.6956 -3 7.7 8.5 -2.8284 8 2.8284 0 8 4

5 24 -2.8284 8 2.8284 -3 7.7 8.5 -3.6956 8 1.5308 -1.5308 8 3.6956

5 24 0 8 4 -3 7.7 8.5 3 7.7 8.5 -1.5308 8 3.6956

5 24 2.8284 8 2.8284 3 7.7 8.5 1.5308 8 3.6956 3.6956 8 1.5308

5 24 3 7.7 8.5 1.5308 8 3.6956 0 8 4 2.8284 8 2.8284

5 24 0 8 4 3 7.7 8.5 1.5308 8 3.6956 -3 7.7 8.5

5 24 0 2 10 0 2.741 9.259 -3 2.2039 9.1995 3 2.2039 9.1995

5 24 0 2 -10 0 2.741 -9.259 3 2.2039 -9.1995 -3 2.2039 -9.1995

5 24 0 2.741 9.259 -3 7.7 8.5 -3 2.2039 9.1995 3 7.7 8.5

5 24 0 2.741 9.259 3 7.7 8.5 -3 7.7 8.5 3 2.2039 9.1995

5 24 0 2.741 -9.259 3 7.7 -8.5 3 2.2039 -9.1995 -3 7.7 -8.5

5 24 0 2.741 -9.259 -3 7.7 -8.5 3 7.7 -8.5 -3 2.2039 -9.1995

0 NOFILE

0 FILE r08q1000.dat
0 Torus Tube  1 x 1.0000 x 0.125

0 Name: r08q1000.dat

0 Author: Philippe Hurbain [Philo]

0 !LDRAW_ORG Primitive UPDATE 2018-02

0 !LICENSE Licensed under CC BY 4.0 : see CAreadme.txt



0 BFC CERTIFY CCW



0 !HISTORY 2018-12-08 [PTadmin] Official Update 2018-02





0 // Major Radius: 1

0 // Tube(Minor) Radius: 1

0 // Segments(Sweep): 2/16 = 0.125

0 // 1 9 0 0 0 1 0 0 0 1 0 0 0 1 4-4edge.dat

0 // 1 12 1 0 0 1.0000 0 0 0 0 1.0000 0 1 0 4-4edge.dat



4 16 1 1 0 0.9239 1 0.3827 1.2775 0.9239 0.5292 1.3827 0.9239 0

4 16 1.3827 0.9239 0 1.2775 0.9239 0.5292 1.5772 0.7071 0.6533 1.7071 0.7071 0

4 16 1.7071 0.7071 0 1.5772 0.7071 0.6533 1.7775 0.3827 0.7363 1.9239 0.3827 0

4 16 1.9239 0.3827 0 1.7775 0.3827 0.7363 1.8478 0 0.7654 2 0 0

4 16 2 0 0 1.8478 0 0.7654 1.7775 -0.3827 0.7363 1.9239 -0.3827 0

4 16 1.9239 -0.3827 0 1.7775 -0.3827 0.7363 1.5772 -0.7071 0.6533 1.7071 -0.7071 0

4 16 1.7071 -0.7071 0 1.5772 -0.7071 0.6533 1.2775 -0.9239 0.5292 1.3827 -0.9239 0

4 16 1.3827 -0.9239 0 1.2775 -0.9239 0.5292 0.9239 -1 0.3827 1 -1 0

4 16 1 -1 0 0.9239 -1 0.3827 0.5703 -0.9239 0.2362 0.6173 -0.9239 0

4 16 0.6173 -0.9239 0 0.5703 -0.9239 0.2362 0.2706 -0.7071 0.1121 0.2929 -0.7071 0

4 16 0.2929 -0.7071 0 0.2706 -0.7071 0.1121 0.0703 -0.3827 0.0291 0.0761 -0.3827 0

3 16 .0761 -.3827 0 .0703 -.3827 .0291 0 0 0

3 16 0 0 0 .0703 .3827 .0291 .0761 .3827 0

4 16 0.0761 0.3827 0 0.0703 0.3827 0.0291 0.2706 0.7071 0.1121 0.2929 0.7071 0

4 16 0.2929 0.7071 0 0.2706 0.7071 0.1121 0.5703 0.9239 0.2362 0.6173 0.9239 0

4 16 0.6173 0.9239 0 0.5703 0.9239 0.2362 0.9239 1 0.3827 1 1 0

4 16 0.9239 1 0.3827 0.7071 1 0.7071 0.9777 0.9239 0.9777 1.2775 0.9239 0.5292

4 16 1.2775 0.9239 0.5292 0.9777 0.9239 0.9777 1.2071 0.7071 1.2071 1.5772 0.7071 0.6533

4 16 1.5772 0.7071 0.6533 1.2071 0.7071 1.2071 1.3604 0.3827 1.3604 1.7775 0.3827 0.7363

4 16 1.7775 0.3827 0.7363 1.3604 0.3827 1.3604 1.4142 0 1.4142 1.8478 0 0.7654

4 16 1.8478 0 0.7654 1.4142 0 1.4142 1.3604 -0.3827 1.3604 1.7775 -0.3827 0.7363

4 16 1.7775 -0.3827 0.7363 1.3604 -0.3827 1.3604 1.2071 -0.7071 1.2071 1.5772 -0.7071 0.6533

4 16 1.5772 -0.7071 0.6533 1.2071 -0.7071 1.2071 0.9777 -0.9239 0.9777 1.2775 -0.9239 0.5292

4 16 1.2775 -0.9239 0.5292 0.9777 -0.9239 0.9777 0.7071 -1 0.7071 0.9239 -1 0.3827

4 16 0.9239 -1 0.3827 0.7071 -1 0.7071 0.4365 -0.9239 0.4365 0.5703 -0.9239 0.2362

4 16 0.5703 -0.9239 0.2362 0.4365 -0.9239 0.4365 0.2071 -0.7071 0.2071 0.2706 -0.7071 0.1121

4 16 0.2706 -0.7071 0.1121 0.2071 -0.7071 0.2071 0.0538 -0.3827 0.0538 0.0703 -0.3827 0.0291

3 16 .0703 -.3827 .0291 .0538 -.3827 .0538 0 0 0

3 16 0 0 0 .0538 .3827 .0538 .0703 .3827 .0291

4 16 0.0703 0.3827 0.0291 0.0538 0.3827 0.0538 0.2071 0.7071 0.2071 0.2706 0.7071 0.1121

4 16 0.2706 0.7071 0.1121 0.2071 0.7071 0.2071 0.4365 0.9239 0.4365 0.5703 0.9239 0.2362

4 16 0.5703 0.9239 0.2362 0.4365 0.9239 0.4365 0.7071 1 0.7071 0.9239 1 0.3827

0 // conditional lines

5 24 1 1 0 0.9239 1 0.3827 1.3827 0.9239 0 0.6173 0.9239 0

5 24 1 1 0 1.3827 0.9239 0 0.9239 1 0.3827 1 1 -0.4142

5 24 1.3827 0.9239 0 1.2775 0.9239 0.5292 1.7071 0.7071 0 1 1 0

5 24 1.3827 0.9239 0 1.7071 0.7071 0 1.2775 0.9239 0.5292 1.3827 0.9239 -0.5727

5 24 1.7071 0.7071 0 1.5772 0.7071 0.6533 1.9239 0.3827 0 1.3827 0.9239 0

5 24 1.7071 0.7071 0 1.9239 0.3827 0 1.5772 0.7071 0.6533 1.7071 0.7071 -0.7071

5 24 1.9239 0.3827 0 1.7775 0.3827 0.7363 2 0 0 1.7071 0.7071 0

5 24 1.9239 0.3827 0 2 0 0 1.7775 0.3827 0.7363 1.9239 0.3827 -0.7969

5 24 2 0 0 1.8478 0 0.7654 1.9239 -0.3827 0 1.9239 0.3827 0

5 24 2 0 0 1.9239 -0.3827 0 1.8478 0 0.7654 2 0 -0.8284

5 24 1.9239 -0.3827 0 1.7775 -0.3827 0.7363 1.7071 -0.7071 0 2 0 0

5 24 1.9239 -0.3827 0 1.7071 -0.7071 0 1.7775 -0.3827 0.7363 1.9239 -0.3827 -0.7969

5 24 1.7071 -0.7071 0 1.5772 -0.7071 0.6533 1.3827 -0.9239 0 1.9239 -0.3827 0

5 24 1.7071 -0.7071 0 1.3827 -0.9239 0 1.5772 -0.7071 0.6533 1.7071 -0.7071 -0.7071

5 24 1.3827 -0.9239 0 1.2775 -0.9239 0.5292 1 -1 0 1.7071 -0.7071 0

5 24 1.3827 -0.9239 0 1 -1 0 1.2775 -0.9239 0.5292 1.3827 -0.9239 -0.5727

5 24 1 -1 0 0.9239 -1 0.3827 0.6173 -0.9239 0 1.3827 -0.9239 0

5 24 1 -1 0 0.6173 -0.9239 0 0.9239 -1 0.3827 1 -1 -0.4142

5 24 0.6173 -0.9239 0 0.5703 -0.9239 0.2362 0.2929 -0.7071 0 1 -1 0

5 24 0.6173 -0.9239 0 0.2929 -0.7071 0 0.5703 -0.9239 0.2362 0.6173 -0.9239 -0.2557

5 24 0.2929 -0.7071 0 0.2706 -0.7071 0.1121 0.0761 -0.3827 0 0.6173 -0.9239 0

5 24 0.2929 -0.7071 0 0.0761 -0.3827 0 0.2706 -0.7071 0.1121 0.2929 -0.7071 -0.1213

5 24 .0761 -.3827 0 .0703 -.3827 .0291 0 0 0 .2929 -.7071 0

5 24 .0761 -.3827 0 0 0 0 .0703 -.3827 .0291 .0761 -.3827 -.0315

5 24 .0761 .3827 0 .0703 .3827 .0291 .2929 .7071 0 0 0 0

5 24 0.0761 0.3827 0 0.2929 0.7071 0 0.0703 0.3827 0.0291 0.0761 0.3827 -0.0315

5 24 0.2929 0.7071 0 0.2706 0.7071 0.1121 0.6173 0.9239 0 0.0761 0.3827 0

5 24 0.2929 0.7071 0 0.6173 0.9239 0 0.2706 0.7071 0.1121 0.2929 0.7071 -0.1213

5 24 0.6173 0.9239 0 0.5703 0.9239 0.2362 1 1 0 0.2929 0.7071 0

5 24 0.6173 0.9239 0 1 1 0 0.5703 0.9239 0.2362 0.6173 0.9239 -0.2557

5 24 0.9239 1 0.3827 0.7071 1 0.7071 1.2775 0.9239 0.5292 0.5703 0.9239 0.2362

5 24 0.9239 1 0.3827 1.2775 0.9239 0.5292 0.7071 1 0.7071 1 1 0

5 24 1.2775 0.9239 0.5292 0.9777 0.9239 0.9777 1.5772 0.7071 0.6533 0.9239 1 0.3827

5 24 1.2775 0.9239 0.5292 1.5772 0.7071 0.6533 0.9777 0.9239 0.9777 1.3827 0.9239 0

5 24 1.5772 0.7071 0.6533 1.2071 0.7071 1.2071 1.7775 0.3827 0.7363 1.2775 0.9239 0.5292

5 24 1.5772 0.7071 0.6533 1.7775 0.3827 0.7363 1.2071 0.7071 1.2071 1.7071 0.7071 0

5 24 1.7775 0.3827 0.7363 1.3604 0.3827 1.3604 1.8478 0 0.7654 1.5772 0.7071 0.6533

5 24 1.7775 0.3827 0.7363 1.8478 0 0.7654 1.3604 0.3827 1.3604 1.9239 0.3827 0

5 24 1.8478 0 0.7654 1.4142 0 1.4142 1.7775 -0.3827 0.7363 1.7775 0.3827 0.7363

5 24 1.8478 0 0.7654 1.7775 -0.3827 0.7363 1.4142 0 1.4142 2 0 0

5 24 1.7775 -0.3827 0.7363 1.3604 -0.3827 1.3604 1.5772 -0.7071 0.6533 1.8478 0 0.7654

5 24 1.7775 -0.3827 0.7363 1.5772 -0.7071 0.6533 1.3604 -0.3827 1.3604 1.9239 -0.3827 0

5 24 1.5772 -0.7071 0.6533 1.2071 -0.7071 1.2071 1.2775 -0.9239 0.5292 1.7775 -0.3827 0.7363

5 24 1.5772 -0.7071 0.6533 1.2775 -0.9239 0.5292 1.2071 -0.7071 1.2071 1.7071 -0.7071 0

5 24 1.2775 -0.9239 0.5292 0.9777 -0.9239 0.9777 0.9239 -1 0.3827 1.5772 -0.7071 0.6533

5 24 1.2775 -0.9239 0.5292 0.9239 -1 0.3827 0.9777 -0.9239 0.9777 1.3827 -0.9239 0

5 24 0.9239 -1 0.3827 0.7071 -1 0.7071 0.5703 -0.9239 0.2362 1.2775 -0.9239 0.5292

5 24 0.9239 -1 0.3827 0.5703 -0.9239 0.2362 0.7071 -1 0.7071 1 -1 0

5 24 0.5703 -0.9239 0.2362 0.4365 -0.9239 0.4365 0.2706 -0.7071 0.1121 0.9239 -1 0.3827

5 24 0.5703 -0.9239 0.2362 0.2706 -0.7071 0.1121 0.4365 -0.9239 0.4365 0.6173 -0.9239 0

5 24 0.2706 -0.7071 0.1121 0.2071 -0.7071 0.2071 0.0703 -0.3827 0.0291 0.5703 -0.9239 0.2362

5 24 0.2706 -0.7071 0.1121 0.0703 -0.3827 0.0291 0.2071 -0.7071 0.2071 0.2929 -0.7071 0

5 24 .0703 -.3827 .0291 .0538 -.3827 .0538 0 0 0 .2706 -.7071 .1121

5 24 .0703 -.3827 .0291 0 0 0 .0538 -.3827 .0538 .0761 -.3827 0

5 24 .0703 .3827 .0291 .0538 .3827 .0538 .2706 .7071 .1121 0 0 0

5 24 0.0703 0.3827 0.0291 0.2706 0.7071 0.1121 0.0538 0.3827 0.0538 0.0761 0.3827 0

5 24 0.2706 0.7071 0.1121 0.2071 0.7071 0.2071 0.5703 0.9239 0.2362 0.0703 0.3827 0.0291

5 24 0.2706 0.7071 0.1121 0.5703 0.9239 0.2362 0.2071 0.7071 0.2071 0.2929 0.7071 0

5 24 0.5703 0.9239 0.2362 0.4365 0.9239 0.4365 0.9239 1 0.3827 0.2706 0.7071 0.1121

5 24 0.5703 0.9239 0.2362 0.9239 1 0.3827 0.4365 0.9239 0.4365 0.6173 0.9239 0

5 24 0.7071 1 0.7071 0.9777 0.9239 0.9777 0.4142 1 1 0.9239 1 0.3827

5 24 0.9777 0.9239 0.9777 1.2071 0.7071 1.2071 0.5727 0.9239 1.3827 1.2775 0.9239 0.5292

5 24 1.2071 0.7071 1.2071 1.3604 0.3827 1.3604 0.7071 0.7071 1.7071 1.5772 0.7071 0.6533

5 24 1.3604 0.3827 1.3604 1.4142 0 1.4142 0.7969 0.3827 1.9239 1.7775 0.3827 0.7363

5 24 1.4142 0 1.4142 1.3604 -0.3827 1.3604 0.8284 0 2 1.8478 0 0.7654

5 24 1.3604 -0.3827 1.3604 1.2071 -0.7071 1.2071 0.7969 -0.3827 1.9239 1.7775 -0.3827 0.7363

5 24 1.2071 -0.7071 1.2071 0.9777 -0.9239 0.9777 0.7071 -0.7071 1.7071 1.5772 -0.7071 0.6533

5 24 0.9777 -0.9239 0.9777 0.7071 -1 0.7071 0.5727 -0.9239 1.3827 1.2775 -0.9239 0.5292

5 24 0.7071 -1 0.7071 0.4365 -0.9239 0.4365 0.4142 -1 1 0.9239 -1 0.3827

5 24 0.4365 -0.9239 0.4365 0.2071 -0.7071 0.2071 0.2557 -0.9239 0.6173 0.5703 -0.9239 0.2362

5 24 0.2071 -0.7071 0.2071 0.0538 -0.3827 0.0538 0.1213 -0.7071 0.2929 0.2706 -0.7071 0.1121

5 24 .0538 -.3827 .0538 0 0 0 .0315 -.3827 .0761 .0703 -.3827 .0291

5 24 0.0538 0.3827 0.0538 0.2071 0.7071 0.2071 0.0315 0.3827 0.0761 0.0703 0.3827 0.0291

5 24 0.2071 0.7071 0.2071 0.4365 0.9239 0.4365 0.1213 0.7071 0.2929 0.2706 0.7071 0.1121

5 24 0.4365 0.9239 0.4365 0.7071 1 0.7071 0.2557 0.9239 0.6173 0.5703 0.9239 0.2362

5 24 .0761 .3827 0 0 0 0 .0703 .3827 .0291 .0761 .3827 -.0315

5 24 .0703 .3827 .0291 0 0 0 .0538 .3827 .0538 .0761 .3827 0

5 24 .0538 .3827 .0538 0 0 0 .0315 .3827 .0761 .0703 .3827 .0291

0 // Build by LDPartEditor (PrimGen 2.X)

0 NOFILE

0 FILE 4-4ring7.dat
0 Ring  7 x 1.0

0 Name: 4-4ring7.dat

0 Author: James Jessiman

0 !LDRAW_ORG Primitive UPDATE 2009-01

0 !LICENSE Licensed under CC BY 4.0 : see CAreadme.txt



0 BFC CERTIFY CCW



0 !HISTORY 1998-12-15 [PTadmin] Official Update 1998-10

0 !HISTORY 2002-04-05 [hafhead] Added BFC statement

0 !HISTORY 2002-04-25 [PTadmin] Official Update 2002-02

0 !HISTORY 2007-06-24 [PTadmin] Header formatted for Contributor Agreement

0 !HISTORY 2008-07-01 [PTadmin] Official Update 2008-01

0 !HISTORY 2008-08-26 [cwdee] Switch polygon winding and rename

0 !HISTORY 2009-05-02 [PTadmin] Official Update 2009-01





4 16 -3.0616 0 7.3912 -2.6789 0 6.4673 0 0 7 0 0 8

4 16 -5.6568 0 5.6568 -4.9497 0 4.9497 -2.6789 0 6.4673 -3.0616 0 7.3912

4 16 -7.3912 0 3.0616 -6.4673 0 2.6789 -4.9497 0 4.9497 -5.6568 0 5.6568

4 16 -8 0 0 -7 0 0 -6.4673 0 2.6789 -7.3912 0 3.0616

4 16 -7.3912 0 -3.0616 -6.4673 0 -2.6789 -7 0 0 -8 0 0

4 16 -5.6568 0 -5.6568 -4.9497 0 -4.9497 -6.4673 0 -2.6789 -7.3912 0 -3.0616

4 16 -3.0616 0 -7.3912 -2.6789 0 -6.4673 -4.9497 0 -4.9497 -5.6568 0 -5.6568

4 16 0 0 -8 0 0 -7 -2.6789 0 -6.4673 -3.0616 0 -7.3912

4 16 3.0616 0 -7.3912 2.6789 0 -6.4673 0 0 -7 0 0 -8

4 16 5.6568 0 -5.6568 4.9497 0 -4.9497 2.6789 0 -6.4673 3.0616 0 -7.3912

4 16 7.3912 0 -3.0616 6.4673 0 -2.6789 4.9497 0 -4.9497 5.6568 0 -5.6568

4 16 8 0 0 7 0 0 6.4673 0 -2.6789 7.3912 0 -3.0616

4 16 7.3912 0 3.0616 6.4673 0 2.6789 7 0 0 8 0 0

4 16 5.6568 0 5.6568 4.9497 0 4.9497 6.4673 0 2.6789 7.3912 0 3.0616

4 16 3.0616 0 7.3912 2.6789 0 6.4673 4.9497 0 4.9497 5.6568 0 5.6568

4 16 0 0 8 0 0 7 2.6789 0 6.4673 3.0616 0 7.3912

0

0 NOFILE

0 FILE 4-4con0.dat
0 Cone  0 x 1.0

0 Name: 4-4con0.dat

0 Author: Willy Tschager [Holly-Wood]

0 !LDRAW_ORG Primitive UPDATE 2024-01

0 !LICENSE Licensed under CC BY 4.0 : see CAreadme.txt



0 BFC CERTIFY CCW



0 !HISTORY 2009-12-29 [PTadmin] Official Update 2009-03

0 !HISTORY 2024-01-11 [Holly-Wood] Complete re-write, original by WilliamH

0 !HISTORY 2024-01-29 [OrionP] Official Update 2024-01



3 16 0 1 0 .9239 0 .3827 1 0 0

3 16 0 1 0 .7072 0 .7072 .9239 0 .3827

3 16 0 1 0 .3827 0 .9239 .7072 0 .7072

3 16 0 1 0 0 0 1 .3827 0 .9239

3 16 0 1 0 -.3827 0 .9239 0 0 1

3 16 0 1 0 -.7072 0 .7072 -.3827 0 .9239

3 16 0 1 0 -.9239 0 .3827 -.7072 0 .7072

3 16 0 1 0 -1 0 0 -.9239 0 .3827

3 16 0 1 0 -.9239 0 -.3827 -1 0 0

3 16 0 1 0 -.7072 0 -.7072 -.9239 0 -.3827

3 16 0 1 0 -.3827 0 -.9239 -.7072 0 -.7072

3 16 0 1 0 0 0 -1 -.3827 0 -.9239

3 16 0 1 0 .3827 0 -.9239 0 0 -1

3 16 0 1 0 .7072 0 -.7072 .3827 0 -.9239

3 16 0 1 0 .9239 0 -.3827 .7072 0 -.7072

3 16 0 1 0 1 0 0 .9239 0 -.3827



0 // Conds

5 24 0 0 1 0 1 0 .3827 0 .9239 -.3827 0 .9239

5 24 0 1 0 -.3827 0 .9239 0 0 1 -.7072 0 .7072

5 24 0 1 0 -.7072 0 .7072 -.3827 0 .9239 -.9239 0 .3827

5 24 0 1 0 -.9239 0 .3827 -.7072 0 .7072 -1 0 0

5 24 0 1 0 -1 0 0 -.9239 0 .3827 -.9239 0 -.3827

5 24 0 1 0 -.9239 0 -.3827 -1 0 0 -.7072 0 -.7072

5 24 0 1 0 -.7072 0 -.7072 -.9239 0 -.3827 -.3827 0 -.9239

5 24 0 1 0 -.3827 0 -.9239 -.7072 0 -.7072 0 0 -1

5 24 0 1 0 0 0 -1 -.3827 0 -.9239 .3827 0 -.9239

5 24 0 1 0 .3827 0 -.9239 0 0 -1 .7072 0 -.7072

5 24 0 1 0 .7072 0 -.7072 .3827 0 -.9239 .9239 0 -.3827

5 24 0 1 0 .9239 0 -.3827 .7072 0 -.7072 1 0 0

5 24 0 1 0 1 0 0 .9239 0 -.3827 .9239 0 .3827

5 24 0 1 0 .9239 0 .3827 1 0 0 .7072 0 .7072

5 24 0 1 0 .7072 0 .7072 .9239 0 .3827 .3827 0 .9239

5 24 0 1 0 .3827 0 .9239 .7072 0 .7072 0 0 1

0 NOFILE

0 FILE 4-4con4.dat
0 Cone  4 x 1.0

0 Name: 4-4con4.dat

0 Author: Willy Tschager [Holly-Wood]

0 !LDRAW_ORG Primitive UPDATE 2024-01

0 !LICENSE Licensed under CC BY 4.0 : see CAreadme.txt



0 BFC CERTIFY CCW



0 !HISTORY 2003-08-01 [PTadmin] Official Update 2003-02

0 !HISTORY 2007-06-24 [PTadmin] Header formatted for Contributor Agreement

0 !HISTORY 2008-07-01 [PTadmin] Official Update 2008-01

0 !HISTORY 2012-02-16 [Philo] Changed to CCW

0 !HISTORY 2012-03-30 [PTadmin] Official Update 2012-01

0 !HISTORY 2024-01-07 [Holly-Wood] Complete regeneration, original by jriley

0 !HISTORY 2024-01-29 [OrionP] Official Update 2024-01



4 16 4 1 0 3.6956 1 1.5308 4.6195 0 1.9135 5 0 0

4 16 3.6956 1 1.5308 2.8284 1 2.8284 3.5355 0 3.5355 4.6195 0 1.9135

4 16 2.8284 1 2.8284 1.5308 1 3.6956 1.9135 0 4.6195 3.5355 0 3.5355

4 16 1.5308 1 3.6956 0 1 4 0 0 5 1.9135 0 4.6195

4 16 0 1 4 -1.5308 1 3.6956 -1.9135 0 4.6195 0 0 5

4 16 -1.5308 1 3.6956 -2.8284 1 2.8284 -3.5355 0 3.5355 -1.9135 0 4.6195

4 16 -2.8284 1 2.8284 -3.6956 1 1.5308 -4.6195 0 1.9135 -3.5355 0 3.5355

4 16 -3.6956 1 1.5308 -4 1 0 -5 0 0 -4.6195 0 1.9135

4 16 -4 1 0 -3.6956 1 -1.5308 -4.6195 0 -1.9135 -5 0 0

4 16 -3.6956 1 -1.5308 -2.8284 1 -2.8284 -3.5355 0 -3.5355 -4.6195 0 -1.9135

4 16 -2.8284 1 -2.8284 -1.5308 1 -3.6956 -1.9135 0 -4.6195 -3.5355 0 -3.5355

4 16 -1.5308 1 -3.6956 0 1 -4 0 0 -5 -1.9135 0 -4.6195

4 16 0 1 -4 1.5308 1 -3.6956 1.9135 0 -4.6195 0 0 -5

4 16 1.5308 1 -3.6956 2.8284 1 -2.8284 3.5355 0 -3.5355 1.9135 0 -4.6195

4 16 2.8284 1 -2.8284 3.6956 1 -1.5308 4.6195 0 -1.9135 3.5355 0 -3.5355

4 16 3.6956 1 -1.5308 4 1 0 5 0 0 4.6195 0 -1.9135

0 // conditional lines

5 24 4 1 0 5 0 0 3.6956 1 -1.5308 3.6956 1 1.5308

5 24 3.6956 1 1.5308 4.6195 0 1.9135 4 1 0 2.8284 1 2.8284

5 24 2.8284 1 2.8284 3.5355 0 3.5355 3.6956 1 1.5308 1.5308 1 3.6956

5 24 1.5308 1 3.6956 1.9135 0 4.6195 2.8284 1 2.8284 0 1 4

5 24 0 1 4 0 0 5 1.5308 1 3.6956 -1.5308 1 3.6956

5 24 -1.5308 1 3.6956 -1.9135 0 4.6195 0 1 4 -2.8284 1 2.8284

5 24 -2.8284 1 2.8284 -3.5355 0 3.5355 -1.5308 1 3.6956 -3.6956 1 1.5308

5 24 -3.6956 1 1.5308 -4.6195 0 1.9135 -2.8284 1 2.8284 -4 1 0

5 24 -4 1 0 -5 0 0 -3.6956 1 1.5308 -3.6956 1 -1.5308

5 24 -3.6956 1 -1.5308 -4.6195 0 -1.9135 -4 1 0 -2.8284 1 -2.8284

5 24 -2.8284 1 -2.8284 -3.5355 0 -3.5355 -3.6956 1 -1.5308 -1.5308 1 -3.6956

5 24 -1.5308 1 -3.6956 -1.9135 0 -4.6195 -2.8284 1 -2.8284 0 1 -4

5 24 0 1 -4 0 0 -5 -1.5308 1 -3.6956 1.5308 1 -3.6956

5 24 1.5308 1 -3.6956 1.9135 0 -4.6195 0 1 -4 2.8284 1 -2.8284

5 24 2.8284 1 -2.8284 3.5355 0 -3.5355 1.5308 1 -3.6956 3.6956 1 -1.5308

5 24 3.6956 1 -1.5308 4.6195 0 -1.9135 2.8284 1 -2.8284 4 1 0

0 // Build by LDPartEditor (PrimGen 2.X)

0 NOFILE

0 FILE 88513.dat
0 =Minifig Helmet Viking Horn

0 Name: 88513.dat

0 Author: Philippe Hurbain [Philo]

0 !LDRAW_ORG Part Alias UPDATE 2025-09

0 !LICENSE Licensed under CC BY 4.0 : see CAreadme.txt



0 BFC CERTIFY CCW



0 !CATEGORY Minifig Accessory

0 !KEYWORDS BrickLink 53451, Rebrickable 53451



0 !HISTORY 2013-07-21 [PTadmin] Official Update 2013-01

0 !HISTORY 2013-12-14 [cwdee] Add = prefix

0 !HISTORY 2013-12-23 [PTadmin] Official Update 2013-02

0 !HISTORY 2025-09-27 [OrionP] Changed winding to CCW

0 !HISTORY 2025-09-29 [OrionP] Official Update 2025-09



0 // Alias of 53451



1 16 0 0 0 1 0 0 0 1 0 0 0 1 53451.dat
0 NOFILE

0 FILE 53451.dat
0 Minifig Helmet Viking Horn

0 Name: 53451.dat

0 Author: Andreas Weissenburg [grubaluk]

0 !LDRAW_ORG Part UPDATE 2009-03

0 !LICENSE Licensed under CC BY 2.0 and CC BY 4.0 : see CAreadme.txt



0 BFC CERTIFY CCW



0 !CATEGORY Minifig Accessory



0 !HISTORY 2007-11-03 [mikeheide] added optional lines

0 !HISTORY 2009-09-03 [PTadmin] Official Update 2009-02

0 !HISTORY 2009-12-07 [cwdee] Correct description

0 !HISTORY 2009-12-29 [PTadmin] Official Update 2009-03





1 16 0 0 0 0 0 -2.5 -2.5 0 0 0 1 0 4-4ring1.dat

1 16 0 0 0 0 0 -5 -5 0 0 0 1 0 4-4edge.dat

1 16 0 0 0 0 0 -1 -1 0 0 0 2 0 stud3.dat

1 16 0 -7.229 23.929 2.16 0 0 0 -1.11109 -1.85232 0 1.85232 -1.11109 4-8sphe.dat

0 // SEGMENT 1

3 16 0 5 0 0 4.62 2.89 1.8 4.27 2.87

3 16 0 5 0 1.8 4.27 2.87 1.91 4.62 0

3 16 1.91 4.62 0 1.8 4.27 2.87 3.33 3.25 2.78

3 16 1.91 4.62 0 3.33 3.25 2.78 3.54 3.54 0

3 16 3.54 3.54 0 3.33 3.25 2.78 4.36 1.72 2.66

3 16 3.54 3.54 0 4.36 1.72 2.66 4.62 1.91 0

3 16 4.62 1.91 0 4.36 1.72 2.66 4.71 -0.08 2.52

3 16 4.62 1.91 0 4.71 -0.08 2.52 5 0 0

3 16 5 0 0 4.71 -0.08 2.52 4.36 -1.87 2.38

3 16 5 0 0 4.36 -1.87 2.38 4.62 -1.91 0

3 16 4.62 -1.91 0 4.36 -1.87 2.38 3.33 -3.4 2.25

3 16 4.62 -1.91 0 3.33 -3.4 2.25 3.54 -3.54 0

3 16 3.54 -3.54 0 3.33 -3.4 2.25 1.8 -4.42 2.17

3 16 3.54 -3.54 0 1.8 -4.42 2.17 1.91 -4.62 0

3 16 1.91 -4.62 0 1.8 -4.42 2.17 0 -4.78 2.14

3 16 1.91 -4.62 0 0 -4.78 2.14 0 -5 0

3 16 0 -5 0 0 -4.78 2.14 -1.8 -4.42 2.17

3 16 0 -5 0 -1.8 -4.42 2.17 -1.91 -4.62 0

3 16 -1.91 -4.62 0 -1.8 -4.42 2.17 -3.33 -3.4 2.25

3 16 -1.91 -4.62 0 -3.33 -3.4 2.25 -3.54 -3.54 0

3 16 -3.54 -3.54 0 -3.33 -3.4 2.25 -4.36 -1.87 2.38

3 16 -3.54 -3.54 0 -4.36 -1.87 2.38 -4.62 -1.91 0

3 16 -4.62 -1.91 0 -4.36 -1.87 2.38 -4.71 -0.08 2.52

3 16 -4.62 -1.91 0 -4.71 -0.08 2.52 -5 0 0

3 16 -5 0 0 -4.71 -0.08 2.52 -4.36 1.72 2.66

3 16 -5 0 0 -4.36 1.72 2.66 -4.62 1.91 0

3 16 -4.62 1.91 0 -4.36 1.72 2.66 -3.33 3.25 2.78

3 16 -4.62 1.91 0 -3.33 3.25 2.78 -3.54 3.54 0

3 16 -3.54 3.54 0 -3.33 3.25 2.78 -1.8 4.27 2.87

3 16 -3.54 3.54 0 -1.8 4.27 2.87 -1.91 4.62 0

3 16 -1.91 4.62 0 -1.8 4.27 2.87 0 4.62 2.89

3 16 -1.91 4.62 0 0 4.62 2.89 0 5 0

0 // SEGMENT 2

4 16 0 4.62 2.89 0 3.97 5.72 1.69 3.64 5.66 1.8 4.27 2.87

4 16 1.8 4.27 2.87 1.69 3.64 5.66 3.13 2.69 5.52 3.33 3.25 2.78

4 16 3.33 3.25 2.78 3.13 2.69 5.52 4.09 1.27 5.3 4.36 1.72 2.66

4 16 4.36 1.72 2.66 4.09 1.27 5.3 4.43 -0.4 5.04 4.71 -0.08 2.52

3 16 4.71 -0.08 2.52 4.43 -0.4 5.04 4.09 -2.08 4.78

3 16 4.71 -0.08 2.52 4.09 -2.08 4.78 4.36 -1.87 2.38

4 16 4.36 -1.87 2.38 4.09 -2.08 4.78 3.13 -3.5 4.56 3.33 -3.4 2.25

4 16 3.33 -3.4 2.25 3.13 -3.5 4.56 1.69 -4.44 4.41 1.8 -4.42 2.17

4 16 1.8 -4.42 2.17 1.69 -4.44 4.41 0 -4.78 4.36 0 -4.78 2.14

4 16 0 -4.78 2.14 0 -4.78 4.36 -1.69 -4.44 4.41 -1.8 -4.42 2.17

4 16 -1.8 -4.42 2.17 -1.69 -4.44 4.41 -3.13 -3.5 4.56 -3.33 -3.4 2.25

4 16 -3.33 -3.4 2.25 -3.13 -3.5 4.56 -4.09 -2.08 4.78 -4.36 -1.87 2.38

3 16 -4.36 -1.87 2.38 -4.09 -2.08 4.78 -4.43 -0.4 5.04

3 16 -4.36 -1.87 2.38 -4.43 -0.4 5.04 -4.71 -0.08 2.52

4 16 -4.71 -0.08 2.52 -4.43 -0.4 5.04 -4.09 1.27 5.3 -4.36 1.72 2.66

4 16 -4.36 1.72 2.66 -4.09 1.27 5.3 -3.13 2.69 5.52 -3.33 3.25 2.78

4 16 -3.33 3.25 2.78 -3.13 2.69 5.52 -1.69 3.64 5.66 -1.8 4.27 2.87

4 16 -1.8 4.27 2.87 -1.69 3.64 5.66 0 3.97 5.72 0 4.62 2.89

0 // SEGMENT 3

4 16 0 3.97 5.72 0 3.2 8.35 1.58 2.89 8.29 1.69 3.64 5.66

4 16 1.69 3.64 5.66 1.58 2.89 8.29 2.92 2.01 8.12 3.13 2.69 5.52

4 16 3.13 2.69 5.52 2.92 2.01 8.12 3.82 0.7 7.86 4.09 1.27 5.3

4 16 4.09 1.27 5.3 3.82 0.7 7.86 4.14 -0.86 7.56 4.43 -0.4 5.04

4 16 4.43 -0.4 5.04 4.14 -0.86 7.56 3.82 -2.41 7.25 4.09 -2.08 4.78

4 16 4.09 -2.08 4.78 3.82 -2.41 7.25 2.92 -3.73 7 3.13 -3.5 4.56

4 16 3.13 -3.5 4.56 2.92 -3.73 7 1.58 -4.61 6.83 1.69 -4.44 4.41

4 16 1.69 -4.44 4.41 1.58 -4.61 6.83 0 -4.92 6.77 0 -4.78 4.36

4 16 0 -4.78 4.36 0 -4.92 6.77 -1.58 -4.61 6.83 -1.69 -4.44 4.41

4 16 -1.69 -4.44 4.41 -1.58 -4.61 6.83 -2.92 -3.73 7 -3.13 -3.5 4.56

4 16 -3.13 -3.5 4.56 -2.92 -3.73 7 -3.82 -2.41 7.25 -4.09 -2.08 4.78

4 16 -4.09 -2.08 4.78 -3.82 -2.41 7.25 -4.14 -0.86 7.56 -4.43 -0.4 5.04

4 16 -4.43 -0.4 5.04 -4.14 -0.86 7.56 -3.82 0.7 7.86 -4.09 1.27 5.3

4 16 -4.09 1.27 5.3 -3.82 0.7 7.86 -2.92 2.01 8.12 -3.13 2.69 5.52

4 16 -3.13 2.69 5.52 -2.92 2.01 8.12 -1.58 2.89 8.29 -1.69 3.64 5.66

4 16 -1.69 3.64 5.66 -1.58 2.89 8.29 0 3.2 8.35 0 3.97 5.72

0 // SEGMENT 4

4 16 0 3.2 8.35 0 2.35 10.99 1.47 2.06 10.92 1.58 2.89 8.29

4 16 1.58 2.89 8.29 1.47 2.06 10.92 2.72 1.25 10.72 2.92 2.01 8.12

4 16 2.92 2.01 8.12 2.72 1.25 10.72 3.55 0.04 10.43 3.82 0.7 7.86

4 16 3.82 0.7 7.86 3.55 0.04 10.43 3.84 -1.39 10.08 4.14 -0.86 7.56

4 16 4.14 -0.86 7.56 3.84 -1.39 10.08 3.55 -2.81 9.73 3.82 -2.41 7.25

4 16 3.82 -2.41 7.25 3.55 -2.81 9.73 2.72 -4.02 9.43 2.92 -3.73 7

4 16 2.92 -3.73 7 2.72 -4.02 9.43 1.47 -4.83 9.23 1.58 -4.61 6.83

4 16 1.58 -4.61 6.83 1.47 -4.83 9.23 0 -5.12 9.16 0 -4.92 6.77

4 16 0 -4.92 6.77 0 -5.12 9.16 -1.47 -4.83 9.23 -1.58 -4.61 6.83

4 16 -1.58 -4.61 6.83 -1.47 -4.83 9.23 -2.72 -4.02 9.43 -2.92 -3.73 7

4 16 -2.92 -3.73 7 -2.72 -4.02 9.43 -3.55 -2.81 9.73 -3.82 -2.41 7.25

4 16 -3.82 -2.41 7.25 -3.55 -2.81 9.73 -3.84 -1.39 10.08 -4.14 -0.86 7.56

4 16 -4.14 -0.86 7.56 -3.84 -1.39 10.08 -3.55 0.04 10.43 -3.82 0.7 7.86

4 16 -3.82 0.7 7.86 -3.55 0.04 10.43 -2.72 1.25 10.72 -2.92 2.01 8.12

4 16 -2.92 2.01 8.12 -2.72 1.25 10.72 -1.47 2.06 10.92 -1.58 2.89 8.29

4 16 -1.58 2.89 8.29 -1.47 2.06 10.92 0 2.35 10.99 0 3.2 8.35

0 // SEGMENT 5

4 16 0 2.35 10.99 0 1.3 13.64 1.36 1.04 13.56 1.47 2.06 10.92

4 16 1.47 2.06 10.92 1.36 1.04 13.56 2.51 0.3 13.34 2.72 1.25 10.72

4 16 2.72 1.25 10.72 2.51 0.3 13.34 3.28 -0.79 13 3.55 0.04 10.43

4 16 3.55 0.04 10.43 3.28 -0.79 13 3.55 -2.09 12.59 3.84 -1.39 10.08

4 16 3.84 -1.39 10.08 3.55 -2.09 12.59 3.28 -3.39 12.19 3.55 -2.81 9.73

4 16 3.55 -2.81 9.73 3.28 -3.39 12.19 2.51 -4.49 11.85 2.72 -4.02 9.43

4 16 2.72 -4.02 9.43 2.51 -4.49 11.85 1.36 -5.22 11.62 1.47 -4.83 9.23

4 16 1.47 -4.83 9.23 1.36 -5.22 11.62 0 -5.48 11.54 0 -5.12 9.16

4 16 0 -5.12 9.16 0 -5.48 11.54 -1.36 -5.22 11.62 -1.47 -4.83 9.23

4 16 -1.47 -4.83 9.23 -1.36 -5.22 11.62 -2.51 -4.49 11.85 -2.72 -4.02 9.43

4 16 -2.72 -4.02 9.43 -2.51 -4.49 11.85 -3.28 -3.39 12.19 -3.55 -2.81 9.73

4 16 -3.55 -2.81 9.73 -3.28 -3.39 12.19 -3.55 -2.09 12.59 -3.84 -1.39 10.08

4 16 -3.84 -1.39 10.08 -3.55 -2.09 12.59 -3.28 -0.79 13 -3.55 0.04 10.43

4 16 -3.55 0.04 10.43 -3.28 -0.79 13 -2.51 0.3 13.34 -2.72 1.25 10.72

4 16 -2.72 1.25 10.72 -2.51 0.3 13.34 -1.36 1.04 13.56 -1.47 2.06 10.92

4 16 -1.47 2.06 10.92 -1.36 1.04 13.56 0 1.3 13.64 0 2.35 10.99

0 // SEGMENT 6

4 16 0 1.3 13.64 0 0.09 16.27 1.24 -0.14 16.18 1.36 1.04 13.56

4 16 1.36 1.04 13.56 1.24 -0.14 16.18 2.3 -0.8 15.93 2.51 0.3 13.34

4 16 2.51 0.3 13.34 2.3 -0.8 15.93 3 -1.79 15.55 3.28 -0.79 13

4 16 3.28 -0.79 13 3 -1.79 15.55 3.25 -2.95 15.11 3.55 -2.09 12.59

4 16 3.55 -2.09 12.59 3.25 -2.95 15.11 3 -4.11 14.67 3.28 -3.39 12.19

4 16 3.28 -3.39 12.19 3 -4.11 14.67 2.3 -5.09 14.3 2.51 -4.49 11.85

4 16 2.51 -4.49 11.85 2.3 -5.09 14.3 1.24 -5.75 14.05 1.36 -5.22 11.62

4 16 1.36 -5.22 11.62 1.24 -5.75 14.05 0 -5.98 13.96 0 -5.48 11.54

4 16 0 -5.48 11.54 0 -5.98 13.96 -1.24 -5.75 14.05 -1.36 -5.22 11.62

4 16 -1.36 -5.22 11.62 -1.24 -5.75 14.05 -2.3 -5.09 14.3 -2.51 -4.49 11.85

4 16 -2.51 -4.49 11.85 -2.3 -5.09 14.3 -3 -4.11 14.67 -3.28 -3.39 12.19

4 16 -3.28 -3.39 12.19 -3 -4.11 14.67 -3.25 -2.95 15.11 -3.55 -2.09 12.59

4 16 -3.55 -2.09 12.59 -3.25 -2.95 15.11 -3 -1.79 15.55 -3.28 -0.79 13

4 16 -3.28 -0.79 13 -3 -1.79 15.55 -2.3 -0.8 15.93 -2.51 0.3 13.34

4 16 -2.51 0.3 13.34 -2.3 -0.8 15.93 -1.24 -0.14 16.18 -1.36 1.04 13.56

4 16 -1.36 1.04 13.56 -1.24 -0.14 16.18 0 0.09 16.27 0 1.3 13.64

0 // SEGMENT 7

4 16 0 0.09 16.27 0 -1.32 18.83 1.12 -1.53 18.73 1.24 -0.14 16.18

4 16 1.24 -0.14 16.18 1.12 -1.53 18.73 2.08 -2.11 18.48 2.3 -0.8 15.93

4 16 2.3 -0.8 15.93 2.08 -2.11 18.48 2.71 -2.98 18.09 3 -1.79 15.55

4 16 3 -1.79 15.55 2.71 -2.98 18.09 2.94 -4.01 17.63 3.25 -2.95 15.11

4 16 3.25 -2.95 15.11 2.94 -4.01 17.63 2.71 -5.03 17.18 3 -4.11 14.67

4 16 3 -4.11 14.67 2.71 -5.03 17.18 2.08 -5.9 16.79 2.3 -5.09 14.3

4 16 2.3 -5.09 14.3 2.08 -5.9 16.79 1.12 -6.48 16.53 1.24 -5.75 14.05

4 16 1.24 -5.75 14.05 1.12 -6.48 16.53 0 -6.69 16.44 0 -5.98 13.96

4 16 0 -5.98 13.96 0 -6.69 16.44 -1.12 -6.48 16.53 -1.24 -5.75 14.05

4 16 -1.24 -5.75 14.05 -1.12 -6.48 16.53 -2.08 -5.9 16.79 -2.3 -5.09 14.3

4 16 -2.3 -5.09 14.3 -2.08 -5.9 16.79 -2.71 -5.03 17.18 -3 -4.11 14.67

4 16 -3 -4.11 14.67 -2.71 -5.03 17.18 -2.94 -4.01 17.63 -3.25 -2.95 15.11

4 16 -3.25 -2.95 15.11 -2.94 -4.01 17.63 -2.71 -2.98 18.09 -3 -1.79 15.55

4 16 -3 -1.79 15.55 -2.71 -2.98 18.09 -2.08 -2.11 18.48 -2.3 -0.8 15.93

4 16 -2.3 -0.8 15.93 -2.08 -2.11 18.48 -1.12 -1.53 18.73 -1.24 -0.14 16.18

4 16 -1.24 -0.14 16.18 -1.12 -1.53 18.73 0 -1.32 18.83 0 0.09 16.27

0 // SEGMENT 8

4 16 0 -1.32 18.83 0 -2.84 21.31 1 -3.02 21.22 1.12 -1.53 18.73

4 16 1.12 -1.53 18.73 1 -3.02 21.22 1.85 -3.53 20.97 2.08 -2.11 18.48

4 16 2.08 -2.11 18.48 1.85 -3.53 20.97 2.42 -4.29 20.6 2.71 -2.98 18.09

4 16 2.71 -2.98 18.09 2.42 -4.29 20.6 2.62 -5.19 20.15 2.94 -4.01 17.63

4 16 2.94 -4.01 17.63 2.62 -5.19 20.15 2.42 -6.09 19.71 2.71 -5.03 17.18

4 16 2.71 -5.03 17.18 2.42 -6.09 19.71 1.85 -6.85 19.33 2.08 -5.9 16.79

4 16 2.08 -5.9 16.79 1.85 -6.85 19.33 1 -7.36 19.08 1.12 -6.48 16.53

4 16 1.12 -6.48 16.53 1 -7.36 19.08 0 -7.54 18.99 0 -6.69 16.44

4 16 0 -6.69 16.44 0 -7.54 18.99 -1 -7.36 19.08 -1.12 -6.48 16.53

4 16 -1.12 -6.48 16.53 -1 -7.36 19.08 -1.85 -6.85 19.33 -2.08 -5.9 16.79

4 16 -2.08 -5.9 16.79 -1.85 -6.85 19.33 -2.42 -6.09 19.71 -2.71 -5.03 17.18

4 16 -2.71 -5.03 17.18 -2.42 -6.09 19.71 -2.62 -5.19 20.15 -2.94 -4.01 17.63

4 16 -2.94 -4.01 17.63 -2.62 -5.19 20.15 -2.42 -4.29 20.6 -2.71 -2.98 18.09

4 16 -2.71 -2.98 18.09 -2.42 -4.29 20.6 -1.85 -3.53 20.97 -2.08 -2.11 18.48

4 16 -2.08 -2.11 18.48 -1.85 -3.53 20.97 -1 -3.02 21.22 -1.12 -1.53 18.73

4 16 -1.12 -1.53 18.73 -1 -3.02 21.22 0 -2.84 21.31 0 -1.32 18.83

0 // SEGMENT 9

4 16 0 -2.84 21.31 0 -4.48 23.76 0.88 -4.63 23.68 1 -3.02 21.22

4 16 1 -3.02 21.22 0.88 -4.63 23.68 1.63 -5.07 23.44 1.85 -3.53 20.97

4 16 1.85 -3.53 20.97 1.63 -5.07 23.44 2.12 -5.73 23.09 2.42 -4.29 20.6

4 16 2.42 -4.29 20.6 2.12 -5.73 23.09 2.3 -6.5 22.67 2.62 -5.19 20.15

4 16 2.62 -5.19 20.15 2.3 -6.5 22.67 2.12 -7.27 22.25 2.42 -6.09 19.71

4 16 2.42 -6.09 19.71 2.12 -7.27 22.25 1.63 -7.93 21.9 1.85 -6.85 19.33

4 16 1.85 -6.85 19.33 1.63 -7.93 21.9 0.88 -8.37 21.66 1 -7.36 19.08

4 16 1 -7.36 19.08 0.88 -8.37 21.66 0 -8.52 21.58 0 -7.54 18.99

4 16 0 -7.54 18.99 0 -8.52 21.58 -0.88 -8.37 21.66 -1 -7.36 19.08

4 16 -1 -7.36 19.08 -0.88 -8.37 21.66 -1.63 -7.93 21.9 -1.85 -6.85 19.33

4 16 -1.85 -6.85 19.33 -1.63 -7.93 21.9 -2.12 -7.27 22.25 -2.42 -6.09 19.71

4 16 -2.42 -6.09 19.71 -2.12 -7.27 22.25 -2.3 -6.5 22.67 -2.62 -5.19 20.15

4 16 -2.62 -5.19 20.15 -2.3 -6.5 22.67 -2.12 -5.73 23.09 -2.42 -4.29 20.6

4 16 -2.42 -4.29 20.6 -2.12 -5.73 23.09 -1.63 -5.07 23.44 -1.85 -3.53 20.97

4 16 -1.85 -3.53 20.97 -1.63 -5.07 23.44 -0.88 -4.63 23.68 -1 -3.02 21.22

4 16 -1 -3.02 21.22 -0.88 -4.63 23.68 0 -4.48 23.76 0 -2.84 21.31

0 // SEGMENT 10

4 16 0 -4.48 23.76 0 -5.4 25.03 0.82 -5.54 24.94 0.88 -4.63 23.68

4 16 0.88 -4.63 23.68 0.82 -5.54 24.94 1.51 -5.94 24.7 1.63 -5.07 23.44

4 16 1.63 -5.07 23.44 1.51 -5.94 24.7 1.97 -6.53 24.35 2.12 -5.73 23.09

4 16 2.12 -5.73 23.09 1.97 -6.53 24.35 2.13 -7.23 23.93 2.3 -6.5 22.67

4 16 2.3 -6.5 22.67 2.13 -7.23 23.93 1.97 -7.93 23.51 2.12 -7.27 22.25

4 16 2.12 -7.27 22.25 1.97 -7.93 23.51 1.51 -8.52 23.15 1.63 -7.93 21.9

4 16 1.63 -7.93 21.9 1.51 -8.52 23.15 0.82 -8.92 22.92 0.88 -8.37 21.66

4 16 0.88 -8.37 21.66 0.82 -8.92 22.92 0 -9.06 22.83 0 -8.52 21.58

4 16 0 -8.52 21.58 0 -9.06 22.83 -0.82 -8.92 22.92 -0.88 -8.37 21.66

4 16 -0.88 -8.37 21.66 -0.82 -8.92 22.92 -1.51 -8.52 23.15 -1.63 -7.93 21.9

4 16 -1.63 -7.93 21.9 -1.51 -8.52 23.15 -1.97 -7.93 23.51 -2.12 -7.27 22.25

4 16 -2.12 -7.27 22.25 -1.97 -7.93 23.51 -2.13 -7.23 23.93 -2.3 -6.5 22.67

4 16 -2.3 -6.5 22.67 -2.13 -7.23 23.93 -1.97 -6.53 24.35 -2.12 -5.73 23.09

4 16 -2.12 -5.73 23.09 -1.97 -6.53 24.35 -1.51 -5.94 24.7 -1.63 -5.07 23.44

4 16 -1.63 -5.07 23.44 -1.51 -5.94 24.7 -0.82 -5.54 24.94 -0.88 -4.63 23.68

4 16 -0.88 -4.63 23.68 -0.82 -5.54 24.94 0 -5.4 25.03 0 -4.48 23.76

0 // SEGMENT 0

5 24 3.54 3.54 0 3.33 3.25 2.78 1.91 4.62 0.07 4.62 1.91 0

5 24 4.62 1.91 0 4.36 1.72 2.66 3.54 3.54 0.05 5 0 0

5 24 5 0 0 4.71 -0.08 2.52 4.62 1.91 0.03 4.62 -1.91 0

5 24 4.62 -1.91 0 4.36 -1.87 2.38 5 0 0 3.54 -3.54 0

5 24 3.54 -3.54 0 3.33 -3.4 2.25 4.62 -1.91 -0.03 1.91 -4.62 0

5 24 1.91 -4.62 0 1.8 -4.42 2.17 3.54 -3.54 -0.05 0 -5 0

5 24 0 -5 0 0 -4.78 2.14 1.91 -4.62 -0.07 -1.91 -4.62 0

5 24 -1.91 -4.62 0 -1.8 -4.42 2.17 0 -5 -0.08 -3.54 -3.54 0

5 24 -3.54 -3.54 0 -3.33 -3.4 2.25 -1.91 -4.62 -0.07 -4.62 -1.91 0

5 24 -4.62 -1.91 0 -4.36 -1.87 2.38 -3.54 -3.54 -0.05 -5 0 0

5 24 -5 0 0 -4.71 -0.08 2.52 -4.62 -1.91 -0.03 -4.62 1.91 0

5 24 -4.62 1.91 0 -4.36 1.72 2.66 -5 0 0 -3.54 3.54 0

5 24 -3.54 3.54 0 -3.33 3.25 2.78 -4.62 1.91 0.03 -1.91 4.62 0

5 24 0 5 0 0 4.62 2.89 -1.91 4.62 0.07 3.54 3.54 0

5 24 -1.91 4.62 0 -1.8 4.27 2.87 -3.54 3.54 0.05 0 5 0

0 // SEGMENT 1

5 24 3.33 3.25 2.78 3.13 2.69 5.52 1.8 4.27 2.87 4.36 1.72 2.66

5 24 4.36 1.72 2.66 4.09 1.27 5.3 3.33 3.25 2.78 4.71 -0.08 2.52

5 24 4.71 -0.08 2.52 4.43 -0.4 5.04 4.36 1.72 2.66 4.36 -1.87 2.38

5 24 4.36 -1.87 2.38 4.09 -2.08 4.78 4.71 -0.08 2.52 3.33 -3.4 2.25

5 24 3.33 -3.4 2.25 3.13 -3.5 4.56 4.36 -1.87 2.38 1.8 -4.42 2.17

5 24 1.8 -4.42 2.17 1.69 -4.44 4.41 3.33 -3.4 2.25 0 -4.78 2.14

5 24 0 -4.78 2.14 0 -4.78 4.36 1.8 -4.42 2.17 -1.8 -4.42 2.17

5 24 -1.8 -4.42 2.17 -1.69 -4.44 4.41 0 -4.78 2.14 -3.33 -3.4 2.25

5 24 -3.33 -3.4 2.25 -3.13 -3.5 4.56 -1.8 -4.42 2.17 -4.36 -1.87 2.38

5 24 -4.36 -1.87 2.38 -4.09 -2.08 4.78 -3.33 -3.4 2.25 -4.71 -0.08 2.52

5 24 -4.71 -0.08 2.52 -4.43 -0.4 5.04 -4.36 -1.87 2.38 -4.36 1.72 2.66

5 24 -4.36 1.72 2.66 -4.09 1.27 5.3 -4.71 -0.08 2.52 -3.33 3.25 2.78

5 24 -3.33 3.25 2.78 -3.13 2.69 5.52 -4.36 1.72 2.66 -1.8 4.27 2.87

5 24 0 4.62 2.89 0 3.97 5.72 -1.8 4.27 2.87 3.33 3.25 2.78

5 24 -1.8 4.27 2.87 -1.69 3.64 5.66 -3.33 3.25 2.78 0 4.62 2.89

0 // SEGMENT 2

5 24 3.13 2.69 5.52 2.92 2.01 8.12 1.69 3.64 5.66 4.09 1.27 5.3

5 24 4.09 1.27 5.3 3.82 0.7 7.86 3.13 2.69 5.52 4.43 -0.4 5.04

5 24 4.43 -0.4 5.04 4.14 -0.86 7.56 4.09 1.27 5.3 4.09 -2.08 4.78

5 24 4.09 -2.08 4.78 3.82 -2.41 7.25 4.43 -0.4 5.04 3.13 -3.5 4.56

5 24 3.13 -3.5 4.56 2.92 -3.73 7 4.09 -2.08 4.78 1.69 -4.44 4.41

5 24 1.69 -4.44 4.41 1.58 -4.61 6.83 3.13 -3.5 4.56 0 -4.78 4.36

5 24 0 -4.78 4.36 0 -4.92 6.77 1.69 -4.44 4.41 -1.69 -4.44 4.41

5 24 -1.69 -4.44 4.41 -1.58 -4.61 6.83 0 -4.78 4.36 -3.13 -3.5 4.56

5 24 -3.13 -3.5 4.56 -2.92 -3.73 7 -1.69 -4.44 4.41 -4.09 -2.08 4.78

5 24 -4.09 -2.08 4.78 -3.82 -2.41 7.25 -3.13 -3.5 4.56 -4.43 -0.4 5.04

5 24 -4.43 -0.4 5.04 -4.14 -0.86 7.56 -4.09 -2.08 4.78 -4.09 1.27 5.3

5 24 -4.09 1.27 5.3 -3.82 0.7 7.86 -4.43 -0.4 5.04 -3.13 2.69 5.52

5 24 -3.13 2.69 5.52 -2.92 2.01 8.12 -4.09 1.27 5.3 -1.69 3.64 5.66

5 24 0 3.97 5.72 0 3.2 8.35 -1.69 3.64 5.66 3.13 2.69 5.52

5 24 -1.69 3.64 5.66 -1.58 2.89 8.29 -3.13 2.69 5.52 0 3.97 5.72

0 // SEGMENT 3

5 24 2.92 2.01 8.12 2.72 1.25 10.72 1.58 2.89 8.29 3.82 0.7 7.86

5 24 3.82 0.7 7.86 3.55 0.04 10.43 2.92 2.01 8.12 4.14 -0.86 7.56

5 24 4.14 -0.86 7.56 3.84 -1.39 10.08 3.82 0.7 7.86 3.82 -2.41 7.25

5 24 3.82 -2.41 7.25 3.55 -2.81 9.73 4.14 -0.86 7.56 2.92 -3.73 7

5 24 2.92 -3.73 7 2.72 -4.02 9.43 3.82 -2.41 7.25 1.58 -4.61 6.83

5 24 1.58 -4.61 6.83 1.47 -4.83 9.23 2.92 -3.73 7 0 -4.92 6.77

5 24 0 -4.92 6.77 0 -5.12 9.16 1.58 -4.61 6.83 -1.58 -4.61 6.83

5 24 -1.58 -4.61 6.83 -1.47 -4.83 9.23 0 -4.92 6.77 -2.92 -3.73 7

5 24 -2.92 -3.73 7 -2.72 -4.02 9.43 -1.58 -4.61 6.83 -3.82 -2.41 7.25

5 24 -3.82 -2.41 7.25 -3.55 -2.81 9.73 -2.92 -3.73 7 -4.14 -0.86 7.56

5 24 -4.14 -0.86 7.56 -3.84 -1.39 10.08 -3.82 -2.41 7.25 -3.82 0.7 7.86

5 24 -3.82 0.7 7.86 -3.55 0.04 10.43 -4.14 -0.86 7.56 -2.92 2.01 8.12

5 24 -2.92 2.01 8.12 -2.72 1.25 10.72 -3.82 0.7 7.86 -1.58 2.89 8.29

5 24 0 3.2 8.35 0 2.35 10.99 -1.58 2.89 8.29 2.92 2.01 8.12

5 24 -1.58 2.89 8.29 -1.47 2.06 10.92 -2.92 2.01 8.12 0 3.2 8.35

0 // SEGMENT 4

5 24 2.72 1.25 10.72 2.51 0.3 13.34 1.47 2.06 10.92 3.55 0.04 10.43

5 24 3.55 0.04 10.43 3.28 -0.79 13 2.72 1.25 10.72 3.84 -1.39 10.08

5 24 3.84 -1.39 10.08 3.55 -2.09 12.59 3.55 0.04 10.43 3.55 -2.81 9.73

5 24 3.55 -2.81 9.73 3.28 -3.39 12.19 3.84 -1.39 10.08 2.72 -4.02 9.43

5 24 2.72 -4.02 9.43 2.51 -4.49 11.85 3.55 -2.81 9.73 1.47 -4.83 9.23

5 24 1.47 -4.83 9.23 1.36 -5.22 11.62 2.72 -4.02 9.43 0 -5.12 9.16

5 24 0 -5.12 9.16 0 -5.48 11.54 1.47 -4.83 9.23 -1.47 -4.83 9.23

5 24 -1.47 -4.83 9.23 -1.36 -5.22 11.62 0 -5.12 9.16 -2.72 -4.02 9.43

5 24 -2.72 -4.02 9.43 -2.51 -4.49 11.85 -1.47 -4.83 9.23 -3.55 -2.81 9.73

5 24 -3.55 -2.81 9.73 -3.28 -3.39 12.19 -2.72 -4.02 9.43 -3.84 -1.39 10.08

5 24 -3.84 -1.39 10.08 -3.55 -2.09 12.59 -3.55 -2.81 9.73 -3.55 0.04 10.43

5 24 -3.55 0.04 10.43 -3.28 -0.79 13 -3.84 -1.39 10.08 -2.72 1.25 10.72

5 24 -2.72 1.25 10.72 -2.51 0.3 13.34 -3.55 0.04 10.43 -1.47 2.06 10.92

5 24 0 2.35 10.99 0 1.3 13.64 -1.47 2.06 10.92 2.72 1.25 10.72

5 24 -1.47 2.06 10.92 -1.36 1.04 13.56 -2.72 1.25 10.72 0 2.35 10.99

0 // SEGMENT 5

5 24 2.51 0.3 13.34 2.3 -0.8 15.93 1.36 1.04 13.56 3.28 -0.79 13

5 24 3.28 -0.79 13 3 -1.79 15.55 2.51 0.3 13.34 3.55 -2.09 12.59

5 24 3.55 -2.09 12.59 3.25 -2.95 15.11 3.28 -0.79 13 3.28 -3.39 12.19

5 24 3.28 -3.39 12.19 3 -4.11 14.67 3.55 -2.09 12.59 2.51 -4.49 11.85

5 24 2.51 -4.49 11.85 2.3 -5.09 14.3 3.28 -3.39 12.19 1.36 -5.22 11.62

5 24 1.36 -5.22 11.62 1.24 -5.75 14.05 2.51 -4.49 11.85 0 -5.48 11.54

5 24 0 -5.48 11.54 0 -5.98 13.96 1.36 -5.22 11.62 -1.36 -5.22 11.62

5 24 -1.36 -5.22 11.62 -1.24 -5.75 14.05 0 -5.48 11.54 -2.51 -4.49 11.85

5 24 -2.51 -4.49 11.85 -2.3 -5.09 14.3 -1.36 -5.22 11.62 -3.28 -3.39 12.19

5 24 -3.28 -3.39 12.19 -3 -4.11 14.67 -2.51 -4.49 11.85 -3.55 -2.09 12.59

5 24 -3.55 -2.09 12.59 -3.25 -2.95 15.11 -3.28 -3.39 12.19 -3.28 -0.79 13

5 24 -3.28 -0.79 13 -3 -1.79 15.55 -3.55 -2.09 12.59 -2.51 0.3 13.34

5 24 -2.51 0.3 13.34 -2.3 -0.8 15.93 -3.28 -0.79 13 -1.36 1.04 13.56

5 24 0 1.3 13.64 0 0.09 16.27 -1.36 1.04 13.56 2.51 0.3 13.34

5 24 -1.36 1.04 13.56 -1.24 -0.14 16.18 -2.51 0.3 13.34 0 1.3 13.64

0 // SEGMENT 6

5 24 2.3 -0.8 15.93 2.08 -2.11 18.48 1.24 -0.14 16.18 3 -1.79 15.55

5 24 3 -1.79 15.55 2.71 -2.98 18.09 2.3 -0.8 15.93 3.25 -2.95 15.11

5 24 3.25 -2.95 15.11 2.94 -4.01 17.63 3 -1.79 15.55 3 -4.11 14.67

5 24 3 -4.11 14.67 2.71 -5.03 17.18 3.25 -2.95 15.11 2.3 -5.09 14.3

5 24 2.3 -5.09 14.3 2.08 -5.9 16.79 3 -4.11 14.67 1.24 -5.75 14.05

5 24 1.24 -5.75 14.05 1.12 -6.48 16.53 2.3 -5.09 14.3 0 -5.98 13.96

5 24 0 -5.98 13.96 0 -6.69 16.44 1.24 -5.75 14.05 -1.24 -5.75 14.05

5 24 -1.24 -5.75 14.05 -1.12 -6.48 16.53 0 -5.98 13.96 -2.3 -5.09 14.3

5 24 -2.3 -5.09 14.3 -2.08 -5.9 16.79 -1.24 -5.75 14.05 -3 -4.11 14.67

5 24 -3 -4.11 14.67 -2.71 -5.03 17.18 -2.3 -5.09 14.3 -3.25 -2.95 15.11

5 24 -3.25 -2.95 15.11 -2.94 -4.01 17.63 -3 -4.11 14.67 -3 -1.79 15.55

5 24 -3 -1.79 15.55 -2.71 -2.98 18.09 -3.25 -2.95 15.11 -2.3 -0.8 15.93

5 24 -2.3 -0.8 15.93 -2.08 -2.11 18.48 -3 -1.79 15.55 -1.24 -0.14 16.18

5 24 0 0.09 16.27 0 -1.32 18.83 -1.24 -0.14 16.18 2.3 -0.8 15.93

5 24 -1.24 -0.14 16.18 -1.12 -1.53 18.73 -2.3 -0.8 15.93 0 0.09 16.27

0 // SEGMENT 7

5 24 2.08 -2.11 18.48 1.85 -3.53 20.97 1.12 -1.53 18.73 2.71 -2.98 18.09

5 24 2.71 -2.98 18.09 2.42 -4.29 20.6 2.08 -2.11 18.48 2.94 -4.01 17.63

5 24 2.94 -4.01 17.63 2.62 -5.19 20.15 2.71 -2.98 18.09 2.71 -5.03 17.18

5 24 2.71 -5.03 17.18 2.42 -6.09 19.71 2.94 -4.01 17.63 2.08 -5.9 16.79

5 24 2.08 -5.9 16.79 1.85 -6.85 19.33 2.71 -5.03 17.18 1.12 -6.48 16.53

5 24 1.12 -6.48 16.53 1 -7.36 19.08 2.08 -5.9 16.79 0 -6.69 16.44

5 24 0 -6.69 16.44 0 -7.54 18.99 1.12 -6.48 16.53 -1.12 -6.48 16.53

5 24 -1.12 -6.48 16.53 -1 -7.36 19.08 0 -6.69 16.44 -2.08 -5.9 16.79

5 24 -2.08 -5.9 16.79 -1.85 -6.85 19.33 -1.12 -6.48 16.53 -2.71 -5.03 17.18

5 24 -2.71 -5.03 17.18 -2.42 -6.09 19.71 -2.08 -5.9 16.79 -2.94 -4.01 17.63

5 24 -2.94 -4.01 17.63 -2.62 -5.19 20.15 -2.71 -5.03 17.18 -2.71 -2.98 18.09

5 24 -2.71 -2.98 18.09 -2.42 -4.29 20.6 -2.94 -4.01 17.63 -2.08 -2.11 18.48

5 24 -2.08 -2.11 18.48 -1.85 -3.53 20.97 -2.71 -2.98 18.09 -1.12 -1.53 18.73

5 24 0 -1.32 18.83 0 -2.84 21.31 -1.12 -1.53 18.73 2.08 -2.11 18.48

5 24 -1.12 -1.53 18.73 -1 -3.02 21.22 -2.08 -2.11 18.48 0 -1.32 18.83

0 // SEGMENT 8

5 24 1.85 -3.53 20.97 1.63 -5.07 23.44 1 -3.02 21.22 2.42 -4.29 20.6

5 24 2.42 -4.29 20.6 2.12 -5.73 23.09 1.85 -3.53 20.97 2.62 -5.19 20.15

5 24 2.62 -5.19 20.15 2.3 -6.5 22.67 2.42 -4.29 20.6 2.42 -6.09 19.71

5 24 2.42 -6.09 19.71 2.12 -7.27 22.25 2.62 -5.19 20.15 1.85 -6.85 19.33

5 24 1.85 -6.85 19.33 1.63 -7.93 21.9 2.42 -6.09 19.71 1 -7.36 19.08

5 24 1 -7.36 19.08 0.88 -8.37 21.66 1.85 -6.85 19.33 0 -7.54 18.99

5 24 0 -7.54 18.99 0 -8.52 21.58 1 -7.36 19.08 -1 -7.36 19.08

5 24 -1 -7.36 19.08 -0.88 -8.37 21.66 0 -7.54 18.99 -1.85 -6.85 19.33

5 24 -1.85 -6.85 19.33 -1.63 -7.93 21.9 -1 -7.36 19.08 -2.42 -6.09 19.71

5 24 -2.42 -6.09 19.71 -2.12 -7.27 22.25 -1.85 -6.85 19.33 -2.62 -5.19 20.15

5 24 -2.62 -5.19 20.15 -2.3 -6.5 22.67 -2.42 -6.09 19.71 -2.42 -4.29 20.6

5 24 -2.42 -4.29 20.6 -2.12 -5.73 23.09 -2.62 -5.19 20.15 -1.85 -3.53 20.97

5 24 -1.85 -3.53 20.97 -1.63 -5.07 23.44 -2.42 -4.29 20.6 -1 -3.02 21.22

5 24 0 -2.84 21.31 0 -4.48 23.76 -1 -3.02 21.22 1.85 -3.53 20.97

5 24 -1 -3.02 21.22 -0.88 -4.63 23.68 -1.85 -3.53 20.97 0 -2.84 21.31

0 // SEGMENT 9

5 24 1.63 -5.07 23.44 1.51 -5.94 24.7 0.88 -4.63 23.68 2.12 -5.73 23.09

5 24 2.12 -5.73 23.09 1.97 -6.53 24.35 1.63 -5.07 23.44 2.3 -6.5 22.67

5 24 2.3 -6.5 22.67 2.13 -7.23 23.93 2.12 -5.73 23.09 2.12 -7.27 22.25

5 24 2.12 -7.27 22.25 1.97 -7.93 23.51 2.3 -6.5 22.67 1.63 -7.93 21.9

5 24 1.63 -7.93 21.9 1.51 -8.52 23.15 2.12 -7.27 22.25 0.88 -8.37 21.66

5 24 0.88 -8.37 21.66 0.82 -8.92 22.92 1.63 -7.93 21.9 0 -8.52 21.58

5 24 0 -8.52 21.58 0 -9.06 22.83 0.88 -8.37 21.66 -0.88 -8.37 21.66

5 24 -0.88 -8.37 21.66 -0.82 -8.92 22.92 0 -8.52 21.58 -1.63 -7.93 21.9

5 24 -1.63 -7.93 21.9 -1.51 -8.52 23.15 -0.88 -8.37 21.66 -2.12 -7.27 22.25

5 24 -2.12 -7.27 22.25 -1.97 -7.93 23.51 -1.63 -7.93 21.9 -2.3 -6.5 22.67

5 24 -2.3 -6.5 22.67 -2.13 -7.23 23.93 -2.12 -7.27 22.25 -2.12 -5.73 23.09

5 24 -2.12 -5.73 23.09 -1.97 -6.53 24.35 -2.3 -6.5 22.67 -1.63 -5.07 23.44

5 24 -1.63 -5.07 23.44 -1.51 -5.94 24.7 -2.12 -5.73 23.09 -0.88 -4.63 23.68

5 24 0 -4.48 23.76 0 -5.4 25.03 -0.88 -4.63 23.68 1.63 -5.07 23.44

5 24 -0.88 -4.63 23.68 -0.82 -5.54 24.94 -1.63 -5.07 23.44 0 -4.48 23.76

0 // Conditional edges

5 24 1.8 4.27 2.87 0 5 0 0 4.62 2.89 1.91 4.62 0

5 24 1.8 4.27 2.87 1.91 4.62 0 0 5 0 3.33 3.25 2.78

5 24 3.33 3.25 2.78 1.91 4.62 0 1.8 4.27 2.87 3.54 3.54 0

5 24 4.36 1.72 2.66 3.54 3.54 0 3.33 3.25 2.78 4.62 1.91 0

5 24 4.71 -0.08 2.52 4.62 1.91 0 4.36 1.72 2.66 5 0 0

5 24 4.36 -1.87 2.38 5 0 0 4.71 -0.08 2.52 4.62 -1.91 0

5 24 3.33 -3.4 2.25 4.62 -1.91 0 4.36 -1.87 2.38 3.54 -3.54 0

5 24 1.8 -4.42 2.17 3.54 -3.54 0 3.33 -3.4 2.25 1.91 -4.62 0

5 24 0 -4.78 2.14 1.91 -4.62 0 1.8 -4.42 2.17 0 -5 0

5 24 -1.8 -4.42 2.17 0 -5 0 0 -4.78 2.14 -1.91 -4.62 0

5 24 -3.33 -3.4 2.25 -1.91 -4.62 0 -1.8 -4.42 2.17 -3.54 -3.54 0

5 24 -4.36 -1.87 2.38 -3.54 -3.54 0 -3.33 -3.4 2.25 -4.62 -1.91 0

5 24 -4.71 -0.08 2.52 -4.62 -1.91 0 -4.36 -1.87 2.38 -5 0 0

5 24 -4.36 1.72 2.66 -5 0 0 -4.71 -0.08 2.52 -4.62 1.91 0

5 24 -3.33 3.25 2.78 -4.62 1.91 0 -4.36 1.72 2.66 -3.54 3.54 0

5 24 -1.8 4.27 2.87 -3.54 3.54 0 -3.33 3.25 2.78 -1.91 4.62 0

5 24 0 4.62 2.89 -1.91 4.62 0 -1.8 4.27 2.87 0 5 0

5 24 0 4.62 2.89 1.8 4.27 2.87 0 5 0 0 3.97 5.72

5 24 1.69 3.64 5.66 1.8 4.27 2.87 0 4.62 2.89 3.13 2.69 5.52

5 24 1.8 4.27 2.87 3.33 3.25 2.78 1.91 4.62 0 1.69 3.64 5.66

5 24 3.33 3.25 2.78 4.36 1.72 2.66 3.54 3.54 0 3.13 2.69 5.52

5 24 4.36 1.72 2.66 4.71 -0.08 2.52 4.62 1.91 0 4.09 1.27 5.3

5 24 4.09 -2.08 4.78 4.71 -0.08 2.52 4.43 -0.4 5.04 4.36 -1.87 2.38

5 24 4.71 -0.08 2.52 4.36 -1.87 2.38 5 0 0 4.09 -2.08 4.78

5 24 4.36 -1.87 2.38 3.33 -3.4 2.25 4.62 -1.91 0 4.09 -2.08 4.78

5 24 3.33 -3.4 2.25 1.8 -4.42 2.17 3.54 -3.54 0 3.13 -3.5 4.56

5 24 1.8 -4.42 2.17 0 -4.78 2.14 1.91 -4.62 0 1.69 -4.44 4.41

5 24 0 -4.78 2.14 -1.8 -4.42 2.17 0 -5 0 0 -4.78 4.36

5 24 -1.8 -4.42 2.17 -3.33 -3.4 2.25 -1.91 -4.62 0 -1.69 -4.44 4.41

5 24 -3.33 -3.4 2.25 -4.36 -1.87 2.38 -3.54 -3.54 0 -3.13 -3.5 4.56

5 24 -4.43 -0.4 5.04 -4.36 -1.87 2.38 -4.09 -2.08 4.78 -4.71 -0.08 2.52

5 24 -4.36 -1.87 2.38 -4.71 -0.08 2.52 -4.62 -1.91 0 -4.43 -0.4 5.04

5 24 -4.71 -0.08 2.52 -4.36 1.72 2.66 -5 0 0 -4.43 -0.4 5.04

5 24 -4.36 1.72 2.66 -3.33 3.25 2.78 -4.62 1.91 0 -4.09 1.27 5.3

5 24 -3.33 3.25 2.78 -1.8 4.27 2.87 -3.54 3.54 0 -3.13 2.69 5.52

5 24 -1.8 4.27 2.87 0 4.62 2.89 -1.91 4.62 0 -1.69 3.64 5.66

5 24 0 3.97 5.72 1.69 3.64 5.66 1.8 4.27 2.87 0 3.2 8.35

5 24 1.58 2.89 8.29 1.69 3.64 5.66 0 3.97 5.72 2.92 2.01 8.12

5 24 1.69 3.64 5.66 3.13 2.69 5.52 3.33 3.25 2.78 1.58 2.89 8.29

5 24 3.13 2.69 5.52 4.09 1.27 5.3 4.36 1.72 2.66 2.92 2.01 8.12

5 24 4.09 1.27 5.3 4.43 -0.4 5.04 4.71 -0.08 2.52 3.82 0.7 7.86

5 24 4.43 -0.4 5.04 4.09 -2.08 4.78 4.71 -0.08 2.52 4.14 -0.86 7.56

5 24 4.09 -2.08 4.78 3.13 -3.5 4.56 3.33 -3.4 2.25 3.82 -2.41 7.25

5 24 3.13 -3.5 4.56 1.69 -4.44 4.41 1.8 -4.42 2.17 2.92 -3.73 7

5 24 1.69 -4.44 4.41 0 -4.78 4.36 0 -4.78 2.14 1.58 -4.61 6.83

5 24 0 -4.78 4.36 -1.69 -4.44 4.41 -1.8 -4.42 2.17 0 -4.92 6.77

5 24 -1.69 -4.44 4.41 -3.13 -3.5 4.56 -3.33 -3.4 2.25 -1.58 -4.61 6.83

5 24 -3.13 -3.5 4.56 -4.09 -2.08 4.78 -4.36 -1.87 2.38 -2.92 -3.73 7

5 24 -4.09 -2.08 4.78 -4.43 -0.4 5.04 -4.36 -1.87 2.38 -3.82 -2.41 7.25

5 24 -4.43 -0.4 5.04 -4.09 1.27 5.3 -4.36 1.72 2.66 -4.14 -0.86 7.56

5 24 -4.09 1.27 5.3 -3.13 2.69 5.52 -3.33 3.25 2.78 -3.82 0.7 7.86

5 24 -3.13 2.69 5.52 -1.69 3.64 5.66 -1.8 4.27 2.87 -2.92 2.01 8.12

5 24 -1.69 3.64 5.66 0 3.97 5.72 0 4.62 2.89 -1.58 2.89 8.29

5 24 0 3.2 8.35 1.58 2.89 8.29 1.69 3.64 5.66 0 2.35 10.99

5 24 1.47 2.06 10.92 1.58 2.89 8.29 0 3.2 8.35 2.72 1.25 10.72

5 24 1.58 2.89 8.29 2.92 2.01 8.12 3.13 2.69 5.52 1.47 2.06 10.92

5 24 2.92 2.01 8.12 3.82 0.7 7.86 4.09 1.27 5.3 2.72 1.25 10.72

5 24 3.82 0.7 7.86 4.14 -0.86 7.56 4.43 -0.4 5.04 3.55 0.04 10.43

5 24 4.14 -0.86 7.56 3.82 -2.41 7.25 4.09 -2.08 4.78 3.84 -1.39 10.08

5 24 3.82 -2.41 7.25 2.92 -3.73 7 3.13 -3.5 4.56 3.55 -2.81 9.73

5 24 2.92 -3.73 7 1.58 -4.61 6.83 1.69 -4.44 4.41 2.72 -4.02 9.43

5 24 1.58 -4.61 6.83 0 -4.92 6.77 0 -4.78 4.36 1.47 -4.83 9.23

5 24 0 -4.92 6.77 -1.58 -4.61 6.83 -1.69 -4.44 4.41 0 -5.12 9.16

5 24 -1.58 -4.61 6.83 -2.92 -3.73 7 -3.13 -3.5 4.56 -1.47 -4.83 9.23

5 24 -2.92 -3.73 7 -3.82 -2.41 7.25 -4.09 -2.08 4.78 -2.72 -4.02 9.43

5 24 -3.82 -2.41 7.25 -4.14 -0.86 7.56 -4.43 -0.4 5.04 -3.55 -2.81 9.73

5 24 -4.14 -0.86 7.56 -3.82 0.7 7.86 -4.09 1.27 5.3 -3.84 -1.39 10.08

5 24 -3.82 0.7 7.86 -2.92 2.01 8.12 -3.13 2.69 5.52 -3.55 0.04 10.43

5 24 -2.92 2.01 8.12 -1.58 2.89 8.29 -1.69 3.64 5.66 -2.72 1.25 10.72

5 24 -1.58 2.89 8.29 0 3.2 8.35 0 3.97 5.72 -1.47 2.06 10.92

5 24 0 2.35 10.99 1.47 2.06 10.92 1.58 2.89 8.29 0 1.3 13.64

5 24 1.36 1.04 13.56 1.47 2.06 10.92 0 2.35 10.99 2.51 0.3 13.34

5 24 1.47 2.06 10.92 2.72 1.25 10.72 2.92 2.01 8.12 1.36 1.04 13.56

5 24 2.72 1.25 10.72 3.55 0.04 10.43 3.82 0.7 7.86 2.51 0.3 13.34

5 24 3.55 0.04 10.43 3.84 -1.39 10.08 4.14 -0.86 7.56 3.28 -0.79 13

5 24 3.84 -1.39 10.08 3.55 -2.81 9.73 3.82 -2.41 7.25 3.55 -2.09 12.59

5 24 3.55 -2.81 9.73 2.72 -4.02 9.43 2.92 -3.73 7 3.28 -3.39 12.19

5 24 2.72 -4.02 9.43 1.47 -4.83 9.23 1.58 -4.61 6.83 2.51 -4.49 11.85

5 24 1.47 -4.83 9.23 0 -5.12 9.16 0 -4.92 6.77 1.36 -5.22 11.62

5 24 0 -5.12 9.16 -1.47 -4.83 9.23 -1.58 -4.61 6.83 0 -5.48 11.54

5 24 -1.47 -4.83 9.23 -2.72 -4.02 9.43 -2.92 -3.73 7 -1.36 -5.22 11.62

5 24 -2.72 -4.02 9.43 -3.55 -2.81 9.73 -3.82 -2.41 7.25 -2.51 -4.49 11.85

5 24 -3.55 -2.81 9.73 -3.84 -1.39 10.08 -4.14 -0.86 7.56 -3.28 -3.39 12.19

5 24 -3.84 -1.39 10.08 -3.55 0.04 10.43 -3.82 0.7 7.86 -3.55 -2.09 12.59

5 24 -3.55 0.04 10.43 -2.72 1.25 10.72 -2.92 2.01 8.12 -3.28 -0.79 13

5 24 -2.72 1.25 10.72 -1.47 2.06 10.92 -1.58 2.89 8.29 -2.51 0.3 13.34

5 24 -1.47 2.06 10.92 0 2.35 10.99 0 3.2 8.35 -1.36 1.04 13.56

5 24 0 1.3 13.64 1.36 1.04 13.56 1.47 2.06 10.92 0 0.09 16.27

5 24 1.24 -0.14 16.18 1.36 1.04 13.56 0 1.3 13.64 2.3 -0.8 15.93

5 24 1.36 1.04 13.56 2.51 0.3 13.34 2.72 1.25 10.72 1.24 -0.14 16.18

5 24 2.51 0.3 13.34 3.28 -0.79 13 3.55 0.04 10.43 2.3 -0.8 15.93

5 24 3.28 -0.79 13 3.55 -2.09 12.59 3.84 -1.39 10.08 3 -1.79 15.55

5 24 3.55 -2.09 12.59 3.28 -3.39 12.19 3.55 -2.81 9.73 3.25 -2.95 15.11

5 24 3.28 -3.39 12.19 2.51 -4.49 11.85 2.72 -4.02 9.43 3 -4.11 14.67

5 24 2.51 -4.49 11.85 1.36 -5.22 11.62 1.47 -4.83 9.23 2.3 -5.09 14.3

5 24 1.36 -5.22 11.62 0 -5.48 11.54 0 -5.12 9.16 1.24 -5.75 14.05

5 24 0 -5.48 11.54 -1.36 -5.22 11.62 -1.47 -4.83 9.23 0 -5.98 13.96

5 24 -1.36 -5.22 11.62 -2.51 -4.49 11.85 -2.72 -4.02 9.43 -1.24 -5.75 14.05

5 24 -2.51 -4.49 11.85 -3.28 -3.39 12.19 -3.55 -2.81 9.73 -2.3 -5.09 14.3

5 24 -3.28 -3.39 12.19 -3.55 -2.09 12.59 -3.84 -1.39 10.08 -3 -4.11 14.67

5 24 -3.55 -2.09 12.59 -3.28 -0.79 13 -3.55 0.04 10.43 -3.25 -2.95 15.11

5 24 -3.28 -0.79 13 -2.51 0.3 13.34 -2.72 1.25 10.72 -3 -1.79 15.55

5 24 -2.51 0.3 13.34 -1.36 1.04 13.56 -1.47 2.06 10.92 -2.3 -0.8 15.93

5 24 -1.36 1.04 13.56 0 1.3 13.64 0 2.35 10.99 -1.24 -0.14 16.18

5 24 0 0.09 16.27 1.24 -0.14 16.18 1.36 1.04 13.56 0 -1.32 18.83

5 24 1.12 -1.53 18.73 1.24 -0.14 16.18 0 0.09 16.27 2.08 -2.11 18.48

5 24 1.24 -0.14 16.18 2.3 -0.8 15.93 2.51 0.3 13.34 1.12 -1.53 18.73

5 24 2.3 -0.8 15.93 3 -1.79 15.55 3.28 -0.79 13 2.08 -2.11 18.48

5 24 3 -1.79 15.55 3.25 -2.95 15.11 3.55 -2.09 12.59 2.71 -2.98 18.09

5 24 3.25 -2.95 15.11 3 -4.11 14.67 3.28 -3.39 12.19 2.94 -4.01 17.63

5 24 3 -4.11 14.67 2.3 -5.09 14.3 2.51 -4.49 11.85 2.71 -5.03 17.18

5 24 2.3 -5.09 14.3 1.24 -5.75 14.05 1.36 -5.22 11.62 2.08 -5.9 16.79

5 24 1.24 -5.75 14.05 0 -5.98 13.96 0 -5.48 11.54 1.12 -6.48 16.53

5 24 0 -5.98 13.96 -1.24 -5.75 14.05 -1.36 -5.22 11.62 0 -6.69 16.44

5 24 -1.24 -5.75 14.05 -2.3 -5.09 14.3 -2.51 -4.49 11.85 -1.12 -6.48 16.53

5 24 -2.3 -5.09 14.3 -3 -4.11 14.67 -3.28 -3.39 12.19 -2.08 -5.9 16.79

5 24 -3 -4.11 14.67 -3.25 -2.95 15.11 -3.55 -2.09 12.59 -2.71 -5.03 17.18

5 24 -3.25 -2.95 15.11 -3 -1.79 15.55 -3.28 -0.79 13 -2.94 -4.01 17.63

5 24 -3 -1.79 15.55 -2.3 -0.8 15.93 -2.51 0.3 13.34 -2.71 -2.98 18.09

5 24 -2.3 -0.8 15.93 -1.24 -0.14 16.18 -1.36 1.04 13.56 -2.08 -2.11 18.48

5 24 -1.24 -0.14 16.18 0 0.09 16.27 0 1.3 13.64 -1.12 -1.53 18.73

5 24 0 -1.32 18.83 1.12 -1.53 18.73 1.24 -0.14 16.18 0 -2.84 21.31

5 24 1 -3.02 21.22 1.12 -1.53 18.73 0 -1.32 18.83 1.85 -3.53 20.97

5 24 1.12 -1.53 18.73 2.08 -2.11 18.48 2.3 -0.8 15.93 1 -3.02 21.22

5 24 2.08 -2.11 18.48 2.71 -2.98 18.09 3 -1.79 15.55 1.85 -3.53 20.97

5 24 2.71 -2.98 18.09 2.94 -4.01 17.63 3.25 -2.95 15.11 2.42 -4.29 20.6

5 24 2.94 -4.01 17.63 2.71 -5.03 17.18 3 -4.11 14.67 2.62 -5.19 20.15

5 24 2.71 -5.03 17.18 2.08 -5.9 16.79 2.3 -5.09 14.3 2.42 -6.09 19.71

5 24 2.08 -5.9 16.79 1.12 -6.48 16.53 1.24 -5.75 14.05 1.85 -6.85 19.33

5 24 1.12 -6.48 16.53 0 -6.69 16.44 0 -5.98 13.96 1 -7.36 19.08

5 24 0 -6.69 16.44 -1.12 -6.48 16.53 -1.24 -5.75 14.05 0 -7.54 18.99

5 24 -1.12 -6.48 16.53 -2.08 -5.9 16.79 -2.3 -5.09 14.3 -1 -7.36 19.08

5 24 -2.08 -5.9 16.79 -2.71 -5.03 17.18 -3 -4.11 14.67 -1.85 -6.85 19.33

5 24 -2.71 -5.03 17.18 -2.94 -4.01 17.63 -3.25 -2.95 15.11 -2.42 -6.09 19.71

5 24 -2.94 -4.01 17.63 -2.71 -2.98 18.09 -3 -1.79 15.55 -2.62 -5.19 20.15

5 24 -2.71 -2.98 18.09 -2.08 -2.11 18.48 -2.3 -0.8 15.93 -2.42 -4.29 20.6

5 24 -2.08 -2.11 18.48 -1.12 -1.53 18.73 -1.24 -0.14 16.18 -1.85 -3.53 20.97

5 24 -1.12 -1.53 18.73 0 -1.32 18.83 0 0.09 16.27 -1 -3.02 21.22

5 24 0 -2.84 21.31 1 -3.02 21.22 1.12 -1.53 18.73 0 -4.48 23.76

5 24 0.88 -4.63 23.68 1 -3.02 21.22 0 -2.84 21.31 1.63 -5.07 23.44

5 24 1 -3.02 21.22 1.85 -3.53 20.97 2.08 -2.11 18.48 0.88 -4.63 23.68

5 24 1.85 -3.53 20.97 2.42 -4.29 20.6 2.71 -2.98 18.09 1.63 -5.07 23.44

5 24 2.42 -4.29 20.6 2.62 -5.19 20.15 2.94 -4.01 17.63 2.12 -5.73 23.09

5 24 2.62 -5.19 20.15 2.42 -6.09 19.71 2.71 -5.03 17.18 2.3 -6.5 22.67

5 24 2.42 -6.09 19.71 1.85 -6.85 19.33 2.08 -5.9 16.79 2.12 -7.27 22.25

5 24 1.85 -6.85 19.33 1 -7.36 19.08 1.12 -6.48 16.53 1.63 -7.93 21.9

5 24 1 -7.36 19.08 0 -7.54 18.99 0 -6.69 16.44 0.88 -8.37 21.66

5 24 0 -7.54 18.99 -1 -7.36 19.08 -1.12 -6.48 16.53 0 -8.52 21.58

5 24 -1 -7.36 19.08 -1.85 -6.85 19.33 -2.08 -5.9 16.79 -0.88 -8.37 21.66

5 24 -1.85 -6.85 19.33 -2.42 -6.09 19.71 -2.71 -5.03 17.18 -1.63 -7.93 21.9

5 24 -2.42 -6.09 19.71 -2.62 -5.19 20.15 -2.94 -4.01 17.63 -2.12 -7.27 22.25

5 24 -2.62 -5.19 20.15 -2.42 -4.29 20.6 -2.71 -2.98 18.09 -2.3 -6.5 22.67

5 24 -2.42 -4.29 20.6 -1.85 -3.53 20.97 -2.08 -2.11 18.48 -2.12 -5.73 23.09

5 24 -1.85 -3.53 20.97 -1 -3.02 21.22 -1.12 -1.53 18.73 -1.63 -5.07 23.44

5 24 -1 -3.02 21.22 0 -2.84 21.31 0 -1.32 18.83 -0.88 -4.63 23.68

5 24 0 -4.48 23.76 0.88 -4.63 23.68 1 -3.02 21.22 0 -5.4 25.03

5 24 0.82 -5.54 24.94 0.88 -4.63 23.68 0 -4.48 23.76 1.51 -5.94 24.7

5 24 0.88 -4.63 23.68 1.63 -5.07 23.44 1.85 -3.53 20.97 0.82 -5.54 24.94

5 24 1.63 -5.07 23.44 2.12 -5.73 23.09 2.42 -4.29 20.6 1.51 -5.94 24.7

5 24 2.12 -5.73 23.09 2.3 -6.5 22.67 2.62 -5.19 20.15 1.97 -6.53 24.35

5 24 2.3 -6.5 22.67 2.12 -7.27 22.25 2.42 -6.09 19.71 2.13 -7.23 23.93

5 24 2.12 -7.27 22.25 1.63 -7.93 21.9 1.85 -6.85 19.33 1.97 -7.93 23.51

5 24 1.63 -7.93 21.9 0.88 -8.37 21.66 1 -7.36 19.08 1.51 -8.52 23.15

5 24 0.88 -8.37 21.66 0 -8.52 21.58 0 -7.54 18.99 0.82 -8.92 22.92

5 24 0 -8.52 21.58 -0.88 -8.37 21.66 -1 -7.36 19.08 0 -9.06 22.83

5 24 -0.88 -8.37 21.66 -1.63 -7.93 21.9 -1.85 -6.85 19.33 -0.82 -8.92 22.92

5 24 -1.63 -7.93 21.9 -2.12 -7.27 22.25 -2.42 -6.09 19.71 -1.51 -8.52 23.15

5 24 -2.12 -7.27 22.25 -2.3 -6.5 22.67 -2.62 -5.19 20.15 -1.97 -7.93 23.51

5 24 -2.3 -6.5 22.67 -2.12 -5.73 23.09 -2.42 -4.29 20.6 -2.13 -7.23 23.93

5 24 -2.12 -5.73 23.09 -1.63 -5.07 23.44 -1.85 -3.53 20.97 -1.97 -6.53 24.35

5 24 -1.63 -5.07 23.44 -0.88 -4.63 23.68 -1 -3.02 21.22 -1.51 -5.94 24.7

5 24 -0.88 -4.63 23.68 0 -4.48 23.76 0 -2.84 21.31 -0.82 -5.54 24.94



0 NOFILE

0 FILE 4-8sphe.dat
0 Sphere 0.5

0 Name: 4-8sphe.dat

0 Author: James Jessiman

0 !LDRAW_ORG Primitive UPDATE 2003-02

0 !LICENSE Licensed under CC BY 4.0 : see CAreadme.txt



0 BFC CERTIFY CCW



0 !HISTORY 2002-08-31 [izanette] Modified with WINDZ for BFC compliance

0 !HISTORY 2003-08-01 [PTadmin] Official Update 2003-02

0 !HISTORY 2007-06-24 [PTadmin] Header formatted for Contributor Agreement

0 !HISTORY 2008-07-01 [PTadmin] Official Update 2008-01





1 16 0 0 0 1 0 0 0 1 0 0 0 1 1-8sphe.dat

1 16 0 0 0 1 0 0 0 1 0 0 0 -1 1-8sphe.dat

1 16 0 0 0 -1 0 0 0 1 0 0 0 1 1-8sphe.dat

1 16 0 0 0 -1 0 0 0 1 0 0 0 -1 1-8sphe.dat

0



0 NOFILE

0 FILE 1-8sphe.dat
0 Sphere 0.125

0 Name: 1-8sphe.dat

0 Author: James Jessiman

0 !LDRAW_ORG Primitive UPDATE 2012-03

0 !LICENSE Licensed under CC BY 4.0 : see CAreadme.txt



0 BFC CERTIFY CCW



0 !HISTORY 2000-08-01 {Axel Poque} fixes to resolve L3P error messages.

0 !HISTORY 2000-08-01 {Manfred Moolhuysen} fixes to resolve L3P error messages.

0 !HISTORY 2000-09-30 [PTadmin] Official Update 2000-02

0 !HISTORY 2002-03-28 [hafhead] Made BFC compliant

0 !HISTORY 2002-04-25 [PTadmin] Official Update 2002-02

0 !HISTORY 2007-06-22 [PTadmin] Header formatted for Contributor Agreement

0 !HISTORY 2008-07-01 [PTadmin] Official Update 2008-01

0 !HISTORY 2010-09-12 [MagFors] Changed winding, removed duplicated cond-line, optimized filesize

0 !HISTORY 2010-12-31 [PTadmin] Official Update 2010-03

0 !HISTORY 2012-07-01 [tcobbs] Replaced with geometry from LDView

0 !HISTORY 2012-12-28 [PTadmin] Official Update 2012-03





3 16 1 0 0 0.9239 0.3827 0 0.9239 0 0.3827

3 16 0.9239 0.3827 0 0.7836 0.4393 0.4393 0.9239 0 0.3827

3 16 0.9239 0 0.3827 0.7836 0.4393 0.4393 0.7071 0 0.7071

3 16 0.7836 0.4393 0.4393 0.4393 0.4393 0.7836 0.7071 0 0.7071

3 16 0.7071 0 0.7071 0.4393 0.4393 0.7836 0.3827 0 0.9239

3 16 0.4393 0.4393 0.7836 0 0.3827 0.9239 0.3827 0 0.9239

3 16 0.3827 0 0.9239 0 0.3827 0.9239 0 0 1

3 16 0.9239 0.3827 0 0.7071 0.7071 0 0.7836 0.4393 0.4393

3 16 0.7071 0.7071 0 0.4393 0.7836 0.4393 0.7836 0.4393 0.4393

3 16 0.7836 0.4393 0.4393 0.4393 0.7836 0.4393 0.4393 0.4393 0.7836

3 16 0.4393 0.7836 0.4393 0 0.7071 0.7071 0.4393 0.4393 0.7836

3 16 0.4393 0.4393 0.7836 0 0.7071 0.7071 0 0.3827 0.9239

3 16 0.7071 0.7071 0 0.3827 0.9239 0 0.4393 0.7836 0.4393

3 16 0.3827 0.9239 0 0 0.9239 0.3827 0.4393 0.7836 0.4393

3 16 0.4393 0.7836 0.4393 0 0.9239 0.3827 0 0.7071 0.7071

3 16 0.3827 0.9239 0 0 1 0 0 0.9239 0.3827



5 24 1 0 0 0.9239 0.3827 0 1 0 -0.1 0.9239 0 0.3827

5 24 0.9239 0.3827 0 0.9239 0 0.3827 1 0 0 0.7836 0.4393 0.4393

5 24 1 0 0 0.9239 0 0.3827 0.9239 0.3827 0 1 -0.1 0

5 24 0.9239 0 0.3827 0.7836 0.4393 0.4393 0.9239 0.3827 0 0.7071 0 0.7071

5 24 0.7836 0.4393 0.4393 0.7071 0 0.7071 0.9239 0 0.3827 0.4393 0.4393 0.7836

5 24 0.9239 0 0.3827 0.7071 0 0.7071 0.7836 0.4393 0.4393 0.9239 -0.1 0.3827

5 24 0.7071 0 0.7071 0.4393 0.4393 0.7836 0.7836 0.4393 0.4393 0.3827 0 0.9239

5 24 0.4393 0.4393 0.7836 0.3827 0 0.9239 0.7071 0 0.7071 0 0.3827 0.9239

5 24 0.7071 0 0.7071 0.3827 0 0.9239 0.4393 0.4393 0.7836 0.7071 -0.1 0.7071

5 24 0.3827 0 0.9239 0 0.3827 0.9239 0.4393 0.4393 0.7836 0 0 1

5 24 0 0.3827 0.9239 0 0 1 0.3827 0 0.9239 -0.1 0.3827 0.9239

5 24 0.3827 0 0.9239 0 0 1 0 0.3827 0.9239 0.3827 -0.1 0.9239

5 24 0.9239 0.3827 0 0.7071 0.7071 0 0.9239 0.3827 -0.1 0.7836 0.4393 0.4393

5 24 0.7071 0.7071 0 0.7836 0.4393 0.4393 0.9239 0.3827 0 0.4393 0.7836 0.4393

5 24 0.9239 0.3827 0 0.7836 0.4393 0.4393 0.7071 0.7071 0 0.9239 0 0.3827

5 24 0.7836 0.4393 0.4393 0.4393 0.7836 0.4393 0.7071 0.7071 0 0.4393 0.4393 0.7836

5 24 0.4393 0.7836 0.4393 0.4393 0.4393 0.7836 0.7836 0.4393 0.4393 0 0.7071 0.7071

5 24 0.7836 0.4393 0.4393 0.4393 0.4393 0.7836 0.4393 0.7836 0.4393 0.7071 0 0.7071

5 24 0.4393 0.4393 0.7836 0 0.7071 0.7071 0.4393 0.7836 0.4393 0 0.3827 0.9239

5 24 0 0.7071 0.7071 0 0.3827 0.9239 0.4393 0.4393 0.7836 -0.1 0.7071 0.7071

5 24 0.4393 0.4393 0.7836 0 0.3827 0.9239 0 0.7071 0.7071 0.3827 0 0.9239

5 24 0.7071 0.7071 0 0.3827 0.9239 0 0.7071 0.7071 -0.1 0.4393 0.7836 0.4393

5 24 0.3827 0.9239 0 0.4393 0.7836 0.4393 0.7071 0.7071 0 0 0.9239 0.3827

5 24 0.7071 0.7071 0 0.4393 0.7836 0.4393 0.3827 0.9239 0 0.7836 0.4393 0.4393

5 24 0.4393 0.7836 0.4393 0 0.9239 0.3827 0.3827 0.9239 0 0 0.7071 0.7071

5 24 0 0.9239 0.3827 0 0.7071 0.7071 0.4393 0.7836 0.4393 -0.1 0.9239 0.3827

5 24 0.4393 0.7836 0.4393 0 0.7071 0.7071 0 0.9239 0.3827 0.4393 0.4393 0.7836

5 24 0.3827 0.9239 0 0 1 0 0.3827 0.9239 -0.1 0 0.9239 0.3827

5 24 0 1 0 0 0.9239 0.3827 0.3827 0.9239 0 -0.1 1 0

5 24 0.3827 0.9239 0 0 0.9239 0.3827 0 1 0 0.4393 0.7836 0.4393

0 NOFILE

0 FILE 93061.dat
0 Arm Skeleton with Vertical Clip Bent 53.13

0 Name: 93061.dat

0 Author: Magnus Forsberg [MagFors]

0 !LDRAW_ORG Part UPDATE 2013-01

0 !LICENSE Licensed under CC BY 4.0 : see CAreadme.txt



0 !HELP Turn 36.87 degrees around x-axis to place hand at 0 16 -30

0 !HELP Uncomment the next line for a horizontal hand and underarm

0 !HELP 1 14 40 0 0 1 0 0 0 0.8 0.6 0 -0.6 0.8 93061.dat



0 BFC CERTIFY CCW



0 !CATEGORY Minifig



0 !HISTORY 2013-07-21 [PTadmin] Official Update 2013-01





1 16 0 30.8 -14.4 1 0 0 0 0.8 -0.6 0 0.6 0.8 clip7.dat

0 // underarm

1 16 0 26.9 -9.2 -4 0 0 0 -5.7 3.2 0 7.6 2.4 4-4cyli.dat

0 // bend

1 16 0 20 0 -4 0 0 0 0.6 -2 0 -0.8 -4 2-4edge.dat

1 16 0 21.2 -1.6 0 0 -4 -3.2 -1.2 0 -2.4 1.6 0 1-4cyls.dat

1 16 0 21.2 -1.6 0 0 4 -3.2 -1.2 0 -2.4 1.6 0 1-4cyls.dat

1 16 0 21.2 -1.6 -4 0 0 0 -1.2 3.2 0 1.6 2.4 2-4cyli.dat

1 16 0 20 0 0 0 -4 -3.2 -1.41 0 -2.4 1.18 0 1-4cyls2.dat

1 16 0 20 0 0 0 4 -3.2 -1.41 0 -2.4 1.18 0 1-4cyls2.dat

5 24 3.696 20.684 1.369 4 20 0 3.696 21.225 0.919 3.696 19.999 1.531

5 24 4 20 0 3.696 21.225 0.919 3.696 20.684 1.369 4 21.2 -1.6

5 24 2.828 21.265 2.53 3.696 20.684 1.369 3.696 21.225 0.919 2.828 20 2.829

5 24 3.696 21.225 0.919 2.828 22.262 1.697 2.828 21.265 2.53 3.696 22.425 -0.681

5 24 1.531 21.652 3.305 2.828 21.265 2.53 1.531 22.957 2.218 1.531 19.999 3.696

5 24 2.828 22.262 1.697 1.531 22.957 2.218 1.531 21.652 3.305 2.828 23.462 0.097

5 24 0 21.789 3.578 1.531 21.652 3.305 0 23.2 2.4 0 20 4

5 24 1.531 22.957 2.218 0 23.2 2.4 0 21.789 3.578 1.531 24.157 0.618

5 24 -1.531 21.652 3.305 0 21.789 3.578 0 23.2 2.4 -1.531 19.999 3.696

5 24 0 23.2 2.4 -1.531 22.957 2.218 -1.531 21.652 3.305 0 24.4 0.8

5 24 -2.828 21.265 2.53 -1.531 21.652 3.305 -1.531 22.957 2.218 -2.828 20 2.829

5 24 -1.531 22.957 2.218 -2.828 22.262 1.697 -2.828 21.265 2.53 -1.531 24.157 0.618

5 24 -3.696 20.684 1.369 -2.828 21.265 2.53 -3.696 21.225 0.919 -3.696 19.999 1.531

5 24 -2.828 22.262 1.697 -3.696 21.225 0.919 -3.696 20.684 1.369 -2.828 23.462 0.097

5 24 -4 20 0 -3.696 20.684 1.369 -3.696 21.225 0.919 -3.696 19.999 1.531

5 24 -3.696 21.225 0.919 -4 20 0 -3.696 20.684 1.369 -3.696 22.425 -0.681

5 24 3.696 19.999 1.531 4 20 0 3.696 20.684 1.369 3.696 17.999 1.531

5 24 2.828 20 2.829 3.696 19.999 1.531 3.696 20.684 1.369 2.828 18 2.829

5 24 1.531 19.999 3.696 2.828 20 2.829 1.531 21.652 3.305 1.531 17.999 3.696

5 24 0 20 4 1.531 19.999 3.696 0 21.789 3.578 0 18 4

5 24 -1.531 19.999 3.696 0 20 4 0 21.789 3.578 -1.531 17.999 3.696

5 24 -2.828 20 2.829 -1.531 19.999 3.696 -1.531 21.652 3.305 -2.828 18 2.829

5 24 -3.696 19.999 1.531 -2.828 20 2.829 -3.696 20.684 1.369 -3.696 17.999 1.531

5 24 -4 20 0 -3.696 19.999 1.531 -3.696 20.684 1.369 -4 18 0

1 16 0 20 0 0 0 4 0 1.79 0 -4 -0.42 0 1-4cyls2.dat

1 16 0 20 0 0 0 -4 0 1.79 0 -4 -0.42 0 1-4cyls2.dat

1 16 0 18 0 0 0 4 0 2 0 -4 0 0 1-4cyls.dat

1 16 0 18 0 0 0 -4 0 2 0 -4 0 0 1-4cyls.dat

1 16 0 18 0 4 0 0 0 2 0 0 0 4 2-4cyli.dat

0 // upperarm

1 16 0 6.5 0 0 0 -4 0 11.5 0 4 0 0 4-4cyli.dat

1 16 0 0 0 0 -1 0 0 0 1 -1 0 0 clip7.dat



0 NOFILE

0 FILE 1-4cyls2.dat
0 Cylinder Sloped 0.25 Convex

0 Name: 1-4cyls2.dat

0 Author: Chris Dee [cwdee]

0 !LDRAW_ORG Primitive UPDATE 2012-01

0 !LICENSE Licensed under CC BY 4.0 : see CAreadme.txt



0 BFC CERTIFY CCW



0 !HISTORY 1999-02-01 [PTadmin] Official Update 1999-01

0 !HISTORY 2002-07-03 [sbliss] Added BFC statement, reformatted title to fit 0.27 convention

0 !HISTORY 2002-08-18 [PTadmin] Official Update 2002-04

0 !HISTORY 2007-06-22 [PTadmin] Header formatted for Contributor Agreement

0 !HISTORY 2008-07-01 [PTadmin] Official Update 2008-01

0 !HISTORY 2012-02-16 [Philo] Changed to CCW

0 !HISTORY 2012-03-30 [PTadmin] Official Update 2012-01





3 16 -0.3827 0.3827 0.9239 -0.3827 0 0.9239 0 0 1

4 16 -0.3827 0.3827 0.9239 -0.7071 0.7071 0.7071 -0.7071 0 0.7071 -0.3827 0 0.9239

4 16 -0.7071 0.7071 0.7071 -0.9239 0.9239 0.3827 -0.9239 0 0.3827 -0.7071 0 0.7071

4 16 -0.9239 0.9239 0.3827 -1 1 0 -1 0 0 -0.9239 0 0.3827



5 24 -0.3827 0 0.9239 -0.3827 0.3827 0.9239 -0.7071 0 0.7071 0 0 1

5 24 -0.7071 0 0.7071 -0.7071 0.7071 0.7071 -0.9239 0 0.3827 -0.3827 0 0.9239

5 24 -0.9239 0 0.3827 -0.9239 0.9239 0.3827 -1 0 0 -0.7071 0 0.7071

5 24 -1 0 0 -1 1 0 -1 0 -1 -0.9239 0 0.3827

0 NOFILE

0 FILE 1-4cyls.dat
0 Cylinder Sloped 0.25

0 Name: 1-4cyls.dat

0 Author: James Jessiman

0 !LDRAW_ORG Primitive UPDATE 2012-01

0 !LICENSE Licensed under CC BY 4.0 : see CAreadme.txt



0 BFC CERTIFY CCW



0 !HISTORY 1998-12-15 [PTadmin] Official Update 1998-10

0 !HISTORY 2002-07-03 [sbliss] Added BFC statement

0 !HISTORY 2002-08-18 [PTadmin] Official Update 2002-04

0 !HISTORY 2007-06-22 [PTadmin] Header formatted for Contributor Agreement

0 !HISTORY 2008-07-01 [PTadmin] Official Update 2008-01

0 !HISTORY 2012-02-16 [Philo] Changed to CCW

0 !HISTORY 2012-03-30 [PTadmin] Official Update 2012-01





3 16 0.9239 0.0761 0.3827 0.9239 0 0.3827 1 0 0

4 16 0.9239 0.0761 0.3827 0.7071 0.2929 0.7071 0.7071 0 0.7071 0.9239 0 0.3827

4 16 0.7071 0.2929 0.7071 0.3827 0.6173 0.9239 0.3827 0 0.9239 0.7071 0 0.7071

4 16 0.3827 0.6173 0.9239 0 1 1 0 0 1 0.3827 0 0.9239



5 24 0.9239 0 0.3827 0.9239 0.0761 0.3827 0.7071 0 0.7071 1 0 0

5 24 0.7071 0 0.7071 0.7071 0.2929 0.7071 0.3827 0 0.9239 0.9239 0 0.3827

5 24 0.3827 0 0.9239 0.3827 0.6173 0.9239 0 0 1 0.7071 0 0.7071

5 24 0 0 1 0 1 1 0.3827 0 0.9239 -1 0 1

0 NOFILE

0 FILE clip7.dat
0 Clip for Round Arm  4 LDU

0 Name: clip7.dat

0 Author: Magnus Forsberg [MagFors]

0 !LDRAW_ORG Primitive UPDATE 2024-02

0 !LICENSE Licensed under CC BY 4.0 : see CAreadme.txt



0 BFC CERTIFY CCW



0 !HISTORY 2013-07-21 [PTadmin] Official Update 2013-01

0 !HISTORY 2019-12-03 [GeraldLasser] Subfiled and closed Gaps for Prim Substitution

0 !HISTORY 2022-07-18 [PTadmin] Official Update 2022-04

0 !HISTORY 2024-03-23 [OrionP] Updated ring primitives

0 !HISTORY 2024-03-24 [OrionP] Official Update 2024-02



1 16 0 0 0 1 0 0 0 1 0 0 0 1 clip15.dat



1 16 0 -4 0 .353553 0 -.353553 0 1 0 .353553 0 .353553 1-4ring12.dat

1 16 0 4 0 .353553 0 -.353553 0 -1 0 .353553 0 .353553 1-4ring12.dat

1 16 0 -4 0 4.596194 0 -4.596194 0 8 0 4.596194 0 4.596194 1-4cylo.dat



0 // Joint to Bar

1 16 0 0 6.5 4 0 0 0 0 4 0 -1.5054 0 1-4cyls2.dat

1 16 0 0 6.5 -4 0 0 0 0 4 0 -1.5054 0 1-4cyls2.dat

1 16 0 0 6.5 4 0 0 0 0 -4 0 -1.5054 0 1-4cyls2.dat

1 16 0 0 6.5 -4 0 0 0 0 -4 0 -1.5054 0 1-4cyls2.dat

2 24 4 0 4.995 3.696 1.531 5.198

2 24 3.696 1.531 5.198 2.828 2.828 5.778

2 24 2.488 3.056 6.005 2.828 2.828 5.778

2 24 2.488 -3.056 6.005 2.828 -2.828 5.778

2 24 2.828 -2.828 5.778 3.696 -1.531 5.198

2 24 3.696 -1.531 5.198 4 0 4.995

2 24 1.531 3.696 6.196 2.488 3.056 6.005

2 24 0 4 6.5 1.531 3.696 6.196

2 24 0 -4 6.5 1.531 -3.696 6.196

2 24 1.531 -3.696 6.196 2.488 -3.056 6.005

2 24 -1.531 3.696 6.196 0 4 6.5

2 24 -2.488 3.056 6.005 -1.531 3.696 6.196

2 24 -2.488 -3.056 6.005 -1.531 -3.696 6.196

2 24 -1.531 -3.696 6.196 0 -4 6.5

2 24 -2.828 2.828 5.778 -2.488 3.056 6.005

2 24 -3.696 1.531 5.198 -2.828 2.828 5.778

2 24 -4 0 4.995 -3.696 1.531 5.198

2 24 -3.696 -1.531 5.198 -4 0 4.995

2 24 -2.828 -2.828 5.778 -3.696 -1.531 5.198

2 24 -2.828 -2.828 5.778 -2.488 -3.056 6.005

0 NOFILE

0 FILE 1-4cylo.dat
0 Cylinder Open 0.25

0 Name: 1-4cylo.dat

0 Author: Max Martin Richter [MMR1988]

0 !LDRAW_ORG Primitive UPDATE 2010-03

0 !LICENSE Licensed under CC BY 4.0 : see CAreadme.txt



0 BFC CERTIFY CCW



0 !HISTORY 2010-12-31 [PTadmin] Official Update 2010-03





1 16 0 0 0 1 0 0 0 1 0 0 0 1 1-4edge.dat

1 16 0 1 0 1 0 0 0 1 0 0 0 1 1-4edge.dat

1 16 0 0 0 1 0 0 0 1 0 0 0 1 1-4cyli.dat

0 NOFILE

0 FILE 1-4ring12.dat
0 Ring 12 x 0.25

0 Name: 1-4ring12.dat

0 Author: Franklin W. Cain [fwcain]

0 !LDRAW_ORG Primitive UPDATE 2024-02

0 !LICENSE Licensed under CC BY 4.0 : see CAreadme.txt



0 BFC CERTIFY CCW



0 !HISTORY 2002-08-18 [PTadmin] Official Update 2002-04

0 !HISTORY 2007-06-22 [PTadmin] Header formatted for Contributor Agreement

0 !HISTORY 2008-07-01 [PTadmin] Official Update 2008-01

0 !HISTORY 2012-02-16 [Philo] Changed to CCW

0 !HISTORY 2012-03-30 [PTadmin] Official Update 2012-01

0 !HISTORY 2022-03-01 [MagFors] Recreated using PrimGen2

0 !HISTORY 2022-03-06 [PTadmin] Official Update 2022-02

0 !HISTORY 2024-03-23 [OrionP] Moved from 1-4rin12.dat

0 !HISTORY 2024-03-24 [OrionP] Official Update 2024-02



4 16 13 0 0 12.0107 0 4.9751 11.0868 0 4.5924 12 0 0

4 16 12.0107 0 4.9751 9.1923 0 9.1923 8.4852 0 8.4852 11.0868 0 4.5924

4 16 9.1923 0 9.1923 4.9751 0 12.0107 4.5924 0 11.0868 8.4852 0 8.4852

4 16 4.9751 0 12.0107 0 0 13 0 0 12 4.5924 0 11.0868

0 // Build by LDPartEditor (PrimGen 2.X)

0 NOFILE

0 FILE clip15.dat
0 Clip for Round Arm 4 LDU without Adapter

0 Name: clip15.dat

0 Author: Gerald Lasser [GeraldLasser]

0 !LDRAW_ORG Primitive UPDATE 2024-02

0 !LICENSE Licensed under CC BY 4.0 : see CAreadme.txt



0 BFC CERTIFY CCW



0 !HISTORY 2019-12-03 [GeraldLasser] extracted from clip7 and closed gaps with 1-16chrd

0 !HISTORY 2022-07-18 [PTadmin] Official Update 2022-04

0 !HISTORY 2024-02-10 [MagFors] Changed 'Adaptor' to 'Adapter' in description

0 !HISTORY 2024-02-10 [MagFors] Removed rotated primitives, closed gaps

0 !HISTORY 2024-03-24 [OrionP] Official Update 2024-02



1 16 0 4 0 -2 0 0 0 -1 0 0 0 2 1-4ring2.dat

1 16 0 4 0 2 0 0 0 -1 0 0 0 2 1-4ring2.dat

1 16 0 4 0 -.5 0 0 0 -1 0 0 0 .5 1-8ring12.dat

1 16 0 4 0 .5 0 0 0 -1 0 0 0 .5 1-8ring12.dat



0 BFC INVERTNEXT

1 16 0 -4 0 0 0 -4 0 8 0 4 0 0 5-16cylo.dat

0 BFC INVERTNEXT

1 16 0 -4 0 0 0 4 0 8 0 4 0 0 5-16cylo.dat



1 16 0 -4 0 -6.5 0 0 0 8 0 0 0 -6.5 1-8cylo.dat

1 16 0 -4 0 6.5 0 0 0 8 0 0 0 6.5 1-8cylo.dat

1 16 0 -4 0 -6.5 0 0 0 8 0 0 0 6.5 1-8cylo.dat

1 16 0 -4 0 6.5 0 0 0 8 0 0 0 -6.5 1-8cylo.dat



1 16 0 -4 0 -6.5 0 0 0 1 0 0 0 -6.5 1-8chrd.dat

1 16 0 -4 0 6.5 0 0 0 1 0 0 0 -6.5 1-8chrd.dat

1 16 0 4 0 -6.5 0 0 0 -1 0 0 0 -6.5 1-8chrd.dat

1 16 0 4 0 6.5 0 0 0 -1 0 0 0 -6.5 1-8chrd.dat



1 16 0 -4 0 2 0 0 0 1 0 0 0 2 1-4ring2.dat

1 16 0 -4 0 -2 0 0 0 1 0 0 0 2 1-4ring2.dat

1 16 0 -4 0 .5 0 0 0 1 0 0 0 .5 1-8ring12.dat

1 16 0 -4 0 -.5 0 0 0 1 0 0 0 .5 1-8ring12.dat

1 16 0 4 0 -4 0 0 0 -1 0 0 0 -4 1-16tndis.dat

1 16 0 4 0 4 0 0 0 -1 0 0 0 -4 1-16tndis.dat

1 16 0 -4 0 -4 0 0 0 1 0 0 0 -4 1-16tndis.dat

1 16 0 -4 0 4 0 0 0 1 0 0 0 -4 1-16tndis.dat



4 16 6.5 -4 0 6 -4 0 4 -4 -1.5308 4.59615 -4 -4.59615

4 16 3.6956 -4 -1.5308 4 -4 -4 4.59615 -4 -4.59615 4 -4 -1.5308

3 16 6 -4 0 4 -4 0 4 -4 -1.5308

4 16 -4 -4 -1.5308 -6 -4 0 -6.5 -4 0 -4.59615 -4 -4.59615

4 16 -4.59615 -4 -4.59615 -4 -4 -4 -3.6956 -4 -1.5308 -4 -4 -1.5308

3 16 -4 -4 0 -6 -4 0 -4 -4 -1.5308

4 16 4 4 -1.5308 6 4 0 6.5 4 0 4.59615 4 -4.59615

4 16 4.59615 4 -4.59615 4 4 -4 3.6956 4 -1.5308 4 4 -1.5308

3 16 4 4 0 6 4 0 4 4 -1.5308

4 16 -6.5 4 0 -6 4 0 -4 4 -1.5308 -4.59615 4 -4.59615

4 16 -3.6956 4 -1.5308 -4 4 -4 -4.59615 4 -4.59615 -4 4 -1.5308

3 16 -6 4 0 -4 4 0 -4 4 -1.5308



1 16 3.8478 0 -2.7654 -.1522 1 0 0 0 4 1.2346 0 0 rect.dat

1 16 -3.8478 0 -2.7654 0 -1 .1522 4 0 0 0 0 1.2346 rect3.dat

1 16 4.298075 0 -4.298075 0 1 .298075 4 0 0 0 0 -.298075 rect3.dat

1 16 -4.298075 0 -4.298075 .298075 -1 0 0 0 -4 .298075 0 0 rect.dat

0 NOFILE

0 FILE 1-16tndis.dat
0 Disc Negative Truncated 0.0625

0 Name: 1-16tndis.dat

0 Author: Massimo Maso [Sirio]

0 !LDRAW_ORG Primitive UPDATE 2022-03

0 !LICENSE Licensed under CC BY 4.0 : see CAreadme.txt



0 BFC CERTIFY CCW



0 !HISTORY 2022-05-07 [PTadmin] Official Update 2022-03





3 16 1 0 .3827 .9239 0 .3827 1 0 0

0 NOFILE

0 FILE 1-8cylo.dat
0 Cylinder Open 0.125

0 Name: 1-8cylo.dat

0 Author: Tim Gould [timgould]

0 !LDRAW_ORG Primitive UPDATE 2012-03

0 !LICENSE Licensed under CC BY 4.0 : see CAreadme.txt



0 BFC CERTIFY CCW



0 !HISTORY 2012-12-28 [PTadmin] Official Update 2012-03





1 16 0 0 0 1 0 0 0 1 0 0 0 1 1-8edge.dat

1 16 0 1 0 1 0 0 0 1 0 0 0 1 1-8edge.dat

1 16 0 0 0 1 0 0 0 1 0 0 0 1 1-8cyli.dat

0 NOFILE

0 FILE 1-8cyli.dat
0 Cylinder 0.125

0 Name: 1-8cyli.dat

0 Author: James Jessiman

0 !LDRAW_ORG Primitive UPDATE 2005-01

0 !LICENSE Licensed under CC BY 4.0 : see CAreadme.txt



0 BFC CERTIFY CCW



0 !HISTORY 2002-04-25 [PTadmin] Official Update 2002-02

0 !HISTORY 2004-12-11 [nielsk] Recreated using Primitive Generator, Edge lines fixed, BFC changed to CCW

0 !HISTORY 2005-12-28 [PTadmin] Official Update 2005-01

0 !HISTORY 2007-06-22 [PTadmin] Header formatted for Contributor Agreement

0 !HISTORY 2008-07-01 [PTadmin] Official Update 2008-01





4 16 .9239 1 .3827 .9239 0 .3827 1 0 0 1 1 0

4 16 .7071 1 .7071 .7071 0 .7071 .9239 0 .3827 .9239 1 .3827

5 24 1 1 0 1 0 0 1 1 -.4142 .9239 1 .3827

5 24 .9239 1 .3827 .9239 0 .3827 1 1 0 .7071 1 .7071

5 24 .7071 1 .7071 .7071 0 .7071 .9239 1 .3827 .4142 1 1

0

0 NOFILE

0 FILE 5-16cylo.dat
0 Cylinder Open 0.3125

0 Name: 5-16cylo.dat

0 Author: Max Martin Richter [MMR1988]

0 !LDRAW_ORG Primitive UPDATE 2013-01

0 !LICENSE Licensed under CC BY 4.0 : see CAreadme.txt



0 BFC CERTIFY CCW



0 !HISTORY 2013-07-21 [PTadmin] Official Update 2013-01





1 16 0 0 0 1 0 0 0 1 0 0 0 1 5-16cyli.dat

1 16 0 0 0 1 0 0 0 1 0 0 0 1 5-16edge.dat

1 16 0 1 0 1 0 0 0 1 0 0 0 1 5-16edge.dat

0 NOFILE

0 FILE 5-16edge.dat
0 Circle 0.3125

0 Name: 5-16edge.dat

0 Author: Philippe Hurbain [Philo]

0 !LDRAW_ORG Primitive UPDATE 2009-03

0 !LICENSE Licensed under CC BY 4.0 : see CAreadme.txt



0 BFC CERTIFY CCW



0 !HISTORY 2009-12-29 [PTadmin] Official Update 2009-03





2 24 1 0 0 0.9239 0 0.3827

2 24 0.9239 0 0.3827 0.7071 0 0.7071

2 24 0.7071 0 0.7071 0.3827 0 0.9239

2 24 0.3827 0 0.9239 0 0 1

2 24 0 0 1 -0.3827 0 0.9239



0 // end of file



0 NOFILE

0 FILE 5-16cyli.dat
0 Cylinder 0.3125

0 Name: 5-16cyli.dat

0 Author: Philippe Hurbain [Philo]

0 !LDRAW_ORG Primitive UPDATE 2009-03

0 !LICENSE Licensed under CC BY 4.0 : see CAreadme.txt



0 BFC CERTIFY CCW



0 !HISTORY 2009-12-29 [PTadmin] Official Update 2009-03





4 16 0.9239 0 0.3827 1 0 0 1 1 0 0.9239 1 0.3827

4 16 0.7071 0 0.7071 0.9239 0 0.3827 0.9239 1 0.3827 0.7071 1 0.7071

4 16 0.3827 0 0.9239 0.7071 0 0.7071 0.7071 1 0.7071 0.3827 1 0.9239

4 16 0 0 1 0.3827 0 0.9239 0.3827 1 0.9239 0 1 1

4 16 -0.3827 0 0.9239 0 0 1 0 1 1 -0.3827 1 0.9239



0 // conditional lines

5 24 1 1 0 1 0 0 1 1 -0.4142 0.9239 1 0.3827

5 24 0.9239 1 0.3827 0.9239 0 0.3827 1 1 0 0.7071 1 0.7071

5 24 0.7071 1 0.7071 0.7071 0 0.7071 0.9239 1 0.3827 0.3827 1 0.9239

5 24 0.3827 1 0.9239 0.3827 0 0.9239 0.7071 1 0.7071 0 1 1

5 24 0 1 1 0 0 1 0.3827 1 0.9239 -0.3827 1 0.9239

5 24 -0.3827 1 0.9239 -0.3827 0 0.9239 0 1 1 -0.7654 1 0.7654



0 // end of file



0 NOFILE

0 FILE 1-8ring12.dat
0 Ring 12 x 0.125

0 Name: 1-8ring12.dat

0 Author: Mikkel Bech Jensen [gaia]

0 !LDRAW_ORG Primitive UPDATE 2018-01

0 !LICENSE Licensed under CC BY 4.0 : see CAreadme.txt



0 BFC CERTIFY CCW



0 !HISTORY 2018-01-30 [PTadmin] Official Update 2018-01





4 16 13 0 0 12.0107 0 4.9751 11.0868 0 4.5924 12 0 0

4 16 12.0107 0 4.9751 9.1923 0 9.1923 8.4852 0 8.4852 11.0868 0 4.5924

0 // Build by LDPartEditor (PrimGen 2.X)

0 NOFILE

0 FILE 1-4ring2.dat
0 Ring  2 x 0.25

0 Name: 1-4ring2.dat

0 Author: Franklin W. Cain [fwcain]

0 !LDRAW_ORG Primitive UPDATE 2015-01

0 !LICENSE Licensed under CC BY 4.0 : see CAreadme.txt



0 BFC CERTIFY CCW



0 !HISTORY 2001-12-31 [PTadmin] Official Update 2001-03

0 !HISTORY 2007-06-22 [PTadmin] Header formatted for Contributor Agreement

0 !HISTORY 2008-07-01 [PTadmin] Official Update 2008-01

0 !HISTORY 2012-02-16 [Philo] Changed to CCW

0 !HISTORY 2012-03-30 [PTadmin] Official Update 2012-01

0 !HISTORY 2014-12-25 [MMR1988] Fixed a rounding issue

0 !HISTORY 2015-10-11 [PTadmin] Official Update 2015-01





4 16 3 0 0 2.7717 0 1.1481 1.8478 0 0.7654 2 0 0

4 16 2.7717 0 1.1481 2.1213 0 2.1213 1.4142 0 1.4142 1.8478 0 0.7654

4 16 2.1213 0 2.1213 1.1481 0 2.7717 0.7654 0 1.8478 1.4142 0 1.4142

4 16 1.1481 0 2.7717 0 0 3 0 0 2 0.7654 0 1.8478

0 // Build by Primitive Generator 2

0 NOFILE

0 FILE 88695.dat
0 Bar  0.5L with Faceted Spike 1L

0 Name: 88695.dat

0 Author: Rolf Osterthun [Rolf]

0 !LDRAW_ORG Part UPDATE 2024-06

0 !LICENSE Licensed under CC BY 4.0 : see CAreadme.txt



0 BFC CERTIFY CCW



0 !KEYWORDS Barb, Ben 10, Chromastone, crystal, Horn, Set 8411



0 !HISTORY 2011-10-16 {LEGO Digital Designer} Original part shape

0 !HISTORY 2011-10-17 [Rolf] File preparation for LDraw Parts Tracker

0 !HISTORY 2011-12-29 [PTadmin] Official Update 2011-02

0 !HISTORY 2024-07-16 [notmaster] changed keywords

0 !HISTORY 2024-07-29 [OrionP] Official Update 2024-06



1 16 0 -1.1925 6.814 -3.25 0 0 0 0 -1.1925 0 -1 0 rect.dat

1 16 0 -0.625 -6.814 -3.25 0 0 0 0 0.625 0 1 0 rect.dat

1 16 0 10 0 -4 0 0 0 -10 0 0 0 4 4-4cylc.dat

3 16 1.86 -19.684 11.604 3.03 -19.254 8.44 3.25 -2.385 6.814

3 16 3.03 -19.254 8.44 6.5 -1.718 -1.197 3.25 -2.385 6.814

3 16 -1.864 -18.724 4.542 -6.5 -1.718 -1.197 -3.25 -1.25 -6.814

3 16 -3.031 -19.254 8.44 -6.5 -1.718 -1.197 -1.864 -18.724 4.542

3 16 -6.5 -1.718 -1.197 -3.031 -19.254 8.44 -3.25 -2.385 6.814

3 16 6.5 -1.718 -1.197 1.864 -18.724 4.542 3.25 -1.25 -6.814

3 16 3.03 -19.254 8.44 1.864 -18.724 4.542 6.5 -1.718 -1.197

3 16 -3.031 -19.254 8.44 -1.86 -19.684 11.604 -3.25 -2.385 6.814

4 16 -3.25 -1.25 -6.814 3.25 -1.25 -6.814 1.864 -18.724 4.542 -1.864 -18.724 4.542

4 16 3.25 0 -6.814 6.5 0 -1.197 6.5 -1.718 -1.197 3.25 -1.25 -6.814

4 16 6.5 0 -1.197 3.25 0 6.814 3.25 -2.385 6.814 6.5 -1.718 -1.197

4 16 -1.86 -19.684 11.604 1.86 -19.684 11.604 3.25 -2.385 6.814 -3.25 -2.385 6.814

4 16 -3.25 -1.25 -6.814 -6.5 -1.718 -1.197 -6.5 0 -1.197 -3.25 0 -6.814

4 16 -6.5 -1.718 -1.197 -3.25 -2.385 6.814 -3.25 0 6.814 -6.5 0 -1.197

4 16 3.03 -19.254 8.44 -3.031 -19.254 8.44 -1.864 -18.724 4.542 1.864 -18.724 4.542

4 16 -3.25 0 6.814 3.25 0 6.814 6.5 0 -1.197 -6.5 0 -1.197

4 16 3.25 0 -6.814 -3.25 0 -6.814 -6.5 0 -1.197 6.5 0 -1.197

4 16 -3.031 -19.254 8.44 3.03 -19.254 8.44 1.86 -19.684 11.604 -1.86 -19.684 11.604

2 24 -3.25 -1.25 -6.814 -1.864 -18.724 4.542

2 24 6.5 0 -1.197 3.25 0 -6.814

2 24 3.03 -19.254 8.44 1.86 -19.684 11.604

2 24 -1.864 -18.724 4.542 1.864 -18.724 4.542

2 24 1.864 -18.724 4.542 3.03 -19.254 8.44

2 24 3.25 0 6.814 6.5 0 -1.197

2 24 3.03 -19.254 8.44 6.5 -1.718 -1.197

2 24 1.864 -18.724 4.542 3.25 -1.25 -6.814

2 24 6.5 -1.718 -1.197 3.25 -1.25 -6.814

2 24 3.25 -2.385 6.814 6.5 -1.718 -1.197

2 24 6.5 -1.718 -1.197 6.5 0 -1.197

2 24 -3.031 -19.254 8.44 -1.864 -18.724 4.542

2 24 -3.25 -1.25 -6.814 -6.5 -1.718 -1.197

2 24 -6.5 0 -1.197 -3.25 0 -6.814

2 24 -6.5 -1.718 -1.197 -3.031 -19.254 8.44

2 24 -6.5 -1.718 -1.197 -3.25 -2.385 6.814

2 24 -6.5 0 -1.197 -6.5 -1.718 -1.197

2 24 -3.25 0 6.814 -6.5 0 -1.197

2 24 -1.86 -19.684 11.604 -3.25 -2.385 6.814

2 24 1.86 -19.684 11.604 3.25 -2.385 6.814

2 24 -1.86 -19.684 11.604 1.86 -19.684 11.604

2 24 -3.031 -19.254 8.44 -1.86 -19.684 11.604

5 24 1.864 -18.724 4.542 6.5 -1.718 -1.197 3.03 -19.254 8.44 3.25 -1.25 -6.814

5 24 -3.031 -19.254 8.44 -3.25 -2.385 6.814 -6.5 -1.718 -1.197 -1.86 -19.684 11.604

5 24 3.03 -19.254 8.44 3.25 -2.385 6.814 1.86 -19.684 11.604 6.5 -1.718 -1.197

5 24 -6.5 -1.718 -1.197 -1.864 -18.724 4.542 -3.031 -19.254 8.44 -3.25 -1.25 -6.814

0 NOFILE

0 FILE 24078.dat
0 Minifig Mechanical Cuboid Torso with Stud on Front

0 Name: 24078.dat

0 Author: Gerald Lasser [GeraldLasser]

0 !LDRAW_ORG Part UPDATE 2016-01

0 !LICENSE Licensed under CC BY 4.0 : see CAreadme.txt



0 BFC CERTIFY CCW



0 !HISTORY 2016-12-31 [PTadmin] Official Update 2016-01





0 // uncomment to add the skeleton legs

0 // 1 16 10 28 0 1 0 0 0 1 0 0 0 1 93062.dat

0 // 1 16 -10 28 0 1 0 0 0 1 0 0 0 1 93062.dat



0 // Neck

1 16 0 0 0 6 0 0 0 -15 0 0 0 6 4-4cylo.dat

0 BFC INVERTNEXT

1 16 0 0 0 4 0 0 0 -15 0 0 0 4 4-4cylo.dat

1 16 0 -15 0 2 0 0 0 1 0 0 0 2 4-4ring2.dat

0 // Body

0 BFC INVERTNEXT

1 16 0 10 10 -6 0 0 0 0 6 0 -16 0 box5.dat

4 16 -10 20 10 -6 16 10 6 16 10 10 20 10

4 16 10 20 10 6 16 10 6 4 10 10 0 10

4 16 10 0 10 6 4 10 -6 4 10 -10 0 10

4 16 -10 0 10 -6 4 10 -6 16 10 -10 20 10

1 16 0 10 10 -10 0 0 0 0 10 0 -20 0 box5.dat

1 16 0 10 -10 -1 0 0 0 0 1 0 1 0 stud2.dat

0 // Arms

1 16 18 10 0 0 -8 0 4 0 0 0 0 4 4-4cylc.dat

1 16 -18 10 0 0 8 0 4 0 0 0 0 4 4-4cylc.dat

0 // Hips

1 16 2.5 28 0 0 3.5 0 0 0 6.25 6.25 0 0 2-4cylc.dat

1 16 6 28 0 0 -1 0 0 0 6.25 6.25 0 0 2-4disc.dat

1 16 4.25 20 0 1.75 0 0 0 8 0 0 0 6.25 box4o4a.dat

1 16 -2.5 28 0 0 -3.5 0 0 0 6.25 6.25 0 0 2-4cylc.dat

1 16 -6 28 0 0 1 0 0 0 6.25 6.25 0 0 2-4disc.dat

1 16 -4.25 20 0 1.75 0 0 0 8 0 0 0 6.25 box4o4a.dat

1 16 2.5 27 0 0 -5 0 0 0 -2.5 -2.5 0 0 2-4cylc.dat

1 16 2.5 29 0 0 -5 0 0 0 2.5 -2.5 0 0 2-4cylc.dat

1 16 0 28 -2.5 0 0 2.5 1 0 0 0 1 0 rect2p.dat

1 16 0 28 2.5 0 0 2.5 1 0 0 0 -1 0 rect2p.dat

1 16 16.25 28 0 0 -2.25 0 5 0 0 0 0 -5 4-4cylc.dat

1 16 14 28 0 0 -8 0 4 0 0 0 0 4 4-4cylo.dat

1 16 14 28 0 0 1 0 1 0 0 0 0 1 4-4ring4.dat

1 16 -16.25 28 0 0 2.25 0 5 0 0 0 0 -5 4-4cylc.dat

1 16 -14 28 0 0 8 0 4 0 0 0 0 4 4-4cylo.dat

1 16 -14 28 0 0 -1 0 1 0 0 0 0 1 4-4ring4.dat

0 NOFILE

0 FILE box4o4a.dat
0 Box with 4 Faces (2 Parallel Pairs) without Bottom Edges

0 Name: box4o4a.dat

0 Author: Donald Sutter [technog]

0 !LDRAW_ORG Primitive UPDATE 2012-01

0 !LICENSE Licensed under CC BY 4.0 : see CAreadme.txt



0 BFC CERTIFY CCW



0 !HISTORY 2003-08-01 [PTadmin] Official Update 2003-02

0 !HISTORY 2007-06-24 [PTadmin] Header formatted for Contributor Agreement

0 !HISTORY 2008-07-01 [PTadmin] Official Update 2008-01

0 !HISTORY 2012-02-16 [Philo] Changed to CCW

0 !HISTORY 2012-03-30 [PTadmin] Official Update 2012-01





2 24 1 0 1 -1 0 1

2 24 -1 0 1 -1 0 -1

2 24 -1 0 -1 1 0 -1

2 24 1 0 -1 1 0 1

2 24 1 0 1 1 1 1

2 24 -1 0 1 -1 1 1

2 24 1 0 -1 1 1 -1

2 24 -1 0 -1 -1 1 -1

4 16 -1 1 1 -1 0 1 1 0 1 1 1 1

4 16 -1 1 -1 -1 0 -1 -1 0 1 -1 1 1

4 16 1 1 -1 1 0 -1 -1 0 -1 -1 1 -1

4 16 1 1 1 1 0 1 1 0 -1 1 1 -1

0 NOFILE

0 FILE 2-4disc.dat
0 Disc 0.5

0 Name: 2-4disc.dat

0 Author: James Jessiman

0 !LDRAW_ORG Primitive UPDATE 2002-02

0 !LICENSE Licensed under CC BY 4.0 : see CAreadme.txt



0 BFC CERTIFY CCW



0 !HISTORY 1998-12-15 [PTadmin] Official Update 1998-10

0 !HISTORY 2002-03-23 [sbliss] Added BFC statement

0 !HISTORY 2002-04-25 [PTadmin] Official Update 2002-02

0 !HISTORY 2007-06-24 [PTadmin] Header formatted for Contributor Agreement

0 !HISTORY 2008-07-01 [PTadmin] Official Update 2008-01





3 16 0 0 0 1 0 0 0.9239 0 0.3827

3 16 0 0 0 0.9239 0 0.3827 0.7071 0 0.7071

3 16 0 0 0 0.7071 0 0.7071 0.3827 0 0.9239

3 16 0 0 0 0.3827 0 0.9239 0 0 1

3 16 0 0 0 0 0 1 -0.3827 0 0.9239

3 16 0 0 0 -0.3827 0 0.9239 -0.7071 0 0.7071

3 16 0 0 0 -0.7071 0 0.7071 -0.9239 0 0.3827

3 16 0 0 0 -0.9239 0 0.3827 -1 0 -0

0

0 NOFILE

0 FILE 2-4cylc.dat
0 Cylinder Closed 0.5

0 Name: 2-4cylc.dat

0 Author: Alex Taylor [anathema]

0 !LDRAW_ORG Primitive UPDATE 2009-02

0 !LICENSE Licensed under CC BY 4.0 : see CAreadme.txt



0 BFC CERTIFY CCW



0 !HISTORY 2009-09-03 [PTadmin] Official Update 2009-02





1 16 0 0 0 1 0 0 0 1 0 0 0 1 2-4edge.dat

1 16 0 1 0 1 0 0 0 1 0 0 0 1 2-4edge.dat

1 16 0 0 0 1 0 0 0 1 0 0 0 1 2-4disc.dat

1 16 0 0 0 1 0 0 0 1 0 0 0 1 2-4cyli.dat

0

0 NOFILE
