0 FILE mauler-scion-v3-0-main.ldr
0 Untitled Model
0 Name:  Mauler[SCION]V3.0
0 Author:  
0 CustomBrick
0 FlexibleBrickControlPointUnitLength -1
0 FlexibleBrickLockedControlPoint 
1 0 7.949990 -46.460100 0.000040 0.000000 -0.999999 -0.000001 0.000000 -0.000001 0.999999 -1.000000 0.000000 0.000000 24078.dat
1 14 -46.798470 -20.971720 10.000010 0.000000 -0.124081 -0.992272 0.000000 -0.992273 0.124080 -1.000000 0.000000 0.000000 88695.dat
1 0 -19.999970 -46.460130 10.000060 0.000000 -0.500000 0.866025 0.000000 0.866025 0.500000 -1.000000 0.000000 0.000000 93061.dat
1 14 -46.798380 -20.971720 -10.000290 0.000000 -0.124081 -0.992272 0.000000 -0.992273 0.124080 -1.000000 0.000000 0.000000 88695.dat
1 0 -20.000000 -46.460100 -10.000000 0.000000 -0.500000 0.866025 0.000000 0.866025 0.500000 -1.000000 0.000000 0.000000 93061.dat
1 14 43.949950 -46.460040 0.000080 0.000000 0.000001 0.999999 0.000000 -0.999999 0.000001 1.000000 0.000000 0.000000 88513.dat
1 0 15.950030 -46.460080 0.000040 0.000000 -0.999999 -0.000001 0.000000 -0.000001 0.999999 -1.000000 0.000000 0.000000 95108.dat
1 0 -21.999940 -64.460090 0.000060 0.000000 -0.000001 0.999999 0.000000 0.999999 0.000002 -1.000000 0.000000 0.000000 61409.dat
1 14 -31.999950 -64.460110 0.000040 -0.999999 -0.000001 0.000000 -0.000002 0.999999 0.000000 0.000000 0.000000 -1.000000 3024.dat
1 0 17.999970 -64.460060 0.000450 0.000000 -0.000001 -0.999999 0.000000 0.999999 -0.000002 1.000000 0.000000 0.000000 61409.dat
1 8 -1.999990 -64.460070 0.000040 0.999999 -0.000001 0.000000 0.000001 0.999999 0.000000 0.000000 0.000000 1.000000 3023b.dat
1 0 -2.300800 -36.460060 0.000040 0.999999 -0.000001 0.000000 0.000001 0.999999 0.000000 0.000000 0.000000 1.000000 32828.dat
1 14 1.699180 -18.460050 0.000040 -0.999999 0.000001 0.000000 -0.000001 -0.999999 0.000000 0.000000 0.000000 1.000000 64847.dat
1 0 -2.300810 -28.460040 0.000040 0.999999 -0.000001 0.000000 0.000001 0.999999 0.000000 0.000000 0.000000 1.000000 5264.dat
1 0 28.909140 -34.460040 0.000040 0.999999 -0.000001 0.000000 0.000001 0.999999 0.000000 0.000000 0.000000 1.000000 89678.dat
1 14 36.864860 -34.460040 0.000040 0.000000 0.000001 0.999999 0.000000 -0.999999 0.000001 1.000000 0.000000 0.000000 88513.dat
0 NOFILE

0 FILE 89678.dat
0 Technic Pin  1/2 with Friction

0 Name: 89678.dat

0 Author: Vincent Messenet [Cheenzo]

0 !LDRAW_ORG Part UPDATE 2025-02

0 !LICENSE Licensed under CC BY 4.0 : see CAreadme.txt



0 BFC CERTIFY CCW



0 !HISTORY 2022-09-15 [PTadmin] Official Update 2022-05

0 !HISTORY 2025-02-22 [MagFors] Update description

0 !HISTORY 2025-02-27 [OrionP] Official Update 2025-02



1 16 0 0 0 0 -1 0 6 0 0 0 0 6 4-4edge.dat

1 16 0 0 0 0 -1 0 8 0 0 0 0 8 4-4edge.dat

1 16 0 0 0 0 1 0 0 0 1 1 0 0 connect.dat

1 16 -2 0 0 0 1 0 1 0 0 0 0 1 confricrib2.dat

1 16 -18 0 0 0 -1 0 1 0 0 0 0 1 confricrib1.dat

1 16 -18 0 0 0 -1 0 1 0 0 0 0 -1 confricrib1.dat

1 16 -18 0 0 0 -1 0 -1 0 0 0 0 -1 confricrib1.dat

1 16 -18 0 0 0 -1 0 -1 0 0 0 0 1 confricrib1.dat

1 16 0 0 0 0 -1 0 0 0 1 1 0 0 stud2a.dat

1 16 0 0 0 0 -1 0 0 0 2 2 0 0 4-4ring3.dat



0 NOFILE

0 FILE 4-4ring3.dat
0 Ring  3 x 1.0

0 Name: 4-4ring3.dat

0 Author: James Jessiman

0 !LDRAW_ORG Primitive UPDATE 2009-01

0 !LICENSE Licensed under CC BY 4.0 : see CAreadme.txt



0 BFC CERTIFY CCW



0 !HISTORY 1998-12-15 [PTadmin] Official Update 1998-10

0 !HISTORY 2002-04-05 [hafhead] Added BFC statement

0 !HISTORY 2002-04-25 [PTadmin] Official Update 2002-02

0 !HISTORY 2007-06-24 [PTadmin] Header formatted for Contributor Agreement

0 !HISTORY 2008-07-01 [PTadmin] Official Update 2008-01

0 !HISTORY 2008-08-26 [cwdee] Switch polygon winding and rename

0 !HISTORY 2009-05-02 [PTadmin] Official Update 2009-01





4 16 -1.5308 0 3.6956 -1.1481 0 2.7717 0 0 3 0 0 4

4 16 -2.8284 0 2.8284 -2.1213 0 2.1213 -1.1481 0 2.7717 -1.5308 0 3.6956

4 16 -3.6956 0 1.5308 -2.7717 0 1.1481 -2.1213 0 2.1213 -2.8284 0 2.8284

4 16 -4 0 0 -3 0 0 -2.7717 0 1.1481 -3.6956 0 1.5308

4 16 -3.6956 0 -1.5308 -2.7717 0 -1.1481 -3 0 0 -4 0 0

4 16 -2.8284 0 -2.8284 -2.1213 0 -2.1213 -2.7717 0 -1.1481 -3.6956 0 -1.5308

4 16 -1.5308 0 -3.6956 -1.1481 0 -2.7717 -2.1213 0 -2.1213 -2.8284 0 -2.8284

4 16 0 0 -4 0 0 -3 -1.1481 0 -2.7717 -1.5308 0 -3.6956

4 16 1.5308 0 -3.6956 1.1481 0 -2.7717 0 0 -3 0 0 -4

4 16 2.8284 0 -2.8284 2.1213 0 -2.1213 1.1481 0 -2.7717 1.5308 0 -3.6956

4 16 3.6956 0 -1.5308 2.7717 0 -1.1481 2.1213 0 -2.1213 2.8284 0 -2.8284

4 16 4 0 0 3 0 0 2.7717 0 -1.1481 3.6956 0 -1.5308

4 16 3.6956 0 1.5308 2.7717 0 1.1481 3 0 0 4 0 0

4 16 2.8284 0 2.8284 2.1213 0 2.1213 2.7717 0 1.1481 3.6956 0 1.5308

4 16 1.5308 0 3.6956 1.1481 0 2.7717 2.1213 0 2.1213 2.8284 0 2.8284

4 16 0 0 4 0 0 3 1.1481 0 2.7717 1.5308 0 3.6956

0

0 NOFILE

0 FILE stud2a.dat
0 Stud Open without Base Edges

0 Name: stud2a.dat

0 Author: James Jessiman

0 !LDRAW_ORG Primitive UPDATE 2009-02

0 !LICENSE Licensed under CC BY 4.0 : see CAreadme.txt



0 BFC CERTIFY CCW



0 !HISTORY 1999-07-05 [PTadmin] Official Update 1999-05

0 !HISTORY 2002-04-04 [sbliss] Modified for BFC compliance

0 !HISTORY 2002-04-25 [PTadmin] Official Update 2002-02

0 !HISTORY 2007-06-24 [PTadmin] Header formatted for Contributor Agreement

0 !HISTORY 2008-07-01 [PTadmin] Official Update 2008-01

0 !HISTORY 2009-06-21 [cwdee] Update ring references to 4-4ring

0 !HISTORY 2009-09-03 [PTadmin] Official Update 2009-02





1 16 0 -4 0 4 0 0 0 1 0 0 0 4 4-4edge.dat

1 16 0 -4 0 6 0 0 0 1 0 0 0 6 4-4edge.dat

0 BFC INVERTNEXT

1 16 0 -4 0 4 0 0 0 4 0 0 0 4 4-4cyli.dat

1 16 0 -4 0 6 0 0 0 4 0 0 0 6 4-4cyli.dat

1 16 0 -4 0 2 0 0 0 1 0 0 0 2 4-4ring2.dat

0

0 NOFILE

0 FILE 4-4ring2.dat
0 Ring  2 x 1.0

0 Name: 4-4ring2.dat

0 Author: James Jessiman

0 !LDRAW_ORG Primitive UPDATE 2009-01

0 !LICENSE Licensed under CC BY 4.0 : see CAreadme.txt



0 BFC CERTIFY CCW



0 !HISTORY 1998-12-15 [PTadmin] Official Update 1998-10

0 !HISTORY 2002-04-05 [hafhead] Added BFC statement

0 !HISTORY 2002-04-25 [PTadmin] Official Update 2002-02

0 !HISTORY 2007-06-24 [PTadmin] Header formatted for Contributor Agreement

0 !HISTORY 2008-07-01 [PTadmin] Official Update 2008-01

0 !HISTORY 2008-08-26 [cwdee] Switch polygon winding and rename

0 !HISTORY 2009-05-02 [PTadmin] Official Update 2009-01





4 16 -1.1481 0 2.7717 -0.7654 0 1.8478 0 0 2 0 0 3

4 16 -2.1213 0 2.1213 -1.4142 0 1.4142 -0.7654 0 1.8478 -1.1481 0 2.7717

4 16 -2.7717 0 1.1481 -1.8478 0 0.7654 -1.4142 0 1.4142 -2.1213 0 2.1213

4 16 -3 0 0 -2 0 0 -1.8478 0 0.7654 -2.7717 0 1.1481

4 16 -2.7717 0 -1.1481 -1.8478 0 -0.7654 -2 0 0 -3 0 0

4 16 -2.1213 0 -2.1213 -1.4142 0 -1.4142 -1.8478 0 -0.7654 -2.7717 0 -1.1481

4 16 -1.1481 0 -2.7717 -0.7654 0 -1.8478 -1.4142 0 -1.4142 -2.1213 0 -2.1213

4 16 0 0 -3 0 0 -2 -0.7654 0 -1.8478 -1.1481 0 -2.7717

4 16 1.1481 0 -2.7717 0.7654 0 -1.8478 0 0 -2 0 0 -3

4 16 2.1213 0 -2.1213 1.4142 0 -1.4142 0.7654 0 -1.8478 1.1481 0 -2.7717

4 16 2.7717 0 -1.1481 1.8478 0 -0.7654 1.4142 0 -1.4142 2.1213 0 -2.1213

4 16 3 0 0 2 0 0 1.8478 0 -0.7654 2.7717 0 -1.1481

4 16 2.7717 0 1.1481 1.8478 0 0.7654 2 0 0 3 0 0

4 16 2.1213 0 2.1213 1.4142 0 1.4142 1.8478 0 0.7654 2.7717 0 1.1481

4 16 1.1481 0 2.7717 0.7654 0 1.8478 1.4142 0 1.4142 2.1213 0 2.1213

4 16 0 0 3 0 0 2 0.7654 0 1.8478 1.1481 0 2.7717

0

0 NOFILE

0 FILE 4-4cyli.dat
0 Cylinder 1.0

0 Name: 4-4cyli.dat

0 Author: James Jessiman

0 !LDRAW_ORG Primitive UPDATE 2005-01

0 !LICENSE Licensed under CC BY 4.0 : see CAreadme.txt



0 BFC CERTIFY CCW



0 !HISTORY 1998-12-15 [PTadmin] Official Update 1998-10

0 !HISTORY 2002-03-23 [sbliss] Added BFC statement; merged headers from files in distributions LDraw 0.27 and Complete.

0 !HISTORY 2002-04-25 [PTadmin] Official Update 2002-02

0 !HISTORY 2004-12-14 [guyvivan] BFC CCW

0 !HISTORY 2005-12-28 [PTadmin] Official Update 2005-01

0 !HISTORY 2007-06-24 [PTadmin] Header formatted for Contributor Agreement

0 !HISTORY 2008-07-01 [PTadmin] Official Update 2008-01





4 16 1 1 0 0.9239 1 0.3827 0.9239 0 0.3827 1 0 0

5 24 1 0 0 1 1 0 0.9239 0 0.3827 0.9239 0 -0.3827

4 16 0.9239 1 0.3827 0.7071 1 0.7071 0.7071 0 0.7071 0.9239 0 0.3827

5 24 0.9239 0 0.3827 0.9239 1 0.3827 0.7071 0 0.7071 1 0 0

4 16 0.7071 1 0.7071 0.3827 1 0.9239 0.3827 0 0.9239 0.7071 0 0.7071

5 24 0.7071 0 0.7071 0.7071 1 0.7071 0.3827 0 0.9239 0.9239 0 0.3827

4 16 0.3827 1 0.9239 0 1 1 0 0 1 0.3827 0 0.9239

5 24 0.3827 0 0.9239 0.3827 1 0.9239 0 0 1 0.7071 0 0.7071

4 16 0 1 1 -0.3827 1 0.9239 -0.3827 0 0.9239 0 0 1

5 24 0 0 1 0 1 1 -0.3827 0 0.9239 0.3827 0 0.9239

4 16 -0.3827 1 0.9239 -0.7071 1 0.7071 -0.7071 0 0.7071 -0.3827 0 0.9239

5 24 -0.3827 0 0.9239 -0.3827 1 0.9239 -0.7071 0 0.7071 0 0 1

4 16 -0.7071 1 0.7071 -0.9239 1 0.3827 -0.9239 0 0.3827 -0.7071 0 0.7071

5 24 -0.7071 0 0.7071 -0.7071 1 0.7071 -0.9239 0 0.3827 -0.3827 0 0.9239

4 16 -0.9239 1 0.3827 -1 1 0 -1 0 0 -0.9239 0 0.3827

5 24 -0.9239 0 0.3827 -0.9239 1 0.3827 -1 0 0 -0.7071 0 0.7071

4 16 -1 1 0 -0.9239 1 -0.3827 -0.9239 0 -0.3827 -1 0 0

5 24 -1 0 0 -1 1 0 -0.9239 0 -0.3827 -0.9239 0 0.3827

4 16 -0.9239 1 -0.3827 -0.7071 1 -0.7071 -0.7071 0 -0.7071 -0.9239 0 -0.3827

5 24 -0.9239 0 -0.3827 -0.9239 1 -0.3827 -0.7071 0 -0.7071 -1 0 0

4 16 -0.7071 1 -0.7071 -0.3827 1 -0.9239 -0.3827 0 -0.9239 -0.7071 0 -0.7071

5 24 -0.7071 0 -0.7071 -0.7071 1 -0.7071 -0.3827 0 -0.9239 -0.9239 0 -0.3827

4 16 -0.3827 1 -0.9239 0 1 -1 0 0 -1 -0.3827 0 -0.9239

5 24 -0.3827 0 -0.9239 -0.3827 1 -0.9239 0 0 -1 -0.7071 0 -0.7071

4 16 0 1 -1 0.3827 1 -0.9239 0.3827 0 -0.9239 0 0 -1

5 24 0 0 -1 0 1 -1 0.3827 0 -0.9239 -0.3827 0 -0.9239

4 16 0.3827 1 -0.9239 0.7071 1 -0.7071 0.7071 0 -0.7071 0.3827 0 -0.9239

5 24 0.3827 0 -0.9239 0.3827 1 -0.9239 0.7071 0 -0.7071 0 0 -1

4 16 0.7071 1 -0.7071 0.9239 1 -0.3827 0.9239 0 -0.3827 0.7071 0 -0.7071

5 24 0.7071 0 -0.7071 0.7071 1 -0.7071 0.9239 0 -0.3827 0.3827 0 -0.9239

4 16 0.9239 1 -0.3827 1 1 0 1 0 0 0.9239 0 -0.3827

5 24 0.9239 0 -0.3827 0.9239 1 -0.3827 1 0 0 0.7071 0 -0.7071

0

0 NOFILE

0 FILE confricrib1.dat
0 Technic Friction Pin Rib

0 Name: confricrib1.dat

0 Author: Philippe Hurbain [Philo]

0 !LDRAW_ORG Primitive UPDATE 2022-05

0 !LICENSE Licensed under CC BY 4.0 : see CAreadme.txt



0 BFC CERTIFY CCW



0 !HISTORY 2022-09-15 [PTadmin] Official Update 2022-05





2 24 3.5666 0 4.698 3.5666 -3.7 4.698

2 24 3.5666 -3.7 4.698 3.8188 -4 4.5259

2 24 3.8188 -4 4.5259 4.2426 -4 4.2426

3 16 4.0659 -3.7 4.773 3.8188 -4 4.5259 4.2426 -4 4.2426

3 16 3.8188 -4 4.5259 4.0659 -3.7 4.773 3.5666 -3.7 4.698

4 16 3.5666 0 4.698 3.5666 -3.7 4.698 4.0659 -3.7 4.773 4.0659 0 4.773

2 24 3.5666 0 4.698 4.0659 0 4.773

2 24 4.698 0 3.5666 4.698 -3.7 3.5666

2 24 4.698 -3.7 3.5666 4.5259 -4 3.8188

2 24 4.5259 -4 3.8188 4.2426 -4 4.2426

3 16 4.5259 -4 3.8188 4.773 -3.7 4.0659 4.2426 -4 4.2426

3 16 4.773 -3.7 4.0659 4.5259 -4 3.8188 4.698 -3.7 3.5666

4 16 4.773 -3.7 4.0659 4.698 -3.7 3.5666 4.698 0 3.5666 4.773 0 4.0659

2 24 4.698 0 3.5666 4.773 0 4.0659

3 16 4.0659 -3.7 4.773 4.2426 -4 4.2426 4.773 -3.7 4.0659

4 16 4.0659 -3.7 4.773 4.773 -3.7 4.0659 4.773 0 4.0659 4.0659 0 4.773

2 24 4.0659 0 4.773 4.773 0 4.0659

5 24 4.2426 -4 4.2426 4.0659 -3.7 4.773 3.8188 -4 4.5259 4.773 -3.7 4.0659

5 24 4.0659 -3.7 4.773 3.8188 -4 4.5259 4.2426 -4 4.2426 3.5666 -3.7 4.698

5 24 4.0659 -3.7 4.773 3.5666 -3.7 4.698 3.8188 -4 4.5259 4.0659 0 4.773

5 24 4.2426 -4 4.2426 4.773 -3.7 4.0659 4.5259 -4 3.8188 4.0659 -3.7 4.773

5 24 4.773 -3.7 4.0659 4.0659 -3.7 4.773 4.2426 -4 4.2426 4.773 0 4.0659

5 24 4.0659 -3.7 4.773 4.0659 0 4.773 3.5666 0 4.698 4.773 -3.7 4.0659

5 24 4.5259 -4 3.8188 4.773 -3.7 4.0659 4.698 -3.7 3.5666 4.2426 -4 4.2426

5 24 4.698 -3.7 3.5666 4.773 -3.7 4.0659 4.5259 -4 3.8188 4.698 0 3.5666

5 24 4.773 -3.7 4.0659 4.773 0 4.0659 4.698 -3.7 3.5666 4.0659 0 4.773

0 NOFILE

0 FILE confricrib2.dat
0 Technic Friction Pin 3 Ribs 120 Degrees

0 Name: confricrib2.dat

0 Author: Philippe Hurbain [Philo]

0 !LDRAW_ORG Primitive UPDATE 2022-05

0 !LICENSE Licensed under CC BY 4.0 : see CAreadme.txt



0 BFC CERTIFY CCW



0 !HISTORY 2022-09-15 [PTadmin] Official Update 2022-05





2 24 -2.2962 0 5.5434 -2.2962 -3.7 5.5434

2 24 -2.2962 -3.7 5.5434 -2.5337 -4 5.3847

3 16 -2.692 -3.7 5.6627 -2.5337 -4 5.3847 -2.2962 -3.7 5.5434

4 16 -2.692 -3.7 5.6627 -2.2962 -3.7 5.5434 -2.2962 0 5.5434 -2.692 0 5.6627

2 24 -2.2962 0 5.5434 -2.692 0 5.6627

2 24 -3.6153 0 4.6618 -3.6153 -3.7 4.6618

2 24 -3.6153 -3.7 4.6618 -3.3634 -4 4.8302

2 24 -3.3634 -4 4.8302 -2.5337 -4 5.3847

3 16 -3.558 -3.7 5.1627 -3.3634 -4 4.8302 -2.5337 -4 5.3847

3 16 -3.3634 -4 4.8302 -3.558 -3.7 5.1627 -3.6153 -3.7 4.6618

4 16 -3.6153 0 4.6618 -3.6153 -3.7 4.6618 -3.558 -3.7 5.1627 -3.558 0 5.1627

2 24 -3.6153 0 4.6618 -3.558 0 5.1627

3 16 -2.5337 -4 5.3847 -2.692 -3.7 5.6627 -3.558 -3.7 5.1627

4 16 -3.558 0 5.1627 -3.558 -3.7 5.1627 -2.692 -3.7 5.6627 -2.692 0 5.6627

2 24 -2.692 0 5.6627 -3.558 0 5.1627

5 24 -2.692 -3.7 5.6627 -2.2962 -3.7 5.5434 -2.5337 -4 5.3847 -2.692 0 5.6627

5 24 -2.5337 -4 5.3847 -3.558 -3.7 5.1627 -3.3634 -4 4.8302 -2.692 -3.7 5.6627

5 24 -3.558 -3.7 5.1627 -2.692 -3.7 5.6627 -2.5337 -4 5.3847 -3.558 0 5.1627

5 24 -2.692 -3.7 5.6627 -2.692 0 5.6627 -2.2962 0 5.5434 -3.558 -3.7 5.1627

5 24 -3.3634 -4 4.8302 -3.558 -3.7 5.1627 -3.6153 -3.7 4.6618 -2.5337 -4 5.3847

5 24 -3.6153 -3.7 4.6618 -3.558 -3.7 5.1627 -3.3634 -4 4.8302 -3.6153 0 4.6618

5 24 -3.558 -3.7 5.1627 -3.558 0 5.1627 -3.6153 -3.7 4.6618 -2.692 0 5.6627

5 24 -2.692 -3.7 5.6627 -2.5337 -4 5.3847 -3.558 -3.7 5.1627 -2.2962 -3.7 5.5434

2 24 -2.2962 0 -5.5434 -2.2962 -3.7 -5.5434

2 24 -2.2962 -3.7 -5.5434 -2.5337 -4 -5.3847

3 16 -2.5337 -4 -5.3847 -2.692 -3.7 -5.6627 -2.2962 -3.7 -5.5434

4 16 -2.2962 0 -5.5434 -2.2962 -3.7 -5.5434 -2.692 -3.7 -5.6627 -2.692 0 -5.6627

2 24 -2.2962 0 -5.5434 -2.692 0 -5.6627

2 24 -3.6153 0 -4.6618 -3.6153 -3.7 -4.6618

2 24 -3.6153 -3.7 -4.6618 -3.3634 -4 -4.8302

2 24 -3.3634 -4 -4.8302 -2.5337 -4 -5.3847

3 16 -3.3634 -4 -4.8302 -3.558 -3.7 -5.1627 -2.5337 -4 -5.3847

3 16 -3.558 -3.7 -5.1627 -3.3634 -4 -4.8302 -3.6153 -3.7 -4.6618

4 16 -3.558 -3.7 -5.1627 -3.6153 -3.7 -4.6618 -3.6153 0 -4.6618 -3.558 0 -5.1627

2 24 -3.6153 0 -4.6618 -3.558 0 -5.1627

3 16 -2.692 -3.7 -5.6627 -2.5337 -4 -5.3847 -3.558 -3.7 -5.1627

4 16 -2.692 -3.7 -5.6627 -3.558 -3.7 -5.1627 -3.558 0 -5.1627 -2.692 0 -5.6627

2 24 -2.692 0 -5.6627 -3.558 0 -5.1627

5 24 -2.692 -3.7 -5.6627 -2.2962 -3.7 -5.5434 -2.5337 -4 -5.3847 -2.692 0 -5.6627

5 24 -2.5337 -4 -5.3847 -3.558 -3.7 -5.1627 -3.3634 -4 -4.8302 -2.692 -3.7 -5.6627

5 24 -3.558 -3.7 -5.1627 -2.692 -3.7 -5.6627 -2.5337 -4 -5.3847 -3.558 0 -5.1627

5 24 -2.692 -3.7 -5.6627 -2.692 0 -5.6627 -2.2962 0 -5.5434 -3.558 -3.7 -5.1627

5 24 -3.3634 -4 -4.8302 -3.558 -3.7 -5.1627 -3.6153 -3.7 -4.6618 -2.5337 -4 -5.3847

5 24 -3.6153 -3.7 -4.6618 -3.558 -3.7 -5.1627 -3.3634 -4 -4.8302 -3.6153 0 -4.6618

5 24 -3.558 -3.7 -5.1627 -3.558 0 -5.1627 -3.6153 -3.7 -4.6618 -2.692 0 -5.6627

5 24 -2.692 -3.7 -5.6627 -2.5337 -4 -5.3847 -3.558 -3.7 -5.1627 -2.2962 -3.7 -5.5434

2 24 5.844 0 -0.8 5.844 -3.7 -0.8

2 24 5.844 -3.7 -0.8 5.9006 -4 -0.5

2 24 5.9006 -4 -0.5 6 -4 0

3 16 5.9006 -4 -0.5 6.25 -3.7 -0.5 6 -4 0

3 16 6.25 -3.7 -0.5 5.9006 -4 -0.5 5.844 -3.7 -0.8

4 16 6.25 -3.7 -0.5 5.844 -3.7 -0.8 5.844 0 -0.8 6.25 0 -0.5

2 24 5.844 0 -0.8 6.25 0 -0.5

2 24 5.844 0 0.8 5.844 -3.7 0.8

2 24 5.844 -3.7 0.8 5.9006 -4 0.5

2 24 5.9006 -4 0.5 6 -4 0

3 16 6.25 -3.7 0.5 5.9006 -4 0.5 6 -4 0

3 16 5.9006 -4 0.5 6.25 -3.7 0.5 5.844 -3.7 0.8

4 16 5.844 0 0.8 5.844 -3.7 0.8 6.25 -3.7 0.5 6.25 0 0.5

2 24 5.844 0 0.8 6.25 0 0.5

3 16 6 -4 0 6.25 -3.7 -0.5 6.25 -3.7 0.5

4 16 6.25 0 0.5 6.25 -3.7 0.5 6.25 -3.7 -0.5 6.25 0 -0.5

2 24 6.25 0 -0.5 6.25 0 0.5

5 24 6 -4 0 6.25 -3.7 -0.5 5.9006 -4 -0.5 6.25 -3.7 0.5

5 24 6.25 -3.7 -0.5 5.9006 -4 -0.5 6 -4 0 5.844 -3.7 -0.8

5 24 6.25 -3.7 -0.5 5.844 -3.7 -0.8 5.9006 -4 -0.5 6.25 0 -0.5

5 24 6 -4 0 6.25 -3.7 0.5 5.9006 -4 0.5 6.25 -3.7 -0.5

5 24 6.25 -3.7 0.5 6.25 -3.7 -0.5 6 -4 0 6.25 0 0.5

5 24 6.25 -3.7 -0.5 6.25 0 -0.5 5.844 0 -0.8 6.25 -3.7 0.5

5 24 5.9006 -4 0.5 6.25 -3.7 0.5 5.844 -3.7 0.8 6 -4 0

5 24 5.844 -3.7 0.8 6.25 -3.7 0.5 5.9006 -4 0.5 5.844 0 0.8

5 24 6.25 -3.7 0.5 6.25 0 0.5 5.844 -3.7 0.8 6.25 0 -0.5

0 NOFILE

0 FILE connect.dat
0 Technic Pin 1.0 with Base Collar

0 Name: connect.dat

0 Author: James Jessiman

0 !LDRAW_ORG Primitive UPDATE 2024-02

0 !LICENSE Licensed under CC BY 4.0 : see CAreadme.txt



0 BFC CERTIFY CCW



0 !HISTORY 2002-06-30 [OrionP] Applied lip code from connect5.dat

0 !HISTORY 2002-07-03 [sbliss] Made BFC compliant, replaced quads with ring3

0 !HISTORY 2002-08-18 [PTadmin] Official Update 2002-04

0 !HISTORY 2004-12-18 [guyvivan] Improve holes and use more primitives

0 !HISTORY 2005-12-28 [PTadmin] Official Update 2005-01

0 !HISTORY 2007-06-24 [PTadmin] Header formatted for Contributor Agreement

0 !HISTORY 2008-07-01 [PTadmin] Official Update 2008-01

0 !HISTORY 2010-01-15 [cwdee] Update ring3 to 4-4ring3

0 !HISTORY 2010-02-19 [Philo] Added condlines

0 !HISTORY 2010-04-05 [PTadmin] Official Update 2010-01

0 !HISTORY 2024-03-23 [OrionP] Updated ring primitives

0 !HISTORY 2024-03-24 [OrionP] Official Update 2024-02



2 24 5.801 -18 1 5.543 -18 2.296

2 24 -5.543 -18 2.296 -5.801 -18 1

2 24 -5.801 -18 -1 -5.543 -18 -2.296

2 24 5.543 -18 -2.296 5.801 -18 -1

2 24 6.301 -18 1 6.005 -18 2.488

2 24 -6.005 -18 2.488 -6.301 -18 1

2 24 -6.301 -18 -1 -6.005 -18 -2.488

2 24 6.005 -18 -2.488 6.301 -18 -1

2 24 6.301 -20 1 6.005 -20 2.488

2 24 -6.005 -20 2.488 -6.301 -20 1

2 24 -6.301 -20 -1 -6.005 -20 -2.488

2 24 6.005 -20 -2.488 6.301 -20 -1

2 24 3.801 -20 1 3.696 -20 1.531

2 24 -3.696 -20 1.531 -3.801 -20 1

2 24 -3.801 -20 -1 -3.696 -20 -1.531

2 24 3.696 -20 -1.531 3.801 -20 -1

2 24 5.801 -12.5 1 5.801 -18 1

2 24 5.801 -18 1 6.301 -18 1

2 24 6.301 -18 1 6.301 -20 1

2 24 6.301 -20 1 3.801 -20 1

2 24 3.801 -20 1 3.801 -12.5 1

2 24 5.801 -12.5 -1 5.801 -18 -1

2 24 5.801 -18 -1 6.301 -18 -1

2 24 6.301 -18 -1 6.301 -20 -1

2 24 6.301 -20 -1 3.801 -20 -1

2 24 3.801 -20 -1 3.801 -12.5 -1

2 24 -5.801 -12.5 1 -5.801 -18 1

2 24 -5.801 -18 1 -6.301 -18 1

2 24 -6.301 -18 1 -6.301 -20 1

2 24 -6.301 -20 1 -3.801 -20 1

2 24 -3.801 -20 1 -3.801 -12.5 1

2 24 -5.801 -12.5 -1 -5.801 -18 -1

2 24 -5.801 -18 -1 -6.301 -18 -1

2 24 -6.301 -18 -1 -6.301 -20 -1

2 24 -6.301 -20 -1 -3.801 -20 -1

2 24 -3.801 -20 -1 -3.801 -12.5 -1

4 16 5.801 -11.5 1 5.543 -11.5 2.296 5.543 -18 2.296 5.801 -18 1

4 16 -5.543 -11.5 2.296 -5.801 -11.5 1 -5.801 -18 1 -5.543 -18 2.296

4 16 -5.801 -11.5 -1 -5.543 -11.5 -2.296 -5.543 -18 -2.296 -5.801 -18 -1

4 16 5.543 -11.5 -2.296 5.801 -11.5 -1 5.801 -18 -1 5.543 -18 -2.296

4 16 5.801 -18 1 5.543 -18 2.296 6.005 -18 2.488 6.301 -18 1

4 16 -5.543 -18 2.296 -5.801 -18 1 -6.301 -18 1 -6.005 -18 2.488

4 16 -5.801 -18 -1 -5.543 -18 -2.296 -6.005 -18 -2.488 -6.301 -18 -1

4 16 5.543 -18 -2.296 5.801 -18 -1 6.301 -18 -1 6.005 -18 -2.488

4 16 6.301 -18 1 6.005 -18 2.488 6.005 -20 2.488 6.301 -20 1

4 16 -6.005 -18 2.488 -6.301 -18 1 -6.301 -20 1 -6.005 -20 2.488

4 16 -6.301 -18 -1 -6.005 -18 -2.488 -6.005 -20 -2.488 -6.301 -20 -1

4 16 6.005 -18 -2.488 6.301 -18 -1 6.301 -20 -1 6.005 -20 -2.488

4 16 5.801 -12.5 1 5.801 -18 1 3.801 -18 1 3.801 -12.5 1

4 16 3.801 -18 1 6.301 -18 1 6.301 -20 1 3.801 -20 1

4 16 6.301 -20 1 6.005 -20 2.488 3.696 -20 1.531 3.801 -20 1

4 16 -6.005 -20 2.488 -6.301 -20 1 -3.801 -20 1 -3.696 -20 1.531

4 16 -3.801 -20 1 -6.301 -20 1 -6.301 -18 1 -3.801 -18 1

4 16 -3.801 -18 1 -5.801 -18 1 -5.801 -12.5 1 -3.801 -12.5 1

4 16 -5.801 -12.5 -1 -5.801 -18 -1 -3.801 -18 -1 -3.801 -12.5 -1

4 16 -6.301 -18 -1 -6.301 -20 -1 -3.801 -20 -1 -3.801 -18 -1

4 16 -6.301 -20 -1 -6.005 -20 -2.488 -3.696 -20 -1.531 -3.801 -20 -1

4 16 6.005 -20 -2.488 6.301 -20 -1 3.801 -20 -1 3.696 -20 -1.531

4 16 6.301 -20 -1 6.301 -18 -1 3.801 -18 -1 3.801 -20 -1

4 16 3.801 -18 -1 5.801 -18 -1 5.801 -12.5 -1 3.801 -12.5 -1

4 16 3.801 -20 1 3.696 -20 1.531 3.696 -11.5 1.531 3.801 -11.5 1

4 16 -3.696 -20 1.531 -3.801 -20 1 -3.801 -11.5 1 -3.696 -11.5 1.531

4 16 -3.801 -20 -1 -3.696 -20 -1.531 -3.696 -11.5 -1.531 -3.801 -11.5 -1

4 16 3.696 -20 -1.531 3.801 -20 -1 3.801 -11.5 -1 3.696 -11.5 -1.531

1 16 0 -11.5 0 6 0 0 0 9.5 0 0 0 6 4-4cyli.dat

1 16 0 -18 0 -5.54328 0 2.2961 0 6.5 0 -2.2961 0 -5.54328 3-8cyli.dat

1 16 0 -18 0 5.54328 0 -2.2961 0 6.5 0 2.2961 0 5.54328 3-8cyli.dat

1 16 0 -20 0 6.00522 0 -2.48744 0 2 0 2.48744 0 6.00522 3-8cyli.dat

1 16 0 -20 0 -6.00522 0 2.48744 0 2 0 -2.48744 0 -6.00522 3-8cyli.dat

1 16 0 -2 0 8 0 0 0 1 0 0 0 8 4-4edge.dat

1 16 0 -2 0 8 0 0 0 2 0 0 0 8 4-4cyli.dat

1 16 0 -2 0 6 0 0 0 1 0 0 0 6 4-4edge.dat

0 BFC INVERTNEXT

1 16 0 -11.5 0 4 0 0 0 11.5 0 0 0 4 4-4cyli.dat

0 BFC INVERTNEXT

1 16 0 -20 0 3.69552 0 -1.53073 0 8.5 0 1.53073 0 3.69552 3-8cyli.dat

0 BFC INVERTNEXT

1 16 0 -20 0 -3.69552 0 1.53073 0 8.5 0 -1.53073 0 -3.69552 3-8cyli.dat

1 16 0 -2 0 2 0 0 0 1 0 0 0 2 4-4ring3.dat

1 16 0 -20 0 1.84776 0 -0.76537 0 1 0 0.76537 0 1.84776 3-8ring2.dat

1 16 0 -20 0 -1.84776 0 0.76537 0 1 0 -0.76537 0 -1.84776 3-8ring2.dat

1 16 0 -18 0 0.46194 0 -0.19134 0 -1 0 0.19134 0 0.46194 3-8ring12.dat

1 16 0 -18 0 -0.46194 0 0.19134 0 -1 0 -0.19134 0 -0.46194 3-8ring12.dat

1 16 0 -20 0 0.46194 0 -0.19134 0 1 0 0.19134 0 0.46194 3-8ring12.dat

1 16 0 -20 0 -0.46194 0 0.19134 0 1 0 -0.19134 0 -0.46194 3-8ring12.dat

1 16 0 -18 0 5.54328 0 -2.2961 0 1 0 -2.2961 0 -5.54328 3-8edge.dat

1 16 0 -18 0 -5.54328 0 2.2961 0 1 0 2.2961 0 5.54328 3-8edge.dat

1 16 0 -18 0 -6.00522 0 2.48744 0 1 0 2.48744 0 6.00522 3-8edge.dat

1 16 0 -18 0 6.00522 0 -2.48744 0 1 0 -2.48744 0 -6.00522 3-8edge.dat

1 16 0 -20 0 -6.00522 0 2.48744 0 1 0 2.48744 0 6.00522 3-8edge.dat

1 16 0 -20 0 6.00522 0 -2.48744 0 1 0 -2.48744 0 -6.00522 3-8edge.dat

1 16 0 -20 0 3.69552 0 -1.53073 0 1 0 -1.53073 0 -3.69552 3-8edge.dat

1 16 0 -20 0 -3.69552 0 1.53073 0 1 0 1.53073 0 3.69552 3-8edge.dat

1 16 -6 -12.5 0 0 1 0.199 1 0 0 0 0 1 1-4edge.dat

1 16 -6 -12.5 0 0 1 0.199 1 0 0 0 0 -1 1-4edge.dat

1 16 6 -12.5 0 0 -1 -0.199 1 0 0 0 0 -1 1-4edge.dat

1 16 6 -12.5 0 0 -1 -0.199 1 0 0 0 0 1 1-4edge.dat

1 16 -4 -12.5 0 0 1 0.199 1 0 0 0 0 1 1-4edge.dat

1 16 -4 -12.5 0 0 1 0.199 1 0 0 0 0 -1 1-4edge.dat

1 16 4.001 -12.5 0 0 -1 -0.199 1 0 0 0 0 -1 1-4edge.dat

1 16 4.001 -12.5 0 0 -1 -0.199 1 0 0 0 0 1 1-4edge.dat

1 16 -6 -12.5 0 0 1 0.199 1 0 0 0 0 1 1-4ndis.dat

1 16 -6 -12.5 0 0 1 0.199 1 0 0 0 0 -1 1-4ndis.dat

1 16 6 -12.5 0 0 -1 -0.199 1 0 0 0 0 -1 1-4ndis.dat

1 16 6 -12.5 0 0 -1 -0.199 1 0 0 0 0 1 1-4ndis.dat

1 16 -4 -12.5 0 0 -1 0.199 1 0 0 0 0 1 1-4ndis.dat

1 16 -4 -12.5 0 0 -1 0.199 1 0 0 0 0 -1 1-4ndis.dat

1 16 4 -12.5 0 0 1 -0.199 1 0 0 0 0 -1 1-4ndis.dat

1 16 4 -12.5 0 0 1 -0.199 1 0 0 0 0 1 1-4ndis.dat

0 BFC INVERTNEXT

1 16 -6 -12.5 0 0 2 0.199 1 0 0 0 0 1 1-4cyli.dat

0 BFC INVERTNEXT

1 16 -6 -12.5 0 0 2 0.199 1 0 0 0 0 -1 1-4cyli.dat

0 BFC INVERTNEXT

1 16 6 -12.5 0 0 -2 -0.199 1 0 0 0 0 -1 1-4cyli.dat

0 BFC INVERTNEXT

1 16 6 -12.5 0 0 -2 -0.199 1 0 0 0 0 1 1-4cyli.dat

5 24 -5.543 -18 2.296 -5.543 -11.5 2.296 -5.801 -11.5 1 -4.243 -18 4.243

5 24 -6.005 -20 2.488 -6.005 -18 2.488 -6.301 -18 1 -4.596 -20 4.596

5 24 5.543 -18 2.296 5.543 -11.5 2.296 5.801 -11.5 1 4.243 -18 4.243

5 24 6.005 -20 2.488 6.005 -18 2.488 6.301 -18 1 4.596 -20 4.596

5 24 -5.543 -18 -2.296 -5.543 -11.5 -2.296 -5.801 -11.5 -1 -4.243 -18 -4.243

5 24 -6.005 -20 -2.488 -6.005 -18 -2.488 -6.301 -18 -1 -4.596 -20 -4.596

5 24 5.543 -18 -2.296 5.543 -11.5 -2.296 5.801 -11.5 -1 4.243 -18 -4.243

5 24 6.005 -20 -2.488 6.005 -18 -2.488 6.301 -18 -1 4.596 -20 -4.596

0 //

0 NOFILE

0 FILE 1-4cyli.dat
0 Cylinder 0.25

0 Name: 1-4cyli.dat

0 Author: James Jessiman

0 !LDRAW_ORG Primitive UPDATE 2012-01

0 !LICENSE Licensed under CC BY 4.0 : see CAreadme.txt



0 BFC CERTIFY CCW



0 !HISTORY 2002-03-23 [sbliss] Added BFC statement.

0 !HISTORY 2002-04-25 [PTadmin] Official Update 2002-02

0 !HISTORY 2007-06-22 [PTadmin] Header formatted for Contributor Agreement

0 !HISTORY 2008-07-01 [PTadmin] Official Update 2008-01

0 !HISTORY 2012-02-16 [Philo] Changed to CCW

0 !HISTORY 2012-03-30 [PTadmin] Official Update 2012-01





4 16 1 1 0 0.9239 1 0.3827 0.9239 0 0.3827 1 0 0

5 24 1 0 0 1 1 0 0.9239 0 0.3827 1 0 -1

4 16 0.9239 1 0.3827 0.7071 1 0.7071 0.7071 0 0.7071 0.9239 0 0.3827

5 24 0.9239 0 0.3827 0.9239 1 0.3827 0.7071 0 0.7071 1 0 0

4 16 0.7071 1 0.7071 0.3827 1 0.9239 0.3827 0 0.9239 0.7071 0 0.7071

5 24 0.7071 0 0.7071 0.7071 1 0.7071 0.3827 0 0.9239 0.9239 0 0.3827

4 16 0.3827 1 0.9239 0 1 1 0 0 1 0.3827 0 0.9239

5 24 0.3827 0 0.9239 0.3827 1 0.9239 0 0 1 0.7071 0 0.7071

5 24 0 0 1 0 1 1 0.3827 0 0.9239 -1 0 1

0 NOFILE

0 FILE 1-4ndis.dat
0 Disc Negative 0.25

0 Name: 1-4ndis.dat

0 Author: James Jessiman

0 !LDRAW_ORG Primitive UPDATE 2012-01

0 !LICENSE Licensed under CC BY 4.0 : see CAreadme.txt



0 BFC CERTIFY CCW



0 !HISTORY 2002-03-23 [sbliss] Added BFC Statement

0 !HISTORY 2002-04-25 [PTadmin] Official Update 2002-02

0 !HISTORY 2007-06-22 [PTadmin] Header formatted for Contributor Agreement

0 !HISTORY 2008-07-01 [PTadmin] Official Update 2008-01

0 !HISTORY 2012-02-16 [Philo] Changed to CCW

0 !HISTORY 2012-03-30 [PTadmin] Official Update 2012-01





3 16 0.9239 0 0.3827 1 0 0 1 0 1

3 16 0.7071 0 0.7071 0.9239 0 0.3827 1 0 1

3 16 0.3827 0 0.9239 0.7071 0 0.7071 1 0 1

3 16 0 0 1 0.3827 0 0.9239 1 0 1

0 NOFILE

0 FILE 1-4edge.dat
0 Circle 0.25

0 Name: 1-4edge.dat

0 Author: James Jessiman

0 !LDRAW_ORG Primitive UPDATE 2017-01

0 !LICENSE Licensed under CC BY 4.0 : see CAreadme.txt



0 BFC CERTIFY CCW



0 !HISTORY 2007-06-22 [PTadmin] Header formatted for Contributor Agreement

0 !HISTORY 2008-07-01 [PTadmin] Official Update 2008-01

0 !HISTORY 2017-01-15 [Steffen] BFCed

0 !HISTORY 2017-12-30 [PTadmin] Official Update 2017-01





2 24 1 0 0 0.9239 0 0.3827

2 24 0.9239 0 0.3827 0.7071 0 0.7071

2 24 0.7071 0 0.7071 0.3827 0 0.9239

2 24 0.3827 0 0.9239 0 0 1

0 NOFILE

0 FILE 3-8edge.dat
0 Circle 0.375

0 Name: 3-8edge.dat

0 Author: James Jessiman

0 !LDRAW_ORG Primitive UPDATE 2017-01

0 !LICENSE Licensed under CC BY 4.0 : see CAreadme.txt



0 BFC CERTIFY CCW



0 !HISTORY 2007-06-24 [PTadmin] Header formatted for Contributor Agreement

0 !HISTORY 2008-07-01 [PTadmin] Official Update 2008-01

0 !HISTORY 2017-01-15 [Steffen] BFCed

0 !HISTORY 2017-12-30 [PTadmin] Official Update 2017-01





2 24 1 0 0 0.9239 0 0.3827

2 24 0.9239 0 0.3827 0.7071 0 0.7071

2 24 0.7071 0 0.7071 0.3827 0 0.9239

2 24 0.3827 0 0.9239 0 0 1

2 24 0 0 1 -0.3827 0 0.9239

2 24 -0.3827 0 0.9239 -0.7071 0 0.7071

0 NOFILE

0 FILE 3-8ring12.dat
0 Ring 12 x 0.375

0 Name: 3-8ring12.dat

0 Author: Niels Karsdorp [nielsk]

0 !LDRAW_ORG Primitive UPDATE 2024-02

0 !LICENSE Licensed under CC BY 4.0 : see CAreadme.txt



0 BFC CERTIFY CCW



0 !HISTORY 2005-12-28 [PTadmin] Official Update 2005-01

0 !HISTORY 2007-06-24 [PTadmin] Header formatted for Contributor Agreement

0 !HISTORY 2008-07-01 [PTadmin] Official Update 2008-01

0 !HISTORY 2012-02-16 [Philo] Changed to CCW

0 !HISTORY 2012-03-30 [PTadmin] Official Update 2012-01

0 !HISTORY 2024-03-23 [OrionP] Moved from 3-8rin12.dat

0 !HISTORY 2024-03-24 [OrionP] Official Update 2024-02



4 16 13 0 0 12.0107 0 4.9751 11.0868 0 4.5924 12 0 0

4 16 12.0107 0 4.9751 9.1923 0 9.1923 8.4852 0 8.4852 11.0868 0 4.5924

4 16 9.1923 0 9.1923 4.9751 0 12.0107 4.5924 0 11.0868 8.4852 0 8.4852

4 16 4.9751 0 12.0107 0 0 13 0 0 12 4.5924 0 11.0868

4 16 0 0 13 -4.9751 0 12.0107 -4.5924 0 11.0868 0 0 12

4 16 -4.9751 0 12.0107 -9.1923 0 9.1923 -8.4852 0 8.4852 -4.5924 0 11.0868

0 NOFILE

0 FILE 3-8ring2.dat
0 Ring  2 x 0.375

0 Name: 3-8ring2.dat

0 Author: Willy Tschager [Holly-Wood]

0 !LDRAW_ORG Primitive UPDATE 2024-01

0 !LICENSE Licensed under CC BY 4.0 : see CAreadme.txt



0 BFC CERTIFY CCW



0 !HISTORY 2005-12-28 [PTadmin] Official Update 2005-01

0 !HISTORY 2007-06-24 [PTadmin] Header formatted for Contributor Agreement

0 !HISTORY 2008-07-01 [PTadmin] Official Update 2008-01

0 !HISTORY 2024-01-11 [Holly-Wood] Complete regeneration, original by guyvivan

0 !HISTORY 2024-01-29 [OrionP] Official Update 2024-01



4 16 3 0 0 2.7717 0 1.1481 1.8478 0 0.7654 2 0 0

4 16 2.7717 0 1.1481 2.1213 0 2.1213 1.4142 0 1.4142 1.8478 0 0.7654

4 16 2.1213 0 2.1213 1.1481 0 2.7717 0.7654 0 1.8478 1.4142 0 1.4142

4 16 1.1481 0 2.7717 0 0 3 0 0 2 0.7654 0 1.8478

4 16 0 0 3 -1.1481 0 2.7717 -0.7654 0 1.8478 0 0 2

4 16 -1.1481 0 2.7717 -2.1213 0 2.1213 -1.4142 0 1.4142 -0.7654 0 1.8478

0 // Build by LDPartEditor (PrimGen 2.X)

0 NOFILE

0 FILE 3-8cyli.dat
0 Cylinder 0.375

0 Name: 3-8cyli.dat

0 Author: James Jessiman

0 !LDRAW_ORG Primitive UPDATE 2005-01

0 !LICENSE Licensed under CC BY 4.0 : see CAreadme.txt



0 BFC CERTIFY CCW



0 !HISTORY 2002-05-08 [OrionP] Made BFC compliant

0 !HISTORY 2002-08-18 [PTadmin] Official Update 2002-04

0 !HISTORY 2004-12-11 [nielsk] Recreated using Primitive Generator, Edge lines fixed, BFC changed to CCW

0 !HISTORY 2005-12-28 [PTadmin] Official Update 2005-01

0 !HISTORY 2007-06-24 [PTadmin] Header formatted for Contributor Agreement

0 !HISTORY 2008-07-01 [PTadmin] Official Update 2008-01





4 16 .9239 1 .3827 .9239 0 .3827 1 0 0 1 1 0

4 16 .7071 1 .7071 .7071 0 .7071 .9239 0 .3827 .9239 1 .3827

4 16 .3827 1 .9239 .3827 0 .9239 .7071 0 .7071 .7071 1 .7071

4 16 0 1 1 0 0 1 .3827 0 .9239 .3827 1 .9239

4 16 -.3827 1 .9239 -.3827 0 .9239 0 0 1 0 1 1

4 16 -.7071 1 .7071 -.7071 0 .7071 -.3827 0 .9239 -.3827 1 .9239

5 24 1 1 0 1 0 0 1 1 -.4142 .9239 1 .3827

5 24 .9239 1 .3827 .9239 0 .3827 1 1 0 .7071 1 .7071

5 24 .7071 1 .7071 .7071 0 .7071 .9239 1 .3827 .3827 1 .9239

5 24 .3827 1 .9239 .3827 0 .9239 .7071 1 .7071 0 1 1

5 24 0 1 1 0 0 1 .3827 1 .9239 -.3827 1 .9239

5 24 -.3827 1 .9239 -.3827 0 .9239 0 1 1 -.7071 1 .7071

5 24 -.7071 1 .7071 -.7071 0 .7071 -.3827 1 .9239 -1 1 .4142

0

0 NOFILE

0 FILE 4-4edge.dat
0 Circle 1.0

0 Name: 4-4edge.dat

0 Author: James Jessiman

0 !LDRAW_ORG Primitive UPDATE 2017-01

0 !LICENSE Licensed under CC BY 4.0 : see CAreadme.txt



0 BFC CERTIFY CCW



0 !HISTORY 1998-12-15 [PTadmin] Official Update 1998-10

0 !HISTORY 2005-12-28 [PTadmin] Official Update 2005-01

0 !HISTORY 2007-06-24 [PTadmin] Header formatted for Contributor Agreement

0 !HISTORY 2008-07-01 [PTadmin] Official Update 2008-01

0 !HISTORY 2017-01-15 [Steffen] BFCed

0 !HISTORY 2017-12-30 [PTadmin] Official Update 2017-01





2 24 1 0 0 0.9239 0 0.3827

2 24 0.9239 0 0.3827 0.7071 0 0.7071

2 24 0.7071 0 0.7071 0.3827 0 0.9239

2 24 0.3827 0 0.9239 0 0 1

2 24 0 0 1 -0.3827 0 0.9239

2 24 -0.3827 0 0.9239 -0.7071 0 0.7071

2 24 -0.7071 0 0.7071 -0.9239 0 0.3827

2 24 -0.9239 0 0.3827 -1 0 -0

2 24 -1 0 -0 -0.9239 0 -0.3827

2 24 -0.9239 0 -0.3827 -0.7071 0 -0.7071

2 24 -0.7071 0 -0.7071 -0.3827 0 -0.9239

2 24 -0.3827 0 -0.9239 0 0 -1

2 24 0 0 -1 0.3827 0 -0.9239

2 24 0.3827 0 -0.9239 0.7071 0 -0.7071

2 24 0.7071 0 -0.7071 0.9239 0 -0.3827

2 24 0.9239 0 -0.3827 1 0 0

0 NOFILE

0 FILE 5264.dat
0 Plate  1 x  1 Round with Hollow Stud and Underside Clip

0 Name: 5264.dat

0 Author: Gerald Lasser [GeraldLasser]

0 !LDRAW_ORG Part UPDATE 2025-09

0 !LICENSE Licensed under CC BY 4.0 : see CAreadme.txt



0 BFC CERTIFY CCW



0 !HISTORY 2025-09-29 [OrionP] Official Update 2025-09



1 16 0 3 0 10 0 0 0 -3 0 0 0 10 4-4cylo.dat

1 16 0 3 0 10 0 0 0 -1 0 0 0 10 1-4chrd.dat

1 16 0 3 0 10 0 0 0 -1 0 0 0 -10 1-4chrd.dat

1 16 0 3 0 -10 0 0 0 -1 0 0 0 10 1-4chrd.dat

1 16 0 3 0 -10 0 0 0 -1 0 0 0 -10 1-4chrd.dat

3 16 -4 3 4.2265 0 3 10 4 3 4.2265

3 16 4 3 4.2265 0 3 10 10 3 0

3 16 4 3 4.2265 10 3 0 4 3 -4.2265

3 16 4 3 -4.2265 10 3 0 0 3 -10

3 16 4 3 -4.2265 0 3 -10 -4 3 -4.2265

3 16 -4 3 -4.2265 0 3 -10 -10 3 0

3 16 -4 3 -4.2265 -10 3 0 -4 3 4.2265

3 16 -4 3 4.2265 -10 3 0 0 3 10



1 16 0 0 0 2 0 0 0 1 0 0 0 2 4-4ring4.dat

1 16 0 0 0 2 0 0 0 1 0 0 0 2 4-4ring3.dat

1 16 0 0 0 4 0 0 0 1 0 0 0 4 4-4disc.dat

1 16 0 0 0 1 0 0 0 1 0 0 0 1 stud2.dat



1 16 0 3 0 0 0 4 0 .768 0 4.2265 0 0 box4o4a.dat

2 24 -4 3.768 -4.2265 4 3.768 -4.2265

2 24 4 3.768 4.2265 -4 3.768 4.2265

4 16 4 3.768 -4.2265 -4 3.768 -4.2265 -4 5.8035 -6.3256 4 5.8035 -6.3256

4 16 -4 3.768 4.2265 4 3.768 4.2265 4 5.8035 6.3256 -4 5.8035 6.3256

2 24 4 3.768 4.2265 4 5.8035 6.3256

2 24 -4 3.768 4.2265 -4 5.8035 6.3256

2 24 4 3.768 -4.2265 4 5.8035 -6.3256

2 24 -4 5.8035 -6.3256 -4 3.768 -4.2265

5 24 4 5.8035 -6.3256 -4 5.8035 -6.3256 4 3.768 -4.2265 4 8.4628 -7.4612

5 24 4 5.8035 6.3256 -4 5.8035 6.3256 -4 8.4628 7.4612 -4 3.768 4.2265

4 16 4 5.8035 6.3256 4 3.768 4.2265 4 3.768 -4.2265 4 5.8035 -6.3256

4 16 -4 3.768 -4.2265 -4 3.768 4.2265 -4 5.8035 6.3256 -4 5.8035 -6.3256



1 16 0 10 0 0 -1 0 0 0 -1 1 0 0 clip13.dat
0 NOFILE

0 FILE clip13.dat
0 Clip Minimal (Thick C-Clip)

0 Name: clip13.dat

0 Author: Philippe Hurbain [Philo]

0 !LDRAW_ORG Primitive UPDATE 2017-01

0 !LICENSE Licensed under CC BY 4.0 : see CAreadme.txt



0 BFC CERTIFY CCW



0 !HISTORY 2017-12-30 [PTadmin] Official Update 2017-01





0 BFC INVERTNEXT

1 16 0 4 0 3.69552 0 1.53073 0 -8 0 -1.53073 0 3.69552 5-8cylo.dat

1 16 5.011 0 -2.765 0 0.1522 -1.16272 4 0 0 0 -1.2346 0 box2-5.dat

1 16 -5.011 0 -2.765 0 -0.1522 1.16272 -4 0 0 0 -1.2346 0 box2-5.dat

3 16 6.3254 4 -4 4 4 -4 4 4 0

3 16 -4 4 0 -4 4 -4 -6.3254 4 -4

1 16 0 -4 0 4 0 0 0 1 0 0 0 4 2-4ndis.dat

1 16 0 -4 0 4 0 0 0 1 0 0 0 -4 1-16ndis.dat

1 16 0 -4 0 -4 0 0 0 1 0 0 0 -4 1-16ndis.dat

1 16 0 4 0 -4 0 0 0 -1 0 0 0 -4 1-16ndis.dat

1 16 0 4 0 4 0 0 0 -1 0 0 0 4 2-4ndis.dat

1 16 0 4 0 4 0 0 0 -1 0 0 0 -4 1-16ndis.dat

3 16 -6.3254 -4 -4 -4 -4 -4 -4 -4 0

3 16 4 -4 0 4 -4 -4 6.3254 -4 -4

1 16 0 -4 0.098 -6.3254 0 -4.2265 0 8 0 -4.09842 0 6.13371 3-16cylo.dat

1 16 0 -4 0.098 -6.3254 0 -4.2265 0 1 0 -4.09842 0 6.13371 3-16chrd.dat

1 16 0 4 0.098 -6.3254 0 -4.2265 0 -1 0 -4.09842 0 6.13371 3-16chrd.dat

4 16 -6.3259 -4 -3.9996 -4.0001 -4 0 -4 -4 4 -6.3256 -4 4.1965

4 16 -6.3259 4 -3.9996 -6.3256 4 4.1965 -4 4 4 -4.0001 4 0

1 16 0 -4 0.098 6.3254 0 4.2265 0 8 0 -4.09842 0 6.13371 3-16cylo.dat

1 16 0 -4 0.098 6.3254 0 4.2265 0 1 0 -4.09842 0 6.13371 3-16chrd.dat

1 16 0 4 0.098 6.3254 0 4.2265 0 -1 0 -4.09842 0 6.13371 3-16chrd.dat

4 16 4 -4 4 4.0001 -4 0 6.3259 -4 -3.9996 6.3256 -4 4.1965

4 16 4 4 4 6.3256 4 4.1965 6.3259 4 -3.9996 4.0001 4 0

4 16 0 4 4.0001 -4 4 4 -6.3256 4 4.1965 6.3256 4 4.1965

3 16 0 4 4.0001 6.3256 4 4.1965 4 4 4

4 16 -6.3256 -4 4.1965 -4 -4 4 0 -4 4.0001 6.3256 -4 4.1965

3 16 0 -4 4.0001 4 -4 4 6.3256 -4 4.1965

0 NOFILE

0 FILE 3-16chrd.dat
0 Chord 0.1875

0 Name: 3-16chrd.dat

0 Author: Niels Karsdorp [nielsk]

0 !LDRAW_ORG Primitive UPDATE 2009-01

0 !LICENSE Licensed under CC BY 4.0 : see CAreadme.txt



0 BFC CERTIFY CCW



0 !HISTORY 2009-05-02 [PTadmin] Official Update 2009-01





4 16 1 0 0 0.9239 0 0.3827 0.7071 0 0.7071 0.3827 0 0.9239

0



0 NOFILE

0 FILE 3-16cylo.dat
0 Cylinder Open 0.1875

0 Name: 3-16cylo.dat

0 Author: J.C. Tchang [tchang]

0 !LDRAW_ORG Primitive UPDATE 2013-01

0 !LICENSE Licensed under CC BY 4.0 : see CAreadme.txt



0 BFC CERTIFY CCW



0 !HISTORY 2013-07-21 [PTadmin] Official Update 2013-01





1 16 0 0 0 1 0 0 0 1 0 0 0 1 3-16edge.dat

1 16 0 1 0 1 0 0 0 1 0 0 0 1 3-16edge.dat

1 16 0 0 0 1 0 0 0 1 0 0 0 1 3-16cyli.dat

0 NOFILE

0 FILE 3-16cyli.dat
0 Cylinder 0.1875

0 Name: 3-16cyli.dat

0 Author: Mark Kennedy [mkennedy]

0 !LDRAW_ORG Primitive UPDATE 2005-01

0 !LICENSE Licensed under CC BY 4.0 : see CAreadme.txt



0 BFC CERTIFY CCW



0 !HISTORY 2004-03-02 [PTadmin] Official Update 2004-01

0 !HISTORY 2004-12-11 [nielsk] Recreated using Primitive Generator, Edge lines fixed, BFC changed to CCW

0 !HISTORY 2005-12-28 [PTadmin] Official Update 2005-01

0 !HISTORY 2007-06-24 [PTadmin] Header formatted for Contributor Agreement

0 !HISTORY 2008-07-01 [PTadmin] Official Update 2008-01





4 16 .9239 1 .3827 .9239 0 .3827 1 0 0 1 1 0

4 16 .7071 1 .7071 .7071 0 .7071 .9239 0 .3827 .9239 1 .3827

4 16 .3827 1 .9239 .3827 0 .9239 .7071 0 .7071 .7071 1 .7071

5 24 1 1 0 1 0 0 1 1 -.4142 .9239 1 .3827

5 24 .9239 1 .3827 .9239 0 .3827 1 1 0 .7071 1 .7071

5 24 .7071 1 .7071 .7071 0 .7071 .9239 1 .3827 .3827 1 .9239

5 24 .3827 1 .9239 .3827 0 .9239 .7071 1 .7071 0 1 1.0824

0

0 NOFILE

0 FILE 3-16edge.dat
0 Circle 0.1875

0 Name: 3-16edge.dat

0 Author: Donald Sutter [technog]

0 !LDRAW_ORG Primitive UPDATE 2017-01

0 !LICENSE Licensed under CC BY 4.0 : see CAreadme.txt



0 BFC CERTIFY CCW



0 !HISTORY 2004-03-02 [PTadmin] Official Update 2004-01

0 !HISTORY 2007-06-24 [PTadmin] Header formatted for Contributor Agreement

0 !HISTORY 2008-07-01 [PTadmin] Official Update 2008-01

0 !HISTORY 2017-01-15 [Steffen] BFCed

0 !HISTORY 2017-12-30 [PTadmin] Official Update 2017-01





2 24 1 0 0 0.9239 0 0.3827

2 24 0.9239 0 0.3827 0.7071 0 0.7071

2 24 0.7071 0 0.7071 0.3827 0 0.9239

0 NOFILE

0 FILE 1-16ndis.dat
0 Disc Negative 0.0625

0 Name: 1-16ndis.dat

0 Author: Niels Karsdorp [nielsk]

0 !LDRAW_ORG Primitive UPDATE 2009-01

0 !LICENSE Licensed under CC BY 4.0 : see CAreadme.txt



0 BFC CERTIFY CCW



0 !HISTORY 2009-05-02 [PTadmin] Official Update 2009-01





3 16 1 0 0 1 0 1 0.9239 0 0.3827

0

0 NOFILE

0 FILE 2-4ndis.dat
0 Disc Negative 0.5

0 Name: 2-4ndis.dat

0 Author: James Jessiman

0 !LDRAW_ORG Primitive UPDATE 2012-01

0 !LICENSE Licensed under CC BY 4.0 : see CAreadme.txt



0 BFC CERTIFY CCW



0 !HISTORY 2002-03-23 [sbliss] Added BFC statement; compacted code

0 !HISTORY 2002-04-25 [PTadmin] Official Update 2002-02

0 !HISTORY 2007-06-24 [PTadmin] Header formatted for Contributor Agreement

0 !HISTORY 2008-07-01 [PTadmin] Official Update 2008-01

0 !HISTORY 2012-02-16 [Philo] Changed to CCW

0 !HISTORY 2012-03-30 [PTadmin] Official Update 2012-01





3 16 0.9239 0 0.3827 1 0 0 1 0 1

3 16 0.7071 0 0.7071 0.9239 0 0.3827 1 0 1

3 16 0.3827 0 0.9239 0.7071 0 0.7071 1 0 1

3 16 0 0 1 0.3827 0 0.9239 1 0 1

3 16 -0.3827 0 0.9239 0 0 1 -1 0 1

3 16 -0.7071 0 0.7071 -0.3827 0 0.9239 -1 0 1

3 16 -0.9239 0 0.3827 -0.7071 0 0.7071 -1 0 1

3 16 -1 0 0 -0.9239 0 0.3827 -1 0 1

0 NOFILE

0 FILE box2-5.dat
0 Box with 2 Faces without 5 Edges

0 Name: box2-5.dat

0 Author: Steffen [Steffen]

0 !LDRAW_ORG Primitive UPDATE 2003-03

0 !LICENSE Licensed under CC BY 4.0 : see CAreadme.txt



0 BFC CERTIFY CCW



0 !HISTORY 2003-12-19 [PTadmin] Official Update 2003-03

0 !HISTORY 2007-06-24 [PTadmin] Header formatted for Contributor Agreement

0 !HISTORY 2008-07-01 [PTadmin] Official Update 2008-01





2 24 1 1 1 -1 1 1

2 24 1 1 -1 -1 1 -1

2 24 1 -1 1 -1 -1 1

2 24 -1 -1 1 -1 1 1

2 24 1 -1 1 1 1 1

2 24 -1 1 -1 -1 1 1

2 24 1 1 -1 1 1 1

4 16 1 1 1 1 1 -1 -1 1 -1 -1 1 1

4 16 1 1 1 -1 1 1 -1 -1 1 1 -1 1

0

0 NOFILE

0 FILE 5-8cylo.dat
0 Cylinder Open 0.625

0 Name: 5-8cylo.dat

0 Author: J.C. Tchang [tchang]

0 !LDRAW_ORG Primitive UPDATE 2013-01

0 !LICENSE Licensed under CC BY 4.0 : see CAreadme.txt



0 BFC CERTIFY CCW



0 !HISTORY 2013-07-21 [PTadmin] Official Update 2013-01





1 16 0 0 0 1 0 0 0 1 0 0 0 1 5-8edge.dat

1 16 0 1 0 1 0 0 0 1 0 0 0 1 5-8edge.dat

1 16 0 0 0 1 0 0 0 1 0 0 0 1 5-8cyli.dat

0 NOFILE

0 FILE 5-8cyli.dat
0 Cylinder 0.625

0 Name: 5-8cyli.dat

0 Author: Mark Kennedy [mkennedy]

0 !LDRAW_ORG Primitive UPDATE 2005-01

0 !LICENSE Licensed under CC BY 4.0 : see CAreadme.txt



0 BFC CERTIFY CCW



0 !HISTORY 2004-04-22 [PTadmin] Official Update 2004-02

0 !HISTORY 2004-12-11 [nielsk] Recreated using Primitive Generator, Edge lines fixed, BFC changed to CCW

0 !HISTORY 2005-12-28 [PTadmin] Official Update 2005-01

0 !HISTORY 2007-06-24 [PTadmin] Header formatted for Contributor Agreement

0 !HISTORY 2008-07-01 [PTadmin] Official Update 2008-01





4 16 .9239 1 .3827 .9239 0 .3827 1 0 0 1 1 0

4 16 .7071 1 .7071 .7071 0 .7071 .9239 0 .3827 .9239 1 .3827

4 16 .3827 1 .9239 .3827 0 .9239 .7071 0 .7071 .7071 1 .7071

4 16 0 1 1 0 0 1 .3827 0 .9239 .3827 1 .9239

4 16 -.3827 1 .9239 -.3827 0 .9239 0 0 1 0 1 1

4 16 -.7071 1 .7071 -.7071 0 .7071 -.3827 0 .9239 -.3827 1 .9239

4 16 -.9239 1 .3827 -.9239 0 .3827 -.7071 0 .7071 -.7071 1 .7071

4 16 -1 1 0 -1 0 0 -.9239 0 .3827 -.9239 1 .3827

4 16 -.9239 1 -.3827 -.9239 0 -.3827 -1 0 0 -1 1 0

4 16 -.7071 1 -.7071 -.7071 0 -.7071 -.9239 0 -.3827 -.9239 1 -.3827

0

5 24 1 1 0 1 0 0 1 1 -.4142 .9239 1 .3827

5 24 .9239 1 .3827 .9239 0 .3827 1 1 0 .7071 1 .7071

5 24 .7071 1 .7071 .7071 0 .7071 .9239 1 .3827 .3827 1 .9239

5 24 .3827 1 .9239 .3827 0 .9239 .7071 1 .7071 0 1 1

5 24 0 1 1 0 0 1 .3827 1 .9239 -.3827 1 .9239

5 24 -.3827 1 .9239 -.3827 0 .9239 0 1 1 -.7071 1 .7071

5 24 -.7071 1 .7071 -.7071 0 .7071 -.3827 1 .9239 -.9239 1 .3827

5 24 -.9239 1 .3827 -.9239 0 .3827 -.7071 1 .7071 -1 1 0

5 24 -1 1 0 -1 0 0 -.9239 1 .3827 -.9239 1 -.3827

5 24 -.9239 1 -.3827 -.9239 0 -.3827 -1 1 0 -.7071 1 -.7071

5 24 -.7071 1 -.7071 -.7071 0 -.7071 -.9239 1 -.3827 -.4142 1 -1

0

0 NOFILE

0 FILE 5-8edge.dat
0 Circle 0.625

0 Name: 5-8edge.dat

0 Author: Mark Kennedy [mkennedy]

0 !LDRAW_ORG Primitive UPDATE 2017-01

0 !LICENSE Licensed under CC BY 4.0 : see CAreadme.txt



0 BFC CERTIFY CCW



0 !HISTORY 2004-04-22 [PTadmin] Official Update 2004-02

0 !HISTORY 2005-12-28 [PTadmin] Official Update 2005-01

0 !HISTORY 2007-06-24 [PTadmin] Header formatted for Contributor Agreement

0 !HISTORY 2008-07-01 [PTadmin] Official Update 2008-01

0 !HISTORY 2017-01-15 [Steffen] BFCed

0 !HISTORY 2017-12-30 [PTadmin] Official Update 2017-01





2 24 1 0 0 0.9239 0 0.3827

2 24 0.9239 0 0.3827 0.7071 0 0.7071

2 24 0.7071 0 0.7071 0.3827 0 0.9239

2 24 0.3827 0 0.9239 0 0 1

2 24 0 0 1 -0.3827 0 0.9239

2 24 -0.3827 0 0.9239 -0.7071 0 0.7071

2 24 -0.7071 0 0.7071 -0.9239 0 0.3827

2 24 -0.9239 0 0.3827 -1 0 0

2 24 -1 0 0 -0.9239 0 -0.3827

2 24 -0.9239 0 -0.3827 -0.7071 0 -0.7071

0 NOFILE

0 FILE box4o4a.dat
0 Box with 4 Faces (2 Parallel Pairs) without Bottom Edges

0 Name: box4o4a.dat

0 Author: Donald Sutter [technog]

0 !LDRAW_ORG Primitive UPDATE 2012-01

0 !LICENSE Licensed under CC BY 4.0 : see CAreadme.txt



0 BFC CERTIFY CCW



0 !HISTORY 2003-08-01 [PTadmin] Official Update 2003-02

0 !HISTORY 2007-06-24 [PTadmin] Header formatted for Contributor Agreement

0 !HISTORY 2008-07-01 [PTadmin] Official Update 2008-01

0 !HISTORY 2012-02-16 [Philo] Changed to CCW

0 !HISTORY 2012-03-30 [PTadmin] Official Update 2012-01





2 24 1 0 1 -1 0 1

2 24 -1 0 1 -1 0 -1

2 24 -1 0 -1 1 0 -1

2 24 1 0 -1 1 0 1

2 24 1 0 1 1 1 1

2 24 -1 0 1 -1 1 1

2 24 1 0 -1 1 1 -1

2 24 -1 0 -1 -1 1 -1

4 16 -1 1 1 -1 0 1 1 0 1 1 1 1

4 16 -1 1 -1 -1 0 -1 -1 0 1 -1 1 1

4 16 1 1 -1 1 0 -1 -1 0 -1 -1 1 -1

4 16 1 1 1 1 0 1 1 0 -1 1 1 -1

0 NOFILE

0 FILE stud2.dat
0 Stud Open

0 Name: stud2.dat

0 Author: James Jessiman

0 !LDRAW_ORG Primitive UPDATE 2009-02

0 !LICENSE Licensed under CC BY 4.0 : see CAreadme.txt



0 BFC CERTIFY CCW



0 !HISTORY 1999-07-05 [PTadmin] Official Update 1999-05

0 !HISTORY 2002-04-04 [sbliss] Modified for BFC compliance

0 !HISTORY 2002-04-25 [PTadmin] Official Update 2002-02

0 !HISTORY 2007-06-24 [PTadmin] Header formatted for Contributor Agreement

0 !HISTORY 2008-07-01 [PTadmin] Official Update 2008-01

0 !HISTORY 2009-06-21 [cwdee] Update ring references to 4-4ring

0 !HISTORY 2009-09-03 [PTadmin] Official Update 2009-02





1 16 0 0 0 4 0 0 0 1 0 0 0 4 4-4edge.dat

1 16 0 0 0 6 0 0 0 1 0 0 0 6 4-4edge.dat

1 16 0 -4 0 4 0 0 0 1 0 0 0 4 4-4edge.dat

1 16 0 -4 0 6 0 0 0 1 0 0 0 6 4-4edge.dat

0 BFC INVERTNEXT

1 16 0 -4 0 4 0 0 0 4 0 0 0 4 4-4cyli.dat

1 16 0 -4 0 6 0 0 0 4 0 0 0 6 4-4cyli.dat

1 16 0 -4 0 2 0 0 0 1 0 0 0 2 4-4ring2.dat

0

0 NOFILE

0 FILE 4-4disc.dat
0 Disc 1.0

0 Name: 4-4disc.dat

0 Author: James Jessiman

0 !LDRAW_ORG Primitive UPDATE 2002-02

0 !LICENSE Licensed under CC BY 4.0 : see CAreadme.txt



0 BFC CERTIFY CCW



0 !HISTORY 1998-12-15 [PTadmin] Official Update 1998-10

0 !HISTORY 2002-03-23 [sbliss] Added BFC statement

0 !HISTORY 2002-04-25 [PTadmin] Official Update 2002-02

0 !HISTORY 2007-06-24 [PTadmin] Header formatted for Contributor Agreement

0 !HISTORY 2008-07-01 [PTadmin] Official Update 2008-01





3 16 0 0 0 1 0 0 0.9239 0 0.3827

3 16 0 0 0 0.9239 0 0.3827 0.7071 0 0.7071

3 16 0 0 0 0.7071 0 0.7071 0.3827 0 0.9239

3 16 0 0 0 0.3827 0 0.9239 0 0 1

3 16 0 0 0 0 0 1 -0.3827 0 0.9239

3 16 0 0 0 -0.3827 0 0.9239 -0.7071 0 0.7071

3 16 0 0 0 -0.7071 0 0.7071 -0.9239 0 0.3827

3 16 0 0 0 -0.9239 0 0.3827 -1 0 -0

3 16 0 0 0 -1 0 -0 -0.9239 0 -0.3827

3 16 0 0 0 -0.9239 0 -0.3827 -0.7071 0 -0.7071

3 16 0 0 0 -0.7071 0 -0.7071 -0.3827 0 -0.9239

3 16 0 0 0 -0.3827 0 -0.9239 0 0 -1

3 16 0 0 0 0 0 -1 0.3827 0 -0.9239

3 16 0 0 0 0.3827 0 -0.9239 0.7071 0 -0.7071

3 16 0 0 0 0.7071 0 -0.7071 0.9239 0 -0.3827

3 16 0 0 0 0.9239 0 -0.3827 1 0 0

0

0 NOFILE

0 FILE 4-4ring4.dat
0 Ring  4 x 1.0

0 Name: 4-4ring4.dat

0 Author: James Jessiman

0 !LDRAW_ORG Primitive UPDATE 2009-01

0 !LICENSE Licensed under CC BY 4.0 : see CAreadme.txt



0 BFC CERTIFY CCW



0 !HISTORY 1998-12-15 [PTadmin] Official Update 1998-10

0 !HISTORY 2002-04-08 [BrickCaster] Modified for BFC compliance

0 !HISTORY 2002-04-25 [PTadmin] Official Update 2002-02

0 !HISTORY 2007-06-24 [PTadmin] Header formatted for Contributor Agreement

0 !HISTORY 2008-07-01 [PTadmin] Official Update 2008-01

0 !HISTORY 2008-08-26 [cwdee] Switch polygon winding and rename

0 !HISTORY 2009-05-02 [PTadmin] Official Update 2009-01





4 16 -1.9135 0 4.6195 -1.5308 0 3.6956 0 0 4 0 0 5

4 16 -3.5355 0 3.5355 -2.8284 0 2.8284 -1.5308 0 3.6956 -1.9135 0 4.6195

4 16 -4.6195 0 1.9135 -3.6956 0 1.5308 -2.8284 0 2.8284 -3.5355 0 3.5355

4 16 -5 0 0 -4 0 0 -3.6956 0 1.5308 -4.6195 0 1.9135

4 16 -4.6195 0 -1.9135 -3.6956 0 -1.5308 -4 0 0 -5 0 0

4 16 -3.5355 0 -3.5355 -2.8284 0 -2.8284 -3.6956 0 -1.5308 -4.6195 0 -1.9135

4 16 -1.9135 0 -4.6195 -1.5308 0 -3.6956 -2.8284 0 -2.8284 -3.5355 0 -3.5355

4 16 0 0 -5 0 0 -4 -1.5308 0 -3.6956 -1.9135 0 -4.6195

4 16 1.9135 0 -4.6195 1.5308 0 -3.6956 0 0 -4 0 0 -5

4 16 3.5355 0 -3.5355 2.8284 0 -2.8284 1.5308 0 -3.6956 1.9135 0 -4.6195

4 16 4.6195 0 -1.9135 3.6956 0 -1.5308 2.8284 0 -2.8284 3.5355 0 -3.5355

4 16 5 0 0 4 0 0 3.6956 0 -1.5308 4.6195 0 -1.9135

4 16 4.6195 0 1.9135 3.6956 0 1.5308 4 0 0 5 0 0

4 16 3.5355 0 3.5355 2.8284 0 2.8284 3.6956 0 1.5308 4.6195 0 1.9135

4 16 1.9135 0 4.6195 1.5308 0 3.6956 2.8284 0 2.8284 3.5355 0 3.5355

4 16 0 0 5 0 0 4 1.5308 0 3.6956 1.9135 0 4.6195

0

0 NOFILE

0 FILE 1-4chrd.dat
0 Chord 0.25

0 Name: 1-4chrd.dat

0 Author: Max Martin Richter [MMR1988]

0 !LDRAW_ORG Primitive UPDATE 2023-05

0 !LICENSE Licensed under CC BY 4.0 : see CAreadme.txt



0 BFC CERTIFY CCW



0 !HISTORY 2004-04-22 [PTadmin] Official Update 2004-02

0 !HISTORY 2007-10-09 [PTadmin] Header formatted for Contributor Agreement

0 !HISTORY 2008-07-01 [PTadmin] Official Update 2008-01

0 !HISTORY 2012-08-02 [MMR1988] Re-creation with PrimGen2 and Rectifier

0 !HISTORY 2012-08-09 [PTadmin] Official Update 2012-02

0 !HISTORY 2023-10-27 [OrionP] Change author to MMR1988 from hafhead

0 !HISTORY 2023-10-31 [OrionP] Official Update 2023-05



4 16 0.9239 0 0.3827 0.3827 0 0.9239 0 0 1 1 0 0

3 16 0.7071 0 0.7071 0.3827 0 0.9239 0.9239 0 0.3827
0 NOFILE

0 FILE 4-4cylo.dat
0 Cylinder Open 1.0

0 Name: 4-4cylo.dat

0 Author: Mark Kennedy [mkennedy]

0 !LDRAW_ORG Primitive UPDATE 2010-01

0 !LICENSE Licensed under CC BY 4.0 : see CAreadme.txt



0 BFC CERTIFY CCW



0 !HISTORY 2010-04-05 [PTadmin] Official Update 2010-01





1 16 0 0 0 1 0 0 0 1 0 0 0 1 4-4edge.dat

1 16 0 1 0 1 0 0 0 1 0 0 0 1 4-4edge.dat

1 16 0 0 0 1 0 0 0 1 0 0 0 1 4-4cyli.dat

0
0 NOFILE

0 FILE 64847.dat
0 Animal Cow Horn

0 Name: 64847.dat

0 Author: Philippe Hurbain [Philo]

0 !LDRAW_ORG Part UPDATE 2009-03

0 !LICENSE Licensed under CC BY 4.0 : see CAreadme.txt



0 BFC CERTIFY CCW



0 !HISTORY 2009-12-29 [PTadmin] Official Update 2009-03





0 // Stem



1 16 0 0 0 0 1 0 -5 0 0 0 0 5 4-4edge.dat

1 16 8 0 0 0 -8 0 -4 0 0 0 0 -4 4-4cylc.dat

1 16 0 0 0 0 -1 0 -1 0 0 0 0 -1 4-4ring4.dat

0 // Half horn

4 16 0 -5 0 0 -4.62 1.913 -2.411 -4.435 1.838 -2.4 -4.8 0

4 16 0 -4.62 1.913 0 -3.535 3.535 -2.444 -3.394 3.396 -2.411 -4.435 1.838

4 16 0 -3.535 3.535 0 -1.913 4.62 -2.493 -1.837 4.437 -2.444 -3.394 3.396

4 16 0 -1.913 4.62 0 0 5 -2.55 0 4.802 -2.493 -1.837 4.437

4 16 0 0 5 0 1.913 4.62 -2.607 1.837 4.437 -2.55 0 4.802

4 16 0 1.913 4.62 0 3.535 3.535 -2.656 3.394 3.396 -2.607 1.837 4.437

4 16 0 3.535 3.535 0 4.62 1.913 -2.689 4.435 1.838 -2.656 3.394 3.396

4 16 0 4.62 1.913 0 5 0 -2.7 4.8 0 -2.689 4.435 1.838

4 16 -3.895 -4.45 1.824 -3.8 -4.8 0 -2.4 -4.8 0 -2.411 -4.435 1.838

3 16 -2.411 -4.435 1.838 -4.166 -3.453 3.371 -3.895 -4.45 1.824

3 16 -2.411 -4.435 1.838 -2.444 -3.394 3.396 -4.166 -3.453 3.371

3 16 -2.444 -3.394 3.396 -4.572 -1.96 4.404 -4.166 -3.453 3.371

3 16 -2.444 -3.394 3.396 -2.493 -1.837 4.437 -4.572 -1.96 4.404

4 16 -5.05 -0.2 4.767 -4.572 -1.96 4.404 -2.493 -1.837 4.437 -2.55 0 4.802

4 16 -2.55 0 4.802 -2.607 1.837 4.437 -5.528 1.56 4.404 -5.05 -0.2 4.767

4 16 -5.934 3.053 3.371 -5.528 1.56 4.404 -2.607 1.837 4.437 -2.656 3.394 3.396

4 16 -6.205 4.05 1.824 -5.934 3.053 3.371 -2.656 3.394 3.396 -2.689 4.435 1.838

4 16 -2.689 4.435 1.838 -2.7 4.8 0 -6.3 4.4 0 -6.205 4.05 1.824

3 16 -3.8 -4.8 0 -4.398 -4.58 1.89 -4.2 -4.9 0

3 16 -3.8 -4.8 0 -3.895 -4.45 1.824 -4.398 -4.58 1.89

3 16 -3.895 -4.45 1.824 -4.962 -3.67 3.493 -4.398 -4.58 1.89

3 16 -3.895 -4.45 1.824 -4.166 -3.453 3.371 -4.962 -3.67 3.493

3 16 -4.166 -3.453 3.371 -5.805 -2.307 4.564 -4.962 -3.67 3.493

3 16 -4.166 -3.453 3.371 -4.572 -1.96 4.404 -5.805 -2.307 4.564

3 16 -4.572 -1.96 4.404 -6.8 -0.7 4.94 -5.805 -2.307 4.564

3 16 -4.572 -1.96 4.404 -5.05 -0.2 4.767 -6.8 -0.7 4.94

3 16 -5.05 -0.2 4.767 -7.795 0.907 4.564 -6.8 -0.7 4.94

3 16 -5.05 -0.2 4.767 -5.528 1.56 4.404 -7.795 0.907 4.564

3 16 -5.528 1.56 4.404 -8.638 2.27 3.493 -7.795 0.907 4.564

3 16 -5.528 1.56 4.404 -5.934 3.053 3.371 -8.638 2.27 3.493

3 16 -5.934 3.053 3.371 -9.202 3.18 1.89 -8.638 2.27 3.493

3 16 -5.934 3.053 3.371 -6.205 4.05 1.824 -9.202 3.18 1.89

4 16 -9.4 3.5 0 -9.202 3.18 1.89 -6.205 4.05 1.824 -6.3 4.4 0

3 16 -4.2 -4.9 0 -4.793 -4.856 1.916 -4.5 -5.1 0

3 16 -4.2 -4.9 0 -4.398 -4.58 1.89 -4.793 -4.856 1.916

3 16 -4.398 -4.58 1.89 -5.628 -4.163 3.54 -4.793 -4.856 1.916

3 16 -4.398 -4.58 1.89 -4.962 -3.67 3.493 -5.628 -4.163 3.54

4 16 -4.962 -3.67 3.493 -5.805 -2.307 4.564 -6.877 -3.125 4.625 -5.628 -4.163 3.54

4 16 -8.35 -1.9 5.006 -6.877 -3.125 4.625 -5.805 -2.307 4.564 -6.8 -0.7 4.94

3 16 -6.8 -0.7 4.94 -9.823 -0.675 4.625 -8.35 -1.9 5.006

3 16 -6.8 -0.7 4.94 -7.795 0.907 4.564 -9.823 -0.675 4.625

4 16 -11.072 0.363 3.54 -9.823 -0.675 4.625 -7.795 0.907 4.564 -8.638 2.27 3.493

4 16 -11.907 1.056 1.916 -11.072 0.363 3.54 -8.638 2.27 3.493 -9.202 3.18 1.89

4 16 -12.2 1.3 0 -11.907 1.056 1.916 -9.202 3.18 1.89 -9.4 3.5 0

3 16 -4.5 -5.1 0 -5.139 -5.259 1.844 -4.8 -5.4 0

3 16 -4.5 -5.1 0 -4.793 -4.856 1.916 -5.139 -5.259 1.844

3 16 -4.793 -4.856 1.916 -6.103 -4.858 3.408 -5.139 -5.259 1.844

3 16 -4.793 -4.856 1.916 -5.628 -4.163 3.54 -6.103 -4.858 3.408

3 16 -5.628 -4.163 3.54 -7.547 -4.258 4.452 -6.103 -4.858 3.408

3 16 -5.628 -4.163 3.54 -6.877 -3.125 4.625 -7.547 -4.258 4.452

3 16 -6.877 -3.125 4.625 -9.25 -3.55 4.819 -7.547 -4.258 4.452

3 16 -6.877 -3.125 4.625 -8.35 -1.9 5.006 -9.25 -3.55 4.819

3 16 -8.35 -1.9 5.006 -10.953 -2.842 4.452 -9.25 -3.55 4.819

3 16 -8.35 -1.9 5.006 -9.823 -0.675 4.625 -10.953 -2.842 4.452

3 16 -9.823 -0.675 4.625 -12.397 -2.242 3.408 -10.953 -2.842 4.452

3 16 -9.823 -0.675 4.625 -11.072 0.363 3.54 -12.397 -2.242 3.408

4 16 -13.361 -1.841 1.844 -12.397 -2.242 3.408 -11.072 0.363 3.54 -11.907 1.056 1.916

4 16 -13.7 -1.7 0 -13.361 -1.841 1.844 -11.907 1.056 1.916 -12.2 1.3 0

4 16 -5.227 -5.858 1.659 -4.9 -5.9 0 -4.8 -5.4 0 -5.139 -5.259 1.844

3 16 -5.139 -5.259 1.844 -6.159 -5.739 3.065 -5.227 -5.858 1.659

3 16 -5.139 -5.259 1.844 -6.103 -4.858 3.408 -6.159 -5.739 3.065

3 16 -6.103 -4.858 3.408 -7.554 -5.56 4.005 -6.159 -5.739 3.065

3 16 -6.103 -4.858 3.408 -7.547 -4.258 4.452 -7.554 -5.56 4.005

3 16 -7.547 -4.258 4.452 -9.2 -5.35 4.335 -7.554 -5.56 4.005

3 16 -7.547 -4.258 4.452 -9.25 -3.55 4.819 -9.2 -5.35 4.335

3 16 -9.25 -3.55 4.819 -10.846 -5.14 4.005 -9.2 -5.35 4.335

3 16 -9.25 -3.55 4.819 -10.953 -2.842 4.452 -10.846 -5.14 4.005

3 16 -10.953 -2.842 4.452 -12.241 -4.961 3.065 -10.846 -5.14 4.005

3 16 -10.953 -2.842 4.452 -12.397 -2.242 3.408 -12.241 -4.961 3.065

3 16 -12.397 -2.242 3.408 -13.173 -4.842 1.659 -12.241 -4.961 3.065

3 16 -12.397 -2.242 3.408 -13.361 -1.841 1.844 -13.173 -4.842 1.659

3 16 -13.361 -1.841 1.844 -13.5 -4.8 0 -13.173 -4.842 1.659

3 16 -13.361 -1.841 1.844 -13.7 -1.7 0 -13.5 -4.8 0

4 16 -4.9 -5.9 0 -5.227 -5.858 1.659 -5.17 -7.849 1.381 -4.9 -7.8 0

4 16 -5.94 -7.99 2.552 -5.17 -7.849 1.381 -5.227 -5.858 1.659 -6.159 -5.739 3.065

3 16 -6.159 -5.739 3.065 -7.091 -8.201 3.334 -5.94 -7.99 2.552

3 16 -6.159 -5.739 3.065 -7.554 -5.56 4.005 -7.091 -8.201 3.334

3 16 -7.554 -5.56 4.005 -8.45 -8.45 3.609 -7.091 -8.201 3.334

3 16 -7.554 -5.56 4.005 -9.2 -5.35 4.335 -8.45 -8.45 3.609

3 16 -9.2 -5.35 4.335 -9.809 -8.699 3.334 -8.45 -8.45 3.609

3 16 -9.2 -5.35 4.335 -10.846 -5.14 4.005 -9.809 -8.699 3.334

3 16 -10.846 -5.14 4.005 -10.96 -8.91 2.552 -9.809 -8.699 3.334

3 16 -10.846 -5.14 4.005 -12.241 -4.961 3.065 -10.96 -8.91 2.552

3 16 -12.241 -4.961 3.065 -11.73 -9.051 1.381 -10.96 -8.91 2.552

3 16 -12.241 -4.961 3.065 -13.173 -4.842 1.659 -11.73 -9.051 1.381

3 16 -13.173 -4.842 1.659 -12 -9.1 0 -11.73 -9.051 1.381

3 16 -13.173 -4.842 1.659 -13.5 -4.8 0 -12 -9.1 0

4 16 -4.9 -7.8 0 -5.17 -7.849 1.381 -4.836 -10.861 1.225 -4.6 -10.8 0

4 16 -5.508 -11.034 2.264 -4.836 -10.861 1.225 -5.17 -7.849 1.381 -5.94 -7.99 2.552

4 16 -6.514 -11.294 2.958 -5.508 -11.034 2.264 -5.94 -7.99 2.552 -7.091 -8.201 3.334

4 16 -7.7 -11.6 3.202 -6.514 -11.294 2.958 -7.091 -8.201 3.334 -8.45 -8.45 3.609

4 16 -8.886 -11.906 2.958 -7.7 -11.6 3.202 -8.45 -8.45 3.609 -9.809 -8.699 3.334

4 16 -9.892 -12.166 2.264 -8.886 -11.906 2.958 -9.809 -8.699 3.334 -10.96 -8.91 2.552

4 16 -10.564 -12.339 1.225 -9.892 -12.166 2.264 -10.96 -8.91 2.552 -11.73 -9.051 1.381

4 16 -11.73 -9.051 1.381 -12 -9.1 0 -10.8 -12.4 0 -10.564 -12.339 1.225

4 16 -5.19 -14.723 0.964 -5 -14.7 0 -4.6 -10.8 0 -4.836 -10.861 1.225

3 16 -4.836 -10.861 1.225 -5.732 -14.788 1.78 -5.19 -14.723 0.964

3 16 -4.836 -10.861 1.225 -5.508 -11.034 2.264 -5.732 -14.788 1.78

3 16 -5.508 -11.034 2.264 -6.543 -14.885 2.326 -5.732 -14.788 1.78

3 16 -5.508 -11.034 2.264 -6.514 -11.294 2.958 -6.543 -14.885 2.326

3 16 -6.514 -11.294 2.958 -7.5 -15 2.518 -6.543 -14.885 2.326

3 16 -6.514 -11.294 2.958 -7.7 -11.6 3.202 -7.5 -15 2.518

3 16 -7.7 -11.6 3.202 -8.457 -15.115 2.326 -7.5 -15 2.518

3 16 -7.7 -11.6 3.202 -8.886 -11.906 2.958 -8.457 -15.115 2.326

3 16 -8.886 -11.906 2.958 -9.268 -15.212 1.78 -8.457 -15.115 2.326

3 16 -8.886 -11.906 2.958 -9.892 -12.166 2.264 -9.268 -15.212 1.78

4 16 -9.81 -15.277 0.964 -9.268 -15.212 1.78 -9.892 -12.166 2.264 -10.564 -12.339 1.225

4 16 -10.564 -12.339 1.225 -10.8 -12.4 0 -10 -15.3 0 -9.81 -15.277 0.964

3 16 -5 -14.7 0 -6.61 -17.589 0.558 -6.5 -17.6 0

3 16 -5 -14.7 0 -5.19 -14.723 0.964 -6.61 -17.589 0.558

3 16 -5.19 -14.723 0.964 -6.925 -17.556 1.031 -6.61 -17.589 0.558

3 16 -5.19 -14.723 0.964 -5.732 -14.788 1.78 -6.925 -17.556 1.031

3 16 -5.732 -14.788 1.78 -7.395 -17.507 1.347 -6.925 -17.556 1.031

3 16 -5.732 -14.788 1.78 -6.543 -14.885 2.326 -7.395 -17.507 1.347

3 16 -6.543 -14.885 2.326 -7.95 -17.45 1.458 -7.395 -17.507 1.347

3 16 -6.543 -14.885 2.326 -7.5 -15 2.518 -7.95 -17.45 1.458

3 16 -7.5 -15 2.518 -8.505 -17.393 1.347 -7.95 -17.45 1.458

3 16 -7.5 -15 2.518 -8.457 -15.115 2.326 -8.505 -17.393 1.347

3 16 -8.457 -15.115 2.326 -8.975 -17.344 1.031 -8.505 -17.393 1.347

3 16 -8.457 -15.115 2.326 -9.268 -15.212 1.78 -8.975 -17.344 1.031

3 16 -9.268 -15.212 1.78 -9.29 -17.311 0.558 -8.975 -17.344 1.031

3 16 -9.268 -15.212 1.78 -9.81 -15.277 0.964 -9.29 -17.311 0.558

4 16 -9.4 -17.3 0 -9.29 -17.311 0.558 -9.81 -15.277 0.964 -10 -15.3 0

3 16 -6.5 -17.6 0 -6.61 -17.589 0.558 -8 -18.3 0

3 16 -6.61 -17.589 0.558 -6.925 -17.556 1.031 -8 -18.3 0

3 16 -6.925 -17.556 1.031 -7.395 -17.507 1.347 -8 -18.3 0

3 16 -7.395 -17.507 1.347 -7.95 -17.45 1.458 -8 -18.3 0

3 16 -7.95 -17.45 1.458 -8.505 -17.393 1.347 -8 -18.3 0

3 16 -8.505 -17.393 1.347 -8.975 -17.344 1.031 -8 -18.3 0

3 16 -8.975 -17.344 1.031 -9.29 -17.311 0.558 -8 -18.3 0

3 16 -9.29 -17.311 0.558 -9.4 -17.3 0 -8 -18.3 0

0 // Added lines/Condlines

5 24 0 -4.62 1.913 -2.411 -4.435 1.838 0 -5 0 0 -3.535 3.535

5 24 -2.411 -4.435 1.838 -2.4 -4.8 0 0 -5 0 -3.895 -4.45 1.824

5 24 0 -3.535 3.535 -2.444 -3.394 3.396 0 -4.62 1.913 0 -1.913 4.62

5 24 -2.444 -3.394 3.396 -2.411 -4.435 1.838 0 -4.62 1.913 -4.166 -3.453 3.371

5 24 0 -1.913 4.62 -2.493 -1.837 4.437 0 -3.535 3.535 0 0 5

5 24 -2.493 -1.837 4.437 -2.444 -3.394 3.396 0 -3.535 3.535 -4.572 -1.96 4.404

5 24 0 0 5 -2.55 0 4.802 0 -1.913 4.62 0 1.913 4.62

5 24 -2.55 0 4.802 -2.493 -1.837 4.437 0 -1.913 4.62 -5.05 -0.2 4.767

5 24 0 1.913 4.62 -2.607 1.837 4.437 0 0 5 0 3.535 3.535

5 24 -2.607 1.837 4.437 -2.55 0 4.802 0 0 5 -5.528 1.56 4.404

5 24 0 3.535 3.535 -2.656 3.394 3.396 0 1.913 4.62 0 4.62 1.913

5 24 0 4.62 1.913 -2.689 4.435 1.838 0 3.535 3.535 0 5 0

5 24 -2.689 4.435 1.838 -2.656 3.394 3.396 0 3.535 3.535 -6.205 4.05 1.824

5 24 -2.7 4.8 0 -2.689 4.435 1.838 0 4.62 1.913 -6.3 4.4 0

5 24 -3.895 -4.45 1.824 -3.8 -4.8 0 -2.4 -4.8 0 -4.398 -4.58 1.89

5 24 -2.411 -4.435 1.838 -3.895 -4.45 1.824 -2.4 -4.8 0 -4.166 -3.453 3.371

5 24 -2.411 -4.435 1.838 -4.166 -3.453 3.371 -3.895 -4.45 1.824 -2.444 -3.394 3.396

5 24 -4.166 -3.453 3.371 -3.895 -4.45 1.824 -2.411 -4.435 1.838 -4.962 -3.67 3.493

5 24 -2.444 -3.394 3.396 -4.166 -3.453 3.371 -2.411 -4.435 1.838 -4.572 -1.96 4.404

5 24 -2.444 -3.394 3.396 -4.572 -1.96 4.404 -4.166 -3.453 3.371 -2.493 -1.837 4.437

5 24 -4.572 -1.96 4.404 -4.166 -3.453 3.371 -2.444 -3.394 3.396 -5.805 -2.307 4.564

5 24 -2.493 -1.837 4.437 -4.572 -1.96 4.404 -2.444 -3.394 3.396 -5.05 -0.2 4.767

5 24 -5.05 -0.2 4.767 -4.572 -1.96 4.404 -2.493 -1.837 4.437 -6.8 -0.7 4.94

5 24 -2.55 0 4.802 -5.05 -0.2 4.767 -2.493 -1.837 4.437 -2.607 1.837 4.437

5 24 -2.607 1.837 4.437 -5.528 1.56 4.404 -2.55 0 4.802 -5.934 3.053 3.371

5 24 -5.528 1.56 4.404 -5.05 -0.2 4.767 -2.55 0 4.802 -7.795 0.907 4.564

5 24 -5.934 3.053 3.371 -5.528 1.56 4.404 -2.607 1.837 4.437 -8.638 2.27 3.493

5 24 -2.656 3.394 3.396 -5.934 3.053 3.371 -2.607 1.837 4.437 -6.205 4.05 1.824

5 24 -6.205 4.05 1.824 -5.934 3.053 3.371 -2.656 3.394 3.396 -9.202 3.18 1.89

5 24 -2.689 4.435 1.838 -6.205 4.05 1.824 -2.656 3.394 3.396 -2.7 4.8 0

5 24 -6.3 4.4 0 -6.205 4.05 1.824 -2.689 4.435 1.838 -9.4 3.5 0

5 24 -3.8 -4.8 0 -4.398 -4.58 1.89 -4.2 -4.9 0 -3.895 -4.45 1.824

5 24 -4.398 -4.58 1.89 -4.2 -4.9 0 -3.8 -4.8 0 -4.793 -4.856 1.916

5 24 -3.895 -4.45 1.824 -4.398 -4.58 1.89 -3.8 -4.8 0 -4.962 -3.67 3.493

5 24 -3.895 -4.45 1.824 -4.962 -3.67 3.493 -4.398 -4.58 1.89 -4.166 -3.453 3.371

5 24 -4.962 -3.67 3.493 -4.398 -4.58 1.89 -3.895 -4.45 1.824 -5.628 -4.163 3.54

5 24 -4.166 -3.453 3.371 -4.962 -3.67 3.493 -3.895 -4.45 1.824 -5.805 -2.307 4.564

5 24 -4.166 -3.453 3.371 -5.805 -2.307 4.564 -4.962 -3.67 3.493 -4.572 -1.96 4.404

5 24 -5.805 -2.307 4.564 -4.962 -3.67 3.493 -4.166 -3.453 3.371 -6.877 -3.125 4.625

5 24 -4.572 -1.96 4.404 -5.805 -2.307 4.564 -4.166 -3.453 3.371 -6.8 -0.7 4.94

5 24 -4.572 -1.96 4.404 -6.8 -0.7 4.94 -5.805 -2.307 4.564 -5.05 -0.2 4.767

5 24 -5.05 -0.2 4.767 -6.8 -0.7 4.94 -4.572 -1.96 4.404 -7.795 0.907 4.564

5 24 -5.05 -0.2 4.767 -7.795 0.907 4.564 -6.8 -0.7 4.94 -5.528 1.56 4.404

5 24 -7.795 0.907 4.564 -6.8 -0.7 4.94 -5.05 -0.2 4.767 -9.823 -0.675 4.625

5 24 -5.528 1.56 4.404 -7.795 0.907 4.564 -5.05 -0.2 4.767 -8.638 2.27 3.493

5 24 -5.528 1.56 4.404 -8.638 2.27 3.493 -7.795 0.907 4.564 -5.934 3.053 3.371

5 24 -8.638 2.27 3.493 -7.795 0.907 4.564 -5.528 1.56 4.404 -11.072 0.363 3.54

5 24 -5.934 3.053 3.371 -8.638 2.27 3.493 -5.528 1.56 4.404 -9.202 3.18 1.89

5 24 -5.934 3.053 3.371 -9.202 3.18 1.89 -8.638 2.27 3.493 -6.205 4.05 1.824

5 24 -9.202 3.18 1.89 -8.638 2.27 3.493 -5.934 3.053 3.371 -11.907 1.056 1.916

5 24 -6.205 4.05 1.824 -9.202 3.18 1.89 -5.934 3.053 3.371 -9.4 3.5 0

5 24 -9.4 3.5 0 -9.202 3.18 1.89 -6.205 4.05 1.824 -12.2 1.3 0

5 24 -4.2 -4.9 0 -4.793 -4.856 1.916 -4.5 -5.1 0 -4.398 -4.58 1.89

5 24 -4.793 -4.856 1.916 -4.5 -5.1 0 -4.2 -4.9 0 -5.139 -5.259 1.844

5 24 -4.398 -4.58 1.89 -4.793 -4.856 1.916 -4.2 -4.9 0 -5.628 -4.163 3.54

5 24 -4.398 -4.58 1.89 -5.628 -4.163 3.54 -4.793 -4.856 1.916 -4.962 -3.67 3.493

5 24 -5.628 -4.163 3.54 -4.793 -4.856 1.916 -4.398 -4.58 1.89 -6.103 -4.858 3.408

5 24 -4.962 -3.67 3.493 -5.628 -4.163 3.54 -4.398 -4.58 1.89 -5.805 -2.307 4.564

5 24 -5.805 -2.307 4.564 -6.877 -3.125 4.625 -4.962 -3.67 3.493 -8.35 -1.9 5.006

5 24 -6.877 -3.125 4.625 -5.628 -4.163 3.54 -4.962 -3.67 3.493 -7.547 -4.258 4.452

5 24 -8.35 -1.9 5.006 -6.877 -3.125 4.625 -5.805 -2.307 4.564 -9.25 -3.55 4.819

5 24 -6.8 -0.7 4.94 -8.35 -1.9 5.006 -5.805 -2.307 4.564 -9.823 -0.675 4.625

5 24 -9.823 -0.675 4.625 -8.35 -1.9 5.006 -6.8 -0.7 4.94 -10.953 -2.842 4.452

5 24 -7.795 0.907 4.564 -9.823 -0.675 4.625 -6.8 -0.7 4.94 -11.072 0.363 3.54

5 24 -11.072 0.363 3.54 -9.823 -0.675 4.625 -7.795 0.907 4.564 -12.397 -2.242 3.408

5 24 -8.638 2.27 3.493 -11.072 0.363 3.54 -7.795 0.907 4.564 -11.907 1.056 1.916

5 24 -11.907 1.056 1.916 -11.072 0.363 3.54 -8.638 2.27 3.493 -13.361 -1.841 1.844

5 24 -9.202 3.18 1.89 -11.907 1.056 1.916 -8.638 2.27 3.493 -12.2 1.3 0

5 24 -12.2 1.3 0 -11.907 1.056 1.916 -9.202 3.18 1.89 -13.7 -1.7 0

5 24 -4.5 -5.1 0 -5.139 -5.259 1.844 -4.8 -5.4 0 -4.793 -4.856 1.916

5 24 -5.139 -5.259 1.844 -4.8 -5.4 0 -4.5 -5.1 0 -5.227 -5.858 1.659

5 24 -4.793 -4.856 1.916 -5.139 -5.259 1.844 -4.5 -5.1 0 -6.103 -4.858 3.408

5 24 -4.793 -4.856 1.916 -6.103 -4.858 3.408 -5.139 -5.259 1.844 -5.628 -4.163 3.54

5 24 -6.103 -4.858 3.408 -5.139 -5.259 1.844 -4.793 -4.856 1.916 -6.159 -5.739 3.065

5 24 -5.628 -4.163 3.54 -6.103 -4.858 3.408 -4.793 -4.856 1.916 -7.547 -4.258 4.452

5 24 -5.628 -4.163 3.54 -7.547 -4.258 4.452 -6.103 -4.858 3.408 -6.877 -3.125 4.625

5 24 -7.547 -4.258 4.452 -6.103 -4.858 3.408 -5.628 -4.163 3.54 -7.554 -5.56 4.005

5 24 -6.877 -3.125 4.625 -7.547 -4.258 4.452 -5.628 -4.163 3.54 -9.25 -3.55 4.819

5 24 -6.877 -3.125 4.625 -9.25 -3.55 4.819 -7.547 -4.258 4.452 -8.35 -1.9 5.006

5 24 -9.25 -3.55 4.819 -7.547 -4.258 4.452 -6.877 -3.125 4.625 -9.2 -5.35 4.335

5 24 -8.35 -1.9 5.006 -9.25 -3.55 4.819 -6.877 -3.125 4.625 -10.953 -2.842 4.452

5 24 -8.35 -1.9 5.006 -10.953 -2.842 4.452 -9.25 -3.55 4.819 -9.823 -0.675 4.625

5 24 -10.953 -2.842 4.452 -9.25 -3.55 4.819 -8.35 -1.9 5.006 -10.846 -5.14 4.005

5 24 -9.823 -0.675 4.625 -10.953 -2.842 4.452 -8.35 -1.9 5.006 -12.397 -2.242 3.408

5 24 -9.823 -0.675 4.625 -12.397 -2.242 3.408 -10.953 -2.842 4.452 -11.072 0.363 3.54

5 24 -12.397 -2.242 3.408 -10.953 -2.842 4.452 -9.823 -0.675 4.625 -12.241 -4.961 3.065

5 24 -11.072 0.363 3.54 -12.397 -2.242 3.408 -9.823 -0.675 4.625 -13.361 -1.841 1.844

5 24 -13.361 -1.841 1.844 -12.397 -2.242 3.408 -11.072 0.363 3.54 -13.173 -4.842 1.659

5 24 -11.907 1.056 1.916 -13.361 -1.841 1.844 -11.072 0.363 3.54 -13.7 -1.7 0

5 24 -13.7 -1.7 0 -13.361 -1.841 1.844 -11.907 1.056 1.916 -13.5 -4.8 0

5 24 -5.227 -5.858 1.659 -4.9 -5.9 0 -4.8 -5.4 0 -5.17 -7.849 1.381

5 24 -5.139 -5.259 1.844 -5.227 -5.858 1.659 -4.8 -5.4 0 -6.159 -5.739 3.065

5 24 -5.139 -5.259 1.844 -6.159 -5.739 3.065 -5.227 -5.858 1.659 -6.103 -4.858 3.408

5 24 -6.159 -5.739 3.065 -5.227 -5.858 1.659 -5.139 -5.259 1.844 -5.94 -7.99 2.552

5 24 -6.103 -4.858 3.408 -6.159 -5.739 3.065 -5.139 -5.259 1.844 -7.554 -5.56 4.005

5 24 -6.103 -4.858 3.408 -7.554 -5.56 4.005 -6.159 -5.739 3.065 -7.547 -4.258 4.452

5 24 -7.554 -5.56 4.005 -6.159 -5.739 3.065 -6.103 -4.858 3.408 -7.091 -8.201 3.334

5 24 -7.547 -4.258 4.452 -7.554 -5.56 4.005 -6.103 -4.858 3.408 -9.2 -5.35 4.335

5 24 -7.547 -4.258 4.452 -9.2 -5.35 4.335 -7.554 -5.56 4.005 -9.25 -3.55 4.819

5 24 -9.2 -5.35 4.335 -7.554 -5.56 4.005 -7.547 -4.258 4.452 -8.45 -8.45 3.609

5 24 -9.25 -3.55 4.819 -9.2 -5.35 4.335 -7.547 -4.258 4.452 -10.846 -5.14 4.005

5 24 -9.25 -3.55 4.819 -10.846 -5.14 4.005 -9.2 -5.35 4.335 -10.953 -2.842 4.452

5 24 -10.846 -5.14 4.005 -9.2 -5.35 4.335 -9.25 -3.55 4.819 -9.809 -8.699 3.334

5 24 -10.953 -2.842 4.452 -10.846 -5.14 4.005 -9.25 -3.55 4.819 -12.241 -4.961 3.065

5 24 -10.953 -2.842 4.452 -12.241 -4.961 3.065 -10.846 -5.14 4.005 -12.397 -2.242 3.408

5 24 -12.241 -4.961 3.065 -10.846 -5.14 4.005 -10.953 -2.842 4.452 -10.96 -8.91 2.552

5 24 -12.397 -2.242 3.408 -12.241 -4.961 3.065 -10.953 -2.842 4.452 -13.173 -4.842 1.659

5 24 -12.397 -2.242 3.408 -13.173 -4.842 1.659 -12.241 -4.961 3.065 -13.361 -1.841 1.844

5 24 -13.173 -4.842 1.659 -12.241 -4.961 3.065 -12.397 -2.242 3.408 -11.73 -9.051 1.381

5 24 -13.361 -1.841 1.844 -13.173 -4.842 1.659 -12.397 -2.242 3.408 -13.5 -4.8 0

5 24 -13.361 -1.841 1.844 -13.5 -4.8 0 -13.173 -4.842 1.659 -13.7 -1.7 0

5 24 -13.5 -4.8 0 -13.173 -4.842 1.659 -13.361 -1.841 1.844 -12 -9.1 0

5 24 -5.227 -5.858 1.659 -5.17 -7.849 1.381 -4.9 -5.9 0 -5.94 -7.99 2.552

5 24 -5.17 -7.849 1.381 -4.9 -7.8 0 -4.9 -5.9 0 -4.836 -10.861 1.225

5 24 -5.94 -7.99 2.552 -5.17 -7.849 1.381 -5.227 -5.858 1.659 -5.508 -11.034 2.264

5 24 -6.159 -5.739 3.065 -5.94 -7.99 2.552 -5.227 -5.858 1.659 -7.091 -8.201 3.334

5 24 -6.159 -5.739 3.065 -7.091 -8.201 3.334 -5.94 -7.99 2.552 -7.554 -5.56 4.005

5 24 -7.091 -8.201 3.334 -5.94 -7.99 2.552 -6.159 -5.739 3.065 -6.514 -11.294 2.958

5 24 -7.554 -5.56 4.005 -7.091 -8.201 3.334 -6.159 -5.739 3.065 -8.45 -8.45 3.609

5 24 -7.554 -5.56 4.005 -8.45 -8.45 3.609 -7.091 -8.201 3.334 -9.2 -5.35 4.335

5 24 -8.45 -8.45 3.609 -7.091 -8.201 3.334 -7.554 -5.56 4.005 -7.7 -11.6 3.202

5 24 -9.2 -5.35 4.335 -8.45 -8.45 3.609 -7.554 -5.56 4.005 -9.809 -8.699 3.334

5 24 -9.2 -5.35 4.335 -9.809 -8.699 3.334 -8.45 -8.45 3.609 -10.846 -5.14 4.005

5 24 -9.809 -8.699 3.334 -8.45 -8.45 3.609 -9.2 -5.35 4.335 -8.886 -11.906 2.958

5 24 -10.846 -5.14 4.005 -9.809 -8.699 3.334 -9.2 -5.35 4.335 -10.96 -8.91 2.552

5 24 -10.846 -5.14 4.005 -10.96 -8.91 2.552 -9.809 -8.699 3.334 -12.241 -4.961 3.065

5 24 -10.96 -8.91 2.552 -9.809 -8.699 3.334 -10.846 -5.14 4.005 -9.892 -12.166 2.264

5 24 -12.241 -4.961 3.065 -10.96 -8.91 2.552 -10.846 -5.14 4.005 -11.73 -9.051 1.381

5 24 -12.241 -4.961 3.065 -11.73 -9.051 1.381 -10.96 -8.91 2.552 -13.173 -4.842 1.659

5 24 -11.73 -9.051 1.381 -10.96 -8.91 2.552 -12.241 -4.961 3.065 -10.564 -12.339 1.225

5 24 -13.173 -4.842 1.659 -11.73 -9.051 1.381 -12.241 -4.961 3.065 -12 -9.1 0

5 24 -13.173 -4.842 1.659 -12 -9.1 0 -11.73 -9.051 1.381 -13.5 -4.8 0

5 24 -5.17 -7.849 1.381 -4.836 -10.861 1.225 -4.9 -7.8 0 -5.508 -11.034 2.264

5 24 -4.836 -10.861 1.225 -4.6 -10.8 0 -4.9 -7.8 0 -5.19 -14.723 0.964

5 24 -5.508 -11.034 2.264 -4.836 -10.861 1.225 -5.17 -7.849 1.381 -5.732 -14.788 1.78

5 24 -5.94 -7.99 2.552 -5.508 -11.034 2.264 -5.17 -7.849 1.381 -6.514 -11.294 2.958

5 24 -6.514 -11.294 2.958 -5.508 -11.034 2.264 -5.94 -7.99 2.552 -6.543 -14.885 2.326

5 24 -7.091 -8.201 3.334 -6.514 -11.294 2.958 -5.94 -7.99 2.552 -7.7 -11.6 3.202

5 24 -7.7 -11.6 3.202 -6.514 -11.294 2.958 -7.091 -8.201 3.334 -7.5 -15 2.518

5 24 -8.45 -8.45 3.609 -7.7 -11.6 3.202 -7.091 -8.201 3.334 -8.886 -11.906 2.958

5 24 -8.886 -11.906 2.958 -7.7 -11.6 3.202 -8.45 -8.45 3.609 -8.457 -15.115 2.326

5 24 -9.809 -8.699 3.334 -8.886 -11.906 2.958 -8.45 -8.45 3.609 -9.892 -12.166 2.264

5 24 -10.96 -8.91 2.552 -9.892 -12.166 2.264 -9.809 -8.699 3.334 -10.564 -12.339 1.225

5 24 -10.564 -12.339 1.225 -9.892 -12.166 2.264 -10.96 -8.91 2.552 -9.81 -15.277 0.964

5 24 -11.73 -9.051 1.381 -10.564 -12.339 1.225 -10.96 -8.91 2.552 -12 -9.1 0

5 24 -10.8 -12.4 0 -10.564 -12.339 1.225 -11.73 -9.051 1.381 -10 -15.3 0

5 24 -5.19 -14.723 0.964 -5 -14.7 0 -4.6 -10.8 0 -6.61 -17.589 0.558

5 24 -4.836 -10.861 1.225 -5.19 -14.723 0.964 -4.6 -10.8 0 -5.732 -14.788 1.78

5 24 -4.836 -10.861 1.225 -5.732 -14.788 1.78 -5.19 -14.723 0.964 -5.508 -11.034 2.264

5 24 -5.732 -14.788 1.78 -5.19 -14.723 0.964 -4.836 -10.861 1.225 -6.925 -17.556 1.031

5 24 -5.508 -11.034 2.264 -5.732 -14.788 1.78 -4.836 -10.861 1.225 -6.543 -14.885 2.326

5 24 -5.508 -11.034 2.264 -6.543 -14.885 2.326 -5.732 -14.788 1.78 -6.514 -11.294 2.958

5 24 -6.543 -14.885 2.326 -5.732 -14.788 1.78 -5.508 -11.034 2.264 -7.395 -17.507 1.347

5 24 -6.514 -11.294 2.958 -6.543 -14.885 2.326 -5.508 -11.034 2.264 -7.5 -15 2.518

5 24 -6.514 -11.294 2.958 -7.5 -15 2.518 -6.543 -14.885 2.326 -7.7 -11.6 3.202

5 24 -7.5 -15 2.518 -6.543 -14.885 2.326 -6.514 -11.294 2.958 -7.95 -17.45 1.458

5 24 -7.7 -11.6 3.202 -7.5 -15 2.518 -6.514 -11.294 2.958 -8.457 -15.115 2.326

5 24 -7.7 -11.6 3.202 -8.457 -15.115 2.326 -7.5 -15 2.518 -8.886 -11.906 2.958

5 24 -8.457 -15.115 2.326 -7.5 -15 2.518 -7.7 -11.6 3.202 -8.505 -17.393 1.347

5 24 -8.886 -11.906 2.958 -8.457 -15.115 2.326 -7.7 -11.6 3.202 -9.268 -15.212 1.78

5 24 -9.268 -15.212 1.78 -8.457 -15.115 2.326 -8.886 -11.906 2.958 -8.975 -17.344 1.031

5 24 -9.892 -12.166 2.264 -9.268 -15.212 1.78 -8.886 -11.906 2.958 -9.81 -15.277 0.964

5 24 -9.81 -15.277 0.964 -9.268 -15.212 1.78 -9.892 -12.166 2.264 -9.29 -17.311 0.558

5 24 -10.564 -12.339 1.225 -9.81 -15.277 0.964 -9.892 -12.166 2.264 -10.8 -12.4 0

5 24 -10 -15.3 0 -9.81 -15.277 0.964 -10.564 -12.339 1.225 -9.4 -17.3 0

5 24 -5 -14.7 0 -6.61 -17.589 0.558 -6.5 -17.6 0 -5.19 -14.723 0.964

5 24 -6.61 -17.589 0.558 -6.5 -17.6 0 -5 -14.7 0 -8 -18.3 0

5 24 -5.19 -14.723 0.964 -6.61 -17.589 0.558 -5 -14.7 0 -6.925 -17.556 1.031

5 24 -5.19 -14.723 0.964 -6.925 -17.556 1.031 -6.61 -17.589 0.558 -5.732 -14.788 1.78

5 24 -6.925 -17.556 1.031 -6.61 -17.589 0.558 -5.19 -14.723 0.964 -8 -18.3 0

5 24 -5.732 -14.788 1.78 -6.925 -17.556 1.031 -5.19 -14.723 0.964 -7.395 -17.507 1.347

5 24 -5.732 -14.788 1.78 -7.395 -17.507 1.347 -6.925 -17.556 1.031 -6.543 -14.885 2.326

5 24 -7.395 -17.507 1.347 -6.925 -17.556 1.031 -5.732 -14.788 1.78 -8 -18.3 0

5 24 -6.543 -14.885 2.326 -7.395 -17.507 1.347 -5.732 -14.788 1.78 -7.95 -17.45 1.458

5 24 -6.543 -14.885 2.326 -7.95 -17.45 1.458 -7.395 -17.507 1.347 -7.5 -15 2.518

5 24 -7.95 -17.45 1.458 -7.395 -17.507 1.347 -6.543 -14.885 2.326 -8 -18.3 0

5 24 -7.5 -15 2.518 -7.95 -17.45 1.458 -6.543 -14.885 2.326 -8.505 -17.393 1.347

5 24 -7.5 -15 2.518 -8.505 -17.393 1.347 -7.95 -17.45 1.458 -8.457 -15.115 2.326

5 24 -8.505 -17.393 1.347 -7.95 -17.45 1.458 -7.5 -15 2.518 -8 -18.3 0

5 24 -8.457 -15.115 2.326 -8.505 -17.393 1.347 -7.5 -15 2.518 -8.975 -17.344 1.031

5 24 -8.457 -15.115 2.326 -8.975 -17.344 1.031 -8.505 -17.393 1.347 -9.268 -15.212 1.78

5 24 -8.975 -17.344 1.031 -8.505 -17.393 1.347 -8.457 -15.115 2.326 -8 -18.3 0

5 24 -9.268 -15.212 1.78 -8.975 -17.344 1.031 -8.457 -15.115 2.326 -9.29 -17.311 0.558

5 24 -9.268 -15.212 1.78 -9.29 -17.311 0.558 -8.975 -17.344 1.031 -9.81 -15.277 0.964

5 24 -9.29 -17.311 0.558 -8.975 -17.344 1.031 -9.268 -15.212 1.78 -8 -18.3 0

5 24 -9.81 -15.277 0.964 -9.29 -17.311 0.558 -9.268 -15.212 1.78 -9.4 -17.3 0

5 24 -9.4 -17.3 0 -9.29 -17.311 0.558 -9.81 -15.277 0.964 -8 -18.3 0

5 24 -6.61 -17.589 0.558 -8 -18.3 0 -6.5 -17.6 0 -6.925 -17.556 1.031

5 24 -6.925 -17.556 1.031 -8 -18.3 0 -6.61 -17.589 0.558 -7.395 -17.507 1.347

5 24 -7.395 -17.507 1.347 -8 -18.3 0 -6.925 -17.556 1.031 -7.95 -17.45 1.458

5 24 -7.95 -17.45 1.458 -8 -18.3 0 -7.395 -17.507 1.347 -8.505 -17.393 1.347

5 24 -8.505 -17.393 1.347 -8 -18.3 0 -7.95 -17.45 1.458 -8.975 -17.344 1.031

5 24 -8.975 -17.344 1.031 -8 -18.3 0 -8.505 -17.393 1.347 -9.29 -17.311 0.558

5 24 -9.29 -17.311 0.558 -8 -18.3 0 -8.975 -17.344 1.031 -9.4 -17.3 0

5 24 -2.656 3.394 3.396 -2.607 1.837 4.437 0 1.913 4.62 -5.934 3.053 3.371

5 24 -6.8 -0.7 4.94 -5.805 -2.307 4.564 -4.572 -1.96 4.404 -8.35 -1.9 5.006

5 24 -6.8 -0.7 4.94 -9.823 -0.675 4.625 -8.35 -1.9 5.006 -7.795 0.907 4.564

5 24 -12 -9.1 0 -11.73 -9.051 1.381 -13.173 -4.842 1.659 -10.8 -12.4 0

5 24 -9.892 -12.166 2.264 -8.886 -11.906 2.958 -9.809 -8.699 3.334 -9.268 -15.212 1.78

5 24 -8.886 -11.906 2.958 -9.268 -15.212 1.78 -8.457 -15.115 2.326 -9.892 -12.166 2.264

0 // Half horn

4 16 -2.4 -4.8 0 -2.411 -4.435 -1.838 0 -4.62 -1.913 0 -5 0

4 16 -2.411 -4.435 -1.838 -2.444 -3.394 -3.396 0 -3.535 -3.535 0 -4.62 -1.913

4 16 -2.444 -3.394 -3.396 -2.493 -1.837 -4.437 0 -1.913 -4.62 0 -3.535 -3.535

4 16 -2.493 -1.837 -4.437 -2.55 0 -4.802 0 0 -5 0 -1.913 -4.62

4 16 -2.55 0 -4.802 -2.607 1.837 -4.437 0 1.913 -4.62 0 0 -5

4 16 -2.607 1.837 -4.437 -2.656 3.394 -3.396 0 3.535 -3.535 0 1.913 -4.62

4 16 -2.656 3.394 -3.396 -2.689 4.435 -1.838 0 4.62 -1.913 0 3.535 -3.535

4 16 -2.689 4.435 -1.838 -2.7 4.8 0 0 5 0 0 4.62 -1.913

4 16 -2.411 -4.435 -1.838 -2.4 -4.8 0 -3.8 -4.8 0 -3.895 -4.45 -1.824

3 16 -3.895 -4.45 -1.824 -4.166 -3.453 -3.371 -2.411 -4.435 -1.838

3 16 -4.166 -3.453 -3.371 -2.444 -3.394 -3.396 -2.411 -4.435 -1.838

3 16 -4.166 -3.453 -3.371 -4.572 -1.96 -4.404 -2.444 -3.394 -3.396

3 16 -4.572 -1.96 -4.404 -2.493 -1.837 -4.437 -2.444 -3.394 -3.396

4 16 -2.55 0 -4.802 -2.493 -1.837 -4.437 -4.572 -1.96 -4.404 -5.05 -0.2 -4.767

4 16 -5.05 -0.2 -4.767 -5.528 1.56 -4.404 -2.607 1.837 -4.437 -2.55 0 -4.802

4 16 -2.656 3.394 -3.396 -2.607 1.837 -4.437 -5.528 1.56 -4.404 -5.934 3.053 -3.371

4 16 -2.689 4.435 -1.838 -2.656 3.394 -3.396 -5.934 3.053 -3.371 -6.205 4.05 -1.824

4 16 -6.205 4.05 -1.824 -6.3 4.4 0 -2.7 4.8 0 -2.689 4.435 -1.838

3 16 -4.2 -4.9 0 -4.398 -4.58 -1.89 -3.8 -4.8 0

3 16 -4.398 -4.58 -1.89 -3.895 -4.45 -1.824 -3.8 -4.8 0

3 16 -4.398 -4.58 -1.89 -4.962 -3.67 -3.493 -3.895 -4.45 -1.824

3 16 -4.962 -3.67 -3.493 -4.166 -3.453 -3.371 -3.895 -4.45 -1.824

3 16 -4.962 -3.67 -3.493 -5.805 -2.307 -4.564 -4.166 -3.453 -3.371

3 16 -5.805 -2.307 -4.564 -4.572 -1.96 -4.404 -4.166 -3.453 -3.371

3 16 -5.805 -2.307 -4.564 -6.8 -0.7 -4.94 -4.572 -1.96 -4.404

3 16 -6.8 -0.7 -4.94 -5.05 -0.2 -4.767 -4.572 -1.96 -4.404

3 16 -6.8 -0.7 -4.94 -7.795 0.907 -4.564 -5.05 -0.2 -4.767

3 16 -7.795 0.907 -4.564 -5.528 1.56 -4.404 -5.05 -0.2 -4.767

3 16 -7.795 0.907 -4.564 -8.638 2.27 -3.493 -5.528 1.56 -4.404

3 16 -8.638 2.27 -3.493 -5.934 3.053 -3.371 -5.528 1.56 -4.404

3 16 -8.638 2.27 -3.493 -9.202 3.18 -1.89 -5.934 3.053 -3.371

3 16 -9.202 3.18 -1.89 -6.205 4.05 -1.824 -5.934 3.053 -3.371

4 16 -6.3 4.4 0 -6.205 4.05 -1.824 -9.202 3.18 -1.89 -9.4 3.5 0

3 16 -4.5 -5.1 0 -4.793 -4.856 -1.916 -4.2 -4.9 0

3 16 -4.793 -4.856 -1.916 -4.398 -4.58 -1.89 -4.2 -4.9 0

3 16 -4.793 -4.856 -1.916 -5.628 -4.163 -3.54 -4.398 -4.58 -1.89

3 16 -5.628 -4.163 -3.54 -4.962 -3.67 -3.493 -4.398 -4.58 -1.89

4 16 -5.628 -4.163 -3.54 -6.877 -3.125 -4.625 -5.805 -2.307 -4.564 -4.962 -3.67 -3.493

4 16 -6.8 -0.7 -4.94 -5.805 -2.307 -4.564 -6.877 -3.125 -4.625 -8.35 -1.9 -5.006

3 16 -8.35 -1.9 -5.006 -9.823 -0.675 -4.625 -6.8 -0.7 -4.94

3 16 -9.823 -0.675 -4.625 -7.795 0.907 -4.564 -6.8 -0.7 -4.94

4 16 -8.638 2.27 -3.493 -7.795 0.907 -4.564 -9.823 -0.675 -4.625 -11.072 0.363 -3.54

4 16 -9.202 3.18 -1.89 -8.638 2.27 -3.493 -11.072 0.363 -3.54 -11.907 1.056 -1.916

4 16 -9.4 3.5 0 -9.202 3.18 -1.89 -11.907 1.056 -1.916 -12.2 1.3 0

3 16 -4.8 -5.4 0 -5.139 -5.259 -1.844 -4.5 -5.1 0

3 16 -5.139 -5.259 -1.844 -4.793 -4.856 -1.916 -4.5 -5.1 0

3 16 -5.139 -5.259 -1.844 -6.103 -4.858 -3.408 -4.793 -4.856 -1.916

3 16 -6.103 -4.858 -3.408 -5.628 -4.163 -3.54 -4.793 -4.856 -1.916

3 16 -6.103 -4.858 -3.408 -7.547 -4.258 -4.452 -5.628 -4.163 -3.54

3 16 -7.547 -4.258 -4.452 -6.877 -3.125 -4.625 -5.628 -4.163 -3.54

3 16 -7.547 -4.258 -4.452 -9.25 -3.55 -4.819 -6.877 -3.125 -4.625

3 16 -9.25 -3.55 -4.819 -8.35 -1.9 -5.006 -6.877 -3.125 -4.625

3 16 -9.25 -3.55 -4.819 -10.953 -2.842 -4.452 -8.35 -1.9 -5.006

3 16 -10.953 -2.842 -4.452 -9.823 -0.675 -4.625 -8.35 -1.9 -5.006

3 16 -10.953 -2.842 -4.452 -12.397 -2.242 -3.408 -9.823 -0.675 -4.625

3 16 -12.397 -2.242 -3.408 -11.072 0.363 -3.54 -9.823 -0.675 -4.625

4 16 -11.907 1.056 -1.916 -11.072 0.363 -3.54 -12.397 -2.242 -3.408 -13.361 -1.841 -1.844

4 16 -12.2 1.3 0 -11.907 1.056 -1.916 -13.361 -1.841 -1.844 -13.7 -1.7 0

4 16 -5.139 -5.259 -1.844 -4.8 -5.4 0 -4.9 -5.9 0 -5.227 -5.858 -1.659

3 16 -5.227 -5.858 -1.659 -6.159 -5.739 -3.065 -5.139 -5.259 -1.844

3 16 -6.159 -5.739 -3.065 -6.103 -4.858 -3.408 -5.139 -5.259 -1.844

3 16 -6.159 -5.739 -3.065 -7.554 -5.56 -4.005 -6.103 -4.858 -3.408

3 16 -7.554 -5.56 -4.005 -7.547 -4.258 -4.452 -6.103 -4.858 -3.408

3 16 -7.554 -5.56 -4.005 -9.2 -5.35 -4.335 -7.547 -4.258 -4.452

3 16 -9.2 -5.35 -4.335 -9.25 -3.55 -4.819 -7.547 -4.258 -4.452

3 16 -9.2 -5.35 -4.335 -10.846 -5.14 -4.005 -9.25 -3.55 -4.819

3 16 -10.846 -5.14 -4.005 -10.953 -2.842 -4.452 -9.25 -3.55 -4.819

3 16 -10.846 -5.14 -4.005 -12.241 -4.961 -3.065 -10.953 -2.842 -4.452

3 16 -12.241 -4.961 -3.065 -12.397 -2.242 -3.408 -10.953 -2.842 -4.452

3 16 -12.241 -4.961 -3.065 -13.173 -4.842 -1.659 -12.397 -2.242 -3.408

3 16 -13.173 -4.842 -1.659 -13.361 -1.841 -1.844 -12.397 -2.242 -3.408

3 16 -13.173 -4.842 -1.659 -13.5 -4.8 0 -13.361 -1.841 -1.844

3 16 -13.5 -4.8 0 -13.7 -1.7 0 -13.361 -1.841 -1.844

4 16 -4.9 -7.8 0 -5.17 -7.849 -1.381 -5.227 -5.858 -1.659 -4.9 -5.9 0

4 16 -6.159 -5.739 -3.065 -5.227 -5.858 -1.659 -5.17 -7.849 -1.381 -5.94 -7.99 -2.552

3 16 -5.94 -7.99 -2.552 -7.091 -8.201 -3.334 -6.159 -5.739 -3.065

3 16 -7.091 -8.201 -3.334 -7.554 -5.56 -4.005 -6.159 -5.739 -3.065

3 16 -7.091 -8.201 -3.334 -8.45 -8.45 -3.609 -7.554 -5.56 -4.005

3 16 -8.45 -8.45 -3.609 -9.2 -5.35 -4.335 -7.554 -5.56 -4.005

3 16 -8.45 -8.45 -3.609 -9.809 -8.699 -3.334 -9.2 -5.35 -4.335

3 16 -9.809 -8.699 -3.334 -10.846 -5.14 -4.005 -9.2 -5.35 -4.335

3 16 -9.809 -8.699 -3.334 -10.96 -8.91 -2.552 -10.846 -5.14 -4.005

3 16 -10.96 -8.91 -2.552 -12.241 -4.961 -3.065 -10.846 -5.14 -4.005

3 16 -10.96 -8.91 -2.552 -11.73 -9.051 -1.381 -12.241 -4.961 -3.065

3 16 -11.73 -9.051 -1.381 -13.173 -4.842 -1.659 -12.241 -4.961 -3.065

3 16 -11.73 -9.051 -1.381 -12 -9.1 0 -13.173 -4.842 -1.659

3 16 -12 -9.1 0 -13.5 -4.8 0 -13.173 -4.842 -1.659

4 16 -4.6 -10.8 0 -4.836 -10.861 -1.225 -5.17 -7.849 -1.381 -4.9 -7.8 0

4 16 -5.94 -7.99 -2.552 -5.17 -7.849 -1.381 -4.836 -10.861 -1.225 -5.508 -11.034 -2.264

4 16 -7.091 -8.201 -3.334 -5.94 -7.99 -2.552 -5.508 -11.034 -2.264 -6.514 -11.294 -2.958

4 16 -8.45 -8.45 -3.609 -7.091 -8.201 -3.334 -6.514 -11.294 -2.958 -7.7 -11.6 -3.202

4 16 -9.809 -8.699 -3.334 -8.45 -8.45 -3.609 -7.7 -11.6 -3.202 -8.886 -11.906 -2.958

4 16 -10.96 -8.91 -2.552 -9.809 -8.699 -3.334 -8.886 -11.906 -2.958 -9.892 -12.166 -2.264

4 16 -11.73 -9.051 -1.381 -10.96 -8.91 -2.552 -9.892 -12.166 -2.264 -10.564 -12.339 -1.225

4 16 -10.564 -12.339 -1.225 -10.8 -12.4 0 -12 -9.1 0 -11.73 -9.051 -1.381

4 16 -4.836 -10.861 -1.225 -4.6 -10.8 0 -5 -14.7 0 -5.19 -14.723 -0.964

3 16 -5.19 -14.723 -0.964 -5.732 -14.788 -1.78 -4.836 -10.861 -1.225

3 16 -5.732 -14.788 -1.78 -5.508 -11.034 -2.264 -4.836 -10.861 -1.225

3 16 -5.732 -14.788 -1.78 -6.543 -14.885 -2.326 -5.508 -11.034 -2.264

3 16 -6.543 -14.885 -2.326 -6.514 -11.294 -2.958 -5.508 -11.034 -2.264

3 16 -6.543 -14.885 -2.326 -7.5 -15 -2.518 -6.514 -11.294 -2.958

3 16 -7.5 -15 -2.518 -7.7 -11.6 -3.202 -6.514 -11.294 -2.958

3 16 -7.5 -15 -2.518 -8.457 -15.115 -2.326 -7.7 -11.6 -3.202

3 16 -8.457 -15.115 -2.326 -8.886 -11.906 -2.958 -7.7 -11.6 -3.202

3 16 -8.457 -15.115 -2.326 -9.268 -15.212 -1.78 -8.886 -11.906 -2.958

3 16 -9.268 -15.212 -1.78 -9.892 -12.166 -2.264 -8.886 -11.906 -2.958

4 16 -10.564 -12.339 -1.225 -9.892 -12.166 -2.264 -9.268 -15.212 -1.78 -9.81 -15.277 -0.964

4 16 -9.81 -15.277 -0.964 -10 -15.3 0 -10.8 -12.4 0 -10.564 -12.339 -1.225

3 16 -6.5 -17.6 0 -6.61 -17.589 -0.558 -5 -14.7 0

3 16 -6.61 -17.589 -0.558 -5.19 -14.723 -0.964 -5 -14.7 0

3 16 -6.61 -17.589 -0.558 -6.925 -17.556 -1.031 -5.19 -14.723 -0.964

3 16 -6.925 -17.556 -1.031 -5.732 -14.788 -1.78 -5.19 -14.723 -0.964

3 16 -6.925 -17.556 -1.031 -7.395 -17.507 -1.347 -5.732 -14.788 -1.78

3 16 -7.395 -17.507 -1.347 -6.543 -14.885 -2.326 -5.732 -14.788 -1.78

3 16 -7.395 -17.507 -1.347 -7.95 -17.45 -1.458 -6.543 -14.885 -2.326

3 16 -7.95 -17.45 -1.458 -7.5 -15 -2.518 -6.543 -14.885 -2.326

3 16 -7.95 -17.45 -1.458 -8.505 -17.393 -1.347 -7.5 -15 -2.518

3 16 -8.505 -17.393 -1.347 -8.457 -15.115 -2.326 -7.5 -15 -2.518

3 16 -8.505 -17.393 -1.347 -8.975 -17.344 -1.031 -8.457 -15.115 -2.326

3 16 -8.975 -17.344 -1.031 -9.268 -15.212 -1.78 -8.457 -15.115 -2.326

3 16 -8.975 -17.344 -1.031 -9.29 -17.311 -0.558 -9.268 -15.212 -1.78

3 16 -9.29 -17.311 -0.558 -9.81 -15.277 -0.964 -9.268 -15.212 -1.78

4 16 -10 -15.3 0 -9.81 -15.277 -0.964 -9.29 -17.311 -0.558 -9.4 -17.3 0

3 16 -8 -18.3 0 -6.61 -17.589 -0.558 -6.5 -17.6 0

3 16 -8 -18.3 0 -6.925 -17.556 -1.031 -6.61 -17.589 -0.558

3 16 -8 -18.3 0 -7.395 -17.507 -1.347 -6.925 -17.556 -1.031

3 16 -8 -18.3 0 -7.95 -17.45 -1.458 -7.395 -17.507 -1.347

3 16 -8 -18.3 0 -8.505 -17.393 -1.347 -7.95 -17.45 -1.458

3 16 -8 -18.3 0 -8.975 -17.344 -1.031 -8.505 -17.393 -1.347

3 16 -8 -18.3 0 -9.29 -17.311 -0.558 -8.975 -17.344 -1.031

3 16 -8 -18.3 0 -9.4 -17.3 0 -9.29 -17.311 -0.558

0 // Added lines/Condlines

5 24 0 -4.62 -1.913 -2.411 -4.435 -1.838 0 -5 0 0 -3.535 -3.535

5 24 -2.411 -4.435 -1.838 -2.4 -4.8 0 0 -5 0 -3.895 -4.45 -1.824

5 24 0 -3.535 -3.535 -2.444 -3.394 -3.396 0 -4.62 -1.913 0 -1.913 -4.62

5 24 -2.444 -3.394 -3.396 -2.411 -4.435 -1.838 0 -4.62 -1.913 -4.166 -3.453 -3.371

5 24 0 -1.913 -4.62 -2.493 -1.837 -4.437 0 -3.535 -3.535 0 0 -5

5 24 -2.493 -1.837 -4.437 -2.444 -3.394 -3.396 0 -3.535 -3.535 -4.572 -1.96 -4.404

5 24 0 0 -5 -2.55 0 -4.802 0 -1.913 -4.62 0 1.913 -4.62

5 24 -2.55 0 -4.802 -2.493 -1.837 -4.437 0 -1.913 -4.62 -5.05 -0.2 -4.767

5 24 0 1.913 -4.62 -2.607 1.837 -4.437 0 0 -5 0 3.535 -3.535

5 24 -2.607 1.837 -4.437 -2.55 0 -4.802 0 0 -5 -5.528 1.56 -4.404

5 24 0 3.535 -3.535 -2.656 3.394 -3.396 0 1.913 -4.62 0 4.62 -1.913

5 24 0 4.62 -1.913 -2.689 4.435 -1.838 0 3.535 -3.535 0 5 0

5 24 -2.689 4.435 -1.838 -2.656 3.394 -3.396 0 3.535 -3.535 -6.205 4.05 -1.824

5 24 -2.7 4.8 0 -2.689 4.435 -1.838 0 4.62 -1.913 -6.3 4.4 0

5 24 -3.895 -4.45 -1.824 -3.8 -4.8 0 -2.4 -4.8 0 -4.398 -4.58 -1.89

5 24 -2.411 -4.435 -1.838 -3.895 -4.45 -1.824 -2.4 -4.8 0 -4.166 -3.453 -3.371

5 24 -2.411 -4.435 -1.838 -4.166 -3.453 -3.371 -3.895 -4.45 -1.824 -2.444 -3.394 -3.396

5 24 -4.166 -3.453 -3.371 -3.895 -4.45 -1.824 -2.411 -4.435 -1.838 -4.962 -3.67 -3.493

5 24 -2.444 -3.394 -3.396 -4.166 -3.453 -3.371 -2.411 -4.435 -1.838 -4.572 -1.96 -4.404

5 24 -2.444 -3.394 -3.396 -4.572 -1.96 -4.404 -4.166 -3.453 -3.371 -2.493 -1.837 -4.437

5 24 -4.572 -1.96 -4.404 -4.166 -3.453 -3.371 -2.444 -3.394 -3.396 -5.805 -2.307 -4.564

5 24 -2.493 -1.837 -4.437 -4.572 -1.96 -4.404 -2.444 -3.394 -3.396 -5.05 -0.2 -4.767

5 24 -5.05 -0.2 -4.767 -4.572 -1.96 -4.404 -2.493 -1.837 -4.437 -6.8 -0.7 -4.94

5 24 -2.55 0 -4.802 -5.05 -0.2 -4.767 -2.493 -1.837 -4.437 -2.607 1.837 -4.437

5 24 -2.607 1.837 -4.437 -5.528 1.56 -4.404 -2.55 0 -4.802 -5.934 3.053 -3.371

5 24 -5.528 1.56 -4.404 -5.05 -0.2 -4.767 -2.55 0 -4.802 -7.795 0.907 -4.564

5 24 -5.934 3.053 -3.371 -5.528 1.56 -4.404 -2.607 1.837 -4.437 -8.638 2.27 -3.493

5 24 -2.656 3.394 -3.396 -5.934 3.053 -3.371 -2.607 1.837 -4.437 -6.205 4.05 -1.824

5 24 -6.205 4.05 -1.824 -5.934 3.053 -3.371 -2.656 3.394 -3.396 -9.202 3.18 -1.89

5 24 -2.689 4.435 -1.838 -6.205 4.05 -1.824 -2.656 3.394 -3.396 -2.7 4.8 0

5 24 -6.3 4.4 0 -6.205 4.05 -1.824 -2.689 4.435 -1.838 -9.4 3.5 0

5 24 -3.8 -4.8 0 -4.398 -4.58 -1.89 -4.2 -4.9 0 -3.895 -4.45 -1.824

5 24 -4.398 -4.58 -1.89 -4.2 -4.9 0 -3.8 -4.8 0 -4.793 -4.856 -1.916

5 24 -3.895 -4.45 -1.824 -4.398 -4.58 -1.89 -3.8 -4.8 0 -4.962 -3.67 -3.493

5 24 -3.895 -4.45 -1.824 -4.962 -3.67 -3.493 -4.398 -4.58 -1.89 -4.166 -3.453 -3.371

5 24 -4.962 -3.67 -3.493 -4.398 -4.58 -1.89 -3.895 -4.45 -1.824 -5.628 -4.163 -3.54

5 24 -4.166 -3.453 -3.371 -4.962 -3.67 -3.493 -3.895 -4.45 -1.824 -5.805 -2.307 -4.564

5 24 -4.166 -3.453 -3.371 -5.805 -2.307 -4.564 -4.962 -3.67 -3.493 -4.572 -1.96 -4.404

5 24 -5.805 -2.307 -4.564 -4.962 -3.67 -3.493 -4.166 -3.453 -3.371 -6.877 -3.125 -4.625

5 24 -4.572 -1.96 -4.404 -5.805 -2.307 -4.564 -4.166 -3.453 -3.371 -6.8 -0.7 -4.94

5 24 -4.572 -1.96 -4.404 -6.8 -0.7 -4.94 -5.805 -2.307 -4.564 -5.05 -0.2 -4.767

5 24 -5.05 -0.2 -4.767 -6.8 -0.7 -4.94 -4.572 -1.96 -4.404 -7.795 0.907 -4.564

5 24 -5.05 -0.2 -4.767 -7.795 0.907 -4.564 -6.8 -0.7 -4.94 -5.528 1.56 -4.404

5 24 -7.795 0.907 -4.564 -6.8 -0.7 -4.94 -5.05 -0.2 -4.767 -9.823 -0.675 -4.625

5 24 -5.528 1.56 -4.404 -7.795 0.907 -4.564 -5.05 -0.2 -4.767 -8.638 2.27 -3.493

5 24 -5.528 1.56 -4.404 -8.638 2.27 -3.493 -7.795 0.907 -4.564 -5.934 3.053 -3.371

5 24 -8.638 2.27 -3.493 -7.795 0.907 -4.564 -5.528 1.56 -4.404 -11.072 0.363 -3.54

5 24 -5.934 3.053 -3.371 -8.638 2.27 -3.493 -5.528 1.56 -4.404 -9.202 3.18 -1.89

5 24 -5.934 3.053 -3.371 -9.202 3.18 -1.89 -8.638 2.27 -3.493 -6.205 4.05 -1.824

5 24 -9.202 3.18 -1.89 -8.638 2.27 -3.493 -5.934 3.053 -3.371 -11.907 1.056 -1.916

5 24 -6.205 4.05 -1.824 -9.202 3.18 -1.89 -5.934 3.053 -3.371 -9.4 3.5 0

5 24 -9.4 3.5 0 -9.202 3.18 -1.89 -6.205 4.05 -1.824 -12.2 1.3 0

5 24 -4.2 -4.9 0 -4.793 -4.856 -1.916 -4.5 -5.1 0 -4.398 -4.58 -1.89

5 24 -4.793 -4.856 -1.916 -4.5 -5.1 0 -4.2 -4.9 0 -5.139 -5.259 -1.844

5 24 -4.398 -4.58 -1.89 -4.793 -4.856 -1.916 -4.2 -4.9 0 -5.628 -4.163 -3.54

5 24 -4.398 -4.58 -1.89 -5.628 -4.163 -3.54 -4.793 -4.856 -1.916 -4.962 -3.67 -3.493

5 24 -5.628 -4.163 -3.54 -4.793 -4.856 -1.916 -4.398 -4.58 -1.89 -6.103 -4.858 -3.408

5 24 -4.962 -3.67 -3.493 -5.628 -4.163 -3.54 -4.398 -4.58 -1.89 -5.805 -2.307 -4.564

5 24 -5.805 -2.307 -4.564 -6.877 -3.125 -4.625 -4.962 -3.67 -3.493 -8.35 -1.9 -5.006

5 24 -6.877 -3.125 -4.625 -5.628 -4.163 -3.54 -4.962 -3.67 -3.493 -7.547 -4.258 -4.452

5 24 -8.35 -1.9 -5.006 -6.877 -3.125 -4.625 -5.805 -2.307 -4.564 -9.25 -3.55 -4.819

5 24 -6.8 -0.7 -4.94 -8.35 -1.9 -5.006 -5.805 -2.307 -4.564 -9.823 -0.675 -4.625

5 24 -9.823 -0.675 -4.625 -8.35 -1.9 -5.006 -6.8 -0.7 -4.94 -10.953 -2.842 -4.452

5 24 -7.795 0.907 -4.564 -9.823 -0.675 -4.625 -6.8 -0.7 -4.94 -11.072 0.363 -3.54

5 24 -11.072 0.363 -3.54 -9.823 -0.675 -4.625 -7.795 0.907 -4.564 -12.397 -2.242 -3.408

5 24 -8.638 2.27 -3.493 -11.072 0.363 -3.54 -7.795 0.907 -4.564 -11.907 1.056 -1.916

5 24 -11.907 1.056 -1.916 -11.072 0.363 -3.54 -8.638 2.27 -3.493 -13.361 -1.841 -1.844

5 24 -9.202 3.18 -1.89 -11.907 1.056 -1.916 -8.638 2.27 -3.493 -12.2 1.3 0

5 24 -12.2 1.3 0 -11.907 1.056 -1.916 -9.202 3.18 -1.89 -13.7 -1.7 0

5 24 -4.5 -5.1 0 -5.139 -5.259 -1.844 -4.8 -5.4 0 -4.793 -4.856 -1.916

5 24 -5.139 -5.259 -1.844 -4.8 -5.4 0 -4.5 -5.1 0 -5.227 -5.858 -1.659

5 24 -4.793 -4.856 -1.916 -5.139 -5.259 -1.844 -4.5 -5.1 0 -6.103 -4.858 -3.408

5 24 -4.793 -4.856 -1.916 -6.103 -4.858 -3.408 -5.139 -5.259 -1.844 -5.628 -4.163 -3.54

5 24 -6.103 -4.858 -3.408 -5.139 -5.259 -1.844 -4.793 -4.856 -1.916 -6.159 -5.739 -3.065

5 24 -5.628 -4.163 -3.54 -6.103 -4.858 -3.408 -4.793 -4.856 -1.916 -7.547 -4.258 -4.452

5 24 -5.628 -4.163 -3.54 -7.547 -4.258 -4.452 -6.103 -4.858 -3.408 -6.877 -3.125 -4.625

5 24 -7.547 -4.258 -4.452 -6.103 -4.858 -3.408 -5.628 -4.163 -3.54 -7.554 -5.56 -4.005

5 24 -6.877 -3.125 -4.625 -7.547 -4.258 -4.452 -5.628 -4.163 -3.54 -9.25 -3.55 -4.819

5 24 -6.877 -3.125 -4.625 -9.25 -3.55 -4.819 -7.547 -4.258 -4.452 -8.35 -1.9 -5.006

5 24 -9.25 -3.55 -4.819 -7.547 -4.258 -4.452 -6.877 -3.125 -4.625 -9.2 -5.35 -4.335

5 24 -8.35 -1.9 -5.006 -9.25 -3.55 -4.819 -6.877 -3.125 -4.625 -10.953 -2.842 -4.452

5 24 -8.35 -1.9 -5.006 -10.953 -2.842 -4.452 -9.25 -3.55 -4.819 -9.823 -0.675 -4.625

5 24 -10.953 -2.842 -4.452 -9.25 -3.55 -4.819 -8.35 -1.9 -5.006 -10.846 -5.14 -4.005

5 24 -9.823 -0.675 -4.625 -10.953 -2.842 -4.452 -8.35 -1.9 -5.006 -12.397 -2.242 -3.408

5 24 -9.823 -0.675 -4.625 -12.397 -2.242 -3.408 -10.953 -2.842 -4.452 -11.072 0.363 -3.54

5 24 -12.397 -2.242 -3.408 -10.953 -2.842 -4.452 -9.823 -0.675 -4.625 -12.241 -4.961 -3.065

5 24 -11.072 0.363 -3.54 -12.397 -2.242 -3.408 -9.823 -0.675 -4.625 -13.361 -1.841 -1.844

5 24 -13.361 -1.841 -1.844 -12.397 -2.242 -3.408 -11.072 0.363 -3.54 -13.173 -4.842 -1.659

5 24 -11.907 1.056 -1.916 -13.361 -1.841 -1.844 -11.072 0.363 -3.54 -13.7 -1.7 0

5 24 -13.7 -1.7 0 -13.361 -1.841 -1.844 -11.907 1.056 -1.916 -13.5 -4.8 0

5 24 -5.227 -5.858 -1.659 -4.9 -5.9 0 -4.8 -5.4 0 -5.17 -7.849 -1.381

5 24 -5.139 -5.259 -1.844 -5.227 -5.858 -1.659 -4.8 -5.4 0 -6.159 -5.739 -3.065

5 24 -5.139 -5.259 -1.844 -6.159 -5.739 -3.065 -5.227 -5.858 -1.659 -6.103 -4.858 -3.408

5 24 -6.159 -5.739 -3.065 -5.227 -5.858 -1.659 -5.139 -5.259 -1.844 -5.94 -7.99 -2.552

5 24 -6.103 -4.858 -3.408 -6.159 -5.739 -3.065 -5.139 -5.259 -1.844 -7.554 -5.56 -4.005

5 24 -6.103 -4.858 -3.408 -7.554 -5.56 -4.005 -6.159 -5.739 -3.065 -7.547 -4.258 -4.452

5 24 -7.554 -5.56 -4.005 -6.159 -5.739 -3.065 -6.103 -4.858 -3.408 -7.091 -8.201 -3.334

5 24 -7.547 -4.258 -4.452 -7.554 -5.56 -4.005 -6.103 -4.858 -3.408 -9.2 -5.35 -4.335

5 24 -7.547 -4.258 -4.452 -9.2 -5.35 -4.335 -7.554 -5.56 -4.005 -9.25 -3.55 -4.819

5 24 -9.2 -5.35 -4.335 -7.554 -5.56 -4.005 -7.547 -4.258 -4.452 -8.45 -8.45 -3.609

5 24 -9.25 -3.55 -4.819 -9.2 -5.35 -4.335 -7.547 -4.258 -4.452 -10.846 -5.14 -4.005

5 24 -9.25 -3.55 -4.819 -10.846 -5.14 -4.005 -9.2 -5.35 -4.335 -10.953 -2.842 -4.452

5 24 -10.846 -5.14 -4.005 -9.2 -5.35 -4.335 -9.25 -3.55 -4.819 -9.809 -8.699 -3.334

5 24 -10.953 -2.842 -4.452 -10.846 -5.14 -4.005 -9.25 -3.55 -4.819 -12.241 -4.961 -3.065

5 24 -10.953 -2.842 -4.452 -12.241 -4.961 -3.065 -10.846 -5.14 -4.005 -12.397 -2.242 -3.408

5 24 -12.241 -4.961 -3.065 -10.846 -5.14 -4.005 -10.953 -2.842 -4.452 -10.96 -8.91 -2.552

5 24 -12.397 -2.242 -3.408 -12.241 -4.961 -3.065 -10.953 -2.842 -4.452 -13.173 -4.842 -1.659

5 24 -12.397 -2.242 -3.408 -13.173 -4.842 -1.659 -12.241 -4.961 -3.065 -13.361 -1.841 -1.844

5 24 -13.173 -4.842 -1.659 -12.241 -4.961 -3.065 -12.397 -2.242 -3.408 -11.73 -9.051 -1.381

5 24 -13.361 -1.841 -1.844 -13.173 -4.842 -1.659 -12.397 -2.242 -3.408 -13.5 -4.8 0

5 24 -13.361 -1.841 -1.844 -13.5 -4.8 0 -13.173 -4.842 -1.659 -13.7 -1.7 0

5 24 -13.5 -4.8 0 -13.173 -4.842 -1.659 -13.361 -1.841 -1.844 -12 -9.1 0

5 24 -5.227 -5.858 -1.659 -5.17 -7.849 -1.381 -4.9 -5.9 0 -5.94 -7.99 -2.552

5 24 -5.17 -7.849 -1.381 -4.9 -7.8 0 -4.9 -5.9 0 -4.836 -10.861 -1.225

5 24 -5.94 -7.99 -2.552 -5.17 -7.849 -1.381 -5.227 -5.858 -1.659 -5.508 -11.034 -2.264

5 24 -6.159 -5.739 -3.065 -5.94 -7.99 -2.552 -5.227 -5.858 -1.659 -7.091 -8.201 -3.334

5 24 -6.159 -5.739 -3.065 -7.091 -8.201 -3.334 -5.94 -7.99 -2.552 -7.554 -5.56 -4.005

5 24 -7.091 -8.201 -3.334 -5.94 -7.99 -2.552 -6.159 -5.739 -3.065 -6.514 -11.294 -2.958

5 24 -7.554 -5.56 -4.005 -7.091 -8.201 -3.334 -6.159 -5.739 -3.065 -8.45 -8.45 -3.609

5 24 -7.554 -5.56 -4.005 -8.45 -8.45 -3.609 -7.091 -8.201 -3.334 -9.2 -5.35 -4.335

5 24 -8.45 -8.45 -3.609 -7.091 -8.201 -3.334 -7.554 -5.56 -4.005 -7.7 -11.6 -3.202

5 24 -9.2 -5.35 -4.335 -8.45 -8.45 -3.609 -7.554 -5.56 -4.005 -9.809 -8.699 -3.334

5 24 -9.2 -5.35 -4.335 -9.809 -8.699 -3.334 -8.45 -8.45 -3.609 -10.846 -5.14 -4.005

5 24 -9.809 -8.699 -3.334 -8.45 -8.45 -3.609 -9.2 -5.35 -4.335 -8.886 -11.906 -2.958

5 24 -10.846 -5.14 -4.005 -9.809 -8.699 -3.334 -9.2 -5.35 -4.335 -10.96 -8.91 -2.552

5 24 -10.846 -5.14 -4.005 -10.96 -8.91 -2.552 -9.809 -8.699 -3.334 -12.241 -4.961 -3.065

5 24 -10.96 -8.91 -2.552 -9.809 -8.699 -3.334 -10.846 -5.14 -4.005 -9.892 -12.166 -2.264

5 24 -12.241 -4.961 -3.065 -10.96 -8.91 -2.552 -10.846 -5.14 -4.005 -11.73 -9.051 -1.381

5 24 -12.241 -4.961 -3.065 -11.73 -9.051 -1.381 -10.96 -8.91 -2.552 -13.173 -4.842 -1.659

5 24 -11.73 -9.051 -1.381 -10.96 -8.91 -2.552 -12.241 -4.961 -3.065 -10.564 -12.339 -1.225

5 24 -13.173 -4.842 -1.659 -11.73 -9.051 -1.381 -12.241 -4.961 -3.065 -12 -9.1 0

5 24 -13.173 -4.842 -1.659 -12 -9.1 0 -11.73 -9.051 -1.381 -13.5 -4.8 0

5 24 -5.17 -7.849 -1.381 -4.836 -10.861 -1.225 -4.9 -7.8 0 -5.508 -11.034 -2.264

5 24 -4.836 -10.861 -1.225 -4.6 -10.8 0 -4.9 -7.8 0 -5.19 -14.723 -0.964

5 24 -5.508 -11.034 -2.264 -4.836 -10.861 -1.225 -5.17 -7.849 -1.381 -5.732 -14.788 -1.78

5 24 -5.94 -7.99 -2.552 -5.508 -11.034 -2.264 -5.17 -7.849 -1.381 -6.514 -11.294 -2.958

5 24 -6.514 -11.294 -2.958 -5.508 -11.034 -2.264 -5.94 -7.99 -2.552 -6.543 -14.885 -2.326

5 24 -7.091 -8.201 -3.334 -6.514 -11.294 -2.958 -5.94 -7.99 -2.552 -7.7 -11.6 -3.202

5 24 -7.7 -11.6 -3.202 -6.514 -11.294 -2.958 -7.091 -8.201 -3.334 -7.5 -15 -2.518

5 24 -8.45 -8.45 -3.609 -7.7 -11.6 -3.202 -7.091 -8.201 -3.334 -8.886 -11.906 -2.958

5 24 -8.886 -11.906 -2.958 -7.7 -11.6 -3.202 -8.45 -8.45 -3.609 -8.457 -15.115 -2.326

5 24 -9.809 -8.699 -3.334 -8.886 -11.906 -2.958 -8.45 -8.45 -3.609 -9.892 -12.166 -2.264

5 24 -10.96 -8.91 -2.552 -9.892 -12.166 -2.264 -9.809 -8.699 -3.334 -10.564 -12.339 -1.225

5 24 -10.564 -12.339 -1.225 -9.892 -12.166 -2.264 -10.96 -8.91 -2.552 -9.81 -15.277 -0.964

5 24 -11.73 -9.051 -1.381 -10.564 -12.339 -1.225 -10.96 -8.91 -2.552 -12 -9.1 0

5 24 -10.8 -12.4 0 -10.564 -12.339 -1.225 -11.73 -9.051 -1.381 -10 -15.3 0

5 24 -5.19 -14.723 -0.964 -5 -14.7 0 -4.6 -10.8 0 -6.61 -17.589 -0.558

5 24 -4.836 -10.861 -1.225 -5.19 -14.723 -0.964 -4.6 -10.8 0 -5.732 -14.788 -1.78

5 24 -4.836 -10.861 -1.225 -5.732 -14.788 -1.78 -5.19 -14.723 -0.964 -5.508 -11.034 -2.264

5 24 -5.732 -14.788 -1.78 -5.19 -14.723 -0.964 -4.836 -10.861 -1.225 -6.925 -17.556 -1.031

5 24 -5.508 -11.034 -2.264 -5.732 -14.788 -1.78 -4.836 -10.861 -1.225 -6.543 -14.885 -2.326

5 24 -5.508 -11.034 -2.264 -6.543 -14.885 -2.326 -5.732 -14.788 -1.78 -6.514 -11.294 -2.958

5 24 -6.543 -14.885 -2.326 -5.732 -14.788 -1.78 -5.508 -11.034 -2.264 -7.395 -17.507 -1.347

5 24 -6.514 -11.294 -2.958 -6.543 -14.885 -2.326 -5.508 -11.034 -2.264 -7.5 -15 -2.518

5 24 -6.514 -11.294 -2.958 -7.5 -15 -2.518 -6.543 -14.885 -2.326 -7.7 -11.6 -3.202

5 24 -7.5 -15 -2.518 -6.543 -14.885 -2.326 -6.514 -11.294 -2.958 -7.95 -17.45 -1.458

5 24 -7.7 -11.6 -3.202 -7.5 -15 -2.518 -6.514 -11.294 -2.958 -8.457 -15.115 -2.326

5 24 -7.7 -11.6 -3.202 -8.457 -15.115 -2.326 -7.5 -15 -2.518 -8.886 -11.906 -2.958

5 24 -8.457 -15.115 -2.326 -7.5 -15 -2.518 -7.7 -11.6 -3.202 -8.505 -17.393 -1.347

5 24 -8.886 -11.906 -2.958 -8.457 -15.115 -2.326 -7.7 -11.6 -3.202 -9.268 -15.212 -1.78

5 24 -9.268 -15.212 -1.78 -8.457 -15.115 -2.326 -8.886 -11.906 -2.958 -8.975 -17.344 -1.031

5 24 -9.892 -12.166 -2.264 -9.268 -15.212 -1.78 -8.886 -11.906 -2.958 -9.81 -15.277 -0.964

5 24 -9.81 -15.277 -0.964 -9.268 -15.212 -1.78 -9.892 -12.166 -2.264 -9.29 -17.311 -0.558

5 24 -10.564 -12.339 -1.225 -9.81 -15.277 -0.964 -9.892 -12.166 -2.264 -10.8 -12.4 0

5 24 -10 -15.3 0 -9.81 -15.277 -0.964 -10.564 -12.339 -1.225 -9.4 -17.3 0

5 24 -5 -14.7 0 -6.61 -17.589 -0.558 -6.5 -17.6 0 -5.19 -14.723 -0.964

5 24 -6.61 -17.589 -0.558 -6.5 -17.6 0 -5 -14.7 0 -8 -18.3 0

5 24 -5.19 -14.723 -0.964 -6.61 -17.589 -0.558 -5 -14.7 0 -6.925 -17.556 -1.031

5 24 -5.19 -14.723 -0.964 -6.925 -17.556 -1.031 -6.61 -17.589 -0.558 -5.732 -14.788 -1.78

5 24 -6.925 -17.556 -1.031 -6.61 -17.589 -0.558 -5.19 -14.723 -0.964 -8 -18.3 0

5 24 -5.732 -14.788 -1.78 -6.925 -17.556 -1.031 -5.19 -14.723 -0.964 -7.395 -17.507 -1.347

5 24 -5.732 -14.788 -1.78 -7.395 -17.507 -1.347 -6.925 -17.556 -1.031 -6.543 -14.885 -2.326

5 24 -7.395 -17.507 -1.347 -6.925 -17.556 -1.031 -5.732 -14.788 -1.78 -8 -18.3 0

5 24 -6.543 -14.885 -2.326 -7.395 -17.507 -1.347 -5.732 -14.788 -1.78 -7.95 -17.45 -1.458

5 24 -6.543 -14.885 -2.326 -7.95 -17.45 -1.458 -7.395 -17.507 -1.347 -7.5 -15 -2.518

5 24 -7.95 -17.45 -1.458 -7.395 -17.507 -1.347 -6.543 -14.885 -2.326 -8 -18.3 0

5 24 -7.5 -15 -2.518 -7.95 -17.45 -1.458 -6.543 -14.885 -2.326 -8.505 -17.393 -1.347

5 24 -7.5 -15 -2.518 -8.505 -17.393 -1.347 -7.95 -17.45 -1.458 -8.457 -15.115 -2.326

5 24 -8.505 -17.393 -1.347 -7.95 -17.45 -1.458 -7.5 -15 -2.518 -8 -18.3 0

5 24 -8.457 -15.115 -2.326 -8.505 -17.393 -1.347 -7.5 -15 -2.518 -8.975 -17.344 -1.031

5 24 -8.457 -15.115 -2.326 -8.975 -17.344 -1.031 -8.505 -17.393 -1.347 -9.268 -15.212 -1.78

5 24 -8.975 -17.344 -1.031 -8.505 -17.393 -1.347 -8.457 -15.115 -2.326 -8 -18.3 0

5 24 -9.268 -15.212 -1.78 -8.975 -17.344 -1.031 -8.457 -15.115 -2.326 -9.29 -17.311 -0.558

5 24 -9.268 -15.212 -1.78 -9.29 -17.311 -0.558 -8.975 -17.344 -1.031 -9.81 -15.277 -0.964

5 24 -9.29 -17.311 -0.558 -8.975 -17.344 -1.031 -9.268 -15.212 -1.78 -8 -18.3 0

5 24 -9.81 -15.277 -0.964 -9.29 -17.311 -0.558 -9.268 -15.212 -1.78 -9.4 -17.3 0

5 24 -9.4 -17.3 0 -9.29 -17.311 -0.558 -9.81 -15.277 -0.964 -8 -18.3 0

5 24 -6.61 -17.589 -0.558 -8 -18.3 0 -6.5 -17.6 0 -6.925 -17.556 -1.031

5 24 -6.925 -17.556 -1.031 -8 -18.3 0 -6.61 -17.589 -0.558 -7.395 -17.507 -1.347

5 24 -7.395 -17.507 -1.347 -8 -18.3 0 -6.925 -17.556 -1.031 -7.95 -17.45 -1.458

5 24 -7.95 -17.45 -1.458 -8 -18.3 0 -7.395 -17.507 -1.347 -8.505 -17.393 -1.347

5 24 -8.505 -17.393 -1.347 -8 -18.3 0 -7.95 -17.45 -1.458 -8.975 -17.344 -1.031

5 24 -8.975 -17.344 -1.031 -8 -18.3 0 -8.505 -17.393 -1.347 -9.29 -17.311 -0.558

5 24 -9.29 -17.311 -0.558 -8 -18.3 0 -8.975 -17.344 -1.031 -9.4 -17.3 0

5 24 -2.656 3.394 -3.396 -2.607 1.837 -4.437 0 1.913 -4.62 -5.934 3.053 -3.371

5 24 -6.8 -0.7 -4.94 -5.805 -2.307 -4.564 -4.572 -1.96 -4.404 -8.35 -1.9 -5.006

5 24 -6.8 -0.7 -4.94 -9.823 -0.675 -4.625 -8.35 -1.9 -5.006 -7.795 0.907 -4.564

5 24 -12 -9.1 0 -11.73 -9.051 -1.381 -13.173 -4.842 -1.659 -10.8 -12.4 0

5 24 -9.892 -12.166 -2.264 -8.886 -11.906 -2.958 -9.809 -8.699 -3.334 -9.268 -15.212 -1.78

5 24 -8.886 -11.906 -2.958 -9.268 -15.212 -1.78 -8.457 -15.115 -2.326 -9.892 -12.166 -2.264

5 24 -2.4 -4.8 0 0 -5 0 0 -4.62 1.913 -2.411 -4.435 -1.838

5 24 0 5 0 -2.7 4.8 0 0 4.62 1.913 0 4.62 -1.913

5 24 -3.8 -4.8 0 -2.4 -4.8 0 -3.895 -4.45 1.824 -3.895 -4.45 -1.824

5 24 -2.7 4.8 0 -6.3 4.4 0 -2.689 4.435 1.838 -2.689 4.435 -1.838

5 24 -4.2 -4.9 0 -3.8 -4.8 0 -4.398 -4.58 1.89 -4.398 -4.58 -1.89

5 24 -6.3 4.4 0 -9.4 3.5 0 -6.205 4.05 1.824 -6.205 4.05 -1.824

5 24 -4.5 -5.1 0 -4.2 -4.9 0 -4.793 -4.856 1.916 -4.793 -4.856 -1.916

5 24 -9.4 3.5 0 -12.2 1.3 0 -9.202 3.18 1.89 -9.202 3.18 -1.89

5 24 -4.8 -5.4 0 -4.5 -5.1 0 -5.139 -5.259 1.844 -5.139 -5.259 -1.844

5 24 -12.2 1.3 0 -13.7 -1.7 0 -11.907 1.056 1.916 -11.907 1.056 -1.916

5 24 -4.9 -5.9 0 -4.8 -5.4 0 -5.227 -5.858 1.659 -5.227 -5.858 -1.659

5 24 -13.7 -1.7 0 -13.5 -4.8 0 -13.361 -1.841 1.844 -13.361 -1.841 -1.844

5 24 -4.9 -7.8 0 -4.9 -5.9 0 -5.227 -5.858 1.659 -5.17 -7.849 -1.381

5 24 -13.5 -4.8 0 -12 -9.1 0 -13.173 -4.842 1.659 -13.173 -4.842 -1.659

5 24 -4.6 -10.8 0 -4.9 -7.8 0 -5.17 -7.849 1.381 -4.836 -10.861 -1.225

5 24 -12 -9.1 0 -10.8 -12.4 0 -11.73 -9.051 1.381 -11.73 -9.051 -1.381

5 24 -5 -14.7 0 -4.6 -10.8 0 -5.19 -14.723 0.964 -5.19 -14.723 -0.964

5 24 -10.8 -12.4 0 -10 -15.3 0 -10.564 -12.339 1.225 -10.564 -12.339 -1.225

5 24 -6.5 -17.6 0 -5 -14.7 0 -6.61 -17.589 0.558 -6.61 -17.589 -0.558

5 24 -10 -15.3 0 -9.4 -17.3 0 -9.81 -15.277 0.964 -9.81 -15.277 -0.964

5 24 -8 -18.3 0 -6.5 -17.6 0 -6.61 -17.589 0.558 -6.61 -17.589 -0.558

5 24 -9.4 -17.3 0 -8 -18.3 0 -9.29 -17.311 0.558 -9.29 -17.311 -0.558

0 //

0 //

0 NOFILE

0 FILE 4-4cylc.dat
0 Cylinder Closed 1.0

0 Name: 4-4cylc.dat

0 Author: Alex Taylor [anathema]

0 !LDRAW_ORG Primitive UPDATE 2009-02

0 !LICENSE Licensed under CC BY 4.0 : see CAreadme.txt



0 BFC CERTIFY CCW



0 !HISTORY 2008-12-29 [cwdee] Removed one disc

0 !HISTORY 2009-09-03 [PTadmin] Official Update 2009-02





1 16 0 0 0 1 0 0 0 1 0 0 0 1 4-4edge.dat

1 16 0 1 0 1 0 0 0 1 0 0 0 1 4-4edge.dat

1 16 0 0 0 1 0 0 0 1 0 0 0 1 4-4disc.dat

1 16 0 0 0 1 0 0 0 1 0 0 0 1 4-4cyli.dat

0

0 NOFILE

0 FILE 32828.dat
0 Plate  1 x  1 Round with Bar

0 Name: 32828.dat

0 Author: Magnus Forsberg [MagFors]

0 !LDRAW_ORG Part UPDATE 2019-01

0 !LICENSE Licensed under CC BY 4.0 : see CAreadme.txt



0 BFC CERTIFY CCW



0 !KEYWORDS espresso, handle



0 !HISTORY 2018-12-08 [PTadmin] Official Update 2018-02

0 !HISTORY 2019-06-03 [MagFors] Reworked transition from plate to bar

0 !HISTORY 2019-06-28 [PTadmin] Official Update 2019-01





1 16 0 3 0 -1 0 0 0 -1.25 0 0 0 1 stud4o.dat

1 16 0 3 0 1.41421 0 -1.41421 0 -1 0 -1.41421 0 -1.41421 3-4ring4.dat

1 16 0 0 0 7.07107 0 -7.07107 0 1 0 7.07107 0 7.07107 3-4edge.dat

1 16 0 3 0 7.07107 0 -7.07107 0 1 0 7.07107 0 7.07107 3-4edge.dat

1 16 0 0 0 7.07107 0 -7.07107 0 3 0 7.07107 0 7.07107 3-4cyli.dat

1 16 0 0 0 6 0 0 0 1 0 0 0 6 4-4edge.dat

1 16 0 0 0 7.07107 0 -7.07107 0 1 0 7.07107 0 7.07107 3-4chrd.dat

1 16 0 0 0 1 0 0 0 1 0 0 0 1 stud2.dat

1 16 0 3 0 5.65685 0 -5.65685 0 5 0 5.65685 0 5.65685 3-4cylo.dat

1 16 30 2 0 0 1 0 0 0 -4 -4 0 0 4-4edge.dat

1 16 30 2 0 0 -12.1421 0 0 0 -4 -4 0 0 4-4cyli.dat

0 BFC INVERTNEXT

1 16 20 2 0 0 10 0 0 0 -2 -2 0 0 4-4cylc.dat

1 16 30 2 0 0 -1 0 0 0 -2 -2 0 0 4-4ring1.dat



1 16 12.7 7.5 0 0 0 2.3 0 -1 0 -2.3 0 0 2-4edge.dat

1 16 12.7 7.5 0 0 0 2.3 0 -2.318 0 -2.3 0 0 2-4cyli.dat

1 16 12.7 7.5 0 0 0 2.3 0 -1 0 -2.3 0 0 2-4chrd.dat



1 16 11.1132 6.34075 2.3 0 0 -1.5868 1.15925 0 0 0 -1 0 rect3.dat

2 24 9.4177 4.8284 2.8284 9.5264 5.1815 2.3

2 24 12.7035 5.182 2.2993 13.5802 5.2985 2.125

2 24 14.3263 5.6316 1.6263 13.5802 5.2985 2.125

2 24 14.3902 5.6955 1.5307 14.3263 5.6316 1.6263

2 24 14.3902 5.6955 1.5307 14.825 5.8249 0.8802

2 24 15 6.0001 0 14.825 5.8249 0.8802

2 24 9.2391 3.5238 3.6956 9.4177 4.8284 2.8284

2 24 10 7.5 0 9.5264 7.5 2.3

4 16 9.5264 7.5 2.3 10 7.5 0 10 8 0 9.2391 8 3.6956

4 16 9.5264 5.1815 2.3 9.5264 7.5 2.3 9.2391 8 3.6956 9.2391 3.5238 3.6956



1 16 11.1132 6.34075 -2.3 0 0 -1.5868 -1.15925 0 0 0 1 0 rect3.dat

2 24 9.4177 4.8284 -2.8284 9.5264 5.1815 -2.3

2 24 12.7035 5.182 -2.2993 13.5802 5.2985 -2.125

2 24 14.3263 5.6316 -1.6263 13.5802 5.2985 -2.125

2 24 14.3902 5.6955 -1.5307 14.3263 5.6316 -1.6263

2 24 14.3902 5.6955 -1.5307 14.825 5.8249 -0.8802

2 24 15 6.0001 0 14.825 5.8249 -0.8802

2 24 9.2391 3.5308 -3.6956 9.4177 4.8284 -2.8284

2 24 10 7.5 0 9.5264 7.5 -2.3

4 16 10 8 0 10 7.5 0 9.5264 7.5 -2.3 9.2391 8 -3.6956

4 16 9.2391 8 -3.6956 9.5264 7.5 -2.3 9.5264 5.1815 -2.3 9.2391 3.5308 -3.6956

4 16 9.5264 7.5 2.3 12.7 7.5 2.3 12.7 7.5 -2.3 9.5264 7.5 -2.3



1 16 17.8579 2 0 0 -8.8579 0 -1.53072 0 3.69548 3.69548 0 1.53072 5-8cyli.dat

1 16 17.8579 2 0 0 -3.716 0 -4 0 0 0 0 4 1-8cyls.dat

1 16 17.8579 2 0 0 -3.716 0 -4 0 0 0 0 -4 1-8cyls.dat

1 16 14.1419 2 0 3.716 1 0 -4 0 0 0 0 4 1-8edge.dat

1 16 14.1419 2 0 3.716 1 0 -4 0 0 0 0 -4 1-8edge.dat

1 16 14.1419 2 0 3.716 1 0 -4 0 0 0 0 4 1-8chrd.dat

1 16 14.1419 2 0 3.716 1 0 -4 0 0 0 0 -4 1-8chrd.dat



4 16 8.0162 8 -5.6568 9.2391 8 -3.6956 9.2391 3.5308 -3.6956 7.9767 3 -5.6569

2 24 16.7695 -0.8284 -2.8284 16 0 -3.392

2 24 7.9767 3 -5.6569 5.6569 3 -5.6569

2 24 5.6569 3 -5.6569 5.6568 8 -5.6568

2 24 5.6568 8 -5.6568 8.0162 8 -5.6568

2 24 8.0162 8 -5.6568 7.9767 3 -5.6569

4 16 5.6569 3 -5.6569 5.6568 8 -5.6568 8.0162 8 -5.6568 7.9767 3 -5.6569



4 16 9.2391 8 -3.6956 8.0162 8 -5.6568 5.6568 8 -5.6568 7.3912 8 -3.0616

4 16 9.2391 8 -3.6956 7.3912 8 -3.0616 8 8 0 10 8 0

2 24 9.3275 0 -3.382 9.2391 0.4692 -3.6956

2 24 16 0 -3.392 9.3275 0 -3.382

2 24 9.0378 2 -4 9.2391 3.5308 -3.6956

2 24 9.2391 0.4692 -3.6956 9.0378 2 -4

2 24 9.2391 0 -3.6956 9.3275 0 -3.382

2 24 7.0711 0 -7.0711 9.2391 0 -3.6956

2 24 7.0711 3 -7.0711 7.9767 3 -5.6569

2 24 8.0162 8 -5.6568 9.2391 8 -3.6956

2 24 9.2391 8 -3.6956 10 8 0

3 16 7.0711 3 -7.0711 5.6569 3 -5.6569 7.9767 3 -5.6569

3 16 7.9767 3 -5.6569 9.2391 3.5308 -3.6956 9.0378 2 -4

4 16 7.0711 3 -7.0711 7.9767 3 -5.6569 9.2391 0 -3.6956 7.0711 0 -7.0711

4 16 9.0378 2 -4 9.2391 0.4692 -3.6956 9.2391 0 -3.6956 7.9767 3 -5.6569

3 16 9.2391 0 -3.6956 9.2391 0.4692 -3.6956 9.3275 0 -3.382

3 16 9.2391 0.4692 -3.6956 17.8579 0.4692 -3.6956 16 0 -3.392

3 16 16 0 -3.392 9.3275 0 -3.382 9.2391 0.4692 -3.6956

4 16 17.8579 -0.8284 -2.8284 16.7695 -0.8284 -2.8284 16 0 -3.392 17.8579 0.4692 -3.6956

3 16 7.0711 0 -7.0711 9.2391 0 -3.6956 9.3275 0 -3.382

5 24 9.2391 0.4692 -3.6956 17.8579 0.4692 -3.6956 9.0378 2 -4 16 0 -3.392

5 24 9.2391 0 -3.6956 9.2391 0.4692 -3.6956 9.3275 0 -3.382 7.9767 3 -5.6569

5 24 9.2391 3.5308 -3.6956 9.2391 8 -3.6956 9.4176 4.8284 -2.8284 7.9767 3 -5.6569

5 24 7.0711 0 -7.0711 7.0711 3 -7.0711 3.8269 0 -9.2391 9.2391 0 -3.6956

5 24 10 7.5 0 10 8 0 9.5264 7.5 -2.3 9.5264 7.5 2.3



0 // other side

4 16 9.2391 3.5238 3.6956 9.2391 8 3.6956 8.0162 8 5.6568 7.9767 3 5.6569

2 24 16.7695 -0.8284 2.8284 16 0 3.392

2 24 5.657 8 5.6568 5.6569 3 5.6569

2 24 5.6569 3 5.6569 7.9767 3 5.6569

2 24 7.9767 3 5.6569 8.0162 8 5.6568

2 24 8.0162 8 5.6568 5.657 8 5.6568

4 16 5.6569 3 5.6569 7.9767 3 5.6569 8.0162 8 5.6568 5.657 8 5.6568



4 16 5.6568 8 5.6568 8.0162 8 5.6568 9.2391 8 3.6956 7.3912 8 3.0616

4 16 8 8 0 7.3912 8 3.0616 9.2391 8 3.6956 10 8 0

2 24 9.3275 0 3.382 9.2391 0.4692 3.6956

2 24 16 0 3.392 9.3275 0 3.382

2 24 9.0378 2 4 9.2391 3.5238 3.6956

2 24 9.2391 0.4692 3.6956 9.0378 2 4

2 24 9.2391 0 3.6956 9.3275 0 3.382

2 24 7.0711 0 7.0711 9.2391 0 3.6956

2 24 7.0711 3 7.0711 7.9767 3 5.6569

2 24 8.0162 8 5.6568 9.2391 8 3.6956

2 24 9.2391 8 3.6956 10 8 0

3 16 5.6569 3 5.6569 7.0711 3 7.0711 7.9767 3 5.6569

3 16 9.2391 3.5238 3.6956 7.9767 3 5.6569 9.0378 2 4

4 16 9.0378 2 4 7.9767 3 5.6569 9.2391 0 3.6956 9.2391 0.4692 3.6956

4 16 7.0711 3 7.0711 7.0711 0 7.0711 9.2391 0 3.6956 7.9767 3 5.6569

3 16 9.2391 0.4692 3.6956 9.2391 0 3.6956 9.3275 0 3.382

3 16 17.8579 0.4692 3.6956 9.2391 0.4692 3.6956 16 0 3.392

3 16 9.3275 0 3.382 16 0 3.392 9.2391 0.4692 3.6956

4 16 16 0 3.392 16.7695 -0.8284 2.8284 17.8579 -0.8284 2.8284 17.8579 0.4692 3.6956

3 16 9.2391 0 3.6956 7.0711 0 7.0711 9.3275 0 3.382

5 24 9.2391 0.4692 3.6956 17.8579 0.4692 3.6956 9.0378 2 4 16 0 3.392

5 24 9.2391 0 3.6956 9.2391 0.4692 3.6956 9.3275 0 3.382 7.9767 3 5.6569

5 24 9.2391 3.5238 3.6956 9.2391 8 3.6956 9.4177 4.8284 2.8284 7.9767 3 5.6569

5 24 7.0711 0 7.0711 7.0711 3 7.0711 3.8269 0 9.2391 9.2391 0 3.6956



3 16 17.8579 -2 0 16.7695 -0.8284 2.8284 16.7695 -0.8284 -2.8284

4 16 16.7695 -0.8284 -2.8284 16.7695 -0.8284 2.8284 16 0 3.392 16 0 -3.392

4 16 7.0711 0 -7.0711 9.3275 0 -3.382 9.3275 0 3.382 7.0711 0 7.0711

2 24 16 0 3.392 16 0 -3.392

5 24 9.2391 0.4692 -3.6956 16 0 -3.392 17.8579 0.4692 -3.6956 9.3275 0 -3.382

5 24 17.8579 0.4692 -3.6956 16 0 -3.392 17.8579 -0.8284 -2.8284 9.2391 0.4692 -3.6956

5 24 9.2391 .4692 3.6956 16 0 3.392 17.8579 .4692 3.6956 9.3275 0 3.382

5 24 17.8579 .4692 3.6956 16 0 3.392 9.2391 .4692 3.6956 17.8579 -.8284 2.8284



0 BFC INVERTNEXT

1 16 13.5 0 0 0 0 1.5 0 2 0 -1.5 0 0 8__2-4cylo.dat

0 BFC INVERTNEXT

1 16 11.5 0 0 0 0 -1.5 0 2 0 -1.5 0 0 8__2-4cylo.dat

1 16 13.5 0 0 0 0 1.5 0 1 0 -1.5 0 0 8__2-4ndis.dat

1 16 11.5 0 0 0 0 -1.5 0 1 0 -1.5 0 0 8__2-4ndis.dat

1 16 13.5 2 0 0 0 1.5 0 1 0 -1.5 0 0 8__2-4chrd.dat

1 16 11.5 2 0 0 0 -1.5 0 1 0 -1.5 0 0 8__2-4chrd.dat

0 BFC INVERTNEXT

1 16 12.5 0 0 1 0 0 0 2 0 0 0 -1.5 box3u8p.dat

4 16 9.3275 0 -3.382 16 0 -3.392 15 0 -1.5 10 0 -1.5

4 16 9.3275 0 -3.382 10 0 -1.5 10 0 1.5 9.3275 0 3.382

4 16 9.3275 0 3.382 10 0 1.5 15 0 1.5 16 0 3.392

4 16 16 0 3.392 15 0 1.5 15 0 -1.5 16 0 -3.392

0 NOFILE

0 FILE box3u8p.dat
0 Box with 3 Faces and 4 Parallel Edges

0 Name: box3u8p.dat

0 Author: James Jessiman

0 !LDRAW_ORG Primitive UPDATE 2012-01

0 !LICENSE Licensed under CC BY 4.0 : see CAreadme.txt



0 BFC CERTIFY CCW



0 !HISTORY 2002-12-13 [hafhead] Made BFC compliant

0 !HISTORY 2003-08-01 [PTadmin] Official Update 2003-02

0 !HISTORY 2007-06-24 [PTadmin] Header formatted for Contributor Agreement

0 !HISTORY 2008-07-01 [PTadmin] Official Update 2008-01

0 !HISTORY 2012-02-16 [Philo] Changed to CCW

0 !HISTORY 2012-03-30 [PTadmin] Official Update 2012-01





2 24 1 1 1 -1 1 1

2 24 -1 1 -1 1 1 -1

2 24 1 0 1 -1 0 1

2 24 -1 0 -1 1 0 -1

4 16 1 1 -1 -1 1 -1 -1 1 1 1 1 1

4 16 -1 1 1 -1 0 1 1 0 1 1 1 1

4 16 1 1 -1 1 0 -1 -1 0 -1 -1 1 -1

0 NOFILE

0 FILE 8__2-4chrd.dat
0 Chord 0.5

0 Name: 8\2-4chrd.dat

0 Author: Magnus Forsberg [MagFors]

0 !LDRAW_ORG 8_Primitive UPDATE 2017-01

0 !LICENSE Licensed under CC BY 4.0 : see CAreadme.txt



0 BFC CERTIFY CCW



0 !HISTORY 2017-12-30 [PTadmin] Official Update 2017-01





3 16 .7071 0 .7071 0 0 1 -.7071 0 .7071

4 16 .7071 0 .7071 -.7071 0 .7071 -1 0 0 1 0 0

0 NOFILE

0 FILE 8__2-4ndis.dat
0 Lo-Res Disc Negative 0.5

0 Name: 8\2-4ndis.dat

0 Author: Magnus Forsberg [MagFors]

0 !LDRAW_ORG 8_Primitive UPDATE 2018-02

0 !LICENSE Licensed under CC BY 4.0 : see CAreadme.txt



0 BFC CERTIFY CCW



0 !HISTORY 2018-12-08 [PTadmin] Official Update 2018-02





3 16 1 0 1 0.7071 0 0.7071 1 0 0

3 16 1 0 1 0 0 1 0.7071 0 0.7071

3 16 -1 0 1 -0.7071 0 0.7071 0 0 1

3 16 -1 0 1 -1 0 0 -0.7071 0 0.7071

0 // Build by Primitive Generator 2

0 NOFILE

0 FILE 8__2-4cylo.dat
0 Cylinder Open 0.5

0 Name: 8\2-4cylo.dat

0 Author: Magnus Forsberg [MagFors]

0 !LDRAW_ORG 8_Primitive UPDATE 2017-01

0 !LICENSE Licensed under CC BY 4.0 : see CAreadme.txt



0 BFC CERTIFY CCW



0 !HISTORY 2017-12-30 [PTadmin] Official Update 2017-01





1 16 0 0 0 1 0 0 0 1 0 0 0 1 8__2-4edge.dat

1 16 0 0 0 1 0 0 0 1 0 0 0 1 8__2-4cyli.dat

1 16 0 1 0 1 0 0 0 1 0 0 0 1 8__2-4edge.dat

0 NOFILE

0 FILE 8__2-4cyli.dat
0 Cylinder 0.5

0 Name: 8\2-4cyli.dat

0 Author: Philippe Hurbain [Philo]

0 !LDRAW_ORG 8_Primitive UPDATE 2016-01

0 !LICENSE Licensed under CC BY 4.0 : see CAreadme.txt



0 BFC CERTIFY CCW



0 !HISTORY 2016-12-31 [PTadmin] Official Update 2016-01





4 16 0.7071 0 0.7071 1 0 0 1 1 0 0.7071 1 0.7071

4 16 0 0 1 0.7071 0 0.7071 0.7071 1 0.7071 0 1 1

4 16 -0.7071 0 0.7071 0 0 1 0 1 1 -0.7071 1 0.7071

4 16 -1 0 0 -0.7071 0 0.7071 -0.7071 1 0.7071 -1 1 0

0 // conditional lines

5 24 1 1 0 1 0 0 1 1 -1 0.7071 1 0.7071

5 24 0.7071 1 0.7071 0.7071 0 0.7071 1 1 0 0 1 1

5 24 0 1 1 0 0 1 0.7071 1 0.7071 -0.7071 1 0.7071

5 24 -0.7071 1 0.7071 -0.7071 0 0.7071 0 1 1 -1 1 0

5 24 -1 1 0 -1 0 0 -0.7071 1 0.7071 -1 1 -1

0 // Build by Primitive Generator 2

0 NOFILE

0 FILE 8__2-4edge.dat
0 Circle 0.5

0 Name: 8\2-4edge.dat

0 Author: Philippe Hurbain [Philo]

0 !LDRAW_ORG 8_Primitive UPDATE 2016-01

0 !LICENSE Licensed under CC BY 4.0 : see CAreadme.txt



0 BFC CERTIFY CCW



0 !HISTORY 2016-12-31 [PTadmin] Official Update 2016-01





2 24 1 0 0 0.7071 0 0.7071

2 24 0.7071 0 0.7071 0 0 1

2 24 0 0 1 -0.7071 0 0.7071

2 24 -0.7071 0 0.7071 -1 0 0

0 // Build by Primitive Generator 2

0 NOFILE

0 FILE 1-8chrd.dat
0 Chord 0.125

0 Name: 1-8chrd.dat

0 Author: Orion Pobursky [OrionP]

0 !LDRAW_ORG Primitive UPDATE 2023-05

0 !LICENSE Licensed under CC BY 4.0 : see CAreadme.txt



0 BFC CERTIFY CCW



0 !HISTORY 2004-04-22 [PTadmin] Official Update 2004-02

0 !HISTORY 2007-06-22 [PTadmin] Header formatted for Contributor Agreement

0 !HISTORY 2008-07-01 [PTadmin] Official Update 2008-01

0 !HISTORY 2023-10-27 [OrionP] Rebuilt with PrimGen2, original author westrate

0 !HISTORY 2023-10-31 [OrionP] Official Update 2023-05



3 16 1 0 0 0.9239 0 0.3827 0.7071 0 0.7071

0 NOFILE

0 FILE 1-8edge.dat
0 Circle 0.125

0 Name: 1-8edge.dat

0 Author: James Jessiman

0 !LDRAW_ORG Primitive UPDATE 2017-01

0 !LICENSE Licensed under CC BY 4.0 : see CAreadme.txt



0 BFC CERTIFY CCW



0 !HISTORY 2007-06-22 [PTadmin] Header formatted for Contributor Agreement

0 !HISTORY 2008-07-01 [PTadmin] Official Update 2008-01

0 !HISTORY 2017-01-15 [Steffen] BFCed

0 !HISTORY 2017-12-30 [PTadmin] Official Update 2017-01





2 24 1 0 0 0.9239 0 0.3827

2 24 0.9239 0 0.3827 0.7071 0 0.7071

0 NOFILE

0 FILE 1-8cyls.dat
0 Cylinder Sloped 0.125

0 Name: 1-8cyls.dat

0 Author: Willy Tschager [Holly-Wood]

0 !LDRAW_ORG Primitive UPDATE 2024-05

0 !LICENSE Licensed under CC BY 4.0 : see CAreadme.txt



0 BFC CERTIFY CCW



0 !HISTORY 2005-12-28 [PTadmin] Official Update 2005-01

0 !HISTORY 2007-06-22 [PTadmin] Header formatted for Contributor Agreement

0 !HISTORY 2008-07-01 [PTadmin] Official Update 2008-01

0 !HISTORY 2012-02-16 [Philo] Changed to CCW

0 !HISTORY 2012-03-30 [PTadmin] Official Update 2012-01

0 !HISTORY 2024-01-14 [Holly-Wood] Complete re-write, original by guyvivan

0 !HISTORY 2024-01-29 [OrionP] Official Update 2024-01

0 !HISTORY 2024-06-06 [Philo] Changed last condline control point to match tangent plane

0 !HISTORY 2024-06-30 [OrionP] Official Update 2024-05



3 16 1 0 0 0.9239 0.0761 0.3827 0.9239 0 0.3827

5 24 0.9239 0 0.3827 0.9239 0.0761 0.3827 0.7071 0 0.7071 1 0 0

4 16 0.9239 0.0761 0.3827 0.7071 0.2929 0.7071 0.7071 0 0.7071 0.9239 0 0.3827

5 24 0.7071 0 0.7071 0.7071 0.2929 0.7071 0.4142 0 1 0.9239 0 0.3827

0 NOFILE

0 FILE rect3.dat
0 Rectangle with 3 Edges

0 Name: rect3.dat

0 Author: Mark Kennedy [mkennedy]

0 !LDRAW_ORG Primitive UPDATE 2010-01

0 !LICENSE Licensed under CC BY 4.0 : see CAreadme.txt



0 BFC CERTIFY CCW



0 !HISTORY 2003-08-01 [PTadmin] Official Update 2003-02

0 !HISTORY 2007-06-24 [PTadmin] Header formatted for Contributor Agreement

0 !HISTORY 2008-07-01 [PTadmin] Official Update 2008-01

0 !HISTORY 2010-01-17 [mikeheide] Change winding to CCW

0 !HISTORY 2010-04-05 [PTadmin] Official Update 2010-01





2 24 1 0 1 -1 0 1

2 24 1 0 1 1 0 -1

2 24 -1 0 1 -1 0 -1

4 16 -1 0 1 -1 0 -1 1 0 -1 1 0 1

0 //

0 NOFILE

0 FILE 2-4chrd.dat
0 Chord 0.5

0 Name: 2-4chrd.dat

0 Author: Philippe Hurbain [Philo]

0 !LDRAW_ORG Primitive UPDATE 2014-01

0 !LICENSE Licensed under CC BY 4.0 : see CAreadme.txt



0 BFC CERTIFY CCW



0 !HISTORY 2014-06-21 [PTadmin] Official Update 2014-01





4 16 0.9239 0 0.3827 -0.9239 0 0.3827 -1 0 0 1 0 0

4 16 0.7071 0 0.7071 -0.7071 0 0.7071 -0.9239 0 0.3827 0.9239 0 0.3827

4 16 0.3827 0 0.9239 -0.3827 0 0.9239 -0.7071 0 0.7071 0.7071 0 0.7071

3 16 0 0 1 -0.3827 0 0.9239 0.3827 0 0.9239

0 NOFILE

0 FILE 2-4cyli.dat
0 Cylinder 0.5

0 Name: 2-4cyli.dat

0 Author: James Jessiman

0 !LDRAW_ORG Primitive UPDATE 2005-01

0 !LICENSE Licensed under CC BY 4.0 : see CAreadme.txt



0 BFC CERTIFY CCW



0 !HISTORY 2002-03-23 [sbliss] Added BFC statement; compacted code

0 !HISTORY 2002-04-25 [PTadmin] Official Update 2002-02

0 !HISTORY 2004-12-11 [nielsk] Recreated using Primitive Generator, Edge lines fixed, BFC changed to CCW

0 !HISTORY 2005-12-28 [PTadmin] Official Update 2005-01

0 !HISTORY 2007-06-24 [PTadmin] Header formatted for Contributor Agreement

0 !HISTORY 2008-07-01 [PTadmin] Official Update 2008-01





4 16 .9239 1 .3827 .9239 0 .3827 1 0 0 1 1 0

4 16 .7071 1 .7071 .7071 0 .7071 .9239 0 .3827 .9239 1 .3827

4 16 .3827 1 .9239 .3827 0 .9239 .7071 0 .7071 .7071 1 .7071

4 16 0 1 1 0 0 1 .3827 0 .9239 .3827 1 .9239

4 16 -.3827 1 .9239 -.3827 0 .9239 0 0 1 0 1 1

4 16 -.7071 1 .7071 -.7071 0 .7071 -.3827 0 .9239 -.3827 1 .9239

4 16 -.9239 1 .3827 -.9239 0 .3827 -.7071 0 .7071 -.7071 1 .7071

4 16 -1 1 0 -1 0 0 -.9239 0 .3827 -.9239 1 .3827

5 24 1 1 0 1 0 0 1 1 -.4142 .9239 1 .3827

5 24 .9239 1 .3827 .9239 0 .3827 1 1 0 .7071 1 .7071

5 24 .7071 1 .7071 .7071 0 .7071 .9239 1 .3827 .3827 1 .9239

5 24 .3827 1 .9239 .3827 0 .9239 .7071 1 .7071 0 1 1

5 24 0 1 1 0 0 1 .3827 1 .9239 -.3827 1 .9239

5 24 -.3827 1 .9239 -.3827 0 .9239 0 1 1 -.7071 1 .7071

5 24 -.7071 1 .7071 -.7071 0 .7071 -.3827 1 .9239 -.9239 1 .3827

5 24 -.9239 1 .3827 -.9239 0 .3827 -.7071 1 .7071 -1 1 0

5 24 -1 1 0 -1 0 0 -.9239 1 .3827 -1 1 -.4142

0

0 NOFILE

0 FILE 2-4edge.dat
0 Circle 0.5

0 Name: 2-4edge.dat

0 Author: James Jessiman

0 !LDRAW_ORG Primitive UPDATE 2017-01

0 !LICENSE Licensed under CC BY 4.0 : see CAreadme.txt



0 BFC CERTIFY CCW



0 !HISTORY 2007-06-24 [PTadmin] Header formatted for Contributor Agreement

0 !HISTORY 2008-07-01 [PTadmin] Official Update 2008-01

0 !HISTORY 2017-01-15 [Steffen] BFCed

0 !HISTORY 2017-12-30 [PTadmin] Official Update 2017-01





2 24 1 0 0 0.9239 0 0.3827

2 24 0.9239 0 0.3827 0.7071 0 0.7071

2 24 0.7071 0 0.7071 0.3827 0 0.9239

2 24 0.3827 0 0.9239 0 0 1

2 24 0 0 1 -0.3827 0 0.9239

2 24 -0.3827 0 0.9239 -0.7071 0 0.7071

2 24 -0.7071 0 0.7071 -0.9239 0 0.3827

2 24 -0.9239 0 0.3827 -1 0 0

0 NOFILE

0 FILE 4-4ring1.dat
0 Ring  1 x 1.0

0 Name: 4-4ring1.dat

0 Author: James Jessiman

0 !LDRAW_ORG Primitive UPDATE 2009-01

0 !LICENSE Licensed under CC BY 4.0 : see CAreadme.txt



0 BFC CERTIFY CCW



0 !HISTORY 1998-12-15 [PTadmin] Official Update 1998-10

0 !HISTORY 2002-04-08 [BrickCaster] Modified for BFC compliance

0 !HISTORY 2002-04-25 [PTadmin] Official Update 2002-02

0 !HISTORY 2007-06-24 [PTadmin] Header formatted for Contributor Agreement

0 !HISTORY 2008-07-01 [PTadmin] Official Update 2008-01

0 !HISTORY 2008-08-26 [cwdee] Switch polygon winding and rename

0 !HISTORY 2009-05-02 [PTadmin] Official Update 2009-01





4 16 -0.7654 0 1.8478 -0.3827 0 0.9239 0 0 1 0 0 2

4 16 -1.4142 0 1.4142 -0.7071 0 0.7071 -0.3827 0 0.9239 -0.7654 0 1.8478

4 16 -1.8478 0 0.7654 -0.9239 0 0.3827 -0.7071 0 0.7071 -1.4142 0 1.41420

4 16 -2 0 0 -1 0 0 -0.9239 0 0.3827 -1.8478 0 0.7654

4 16 -1.8478 0 -0.7654 -0.9239 0 -0.3827 -1 0 0 -2 0 0

4 16 -1.4142 0 -1.4142 -0.7071 0 -0.7071 -0.9239 0 -0.3827 -1.8478 0 -0.7654

4 16 -0.7654 0 -1.8478 -0.3827 0 -0.9239 -0.7071 0 -0.7071 -1.4142 0 -1.4142

4 16 0 0 -2 0 0 -1 -0.3827 0 -0.9239 -0.7654 0 -1.8478

4 16 0.7654 0 -1.8478 0.3827 0 -0.9239 0 0 -1 0 0 -2

4 16 1.4142 0 -1.4142 0.7071 0 -0.7071 0.3827 0 -0.9239 0.7654 0 -1.8478

4 16 1.8478 0 -0.7654 0.9239 0 -0.3827 0.7071 0 -0.7071 1.4142 0 -1.4142

4 16 2 0 0 1 0 0 0.9239 0 -0.3827 1.8478 0 -0.7654

4 16 1.8478 0 0.7654 0.9239 0 0.3827 1 0 0 2 0 0

4 16 1.4142 0 1.4142 0.7071 0 0.7071 0.9239 0 0.3827 1.8478 0 0.7654

4 16 0.7654 0 1.8478 0.3827 0 0.9239 0.7071 0 0.7071 1.4142 0 1.4142

4 16 0 0 2 0 0 1 0.3827 0 0.9239 0.7654 0 1.8478

0

0 NOFILE

0 FILE 3-4cylo.dat
0 Cylinder Open 0.75

0 Name: 3-4cylo.dat

0 Author: Philippe Hurbain [Philo]

0 !LDRAW_ORG Primitive UPDATE 2011-02

0 !LICENSE Licensed under CC BY 4.0 : see CAreadme.txt



0 BFC CERTIFY CCW



0 !HISTORY 2011-12-29 [PTadmin] Official Update 2011-02





1 16 0 0 0 1 0 0 0 1 0 0 0 1 3-4edge.dat

1 16 0 1 0 1 0 0 0 1 0 0 0 1 3-4edge.dat

1 16 0 0 0 1 0 0 0 1 0 0 0 1 3-4cyli.dat

0 NOFILE

0 FILE 3-4chrd.dat
0 Chord 0.75

0 Name: 3-4chrd.dat

0 Author: Philippe Hurbain [Philo]

0 !LDRAW_ORG Primitive UPDATE 2015-02

0 !LICENSE Licensed under CC BY 4.0 : see CAreadme.txt



0 BFC CERTIFY CCW



0 !HISTORY 2015-12-30 [PTadmin] Official Update 2015-02





3 16 1 0 0 0.9239 0 0.3827 0.7071 0 0.7071

3 16 1 0 0 0.7071 0 0.7071 0.3827 0 0.9239

3 16 1 0 0 0.3827 0 0.9239 0 0 1

3 16 1 0 0 0 0 1 -0.3827 0 0.9239

3 16 1 0 0 -0.3827 0 0.9239 -0.7071 0 0.7071

3 16 1 0 0 -0.7071 0 0.7071 -0.9239 0 0.3827

3 16 1 0 0 -0.9239 0 0.3827 -1 0 0

3 16 1 0 0 -1 0 0 -0.9239 0 -0.3827

3 16 1 0 0 -0.9239 0 -0.3827 -0.7071 0 -0.7071

3 16 1 0 0 -0.7071 0 -0.7071 -0.3827 0 -0.9239

3 16 1 0 0 -0.3827 0 -0.9239 0 0 -1

0 // Build by Primitive Generator 2

0 NOFILE

0 FILE 3-4cyli.dat
0 Cylinder 0.75

0 Name: 3-4cyli.dat

0 Author: James Jessiman

0 !LDRAW_ORG Primitive UPDATE 2005-01

0 !LICENSE Licensed under CC BY 4.0 : see CAreadme.txt



0 BFC CERTIFY CCW



0 !HISTORY 2002-03-23 [sbliss] Added BFC statement; compacted code

0 !HISTORY 2002-04-25 [PTadmin] Official Update 2002-02

0 !HISTORY 2004-12-11 [nielsk] Recreated using Primitive Generator, Edge lines fixed, BFC changed to CCW

0 !HISTORY 2005-12-28 [PTadmin] Official Update 2005-01

0 !HISTORY 2007-06-24 [PTadmin] Header formatted for Contributor Agreement

0 !HISTORY 2008-07-01 [PTadmin] Official Update 2008-01





4 16 .9239 1 .3827 .9239 0 .3827 1 0 0 1 1 0

4 16 .7071 1 .7071 .7071 0 .7071 .9239 0 .3827 .9239 1 .3827

4 16 .3827 1 .9239 .3827 0 .9239 .7071 0 .7071 .7071 1 .7071

4 16 0 1 1 0 0 1 .3827 0 .9239 .3827 1 .9239

4 16 -.3827 1 .9239 -.3827 0 .9239 0 0 1 0 1 1

4 16 -.7071 1 .7071 -.7071 0 .7071 -.3827 0 .9239 -.3827 1 .9239

4 16 -.9239 1 .3827 -.9239 0 .3827 -.7071 0 .7071 -.7071 1 .7071

4 16 -1 1 0 -1 0 0 -.9239 0 .3827 -.9239 1 .3827

4 16 -.9239 1 -.3827 -.9239 0 -.3827 -1 0 0 -1 1 0

4 16 -.7071 1 -.7071 -.7071 0 -.7071 -.9239 0 -.3827 -.9239 1 -.3827

4 16 -.3827 1 -.9239 -.3827 0 -.9239 -.7071 0 -.7071 -.7071 1 -.7071

4 16 0 1 -1 0 0 -1 -.3827 0 -.9239 -.3827 1 -.9239

5 24 1 1 0 1 0 0 1 1 -.4142 .9239 1 .3827

5 24 .9239 1 .3827 .9239 0 .3827 1 1 0 .7071 1 .7071

5 24 .7071 1 .7071 .7071 0 .7071 .9239 1 .3827 .3827 1 .9239

5 24 .3827 1 .9239 .3827 0 .9239 .7071 1 .7071 0 1 1

5 24 0 1 1 0 0 1 .3827 1 .9239 -.3827 1 .9239

5 24 -.3827 1 .9239 -.3827 0 .9239 0 1 1 -.7071 1 .7071

5 24 -.7071 1 .7071 -.7071 0 .7071 -.3827 1 .9239 -.9239 1 .3827

5 24 -.9239 1 .3827 -.9239 0 .3827 -.7071 1 .7071 -1 1 0

5 24 -1 1 0 -1 0 0 -.9239 1 .3827 -.9239 1 -.3827

5 24 -.9239 1 -.3827 -.9239 0 -.3827 -1 1 0 -.7071 1 -.7071

5 24 -.7071 1 -.7071 -.7071 0 -.7071 -.9239 1 -.3827 -.3827 1 -.9239

5 24 -.3827 1 -.9239 -.3827 0 -.9239 -.7071 1 -.7071 0 1 -1

5 24 0 1 -1 0 0 -1 -.3827 1 -.9239 .4142 1 -1

0

0 NOFILE

0 FILE 3-4edge.dat
0 Circle 0.75

0 Name: 3-4edge.dat

0 Author: James Jessiman

0 !LDRAW_ORG Primitive UPDATE 2017-01

0 !LICENSE Licensed under CC BY 4.0 : see CAreadme.txt



0 BFC CERTIFY CCW



0 !HISTORY 2007-06-24 [PTadmin] Header formatted for Contributor Agreement

0 !HISTORY 2008-07-01 [PTadmin] Official Update 2008-01

0 !HISTORY 2017-01-15 [Steffen] BFCed

0 !HISTORY 2017-12-30 [PTadmin] Official Update 2017-01





2 24 1 0 0 0.9239 0 0.3827

2 24 0.9239 0 0.3827 0.7071 0 0.7071

2 24 0.7071 0 0.7071 0.3827 0 0.9239

2 24 0.3827 0 0.9239 0 0 1

2 24 0 0 1 -0.3827 0 0.9239

2 24 -0.3827 0 0.9239 -0.7071 0 0.7071

2 24 -0.7071 0 0.7071 -0.9239 0 0.3827

2 24 -0.9239 0 0.3827 -1 0 0

2 24 -1 0 -0 -0.9239 0 -0.3827

2 24 -0.9239 0 -0.3827 -0.7071 0 -0.7071

2 24 -0.7071 0 -0.7071 -0.3827 0 -0.9239

2 24 -0.3827 0 -0.9239 0 0 -1

0 NOFILE

0 FILE 3-4ring4.dat
0 Ring  4 x 0.75

0 Name: 3-4ring4.dat

0 Author: Willy Tschager [Holly-Wood]

0 !LDRAW_ORG Primitive UPDATE 2024-01

0 !LICENSE Licensed under CC BY 4.0 : see CAreadme.txt



0 BFC CERTIFY CCW



0 !HISTORY 2009-05-02 [PTadmin] Official Update 2009-01

0 !HISTORY 2024-01-22 [Holly-Wood] Complete regeneration, original by guyvivan

0 !HISTORY 2024-01-29 [OrionP] Official Update 2024-01



4 16 5 0 0 4.6195 0 1.9135 3.6956 0 1.5308 4 0 0

4 16 4.6195 0 1.9135 3.5355 0 3.5355 2.8284 0 2.8284 3.6956 0 1.5308

4 16 3.5355 0 3.5355 1.9135 0 4.6195 1.5308 0 3.6956 2.8284 0 2.8284

4 16 1.9135 0 4.6195 0 0 5 0 0 4 1.5308 0 3.6956

4 16 0 0 5 -1.9135 0 4.6195 -1.5308 0 3.6956 0 0 4

4 16 -1.9135 0 4.6195 -3.5355 0 3.5355 -2.8284 0 2.8284 -1.5308 0 3.6956

4 16 -3.5355 0 3.5355 -4.6195 0 1.9135 -3.6956 0 1.5308 -2.8284 0 2.8284

4 16 -4.6195 0 1.9135 -5 0 0 -4 0 0 -3.6956 0 1.5308

4 16 -5 0 0 -4.6195 0 -1.9135 -3.6956 0 -1.5308 -4 0 0

4 16 -4.6195 0 -1.9135 -3.5355 0 -3.5355 -2.8284 0 -2.8284 -3.6956 0 -1.5308

4 16 -3.5355 0 -3.5355 -1.9135 0 -4.6195 -1.5308 0 -3.6956 -2.8284 0 -2.8284

4 16 -1.9135 0 -4.6195 0 0 -5 0 0 -4 -1.5308 0 -3.6956

0 // Build by LDPartEditor (PrimGen 2.X)

0 NOFILE

0 FILE stud4o.dat
0 Stud Tube Open without Outer Cylinder

0 Name: stud4o.dat

0 Author: Magnus Forsberg [MagFors]

0 !LDRAW_ORG Primitive UPDATE 2011-02

0 !LICENSE Licensed under CC BY 4.0 : see CAreadme.txt



0 !HELP This stud is a "antistud" to be used like a underside stud,

0 !HELP but without the outer cylinder.

0 !HELP 1 47 0 0 0 1 0 0 0 1 0 0 0 1 stud4.dat



0 BFC CERTIFY CCW



0 !HISTORY 2011-12-29 [PTadmin] Official Update 2011-02





1 16 0 -4 0 2 0 0 0 1 0 0 0 2 4-4ring3.dat

0 BFC INVERTNEXT

1 16 0 0 0 -6 0 0 0 -4 0 0 0 6 4-4cylc.dat

0 NOFILE

0 FILE 3023b.dat
0 Plate  1 x  2

0 Name: 3023b.dat

0 Author: James Jessiman

0 !LDRAW_ORG Part UPDATE 2023-03

0 !LICENSE Licensed under CC BY 4.0 : see CAreadme.txt



0 BFC CERTIFY CCW



0 !KEYWORDS BrickLink 3023, Rebrickable 3023



0 !HISTORY 2001-10-26 [PTadmin] Official Update 2001-01

0 !HISTORY 2002-05-07 {unknown} BFC Certification

0 !HISTORY 2002-06-11 [PTadmin] Official Update 2002-03

0 !HISTORY 2007-06-07 [PTadmin] Header formatted for Contributor Agreement

0 !HISTORY 2008-07-01 [PTadmin] Official Update 2008-01

0 !HISTORY 2020-03-07 [Sirio] Subparted

0 !HISTORY 2022-01-14 [PTadmin] Official Update 2022-01

0 !HISTORY 2023-05-26 [OrionP] Moved from 3023.dat

0 !HISTORY 2023-06-24 [OrionP] Official Update 2023-03





1 16 0 0 0 1 0 0 0 1 0 0 0 1 s__3023bs01.dat

4 16 -20 0 -10 -20 8 -10 20 8 -10 20 0 -10

0 NOFILE

0 FILE s__3023bs01.dat
0 ~Plate  1 x  2 without Front Face

0 Name: s\3023bs01.dat

0 Author: Massimo Maso [Sirio]

0 !LDRAW_ORG Subpart UPDATE 2023-03

0 !LICENSE Licensed under CC BY 4.0 : see CAreadme.txt



0 BFC CERTIFY CCW



0 !HISTORY 2022-01-14 [PTadmin] Official Update 2022-01

0 !HISTORY 2023-05-27 [OrionP] Moved from s\3023s01.dat

0 !HISTORY 2023-06-24 [OrionP] Official Update 2023-03





0 // Primitves

1 16 0 4 0 1 0 0 0 -1 0 0 0 1 stud3.dat

0 BFC INVERTNEXT

1 16 0 8 0 16 0 0 0 -4 0 0 0 6 box5.dat

1 16 0 8 0 20 0 0 0 -8 0 0 0 10 box4t.dat

1 16 0 0 0 1 0 0 0 1 0 0 0 1 stug-1x2.dat

0 // Faces

4 16 20 8 10 16 8 6 -16 8 6 -20 8 10

4 16 -20 8 10 -16 8 6 -16 8 -6 -20 8 -10

4 16 -20 8 -10 -16 8 -6 16 8 -6 20 8 -10

4 16 20 8 -10 16 8 -6 16 8 6 20 8 10

0 NOFILE

0 FILE stug-1x2.dat
0 Stud Group  1 x  2

0 Name: stug-1x2.dat

0 Author: Steffen [Steffen]

0 !LDRAW_ORG Primitive UPDATE 2011-01

0 !LICENSE Licensed under CC BY 4.0 : see CAreadme.txt



0 BFC CERTIFY CCW



0 !HISTORY 2011-07-25 [PTadmin] Official Update 2011-01





1 16 -10 0 0 1 0 0 0 1 0 0 0 1 stud.dat

1 16 10 0 0 1 0 0 0 1 0 0 0 1 stud.dat

0 NOFILE

0 FILE stud.dat
0 Stud

0 Name: stud.dat

0 Author: James Jessiman

0 !LDRAW_ORG Primitive UPDATE 2012-01

0 !LICENSE Licensed under CC BY 4.0 : see CAreadme.txt



0 BFC CERTIFY CCW



0 !HISTORY 2002-04-04 [sbliss] Modified for BFC compliance

0 !HISTORY 2002-04-25 [PTadmin] Official Update 2002-02

0 !HISTORY 2007-06-24 [PTadmin] Header formatted for Contributor Agreement

0 !HISTORY 2008-07-01 [PTadmin] Official Update 2008-01

0 !HISTORY 2012-02-16 [Philo] Changed to CCW

0 !HISTORY 2012-03-30 [PTadmin] Official Update 2012-01





1 16 0 0 0 6 0 0 0 1 0 0 0 6 4-4edge.dat

1 16 0 -4 0 6 0 0 0 1 0 0 0 6 4-4edge.dat

1 16 0 0 0 6 0 0 0 -4 0 0 0 6 4-4cyli.dat

1 16 0 -4 0 6 0 0 0 1 0 0 0 6 4-4disc.dat

0 NOFILE

0 FILE box4t.dat
0 Box with 4 Adjacent Faces and All Edges

0 Name: box4t.dat

0 Author: Tore Eriksson [Tore_Eriksson]

0 !LDRAW_ORG Primitive UPDATE 2003-02

0 !LICENSE Licensed under CC BY 4.0 : see CAreadme.txt



0 BFC CERTIFY CCW



0 !HISTORY 1997-09-29 [PTadmin] Official Update 1997-15

0 !HISTORY 2002-08-31 [izanette] Modified with WINDZ for BFC compliance

0 !HISTORY 2003-08-01 [PTadmin] Official Update 2003-02

0 !HISTORY 2007-06-24 [PTadmin] Header formatted for Contributor Agreement

0 !HISTORY 2008-07-01 [PTadmin] Official Update 2008-01





2 24 1 1 1 -1 1 1

2 24 -1 1 1 -1 1 -1

2 24 -1 1 -1 1 1 -1

2 24 1 1 -1 1 1 1

2 24 1 0 1 -1 0 1

2 24 -1 0 1 -1 0 -1

2 24 -1 0 -1 1 0 -1

2 24 1 0 -1 1 0 1

2 24 1 0 1 1 1 1

2 24 -1 0 1 -1 1 1

2 24 1 0 -1 1 1 -1

2 24 -1 0 -1 -1 1 -1

4 16 1 1 1 1 1 -1 -1 1 -1 -1 1 1

4 16 1 1 1 -1 1 1 -1 0 1 1 0 1

4 16 -1 1 1 -1 1 -1 -1 0 -1 -1 0 1

0 // 4 16 -1 1 -1 -1 0 -1 1 0 -1 1 1 -1

4 16 1 1 -1 1 1 1 1 0 1 1 0 -1

0

0 NOFILE

0 FILE box5.dat
0 Box with 5 Faces and All Edges

0 Name: box5.dat

0 Author: James Jessiman

0 !LDRAW_ORG Primitive UPDATE 2012-01

0 !LICENSE Licensed under CC BY 4.0 : see CAreadme.txt



0 BFC CERTIFY CCW



0 !HISTORY 2002-04-03 [sbliss] Modified for BFC compliance

0 !HISTORY 2002-04-25 [PTadmin] Official Update 2002-02

0 !HISTORY 2007-06-24 [PTadmin] Header formatted for Contributor Agreement

0 !HISTORY 2008-07-01 [PTadmin] Official Update 2008-01

0 !HISTORY 2012-02-16 [Philo] Changed to CCW

0 !HISTORY 2012-03-30 [PTadmin] Official Update 2012-01





2 24 1 1 1 -1 1 1

2 24 -1 1 1 -1 1 -1

2 24 -1 1 -1 1 1 -1

2 24 1 1 -1 1 1 1

2 24 1 0 1 -1 0 1

2 24 -1 0 1 -1 0 -1

2 24 -1 0 -1 1 0 -1

2 24 1 0 -1 1 0 1

2 24 1 0 1 1 1 1

2 24 -1 0 1 -1 1 1

2 24 1 0 -1 1 1 -1

2 24 -1 0 -1 -1 1 -1

4 16 -1 1 1 1 1 1 1 1 -1 -1 1 -1

4 16 -1 1 1 -1 0 1 1 0 1 1 1 1

4 16 -1 1 -1 -1 0 -1 -1 0 1 -1 1 1

4 16 1 1 -1 1 0 -1 -1 0 -1 -1 1 -1

4 16 1 1 1 1 0 1 1 0 -1 1 1 -1

0 NOFILE

0 FILE stud3.dat
0 Stud Tube Solid

0 Name: stud3.dat

0 Author: James Jessiman

0 !LDRAW_ORG Primitive UPDATE 2012-01

0 !LICENSE Licensed under CC BY 4.0 : see CAreadme.txt



0 BFC CERTIFY CCW



0 !HISTORY 2002-04-04 [sbliss] Modified for BFC compliance

0 !HISTORY 2002-04-25 [PTadmin] Official Update 2002-02

0 !HISTORY 2007-06-24 [PTadmin] Header formatted for Contributor Agreement

0 !HISTORY 2008-07-01 [PTadmin] Official Update 2008-01

0 !HISTORY 2012-02-16 [Philo] Changed to CCW

0 !HISTORY 2012-03-30 [PTadmin] Official Update 2012-01





1 16 0 -4 0 4 0 0 0 1 0 0 0 4 4-4edge.dat

1 16 0 0 0 4 0 0 0 1 0 0 0 4 4-4edge.dat

1 16 0 -4 0 4 0 0 0 1 0 0 0 4 4-4disc.dat

1 16 0 -4 0 4 0 0 0 4 0 0 0 4 4-4cyli.dat

0 NOFILE

0 FILE 3024.dat
0 Plate  1 x  1

0 Name: 3024.dat

0 Author: James Jessiman

0 !LDRAW_ORG Part UPDATE 2022-05

0 !LICENSE Licensed under CC BY 4.0 : see CAreadme.txt



0 BFC CERTIFY CCW



0 !HISTORY 2001-10-26 [PTadmin] Official Update 2001-01

0 !HISTORY 2002-05-07 {unknown} BFC Certification

0 !HISTORY 2002-06-11 [PTadmin] Official Update 2002-03

0 !HISTORY 2007-06-07 [PTadmin] Header formatted for Contributor Agreement

0 !HISTORY 2008-07-01 [PTadmin] Official Update 2008-01

0 !HISTORY 2022-08-04 [MagFors] Using subfile

0 !HISTORY 2022-09-15 [PTadmin] Official Update 2022-05





1 16 0 0 0 1 0 0 0 1 0 0 0 1 s__3024s01.dat

4 16 -10 8 -10 10 8 -10 10 0 -10 -10 0 -10

0 NOFILE

0 FILE s__3024s01.dat
0 ~Plate  1 x  1 without Front Face

0 Name: s\3024s01.dat

0 Author: Tore Eriksson [Tore_Eriksson]

0 !LDRAW_ORG Subpart UPDATE 2012-03

0 !LICENSE Licensed under CC BY 4.0 : see CAreadme.txt



0 BFC CERTIFY CCW



0 !HISTORY 2012-12-28 [PTadmin] Official Update 2012-03





0 BFC INVERTNEXT

1 16 0 8 0 0 0 6 0 -4 0 -6 0 0 box5.dat

4 16 10 8 -10 6 8 -6 6 8 6 10 8 10

4 16 10 8 10 6 8 6 -6 8 6 -10 8 10

4 16 -10 8 10 -6 8 6 -6 8 -6 -10 8 -10

4 16 -10 8 -10 -6 8 -6 6 8 -6 10 8 -10

1 16 0 8 0 10 0 0 0 -8 0 0 0 10 box4t.dat

1 16 0 0 0 0 0 1 0 1 0 -1 0 0 stud.dat

0 NOFILE

0 FILE 61409.dat
0 ~Slope Brick 18  2 x  1 x  0.667 Grille (Obsolete)

0 Name: 61409.dat

0 Author: Tim Gould [timgould]

0 !LDRAW_ORG Part UPDATE 2025-02

0 !LICENSE Licensed under CC BY 4.0 : see CAreadme.txt



0 BFC CERTIFY CCW



0 !CATEGORY Obsolete

0 !KEYWORDS grille



0 !HISTORY 2008-12-06 [gregteft] Updated geometry to include raised surface

0 !HISTORY 2009-03-30 [gregteft] Updated origin to bottom center

0 !HISTORY 2009-09-03 [PTadmin] Official Update 2009-02

0 !HISTORY 2017-08-08 [cwdee] Updated description

0 !HISTORY 2017-12-30 [PTadmin] Official Update 2017-01

0 !HISTORY 2025-02-12 [MagFors] Obsoleted due to bad geometry

0 !HISTORY 2025-02-27 [OrionP] Official Update 2025-02



1 16 0 -1 0 0 0 -9 0 1 0 19 0 0 box4.dat

1 16 0 -5.6 16 -6 0 0 0 0 5.6 0 1 0 rect.dat

1 16 0 -13 15 -6 0 0 0 .555556 1.8 0 1 -1 rect.dat

1 16 0 -10.9 10 -6 0 0 0 0 -2.1 0 -1 0 rect.dat

1 16 0 -10.6 7 -6 0 0 0 .555556 1.8 0 1 -1 rect.dat

1 16 0 -8.5 2 -6 0 0 0 0 -2.1 0 -1 0 rect.dat

1 16 0 -8.2 -1 -6 0 0 0 .555556 1.8 0 1 -1 rect.dat

1 16 0 -6.1 -6 -6 0 0 0 0 -2.1 0 -1 0 rect.dat

1 16 0 -5.8 -9 -6 0 0 0 .555556 1.8 0 1 -1 rect.dat

1 16 0 -4.9 -14 -6 0 0 0 0 -.9 0 -1 0 rect.dat

1 16 0 -2 -16 -6 0 0 0 0 -2 0 -1 0 rect.dat

1 16 0 -8.24 20 10 0 0 0 0 7.24 0 -1 0 rect.dat

1 16 0 -2.24 -20 10 0 0 0 0 -1.24 0 1 0 rect.dat

1 16 0 -11.2 15 0 0 6 0 -1 0 1 0 0 rect2p.dat

1 16 0 -8.8 8 0 0 6 0 -1 0 2 0 0 rect2p.dat

1 16 0 -6.4 0 0 0 6 0 -1 0 2 0 0 rect2p.dat

1 16 0 -4 -8 0 0 6 0 -1 0 2 0 0 rect2p.dat

1 16 0 -4 -15 0 0 6 0 -1 0 1 0 0 rect2p.dat

2 24 6 0 -16 6 0 16

2 24 -6 0 -16 -6 0 16

2 24 10 -1 -20 10 -1 20

2 24 -10 -1 -20 -10 -1 20

2 24 6 -5.8 -14 6 -7.6 -8

2 24 6 -8.2 -6 6 -10 0

2 24 6 -10.6 2 6 -12.4 8

2 24 6 -13 10 6 -14.8 16

2 24 -6 -5.8 -14 -6 -7.6 -8

2 24 -6 -8.2 -6 -6 -10 0

2 24 -6 -10.6 2 -6 -12.4 8

2 24 -6 -13 10 -6 -14.8 16

2 24 7.5 -4.7 -17.66 -7.5 -4.7 -17.66

2 24 7.5 -15.21 17.38 -7.5 -15.21 17.38

2 24 7.5 -4.7 -17.66 7.5 -15.21 17.38

2 24 -7.5 -4.7 -17.66 -7.5 -15.21 17.38

2 24 8 -14.88 18 -8 -14.88 18

2 24 8 -4.08 -18 8 -14.88 18

2 24 8 -4.08 -18 -8 -4.08 -18

2 24 -8 -4.08 -18 -8 -14.88 18

2 24 8 -14.88 18 7.5 -15.21 17.38

2 24 -8 -14.88 18 -7.5 -15.21 17.38

2 24 8 -4.08 -18 7.5 -4.7 -17.66

2 24 -8 -4.08 -18 -7.5 -4.7 -17.66

2 24 10 -3.48 -20 10 -15.48 20

2 24 -10 -3.48 -20 -10 -15.48 20

4 16 6 0 16 -6 0 16 -9 0 19 9 0 19

4 16 -6 0 -16 6 0 -16 9 0 -19 -9 0 -19

4 16 6 0 -16 6 0 16 9 0 19 9 0 -19

4 16 -6 0 16 -6 0 -16 -9 0 -19 -9 0 19

4 16 9 -1 19 -9 -1 19 -10 -1 20 10 -1 20

4 16 -9 -1 -19 9 -1 -19 10 -1 -20 -10 -1 -20

4 16 9 -1 -19 9 -1 19 10 -1 20 10 -1 -20

4 16 -9 -1 19 -9 -1 -19 -10 -1 -20 -10 -1 20

4 16 6 0 -16 6 -4 -16 6 -4 -6 6 0 -6

4 16 6 0 -6 6 -6.4 -6 6 -6.4 2 6 0 2

4 16 6 0 2 6 -8.8 2 6 -8.8 10 6 0 10

4 16 6 0 10 6 -11.2 10 6 -11.2 16 6 0 16

4 16 6 -4 -14 6 -5.8 -14 6 -7.6 -8 6 -4 -10

4 16 6 -6.4 -6 6 -8.2 -6 6 -10 0 6 -6.4 -2

4 16 6 -8.8 2 6 -10.6 2 6 -12.4 8 6 -8.8 6

4 16 6 -11.2 10 6 -13 10 6 -14.8 16 6 -11.2 14

4 16 -6 0 -6 -6 -4 -6 -6 -4 -16 -6 0 -16

4 16 -6 0 2 -6 -6.4 2 -6 -6.4 -6 -6 0 -6

4 16 -6 0 10 -6 -8.8 10 -6 -8.8 2 -6 0 2

4 16 -6 0 16 -6 -11.2 16 -6 -11.2 10 -6 0 10

4 16 -6 -4 -10 -6 -7.6 -8 -6 -5.8 -14 -6 -4 -14

4 16 -6 -6.4 -2 -6 -10 0 -6 -8.2 -6 -6 -6.4 -6

4 16 -6 -8.8 6 -6 -12.4 8 -6 -10.6 2 -6 -8.8 2

4 16 -6 -11.2 14 -6 -14.8 16 -6 -13 10 -6 -11.2 10

4 16 6 -13 10 -6 -13 10 -6 -12.4 8 6 -12.4 8

4 16 6 -10.6 2 -6 -10.6 2 -6 -10 0 6 -10 0

4 16 6 -8.2 -6 -6 -8.2 -6 -6 -7.6 -8 6 -7.6 -8

4 16 7.5 -15.21 17.38 -7.5 -15.21 17.38 -6 -14.8 16 6 -14.8 16

4 16 7.5 -4.7 -17.66 7.5 -15.21 17.38 6 -14.8 16 6 -5.8 -14

4 16 -7.5 -4.7 -17.66 7.5 -4.7 -17.66 6 -5.8 -14 -6 -5.8 -14

4 16 -6 -5.8 -14 -6 -14.8 16 -7.5 -15.21 17.38 -7.5 -4.7 -17.66

4 16 8 -14.88 18 -8 -14.88 18 -7.5 -15.21 17.38 7.5 -15.21 17.38

4 16 8 -4.08 -18 8 -14.88 18 7.5 -15.21 17.38 7.5 -4.7 -17.66

4 16 -7.5 -4.7 -17.66 -7.5 -15.21 17.38 -8 -14.88 18 -8 -4.08 -18

4 16 -8 -4.08 -18 8 -4.08 -18 7.5 -4.7 -17.66 -7.5 -4.7 -17.66

4 16 10 -15.48 20 -10 -15.48 20 -8 -14.88 18 8 -14.88 18

4 16 10 -3.48 -20 10 -15.48 20 8 -14.88 18 8 -4.08 -18

4 16 -8 -4.08 -18 -8 -14.88 18 -10 -15.48 20 -10 -3.48 -20

4 16 -10 -3.48 -20 10 -3.48 -20 8 -4.08 -18 -8 -4.08 -18

4 16 10 -1 -20 10 -1 20 10 -15.48 20 10 -3.48 -20

4 16 -10 -3.48 -20 -10 -15.48 20 -10 -1 20 -10 -1 -20

0

0 NOFILE

0 FILE rect2p.dat
0 Rectangle with 2 Parallel Edges

0 Name: rect2p.dat

0 Author: Donald Sutter [technog]

0 !LDRAW_ORG Primitive UPDATE 2010-01

0 !LICENSE Licensed under CC BY 4.0 : see CAreadme.txt



0 BFC CERTIFY CCW



0 !HISTORY 2003-08-01 [PTadmin] Official Update 2003-02

0 !HISTORY 2007-06-24 [PTadmin] Header formatted for Contributor Agreement

0 !HISTORY 2008-07-01 [PTadmin] Official Update 2008-01

0 !HISTORY 2010-01-17 [mikeheide] changed winding to CCW

0 !HISTORY 2010-04-05 [PTadmin] Official Update 2010-01





2 24 1 0 1 -1 0 1

2 24 -1 0 -1 1 0 -1

4 16 -1 0 1 -1 0 -1 1 0 -1 1 0 1

0

0 NOFILE

0 FILE rect.dat
0 Rectangle

0 Name: rect.dat

0 Author: James Jessiman

0 !LDRAW_ORG Primitive UPDATE 2010-01

0 !LICENSE Licensed under CC BY 4.0 : see CAreadme.txt



0 BFC CERTIFY CCW



0 !HISTORY 2002-04-05 [hafhead] Added BFC statement

0 !HISTORY 2002-04-25 [PTadmin] Official Update 2002-02

0 !HISTORY 2007-06-24 [PTadmin] Header formatted for Contributor Agreement

0 !HISTORY 2008-07-01 [PTadmin] Official Update 2008-01

0 !HISTORY 2010-01-17 [mikeheide] changed winding to CCW

0 !HISTORY 2010-04-05 [PTadmin] Official Update 2010-01





2 24 1 0 1 -1 0 1

2 24 -1 0 1 -1 0 -1

2 24 -1 0 -1 1 0 -1

2 24 1 0 -1 1 0 1

4 16 -1 0 1 -1 0 -1 1 0 -1 1 0 1

0

0 NOFILE

0 FILE box4.dat
0 Box with 4 Faces (2 Parallel Pairs) and All Edges

0 Name: box4.dat

0 Author: James Jessiman

0 !LDRAW_ORG Primitive UPDATE 2012-01

0 !LICENSE Licensed under CC BY 4.0 : see CAreadme.txt



0 BFC CERTIFY CCW



0 !HISTORY 2002-04-03 [sbliss] Modified for BFC compliance

0 !HISTORY 2002-04-25 [PTadmin] Official Update 2002-02

0 !HISTORY 2007-06-24 [PTadmin] Header formatted for Contributor Agreement

0 !HISTORY 2008-07-01 [PTadmin] Official Update 2008-01

0 !HISTORY 2012-02-16 [Philo] Changed to CCW

0 !HISTORY 2012-03-30 [PTadmin] Official Update 2012-01





2 24 1 1 1 -1 1 1

2 24 -1 1 1 -1 1 -1

2 24 -1 1 -1 1 1 -1

2 24 1 1 -1 1 1 1

2 24 1 0 1 -1 0 1

2 24 -1 0 1 -1 0 -1

2 24 -1 0 -1 1 0 -1

2 24 1 0 -1 1 0 1

2 24 1 0 1 1 1 1

2 24 -1 0 1 -1 1 1

2 24 1 0 -1 1 1 -1

2 24 -1 0 -1 -1 1 -1

4 16 -1 1 1 -1 0 1 1 0 1 1 1 1

4 16 -1 1 -1 -1 0 -1 -1 0 1 -1 1 1

4 16 1 1 -1 1 0 -1 -1 0 -1 -1 1 -1

4 16 1 1 1 1 0 1 1 0 -1 1 1 -1

0 NOFILE

0 FILE 95108.dat
0 ~Friends Lipstick Handle

0 Name: 95108.dat

0 Author: Philippe Hurbain [Philo]

0 !LDRAW_ORG Part UPDATE 2015-01

0 !LICENSE Licensed under CC BY 4.0 : see CAreadme.txt



0 BFC CERTIFY CCW



0 !CATEGORY Figure Accessory



0 !HISTORY 2013-08-14 {LEGO Digital Designer} Original part shape

0 !HISTORY 2014-10-06 [Philo] Complete rebuild for LDraw Parts Tracker

0 !HISTORY 2015-10-11 [PTadmin] Official Update 2015-01





1 16 0 -15 0 5 0 0 0 -7 0 0 0 5 4-4cylo.dat

1 16 0 0 0 4 0 0 0 -15 0 0 0 4 4-4cylo.dat

0 BFC INVERTNEXT

1 16 0 0 0 2 0 0 0 -18 0 0 0 2 4-4cylo.dat

1 16 0 -18 0 2 0 0 0 1 0 0 0 2 4-4ring1.dat

0 BFC INVERTNEXT

1 16 0 -18 0 4 0 0 0 -4 0 0 0 4 4-4cylo.dat

1 16 0 0 0 2 0 0 0 -1 0 0 0 2 4-4ring1.dat

1 16 0 -15 0 1 0 0 0 -1 0 0 0 1 4-4ring4.dat

1 16 0 -22 0 1 0 0 0 1 0 0 0 1 4-4ring4.dat

0 NOFILE

0 FILE 88513.dat
0 =Minifig Helmet Viking Horn

0 Name: 88513.dat

0 Author: Philippe Hurbain [Philo]

0 !LDRAW_ORG Part Alias UPDATE 2025-09

0 !LICENSE Licensed under CC BY 4.0 : see CAreadme.txt



0 BFC CERTIFY CCW



0 !CATEGORY Minifig Accessory

0 !KEYWORDS BrickLink 53451, Rebrickable 53451



0 !HISTORY 2013-07-21 [PTadmin] Official Update 2013-01

0 !HISTORY 2013-12-14 [cwdee] Add = prefix

0 !HISTORY 2013-12-23 [PTadmin] Official Update 2013-02

0 !HISTORY 2025-09-27 [OrionP] Changed winding to CCW

0 !HISTORY 2025-09-29 [OrionP] Official Update 2025-09



0 // Alias of 53451



1 16 0 0 0 1 0 0 0 1 0 0 0 1 53451.dat
0 NOFILE

0 FILE 53451.dat
0 Minifig Helmet Viking Horn

0 Name: 53451.dat

0 Author: Andreas Weissenburg [grubaluk]

0 !LDRAW_ORG Part UPDATE 2009-03

0 !LICENSE Licensed under CC BY 2.0 and CC BY 4.0 : see CAreadme.txt



0 BFC CERTIFY CCW



0 !CATEGORY Minifig Accessory



0 !HISTORY 2007-11-03 [mikeheide] added optional lines

0 !HISTORY 2009-09-03 [PTadmin] Official Update 2009-02

0 !HISTORY 2009-12-07 [cwdee] Correct description

0 !HISTORY 2009-12-29 [PTadmin] Official Update 2009-03





1 16 0 0 0 0 0 -2.5 -2.5 0 0 0 1 0 4-4ring1.dat

1 16 0 0 0 0 0 -5 -5 0 0 0 1 0 4-4edge.dat

1 16 0 0 0 0 0 -1 -1 0 0 0 2 0 stud3.dat

1 16 0 -7.229 23.929 2.16 0 0 0 -1.11109 -1.85232 0 1.85232 -1.11109 4-8sphe.dat

0 // SEGMENT 1

3 16 0 5 0 0 4.62 2.89 1.8 4.27 2.87

3 16 0 5 0 1.8 4.27 2.87 1.91 4.62 0

3 16 1.91 4.62 0 1.8 4.27 2.87 3.33 3.25 2.78

3 16 1.91 4.62 0 3.33 3.25 2.78 3.54 3.54 0

3 16 3.54 3.54 0 3.33 3.25 2.78 4.36 1.72 2.66

3 16 3.54 3.54 0 4.36 1.72 2.66 4.62 1.91 0

3 16 4.62 1.91 0 4.36 1.72 2.66 4.71 -0.08 2.52

3 16 4.62 1.91 0 4.71 -0.08 2.52 5 0 0

3 16 5 0 0 4.71 -0.08 2.52 4.36 -1.87 2.38

3 16 5 0 0 4.36 -1.87 2.38 4.62 -1.91 0

3 16 4.62 -1.91 0 4.36 -1.87 2.38 3.33 -3.4 2.25

3 16 4.62 -1.91 0 3.33 -3.4 2.25 3.54 -3.54 0

3 16 3.54 -3.54 0 3.33 -3.4 2.25 1.8 -4.42 2.17

3 16 3.54 -3.54 0 1.8 -4.42 2.17 1.91 -4.62 0

3 16 1.91 -4.62 0 1.8 -4.42 2.17 0 -4.78 2.14

3 16 1.91 -4.62 0 0 -4.78 2.14 0 -5 0

3 16 0 -5 0 0 -4.78 2.14 -1.8 -4.42 2.17

3 16 0 -5 0 -1.8 -4.42 2.17 -1.91 -4.62 0

3 16 -1.91 -4.62 0 -1.8 -4.42 2.17 -3.33 -3.4 2.25

3 16 -1.91 -4.62 0 -3.33 -3.4 2.25 -3.54 -3.54 0

3 16 -3.54 -3.54 0 -3.33 -3.4 2.25 -4.36 -1.87 2.38

3 16 -3.54 -3.54 0 -4.36 -1.87 2.38 -4.62 -1.91 0

3 16 -4.62 -1.91 0 -4.36 -1.87 2.38 -4.71 -0.08 2.52

3 16 -4.62 -1.91 0 -4.71 -0.08 2.52 -5 0 0

3 16 -5 0 0 -4.71 -0.08 2.52 -4.36 1.72 2.66

3 16 -5 0 0 -4.36 1.72 2.66 -4.62 1.91 0

3 16 -4.62 1.91 0 -4.36 1.72 2.66 -3.33 3.25 2.78

3 16 -4.62 1.91 0 -3.33 3.25 2.78 -3.54 3.54 0

3 16 -3.54 3.54 0 -3.33 3.25 2.78 -1.8 4.27 2.87

3 16 -3.54 3.54 0 -1.8 4.27 2.87 -1.91 4.62 0

3 16 -1.91 4.62 0 -1.8 4.27 2.87 0 4.62 2.89

3 16 -1.91 4.62 0 0 4.62 2.89 0 5 0

0 // SEGMENT 2

4 16 0 4.62 2.89 0 3.97 5.72 1.69 3.64 5.66 1.8 4.27 2.87

4 16 1.8 4.27 2.87 1.69 3.64 5.66 3.13 2.69 5.52 3.33 3.25 2.78

4 16 3.33 3.25 2.78 3.13 2.69 5.52 4.09 1.27 5.3 4.36 1.72 2.66

4 16 4.36 1.72 2.66 4.09 1.27 5.3 4.43 -0.4 5.04 4.71 -0.08 2.52

3 16 4.71 -0.08 2.52 4.43 -0.4 5.04 4.09 -2.08 4.78

3 16 4.71 -0.08 2.52 4.09 -2.08 4.78 4.36 -1.87 2.38

4 16 4.36 -1.87 2.38 4.09 -2.08 4.78 3.13 -3.5 4.56 3.33 -3.4 2.25

4 16 3.33 -3.4 2.25 3.13 -3.5 4.56 1.69 -4.44 4.41 1.8 -4.42 2.17

4 16 1.8 -4.42 2.17 1.69 -4.44 4.41 0 -4.78 4.36 0 -4.78 2.14

4 16 0 -4.78 2.14 0 -4.78 4.36 -1.69 -4.44 4.41 -1.8 -4.42 2.17

4 16 -1.8 -4.42 2.17 -1.69 -4.44 4.41 -3.13 -3.5 4.56 -3.33 -3.4 2.25

4 16 -3.33 -3.4 2.25 -3.13 -3.5 4.56 -4.09 -2.08 4.78 -4.36 -1.87 2.38

3 16 -4.36 -1.87 2.38 -4.09 -2.08 4.78 -4.43 -0.4 5.04

3 16 -4.36 -1.87 2.38 -4.43 -0.4 5.04 -4.71 -0.08 2.52

4 16 -4.71 -0.08 2.52 -4.43 -0.4 5.04 -4.09 1.27 5.3 -4.36 1.72 2.66

4 16 -4.36 1.72 2.66 -4.09 1.27 5.3 -3.13 2.69 5.52 -3.33 3.25 2.78

4 16 -3.33 3.25 2.78 -3.13 2.69 5.52 -1.69 3.64 5.66 -1.8 4.27 2.87

4 16 -1.8 4.27 2.87 -1.69 3.64 5.66 0 3.97 5.72 0 4.62 2.89

0 // SEGMENT 3

4 16 0 3.97 5.72 0 3.2 8.35 1.58 2.89 8.29 1.69 3.64 5.66

4 16 1.69 3.64 5.66 1.58 2.89 8.29 2.92 2.01 8.12 3.13 2.69 5.52

4 16 3.13 2.69 5.52 2.92 2.01 8.12 3.82 0.7 7.86 4.09 1.27 5.3

4 16 4.09 1.27 5.3 3.82 0.7 7.86 4.14 -0.86 7.56 4.43 -0.4 5.04

4 16 4.43 -0.4 5.04 4.14 -0.86 7.56 3.82 -2.41 7.25 4.09 -2.08 4.78

4 16 4.09 -2.08 4.78 3.82 -2.41 7.25 2.92 -3.73 7 3.13 -3.5 4.56

4 16 3.13 -3.5 4.56 2.92 -3.73 7 1.58 -4.61 6.83 1.69 -4.44 4.41

4 16 1.69 -4.44 4.41 1.58 -4.61 6.83 0 -4.92 6.77 0 -4.78 4.36

4 16 0 -4.78 4.36 0 -4.92 6.77 -1.58 -4.61 6.83 -1.69 -4.44 4.41

4 16 -1.69 -4.44 4.41 -1.58 -4.61 6.83 -2.92 -3.73 7 -3.13 -3.5 4.56

4 16 -3.13 -3.5 4.56 -2.92 -3.73 7 -3.82 -2.41 7.25 -4.09 -2.08 4.78

4 16 -4.09 -2.08 4.78 -3.82 -2.41 7.25 -4.14 -0.86 7.56 -4.43 -0.4 5.04

4 16 -4.43 -0.4 5.04 -4.14 -0.86 7.56 -3.82 0.7 7.86 -4.09 1.27 5.3

4 16 -4.09 1.27 5.3 -3.82 0.7 7.86 -2.92 2.01 8.12 -3.13 2.69 5.52

4 16 -3.13 2.69 5.52 -2.92 2.01 8.12 -1.58 2.89 8.29 -1.69 3.64 5.66

4 16 -1.69 3.64 5.66 -1.58 2.89 8.29 0 3.2 8.35 0 3.97 5.72

0 // SEGMENT 4

4 16 0 3.2 8.35 0 2.35 10.99 1.47 2.06 10.92 1.58 2.89 8.29

4 16 1.58 2.89 8.29 1.47 2.06 10.92 2.72 1.25 10.72 2.92 2.01 8.12

4 16 2.92 2.01 8.12 2.72 1.25 10.72 3.55 0.04 10.43 3.82 0.7 7.86

4 16 3.82 0.7 7.86 3.55 0.04 10.43 3.84 -1.39 10.08 4.14 -0.86 7.56

4 16 4.14 -0.86 7.56 3.84 -1.39 10.08 3.55 -2.81 9.73 3.82 -2.41 7.25

4 16 3.82 -2.41 7.25 3.55 -2.81 9.73 2.72 -4.02 9.43 2.92 -3.73 7

4 16 2.92 -3.73 7 2.72 -4.02 9.43 1.47 -4.83 9.23 1.58 -4.61 6.83

4 16 1.58 -4.61 6.83 1.47 -4.83 9.23 0 -5.12 9.16 0 -4.92 6.77

4 16 0 -4.92 6.77 0 -5.12 9.16 -1.47 -4.83 9.23 -1.58 -4.61 6.83

4 16 -1.58 -4.61 6.83 -1.47 -4.83 9.23 -2.72 -4.02 9.43 -2.92 -3.73 7

4 16 -2.92 -3.73 7 -2.72 -4.02 9.43 -3.55 -2.81 9.73 -3.82 -2.41 7.25

4 16 -3.82 -2.41 7.25 -3.55 -2.81 9.73 -3.84 -1.39 10.08 -4.14 -0.86 7.56

4 16 -4.14 -0.86 7.56 -3.84 -1.39 10.08 -3.55 0.04 10.43 -3.82 0.7 7.86

4 16 -3.82 0.7 7.86 -3.55 0.04 10.43 -2.72 1.25 10.72 -2.92 2.01 8.12

4 16 -2.92 2.01 8.12 -2.72 1.25 10.72 -1.47 2.06 10.92 -1.58 2.89 8.29

4 16 -1.58 2.89 8.29 -1.47 2.06 10.92 0 2.35 10.99 0 3.2 8.35

0 // SEGMENT 5

4 16 0 2.35 10.99 0 1.3 13.64 1.36 1.04 13.56 1.47 2.06 10.92

4 16 1.47 2.06 10.92 1.36 1.04 13.56 2.51 0.3 13.34 2.72 1.25 10.72

4 16 2.72 1.25 10.72 2.51 0.3 13.34 3.28 -0.79 13 3.55 0.04 10.43

4 16 3.55 0.04 10.43 3.28 -0.79 13 3.55 -2.09 12.59 3.84 -1.39 10.08

4 16 3.84 -1.39 10.08 3.55 -2.09 12.59 3.28 -3.39 12.19 3.55 -2.81 9.73

4 16 3.55 -2.81 9.73 3.28 -3.39 12.19 2.51 -4.49 11.85 2.72 -4.02 9.43

4 16 2.72 -4.02 9.43 2.51 -4.49 11.85 1.36 -5.22 11.62 1.47 -4.83 9.23

4 16 1.47 -4.83 9.23 1.36 -5.22 11.62 0 -5.48 11.54 0 -5.12 9.16

4 16 0 -5.12 9.16 0 -5.48 11.54 -1.36 -5.22 11.62 -1.47 -4.83 9.23

4 16 -1.47 -4.83 9.23 -1.36 -5.22 11.62 -2.51 -4.49 11.85 -2.72 -4.02 9.43

4 16 -2.72 -4.02 9.43 -2.51 -4.49 11.85 -3.28 -3.39 12.19 -3.55 -2.81 9.73

4 16 -3.55 -2.81 9.73 -3.28 -3.39 12.19 -3.55 -2.09 12.59 -3.84 -1.39 10.08

4 16 -3.84 -1.39 10.08 -3.55 -2.09 12.59 -3.28 -0.79 13 -3.55 0.04 10.43

4 16 -3.55 0.04 10.43 -3.28 -0.79 13 -2.51 0.3 13.34 -2.72 1.25 10.72

4 16 -2.72 1.25 10.72 -2.51 0.3 13.34 -1.36 1.04 13.56 -1.47 2.06 10.92

4 16 -1.47 2.06 10.92 -1.36 1.04 13.56 0 1.3 13.64 0 2.35 10.99

0 // SEGMENT 6

4 16 0 1.3 13.64 0 0.09 16.27 1.24 -0.14 16.18 1.36 1.04 13.56

4 16 1.36 1.04 13.56 1.24 -0.14 16.18 2.3 -0.8 15.93 2.51 0.3 13.34

4 16 2.51 0.3 13.34 2.3 -0.8 15.93 3 -1.79 15.55 3.28 -0.79 13

4 16 3.28 -0.79 13 3 -1.79 15.55 3.25 -2.95 15.11 3.55 -2.09 12.59

4 16 3.55 -2.09 12.59 3.25 -2.95 15.11 3 -4.11 14.67 3.28 -3.39 12.19

4 16 3.28 -3.39 12.19 3 -4.11 14.67 2.3 -5.09 14.3 2.51 -4.49 11.85

4 16 2.51 -4.49 11.85 2.3 -5.09 14.3 1.24 -5.75 14.05 1.36 -5.22 11.62

4 16 1.36 -5.22 11.62 1.24 -5.75 14.05 0 -5.98 13.96 0 -5.48 11.54

4 16 0 -5.48 11.54 0 -5.98 13.96 -1.24 -5.75 14.05 -1.36 -5.22 11.62

4 16 -1.36 -5.22 11.62 -1.24 -5.75 14.05 -2.3 -5.09 14.3 -2.51 -4.49 11.85

4 16 -2.51 -4.49 11.85 -2.3 -5.09 14.3 -3 -4.11 14.67 -3.28 -3.39 12.19

4 16 -3.28 -3.39 12.19 -3 -4.11 14.67 -3.25 -2.95 15.11 -3.55 -2.09 12.59

4 16 -3.55 -2.09 12.59 -3.25 -2.95 15.11 -3 -1.79 15.55 -3.28 -0.79 13

4 16 -3.28 -0.79 13 -3 -1.79 15.55 -2.3 -0.8 15.93 -2.51 0.3 13.34

4 16 -2.51 0.3 13.34 -2.3 -0.8 15.93 -1.24 -0.14 16.18 -1.36 1.04 13.56

4 16 -1.36 1.04 13.56 -1.24 -0.14 16.18 0 0.09 16.27 0 1.3 13.64

0 // SEGMENT 7

4 16 0 0.09 16.27 0 -1.32 18.83 1.12 -1.53 18.73 1.24 -0.14 16.18

4 16 1.24 -0.14 16.18 1.12 -1.53 18.73 2.08 -2.11 18.48 2.3 -0.8 15.93

4 16 2.3 -0.8 15.93 2.08 -2.11 18.48 2.71 -2.98 18.09 3 -1.79 15.55

4 16 3 -1.79 15.55 2.71 -2.98 18.09 2.94 -4.01 17.63 3.25 -2.95 15.11

4 16 3.25 -2.95 15.11 2.94 -4.01 17.63 2.71 -5.03 17.18 3 -4.11 14.67

4 16 3 -4.11 14.67 2.71 -5.03 17.18 2.08 -5.9 16.79 2.3 -5.09 14.3

4 16 2.3 -5.09 14.3 2.08 -5.9 16.79 1.12 -6.48 16.53 1.24 -5.75 14.05

4 16 1.24 -5.75 14.05 1.12 -6.48 16.53 0 -6.69 16.44 0 -5.98 13.96

4 16 0 -5.98 13.96 0 -6.69 16.44 -1.12 -6.48 16.53 -1.24 -5.75 14.05

4 16 -1.24 -5.75 14.05 -1.12 -6.48 16.53 -2.08 -5.9 16.79 -2.3 -5.09 14.3

4 16 -2.3 -5.09 14.3 -2.08 -5.9 16.79 -2.71 -5.03 17.18 -3 -4.11 14.67

4 16 -3 -4.11 14.67 -2.71 -5.03 17.18 -2.94 -4.01 17.63 -3.25 -2.95 15.11

4 16 -3.25 -2.95 15.11 -2.94 -4.01 17.63 -2.71 -2.98 18.09 -3 -1.79 15.55

4 16 -3 -1.79 15.55 -2.71 -2.98 18.09 -2.08 -2.11 18.48 -2.3 -0.8 15.93

4 16 -2.3 -0.8 15.93 -2.08 -2.11 18.48 -1.12 -1.53 18.73 -1.24 -0.14 16.18

4 16 -1.24 -0.14 16.18 -1.12 -1.53 18.73 0 -1.32 18.83 0 0.09 16.27

0 // SEGMENT 8

4 16 0 -1.32 18.83 0 -2.84 21.31 1 -3.02 21.22 1.12 -1.53 18.73

4 16 1.12 -1.53 18.73 1 -3.02 21.22 1.85 -3.53 20.97 2.08 -2.11 18.48

4 16 2.08 -2.11 18.48 1.85 -3.53 20.97 2.42 -4.29 20.6 2.71 -2.98 18.09

4 16 2.71 -2.98 18.09 2.42 -4.29 20.6 2.62 -5.19 20.15 2.94 -4.01 17.63

4 16 2.94 -4.01 17.63 2.62 -5.19 20.15 2.42 -6.09 19.71 2.71 -5.03 17.18

4 16 2.71 -5.03 17.18 2.42 -6.09 19.71 1.85 -6.85 19.33 2.08 -5.9 16.79

4 16 2.08 -5.9 16.79 1.85 -6.85 19.33 1 -7.36 19.08 1.12 -6.48 16.53

4 16 1.12 -6.48 16.53 1 -7.36 19.08 0 -7.54 18.99 0 -6.69 16.44

4 16 0 -6.69 16.44 0 -7.54 18.99 -1 -7.36 19.08 -1.12 -6.48 16.53

4 16 -1.12 -6.48 16.53 -1 -7.36 19.08 -1.85 -6.85 19.33 -2.08 -5.9 16.79

4 16 -2.08 -5.9 16.79 -1.85 -6.85 19.33 -2.42 -6.09 19.71 -2.71 -5.03 17.18

4 16 -2.71 -5.03 17.18 -2.42 -6.09 19.71 -2.62 -5.19 20.15 -2.94 -4.01 17.63

4 16 -2.94 -4.01 17.63 -2.62 -5.19 20.15 -2.42 -4.29 20.6 -2.71 -2.98 18.09

4 16 -2.71 -2.98 18.09 -2.42 -4.29 20.6 -1.85 -3.53 20.97 -2.08 -2.11 18.48

4 16 -2.08 -2.11 18.48 -1.85 -3.53 20.97 -1 -3.02 21.22 -1.12 -1.53 18.73

4 16 -1.12 -1.53 18.73 -1 -3.02 21.22 0 -2.84 21.31 0 -1.32 18.83

0 // SEGMENT 9

4 16 0 -2.84 21.31 0 -4.48 23.76 0.88 -4.63 23.68 1 -3.02 21.22

4 16 1 -3.02 21.22 0.88 -4.63 23.68 1.63 -5.07 23.44 1.85 -3.53 20.97

4 16 1.85 -3.53 20.97 1.63 -5.07 23.44 2.12 -5.73 23.09 2.42 -4.29 20.6

4 16 2.42 -4.29 20.6 2.12 -5.73 23.09 2.3 -6.5 22.67 2.62 -5.19 20.15

4 16 2.62 -5.19 20.15 2.3 -6.5 22.67 2.12 -7.27 22.25 2.42 -6.09 19.71

4 16 2.42 -6.09 19.71 2.12 -7.27 22.25 1.63 -7.93 21.9 1.85 -6.85 19.33

4 16 1.85 -6.85 19.33 1.63 -7.93 21.9 0.88 -8.37 21.66 1 -7.36 19.08

4 16 1 -7.36 19.08 0.88 -8.37 21.66 0 -8.52 21.58 0 -7.54 18.99

4 16 0 -7.54 18.99 0 -8.52 21.58 -0.88 -8.37 21.66 -1 -7.36 19.08

4 16 -1 -7.36 19.08 -0.88 -8.37 21.66 -1.63 -7.93 21.9 -1.85 -6.85 19.33

4 16 -1.85 -6.85 19.33 -1.63 -7.93 21.9 -2.12 -7.27 22.25 -2.42 -6.09 19.71

4 16 -2.42 -6.09 19.71 -2.12 -7.27 22.25 -2.3 -6.5 22.67 -2.62 -5.19 20.15

4 16 -2.62 -5.19 20.15 -2.3 -6.5 22.67 -2.12 -5.73 23.09 -2.42 -4.29 20.6

4 16 -2.42 -4.29 20.6 -2.12 -5.73 23.09 -1.63 -5.07 23.44 -1.85 -3.53 20.97

4 16 -1.85 -3.53 20.97 -1.63 -5.07 23.44 -0.88 -4.63 23.68 -1 -3.02 21.22

4 16 -1 -3.02 21.22 -0.88 -4.63 23.68 0 -4.48 23.76 0 -2.84 21.31

0 // SEGMENT 10

4 16 0 -4.48 23.76 0 -5.4 25.03 0.82 -5.54 24.94 0.88 -4.63 23.68

4 16 0.88 -4.63 23.68 0.82 -5.54 24.94 1.51 -5.94 24.7 1.63 -5.07 23.44

4 16 1.63 -5.07 23.44 1.51 -5.94 24.7 1.97 -6.53 24.35 2.12 -5.73 23.09

4 16 2.12 -5.73 23.09 1.97 -6.53 24.35 2.13 -7.23 23.93 2.3 -6.5 22.67

4 16 2.3 -6.5 22.67 2.13 -7.23 23.93 1.97 -7.93 23.51 2.12 -7.27 22.25

4 16 2.12 -7.27 22.25 1.97 -7.93 23.51 1.51 -8.52 23.15 1.63 -7.93 21.9

4 16 1.63 -7.93 21.9 1.51 -8.52 23.15 0.82 -8.92 22.92 0.88 -8.37 21.66

4 16 0.88 -8.37 21.66 0.82 -8.92 22.92 0 -9.06 22.83 0 -8.52 21.58

4 16 0 -8.52 21.58 0 -9.06 22.83 -0.82 -8.92 22.92 -0.88 -8.37 21.66

4 16 -0.88 -8.37 21.66 -0.82 -8.92 22.92 -1.51 -8.52 23.15 -1.63 -7.93 21.9

4 16 -1.63 -7.93 21.9 -1.51 -8.52 23.15 -1.97 -7.93 23.51 -2.12 -7.27 22.25

4 16 -2.12 -7.27 22.25 -1.97 -7.93 23.51 -2.13 -7.23 23.93 -2.3 -6.5 22.67

4 16 -2.3 -6.5 22.67 -2.13 -7.23 23.93 -1.97 -6.53 24.35 -2.12 -5.73 23.09

4 16 -2.12 -5.73 23.09 -1.97 -6.53 24.35 -1.51 -5.94 24.7 -1.63 -5.07 23.44

4 16 -1.63 -5.07 23.44 -1.51 -5.94 24.7 -0.82 -5.54 24.94 -0.88 -4.63 23.68

4 16 -0.88 -4.63 23.68 -0.82 -5.54 24.94 0 -5.4 25.03 0 -4.48 23.76

0 // SEGMENT 0

5 24 3.54 3.54 0 3.33 3.25 2.78 1.91 4.62 0.07 4.62 1.91 0

5 24 4.62 1.91 0 4.36 1.72 2.66 3.54 3.54 0.05 5 0 0

5 24 5 0 0 4.71 -0.08 2.52 4.62 1.91 0.03 4.62 -1.91 0

5 24 4.62 -1.91 0 4.36 -1.87 2.38 5 0 0 3.54 -3.54 0

5 24 3.54 -3.54 0 3.33 -3.4 2.25 4.62 -1.91 -0.03 1.91 -4.62 0

5 24 1.91 -4.62 0 1.8 -4.42 2.17 3.54 -3.54 -0.05 0 -5 0

5 24 0 -5 0 0 -4.78 2.14 1.91 -4.62 -0.07 -1.91 -4.62 0

5 24 -1.91 -4.62 0 -1.8 -4.42 2.17 0 -5 -0.08 -3.54 -3.54 0

5 24 -3.54 -3.54 0 -3.33 -3.4 2.25 -1.91 -4.62 -0.07 -4.62 -1.91 0

5 24 -4.62 -1.91 0 -4.36 -1.87 2.38 -3.54 -3.54 -0.05 -5 0 0

5 24 -5 0 0 -4.71 -0.08 2.52 -4.62 -1.91 -0.03 -4.62 1.91 0

5 24 -4.62 1.91 0 -4.36 1.72 2.66 -5 0 0 -3.54 3.54 0

5 24 -3.54 3.54 0 -3.33 3.25 2.78 -4.62 1.91 0.03 -1.91 4.62 0

5 24 0 5 0 0 4.62 2.89 -1.91 4.62 0.07 3.54 3.54 0

5 24 -1.91 4.62 0 -1.8 4.27 2.87 -3.54 3.54 0.05 0 5 0

0 // SEGMENT 1

5 24 3.33 3.25 2.78 3.13 2.69 5.52 1.8 4.27 2.87 4.36 1.72 2.66

5 24 4.36 1.72 2.66 4.09 1.27 5.3 3.33 3.25 2.78 4.71 -0.08 2.52

5 24 4.71 -0.08 2.52 4.43 -0.4 5.04 4.36 1.72 2.66 4.36 -1.87 2.38

5 24 4.36 -1.87 2.38 4.09 -2.08 4.78 4.71 -0.08 2.52 3.33 -3.4 2.25

5 24 3.33 -3.4 2.25 3.13 -3.5 4.56 4.36 -1.87 2.38 1.8 -4.42 2.17

5 24 1.8 -4.42 2.17 1.69 -4.44 4.41 3.33 -3.4 2.25 0 -4.78 2.14

5 24 0 -4.78 2.14 0 -4.78 4.36 1.8 -4.42 2.17 -1.8 -4.42 2.17

5 24 -1.8 -4.42 2.17 -1.69 -4.44 4.41 0 -4.78 2.14 -3.33 -3.4 2.25

5 24 -3.33 -3.4 2.25 -3.13 -3.5 4.56 -1.8 -4.42 2.17 -4.36 -1.87 2.38

5 24 -4.36 -1.87 2.38 -4.09 -2.08 4.78 -3.33 -3.4 2.25 -4.71 -0.08 2.52

5 24 -4.71 -0.08 2.52 -4.43 -0.4 5.04 -4.36 -1.87 2.38 -4.36 1.72 2.66

5 24 -4.36 1.72 2.66 -4.09 1.27 5.3 -4.71 -0.08 2.52 -3.33 3.25 2.78

5 24 -3.33 3.25 2.78 -3.13 2.69 5.52 -4.36 1.72 2.66 -1.8 4.27 2.87

5 24 0 4.62 2.89 0 3.97 5.72 -1.8 4.27 2.87 3.33 3.25 2.78

5 24 -1.8 4.27 2.87 -1.69 3.64 5.66 -3.33 3.25 2.78 0 4.62 2.89

0 // SEGMENT 2

5 24 3.13 2.69 5.52 2.92 2.01 8.12 1.69 3.64 5.66 4.09 1.27 5.3

5 24 4.09 1.27 5.3 3.82 0.7 7.86 3.13 2.69 5.52 4.43 -0.4 5.04

5 24 4.43 -0.4 5.04 4.14 -0.86 7.56 4.09 1.27 5.3 4.09 -2.08 4.78

5 24 4.09 -2.08 4.78 3.82 -2.41 7.25 4.43 -0.4 5.04 3.13 -3.5 4.56

5 24 3.13 -3.5 4.56 2.92 -3.73 7 4.09 -2.08 4.78 1.69 -4.44 4.41

5 24 1.69 -4.44 4.41 1.58 -4.61 6.83 3.13 -3.5 4.56 0 -4.78 4.36

5 24 0 -4.78 4.36 0 -4.92 6.77 1.69 -4.44 4.41 -1.69 -4.44 4.41

5 24 -1.69 -4.44 4.41 -1.58 -4.61 6.83 0 -4.78 4.36 -3.13 -3.5 4.56

5 24 -3.13 -3.5 4.56 -2.92 -3.73 7 -1.69 -4.44 4.41 -4.09 -2.08 4.78

5 24 -4.09 -2.08 4.78 -3.82 -2.41 7.25 -3.13 -3.5 4.56 -4.43 -0.4 5.04

5 24 -4.43 -0.4 5.04 -4.14 -0.86 7.56 -4.09 -2.08 4.78 -4.09 1.27 5.3

5 24 -4.09 1.27 5.3 -3.82 0.7 7.86 -4.43 -0.4 5.04 -3.13 2.69 5.52

5 24 -3.13 2.69 5.52 -2.92 2.01 8.12 -4.09 1.27 5.3 -1.69 3.64 5.66

5 24 0 3.97 5.72 0 3.2 8.35 -1.69 3.64 5.66 3.13 2.69 5.52

5 24 -1.69 3.64 5.66 -1.58 2.89 8.29 -3.13 2.69 5.52 0 3.97 5.72

0 // SEGMENT 3

5 24 2.92 2.01 8.12 2.72 1.25 10.72 1.58 2.89 8.29 3.82 0.7 7.86

5 24 3.82 0.7 7.86 3.55 0.04 10.43 2.92 2.01 8.12 4.14 -0.86 7.56

5 24 4.14 -0.86 7.56 3.84 -1.39 10.08 3.82 0.7 7.86 3.82 -2.41 7.25

5 24 3.82 -2.41 7.25 3.55 -2.81 9.73 4.14 -0.86 7.56 2.92 -3.73 7

5 24 2.92 -3.73 7 2.72 -4.02 9.43 3.82 -2.41 7.25 1.58 -4.61 6.83

5 24 1.58 -4.61 6.83 1.47 -4.83 9.23 2.92 -3.73 7 0 -4.92 6.77

5 24 0 -4.92 6.77 0 -5.12 9.16 1.58 -4.61 6.83 -1.58 -4.61 6.83

5 24 -1.58 -4.61 6.83 -1.47 -4.83 9.23 0 -4.92 6.77 -2.92 -3.73 7

5 24 -2.92 -3.73 7 -2.72 -4.02 9.43 -1.58 -4.61 6.83 -3.82 -2.41 7.25

5 24 -3.82 -2.41 7.25 -3.55 -2.81 9.73 -2.92 -3.73 7 -4.14 -0.86 7.56

5 24 -4.14 -0.86 7.56 -3.84 -1.39 10.08 -3.82 -2.41 7.25 -3.82 0.7 7.86

5 24 -3.82 0.7 7.86 -3.55 0.04 10.43 -4.14 -0.86 7.56 -2.92 2.01 8.12

5 24 -2.92 2.01 8.12 -2.72 1.25 10.72 -3.82 0.7 7.86 -1.58 2.89 8.29

5 24 0 3.2 8.35 0 2.35 10.99 -1.58 2.89 8.29 2.92 2.01 8.12

5 24 -1.58 2.89 8.29 -1.47 2.06 10.92 -2.92 2.01 8.12 0 3.2 8.35

0 // SEGMENT 4

5 24 2.72 1.25 10.72 2.51 0.3 13.34 1.47 2.06 10.92 3.55 0.04 10.43

5 24 3.55 0.04 10.43 3.28 -0.79 13 2.72 1.25 10.72 3.84 -1.39 10.08

5 24 3.84 -1.39 10.08 3.55 -2.09 12.59 3.55 0.04 10.43 3.55 -2.81 9.73

5 24 3.55 -2.81 9.73 3.28 -3.39 12.19 3.84 -1.39 10.08 2.72 -4.02 9.43

5 24 2.72 -4.02 9.43 2.51 -4.49 11.85 3.55 -2.81 9.73 1.47 -4.83 9.23

5 24 1.47 -4.83 9.23 1.36 -5.22 11.62 2.72 -4.02 9.43 0 -5.12 9.16

5 24 0 -5.12 9.16 0 -5.48 11.54 1.47 -4.83 9.23 -1.47 -4.83 9.23

5 24 -1.47 -4.83 9.23 -1.36 -5.22 11.62 0 -5.12 9.16 -2.72 -4.02 9.43

5 24 -2.72 -4.02 9.43 -2.51 -4.49 11.85 -1.47 -4.83 9.23 -3.55 -2.81 9.73

5 24 -3.55 -2.81 9.73 -3.28 -3.39 12.19 -2.72 -4.02 9.43 -3.84 -1.39 10.08

5 24 -3.84 -1.39 10.08 -3.55 -2.09 12.59 -3.55 -2.81 9.73 -3.55 0.04 10.43

5 24 -3.55 0.04 10.43 -3.28 -0.79 13 -3.84 -1.39 10.08 -2.72 1.25 10.72

5 24 -2.72 1.25 10.72 -2.51 0.3 13.34 -3.55 0.04 10.43 -1.47 2.06 10.92

5 24 0 2.35 10.99 0 1.3 13.64 -1.47 2.06 10.92 2.72 1.25 10.72

5 24 -1.47 2.06 10.92 -1.36 1.04 13.56 -2.72 1.25 10.72 0 2.35 10.99

0 // SEGMENT 5

5 24 2.51 0.3 13.34 2.3 -0.8 15.93 1.36 1.04 13.56 3.28 -0.79 13

5 24 3.28 -0.79 13 3 -1.79 15.55 2.51 0.3 13.34 3.55 -2.09 12.59

5 24 3.55 -2.09 12.59 3.25 -2.95 15.11 3.28 -0.79 13 3.28 -3.39 12.19

5 24 3.28 -3.39 12.19 3 -4.11 14.67 3.55 -2.09 12.59 2.51 -4.49 11.85

5 24 2.51 -4.49 11.85 2.3 -5.09 14.3 3.28 -3.39 12.19 1.36 -5.22 11.62

5 24 1.36 -5.22 11.62 1.24 -5.75 14.05 2.51 -4.49 11.85 0 -5.48 11.54

5 24 0 -5.48 11.54 0 -5.98 13.96 1.36 -5.22 11.62 -1.36 -5.22 11.62

5 24 -1.36 -5.22 11.62 -1.24 -5.75 14.05 0 -5.48 11.54 -2.51 -4.49 11.85

5 24 -2.51 -4.49 11.85 -2.3 -5.09 14.3 -1.36 -5.22 11.62 -3.28 -3.39 12.19

5 24 -3.28 -3.39 12.19 -3 -4.11 14.67 -2.51 -4.49 11.85 -3.55 -2.09 12.59

5 24 -3.55 -2.09 12.59 -3.25 -2.95 15.11 -3.28 -3.39 12.19 -3.28 -0.79 13

5 24 -3.28 -0.79 13 -3 -1.79 15.55 -3.55 -2.09 12.59 -2.51 0.3 13.34

5 24 -2.51 0.3 13.34 -2.3 -0.8 15.93 -3.28 -0.79 13 -1.36 1.04 13.56

5 24 0 1.3 13.64 0 0.09 16.27 -1.36 1.04 13.56 2.51 0.3 13.34

5 24 -1.36 1.04 13.56 -1.24 -0.14 16.18 -2.51 0.3 13.34 0 1.3 13.64

0 // SEGMENT 6

5 24 2.3 -0.8 15.93 2.08 -2.11 18.48 1.24 -0.14 16.18 3 -1.79 15.55

5 24 3 -1.79 15.55 2.71 -2.98 18.09 2.3 -0.8 15.93 3.25 -2.95 15.11

5 24 3.25 -2.95 15.11 2.94 -4.01 17.63 3 -1.79 15.55 3 -4.11 14.67

5 24 3 -4.11 14.67 2.71 -5.03 17.18 3.25 -2.95 15.11 2.3 -5.09 14.3

5 24 2.3 -5.09 14.3 2.08 -5.9 16.79 3 -4.11 14.67 1.24 -5.75 14.05

5 24 1.24 -5.75 14.05 1.12 -6.48 16.53 2.3 -5.09 14.3 0 -5.98 13.96

5 24 0 -5.98 13.96 0 -6.69 16.44 1.24 -5.75 14.05 -1.24 -5.75 14.05

5 24 -1.24 -5.75 14.05 -1.12 -6.48 16.53 0 -5.98 13.96 -2.3 -5.09 14.3

5 24 -2.3 -5.09 14.3 -2.08 -5.9 16.79 -1.24 -5.75 14.05 -3 -4.11 14.67

5 24 -3 -4.11 14.67 -2.71 -5.03 17.18 -2.3 -5.09 14.3 -3.25 -2.95 15.11

5 24 -3.25 -2.95 15.11 -2.94 -4.01 17.63 -3 -4.11 14.67 -3 -1.79 15.55

5 24 -3 -1.79 15.55 -2.71 -2.98 18.09 -3.25 -2.95 15.11 -2.3 -0.8 15.93

5 24 -2.3 -0.8 15.93 -2.08 -2.11 18.48 -3 -1.79 15.55 -1.24 -0.14 16.18

5 24 0 0.09 16.27 0 -1.32 18.83 -1.24 -0.14 16.18 2.3 -0.8 15.93

5 24 -1.24 -0.14 16.18 -1.12 -1.53 18.73 -2.3 -0.8 15.93 0 0.09 16.27

0 // SEGMENT 7

5 24 2.08 -2.11 18.48 1.85 -3.53 20.97 1.12 -1.53 18.73 2.71 -2.98 18.09

5 24 2.71 -2.98 18.09 2.42 -4.29 20.6 2.08 -2.11 18.48 2.94 -4.01 17.63

5 24 2.94 -4.01 17.63 2.62 -5.19 20.15 2.71 -2.98 18.09 2.71 -5.03 17.18

5 24 2.71 -5.03 17.18 2.42 -6.09 19.71 2.94 -4.01 17.63 2.08 -5.9 16.79

5 24 2.08 -5.9 16.79 1.85 -6.85 19.33 2.71 -5.03 17.18 1.12 -6.48 16.53

5 24 1.12 -6.48 16.53 1 -7.36 19.08 2.08 -5.9 16.79 0 -6.69 16.44

5 24 0 -6.69 16.44 0 -7.54 18.99 1.12 -6.48 16.53 -1.12 -6.48 16.53

5 24 -1.12 -6.48 16.53 -1 -7.36 19.08 0 -6.69 16.44 -2.08 -5.9 16.79

5 24 -2.08 -5.9 16.79 -1.85 -6.85 19.33 -1.12 -6.48 16.53 -2.71 -5.03 17.18

5 24 -2.71 -5.03 17.18 -2.42 -6.09 19.71 -2.08 -5.9 16.79 -2.94 -4.01 17.63

5 24 -2.94 -4.01 17.63 -2.62 -5.19 20.15 -2.71 -5.03 17.18 -2.71 -2.98 18.09

5 24 -2.71 -2.98 18.09 -2.42 -4.29 20.6 -2.94 -4.01 17.63 -2.08 -2.11 18.48

5 24 -2.08 -2.11 18.48 -1.85 -3.53 20.97 -2.71 -2.98 18.09 -1.12 -1.53 18.73

5 24 0 -1.32 18.83 0 -2.84 21.31 -1.12 -1.53 18.73 2.08 -2.11 18.48

5 24 -1.12 -1.53 18.73 -1 -3.02 21.22 -2.08 -2.11 18.48 0 -1.32 18.83

0 // SEGMENT 8

5 24 1.85 -3.53 20.97 1.63 -5.07 23.44 1 -3.02 21.22 2.42 -4.29 20.6

5 24 2.42 -4.29 20.6 2.12 -5.73 23.09 1.85 -3.53 20.97 2.62 -5.19 20.15

5 24 2.62 -5.19 20.15 2.3 -6.5 22.67 2.42 -4.29 20.6 2.42 -6.09 19.71

5 24 2.42 -6.09 19.71 2.12 -7.27 22.25 2.62 -5.19 20.15 1.85 -6.85 19.33

5 24 1.85 -6.85 19.33 1.63 -7.93 21.9 2.42 -6.09 19.71 1 -7.36 19.08

5 24 1 -7.36 19.08 0.88 -8.37 21.66 1.85 -6.85 19.33 0 -7.54 18.99

5 24 0 -7.54 18.99 0 -8.52 21.58 1 -7.36 19.08 -1 -7.36 19.08

5 24 -1 -7.36 19.08 -0.88 -8.37 21.66 0 -7.54 18.99 -1.85 -6.85 19.33

5 24 -1.85 -6.85 19.33 -1.63 -7.93 21.9 -1 -7.36 19.08 -2.42 -6.09 19.71

5 24 -2.42 -6.09 19.71 -2.12 -7.27 22.25 -1.85 -6.85 19.33 -2.62 -5.19 20.15

5 24 -2.62 -5.19 20.15 -2.3 -6.5 22.67 -2.42 -6.09 19.71 -2.42 -4.29 20.6

5 24 -2.42 -4.29 20.6 -2.12 -5.73 23.09 -2.62 -5.19 20.15 -1.85 -3.53 20.97

5 24 -1.85 -3.53 20.97 -1.63 -5.07 23.44 -2.42 -4.29 20.6 -1 -3.02 21.22

5 24 0 -2.84 21.31 0 -4.48 23.76 -1 -3.02 21.22 1.85 -3.53 20.97

5 24 -1 -3.02 21.22 -0.88 -4.63 23.68 -1.85 -3.53 20.97 0 -2.84 21.31

0 // SEGMENT 9

5 24 1.63 -5.07 23.44 1.51 -5.94 24.7 0.88 -4.63 23.68 2.12 -5.73 23.09

5 24 2.12 -5.73 23.09 1.97 -6.53 24.35 1.63 -5.07 23.44 2.3 -6.5 22.67

5 24 2.3 -6.5 22.67 2.13 -7.23 23.93 2.12 -5.73 23.09 2.12 -7.27 22.25

5 24 2.12 -7.27 22.25 1.97 -7.93 23.51 2.3 -6.5 22.67 1.63 -7.93 21.9

5 24 1.63 -7.93 21.9 1.51 -8.52 23.15 2.12 -7.27 22.25 0.88 -8.37 21.66

5 24 0.88 -8.37 21.66 0.82 -8.92 22.92 1.63 -7.93 21.9 0 -8.52 21.58

5 24 0 -8.52 21.58 0 -9.06 22.83 0.88 -8.37 21.66 -0.88 -8.37 21.66

5 24 -0.88 -8.37 21.66 -0.82 -8.92 22.92 0 -8.52 21.58 -1.63 -7.93 21.9

5 24 -1.63 -7.93 21.9 -1.51 -8.52 23.15 -0.88 -8.37 21.66 -2.12 -7.27 22.25

5 24 -2.12 -7.27 22.25 -1.97 -7.93 23.51 -1.63 -7.93 21.9 -2.3 -6.5 22.67

5 24 -2.3 -6.5 22.67 -2.13 -7.23 23.93 -2.12 -7.27 22.25 -2.12 -5.73 23.09

5 24 -2.12 -5.73 23.09 -1.97 -6.53 24.35 -2.3 -6.5 22.67 -1.63 -5.07 23.44

5 24 -1.63 -5.07 23.44 -1.51 -5.94 24.7 -2.12 -5.73 23.09 -0.88 -4.63 23.68

5 24 0 -4.48 23.76 0 -5.4 25.03 -0.88 -4.63 23.68 1.63 -5.07 23.44

5 24 -0.88 -4.63 23.68 -0.82 -5.54 24.94 -1.63 -5.07 23.44 0 -4.48 23.76

0 // Conditional edges

5 24 1.8 4.27 2.87 0 5 0 0 4.62 2.89 1.91 4.62 0

5 24 1.8 4.27 2.87 1.91 4.62 0 0 5 0 3.33 3.25 2.78

5 24 3.33 3.25 2.78 1.91 4.62 0 1.8 4.27 2.87 3.54 3.54 0

5 24 4.36 1.72 2.66 3.54 3.54 0 3.33 3.25 2.78 4.62 1.91 0

5 24 4.71 -0.08 2.52 4.62 1.91 0 4.36 1.72 2.66 5 0 0

5 24 4.36 -1.87 2.38 5 0 0 4.71 -0.08 2.52 4.62 -1.91 0

5 24 3.33 -3.4 2.25 4.62 -1.91 0 4.36 -1.87 2.38 3.54 -3.54 0

5 24 1.8 -4.42 2.17 3.54 -3.54 0 3.33 -3.4 2.25 1.91 -4.62 0

5 24 0 -4.78 2.14 1.91 -4.62 0 1.8 -4.42 2.17 0 -5 0

5 24 -1.8 -4.42 2.17 0 -5 0 0 -4.78 2.14 -1.91 -4.62 0

5 24 -3.33 -3.4 2.25 -1.91 -4.62 0 -1.8 -4.42 2.17 -3.54 -3.54 0

5 24 -4.36 -1.87 2.38 -3.54 -3.54 0 -3.33 -3.4 2.25 -4.62 -1.91 0

5 24 -4.71 -0.08 2.52 -4.62 -1.91 0 -4.36 -1.87 2.38 -5 0 0

5 24 -4.36 1.72 2.66 -5 0 0 -4.71 -0.08 2.52 -4.62 1.91 0

5 24 -3.33 3.25 2.78 -4.62 1.91 0 -4.36 1.72 2.66 -3.54 3.54 0

5 24 -1.8 4.27 2.87 -3.54 3.54 0 -3.33 3.25 2.78 -1.91 4.62 0

5 24 0 4.62 2.89 -1.91 4.62 0 -1.8 4.27 2.87 0 5 0

5 24 0 4.62 2.89 1.8 4.27 2.87 0 5 0 0 3.97 5.72

5 24 1.69 3.64 5.66 1.8 4.27 2.87 0 4.62 2.89 3.13 2.69 5.52

5 24 1.8 4.27 2.87 3.33 3.25 2.78 1.91 4.62 0 1.69 3.64 5.66

5 24 3.33 3.25 2.78 4.36 1.72 2.66 3.54 3.54 0 3.13 2.69 5.52

5 24 4.36 1.72 2.66 4.71 -0.08 2.52 4.62 1.91 0 4.09 1.27 5.3

5 24 4.09 -2.08 4.78 4.71 -0.08 2.52 4.43 -0.4 5.04 4.36 -1.87 2.38

5 24 4.71 -0.08 2.52 4.36 -1.87 2.38 5 0 0 4.09 -2.08 4.78

5 24 4.36 -1.87 2.38 3.33 -3.4 2.25 4.62 -1.91 0 4.09 -2.08 4.78

5 24 3.33 -3.4 2.25 1.8 -4.42 2.17 3.54 -3.54 0 3.13 -3.5 4.56

5 24 1.8 -4.42 2.17 0 -4.78 2.14 1.91 -4.62 0 1.69 -4.44 4.41

5 24 0 -4.78 2.14 -1.8 -4.42 2.17 0 -5 0 0 -4.78 4.36

5 24 -1.8 -4.42 2.17 -3.33 -3.4 2.25 -1.91 -4.62 0 -1.69 -4.44 4.41

5 24 -3.33 -3.4 2.25 -4.36 -1.87 2.38 -3.54 -3.54 0 -3.13 -3.5 4.56

5 24 -4.43 -0.4 5.04 -4.36 -1.87 2.38 -4.09 -2.08 4.78 -4.71 -0.08 2.52

5 24 -4.36 -1.87 2.38 -4.71 -0.08 2.52 -4.62 -1.91 0 -4.43 -0.4 5.04

5 24 -4.71 -0.08 2.52 -4.36 1.72 2.66 -5 0 0 -4.43 -0.4 5.04

5 24 -4.36 1.72 2.66 -3.33 3.25 2.78 -4.62 1.91 0 -4.09 1.27 5.3

5 24 -3.33 3.25 2.78 -1.8 4.27 2.87 -3.54 3.54 0 -3.13 2.69 5.52

5 24 -1.8 4.27 2.87 0 4.62 2.89 -1.91 4.62 0 -1.69 3.64 5.66

5 24 0 3.97 5.72 1.69 3.64 5.66 1.8 4.27 2.87 0 3.2 8.35

5 24 1.58 2.89 8.29 1.69 3.64 5.66 0 3.97 5.72 2.92 2.01 8.12

5 24 1.69 3.64 5.66 3.13 2.69 5.52 3.33 3.25 2.78 1.58 2.89 8.29

5 24 3.13 2.69 5.52 4.09 1.27 5.3 4.36 1.72 2.66 2.92 2.01 8.12

5 24 4.09 1.27 5.3 4.43 -0.4 5.04 4.71 -0.08 2.52 3.82 0.7 7.86

5 24 4.43 -0.4 5.04 4.09 -2.08 4.78 4.71 -0.08 2.52 4.14 -0.86 7.56

5 24 4.09 -2.08 4.78 3.13 -3.5 4.56 3.33 -3.4 2.25 3.82 -2.41 7.25

5 24 3.13 -3.5 4.56 1.69 -4.44 4.41 1.8 -4.42 2.17 2.92 -3.73 7

5 24 1.69 -4.44 4.41 0 -4.78 4.36 0 -4.78 2.14 1.58 -4.61 6.83

5 24 0 -4.78 4.36 -1.69 -4.44 4.41 -1.8 -4.42 2.17 0 -4.92 6.77

5 24 -1.69 -4.44 4.41 -3.13 -3.5 4.56 -3.33 -3.4 2.25 -1.58 -4.61 6.83

5 24 -3.13 -3.5 4.56 -4.09 -2.08 4.78 -4.36 -1.87 2.38 -2.92 -3.73 7

5 24 -4.09 -2.08 4.78 -4.43 -0.4 5.04 -4.36 -1.87 2.38 -3.82 -2.41 7.25

5 24 -4.43 -0.4 5.04 -4.09 1.27 5.3 -4.36 1.72 2.66 -4.14 -0.86 7.56

5 24 -4.09 1.27 5.3 -3.13 2.69 5.52 -3.33 3.25 2.78 -3.82 0.7 7.86

5 24 -3.13 2.69 5.52 -1.69 3.64 5.66 -1.8 4.27 2.87 -2.92 2.01 8.12

5 24 -1.69 3.64 5.66 0 3.97 5.72 0 4.62 2.89 -1.58 2.89 8.29

5 24 0 3.2 8.35 1.58 2.89 8.29 1.69 3.64 5.66 0 2.35 10.99

5 24 1.47 2.06 10.92 1.58 2.89 8.29 0 3.2 8.35 2.72 1.25 10.72

5 24 1.58 2.89 8.29 2.92 2.01 8.12 3.13 2.69 5.52 1.47 2.06 10.92

5 24 2.92 2.01 8.12 3.82 0.7 7.86 4.09 1.27 5.3 2.72 1.25 10.72

5 24 3.82 0.7 7.86 4.14 -0.86 7.56 4.43 -0.4 5.04 3.55 0.04 10.43

5 24 4.14 -0.86 7.56 3.82 -2.41 7.25 4.09 -2.08 4.78 3.84 -1.39 10.08

5 24 3.82 -2.41 7.25 2.92 -3.73 7 3.13 -3.5 4.56 3.55 -2.81 9.73

5 24 2.92 -3.73 7 1.58 -4.61 6.83 1.69 -4.44 4.41 2.72 -4.02 9.43

5 24 1.58 -4.61 6.83 0 -4.92 6.77 0 -4.78 4.36 1.47 -4.83 9.23

5 24 0 -4.92 6.77 -1.58 -4.61 6.83 -1.69 -4.44 4.41 0 -5.12 9.16

5 24 -1.58 -4.61 6.83 -2.92 -3.73 7 -3.13 -3.5 4.56 -1.47 -4.83 9.23

5 24 -2.92 -3.73 7 -3.82 -2.41 7.25 -4.09 -2.08 4.78 -2.72 -4.02 9.43

5 24 -3.82 -2.41 7.25 -4.14 -0.86 7.56 -4.43 -0.4 5.04 -3.55 -2.81 9.73

5 24 -4.14 -0.86 7.56 -3.82 0.7 7.86 -4.09 1.27 5.3 -3.84 -1.39 10.08

5 24 -3.82 0.7 7.86 -2.92 2.01 8.12 -3.13 2.69 5.52 -3.55 0.04 10.43

5 24 -2.92 2.01 8.12 -1.58 2.89 8.29 -1.69 3.64 5.66 -2.72 1.25 10.72

5 24 -1.58 2.89 8.29 0 3.2 8.35 0 3.97 5.72 -1.47 2.06 10.92

5 24 0 2.35 10.99 1.47 2.06 10.92 1.58 2.89 8.29 0 1.3 13.64

5 24 1.36 1.04 13.56 1.47 2.06 10.92 0 2.35 10.99 2.51 0.3 13.34

5 24 1.47 2.06 10.92 2.72 1.25 10.72 2.92 2.01 8.12 1.36 1.04 13.56

5 24 2.72 1.25 10.72 3.55 0.04 10.43 3.82 0.7 7.86 2.51 0.3 13.34

5 24 3.55 0.04 10.43 3.84 -1.39 10.08 4.14 -0.86 7.56 3.28 -0.79 13

5 24 3.84 -1.39 10.08 3.55 -2.81 9.73 3.82 -2.41 7.25 3.55 -2.09 12.59

5 24 3.55 -2.81 9.73 2.72 -4.02 9.43 2.92 -3.73 7 3.28 -3.39 12.19

5 24 2.72 -4.02 9.43 1.47 -4.83 9.23 1.58 -4.61 6.83 2.51 -4.49 11.85

5 24 1.47 -4.83 9.23 0 -5.12 9.16 0 -4.92 6.77 1.36 -5.22 11.62

5 24 0 -5.12 9.16 -1.47 -4.83 9.23 -1.58 -4.61 6.83 0 -5.48 11.54

5 24 -1.47 -4.83 9.23 -2.72 -4.02 9.43 -2.92 -3.73 7 -1.36 -5.22 11.62

5 24 -2.72 -4.02 9.43 -3.55 -2.81 9.73 -3.82 -2.41 7.25 -2.51 -4.49 11.85

5 24 -3.55 -2.81 9.73 -3.84 -1.39 10.08 -4.14 -0.86 7.56 -3.28 -3.39 12.19

5 24 -3.84 -1.39 10.08 -3.55 0.04 10.43 -3.82 0.7 7.86 -3.55 -2.09 12.59

5 24 -3.55 0.04 10.43 -2.72 1.25 10.72 -2.92 2.01 8.12 -3.28 -0.79 13

5 24 -2.72 1.25 10.72 -1.47 2.06 10.92 -1.58 2.89 8.29 -2.51 0.3 13.34

5 24 -1.47 2.06 10.92 0 2.35 10.99 0 3.2 8.35 -1.36 1.04 13.56

5 24 0 1.3 13.64 1.36 1.04 13.56 1.47 2.06 10.92 0 0.09 16.27

5 24 1.24 -0.14 16.18 1.36 1.04 13.56 0 1.3 13.64 2.3 -0.8 15.93

5 24 1.36 1.04 13.56 2.51 0.3 13.34 2.72 1.25 10.72 1.24 -0.14 16.18

5 24 2.51 0.3 13.34 3.28 -0.79 13 3.55 0.04 10.43 2.3 -0.8 15.93

5 24 3.28 -0.79 13 3.55 -2.09 12.59 3.84 -1.39 10.08 3 -1.79 15.55

5 24 3.55 -2.09 12.59 3.28 -3.39 12.19 3.55 -2.81 9.73 3.25 -2.95 15.11

5 24 3.28 -3.39 12.19 2.51 -4.49 11.85 2.72 -4.02 9.43 3 -4.11 14.67

5 24 2.51 -4.49 11.85 1.36 -5.22 11.62 1.47 -4.83 9.23 2.3 -5.09 14.3

5 24 1.36 -5.22 11.62 0 -5.48 11.54 0 -5.12 9.16 1.24 -5.75 14.05

5 24 0 -5.48 11.54 -1.36 -5.22 11.62 -1.47 -4.83 9.23 0 -5.98 13.96

5 24 -1.36 -5.22 11.62 -2.51 -4.49 11.85 -2.72 -4.02 9.43 -1.24 -5.75 14.05

5 24 -2.51 -4.49 11.85 -3.28 -3.39 12.19 -3.55 -2.81 9.73 -2.3 -5.09 14.3

5 24 -3.28 -3.39 12.19 -3.55 -2.09 12.59 -3.84 -1.39 10.08 -3 -4.11 14.67

5 24 -3.55 -2.09 12.59 -3.28 -0.79 13 -3.55 0.04 10.43 -3.25 -2.95 15.11

5 24 -3.28 -0.79 13 -2.51 0.3 13.34 -2.72 1.25 10.72 -3 -1.79 15.55

5 24 -2.51 0.3 13.34 -1.36 1.04 13.56 -1.47 2.06 10.92 -2.3 -0.8 15.93

5 24 -1.36 1.04 13.56 0 1.3 13.64 0 2.35 10.99 -1.24 -0.14 16.18

5 24 0 0.09 16.27 1.24 -0.14 16.18 1.36 1.04 13.56 0 -1.32 18.83

5 24 1.12 -1.53 18.73 1.24 -0.14 16.18 0 0.09 16.27 2.08 -2.11 18.48

5 24 1.24 -0.14 16.18 2.3 -0.8 15.93 2.51 0.3 13.34 1.12 -1.53 18.73

5 24 2.3 -0.8 15.93 3 -1.79 15.55 3.28 -0.79 13 2.08 -2.11 18.48

5 24 3 -1.79 15.55 3.25 -2.95 15.11 3.55 -2.09 12.59 2.71 -2.98 18.09

5 24 3.25 -2.95 15.11 3 -4.11 14.67 3.28 -3.39 12.19 2.94 -4.01 17.63

5 24 3 -4.11 14.67 2.3 -5.09 14.3 2.51 -4.49 11.85 2.71 -5.03 17.18

5 24 2.3 -5.09 14.3 1.24 -5.75 14.05 1.36 -5.22 11.62 2.08 -5.9 16.79

5 24 1.24 -5.75 14.05 0 -5.98 13.96 0 -5.48 11.54 1.12 -6.48 16.53

5 24 0 -5.98 13.96 -1.24 -5.75 14.05 -1.36 -5.22 11.62 0 -6.69 16.44

5 24 -1.24 -5.75 14.05 -2.3 -5.09 14.3 -2.51 -4.49 11.85 -1.12 -6.48 16.53

5 24 -2.3 -5.09 14.3 -3 -4.11 14.67 -3.28 -3.39 12.19 -2.08 -5.9 16.79

5 24 -3 -4.11 14.67 -3.25 -2.95 15.11 -3.55 -2.09 12.59 -2.71 -5.03 17.18

5 24 -3.25 -2.95 15.11 -3 -1.79 15.55 -3.28 -0.79 13 -2.94 -4.01 17.63

5 24 -3 -1.79 15.55 -2.3 -0.8 15.93 -2.51 0.3 13.34 -2.71 -2.98 18.09

5 24 -2.3 -0.8 15.93 -1.24 -0.14 16.18 -1.36 1.04 13.56 -2.08 -2.11 18.48

5 24 -1.24 -0.14 16.18 0 0.09 16.27 0 1.3 13.64 -1.12 -1.53 18.73

5 24 0 -1.32 18.83 1.12 -1.53 18.73 1.24 -0.14 16.18 0 -2.84 21.31

5 24 1 -3.02 21.22 1.12 -1.53 18.73 0 -1.32 18.83 1.85 -3.53 20.97

5 24 1.12 -1.53 18.73 2.08 -2.11 18.48 2.3 -0.8 15.93 1 -3.02 21.22

5 24 2.08 -2.11 18.48 2.71 -2.98 18.09 3 -1.79 15.55 1.85 -3.53 20.97

5 24 2.71 -2.98 18.09 2.94 -4.01 17.63 3.25 -2.95 15.11 2.42 -4.29 20.6

5 24 2.94 -4.01 17.63 2.71 -5.03 17.18 3 -4.11 14.67 2.62 -5.19 20.15

5 24 2.71 -5.03 17.18 2.08 -5.9 16.79 2.3 -5.09 14.3 2.42 -6.09 19.71

5 24 2.08 -5.9 16.79 1.12 -6.48 16.53 1.24 -5.75 14.05 1.85 -6.85 19.33

5 24 1.12 -6.48 16.53 0 -6.69 16.44 0 -5.98 13.96 1 -7.36 19.08

5 24 0 -6.69 16.44 -1.12 -6.48 16.53 -1.24 -5.75 14.05 0 -7.54 18.99

5 24 -1.12 -6.48 16.53 -2.08 -5.9 16.79 -2.3 -5.09 14.3 -1 -7.36 19.08

5 24 -2.08 -5.9 16.79 -2.71 -5.03 17.18 -3 -4.11 14.67 -1.85 -6.85 19.33

5 24 -2.71 -5.03 17.18 -2.94 -4.01 17.63 -3.25 -2.95 15.11 -2.42 -6.09 19.71

5 24 -2.94 -4.01 17.63 -2.71 -2.98 18.09 -3 -1.79 15.55 -2.62 -5.19 20.15

5 24 -2.71 -2.98 18.09 -2.08 -2.11 18.48 -2.3 -0.8 15.93 -2.42 -4.29 20.6

5 24 -2.08 -2.11 18.48 -1.12 -1.53 18.73 -1.24 -0.14 16.18 -1.85 -3.53 20.97

5 24 -1.12 -1.53 18.73 0 -1.32 18.83 0 0.09 16.27 -1 -3.02 21.22

5 24 0 -2.84 21.31 1 -3.02 21.22 1.12 -1.53 18.73 0 -4.48 23.76

5 24 0.88 -4.63 23.68 1 -3.02 21.22 0 -2.84 21.31 1.63 -5.07 23.44

5 24 1 -3.02 21.22 1.85 -3.53 20.97 2.08 -2.11 18.48 0.88 -4.63 23.68

5 24 1.85 -3.53 20.97 2.42 -4.29 20.6 2.71 -2.98 18.09 1.63 -5.07 23.44

5 24 2.42 -4.29 20.6 2.62 -5.19 20.15 2.94 -4.01 17.63 2.12 -5.73 23.09

5 24 2.62 -5.19 20.15 2.42 -6.09 19.71 2.71 -5.03 17.18 2.3 -6.5 22.67

5 24 2.42 -6.09 19.71 1.85 -6.85 19.33 2.08 -5.9 16.79 2.12 -7.27 22.25

5 24 1.85 -6.85 19.33 1 -7.36 19.08 1.12 -6.48 16.53 1.63 -7.93 21.9

5 24 1 -7.36 19.08 0 -7.54 18.99 0 -6.69 16.44 0.88 -8.37 21.66

5 24 0 -7.54 18.99 -1 -7.36 19.08 -1.12 -6.48 16.53 0 -8.52 21.58

5 24 -1 -7.36 19.08 -1.85 -6.85 19.33 -2.08 -5.9 16.79 -0.88 -8.37 21.66

5 24 -1.85 -6.85 19.33 -2.42 -6.09 19.71 -2.71 -5.03 17.18 -1.63 -7.93 21.9

5 24 -2.42 -6.09 19.71 -2.62 -5.19 20.15 -2.94 -4.01 17.63 -2.12 -7.27 22.25

5 24 -2.62 -5.19 20.15 -2.42 -4.29 20.6 -2.71 -2.98 18.09 -2.3 -6.5 22.67

5 24 -2.42 -4.29 20.6 -1.85 -3.53 20.97 -2.08 -2.11 18.48 -2.12 -5.73 23.09

5 24 -1.85 -3.53 20.97 -1 -3.02 21.22 -1.12 -1.53 18.73 -1.63 -5.07 23.44

5 24 -1 -3.02 21.22 0 -2.84 21.31 0 -1.32 18.83 -0.88 -4.63 23.68

5 24 0 -4.48 23.76 0.88 -4.63 23.68 1 -3.02 21.22 0 -5.4 25.03

5 24 0.82 -5.54 24.94 0.88 -4.63 23.68 0 -4.48 23.76 1.51 -5.94 24.7

5 24 0.88 -4.63 23.68 1.63 -5.07 23.44 1.85 -3.53 20.97 0.82 -5.54 24.94

5 24 1.63 -5.07 23.44 2.12 -5.73 23.09 2.42 -4.29 20.6 1.51 -5.94 24.7

5 24 2.12 -5.73 23.09 2.3 -6.5 22.67 2.62 -5.19 20.15 1.97 -6.53 24.35

5 24 2.3 -6.5 22.67 2.12 -7.27 22.25 2.42 -6.09 19.71 2.13 -7.23 23.93

5 24 2.12 -7.27 22.25 1.63 -7.93 21.9 1.85 -6.85 19.33 1.97 -7.93 23.51

5 24 1.63 -7.93 21.9 0.88 -8.37 21.66 1 -7.36 19.08 1.51 -8.52 23.15

5 24 0.88 -8.37 21.66 0 -8.52 21.58 0 -7.54 18.99 0.82 -8.92 22.92

5 24 0 -8.52 21.58 -0.88 -8.37 21.66 -1 -7.36 19.08 0 -9.06 22.83

5 24 -0.88 -8.37 21.66 -1.63 -7.93 21.9 -1.85 -6.85 19.33 -0.82 -8.92 22.92

5 24 -1.63 -7.93 21.9 -2.12 -7.27 22.25 -2.42 -6.09 19.71 -1.51 -8.52 23.15

5 24 -2.12 -7.27 22.25 -2.3 -6.5 22.67 -2.62 -5.19 20.15 -1.97 -7.93 23.51

5 24 -2.3 -6.5 22.67 -2.12 -5.73 23.09 -2.42 -4.29 20.6 -2.13 -7.23 23.93

5 24 -2.12 -5.73 23.09 -1.63 -5.07 23.44 -1.85 -3.53 20.97 -1.97 -6.53 24.35

5 24 -1.63 -5.07 23.44 -0.88 -4.63 23.68 -1 -3.02 21.22 -1.51 -5.94 24.7

5 24 -0.88 -4.63 23.68 0 -4.48 23.76 0 -2.84 21.31 -0.82 -5.54 24.94



0 NOFILE

0 FILE 4-8sphe.dat
0 Sphere 0.5

0 Name: 4-8sphe.dat

0 Author: James Jessiman

0 !LDRAW_ORG Primitive UPDATE 2003-02

0 !LICENSE Licensed under CC BY 4.0 : see CAreadme.txt



0 BFC CERTIFY CCW



0 !HISTORY 2002-08-31 [izanette] Modified with WINDZ for BFC compliance

0 !HISTORY 2003-08-01 [PTadmin] Official Update 2003-02

0 !HISTORY 2007-06-24 [PTadmin] Header formatted for Contributor Agreement

0 !HISTORY 2008-07-01 [PTadmin] Official Update 2008-01





1 16 0 0 0 1 0 0 0 1 0 0 0 1 1-8sphe.dat

1 16 0 0 0 1 0 0 0 1 0 0 0 -1 1-8sphe.dat

1 16 0 0 0 -1 0 0 0 1 0 0 0 1 1-8sphe.dat

1 16 0 0 0 -1 0 0 0 1 0 0 0 -1 1-8sphe.dat

0



0 NOFILE

0 FILE 1-8sphe.dat
0 Sphere 0.125

0 Name: 1-8sphe.dat

0 Author: James Jessiman

0 !LDRAW_ORG Primitive UPDATE 2012-03

0 !LICENSE Licensed under CC BY 4.0 : see CAreadme.txt



0 BFC CERTIFY CCW



0 !HISTORY 2000-08-01 {Axel Poque} fixes to resolve L3P error messages.

0 !HISTORY 2000-08-01 {Manfred Moolhuysen} fixes to resolve L3P error messages.

0 !HISTORY 2000-09-30 [PTadmin] Official Update 2000-02

0 !HISTORY 2002-03-28 [hafhead] Made BFC compliant

0 !HISTORY 2002-04-25 [PTadmin] Official Update 2002-02

0 !HISTORY 2007-06-22 [PTadmin] Header formatted for Contributor Agreement

0 !HISTORY 2008-07-01 [PTadmin] Official Update 2008-01

0 !HISTORY 2010-09-12 [MagFors] Changed winding, removed duplicated cond-line, optimized filesize

0 !HISTORY 2010-12-31 [PTadmin] Official Update 2010-03

0 !HISTORY 2012-07-01 [tcobbs] Replaced with geometry from LDView

0 !HISTORY 2012-12-28 [PTadmin] Official Update 2012-03





3 16 1 0 0 0.9239 0.3827 0 0.9239 0 0.3827

3 16 0.9239 0.3827 0 0.7836 0.4393 0.4393 0.9239 0 0.3827

3 16 0.9239 0 0.3827 0.7836 0.4393 0.4393 0.7071 0 0.7071

3 16 0.7836 0.4393 0.4393 0.4393 0.4393 0.7836 0.7071 0 0.7071

3 16 0.7071 0 0.7071 0.4393 0.4393 0.7836 0.3827 0 0.9239

3 16 0.4393 0.4393 0.7836 0 0.3827 0.9239 0.3827 0 0.9239

3 16 0.3827 0 0.9239 0 0.3827 0.9239 0 0 1

3 16 0.9239 0.3827 0 0.7071 0.7071 0 0.7836 0.4393 0.4393

3 16 0.7071 0.7071 0 0.4393 0.7836 0.4393 0.7836 0.4393 0.4393

3 16 0.7836 0.4393 0.4393 0.4393 0.7836 0.4393 0.4393 0.4393 0.7836

3 16 0.4393 0.7836 0.4393 0 0.7071 0.7071 0.4393 0.4393 0.7836

3 16 0.4393 0.4393 0.7836 0 0.7071 0.7071 0 0.3827 0.9239

3 16 0.7071 0.7071 0 0.3827 0.9239 0 0.4393 0.7836 0.4393

3 16 0.3827 0.9239 0 0 0.9239 0.3827 0.4393 0.7836 0.4393

3 16 0.4393 0.7836 0.4393 0 0.9239 0.3827 0 0.7071 0.7071

3 16 0.3827 0.9239 0 0 1 0 0 0.9239 0.3827



5 24 1 0 0 0.9239 0.3827 0 1 0 -0.1 0.9239 0 0.3827

5 24 0.9239 0.3827 0 0.9239 0 0.3827 1 0 0 0.7836 0.4393 0.4393

5 24 1 0 0 0.9239 0 0.3827 0.9239 0.3827 0 1 -0.1 0

5 24 0.9239 0 0.3827 0.7836 0.4393 0.4393 0.9239 0.3827 0 0.7071 0 0.7071

5 24 0.7836 0.4393 0.4393 0.7071 0 0.7071 0.9239 0 0.3827 0.4393 0.4393 0.7836

5 24 0.9239 0 0.3827 0.7071 0 0.7071 0.7836 0.4393 0.4393 0.9239 -0.1 0.3827

5 24 0.7071 0 0.7071 0.4393 0.4393 0.7836 0.7836 0.4393 0.4393 0.3827 0 0.9239

5 24 0.4393 0.4393 0.7836 0.3827 0 0.9239 0.7071 0 0.7071 0 0.3827 0.9239

5 24 0.7071 0 0.7071 0.3827 0 0.9239 0.4393 0.4393 0.7836 0.7071 -0.1 0.7071

5 24 0.3827 0 0.9239 0 0.3827 0.9239 0.4393 0.4393 0.7836 0 0 1

5 24 0 0.3827 0.9239 0 0 1 0.3827 0 0.9239 -0.1 0.3827 0.9239

5 24 0.3827 0 0.9239 0 0 1 0 0.3827 0.9239 0.3827 -0.1 0.9239

5 24 0.9239 0.3827 0 0.7071 0.7071 0 0.9239 0.3827 -0.1 0.7836 0.4393 0.4393

5 24 0.7071 0.7071 0 0.7836 0.4393 0.4393 0.9239 0.3827 0 0.4393 0.7836 0.4393

5 24 0.9239 0.3827 0 0.7836 0.4393 0.4393 0.7071 0.7071 0 0.9239 0 0.3827

5 24 0.7836 0.4393 0.4393 0.4393 0.7836 0.4393 0.7071 0.7071 0 0.4393 0.4393 0.7836

5 24 0.4393 0.7836 0.4393 0.4393 0.4393 0.7836 0.7836 0.4393 0.4393 0 0.7071 0.7071

5 24 0.7836 0.4393 0.4393 0.4393 0.4393 0.7836 0.4393 0.7836 0.4393 0.7071 0 0.7071

5 24 0.4393 0.4393 0.7836 0 0.7071 0.7071 0.4393 0.7836 0.4393 0 0.3827 0.9239

5 24 0 0.7071 0.7071 0 0.3827 0.9239 0.4393 0.4393 0.7836 -0.1 0.7071 0.7071

5 24 0.4393 0.4393 0.7836 0 0.3827 0.9239 0 0.7071 0.7071 0.3827 0 0.9239

5 24 0.7071 0.7071 0 0.3827 0.9239 0 0.7071 0.7071 -0.1 0.4393 0.7836 0.4393

5 24 0.3827 0.9239 0 0.4393 0.7836 0.4393 0.7071 0.7071 0 0 0.9239 0.3827

5 24 0.7071 0.7071 0 0.4393 0.7836 0.4393 0.3827 0.9239 0 0.7836 0.4393 0.4393

5 24 0.4393 0.7836 0.4393 0 0.9239 0.3827 0.3827 0.9239 0 0 0.7071 0.7071

5 24 0 0.9239 0.3827 0 0.7071 0.7071 0.4393 0.7836 0.4393 -0.1 0.9239 0.3827

5 24 0.4393 0.7836 0.4393 0 0.7071 0.7071 0 0.9239 0.3827 0.4393 0.4393 0.7836

5 24 0.3827 0.9239 0 0 1 0 0.3827 0.9239 -0.1 0 0.9239 0.3827

5 24 0 1 0 0 0.9239 0.3827 0.3827 0.9239 0 -0.1 1 0

5 24 0.3827 0.9239 0 0 0.9239 0.3827 0 1 0 0.4393 0.7836 0.4393

0 NOFILE

0 FILE 93061.dat
0 Arm Skeleton with Vertical Clip Bent 53.13

0 Name: 93061.dat

0 Author: Magnus Forsberg [MagFors]

0 !LDRAW_ORG Part UPDATE 2013-01

0 !LICENSE Licensed under CC BY 4.0 : see CAreadme.txt



0 !HELP Turn 36.87 degrees around x-axis to place hand at 0 16 -30

0 !HELP Uncomment the next line for a horizontal hand and underarm

0 !HELP 1 14 40 0 0 1 0 0 0 0.8 0.6 0 -0.6 0.8 93061.dat



0 BFC CERTIFY CCW



0 !CATEGORY Minifig



0 !HISTORY 2013-07-21 [PTadmin] Official Update 2013-01





1 16 0 30.8 -14.4 1 0 0 0 0.8 -0.6 0 0.6 0.8 clip7.dat

0 // underarm

1 16 0 26.9 -9.2 -4 0 0 0 -5.7 3.2 0 7.6 2.4 4-4cyli.dat

0 // bend

1 16 0 20 0 -4 0 0 0 0.6 -2 0 -0.8 -4 2-4edge.dat

1 16 0 21.2 -1.6 0 0 -4 -3.2 -1.2 0 -2.4 1.6 0 1-4cyls.dat

1 16 0 21.2 -1.6 0 0 4 -3.2 -1.2 0 -2.4 1.6 0 1-4cyls.dat

1 16 0 21.2 -1.6 -4 0 0 0 -1.2 3.2 0 1.6 2.4 2-4cyli.dat

1 16 0 20 0 0 0 -4 -3.2 -1.41 0 -2.4 1.18 0 1-4cyls2.dat

1 16 0 20 0 0 0 4 -3.2 -1.41 0 -2.4 1.18 0 1-4cyls2.dat

5 24 3.696 20.684 1.369 4 20 0 3.696 21.225 0.919 3.696 19.999 1.531

5 24 4 20 0 3.696 21.225 0.919 3.696 20.684 1.369 4 21.2 -1.6

5 24 2.828 21.265 2.53 3.696 20.684 1.369 3.696 21.225 0.919 2.828 20 2.829

5 24 3.696 21.225 0.919 2.828 22.262 1.697 2.828 21.265 2.53 3.696 22.425 -0.681

5 24 1.531 21.652 3.305 2.828 21.265 2.53 1.531 22.957 2.218 1.531 19.999 3.696

5 24 2.828 22.262 1.697 1.531 22.957 2.218 1.531 21.652 3.305 2.828 23.462 0.097

5 24 0 21.789 3.578 1.531 21.652 3.305 0 23.2 2.4 0 20 4

5 24 1.531 22.957 2.218 0 23.2 2.4 0 21.789 3.578 1.531 24.157 0.618

5 24 -1.531 21.652 3.305 0 21.789 3.578 0 23.2 2.4 -1.531 19.999 3.696

5 24 0 23.2 2.4 -1.531 22.957 2.218 -1.531 21.652 3.305 0 24.4 0.8

5 24 -2.828 21.265 2.53 -1.531 21.652 3.305 -1.531 22.957 2.218 -2.828 20 2.829

5 24 -1.531 22.957 2.218 -2.828 22.262 1.697 -2.828 21.265 2.53 -1.531 24.157 0.618

5 24 -3.696 20.684 1.369 -2.828 21.265 2.53 -3.696 21.225 0.919 -3.696 19.999 1.531

5 24 -2.828 22.262 1.697 -3.696 21.225 0.919 -3.696 20.684 1.369 -2.828 23.462 0.097

5 24 -4 20 0 -3.696 20.684 1.369 -3.696 21.225 0.919 -3.696 19.999 1.531

5 24 -3.696 21.225 0.919 -4 20 0 -3.696 20.684 1.369 -3.696 22.425 -0.681

5 24 3.696 19.999 1.531 4 20 0 3.696 20.684 1.369 3.696 17.999 1.531

5 24 2.828 20 2.829 3.696 19.999 1.531 3.696 20.684 1.369 2.828 18 2.829

5 24 1.531 19.999 3.696 2.828 20 2.829 1.531 21.652 3.305 1.531 17.999 3.696

5 24 0 20 4 1.531 19.999 3.696 0 21.789 3.578 0 18 4

5 24 -1.531 19.999 3.696 0 20 4 0 21.789 3.578 -1.531 17.999 3.696

5 24 -2.828 20 2.829 -1.531 19.999 3.696 -1.531 21.652 3.305 -2.828 18 2.829

5 24 -3.696 19.999 1.531 -2.828 20 2.829 -3.696 20.684 1.369 -3.696 17.999 1.531

5 24 -4 20 0 -3.696 19.999 1.531 -3.696 20.684 1.369 -4 18 0

1 16 0 20 0 0 0 4 0 1.79 0 -4 -0.42 0 1-4cyls2.dat

1 16 0 20 0 0 0 -4 0 1.79 0 -4 -0.42 0 1-4cyls2.dat

1 16 0 18 0 0 0 4 0 2 0 -4 0 0 1-4cyls.dat

1 16 0 18 0 0 0 -4 0 2 0 -4 0 0 1-4cyls.dat

1 16 0 18 0 4 0 0 0 2 0 0 0 4 2-4cyli.dat

0 // upperarm

1 16 0 6.5 0 0 0 -4 0 11.5 0 4 0 0 4-4cyli.dat

1 16 0 0 0 0 -1 0 0 0 1 -1 0 0 clip7.dat



0 NOFILE

0 FILE 1-4cyls2.dat
0 Cylinder Sloped 0.25 Convex

0 Name: 1-4cyls2.dat

0 Author: Chris Dee [cwdee]

0 !LDRAW_ORG Primitive UPDATE 2012-01

0 !LICENSE Licensed under CC BY 4.0 : see CAreadme.txt



0 BFC CERTIFY CCW



0 !HISTORY 1999-02-01 [PTadmin] Official Update 1999-01

0 !HISTORY 2002-07-03 [sbliss] Added BFC statement, reformatted title to fit 0.27 convention

0 !HISTORY 2002-08-18 [PTadmin] Official Update 2002-04

0 !HISTORY 2007-06-22 [PTadmin] Header formatted for Contributor Agreement

0 !HISTORY 2008-07-01 [PTadmin] Official Update 2008-01

0 !HISTORY 2012-02-16 [Philo] Changed to CCW

0 !HISTORY 2012-03-30 [PTadmin] Official Update 2012-01





3 16 -0.3827 0.3827 0.9239 -0.3827 0 0.9239 0 0 1

4 16 -0.3827 0.3827 0.9239 -0.7071 0.7071 0.7071 -0.7071 0 0.7071 -0.3827 0 0.9239

4 16 -0.7071 0.7071 0.7071 -0.9239 0.9239 0.3827 -0.9239 0 0.3827 -0.7071 0 0.7071

4 16 -0.9239 0.9239 0.3827 -1 1 0 -1 0 0 -0.9239 0 0.3827



5 24 -0.3827 0 0.9239 -0.3827 0.3827 0.9239 -0.7071 0 0.7071 0 0 1

5 24 -0.7071 0 0.7071 -0.7071 0.7071 0.7071 -0.9239 0 0.3827 -0.3827 0 0.9239

5 24 -0.9239 0 0.3827 -0.9239 0.9239 0.3827 -1 0 0 -0.7071 0 0.7071

5 24 -1 0 0 -1 1 0 -1 0 -1 -0.9239 0 0.3827

0 NOFILE

0 FILE 1-4cyls.dat
0 Cylinder Sloped 0.25

0 Name: 1-4cyls.dat

0 Author: James Jessiman

0 !LDRAW_ORG Primitive UPDATE 2012-01

0 !LICENSE Licensed under CC BY 4.0 : see CAreadme.txt



0 BFC CERTIFY CCW



0 !HISTORY 1998-12-15 [PTadmin] Official Update 1998-10

0 !HISTORY 2002-07-03 [sbliss] Added BFC statement

0 !HISTORY 2002-08-18 [PTadmin] Official Update 2002-04

0 !HISTORY 2007-06-22 [PTadmin] Header formatted for Contributor Agreement

0 !HISTORY 2008-07-01 [PTadmin] Official Update 2008-01

0 !HISTORY 2012-02-16 [Philo] Changed to CCW

0 !HISTORY 2012-03-30 [PTadmin] Official Update 2012-01





3 16 0.9239 0.0761 0.3827 0.9239 0 0.3827 1 0 0

4 16 0.9239 0.0761 0.3827 0.7071 0.2929 0.7071 0.7071 0 0.7071 0.9239 0 0.3827

4 16 0.7071 0.2929 0.7071 0.3827 0.6173 0.9239 0.3827 0 0.9239 0.7071 0 0.7071

4 16 0.3827 0.6173 0.9239 0 1 1 0 0 1 0.3827 0 0.9239



5 24 0.9239 0 0.3827 0.9239 0.0761 0.3827 0.7071 0 0.7071 1 0 0

5 24 0.7071 0 0.7071 0.7071 0.2929 0.7071 0.3827 0 0.9239 0.9239 0 0.3827

5 24 0.3827 0 0.9239 0.3827 0.6173 0.9239 0 0 1 0.7071 0 0.7071

5 24 0 0 1 0 1 1 0.3827 0 0.9239 -1 0 1

0 NOFILE

0 FILE clip7.dat
0 Clip for Round Arm  4 LDU

0 Name: clip7.dat

0 Author: Magnus Forsberg [MagFors]

0 !LDRAW_ORG Primitive UPDATE 2024-02

0 !LICENSE Licensed under CC BY 4.0 : see CAreadme.txt



0 BFC CERTIFY CCW



0 !HISTORY 2013-07-21 [PTadmin] Official Update 2013-01

0 !HISTORY 2019-12-03 [GeraldLasser] Subfiled and closed Gaps for Prim Substitution

0 !HISTORY 2022-07-18 [PTadmin] Official Update 2022-04

0 !HISTORY 2024-03-23 [OrionP] Updated ring primitives

0 !HISTORY 2024-03-24 [OrionP] Official Update 2024-02



1 16 0 0 0 1 0 0 0 1 0 0 0 1 clip15.dat



1 16 0 -4 0 .353553 0 -.353553 0 1 0 .353553 0 .353553 1-4ring12.dat

1 16 0 4 0 .353553 0 -.353553 0 -1 0 .353553 0 .353553 1-4ring12.dat

1 16 0 -4 0 4.596194 0 -4.596194 0 8 0 4.596194 0 4.596194 1-4cylo.dat



0 // Joint to Bar

1 16 0 0 6.5 4 0 0 0 0 4 0 -1.5054 0 1-4cyls2.dat

1 16 0 0 6.5 -4 0 0 0 0 4 0 -1.5054 0 1-4cyls2.dat

1 16 0 0 6.5 4 0 0 0 0 -4 0 -1.5054 0 1-4cyls2.dat

1 16 0 0 6.5 -4 0 0 0 0 -4 0 -1.5054 0 1-4cyls2.dat

2 24 4 0 4.995 3.696 1.531 5.198

2 24 3.696 1.531 5.198 2.828 2.828 5.778

2 24 2.488 3.056 6.005 2.828 2.828 5.778

2 24 2.488 -3.056 6.005 2.828 -2.828 5.778

2 24 2.828 -2.828 5.778 3.696 -1.531 5.198

2 24 3.696 -1.531 5.198 4 0 4.995

2 24 1.531 3.696 6.196 2.488 3.056 6.005

2 24 0 4 6.5 1.531 3.696 6.196

2 24 0 -4 6.5 1.531 -3.696 6.196

2 24 1.531 -3.696 6.196 2.488 -3.056 6.005

2 24 -1.531 3.696 6.196 0 4 6.5

2 24 -2.488 3.056 6.005 -1.531 3.696 6.196

2 24 -2.488 -3.056 6.005 -1.531 -3.696 6.196

2 24 -1.531 -3.696 6.196 0 -4 6.5

2 24 -2.828 2.828 5.778 -2.488 3.056 6.005

2 24 -3.696 1.531 5.198 -2.828 2.828 5.778

2 24 -4 0 4.995 -3.696 1.531 5.198

2 24 -3.696 -1.531 5.198 -4 0 4.995

2 24 -2.828 -2.828 5.778 -3.696 -1.531 5.198

2 24 -2.828 -2.828 5.778 -2.488 -3.056 6.005

0 NOFILE

0 FILE 1-4cylo.dat
0 Cylinder Open 0.25

0 Name: 1-4cylo.dat

0 Author: Max Martin Richter [MMR1988]

0 !LDRAW_ORG Primitive UPDATE 2010-03

0 !LICENSE Licensed under CC BY 4.0 : see CAreadme.txt



0 BFC CERTIFY CCW



0 !HISTORY 2010-12-31 [PTadmin] Official Update 2010-03





1 16 0 0 0 1 0 0 0 1 0 0 0 1 1-4edge.dat

1 16 0 1 0 1 0 0 0 1 0 0 0 1 1-4edge.dat

1 16 0 0 0 1 0 0 0 1 0 0 0 1 1-4cyli.dat

0 NOFILE

0 FILE 1-4ring12.dat
0 Ring 12 x 0.25

0 Name: 1-4ring12.dat

0 Author: Franklin W. Cain [fwcain]

0 !LDRAW_ORG Primitive UPDATE 2024-02

0 !LICENSE Licensed under CC BY 4.0 : see CAreadme.txt



0 BFC CERTIFY CCW



0 !HISTORY 2002-08-18 [PTadmin] Official Update 2002-04

0 !HISTORY 2007-06-22 [PTadmin] Header formatted for Contributor Agreement

0 !HISTORY 2008-07-01 [PTadmin] Official Update 2008-01

0 !HISTORY 2012-02-16 [Philo] Changed to CCW

0 !HISTORY 2012-03-30 [PTadmin] Official Update 2012-01

0 !HISTORY 2022-03-01 [MagFors] Recreated using PrimGen2

0 !HISTORY 2022-03-06 [PTadmin] Official Update 2022-02

0 !HISTORY 2024-03-23 [OrionP] Moved from 1-4rin12.dat

0 !HISTORY 2024-03-24 [OrionP] Official Update 2024-02



4 16 13 0 0 12.0107 0 4.9751 11.0868 0 4.5924 12 0 0

4 16 12.0107 0 4.9751 9.1923 0 9.1923 8.4852 0 8.4852 11.0868 0 4.5924

4 16 9.1923 0 9.1923 4.9751 0 12.0107 4.5924 0 11.0868 8.4852 0 8.4852

4 16 4.9751 0 12.0107 0 0 13 0 0 12 4.5924 0 11.0868

0 // Build by LDPartEditor (PrimGen 2.X)

0 NOFILE

0 FILE clip15.dat
0 Clip for Round Arm 4 LDU without Adapter

0 Name: clip15.dat

0 Author: Gerald Lasser [GeraldLasser]

0 !LDRAW_ORG Primitive UPDATE 2024-02

0 !LICENSE Licensed under CC BY 4.0 : see CAreadme.txt



0 BFC CERTIFY CCW



0 !HISTORY 2019-12-03 [GeraldLasser] extracted from clip7 and closed gaps with 1-16chrd

0 !HISTORY 2022-07-18 [PTadmin] Official Update 2022-04

0 !HISTORY 2024-02-10 [MagFors] Changed 'Adaptor' to 'Adapter' in description

0 !HISTORY 2024-02-10 [MagFors] Removed rotated primitives, closed gaps

0 !HISTORY 2024-03-24 [OrionP] Official Update 2024-02



1 16 0 4 0 -2 0 0 0 -1 0 0 0 2 1-4ring2.dat

1 16 0 4 0 2 0 0 0 -1 0 0 0 2 1-4ring2.dat

1 16 0 4 0 -.5 0 0 0 -1 0 0 0 .5 1-8ring12.dat

1 16 0 4 0 .5 0 0 0 -1 0 0 0 .5 1-8ring12.dat



0 BFC INVERTNEXT

1 16 0 -4 0 0 0 -4 0 8 0 4 0 0 5-16cylo.dat

0 BFC INVERTNEXT

1 16 0 -4 0 0 0 4 0 8 0 4 0 0 5-16cylo.dat



1 16 0 -4 0 -6.5 0 0 0 8 0 0 0 -6.5 1-8cylo.dat

1 16 0 -4 0 6.5 0 0 0 8 0 0 0 6.5 1-8cylo.dat

1 16 0 -4 0 -6.5 0 0 0 8 0 0 0 6.5 1-8cylo.dat

1 16 0 -4 0 6.5 0 0 0 8 0 0 0 -6.5 1-8cylo.dat



1 16 0 -4 0 -6.5 0 0 0 1 0 0 0 -6.5 1-8chrd.dat

1 16 0 -4 0 6.5 0 0 0 1 0 0 0 -6.5 1-8chrd.dat

1 16 0 4 0 -6.5 0 0 0 -1 0 0 0 -6.5 1-8chrd.dat

1 16 0 4 0 6.5 0 0 0 -1 0 0 0 -6.5 1-8chrd.dat



1 16 0 -4 0 2 0 0 0 1 0 0 0 2 1-4ring2.dat

1 16 0 -4 0 -2 0 0 0 1 0 0 0 2 1-4ring2.dat

1 16 0 -4 0 .5 0 0 0 1 0 0 0 .5 1-8ring12.dat

1 16 0 -4 0 -.5 0 0 0 1 0 0 0 .5 1-8ring12.dat

1 16 0 4 0 -4 0 0 0 -1 0 0 0 -4 1-16tndis.dat

1 16 0 4 0 4 0 0 0 -1 0 0 0 -4 1-16tndis.dat

1 16 0 -4 0 -4 0 0 0 1 0 0 0 -4 1-16tndis.dat

1 16 0 -4 0 4 0 0 0 1 0 0 0 -4 1-16tndis.dat



4 16 6.5 -4 0 6 -4 0 4 -4 -1.5308 4.59615 -4 -4.59615

4 16 3.6956 -4 -1.5308 4 -4 -4 4.59615 -4 -4.59615 4 -4 -1.5308

3 16 6 -4 0 4 -4 0 4 -4 -1.5308

4 16 -4 -4 -1.5308 -6 -4 0 -6.5 -4 0 -4.59615 -4 -4.59615

4 16 -4.59615 -4 -4.59615 -4 -4 -4 -3.6956 -4 -1.5308 -4 -4 -1.5308

3 16 -4 -4 0 -6 -4 0 -4 -4 -1.5308

4 16 4 4 -1.5308 6 4 0 6.5 4 0 4.59615 4 -4.59615

4 16 4.59615 4 -4.59615 4 4 -4 3.6956 4 -1.5308 4 4 -1.5308

3 16 4 4 0 6 4 0 4 4 -1.5308

4 16 -6.5 4 0 -6 4 0 -4 4 -1.5308 -4.59615 4 -4.59615

4 16 -3.6956 4 -1.5308 -4 4 -4 -4.59615 4 -4.59615 -4 4 -1.5308

3 16 -6 4 0 -4 4 0 -4 4 -1.5308



1 16 3.8478 0 -2.7654 -.1522 1 0 0 0 4 1.2346 0 0 rect.dat

1 16 -3.8478 0 -2.7654 0 -1 .1522 4 0 0 0 0 1.2346 rect3.dat

1 16 4.298075 0 -4.298075 0 1 .298075 4 0 0 0 0 -.298075 rect3.dat

1 16 -4.298075 0 -4.298075 .298075 -1 0 0 0 -4 .298075 0 0 rect.dat

0 NOFILE

0 FILE 1-16tndis.dat
0 Disc Negative Truncated 0.0625

0 Name: 1-16tndis.dat

0 Author: Massimo Maso [Sirio]

0 !LDRAW_ORG Primitive UPDATE 2022-03

0 !LICENSE Licensed under CC BY 4.0 : see CAreadme.txt



0 BFC CERTIFY CCW



0 !HISTORY 2022-05-07 [PTadmin] Official Update 2022-03





3 16 1 0 .3827 .9239 0 .3827 1 0 0

0 NOFILE

0 FILE 1-8cylo.dat
0 Cylinder Open 0.125

0 Name: 1-8cylo.dat

0 Author: Tim Gould [timgould]

0 !LDRAW_ORG Primitive UPDATE 2012-03

0 !LICENSE Licensed under CC BY 4.0 : see CAreadme.txt



0 BFC CERTIFY CCW



0 !HISTORY 2012-12-28 [PTadmin] Official Update 2012-03





1 16 0 0 0 1 0 0 0 1 0 0 0 1 1-8edge.dat

1 16 0 1 0 1 0 0 0 1 0 0 0 1 1-8edge.dat

1 16 0 0 0 1 0 0 0 1 0 0 0 1 1-8cyli.dat

0 NOFILE

0 FILE 1-8cyli.dat
0 Cylinder 0.125

0 Name: 1-8cyli.dat

0 Author: James Jessiman

0 !LDRAW_ORG Primitive UPDATE 2005-01

0 !LICENSE Licensed under CC BY 4.0 : see CAreadme.txt



0 BFC CERTIFY CCW



0 !HISTORY 2002-04-25 [PTadmin] Official Update 2002-02

0 !HISTORY 2004-12-11 [nielsk] Recreated using Primitive Generator, Edge lines fixed, BFC changed to CCW

0 !HISTORY 2005-12-28 [PTadmin] Official Update 2005-01

0 !HISTORY 2007-06-22 [PTadmin] Header formatted for Contributor Agreement

0 !HISTORY 2008-07-01 [PTadmin] Official Update 2008-01





4 16 .9239 1 .3827 .9239 0 .3827 1 0 0 1 1 0

4 16 .7071 1 .7071 .7071 0 .7071 .9239 0 .3827 .9239 1 .3827

5 24 1 1 0 1 0 0 1 1 -.4142 .9239 1 .3827

5 24 .9239 1 .3827 .9239 0 .3827 1 1 0 .7071 1 .7071

5 24 .7071 1 .7071 .7071 0 .7071 .9239 1 .3827 .4142 1 1

0

0 NOFILE

0 FILE 5-16cylo.dat
0 Cylinder Open 0.3125

0 Name: 5-16cylo.dat

0 Author: Max Martin Richter [MMR1988]

0 !LDRAW_ORG Primitive UPDATE 2013-01

0 !LICENSE Licensed under CC BY 4.0 : see CAreadme.txt



0 BFC CERTIFY CCW



0 !HISTORY 2013-07-21 [PTadmin] Official Update 2013-01





1 16 0 0 0 1 0 0 0 1 0 0 0 1 5-16cyli.dat

1 16 0 0 0 1 0 0 0 1 0 0 0 1 5-16edge.dat

1 16 0 1 0 1 0 0 0 1 0 0 0 1 5-16edge.dat

0 NOFILE

0 FILE 5-16edge.dat
0 Circle 0.3125

0 Name: 5-16edge.dat

0 Author: Philippe Hurbain [Philo]

0 !LDRAW_ORG Primitive UPDATE 2009-03

0 !LICENSE Licensed under CC BY 4.0 : see CAreadme.txt



0 BFC CERTIFY CCW



0 !HISTORY 2009-12-29 [PTadmin] Official Update 2009-03





2 24 1 0 0 0.9239 0 0.3827

2 24 0.9239 0 0.3827 0.7071 0 0.7071

2 24 0.7071 0 0.7071 0.3827 0 0.9239

2 24 0.3827 0 0.9239 0 0 1

2 24 0 0 1 -0.3827 0 0.9239



0 // end of file



0 NOFILE

0 FILE 5-16cyli.dat
0 Cylinder 0.3125

0 Name: 5-16cyli.dat

0 Author: Philippe Hurbain [Philo]

0 !LDRAW_ORG Primitive UPDATE 2009-03

0 !LICENSE Licensed under CC BY 4.0 : see CAreadme.txt



0 BFC CERTIFY CCW



0 !HISTORY 2009-12-29 [PTadmin] Official Update 2009-03





4 16 0.9239 0 0.3827 1 0 0 1 1 0 0.9239 1 0.3827

4 16 0.7071 0 0.7071 0.9239 0 0.3827 0.9239 1 0.3827 0.7071 1 0.7071

4 16 0.3827 0 0.9239 0.7071 0 0.7071 0.7071 1 0.7071 0.3827 1 0.9239

4 16 0 0 1 0.3827 0 0.9239 0.3827 1 0.9239 0 1 1

4 16 -0.3827 0 0.9239 0 0 1 0 1 1 -0.3827 1 0.9239



0 // conditional lines

5 24 1 1 0 1 0 0 1 1 -0.4142 0.9239 1 0.3827

5 24 0.9239 1 0.3827 0.9239 0 0.3827 1 1 0 0.7071 1 0.7071

5 24 0.7071 1 0.7071 0.7071 0 0.7071 0.9239 1 0.3827 0.3827 1 0.9239

5 24 0.3827 1 0.9239 0.3827 0 0.9239 0.7071 1 0.7071 0 1 1

5 24 0 1 1 0 0 1 0.3827 1 0.9239 -0.3827 1 0.9239

5 24 -0.3827 1 0.9239 -0.3827 0 0.9239 0 1 1 -0.7654 1 0.7654



0 // end of file



0 NOFILE

0 FILE 1-8ring12.dat
0 Ring 12 x 0.125

0 Name: 1-8ring12.dat

0 Author: Mikkel Bech Jensen [gaia]

0 !LDRAW_ORG Primitive UPDATE 2018-01

0 !LICENSE Licensed under CC BY 4.0 : see CAreadme.txt



0 BFC CERTIFY CCW



0 !HISTORY 2018-01-30 [PTadmin] Official Update 2018-01





4 16 13 0 0 12.0107 0 4.9751 11.0868 0 4.5924 12 0 0

4 16 12.0107 0 4.9751 9.1923 0 9.1923 8.4852 0 8.4852 11.0868 0 4.5924

0 // Build by LDPartEditor (PrimGen 2.X)

0 NOFILE

0 FILE 1-4ring2.dat
0 Ring  2 x 0.25

0 Name: 1-4ring2.dat

0 Author: Franklin W. Cain [fwcain]

0 !LDRAW_ORG Primitive UPDATE 2015-01

0 !LICENSE Licensed under CC BY 4.0 : see CAreadme.txt



0 BFC CERTIFY CCW



0 !HISTORY 2001-12-31 [PTadmin] Official Update 2001-03

0 !HISTORY 2007-06-22 [PTadmin] Header formatted for Contributor Agreement

0 !HISTORY 2008-07-01 [PTadmin] Official Update 2008-01

0 !HISTORY 2012-02-16 [Philo] Changed to CCW

0 !HISTORY 2012-03-30 [PTadmin] Official Update 2012-01

0 !HISTORY 2014-12-25 [MMR1988] Fixed a rounding issue

0 !HISTORY 2015-10-11 [PTadmin] Official Update 2015-01





4 16 3 0 0 2.7717 0 1.1481 1.8478 0 0.7654 2 0 0

4 16 2.7717 0 1.1481 2.1213 0 2.1213 1.4142 0 1.4142 1.8478 0 0.7654

4 16 2.1213 0 2.1213 1.1481 0 2.7717 0.7654 0 1.8478 1.4142 0 1.4142

4 16 1.1481 0 2.7717 0 0 3 0 0 2 0.7654 0 1.8478

0 // Build by Primitive Generator 2

0 NOFILE

0 FILE 88695.dat
0 Bar  0.5L with Faceted Spike 1L

0 Name: 88695.dat

0 Author: Rolf Osterthun [Rolf]

0 !LDRAW_ORG Part UPDATE 2024-06

0 !LICENSE Licensed under CC BY 4.0 : see CAreadme.txt



0 BFC CERTIFY CCW



0 !KEYWORDS Barb, Ben 10, Chromastone, crystal, Horn, Set 8411



0 !HISTORY 2011-10-16 {LEGO Digital Designer} Original part shape

0 !HISTORY 2011-10-17 [Rolf] File preparation for LDraw Parts Tracker

0 !HISTORY 2011-12-29 [PTadmin] Official Update 2011-02

0 !HISTORY 2024-07-16 [notmaster] changed keywords

0 !HISTORY 2024-07-29 [OrionP] Official Update 2024-06



1 16 0 -1.1925 6.814 -3.25 0 0 0 0 -1.1925 0 -1 0 rect.dat

1 16 0 -0.625 -6.814 -3.25 0 0 0 0 0.625 0 1 0 rect.dat

1 16 0 10 0 -4 0 0 0 -10 0 0 0 4 4-4cylc.dat

3 16 1.86 -19.684 11.604 3.03 -19.254 8.44 3.25 -2.385 6.814

3 16 3.03 -19.254 8.44 6.5 -1.718 -1.197 3.25 -2.385 6.814

3 16 -1.864 -18.724 4.542 -6.5 -1.718 -1.197 -3.25 -1.25 -6.814

3 16 -3.031 -19.254 8.44 -6.5 -1.718 -1.197 -1.864 -18.724 4.542

3 16 -6.5 -1.718 -1.197 -3.031 -19.254 8.44 -3.25 -2.385 6.814

3 16 6.5 -1.718 -1.197 1.864 -18.724 4.542 3.25 -1.25 -6.814

3 16 3.03 -19.254 8.44 1.864 -18.724 4.542 6.5 -1.718 -1.197

3 16 -3.031 -19.254 8.44 -1.86 -19.684 11.604 -3.25 -2.385 6.814

4 16 -3.25 -1.25 -6.814 3.25 -1.25 -6.814 1.864 -18.724 4.542 -1.864 -18.724 4.542

4 16 3.25 0 -6.814 6.5 0 -1.197 6.5 -1.718 -1.197 3.25 -1.25 -6.814

4 16 6.5 0 -1.197 3.25 0 6.814 3.25 -2.385 6.814 6.5 -1.718 -1.197

4 16 -1.86 -19.684 11.604 1.86 -19.684 11.604 3.25 -2.385 6.814 -3.25 -2.385 6.814

4 16 -3.25 -1.25 -6.814 -6.5 -1.718 -1.197 -6.5 0 -1.197 -3.25 0 -6.814

4 16 -6.5 -1.718 -1.197 -3.25 -2.385 6.814 -3.25 0 6.814 -6.5 0 -1.197

4 16 3.03 -19.254 8.44 -3.031 -19.254 8.44 -1.864 -18.724 4.542 1.864 -18.724 4.542

4 16 -3.25 0 6.814 3.25 0 6.814 6.5 0 -1.197 -6.5 0 -1.197

4 16 3.25 0 -6.814 -3.25 0 -6.814 -6.5 0 -1.197 6.5 0 -1.197

4 16 -3.031 -19.254 8.44 3.03 -19.254 8.44 1.86 -19.684 11.604 -1.86 -19.684 11.604

2 24 -3.25 -1.25 -6.814 -1.864 -18.724 4.542

2 24 6.5 0 -1.197 3.25 0 -6.814

2 24 3.03 -19.254 8.44 1.86 -19.684 11.604

2 24 -1.864 -18.724 4.542 1.864 -18.724 4.542

2 24 1.864 -18.724 4.542 3.03 -19.254 8.44

2 24 3.25 0 6.814 6.5 0 -1.197

2 24 3.03 -19.254 8.44 6.5 -1.718 -1.197

2 24 1.864 -18.724 4.542 3.25 -1.25 -6.814

2 24 6.5 -1.718 -1.197 3.25 -1.25 -6.814

2 24 3.25 -2.385 6.814 6.5 -1.718 -1.197

2 24 6.5 -1.718 -1.197 6.5 0 -1.197

2 24 -3.031 -19.254 8.44 -1.864 -18.724 4.542

2 24 -3.25 -1.25 -6.814 -6.5 -1.718 -1.197

2 24 -6.5 0 -1.197 -3.25 0 -6.814

2 24 -6.5 -1.718 -1.197 -3.031 -19.254 8.44

2 24 -6.5 -1.718 -1.197 -3.25 -2.385 6.814

2 24 -6.5 0 -1.197 -6.5 -1.718 -1.197

2 24 -3.25 0 6.814 -6.5 0 -1.197

2 24 -1.86 -19.684 11.604 -3.25 -2.385 6.814

2 24 1.86 -19.684 11.604 3.25 -2.385 6.814

2 24 -1.86 -19.684 11.604 1.86 -19.684 11.604

2 24 -3.031 -19.254 8.44 -1.86 -19.684 11.604

5 24 1.864 -18.724 4.542 6.5 -1.718 -1.197 3.03 -19.254 8.44 3.25 -1.25 -6.814

5 24 -3.031 -19.254 8.44 -3.25 -2.385 6.814 -6.5 -1.718 -1.197 -1.86 -19.684 11.604

5 24 3.03 -19.254 8.44 3.25 -2.385 6.814 1.86 -19.684 11.604 6.5 -1.718 -1.197

5 24 -6.5 -1.718 -1.197 -1.864 -18.724 4.542 -3.031 -19.254 8.44 -3.25 -1.25 -6.814

0 NOFILE

0 FILE 24078.dat
0 Minifig Mechanical Cuboid Torso with Stud on Front

0 Name: 24078.dat

0 Author: Gerald Lasser [GeraldLasser]

0 !LDRAW_ORG Part UPDATE 2016-01

0 !LICENSE Licensed under CC BY 4.0 : see CAreadme.txt



0 BFC CERTIFY CCW



0 !HISTORY 2016-12-31 [PTadmin] Official Update 2016-01





0 // uncomment to add the skeleton legs

0 // 1 16 10 28 0 1 0 0 0 1 0 0 0 1 93062.dat

0 // 1 16 -10 28 0 1 0 0 0 1 0 0 0 1 93062.dat



0 // Neck

1 16 0 0 0 6 0 0 0 -15 0 0 0 6 4-4cylo.dat

0 BFC INVERTNEXT

1 16 0 0 0 4 0 0 0 -15 0 0 0 4 4-4cylo.dat

1 16 0 -15 0 2 0 0 0 1 0 0 0 2 4-4ring2.dat

0 // Body

0 BFC INVERTNEXT

1 16 0 10 10 -6 0 0 0 0 6 0 -16 0 box5.dat

4 16 -10 20 10 -6 16 10 6 16 10 10 20 10

4 16 10 20 10 6 16 10 6 4 10 10 0 10

4 16 10 0 10 6 4 10 -6 4 10 -10 0 10

4 16 -10 0 10 -6 4 10 -6 16 10 -10 20 10

1 16 0 10 10 -10 0 0 0 0 10 0 -20 0 box5.dat

1 16 0 10 -10 -1 0 0 0 0 1 0 1 0 stud2.dat

0 // Arms

1 16 18 10 0 0 -8 0 4 0 0 0 0 4 4-4cylc.dat

1 16 -18 10 0 0 8 0 4 0 0 0 0 4 4-4cylc.dat

0 // Hips

1 16 2.5 28 0 0 3.5 0 0 0 6.25 6.25 0 0 2-4cylc.dat

1 16 6 28 0 0 -1 0 0 0 6.25 6.25 0 0 2-4disc.dat

1 16 4.25 20 0 1.75 0 0 0 8 0 0 0 6.25 box4o4a.dat

1 16 -2.5 28 0 0 -3.5 0 0 0 6.25 6.25 0 0 2-4cylc.dat

1 16 -6 28 0 0 1 0 0 0 6.25 6.25 0 0 2-4disc.dat

1 16 -4.25 20 0 1.75 0 0 0 8 0 0 0 6.25 box4o4a.dat

1 16 2.5 27 0 0 -5 0 0 0 -2.5 -2.5 0 0 2-4cylc.dat

1 16 2.5 29 0 0 -5 0 0 0 2.5 -2.5 0 0 2-4cylc.dat

1 16 0 28 -2.5 0 0 2.5 1 0 0 0 1 0 rect2p.dat

1 16 0 28 2.5 0 0 2.5 1 0 0 0 -1 0 rect2p.dat

1 16 16.25 28 0 0 -2.25 0 5 0 0 0 0 -5 4-4cylc.dat

1 16 14 28 0 0 -8 0 4 0 0 0 0 4 4-4cylo.dat

1 16 14 28 0 0 1 0 1 0 0 0 0 1 4-4ring4.dat

1 16 -16.25 28 0 0 2.25 0 5 0 0 0 0 -5 4-4cylc.dat

1 16 -14 28 0 0 8 0 4 0 0 0 0 4 4-4cylo.dat

1 16 -14 28 0 0 -1 0 1 0 0 0 0 1 4-4ring4.dat

0 NOFILE

0 FILE 2-4disc.dat
0 Disc 0.5

0 Name: 2-4disc.dat

0 Author: James Jessiman

0 !LDRAW_ORG Primitive UPDATE 2002-02

0 !LICENSE Licensed under CC BY 4.0 : see CAreadme.txt



0 BFC CERTIFY CCW



0 !HISTORY 1998-12-15 [PTadmin] Official Update 1998-10

0 !HISTORY 2002-03-23 [sbliss] Added BFC statement

0 !HISTORY 2002-04-25 [PTadmin] Official Update 2002-02

0 !HISTORY 2007-06-24 [PTadmin] Header formatted for Contributor Agreement

0 !HISTORY 2008-07-01 [PTadmin] Official Update 2008-01





3 16 0 0 0 1 0 0 0.9239 0 0.3827

3 16 0 0 0 0.9239 0 0.3827 0.7071 0 0.7071

3 16 0 0 0 0.7071 0 0.7071 0.3827 0 0.9239

3 16 0 0 0 0.3827 0 0.9239 0 0 1

3 16 0 0 0 0 0 1 -0.3827 0 0.9239

3 16 0 0 0 -0.3827 0 0.9239 -0.7071 0 0.7071

3 16 0 0 0 -0.7071 0 0.7071 -0.9239 0 0.3827

3 16 0 0 0 -0.9239 0 0.3827 -1 0 -0

0

0 NOFILE

0 FILE 2-4cylc.dat
0 Cylinder Closed 0.5

0 Name: 2-4cylc.dat

0 Author: Alex Taylor [anathema]

0 !LDRAW_ORG Primitive UPDATE 2009-02

0 !LICENSE Licensed under CC BY 4.0 : see CAreadme.txt



0 BFC CERTIFY CCW



0 !HISTORY 2009-09-03 [PTadmin] Official Update 2009-02





1 16 0 0 0 1 0 0 0 1 0 0 0 1 2-4edge.dat

1 16 0 1 0 1 0 0 0 1 0 0 0 1 2-4edge.dat

1 16 0 0 0 1 0 0 0 1 0 0 0 1 2-4disc.dat

1 16 0 0 0 1 0 0 0 1 0 0 0 1 2-4cyli.dat

0

0 NOFILE
