0 FILE stronghold-scion-v2-copy-main.ldr
0 
0 Name:  Stronghold(SCION)V2_Copy
0 Author:  
0 CustomBrick
0 FlexibleBrickControlPointUnitLength -1
0 FlexibleBrickLockedControlPoint 
0 NumOfBricks:  49
1 0 0.000000 -8.000000 0.000000 1.000000 0.000000 0.000000 0.000000 1.000000 0.000000 0.000000 0.000000 1.000000 42534.dat
1 0 0.000000 -8.000000 -90.000000 1.000000 0.000000 0.000000 0.000000 1.000000 0.000000 0.000000 0.000000 1.000000 3460.dat
1 0 90.000000 -8.000000 -20.000000 0.000000 0.000000 -1.000000 0.000000 1.000000 0.000000 1.000000 0.000000 0.000000 3460.dat
1 0 90.000000 -8.000000 70.000000 1.000000 0.000000 0.000000 0.000000 1.000000 0.000000 0.000000 0.000000 1.000000 3024.dat
0 STEP
1 0 60.000000 -16.000000 -80.000000 1.000000 0.000000 0.000000 0.000000 1.000000 0.000000 0.000000 0.000000 1.000000 87079.dat
1 0 -10.000000 -16.000000 -80.000000 1.000000 0.000000 0.000000 0.000000 1.000000 0.000000 0.000000 0.000000 1.000000 26603.dat
1 0 -60.000000 -16.000000 -60.000000 0.000000 0.000000 1.000000 0.000000 1.000000 0.000000 -1.000000 0.000000 0.000000 87079.dat
1 0 -60.000000 -16.000000 10.000000 0.000000 0.000000 1.000000 0.000000 1.000000 0.000000 -1.000000 0.000000 0.000000 26603.dat
1 0 30.000000 -16.000000 60.000000 -1.000000 0.000000 0.000000 0.000000 1.000000 0.000000 0.000000 0.000000 -1.000000 26603.dat
1 0 80.000000 -16.000000 50.000000 0.000000 0.000000 -1.000000 0.000000 1.000000 0.000000 1.000000 0.000000 0.000000 26603.dat
1 0 -20.000000 -16.000000 -40.000000 1.000000 0.000000 0.000000 0.000000 1.000000 0.000000 0.000000 0.000000 1.000000 3022.dat
1 0 50.000000 -16.000000 -30.000000 0.000000 0.000000 1.000000 0.000000 1.000000 0.000000 -1.000000 0.000000 0.000000 27263.dat
1 0 -10.000000 -16.000000 30.000000 0.000000 0.000000 -1.000000 0.000000 1.000000 0.000000 1.000000 0.000000 0.000000 27263.dat
1 0 30.000000 -16.000000 10.000000 1.000000 0.000000 0.000000 0.000000 1.000000 0.000000 0.000000 0.000000 1.000000 14719.dat
1 0 50.000000 -16.000000 30.000000 1.000000 0.000000 0.000000 0.000000 1.000000 0.000000 0.000000 0.000000 1.000000 3024.dat
1 0 0.000000 -16.000000 20.000000 -1.000000 0.000000 0.000000 0.000000 1.000000 0.000000 0.000000 0.000000 -1.000000 26601.dat
1 0 10.000000 -16.000000 -10.000000 -1.000000 0.000000 0.000000 0.000000 1.000000 0.000000 0.000000 0.000000 -1.000000 2420.dat
1 0 20.000000 -16.000000 -50.000000 -1.000000 0.000000 0.000000 0.000000 1.000000 0.000000 0.000000 0.000000 -1.000000 3069b.dat
1 0 -30.000000 -16.000000 0.000000 0.000000 0.000000 1.000000 0.000000 1.000000 0.000000 -1.000000 0.000000 0.000000 3069b.dat
1 0 90.000000 -16.000000 -50.000000 0.000000 0.000000 -1.000000 0.000000 1.000000 0.000000 1.000000 0.000000 0.000000 14719.dat
1 0 80.000000 -16.000000 0.000000 0.000000 0.000000 -1.000000 0.000000 1.000000 0.000000 1.000000 0.000000 0.000000 3068b.dat
1 0 -60.000000 -16.000000 60.000000 0.000000 0.000000 -1.000000 0.000000 1.000000 0.000000 1.000000 0.000000 0.000000 3068b.dat
1 0 -30.000000 -16.000000 70.000000 0.000000 0.000000 1.000000 0.000000 1.000000 0.000000 -1.000000 0.000000 0.000000 14719.dat
1 0 40.000000 -16.000000 -20.000000 1.000000 0.000000 0.000000 0.000000 1.000000 0.000000 0.000000 0.000000 1.000000 26601.dat
0 STEP
1 0 30.000000 -40.000000 -10.000000 1.000000 0.000000 0.000000 0.000000 1.000000 0.000000 0.000000 0.000000 1.000000 85080.dat
1 0 10.000000 -40.000000 10.000000 -1.000000 0.000000 0.000000 0.000000 1.000000 0.000000 0.000000 0.000000 -1.000000 85080.dat
1 0 10.000000 -40.000000 -30.000000 1.000000 0.000000 0.000000 0.000000 1.000000 0.000000 0.000000 0.000000 1.000000 3005.dat
1 0 -10.000000 -40.000000 -10.000000 1.000000 0.000000 0.000000 0.000000 1.000000 0.000000 0.000000 0.000000 1.000000 3005.dat
1 0 -20.000000 -24.000000 -40.000000 1.000000 0.000000 0.000000 0.000000 1.000000 0.000000 0.000000 0.000000 1.000000 3022.dat
1 0 50.000000 -40.000000 30.000000 1.000000 0.000000 0.000000 0.000000 1.000000 0.000000 0.000000 0.000000 1.000000 3005.dat
1 0 20.000000 -40.000000 0.000000 1.000000 0.000000 0.000000 0.000000 1.000000 0.000000 0.000000 0.000000 1.000000 6143.dat
0 STEP
1 0 -20.000000 -32.000000 -40.000000 1.000000 0.000000 0.000000 0.000000 1.000000 0.000000 0.000000 0.000000 1.000000 3022.dat
0 STEP
1 0 -20.000000 -40.000000 -40.000000 1.000000 0.000000 0.000000 0.000000 1.000000 0.000000 0.000000 0.000000 1.000000 18674.dat
1 0 -20.000000 -48.000000 -40.000000 0.000000 0.000000 -1.000000 0.000000 1.000000 0.000000 1.000000 0.000000 0.000000 85861.dat
1 234 -20.000000 -71.500000 -40.000000 0.000000 0.000000 -1.000000 0.000000 1.000000 0.000000 1.000000 0.000000 0.000000 11610.dat
1 234 -20.000000 -71.500000 -40.000000 0.000000 0.000000 -1.000000 0.000000 1.000000 0.000000 1.000000 0.000000 0.000000 20401.dat
0 STEP
1 3 20.000000 -40.000000 -30.000000 1.000000 0.000000 0.000000 0.000000 1.000000 0.000000 0.000000 0.000000 1.000000 85984.dat
1 3 -10.000000 -40.000000 0.000000 0.000000 0.000000 1.000000 0.000000 1.000000 0.000000 -1.000000 0.000000 0.000000 85984.dat
1 0 30.000000 -48.000000 10.000000 1.000000 0.000000 0.000000 0.000000 1.000000 0.000000 0.000000 0.000000 1.000000 11212.dat
0 STEP
1 0 30.000030 -64.000000 -9.999980 -1.000001 0.000000 0.000000 0.000000 1.000000 0.000000 0.000000 0.000000 -1.000001 3070b.dat
1 0 10.000020 -64.000000 10.000050 -1.000001 0.000000 0.000000 0.000000 1.000000 0.000000 0.000000 0.000000 -1.000001 3070b.dat
1 0 10.000020 -80.000000 30.000080 0.000000 0.000000 1.000001 0.000000 1.000000 0.000000 -1.000001 0.000000 0.000000 3005.dat
1 0 10.000020 -104.000000 30.000080 0.000000 0.000000 1.000001 0.000000 1.000000 0.000000 -1.000001 0.000000 0.000000 55525.dat
1 14 10.000000 -64.000000 -10.000000 -1.000000 0.000000 0.000000 0.000000 1.000000 0.000000 0.000000 0.000000 -1.000000 3070b.dat
1 0 30.000000 -56.000000 10.000000 1.000000 0.000000 0.000000 0.000000 1.000000 0.000000 0.000000 0.000000 1.000000 11212.dat
0 STEP
1 0 30.000020 -128.000000 10.000050 0.000000 0.000000 -1.000001 0.000000 1.000000 0.000000 1.000001 0.000000 0.000000 3685.dat
1 0 30.000030 -136.000000 10.000050 0.000000 0.000000 -1.000001 0.000000 1.000000 0.000000 1.000001 0.000000 0.000000 3070b.dat
0 STEP
1 0 50.000020 -80.000000 -9.999980 0.000000 0.000000 1.000001 0.000000 1.000000 0.000000 -1.000001 0.000000 0.000000 3005.dat
1 0 50.000020 -104.000000 -9.999980 0.000000 0.000000 1.000001 0.000000 1.000000 0.000000 -1.000001 0.000000 0.000000 55525.dat
0 STEP
0 STEP
0 NOFILE

0 FILE 3685.dat
0 Slope Brick 75  2 x  2 x  3 Double Convex

0 Name: 3685.dat

0 Author: James Jessiman

0 !LDRAW_ORG Part UPDATE 2004-02

0 !LICENSE Licensed under CC BY 4.0 : see CAreadme.txt



0 BFC CERTIFY CCW



0 !HISTORY 1998-06-20 [PTadmin] Official Update 1998-06

0 !HISTORY 2002-09-13 [izanette] Modified with WINDZ for BFC compliance

0 !HISTORY 2004-04-08 [OrionP] Fix L3P -check erorrs

0 !HISTORY 2004-04-22 [PTadmin] Official Update 2004-02

0 !HISTORY 2007-06-29 [PTadmin] Header formatted for Contributor Agreement

0 !HISTORY 2008-07-01 [PTadmin] Official Update 2008-01





2 24 10 11 -4 8 4 -4.42

2 24 8 4 -4.42 7.72 4 -4.48

2 24 7.72 4 -4.48 5.8 4 -5.8

1 16 10 11 -10 6 0 0 21 1 0 0 0 6 1-4edge.dat

1 16 10 11 -10 6 0 0 21 1 0 0 0 -6 1-8edge.dat

2 24 5.8 4 -5.8 4.48 4 -7.72

2 24 4.48 4 -7.72 4.42 4 -8

2 24 4.42 4 -8 4 11 -10

1 16 10 11 -10 -6 0 0 0 1 21 0 0 -6 1-4edge.dat

1 16 10 11 -10 0 0 6 21 1 0 -6 0 0 1-8edge.dat



2 24 10 11 -2 8 4 -3.11

2 24 8 4 -3.11 6.96 4 -2.64

2 24 6.96 4 -2.64 4.4 4 -4.4

1 16 10 11 -10 8 0 0 28 1 0 0 0 8 1-4edge.dat

1 16 10 11 -10 8 0 0 28 1 0 0 0 -8 1-8edge.dat

2 24 4.4 4 -4.4 2.64 4 -6.96

2 24 2.64 4 -6.96 3.11 4 -8

2 24 3.11 4 -8 2 11 -10

1 16 10 11 -10 -8 0 0 0 1 28 0 0 -8 1-4edge.dat

1 16 10 11 -10 0 0 8 28 1 0 -8 0 0 1-8edge.dat



0 BFC INVERTNEXT

1 16 10 4 -10 -6 0 0 0 36 0 0 0 6 1-4cyli.dat

0 BFC INVERTNEXT

1 16 10 11 -10 -6 0 0 0 29 21 0 0 -6 1-4cyli.dat

0 BFC INVERTNEXT

1 16 10 11 -10 6 0 0 21 29 0 0 0 6 1-4cyli.dat

0 BFC INVERTNEXT

1 16 10 11 -10 6 0 0 21 29 0 0 0 -6 1-8cyli.dat

0 BFC INVERTNEXT

1 16 10 11 -10 0 0 6 21 29 0 -6 0 0 1-8cyli.dat

1 16 10 4 -10 -8 0 0 0 36 0 0 0 8 1-4cyli.dat

1 16 10 11 -10 -8 0 0 0 29 28 0 0 -8 1-4cyli.dat

1 16 10 11 -10 8 0 0 28 29 0 0 0 8 1-4cyli.dat

1 16 10 11 -10 8 0 0 28 29 0 0 0 -8 1-8cyli.dat

1 16 10 11 -10 0 0 8 28 29 0 -8 0 0 1-8cyli.dat



1 16 10 40 -10 1 0 0 0 -8 0 0 0 1 stud4a.dat



2 24 26 72 6 -6 72 6

2 24 -6 72 6 -6 72 -26

2 24 -6 72 -26 26 72 -26

2 24 26 72 -26 26 72 6



2 24 30 72 10 -10 72 10

2 24 -10 72 10 -10 72 -30

2 24 -10 72 -30 30 72 -30

2 24 30 72 -30 30 72 10



2 24 26 67 -26 -6 67 -26

2 24 26 67 6 26 67 -26



2 24 30 68 -30 -10 68 -30

2 24 30 68 10 30 68 -30



2 24 8 4 -8 -6 4 -8

2 24 -6 4 -8 -6 4 6

2 24 -6 4 6 8 4 6

2 24 8 4 6 8 4 -8



2 24 10 0 -10 -10 0 -10

2 24 -10 0 -10 -10 0 10

2 24 -10 0 10 10 0 10

2 24 10 0 10 10 0 -10



2 24 26 67 -26 26 72 -26

2 24 26 67 6 26 72 6

2 24 -6 67 -26 -6 72 -26



2 24 30 68 -30 30 72 -30

2 24 30 68 10 30 72 10

2 24 -10 68 -30 -10 72 -30



2 24 8 4 -8 26 67 -26

2 24 -6 4 -8 -6 67 -26

2 24 -6 4 6 -6 72 6

2 24 8 4 6 26 67 6



2 24 10 0 -10 30 68 -30

2 24 -10 0 -10 -10 68 -30

2 24 -10 0 10 -10 72 10

2 24 10 0 10 30 68 10



4 16 30 72 10 26 72 6 -6 72 6 -10 72 10

4 16 -10 72 10 -6 72 6 -6 72 -26 -10 72 -30

4 16 -10 72 -30 -6 72 -26 26 72 -26 30 72 -30

4 16 30 72 -30 26 72 -26 26 72 6 30 72 10



4 16 8 4 -8 -6 4 -8 -6 4 6 8 4 6



4 16 10 0 -10 10 0 10 -10 0 10 -10 0 -10



4 16 26 67 -26 26 67 6 26 72 6 26 72 -26

4 16 26 67 -26 26 72 -26 -6 72 -26 -6 67 -26



4 16 30 68 -30 30 72 -30 30 72 10 30 68 10

4 16 30 68 -30 -10 68 -30 -10 72 -30 30 72 -30



4 16 8 4 -8 26 67 -26 -6 67 -26 -6 4 -8

3 16 -6 4 -8 -6 67 -26 -6 72 -26

4 16 -6 4 -8 -6 72 -26 -6 72 6 -6 4 6

4 16 -6 4 6 -6 72 6 26 72 6 8 4 6

3 16 8 4 6 26 72 6 26 67 6

4 16 8 4 6 26 67 6 26 67 -26 8 4 -8



4 16 10 0 -10 -10 0 -10 -10 68 -30 30 68 -30

3 16 -10 0 -10 -10 72 -30 -10 68 -30

4 16 -10 0 -10 -10 0 10 -10 72 10 -10 72 -30

4 16 -10 0 10 10 0 10 30 72 10 -10 72 10

3 16 10 0 10 30 68 10 30 72 10

4 16 10 0 10 10 0 -10 30 68 -30 30 68 10



1 16 0 0 0 1 0 0 0 1 0 0 0 1 stud2.dat

0 NOFILE

0 FILE stud2.dat
0 Stud Open

0 Name: stud2.dat

0 Author: James Jessiman

0 !LDRAW_ORG Primitive UPDATE 2009-02

0 !LICENSE Licensed under CC BY 4.0 : see CAreadme.txt



0 BFC CERTIFY CCW



0 !HISTORY 1999-07-05 [PTadmin] Official Update 1999-05

0 !HISTORY 2002-04-04 [sbliss] Modified for BFC compliance

0 !HISTORY 2002-04-25 [PTadmin] Official Update 2002-02

0 !HISTORY 2007-06-24 [PTadmin] Header formatted for Contributor Agreement

0 !HISTORY 2008-07-01 [PTadmin] Official Update 2008-01

0 !HISTORY 2009-06-21 [cwdee] Update ring references to 4-4ring

0 !HISTORY 2009-09-03 [PTadmin] Official Update 2009-02





1 16 0 0 0 4 0 0 0 1 0 0 0 4 4-4edge.dat

1 16 0 0 0 6 0 0 0 1 0 0 0 6 4-4edge.dat

1 16 0 -4 0 4 0 0 0 1 0 0 0 4 4-4edge.dat

1 16 0 -4 0 6 0 0 0 1 0 0 0 6 4-4edge.dat

0 BFC INVERTNEXT

1 16 0 -4 0 4 0 0 0 4 0 0 0 4 4-4cyli.dat

1 16 0 -4 0 6 0 0 0 4 0 0 0 6 4-4cyli.dat

1 16 0 -4 0 2 0 0 0 1 0 0 0 2 4-4ring2.dat

0

0 NOFILE

0 FILE 4-4ring2.dat
0 Ring  2 x 1.0

0 Name: 4-4ring2.dat

0 Author: James Jessiman

0 !LDRAW_ORG Primitive UPDATE 2009-01

0 !LICENSE Licensed under CC BY 4.0 : see CAreadme.txt



0 BFC CERTIFY CCW



0 !HISTORY 1998-12-15 [PTadmin] Official Update 1998-10

0 !HISTORY 2002-04-05 [hafhead] Added BFC statement

0 !HISTORY 2002-04-25 [PTadmin] Official Update 2002-02

0 !HISTORY 2007-06-24 [PTadmin] Header formatted for Contributor Agreement

0 !HISTORY 2008-07-01 [PTadmin] Official Update 2008-01

0 !HISTORY 2008-08-26 [cwdee] Switch polygon winding and rename

0 !HISTORY 2009-05-02 [PTadmin] Official Update 2009-01





4 16 -1.1481 0 2.7717 -0.7654 0 1.8478 0 0 2 0 0 3

4 16 -2.1213 0 2.1213 -1.4142 0 1.4142 -0.7654 0 1.8478 -1.1481 0 2.7717

4 16 -2.7717 0 1.1481 -1.8478 0 0.7654 -1.4142 0 1.4142 -2.1213 0 2.1213

4 16 -3 0 0 -2 0 0 -1.8478 0 0.7654 -2.7717 0 1.1481

4 16 -2.7717 0 -1.1481 -1.8478 0 -0.7654 -2 0 0 -3 0 0

4 16 -2.1213 0 -2.1213 -1.4142 0 -1.4142 -1.8478 0 -0.7654 -2.7717 0 -1.1481

4 16 -1.1481 0 -2.7717 -0.7654 0 -1.8478 -1.4142 0 -1.4142 -2.1213 0 -2.1213

4 16 0 0 -3 0 0 -2 -0.7654 0 -1.8478 -1.1481 0 -2.7717

4 16 1.1481 0 -2.7717 0.7654 0 -1.8478 0 0 -2 0 0 -3

4 16 2.1213 0 -2.1213 1.4142 0 -1.4142 0.7654 0 -1.8478 1.1481 0 -2.7717

4 16 2.7717 0 -1.1481 1.8478 0 -0.7654 1.4142 0 -1.4142 2.1213 0 -2.1213

4 16 3 0 0 2 0 0 1.8478 0 -0.7654 2.7717 0 -1.1481

4 16 2.7717 0 1.1481 1.8478 0 0.7654 2 0 0 3 0 0

4 16 2.1213 0 2.1213 1.4142 0 1.4142 1.8478 0 0.7654 2.7717 0 1.1481

4 16 1.1481 0 2.7717 0.7654 0 1.8478 1.4142 0 1.4142 2.1213 0 2.1213

4 16 0 0 3 0 0 2 0.7654 0 1.8478 1.1481 0 2.7717

0

0 NOFILE

0 FILE 4-4cyli.dat
0 Cylinder 1.0

0 Name: 4-4cyli.dat

0 Author: James Jessiman

0 !LDRAW_ORG Primitive UPDATE 2005-01

0 !LICENSE Licensed under CC BY 4.0 : see CAreadme.txt



0 BFC CERTIFY CCW



0 !HISTORY 1998-12-15 [PTadmin] Official Update 1998-10

0 !HISTORY 2002-03-23 [sbliss] Added BFC statement; merged headers from files in distributions LDraw 0.27 and Complete.

0 !HISTORY 2002-04-25 [PTadmin] Official Update 2002-02

0 !HISTORY 2004-12-14 [guyvivan] BFC CCW

0 !HISTORY 2005-12-28 [PTadmin] Official Update 2005-01

0 !HISTORY 2007-06-24 [PTadmin] Header formatted for Contributor Agreement

0 !HISTORY 2008-07-01 [PTadmin] Official Update 2008-01





4 16 1 1 0 0.9239 1 0.3827 0.9239 0 0.3827 1 0 0

5 24 1 0 0 1 1 0 0.9239 0 0.3827 0.9239 0 -0.3827

4 16 0.9239 1 0.3827 0.7071 1 0.7071 0.7071 0 0.7071 0.9239 0 0.3827

5 24 0.9239 0 0.3827 0.9239 1 0.3827 0.7071 0 0.7071 1 0 0

4 16 0.7071 1 0.7071 0.3827 1 0.9239 0.3827 0 0.9239 0.7071 0 0.7071

5 24 0.7071 0 0.7071 0.7071 1 0.7071 0.3827 0 0.9239 0.9239 0 0.3827

4 16 0.3827 1 0.9239 0 1 1 0 0 1 0.3827 0 0.9239

5 24 0.3827 0 0.9239 0.3827 1 0.9239 0 0 1 0.7071 0 0.7071

4 16 0 1 1 -0.3827 1 0.9239 -0.3827 0 0.9239 0 0 1

5 24 0 0 1 0 1 1 -0.3827 0 0.9239 0.3827 0 0.9239

4 16 -0.3827 1 0.9239 -0.7071 1 0.7071 -0.7071 0 0.7071 -0.3827 0 0.9239

5 24 -0.3827 0 0.9239 -0.3827 1 0.9239 -0.7071 0 0.7071 0 0 1

4 16 -0.7071 1 0.7071 -0.9239 1 0.3827 -0.9239 0 0.3827 -0.7071 0 0.7071

5 24 -0.7071 0 0.7071 -0.7071 1 0.7071 -0.9239 0 0.3827 -0.3827 0 0.9239

4 16 -0.9239 1 0.3827 -1 1 0 -1 0 0 -0.9239 0 0.3827

5 24 -0.9239 0 0.3827 -0.9239 1 0.3827 -1 0 0 -0.7071 0 0.7071

4 16 -1 1 0 -0.9239 1 -0.3827 -0.9239 0 -0.3827 -1 0 0

5 24 -1 0 0 -1 1 0 -0.9239 0 -0.3827 -0.9239 0 0.3827

4 16 -0.9239 1 -0.3827 -0.7071 1 -0.7071 -0.7071 0 -0.7071 -0.9239 0 -0.3827

5 24 -0.9239 0 -0.3827 -0.9239 1 -0.3827 -0.7071 0 -0.7071 -1 0 0

4 16 -0.7071 1 -0.7071 -0.3827 1 -0.9239 -0.3827 0 -0.9239 -0.7071 0 -0.7071

5 24 -0.7071 0 -0.7071 -0.7071 1 -0.7071 -0.3827 0 -0.9239 -0.9239 0 -0.3827

4 16 -0.3827 1 -0.9239 0 1 -1 0 0 -1 -0.3827 0 -0.9239

5 24 -0.3827 0 -0.9239 -0.3827 1 -0.9239 0 0 -1 -0.7071 0 -0.7071

4 16 0 1 -1 0.3827 1 -0.9239 0.3827 0 -0.9239 0 0 -1

5 24 0 0 -1 0 1 -1 0.3827 0 -0.9239 -0.3827 0 -0.9239

4 16 0.3827 1 -0.9239 0.7071 1 -0.7071 0.7071 0 -0.7071 0.3827 0 -0.9239

5 24 0.3827 0 -0.9239 0.3827 1 -0.9239 0.7071 0 -0.7071 0 0 -1

4 16 0.7071 1 -0.7071 0.9239 1 -0.3827 0.9239 0 -0.3827 0.7071 0 -0.7071

5 24 0.7071 0 -0.7071 0.7071 1 -0.7071 0.9239 0 -0.3827 0.3827 0 -0.9239

4 16 0.9239 1 -0.3827 1 1 0 1 0 0 0.9239 0 -0.3827

5 24 0.9239 0 -0.3827 0.9239 1 -0.3827 1 0 0 0.7071 0 -0.7071

0

0 NOFILE

0 FILE 4-4edge.dat
0 Circle 1.0

0 Name: 4-4edge.dat

0 Author: James Jessiman

0 !LDRAW_ORG Primitive UPDATE 2017-01

0 !LICENSE Licensed under CC BY 4.0 : see CAreadme.txt



0 BFC CERTIFY CCW



0 !HISTORY 1998-12-15 [PTadmin] Official Update 1998-10

0 !HISTORY 2005-12-28 [PTadmin] Official Update 2005-01

0 !HISTORY 2007-06-24 [PTadmin] Header formatted for Contributor Agreement

0 !HISTORY 2008-07-01 [PTadmin] Official Update 2008-01

0 !HISTORY 2017-01-15 [Steffen] BFCed

0 !HISTORY 2017-12-30 [PTadmin] Official Update 2017-01





2 24 1 0 0 0.9239 0 0.3827

2 24 0.9239 0 0.3827 0.7071 0 0.7071

2 24 0.7071 0 0.7071 0.3827 0 0.9239

2 24 0.3827 0 0.9239 0 0 1

2 24 0 0 1 -0.3827 0 0.9239

2 24 -0.3827 0 0.9239 -0.7071 0 0.7071

2 24 -0.7071 0 0.7071 -0.9239 0 0.3827

2 24 -0.9239 0 0.3827 -1 0 -0

2 24 -1 0 -0 -0.9239 0 -0.3827

2 24 -0.9239 0 -0.3827 -0.7071 0 -0.7071

2 24 -0.7071 0 -0.7071 -0.3827 0 -0.9239

2 24 -0.3827 0 -0.9239 0 0 -1

2 24 0 0 -1 0.3827 0 -0.9239

2 24 0.3827 0 -0.9239 0.7071 0 -0.7071

2 24 0.7071 0 -0.7071 0.9239 0 -0.3827

2 24 0.9239 0 -0.3827 1 0 0

0 NOFILE

0 FILE stud4a.dat
0 Stud Tube Open without Base Edges

0 Name: stud4a.dat

0 Author: James Jessiman

0 !LDRAW_ORG Primitive UPDATE 2009-02

0 !LICENSE Licensed under CC BY 4.0 : see CAreadme.txt



0 BFC CERTIFY CCW



0 !HISTORY 1999-07-05 [PTadmin] Official Update 1999-05

0 !HISTORY 2002-04-04 [sbliss] Modified for BFC compliance

0 !HISTORY 2002-04-25 [PTadmin] Official Update 2002-02

0 !HISTORY 2007-06-24 [PTadmin] Header formatted for Contributor Agreement

0 !HISTORY 2008-07-01 [PTadmin] Official Update 2008-01

0 !HISTORY 2009-06-21 [cwdee] Update ring references to 4-4ring

0 !HISTORY 2009-09-03 [PTadmin] Official Update 2009-02





1 16 0 -4 0 6 0 0 0 1 0 0 0 6 4-4edge.dat

1 16 0 -4 0 8 0 0 0 1 0 0 0 8 4-4edge.dat

0 BFC INVERTNEXT

1 16 0 -4 0 6 0 0 0 4 0 0 0 6 4-4cyli.dat

1 16 0 -4 0 8 0 0 0 4 0 0 0 8 4-4cyli.dat

1 16 0 -4 0 2 0 0 0 1 0 0 0 2 4-4ring3.dat

0

0 NOFILE

0 FILE 4-4ring3.dat
0 Ring  3 x 1.0

0 Name: 4-4ring3.dat

0 Author: James Jessiman

0 !LDRAW_ORG Primitive UPDATE 2009-01

0 !LICENSE Licensed under CC BY 4.0 : see CAreadme.txt



0 BFC CERTIFY CCW



0 !HISTORY 1998-12-15 [PTadmin] Official Update 1998-10

0 !HISTORY 2002-04-05 [hafhead] Added BFC statement

0 !HISTORY 2002-04-25 [PTadmin] Official Update 2002-02

0 !HISTORY 2007-06-24 [PTadmin] Header formatted for Contributor Agreement

0 !HISTORY 2008-07-01 [PTadmin] Official Update 2008-01

0 !HISTORY 2008-08-26 [cwdee] Switch polygon winding and rename

0 !HISTORY 2009-05-02 [PTadmin] Official Update 2009-01





4 16 -1.5308 0 3.6956 -1.1481 0 2.7717 0 0 3 0 0 4

4 16 -2.8284 0 2.8284 -2.1213 0 2.1213 -1.1481 0 2.7717 -1.5308 0 3.6956

4 16 -3.6956 0 1.5308 -2.7717 0 1.1481 -2.1213 0 2.1213 -2.8284 0 2.8284

4 16 -4 0 0 -3 0 0 -2.7717 0 1.1481 -3.6956 0 1.5308

4 16 -3.6956 0 -1.5308 -2.7717 0 -1.1481 -3 0 0 -4 0 0

4 16 -2.8284 0 -2.8284 -2.1213 0 -2.1213 -2.7717 0 -1.1481 -3.6956 0 -1.5308

4 16 -1.5308 0 -3.6956 -1.1481 0 -2.7717 -2.1213 0 -2.1213 -2.8284 0 -2.8284

4 16 0 0 -4 0 0 -3 -1.1481 0 -2.7717 -1.5308 0 -3.6956

4 16 1.5308 0 -3.6956 1.1481 0 -2.7717 0 0 -3 0 0 -4

4 16 2.8284 0 -2.8284 2.1213 0 -2.1213 1.1481 0 -2.7717 1.5308 0 -3.6956

4 16 3.6956 0 -1.5308 2.7717 0 -1.1481 2.1213 0 -2.1213 2.8284 0 -2.8284

4 16 4 0 0 3 0 0 2.7717 0 -1.1481 3.6956 0 -1.5308

4 16 3.6956 0 1.5308 2.7717 0 1.1481 3 0 0 4 0 0

4 16 2.8284 0 2.8284 2.1213 0 2.1213 2.7717 0 1.1481 3.6956 0 1.5308

4 16 1.5308 0 3.6956 1.1481 0 2.7717 2.1213 0 2.1213 2.8284 0 2.8284

4 16 0 0 4 0 0 3 1.1481 0 2.7717 1.5308 0 3.6956

0

0 NOFILE

0 FILE 1-8cyli.dat
0 Cylinder 0.125

0 Name: 1-8cyli.dat

0 Author: James Jessiman

0 !LDRAW_ORG Primitive UPDATE 2005-01

0 !LICENSE Licensed under CC BY 4.0 : see CAreadme.txt



0 BFC CERTIFY CCW



0 !HISTORY 2002-04-25 [PTadmin] Official Update 2002-02

0 !HISTORY 2004-12-11 [nielsk] Recreated using Primitive Generator, Edge lines fixed, BFC changed to CCW

0 !HISTORY 2005-12-28 [PTadmin] Official Update 2005-01

0 !HISTORY 2007-06-22 [PTadmin] Header formatted for Contributor Agreement

0 !HISTORY 2008-07-01 [PTadmin] Official Update 2008-01





4 16 .9239 1 .3827 .9239 0 .3827 1 0 0 1 1 0

4 16 .7071 1 .7071 .7071 0 .7071 .9239 0 .3827 .9239 1 .3827

5 24 1 1 0 1 0 0 1 1 -.4142 .9239 1 .3827

5 24 .9239 1 .3827 .9239 0 .3827 1 1 0 .7071 1 .7071

5 24 .7071 1 .7071 .7071 0 .7071 .9239 1 .3827 .4142 1 1

0

0 NOFILE

0 FILE 1-4cyli.dat
0 Cylinder 0.25

0 Name: 1-4cyli.dat

0 Author: James Jessiman

0 !LDRAW_ORG Primitive UPDATE 2012-01

0 !LICENSE Licensed under CC BY 4.0 : see CAreadme.txt



0 BFC CERTIFY CCW



0 !HISTORY 2002-03-23 [sbliss] Added BFC statement.

0 !HISTORY 2002-04-25 [PTadmin] Official Update 2002-02

0 !HISTORY 2007-06-22 [PTadmin] Header formatted for Contributor Agreement

0 !HISTORY 2008-07-01 [PTadmin] Official Update 2008-01

0 !HISTORY 2012-02-16 [Philo] Changed to CCW

0 !HISTORY 2012-03-30 [PTadmin] Official Update 2012-01





4 16 1 1 0 0.9239 1 0.3827 0.9239 0 0.3827 1 0 0

5 24 1 0 0 1 1 0 0.9239 0 0.3827 1 0 -1

4 16 0.9239 1 0.3827 0.7071 1 0.7071 0.7071 0 0.7071 0.9239 0 0.3827

5 24 0.9239 0 0.3827 0.9239 1 0.3827 0.7071 0 0.7071 1 0 0

4 16 0.7071 1 0.7071 0.3827 1 0.9239 0.3827 0 0.9239 0.7071 0 0.7071

5 24 0.7071 0 0.7071 0.7071 1 0.7071 0.3827 0 0.9239 0.9239 0 0.3827

4 16 0.3827 1 0.9239 0 1 1 0 0 1 0.3827 0 0.9239

5 24 0.3827 0 0.9239 0.3827 1 0.9239 0 0 1 0.7071 0 0.7071

5 24 0 0 1 0 1 1 0.3827 0 0.9239 -1 0 1

0 NOFILE

0 FILE 1-8edge.dat
0 Circle 0.125

0 Name: 1-8edge.dat

0 Author: James Jessiman

0 !LDRAW_ORG Primitive UPDATE 2017-01

0 !LICENSE Licensed under CC BY 4.0 : see CAreadme.txt



0 BFC CERTIFY CCW



0 !HISTORY 2007-06-22 [PTadmin] Header formatted for Contributor Agreement

0 !HISTORY 2008-07-01 [PTadmin] Official Update 2008-01

0 !HISTORY 2017-01-15 [Steffen] BFCed

0 !HISTORY 2017-12-30 [PTadmin] Official Update 2017-01





2 24 1 0 0 0.9239 0 0.3827

2 24 0.9239 0 0.3827 0.7071 0 0.7071

0 NOFILE

0 FILE 1-4edge.dat
0 Circle 0.25

0 Name: 1-4edge.dat

0 Author: James Jessiman

0 !LDRAW_ORG Primitive UPDATE 2017-01

0 !LICENSE Licensed under CC BY 4.0 : see CAreadme.txt



0 BFC CERTIFY CCW



0 !HISTORY 2007-06-22 [PTadmin] Header formatted for Contributor Agreement

0 !HISTORY 2008-07-01 [PTadmin] Official Update 2008-01

0 !HISTORY 2017-01-15 [Steffen] BFCed

0 !HISTORY 2017-12-30 [PTadmin] Official Update 2017-01





2 24 1 0 0 0.9239 0 0.3827

2 24 0.9239 0 0.3827 0.7071 0 0.7071

2 24 0.7071 0 0.7071 0.3827 0 0.9239

2 24 0.3827 0 0.9239 0 0 1

0 NOFILE

0 FILE 55525.dat
0 =Cone  1 x  1

0 Name: 55525.dat

0 Author: Rolf Osterthun [Rolf]

0 !LDRAW_ORG Part Alias UPDATE 2013-02

0 !LICENSE Licensed under CC BY 4.0 : see CAreadme.txt



0 BFC CERTIFY CCW



0 !HISTORY 2013-12-23 [PTadmin] Official Update 2013-02





0 // Alias of 4589

0 // Part 55525 is the metallic lacquered counterpart of 4589



1 16 0 0 0 1 0 0 0 1 0 0 0 1 4589.dat

0 NOFILE

0 FILE 4589.dat
0 Cone  1 x  1

0 Name: 4589.dat

0 Author: James Jessiman

0 !LDRAW_ORG Part UPDATE 2010-03

0 !LICENSE Licensed under CC BY 4.0 : see CAreadme.txt



0 BFC CERTIFY CCW



0 !KEYWORDS 299.dat, pylon, Round



0 !HISTORY 1997-12-05 [PTadmin] Official Update 1997-17

0 !HISTORY 1999-03-01 [sbliss] Replaced conic code with primitives. Cleaned up format.

0 !HISTORY 2000-05-07 [PTadmin] Official Update 2000-01

0 !HISTORY 2003-08-07 [jriley] BFC compliant

0 !HISTORY 2003-12-19 [PTadmin] Official Update 2003-03

0 !HISTORY 2007-07-08 [PTadmin] Header formatted for Contributor Agreement

0 !HISTORY 2008-07-01 [PTadmin] Official Update 2008-01

0 !HISTORY 2010-09-12 [mikeheide] changed references

0 !HISTORY 2010-12-31 [PTadmin] Official Update 2010-03





1 16 0 19 0 8 0 0 0 2.5 0 0 0 8 4-4edge.dat

1 16 0 24 0 8 0 0 0 2.5 0 0 0 8 4-4edge.dat

1 16 0 24 0 6 0 0 0 2.5 0 0 0 6 4-4edge.dat

1 16 0 24 0 2 0 0 0 -2.5 0 0 0 2 4-4ring3.dat

1 16 0 19 0 8 0 0 0 5 0 0 0 8 4-4cyli.dat

0 BFC INVERTNEXT

1 16 0 24 0 -6 0 0 0 -5 0 0 0 6 4-4cyli.dat

0 BFC INVERTNEXT

1 16 0 18 0 6 0 0 0 1 0 0 0 6 4-4cyli.dat

1 16 0 12 0 1 0 0 0 6 0 0 0 1 axlehole.dat

1 16 0 12 0 1 0 0 0 1 0 0 0 1 axlehol2.dat

1 16 0 18 0 1 0 0 0 1 0 0 0 1 axlehol3.dat

1 16 0 12 0 4 0 0 0 1 0 0 0 4 4-4edge.dat

1 16 0 19 0 10 0 0 0 1 0 0 0 10 4-4edge.dat

1 16 0 0 0 6 0 0 0 1 0 0 0 6 4-4edge.dat

0 BFC INVERTNEXT

1 16 0 0 0 4 0 0 0 12 0 0 0 4 4-4cyli.dat

1 16 0 0 0 1 0 0 0 1 0 0 0 1 stud2a.dat

1 16 0 19 0 -2 0 0 0 -1 0 0 0 2 4-4ring4.dat

1 16 0 12 0 -2 0 0 0 -1 0 0 0 2 4-4ring2.dat

1 16 0 9.5 0 -2 0 0 0 -9.5 0 0 0 2 4-4con3.dat

1 16 0 19 0 0 0 -2 0 -9.5 0 -2 0 0 4-4con4.dat

0 //

0 NOFILE

0 FILE 4-4con4.dat
0 Cone  4 x 1.0

0 Name: 4-4con4.dat

0 Author: Willy Tschager [Holly-Wood]

0 !LDRAW_ORG Primitive UPDATE 2024-01

0 !LICENSE Licensed under CC BY 4.0 : see CAreadme.txt



0 BFC CERTIFY CCW



0 !HISTORY 2003-08-01 [PTadmin] Official Update 2003-02

0 !HISTORY 2007-06-24 [PTadmin] Header formatted for Contributor Agreement

0 !HISTORY 2008-07-01 [PTadmin] Official Update 2008-01

0 !HISTORY 2012-02-16 [Philo] Changed to CCW

0 !HISTORY 2012-03-30 [PTadmin] Official Update 2012-01

0 !HISTORY 2024-01-07 [Holly-Wood] Complete regeneration, original by jriley

0 !HISTORY 2024-01-29 [OrionP] Official Update 2024-01



4 16 4 1 0 3.6956 1 1.5308 4.6195 0 1.9135 5 0 0

4 16 3.6956 1 1.5308 2.8284 1 2.8284 3.5355 0 3.5355 4.6195 0 1.9135

4 16 2.8284 1 2.8284 1.5308 1 3.6956 1.9135 0 4.6195 3.5355 0 3.5355

4 16 1.5308 1 3.6956 0 1 4 0 0 5 1.9135 0 4.6195

4 16 0 1 4 -1.5308 1 3.6956 -1.9135 0 4.6195 0 0 5

4 16 -1.5308 1 3.6956 -2.8284 1 2.8284 -3.5355 0 3.5355 -1.9135 0 4.6195

4 16 -2.8284 1 2.8284 -3.6956 1 1.5308 -4.6195 0 1.9135 -3.5355 0 3.5355

4 16 -3.6956 1 1.5308 -4 1 0 -5 0 0 -4.6195 0 1.9135

4 16 -4 1 0 -3.6956 1 -1.5308 -4.6195 0 -1.9135 -5 0 0

4 16 -3.6956 1 -1.5308 -2.8284 1 -2.8284 -3.5355 0 -3.5355 -4.6195 0 -1.9135

4 16 -2.8284 1 -2.8284 -1.5308 1 -3.6956 -1.9135 0 -4.6195 -3.5355 0 -3.5355

4 16 -1.5308 1 -3.6956 0 1 -4 0 0 -5 -1.9135 0 -4.6195

4 16 0 1 -4 1.5308 1 -3.6956 1.9135 0 -4.6195 0 0 -5

4 16 1.5308 1 -3.6956 2.8284 1 -2.8284 3.5355 0 -3.5355 1.9135 0 -4.6195

4 16 2.8284 1 -2.8284 3.6956 1 -1.5308 4.6195 0 -1.9135 3.5355 0 -3.5355

4 16 3.6956 1 -1.5308 4 1 0 5 0 0 4.6195 0 -1.9135

0 // conditional lines

5 24 4 1 0 5 0 0 3.6956 1 -1.5308 3.6956 1 1.5308

5 24 3.6956 1 1.5308 4.6195 0 1.9135 4 1 0 2.8284 1 2.8284

5 24 2.8284 1 2.8284 3.5355 0 3.5355 3.6956 1 1.5308 1.5308 1 3.6956

5 24 1.5308 1 3.6956 1.9135 0 4.6195 2.8284 1 2.8284 0 1 4

5 24 0 1 4 0 0 5 1.5308 1 3.6956 -1.5308 1 3.6956

5 24 -1.5308 1 3.6956 -1.9135 0 4.6195 0 1 4 -2.8284 1 2.8284

5 24 -2.8284 1 2.8284 -3.5355 0 3.5355 -1.5308 1 3.6956 -3.6956 1 1.5308

5 24 -3.6956 1 1.5308 -4.6195 0 1.9135 -2.8284 1 2.8284 -4 1 0

5 24 -4 1 0 -5 0 0 -3.6956 1 1.5308 -3.6956 1 -1.5308

5 24 -3.6956 1 -1.5308 -4.6195 0 -1.9135 -4 1 0 -2.8284 1 -2.8284

5 24 -2.8284 1 -2.8284 -3.5355 0 -3.5355 -3.6956 1 -1.5308 -1.5308 1 -3.6956

5 24 -1.5308 1 -3.6956 -1.9135 0 -4.6195 -2.8284 1 -2.8284 0 1 -4

5 24 0 1 -4 0 0 -5 -1.5308 1 -3.6956 1.5308 1 -3.6956

5 24 1.5308 1 -3.6956 1.9135 0 -4.6195 0 1 -4 2.8284 1 -2.8284

5 24 2.8284 1 -2.8284 3.5355 0 -3.5355 1.5308 1 -3.6956 3.6956 1 -1.5308

5 24 3.6956 1 -1.5308 4.6195 0 -1.9135 2.8284 1 -2.8284 4 1 0

0 // Build by LDPartEditor (PrimGen 2.X)

0 NOFILE

0 FILE 4-4con3.dat
0 Cone  3 x 1.0

0 Name: 4-4con3.dat

0 Author: Niels Karsdorp [nielsk]

0 !LDRAW_ORG Primitive UPDATE 2003-02

0 !LICENSE Licensed under CC BY 4.0 : see CAreadme.txt



0 BFC CERTIFY CCW



0 !HISTORY 2003-08-01 [PTadmin] Official Update 2003-02

0 !HISTORY 2007-06-24 [PTadmin] Header formatted for Contributor Agreement

0 !HISTORY 2008-07-01 [PTadmin] Official Update 2008-01





5 24 3 1 0 4 0 0 2.7717 1 1.1481 2.7717 1 -1.1481

5 24 2.7717 1 1.1481 3.6956 0 1.5308 2.1213 1 2.1213 3 1 0

5 24 2.1213 1 2.1213 2.8284 0 2.8284 1.1481 1 2.7717 2.7717 1 1.1481

5 24 1.1481 1 2.7717 1.5308 0 3.6956 0 1 3 2.1213 1 2.1213

5 24 0 1 3 0 0 4 -1.1481 1 2.7717 1.1481 1 2.7717

5 24 -1.1481 1 2.7717 -1.5308 0 3.6956 -2.1213 1 2.1213 0 1 3

5 24 -2.1213 1 2.1213 -2.8284 0 2.8284 -2.7717 1 1.1481 -1.1481 1 2.7717

5 24 -2.7717 1 1.1481 -3.6956 0 1.5308 -3 1 0 -2.1213 1 2.1213

5 24 -3 1 0 -4 0 0 -2.7717 1 -1.1481 -2.7717 1 1.1481

5 24 -2.7717 1 -1.1481 -3.6956 0 -1.5308 -2.1213 1 -2.1213 -3 1 0

5 24 -2.1213 1 -2.1213 -2.8284 0 -2.8284 -1.1481 1 -2.7717 -2.7717 1 -1.1481

5 24 -1.1481 1 -2.7717 -1.5308 0 -3.6956 0 1 -3 -2.1213 1 -2.1213

5 24 0 1 -3 0 0 -4 1.1481 1 -2.7717 -1.1481 1 -2.7717

5 24 1.1481 1 -2.7717 1.5308 0 -3.6956 2.1213 1 -2.1213 0 1 -3

5 24 2.1213 1 -2.1213 2.8284 0 -2.8284 2.7717 1 -1.1481 1.1481 1 -2.7717

5 24 2.7717 1 -1.1481 3.6956 0 -1.5308 3 1 0 2.1213 1 -2.1213



4 16 3 1 0 2.7717 1 1.1481 3.6956 0 1.5308 4 0 0

4 16 2.7717 1 1.1481 2.1213 1 2.1213 2.8284 0 2.8284 3.6956 0 1.5308

4 16 2.1213 1 2.1213 1.1481 1 2.7717 1.5308 0 3.6956 2.8284 0 2.8284

4 16 1.1481 1 2.7717 0 1 3 0 0 4 1.5308 0 3.6956

4 16 0 1 3 -1.1481 1 2.7717 -1.5308 0 3.6956 0 0 4

4 16 -1.1481 1 2.7717 -2.1213 1 2.1213 -2.8284 0 2.8284 -1.5308 0 3.6956

4 16 -2.1213 1 2.1213 -2.7717 1 1.1481 -3.6956 0 1.5308 -2.8284 0 2.8284

4 16 -2.7717 1 1.1481 -3 1 0 -4 0 0 -3.6956 0 1.5308

4 16 -3 1 0 -2.7717 1 -1.1481 -3.6956 0 -1.5308 -4 0 0

4 16 -2.7717 1 -1.1481 -2.1213 1 -2.1213 -2.8284 0 -2.8284 -3.6956 0 -1.5308

4 16 -2.1213 1 -2.1213 -1.1481 1 -2.7717 -1.5308 0 -3.6956 -2.8284 0 -2.8284

4 16 -1.1481 1 -2.7717 0 1 -3 0 0 -4 -1.5308 0 -3.6956

4 16 0 1 -3 1.1481 1 -2.7717 1.5308 0 -3.6956 0 0 -4

4 16 1.1481 1 -2.7717 2.1213 1 -2.1213 2.8284 0 -2.8284 1.5308 0 -3.6956

4 16 2.1213 1 -2.1213 2.7717 1 -1.1481 3.6956 0 -1.5308 2.8284 0 -2.8284

4 16 2.7717 1 -1.1481 3 1 0 4 0 0 3.6956 0 -1.5308



0



0 NOFILE

0 FILE 4-4ring4.dat
0 Ring  4 x 1.0

0 Name: 4-4ring4.dat

0 Author: James Jessiman

0 !LDRAW_ORG Primitive UPDATE 2009-01

0 !LICENSE Licensed under CC BY 4.0 : see CAreadme.txt



0 BFC CERTIFY CCW



0 !HISTORY 1998-12-15 [PTadmin] Official Update 1998-10

0 !HISTORY 2002-04-08 [BrickCaster] Modified for BFC compliance

0 !HISTORY 2002-04-25 [PTadmin] Official Update 2002-02

0 !HISTORY 2007-06-24 [PTadmin] Header formatted for Contributor Agreement

0 !HISTORY 2008-07-01 [PTadmin] Official Update 2008-01

0 !HISTORY 2008-08-26 [cwdee] Switch polygon winding and rename

0 !HISTORY 2009-05-02 [PTadmin] Official Update 2009-01





4 16 -1.9135 0 4.6195 -1.5308 0 3.6956 0 0 4 0 0 5

4 16 -3.5355 0 3.5355 -2.8284 0 2.8284 -1.5308 0 3.6956 -1.9135 0 4.6195

4 16 -4.6195 0 1.9135 -3.6956 0 1.5308 -2.8284 0 2.8284 -3.5355 0 3.5355

4 16 -5 0 0 -4 0 0 -3.6956 0 1.5308 -4.6195 0 1.9135

4 16 -4.6195 0 -1.9135 -3.6956 0 -1.5308 -4 0 0 -5 0 0

4 16 -3.5355 0 -3.5355 -2.8284 0 -2.8284 -3.6956 0 -1.5308 -4.6195 0 -1.9135

4 16 -1.9135 0 -4.6195 -1.5308 0 -3.6956 -2.8284 0 -2.8284 -3.5355 0 -3.5355

4 16 0 0 -5 0 0 -4 -1.5308 0 -3.6956 -1.9135 0 -4.6195

4 16 1.9135 0 -4.6195 1.5308 0 -3.6956 0 0 -4 0 0 -5

4 16 3.5355 0 -3.5355 2.8284 0 -2.8284 1.5308 0 -3.6956 1.9135 0 -4.6195

4 16 4.6195 0 -1.9135 3.6956 0 -1.5308 2.8284 0 -2.8284 3.5355 0 -3.5355

4 16 5 0 0 4 0 0 3.6956 0 -1.5308 4.6195 0 -1.9135

4 16 4.6195 0 1.9135 3.6956 0 1.5308 4 0 0 5 0 0

4 16 3.5355 0 3.5355 2.8284 0 2.8284 3.6956 0 1.5308 4.6195 0 1.9135

4 16 1.9135 0 4.6195 1.5308 0 3.6956 2.8284 0 2.8284 3.5355 0 3.5355

4 16 0 0 5 0 0 4 1.5308 0 3.6956 1.9135 0 4.6195

0

0 NOFILE

0 FILE stud2a.dat
0 Stud Open without Base Edges

0 Name: stud2a.dat

0 Author: James Jessiman

0 !LDRAW_ORG Primitive UPDATE 2009-02

0 !LICENSE Licensed under CC BY 4.0 : see CAreadme.txt



0 BFC CERTIFY CCW



0 !HISTORY 1999-07-05 [PTadmin] Official Update 1999-05

0 !HISTORY 2002-04-04 [sbliss] Modified for BFC compliance

0 !HISTORY 2002-04-25 [PTadmin] Official Update 2002-02

0 !HISTORY 2007-06-24 [PTadmin] Header formatted for Contributor Agreement

0 !HISTORY 2008-07-01 [PTadmin] Official Update 2008-01

0 !HISTORY 2009-06-21 [cwdee] Update ring references to 4-4ring

0 !HISTORY 2009-09-03 [PTadmin] Official Update 2009-02





1 16 0 -4 0 4 0 0 0 1 0 0 0 4 4-4edge.dat

1 16 0 -4 0 6 0 0 0 1 0 0 0 6 4-4edge.dat

0 BFC INVERTNEXT

1 16 0 -4 0 4 0 0 0 4 0 0 0 4 4-4cyli.dat

1 16 0 -4 0 6 0 0 0 4 0 0 0 6 4-4cyli.dat

1 16 0 -4 0 2 0 0 0 1 0 0 0 2 4-4ring2.dat

0

0 NOFILE

0 FILE axlehol3.dat
0 Technic Axle Hole Tooth Outer Edges

0 Name: axlehol3.dat

0 Author: James Jessiman

0 !LDRAW_ORG Primitive UPDATE 2022-02

0 !LICENSE Licensed under CC BY 4.0 : see CAreadme.txt



0 BFC CERTIFY CCW



0 !HISTORY 2002-11-08 [OrionP] Adjusted fit and precision

0 !HISTORY 2003-03-12 [PTadmin] Official Update 2003-01

0 !HISTORY 2007-06-24 [PTadmin] Header formatted for Contributor Agreement

0 !HISTORY 2008-07-01 [PTadmin] Official Update 2008-01

0 !HISTORY 2021-12-24 [MagFors] rounded to four decimals

0 !HISTORY 2022-03-06 [PTadmin] Official Update 2022-02





1 16 0 0 0 5.54328 0 -2.2961 0 1 0 2.2961 0 5.54328 1-8edge.dat

2 24 5.6023 0 2 5.5433 0 2.2961

2 24 2.2961 0 5.5433 2 0 5.6023

1 16 0 0 0 2.2961 0 5.54328 0 1 0 -5.54328 0 2.2961 1-8edge.dat

2 24 2 0 -5.6023 2.2961 0 -5.5433

2 24 5.5433 0 -2.2961 5.6023 0 -2

1 16 0 0 0 -5.54328 0 2.2961 0 1 0 -2.2961 0 -5.54328 1-8edge.dat

2 24 -5.6023 0 -2 -5.5433 0 -2.2961

2 24 -2.2961 0 -5.5433 -2 0 -5.6023

1 16 0 0 0 -2.2961 0 -5.54328 0 1 0 5.54328 0 -2.2961 1-8edge.dat

2 24 -2 0 5.6023 -2.2961 0 5.5433

2 24 -5.5433 0 2.2961 -5.6023 0 2

0 NOFILE

0 FILE axlehol2.dat
0 Technic Axle Hole Side Edges

0 Name: axlehol2.dat

0 Author: James Jessiman

0 !LDRAW_ORG Primitive UPDATE 2022-02

0 !LICENSE Licensed under CC BY 4.0 : see CAreadme.txt



0 BFC CERTIFY CCW



0 !HISTORY 2002-11-08 [OrionP] Adjusted fit and precision

0 !HISTORY 2003-03-12 [PTadmin] Official Update 2003-01

0 !HISTORY 2007-06-24 [PTadmin] Header formatted for Contributor Agreement

0 !HISTORY 2008-07-01 [PTadmin] Official Update 2008-01

0 !HISTORY 2021-12-24 [MagFors] rounded to four decimals

0 !HISTORY 2022-03-06 [PTadmin] Official Update 2022-02





2 24 6 0 0 5.6023 0 2

2 24 2 0 5.6023 0 0 6

2 24 -6 0 0 -5.6023 0 2

2 24 -2 0 5.6023 0 0 6

2 24 6 0 0 5.6023 0 -2

2 24 2 0 -5.6023 0 0 -6

2 24 -6 0 0 -5.6023 0 -2

2 24 -2 0 -5.6023 0 0 -6

0 NOFILE

0 FILE axlehole.dat
0 Technic Axle Hole Closed

0 Name: axlehole.dat

0 Author: James Jessiman

0 !LDRAW_ORG Primitive UPDATE 2022-02

0 !LICENSE Licensed under CC BY 4.0 : see CAreadme.txt



0 BFC CERTIFY CCW



0 !HISTORY 2000-04-23 [sbliss] Added conditional edges along outermost diameters

0 !HISTORY 2000-05-07 [PTadmin] Official Update 2000-01

0 !HISTORY 2002-05-08 [OrionP] Made BFC compliant

0 !HISTORY 2002-08-18 [PTadmin] Official Update 2002-04

0 !HISTORY 2002-11-08 [OrionP] Adjusted fit and precision

0 !HISTORY 2003-03-12 [PTadmin] Official Update 2003-01

0 !HISTORY 2005-05-15 [guyvivan] Use 1-8chrd.dat primitive and made BFC'ed CCW

0 !HISTORY 2005-12-28 [PTadmin] Official Update 2005-01

0 !HISTORY 2007-06-24 [PTadmin] Header formatted for Contributor Agreement

0 !HISTORY 2008-07-01 [PTadmin] Official Update 2008-01

0 !HISTORY 2021-03-25 [Sirio] Added adapter rings and rounded to four decimals

0 !HISTORY 2021-12-20 [MagFors] Reshaped the hole

0 !HISTORY 2022-03-06 [PTadmin] Official Update 2022-02





1 16 0 0 0 1 0 0 0 1 0 0 0 1 axl5hol9.dat

1 16 0 1 0 1 0 0 0 1 0 0 0 1 axl5hol9.dat

1 16 0 0 0 1 0 0 0 1 0 0 0 1 axl5ho10.dat

1 16 0 1 0 1 0 0 0 -1 0 0 0 -1 axl5ho10.dat



1 16 0 0 0 1 0 0 0 1 0 0 0 1 axl5hol8.dat



0 // Adapter rings

1 16 0 0 0 6 0 0 0 1 0 0 0 6 1-16chrd.dat

1 16 0 0 0 0 0 6 0 1 0 6 0 0 1-16chrd.dat

1 16 0 0 0 0 0 -6 0 1 0 6 0 0 1-16chrd.dat

1 16 0 0 0 -6 0 0 0 1 0 0 0 6 1-16chrd.dat

1 16 0 0 0 -6 0 0 0 1 0 0 0 -6 1-16chrd.dat

1 16 0 0 0 0 0 -6 0 1 0 -6 0 0 1-16chrd.dat

1 16 0 0 0 0 0 6 0 1 0 -6 0 0 1-16chrd.dat

1 16 0 0 0 6 0 0 0 1 0 0 0 -6 1-16chrd.dat



1 16 0 1 0 6 0 0 0 -1 0 0 0 6 1-16chrd.dat

1 16 0 1 0 0 0 6 0 -1 0 6 0 0 1-16chrd.dat

1 16 0 1 0 0 0 -6 0 -1 0 6 0 0 1-16chrd.dat

1 16 0 1 0 -6 0 0 0 -1 0 0 0 6 1-16chrd.dat

1 16 0 1 0 -6 0 0 0 -1 0 0 0 -6 1-16chrd.dat

1 16 0 1 0 0 0 -6 0 -1 0 -6 0 0 1-16chrd.dat

1 16 0 1 0 0 0 6 0 -1 0 -6 0 0 1-16chrd.dat

1 16 0 1 0 6 0 0 0 -1 0 0 0 -6 1-16chrd.dat

0 NOFILE

0 FILE 1-16chrd.dat
0 Chord 0.0625

0 Name: 1-16chrd.dat

0 Author: Philippe Hurbain [Philo]

0 !LDRAW_ORG Primitive UPDATE 2015-01

0 !LICENSE Licensed under CC BY 4.0 : see CAreadme.txt



0 BFC CERTIFY CCW



0 !HISTORY 2015-10-11 [PTadmin] Official Update 2015-01





0 // This file is intentionally empty because at the current \P resolution,

0 // an 1-16chrd is actually empty. However, this file still is present

0 // to allow tools to do primitives substition and fill in a real chrd here,

0 // or, if desired, to substitute this with the hi-res 48\1-16chrd.



0 // This file is based on an idea by Darats at http://forums.ldraw.org/read.php?19,14500,14500#msg-14500



1 16 0 0 0 1 0 0 0 1 0 0 0 1 empty.dat
0 NOFILE

0 FILE empty.dat
0 Empty

0 Name: empty.dat

0 Author: Steffen [Steffen]

0 !LDRAW_ORG Primitive UPDATE 2025-08

0 !LICENSE Licensed under CC BY 4.0 : see CAreadme.txt



0 BFC CERTIFY CCW



0 !HISTORY 2015-10-11 [PTadmin] Official Update 2015-01

0 !HISTORY 2025-08-13 [OrionP] Fix comments

0 !HISTORY 2025-08-31 [OrionP] Official Update 2025-08



0 // Tool MLCad cannot handle really empty files. This file is used as a workaround.

0 // It exceptionally contains forbidden non-LDRAW standard syntax to satisfy MLCad

0 // until it is fixed OR a different editor has become the de-facto LDRAW standard.

0 // The line being used here is an "impossible" conditional line which never should be visible,

0 // additionally hidden by a syntax explicitly hiding it from displaying.



0 MLCAD HIDE 5 24 0 0 0 0.0001 0 0 0.0001 -0.0001 0 0 0 0
0 NOFILE

0 FILE axl5hol8.dat
0 Technic Axle Hole Rounded Perimeter

0 Name: axl5hol8.dat

0 Author: Magnus Forsberg [MagFors]

0 !LDRAW_ORG Primitive UPDATE 2022-01

0 !LICENSE Licensed under CC BY 4.0 : see CAreadme.txt



0 BFC CERTIFY CCW



0 !HISTORY 2022-01-14 [PTadmin] Official Update 2022-01





4 16 6 1 0 6 0 0 5.6023 0 2 5.6023 1 2

4 16 4 1 2 5.6023 1 2 5.6023 0 2 4 0 2

4 16 4 1 2 4 0 2 2.5 0 2.5 2.5 1 2.5

4 16 2.5 1 2.5 2.5 0 2.5 2 0 4 2 1 4

4 16 2 1 4 2 0 4 2 0 5.6023 2 1 5.6023

4 16 2 0 5.6023 0 0 6 0 1 6 2 1 5.6023

4 16 0 1 6 0 0 6 -2 0 5.6023 -2 1 5.6023

4 16 -2 1 4 -2 1 5.6023 -2 0 5.6023 -2 0 4

4 16 -2 1 4 -2 0 4 -2.5 0 2.5 -2.5 1 2.5

4 16 -2.5 1 2.5 -2.5 0 2.5 -4 0 2 -4 1 2

4 16 -4 1 2 -4 0 2 -5.6023 0 2 -5.6023 1 2

4 16 -5.6023 1 2 -5.6023 0 2 -6 0 0 -6 1 0

4 16 -6 1 0 -6 0 0 -5.6023 0 -2 -5.6023 1 -2

4 16 -5.6023 1 -2 -5.6023 0 -2 -4 0 -2 -4 1 -2

4 16 -4 1 -2 -4 0 -2 -2.5 0 -2.5 -2.5 1 -2.5

4 16 -2.5 1 -2.5 -2.5 0 -2.5 -2 0 -4 -2 1 -4

4 16 -2 1 -4 -2 0 -4 -2 0 -5.6023 -2 1 -5.6023

4 16 -2 0 -5.6023 0 0 -6 0 1 -6 -2 1 -5.6023

4 16 0 1 -6 0 0 -6 2 0 -5.6023 2 1 -5.6023

4 16 2 1 -5.6023 2 0 -5.6023 2 0 -4 2 1 -4

4 16 2 1 -4 2 0 -4 2.5 0 -2.5 2.5 1 -2.5

4 16 2.5 1 -2.5 2.5 0 -2.5 4 0 -2 4 1 -2

4 16 4 1 -2 4 0 -2 5.6023 0 -2 5.6023 1 -2

4 16 5.6023 1 -2 5.6023 0 -2 6 0 0 6 1 0



2 24 5.6023 1 2 5.6023 0 2

2 24 2 1 5.6023 2 0 5.6023

2 24 -2 1 5.6023 -2 0 5.6023

2 24 -5.6023 1 2 -5.6023 0 2

2 24 -5.6023 1 -2 -5.6023 0 -2

2 24 -2 1 -5.6023 -2 0 -5.6023

2 24 2 1 -5.6023 2 0 -5.6023

2 24 5.6023 1 -2 5.6023 0 -2



5 24 6 1 0 6 0 0 5.6023 1 2 5.6023 1 -2

5 24 4 1 2 4 0 2 5.6023 1 2 2.5 1 2.5

5 24 2.5 1 2.5 2.5 0 2.5 2 1 4 4 1 2

5 24 2 1 4 2 0 4 2.5 1 2.5 2 1 5.6023

5 24 0 1 6 0 0 6 2 1 5.6023 -2 1 5.6023

5 24 -2 1 4 -2 0 4 -2 1 5.6023 -2.5 1 2.5

5 24 -2.5 1 2.5 -2.5 0 2.5 -2 1 4 -4 1 2

5 24 -4 1 2 -4 0 2 -2.5 1 2.5 -5.6023 1 2

5 24 -6 1 0 -6 0 0 -5.6023 1 2 -5.6023 1 -2

5 24 -4 1 -2 -4 0 -2 -5.6023 1 -2 -2.5 1 -2.5

5 24 -2.5 1 -2.5 -2.5 0 -2.5 -4 1 -2 -2 1 -4

5 24 -2 1 -4 -2 0 -4 -2.5 1 -2.5 -2 1 -5.6023

5 24 0 1 -6 0 0 -6 -2 1 -5.6023 2 1 -5.6023

5 24 2 1 -4 2 0 -4 2 1 -5.6023 2.5 1 -2.5

5 24 2.5 1 -2.5 2.5 0 -2.5 4 1 -2 2 1 -4

5 24 4 1 -2 4 0 -2 5.6023 1 -2 2.5 1 -2.5

0 NOFILE

0 FILE axl5ho10.dat
0 Technic Axle Hole Rounded Tooth Surface

0 Name: axl5ho10.dat

0 Author: Magnus Forsberg [MagFors]

0 !LDRAW_ORG Primitive UPDATE 2022-01

0 !LICENSE Licensed under CC BY 4.0 : see CAreadme.txt



0 BFC CERTIFY CCW



0 !HISTORY 2022-01-14 [PTadmin] Official Update 2022-01





1 16 0 0 0 5.54328 0 -2.2961 0 1 0 2.2961 0 5.54328 1-8chrd.dat

1 16 0 0 0 -2.2961 0 -5.54328 0 1 0 5.54328 0 -2.2961 1-8chrd.dat

1 16 0 0 0 -5.54328 0 2.2961 0 1 0 -2.2961 0 -5.54328 1-8chrd.dat

1 16 0 0 0 2.2961 0 5.54328 0 1 0 -5.54328 0 2.2961 1-8chrd.dat

3 16 5.5433 0 2.2961 2.2961 0 5.5433 2.5 0 2.5

4 16 2.5 0 2.5 4 0 2 5.6023 0 2 5.5433 0 2.2961

4 16 2 0 4 2.5 0 2.5 2.2961 0 5.5433 2 0 5.6023

3 16 -2.5 0 2.5 -2.2961 0 5.5433 -5.5433 0 2.2961

4 16 -2.5 0 2.5 -2 0 4 -2 0 5.6023 -2.2961 0 5.5433

4 16 -5.6023 0 2 -4 0 2 -2.5 0 2.5 -5.5433 0 2.2961

4 16 -4 0 -2 -5.6023 0 -2 -5.5433 0 -2.2961 -2.5 0 -2.5

3 16 -5.5433 0 -2.2961 -2.2961 0 -5.5433 -2.5 0 -2.5

4 16 -2.2961 0 -5.5433 -2 0 -5.6023 -2 0 -4 -2.5 0 -2.5

3 16 2.2961 0 -5.5433 5.5433 0 -2.2961 2.5 0 -2.5

4 16 2 0 -5.6023 2.2961 0 -5.5433 2.5 0 -2.5 2 0 -4

4 16 4 0 -2 2.5 0 -2.5 5.5433 0 -2.2961 5.6023 0 -2

0 NOFILE

0 FILE 1-8chrd.dat
0 Chord 0.125

0 Name: 1-8chrd.dat

0 Author: Orion Pobursky [OrionP]

0 !LDRAW_ORG Primitive UPDATE 2023-05

0 !LICENSE Licensed under CC BY 4.0 : see CAreadme.txt



0 BFC CERTIFY CCW



0 !HISTORY 2004-04-22 [PTadmin] Official Update 2004-02

0 !HISTORY 2007-06-22 [PTadmin] Header formatted for Contributor Agreement

0 !HISTORY 2008-07-01 [PTadmin] Official Update 2008-01

0 !HISTORY 2023-10-27 [OrionP] Rebuilt with PrimGen2, original author westrate

0 !HISTORY 2023-10-31 [OrionP] Official Update 2023-05



3 16 1 0 0 0.9239 0 0.3827 0.7071 0 0.7071

0 NOFILE

0 FILE axl5hol9.dat
0 Technic Axle Hole Rounded Tooth Outer Edges

0 Name: axl5hol9.dat

0 Author: Magnus Forsberg [MagFors]

0 !LDRAW_ORG Primitive UPDATE 2022-01

0 !LICENSE Licensed under CC BY 4.0 : see CAreadme.txt



0 BFC CERTIFY CCW



0 !HISTORY 2022-01-14 [PTadmin] Official Update 2022-01





2 24 5.6023 0 2 4 0 2

2 24 4 0 2 2.5 0 2.5

2 24 2.5 0 2.5 2 0 4

2 24 2 0 4 2 0 5.6023

2 24 -2 0 5.6023 -2 0 4

2 24 -2 0 4 -2.5 0 2.5

2 24 -2.5 0 2.5 -4 0 2

2 24 -4 0 2 -5.6023 0 2

2 24 -5.6023 0 -2 -4 0 -2

2 24 -4 0 -2 -2.5 0 -2.5

2 24 -2.5 0 -2.5 -2 0 -4

2 24 -2 0 -4 -2 0 -5.6023

2 24 2 0 -5.6023 2 0 -4

2 24 2 0 -4 2.5 0 -2.5

2 24 2.5 0 -2.5 4 0 -2

2 24 4 0 -2 5.6023 0 -2

0 NOFILE

0 FILE 3070b.dat
0 Tile  1 x  1 with Groove

0 Name: 3070b.dat

0 Author: Chris Dee [cwdee]

0 !LDRAW_ORG Part UPDATE 2025-09

0 !LICENSE Licensed under CC BY 4.0 : see CAreadme.txt



0 BFC CERTIFY CCW



0 !KEYWORDS BrickLink 3070



0 !HISTORY 2009-09-03 [PTadmin] Official Update 2009-02

0 !HISTORY 2025-09-27 [OrionP] Changed winding to CCW

0 !HISTORY 2025-09-29 [OrionP] Official Update 2025-09



1 16 0 0 0 1 0 0 0 1 0 0 0 1 s__3070bs01.dat

4 16 -10 0 10 -10 0 -10 10 0 -10 10 0 10

0
0 NOFILE

0 FILE s__3070bs01.dat
0 ~Tile  1 x  1 with Groove without Top Face

0 Name: s\3070bs01.dat

0 Author: Chris Dee [cwdee]

0 !LDRAW_ORG Subpart UPDATE 2009-02

0 !LICENSE Licensed under CC BY 4.0 : see CAreadme.txt



0 BFC CERTIFY CCW



0 !HISTORY 2009-09-03 [PTadmin] Official Update 2009-02





1 16 0 0 0 10 0 0 0 7 0 0 0 10 box4.dat

0 BFC INVERTNEXT

1 16 0 8 0 6 0 0 0 -4 0 0 0 6 box5.dat

1 16 0 7 0 9 0 0 0 1 0 0 0 9 box4.dat



4 16 9 8 9 6 8 6 -6 8 6 -9 8 9

4 16 -9 8 9 -6 8 6 -6 8 -6 -9 8 -9

4 16 -9 8 -9 -6 8 -6 6 8 -6 9 8 -9

4 16 9 8 -9 6 8 -6 6 8 6 9 8 9



4 16 10 7 10 9 7 9 -9 7 9 -10 7 10

4 16 -10 7 10 -9 7 9 -9 7 -9 -10 7 -10

4 16 -10 7 -10 -9 7 -9 9 7 -9 10 7 -10

4 16 10 7 -10 9 7 -9 9 7 9 10 7 10

0

0 NOFILE

0 FILE box5.dat
0 Box with 5 Faces and All Edges

0 Name: box5.dat

0 Author: James Jessiman

0 !LDRAW_ORG Primitive UPDATE 2012-01

0 !LICENSE Licensed under CC BY 4.0 : see CAreadme.txt



0 BFC CERTIFY CCW



0 !HISTORY 2002-04-03 [sbliss] Modified for BFC compliance

0 !HISTORY 2002-04-25 [PTadmin] Official Update 2002-02

0 !HISTORY 2007-06-24 [PTadmin] Header formatted for Contributor Agreement

0 !HISTORY 2008-07-01 [PTadmin] Official Update 2008-01

0 !HISTORY 2012-02-16 [Philo] Changed to CCW

0 !HISTORY 2012-03-30 [PTadmin] Official Update 2012-01





2 24 1 1 1 -1 1 1

2 24 -1 1 1 -1 1 -1

2 24 -1 1 -1 1 1 -1

2 24 1 1 -1 1 1 1

2 24 1 0 1 -1 0 1

2 24 -1 0 1 -1 0 -1

2 24 -1 0 -1 1 0 -1

2 24 1 0 -1 1 0 1

2 24 1 0 1 1 1 1

2 24 -1 0 1 -1 1 1

2 24 1 0 -1 1 1 -1

2 24 -1 0 -1 -1 1 -1

4 16 -1 1 1 1 1 1 1 1 -1 -1 1 -1

4 16 -1 1 1 -1 0 1 1 0 1 1 1 1

4 16 -1 1 -1 -1 0 -1 -1 0 1 -1 1 1

4 16 1 1 -1 1 0 -1 -1 0 -1 -1 1 -1

4 16 1 1 1 1 0 1 1 0 -1 1 1 -1

0 NOFILE

0 FILE box4.dat
0 Box with 4 Faces (2 Parallel Pairs) and All Edges

0 Name: box4.dat

0 Author: James Jessiman

0 !LDRAW_ORG Primitive UPDATE 2012-01

0 !LICENSE Licensed under CC BY 4.0 : see CAreadme.txt



0 BFC CERTIFY CCW



0 !HISTORY 2002-04-03 [sbliss] Modified for BFC compliance

0 !HISTORY 2002-04-25 [PTadmin] Official Update 2002-02

0 !HISTORY 2007-06-24 [PTadmin] Header formatted for Contributor Agreement

0 !HISTORY 2008-07-01 [PTadmin] Official Update 2008-01

0 !HISTORY 2012-02-16 [Philo] Changed to CCW

0 !HISTORY 2012-03-30 [PTadmin] Official Update 2012-01





2 24 1 1 1 -1 1 1

2 24 -1 1 1 -1 1 -1

2 24 -1 1 -1 1 1 -1

2 24 1 1 -1 1 1 1

2 24 1 0 1 -1 0 1

2 24 -1 0 1 -1 0 -1

2 24 -1 0 -1 1 0 -1

2 24 1 0 -1 1 0 1

2 24 1 0 1 1 1 1

2 24 -1 0 1 -1 1 1

2 24 1 0 -1 1 1 -1

2 24 -1 0 -1 -1 1 -1

4 16 -1 1 1 -1 0 1 1 0 1 1 1 1

4 16 -1 1 -1 -1 0 -1 -1 0 1 -1 1 1

4 16 1 1 -1 1 0 -1 -1 0 -1 -1 1 -1

4 16 1 1 1 1 0 1 1 0 -1 1 1 -1

0 NOFILE

0 FILE 11212.dat
0 Plate  3 x  3

0 Name: 11212.dat

0 Author: Rolf Osterthun [Rolf]

0 !LDRAW_ORG Part UPDATE 2012-03

0 !LICENSE Licensed under CC BY 4.0 : see CAreadme.txt



0 BFC CERTIFY CCW



0 !HISTORY 2012-09-19 [Rolf] Creation

0 !HISTORY 2012-12-28 [PTadmin] Official Update 2012-03





1 16 0 4 0 1 0 0 0 -1 0 0 0 1 stug4-2x2.dat

1 16 0 8 0 30 0 0 0 -8 0 0 0 30 box5.dat

0 BFC INVERTNEXT

1 16 0 8 0 26 0 0 0 -4 0 0 0 26 box5.dat

1 16 0 0 0 1 0 0 0 1 0 0 0 1 stug-3x3.dat



4 16 30 8 30 26 8 26 -26 8 26 -30 8 30

4 16 -30 8 -30 -26 8 -26 26 8 -26 30 8 -30

4 16 30 8 -30 26 8 -26 26 8 26 30 8 30

4 16 -30 8 30 -26 8 26 -26 8 -26 -30 8 -30

0 NOFILE

0 FILE stug-3x3.dat
0 Stud Group  3 x  3

0 Name: stug-3x3.dat

0 Author: Steve Bliss [sbliss]

0 !LDRAW_ORG Primitive UPDATE 2011-01

0 !LICENSE Licensed under CC BY 4.0 : see CAreadme.txt



0 BFC CERTIFY CCW



0 !HISTORY 2005-12-28 [PTadmin] Official Update 2005-01

0 !HISTORY 2007-05-04 [PTadmin] Header formatted for Contributor Agreement

0 !HISTORY 2008-07-01 [PTadmin] Official Update 2008-01

0 !HISTORY 2011-07-01 [PTadmin] Renamed from stug3

0 !HISTORY 2011-07-25 [PTadmin] Official Update 2011-01





1 16 -20 0 -20 1 0 0 0 1 0 0 0 1 stud.dat

1 16 -20 0 0 1 0 0 0 1 0 0 0 1 stud.dat

1 16 -20 0 20 1 0 0 0 1 0 0 0 1 stud.dat

1 16 0 0 -20 1 0 0 0 1 0 0 0 1 stud.dat

1 16 0 0 0 1 0 0 0 1 0 0 0 1 stud.dat

1 16 0 0 20 1 0 0 0 1 0 0 0 1 stud.dat

1 16 20 0 -20 1 0 0 0 1 0 0 0 1 stud.dat

1 16 20 0 0 1 0 0 0 1 0 0 0 1 stud.dat

1 16 20 0 20 1 0 0 0 1 0 0 0 1 stud.dat

0

0 NOFILE

0 FILE stud.dat
0 Stud

0 Name: stud.dat

0 Author: James Jessiman

0 !LDRAW_ORG Primitive UPDATE 2012-01

0 !LICENSE Licensed under CC BY 4.0 : see CAreadme.txt



0 BFC CERTIFY CCW



0 !HISTORY 2002-04-04 [sbliss] Modified for BFC compliance

0 !HISTORY 2002-04-25 [PTadmin] Official Update 2002-02

0 !HISTORY 2007-06-24 [PTadmin] Header formatted for Contributor Agreement

0 !HISTORY 2008-07-01 [PTadmin] Official Update 2008-01

0 !HISTORY 2012-02-16 [Philo] Changed to CCW

0 !HISTORY 2012-03-30 [PTadmin] Official Update 2012-01





1 16 0 0 0 6 0 0 0 1 0 0 0 6 4-4edge.dat

1 16 0 -4 0 6 0 0 0 1 0 0 0 6 4-4edge.dat

1 16 0 0 0 6 0 0 0 -4 0 0 0 6 4-4cyli.dat

1 16 0 -4 0 6 0 0 0 1 0 0 0 6 4-4disc.dat

0 NOFILE

0 FILE 4-4disc.dat
0 Disc 1.0

0 Name: 4-4disc.dat

0 Author: James Jessiman

0 !LDRAW_ORG Primitive UPDATE 2002-02

0 !LICENSE Licensed under CC BY 4.0 : see CAreadme.txt



0 BFC CERTIFY CCW



0 !HISTORY 1998-12-15 [PTadmin] Official Update 1998-10

0 !HISTORY 2002-03-23 [sbliss] Added BFC statement

0 !HISTORY 2002-04-25 [PTadmin] Official Update 2002-02

0 !HISTORY 2007-06-24 [PTadmin] Header formatted for Contributor Agreement

0 !HISTORY 2008-07-01 [PTadmin] Official Update 2008-01





3 16 0 0 0 1 0 0 0.9239 0 0.3827

3 16 0 0 0 0.9239 0 0.3827 0.7071 0 0.7071

3 16 0 0 0 0.7071 0 0.7071 0.3827 0 0.9239

3 16 0 0 0 0.3827 0 0.9239 0 0 1

3 16 0 0 0 0 0 1 -0.3827 0 0.9239

3 16 0 0 0 -0.3827 0 0.9239 -0.7071 0 0.7071

3 16 0 0 0 -0.7071 0 0.7071 -0.9239 0 0.3827

3 16 0 0 0 -0.9239 0 0.3827 -1 0 -0

3 16 0 0 0 -1 0 -0 -0.9239 0 -0.3827

3 16 0 0 0 -0.9239 0 -0.3827 -0.7071 0 -0.7071

3 16 0 0 0 -0.7071 0 -0.7071 -0.3827 0 -0.9239

3 16 0 0 0 -0.3827 0 -0.9239 0 0 -1

3 16 0 0 0 0 0 -1 0.3827 0 -0.9239

3 16 0 0 0 0.3827 0 -0.9239 0.7071 0 -0.7071

3 16 0 0 0 0.7071 0 -0.7071 0.9239 0 -0.3827

3 16 0 0 0 0.9239 0 -0.3827 1 0 0

0

0 NOFILE

0 FILE stug4-2x2.dat
0 Stud Tube Open Group  2 x  2

0 Name: stug4-2x2.dat

0 Author: Steffen [Steffen]

0 !LDRAW_ORG Primitive UPDATE 2011-01

0 !LICENSE Licensed under CC BY 4.0 : see CAreadme.txt



0 BFC CERTIFY CCW



0 !HISTORY 2011-07-25 [PTadmin] Official Update 2011-01





1 16 -10 0 -10 1 0 0 0 1 0 0 0 1 stud4.dat

1 16 10 0 -10 1 0 0 0 1 0 0 0 1 stud4.dat

1 16 -10 0 10 1 0 0 0 1 0 0 0 1 stud4.dat

1 16 10 0 10 1 0 0 0 1 0 0 0 1 stud4.dat

0 NOFILE

0 FILE stud4.dat
0 Stud Tube Open

0 Name: stud4.dat

0 Author: James Jessiman

0 !LDRAW_ORG Primitive UPDATE 2009-02

0 !LICENSE Licensed under CC BY 4.0 : see CAreadme.txt



0 BFC CERTIFY CCW



0 !HISTORY 1999-07-05 [PTadmin] Official Update 1999-05

0 !HISTORY 2002-04-04 [sbliss] Modified for BFC compliance

0 !HISTORY 2002-04-25 [PTadmin] Official Update 2002-02

0 !HISTORY 2007-06-24 [PTadmin] Header formatted for Contributor Agreement

0 !HISTORY 2008-07-01 [PTadmin] Official Update 2008-01

0 !HISTORY 2009-06-21 [cwdee] Update ring references to 4-4ring

0 !HISTORY 2009-09-03 [PTadmin] Official Update 2009-02





1 16 0 -4 0 6 0 0 0 1 0 0 0 6 4-4edge.dat

1 16 0 -4 0 8 0 0 0 1 0 0 0 8 4-4edge.dat

1 16 0 0 0 6 0 0 0 1 0 0 0 6 4-4edge.dat

1 16 0 0 0 8 0 0 0 1 0 0 0 8 4-4edge.dat

0 BFC INVERTNEXT

1 16 0 -4 0 6 0 0 0 4 0 0 0 6 4-4cyli.dat

1 16 0 -4 0 8 0 0 0 4 0 0 0 8 4-4cyli.dat

1 16 0 -4 0 2 0 0 0 1 0 0 0 2 4-4ring3.dat

0

0 NOFILE

0 FILE 85984.dat
0 Slope Brick 31  1 x  2 x  0.667

0 Name: 85984.dat

0 Author: Magnus Forsberg [MagFors]

0 !LDRAW_ORG Part UPDATE 2020-02

0 !LICENSE Licensed under CC BY 4.0 : see CAreadme.txt



0 BFC CERTIFY CCW



0 !HISTORY 2010-04-05 [PTadmin] Official Update 2010-01

0 !HISTORY 2014-11-21 [roland] Auto-corrected with libfix version of LDCad 1.4

0 !HISTORY 2015-10-11 [PTadmin] Official Update 2015-01

0 !HISTORY 2016-11-03 [MagFors] Made subfile

0 !HISTORY 2016-12-31 [PTadmin] Official Update 2016-01

0 !HISTORY 2019-06-06 [Philo] Rounded corners and flattened top.

0 !HISTORY 2020-09-05 [PTadmin] Official Update 2020-02





1 16 0 0 0 1 0 0 0 1 0 0 0 1 s__85984s01.dat

3 16 19.41 -15.01 8.35 18 -15.6 9.3333 20 -13.6 6

3 16 -18 -15.6 9.3333 -19.41 -15.01 8.35 -20 -13.6 6

4 16 -18 -15.6 9.3333 -20 -13.6 6 20 -13.6 6 18 -15.6 9.3333

4 16 -20 -4 -10 20 -4 -10 20 -13.6 6 -20 -13.6 6

0 NOFILE

0 FILE s__85984s01.dat
0 ~Slope Brick 31  1 x  2 x  0.667 without Top Surface

0 Name: s\85984s01.dat

0 Author: Magnus Forsberg [MagFors]

0 !LDRAW_ORG Subpart UPDATE 2020-02

0 !LICENSE Licensed under CC BY 4.0 : see CAreadme.txt



0 BFC CERTIFY CCW



0 !HISTORY 2016-12-31 [PTadmin] Official Update 2016-01

0 !HISTORY 2019-06-06 [Philo] Rounded corners and flattened top.

0 !HISTORY 2020-09-05 [PTadmin] Official Update 2020-02





2 24 -13.109 -4 -5 -12.296 -4 -5.543

2 24 -12.296 -4 -5.543 -10 -4 -6

2 24 -7.704 -4 -5.543 -10 -4 -6

2 24 -6.891 -4 -5 -7.704 -4 -5.543

2 24 -13.109 -4 -5 -12.296 -3.674 -5.543

2 24 -12.296 -3.674 -5.543 -10 -3.4 -6

2 24 -7.704 -3.674 -5.543 -10 -3.4 -6

2 24 -6.891 -4 -5 -7.704 -3.674 -5.543

2 24 -13.109 -4 -5 -6.891 -4 -5

3 16 -12.296 -3.674 -5.543 -13.109 -4 -5 -12.296 -4 -5.543

4 16 -12.296 -4 -5.543 -10 -4 -6 -10 -3.4 -6 -12.296 -3.674 -5.543

5 24 -10 -4 -6 -10 -3.4 -6 -12.296 -4 -5.543 -7.704 -4 -5.543

5 24 -12.296 -4 -5.543 -12.296 -3.674 -5.543 -13.109 -4 -5 -10 -4 -6

5 24 -7.704 -4 -5.543 -7.704 -3.674 -5.543 -10 -4 -6 -6.891 -4 -5

4 16 -10 -4 -6 -7.704 -4 -5.543 -7.704 -3.674 -5.543 -10 -3.4 -6

3 16 -7.704 -4 -5.543 -6.891 -4 -5 -7.704 -3.674 -5.543

4 16 -12.296 -4 -5.543 -13.109 -4 -5 -6.891 -4 -5 -7.704 -4 -5.543

3 16 -12.296 -4 -5.543 -7.704 -4 -5.543 -10 -4 -6

2 24 6.891 -4 -5 7.704 -4 -5.543

2 24 7.704 -4 -5.543 10 -4 -6

2 24 12.296 -4 -5.543 10 -4 -6

2 24 13.109 -4 -5 12.296 -4 -5.543

2 24 6.891 -4 -5 7.704 -3.674 -5.543

2 24 7.704 -3.674 -5.543 10 -3.4 -6

2 24 12.296 -3.674 -5.543 10 -3.4 -6

2 24 13.109 -4 -5 12.296 -3.674 -5.543

2 24 6.891 -4 -5 13.109 -4 -5

3 16 7.704 -3.674 -5.543 6.891 -4 -5 7.704 -4 -5.543

4 16 7.704 -4 -5.543 10 -4 -6 10 -3.4 -6 7.704 -3.674 -5.543

5 24 10 -4 -6 10 -3.4 -6 7.704 -4 -5.543 12.296 -4 -5.543

5 24 7.704 -4 -5.543 7.704 -3.674 -5.543 6.891 -4 -5 10 -4 -6

5 24 12.296 -4 -5.543 12.296 -3.674 -5.543 10 -4 -6 13.109 -4 -5

4 16 10 -4 -6 12.296 -4 -5.543 12.296 -3.674 -5.543 10 -3.4 -6

3 16 12.296 -4 -5.543 13.109 -4 -5 12.296 -3.674 -5.543

4 16 7.704 -4 -5.543 6.891 -4 -5 13.109 -4 -5 12.296 -4 -5.543

3 16 10 -4 -6 7.704 -4 -5.543 12.296 -4 -5.543

3 16 -13.109 -4 -5 -12.296 -3.674 -5.543 -16 -3.4 -6

3 16 -10 -3.4 -6 -16 -3.4 -6 -12.296 -3.674 -5.543

4 16 6.891 -4 -5 7.704 -3.674 -5.543 -7.704 -3.674 -5.543 -6.891 -4 -5

4 16 7.704 -3.674 -5.543 10 -3.4 -6 -10 -3.4 -6 -7.704 -3.674 -5.543

3 16 12.296 -3.674 -5.543 16 -3.4 -6 10 -3.4 -6

3 16 13.109 -4 -5 16 -3.4 -6 12.296 -3.674 -5.543

3 16 -13.109 -4 -5 -16 -3.4 -6 -16 -10.6 6

3 16 -6.891 -4 -5 -13.109 -4 -5 -16 -10.6 6

4 16 16 -10.6 6 6.891 -4 -5 -6.891 -4 -5 -16 -10.6 6

3 16 16 -10.6 6 16 -3.4 -6 13.109 -4 -5

3 16 16 -10.6 6 13.109 -4 -5 6.891 -4 -5

2 24 16 0 -6 16 0 6

2 24 -16 0 -6 -16 0 6

2 24 16 -3.4 -6 16 -10.6 6

2 24 -16 -3.4 -6 -16 -10.6 6

1 16 0 -5.3 6 -16 0 0 0 0 5.3 0 1 0 rect.dat

1 16 0 -1.7 -6 0 0 -16 1.7 0 0 0 -1 0 rect.dat

4 16 16 -10.6 6 16 0 6 16 0 -6 16 -3.4 -6

4 16 -16 -10.6 6 -16 -3.4 -6 -16 0 -6 -16 0 6

1 16 0 -1 0 0 0 19 0 1 0 -9 0 0 box4.dat

4 16 16 0 -6 16 0 6 19 0 9 19 0 -9

4 16 -16 0 6 -16 0 -6 -19 0 -9 -19 0 9

4 16 -16 0 -6 16 0 -6 19 0 -9 -19 0 -9

4 16 16 0 6 -16 0 6 -19 0 9 19 0 9

4 16 -20 -1 -10 -19 -1 -9 19 -1 -9 20 -1 -10

1 16 0 -2.5 -10 -20 0 0 0 0 1.5 0 1 0 rect.dat

1 16 0 -7 0 0 0 -4 2.4 -1 0 -4 0 0 4-4edge.dat

1 16 0 -4.6 0 0 0 -4 0 -2.4 0 -4 0 0 4-4cyls.dat

1 16 0 -4.6 0 1 0 0 0 -1.15 0 0 0 1 stud3a.dat

2 24 20 -1 10 20 -1 -10

2 24 -20 -1 10 -20 -1 -10

2 24 19.41 -15.01 8.35 20 -13.6 6

2 24 19.41 -15.01 10 20 -13.6 10

2 24 18 -15.6 9.3333 19.41 -15.01 8.35

2 24 19.41 -15.01 10 18 -15.6 10

2 24 -19.41 -15.01 8.35 -20 -13.6 6

2 24 -19.41 -15.01 10 -20 -13.6 10

2 24 -18 -15.6 9.3333 -19.41 -15.01 8.35

2 24 -19.41 -15.01 10 -18 -15.6 10

4 16 18 -15.6 10 18 -15.6 9.3333 19.41 -15.01 8.35 19.41 -15.01 10

4 16 19.41 -15.01 10 19.41 -15.01 8.35 20 -13.6 6 20 -13.6 10

4 16 20 -1 10 20 -13.6 10 20 -13.6 6 20 -4 -10

3 16 20 -4 -10 20 -1 -10 20 -1 10

3 16 18 -15.6 10 19.41 -15.01 10 20 -13.6 10

4 16 -19.41 -15.01 8.35 -18 -15.6 9.3333 -18 -15.6 10 -19.41 -15.01 10

4 16 -20 -13.6 6 -19.41 -15.01 8.35 -19.41 -15.01 10 -20 -13.6 10

4 16 -20 -13.6 6 -20 -13.6 10 -20 -1 10 -20 -4 -10

3 16 -20 -1 -10 -20 -4 -10 -20 -1 10

3 16 -19.41 -15.01 10 -18 -15.6 10 -20 -13.6 10

2 24 -18 -15.6 10 18 -15.6 10

2 24 -18 -15.6 9.3333 18 -15.6 9.3333

4 16 -18 -15.6 10 -18 -15.6 9.3333 18 -15.6 9.3333 18 -15.6 10

2 24 -20 -13.6 6 -20 -4 -10

2 24 20 -4 -10 20 -13.6 6

4 16 -20 -13.6 10 -18 -15.6 10 18 -15.6 10 20 -13.6 10

1 16 0 -7.3 10 20 0 0 0 0 6.3 0 -1 0 rect3.dat

5 24 -19.41 -15.01 10 -19.41 -15.01 8.35 -18 -15.6 9.3333 -20 -13.6 10

5 24 19.41 -15.01 8.35 19.41 -15.01 10 18 -15.6 10 20 -13.6 6

5 24 -20 -13.6 6 -20 -13.6 10 -19.41 -15.01 8.35 -20 -1 10

5 24 20 -13.6 10 20 -13.6 6 19.41 -15.01 10 20 -4 -10

5 24 18 -15.6 9.3333 18 -15.6 10 19.41 -15.01 8.35 -18 -15.6 10

5 24 -18 -15.6 9.3333 -18 -15.6 10 -19.41 -15.01 10 18 -15.6 9.3333

4 16 19 -1 -9 19 -1 9 20 -1 10 20 -1 -10

4 16 -20 -1 10 20 -1 10 19 -1 9 -19 -1 9

4 16 -20 -1 -10 -20 -1 10 -19 -1 9 -19 -1 -9

0 NOFILE

0 FILE rect3.dat
0 Rectangle with 3 Edges

0 Name: rect3.dat

0 Author: Mark Kennedy [mkennedy]

0 !LDRAW_ORG Primitive UPDATE 2010-01

0 !LICENSE Licensed under CC BY 4.0 : see CAreadme.txt



0 BFC CERTIFY CCW



0 !HISTORY 2003-08-01 [PTadmin] Official Update 2003-02

0 !HISTORY 2007-06-24 [PTadmin] Header formatted for Contributor Agreement

0 !HISTORY 2008-07-01 [PTadmin] Official Update 2008-01

0 !HISTORY 2010-01-17 [mikeheide] Change winding to CCW

0 !HISTORY 2010-04-05 [PTadmin] Official Update 2010-01





2 24 1 0 1 -1 0 1

2 24 1 0 1 1 0 -1

2 24 -1 0 1 -1 0 -1

4 16 -1 0 1 -1 0 -1 1 0 -1 1 0 1

0 //

0 NOFILE

0 FILE stud3a.dat
0 Stud Tube Solid without Base Edges

0 Name: stud3a.dat

0 Author: James Jessiman

0 !LDRAW_ORG Primitive UPDATE 2003-02

0 !LICENSE Licensed under CC BY 4.0 : see CAreadme.txt



0 BFC CERTIFY CCW



0 !HISTORY 2002-08-31 [izanette] Modified with WINDZ for BFC compliance

0 !HISTORY 2003-08-01 [PTadmin] Official Update 2003-02

0 !HISTORY 2007-06-24 [PTadmin] Header formatted for Contributor Agreement

0 !HISTORY 2008-07-01 [PTadmin] Official Update 2008-01





1 16 0 -4 0 4 0 0 0 1 0 0 0 4 4-4edge.dat

1 16 0 -4 0 4 0 0 0 1 0 0 0 4 4-4disc.dat

1 16 0 -4 0 4 0 0 0 4 0 0 0 4 4-4cyli.dat

0



0 NOFILE

0 FILE 4-4cyls.dat
0 Cylinder Sloped 1.0

0 Name: 4-4cyls.dat

0 Author: Donald Sutter [technog]

0 !LDRAW_ORG Primitive UPDATE 2012-01

0 !LICENSE Licensed under CC BY 4.0 : see CAreadme.txt



0 BFC CERTIFY CCW



0 !HISTORY 2003-08-01 [PTadmin] Official Update 2003-02

0 !HISTORY 2007-06-24 [PTadmin] Header formatted for Contributor Agreement

0 !HISTORY 2008-07-01 [PTadmin] Official Update 2008-01

0 !HISTORY 2012-02-16 [Philo] Changed to CCW

0 !HISTORY 2012-03-30 [PTadmin] Official Update 2012-01





3 16 0.9239 0.0761 0.3827 0.9239 0 0.3827 1 0 0

5 24 0.9239 0 0.3827 0.9239 0.0761 0.3827 0.7071 0 0.7071 1 0 0

4 16 0.9239 0.0761 0.3827 0.7071 0.2929 0.7071 0.7071 0 0.7071 0.9239 0 0.3827

5 24 0.7071 0 0.7071 0.7071 0.2929 0.7071 0.3827 0 0.9239 0.9239 0 0.3827

4 16 0.7071 0.2929 0.7071 0.3827 0.6173 0.9239 0.3827 0 0.9239 0.7071 0 0.7071

5 24 0.3827 0 0.9239 0.3827 0.6173 0.9239 0 0 1 0.7071 0 0.7071

4 16 0.3827 0.6173 0.9239 0 1 1 0 0 1 0.3827 0 0.9239

5 24 0 0 1 0 1 1 -0.3827 0 0.9239 0.3827 0 0.9239

4 16 0 1 1 -0.3827 1.3827 0.9239 -0.3827 0 0.9239 0 0 1

5 24 -0.3827 0 0.9239 -0.3827 1.3827 0.9239 -0.7071 0 0.7071 0 0 1

4 16 -0.3827 1.3827 0.9239 -0.7071 1.7071 0.7071 -0.7071 0 0.7071 -0.3827 0 0.9239

5 24 -0.7071 0 0.7071 -0.7071 1.7071 0.7071 -0.9239 0 0.3827 -0.3827 0 0.9239

4 16 -0.7071 1.7071 0.7071 -0.9239 1.9239 0.3827 -0.9239 0 0.3827 -0.7071 0 0.7071

5 24 -0.9239 0 0.3827 -0.9239 1.9239 0.3827 -1 0 0 -0.7071 0 0.7071

4 16 -0.9239 1.9239 0.3827 -1 2 0 -1 0 0 -0.9239 0 0.3827

5 24 -1 0 0 -1 2 0 -0.9239 0 -0.3827 -0.9239 0 0.3827

4 16 -1 2 0 -0.9239 1.9239 -0.3827 -0.9239 0 -0.3827 -1 0 0

5 24 -0.9239 0 -0.3827 -0.9239 1.9239 -0.3827 -1 0 0 -0.7071 0 -0.7071

4 16 -0.9239 1.9239 -0.3827 -0.7071 1.7071 -0.7071 -0.7071 0 -0.7071 -0.9239 0 -0.3827

5 24 -0.7071 0 -0.7071 -0.7071 1.7071 -0.7071 -0.9239 0 -0.3827 -0.3827 0 -0.9239

4 16 -0.7071 1.7071 -0.7071 -0.3827 1.3827 -0.9239 -0.3827 0 -0.9239 -0.7071 0 -0.7071

5 24 -0.3827 0 -0.9239 -0.3827 1.3827 -0.9239 -0.7071 0 -0.7071 0 0 -1

4 16 -0.3827 1.3827 -0.9239 0 1 -1 0 0 -1 -0.3827 0 -0.9239

5 24 0 0 -1 0 1 -1 -0.3827 0 -0.9239 0.3827 0 -0.9239

4 16 0 1 -1 0.3827 0.6173 -0.9239 0.3827 0 -0.9239 0 0 -1

5 24 0.3827 0 -0.9239 0.3827 0.6173 -0.9239 0 0 -1 0.7071 0 -0.7071

4 16 0.3827 0.6173 -0.9239 0.7071 0.2929 -0.7071 0.7071 0 -0.7071 0.3827 0 -0.9239

5 24 0.7071 0 -0.7071 0.7071 0.2929 -0.7071 0.3827 0 -0.9239 0.9239 0 -0.3827

4 16 0.7071 0.2929 -0.7071 0.9239 0.0761 -0.3827 0.9239 0 -0.3827 0.7071 0 -0.7071

5 24 0.9239 0 -0.3827 0.9239 0.0761 -0.3827 0.7071 0 -0.7071 1 0 0

3 16 0.9239 0 -0.3827 0.9239 0.0761 -0.3827 1 0 0

0 NOFILE

0 FILE rect.dat
0 Rectangle

0 Name: rect.dat

0 Author: James Jessiman

0 !LDRAW_ORG Primitive UPDATE 2010-01

0 !LICENSE Licensed under CC BY 4.0 : see CAreadme.txt



0 BFC CERTIFY CCW



0 !HISTORY 2002-04-05 [hafhead] Added BFC statement

0 !HISTORY 2002-04-25 [PTadmin] Official Update 2002-02

0 !HISTORY 2007-06-24 [PTadmin] Header formatted for Contributor Agreement

0 !HISTORY 2008-07-01 [PTadmin] Official Update 2008-01

0 !HISTORY 2010-01-17 [mikeheide] changed winding to CCW

0 !HISTORY 2010-04-05 [PTadmin] Official Update 2010-01





2 24 1 0 1 -1 0 1

2 24 -1 0 1 -1 0 -1

2 24 -1 0 -1 1 0 -1

2 24 1 0 -1 1 0 1

4 16 -1 0 1 -1 0 -1 1 0 -1 1 0 1

0

0 NOFILE

0 FILE 20401.dat
0 Decoration Ball 11.3

0 Name: 20401.dat

0 Author: Magnus Forsberg [MagFors]

0 !LDRAW_ORG Part UPDATE 2024-02

0 !LICENSE Licensed under CC BY 4.0 : see CAreadme.txt



0 BFC CERTIFY CCW



0 !CATEGORY Sphere



0 !HISTORY 2018-12-08 [PTadmin] Official Update 2018-02

0 !HISTORY 2024-03-23 [OrionP] Updated ring primitives

0 !HISTORY 2024-03-24 [OrionP] Official Update 2024-02



1 16 0 -4 0 1 0 0 0 -1 0 0 0 1 stud4od.dat

1 16 0 -4 0 0.5 0 0 0 -1 0 0 0 -0.5 4-4ring11.dat

1 16 0 -4 0 5.5 0 0 0 1 0 0 0 5.5 4-4edge.dat

0 BFC INVERTNEXT

1 16 0 -11 0 5.5 0 0 0 7 0 0 0 5.5 4-4cyli.dat

0 BFC INVERTNEXT

1 16 0 -11 0 5.5 0 0 0 -5.5 0 0 0 -5.5 4-8sphe.dat

1 16 0 0 0 8.8 0 0 0 1 0 0 0 8.8 4-4edge.dat

1 16 0 0 0 0.8 0 0 0 -1 0 0 0 -0.8 4-4ring10.dat

1 16 0 -11 0 0 1.1 0 0 0 1.1 1.1 0 0 s__90617s02.dat

1 16 0 -11 0 -1.1 0 0 0 0 1.1 0 1.1 0 s__90617s02.dat

1 16 0 -11 0 0 -1.1 0 0 0 1.1 -1.1 0 0 s__90617s02.dat

1 16 0 -11 0 1.1 0 0 0 0 1.1 0 -1.1 0 s__90617s02.dat

1 16 0 -11 0 14.091 0 0 0 -14.091 0 0 0 -14.091 4-8sphe.dat

0 NOFILE

0 FILE s__90617s02.dat
0 ~Constraction Ball Quarter with 1 Circular Cutout

0 Name: s\90617s02.dat

0 Author: Magnus Forsberg [MagFors]

0 !LDRAW_ORG Subpart UPDATE 2018-02

0 !LICENSE Licensed under CC BY 4.0 : see CAreadme.txt



0 BFC CERTIFY CCW



0 !HISTORY 2018-12-08 [PTadmin] Official Update 2018-02





3 16 12.81 0 0 11.8352 4.9024 0 11.8352 0 4.9024

3 16 11.8352 4.9024 0 10.0379 5.6274 5.6274 11.8352 0 4.9024

3 16 11.8352 0 4.9024 10.0379 5.6274 5.6274 9.058 0 9.058

3 16 11.8352 4.9024 0 9.058 9.058 0 10.0379 5.6274 5.6274

3 16 9.058 9.058 0 5.6274 10.0379 5.6274 10.0379 5.6274 5.6274

3 16 9.058 9.058 0 4.9024 11.8352 0 5.6274 10.0379 5.6274

3 16 4.9024 11.8352 0 0 11.8352 4.9024 5.6274 10.0379 5.6274

3 16 5.6274 10.0379 5.6274 0 11.8352 4.9024 0 9.058 9.058

3 16 4.9024 11.8352 0 0 12.81 0 0 11.8352 4.9024

3 16 10.0379 5.6274 5.6274 5.6274 10.0379 5.6274 5.6568 5.6568 10

3 16 8 0 10 9.058 0 9.058 7.3912 3.0616 10

3 16 0 9.058 9.058 0 8 10 3.0616 7.3912 10

3 16 10.0379 5.6274 5.6274 7.3912 3.0616 10 9.058 0 9.058

3 16 7.3912 3.0616 10 10.0379 5.6274 5.6274 5.6568 5.6568 10

3 16 5.6274 10.0379 5.6274 3.0616 7.3912 10 5.6568 5.6568 10

3 16 3.0616 7.3912 10 5.6274 10.0379 5.6274 0 9.058 9.058



5 24 12.81 0 0 11.8352 4.9024 0 12.81 0 -1.281 11.8352 0 4.9024

5 24 11.8352 4.9024 0 11.8352 0 4.9024 12.81 0 0 10.0379 5.6274 5.6274

5 24 12.81 0 0 11.8352 0 4.9024 11.8352 4.9024 0 12.81 -1.281 0

5 24 11.8352 0 4.9024 10.0379 5.6274 5.6274 11.8352 4.9024 0 9.058 0 9.058

5 24 10.0379 5.6274 5.6274 9.058 0 9.058 7.3912 3.0616 10 11.8352 0 4.9024

5 24 11.8352 0 4.9024 9.058 0 9.058 10.0379 5.6274 5.6274 11.8352 -1.281 4.9024

5 24 11.8352 4.9024 0 9.058 9.058 0 11.8352 4.9024 -1.281 10.0379 5.6274 5.6274

5 24 11.8352 4.9024 0 10.0379 5.6274 5.6274 9.058 9.058 0 11.8352 0 4.9024

5 24 10.0379 5.6274 5.6274 5.6568 5.6568 10 7.3912 3.0616 10 5.6274 10.0379 5.6274

5 24 9.058 0 9.058 7.3912 3.0616 10 10.0379 5.6274 5.6274 8 0 10

5 24 7.3912 3.0616 10 10.0379 5.6274 5.6274 5.6568 5.6568 10 9.058 0 9.058

5 24 9.058 9.058 0 5.6274 10.0379 5.6274 10.0379 5.6274 5.6274 4.9024 11.8352 0

5 24 5.6274 10.0379 5.6274 3.0616 7.3912 10 5.6568 5.6568 10 0 9.058 9.058

5 24 5.6274 10.0379 5.6274 0 9.058 9.058 0 11.8352 4.9024 3.0616 7.3912 10

5 24 4.9024 11.8352 0 5.6274 10.0379 5.6274 9.058 9.058 0 0 11.8352 4.9024

5 24 4.9024 11.8352 0 0 11.8352 4.9024 0 12.81 0 5.6274 10.0379 5.6274

5 24 0 11.8352 4.9024 5.6274 10.0379 5.6274 4.9024 11.8352 0 0 9.058 9.058

5 24 9.058 9.058 0 10.0379 5.6274 5.6274 11.8352 4.9024 0 5.6274 10.0379 5.6274

5 24 9.058 9.058 0 4.9024 11.8352 0 9.058 9.058 -1.281 5.6274 10.0379 5.6274

5 24 0 11.8352 4.9024 0 9.058 9.058 5.6274 10.0379 5.6274 -1.281 11.8352 4.9024

5 24 4.9024 11.8352 0 0 12.81 0 4.9024 11.8352 -1.281 0 11.8352 4.9024

5 24 0 12.81 0 0 11.8352 4.9024 4.9024 11.8352 0 -1.281 12.81 0

5 24 9.058 0 9.058 8 0 10 7.3912 3.0616 10 9.058 -1.281 9.058

5 24 0 9.058 9.058 0 8 10 3.0616 7.3912 10 -1.281 9.058 9.058

5 24 0 9.058 9.058 3.0616 7.3912 10 5.6274 10.0379 5.6274 0 8 10

5 24 0 12.81 0 4.9024 11.8352 0 0 12.81 -1.281 0 11.8352 4.9024

5 24 5.6274 10.0379 5.6274 10.0379 5.6274 5.6274 9.058 9.058 0 5.6568 5.6568 10

5 24 5.6274 10.0379 5.6274 5.6568 5.6568 10 10.0379 5.6274 5.6274 3.0616 7.3912 10

0 NOFILE

0 FILE 4-4ring10.dat
0 Ring 10 x 1.0

0 Name: 4-4ring10.dat

0 Author: Paul Easter [pneaster]

0 !LDRAW_ORG Primitive UPDATE 2024-02

0 !LICENSE Licensed under CC BY 4.0 : see CAreadme.txt



0 BFC CERTIFY CCW



0 !HISTORY 2004-04-22 [PTadmin] Official Update 2004-02

0 !HISTORY 2007-06-24 [PTadmin] Header formatted for Contributor Agreement

0 !HISTORY 2008-07-01 [PTadmin] Official Update 2008-01

0 !HISTORY 2010-12-19 [MagFors] Corrected with Primitive Generator 2

0 !HISTORY 2010-12-31 [PTadmin] Official Update 2010-03

0 !HISTORY 2024-03-23 [OrionP] Moved from 4-4rin10.dat

0 !HISTORY 2024-03-24 [OrionP] Official Update 2024-02



4 16 11 0 0 10.1629 0 4.2097 9.239 0 3.827 10 0 0

4 16 10.1629 0 4.2097 7.7781 0 7.7781 7.071 0 7.071 9.239 0 3.827

4 16 7.7781 0 7.7781 4.2097 0 10.1629 3.827 0 9.239 7.071 0 7.071

4 16 4.2097 0 10.1629 0 0 11 0 0 10 3.827 0 9.239

4 16 0 0 11 -4.2097 0 10.1629 -3.827 0 9.239 0 0 10

4 16 -4.2097 0 10.1629 -7.7781 0 7.7781 -7.071 0 7.071 -3.827 0 9.239

4 16 -7.7781 0 7.7781 -10.1629 0 4.2097 -9.239 0 3.827 -7.071 0 7.071

4 16 -10.1629 0 4.2097 -11 0 0 -10 0 0 -9.239 0 3.827

4 16 -11 0 0 -10.1629 0 -4.2097 -9.239 0 -3.827 -10 0 0

4 16 -10.1629 0 -4.2097 -7.7781 0 -7.7781 -7.071 0 -7.071 -9.239 0 -3.827

4 16 -7.7781 0 -7.7781 -4.2097 0 -10.1629 -3.827 0 -9.239 -7.071 0 -7.071

4 16 -4.2097 0 -10.1629 0 0 -11 0 0 -10 -3.827 0 -9.239

4 16 0 0 -11 4.2097 0 -10.1629 3.827 0 -9.239 0 0 -10

4 16 4.2097 0 -10.1629 7.7781 0 -7.7781 7.071 0 -7.071 3.827 0 -9.239

4 16 7.7781 0 -7.7781 10.1629 0 -4.2097 9.239 0 -3.827 7.071 0 -7.071

4 16 10.1629 0 -4.2097 11 0 0 10 0 0 9.239 0 -3.827

0 // Build by Primitive Generator 2



0 NOFILE

0 FILE 4-8sphe.dat
0 Sphere 0.5

0 Name: 4-8sphe.dat

0 Author: James Jessiman

0 !LDRAW_ORG Primitive UPDATE 2003-02

0 !LICENSE Licensed under CC BY 4.0 : see CAreadme.txt



0 BFC CERTIFY CCW



0 !HISTORY 2002-08-31 [izanette] Modified with WINDZ for BFC compliance

0 !HISTORY 2003-08-01 [PTadmin] Official Update 2003-02

0 !HISTORY 2007-06-24 [PTadmin] Header formatted for Contributor Agreement

0 !HISTORY 2008-07-01 [PTadmin] Official Update 2008-01





1 16 0 0 0 1 0 0 0 1 0 0 0 1 1-8sphe.dat

1 16 0 0 0 1 0 0 0 1 0 0 0 -1 1-8sphe.dat

1 16 0 0 0 -1 0 0 0 1 0 0 0 1 1-8sphe.dat

1 16 0 0 0 -1 0 0 0 1 0 0 0 -1 1-8sphe.dat

0



0 NOFILE

0 FILE 1-8sphe.dat
0 Sphere 0.125

0 Name: 1-8sphe.dat

0 Author: James Jessiman

0 !LDRAW_ORG Primitive UPDATE 2012-03

0 !LICENSE Licensed under CC BY 4.0 : see CAreadme.txt



0 BFC CERTIFY CCW



0 !HISTORY 2000-08-01 {Axel Poque} fixes to resolve L3P error messages.

0 !HISTORY 2000-08-01 {Manfred Moolhuysen} fixes to resolve L3P error messages.

0 !HISTORY 2000-09-30 [PTadmin] Official Update 2000-02

0 !HISTORY 2002-03-28 [hafhead] Made BFC compliant

0 !HISTORY 2002-04-25 [PTadmin] Official Update 2002-02

0 !HISTORY 2007-06-22 [PTadmin] Header formatted for Contributor Agreement

0 !HISTORY 2008-07-01 [PTadmin] Official Update 2008-01

0 !HISTORY 2010-09-12 [MagFors] Changed winding, removed duplicated cond-line, optimized filesize

0 !HISTORY 2010-12-31 [PTadmin] Official Update 2010-03

0 !HISTORY 2012-07-01 [tcobbs] Replaced with geometry from LDView

0 !HISTORY 2012-12-28 [PTadmin] Official Update 2012-03





3 16 1 0 0 0.9239 0.3827 0 0.9239 0 0.3827

3 16 0.9239 0.3827 0 0.7836 0.4393 0.4393 0.9239 0 0.3827

3 16 0.9239 0 0.3827 0.7836 0.4393 0.4393 0.7071 0 0.7071

3 16 0.7836 0.4393 0.4393 0.4393 0.4393 0.7836 0.7071 0 0.7071

3 16 0.7071 0 0.7071 0.4393 0.4393 0.7836 0.3827 0 0.9239

3 16 0.4393 0.4393 0.7836 0 0.3827 0.9239 0.3827 0 0.9239

3 16 0.3827 0 0.9239 0 0.3827 0.9239 0 0 1

3 16 0.9239 0.3827 0 0.7071 0.7071 0 0.7836 0.4393 0.4393

3 16 0.7071 0.7071 0 0.4393 0.7836 0.4393 0.7836 0.4393 0.4393

3 16 0.7836 0.4393 0.4393 0.4393 0.7836 0.4393 0.4393 0.4393 0.7836

3 16 0.4393 0.7836 0.4393 0 0.7071 0.7071 0.4393 0.4393 0.7836

3 16 0.4393 0.4393 0.7836 0 0.7071 0.7071 0 0.3827 0.9239

3 16 0.7071 0.7071 0 0.3827 0.9239 0 0.4393 0.7836 0.4393

3 16 0.3827 0.9239 0 0 0.9239 0.3827 0.4393 0.7836 0.4393

3 16 0.4393 0.7836 0.4393 0 0.9239 0.3827 0 0.7071 0.7071

3 16 0.3827 0.9239 0 0 1 0 0 0.9239 0.3827



5 24 1 0 0 0.9239 0.3827 0 1 0 -0.1 0.9239 0 0.3827

5 24 0.9239 0.3827 0 0.9239 0 0.3827 1 0 0 0.7836 0.4393 0.4393

5 24 1 0 0 0.9239 0 0.3827 0.9239 0.3827 0 1 -0.1 0

5 24 0.9239 0 0.3827 0.7836 0.4393 0.4393 0.9239 0.3827 0 0.7071 0 0.7071

5 24 0.7836 0.4393 0.4393 0.7071 0 0.7071 0.9239 0 0.3827 0.4393 0.4393 0.7836

5 24 0.9239 0 0.3827 0.7071 0 0.7071 0.7836 0.4393 0.4393 0.9239 -0.1 0.3827

5 24 0.7071 0 0.7071 0.4393 0.4393 0.7836 0.7836 0.4393 0.4393 0.3827 0 0.9239

5 24 0.4393 0.4393 0.7836 0.3827 0 0.9239 0.7071 0 0.7071 0 0.3827 0.9239

5 24 0.7071 0 0.7071 0.3827 0 0.9239 0.4393 0.4393 0.7836 0.7071 -0.1 0.7071

5 24 0.3827 0 0.9239 0 0.3827 0.9239 0.4393 0.4393 0.7836 0 0 1

5 24 0 0.3827 0.9239 0 0 1 0.3827 0 0.9239 -0.1 0.3827 0.9239

5 24 0.3827 0 0.9239 0 0 1 0 0.3827 0.9239 0.3827 -0.1 0.9239

5 24 0.9239 0.3827 0 0.7071 0.7071 0 0.9239 0.3827 -0.1 0.7836 0.4393 0.4393

5 24 0.7071 0.7071 0 0.7836 0.4393 0.4393 0.9239 0.3827 0 0.4393 0.7836 0.4393

5 24 0.9239 0.3827 0 0.7836 0.4393 0.4393 0.7071 0.7071 0 0.9239 0 0.3827

5 24 0.7836 0.4393 0.4393 0.4393 0.7836 0.4393 0.7071 0.7071 0 0.4393 0.4393 0.7836

5 24 0.4393 0.7836 0.4393 0.4393 0.4393 0.7836 0.7836 0.4393 0.4393 0 0.7071 0.7071

5 24 0.7836 0.4393 0.4393 0.4393 0.4393 0.7836 0.4393 0.7836 0.4393 0.7071 0 0.7071

5 24 0.4393 0.4393 0.7836 0 0.7071 0.7071 0.4393 0.7836 0.4393 0 0.3827 0.9239

5 24 0 0.7071 0.7071 0 0.3827 0.9239 0.4393 0.4393 0.7836 -0.1 0.7071 0.7071

5 24 0.4393 0.4393 0.7836 0 0.3827 0.9239 0 0.7071 0.7071 0.3827 0 0.9239

5 24 0.7071 0.7071 0 0.3827 0.9239 0 0.7071 0.7071 -0.1 0.4393 0.7836 0.4393

5 24 0.3827 0.9239 0 0.4393 0.7836 0.4393 0.7071 0.7071 0 0 0.9239 0.3827

5 24 0.7071 0.7071 0 0.4393 0.7836 0.4393 0.3827 0.9239 0 0.7836 0.4393 0.4393

5 24 0.4393 0.7836 0.4393 0 0.9239 0.3827 0.3827 0.9239 0 0 0.7071 0.7071

5 24 0 0.9239 0.3827 0 0.7071 0.7071 0.4393 0.7836 0.4393 -0.1 0.9239 0.3827

5 24 0.4393 0.7836 0.4393 0 0.7071 0.7071 0 0.9239 0.3827 0.4393 0.4393 0.7836

5 24 0.3827 0.9239 0 0 1 0 0.3827 0.9239 -0.1 0 0.9239 0.3827

5 24 0 1 0 0 0.9239 0.3827 0.3827 0.9239 0 -0.1 1 0

5 24 0.3827 0.9239 0 0 0.9239 0.3827 0 1 0 0.4393 0.7836 0.4393

0 NOFILE

0 FILE 4-4ring11.dat
0 Ring 11 x  1.0

0 Name: 4-4ring11.dat

0 Author: Willy Tschager [Holly-Wood]

0 !LDRAW_ORG Primitive UPDATE 2024-02

0 !LICENSE Licensed under CC BY 4.0 : see CAreadme.txt



0 BFC CERTIFY CCW



0 !HISTORY 2003-12-19 [PTadmin] Official Update 2003-03

0 !HISTORY 2007-06-24 [PTadmin] Header formatted for Contributor Agreement

0 !HISTORY 2008-07-01 [PTadmin] Official Update 2008-01

0 !HISTORY 2024-01-07 [Holly-Wood] Complete regeneration, original by jriley

0 !HISTORY 2024-03-24 [OrionP] Official Update 2024-02



4 16 12 0 0 11.0868 0 4.5924 10.1629 0 4.2097 11 0 0

4 16 11.0868 0 4.5924 8.4852 0 8.4852 7.7781 0 7.7781 10.1629 0 4.2097

4 16 8.4852 0 8.4852 4.5924 0 11.0868 4.2097 0 10.1629 7.7781 0 7.7781

4 16 4.5924 0 11.0868 0 0 12 0 0 11 4.2097 0 10.1629

4 16 0 0 12 -4.5924 0 11.0868 -4.2097 0 10.1629 0 0 11

4 16 -4.5924 0 11.0868 -8.4852 0 8.4852 -7.7781 0 7.7781 -4.2097 0 10.1629

4 16 -8.4852 0 8.4852 -11.0868 0 4.5924 -10.1629 0 4.2097 -7.7781 0 7.7781

4 16 -11.0868 0 4.5924 -12 0 0 -11 0 0 -10.1629 0 4.2097

4 16 -12 0 0 -11.0868 0 -4.5924 -10.1629 0 -4.2097 -11 0 0

4 16 -11.0868 0 -4.5924 -8.4852 0 -8.4852 -7.7781 0 -7.7781 -10.1629 0 -4.2097

4 16 -8.4852 0 -8.4852 -4.5924 0 -11.0868 -4.2097 0 -10.1629 -7.7781 0 -7.7781

4 16 -4.5924 0 -11.0868 0 0 -12 0 0 -11 -4.2097 0 -10.1629

4 16 0 0 -12 4.5924 0 -11.0868 4.2097 0 -10.1629 0 0 -11

4 16 4.5924 0 -11.0868 8.4852 0 -8.4852 7.7781 0 -7.7781 4.2097 0 -10.1629

4 16 8.4852 0 -8.4852 11.0868 0 -4.5924 10.1629 0 -4.2097 7.7781 0 -7.7781

4 16 11.0868 0 -4.5924 12 0 0 11 0 0 10.1629 0 -4.2097

0 // Build by LDPartEditor (PrimGen 2.X)

0 NOFILE

0 FILE stud4od.dat
0 Stud Tube Open without Outer Cylinder and Top Surface

0 Name: stud4od.dat

0 Author: Philippe Hurbain [Philo]

0 !LDRAW_ORG Primitive UPDATE 2013-02

0 !LICENSE Licensed under CC BY 4.0 : see CAreadme.txt



0 !HELP This stud is a "antistud" to be used like a underside stud,

0 !HELP but without the outer cylinder.

0 !HELP 1 47 0 0 0 1 0 0 0 1 0 0 0 1 stud4.dat



0 BFC CERTIFY CCW



0 !HISTORY 2013-12-23 [PTadmin] Official Update 2013-02





1 16 0 -4 0 2 0 0 0 1 0 0 0 2 4-4ring3.dat

0 BFC INVERTNEXT

1 16 0 0 0 -6 0 0 0 -4 0 0 0 6 4-4cylo.dat

0 NOFILE

0 FILE 4-4cylo.dat
0 Cylinder Open 1.0

0 Name: 4-4cylo.dat

0 Author: Mark Kennedy [mkennedy]

0 !LDRAW_ORG Primitive UPDATE 2010-01

0 !LICENSE Licensed under CC BY 4.0 : see CAreadme.txt



0 BFC CERTIFY CCW



0 !HISTORY 2010-04-05 [PTadmin] Official Update 2010-01





1 16 0 0 0 1 0 0 0 1 0 0 0 1 4-4edge.dat

1 16 0 1 0 1 0 0 0 1 0 0 0 1 4-4edge.dat

1 16 0 0 0 1 0 0 0 1 0 0 0 1 4-4cyli.dat

0
0 NOFILE

0 FILE 11610.dat
0 Cone  1 x  1 Inverted with Shaft

0 Name: 11610.dat

0 Author: Owen Burgoyne [C3POwen]

0 !LDRAW_ORG Part UPDATE 2013-01

0 !LICENSE Licensed under CC BY 4.0 : see CAreadme.txt



0 !HELP Centre of shaft at +Y 26

0 !HELP Central hole narrows at +Y 14.5



0 BFC CERTIFY CCW



0 !KEYWORDS Friends, ice cream cone



0 !HISTORY 2013-07-21 [PTadmin] Official Update 2013-01





1 16 0 32.5 0 4 0 0 0 -13 0 0 0 -4 4-4cylc.dat

1 16 0 19.5 0 1 0 0 0 -1 0 0 0 -1 4-4ring4.dat

1 16 0 19.5 0 5 0 0 0 1 0 0 0 5 4-4edge.dat

1 16 0 19.5 0 1 0 0 0 1 0 0 0 1 4-4disc.dat

1 16 0 19.5 0 1 0 0 0 1 0 0 0 1 4-4edge.dat

0 BFC INVERTNEXT

1 16 0 18.5 0 0.5 0 0 0 1 0 0 0 0.5 4-4con2.dat

0 BFC INVERTNEXT

1 16 0 15.5 0 1.5 0 0 0 3 0 0 0 1.5 4-4con1.dat

0 BFC INVERTNEXT

1 16 0 14.5 0 0.5 0 0 0 1 0 0 0 0.5 4-4con6.dat

1 16 0 14.5 0 3.5 0 0 0 1 0 0 0 3.5 4-4edge.dat

0 BFC INVERTNEXT

1 16 0 0 0 3.5 0 0 0 14.5 0 0 0 3.5 4-4cyli.dat

1 16 0 0 0 3.5 0 0 0 1 0 0 0 3.5 4-4edge.dat

1 16 0 0 0 5 0 0 0 19.5 0 0 0 5 4-4con1.dat

1 16 0 0 0 10 0 0 0 1 0 0 0 10 4-4edge.dat

1 16 0 0 0 0.5 0 0 0 1 0 0 0 0.5 4-4ring7.dat

1 16 0 0 0 2 0 0 0 1 0 0 0 2 4-4ring3.dat

1 16 0 0 0 2 0 0 0 1 0 0 0 2 4-4ring4.dat

1 16 0 0 0 1 0 0 0 1 0 0 0 1 stud2a.dat

1 16 0 0 0 4 0 0 0 1 0 0 0 4 4-4edge.dat

1 16 0 0 0 6 0 0 0 1 0 0 0 6 4-4edge.dat

0 NOFILE

0 FILE 4-4ring7.dat
0 Ring  7 x 1.0

0 Name: 4-4ring7.dat

0 Author: James Jessiman

0 !LDRAW_ORG Primitive UPDATE 2009-01

0 !LICENSE Licensed under CC BY 4.0 : see CAreadme.txt



0 BFC CERTIFY CCW



0 !HISTORY 1998-12-15 [PTadmin] Official Update 1998-10

0 !HISTORY 2002-04-05 [hafhead] Added BFC statement

0 !HISTORY 2002-04-25 [PTadmin] Official Update 2002-02

0 !HISTORY 2007-06-24 [PTadmin] Header formatted for Contributor Agreement

0 !HISTORY 2008-07-01 [PTadmin] Official Update 2008-01

0 !HISTORY 2008-08-26 [cwdee] Switch polygon winding and rename

0 !HISTORY 2009-05-02 [PTadmin] Official Update 2009-01





4 16 -3.0616 0 7.3912 -2.6789 0 6.4673 0 0 7 0 0 8

4 16 -5.6568 0 5.6568 -4.9497 0 4.9497 -2.6789 0 6.4673 -3.0616 0 7.3912

4 16 -7.3912 0 3.0616 -6.4673 0 2.6789 -4.9497 0 4.9497 -5.6568 0 5.6568

4 16 -8 0 0 -7 0 0 -6.4673 0 2.6789 -7.3912 0 3.0616

4 16 -7.3912 0 -3.0616 -6.4673 0 -2.6789 -7 0 0 -8 0 0

4 16 -5.6568 0 -5.6568 -4.9497 0 -4.9497 -6.4673 0 -2.6789 -7.3912 0 -3.0616

4 16 -3.0616 0 -7.3912 -2.6789 0 -6.4673 -4.9497 0 -4.9497 -5.6568 0 -5.6568

4 16 0 0 -8 0 0 -7 -2.6789 0 -6.4673 -3.0616 0 -7.3912

4 16 3.0616 0 -7.3912 2.6789 0 -6.4673 0 0 -7 0 0 -8

4 16 5.6568 0 -5.6568 4.9497 0 -4.9497 2.6789 0 -6.4673 3.0616 0 -7.3912

4 16 7.3912 0 -3.0616 6.4673 0 -2.6789 4.9497 0 -4.9497 5.6568 0 -5.6568

4 16 8 0 0 7 0 0 6.4673 0 -2.6789 7.3912 0 -3.0616

4 16 7.3912 0 3.0616 6.4673 0 2.6789 7 0 0 8 0 0

4 16 5.6568 0 5.6568 4.9497 0 4.9497 6.4673 0 2.6789 7.3912 0 3.0616

4 16 3.0616 0 7.3912 2.6789 0 6.4673 4.9497 0 4.9497 5.6568 0 5.6568

4 16 0 0 8 0 0 7 2.6789 0 6.4673 3.0616 0 7.3912

0

0 NOFILE

0 FILE 4-4con6.dat
0 Cone  6 x 1.0

0 Name: 4-4con6.dat

0 Author: Niels Karsdorp [nielsk]

0 !LDRAW_ORG Primitive UPDATE 2004-04

0 !LICENSE Licensed under CC BY 4.0 : see CAreadme.txt



0 BFC CERTIFY CCW



0 !HISTORY 2004-11-06 [PTadmin] Official Update 2004-04

0 !HISTORY 2007-06-24 [PTadmin] Header formatted for Contributor Agreement

0 !HISTORY 2008-07-01 [PTadmin] Official Update 2008-01





5 24 6 1 0 7 0 0 5.5434 1 2.2962 5.5434 1 -2.2962

5 24 5.5434 1 2.2962 6.4673 0 2.6789 4.2426 1 4.2426 6 1 0

5 24 4.2426 1 4.2426 4.9497 0 4.9497 2.2962 1 5.5434 5.5434 1 2.2962

5 24 2.2962 1 5.5434 2.6789 0 6.4673 0 1 6 4.2426 1 4.2426

5 24 0 1 6 0 0 7 -2.2962 1 5.5434 2.2962 1 5.5434

5 24 -2.2962 1 5.5434 -2.6789 0 6.4673 -4.2426 1 4.2426 0 1 6

5 24 -4.2426 1 4.2426 -4.9497 0 4.9497 -5.5434 1 2.2962 -2.2962 1 5.5434

5 24 -5.5434 1 2.2962 -6.4673 0 2.6789 -6 1 0 -4.2426 1 4.2426

5 24 -6 1 0 -7 0 0 -5.5434 1 -2.2962 -5.5434 1 2.2962

5 24 -5.5434 1 -2.2962 -6.4673 0 -2.6789 -4.2426 1 -4.2426 -6 1 0

5 24 -4.2426 1 -4.2426 -4.9497 0 -4.9497 -2.2962 1 -5.5434 -5.5434 1 -2.2962

5 24 -2.2962 1 -5.5434 -2.6789 0 -6.4673 0 1 -6 -4.2426 1 -4.2426

5 24 0 1 -6 0 0 -7 2.2962 1 -5.5434 -2.2962 1 -5.5434

5 24 2.2962 1 -5.5434 2.6789 0 -6.4673 4.2426 1 -4.2426 0 1 -6

5 24 4.2426 1 -4.2426 4.9497 0 -4.9497 5.5434 1 -2.2962 2.2962 1 -5.5434

5 24 5.5434 1 -2.2962 6.4673 0 -2.6789 6 1 0 4.2426 1 -4.2426



4 16 6 1 0 5.5434 1 2.2962 6.4673 0 2.6789 7 0 0

4 16 5.5434 1 2.2962 4.2426 1 4.2426 4.9497 0 4.9497 6.4673 0 2.6789

4 16 4.2426 1 4.2426 2.2962 1 5.5434 2.6789 0 6.4673 4.9497 0 4.9497

4 16 2.2962 1 5.5434 0 1 6 0 0 7 2.6789 0 6.4673

4 16 0 1 6 -2.2962 1 5.5434 -2.6789 0 6.4673 0 0 7

4 16 -2.2962 1 5.5434 -4.2426 1 4.2426 -4.9497 0 4.9497 -2.6789 0 6.4673

4 16 -4.2426 1 4.2426 -5.5434 1 2.2962 -6.4673 0 2.6789 -4.9497 0 4.9497

4 16 -5.5434 1 2.2962 -6 1 0 -7 0 0 -6.4673 0 2.6789

4 16 -6 1 0 -5.5434 1 -2.2962 -6.4673 0 -2.6789 -7 0 0

4 16 -5.5434 1 -2.2962 -4.2426 1 -4.2426 -4.9497 0 -4.9497 -6.4673 0 -2.6789

4 16 -4.2426 1 -4.2426 -2.2962 1 -5.5434 -2.6789 0 -6.4673 -4.9497 0 -4.9497

4 16 -2.2962 1 -5.5434 0 1 -6 0 0 -7 -2.6789 0 -6.4673

4 16 0 1 -6 2.2962 1 -5.5434 2.6789 0 -6.4673 0 0 -7

4 16 2.2962 1 -5.5434 4.2426 1 -4.2426 4.9497 0 -4.9497 2.6789 0 -6.4673

4 16 4.2426 1 -4.2426 5.5434 1 -2.2962 6.4673 0 -2.6789 4.9497 0 -4.9497

4 16 5.5434 1 -2.2962 6 1 0 7 0 0 6.4673 0 -2.6789



0



0 NOFILE

0 FILE 4-4con1.dat
0 Cone  1 x 1.0

0 Name: 4-4con1.dat

0 Author: Steve Bliss [sbliss]

0 !LDRAW_ORG Primitive UPDATE 2012-01

0 !LICENSE Licensed under CC BY 4.0 : see CAreadme.txt



0 BFC CERTIFY CCW



0 !HISTORY 1999-08-19 [sbliss] Renamed 4-4con12.dat to 4-4con1.dat, Moved all conditional lines before quads

0 !HISTORY 2000-05-07 [PTadmin] Official Update 2000-01

0 !HISTORY 2002-12-11 [cwdee] Standardised title and made BFC compliant

0 !HISTORY 2003-08-01 [PTadmin] Official Update 2003-02

0 !HISTORY 2007-06-24 [PTadmin] Header formatted for Contributor Agreement

0 !HISTORY 2008-07-01 [PTadmin] Official Update 2008-01

0 !HISTORY 2012-02-16 [Philo] Changed to CCW, reordered

0 !HISTORY 2012-03-30 [PTadmin] Official Update 2012-01





5 24 1 1 0 2 0 0 0.9239 1 -0.3827 0.9239 1 0.3827

5 24 0.9239 1 0.3827 1.8478 0 0.7654 1 1 0 0.7071 1 0.7071

5 24 0.7071 1 0.7071 1.4142 0 1.4142 0.9239 1 0.3827 0.3827 1 0.9239

5 24 0.3827 1 0.9239 0.7654 0 1.8478 0.7071 1 0.7071 0 1 1

5 24 0 1 1 0 0 2 0.3827 1 0.9239 -0.3827 1 0.9239

5 24 -0.3827 1 0.9239 -0.7654 0 1.8478 0 1 1 -0.7071 1 0.7071

5 24 -0.7071 1 0.7071 -1.4142 0 1.4142 -0.3827 1 0.9239 -0.9239 1 0.3827

5 24 -0.9239 1 0.3827 -1.8478 0 0.7654 -0.7071 1 0.7071 -1 1 0

5 24 -1 1 0 -2 0 0 -0.9239 1 0.3827 -0.9239 1 -0.3827

5 24 -0.9239 1 -0.3827 -1.8478 0 -0.7654 -1 1 0 -0.7071 1 -0.7071

5 24 -0.7071 1 -0.7071 -1.4142 0 -1.4142 -0.9239 1 -0.3827 -0.3827 1 -0.9239

5 24 -0.3827 1 -0.9239 -0.7654 0 -1.8478 -0.7071 1 -0.7071 0 1 -1

5 24 0 1 -1 0 0 -2 -0.3827 1 -0.9239 0.3827 1 -0.9239

5 24 0.3827 1 -0.9239 0.7654 0 -1.8478 0 1 -1 0.7071 1 -0.7071

5 24 0.7071 1 -0.7071 1.4142 0 -1.4142 0.3827 1 -0.9239 0.9239 1 -0.3827

5 24 0.9239 1 -0.3827 1.8478 0 -0.7654 0.7071 1 -0.7071 1 1 0



4 16 2 0 0 1 1 0 0.9239 1 0.3827 1.8478 0 0.7654

4 16 1.8478 0 0.7654 0.9239 1 0.3827 0.7071 1 0.7071 1.4142 0 1.4142

4 16 1.4142 0 1.4142 0.7071 1 0.7071 0.3827 1 0.9239 0.7654 0 1.8478

4 16 0.7654 0 1.8478 0.3827 1 0.9239 0 1 1 0 0 2

4 16 0 0 2 0 1 1 -0.3827 1 0.9239 -0.7654 0 1.8478

4 16 -0.7654 0 1.8478 -0.3827 1 0.9239 -0.7071 1 0.7071 -1.4142 0 1.4142

4 16 -1.4142 0 1.4142 -0.7071 1 0.7071 -0.9239 1 0.3827 -1.8478 0 0.7654

4 16 -1.8478 0 0.7654 -0.9239 1 0.3827 -1 1 0 -2 0 0

4 16 -2 0 0 -1 1 0 -0.9239 1 -0.3827 -1.8478 0 -0.7654

4 16 -1.8478 0 -0.7654 -0.9239 1 -0.3827 -0.7071 1 -0.7071 -1.4142 0 -1.4142

4 16 -1.4142 0 -1.4142 -0.7071 1 -0.7071 -0.3827 1 -0.9239 -0.7654 0 -1.8478

4 16 -0.7654 0 -1.8478 -0.3827 1 -0.9239 0 1 -1 0 0 -2

4 16 0 0 -2 0 1 -1 0.3827 1 -0.9239 0.7654 0 -1.8478

4 16 0.7654 0 -1.8478 0.3827 1 -0.9239 0.7071 1 -0.7071 1.4142 0 -1.4142

4 16 1.4142 0 -1.4142 0.7071 1 -0.7071 0.9239 1 -0.3827 1.8478 0 -0.7654

4 16 1.8478 0 -0.7654 0.9239 1 -0.3827 1 1 0 2 0 0

0 NOFILE

0 FILE 4-4con2.dat
0 Cone  2 x 1.0

0 Name: 4-4con2.dat

0 Author: Willy Tschager [Holly-Wood]

0 !LDRAW_ORG Primitive UPDATE 2024-01

0 !LICENSE Licensed under CC BY 4.0 : see CAreadme.txt



0 BFC CERTIFY CCW



0 !HISTORY 2004-03-02 [PTadmin] Official Update 2004-01

0 !HISTORY 2007-06-24 [PTadmin] Header formatted for Contributor Agreement

0 !HISTORY 2008-07-01 [PTadmin] Official Update 2008-01

0 !HISTORY 2012-02-16 [Philo] Changed to CCW

0 !HISTORY 2012-03-30 [PTadmin] Official Update 2012-01

0 !HISTORY 2024-01-04 [Holly-Wood] Complete regeneration, original by jriley

0 !HISTORY 2024-01-29 [OrionP] Official Update 2024-01



4 16 2 1 0 1.8478 1 0.7654 2.7717 0 1.1481 3 0 0

4 16 1.8478 1 0.7654 1.4142 1 1.4142 2.1213 0 2.1213 2.7717 0 1.1481

4 16 1.4142 1 1.4142 0.7654 1 1.8478 1.1481 0 2.7717 2.1213 0 2.1213

4 16 0.7654 1 1.8478 0 1 2 0 0 3 1.1481 0 2.7717

4 16 0 1 2 -0.7654 1 1.8478 -1.1481 0 2.7717 0 0 3

4 16 -0.7654 1 1.8478 -1.4142 1 1.4142 -2.1213 0 2.1213 -1.1481 0 2.7717

4 16 -1.4142 1 1.4142 -1.8478 1 0.7654 -2.7717 0 1.1481 -2.1213 0 2.1213

4 16 -1.8478 1 0.7654 -2 1 0 -3 0 0 -2.7717 0 1.1481

4 16 -2 1 0 -1.8478 1 -0.7654 -2.7717 0 -1.1481 -3 0 0

4 16 -1.8478 1 -0.7654 -1.4142 1 -1.4142 -2.1213 0 -2.1213 -2.7717 0 -1.1481

4 16 -1.4142 1 -1.4142 -0.7654 1 -1.8478 -1.1481 0 -2.7717 -2.1213 0 -2.1213

4 16 -0.7654 1 -1.8478 0 1 -2 0 0 -3 -1.1481 0 -2.7717

4 16 0 1 -2 0.7654 1 -1.8478 1.1481 0 -2.7717 0 0 -3

4 16 0.7654 1 -1.8478 1.4142 1 -1.4142 2.1213 0 -2.1213 1.1481 0 -2.7717

4 16 1.4142 1 -1.4142 1.8478 1 -0.7654 2.7717 0 -1.1481 2.1213 0 -2.1213

4 16 1.8478 1 -0.7654 2 1 0 3 0 0 2.7717 0 -1.1481

0 // conditional lines

5 24 2 1 0 3 0 0 1.8478 1 -0.7654 1.8478 1 0.7654

5 24 1.8478 1 0.7654 2.7717 0 1.1481 2 1 0 1.4142 1 1.4142

5 24 1.4142 1 1.4142 2.1213 0 2.1213 1.8478 1 0.7654 0.7654 1 1.8478

5 24 0.7654 1 1.8478 1.1481 0 2.7717 1.4142 1 1.4142 0 1 2

5 24 0 1 2 0 0 3 0.7654 1 1.8478 -0.7654 1 1.8478

5 24 -0.7654 1 1.8478 -1.1481 0 2.7717 0 1 2 -1.4142 1 1.4142

5 24 -1.4142 1 1.4142 -2.1213 0 2.1213 -0.7654 1 1.8478 -1.8478 1 0.7654

5 24 -1.8478 1 0.7654 -2.7717 0 1.1481 -1.4142 1 1.4142 -2 1 0

5 24 -2 1 0 -3 0 0 -1.8478 1 0.7654 -1.8478 1 -0.7654

5 24 -1.8478 1 -0.7654 -2.7717 0 -1.1481 -2 1 0 -1.4142 1 -1.4142

5 24 -1.4142 1 -1.4142 -2.1213 0 -2.1213 -1.8478 1 -0.7654 -0.7654 1 -1.8478

5 24 -0.7654 1 -1.8478 -1.1481 0 -2.7717 -1.4142 1 -1.4142 0 1 -2

5 24 0 1 -2 0 0 -3 -0.7654 1 -1.8478 0.7654 1 -1.8478

5 24 0.7654 1 -1.8478 1.1481 0 -2.7717 0 1 -2 1.4142 1 -1.4142

5 24 1.4142 1 -1.4142 2.1213 0 -2.1213 0.7654 1 -1.8478 1.8478 1 -0.7654

5 24 1.8478 1 -0.7654 2.7717 0 -1.1481 1.4142 1 -1.4142 2 1 0

0 // Build by LDPartEditor (PrimGen 2.X)

0 NOFILE

0 FILE 4-4cylc.dat
0 Cylinder Closed 1.0

0 Name: 4-4cylc.dat

0 Author: Alex Taylor [anathema]

0 !LDRAW_ORG Primitive UPDATE 2009-02

0 !LICENSE Licensed under CC BY 4.0 : see CAreadme.txt



0 BFC CERTIFY CCW



0 !HISTORY 2008-12-29 [cwdee] Removed one disc

0 !HISTORY 2009-09-03 [PTadmin] Official Update 2009-02





1 16 0 0 0 1 0 0 0 1 0 0 0 1 4-4edge.dat

1 16 0 1 0 1 0 0 0 1 0 0 0 1 4-4edge.dat

1 16 0 0 0 1 0 0 0 1 0 0 0 1 4-4disc.dat

1 16 0 0 0 1 0 0 0 1 0 0 0 1 4-4cyli.dat

0

0 NOFILE

0 FILE 85861.dat
0 Plate  1 x  1 Round with Open Stud

0 Name: 85861.dat

0 Author: Magnus Forsberg [MagFors]

0 !LDRAW_ORG Part UPDATE 2025-09

0 !LICENSE Licensed under CC BY 4.0 : see CAreadme.txt



0 BFC CERTIFY CCW



0 !HISTORY 2010-04-05 [PTadmin] Official Update 2010-01

0 !HISTORY 2025-09-27 [OrionP] Changed winding to CCW

0 !HISTORY 2025-09-29 [OrionP] Official Update 2025-09



1 16 0 3 0 -1 0 0 0 -1.25 0 0 0 1 stud4.dat

1 16 0 3 0 4 0 0 0 1 0 0 0 4 4-4edge.dat

1 16 0 3 0 -2 0 0 0 -1 0 0 0 2 4-4ring2.dat

1 16 0 3 0 10 0 0 0 1 0 0 0 10 4-4edge.dat

1 16 0 3 0 -2 0 0 0 -1 0 0 0 2 4-4ring4.dat

1 16 0 0 0 10 0 0 0 1 0 0 0 10 4-4edge.dat

1 16 0 0 0 10 0 0 0 3 0 0 0 10 4-4cyli.dat

1 16 0 0 0 6 0 0 0 1 0 0 0 6 4-4edge.dat

1 16 0 0 0 2 0 0 0 1 0 0 0 2 4-4ring4.dat

1 16 0 0 0 2 0 0 0 1 0 0 0 2 4-4ring3.dat

0 BFC INVERTNEXT

1 16 0 0 0 4 0 0 0 3 0 0 0 4 4-4cyli.dat

1 16 0 0 0 1 0 0 0 1 0 0 0 1 stud2a.dat
0 NOFILE

0 FILE 18674.dat
0 Plate  2 x  2 Round with  1 Centre Stud

0 Name: 18674.dat

0 Author: Philippe Hurbain [Philo]

0 !LDRAW_ORG Part UPDATE 2015-01

0 !LICENSE Licensed under CC BY 4.0 : see CAreadme.txt



0 BFC CERTIFY CCW



0 !KEYWORDS jumper, offset, spacer, tile



0 !HISTORY 2015-10-11 [PTadmin] Official Update 2015-01





1 16 0 0 0 1 0 0 0 1 0 0 0 1 s__15535s02.dat

1 16 0 0 0 0 0 1 0 1 0 -1 0 0 s__15535s02.dat

1 16 0 0 0 -1 0 0 0 1 0 0 0 -1 s__15535s02.dat

1 16 0 0 0 0 0 -1 0 1 0 1 0 0 s__15535s02.dat

1 16 0 4 0 1 0 0 0 -1 0 0 0 -1 stud4.dat

1 16 0 0 0 1 0 0 0 1 0 0 0 1 stud2a.dat

0 BFC INVERTNEXT

1 16 0 0 0 4 0 0 0 4 0 0 0 4 4-4cyli.dat

1 16 0 4 0 4 0 0 0 1 0 0 0 4 4-4edge.dat

1 16 0 0 0 6 0 0 0 1 0 0 0 6 4-4edge.dat

1 16 0 4 0 2 0 0 0 -1 0 0 0 2 4-4ring2.dat

1 16 0 0 0 6 0 0 0 1 0 0 0 6 4-4ring1.dat

1 16 0 0 0 4 0 0 0 1 0 0 0 4 4-4ring3.dat

1 16 0 0 0 4 0 0 0 1 0 0 0 4 4-4ring4.dat

0 NOFILE

0 FILE 4-4ring1.dat
0 Ring  1 x 1.0

0 Name: 4-4ring1.dat

0 Author: James Jessiman

0 !LDRAW_ORG Primitive UPDATE 2009-01

0 !LICENSE Licensed under CC BY 4.0 : see CAreadme.txt



0 BFC CERTIFY CCW



0 !HISTORY 1998-12-15 [PTadmin] Official Update 1998-10

0 !HISTORY 2002-04-08 [BrickCaster] Modified for BFC compliance

0 !HISTORY 2002-04-25 [PTadmin] Official Update 2002-02

0 !HISTORY 2007-06-24 [PTadmin] Header formatted for Contributor Agreement

0 !HISTORY 2008-07-01 [PTadmin] Official Update 2008-01

0 !HISTORY 2008-08-26 [cwdee] Switch polygon winding and rename

0 !HISTORY 2009-05-02 [PTadmin] Official Update 2009-01





4 16 -0.7654 0 1.8478 -0.3827 0 0.9239 0 0 1 0 0 2

4 16 -1.4142 0 1.4142 -0.7071 0 0.7071 -0.3827 0 0.9239 -0.7654 0 1.8478

4 16 -1.8478 0 0.7654 -0.9239 0 0.3827 -0.7071 0 0.7071 -1.4142 0 1.41420

4 16 -2 0 0 -1 0 0 -0.9239 0 0.3827 -1.8478 0 0.7654

4 16 -1.8478 0 -0.7654 -0.9239 0 -0.3827 -1 0 0 -2 0 0

4 16 -1.4142 0 -1.4142 -0.7071 0 -0.7071 -0.9239 0 -0.3827 -1.8478 0 -0.7654

4 16 -0.7654 0 -1.8478 -0.3827 0 -0.9239 -0.7071 0 -0.7071 -1.4142 0 -1.4142

4 16 0 0 -2 0 0 -1 -0.3827 0 -0.9239 -0.7654 0 -1.8478

4 16 0.7654 0 -1.8478 0.3827 0 -0.9239 0 0 -1 0 0 -2

4 16 1.4142 0 -1.4142 0.7071 0 -0.7071 0.3827 0 -0.9239 0.7654 0 -1.8478

4 16 1.8478 0 -0.7654 0.9239 0 -0.3827 0.7071 0 -0.7071 1.4142 0 -1.4142

4 16 2 0 0 1 0 0 0.9239 0 -0.3827 1.8478 0 -0.7654

4 16 1.8478 0 0.7654 0.9239 0 0.3827 1 0 0 2 0 0

4 16 1.4142 0 1.4142 0.7071 0 0.7071 0.9239 0 0.3827 1.8478 0 0.7654

4 16 0.7654 0 1.8478 0.3827 0 0.9239 0.7071 0 0.7071 1.4142 0 1.4142

4 16 0 0 2 0 0 1 0.3827 0 0.9239 0.7654 0 1.8478

0

0 NOFILE

0 FILE s__15535s02.dat
0 ~Tile  2 x  2 Round with Hole - 1/4

0 Name: s\15535s02.dat

0 Author: Max Martin Richter [MMR1988]

0 !LDRAW_ORG Subpart UPDATE 2024-02

0 !LICENSE Licensed under CC BY 4.0 : see CAreadme.txt



0 BFC CERTIFY CCW



0 !HISTORY 2013-12-23 [PTadmin] Official Update 2013-02

0 !HISTORY 2024-03-23 [OrionP] Updated ring primitives

0 !HISTORY 2024-03-24 [OrionP] Official Update 2024-02



1 16 15.08907 6 -7.02397 0.45433 1 0 0 0 2 -0.67982 0 0 rect2p.dat

4 16 15.54341 4 -7.7038 15.54341 8 -7.7038 15.9382 8 -9.68919 15.9382 7 -9.68919

3 16 15.9382 7 -9.68919 15.9382 4 -9.68919 15.54341 4 -7.7038

1 16 15.9691 5.5 -9.8446 0.0309 1 0 0 0 1.5 -0.1554 0 0 rect2p.dat

1 16 15.80725 5.5 -10.96935 0.19275 1 0 0 0 -1.5 0.96935 0 0 rect2p.dat

5 24 16 7 -10 16 4 -10 15.5434 7 -12.2962 15.5434 7 -7.7038

5 24 15.5434 8 -7.7038 15.5434 4 -7.7038 16 8 -10 14.2426 8 -5.7574

2 24 15.9382 8 -9.68919 15.54341 8 -7.7038

2 24 15.54341 4 -7.7038 15.9382 4 -9.68919



1 16 14.70834 6 6.23351 0 1 -0.07361 -2 0 0 0 0 0.110643 rect3.dat

0 BFC INVERTNEXT

1 16 0 4 0 14.78207 0 6.12293 0 4 0 -6.12293 0 14.78207 1-8cylo.dat

1 16 14.70834 6 -6.23351 0 1 -0.07361 -2 0 0 0 0 -0.110643 rect3.dat

5 24 14.7824 8 6.1232 14.7824 4 6.1232 16 8 0 11.3136 8 11.3136

5 24 14.7824 8 -6.1232 14.7824 4 -6.1232 16 8 0 11.3136 8 -11.3136



1 16 16.74585 7.5 8.48008 0 -1 -0.80765 0.5 0 0 0 0 1.20911 rect3.dat

1 16 0 7 0 17.55371 0 7.27099 0 1 0 -7.27099 0 17.55371 1-8cylo.dat

1 16 16.74585 7.5 -8.48008 0 -1 -0.80765 0.5 0 0 0 0 -1.20911 rect3.dat

5 24 17.5541 8 7.2713 17.5541 7 7.2713 19 8 0 13.4349 8 13.4349

5 24 17.5541 8 -7.2713 17.5541 7 -7.2713 19 8 0 13.4349 8 -13.4349



1 16 14.87825 2 13.04035 0 -1 -0.73624 2 0 0 0 0 1.10165 rect1.dat

3 16 15.6145 7 11.9387 15.6145 4 11.9387 18.47737 7 7.65365

4 16 18.47741 0 7.65359 18.47737 7 7.65365 15.6145 4 11.9387 15.6145 0 11.9387

1 16 0 0 0 18.47759 0 7.65367 0 7 0 -7.65367 0 18.47759 1-8cyli.dat

1 16 0 7 0 18.47759 0 7.65367 0 7 0 -7.65367 0 18.47759 1-8edge.dat

4 16 15.6145 0 -11.9387 15.6145 4 -11.9387 18.4776 7 -7.6536 18.47759 0 -7.65367

3 16 18.4776 7 -7.6536 15.6145 4 -11.9387 15.6145 7 -11.9387

1 16 14.87825 2 -13.04035 0 -1 -0.73624 2 0 0 0 0 -1.10165 rect1.dat

5 24 18.478 7 7.654 18.478 0 7.654 20 7 0 14.142 7 14.142

5 24 18.478 7 -7.654 18.478 0 -7.654 20 7 0 14.142 7 -14.142

2 24 18.4776 7 -7.6536 15.6145 7 -11.9387

2 24 15.6145 4 -11.9387 15.6145 7 -11.9387

2 24 18.4776 7 7.6536 15.6145 7 11.9387

2 24 15.6145 4 11.9387 15.6145 7 11.9387



1 16 15.80725 5.5 10.96935 0.19275 1 0 0 0 -1.5 -0.96935 0 0 rect2p.dat

1 16 15.9691 5.5 9.8446 0.0309 1 0 0 0 1.5 0.1554 0 0 rect2p.dat

3 16 15.54341 4 7.7038 15.9382 4 9.68919 15.9382 7 9.68919

4 16 15.9382 7 9.68919 15.9382 8 9.68919 15.54341 8 7.7038 15.54341 4 7.7038

1 16 15.08907 6 7.02397 0.45433 1 0 0 0 2 0.67982 0 0 rect2p.dat

5 24 16 7 10 16 4 10 15.5434 7 12.2962 15.5434 7 7.7038

5 24 15.5434 8 7.7038 15.5434 4 7.7038 16 8 10 14.2426 8 5.7574

2 24 15.9382 8 9.68919 15.54341 8 7.7038

2 24 15.54341 4 7.7038 15.9382 4 9.689191



4 16 15.54341 8 -7.7038 16.62984 8 -6.88833 17.5535 8 -7.27097 15.9382 8 -9.68919

4 16 14.63473 8 -6.34415 14.78196 8 -6.12287 16.62984 8 -6.88833 15.54341 8 -7.7038

1 16 0 8 0 1.84776 0 0.76537 0 -1 0 -0.76537 0 1.84776 1-8ring8.dat

1 16 0 8 0 0.92388 0 0.38268 0 -1 0 -0.38268 0 0.92388 1-8ring18.dat

4 16 15.54341 8 7.7038 16.6297 8 6.88822 14.78196 8 6.12286 14.63474 8 6.34415

4 16 15.9382 8 9.68919 17.5535 8 7.27097 16.6297 8 6.88822 15.54341 8 7.7038



3 16 15.6145 7 -11.9387 16 7 -10 18.4776 7 -7.6536

4 16 16 7 -10 15.9382 7 -9.68919 17.5535 7 -7.27097 18.4776 7 -7.6536

1 16 0 7 0 0.92388 0 0.38268 0 -1 0 -0.38268 0 0.92388 1-8ring19.dat

4 16 18.47737 7 7.65365 17.5535 7 7.27097 15.9382 7 9.68919 16.00001 7 10

3 16 18.47737 7 7.65365 16.00001 7 10 15.6145 7 11.9387



4 16 16 4 10 5.65686 4 5.65686 14.142 4 14.142 15.61449 4 11.9387

4 16 16 4 10 15.5434 4 7.7038 14.63473 4 6.34415 5.65686 4 5.65686

4 16 14.63473 4 6.34415 14.78193 4 6.12288 16 4 0 5.65686 4 5.65686

3 16 5.65686 4 5.65686 16 4 0 11.31372 4 0

3 16 11.31372 4 0 16 4 0 5.65686 4 -5.65686

4 16 5.65686 4 -5.65686 16 4 0 14.78193 4 -6.12288 14.63473 4 -6.34415

4 16 5.65686 4 -5.65686 14.63473 4 -6.34415 15.5434 4 -7.7038 16 4 -10

4 16 15.61449 4 -11.9387 14.142 4 -14.142 5.65686 4 -5.65686 16 4 -10



5 24 14.142 0 14.142 14.142 4 14.142 7.654 0 18.478 18.478 0 7.654

1 16 0 0 0 14.14214 0 14.14214 0 1 0 -14.14214 0 14.14214 1-4edge.dat



1 16 0 4 0 5.65686 0 5.65686 0 -1 0 -5.65686 0 5.65686 1-4ndis.dat



0 NOFILE

0 FILE 1-4ndis.dat
0 Disc Negative 0.25

0 Name: 1-4ndis.dat

0 Author: James Jessiman

0 !LDRAW_ORG Primitive UPDATE 2012-01

0 !LICENSE Licensed under CC BY 4.0 : see CAreadme.txt



0 BFC CERTIFY CCW



0 !HISTORY 2002-03-23 [sbliss] Added BFC Statement

0 !HISTORY 2002-04-25 [PTadmin] Official Update 2002-02

0 !HISTORY 2007-06-22 [PTadmin] Header formatted for Contributor Agreement

0 !HISTORY 2008-07-01 [PTadmin] Official Update 2008-01

0 !HISTORY 2012-02-16 [Philo] Changed to CCW

0 !HISTORY 2012-03-30 [PTadmin] Official Update 2012-01





3 16 0.9239 0 0.3827 1 0 0 1 0 1

3 16 0.7071 0 0.7071 0.9239 0 0.3827 1 0 1

3 16 0.3827 0 0.9239 0.7071 0 0.7071 1 0 1

3 16 0 0 1 0.3827 0 0.9239 1 0 1

0 NOFILE

0 FILE 1-8ring19.dat
0 Ring 19 x 0.125

0 Name: 1-8ring19.dat

0 Author: Willy Tschager [Holly-Wood]

0 !LDRAW_ORG Primitive UPDATE 2024-02

0 !LICENSE Licensed under CC BY 4.0 : see CAreadme.txt



0 BFC CERTIFY CCW



0 !HISTORY 2003-06-13 [pneaster] Fixed part

0 !HISTORY 2009-12-29 [PTadmin] Official Update 2009-03

0 !HISTORY 2012-02-16 [Philo] Changed to CCW

0 !HISTORY 2012-03-30 [PTadmin] Official Update 2012-01

0 !HISTORY 2024-01-30 [Holly-Wood] Complete regeneration, original by jriley

0 !HISTORY 2024-03-24 [OrionP] Official Update 2024-02



4 16 20 0 0 18.478 0 7.654 17.5541 0 7.2713 19 0 0

4 16 18.478 0 7.654 14.142 0 14.142 13.4349 0 13.4349 17.5541 0 7.2713

0 // Build by LDPartEditor (PrimGen 2.X)

0 NOFILE

0 FILE 1-8ring18.dat
0 Ring 18 x 0.125

0 Name: 1-8ring18.dat

0 Author: Willy Tschager [Holly-Wood]

0 !LDRAW_ORG Primitive UPDATE 2024-02

0 !LICENSE Licensed under CC BY 4.0 : see CAreadme.txt



0 BFC CERTIFY CCW



0 !HISTORY 2003-06-13 [pneaster] Fixed part

0 !HISTORY 2010-07-05 [PTadmin] Official Update 2010-02

0 !HISTORY 2012-02-16 [Philo] Changed to CCW

0 !HISTORY 2012-03-30 [PTadmin] Official Update 2012-01

0 !HISTORY 2024-02-06 [Holly-Wood] Complete regeneration, original by jriley

0 !HISTORY 2024-03-24 [OrionP] Official Update 2024-02



4 16 19 0 0 17.5541 0 7.2713 16.6302 0 6.8886 18 0 0

4 16 17.5541 0 7.2713 13.4349 0 13.4349 12.7278 0 12.7278 16.6302 0 6.8886

0 // Build by LDPartEditor (PrimGen 2.X)

0 NOFILE

0 FILE 1-8ring8.dat
0 Ring  8 x 0.125

0 Name: 1-8ring8.dat

0 Author: Paul Easter [pneaster]

0 !LDRAW_ORG Primitive UPDATE 2012-01

0 !LICENSE Licensed under CC BY 4.0 : see CAreadme.txt



0 BFC CERTIFY CCW



0 !HISTORY 2004-04-22 [PTadmin] Official Update 2004-02

0 !HISTORY 2007-06-22 [PTadmin] Header formatted for Contributor Agreement

0 !HISTORY 2008-07-01 [PTadmin] Official Update 2008-01

0 !HISTORY 2012-02-16 [Philo] Changed to CCW

0 !HISTORY 2012-03-30 [PTadmin] Official Update 2012-01





4 16 9 0 0 8.3151 0 3.4443 7.3912 0 3.0616 8 0 0

4 16 8.3151 0 3.4443 6.3639 0 6.3639 5.6568 0 5.6568 7.3912 0 3.0616

0 NOFILE

0 FILE rect1.dat
0 Rectangle with 1 Edge

0 Name: rect1.dat

0 Author: Chris Dee [cwdee]

0 !LDRAW_ORG Primitive UPDATE 2010-01

0 !LICENSE Licensed under CC BY 4.0 : see CAreadme.txt



0 BFC CERTIFY CCW



0 !HISTORY 2003-12-19 [PTadmin] Official Update 2003-03

0 !HISTORY 2007-06-24 [PTadmin] Header formatted for Contributor Agreement

0 !HISTORY 2008-07-01 [PTadmin] Official Update 2008-01

0 !HISTORY 2010-01-17 [mikeheide] changed winding to CCW

0 !HISTORY 2010-04-05 [PTadmin] Official Update 2010-01





2 24 1 0 -1 1 0 1

4 16 -1 0 1 -1 0 -1 1 0 -1 1 0 1

0

0 NOFILE

0 FILE 1-8cylo.dat
0 Cylinder Open 0.125

0 Name: 1-8cylo.dat

0 Author: Tim Gould [timgould]

0 !LDRAW_ORG Primitive UPDATE 2012-03

0 !LICENSE Licensed under CC BY 4.0 : see CAreadme.txt



0 BFC CERTIFY CCW



0 !HISTORY 2012-12-28 [PTadmin] Official Update 2012-03





1 16 0 0 0 1 0 0 0 1 0 0 0 1 1-8edge.dat

1 16 0 1 0 1 0 0 0 1 0 0 0 1 1-8edge.dat

1 16 0 0 0 1 0 0 0 1 0 0 0 1 1-8cyli.dat

0 NOFILE

0 FILE rect2p.dat
0 Rectangle with 2 Parallel Edges

0 Name: rect2p.dat

0 Author: Donald Sutter [technog]

0 !LDRAW_ORG Primitive UPDATE 2010-01

0 !LICENSE Licensed under CC BY 4.0 : see CAreadme.txt



0 BFC CERTIFY CCW



0 !HISTORY 2003-08-01 [PTadmin] Official Update 2003-02

0 !HISTORY 2007-06-24 [PTadmin] Header formatted for Contributor Agreement

0 !HISTORY 2008-07-01 [PTadmin] Official Update 2008-01

0 !HISTORY 2010-01-17 [mikeheide] changed winding to CCW

0 !HISTORY 2010-04-05 [PTadmin] Official Update 2010-01





2 24 1 0 1 -1 0 1

2 24 -1 0 -1 1 0 -1

4 16 -1 0 1 -1 0 -1 1 0 -1 1 0 1

0

0 NOFILE

0 FILE 6143.dat
0 Brick  2 x  2 Round Reinforced

0 Name: 6143.dat

0 Author: Steve Bliss [sbliss]

0 !LDRAW_ORG Part UPDATE 2020-02

0 !LICENSE Licensed under CC BY 4.0 : see CAreadme.txt



0 BFC CERTIFY CCW



0 !KEYWORDS BrickLink 3941, Rebrickable 3941



0 !HISTORY 2002-02-18 [PTadmin] Official Update 2002-01

0 !HISTORY 2007-07-16 [PTadmin] Header formatted for Contributor Agreement

0 !HISTORY 2008-07-01 [PTadmin] Official Update 2008-01

0 !HISTORY 2018-01-01 [Steffen] BFCed

0 !HISTORY 2018-02-22 [MagFors] Made subfile, no longer an "alias"

0 !HISTORY 2020-09-05 [PTadmin] Official Update 2020-02





1 16 0 0 0 1 0 0 0 1 0 0 0 1 s__6143s01.dat

1 16 0 0 0 20 0 0 0 20 0 0 0 20 4-4cyli.dat

0 NOFILE

0 FILE s__6143s01.dat
0 ~Brick  2 x  2 Round Reinforced without Outer Surface

0 Name: s\6143s01.dat

0 Author: Magnus Forsberg [MagFors]

0 !LDRAW_ORG Subpart UPDATE 2020-01

0 !LICENSE Licensed under CC BY 4.0 : see CAreadme.txt



0 BFC CERTIFY CCW



0 !HISTORY 2018-03-30 [MagFors] Used stug15-2x2 primitive

0 !HISTORY 2020-06-28 [PTadmin] Official Update 2020-01





1 16 0 18 0 1 0 0 0 -1.5 0 0 0 1 stud4a.dat



1 16 0 18 0 1 0 0 0 1 0 0 0 1 axl3hol3.dat

1 16 0 18 0 1 0 0 0 1 0 0 0 1 axl3hol9.dat

1 16 0 18 0 1 0 0 0 -1 0 0 0 1 axl3ho10.dat

1 16 0 0 0 1 0 0 0 18 0 0 0 1 axl3hol8.dat

1 16 0 0 0 1 0 0 0 1 0 0 0 1 axl3hol2.dat

1 16 0 0 0 1 0 0 0 1 0 0 0 1 axl3hol9.dat

1 16 0 0 0 1 0 0 0 1 0 0 0 1 axl3ho10.dat



1 16 0 0 0 1 0 0 0 1 0 0 0 1 s__6143s02.dat

1 16 0 0 0 0 0 1 0 1 0 -1 0 0 s__6143s02.dat

1 16 0 0 0 -1 0 0 0 1 0 0 0 -1 s__6143s02.dat

1 16 0 0 0 0 0 -1 0 1 0 1 0 0 s__6143s02.dat



1 16 0 0 0 1 0 0 0 1 0 0 0 1 stug15-2x2.dat

0 NOFILE

0 FILE stug15-2x2.dat
0 Stud Group Truncated Laterally Straight 40D for Round 2 x 2 Parts

0 Name: stug15-2x2.dat

0 Author: Magnus Forsberg [MagFors]

0 !LDRAW_ORG Primitive UPDATE 2020-01

0 !LICENSE Licensed under CC BY 4.0 : see CAreadme.txt



0 BFC CERTIFY CCW



0 !HISTORY 2020-06-28 [PTadmin] Official Update 2020-01





0 // activate next lines to add logos on studs

0 // 1 16 10 -4 10 1 0 0 0 1 0 0 0 1 logo5.dat

0 // 1 16 -10 -4 10 1 0 0 0 1 0 0 0 1 logo5.dat

0 // 1 16 -10 -4 -10 1 0 0 0 1 0 0 0 1 logo5.dat

0 // 1 16 10 -4 -10 1 0 0 0 1 0 0 0 1 logo5.dat



1 16 10 0 10 1 0 0 0 1 0 0 0 1 stud15.dat

1 16 -10 0 10 0 0 -1 0 1 0 1 0 0 stud15.dat

1 16 10 0 -10 0 0 1 0 1 0 -1 0 0 stud15.dat

1 16 -10 0 -10 -1 0 0 0 1 0 0 0 -1 stud15.dat

0 NOFILE

0 FILE stud15.dat
0 Stud Truncated Laterally Straight 40D for Round  2 x  2 Parts

0 Name: stud15.dat

0 Author: Willy Tschager [Holly-Wood]

0 !LDRAW_ORG Primitive UPDATE 2024-05

0 !LICENSE Licensed under CC BY 4.0 : see CAreadme.txt



0 BFC CERTIFY CCW



0 !HISTORY 2011-12-29 [PTadmin] Official Update 2011-02

0 !HISTORY 2020-06-28 [PTadmin] Official Update 2020-01

0 !HISTORY 2024-02-21 [Holly-Wood] Complete re-write, original by Brickaneer

0 !HISTORY 2024-06-30 [OrionP] Official Update 2024-05



1 16 0 -4 0 0 0 -6 0 4 0 6 0 0 3-4cylc.dat



2 24 0 -4 6 1.9388 -4 5.6145

2 24 1.9388 0 5.6145 0 0 6

4 16 1.9388 -4 5.6145 1.9388 0 5.6145 0 0 6 0 -4 6



2 24 1.9388 0 5.6145 1.9388 -4 5.6145

2 24 1.9388 0 5.6145 5.6145 0 1.9388

2 24 1.9388 -4 5.6145 5.6145 -4 1.9388

4 16 1.9388 -4 5.6145 5.6145 -4 1.9388 5.6145 0 1.9388 1.9388 0 5.6145



2 24 5.6145 0 1.9388 5.6145 -4 1.9388

2 24 5.6145 0 1.9388 6 0 0

2 24 5.6145 -4 1.9388 6 -4 0

4 16 5.6145 -4 1.9388 6 -4 0 6 0 0 5.6145 0 1.9388



3 16 6 -4 0 0 -4 6 0 -4 0

4 16 0 -4 6 6 -4 0 5.6145 -4 1.9388 1.9388 -4 5.6145

5 24 6 -4 0 6 0 0 5.6145 -4 1.9388 5.5434 0 -2.2962

5 24 0 -4 6 0 0 6 1.9388 -4 5.6145 -2.2962 0 5.5434

0 NOFILE

0 FILE 3-4cylc.dat
0 Cylinder Closed 0.75

0 Name: 3-4cylc.dat

0 Author: J.C. Tchang [tchang]

0 !LDRAW_ORG Primitive UPDATE 2010-02

0 !LICENSE Licensed under CC BY 4.0 : see CAreadme.txt



0 BFC CERTIFY CCW



0 !HISTORY 2010-07-05 [PTadmin] Official Update 2010-02





1 16 0 0 0 1 0 0 0 1 0 0 0 1 3-4edge.dat

1 16 0 1 0 1 0 0 0 1 0 0 0 1 3-4edge.dat

1 16 0 0 0 1 0 0 0 1 0 0 0 1 3-4disc.dat

1 16 0 0 0 1 0 0 0 1 0 0 0 1 3-4cyli.dat

0 NOFILE

0 FILE 3-4cyli.dat
0 Cylinder 0.75

0 Name: 3-4cyli.dat

0 Author: James Jessiman

0 !LDRAW_ORG Primitive UPDATE 2005-01

0 !LICENSE Licensed under CC BY 4.0 : see CAreadme.txt



0 BFC CERTIFY CCW



0 !HISTORY 2002-03-23 [sbliss] Added BFC statement; compacted code

0 !HISTORY 2002-04-25 [PTadmin] Official Update 2002-02

0 !HISTORY 2004-12-11 [nielsk] Recreated using Primitive Generator, Edge lines fixed, BFC changed to CCW

0 !HISTORY 2005-12-28 [PTadmin] Official Update 2005-01

0 !HISTORY 2007-06-24 [PTadmin] Header formatted for Contributor Agreement

0 !HISTORY 2008-07-01 [PTadmin] Official Update 2008-01





4 16 .9239 1 .3827 .9239 0 .3827 1 0 0 1 1 0

4 16 .7071 1 .7071 .7071 0 .7071 .9239 0 .3827 .9239 1 .3827

4 16 .3827 1 .9239 .3827 0 .9239 .7071 0 .7071 .7071 1 .7071

4 16 0 1 1 0 0 1 .3827 0 .9239 .3827 1 .9239

4 16 -.3827 1 .9239 -.3827 0 .9239 0 0 1 0 1 1

4 16 -.7071 1 .7071 -.7071 0 .7071 -.3827 0 .9239 -.3827 1 .9239

4 16 -.9239 1 .3827 -.9239 0 .3827 -.7071 0 .7071 -.7071 1 .7071

4 16 -1 1 0 -1 0 0 -.9239 0 .3827 -.9239 1 .3827

4 16 -.9239 1 -.3827 -.9239 0 -.3827 -1 0 0 -1 1 0

4 16 -.7071 1 -.7071 -.7071 0 -.7071 -.9239 0 -.3827 -.9239 1 -.3827

4 16 -.3827 1 -.9239 -.3827 0 -.9239 -.7071 0 -.7071 -.7071 1 -.7071

4 16 0 1 -1 0 0 -1 -.3827 0 -.9239 -.3827 1 -.9239

5 24 1 1 0 1 0 0 1 1 -.4142 .9239 1 .3827

5 24 .9239 1 .3827 .9239 0 .3827 1 1 0 .7071 1 .7071

5 24 .7071 1 .7071 .7071 0 .7071 .9239 1 .3827 .3827 1 .9239

5 24 .3827 1 .9239 .3827 0 .9239 .7071 1 .7071 0 1 1

5 24 0 1 1 0 0 1 .3827 1 .9239 -.3827 1 .9239

5 24 -.3827 1 .9239 -.3827 0 .9239 0 1 1 -.7071 1 .7071

5 24 -.7071 1 .7071 -.7071 0 .7071 -.3827 1 .9239 -.9239 1 .3827

5 24 -.9239 1 .3827 -.9239 0 .3827 -.7071 1 .7071 -1 1 0

5 24 -1 1 0 -1 0 0 -.9239 1 .3827 -.9239 1 -.3827

5 24 -.9239 1 -.3827 -.9239 0 -.3827 -1 1 0 -.7071 1 -.7071

5 24 -.7071 1 -.7071 -.7071 0 -.7071 -.9239 1 -.3827 -.3827 1 -.9239

5 24 -.3827 1 -.9239 -.3827 0 -.9239 -.7071 1 -.7071 0 1 -1

5 24 0 1 -1 0 0 -1 -.3827 1 -.9239 .4142 1 -1

0

0 NOFILE

0 FILE 3-4disc.dat
0 Disc 0.75

0 Name: 3-4disc.dat

0 Author: James Jessiman

0 !LDRAW_ORG Primitive UPDATE 2002-02

0 !LICENSE Licensed under CC BY 4.0 : see CAreadme.txt



0 BFC CERTIFY CCW



0 !HISTORY 2002-03-23 [sbliss] Added BFC statement

0 !HISTORY 2002-04-25 [PTadmin] Official Update 2002-02

0 !HISTORY 2007-06-24 [PTadmin] Header formatted for Contributor Agreement

0 !HISTORY 2008-07-01 [PTadmin] Official Update 2008-01





3 16 0 0 0 1 0 0 0.9239 0 0.3827

3 16 0 0 0 0.9239 0 0.3827 0.7071 0 0.7071

3 16 0 0 0 0.7071 0 0.7071 0.3827 0 0.9239

3 16 0 0 0 0.3827 0 0.9239 0 0 1

3 16 0 0 0 0 0 1 -0.3827 0 0.9239

3 16 0 0 0 -0.3827 0 0.9239 -0.7071 0 0.7071

3 16 0 0 0 -0.7071 0 0.7071 -0.9239 0 0.3827

3 16 0 0 0 -0.9239 0 0.3827 -1 0 0

3 16 0 0 0 -1 0 0 -0.9239 0 -0.3827

3 16 0 0 0 -0.9239 0 -0.3827 -0.7071 0 -0.7071

3 16 0 0 0 -0.7071 0 -0.7071 -0.3827 0 -0.9239

3 16 0 0 0 -0.3827 0 -0.9239 0 0 -1

0

0 NOFILE

0 FILE 3-4edge.dat
0 Circle 0.75

0 Name: 3-4edge.dat

0 Author: James Jessiman

0 !LDRAW_ORG Primitive UPDATE 2017-01

0 !LICENSE Licensed under CC BY 4.0 : see CAreadme.txt



0 BFC CERTIFY CCW



0 !HISTORY 2007-06-24 [PTadmin] Header formatted for Contributor Agreement

0 !HISTORY 2008-07-01 [PTadmin] Official Update 2008-01

0 !HISTORY 2017-01-15 [Steffen] BFCed

0 !HISTORY 2017-12-30 [PTadmin] Official Update 2017-01





2 24 1 0 0 0.9239 0 0.3827

2 24 0.9239 0 0.3827 0.7071 0 0.7071

2 24 0.7071 0 0.7071 0.3827 0 0.9239

2 24 0.3827 0 0.9239 0 0 1

2 24 0 0 1 -0.3827 0 0.9239

2 24 -0.3827 0 0.9239 -0.7071 0 0.7071

2 24 -0.7071 0 0.7071 -0.9239 0 0.3827

2 24 -0.9239 0 0.3827 -1 0 0

2 24 -1 0 -0 -0.9239 0 -0.3827

2 24 -0.9239 0 -0.3827 -0.7071 0 -0.7071

2 24 -0.7071 0 -0.7071 -0.3827 0 -0.9239

2 24 -0.3827 0 -0.9239 0 0 -1

0 NOFILE

0 FILE s__6143s02.dat
0 ~Brick  2 x  2 Round Reinforced without Outer Surface - 1/4

0 Name: s\6143s02.dat

0 Author: Magnus Forsberg [MagFors]

0 !LDRAW_ORG Subpart UPDATE 2020-01

0 !LICENSE Licensed under CC BY 4.0 : see CAreadme.txt



0 BFC CERTIFY CCW



0 !HISTORY 2020-06-28 [PTadmin] Official Update 2020-01





1 16 0 24 0 18.4776 0 7.65367 0 1 0 -7.65367 0 18.4776 1-8edge.dat

1 16 0 20 0 18.4776 0 7.65367 0 4 0 -7.65367 0 18.4776 1-8cyli.dat

2 24 16.87 24 -10.07 18.4778 24 -7.6539

2 24 16.87 20 -10.07 14.142 20 -14.142

2 24 14.142 20 -14.142 10.07 20 -16.87

2 24 18.477 24 7.654 16.87 24 10.07

2 24 6.123 20 -14.782 10.07 20 -16.87



1 16 0 24 0 14.7821 0 6.12293 0 1 0 -6.12293 0 14.7821 1-8edge.dat

1 16 0 24 0 3.69552 0 1.53073 0 -1 0 -1.53073 0 3.69552 1-8ring4.dat

4 16 16.87 24 10.07 16.87 20 10.07 18.4777 20 7.6538 18.477 24 7.654

3 16 14.7819 24 6.1229 16.87 24 10.07 18.477 24 7.654

1 16 15.826 22 8.096475 1.04395 1 -0.0001 0 0 2 1.9735 0 0 rect3.dat

4 16 18.4778 24 -7.6539 18.4778 20 -7.6539 16.87 20 -10.07 16.87 24 -10.07

3 16 18.4778 24 -7.6539 16.87 24 -10.07 14.7821 24 -6.1229

1 16 15.82607 22 -8.096475 0 1 -1.04395 -2 0 0 0 0 1.97355 rect.dat

4 16 10.07 20 -16.87 6.123 20 -14.782 11.3139 20 -11.3139 14.142 20 -14.142

4 16 14.142 20 -14.142 11.3139 20 -11.3139 14.7822 20 -6.123 16.87 20 -10.07



4 16 8 13.8011 0 8 18 0 7.3912 18 3.0616 7.6023 14 2

4 16 7.3912 18 3.0616 7.3912 4 3.0616 7.6023 4 2 7.6023 14 2

4 16 7.6023 4 -2 7.3912 4 -3.0615 7.3913 18 -3.0616 7.6023 14 -2

4 16 8 13.8011 0 7.6023 14 -2 7.3913 18 -3.0616 8 18 0

4 16 7.3912 4 -3.0615 7.6023 4 -2 15.6023 4 -2 14.7823 4 -6.123

4 16 14.7824 4 6.1232 15.6023 4 2 7.6023 4 2 7.3912 4 3.0616

3 16 16 9.8 0 15.6023 10 2 14.7821 20 6.123

4 16 15.6023 4 2 14.7824 4 6.1232 14.7821 20 6.123 15.6023 10 2

4 16 14.7822 20 -6.123 14.7823 4 -6.123 15.6023 4 -2 15.6023 10 -2

4 16 14.7821 24 -6.1229 14.7822 20 -6.123 16 9.8 0 16 24 0

3 16 14.7822 20 -6.123 15.6023 10 -2 16 9.8 0

4 16 16 9.8 0 14.7821 20 6.123 14.7819 24 6.1229 16 24 0



1 16 0 4 0 3.06147 0 7.39104 0 1 0 -7.39104 0 3.06147 1-8edge.dat

1 16 0 4 0 3.06147 0 7.39104 0 14 0 -7.39104 0 3.06147 1-8cyli.dat

1 16 0 4 0 3.06147 0 7.39104 0 -1 0 -7.39104 0 3.06147 1-8ring1.dat

0 BFC INVERTNEXT

1 16 0 4 0 6.12293 0 14.78207 0 16 0 -14.78207 0 6.12293 1-8cylo.dat

1 16 0 0 0 20 0 0 0 1 0 0 0 -20 1-4chrd.dat

1 16 0 0 0 20 0 0 0 1 0 0 0 -20 1-4edge.dat

1 16 0 0 0 4.24263 0 4.24265 0 1 0 -4.24265 0 4.24263 1-4ndis.dat



4 16 0 0 -20 20 0 0 8.4853 0 0 0 0 -8.4853

2 24 7.6023 4 -2 15.6023 4 -2

2 24 15.6023 4 2 7.6023 4 2

2 24 7.6023 4 2 7.6023 14 2

2 24 7.6023 4 -2 7.6023 14 -2

2 24 15.6023 4 2 15.6023 10 2

2 24 15.6023 4 -2 15.6023 10 -2

1 16 11.80115 11.90028 1 -4 0 -0.19885 2.00055 -1 0.1 0 0 1 rect3.dat

1 16 11.80115 11.90028 -1 4 0 -0.19885 -2.00055 -1 0.09945 0 0 -1 rect3.dat

4 16 15.6023 10 -2 15.6023 4 -2 7.6023 4 -2 7.6023 14 -2

4 16 7.6023 14 2 7.6023 4 2 15.6023 4 2 15.6023 10 2

2 24 14.7824 4 6.1232 15.6023 4 2

2 24 15.6023 4 -2 14.7823 4 -6.123

2 24 7.3912 4 -3.0615 7.6023 4 -2

2 24 7.3912 4 3.0616 7.6023 4 2

5 24 16 9.8 0 16 24 0 14.7822 20 -6.123 14.7821 20 6.123

5 24 8 13.8011 0 8 18 0 7.6023 14 -2 7.6023 14 2

5 24 14.7821 20 6.123 14.7824 4 6.1232 16 24 0 11.3136 20 11.3136

5 24 14.7822 20 -6.123 14.7823 4 -6.123 11.3139 20 -11.3139 16 24 0

5 24 7.3913 18 -3.0616 7.3912 4 -3.0615 5.6569 18 -5.6569 8 18 0

5 24 7.3912 18 3.0616 7.3912 4 3.0616 8 18 0 5.6568 18 5.6568

5 24 18.4778 20 -7.6539 18.4778 24 -7.6539 16.87 24 -10.07 20.0005 24 0.0002

5 24 18.4777 20 7.6538 18.477 24 7.654 16.87 24 10.07 20.0005 24 0.0002

0 NOFILE

0 FILE 1-4chrd.dat
0 Chord 0.25

0 Name: 1-4chrd.dat

0 Author: Max Martin Richter [MMR1988]

0 !LDRAW_ORG Primitive UPDATE 2023-05

0 !LICENSE Licensed under CC BY 4.0 : see CAreadme.txt



0 BFC CERTIFY CCW



0 !HISTORY 2004-04-22 [PTadmin] Official Update 2004-02

0 !HISTORY 2007-10-09 [PTadmin] Header formatted for Contributor Agreement

0 !HISTORY 2008-07-01 [PTadmin] Official Update 2008-01

0 !HISTORY 2012-08-02 [MMR1988] Re-creation with PrimGen2 and Rectifier

0 !HISTORY 2012-08-09 [PTadmin] Official Update 2012-02

0 !HISTORY 2023-10-27 [OrionP] Change author to MMR1988 from hafhead

0 !HISTORY 2023-10-31 [OrionP] Official Update 2023-05



4 16 0.9239 0 0.3827 0.3827 0 0.9239 0 0 1 1 0 0

3 16 0.7071 0 0.7071 0.3827 0 0.9239 0.9239 0 0.3827
0 NOFILE

0 FILE 1-8ring1.dat
0 Ring  1 x 0.125

0 Name: 1-8ring1.dat

0 Author: Willy Tschager [Holly-Wood]

0 !LDRAW_ORG Primitive UPDATE 2024-01

0 !LICENSE Licensed under CC BY 4.0 : see CAreadme.txt



0 BFC CERTIFY CCW



0 !HISTORY 2002-12-27 [sbliss] Updated for BFC compliance

0 !HISTORY 2003-12-19 [PTadmin] Official Update 2003-03

0 !HISTORY 2007-06-22 [PTadmin] Header formatted for Contributor Agreement

0 !HISTORY 2008-07-01 [PTadmin] Official Update 2008-01

0 !HISTORY 2024-01-18 [Holly-Wood] Complete regeneration, original by bbroich

0 !HISTORY 2024-01-29 [OrionP] Official Update 2024-01



4 16 2 0 0 1.8478 0 0.7654 0.9239 0 0.3827 1 0 0

4 16 1.8478 0 0.7654 1.4142 0 1.4142 0.7071 0 0.7071 0.9239 0 0.3827

0 // Build by LDPartEditor (PrimGen 2.X)

0 NOFILE

0 FILE 1-8ring4.dat
0 Ring  4 x 0.125

0 Name: 1-8ring4.dat

0 Author: Willy Tschager [Holly-Wood]

0 !LDRAW_ORG Primitive UPDATE 2024-01

0 !LICENSE Licensed under CC BY 4.0 : see CAreadme.txt



0 BFC CERTIFY CCW



0 !HISTORY 2005-12-28 [PTadmin] Official Update 2005-01

0 !HISTORY 2007-06-22 [PTadmin] Header formatted for Contributor Agreement

0 !HISTORY 2008-07-01 [PTadmin] Official Update 2008-01

0 !HISTORY 2024-01-14 [Holly-Wood] Complete regeneration, original by guyvivan

0 !HISTORY 2024-01-29 [OrionP] Official Update 2024-01



4 16 5 0 0 4.6195 0 1.9135 3.6956 0 1.5308 4 0 0

4 16 4.6195 0 1.9135 3.5355 0 3.5355 2.8284 0 2.8284 3.6956 0 1.5308

0 // Build by LDPartEditor (PrimGen 2.X)

0 NOFILE

0 FILE axl3hol2.dat
0 Technic Axle Hole Semi-Reduced Side Edges

0 Name: axl3hol2.dat

0 Author: Santeri Piippo [arezey]

0 !LDRAW_ORG Primitive UPDATE 2011-01

0 !LICENSE Licensed under CC BY 4.0 : see CAreadme.txt



0 BFC CERTIFY CCW



0 !HISTORY 2011-07-25 [PTadmin] Official Update 2011-01





2 24 0 0 6 -2.296 0 5.543

2 24 -2.296 0 5.543 -2.791 0 5.213

2 24 -5.213 0 2.791 -5.543 0 2.296

2 24 -5.543 0 2.296 -6 0 0

0 //

2 24 0 0 -6 2.296 0 -5.543

2 24 2.296 0 -5.543 2.791 0 -5.213

2 24 5.213 0 -2.791 5.543 0 -2.296

2 24 5.543 0 -2.296 6 0 0

0 //

2 24 0 0 -6 -2 0 -5.602

2 24 -6 0 0 -5.602 0 -2

0 //

2 24 6 0 0 5.602 0 2

2 24 0 0 6 2 0 5.602

0 //

0

0 NOFILE

0 FILE axl3hol8.dat
0 Technic Axle Hole Semi-Reduced Perimeter

0 Name: axl3hol8.dat

0 Author: Santeri Piippo [arezey]

0 !LDRAW_ORG Primitive UPDATE 2011-01

0 !LICENSE Licensed under CC BY 4.0 : see CAreadme.txt



0 BFC CERTIFY CCW



0 !HISTORY 2011-07-25 [PTadmin] Official Update 2011-01





2 24 -2.791 1 5.213 -2.791 0 5.213

2 24 -2.5 1 2.5 -2.5 0 2.5

2 24 -5.213 1 2.791 -5.213 0 2.791

5 24 0 1 6 0 0 6 -2.296 1 5.543 6 1 6

5 24 -2.296 1 5.543 -2.296 0 5.543 -4.243 1 4.243 0 1 6

5 24 -5.543 1 2.296 -5.543 0 2.296 -6 1 0 -4.243 1 4.243

5 24 -6 1 0 -6 0 0 -5.543 1 2.296 -6 1 -6

4 16 -2.5 1 2.5 -2.5 0 2.5 -5.213 0 2.791 -5.213 1 2.791

4 16 -2.791 1 5.213 -2.791 0 5.213 -2.5 0 2.5 -2.5 1 2.5

4 16 0 1 6 0 0 6 -2.296 0 5.543 -2.296 1 5.543

4 16 -2.296 1 5.543 -2.296 0 5.543 -2.791 0 5.213 -2.791 1 5.213

4 16 -5.213 1 2.791 -5.213 0 2.791 -5.543 0 2.296 -5.543 1 2.296

4 16 -5.543 1 2.296 -5.543 0 2.296 -6 0 0 -6 1 0

0 //

2 24 2.791 1 -5.213 2.791 0 -5.213

2 24 2.5 1 -2.5 2.5 0 -2.5

2 24 5.213 1 -2.791 5.213 0 -2.791

5 24 0 1 -6 0 0 -6 2.296 1 -5.543 -6 1 -6

5 24 2.296 1 -5.543 2.296 0 -5.543 4.243 1 -4.243 0 1 -6

5 24 5.543 1 -2.296 5.543 0 -2.296 6 1 0 4.243 1 -4.243

5 24 6 1 0 6 0 0 5.543 1 -2.296 6 1 6

4 16 2.5 1 -2.5 2.5 0 -2.5 5.213 0 -2.791 5.213 1 -2.791

4 16 2.791 1 -5.213 2.791 0 -5.213 2.5 0 -2.5 2.5 1 -2.5

4 16 0 1 -6 0 0 -6 2.296 0 -5.543 2.296 1 -5.543

4 16 2.296 1 -5.543 2.296 0 -5.543 2.791 0 -5.213 2.791 1 -5.213

4 16 5.213 1 -2.791 5.213 0 -2.791 5.543 0 -2.296 5.543 1 -2.296

4 16 5.543 1 -2.296 5.543 0 -2.296 6 0 0 6 1 0

0 //

5 24 -6 1 0 -6 0 0 -6 1 6 -5.602 1 -2

2 24 -5.602 1 -2 -5.602 0 -2

5 24 -2.5 1 -2.5 -2.5 0 -2.5 -4 1 -2 -2 1 -4

2 24 -2 1 -5.602 -2 0 -5.602

5 24 0 1 -6 0 0 -6 -2 1 -5.602 6 1 -6

4 16 -6 1 0 -6 0 0 -5.602 0 -2 -5.602 1 -2

4 16 -5.602 1 -2 -5.602 0 -2 -4 0 -2 -4 1 -2

4 16 -4 1 -2 -4 0 -2 -2.5 0 -2.5 -2.5 1 -2.5

4 16 -2.5 1 -2.5 -2.5 0 -2.5 -2 0 -4 -2 1 -4

4 16 -2 1 -4 -2 0 -4 -2 0 -5.602 -2 1 -5.602

4 16 -2 0 -5.602 0 0 -6 0 1 -6 -2 1 -5.602

0 //

5 24 6 1 0 6 0 0 6 1 -6 5.602 1 2

2 24 5.602 1 2 5.602 0 2

5 24 2.5 1 2.5 2.5 0 2.5 4 1 2 2 1 4

2 24 2 1 5.602 2 0 5.602

5 24 0 1 6 0 0 6 2 1 5.602 -6 1 6

4 16 6 1 0 6 0 0 5.602 0 2 5.602 1 2

4 16 4 1 2 5.602 1 2 5.602 0 2 4 0 2

4 16 4 1 2 4 0 2 2.5 0 2.5 2.5 1 2.5

4 16 2.5 1 2.5 2.5 0 2.5 2 0 4 2 1 4

4 16 2 1 4 2 0 4 2 0 5.602 2 1 5.602

4 16 2 0 5.602 0 0 6 0 1 6 2 1 5.602

0 //

5 24 -4 0 -2 -4 1 -2 -5.602 1 -2 -2.5 0 -2.5

5 24 -2 0 -4 -2 1 -4 -2.5 1 -2.5 -2 0 -5.602

5 24 4 0 2 4 1 2 5.602 1 2 2.5 0 2.5

5 24 2 0 4 2 1 4 2.5 1 2.5 2 0 5.602

0

0 NOFILE

0 FILE axl3ho10.dat
0 Technic Axle Hole Semi-Reduced Tooth Surface

0 Name: axl3ho10.dat

0 Author: Santeri Piippo [arezey]

0 !LDRAW_ORG Primitive UPDATE 2011-01

0 !LICENSE Licensed under CC BY 4.0 : see CAreadme.txt



0 BFC CERTIFY CCW



0 !HISTORY 2011-07-25 [PTadmin] Official Update 2011-01





4 16 -2.5 0 2.5 -2.791 0 5.213 -4.243 0 4.243 -5.213 0 2.791

0 //

4 16 2.5 0 -2.5 2.791 0 -5.213 4.243 0 -4.243 5.213 0 -2.791

0 //

4 16 -5.602 0 -2 -5.543 0 -2.296 -4.243 0 -4.243 -4 0 -2

4 16 -4 0 -2 -4.243 0 -4.243 -2 0 -4 -2.5 0 -2.5

4 16 -2.296 0 -5.543 -2 0 -5.602 -2 0 -4 -4.243 0 -4.243

0 //

4 16 5.602 0 2 5.543 0 2.296 4.243 0 4.243 4 0 2

4 16 4 0 2 4.243 0 4.243 2 0 4 2.5 0 2.5

4 16 2.296 0 5.543 2 0 5.602 2 0 4 4.243 0 4.243

0 //

0

0 NOFILE

0 FILE axl3hol9.dat
0 Technic Axle Hole Semi-Reduced Tooth Inner Edges

0 Name: axl3hol9.dat

0 Author: Santeri Piippo [arezey]

0 !LDRAW_ORG Primitive UPDATE 2011-01

0 !LICENSE Licensed under CC BY 4.0 : see CAreadme.txt



0 BFC CERTIFY CCW



0 !HISTORY 2011-07-25 [PTadmin] Official Update 2011-01





2 24 -2.791 0 5.213 -2.5 0 2.5

2 24 -2.5 0 2.5 -5.213 0 2.791

2 24 2.791 0 -5.213 2.5 0 -2.5

2 24 2.5 0 -2.5 5.213 0 -2.791

2 24 -5.602 0 -2 -4 0 -2

2 24 -4 0 -2 -2.5 0 -2.5

2 24 -2.5 0 -2.5 -2 0 -4

2 24 -2 0 -4 -2 0 -5.602

2 24 5.602 0 2 4 0 2

2 24 4 0 2 2.5 0 2.5

2 24 2.5 0 2.5 2 0 4

2 24 2 0 4 2 0 5.602

0 //

0

0 NOFILE

0 FILE axl3hol3.dat
0 Technic Axle Hole Semi-Reduced Tooth Outer Edges

0 Name: axl3hol3.dat

0 Author: Santeri Piippo [arezey]

0 !LDRAW_ORG Primitive UPDATE 2011-01

0 !LICENSE Licensed under CC BY 4.0 : see CAreadme.txt



0 BFC CERTIFY CCW



0 !HISTORY 2011-07-25 [PTadmin] Official Update 2011-01





2 24 5.602 0 2 5.5434 0 2.2962

2 24 5.5434 0 2.2962 4.2426 0 4.2426

2 24 4.2426 0 4.2426 2.2962 0 5.5434

2 24 2 0 5.602 2.2962 0 5.5434

2 24 -2.791 0 5.2127 -4.2426 0 4.2426

2 24 -4.2426 0 4.2426 -5.2127 0 2.791

2 24 -5.602 0 -2 -5.5434 0 -2.2962

2 24 -5.5434 0 -2.2962 -4.2426 0 -4.2426

2 24 -4.2426 0 -4.2426 -2.2962 0 -5.5434

2 24 -2 0 -5.602 -2.2962 0 -5.5434

2 24 2.791 0 -5.2127 4.2426 0 -4.2426

2 24 4.2426 0 -4.2426 5.2127 0 -2.791

0

0 NOFILE

0 FILE 3005.dat
0 Brick  1 x  1

0 Name: 3005.dat

0 Author: James Jessiman

0 !LDRAW_ORG Part UPDATE 2022-05

0 !LICENSE Licensed under CC BY 4.0 : see CAreadme.txt



0 BFC CERTIFY CCW



0 !HISTORY 2001-10-26 [PTadmin] Official Update 2001-01

0 !HISTORY 2002-05-07 {unknown} BFC Certification

0 !HISTORY 2002-06-11 [PTadmin] Official Update 2002-03

0 !HISTORY 2007-05-07 [PTadmin] Header formatted for Contributor Agreement

0 !HISTORY 2008-07-01 [PTadmin] Official Update 2008-01

0 !HISTORY 2022-08-04 [MagFors] Using subfile

0 !HISTORY 2022-09-15 [PTadmin] Official Update 2022-05





1 16 0 0 0 1 0 0 0 1 0 0 0 1 s__3005s01.dat

4 16 -10 24 -10 10 24 -10 10 0 -10 -10 0 -10

0 NOFILE

0 FILE s__3005s01.dat
0 ~Brick  1 x  1 without Front Face

0 Name: s\3005s01.dat

0 Author: Willy Tschager [Holly-Wood]

0 !LDRAW_ORG Subpart UPDATE 2024-04

0 !LICENSE Licensed under CC BY 4.0 : see CAreadme.txt



0 BFC CERTIFY CCW



0 !HISTORY 2003-09-07 [jriley] BFCed & Subfiled

0 !HISTORY 2004-03-02 [PTadmin] Official Update 2004-01

0 !HISTORY 2007-08-29 [PTadmin] Header formatted for Contributor Agreement

0 !HISTORY 2008-07-01 [PTadmin] Official Update 2008-01

0 !HISTORY 2024-03-15 [Holly-Wood] Complete re-write, original by jriley

0 !HISTORY 2024-05-28 [OrionP] Official Update 2024-04



1 16 0 0 0 0 0 1 0 1 0 -1 0 0 stud.dat

1 16 0 24 0 -10 0 0 0 -24 0 0 0 10 box4t.dat

0 BFC INVERTNEXT

1 16 0 24 0 -6 0 0 0 -20 0 0 0 6 box5.dat



4 16 -6 24 -6 6 24 -6 10 24 -10 -10 24 -10

4 16 10 24 -10 6 24 -6 6 24 6 10 24 10

4 16 6 24 6 -6 24 6 -10 24 10 10 24 10

4 16 -10 24 10 -6 24 6 -6 24 -6 -10 24 -10

0 NOFILE

0 FILE box4t.dat
0 Box with 4 Adjacent Faces and All Edges

0 Name: box4t.dat

0 Author: Tore Eriksson [Tore_Eriksson]

0 !LDRAW_ORG Primitive UPDATE 2003-02

0 !LICENSE Licensed under CC BY 4.0 : see CAreadme.txt



0 BFC CERTIFY CCW



0 !HISTORY 1997-09-29 [PTadmin] Official Update 1997-15

0 !HISTORY 2002-08-31 [izanette] Modified with WINDZ for BFC compliance

0 !HISTORY 2003-08-01 [PTadmin] Official Update 2003-02

0 !HISTORY 2007-06-24 [PTadmin] Header formatted for Contributor Agreement

0 !HISTORY 2008-07-01 [PTadmin] Official Update 2008-01





2 24 1 1 1 -1 1 1

2 24 -1 1 1 -1 1 -1

2 24 -1 1 -1 1 1 -1

2 24 1 1 -1 1 1 1

2 24 1 0 1 -1 0 1

2 24 -1 0 1 -1 0 -1

2 24 -1 0 -1 1 0 -1

2 24 1 0 -1 1 0 1

2 24 1 0 1 1 1 1

2 24 -1 0 1 -1 1 1

2 24 1 0 -1 1 1 -1

2 24 -1 0 -1 -1 1 -1

4 16 1 1 1 1 1 -1 -1 1 -1 -1 1 1

4 16 1 1 1 -1 1 1 -1 0 1 1 0 1

4 16 -1 1 1 -1 1 -1 -1 0 -1 -1 0 1

0 // 4 16 -1 1 -1 -1 0 -1 1 0 -1 1 1 -1

4 16 1 1 -1 1 1 1 1 0 1 1 0 -1

0

0 NOFILE

0 FILE 85080.dat
0 Brick  2 x  2 Corner Round w Stud Notch and Reinforced Underside

0 Name: 85080.dat

0 Author: Max Martin Richter [MMR1988]

0 !LDRAW_ORG Part UPDATE 2024-02

0 !LICENSE Licensed under CC BY 4.0 : see CAreadme.txt



0 BFC CERTIFY CCW



0 !KEYWORDS macaroni



0 !HISTORY 2013-07-21 [PTadmin] Official Update 2013-01

0 !HISTORY 2024-03-23 [OrionP] Updated ring primitives

0 !HISTORY 2024-03-24 [OrionP] Official Update 2024-02



0 // outside



0 BFC INVERTNEXT

1 16 -10 0 10 20 0 0 0 24 0 0 0 -20 1-4cylo.dat



1 16 -10 0 10 40 0 0 0 24 0 0 0 -40 48__1-12cylo.dat

3 16 24.64 24 -10 22.31824 20 -13.47944 22.31824 24 -13.47944

4 16 24.64 24 -10 24.64 0 -10 22.31824 0 -13.47944 22.31824 20 -13.47944

4 16 22.31824 20 -13.47944 22.31824 0 -13.47944 21.7329 0 -14.3501 21.7329 20 -14.3501

1 16 -10 0 10 24.35046 0 31.73413 0 20 0 -31.73413 0 24.35046 48__1-24cylo.dat

4 16 14.35046 20 -21.73413 14.35046 0 -21.73413 13.47944 0 -22.31824 13.47944 20 -22.31824

4 16 10 0 -24.64 10 24 -24.64 13.47944 20 -22.31824 13.47944 0 -22.31824

3 16 10 24 -24.64 13.47944 24 -22.31824 13.47944 20 -22.31824

1 16 -10 0 10 0 0 40 0 24 0 -40 0 0 48__1-12cylo.dat



1 16 20 12 10 10 0 0 0 0 12 0 -1 0 rect.dat

1 16 -10 12 -20 0 1 0 0 0 12 -10 0 0 rect.dat



0 // top



1 16 -10 0 10 0 0 20 0 1 0 -20 0 0 1-4ring1.dat

1 16 -10 0 10 0 0 40 0 1 0 -40 0 0 48__1-4aring.dat



0 // bottom



3 16 -4.78 24 -29.656 -10 24 -30 -6 24 -26

4 16 0.352 24 -28.636 -4.78 24 -29.656 -6 24 -26 0 24 -26

4 16 5.308 24 -26.956 0.352 24 -28.636 0 24 -26 6 24 -26

3 16 10 24 -24.64 5.308 24 -26.956 6 24 -26

4 16 13.47944 24 -22.31824 10 24 -24.64 9 24 -20.50874 10.60136 24 -19.44016

1 16 12.0404 22 -20.8792 0 -1 1.43904 2 0 0 0 0 -1.43904 rect.dat

4 16 10.60136 20 -19.44016 11.91536 20 -18.56078 14.3504 20 -21.7342 13.47944 20 -22.31824

4 16 6 24 -20 9 24 -20.50874 10 24 -24.64 6 24 -26

4 16 6 24 -20 6 24 -7.61908 9 24 -9 9 24 -20.50874

4 16 -2.346 24 -8.478 4.142 24 -4.142 6 24 -7.61908 1.5 24 -10.62588

3 16 1.5 24 -10.62588 -1.5 24 -12.30925 -2.346 24 -8.478

4 16 1.5 24 -14 -1.5 24 -14 -1.5 24 -12.30925 1.5 24 -10.62588

4 16 -10 24 -10 -2.346 24 -8.478 -1.5 24 -12.30925 -6 24 -13.20436

4 16 -6 24 -13.20436 -6 24 -26 -10 24 -30 -10 24 -10

1 16 0 24 -20 0 0 6 0 -1 0 -6 0 0 1-4ndis.dat



1 16 -10 20 10 2.43504 0 3.17342 0 -1 0 -3.17342 0 2.43504 48__1-24ring9.dat

4 16 4.142 24 -4.142 7.61908 24 -6 9 24 -9 6 24 -7.61908



3 16 26 24 6 30 24 10 29.656 24 4.78

4 16 26 24 0 26 24 6 29.656 24 4.78 28.636 24 -0.352

4 16 26 24 -6 26 24 0 28.636 24 -0.352 26.956 24 -5.308

3 16 26 24 -6 26.956 24 -5.308 24.64 24 -10

4 16 19.44016 24 -10.60136 20.50874 24 -9 24.64 24 -10 22.31824 24 -13.47944

1 16 20.8792 22 -12.0404 0 0 1.43904 2 0 0 0 1 -1.43904 rect.dat

4 16 22.31824 20 -13.47944 21.73286 20 -14.35018 18.55958 20 -11.91516 19.44016 20 -10.60136

4 16 26 24 -6 24.64 24 -10 20.50874 24 -9 20 24 -6

4 16 20.50874 24 -9 9 24 -9 7.61908 24 -6 20 24 -6

4 16 10.62588 24 -1.5 7.61908 24 -6 4.142 24 -4.142 8.478 24 2.346

3 16 8.478 24 2.346 12.30925 24 1.5 10.62588 24 -1.5

4 16 10.62588 24 -1.5 12.30925 24 1.5 14 24 1.5 14 24 -1.5

4 16 13.20436 24 6 12.30925 24 1.5 8.478 24 2.346 10 24 10

4 16 10 24 10 30 24 10 26 24 6 13.20436 24 6

1 16 20 24 0 6 0 0 0 -1 0 0 0 -6 1-4ndis.dat



0 // underside - inside



0 BFC INVERTNEXT

1 16 -3 14 -19.60218 0 -3 0 10 0 0 0 0 -6.39782 box2-7.dat

0 BFC INVERTNEXT

1 16 -3.75 14 -13.60218 0 2.25 0 10 0 0 0 0.44755 0.84538 box2-5.dat

1 16 0 14 -12.31294 0 1.5 0 10 0 0 0 0 -1.68706 box2-7.dat

0 BFC INVERTNEXT

1 16 3.75 14 -15.31294 0 2.25 0 10 0 0 0 1.5034 6.19046 box2-7.dat

0 BFC INVERTNEXT

1 16 0 4 -20 0 0 6 0 20 0 -6 0 0 1-4cylc.dat



0 BFC INVERTNEXT

1 16 19.60218 14 3 0 0 6.39782 10 0 0 0 3 0 box2-7.dat

0 BFC INVERTNEXT

1 16 13.60218 14 3.75 0 -0.44755 -0.84538 10 0 0 0 -2.25 0 box2-5.dat

1 16 12.31294 14 0 0 0 1.68706 10 0 0 0 -1.5 0 box2-7.dat

0 BFC INVERTNEXT

1 16 15.31294 14 -3.75 0 -1.5034 -6.19046 10 0 0 0 -2.25 0 box2-7.dat

0 BFC INVERTNEXT

1 16 20 4 0 6 0 0 0 20 0 0 0 -6 1-4cylc.dat



0 BFC INVERTNEXT

1 16 -10 4 10 21.91541 0 28.56072 0 16 0 -28.56072 0 21.91541 48__1-24cylo.dat



3 16 10.60136 20 -19.44016 10.60136 24 -19.44016 9 24 -20.50874

4 16 9 24 -20.50874 9 4 -20.50874 10.60136 4 -19.44016 10.60136 20 -19.44016

4 16 11.91541 4 -18.56072 11.91536 20 -18.56078 10.60136 20 -19.44016 10.60136 4 -19.44016



4 16 18.55958 20 -11.91516 18.55961 4 -11.91509 19.44016 4 -10.60136 19.44016 20 -10.60136

4 16 20.50874 4 -9 20.50874 24 -9 19.44016 20 -10.60136 19.44016 4 -10.60136

3 16 19.44016 24 -10.60136 19.44016 20 -10.60136 20.50874 24 -9



0 BFC INVERTNEXT

1 16 14.75437 14 -14.75437 0 -5.75437 0 10 0 0 0 0 5.75437 box2-5.dat



0 // underside - top



4 16 -6 4 -26 -6 4 -13.20436 -1.5 4 -12.30925 -1.5 4 -14

4 16 0 4 -26 -6 4 -26 -1.5 4 -14 0 4 -20

4 16 0 4 -20 -1.5 4 -14 1.5 4 -14 6 4 -20

4 16 6 4 -20 1.5 4 -14 1.5 4 -10.62588 6 4 -7.61908



4 16 14 4 1.5 12.30925 4 1.5 13.20436 4 6 26 4 6

4 16 20 4 0 14 4 1.5 26 4 6 26 4 0

4 16 20 4 -6 14 4 -1.5 14 4 1.5 20 4 0

4 16 7.61908 4 -6 10.62588 4 -1.5 14 4 -1.5 20 4 -6



4 16 9 4 -9 20.50874 4 -9 18.55961 4 -11.91509 15.45411 4 -15.45514

4 16 15.45514 4 -15.45411 11.91509 4 -18.55961 9 4 -20.50874 9 4 -9



0 // additional edges and condlines



2 24 1.5 4 -10.62588 1.5 24 -10.62588

2 24 10.62588 4 -1.5 10.62588 24 -1.5

2 24 24.64 0 -10 21.736 0 -14.352

2 24 14.35046 0 -21.73413 10 0 -24.64

2 24 22.31824 20 -13.47944 21.736 20 -14.352

2 24 14.35046 20 -21.73413 13.47944 20 -22.31824

2 24 24.64 24 -10 22.31824 24 -13.47944

2 24 13.47944 24 -22.31824 10 24 -24.64

2 24 9 24 -20.50874 10.60136 24 -19.44016

2 24 10.60136 20 -19.44016 11.91536 20 -18.56078

2 24 9 4 -20.50874 11.91536 4 -18.56078

2 24 20.50874 24 -9 19.44016 24 -10.60136

2 24 19.44016 20 -10.60136 18.56078 20 -11.91536

2 24 20.50874 4 -9 18.56078 4 -11.91536



5 24 24.64 24 -10 24.64 0 -10 26.956 24 -5.308 21.736 24 -14.352

5 24 21.736 20 -14.352 21.736 0 -14.352 24.64 24 -10 18.284 20 -18.284

5 24 14.352 20 -21.736 14.352 0 -21.736 18.284 20 -18.284 10 24 -24.64

5 24 10 24 -24.64 10 0 -24.64 14.352 24 -21.736 5.308 24 -26.956

5 24 11.9154 4 -18.5607 11.9154 20 -18.5608 10.6014 20 -19.4402 15.4541 4 -15.4551

5 24 18.5596 20 -11.9152 18.5596 4 -11.9151 19.4402 4 -10.6014 15.4541 20 -15.4551



0 // studs



1 16 20 0 0 0 0 1 0 1 0 -1 0 0 stud.dat

1 16 0 0 -20 0 0 1 0 1 0 -1 0 0 stud.dat
0 NOFILE

0 FILE 1-4cylc.dat
0 Cylinder Closed 0.25

0 Name: 1-4cylc.dat

0 Author: Mark Kennedy [mkennedy]

0 !LDRAW_ORG Primitive UPDATE 2010-01

0 !LICENSE Licensed under CC BY 4.0 : see CAreadme.txt



0 BFC CERTIFY CCW



0 !HISTORY 2010-04-05 [PTadmin] Official Update 2010-01





1 16 0 0 0 1 0 0 0 1 0 0 0 1 1-4edge.dat

1 16 0 1 0 1 0 0 0 1 0 0 0 1 1-4edge.dat

1 16 0 0 0 1 0 0 0 1 0 0 0 1 1-4disc.dat

1 16 0 0 0 1 0 0 0 1 0 0 0 1 1-4cyli.dat

0

0 NOFILE

0 FILE 1-4disc.dat
0 Disc 0.25

0 Name: 1-4disc.dat

0 Author: James Jessiman

0 !LDRAW_ORG Primitive UPDATE 2002-02

0 !LICENSE Licensed under CC BY 4.0 : see CAreadme.txt



0 BFC CERTIFY CCW



0 !HISTORY 2002-03-23 [sbliss] Added BFC statement.

0 !HISTORY 2002-04-25 [PTadmin] Official Update 2002-02

0 !HISTORY 2007-06-22 [PTadmin] Header formatted for Contributor Agreement

0 !HISTORY 2008-07-01 [PTadmin] Official Update 2008-01





3 16 0 0 0 1 0 0 0.9239 0 0.3827

3 16 0 0 0 0.9239 0 0.3827 0.7071 0 0.7071

3 16 0 0 0 0.7071 0 0.7071 0.3827 0 0.9239

3 16 0 0 0 0.3827 0 0.9239 0 0 1

0

0 NOFILE

0 FILE box2-5.dat
0 Box with 2 Faces without 5 Edges

0 Name: box2-5.dat

0 Author: Steffen [Steffen]

0 !LDRAW_ORG Primitive UPDATE 2003-03

0 !LICENSE Licensed under CC BY 4.0 : see CAreadme.txt



0 BFC CERTIFY CCW



0 !HISTORY 2003-12-19 [PTadmin] Official Update 2003-03

0 !HISTORY 2007-06-24 [PTadmin] Header formatted for Contributor Agreement

0 !HISTORY 2008-07-01 [PTadmin] Official Update 2008-01





2 24 1 1 1 -1 1 1

2 24 1 1 -1 -1 1 -1

2 24 1 -1 1 -1 -1 1

2 24 -1 -1 1 -1 1 1

2 24 1 -1 1 1 1 1

2 24 -1 1 -1 -1 1 1

2 24 1 1 -1 1 1 1

4 16 1 1 1 1 1 -1 -1 1 -1 -1 1 1

4 16 1 1 1 -1 1 1 -1 -1 1 1 -1 1

0

0 NOFILE

0 FILE box2-7.dat
0 Box with  2 Faces without  7 Edges

0 Name: box2-7.dat

0 Author: Willy Tschager [Holly-Wood]

0 !LDRAW_ORG Primitive UPDATE 2024-01

0 !LICENSE Licensed under CC BY 4.0 : see CAreadme.txt



0 BFC CERTIFY CCW



0 !HISTORY 2009-05-02 [PTadmin] Official Update 2009-01

0 !HISTORY 2024-01-02 [Holly-Wood] Complete re-write, original by guyvivan

0 !HISTORY 2024-01-29 [OrionP] Official Update 2024-01



2 24 -1 1 -1 -1 1 1

2 24 1 1 1 1 1 -1

4 16 -1 1 1 1 1 1 1 1 -1 -1 1 -1



2 24 -1 1 1 -1 -1 1

2 24 1 1 1 1 -1 1

4 16 1 -1 1 1 1 1 -1 1 1 -1 -1 1



2 24 -1 1 1 1 1 1

0 NOFILE

0 FILE 48__1-24ring9.dat
0 Hi-Res Ring  9 x 0.0417

0 Name: 48\1-24ring9.dat

0 Author: Willy Tschager [Holly-Wood]

0 !LDRAW_ORG 48_Primitive UPDATE 2024-02

0 !LICENSE Licensed under CC BY 4.0 : see CAreadme.txt



0 BFC CERTIFY CCW



0 !HISTORY 2013-07-21 [PTadmin] Official Update 2013-01

0 !HISTORY 2024-02-27 [Holly-Wood] Complete regeneration, original by KROACH

0 !HISTORY 2024-03-24 [OrionP] Official Update 2024-02



4 16 10 0 0 9.914 0 1.305 8.9226 0 1.1745 9 0 0

4 16 9.914 0 1.305 9.659 0 2.588 8.6931 0 2.3292 8.9226 0 1.1745

0 // Build by LDPartEditor (PrimGen 2.X)

0 NOFILE

0 FILE 48__1-4aring.dat
0 Adapter Ring Hi-Res to Normal 0.25

0 Name: 48\1-4aring.dat

0 Author: Max Martin Richter [MMR1988]

0 !LDRAW_ORG 48_Primitive UPDATE 2024-02

0 !LICENSE Licensed under CC BY 4.0 : see CAreadme.txt



0 BFC CERTIFY CCW



0 !HISTORY 2013-07-21 [PTadmin] Official Update 2013-01

0 !HISTORY 2024-02-07 [Holly-Wood] Changed 'Adaptor' to 'Adapter' in description

0 !HISTORY 2024-03-24 [OrionP] Official Update 2024-02



4 16 0.9239 0 0.3827 1 0 0 0.9914 0 0.1305 0.9659 0 0.2588

4 16 0.7071 0 0.7071 0.9239 0 0.3827 0.866 0 0.5 0.7934 0 0.6088

4 16 0.3827 0 0.9239 0.7071 0 0.7071 0.6088 0 0.7934 0.5 0 0.866

4 16 0 0 1 0.3827 0 0.9239 0.2588 0 0.9659 0.1305 0 0.9914

0 NOFILE

0 FILE 1-4ring1.dat
0 Ring  1 x 0.25

0 Name: 1-4ring1.dat

0 Author: Chris Dee [cwdee]

0 !LDRAW_ORG Primitive UPDATE 2012-01

0 !LICENSE Licensed under CC BY 4.0 : see CAreadme.txt



0 BFC CERTIFY CCW



0 !HISTORY 2000-05-07 [PTadmin] Official Update 2000-01

0 !HISTORY 2002-11-22 [hafhead] Added BFC statement

0 !HISTORY 2002-11-30 [PTadmin] Official Update 2002-05

0 !HISTORY 2007-06-22 [PTadmin] Header formatted for Contributor Agreement

0 !HISTORY 2008-07-01 [PTadmin] Official Update 2008-01

0 !HISTORY 2012-02-16 [Philo] Changed to CCW

0 !HISTORY 2012-03-30 [PTadmin] Official Update 2012-01





4 16 2 0 0 1.8478 0 0.7654 0.9239 0 0.3827 1 0 0

4 16 1.8478 0 0.7654 1.4142 0 1.4142 0.7071 0 0.7071 0.9239 0 0.3827

4 16 1.4142 0 1.4142 0.7654 0 1.8478 0.3827 0 0.9239 0.7071 0 0.7071

4 16 0.7654 0 1.8478 0 0 2 0 0 1 0.3827 0 0.9239

0 NOFILE

0 FILE 48__1-24cylo.dat
0 Hi-Res Cylinder Open 0.0417

0 Name: 48\1-24cylo.dat

0 Author: Max Martin Richter [MMR1988]

0 !LDRAW_ORG 48_Primitive UPDATE 2013-01

0 !LICENSE Licensed under CC BY 4.0 : see CAreadme.txt



0 BFC CERTIFY CCW



0 !HISTORY 2013-07-21 [PTadmin] Official Update 2013-01





1 16 0 0 0 1 0 0 0 1 0 0 0 1 48__1-24edge.dat

1 16 0 1 0 1 0 0 0 1 0 0 0 1 48__1-24edge.dat

1 16 0 0 0 1 0 0 0 1 0 0 0 1 48__1-24cyli.dat

0 NOFILE

0 FILE 48__1-24cyli.dat
0 Hi-Res Cylinder 0.0417

0 Name: 48\1-24cyli.dat

0 Author: Niels Karsdorp [nielsk]

0 !LDRAW_ORG 48_Primitive UPDATE 2009-01

0 !LICENSE Licensed under CC BY 4.0 : see CAreadme.txt



0 BFC CERTIFY CCW



0 !HISTORY 2009-05-02 [PTadmin] Official Update 2009-01





4 16 1 1 0 .9914 1 .1305 .9914 0 .1305 1 0 0

4 16 .9914 1 .1305 .9659 1 .2588 .9659 0 .2588 .9914 0 .1305

5 24 1 1 0 1 0 0 1 1 -.1316 .9914 1 .1305

5 24 .9914 1 .1305 .9914 0 .1305 1 1 0 .9659 1 .2588

5 24 .9659 1 .2588 .9659 0 .2588 .9914 1 .1305 .9319 1 .386

0

0 NOFILE

0 FILE 48__1-24edge.dat
0 Hi-Res Circle 0.0417

0 Name: 48\1-24edge.dat

0 Author: Willy Tschager [Holly-Wood]

0 !LDRAW_ORG 48_Primitive UPDATE 2024-01

0 !LICENSE Licensed under CC BY 4.0 : see CAreadme.txt



0 BFC CERTIFY CCW



0 !HISTORY 2009-05-02 [PTadmin] Official Update 2009-01

0 !HISTORY 2010-01-11 [cwdee] Correct description dimension

0 !HISTORY 2010-04-05 [PTadmin] Official Update 2010-01

0 !HISTORY 2024-01-09 [Holly-Wood] Complete regeneration, original by SirBugge

0 !HISTORY 2024-01-29 [OrionP] Official Update 2024-01



2 24 1 0 0 0.9914 0 0.1305

2 24 0.9914 0 0.1305 0.9659 0 0.2588

0 // Build by LDPartEditor (PrimGen 2.X)

0 NOFILE

0 FILE 48__1-12cylo.dat
0 Hi-Res Cylinder Open 0.0833

0 Name: 48\1-12cylo.dat

0 Author: Max Martin Richter [MMR1988]

0 !LDRAW_ORG 48_Primitive UPDATE 2013-01

0 !LICENSE Licensed under CC BY 4.0 : see CAreadme.txt



0 BFC CERTIFY CCW



0 !HISTORY 2013-07-21 [PTadmin] Official Update 2013-01





1 16 0 0 0 1 0 0 0 1 0 0 0 1 48__1-12edge.dat

1 16 0 1 0 1 0 0 0 1 0 0 0 1 48__1-12edge.dat

1 16 0 0 0 1 0 0 0 1 0 0 0 1 48__1-12cyli.dat

0 NOFILE

0 FILE 48__1-12cyli.dat
0 Hi-Res Cylinder 0.0833

0 Name: 48\1-12cyli.dat

0 Author: Willy Tschager [Holly-Wood]

0 !LDRAW_ORG 48_Primitive UPDATE 2024-01

0 !LICENSE Licensed under CC BY 4.0 : see CAreadme.txt



0 BFC CERTIFY CCW



0 !HISTORY 2009-05-02 [PTadmin] Official Update 2009-01

0 !HISTORY 2024-01-08 [Holly-Wood] Complete regeneration, original by westrate

0 !HISTORY 2024-01-29 [OrionP] Official Update 2024-01



4 16 0.9914 0 0.1305 1 0 0 1 1 0 0.9914 1 0.1305

4 16 0.9659 0 0.2588 0.9914 0 0.1305 0.9914 1 0.1305 0.9659 1 0.2588

4 16 0.9239 0 0.3827 0.9659 0 0.2588 0.9659 1 0.2588 0.9239 1 0.3827

4 16 0.866 0 0.5 0.9239 0 0.3827 0.9239 1 0.3827 0.866 1 0.5

0 // conditional lines

5 24 1 1 0 1 0 0 1 1 -0.1317 0.9914 1 0.1305

5 24 0.9914 1 0.1305 0.9914 0 0.1305 1 1 0 0.9659 1 0.2588

5 24 0.9659 1 0.2588 0.9659 0 0.2588 0.9914 1 0.1305 0.9239 1 0.3827

5 24 0.9239 1 0.3827 0.9239 0 0.3827 0.9659 1 0.2588 0.866 1 0.5

5 24 0.866 1 0.5 0.866 0 0.5 0.9239 1 0.3827 0.8002 1 0.614

0 // Build by LDPartEditor (PrimGen 2.X)

0 NOFILE

0 FILE 48__1-12edge.dat
0 Hi-Res Circle 0.0833

0 Name: 48\1-12edge.dat

0 Author: Willy Tschager [Holly-Wood]

0 !LDRAW_ORG 48_Primitive UPDATE 2024-01

0 !LICENSE Licensed under CC BY 4.0 : see CAreadme.txt



0 BFC CERTIFY CCW



0 !HISTORY 2009-05-02 [PTadmin] Official Update 2009-01

0 !HISTORY 2024-01-07 [Holly-Wood] Complete regeneration, original by westrate

0 !HISTORY 2024-01-29 [OrionP] Official Update 2024-01



2 24 1 0 0 0.9914 0 0.1305

2 24 0.9914 0 0.1305 0.9659 0 0.2588

2 24 0.9659 0 0.2588 0.9239 0 0.3827

2 24 0.9239 0 0.3827 0.866 0 0.5

0 // Build by LDPartEditor (PrimGen 2.X)

0 NOFILE

0 FILE 1-4cylo.dat
0 Cylinder Open 0.25

0 Name: 1-4cylo.dat

0 Author: Max Martin Richter [MMR1988]

0 !LDRAW_ORG Primitive UPDATE 2010-03

0 !LICENSE Licensed under CC BY 4.0 : see CAreadme.txt



0 BFC CERTIFY CCW



0 !HISTORY 2010-12-31 [PTadmin] Official Update 2010-03





1 16 0 0 0 1 0 0 0 1 0 0 0 1 1-4edge.dat

1 16 0 1 0 1 0 0 0 1 0 0 0 1 1-4edge.dat

1 16 0 0 0 1 0 0 0 1 0 0 0 1 1-4cyli.dat

0 NOFILE

0 FILE 3068b.dat
0 Tile  2 x  2 with Groove

0 Name: 3068b.dat

0 Author: Takeshi Takahashi [RainbowDolphin]

0 !LDRAW_ORG Part UPDATE 2024-06

0 !LICENSE Licensed under CC BY 4.0 : see CAreadme.txt



0 BFC CERTIFY CCW



0 !KEYWORDS BrickLink 3068



0 !HISTORY 2002-04-25 [PTadmin] Official Update 2002-02

0 !HISTORY 2004-07-26 [guyvivan] Made BFC Compliant

0 !HISTORY 2004-11-06 [PTadmin] Official Update 2004-04

0 !HISTORY 2007-06-13 [PTadmin] Header formatted for Contributor Agreement

0 !HISTORY 2008-07-01 [PTadmin] Official Update 2008-01

0 !HISTORY 2024-05-29 [RainbowDolphin] Total rewrite, original by Damien Guichard [BrickCaster]

0 !HISTORY 2024-07-29 [OrionP] Official Update 2024-06



1 16 0 0 0 1 0 0 0 1 0 0 0 1 s__3068bs01.dat

0 // Patternable surface

4 16 -20 0 -20 20 0 -20 20 0 20 -20 0 20

0 NOFILE

0 FILE s__3068bs01.dat
0 ~Tile  2 x  2 with Groove without Face

0 Name: s\3068bs01.dat

0 Author: Willy Tschager [Holly-Wood]

0 !LDRAW_ORG Subpart UPDATE 2024-03

0 !LICENSE Licensed under CC BY 4.0 : see CAreadme.txt



0 BFC CERTIFY CCW



0 !HISTORY 2002-04-02 [sbliss] Modified for BFC compliance

0 !HISTORY 2002-04-25 [PTadmin] Official Update 2002-02

0 !HISTORY 2007-08-30 [PTadmin] Header formatted for Contributor Agreement

0 !HISTORY 2008-07-01 [PTadmin] Official Update 2008-01

0 !HISTORY 2024-03-07 [Holly-Wood] Complete re-write, original by BrickCaster

0 !HISTORY 2024-04-28 [OrionP] Official Update 2024-03



1 16 0 0 0 20 0 0 0 7 0 0 0 20 box4.dat

1 16 0 7 0 19 0 0 0 1 0 0 0 19 box4.dat

0 BFC INVERTNEXT

1 16 0 4 0 16 0 0 0 4 0 0 0 16 box4.dat

1 16 0 4 0 1 0 0 0 -1 0 0 0 1 stud4.dat

1 16 0 4 0 6 0 0 0 -1 0 0 0 6 4-4disc.dat

1 16 0 4 0 8 0 0 0 -1 0 0 0 8 4-4ndis.dat



4 16 -19 7 -19 19 7 -19 20 7 -20 -20 7 -20

4 16 20 7 -20 19 7 -19 19 7 19 20 7 20

4 16 20 7 20 19 7 19 -19 7 19 -20 7 20

4 16 -20 7 20 -19 7 19 -19 7 -19 -20 7 -20



4 16 -16 8 -16 16 8 -16 19 8 -19 -19 8 -19

4 16 19 8 -19 16 8 -16 16 8 16 19 8 19

4 16 19 8 19 16 8 16 -16 8 16 -19 8 19

4 16 -19 8 19 -16 8 16 -16 8 -16 -19 8 -19



4 16 -8 4 -8 8 4 -8 16 4 -16 -16 4 -16

4 16 16 4 -16 8 4 -8 8 4 8 16 4 16

4 16 16 4 16 8 4 8 -8 4 8 -16 4 16

4 16 -16 4 16 -8 4 8 -8 4 -8 -16 4 -16

0 NOFILE

0 FILE 4-4ndis.dat
0 Disc Negative 1.0

0 Name: 4-4ndis.dat

0 Author: James Jessiman

0 !LDRAW_ORG Primitive UPDATE 2012-01

0 !LICENSE Licensed under CC BY 4.0 : see CAreadme.txt



0 BFC CERTIFY CCW



0 !HISTORY 2002-03-23 [sbliss] Added BFC statement; compacted code

0 !HISTORY 2002-04-25 [PTadmin] Official Update 2002-02

0 !HISTORY 2007-06-24 [PTadmin] Header formatted for Contributor Agreement

0 !HISTORY 2008-07-01 [PTadmin] Official Update 2008-01

0 !HISTORY 2012-02-16 [Philo] Changed to CCW

0 !HISTORY 2012-03-30 [PTadmin] Official Update 2012-01





3 16 0.9239 0 0.3827 1 0 0 1 0 1

3 16 0.7071 0 0.7071 0.9239 0 0.3827 1 0 1

3 16 0.3827 0 0.9239 0.7071 0 0.7071 1 0 1

3 16 0 0 1 0.3827 0 0.9239 1 0 1

3 16 -0.3827 0 0.9239 0 0 1 -1 0 1

3 16 -0.7071 0 0.7071 -0.3827 0 0.9239 -1 0 1

3 16 -0.9239 0 0.3827 -0.7071 0 0.7071 -1 0 1

3 16 -1 0 0 -0.9239 0 0.3827 -1 0 1

3 16 -0.9239 0 -0.3827 -1 0 0 -1 0 -1

3 16 -0.7071 0 -0.7071 -0.9239 0 -0.3827 -1 0 -1

3 16 -0.3827 0 -0.9239 -0.7071 0 -0.7071 -1 0 -1

3 16 0 0 -1 -0.3827 0 -0.9239 -1 0 -1

3 16 0.3827 0 -0.9239 0 0 -1 1 0 -1

3 16 0.7071 0 -0.7071 0.3827 0 -0.9239 1 0 -1

3 16 0.9239 0 -0.3827 0.7071 0 -0.7071 1 0 -1

3 16 1 0 0 0.9239 0 -0.3827 1 0 -1

0 NOFILE

0 FILE 3069b.dat
0 Tile  1 x  2 with Groove

0 Name: 3069b.dat

0 Author: Santeri Piippo [arezey]

0 !LDRAW_ORG Part UPDATE 2010-02

0 !LICENSE Licensed under CC BY 4.0 : see CAreadme.txt



0 BFC CERTIFY CCW



0 !KEYWORDS BrickLink 3069



0 !HISTORY 2010-07-05 [PTadmin] Official Update 2010-02





4 16 20 0 -10 20 0 10 -20 0 10 -20 0 -10

1 16 0 0 0 1 0 0 0 1 0 0 0 1 s__3069bs01.dat

0 //

0 NOFILE

0 FILE s__3069bs01.dat
0 ~Tile  1 x  2 with Groove without Top Face

0 Name: s\3069bs01.dat

0 Author: Santeri Piippo [arezey]

0 !LDRAW_ORG Subpart UPDATE 2010-02

0 !LICENSE Licensed under CC BY 4.0 : see CAreadme.txt



0 BFC CERTIFY CCW



0 !HISTORY 2010-07-05 [PTadmin] Official Update 2010-02





1 16 0 0 0 20 0 0 0 7 0 0 0 10 box4.dat

1 16 0 7 0 19 0 0 0 1 0 0 0 9 box4.dat

0 BFC INVERTNEXT

1 16 0 8 0 16 0 0 0 -4 0 0 0 6 box5.dat

4 16 -19 8 9 -16 8 6 -16 8 -6 -19 8 -9

4 16 19 8 -9 16 8 -6 16 8 6 19 8 9

4 16 19 8 9 16 8 6 -16 8 6 -19 8 9

4 16 -19 8 -9 -16 8 -6 16 8 -6 19 8 -9

4 16 -20 7 10 -19 7 9 -19 7 -9 -20 7 -10

4 16 20 7 -10 19 7 -9 19 7 9 20 7 10

4 16 20 7 10 19 7 9 -19 7 9 -20 7 10

4 16 -20 7 -10 -19 7 -9 19 7 -9 20 7 -10

0 //

0 NOFILE

0 FILE 2420.dat
0 Plate  2 x  2 Corner

0 Name: 2420.dat

0 Author: James Jessiman

0 !LDRAW_ORG Part UPDATE 2003-03

0 !LICENSE Licensed under CC BY 4.0 : see CAreadme.txt



0 BFC CERTIFY CCW



0 !HISTORY 2003-09-08 [jriley] BFC compliant

0 !HISTORY 2003-12-19 [PTadmin] Official Update 2003-03

0 !HISTORY 2007-05-08 [PTadmin] Header formatted for Contributor Agreement

0 !HISTORY 2008-07-01 [PTadmin] Official Update 2008-01





1 16 0 4 10 1 0 0 0 -1 0 0 0 1 stud3.dat

1 16 10 4 0 1 0 0 0 -1 0 0 0 1 stud3.dat

4 16 10 8 30 6 8 26 -6 8 26 -10 8 30

4 16 -10 8 30 -6 8 26 -6 8 -6 -10 8 -10

4 16 -10 8 -10 -6 8 -6 26 8 -6 30 8 -10

4 16 30 8 -10 26 8 -6 26 8 6 30 8 10

4 16 30 8 10 26 8 6 6 8 6 10 8 10

4 16 10 8 10 6 8 6 6 8 26 10 8 30

4 16 26 4 -6 -6 4 -6 6 4 6 26 4 6

4 16 6 4 26 6 4 6 -6 4 -6 -6 4 26

4 16 30 0 10 10 0 10 -10 0 -10 30 0 -10

4 16 10 0 10 10 0 30 -10 0 30 -10 0 -10

1 16 20 4 0 0 10 0 4 0 0 0 0 10 box2-5.dat

1 16 0 4 20 0 10 0 4 0 0 0 0 10 box2-5.dat

1 16 10 4 10 0 -20 0 4 0 0 0 0 -20 box2-5.dat

1 16 0 0 0 1 0 0 0 1 0 0 0 1 stud.dat

1 16 20 0 0 1 0 0 0 1 0 0 0 1 stud.dat

1 16 0 0 20 1 0 0 0 1 0 0 0 1 stud.dat

0 BFC INVERTNEXT

1 16 0 6 16 0 6 0 2 0 0 0 0 10 box2-5.dat

0 BFC INVERTNEXT

1 16 16 6 0 0 10 0 2 0 0 0 0 6 box2-5.dat

0 BFC INVERTNEXT

1 16 10 6 10 0 -16 0 2 0 0 0 0 -16 box2-5.dat

0

0 NOFILE

0 FILE stud3.dat
0 Stud Tube Solid

0 Name: stud3.dat

0 Author: James Jessiman

0 !LDRAW_ORG Primitive UPDATE 2012-01

0 !LICENSE Licensed under CC BY 4.0 : see CAreadme.txt



0 BFC CERTIFY CCW



0 !HISTORY 2002-04-04 [sbliss] Modified for BFC compliance

0 !HISTORY 2002-04-25 [PTadmin] Official Update 2002-02

0 !HISTORY 2007-06-24 [PTadmin] Header formatted for Contributor Agreement

0 !HISTORY 2008-07-01 [PTadmin] Official Update 2008-01

0 !HISTORY 2012-02-16 [Philo] Changed to CCW

0 !HISTORY 2012-03-30 [PTadmin] Official Update 2012-01





1 16 0 -4 0 4 0 0 0 1 0 0 0 4 4-4edge.dat

1 16 0 0 0 4 0 0 0 1 0 0 0 4 4-4edge.dat

1 16 0 -4 0 4 0 0 0 1 0 0 0 4 4-4disc.dat

1 16 0 -4 0 4 0 0 0 4 0 0 0 4 4-4cyli.dat

0 NOFILE

0 FILE 26601.dat
0 Plate  2 x  2 without Corner

0 Name: 26601.dat

0 Author: Magnus Forsberg [MagFors]

0 !LDRAW_ORG Part UPDATE 2024-03

0 !LICENSE Licensed under CC BY 4.0 : see CAreadme.txt



0 BFC CERTIFY CCW



0 !KEYWORDS Wing



0 !HISTORY 2017-12-30 [PTadmin] Official Update 2017-01

0 !HISTORY 2024-04-12 [Holly-Wood] Added keyword

0 !HISTORY 2024-04-28 [OrionP] Official Update 2024-03



1 16 0 4 0 1 0 0 0 -1 0 0 0 1 stud4.dat

2 24 -16 4 16 -16 8 16

0 BFC INVERTNEXT

1 16 -16 8 -16 14.3432 0 0 0 -4 0 0 0 32 tri3a4.dat

0 BFC INVERTNEXT

1 16 16 8 16 0 0 -32 0 -4 0 -14.3432 0 0 tri3a4.dat

1 16 15.1213 6 -2.0503 0 -2.2929 -1.4142 2 0 0 0 -2.2929 1.4142 box2-5.dat

1 16 2.0503 6 -15.1213 0 2.2929 -1.4142 2 0 0 0 2.2929 1.4142 box2-5.dat

1 16 8.5858 4 -8.5858 1.4142 0 -4.2426 0 -1 0 -1.4142 0 -4.2426 rect1.dat

3 16 -16 4 16 16 4 1.6568 11.4142 4 -2.929

3 16 -16 4 16 11.4142 4 -2.929 2.929 4 -11.4142

3 16 -16 4 16 2.929 4 -11.4142 -1.6568 4 -16



4 16 20 8 20 16 8 16 -16 8 16 -20 8 20

4 16 20 8 0 16 8 1.6568 16 8 16 20 8 20

4 16 11.4142 8 -2.929 16 8 1.6568 20 8 0 14.2426 8 -5.7574

4 16 2.929 8 -11.4142 5.7574 8 -14.2426 0 8 -20 -1.6568 8 -16

4 16 -20 8 -20 -16 8 -16 -1.6568 8 -16 0 8 -20

4 16 -20 8 20 -16 8 16 -16 8 -16 -20 8 -20



2 24 20 8 0 14.2426 8 -5.7574

2 24 5.7574 8 -14.2426 0 8 -20

1 16 10 4 -10 10 -1 0 0 0 -4 10 0 0 recte3.dat

4 16 20 0 0 0 0 -20 5.7574 4 -14.2426 14.2426 4 -5.7574

4 16 14.2426 4 -5.7574 14.2426 8 -5.7574 20 8 0 20 0 0

4 16 0 0 -20 0 8 -20 5.7574 8 -14.2426 5.7574 4 -14.2426

2 24 -20 0 20 -20 8 20

3 16 0 0 -20 20 0 0 -20 0 20

1 16 -20 8 -20 20 0 0 0 -8 0 0 0 40 tri3a4.dat

1 16 20 8 20 0 0 -40 0 -8 0 -20 0 0 tri3a4.dat



1 16 10 0 10 1 0 0 0 1 0 0 0 1 stud.dat

1 16 -10 0 10 1 0 0 0 1 0 0 0 1 stud.dat

1 16 -10 0 -10 1 0 0 0 1 0 0 0 1 stud.dat

0 NOFILE

0 FILE recte3.dat
0 Rectangle Empty with 3 Edges

0 Name: recte3.dat

0 Author: Steffen [Steffen]

0 !LDRAW_ORG Primitive UPDATE 2011-01

0 !LICENSE Licensed under CC BY 4.0 : see CAreadme.txt



0 BFC CERTIFY CCW



0 !HISTORY 2011-07-25 [PTadmin] Official Update 2011-01





2 24 1 0 1 -1 0 1

2 24 -1 0 1 -1 0 -1

2 24 1 0 -1 1 0 1

0 NOFILE

0 FILE tri3a4.dat
0 Triangular Prism with 3 Adjacent Faces without 4 Edges

0 Name: tri3a4.dat

0 Author: Magnus Forsberg [MagFors]

0 !LDRAW_ORG Primitive UPDATE 2017-01

0 !LICENSE Licensed under CC BY 4.0 : see CAreadme.txt



0 BFC CERTIFY CCW



0 !HISTORY 2017-12-30 [PTadmin] Official Update 2017-01





2 24 0 1 1 0 1 0

2 24 0 1 0 1 1 0

2 24 0 0 1 0 0 0

2 24 0 0 0 1 0 0

2 24 0 0 0 0 1 0

4 16 0 1 1 0 1 0 0 0 0 0 0 1

4 16 0 1 0 1 1 0 1 0 0 0 0 0

3 16 0 1 0 0 1 1 1 1 0

0 NOFILE

0 FILE 14719.dat
0 Tile  2 x  2 Corner

0 Name: 14719.dat

0 Author: Max Martin Richter [MMR1988]

0 !LDRAW_ORG Part UPDATE 2015-02

0 !LICENSE Licensed under CC BY 4.0 : see CAreadme.txt



0 BFC CERTIFY CCW



0 !HISTORY 2015-12-30 [PTadmin] Official Update 2015-02





1 16 0 0 0 1 0 0 0 1 0 0 0 1 s__14719s01.dat



4 16 30 0 10 10 0 10 -10 0 -10 30 0 -10

4 16 10 0 10 10 0 30 -10 0 30 -10 0 -10

0 NOFILE

0 FILE s__14719s01.dat
0 ~Tile  2 x  2 Corner without Top Face

0 Name: s\14719s01.dat

0 Author: Max Martin Richter [MMR1988]

0 !LDRAW_ORG Subpart UPDATE 2015-02

0 !LICENSE Licensed under CC BY 4.0 : see CAreadme.txt



0 BFC CERTIFY CCW



0 !HISTORY 2015-12-30 [PTadmin] Official Update 2015-02





1 16 0 4 10 1 0 0 0 -1 0 0 0 1 stud3.dat

1 16 10 4 0 1 0 0 0 -1 0 0 0 1 stud3.dat



4 16 26 4 -6 -6 4 -6 6 4 6 26 4 6

4 16 6 4 26 6 4 6 -6 4 -6 -6 4 26



0 BFC INVERTNEXT

1 16 0 6 16 0 6 0 2 0 0 0 0 10 box2-7.dat

0 BFC INVERTNEXT

1 16 16 6 0 0 10 0 2 0 0 0 0 6 box2-7.dat

0 BFC INVERTNEXT

1 16 10 6 10 0 -16 0 2 0 0 0 0 -16 box2-5.dat

2 24 6 8 6 6 4 6



4 16 29 8 9 26 8 6 6 8 6 9 8 9

4 16 29 8 -9 26 8 -6 26 8 6 29 8 9

4 16 -9 8 -9 -6 8 -6 26 8 -6 29 8 -9

4 16 -9 8 29 -6 8 26 -6 8 -6 -9 8 -9

4 16 9 8 29 6 8 26 -6 8 26 -9 8 29

4 16 9 8 9 6 8 6 6 8 26 9 8 29



1 16 10 7.5 10 0 -19 0 0.5 0 0 0 0 -19 box2-5.dat

1 16 19 7.5 0 0 10 0 0.5 0 0 0 0 9 box2-7.dat

1 16 0 7.5 19 0 9 0 0.5 0 0 0 0 10 box2-7.dat

2 24 9 8 9 9 7 9



4 16 9 7 9 10 7 10 30 7 10 29 7 9

4 16 29 7 9 30 7 10 30 7 -10 29 7 -9

4 16 29 7 -9 30 7 -10 -10 7 -10 -9 7 -9

4 16 -9 7 -9 -10 7 -10 -10 7 30 -9 7 29

4 16 -9 7 29 -10 7 30 10 7 30 9 7 29

4 16 9 7 29 10 7 30 10 7 10 9 7 9



1 16 10 3.5 10 0 -20 0 3.5 0 0 0 0 -20 box2-5.dat

1 16 20 3.5 0 0 10 0 3.5 0 0 0 0 10 box2-7.dat

1 16 0 3.5 20 0 10 0 3.5 0 0 0 0 10 box2-7.dat

2 24 10 7 10 10 0 10

0 NOFILE

0 FILE 27263.dat
0 Tile  2 x  2 Corner without Corner

0 Name: 27263.dat

0 Author: Magnus Forsberg [MagFors]

0 !LDRAW_ORG Part UPDATE 2017-01

0 !LICENSE Licensed under CC BY 4.0 : see CAreadme.txt



0 BFC CERTIFY CCW



0 !HISTORY 2017-12-30 [PTadmin] Official Update 2017-01





2 24 6 4 6 6 8 6

0 BFC INVERTNEXT

1 16 20 8 0 -6 0 0 0 -4 0 0 0 6 box5.dat

0 BFC INVERTNEXT

1 16 0 8 20 -6 0 0 0 -4 0 0 0 6 box5.dat

0 BFC INVERTNEXT

1 16 10 8 6 -4 0 0 0 -4 0 0 0 -10 tri3a4.dat

0 BFC INVERTNEXT

1 16 6 8 10 0 0 -10 0 -4 0 -4 0 0 tri3a4.dat

1 16 -2.6213 6 8.6213 -1.3787 0 0 0 0 -2 1.3787 -1 0 rect.dat

1 16 8.6213 6 -2.6213 0 -1 1.3787 -2 0 0 0 0 -1.3787 rect.dat



4 16 6 8 14 6 8 10 -4 8 10 -6 8 14

4 16 -3.5355 8 4.9497 -9 8 10.4142 -6 8 14 -4 8 10

3 16 -4 8 10 -1.2426 8 7.2426 -3.5355 8 4.9497

4 16 -9 8 29 -6 8 26 -6 8 14 -9 8 10.4142

4 16 9 8 29 6 8 26 -6 8 26 -9 8 29

4 16 9 8 9 6 8 14 6 8 26 9 8 29

3 16 6 8 14 9 8 9 6 8 10

4 16 9 8 9 10 8 6 6 8 6 6 8 10

3 16 9 8 9 14 8 6 10 8 6

4 16 29 8 9 26 8 6 14 8 6 9 8 9

4 16 29 8 -9 26 8 -6 26 8 6 29 8 9

4 16 10.4142 8 -9 14 8 -6 26 8 -6 29 8 -9

3 16 7.2426 8 -1.2426 10 8 -4 4.9497 8 -3.5355

4 16 14 8 -6 10.4142 8 -9 4.9497 8 -3.5355 10 8 -4

4 16 14 8 6 14 8 -6 10 8 -4 10 8 6



3 16 -1.2426 4 7.2426 -4 4 10 6 4 6

3 16 -1.2426 4 7.2426 6 4 6 7.2426 4 -1.2426

3 16 7.2426 4 -1.2426 6 4 6 10 4 -4



1 16 7.682 7.5 -6.2677 0 1 2.73225 -0.5 0 0 0 0 -2.73225 rect.dat

1 16 -6.2678 7.5 7.682 2.73225 0 0 0 0 0.5 -2.73225 1 0 rect.dat

1 16 0 7.5 19.7071 0 0 -9 0.5 0 0 0 9.2929 0 box2-7.dat

0 BFC INVERTNEXT

1 16 19 7.5 19 0 -10 0 0.5 0 0 0 0 -10 box2-5.dat

1 16 19.7071 7.5 0 0 0 9.2929 0.5 0 0 0 -9 0 box2-7.dat



2 24 4.9497 7 -3.5355 4.2426 7 -4.2426

2 24 -3.5355 7 4.9497 -4.2426 7 4.2426

2 24 4.2426 7 -4.2426 4.2426 4 -4.2426

2 24 -4.2426 4 4.2426 -4.2426 7 4.2426

2 24 -1.2426 8 7.2426 -3.5355 8 4.9497

2 24 4.9497 8 -3.5355 7.2426 8 -1.2426

3 16 7.2426 8 -1.2426 4.9497 8 -3.5355 4.9497 7 -3.5355

4 16 7.2426 8 -1.2426 4.9497 7 -3.5355 4.2426 4 -4.2426 7.2426 4 -1.2426

3 16 4.9497 7 -3.5355 4.2426 7 -4.2426 4.2426 4 -4.2426

3 16 -4.2426 4 4.2426 -4.2426 7 4.2426 -3.5355 7 4.9497

4 16 -4.2426 4 4.2426 -3.5355 7 4.9497 -1.2426 8 7.2426 -1.2426 4 7.2426

3 16 -3.5355 7 4.9497 -3.5355 8 4.9497 -1.2426 8 7.2426

1 16 1.5 4 1.5 4.2426 0 -1.5 0 -1 0 -4.2426 0 -1.5 rect3.dat



2 24 10 7 -10 4.2426 7 -4.2426

2 24 -4.2426 7 4.2426 -10 7 10

4 16 9 7 9 10 7 10 30 7 10 29 7 9

4 16 29 7 9 30 7 10 30 7 -10 29 7 -9

4 16 29 7 -9 30 7 -10 10 7 -10 10.4142 7 -9

4 16 4.9497 7 -3.5355 10.4142 7 -9 10 7 -10 4.2426 7 -4.2426

4 16 -9 7 10.4142 -3.5355 7 4.9497 -4.2426 7 4.2426 -10 7 10

4 16 -9 7 10.4142 -10 7 10 -10 7 30 -9 7 29

4 16 -9 7 29 -10 7 30 10 7 30 9 7 29

4 16 9 7 29 10 7 30 10 7 10 9 7 9



1 16 20 3.5 0 0 0 10 3.5 0 0 0 -10 0 box2-5.dat

0 BFC INVERTNEXT

1 16 20 3.5 20 0 -10 0 3.5 0 0 0 0 -10 box2-7.dat

1 16 0 3.5 20 0 0 -10 3.5 0 0 0 10 0 box2-5.dat

4 16 4.2426 7 -4.2426 10 7 -10 10 0 -10 4.2426 4 -4.2426

4 16 -10 0 10 -10 7 10 -4.2426 7 4.2426 -4.2426 4 4.2426

4 16 -4.2426 4 4.2426 4.2426 4 -4.2426 10 0 -10 -10 0 10

2 24 -10 0 10 10 0 -10



0 // Top Surface

4 16 30 0 10 10 0 10 10 0 -10 30 0 -10

4 16 10 0 10 10 0 30 -10 0 30 -10 0 10

3 16 10 0 10 -10 0 10 10 0 -10

0 NOFILE

0 FILE 3022.dat
0 Plate  2 x  2

0 Name: 3022.dat

0 Author: James Jessiman

0 !LDRAW_ORG Part UPDATE 2002-03

0 !LICENSE Licensed under CC BY 4.0 : see CAreadme.txt



0 BFC CERTIFY CCW



0 !HISTORY 2001-10-26 [PTadmin] Official Update 2001-01

0 !HISTORY 2002-05-07 {unknown} BFC Certification

0 !HISTORY 2002-06-11 [PTadmin] Official Update 2002-03

0 !HISTORY 2007-06-07 [PTadmin] Header formatted for Contributor Agreement

0 !HISTORY 2008-07-01 [PTadmin] Official Update 2008-01





1 16 0 4 0 1 0 0 0 -1 0 0 0 1 stud4.dat



0 BFC INVERTNEXT

1 16 0 8 0 16 0 0 0 -4 0 0 0 16 box5.dat



4 16 20 8 20 16 8 16 -16 8 16 -20 8 20

0 // Next Line was 4 16 20 8 -20 16 8 -16 -16 8 -16 -20 8 -20

4 16 -20 8 -20 -16 8 -16 16 8 -16 20 8 -20

0 // Next Line was 4 16 20 8 20 16 8 16 16 8 -16 20 8 -20

4 16 20 8 -20 16 8 -16 16 8 16 20 8 20

4 16 -20 8 20 -16 8 16 -16 8 -16 -20 8 -20



1 16 0 8 0 20 0 0 0 -8 0 0 0 20 box5.dat



1 16 10 0 10 1 0 0 0 1 0 0 0 1 stud.dat

1 16 -10 0 10 1 0 0 0 1 0 0 0 1 stud.dat

1 16 10 0 -10 1 0 0 0 1 0 0 0 1 stud.dat

1 16 -10 0 -10 1 0 0 0 1 0 0 0 1 stud.dat

0

0 NOFILE

0 FILE 26603.dat
0 Tile  2 x  3

0 Name: 26603.dat

0 Author: Philippe Hurbain [Philo]

0 !LDRAW_ORG Part UPDATE 2016-01

0 !LICENSE Licensed under CC BY 4.0 : see CAreadme.txt



0 BFC CERTIFY CCW



0 !HISTORY 2016-12-31 [PTadmin] Official Update 2016-01





1 16 0 0 0 1 0 0 0 1 0 0 0 1 s__26603s01.dat

4 16 30 0 20 -30 0 20 -30 0 -20 30 0 -20

0 NOFILE

0 FILE s__26603s01.dat
0 ~Tile  2 x  3 without Top

0 Name: s\26603s01.dat

0 Author: Philippe Hurbain [Philo]

0 !LDRAW_ORG Subpart UPDATE 2016-01

0 !LICENSE Licensed under CC BY 4.0 : see CAreadme.txt



0 BFC CERTIFY CCW



0 !HISTORY 2016-12-31 [PTadmin] Official Update 2016-01





1 16 0 0 0 30 0 0 0 7 0 0 0 20 box4.dat

1 16 0 7 0 29 0 0 0 1 0 0 0 19 box4.dat

0 BFC INVERTNEXT

1 16 0 8 0 -26 0 0 0 -4 0 0 0 16 box5.dat

4 16 -30 7 -20 -29 7 -19 29 7 -19 30 7 -20

4 16 30 7 20 29 7 19 -29 7 19 -30 7 20

4 16 -30 7 -20 -30 7 20 -29 7 19 -29 7 -19

4 16 30 7 20 30 7 -20 29 7 -19 29 7 19

4 16 -29 8 -19 -26 8 -16 26 8 -16 29 8 -19

4 16 29 8 19 26 8 16 -26 8 16 -29 8 19

4 16 -29 8 -19 -29 8 19 -26 8 16 -26 8 -16

4 16 29 8 19 29 8 -19 26 8 -16 26 8 16

1 16 0 4 0 1 0 0 0 -1 0 0 0 1 stug4-1x2.dat

0 NOFILE

0 FILE stug4-1x2.dat
0 Stud Tube Open Group  1 x  2

0 Name: stug4-1x2.dat

0 Author: Steffen [Steffen]

0 !LDRAW_ORG Primitive UPDATE 2011-01

0 !LICENSE Licensed under CC BY 4.0 : see CAreadme.txt



0 BFC CERTIFY CCW



0 !HISTORY 2011-07-25 [PTadmin] Official Update 2011-01





1 16 -10 0 0 1 0 0 0 1 0 0 0 1 stud4.dat

1 16 10 0 0 1 0 0 0 1 0 0 0 1 stud4.dat

0 NOFILE

0 FILE 87079.dat
0 Tile  2 x  4

0 Name: 87079.dat

0 Author: Tim Gould [timgould]

0 !LDRAW_ORG Part UPDATE 2025-04

0 !LICENSE Licensed under CC BY 4.0 : see CAreadme.txt



0 BFC CERTIFY CCW



0 !KEYWORDS with Groove



0 !HISTORY 2010-04-05 [PTadmin] Official Update 2010-01

0 !HISTORY 2012-09-30 [Philo] Subparted for patterns

0 !HISTORY 2012-12-28 [PTadmin] Official Update 2012-03

0 !HISTORY 2025-04-25 [MagFors] Update description

0 !HISTORY 2025-04-27 [OrionP] Official Update 2025-04



4 16 -40 0 -20 40 0 -20 40 0 20 -40 0 20

1 16 0 0 0 1 0 0 0 1 0 0 0 1 s__87079s01.dat
0 NOFILE

0 FILE s__87079s01.dat
0 ~Tile  2 x  4 without Top Surface

0 Name: s\87079s01.dat

0 Author: Philippe Hurbain [Philo]

0 !LDRAW_ORG Subpart UPDATE 2025-04

0 !LICENSE Licensed under CC BY 4.0 : see CAreadme.txt



0 BFC CERTIFY CCW



0 !HISTORY 2012-09-30 [Philo] Subparted from Tim Gould's original design

0 !HISTORY 2012-12-28 [PTadmin] Official Update 2012-03

0 !HISTORY 2025-04-25 [MagFors] Update description

0 !HISTORY 2025-04-27 [OrionP] Official Update 2025-04



1 16 0 0 0 40 0 0 0 7 0 0 0 20 box4.dat

1 16 0 7 0 39 0 0 0 1 0 0 0 19 box4.dat

0 BFC INVERTNEXT

1 16 0 8 0 -36 0 0 0 -4 0 0 0 16 box5.dat

4 16 -40 7 -20 -39 7 -19 39 7 -19 40 7 -20

4 16 40 7 20 39 7 19 -39 7 19 -40 7 20

4 16 -40 7 -20 -40 7 20 -39 7 19 -39 7 -19

4 16 40 7 20 40 7 -20 39 7 -19 39 7 19

4 16 -39 8 -19 -36 8 -16 36 8 -16 39 8 -19

4 16 39 8 19 36 8 16 -36 8 16 -39 8 19

4 16 -39 8 -19 -39 8 19 -36 8 16 -36 8 -16

4 16 39 8 19 39 8 -19 36 8 -16 36 8 16

1 16 0 4 0 1 0 0 0 -1 0 0 0 1 stud4.dat

1 16 20 4 0 1 0 0 0 -1 0 0 0 1 stud4.dat

1 16 -20 4 0 1 0 0 0 -1 0 0 0 1 stud4.dat
0 NOFILE

0 FILE 3024.dat
0 Plate  1 x  1

0 Name: 3024.dat

0 Author: James Jessiman

0 !LDRAW_ORG Part UPDATE 2022-05

0 !LICENSE Licensed under CC BY 4.0 : see CAreadme.txt



0 BFC CERTIFY CCW



0 !HISTORY 2001-10-26 [PTadmin] Official Update 2001-01

0 !HISTORY 2002-05-07 {unknown} BFC Certification

0 !HISTORY 2002-06-11 [PTadmin] Official Update 2002-03

0 !HISTORY 2007-06-07 [PTadmin] Header formatted for Contributor Agreement

0 !HISTORY 2008-07-01 [PTadmin] Official Update 2008-01

0 !HISTORY 2022-08-04 [MagFors] Using subfile

0 !HISTORY 2022-09-15 [PTadmin] Official Update 2022-05





1 16 0 0 0 1 0 0 0 1 0 0 0 1 s__3024s01.dat

4 16 -10 8 -10 10 8 -10 10 0 -10 -10 0 -10

0 NOFILE

0 FILE s__3024s01.dat
0 ~Plate  1 x  1 without Front Face

0 Name: s\3024s01.dat

0 Author: Tore Eriksson [Tore_Eriksson]

0 !LDRAW_ORG Subpart UPDATE 2012-03

0 !LICENSE Licensed under CC BY 4.0 : see CAreadme.txt



0 BFC CERTIFY CCW



0 !HISTORY 2012-12-28 [PTadmin] Official Update 2012-03





0 BFC INVERTNEXT

1 16 0 8 0 0 0 6 0 -4 0 -6 0 0 box5.dat

4 16 10 8 -10 6 8 -6 6 8 6 10 8 10

4 16 10 8 10 6 8 6 -6 8 6 -10 8 10

4 16 -10 8 10 -6 8 6 -6 8 -6 -10 8 -10

4 16 -10 8 -10 -6 8 -6 6 8 -6 10 8 -10

1 16 0 8 0 10 0 0 0 -8 0 0 0 10 box4t.dat

1 16 0 0 0 0 0 1 0 1 0 -1 0 0 stud.dat

0 NOFILE

0 FILE 3460.dat
0 Plate  1 x  8

0 Name: 3460.dat

0 Author: James Jessiman

0 !LDRAW_ORG Part UPDATE 2024-01

0 !LICENSE Licensed under CC BY 4.0 : see CAreadme.txt



0 BFC CERTIFY CCW



0 !HISTORY 2004-07-25 [guyvivan] Made BFC Compliant

0 !HISTORY 2004-11-06 [PTadmin] Official Update 2004-04

0 !HISTORY 2007-06-25 [PTadmin] Header formatted for Contributor Agreement

0 !HISTORY 2008-07-01 [PTadmin] Official Update 2008-01

0 !HISTORY 2023-03-28 [Sirio] Introduced use of subpart

0 !HISTORY 2024-01-29 [OrionP] Official Update 2024-01





1 16 0 0 0 1 0 0 0 1 0 0 0 1 s__3460s01.dat

4 16 -80 0 -10 -80 8 -10 80 8 -10 80 0 -10

0 NOFILE

0 FILE s__3460s01.dat
0 ~Plate  1 x  8 without Front Face

0 Name: s\3460s01.dat

0 Author: Massimo Maso [Sirio]

0 !LDRAW_ORG Subpart UPDATE 2024-01

0 !LICENSE Licensed under CC BY 4.0 : see CAreadme.txt



0 BFC CERTIFY CCW



0 !HISTORY 2024-01-29 [OrionP] Official Update 2024-01





1 16 0 4 0 1 0 0 0 -1 0 0 0 1 stug3-1x7.dat

0 BFC INVERTNEXT

1 16 0 8 0 76 0 0 0 -4 0 0 0 6 box5.dat

4 16 80 8 10 76 8 6 -76 8 6 -80 8 10

4 16 -80 8 10 -76 8 6 -76 8 -6 -80 8 -10

4 16 -80 8 -10 -76 8 -6 76 8 -6 80 8 -10

4 16 80 8 -10 76 8 -6 76 8 6 80 8 10

1 16 0 8 0 80 0 0 0 -8 0 0 0 10 box4t.dat

1 16 0 0 0 1 0 0 0 1 0 0 0 1 stug-1x8.dat

0 NOFILE

0 FILE stug-1x8.dat
0 Stud Group  1 x  8

0 Name: stug-1x8.dat

0 Author: Steffen [Steffen]

0 !LDRAW_ORG Primitive UPDATE 2011-01

0 !LICENSE Licensed under CC BY 4.0 : see CAreadme.txt



0 BFC CERTIFY CCW



0 !HISTORY 2011-07-25 [PTadmin] Official Update 2011-01





1 16 -70 0 0 1 0 0 0 1 0 0 0 1 stud.dat

1 16 -50 0 0 1 0 0 0 1 0 0 0 1 stud.dat

1 16 -30 0 0 1 0 0 0 1 0 0 0 1 stud.dat

1 16 -10 0 0 1 0 0 0 1 0 0 0 1 stud.dat

1 16 10 0 0 1 0 0 0 1 0 0 0 1 stud.dat

1 16 30 0 0 1 0 0 0 1 0 0 0 1 stud.dat

1 16 50 0 0 1 0 0 0 1 0 0 0 1 stud.dat

1 16 70 0 0 1 0 0 0 1 0 0 0 1 stud.dat

0 NOFILE

0 FILE stug3-1x7.dat
0 Stud Tube Solid Group  1 x  7

0 Name: stug3-1x7.dat

0 Author: Steffen [Steffen]

0 !LDRAW_ORG Primitive UPDATE 2012-01

0 !LICENSE Licensed under CC BY 4.0 : see CAreadme.txt



0 BFC CERTIFY CCW



0 !HISTORY 2012-03-30 [PTadmin] Official Update 2012-01





1 16 -60 0 0 1 0 0 0 1 0 0 0 1 stud3.dat

1 16 -40 0 0 1 0 0 0 1 0 0 0 1 stud3.dat

1 16 -20 0 0 1 0 0 0 1 0 0 0 1 stud3.dat

1 16 0 0 0 1 0 0 0 1 0 0 0 1 stud3.dat

1 16 20 0 0 1 0 0 0 1 0 0 0 1 stud3.dat

1 16 40 0 0 1 0 0 0 1 0 0 0 1 stud3.dat

1 16 60 0 0 1 0 0 0 1 0 0 0 1 stud3.dat

0 NOFILE

0 FILE 42534.dat
0 =Plate  8 x  8

0 Name: 42534.dat

0 Author: Rolf Osterthun [Rolf]

0 !LDRAW_ORG Part Alias UPDATE 2013-02

0 !LICENSE Licensed under CC BY 4.0 : see CAreadme.txt



0 BFC CERTIFY CCW



0 !HISTORY 2013-12-23 [PTadmin] Official Update 2013-02





0 // Alias of 41539

0 // Part 42534 is the transparent counterpart of 41539



1 16 0 0 0 1 0 0 0 1 0 0 0 1 41539.dat

0 NOFILE

0 FILE 41539.dat
0 Plate  8 x  8

0 Name: 41539.dat

0 Author: Martin G Cormier

0 !LDRAW_ORG Part UPDATE 2004-04

0 !LICENSE Licensed under CC BY 2.0 and CC BY 4.0 : see CAreadme.txt



0 BFC CERTIFY CCW



0 !HISTORY 2002-04-25 [PTadmin] Official Update 2002-02

0 !HISTORY 2004-10-06 [guyvivan] Made BFC Compliant

0 !HISTORY 2004-11-06 [PTadmin] Official Update 2004-04

0 !HISTORY 2007-07-01 [PTadmin] Header formatted for Contributor Agreement

0 !HISTORY 2008-07-01 [PTadmin] Official Update 2008-01





1 16 60 4 60 1 0 0 0 -1 0 0 0 1 stud4.dat

1 16 40 4 60 1 0 0 0 -1 0 0 0 1 stud4.dat

1 16 20 4 60 1 0 0 0 -1 0 0 0 1 stud4.dat

1 16 0 4 60 1 0 0 0 -1 0 0 0 1 stud4.dat

1 16 -20 4 60 1 0 0 0 -1 0 0 0 1 stud4.dat

1 16 -40 4 60 1 0 0 0 -1 0 0 0 1 stud4.dat

1 16 -60 4 60 1 0 0 0 -1 0 0 0 1 stud4.dat

1 16 60 4 40 1 0 0 0 -1 0 0 0 1 stud4.dat

1 16 40 4 40 1 0 0 0 -1 0 0 0 1 stud4.dat

1 16 20 4 40 1 0 0 0 -1 0 0 0 1 stud4.dat

1 16 0 4 40 1 0 0 0 -1 0 0 0 1 stud4.dat

1 16 -20 4 40 1 0 0 0 -1 0 0 0 1 stud4.dat

1 16 -40 4 40 1 0 0 0 -1 0 0 0 1 stud4.dat

1 16 -60 4 40 1 0 0 0 -1 0 0 0 1 stud4.dat

1 16 60 4 20 1 0 0 0 -1 0 0 0 1 stud4.dat

1 16 40 4 20 1 0 0 0 -1 0 0 0 1 stud4.dat

1 16 20 4 20 1 0 0 0 -1 0 0 0 1 stud4.dat

1 16 0 4 20 1 0 0 0 -1 0 0 0 1 stud4.dat

1 16 -20 4 20 1 0 0 0 -1 0 0 0 1 stud4.dat

1 16 -40 4 20 1 0 0 0 -1 0 0 0 1 stud4.dat

1 16 -60 4 20 1 0 0 0 -1 0 0 0 1 stud4.dat

1 16 60 4 0 1 0 0 0 -1 0 0 0 1 stud4.dat

1 16 40 4 0 1 0 0 0 -1 0 0 0 1 stud4.dat

1 16 20 4 0 1 0 0 0 -1 0 0 0 1 stud4.dat

1 16 0 4 0 1 0 0 0 -1 0 0 0 1 stud4.dat

1 16 -20 4 0 1 0 0 0 -1 0 0 0 1 stud4.dat

1 16 -40 4 0 1 0 0 0 -1 0 0 0 1 stud4.dat

1 16 -60 4 0 1 0 0 0 -1 0 0 0 1 stud4.dat

1 16 60 4 -20 1 0 0 0 -1 0 0 0 1 stud4.dat

1 16 40 4 -20 1 0 0 0 -1 0 0 0 1 stud4.dat

1 16 20 4 -20 1 0 0 0 -1 0 0 0 1 stud4.dat

1 16 0 4 -20 1 0 0 0 -1 0 0 0 1 stud4.dat

1 16 -20 4 -20 1 0 0 0 -1 0 0 0 1 stud4.dat

1 16 -40 4 -20 1 0 0 0 -1 0 0 0 1 stud4.dat

1 16 -60 4 -20 1 0 0 0 -1 0 0 0 1 stud4.dat

1 16 60 4 -40 1 0 0 0 -1 0 0 0 1 stud4.dat

1 16 40 4 -40 1 0 0 0 -1 0 0 0 1 stud4.dat

1 16 20 4 -40 1 0 0 0 -1 0 0 0 1 stud4.dat

1 16 0 4 -40 1 0 0 0 -1 0 0 0 1 stud4.dat

1 16 -20 4 -40 1 0 0 0 -1 0 0 0 1 stud4.dat

1 16 -40 4 -40 1 0 0 0 -1 0 0 0 1 stud4.dat

1 16 -60 4 -40 1 0 0 0 -1 0 0 0 1 stud4.dat

1 16 60 4 -60 1 0 0 0 -1 0 0 0 1 stud4.dat

1 16 40 4 -60 1 0 0 0 -1 0 0 0 1 stud4.dat

1 16 20 4 -60 1 0 0 0 -1 0 0 0 1 stud4.dat

1 16 0 4 -60 1 0 0 0 -1 0 0 0 1 stud4.dat

1 16 -20 4 -60 1 0 0 0 -1 0 0 0 1 stud4.dat

1 16 -40 4 -60 1 0 0 0 -1 0 0 0 1 stud4.dat

1 16 -60 4 -60 1 0 0 0 -1 0 0 0 1 stud4.dat

0 BFC INVERTNEXT

1 16 0 8 0 76 0 0 0 -4 0 0 0 76 box5.dat

4 16 80 8 80 76 8 76 -76 8 76 -80 8 80

4 16 -80 8 80 -76 8 76 -76 8 -76 -80 8 -80

4 16 -80 8 -80 -76 8 -76 76 8 -76 80 8 -80

4 16 80 8 -80 76 8 -76 76 8 76 80 8 80

1 16 0 8 0 80 0 0 0 -8 0 0 0 80 box5.dat

1 16 70 0 70 1 0 0 0 1 0 0 0 1 stud.dat

1 16 50 0 70 1 0 0 0 1 0 0 0 1 stud.dat

1 16 30 0 70 1 0 0 0 1 0 0 0 1 stud.dat

1 16 10 0 70 1 0 0 0 1 0 0 0 1 stud.dat

1 16 -10 0 70 1 0 0 0 1 0 0 0 1 stud.dat

1 16 -30 0 70 1 0 0 0 1 0 0 0 1 stud.dat

1 16 -50 0 70 1 0 0 0 1 0 0 0 1 stud.dat

1 16 -70 0 70 1 0 0 0 1 0 0 0 1 stud.dat

1 16 70 0 50 1 0 0 0 1 0 0 0 1 stud.dat

1 16 50 0 50 1 0 0 0 1 0 0 0 1 stud.dat

1 16 30 0 50 1 0 0 0 1 0 0 0 1 stud.dat

1 16 10 0 50 1 0 0 0 1 0 0 0 1 stud.dat

1 16 -10 0 50 1 0 0 0 1 0 0 0 1 stud.dat

1 16 -30 0 50 1 0 0 0 1 0 0 0 1 stud.dat

1 16 -50 0 50 1 0 0 0 1 0 0 0 1 stud.dat

1 16 -70 0 50 1 0 0 0 1 0 0 0 1 stud.dat

1 16 70 0 30 1 0 0 0 1 0 0 0 1 stud.dat

1 16 50 0 30 1 0 0 0 1 0 0 0 1 stud.dat

1 16 30 0 30 1 0 0 0 1 0 0 0 1 stud.dat

1 16 10 0 30 1 0 0 0 1 0 0 0 1 stud.dat

1 16 -10 0 30 1 0 0 0 1 0 0 0 1 stud.dat

1 16 -30 0 30 1 0 0 0 1 0 0 0 1 stud.dat

1 16 -50 0 30 1 0 0 0 1 0 0 0 1 stud.dat

1 16 -70 0 30 1 0 0 0 1 0 0 0 1 stud.dat

1 16 70 0 10 1 0 0 0 1 0 0 0 1 stud.dat

1 16 50 0 10 1 0 0 0 1 0 0 0 1 stud.dat

1 16 30 0 10 1 0 0 0 1 0 0 0 1 stud.dat

1 16 10 0 10 1 0 0 0 1 0 0 0 1 stud.dat

1 16 -10 0 10 1 0 0 0 1 0 0 0 1 stud.dat

1 16 -30 0 10 1 0 0 0 1 0 0 0 1 stud.dat

1 16 -50 0 10 1 0 0 0 1 0 0 0 1 stud.dat

1 16 -70 0 10 1 0 0 0 1 0 0 0 1 stud.dat

1 16 70 0 -10 1 0 0 0 1 0 0 0 1 stud.dat

1 16 50 0 -10 1 0 0 0 1 0 0 0 1 stud.dat

1 16 30 0 -10 1 0 0 0 1 0 0 0 1 stud.dat

1 16 10 0 -10 1 0 0 0 1 0 0 0 1 stud.dat

1 16 -10 0 -10 1 0 0 0 1 0 0 0 1 stud.dat

1 16 -30 0 -10 1 0 0 0 1 0 0 0 1 stud.dat

1 16 -50 0 -10 1 0 0 0 1 0 0 0 1 stud.dat

1 16 -70 0 -10 1 0 0 0 1 0 0 0 1 stud.dat

1 16 70 0 -30 1 0 0 0 1 0 0 0 1 stud.dat

1 16 50 0 -30 1 0 0 0 1 0 0 0 1 stud.dat

1 16 30 0 -30 1 0 0 0 1 0 0 0 1 stud.dat

1 16 10 0 -30 1 0 0 0 1 0 0 0 1 stud.dat

1 16 -10 0 -30 1 0 0 0 1 0 0 0 1 stud.dat

1 16 -30 0 -30 1 0 0 0 1 0 0 0 1 stud.dat

1 16 -50 0 -30 1 0 0 0 1 0 0 0 1 stud.dat

1 16 -70 0 -30 1 0 0 0 1 0 0 0 1 stud.dat

1 16 70 0 -50 1 0 0 0 1 0 0 0 1 stud.dat

1 16 50 0 -50 1 0 0 0 1 0 0 0 1 stud.dat

1 16 30 0 -50 1 0 0 0 1 0 0 0 1 stud.dat

1 16 10 0 -50 1 0 0 0 1 0 0 0 1 stud.dat

1 16 -10 0 -50 1 0 0 0 1 0 0 0 1 stud.dat

1 16 -30 0 -50 1 0 0 0 1 0 0 0 1 stud.dat

1 16 -50 0 -50 1 0 0 0 1 0 0 0 1 stud.dat

1 16 -70 0 -50 1 0 0 0 1 0 0 0 1 stud.dat

1 16 70 0 -70 1 0 0 0 1 0 0 0 1 stud.dat

1 16 50 0 -70 1 0 0 0 1 0 0 0 1 stud.dat

1 16 30 0 -70 1 0 0 0 1 0 0 0 1 stud.dat

1 16 10 0 -70 1 0 0 0 1 0 0 0 1 stud.dat

1 16 -10 0 -70 1 0 0 0 1 0 0 0 1 stud.dat

1 16 -30 0 -70 1 0 0 0 1 0 0 0 1 stud.dat

1 16 -50 0 -70 1 0 0 0 1 0 0 0 1 stud.dat

1 16 -70 0 -70 1 0 0 0 1 0 0 0 1 stud.dat

0

0 NOFILE
