0 FILE jammer-scion-v2-main.ldr
0 
0 Name:  Jammer[SCION]V2
0 Author:  
0 CustomBrick
0 FlexibleBrickControlPointUnitLength -1
0 FlexibleBrickLockedControlPoint 
1 0 -30.000000 -96.000000 -10.000000 1.000000 0.000000 0.000000 0.000000 1.000000 0.000000 0.000000 0.000000 1.000000 3688.dat
1 0 -30.000000 -96.000000 -10.000000 1.000000 0.000000 0.000000 0.000000 1.000000 0.000000 0.000000 0.000000 1.000000 22388.dat
1 0 -30.000000 -40.000000 -10.000000 1.000000 0.000000 0.000000 0.000000 1.000000 0.000000 0.000000 0.000000 1.000000 11610.dat
1 0 -30.000000 -48.000000 -10.000000 1.000000 0.000000 0.000000 0.000000 1.000000 0.000000 0.000000 0.000000 1.000000 3794b.dat
1 0 -30.000000 -8.000000 -10.000000 1.000000 0.000000 0.000000 0.000000 1.000000 0.000000 0.000000 0.000000 1.000000 85861.dat
1 0 70.000000 -40.000000 -10.000000 1.000000 0.000000 0.000000 0.000000 1.000000 0.000000 0.000000 0.000000 1.000000 11610.dat
1 0 70.000000 -8.000000 -10.000000 1.000000 0.000000 0.000000 0.000000 1.000000 0.000000 0.000000 0.000000 1.000000 85861.dat
1 0 210.000000 -40.000000 -10.000000 1.000000 0.000000 0.000000 0.000000 1.000000 0.000000 0.000000 0.000000 1.000000 11610.dat
1 0 70.000000 -64.000010 0.000000 1.000000 0.000000 0.000000 0.000000 0.000000 1.000000 0.000000 -1.000000 0.000000 5404.dat
1 0 210.000000 -8.000000 -10.000000 1.000000 0.000000 0.000000 0.000000 1.000000 0.000000 0.000000 0.000000 1.000000 85861.dat
1 0 80.000000 -64.000010 -10.000000 0.000000 -1.000000 0.000000 0.000000 0.000000 1.000000 -1.000000 0.000000 0.000000 5404.dat
1 0 210.000000 -88.000000 -10.000000 1.000000 0.000000 0.000000 0.000000 1.000000 0.000000 0.000000 0.000000 1.000000 4733.dat
1 0 210.000000 -112.000000 -10.000000 1.000000 0.000000 0.000000 0.000000 1.000000 0.000000 0.000000 0.000000 1.000000 3005.dat
1 0 60.000000 -64.000000 -10.000000 0.000000 1.000000 0.000000 -0.000001 0.000000 1.000000 1.000000 0.000000 0.000000 5404.dat
1 0 70.000000 -88.000000 -10.000000 1.000000 0.000000 0.000000 0.000000 1.000000 0.000000 0.000000 0.000000 1.000000 3005.dat
1 0 70.000000 -88.000000 -10.000000 1.000000 0.000000 0.000000 0.000000 1.000000 0.000000 0.000000 0.000000 1.000000 22388.dat
1 0 210.000000 -144.000000 -10.000000 1.000000 0.000000 0.000000 0.000000 1.000000 0.000000 0.000000 0.000000 1.000000 22388.dat
1 0 210.000000 -136.000000 -10.000000 1.000000 0.000000 0.000000 0.000000 1.000000 0.000000 0.000000 0.000000 1.000000 3005.dat
1 0 70.000000 -64.000000 -10.000000 1.000000 0.000000 0.000000 0.000000 1.000000 0.000000 0.000000 0.000000 1.000000 4733.dat
1 0 210.000000 -78.000010 -44.000000 -1.000000 0.000000 0.000000 0.000000 0.000000 1.000000 0.000000 1.000000 0.000000 43710.dat
1 0 176.000000 -78.000000 -10.000000 0.000000 1.000000 0.000000 0.000000 0.000000 1.000000 1.000000 0.000000 0.000000 43710.dat
1 0 210.000000 -78.000000 24.000000 1.000000 0.000000 0.000000 0.000000 0.000000 1.000000 0.000000 -1.000000 0.000000 43710.dat
1 0 244.000000 -78.000000 -10.000000 0.000000 -1.000000 0.000000 0.000000 0.000000 1.000000 -1.000000 0.000000 0.000000 43710.dat
1 0 70.000000 -64.000010 -20.000010 -1.000000 0.000000 0.000000 0.000000 0.000000 1.000000 0.000000 1.000000 0.000000 5404.dat
1 0 210.000000 -144.000000 -10.000000 1.000000 0.000000 0.000000 0.000000 1.000000 0.000000 0.000000 0.000000 1.000000 3024.dat
1 0 210.000000 -64.000000 -10.000000 0.000000 0.000000 -1.000000 0.000000 1.000000 0.000000 1.000000 0.000000 0.000000 2341.dat
1 0 400.000000 -8.000000 40.000000 1.000000 0.000000 0.000000 0.000000 1.000000 0.000000 0.000000 0.000000 1.000000 42534.dat
1 0 380.000000 -8.000000 -50.000000 1.000000 0.000000 0.000000 0.000000 1.000000 0.000000 0.000000 0.000000 1.000000 3460.dat
1 0 470.000000 -8.000000 -50.000000 1.000000 0.000000 0.000000 0.000000 1.000000 0.000000 0.000000 0.000000 1.000000 3024.dat
1 0 310.000000 -8.000000 40.000000 0.000000 0.000000 -1.000000 0.000000 1.000000 0.000000 1.000000 0.000000 0.000000 3460.dat
1 0 370.000000 -40.000000 50.000000 -1.000000 0.000000 0.000000 0.000000 1.000000 0.000000 0.000000 0.000000 -1.000000 13548.dat
1 0 370.000000 -40.000000 10.000000 0.000000 0.000000 1.000000 0.000000 1.000000 0.000000 -1.000000 0.000000 0.000000 13548.dat
1 0 410.000000 -40.000000 10.000000 1.000000 0.000000 0.000000 0.000000 1.000000 0.000000 0.000000 0.000000 1.000000 13548.dat
1 0 390.000000 -40.000000 9.999990 1.000000 0.000000 0.000000 0.000000 1.000000 0.000000 0.000000 0.000000 1.000000 3040b.dat
1 0 319.560800 -171.342800 30.000000 0.342019 0.939693 0.000000 0.939690 -0.342020 0.000000 0.000000 0.000000 -1.000000 3623.dat
1 0 440.000000 -24.000000 80.000000 0.000000 0.000000 1.000000 0.000000 1.000000 0.000000 -1.000000 0.000000 0.000000 26601.dat
1 0 312.720300 -190.136700 30.000000 0.000000 0.939693 0.342019 0.000000 -0.342020 0.939690 1.000000 0.000000 0.000000 54200.dat
1 0 320.237900 -192.872500 30.000000 0.000000 0.939693 0.342019 0.000000 -0.342020 0.939690 1.000000 0.000000 0.000000 36840.dat
1 0 410.000000 -40.000000 30.000000 0.000000 0.000000 -1.000000 0.000000 1.000000 0.000000 1.000000 0.000000 0.000000 3040b.dat
1 0 313.570300 -205.344200 30.000000 0.000000 0.342019 0.939693 0.000000 0.939691 -0.342021 -1.000000 0.000000 0.000000 54200.dat
1 0 440.000000 -32.000000 80.000000 0.000000 0.000000 1.000000 0.000000 1.000000 0.000000 -1.000000 0.000000 0.000000 26601.dat
1 0 430.000000 -40.000000 70.000000 1.000000 0.000000 0.000000 0.000000 1.000000 0.000000 0.000000 0.000000 1.000000 27263.dat
1 0 450.000000 -40.000000 90.000000 0.000000 0.000000 1.000000 0.000000 1.000000 0.000000 -1.000000 0.000000 0.000000 85861.dat
1 234 450.000000 -64.000000 90.000000 1.000000 0.000000 0.000000 0.000000 1.000000 0.000000 0.000000 0.000000 1.000000 11610.dat
1 0 320.000000 -16.000000 100.000000 1.000000 0.000000 0.000000 0.000000 1.000000 0.000000 0.000000 0.000000 1.000000 3068b.dat
1 0 390.000000 -40.000000 50.000000 -1.000000 0.000000 0.000000 0.000000 1.000000 0.000000 0.000000 0.000000 -1.000000 3040b.dat
1 0 322.980900 -161.945800 30.000000 0.000000 0.939693 -0.342019 0.000000 -0.342020 -0.939690 -1.000000 0.000000 0.000000 61409.dat
1 0 343.502100 -105.564500 30.000000 0.342020 0.939693 0.000000 0.939693 -0.342020 0.000000 0.000000 0.000000 -1.000000 2431.dat
1 0 357.860000 -89.506790 30.000000 0.342020 0.939693 0.000000 0.939693 -0.342020 0.000000 0.000000 0.000000 -1.000000 60478.dat
1 0 340.758900 -136.491300 30.000000 0.342019 0.939693 0.000000 0.939690 -0.342020 0.000000 0.000000 0.000000 -1.000000 3623.dat
1 14 327.078300 -174.079000 30.000000 0.342019 0.939693 0.000000 0.939690 -0.342020 0.000000 0.000000 0.000000 -1.000000 3024.dat
1 0 390.000000 -16.000000 100.000000 -1.000000 0.000000 0.000000 0.000000 1.000000 0.000000 0.000000 0.000000 -1.000000 26603.dat
1 0 420.000000 -24.000000 60.000000 0.000000 0.000000 -1.000000 0.000000 1.000000 0.000000 1.000000 0.000000 0.000000 26601.dat
1 0 420.000000 -32.000000 60.000000 0.000000 0.000000 -1.000000 0.000000 1.000000 0.000000 1.000000 0.000000 0.000000 26601.dat
1 0 410.000000 -40.000000 50.000000 0.000000 0.000000 -1.000000 0.000000 1.000000 0.000000 1.000000 0.000000 0.000000 3024.dat
1 0 430.000000 -40.000000 70.000000 -1.000000 0.000000 0.000000 0.000000 1.000000 0.000000 0.000000 0.000000 -1.000000 27263.dat
1 0 350.000000 -16.000000 110.000000 1.000000 0.000000 0.000000 0.000000 1.000000 0.000000 0.000000 0.000000 1.000000 3070b.dat
1 0 320.000000 -16.000000 30.000000 0.000000 0.000000 -1.000000 0.000000 1.000000 0.000000 1.000000 0.000000 0.000000 26603.dat
1 0 350.000000 -16.000000 70.000000 0.000000 0.000000 -1.000000 0.000000 1.000000 0.000000 1.000000 0.000000 0.000000 27263.dat
1 0 310.000000 -16.000000 70.000000 0.000000 0.000000 1.000000 0.000000 1.000000 0.000000 -1.000000 0.000000 0.000000 3070b.dat
1 234 450.000000 -64.000000 90.000000 1.000000 0.000000 0.000000 0.000000 1.000000 0.000000 0.000000 0.000000 1.000000 20401.dat
1 0 422.140000 -89.506730 30.000000 -0.342020 -0.939693 0.000000 0.939693 -0.342020 0.000000 0.000000 0.000000 1.000000 60478.dat
1 0 410.000000 -56.000000 30.000000 -1.000000 0.000000 0.000000 0.000000 1.000000 0.000000 0.000000 0.000000 -1.000000 2555.dat
1 0 370.000000 -56.000000 30.000000 -1.000000 0.000000 0.000000 0.000000 1.000000 0.000000 0.000000 0.000000 -1.000000 2555.dat
1 0 390.000000 -89.506740 -2.139970 0.000000 0.000000 1.000000 0.939693 -0.342020 0.000000 0.342020 0.939693 0.000000 60478.dat
1 0 390.000000 -56.000000 10.000000 0.000000 0.000000 1.000000 0.000000 1.000000 0.000000 -1.000000 0.000000 0.000000 2555.dat
1 0 390.000000 -56.000000 50.000000 0.000000 0.000000 1.000000 0.000000 1.000000 0.000000 -1.000000 0.000000 0.000000 2555.dat
1 0 390.000000 -48.000000 30.000000 0.000000 0.000000 -1.000000 0.000000 1.000000 0.000000 1.000000 0.000000 0.000000 11212.dat
1 0 390.000000 -105.564400 -16.497890 0.000000 0.000000 1.000000 0.939693 -0.342020 0.000000 0.342020 0.939693 0.000000 2431.dat
1 0 390.000100 -136.491700 -19.240360 0.000000 0.000000 1.000000 0.939693 -0.342020 0.000000 0.342018 0.939692 0.000000 3623.dat
1 0 390.000200 -171.343200 -40.438800 0.000000 0.000000 1.000000 0.939692 -0.342020 0.000000 0.342018 0.939692 0.000000 3623.dat
1 14 390.000200 -174.079400 -32.921200 0.000000 0.000000 1.000000 0.939692 -0.342020 0.000000 0.342018 0.939692 0.000000 3024.dat
1 0 390.000200 -161.946200 -37.018600 1.000000 0.000000 0.000000 0.000000 -0.342020 -0.939692 0.000000 0.939692 -0.342018 61409.dat
1 0 390.000200 -190.137100 -47.279200 -1.000000 0.000000 0.000000 0.000000 -0.342020 0.939692 0.000000 0.939692 0.342018 54200.dat
1 0 390.000200 -192.873300 -39.761600 -1.000000 0.000000 0.000000 0.000000 -0.342020 0.939692 0.000000 0.939692 0.342018 36840.dat
1 0 390.000200 -205.344900 -46.429200 1.000000 0.000000 0.000000 0.000000 0.939693 -0.342020 0.000000 0.342018 0.939692 54200.dat
1 0 410.000000 -56.000000 50.000000 0.000000 0.000000 -1.000000 0.000000 1.000000 0.000000 1.000000 0.000000 0.000000 25269.dat
1 0 370.000000 -56.000000 10.000000 0.000000 0.000000 1.000000 0.000000 1.000000 0.000000 -1.000000 0.000000 0.000000 25269.dat
1 0 370.000000 -56.000000 50.000000 -1.000000 0.000000 0.000000 0.000000 1.000000 0.000000 0.000000 0.000000 -1.000000 25269.dat
1 0 410.000000 -56.000000 10.000000 1.000000 0.000000 0.000000 0.000000 1.000000 0.000000 0.000000 0.000000 1.000000 25269.dat
1 0 390.000000 -89.506730 62.140000 0.000000 0.000000 -1.000000 0.939693 -0.342021 0.000000 -0.342020 -0.939693 0.000000 60478.dat
1 0 459.762600 -192.873000 30.000000 0.000000 -0.939693 -0.342022 0.000000 -0.342020 0.939693 -1.000000 0.000000 0.000000 36840.dat
1 0 457.019400 -161.946000 30.000000 0.000000 -0.939693 0.342022 0.000000 -0.342020 -0.939693 1.000000 0.000000 0.000000 61409.dat
1 0 467.280200 -190.136900 30.000000 0.000000 -0.939693 -0.342022 0.000000 -0.342020 0.939693 -1.000000 0.000000 0.000000 54200.dat
1 0 460.439600 -171.343000 30.000000 -0.342022 -0.939693 0.000000 0.939693 -0.342020 0.000000 0.000000 0.000000 1.000000 3623.dat
1 0 390.000000 -105.564400 76.497940 0.000000 0.000000 -1.000000 0.939693 -0.342020 0.000000 -0.342020 -0.939693 0.000000 2431.dat
1 0 466.430300 -205.344600 30.000000 0.000000 -0.342022 -0.939693 0.000000 0.939693 -0.342020 1.000000 0.000000 0.000000 54200.dat
1 0 390.000000 -136.490900 79.241090 0.000000 0.000000 -1.000000 0.939693 -0.342019 0.000000 -0.342020 -0.939693 0.000000 3623.dat
1 0 390.000000 -171.342800 100.439300 0.000000 0.000000 -1.000000 0.939693 -0.342019 0.000000 -0.342019 -0.939693 0.000000 3623.dat
1 14 452.922000 -174.079100 30.000000 -0.342022 -0.939693 0.000000 0.939693 -0.342020 0.000000 0.000000 0.000000 1.000000 3024.dat
1 14 390.000000 -174.079000 92.921680 0.000000 0.000000 -1.000000 0.939693 -0.342019 0.000000 -0.342019 -0.939693 0.000000 3024.dat
1 0 390.000000 -192.872800 99.762020 1.000000 0.000000 0.000000 0.000000 -0.342019 0.939693 0.000000 -0.939693 -0.342019 36840.dat
1 0 390.000000 -161.945800 97.019100 -1.000000 0.000000 0.000000 0.000000 -0.342019 -0.939693 0.000000 -0.939693 0.342019 61409.dat
1 0 390.000000 -190.136700 107.279600 1.000000 0.000000 0.000000 0.000000 -0.342019 0.939693 0.000000 -0.939693 -0.342019 54200.dat
1 0 439.241400 -136.491300 30.000000 -0.342022 -0.939693 0.000000 0.939693 -0.342020 0.000000 0.000000 0.000000 1.000000 3623.dat
1 0 390.000000 -205.344500 106.429700 -1.000000 0.000000 0.000000 0.000000 0.939693 -0.342019 0.000000 -0.342019 -0.939693 54200.dat
1 0 420.000000 -16.000000 60.000000 0.000000 0.000000 -1.000000 0.000000 1.000000 0.000000 1.000000 0.000000 0.000000 26601.dat
1 0 360.000000 -16.000000 60.000000 -1.000000 0.000000 0.000000 0.000000 1.000000 0.000000 0.000000 0.000000 -1.000000 26601.dat
1 47 390.000000 -113.930000 30.000000 1.000000 0.000000 0.000000 0.000000 1.000000 0.000000 0.000000 0.000000 1.000000 4095.dat
1 47 390.000000 -214.460000 30.000000 1.000000 0.000000 0.000000 0.000000 1.000000 0.000000 0.000000 0.000000 1.000000 85861.dat
1 0 390.000000 -254.460000 30.000000 1.000000 0.000000 0.000000 0.000000 1.000000 0.000000 0.000000 0.000000 1.000000 20953.dat
1 0 440.000000 -16.000000 80.000000 0.000000 0.000000 1.000000 0.000000 1.000000 0.000000 -1.000000 0.000000 0.000000 26601.dat
1 47 390.000000 -72.000000 30.000000 0.000000 0.000000 -1.000000 0.000000 1.000000 0.000000 1.000000 0.000000 0.000000 3062b.dat
1 0 360.000000 -16.000000 0.000000 0.000000 0.000000 1.000000 0.000000 1.000000 0.000000 -1.000000 0.000000 0.000000 26601.dat
1 0 390.000000 -16.000000 60.000000 0.000000 0.000000 1.000000 0.000000 1.000000 0.000000 -1.000000 0.000000 0.000000 3023b.dat
1 0 420.000000 -16.000000 0.000000 1.000000 0.000000 0.000000 0.000000 1.000000 0.000000 0.000000 0.000000 1.000000 26601.dat
1 0 370.000000 -16.000000 30.000000 1.000000 0.000000 0.000000 0.000000 1.000000 0.000000 0.000000 0.000000 1.000000 63864.dat
1 0 460.000000 -16.000000 -40.000000 1.000000 0.000000 0.000000 0.000000 1.000000 0.000000 0.000000 0.000000 1.000000 3068b.dat
1 0 350.000000 -16.000000 -10.000000 -1.000000 0.000000 0.000000 0.000000 1.000000 0.000000 0.000000 0.000000 -1.000000 27263.dat
1 0 390.000000 -16.000000 -40.000000 -1.000000 0.000000 0.000000 0.000000 1.000000 0.000000 0.000000 0.000000 -1.000000 26603.dat
1 0 460.000000 -16.000000 30.000000 0.000000 0.000000 -1.000000 0.000000 1.000000 0.000000 1.000000 0.000000 0.000000 26603.dat
1 0 470.000000 -16.000000 -10.000000 1.000000 0.000000 0.000000 0.000000 1.000000 0.000000 0.000000 0.000000 1.000000 3070b.dat
1 0 430.000000 -16.000000 -10.000000 0.000000 0.000000 1.000000 0.000000 1.000000 0.000000 -1.000000 0.000000 0.000000 27263.dat
1 0 420.000000 -16.000000 30.000020 1.000000 0.000000 0.000001 0.000000 1.000000 0.000000 -0.000001 0.000000 1.000000 3023b.dat
1 47 390.000000 -101.930000 30.000000 0.000000 0.000000 -1.000000 0.000000 1.000000 0.000000 1.000000 0.000000 0.000000 3062b.dat
1 0 430.000000 -16.000000 -50.000000 0.000000 0.000000 1.000000 0.000000 1.000000 0.000000 -1.000000 0.000000 0.000000 3070b.dat
1 0 436.497900 -105.564400 30.000000 -0.342020 -0.939693 0.000000 0.939693 -0.342020 0.000000 0.000000 0.000000 1.000000 2431.dat
1 0 350.000000 -16.000000 -50.000000 0.000000 0.000000 1.000000 0.000000 1.000000 0.000000 -1.000000 0.000000 0.000000 3070b.dat
1 0 310.000000 -16.000000 -10.000000 0.000000 0.000000 -1.000000 0.000000 1.000000 0.000000 1.000000 0.000000 0.000000 3070b.dat
1 0 470.000000 -16.000000 110.000000 -1.000000 0.000000 0.000000 0.000000 1.000000 0.000000 0.000000 0.000000 -1.000000 14719.dat
1 0 470.000000 -16.000000 70.000000 1.000000 0.000000 0.000000 0.000000 1.000000 0.000000 0.000000 0.000000 1.000000 3070b.dat
1 0 320.000000 -16.000000 -40.000000 1.000000 0.000000 0.000000 0.000000 1.000000 0.000000 0.000000 0.000000 1.000000 3068b.dat
1 0 430.000000 -16.000000 110.000000 -1.000000 0.000000 0.000000 0.000000 1.000000 0.000000 0.000000 0.000000 -1.000000 3070b.dat
1 0 390.000000 -16.000000 -0.000010 0.000000 0.000000 1.000000 0.000000 1.000000 0.000000 -1.000000 0.000000 0.000000 3023b.dat
1 0 -287.279700 -190.136700 70.000000 0.000000 0.939693 0.342019 0.000000 -0.342020 0.939690 1.000000 0.000000 0.000000 54200.dat
1 0 -286.429700 -205.344200 70.000000 0.000000 0.342019 0.939693 0.000000 0.939691 -0.342021 -1.000000 0.000000 0.000000 54200.dat
1 0 -163.502100 -105.564400 70.000000 -0.342020 -0.939693 0.000000 0.939693 -0.342020 0.000000 0.000000 0.000000 1.000000 2431.dat
1 0 -177.860000 -89.506720 70.000000 -0.342020 -0.939693 0.000000 0.939693 -0.342020 0.000000 0.000000 0.000000 1.000000 60478.dat
1 0 -210.000000 -89.506720 102.140000 0.000000 0.000000 -1.000000 0.939693 -0.342021 0.000000 -0.342020 -0.939693 0.000000 60478.dat
1 0 -210.000000 -192.872800 139.762000 1.000000 0.000000 0.000000 0.000000 -0.342019 0.939693 0.000000 -0.939693 -0.342019 36840.dat
1 0 -242.140000 -89.506770 70.000000 0.342020 0.939693 0.000000 0.939693 -0.342020 0.000000 0.000000 0.000000 -1.000000 60478.dat
1 0 -210.000000 -56.000000 90.000000 0.000000 0.000000 1.000000 0.000000 1.000000 0.000000 -1.000000 0.000000 0.000000 2555.dat
1 0 -210.000000 -89.506740 37.860050 0.000000 0.000000 1.000000 0.939693 -0.342020 0.000000 0.342020 0.939693 0.000000 60478.dat
1 0 -210.000000 -105.564400 23.502140 0.000000 0.000000 1.000000 0.939693 -0.342020 0.000000 0.342020 0.939693 0.000000 2431.dat
1 0 -209.999900 -136.491700 20.759640 0.000000 0.000000 1.000000 0.939693 -0.342020 0.000000 0.342018 0.939692 0.000000 3623.dat
1 0 -209.999800 -205.344900 -6.429200 1.000000 0.000000 0.000000 0.000000 0.939693 -0.342020 0.000000 0.342018 0.939692 54200.dat
1 0 -200.000000 -8.000000 80.000000 1.000000 0.000000 0.000000 0.000000 1.000000 0.000000 0.000000 0.000000 1.000000 42534.dat
1 0 -220.000000 -8.000000 -10.000000 1.000000 0.000000 0.000000 0.000000 1.000000 0.000000 0.000000 0.000000 1.000000 3460.dat
1 0 -290.000000 -8.000000 80.000000 0.000000 0.000000 -1.000000 0.000000 1.000000 0.000000 1.000000 0.000000 0.000000 3460.dat
1 0 -209.999800 -192.873300 0.238400 -1.000000 0.000000 0.000000 0.000000 -0.342020 0.939692 0.000000 0.939692 0.342018 36840.dat
1 0 -209.999800 -190.137100 -7.279180 -1.000000 0.000000 0.000000 0.000000 -0.342020 0.939692 0.000000 0.939692 0.342018 54200.dat
1 0 -130.000000 -8.000000 -10.000000 1.000000 0.000000 0.000000 0.000000 1.000000 0.000000 0.000000 0.000000 1.000000 3024.dat
1 0 -230.000000 -40.000000 90.000000 -1.000000 0.000000 0.000000 0.000000 1.000000 0.000000 0.000000 0.000000 -1.000000 13548.dat
1 0 -230.000000 -40.000000 50.000000 0.000000 0.000000 1.000000 0.000000 1.000000 0.000000 -1.000000 0.000000 0.000000 13548.dat
1 0 -209.999800 -161.946200 2.981380 1.000000 0.000000 0.000000 0.000000 -0.342020 -0.939692 0.000000 0.939692 -0.342018 61409.dat
1 14 -210.000000 -174.079000 132.921700 0.000000 0.000000 -1.000000 0.939693 -0.342019 0.000000 -0.342019 -0.939693 0.000000 3024.dat
1 0 -190.000000 -40.000000 50.000000 1.000000 0.000000 0.000000 0.000000 1.000000 0.000000 0.000000 0.000000 1.000000 13548.dat
1 0 -190.000000 -40.000000 70.000000 0.000000 0.000000 -1.000000 0.000000 1.000000 0.000000 1.000000 0.000000 0.000000 3040b.dat
1 0 -210.000000 -40.000000 50.000000 1.000000 0.000000 0.000000 0.000000 1.000000 0.000000 0.000000 0.000000 1.000000 3040b.dat
1 0 -210.000000 -40.000000 90.000000 -1.000000 0.000000 0.000000 0.000000 1.000000 0.000000 0.000000 0.000000 -1.000000 3040b.dat
1 0 -210.000000 -48.000000 70.000000 0.000000 0.000000 -1.000000 0.000000 1.000000 0.000000 1.000000 0.000000 0.000000 11212.dat
1 0 -160.000000 -24.000000 120.000000 0.000000 0.000000 1.000000 0.000000 1.000000 0.000000 -1.000000 0.000000 0.000000 26601.dat
1 0 -180.000000 -24.000000 100.000000 0.000000 0.000000 -1.000000 0.000000 1.000000 0.000000 1.000000 0.000000 0.000000 26601.dat
1 0 -180.000000 -32.000000 100.000000 0.000000 0.000000 -1.000000 0.000000 1.000000 0.000000 1.000000 0.000000 0.000000 26601.dat
1 0 -190.000000 -40.000000 90.000000 0.000000 0.000000 -1.000000 0.000000 1.000000 0.000000 1.000000 0.000000 0.000000 3024.dat
1 0 -170.000000 -40.000000 110.000000 -1.000000 0.000000 0.000000 0.000000 1.000000 0.000000 0.000000 0.000000 -1.000000 27263.dat
1 0 -160.000000 -32.000000 120.000000 0.000000 0.000000 1.000000 0.000000 1.000000 0.000000 -1.000000 0.000000 0.000000 26601.dat
1 0 -170.000000 -40.000000 110.000000 1.000000 0.000000 0.000000 0.000000 1.000000 0.000000 0.000000 0.000000 1.000000 27263.dat
1 0 -150.000000 -40.000000 130.000000 0.000000 0.000000 1.000000 0.000000 1.000000 0.000000 -1.000000 0.000000 0.000000 85861.dat
1 234 -150.000000 -64.000000 130.000000 1.000000 0.000000 0.000000 0.000000 1.000000 0.000000 0.000000 0.000000 1.000000 11610.dat
1 234 -150.000000 -64.000000 130.000000 1.000000 0.000000 0.000000 0.000000 1.000000 0.000000 0.000000 0.000000 1.000000 20401.dat
1 0 -230.000000 -56.000000 70.000000 -1.000000 0.000000 0.000000 0.000000 1.000000 0.000000 0.000000 0.000000 -1.000000 2555.dat
1 14 -209.999800 -174.079400 7.078800 0.000000 0.000000 1.000000 0.939692 -0.342020 0.000000 0.342018 0.939692 0.000000 3024.dat
1 0 -209.999800 -171.343200 -0.438780 0.000000 0.000000 1.000000 0.939692 -0.342020 0.000000 0.342018 0.939692 0.000000 3623.dat
1 0 -210.000000 -105.564400 116.497900 0.000000 0.000000 -1.000000 0.939693 -0.342020 0.000000 -0.342020 -0.939693 0.000000 2431.dat
1 0 -210.000000 -56.000000 50.000000 0.000000 0.000000 1.000000 0.000000 1.000000 0.000000 -1.000000 0.000000 0.000000 2555.dat
1 0 -210.000000 -136.490900 119.241100 0.000000 0.000000 -1.000000 0.939693 -0.342019 0.000000 -0.342020 -0.939693 0.000000 3623.dat
1 0 -210.000000 -171.342800 140.439300 0.000000 0.000000 -1.000000 0.939693 -0.342019 0.000000 -0.342019 -0.939693 0.000000 3623.dat
1 0 -210.000000 -161.945800 137.019100 -1.000000 0.000000 0.000000 0.000000 -0.342019 -0.939693 0.000000 -0.939693 0.342019 61409.dat
1 0 -210.000000 -190.136700 147.279600 1.000000 0.000000 0.000000 0.000000 -0.342019 0.939693 0.000000 -0.939693 -0.342019 54200.dat
1 0 -160.758700 -136.491300 70.000000 -0.342022 -0.939693 0.000000 0.939693 -0.342020 0.000000 0.000000 0.000000 1.000000 3623.dat
1 0 -210.000000 -254.460000 70.000000 1.000000 0.000000 0.000000 0.000000 1.000000 0.000000 0.000000 0.000000 1.000000 20953.dat
1 47 -210.000000 -113.930000 70.000000 1.000000 0.000000 0.000000 0.000000 1.000000 0.000000 0.000000 0.000000 1.000000 4095.dat
1 47 -210.000000 -72.000000 70.000000 0.000000 0.000000 -1.000000 0.000000 1.000000 0.000000 1.000000 0.000000 0.000000 3062b.dat
1 47 -210.000000 -101.930000 70.000000 0.000000 0.000000 -1.000000 0.000000 1.000000 0.000000 1.000000 0.000000 0.000000 3062b.dat
1 0 -256.497900 -105.564500 70.000000 0.342020 0.939693 0.000000 0.939693 -0.342020 0.000000 0.000000 0.000000 -1.000000 2431.dat
1 0 -190.000000 -56.000000 90.000000 0.000000 0.000000 -1.000000 0.000000 1.000000 0.000000 1.000000 0.000000 0.000000 25269.dat
1 0 -259.241100 -136.491300 70.000000 0.342019 0.939693 0.000000 0.939690 -0.342020 0.000000 0.000000 0.000000 -1.000000 3623.dat
1 0 -280.439200 -171.342800 70.000000 0.342019 0.939693 0.000000 0.939690 -0.342020 0.000000 0.000000 0.000000 -1.000000 3623.dat
1 0 -190.000000 -56.000000 50.000000 1.000000 0.000000 0.000000 0.000000 1.000000 0.000000 0.000000 0.000000 1.000000 25269.dat
1 0 -230.000000 -56.000000 50.000000 0.000000 0.000000 1.000000 0.000000 1.000000 0.000000 -1.000000 0.000000 0.000000 25269.dat
1 14 -272.921700 -174.079000 70.000000 0.342019 0.939693 0.000000 0.939690 -0.342020 0.000000 0.000000 0.000000 -1.000000 3024.dat
1 0 -277.019100 -161.945800 70.000000 0.000000 0.939693 -0.342019 0.000000 -0.342020 -0.939690 -1.000000 0.000000 0.000000 61409.dat
1 0 -279.762100 -192.872500 70.000000 0.000000 0.939693 0.342019 0.000000 -0.342020 0.939690 1.000000 0.000000 0.000000 36840.dat
1 0 -230.000000 -56.000000 90.000000 -1.000000 0.000000 0.000000 0.000000 1.000000 0.000000 0.000000 0.000000 -1.000000 25269.dat
1 0 -210.000000 -205.344500 146.429700 -1.000000 0.000000 0.000000 0.000000 0.939693 -0.342019 0.000000 -0.342019 -0.939693 54200.dat
1 47 -210.000000 -214.460000 70.000000 1.000000 0.000000 0.000000 0.000000 1.000000 0.000000 0.000000 0.000000 1.000000 85861.dat
1 0 -190.000000 -56.000000 70.000000 -1.000000 0.000000 0.000000 0.000000 1.000000 0.000000 0.000000 0.000000 -1.000000 2555.dat
1 0 -139.560400 -171.343000 70.000000 -0.342022 -0.939693 0.000000 0.939693 -0.342020 0.000000 0.000000 0.000000 1.000000 3623.dat
1 14 -147.078000 -174.079100 70.000000 -0.342022 -0.939693 0.000000 0.939693 -0.342020 0.000000 0.000000 0.000000 1.000000 3024.dat
1 0 -140.237400 -192.873000 70.000000 0.000000 -0.939693 -0.342022 0.000000 -0.342020 0.939693 -1.000000 0.000000 0.000000 36840.dat
1 0 -142.980600 -161.946000 70.000000 0.000000 -0.939693 0.342022 0.000000 -0.342020 -0.939693 1.000000 0.000000 0.000000 61409.dat
1 0 -132.719800 -190.136900 70.000000 0.000000 -0.939693 -0.342022 0.000000 -0.342020 0.939693 -1.000000 0.000000 0.000000 54200.dat
1 0 -133.569700 -205.344600 70.000000 0.000000 -0.342022 -0.939693 0.000000 0.939693 -0.342020 1.000000 0.000000 0.000000 54200.dat
1 0 -160.000000 -16.000000 120.000000 0.000000 0.000000 1.000000 0.000000 1.000000 0.000000 -1.000000 0.000000 0.000000 26601.dat
1 0 -180.000000 -16.000000 100.000000 0.000000 0.000000 -1.000000 0.000000 1.000000 0.000000 1.000000 0.000000 0.000000 26601.dat
1 0 -240.000000 -16.000000 100.000000 -1.000000 0.000000 0.000000 0.000000 1.000000 0.000000 0.000000 0.000000 -1.000000 26601.dat
1 0 -180.000000 -16.000000 40.000000 1.000000 0.000000 0.000000 0.000000 1.000000 0.000000 0.000000 0.000000 1.000000 26601.dat
1 0 -230.000000 -16.000000 70.000000 1.000000 0.000000 0.000000 0.000000 1.000000 0.000000 0.000000 0.000000 1.000000 63864.dat
1 0 -170.000000 -16.000000 30.000000 0.000000 0.000000 1.000000 0.000000 1.000000 0.000000 -1.000000 0.000000 0.000000 27263.dat
1 0 -140.000000 -16.000000 0.000000 1.000000 0.000000 0.000000 0.000000 1.000000 0.000000 0.000000 0.000000 1.000000 3068b.dat
1 0 -210.000000 -16.000000 140.000000 -1.000000 0.000000 0.000000 0.000000 1.000000 0.000000 0.000000 0.000000 -1.000000 26603.dat
1 0 -210.000000 -16.000000 0.000000 -1.000000 0.000000 0.000000 0.000000 1.000000 0.000000 0.000000 0.000000 -1.000000 26603.dat
1 0 -240.000000 -16.000000 40.000000 0.000000 0.000000 1.000000 0.000000 1.000000 0.000000 -1.000000 0.000000 0.000000 26601.dat
1 0 -140.000000 -16.000000 70.000000 0.000000 0.000000 -1.000000 0.000000 1.000000 0.000000 1.000000 0.000000 0.000000 26603.dat
1 0 -130.000000 -16.000000 150.000000 -1.000000 0.000000 0.000000 0.000000 1.000000 0.000000 0.000000 0.000000 -1.000000 14719.dat
1 0 -170.000000 -16.000000 150.000000 -1.000000 0.000000 0.000000 0.000000 1.000000 0.000000 0.000000 0.000000 -1.000000 3070b.dat
1 0 -250.000000 -16.000000 30.000000 -1.000000 0.000000 0.000000 0.000000 1.000000 0.000000 0.000000 0.000000 -1.000000 27263.dat
1 0 -170.000000 -16.000000 -10.000000 0.000000 0.000000 1.000000 0.000000 1.000000 0.000000 -1.000000 0.000000 0.000000 3070b.dat
1 0 -250.000000 -16.000000 110.000000 0.000000 0.000000 -1.000000 0.000000 1.000000 0.000000 1.000000 0.000000 0.000000 27263.dat
1 0 -280.000000 -16.000000 70.000000 0.000000 0.000000 -1.000000 0.000000 1.000000 0.000000 1.000000 0.000000 0.000000 26603.dat
1 0 -280.000000 -16.000000 0.000000 1.000000 0.000000 0.000000 0.000000 1.000000 0.000000 0.000000 0.000000 1.000000 3068b.dat
1 0 -280.000000 -16.000000 140.000000 1.000000 0.000000 0.000000 0.000000 1.000000 0.000000 0.000000 0.000000 1.000000 3068b.dat
1 0 -130.000000 -16.000000 110.000000 1.000000 0.000000 0.000000 0.000000 1.000000 0.000000 0.000000 0.000000 1.000000 3070b.dat
1 0 -130.000000 -16.000000 30.000000 1.000000 0.000000 0.000000 0.000000 1.000000 0.000000 0.000000 0.000000 1.000000 3070b.dat
1 0 -210.000000 -16.000000 100.000000 0.000000 0.000000 1.000000 0.000000 1.000000 0.000000 -1.000000 0.000000 0.000000 3023b.dat
1 0 -210.000000 -16.000000 40.000000 0.000000 0.000000 1.000000 0.000000 1.000000 0.000000 -1.000000 0.000000 0.000000 3023b.dat
1 0 -180.000000 -16.000000 70.000030 1.000000 0.000000 0.000001 0.000000 1.000000 0.000000 -0.000001 0.000000 1.000000 3023b.dat
1 0 -250.000000 -16.000000 150.000000 1.000000 0.000000 0.000000 0.000000 1.000000 0.000000 0.000000 0.000000 1.000000 3070b.dat
1 0 -250.000000 -16.000000 -10.000000 0.000000 0.000000 1.000000 0.000000 1.000000 0.000000 -1.000000 0.000000 0.000000 3070b.dat
1 0 -290.000000 -16.000000 110.000000 0.000000 0.000000 1.000000 0.000000 1.000000 0.000000 -1.000000 0.000000 0.000000 3070b.dat
1 0 -290.000000 -16.000000 30.000000 0.000000 0.000000 -1.000000 0.000000 1.000000 0.000000 1.000000 0.000000 0.000000 3070b.dat
0 NOFILE

0 FILE 14719.dat
0 Tile  2 x  2 Corner

0 Name: 14719.dat

0 Author: Max Martin Richter [MMR1988]

0 !LDRAW_ORG Part UPDATE 2015-02

0 !LICENSE Licensed under CC BY 4.0 : see CAreadme.txt



0 BFC CERTIFY CCW



0 !HISTORY 2015-12-30 [PTadmin] Official Update 2015-02





1 16 0 0 0 1 0 0 0 1 0 0 0 1 s__14719s01.dat



4 16 30 0 10 10 0 10 -10 0 -10 30 0 -10

4 16 10 0 10 10 0 30 -10 0 30 -10 0 -10

0 NOFILE

0 FILE s__14719s01.dat
0 ~Tile  2 x  2 Corner without Top Face

0 Name: s\14719s01.dat

0 Author: Max Martin Richter [MMR1988]

0 !LDRAW_ORG Subpart UPDATE 2015-02

0 !LICENSE Licensed under CC BY 4.0 : see CAreadme.txt



0 BFC CERTIFY CCW



0 !HISTORY 2015-12-30 [PTadmin] Official Update 2015-02





1 16 0 4 10 1 0 0 0 -1 0 0 0 1 stud3.dat

1 16 10 4 0 1 0 0 0 -1 0 0 0 1 stud3.dat



4 16 26 4 -6 -6 4 -6 6 4 6 26 4 6

4 16 6 4 26 6 4 6 -6 4 -6 -6 4 26



0 BFC INVERTNEXT

1 16 0 6 16 0 6 0 2 0 0 0 0 10 box2-7.dat

0 BFC INVERTNEXT

1 16 16 6 0 0 10 0 2 0 0 0 0 6 box2-7.dat

0 BFC INVERTNEXT

1 16 10 6 10 0 -16 0 2 0 0 0 0 -16 box2-5.dat

2 24 6 8 6 6 4 6



4 16 29 8 9 26 8 6 6 8 6 9 8 9

4 16 29 8 -9 26 8 -6 26 8 6 29 8 9

4 16 -9 8 -9 -6 8 -6 26 8 -6 29 8 -9

4 16 -9 8 29 -6 8 26 -6 8 -6 -9 8 -9

4 16 9 8 29 6 8 26 -6 8 26 -9 8 29

4 16 9 8 9 6 8 6 6 8 26 9 8 29



1 16 10 7.5 10 0 -19 0 0.5 0 0 0 0 -19 box2-5.dat

1 16 19 7.5 0 0 10 0 0.5 0 0 0 0 9 box2-7.dat

1 16 0 7.5 19 0 9 0 0.5 0 0 0 0 10 box2-7.dat

2 24 9 8 9 9 7 9



4 16 9 7 9 10 7 10 30 7 10 29 7 9

4 16 29 7 9 30 7 10 30 7 -10 29 7 -9

4 16 29 7 -9 30 7 -10 -10 7 -10 -9 7 -9

4 16 -9 7 -9 -10 7 -10 -10 7 30 -9 7 29

4 16 -9 7 29 -10 7 30 10 7 30 9 7 29

4 16 9 7 29 10 7 30 10 7 10 9 7 9



1 16 10 3.5 10 0 -20 0 3.5 0 0 0 0 -20 box2-5.dat

1 16 20 3.5 0 0 10 0 3.5 0 0 0 0 10 box2-7.dat

1 16 0 3.5 20 0 10 0 3.5 0 0 0 0 10 box2-7.dat

2 24 10 7 10 10 0 10

0 NOFILE

0 FILE box2-5.dat
0 Box with 2 Faces without 5 Edges

0 Name: box2-5.dat

0 Author: Steffen [Steffen]

0 !LDRAW_ORG Primitive UPDATE 2003-03

0 !LICENSE Licensed under CC BY 4.0 : see CAreadme.txt



0 BFC CERTIFY CCW



0 !HISTORY 2003-12-19 [PTadmin] Official Update 2003-03

0 !HISTORY 2007-06-24 [PTadmin] Header formatted for Contributor Agreement

0 !HISTORY 2008-07-01 [PTadmin] Official Update 2008-01





2 24 1 1 1 -1 1 1

2 24 1 1 -1 -1 1 -1

2 24 1 -1 1 -1 -1 1

2 24 -1 -1 1 -1 1 1

2 24 1 -1 1 1 1 1

2 24 -1 1 -1 -1 1 1

2 24 1 1 -1 1 1 1

4 16 1 1 1 1 1 -1 -1 1 -1 -1 1 1

4 16 1 1 1 -1 1 1 -1 -1 1 1 -1 1

0

0 NOFILE

0 FILE box2-7.dat
0 Box with  2 Faces without  7 Edges

0 Name: box2-7.dat

0 Author: Willy Tschager [Holly-Wood]

0 !LDRAW_ORG Primitive UPDATE 2024-01

0 !LICENSE Licensed under CC BY 4.0 : see CAreadme.txt



0 BFC CERTIFY CCW



0 !HISTORY 2009-05-02 [PTadmin] Official Update 2009-01

0 !HISTORY 2024-01-02 [Holly-Wood] Complete re-write, original by guyvivan

0 !HISTORY 2024-01-29 [OrionP] Official Update 2024-01



2 24 -1 1 -1 -1 1 1

2 24 1 1 1 1 1 -1

4 16 -1 1 1 1 1 1 1 1 -1 -1 1 -1



2 24 -1 1 1 -1 -1 1

2 24 1 1 1 1 -1 1

4 16 1 -1 1 1 1 1 -1 1 1 -1 -1 1



2 24 -1 1 1 1 1 1

0 NOFILE

0 FILE stud3.dat
0 Stud Tube Solid

0 Name: stud3.dat

0 Author: James Jessiman

0 !LDRAW_ORG Primitive UPDATE 2012-01

0 !LICENSE Licensed under CC BY 4.0 : see CAreadme.txt



0 BFC CERTIFY CCW



0 !HISTORY 2002-04-04 [sbliss] Modified for BFC compliance

0 !HISTORY 2002-04-25 [PTadmin] Official Update 2002-02

0 !HISTORY 2007-06-24 [PTadmin] Header formatted for Contributor Agreement

0 !HISTORY 2008-07-01 [PTadmin] Official Update 2008-01

0 !HISTORY 2012-02-16 [Philo] Changed to CCW

0 !HISTORY 2012-03-30 [PTadmin] Official Update 2012-01





1 16 0 -4 0 4 0 0 0 1 0 0 0 4 4-4edge.dat

1 16 0 0 0 4 0 0 0 1 0 0 0 4 4-4edge.dat

1 16 0 -4 0 4 0 0 0 1 0 0 0 4 4-4disc.dat

1 16 0 -4 0 4 0 0 0 4 0 0 0 4 4-4cyli.dat

0 NOFILE

0 FILE 4-4cyli.dat
0 Cylinder 1.0

0 Name: 4-4cyli.dat

0 Author: James Jessiman

0 !LDRAW_ORG Primitive UPDATE 2005-01

0 !LICENSE Licensed under CC BY 4.0 : see CAreadme.txt



0 BFC CERTIFY CCW



0 !HISTORY 1998-12-15 [PTadmin] Official Update 1998-10

0 !HISTORY 2002-03-23 [sbliss] Added BFC statement; merged headers from files in distributions LDraw 0.27 and Complete.

0 !HISTORY 2002-04-25 [PTadmin] Official Update 2002-02

0 !HISTORY 2004-12-14 [guyvivan] BFC CCW

0 !HISTORY 2005-12-28 [PTadmin] Official Update 2005-01

0 !HISTORY 2007-06-24 [PTadmin] Header formatted for Contributor Agreement

0 !HISTORY 2008-07-01 [PTadmin] Official Update 2008-01





4 16 1 1 0 0.9239 1 0.3827 0.9239 0 0.3827 1 0 0

5 24 1 0 0 1 1 0 0.9239 0 0.3827 0.9239 0 -0.3827

4 16 0.9239 1 0.3827 0.7071 1 0.7071 0.7071 0 0.7071 0.9239 0 0.3827

5 24 0.9239 0 0.3827 0.9239 1 0.3827 0.7071 0 0.7071 1 0 0

4 16 0.7071 1 0.7071 0.3827 1 0.9239 0.3827 0 0.9239 0.7071 0 0.7071

5 24 0.7071 0 0.7071 0.7071 1 0.7071 0.3827 0 0.9239 0.9239 0 0.3827

4 16 0.3827 1 0.9239 0 1 1 0 0 1 0.3827 0 0.9239

5 24 0.3827 0 0.9239 0.3827 1 0.9239 0 0 1 0.7071 0 0.7071

4 16 0 1 1 -0.3827 1 0.9239 -0.3827 0 0.9239 0 0 1

5 24 0 0 1 0 1 1 -0.3827 0 0.9239 0.3827 0 0.9239

4 16 -0.3827 1 0.9239 -0.7071 1 0.7071 -0.7071 0 0.7071 -0.3827 0 0.9239

5 24 -0.3827 0 0.9239 -0.3827 1 0.9239 -0.7071 0 0.7071 0 0 1

4 16 -0.7071 1 0.7071 -0.9239 1 0.3827 -0.9239 0 0.3827 -0.7071 0 0.7071

5 24 -0.7071 0 0.7071 -0.7071 1 0.7071 -0.9239 0 0.3827 -0.3827 0 0.9239

4 16 -0.9239 1 0.3827 -1 1 0 -1 0 0 -0.9239 0 0.3827

5 24 -0.9239 0 0.3827 -0.9239 1 0.3827 -1 0 0 -0.7071 0 0.7071

4 16 -1 1 0 -0.9239 1 -0.3827 -0.9239 0 -0.3827 -1 0 0

5 24 -1 0 0 -1 1 0 -0.9239 0 -0.3827 -0.9239 0 0.3827

4 16 -0.9239 1 -0.3827 -0.7071 1 -0.7071 -0.7071 0 -0.7071 -0.9239 0 -0.3827

5 24 -0.9239 0 -0.3827 -0.9239 1 -0.3827 -0.7071 0 -0.7071 -1 0 0

4 16 -0.7071 1 -0.7071 -0.3827 1 -0.9239 -0.3827 0 -0.9239 -0.7071 0 -0.7071

5 24 -0.7071 0 -0.7071 -0.7071 1 -0.7071 -0.3827 0 -0.9239 -0.9239 0 -0.3827

4 16 -0.3827 1 -0.9239 0 1 -1 0 0 -1 -0.3827 0 -0.9239

5 24 -0.3827 0 -0.9239 -0.3827 1 -0.9239 0 0 -1 -0.7071 0 -0.7071

4 16 0 1 -1 0.3827 1 -0.9239 0.3827 0 -0.9239 0 0 -1

5 24 0 0 -1 0 1 -1 0.3827 0 -0.9239 -0.3827 0 -0.9239

4 16 0.3827 1 -0.9239 0.7071 1 -0.7071 0.7071 0 -0.7071 0.3827 0 -0.9239

5 24 0.3827 0 -0.9239 0.3827 1 -0.9239 0.7071 0 -0.7071 0 0 -1

4 16 0.7071 1 -0.7071 0.9239 1 -0.3827 0.9239 0 -0.3827 0.7071 0 -0.7071

5 24 0.7071 0 -0.7071 0.7071 1 -0.7071 0.9239 0 -0.3827 0.3827 0 -0.9239

4 16 0.9239 1 -0.3827 1 1 0 1 0 0 0.9239 0 -0.3827

5 24 0.9239 0 -0.3827 0.9239 1 -0.3827 1 0 0 0.7071 0 -0.7071

0

0 NOFILE

0 FILE 4-4disc.dat
0 Disc 1.0

0 Name: 4-4disc.dat

0 Author: James Jessiman

0 !LDRAW_ORG Primitive UPDATE 2002-02

0 !LICENSE Licensed under CC BY 4.0 : see CAreadme.txt



0 BFC CERTIFY CCW



0 !HISTORY 1998-12-15 [PTadmin] Official Update 1998-10

0 !HISTORY 2002-03-23 [sbliss] Added BFC statement

0 !HISTORY 2002-04-25 [PTadmin] Official Update 2002-02

0 !HISTORY 2007-06-24 [PTadmin] Header formatted for Contributor Agreement

0 !HISTORY 2008-07-01 [PTadmin] Official Update 2008-01





3 16 0 0 0 1 0 0 0.9239 0 0.3827

3 16 0 0 0 0.9239 0 0.3827 0.7071 0 0.7071

3 16 0 0 0 0.7071 0 0.7071 0.3827 0 0.9239

3 16 0 0 0 0.3827 0 0.9239 0 0 1

3 16 0 0 0 0 0 1 -0.3827 0 0.9239

3 16 0 0 0 -0.3827 0 0.9239 -0.7071 0 0.7071

3 16 0 0 0 -0.7071 0 0.7071 -0.9239 0 0.3827

3 16 0 0 0 -0.9239 0 0.3827 -1 0 -0

3 16 0 0 0 -1 0 -0 -0.9239 0 -0.3827

3 16 0 0 0 -0.9239 0 -0.3827 -0.7071 0 -0.7071

3 16 0 0 0 -0.7071 0 -0.7071 -0.3827 0 -0.9239

3 16 0 0 0 -0.3827 0 -0.9239 0 0 -1

3 16 0 0 0 0 0 -1 0.3827 0 -0.9239

3 16 0 0 0 0.3827 0 -0.9239 0.7071 0 -0.7071

3 16 0 0 0 0.7071 0 -0.7071 0.9239 0 -0.3827

3 16 0 0 0 0.9239 0 -0.3827 1 0 0

0

0 NOFILE

0 FILE 4-4edge.dat
0 Circle 1.0

0 Name: 4-4edge.dat

0 Author: James Jessiman

0 !LDRAW_ORG Primitive UPDATE 2017-01

0 !LICENSE Licensed under CC BY 4.0 : see CAreadme.txt



0 BFC CERTIFY CCW



0 !HISTORY 1998-12-15 [PTadmin] Official Update 1998-10

0 !HISTORY 2005-12-28 [PTadmin] Official Update 2005-01

0 !HISTORY 2007-06-24 [PTadmin] Header formatted for Contributor Agreement

0 !HISTORY 2008-07-01 [PTadmin] Official Update 2008-01

0 !HISTORY 2017-01-15 [Steffen] BFCed

0 !HISTORY 2017-12-30 [PTadmin] Official Update 2017-01





2 24 1 0 0 0.9239 0 0.3827

2 24 0.9239 0 0.3827 0.7071 0 0.7071

2 24 0.7071 0 0.7071 0.3827 0 0.9239

2 24 0.3827 0 0.9239 0 0 1

2 24 0 0 1 -0.3827 0 0.9239

2 24 -0.3827 0 0.9239 -0.7071 0 0.7071

2 24 -0.7071 0 0.7071 -0.9239 0 0.3827

2 24 -0.9239 0 0.3827 -1 0 -0

2 24 -1 0 -0 -0.9239 0 -0.3827

2 24 -0.9239 0 -0.3827 -0.7071 0 -0.7071

2 24 -0.7071 0 -0.7071 -0.3827 0 -0.9239

2 24 -0.3827 0 -0.9239 0 0 -1

2 24 0 0 -1 0.3827 0 -0.9239

2 24 0.3827 0 -0.9239 0.7071 0 -0.7071

2 24 0.7071 0 -0.7071 0.9239 0 -0.3827

2 24 0.9239 0 -0.3827 1 0 0

0 NOFILE

0 FILE 63864.dat
0 Tile  1 x  3

0 Name: 63864.dat

0 Author: Tim Gould [timgould]

0 !LDRAW_ORG Part UPDATE 2019-01

0 !LICENSE Licensed under CC BY 4.0 : see CAreadme.txt



0 BFC CERTIFY CCW



0 !HISTORY 2010-04-05 [PTadmin] Official Update 2010-01

0 !HISTORY 2019-06-28 [PTadmin] Official Update 2019-01

0 !HISTORY 2019-07-03 [UR] Subpart Integration





4 16 -30 0 -10 30 0 -10 30 0 10 -30 0 10

1 16 0 0 0 1 0 0 0 1 0 0 0 1 s__63864s01.dat

0 NOFILE

0 FILE s__63864s01.dat
0 ~Tile  1 x  3 without Top Face

0 Name: s\63864s01.dat

0 Author: Ulrich Röder [UR]

0 !LDRAW_ORG Subpart UPDATE 2019-01

0 !LICENSE Licensed under CC BY 4.0 : see CAreadme.txt



0 BFC CERTIFY CCW



0 !HISTORY 2019-06-28 [PTadmin] Official Update 2019-01





1 16 0 0 0 30 0 0 0 7 0 0 0 10 box4.dat

1 16 0 7 0 29 0 0 0 1 0 0 0 9 box4.dat

0 BFC INVERTNEXT

1 16 0 8 0 -26 0 0 0 -4 0 0 0 6 box5.dat

1 16 10 4 0 1 0 0 0 -1 0 0 0 1 stud3.dat

1 16 -10 4 0 1 0 0 0 -1 0 0 0 1 stud3.dat

4 16 -30 7 -10 -29 7 -9 29 7 -9 30 7 -10

4 16 30 7 10 29 7 9 -29 7 9 -30 7 10

4 16 -30 7 -10 -30 7 10 -29 7 9 -29 7 -9

4 16 30 7 10 30 7 -10 29 7 -9 29 7 9

4 16 -29 8 -9 -26 8 -6 26 8 -6 29 8 -9

4 16 29 8 9 26 8 6 -26 8 6 -29 8 9

4 16 -29 8 -9 -29 8 9 -26 8 6 -26 8 -6

4 16 29 8 9 29 8 -9 26 8 -6 26 8 6

0 NOFILE

0 FILE box5.dat
0 Box with 5 Faces and All Edges

0 Name: box5.dat

0 Author: James Jessiman

0 !LDRAW_ORG Primitive UPDATE 2012-01

0 !LICENSE Licensed under CC BY 4.0 : see CAreadme.txt



0 BFC CERTIFY CCW



0 !HISTORY 2002-04-03 [sbliss] Modified for BFC compliance

0 !HISTORY 2002-04-25 [PTadmin] Official Update 2002-02

0 !HISTORY 2007-06-24 [PTadmin] Header formatted for Contributor Agreement

0 !HISTORY 2008-07-01 [PTadmin] Official Update 2008-01

0 !HISTORY 2012-02-16 [Philo] Changed to CCW

0 !HISTORY 2012-03-30 [PTadmin] Official Update 2012-01





2 24 1 1 1 -1 1 1

2 24 -1 1 1 -1 1 -1

2 24 -1 1 -1 1 1 -1

2 24 1 1 -1 1 1 1

2 24 1 0 1 -1 0 1

2 24 -1 0 1 -1 0 -1

2 24 -1 0 -1 1 0 -1

2 24 1 0 -1 1 0 1

2 24 1 0 1 1 1 1

2 24 -1 0 1 -1 1 1

2 24 1 0 -1 1 1 -1

2 24 -1 0 -1 -1 1 -1

4 16 -1 1 1 1 1 1 1 1 -1 -1 1 -1

4 16 -1 1 1 -1 0 1 1 0 1 1 1 1

4 16 -1 1 -1 -1 0 -1 -1 0 1 -1 1 1

4 16 1 1 -1 1 0 -1 -1 0 -1 -1 1 -1

4 16 1 1 1 1 0 1 1 0 -1 1 1 -1

0 NOFILE

0 FILE box4.dat
0 Box with 4 Faces (2 Parallel Pairs) and All Edges

0 Name: box4.dat

0 Author: James Jessiman

0 !LDRAW_ORG Primitive UPDATE 2012-01

0 !LICENSE Licensed under CC BY 4.0 : see CAreadme.txt



0 BFC CERTIFY CCW



0 !HISTORY 2002-04-03 [sbliss] Modified for BFC compliance

0 !HISTORY 2002-04-25 [PTadmin] Official Update 2002-02

0 !HISTORY 2007-06-24 [PTadmin] Header formatted for Contributor Agreement

0 !HISTORY 2008-07-01 [PTadmin] Official Update 2008-01

0 !HISTORY 2012-02-16 [Philo] Changed to CCW

0 !HISTORY 2012-03-30 [PTadmin] Official Update 2012-01





2 24 1 1 1 -1 1 1

2 24 -1 1 1 -1 1 -1

2 24 -1 1 -1 1 1 -1

2 24 1 1 -1 1 1 1

2 24 1 0 1 -1 0 1

2 24 -1 0 1 -1 0 -1

2 24 -1 0 -1 1 0 -1

2 24 1 0 -1 1 0 1

2 24 1 0 1 1 1 1

2 24 -1 0 1 -1 1 1

2 24 1 0 -1 1 1 -1

2 24 -1 0 -1 -1 1 -1

4 16 -1 1 1 -1 0 1 1 0 1 1 1 1

4 16 -1 1 -1 -1 0 -1 -1 0 1 -1 1 1

4 16 1 1 -1 1 0 -1 -1 0 -1 -1 1 -1

4 16 1 1 1 1 0 1 1 0 -1 1 1 -1

0 NOFILE

0 FILE 3023b.dat
0 Plate  1 x  2

0 Name: 3023b.dat

0 Author: James Jessiman

0 !LDRAW_ORG Part UPDATE 2023-03

0 !LICENSE Licensed under CC BY 4.0 : see CAreadme.txt



0 BFC CERTIFY CCW



0 !KEYWORDS BrickLink 3023, Rebrickable 3023



0 !HISTORY 2001-10-26 [PTadmin] Official Update 2001-01

0 !HISTORY 2002-05-07 {unknown} BFC Certification

0 !HISTORY 2002-06-11 [PTadmin] Official Update 2002-03

0 !HISTORY 2007-06-07 [PTadmin] Header formatted for Contributor Agreement

0 !HISTORY 2008-07-01 [PTadmin] Official Update 2008-01

0 !HISTORY 2020-03-07 [Sirio] Subparted

0 !HISTORY 2022-01-14 [PTadmin] Official Update 2022-01

0 !HISTORY 2023-05-26 [OrionP] Moved from 3023.dat

0 !HISTORY 2023-06-24 [OrionP] Official Update 2023-03





1 16 0 0 0 1 0 0 0 1 0 0 0 1 s__3023bs01.dat

4 16 -20 0 -10 -20 8 -10 20 8 -10 20 0 -10

0 NOFILE

0 FILE s__3023bs01.dat
0 ~Plate  1 x  2 without Front Face

0 Name: s\3023bs01.dat

0 Author: Massimo Maso [Sirio]

0 !LDRAW_ORG Subpart UPDATE 2023-03

0 !LICENSE Licensed under CC BY 4.0 : see CAreadme.txt



0 BFC CERTIFY CCW



0 !HISTORY 2022-01-14 [PTadmin] Official Update 2022-01

0 !HISTORY 2023-05-27 [OrionP] Moved from s\3023s01.dat

0 !HISTORY 2023-06-24 [OrionP] Official Update 2023-03





0 // Primitves

1 16 0 4 0 1 0 0 0 -1 0 0 0 1 stud3.dat

0 BFC INVERTNEXT

1 16 0 8 0 16 0 0 0 -4 0 0 0 6 box5.dat

1 16 0 8 0 20 0 0 0 -8 0 0 0 10 box4t.dat

1 16 0 0 0 1 0 0 0 1 0 0 0 1 stug-1x2.dat

0 // Faces

4 16 20 8 10 16 8 6 -16 8 6 -20 8 10

4 16 -20 8 10 -16 8 6 -16 8 -6 -20 8 -10

4 16 -20 8 -10 -16 8 -6 16 8 -6 20 8 -10

4 16 20 8 -10 16 8 -6 16 8 6 20 8 10

0 NOFILE

0 FILE stug-1x2.dat
0 Stud Group  1 x  2

0 Name: stug-1x2.dat

0 Author: Steffen [Steffen]

0 !LDRAW_ORG Primitive UPDATE 2011-01

0 !LICENSE Licensed under CC BY 4.0 : see CAreadme.txt



0 BFC CERTIFY CCW



0 !HISTORY 2011-07-25 [PTadmin] Official Update 2011-01





1 16 -10 0 0 1 0 0 0 1 0 0 0 1 stud.dat

1 16 10 0 0 1 0 0 0 1 0 0 0 1 stud.dat

0 NOFILE

0 FILE stud.dat
0 Stud

0 Name: stud.dat

0 Author: James Jessiman

0 !LDRAW_ORG Primitive UPDATE 2012-01

0 !LICENSE Licensed under CC BY 4.0 : see CAreadme.txt



0 BFC CERTIFY CCW



0 !HISTORY 2002-04-04 [sbliss] Modified for BFC compliance

0 !HISTORY 2002-04-25 [PTadmin] Official Update 2002-02

0 !HISTORY 2007-06-24 [PTadmin] Header formatted for Contributor Agreement

0 !HISTORY 2008-07-01 [PTadmin] Official Update 2008-01

0 !HISTORY 2012-02-16 [Philo] Changed to CCW

0 !HISTORY 2012-03-30 [PTadmin] Official Update 2012-01





1 16 0 0 0 6 0 0 0 1 0 0 0 6 4-4edge.dat

1 16 0 -4 0 6 0 0 0 1 0 0 0 6 4-4edge.dat

1 16 0 0 0 6 0 0 0 -4 0 0 0 6 4-4cyli.dat

1 16 0 -4 0 6 0 0 0 1 0 0 0 6 4-4disc.dat

0 NOFILE

0 FILE box4t.dat
0 Box with 4 Adjacent Faces and All Edges

0 Name: box4t.dat

0 Author: Tore Eriksson [Tore_Eriksson]

0 !LDRAW_ORG Primitive UPDATE 2003-02

0 !LICENSE Licensed under CC BY 4.0 : see CAreadme.txt



0 BFC CERTIFY CCW



0 !HISTORY 1997-09-29 [PTadmin] Official Update 1997-15

0 !HISTORY 2002-08-31 [izanette] Modified with WINDZ for BFC compliance

0 !HISTORY 2003-08-01 [PTadmin] Official Update 2003-02

0 !HISTORY 2007-06-24 [PTadmin] Header formatted for Contributor Agreement

0 !HISTORY 2008-07-01 [PTadmin] Official Update 2008-01





2 24 1 1 1 -1 1 1

2 24 -1 1 1 -1 1 -1

2 24 -1 1 -1 1 1 -1

2 24 1 1 -1 1 1 1

2 24 1 0 1 -1 0 1

2 24 -1 0 1 -1 0 -1

2 24 -1 0 -1 1 0 -1

2 24 1 0 -1 1 0 1

2 24 1 0 1 1 1 1

2 24 -1 0 1 -1 1 1

2 24 1 0 -1 1 1 -1

2 24 -1 0 -1 -1 1 -1

4 16 1 1 1 1 1 -1 -1 1 -1 -1 1 1

4 16 1 1 1 -1 1 1 -1 0 1 1 0 1

4 16 -1 1 1 -1 1 -1 -1 0 -1 -1 0 1

0 // 4 16 -1 1 -1 -1 0 -1 1 0 -1 1 1 -1

4 16 1 1 -1 1 1 1 1 0 1 1 0 -1

0

0 NOFILE

0 FILE 3062b.dat
0 Brick  1 x  1 Round with Hollow Stud

0 Name: 3062b.dat

0 Author: James Jessiman

0 !LDRAW_ORG Part UPDATE 2022-02

0 !LICENSE Licensed under CC BY 4.0 : see CAreadme.txt



0 BFC CERTIFY CCW



0 !KEYWORDS BrickLink 3062



0 !HISTORY 1998-06-20 [PTadmin] Official Update 1998-06

0 !HISTORY 2003-08-02 [OrionP] Made some primitive subs

0 !HISTORY 2003-08-04 [Steffen] replaced peghole.dat by stud4a.dat

0 !HISTORY 2003-12-19 [PTadmin] Official Update 2003-03

0 !HISTORY 2007-06-10 [PTadmin] Header formatted for Contributor Agreement

0 !HISTORY 2008-07-01 [PTadmin] Official Update 2008-01

0 !HISTORY 2009-03-19 [tchang] Add missing <CR>

0 !HISTORY 2009-09-03 [PTadmin] Official Update 2009-02

0 !HISTORY 2020-12-12 [RainbowDolphin] Subparted for patterns

0 !HISTORY 2022-03-06 [PTadmin] Official Update 2022-02





1 16 0 0 0 1 0 0 0 1 0 0 0 1 s__3062bs01.dat

1 16 0 0 0 10 0 0 0 19 0 0 0 10 4-4cyli.dat

0 NOFILE

0 FILE s__3062bs01.dat
0 ~Brick  1 x  1 Round with Hollow Stud without Outer Surface

0 Name: s\3062bs01.dat

0 Author: Takeshi Takahashi [RainbowDolphin]

0 !LDRAW_ORG Subpart UPDATE 2022-02

0 !LICENSE Licensed under CC BY 4.0 : see CAreadme.txt



0 BFC CERTIFY CCW



0 !HISTORY 2022-03-06 [PTadmin] Official Update 2022-02





1 16 0 4 0 4 0 0 0 1 0 0 0 4 4-4edge.dat

1 16 0 19 0 10 0 0 0 1 0 0 0 10 4-4edge.dat

1 16 0 0 0 10 0 0 0 1 0 0 0 10 4-4edge.dat

1 16 0 0 0 6 0 0 0 1 0 0 0 6 4-4edge.dat

0 BFC INVERTNEXT

1 16 0 0 0 4 0 0 0 4 0 0 0 4 4-4cyli.dat

1 16 0 0 0 1 0 0 0 1 0 0 0 1 stud2a.dat

1 16 0 0 0 2 0 0 0 1 0 0 0 2 4-4ring3.dat

1 16 0 4 0 2 0 0 0 -1 0 0 0 2 4-4ring2.dat

1 16 0 0 0 2 0 0 0 1 0 0 0 2 4-4ring4.dat

1 16 0 19 0 2 0 0 0 -1 0 0 0 2 4-4ring4.dat

1 16 0 19 0 8 0 0 0 5 0 0 0 8 4-4cylo.dat

1 16 0 4 0 1 0 0 0 -5 0 0 0 -1 stud4od.dat

0 NOFILE

0 FILE stud4od.dat
0 Stud Tube Open without Outer Cylinder and Top Surface

0 Name: stud4od.dat

0 Author: Philippe Hurbain [Philo]

0 !LDRAW_ORG Primitive UPDATE 2013-02

0 !LICENSE Licensed under CC BY 4.0 : see CAreadme.txt



0 !HELP This stud is a "antistud" to be used like a underside stud,

0 !HELP but without the outer cylinder.

0 !HELP 1 47 0 0 0 1 0 0 0 1 0 0 0 1 stud4.dat



0 BFC CERTIFY CCW



0 !HISTORY 2013-12-23 [PTadmin] Official Update 2013-02





1 16 0 -4 0 2 0 0 0 1 0 0 0 2 4-4ring3.dat

0 BFC INVERTNEXT

1 16 0 0 0 -6 0 0 0 -4 0 0 0 6 4-4cylo.dat

0 NOFILE

0 FILE 4-4cylo.dat
0 Cylinder Open 1.0

0 Name: 4-4cylo.dat

0 Author: Mark Kennedy [mkennedy]

0 !LDRAW_ORG Primitive UPDATE 2010-01

0 !LICENSE Licensed under CC BY 4.0 : see CAreadme.txt



0 BFC CERTIFY CCW



0 !HISTORY 2010-04-05 [PTadmin] Official Update 2010-01





1 16 0 0 0 1 0 0 0 1 0 0 0 1 4-4edge.dat

1 16 0 1 0 1 0 0 0 1 0 0 0 1 4-4edge.dat

1 16 0 0 0 1 0 0 0 1 0 0 0 1 4-4cyli.dat

0
0 NOFILE

0 FILE 4-4ring4.dat
0 Ring  4 x 1.0

0 Name: 4-4ring4.dat

0 Author: James Jessiman

0 !LDRAW_ORG Primitive UPDATE 2009-01

0 !LICENSE Licensed under CC BY 4.0 : see CAreadme.txt



0 BFC CERTIFY CCW



0 !HISTORY 1998-12-15 [PTadmin] Official Update 1998-10

0 !HISTORY 2002-04-08 [BrickCaster] Modified for BFC compliance

0 !HISTORY 2002-04-25 [PTadmin] Official Update 2002-02

0 !HISTORY 2007-06-24 [PTadmin] Header formatted for Contributor Agreement

0 !HISTORY 2008-07-01 [PTadmin] Official Update 2008-01

0 !HISTORY 2008-08-26 [cwdee] Switch polygon winding and rename

0 !HISTORY 2009-05-02 [PTadmin] Official Update 2009-01





4 16 -1.9135 0 4.6195 -1.5308 0 3.6956 0 0 4 0 0 5

4 16 -3.5355 0 3.5355 -2.8284 0 2.8284 -1.5308 0 3.6956 -1.9135 0 4.6195

4 16 -4.6195 0 1.9135 -3.6956 0 1.5308 -2.8284 0 2.8284 -3.5355 0 3.5355

4 16 -5 0 0 -4 0 0 -3.6956 0 1.5308 -4.6195 0 1.9135

4 16 -4.6195 0 -1.9135 -3.6956 0 -1.5308 -4 0 0 -5 0 0

4 16 -3.5355 0 -3.5355 -2.8284 0 -2.8284 -3.6956 0 -1.5308 -4.6195 0 -1.9135

4 16 -1.9135 0 -4.6195 -1.5308 0 -3.6956 -2.8284 0 -2.8284 -3.5355 0 -3.5355

4 16 0 0 -5 0 0 -4 -1.5308 0 -3.6956 -1.9135 0 -4.6195

4 16 1.9135 0 -4.6195 1.5308 0 -3.6956 0 0 -4 0 0 -5

4 16 3.5355 0 -3.5355 2.8284 0 -2.8284 1.5308 0 -3.6956 1.9135 0 -4.6195

4 16 4.6195 0 -1.9135 3.6956 0 -1.5308 2.8284 0 -2.8284 3.5355 0 -3.5355

4 16 5 0 0 4 0 0 3.6956 0 -1.5308 4.6195 0 -1.9135

4 16 4.6195 0 1.9135 3.6956 0 1.5308 4 0 0 5 0 0

4 16 3.5355 0 3.5355 2.8284 0 2.8284 3.6956 0 1.5308 4.6195 0 1.9135

4 16 1.9135 0 4.6195 1.5308 0 3.6956 2.8284 0 2.8284 3.5355 0 3.5355

4 16 0 0 5 0 0 4 1.5308 0 3.6956 1.9135 0 4.6195

0

0 NOFILE

0 FILE 4-4ring2.dat
0 Ring  2 x 1.0

0 Name: 4-4ring2.dat

0 Author: James Jessiman

0 !LDRAW_ORG Primitive UPDATE 2009-01

0 !LICENSE Licensed under CC BY 4.0 : see CAreadme.txt



0 BFC CERTIFY CCW



0 !HISTORY 1998-12-15 [PTadmin] Official Update 1998-10

0 !HISTORY 2002-04-05 [hafhead] Added BFC statement

0 !HISTORY 2002-04-25 [PTadmin] Official Update 2002-02

0 !HISTORY 2007-06-24 [PTadmin] Header formatted for Contributor Agreement

0 !HISTORY 2008-07-01 [PTadmin] Official Update 2008-01

0 !HISTORY 2008-08-26 [cwdee] Switch polygon winding and rename

0 !HISTORY 2009-05-02 [PTadmin] Official Update 2009-01





4 16 -1.1481 0 2.7717 -0.7654 0 1.8478 0 0 2 0 0 3

4 16 -2.1213 0 2.1213 -1.4142 0 1.4142 -0.7654 0 1.8478 -1.1481 0 2.7717

4 16 -2.7717 0 1.1481 -1.8478 0 0.7654 -1.4142 0 1.4142 -2.1213 0 2.1213

4 16 -3 0 0 -2 0 0 -1.8478 0 0.7654 -2.7717 0 1.1481

4 16 -2.7717 0 -1.1481 -1.8478 0 -0.7654 -2 0 0 -3 0 0

4 16 -2.1213 0 -2.1213 -1.4142 0 -1.4142 -1.8478 0 -0.7654 -2.7717 0 -1.1481

4 16 -1.1481 0 -2.7717 -0.7654 0 -1.8478 -1.4142 0 -1.4142 -2.1213 0 -2.1213

4 16 0 0 -3 0 0 -2 -0.7654 0 -1.8478 -1.1481 0 -2.7717

4 16 1.1481 0 -2.7717 0.7654 0 -1.8478 0 0 -2 0 0 -3

4 16 2.1213 0 -2.1213 1.4142 0 -1.4142 0.7654 0 -1.8478 1.1481 0 -2.7717

4 16 2.7717 0 -1.1481 1.8478 0 -0.7654 1.4142 0 -1.4142 2.1213 0 -2.1213

4 16 3 0 0 2 0 0 1.8478 0 -0.7654 2.7717 0 -1.1481

4 16 2.7717 0 1.1481 1.8478 0 0.7654 2 0 0 3 0 0

4 16 2.1213 0 2.1213 1.4142 0 1.4142 1.8478 0 0.7654 2.7717 0 1.1481

4 16 1.1481 0 2.7717 0.7654 0 1.8478 1.4142 0 1.4142 2.1213 0 2.1213

4 16 0 0 3 0 0 2 0.7654 0 1.8478 1.1481 0 2.7717

0

0 NOFILE

0 FILE 4-4ring3.dat
0 Ring  3 x 1.0

0 Name: 4-4ring3.dat

0 Author: James Jessiman

0 !LDRAW_ORG Primitive UPDATE 2009-01

0 !LICENSE Licensed under CC BY 4.0 : see CAreadme.txt



0 BFC CERTIFY CCW



0 !HISTORY 1998-12-15 [PTadmin] Official Update 1998-10

0 !HISTORY 2002-04-05 [hafhead] Added BFC statement

0 !HISTORY 2002-04-25 [PTadmin] Official Update 2002-02

0 !HISTORY 2007-06-24 [PTadmin] Header formatted for Contributor Agreement

0 !HISTORY 2008-07-01 [PTadmin] Official Update 2008-01

0 !HISTORY 2008-08-26 [cwdee] Switch polygon winding and rename

0 !HISTORY 2009-05-02 [PTadmin] Official Update 2009-01





4 16 -1.5308 0 3.6956 -1.1481 0 2.7717 0 0 3 0 0 4

4 16 -2.8284 0 2.8284 -2.1213 0 2.1213 -1.1481 0 2.7717 -1.5308 0 3.6956

4 16 -3.6956 0 1.5308 -2.7717 0 1.1481 -2.1213 0 2.1213 -2.8284 0 2.8284

4 16 -4 0 0 -3 0 0 -2.7717 0 1.1481 -3.6956 0 1.5308

4 16 -3.6956 0 -1.5308 -2.7717 0 -1.1481 -3 0 0 -4 0 0

4 16 -2.8284 0 -2.8284 -2.1213 0 -2.1213 -2.7717 0 -1.1481 -3.6956 0 -1.5308

4 16 -1.5308 0 -3.6956 -1.1481 0 -2.7717 -2.1213 0 -2.1213 -2.8284 0 -2.8284

4 16 0 0 -4 0 0 -3 -1.1481 0 -2.7717 -1.5308 0 -3.6956

4 16 1.5308 0 -3.6956 1.1481 0 -2.7717 0 0 -3 0 0 -4

4 16 2.8284 0 -2.8284 2.1213 0 -2.1213 1.1481 0 -2.7717 1.5308 0 -3.6956

4 16 3.6956 0 -1.5308 2.7717 0 -1.1481 2.1213 0 -2.1213 2.8284 0 -2.8284

4 16 4 0 0 3 0 0 2.7717 0 -1.1481 3.6956 0 -1.5308

4 16 3.6956 0 1.5308 2.7717 0 1.1481 3 0 0 4 0 0

4 16 2.8284 0 2.8284 2.1213 0 2.1213 2.7717 0 1.1481 3.6956 0 1.5308

4 16 1.5308 0 3.6956 1.1481 0 2.7717 2.1213 0 2.1213 2.8284 0 2.8284

4 16 0 0 4 0 0 3 1.1481 0 2.7717 1.5308 0 3.6956

0

0 NOFILE

0 FILE stud2a.dat
0 Stud Open without Base Edges

0 Name: stud2a.dat

0 Author: James Jessiman

0 !LDRAW_ORG Primitive UPDATE 2009-02

0 !LICENSE Licensed under CC BY 4.0 : see CAreadme.txt



0 BFC CERTIFY CCW



0 !HISTORY 1999-07-05 [PTadmin] Official Update 1999-05

0 !HISTORY 2002-04-04 [sbliss] Modified for BFC compliance

0 !HISTORY 2002-04-25 [PTadmin] Official Update 2002-02

0 !HISTORY 2007-06-24 [PTadmin] Header formatted for Contributor Agreement

0 !HISTORY 2008-07-01 [PTadmin] Official Update 2008-01

0 !HISTORY 2009-06-21 [cwdee] Update ring references to 4-4ring

0 !HISTORY 2009-09-03 [PTadmin] Official Update 2009-02





1 16 0 -4 0 4 0 0 0 1 0 0 0 4 4-4edge.dat

1 16 0 -4 0 6 0 0 0 1 0 0 0 6 4-4edge.dat

0 BFC INVERTNEXT

1 16 0 -4 0 4 0 0 0 4 0 0 0 4 4-4cyli.dat

1 16 0 -4 0 6 0 0 0 4 0 0 0 6 4-4cyli.dat

1 16 0 -4 0 2 0 0 0 1 0 0 0 2 4-4ring2.dat

0

0 NOFILE

0 FILE 20953.dat
0 Brick Round Sphere  2 x  2 x  1.667 with Stud

0 Name: 20953.dat

0 Author: Massimo Maso [Sirio]

0 !LDRAW_ORG Part UPDATE 2020-03

0 !LICENSE Licensed under CC BY 4.0 : see CAreadme.txt



0 BFC CERTIFY CCW



0 !HISTORY 2016-03-18 {LEGO Digital Designer} Original part shape

0 !HISTORY 2020-05-27 [Sirio] File preparation for LDraw Parts Tracker

0 !HISTORY 2020-12-29 [PTadmin] Official Update 2020-03





1 16 0 0 0 1 0 0 0 1 0 0 0 1 s__20953s01.dat

1 16 0 0 0 1 0 0 0 1 0 0 0 1 s__20953s02.dat

1 16 0 0 0 0 0 1 0 1 0 1 0 0 s__20953s02.dat

1 16 0 0 0 0 0 -1 0 1 0 1 0 0 s__20953s02.dat

1 16 0 0 0 -1 0 0 0 1 0 0 0 1 s__20953s02.dat

1 16 0 0 0 -1 0 0 0 1 0 0 0 -1 s__20953s02.dat

1 16 0 0 0 0 0 -1 0 1 0 -1 0 0 s__20953s02.dat

1 16 0 0 0 0 0 1 0 1 0 -1 0 0 s__20953s02.dat

1 16 0 0 0 1 0 0 0 1 0 0 0 -1 s__20953s02.dat

0 NOFILE

0 FILE s__20953s02.dat
0 ~Brick Round Sphere  2 x  2 x  1.667 with Stud  - 1/8 Patternable Faces

0 Name: s\20953s02.dat

0 Author: Massimo Maso [Sirio]

0 !LDRAW_ORG Subpart UPDATE 2020-03

0 !LICENSE Licensed under CC BY 4.0 : see CAreadme.txt



0 BFC CERTIFY CCW



0 !HISTORY 2020-12-29 [PTadmin] Official Update 2020-03





0 // Regular spherical segment (radius 20, center 0, 17, 0, between 32 and 8)

0 // First cone (inner radius 10.4976, outer radius 12.176, height 1.132)

4 16 12.0713 1.132 1.589 10.3895 0 1.3676 10.4796 0 0 12.176 1.132 0

4 16 11.7608 1.132 3.1511 10.1222 0 2.7121 10.3895 0 1.3676 12.0713 1.132 1.589

4 16 11.2494 1.132 4.6598 9.6821 0 4.0105 10.1222 0 2.7121 11.7608 1.132 3.1511

4 16 10.5444 1.132 6.088 9.0753 0 5.2398 9.6821 0 4.0105 11.2494 1.132 4.6598

4 16 9.6604 1.132 7.4127 8.3145 0 6.38 9.0753 0 5.2398 10.5444 1.132 6.088

4 16 8.6096 1.132 8.6096 7.4101 0 7.4101 8.3145 0 6.38 9.6604 1.132 7.4127

0 // Second cone (inner radius 12.176, outer radius 14.142, height 1.726)

4 16 14.0204 2.858 1.8455 12.0713 1.132 1.589 12.176 1.132 0 14.142 2.858 0

4 16 13.6598 2.858 3.6599 11.7608 1.132 3.1511 12.0713 1.132 1.589 14.0204 2.858 1.8455

4 16 13.0658 2.858 5.4121 11.2494 1.132 4.6598 11.7608 1.132 3.1511 13.6598 2.858 3.6599

4 16 12.247 2.858 7.071 10.5444 1.132 6.088 11.2494 1.132 4.6598 13.0658 2.858 5.4121

4 16 11.2203 2.858 8.6096 9.6604 1.132 7.4127 10.5444 1.132 6.088 12.247 2.858 7.071

4 16 9.9998 2.858 9.9998 8.6096 1.132 8.6096 9.6604 1.132 7.4127 11.2203 2.858 8.6096

0 // Third cone (inner radius 14.142, outer radius 15.868, height 1.966)

4 16 15.7315 4.824 2.0708 14.0204 2.858 1.8455 14.142 2.858 0 15.868 4.824 0

4 16 15.3269 4.824 4.1066 13.6598 2.858 3.6599 14.0204 2.858 1.8455 15.7315 4.824 2.0708

4 16 14.6604 4.824 6.0727 13.0658 2.858 5.4121 13.6598 2.858 3.6599 15.3269 4.824 4.1066

4 16 13.7417 4.824 7.934 12.247 2.858 7.071 13.0658 2.858 5.4121 14.6604 4.824 6.0727

4 16 12.5897 4.824 9.6604 11.2203 2.858 8.6096 12.247 2.858 7.071 13.7417 4.824 7.934

4 16 11.2203 4.824 11.2203 9.9998 2.858 9.9998 11.2203 2.858 8.6096 12.5897 4.824 9.6604

0 // Fourth cone (inner radius 15.868, outer radius 17.32, height 2.176)

4 16 17.171 7 2.2603 15.7315 4.824 2.0708 15.868 4.824 0 17.32 7 0

4 16 16.7294 7 4.4824 15.3269 4.824 4.1066 15.7315 4.824 2.0708 17.171 7 2.2603

4 16 16.0019 7 6.6284 14.6604 4.824 6.0727 15.3269 4.824 4.1066 16.7294 7 4.4824

4 16 14.9991 7 8.66 13.7417 4.824 7.934 14.6604 4.824 6.0727 16.0019 7 6.6284

4 16 13.7417 7 10.5444 12.5897 4.824 9.6604 13.7417 4.824 7.934 14.9991 7 8.66

4 16 12.247 7 12.247 11.2203 4.824 11.2203 12.5897 4.824 9.6604 13.7417 7 10.5444

0 // Fifth cone (inner radius 17.32, outer radius 18.478, height 2.346)

4 16 18.3191 9.346 2.4114 17.171 7 2.2603 17.32 7 0 18.478 9.346 0

4 16 17.8479 9.346 4.7821 16.7294 7 4.4824 17.171 7 2.2603 18.3191 9.346 2.4114

4 16 17.0718 9.346 7.0715 16.0019 7 6.6284 16.7294 7 4.4824 17.8479 9.346 4.7821

4 16 16.0019 9.346 9.239 14.9991 7 8.66 16.0019 7 6.6284 17.0718 9.346 7.0715

4 16 14.6604 9.346 11.2494 13.7417 7 10.5444 14.9991 7 8.66 16.0019 9.346 9.239

4 16 13.0658 9.346 13.0658 12.247 7 12.247 13.7417 7 10.5444 14.6604 9.346 11.2494

0 // Sixth cone (inner radius 18.478, outer radius 19.318, height 2.478)

4 16 19.1519 11.824 2.521 18.3191 9.346 2.4114 18.478 9.346 0 19.318 11.824 0

4 16 18.6593 11.824 4.9995 17.8479 9.346 4.7821 18.3191 9.346 2.4114 19.1519 11.824 2.521

4 16 17.8479 11.824 7.393 17.0718 9.346 7.0715 17.8479 9.346 4.7821 18.6593 11.824 4.9995

4 16 16.7294 11.824 9.659 16.0019 9.346 9.239 17.0718 9.346 7.0715 17.8479 11.824 7.393

4 16 15.3269 11.824 11.7608 14.6604 9.346 11.2494 16.0019 9.346 9.239 16.7294 11.824 9.659

4 16 13.6598 11.824 13.6598 13.0658 9.346 13.0658 14.6604 9.346 11.2494 15.3269 11.824 11.7608

0 // Seventh cone (inner radius 19.318, outer radius 19.828, height 2.566)

4 16 19.6575 14.39 2.5876 19.1519 11.824 2.521 19.318 11.824 0 19.828 14.39 0

4 16 19.1519 14.39 5.1315 18.6593 11.824 4.9995 19.1519 11.824 2.521 19.6575 14.39 2.5876

4 16 18.3191 14.39 7.5882 17.8479 11.824 7.393 18.6593 11.824 4.9995 19.1519 14.39 5.1315

4 16 17.171 14.39 9.914 16.7294 11.824 9.659 17.8479 11.824 7.393 18.3191 14.39 7.5882

4 16 15.7315 14.39 12.0713 15.3269 11.824 11.7608 16.7294 11.824 9.659 17.171 14.39 9.914

4 16 14.0204 14.39 14.0204 13.6598 11.824 13.6598 15.3269 11.824 11.7608 15.7315 14.39 12.0713

0 // Eighth cone (inner radius 19.828, outer radius 20, height 2.61)

4 16 19.828 17 2.61 19.6575 14.39 2.5876 19.828 14.39 0 20 17 0

4 16 19.318 17 5.176 19.1519 14.39 5.1315 19.6575 14.39 2.5876 19.828 17 2.61

4 16 18.478 17 7.654 18.3191 14.39 7.5882 19.1519 14.39 5.1315 19.318 17 5.176

4 16 17.32 17 10 17.171 14.39 9.914 18.3191 14.39 7.5882 18.478 17 7.654

4 16 15.868 17 12.176 15.7315 14.39 12.0713 17.171 14.39 9.914 17.32 17 10

4 16 14.142 17 14.142 14.0204 14.39 14.0204 15.7315 14.39 12.0713 15.868 17 12.176

0 // Ninth cone (inner radius 19.828, outer radius 20, height 2.61)

4 16 19.828 19.61 0 19.6575 19.61 2.5876 19.828 17 2.61 20 17 0

4 16 19.6575 19.61 2.5876 19.1519 19.61 5.1315 19.318 17 5.176 19.828 17 2.61

4 16 19.1519 19.61 5.1315 18.3191 19.61 7.5882 18.478 17 7.654 19.318 17 5.176

4 16 18.3191 19.61 7.5882 17.171 19.61 9.914 17.32 17 10 18.478 17 7.654

4 16 17.171 19.61 9.914 15.7315 19.61 12.0713 15.868 17 12.176 17.32 17 10

4 16 15.7315 19.61 12.0713 14.0204 19.61 14.0204 14.142 17 14.142 15.868 17 12.176

0 // Tenth cone (inner radius 19.318, outer radius 19.828, height 2.566)

4 16 19.318 22.176 0 19.1519 22.176 2.521 19.6575 19.61 2.5876 19.828 19.61 0

4 16 19.1519 22.176 2.521 18.6593 22.176 4.9995 19.1519 19.61 5.1315 19.6575 19.61 2.5876

4 16 18.6593 22.176 4.9995 17.8479 22.176 7.393 18.3191 19.61 7.5882 19.1519 19.61 5.1315

4 16 17.8479 22.176 7.393 16.7294 22.176 9.659 17.171 19.61 9.914 18.3191 19.61 7.5882

4 16 16.7294 22.176 9.659 15.3269 22.176 11.7608 15.7315 19.61 12.0713 17.171 19.61 9.914

4 16 15.3269 22.176 11.7608 13.6598 22.176 13.6598 14.0204 19.61 14.0204 15.7315 19.61 12.0713

0 // Eleventh cone (inner radius 18.478, outer radius 19.318, height 2.478)

4 16 18.478 24.654 0 18.3191 24.654 2.4114 19.1519 22.176 2.521 19.318 22.176 0

4 16 18.3191 24.654 2.4114 17.8479 24.654 4.7821 18.6593 22.176 4.9995 19.1519 22.176 2.521

4 16 17.8479 24.654 4.7821 17.0718 24.654 7.0715 17.8479 22.176 7.393 18.6593 22.176 4.9995

4 16 17.0718 24.654 7.0715 16.0019 24.654 9.239 16.7294 22.176 9.659 17.8479 22.176 7.393

4 16 16.0019 24.654 9.239 14.6604 24.654 11.2494 15.3269 22.176 11.7608 16.7294 22.176 9.659

4 16 14.6604 24.654 11.2494 13.0658 24.654 13.0658 13.6598 22.176 13.6598 15.3269 22.176 11.7608

0 // Twelfth cone (inner radius 17.32, outer radius 18.478, height 2.346)

4 16 17.32 27 0 17.171 27 2.2603 18.3191 24.654 2.4114 18.478 24.654 0

4 16 17.171 27 2.2603 16.7294 27 4.4824 17.8479 24.654 4.7821 18.3191 24.654 2.4114

4 16 16.7294 27 4.4824 16.0019 27 6.6284 17.0718 24.654 7.0715 17.8479 24.654 4.7821

4 16 16.0019 27 6.6284 14.9991 27 8.66 16.0019 24.654 9.239 17.0718 24.654 7.0715

4 16 14.9991 27 8.66 13.7417 27 10.5444 14.6604 24.654 11.2494 16.0019 24.654 9.239

4 16 13.7417 27 10.5444 12.247 27 12.247 13.0658 24.654 13.0658 14.6604 24.654 11.2494

0 // Thirteenth cone (inner radius 15.868, outer radius 17.32, height 2.176)

4 16 15.868 29.176 0 15.7315 29.176 2.0708 17.171 27 2.2603 17.32 27 0

4 16 15.7315 29.176 2.0708 15.3269 29.176 4.1066 16.7294 27 4.4824 17.171 27 2.2603

4 16 15.3269 29.176 4.1066 14.6604 29.176 6.0727 16.0019 27 6.6284 16.7294 27 4.4824

4 16 14.6604 29.176 6.0727 13.7417 29.176 7.934 14.9991 27 8.66 16.0019 27 6.6284

4 16 13.7417 29.176 7.934 12.5897 29.176 9.6604 13.7417 27 10.5444 14.9991 27 8.66

4 16 12.5897 29.176 9.6604 11.2203 29.176 11.2203 12.247 27 12.247 13.7417 27 10.5444

0 // Fourteenth cone (inner radius 14.142, outer radius 15.868, height 1.966)

4 16 14.142 31.142 0 14.0204 31.142 1.8455 15.7315 29.176 2.0708 15.868 29.176 0

4 16 14.0204 31.142 1.8455 13.6598 31.142 3.6599 15.3269 29.176 4.1066 15.7315 29.176 2.0708

4 16 13.6598 31.142 3.6599 13.0658 31.142 5.4121 14.6604 29.176 6.0727 15.3269 29.176 4.1066

4 16 13.0658 31.142 5.4121 12.247 31.142 7.071 13.7417 29.176 7.934 14.6604 29.176 6.0727

4 16 12.247 31.142 7.071 11.2203 31.142 8.6096 12.5897 29.176 9.6604 13.7417 29.176 7.934

4 16 11.2203 31.142 8.6096 9.9998 31.142 9.9998 11.2203 29.176 11.2203 12.5897 29.176 9.6604

0 // Fifteenth cone (inner radius 13.1647, outer radius 14.142, height 0.858)

4 16 13.1647 32 0 13.0515 32 1.718 14.0204 31.142 1.8455 14.142 31.142 0

4 16 13.0515 32 1.718 12.7158 32 3.407 13.6598 31.142 3.6599 14.0204 31.142 1.8455

4 16 12.7158 32 3.407 12.1629 32 5.0381 13.0658 31.142 5.4121 13.6598 31.142 3.6599

4 16 12.1629 32 5.0381 11.4006 32 6.5824 12.247 31.142 7.071 13.0658 31.142 5.4121

4 16 11.4006 32 6.5824 10.4449 32 8.0147 11.2203 31.142 8.6096 12.247 31.142 7.071

4 16 10.4449 32 8.0147 9.3088 32 9.3088 9.9998 31.142 9.9998 11.2203 31.142 8.6096

0 NOFILE

0 FILE s__20953s01.dat
0 ~Brick Round Sphere  2 x  2 x  1.667 with Stud without Outer Faces

0 Name: s\20953s01.dat

0 Author: Massimo Maso [Sirio]

0 !LDRAW_ORG Subpart UPDATE 2020-03

0 !LICENSE Licensed under CC BY 4.0 : see CAreadme.txt



0 BFC CERTIFY CCW



0 !HISTORY 2020-12-29 [PTadmin] Official Update 2020-03





0 // Primitives

1 16 0 0 0 1 0 0 0 1 0 0 0 1 stud.dat

1 16 0 1.5 0 6 0 0 0 -1 0 0 0 6 4-4disc.dat

1 16 0 1.5 0 6 0 0 0 1 0 0 0 6 4-4edge.dat

0 BFC INVERTNEXT

1 16 0 1.5 0 6 0 0 0 33.5 0 0 0 6 4-4cyli.dat

1 16 0 35 0 1 0 0 0 -1.25 0 0 0 1 stud4a.dat

1 16 0 8 0 1 0 0 0 27 0 0 0 1 4-4con8.dat

1 16 0 8 0 9 0 0 0 1 0 0 0 9 4-4edge.dat

1 16 0 8 0 2.25 0 0 0 -1 0 0 0 2.25 4-4ring4.dat

1 16 0 8 0 11.25 0 0 0 -1 0 0 0 11.25 48__4-4aring.dat

1 16 0 8 0 11.25 0 0 0 1 0 0 0 11.25 48__4-4edge.dat

0 BFC INVERTNEXT

1 16 0 32 0 1.25 0 0 0 -24 0 0 0 1.25 48__4-4con9.dat

1 16 0 32 0 12.5 0 0 0 1 0 0 0 12.5 48__4-4edge.dat

1 16 0 32 0 13.1647 0 0 0 1 0 0 0 13.1647 48__4-4edge.dat

1 16 0 0 0 10.4796 0 0 0 1 0 0 0 10.4796 4-4disc.dat

1 16 0 0 0 10.4796 0 0 0 1 0 0 0 10.4796 48__4-4aring.dat

1 16 0 0 0 10.4796 0 0 0 1 0 0 0 10.4796 48__4-4edge.dat

0 // Conditional lines beteween inner cone and stud

5 24 7.3912 35 3.0616 7.7017 35 1.5 7.3912 40 3.0616 8.3151 8 3.4443

5 24 5.6568 35 5.6568 7.3912 35 3.0616 5.6568 40 5.6568 6.3639 8 6.3639

5 24 5.6568 35 5.6568 3.0616 35 7.3912 5.6568 40 5.6568 6.3639 8 6.3639

5 24 3.0616 35 7.3912 1.5 35 7.7017 3.0616 40 7.3912 3.4443 8 8.3151

5 24 -3.0616 35 7.3912 -1.5 35 7.7017 -3.0616 40 7.3912 -3.4443 8 8.3151

5 24 -5.6568 35 5.6568 -3.0616 35 7.3912 -5.6568 40 5.6568 -6.3639 8 6.3639

5 24 -5.6568 35 5.6568 -7.3912 35 3.0616 -5.6568 40 5.6568 -6.3639 8 6.3639

5 24 -7.3912 35 3.0616 -7.7017 35 1.5 -7.3912 40 3.0616 -8.3151 8 3.4443

5 24 -7.3912 35 -3.0616 -7.7017 35 -1.5 -7.3912 40 -3.0616 -8.3151 8 -3.4443

5 24 -5.6568 35 -5.6568 -7.3912 35 -3.0616 -5.6568 40 -5.6568 -6.3639 8 -6.3639

5 24 -5.6568 35 -5.6568 -3.0616 35 -7.3912 -5.6568 40 -5.6568 -6.3639 8 -6.3639

5 24 -3.0616 35 -7.3912 -1.5 35 -7.7017 -3.0616 40 -7.3912 -3.4443 8 -8.3151

5 24 3.0616 35 -7.3912 1.5 35 -7.7017 3.0616 40 -7.3912 3.4443 8 -8.3151

5 24 5.6568 35 -5.6568 3.0616 35 -7.3912 5.6568 40 -5.6568 5.8402 28 -5.8402

5 24 5.6568 35 -5.6568 7.3912 35 -3.0616 5.6568 40 -5.6568 5.8402 28 -5.8402

5 24 7.3912 35 -3.0616 7.7017 35 -1.5 7.3912 40 -3.0616 8.3151 8 -3.4443

0 // Orthogonal fillets

3 16 0 35 8 0 32 13.1647 1.5981 32 13.0596

3 16 0 35 8 1.5981 32 13.0596 1.5 35 7.7017

4 16 2.35 8 8.5327 1.5 35 7.7017 1.5981 32 13.0596 2.3517 8 10.9776

3 16 -1.5981 32 13.0596 0 32 13.1647 0 35 8

3 16 -1.5 35 7.7017 -1.5981 32 13.0596 0 35 8

4 16 -2.35 8 8.5327 -2.3517 8 10.9776 -1.5981 32 13.0596 -1.5 35 7.7017

3 16 -8 35 0 -13.1647 32 0 -13.0596 32 1.5981

3 16 -8 35 0 -13.0596 32 1.5981 -7.7017 35 1.5

4 16 -8.5327 8 2.35 -7.7017 35 1.5 -13.0596 32 1.5981 -10.9776 8 2.3517

3 16 -13.0596 32 -1.5981 -13.1647 32 0 -8 35 0

3 16 -7.7017 35 -1.5 -13.0596 32 -1.5981 -8 35 0

4 16 -8.5327 8 -2.35 -10.9776 8 -2.3517 -13.0596 32 -1.5981 -7.7017 35 -1.5

3 16 8 35 0 13.1647 32 0 13.0596 32 -1.5981

3 16 8 35 0 13.0596 32 -1.5981 7.7017 35 -1.5

4 16 8.5327 8 -2.35 7.7017 35 -1.5 13.0596 32 -1.5981 10.9776 8 -2.3517

3 16 13.0596 32 1.5981 13.1647 32 0 8 35 0

3 16 7.7017 35 1.5 13.0596 32 1.5981 8 35 0

4 16 8.5327 8 2.35 10.9776 8 2.3517 13.0596 32 1.5981 7.7017 35 1.5

3 16 0 35 -8 0 32 -13.1647 -1.5981 32 -13.0596

3 16 0 35 -8 -1.5981 32 -13.0596 -1.5 35 -7.7017

4 16 -2.35 8 -8.5327 -1.5 35 -7.7017 -1.5981 32 -13.0596 -2.3517 8 -10.9776

3 16 1.5981 32 -13.0596 0 32 -13.1647 0 35 -8

3 16 1.5 35 -7.7017 1.5981 32 -13.0596 0 35 -8

4 16 2.35 8 -8.5327 2.3517 8 -10.9776 1.5981 32 -13.0596 1.5 35 -7.7017

0 // Edges

2 24 0 32 13.1647 1.5981 32 13.0596

2 24 1.5 35 7.7017 0 35 8

2 24 1.5859 32 12.3949 1.6227 30.848 12.3269

2 24 2.35 8 8.5327 1.5 35 7.7017

2 24 1.6227 30.848 12.3269 2.3517 8 10.9776

2 24 2.3517 8 10.9776 2.35 8 8.5327

2 24 -1.5981 32 13.0596 0 32 13.1647

2 24 0 35 8 -1.5 35 7.7017

2 24 -1.6227 30.848 12.3269 -1.5859 32 12.3949

2 24 -1.5 35 7.7017 -2.35 8 8.5327

2 24 -2.35 8 8.5327 -2.3517 8 10.9776

2 24 -2.3517 8 10.9776 -1.6227 30.848 12.3269

2 24 1.5981 32 13.0596 1.5 35 7.7017

2 24 1.5981 32 13.0596 1.5859 32 12.3949

2 24 -1.5 35 7.7017 -1.5981 32 13.0596

2 24 -1.5859 32 12.3949 -1.5981 32 13.0596

2 24 -13.1647 32 0 -13.0596 32 1.5981

2 24 -7.7017 35 1.5 -8 35 0

2 24 -12.3949 32 1.5859 -12.3269 30.848 1.6227

2 24 -8.5327 8 2.35 -7.7017 35 1.5

2 24 -12.3269 30.848 1.6227 -10.9776 8 2.3517

2 24 -10.9776 8 2.3517 -8.5327 8 2.35

2 24 -13.0596 32 -1.5981 -13.1647 32 0

2 24 -8 35 0 -7.7017 35 -1.5

2 24 -12.3269 30.848 -1.6227 -12.3949 32 -1.5859

2 24 -7.7017 35 -1.5 -8.5327 8 -2.35

2 24 -8.5327 8 -2.35 -10.9776 8 -2.3517

2 24 -10.9776 8 -2.3517 -12.3269 30.848 -1.6227

2 24 -13.0596 32 1.5981 -7.7017 35 1.5

2 24 -13.0596 32 1.5981 -12.3949 32 1.5859

2 24 -7.7017 35 -1.5 -13.0596 32 -1.5981

2 24 -12.3949 32 -1.5859 -13.0596 32 -1.5981

2 24 13.1647 32 0 13.0596 32 -1.5981

2 24 7.7017 35 -1.5 8 35 0

2 24 12.3949 32 -1.5859 12.3269 30.848 -1.6227

2 24 8.5327 8 -2.35 7.7017 35 -1.5

2 24 12.3269 30.848 -1.6227 10.9776 8 -2.3517

2 24 10.9776 8 -2.3517 8.5327 8 -2.35

2 24 13.0596 32 1.5981 13.1647 32 0

2 24 8 35 0 7.7017 35 1.5

2 24 12.3269 30.848 1.6227 12.3949 32 1.5859

2 24 7.7017 35 1.5 8.5327 8 2.35

2 24 8.5327 8 2.35 10.9776 8 2.3517

2 24 10.9776 8 2.3517 12.3269 30.848 1.6227

2 24 13.0596 32 -1.5981 7.7017 35 -1.5

2 24 13.0596 32 -1.5981 12.3949 32 -1.5859

2 24 7.7017 35 1.5 13.0596 32 1.5981

2 24 12.3949 32 1.5859 13.0596 32 1.5981

2 24 0 32 -13.1647 -1.5981 32 -13.0596

2 24 -1.5 35 -7.7017 0 35 -8

2 24 -1.5859 32 -12.3949 -1.6227 30.848 -12.3269

2 24 -2.35 8 -8.5327 -1.5 35 -7.7017

2 24 -1.6227 30.848 -12.3269 -2.3517 8 -10.9776

2 24 -2.3517 8 -10.9776 -2.35 8 -8.5327

2 24 1.5981 32 -13.0596 0 32 -13.1647

2 24 0 35 -8 1.5 35 -7.7017

2 24 1.6227 30.848 -12.3269 1.5859 32 -12.3949

2 24 1.5 35 -7.7017 2.35 8 -8.5327

2 24 2.35 8 -8.5327 2.3517 8 -10.9776

2 24 2.3517 8 -10.9776 1.6227 30.848 -12.3269

2 24 -1.5981 32 -13.0596 -1.5 35 -7.7017

2 24 -1.5981 32 -13.0596 -1.5859 32 -12.3949

2 24 1.5 35 -7.7017 1.5981 32 -13.0596

2 24 1.5859 32 -12.3949 1.5981 32 -13.0596

0 // Conditional lines

5 24 0 35 -8 0 32 -13.1647 -1.5981 32 -13.0596 1.5981 32 -13.0596

5 24 -1.5981 32 -13.0596 0 35 -8 0 32 -13.1647 -1.5 35 -7.7017

5 24 0 35 -8 1.5981 32 -13.0596 0 32 -13.1647 1.5 35 -7.7017

5 24 -8 35 0 -13.1647 32 0 -13.0596 32 1.5981 -13.0596 32 -1.5981

5 24 -13.0596 32 1.5981 -8 35 0 -13.1647 32 0 -7.7017 35 1.5

5 24 -8 35 0 -13.0596 32 -1.5981 -13.1647 32 0 -7.7017 35 -1.5

5 24 8 35 0 13.1647 32 0 13.0596 32 -1.5981 13.0596 32 1.5981

5 24 13.0596 32 -1.5981 8 35 0 13.1647 32 0 7.7017 35 -1.5

5 24 8 35 0 13.0596 32 1.5981 13.1647 32 0 7.7017 35 1.5

5 24 0 35 8 0 32 13.1647 1.5981 32 13.0596 -1.5981 32 13.0596

5 24 1.5981 32 13.0596 0 35 8 0 32 13.1647 1.5 35 7.7017

5 24 0 35 8 -1.5981 32 13.0596 0 32 13.1647 -1.5 35 7.7017

0 // Diagonal fillet

4 16 8.6915 28 -8.6915 7.9384 28 -9.3526 4.9925 28 -6.4067 5.8402 28 -5.8402

4 16 5.8402 28 -5.8402 6.4067 28 -4.9925 9.3526 28 -7.9384 8.6915 28 -8.6915

4 16 4.9925 28 -6.4067 7.9384 28 -9.3526 6.8223 8 -8.9436 5.0924 8 -7.2137

4 16 7.2137 8 -5.0924 8.9436 8 -6.8223 9.3526 28 -7.9384 6.4067 28 -4.9925

0 // Edges

2 24 7.9384 28 -9.3526 4.9925 28 -6.4067

2 24 6.4067 28 -4.9925 9.3526 28 -7.9384

2 24 8.6915 28 -8.6915 7.9384 28 -9.3526

2 24 4.9925 28 -6.4067 5.8402 28 -5.8402

2 24 5.8402 28 -5.8402 6.4067 28 -4.9925

2 24 9.3526 28 -7.9384 8.6915 28 -8.6915

2 24 7.9384 28 -9.3526 6.8785 9.0065 -8.9642

2 24 5.0924 8 -7.2137 4.9925 28 -6.4067

2 24 6.8785 9.0065 -8.9642 6.8223 8 -8.9436

2 24 6.8223 8 -8.9436 5.0924 8 -7.2137

2 24 8.9642 9.0065 -6.8785 9.3526 28 -7.9384

2 24 6.4067 28 -4.9925 7.2137 8 -5.0924

2 24 8.9436 8 -6.8223 8.9642 9.0065 -6.8785

2 24 7.2137 8 -5.0924 8.9436 8 -6.8223

0 // Bottom incomplete ring (inner radius 12.5, outer radius 13.1647)

4 16 -1.6313 32 12.3925 -1.718 32 13.0515 -1.5981 32 13.0596 -1.5859 32 12.3949

4 16 1.5859 32 12.3949 1.5981 32 13.0596 1.718 32 13.0515 1.6313 32 12.3925

4 16 -3.235 32 12.0738 -3.407 32 12.7158 -1.718 32 13.0515 -1.6313 32 12.3925

4 16 1.6313 32 12.3925 1.718 32 13.0515 3.407 32 12.7158 3.235 32 12.0738

4 16 -4.7838 32 11.5488 -5.0381 32 12.1629 -3.407 32 12.7158 -3.235 32 12.0738

4 16 3.235 32 12.0738 3.407 32 12.7158 5.0381 32 12.1629 4.7838 32 11.5488

4 16 -6.25 32 10.825 -6.5824 32 11.4006 -5.0381 32 12.1629 -4.7838 32 11.5488

4 16 4.7838 32 11.5488 5.0381 32 12.1629 6.5824 32 11.4006 6.25 32 10.825

4 16 -7.61 32 9.9175 -8.0147 32 10.4449 -6.5824 32 11.4006 -6.25 32 10.825

4 16 6.25 32 10.825 6.5824 32 11.4006 8.0147 32 10.4449 7.61 32 9.9175

4 16 -8.8388 32 8.8388 -9.3088 32 9.3088 -8.0147 32 10.4449 -7.61 32 9.9175

4 16 7.61 32 9.9175 8.0147 32 10.4449 9.3088 32 9.3088 8.8388 32 8.8388

4 16 -9.9175 32 7.61 -10.4449 32 8.0147 -9.3088 32 9.3088 -8.8388 32 8.8388

4 16 8.8388 32 8.8388 9.3088 32 9.3088 10.4449 32 8.0147 9.9175 32 7.61

4 16 -10.825 32 6.25 -11.4006 32 6.5824 -10.4449 32 8.0147 -9.9175 32 7.61

4 16 9.9175 32 7.61 10.4449 32 8.0147 11.4006 32 6.5824 10.825 32 6.25

4 16 -11.5488 32 4.7838 -12.1629 32 5.0381 -11.4006 32 6.5824 -10.825 32 6.25

4 16 10.825 32 6.25 11.4006 32 6.5824 12.1629 32 5.0381 11.5488 32 4.7838

4 16 -12.0738 32 3.235 -12.7158 32 3.407 -12.1629 32 5.0381 -11.5488 32 4.7838

4 16 11.5488 32 4.7838 12.1629 32 5.0381 12.7158 32 3.407 12.0738 32 3.235

4 16 -12.3925 32 1.6313 -13.0515 32 1.718 -12.7158 32 3.407 -12.0738 32 3.235

4 16 12.0738 32 3.235 12.7158 32 3.407 13.0515 32 1.718 12.3925 32 1.6313

4 16 -12.3949 32 1.5859 -13.0596 32 1.5981 -13.0515 32 1.718 -12.3925 32 1.6313

4 16 12.3925 32 1.6313 13.0515 32 1.718 13.0596 32 1.5981 12.3949 32 1.5859

4 16 -12.3925 32 -1.6313 -13.0515 32 -1.718 -13.0596 32 -1.5981 -12.3949 32 -1.5859

4 16 12.3949 32 -1.5859 13.0596 32 -1.5981 13.0515 32 -1.718 12.3925 32 -1.6313

4 16 -12.0738 32 -3.235 -12.7158 32 -3.407 -13.0515 32 -1.718 -12.3925 32 -1.6313

4 16 12.3925 32 -1.6313 13.0515 32 -1.718 12.7158 32 -3.407 12.0738 32 -3.235

4 16 -11.5488 32 -4.7838 -12.1629 32 -5.0381 -12.7158 32 -3.407 -12.0738 32 -3.235

4 16 12.0738 32 -3.235 12.7158 32 -3.407 12.1629 32 -5.0381 11.5488 32 -4.7838

4 16 -10.825 32 -6.25 -11.4006 32 -6.5824 -12.1629 32 -5.0381 -11.5488 32 -4.7838

4 16 11.5488 32 -4.7838 12.1629 32 -5.0381 11.4006 32 -6.5824 10.825 32 -6.25

4 16 -9.9175 32 -7.61 -10.4449 32 -8.0147 -11.4006 32 -6.5824 -10.825 32 -6.25

4 16 10.825 32 -6.25 11.4006 32 -6.5824 10.4449 32 -8.0147 9.9175 32 -7.61

4 16 -8.8388 32 -8.8388 -9.3088 32 -9.3088 -10.4449 32 -8.0147 -9.9175 32 -7.61

4 16 9.9175 32 -7.61 10.4449 32 -8.0147 9.3088 32 -9.3088 8.8388 32 -8.8388

4 16 -7.61 32 -9.9175 -8.0147 32 -10.4449 -9.3088 32 -9.3088 -8.8388 32 -8.8388

4 16 8.8388 32 -8.8388 9.3088 32 -9.3088 8.0147 32 -10.4449 7.61 32 -9.9175

4 16 -6.25 32 -10.825 -6.5824 32 -11.4006 -8.0147 32 -10.4449 -7.61 32 -9.9175

4 16 7.61 32 -9.9175 8.0147 32 -10.4449 6.5824 32 -11.4006 6.25 32 -10.825

4 16 -4.7838 32 -11.5488 -5.0381 32 -12.1629 -6.5824 32 -11.4006 -6.25 32 -10.825

4 16 6.25 32 -10.825 6.5824 32 -11.4006 5.0381 32 -12.1629 4.7838 32 -11.5488

4 16 -3.235 32 -12.0738 -3.407 32 -12.7158 -5.0381 32 -12.1629 -4.7838 32 -11.5488

4 16 4.7838 32 -11.5488 5.0381 32 -12.1629 3.407 32 -12.7158 3.235 32 -12.0738

4 16 -1.6313 32 -12.3925 -1.718 32 -13.0515 -3.407 32 -12.7158 -3.235 32 -12.0738

4 16 3.235 32 -12.0738 3.407 32 -12.7158 1.718 32 -13.0515 1.6313 32 -12.3925

4 16 -1.5859 32 -12.3949 -1.5981 32 -13.0596 -1.718 32 -13.0515 -1.6313 32 -12.3925

4 16 1.6313 32 -12.3925 1.718 32 -13.0515 1.5981 32 -13.0596 1.5859 32 -12.3949

0 // Edges

2 24 -1.5859 32 12.3949 -1.6313 32 12.3925

2 24 1.6313 32 12.3925 1.5859 32 12.3949

2 24 -1.6313 32 12.3925 -3.235 32 12.0738

2 24 3.235 32 12.0738 1.6313 32 12.3925

2 24 -3.235 32 12.0738 -4.7838 32 11.5488

2 24 4.7838 32 11.5488 3.235 32 12.0738

2 24 -4.7838 32 11.5488 -6.25 32 10.825

2 24 6.25 32 10.825 4.7838 32 11.5488

2 24 -6.25 32 10.825 -7.61 32 9.9175

2 24 7.61 32 9.9175 6.25 32 10.825

2 24 -7.61 32 9.9175 -8.8388 32 8.8388

2 24 8.8388 32 8.8388 7.61 32 9.9175

2 24 -8.8388 32 8.8388 -9.9175 32 7.61

2 24 9.9175 32 7.61 8.8388 32 8.8388

2 24 -9.9175 32 7.61 -10.825 32 6.25

2 24 10.825 32 6.25 9.9175 32 7.61

2 24 -10.825 32 6.25 -11.5488 32 4.7838

2 24 11.5488 32 4.7838 10.825 32 6.25

2 24 -11.5488 32 4.7838 -12.0738 32 3.235

2 24 12.0738 32 3.235 11.5488 32 4.7838

2 24 -12.0738 32 3.235 -12.3925 32 1.6313

2 24 12.3925 32 1.6313 12.0738 32 3.235

2 24 -12.3925 32 1.6313 -12.3949 32 1.5859

2 24 12.3949 32 1.5859 12.3925 32 1.6313

2 24 -12.3949 32 -1.5859 -12.3925 32 -1.6313

2 24 12.3925 32 -1.6313 12.3949 32 -1.5859

2 24 -12.3925 32 -1.6313 -12.0738 32 -3.235

2 24 12.0738 32 -3.235 12.3925 32 -1.6313

2 24 -12.0738 32 -3.235 -11.5488 32 -4.7838

2 24 11.5488 32 -4.7838 12.0738 32 -3.235

2 24 -11.5488 32 -4.7838 -10.825 32 -6.25

2 24 10.825 32 -6.25 11.5488 32 -4.7838

2 24 -10.825 32 -6.25 -9.9175 32 -7.61

2 24 9.9175 32 -7.61 10.825 32 -6.25

2 24 -9.9175 32 -7.61 -8.8388 32 -8.8388

2 24 8.8388 32 -8.8388 9.9175 32 -7.61

2 24 -8.8388 32 -8.8388 -7.61 32 -9.9175

2 24 7.61 32 -9.9175 8.8388 32 -8.8388

2 24 -7.61 32 -9.9175 -6.25 32 -10.825

2 24 6.25 32 -10.825 7.61 32 -9.9175

2 24 -6.25 32 -10.825 -4.7838 32 -11.5488

2 24 4.7838 32 -11.5488 6.25 32 -10.825

2 24 -4.7838 32 -11.5488 -3.235 32 -12.0738

2 24 3.235 32 -12.0738 4.7838 32 -11.5488

2 24 -3.235 32 -12.0738 -1.6313 32 -12.3925

2 24 1.6313 32 -12.3925 3.235 32 -12.0738

2 24 -1.6313 32 -12.3925 -1.5859 32 -12.3949

2 24 1.5859 32 -12.3949 1.6313 32 -12.3925

2 24 -1.718 32 13.0515 -1.5981 32 13.0596

2 24 1.5981 32 13.0596 1.718 32 13.0515

2 24 -3.407 32 12.7158 -1.718 32 13.0515

2 24 1.718 32 13.0515 3.407 32 12.7158

2 24 -5.0381 32 12.1629 -3.407 32 12.7158

2 24 3.407 32 12.7158 5.0381 32 12.1629

2 24 -6.5824 32 11.4006 -5.0381 32 12.1629

2 24 5.0381 32 12.1629 6.5824 32 11.4006

2 24 -8.0147 32 10.4449 -6.5824 32 11.4006

2 24 6.5824 32 11.4006 8.0147 32 10.4449

2 24 -9.3088 32 9.3088 -8.0147 32 10.4449

2 24 8.0147 32 10.4449 9.3088 32 9.3088

2 24 -10.4449 32 8.0147 -9.3088 32 9.3088

2 24 9.3088 32 9.3088 10.4449 32 8.0147

2 24 -11.4006 32 6.5824 -10.4449 32 8.0147

2 24 10.4449 32 8.0147 11.4006 32 6.5824

2 24 -12.1629 32 5.0381 -11.4006 32 6.5824

2 24 11.4006 32 6.5824 12.1629 32 5.0381

2 24 -12.7158 32 3.407 -12.1629 32 5.0381

2 24 12.1629 32 5.0381 12.7158 32 3.407

2 24 -13.0515 32 1.718 -12.7158 32 3.407

2 24 12.7158 32 3.407 13.0515 32 1.718

2 24 -13.0596 32 1.5981 -13.0515 32 1.718

2 24 13.0515 32 1.718 13.0596 32 1.5981

2 24 -13.0515 32 -1.718 -13.0596 32 -1.5981

2 24 13.0596 32 -1.5981 13.0515 32 -1.718

2 24 -12.7158 32 -3.407 -13.0515 32 -1.718

2 24 13.0515 32 -1.718 12.7158 32 -3.407

2 24 -12.1629 32 -5.0381 -12.7158 32 -3.407

2 24 12.7158 32 -3.407 12.1629 32 -5.0381

2 24 -11.4006 32 -6.5824 -12.1629 32 -5.0381

2 24 12.1629 32 -5.0381 11.4006 32 -6.5824

2 24 -10.4449 32 -8.0147 -11.4006 32 -6.5824

2 24 11.4006 32 -6.5824 10.4449 32 -8.0147

2 24 -9.3088 32 -9.3088 -10.4449 32 -8.0147

2 24 10.4449 32 -8.0147 9.3088 32 -9.3088

2 24 -8.0147 32 -10.4449 -9.3088 32 -9.3088

2 24 9.3088 32 -9.3088 8.0147 32 -10.4449

2 24 -6.5824 32 -11.4006 -8.0147 32 -10.4449

2 24 8.0147 32 -10.4449 6.5824 32 -11.4006

2 24 -5.0381 32 -12.1629 -6.5824 32 -11.4006

2 24 6.5824 32 -11.4006 5.0381 32 -12.1629

2 24 -3.407 32 -12.7158 -5.0381 32 -12.1629

2 24 5.0381 32 -12.1629 3.407 32 -12.7158

2 24 -1.718 32 -13.0515 -3.407 32 -12.7158

2 24 3.407 32 -12.7158 1.718 32 -13.0515

2 24 -1.5981 32 -13.0596 -1.718 32 -13.0515

2 24 1.718 32 -13.0515 1.5981 32 -13.0596

0 // Conditional lines of outer surface

0 // First cone

5 24 10.4796 0 0 12.176 1.132 0 10.3895 0 -1.3676 10.3895 0 1.3676

5 24 10.3895 0 1.3676 12.0713 1.132 1.589 10.4796 0 0 10.1222 0 2.7121

5 24 10.1222 0 2.7121 11.7608 1.132 3.1511 10.3895 0 1.3676 9.6821 0 4.0105

5 24 9.6821 0 4.0105 11.2494 1.132 4.6598 10.1222 0 2.7121 9.0753 0 5.2398

5 24 9.0753 0 5.2398 10.5444 1.132 6.088 9.6821 0 4.0105 8.3145 0 6.38

5 24 8.3145 0 6.38 9.6604 1.132 7.4127 9.0753 0 5.2398 7.4101 0 7.4101

5 24 7.4101 0 7.4101 8.6096 1.132 8.6096 8.3145 0 6.38 6.38 0 8.3145

5 24 6.38 0 8.3145 7.4127 1.132 9.6604 7.4101 0 7.4101 5.2398 0 9.0753

5 24 5.2398 0 9.0753 6.088 1.132 10.5444 6.38 0 8.3145 4.0105 0 9.6821

5 24 4.0105 0 9.6821 4.6598 1.132 11.2494 5.2398 0 9.0753 2.7121 0 10.1222

5 24 2.7121 0 10.1222 3.1511 1.132 11.7608 4.0105 0 9.6821 1.3676 0 10.3895

5 24 1.3676 0 10.3895 1.589 1.132 12.0713 2.7121 0 10.1222 0 0 10.4796

5 24 0 0 10.4796 0 1.132 12.176 1.3676 0 10.3895 -1.3676 0 10.3895

5 24 -1.3676 0 10.3895 -1.589 1.132 12.0713 0 0 10.4796 -2.7121 0 10.1222

5 24 -2.7121 0 10.1222 -3.1511 1.132 11.7608 -1.3676 0 10.3895 -4.0105 0 9.6821

5 24 -4.0105 0 9.6821 -4.6598 1.132 11.2494 -2.7121 0 10.1222 -5.2398 0 9.0753

5 24 -5.2398 0 9.0753 -6.088 1.132 10.5444 -4.0105 0 9.6821 -6.38 0 8.3145

5 24 -6.38 0 8.3145 -7.4127 1.132 9.6604 -5.2398 0 9.0753 -7.4101 0 7.4101

5 24 -7.4101 0 7.4101 -8.6096 1.132 8.6096 -6.38 0 8.3145 -8.3145 0 6.38

5 24 -8.3145 0 6.38 -9.6604 1.132 7.4127 -7.4101 0 7.4101 -9.0753 0 5.2398

5 24 -9.0753 0 5.2398 -10.5444 1.132 6.088 -8.3145 0 6.38 -9.6821 0 4.0105

5 24 -9.6821 0 4.0105 -11.2494 1.132 4.6598 -9.0753 0 5.2398 -10.1222 0 2.7121

5 24 -10.1222 0 2.7121 -11.7608 1.132 3.1511 -9.6821 0 4.0105 -10.3895 0 1.3676

5 24 -10.3895 0 1.3676 -12.0713 1.132 1.589 -10.1222 0 2.7121 -10.4796 0 0

5 24 -10.4796 0 0 -12.176 1.132 0 -10.3895 0 1.3676 -10.3895 0 -1.3676

5 24 -10.3895 0 -1.3676 -12.0713 1.132 -1.589 -10.4796 0 0 -10.1222 0 -2.7121

5 24 -10.1222 0 -2.7121 -11.7608 1.132 -3.1511 -10.3895 0 -1.3676 -9.6821 0 -4.0105

5 24 -9.6821 0 -4.0105 -11.2494 1.132 -4.6598 -10.1222 0 -2.7121 -9.0753 0 -5.2398

5 24 -9.0753 0 -5.2398 -10.5444 1.132 -6.088 -9.6821 0 -4.0105 -8.3145 0 -6.38

5 24 -8.3145 0 -6.38 -9.6604 1.132 -7.4127 -9.0753 0 -5.2398 -7.4101 0 -7.4101

5 24 -7.4101 0 -7.4101 -8.6096 1.132 -8.6096 -8.3145 0 -6.38 -6.38 0 -8.3145

5 24 -6.38 0 -8.3145 -7.4127 1.132 -9.6604 -7.4101 0 -7.4101 -5.2398 0 -9.0753

5 24 -5.2398 0 -9.0753 -6.088 1.132 -10.5444 -6.38 0 -8.3145 -4.0105 0 -9.6821

5 24 -4.0105 0 -9.6821 -4.6598 1.132 -11.2494 -5.2398 0 -9.0753 -2.7121 0 -10.1222

5 24 -2.7121 0 -10.1222 -3.1511 1.132 -11.7608 -4.0105 0 -9.6821 -1.3676 0 -10.3895

5 24 -1.3676 0 -10.3895 -1.589 1.132 -12.0713 -2.7121 0 -10.1222 0 0 -10.4796

5 24 0 0 -10.4796 0 1.132 -12.176 -1.3676 0 -10.3895 1.3676 0 -10.3895

5 24 1.3676 0 -10.3895 1.589 1.132 -12.0713 0 0 -10.4796 2.7121 0 -10.1222

5 24 2.7121 0 -10.1222 3.1511 1.132 -11.7608 1.3676 0 -10.3895 4.0105 0 -9.6821

5 24 4.0105 0 -9.6821 4.6598 1.132 -11.2494 2.7121 0 -10.1222 5.2398 0 -9.0753

5 24 5.2398 0 -9.0753 6.088 1.132 -10.5444 4.0105 0 -9.6821 6.38 0 -8.3145

5 24 6.38 0 -8.3145 7.4127 1.132 -9.6604 5.2398 0 -9.0753 7.4101 0 -7.4101

5 24 7.4101 0 -7.4101 8.6096 1.132 -8.6096 6.38 0 -8.3145 8.3145 0 -6.38

5 24 8.3145 0 -6.38 9.6604 1.132 -7.4127 7.4101 0 -7.4101 9.0753 0 -5.2398

5 24 9.0753 0 -5.2398 10.5444 1.132 -6.088 8.3145 0 -6.38 9.6821 0 -4.0105

5 24 9.6821 0 -4.0105 11.2494 1.132 -4.6598 9.0753 0 -5.2398 10.1222 0 -2.7121

5 24 10.1222 0 -2.7121 11.7608 1.132 -3.1511 9.6821 0 -4.0105 10.3895 0 -1.3676

5 24 10.3895 0 -1.3676 12.0713 1.132 -1.589 10.1222 0 -2.7121 10.4796 0 0

0 // Second cone

5 24 12.176 1.132 0 14.142 2.858 0 12.0713 1.132 -1.589 12.0713 1.132 1.589

5 24 12.0713 1.132 1.589 14.0204 2.858 1.8455 12.176 1.132 0 11.7608 1.132 3.1511

5 24 11.7608 1.132 3.1511 13.6598 2.858 3.6599 12.0713 1.132 1.589 11.2494 1.132 4.6598

5 24 11.2494 1.132 4.6598 13.0658 2.858 5.4121 11.7608 1.132 3.1511 10.5444 1.132 6.088

5 24 10.5444 1.132 6.088 12.247 2.858 7.071 11.2494 1.132 4.6598 9.6604 1.132 7.4127

5 24 9.6604 1.132 7.4127 11.2203 2.858 8.6096 10.5444 1.132 6.088 8.6096 1.132 8.6096

5 24 8.6096 1.132 8.6096 9.9998 2.858 9.9998 9.6604 1.132 7.4127 7.4127 1.132 9.6604

5 24 7.4127 1.132 9.6604 8.6096 2.858 11.2203 8.6096 1.132 8.6096 6.088 1.132 10.5444

5 24 6.088 1.132 10.5444 7.071 2.858 12.247 7.4127 1.132 9.6604 4.6598 1.132 11.2494

5 24 4.6598 1.132 11.2494 5.4121 2.858 13.0658 6.088 1.132 10.5444 3.1511 1.132 11.7608

5 24 3.1511 1.132 11.7608 3.6599 2.858 13.6598 4.6598 1.132 11.2494 1.589 1.132 12.0713

5 24 1.589 1.132 12.0713 1.8455 2.858 14.0204 3.1511 1.132 11.7608 0 1.132 12.176

5 24 0 1.132 12.176 0 2.858 14.142 1.589 1.132 12.0713 -1.589 1.132 12.0713

5 24 -1.589 1.132 12.0713 -1.8455 2.858 14.0204 0 1.132 12.176 -3.1511 1.132 11.7608

5 24 -3.1511 1.132 11.7608 -3.6599 2.858 13.6598 -1.589 1.132 12.0713 -4.6598 1.132 11.2494

5 24 -4.6598 1.132 11.2494 -5.4121 2.858 13.0658 -3.1511 1.132 11.7608 -6.088 1.132 10.5444

5 24 -6.088 1.132 10.5444 -7.071 2.858 12.247 -4.6598 1.132 11.2494 -7.4127 1.132 9.6604

5 24 -7.4127 1.132 9.6604 -8.6096 2.858 11.2203 -6.088 1.132 10.5444 -8.6096 1.132 8.6096

5 24 -8.6096 1.132 8.6096 -9.9998 2.858 9.9998 -7.4127 1.132 9.6604 -9.6604 1.132 7.4127

5 24 -9.6604 1.132 7.4127 -11.2203 2.858 8.6096 -8.6096 1.132 8.6096 -10.5444 1.132 6.088

5 24 -10.5444 1.132 6.088 -12.247 2.858 7.071 -9.6604 1.132 7.4127 -11.2494 1.132 4.6598

5 24 -11.2494 1.132 4.6598 -13.0658 2.858 5.4121 -10.5444 1.132 6.088 -11.7608 1.132 3.1511

5 24 -11.7608 1.132 3.1511 -13.6598 2.858 3.6599 -11.2494 1.132 4.6598 -12.0713 1.132 1.589

5 24 -12.0713 1.132 1.589 -14.0204 2.858 1.8455 -11.7608 1.132 3.1511 -12.176 1.132 0

5 24 -12.176 1.132 0 -14.142 2.858 0 -12.0713 1.132 1.589 -12.0713 1.132 -1.589

5 24 -12.0713 1.132 -1.589 -14.0204 2.858 -1.8455 -12.176 1.132 0 -11.7608 1.132 -3.1511

5 24 -11.7608 1.132 -3.1511 -13.6598 2.858 -3.6599 -12.0713 1.132 -1.589 -11.2494 1.132 -4.6598

5 24 -11.2494 1.132 -4.6598 -13.0658 2.858 -5.4121 -11.7608 1.132 -3.1511 -10.5444 1.132 -6.088

5 24 -10.5444 1.132 -6.088 -12.247 2.858 -7.071 -11.2494 1.132 -4.6598 -9.6604 1.132 -7.4127

5 24 -9.6604 1.132 -7.4127 -11.2203 2.858 -8.6096 -10.5444 1.132 -6.088 -8.6096 1.132 -8.6096

5 24 -8.6096 1.132 -8.6096 -9.9998 2.858 -9.9998 -9.6604 1.132 -7.4127 -7.4127 1.132 -9.6604

5 24 -7.4127 1.132 -9.6604 -8.6096 2.858 -11.2203 -8.6096 1.132 -8.6096 -6.088 1.132 -10.5444

5 24 -6.088 1.132 -10.5444 -7.071 2.858 -12.247 -7.4127 1.132 -9.6604 -4.6598 1.132 -11.2494

5 24 -4.6598 1.132 -11.2494 -5.4121 2.858 -13.0658 -6.088 1.132 -10.5444 -3.1511 1.132 -11.7608

5 24 -3.1511 1.132 -11.7608 -3.6599 2.858 -13.6598 -4.6598 1.132 -11.2494 -1.589 1.132 -12.0713

5 24 -1.589 1.132 -12.0713 -1.8455 2.858 -14.0204 -3.1511 1.132 -11.7608 0 1.132 -12.176

5 24 0 1.132 -12.176 0 2.858 -14.142 -1.589 1.132 -12.0713 1.589 1.132 -12.0713

5 24 1.589 1.132 -12.0713 1.8455 2.858 -14.0204 0 1.132 -12.176 3.1511 1.132 -11.7608

5 24 3.1511 1.132 -11.7608 3.6599 2.858 -13.6598 1.589 1.132 -12.0713 4.6598 1.132 -11.2494

5 24 4.6598 1.132 -11.2494 5.4121 2.858 -13.0658 3.1511 1.132 -11.7608 6.088 1.132 -10.5444

5 24 6.088 1.132 -10.5444 7.071 2.858 -12.247 4.6598 1.132 -11.2494 7.4127 1.132 -9.6604

5 24 7.4127 1.132 -9.6604 8.6096 2.858 -11.2203 6.088 1.132 -10.5444 8.6096 1.132 -8.6096

5 24 8.6096 1.132 -8.6096 9.9998 2.858 -9.9998 7.4127 1.132 -9.6604 9.6604 1.132 -7.4127

5 24 9.6604 1.132 -7.4127 11.2203 2.858 -8.6096 8.6096 1.132 -8.6096 10.5444 1.132 -6.088

5 24 10.5444 1.132 -6.088 12.247 2.858 -7.071 9.6604 1.132 -7.4127 11.2494 1.132 -4.6598

5 24 11.2494 1.132 -4.6598 13.0658 2.858 -5.4121 10.5444 1.132 -6.088 11.7608 1.132 -3.1511

5 24 11.7608 1.132 -3.1511 13.6598 2.858 -3.6599 11.2494 1.132 -4.6598 12.0713 1.132 -1.589

5 24 12.0713 1.132 -1.589 14.0204 2.858 -1.8455 11.7608 1.132 -3.1511 12.176 1.132 0

5 24 12.0713 1.132 1.589 12.176 1.132 0 10.4796 0 0 14.0204 2.858 1.8455

5 24 11.7608 1.132 3.1511 12.0713 1.132 1.589 10.3895 0 1.3676 13.6598 2.858 3.6599

5 24 11.2494 1.132 4.6598 11.7608 1.132 3.1511 10.1222 0 2.7121 13.0658 2.858 5.4121

5 24 10.5444 1.132 6.088 11.2494 1.132 4.6598 9.6821 0 4.0105 12.247 2.858 7.071

5 24 9.6604 1.132 7.4127 10.5444 1.132 6.088 9.0753 0 5.2398 11.2203 2.858 8.6096

5 24 8.6096 1.132 8.6096 9.6604 1.132 7.4127 8.3145 0 6.38 9.9998 2.858 9.9998

5 24 7.4127 1.132 9.6604 8.6096 1.132 8.6096 7.4101 0 7.4101 8.6096 2.858 11.2203

5 24 6.088 1.132 10.5444 7.4127 1.132 9.6604 6.38 0 8.3145 7.071 2.858 12.247

5 24 4.6598 1.132 11.2494 6.088 1.132 10.5444 5.2398 0 9.0753 5.4121 2.858 13.0658

5 24 3.1511 1.132 11.7608 4.6598 1.132 11.2494 4.0105 0 9.6821 3.6599 2.858 13.6598

5 24 1.589 1.132 12.0713 3.1511 1.132 11.7608 2.7121 0 10.1222 1.8455 2.858 14.0204

5 24 0 1.132 12.176 1.589 1.132 12.0713 1.3676 0 10.3895 0 2.858 14.142

5 24 -1.589 1.132 12.0713 0 1.132 12.176 0 0 10.4796 -1.8455 2.858 14.0204

5 24 -3.1511 1.132 11.7608 -1.589 1.132 12.0713 -1.3676 0 10.3895 -3.6599 2.858 13.6598

5 24 -4.6598 1.132 11.2494 -3.1511 1.132 11.7608 -2.7121 0 10.1222 -5.4121 2.858 13.0658

5 24 -6.088 1.132 10.5444 -4.6598 1.132 11.2494 -4.0105 0 9.6821 -7.071 2.858 12.247

5 24 -7.4127 1.132 9.6604 -6.088 1.132 10.5444 -5.2398 0 9.0753 -8.6096 2.858 11.2203

5 24 -8.6096 1.132 8.6096 -7.4127 1.132 9.6604 -6.38 0 8.3145 -9.9998 2.858 9.9998

5 24 -9.6604 1.132 7.4127 -8.6096 1.132 8.6096 -7.4101 0 7.4101 -11.2203 2.858 8.6096

5 24 -10.5444 1.132 6.088 -9.6604 1.132 7.4127 -8.3145 0 6.38 -12.247 2.858 7.071

5 24 -11.2494 1.132 4.6598 -10.5444 1.132 6.088 -9.0753 0 5.2398 -13.0658 2.858 5.4121

5 24 -11.7608 1.132 3.1511 -11.2494 1.132 4.6598 -9.6821 0 4.0105 -13.6598 2.858 3.6599

5 24 -12.0713 1.132 1.589 -11.7608 1.132 3.1511 -10.1222 0 2.7121 -14.0204 2.858 1.8455

5 24 -12.176 1.132 0 -12.0713 1.132 1.589 -10.3895 0 1.3676 -14.142 2.858 0

5 24 -12.0713 1.132 -1.589 -12.176 1.132 0 -10.4796 0 0 -14.0204 2.858 -1.8455

5 24 -11.7608 1.132 -3.1511 -12.0713 1.132 -1.589 -10.3895 0 -1.3676 -13.6598 2.858 -3.6599

5 24 -11.2494 1.132 -4.6598 -11.7608 1.132 -3.1511 -10.1222 0 -2.7121 -13.0658 2.858 -5.4121

5 24 -10.5444 1.132 -6.088 -11.2494 1.132 -4.6598 -9.6821 0 -4.0105 -12.247 2.858 -7.071

5 24 -9.6604 1.132 -7.4127 -10.5444 1.132 -6.088 -9.0753 0 -5.2398 -11.2203 2.858 -8.6096

5 24 -8.6096 1.132 -8.6096 -9.6604 1.132 -7.4127 -8.3145 0 -6.38 -9.9998 2.858 -9.9998

5 24 -7.4127 1.132 -9.6604 -8.6096 1.132 -8.6096 -7.4101 0 -7.4101 -8.6096 2.858 -11.2203

5 24 -6.088 1.132 -10.5444 -7.4127 1.132 -9.6604 -6.38 0 -8.3145 -7.071 2.858 -12.247

5 24 -4.6598 1.132 -11.2494 -6.088 1.132 -10.5444 -5.2398 0 -9.0753 -5.4121 2.858 -13.0658

5 24 -3.1511 1.132 -11.7608 -4.6598 1.132 -11.2494 -4.0105 0 -9.6821 -3.6599 2.858 -13.6598

5 24 -1.589 1.132 -12.0713 -3.1511 1.132 -11.7608 -2.7121 0 -10.1222 -1.8455 2.858 -14.0204

5 24 0 1.132 -12.176 -1.589 1.132 -12.0713 -1.3676 0 -10.3895 0 2.858 -14.142

5 24 1.589 1.132 -12.0713 0 1.132 -12.176 0 0 -10.4796 1.8455 2.858 -14.0204

5 24 3.1511 1.132 -11.7608 1.589 1.132 -12.0713 1.3676 0 -10.3895 3.6599 2.858 -13.6598

5 24 4.6598 1.132 -11.2494 3.1511 1.132 -11.7608 2.7121 0 -10.1222 5.4121 2.858 -13.0658

5 24 6.088 1.132 -10.5444 4.6598 1.132 -11.2494 4.0105 0 -9.6821 7.071 2.858 -12.247

5 24 7.4127 1.132 -9.6604 6.088 1.132 -10.5444 5.2398 0 -9.0753 8.6096 2.858 -11.2203

5 24 8.6096 1.132 -8.6096 7.4127 1.132 -9.6604 6.38 0 -8.3145 9.9998 2.858 -9.9998

5 24 9.6604 1.132 -7.4127 8.6096 1.132 -8.6096 7.4101 0 -7.4101 11.2203 2.858 -8.6096

5 24 10.5444 1.132 -6.088 9.6604 1.132 -7.4127 8.3145 0 -6.38 12.247 2.858 -7.071

5 24 11.2494 1.132 -4.6598 10.5444 1.132 -6.088 9.0753 0 -5.2398 13.0658 2.858 -5.4121

5 24 11.7608 1.132 -3.1511 11.2494 1.132 -4.6598 9.6821 0 -4.0105 13.6598 2.858 -3.6599

5 24 12.0713 1.132 -1.589 11.7608 1.132 -3.1511 10.1222 0 -2.7121 14.0204 2.858 -1.8455

5 24 12.176 1.132 0 12.0713 1.132 -1.589 10.3895 0 -1.3676 14.142 2.858 0

0 // Third cone

5 24 14.142 2.858 0 15.868 4.824 0 14.0204 2.858 -1.8455 14.0204 2.858 1.8455

5 24 14.0204 2.858 1.8455 15.7315 4.824 2.0708 14.142 2.858 0 13.6598 2.858 3.6599

5 24 13.6598 2.858 3.6599 15.3269 4.824 4.1066 14.0204 2.858 1.8455 13.0658 2.858 5.4121

5 24 13.0658 2.858 5.4121 14.6604 4.824 6.0727 13.6598 2.858 3.6599 12.247 2.858 7.071

5 24 12.247 2.858 7.071 13.7417 4.824 7.934 13.0658 2.858 5.4121 11.2203 2.858 8.6096

5 24 11.2203 2.858 8.6096 12.5897 4.824 9.6604 12.247 2.858 7.071 9.9998 2.858 9.9998

5 24 9.9998 2.858 9.9998 11.2203 4.824 11.2203 11.2203 2.858 8.6096 8.6096 2.858 11.2203

5 24 8.6096 2.858 11.2203 9.6604 4.824 12.5897 9.9998 2.858 9.9998 7.071 2.858 12.247

5 24 7.071 2.858 12.247 7.934 4.824 13.7417 8.6096 2.858 11.2203 5.4121 2.858 13.0658

5 24 5.4121 2.858 13.0658 6.0727 4.824 14.6604 7.071 2.858 12.247 3.6599 2.858 13.6598

5 24 3.6599 2.858 13.6598 4.1066 4.824 15.3269 5.4121 2.858 13.0658 1.8455 2.858 14.0204

5 24 1.8455 2.858 14.0204 2.0708 4.824 15.7315 3.6599 2.858 13.6598 0 2.858 14.142

5 24 0 2.858 14.142 0 4.824 15.868 1.8455 2.858 14.0204 -1.8455 2.858 14.0204

5 24 -1.8455 2.858 14.0204 -2.0708 4.824 15.7315 0 2.858 14.142 -3.6599 2.858 13.6598

5 24 -3.6599 2.858 13.6598 -4.1066 4.824 15.3269 -1.8455 2.858 14.0204 -5.4121 2.858 13.0658

5 24 -5.4121 2.858 13.0658 -6.0727 4.824 14.6604 -3.6599 2.858 13.6598 -7.071 2.858 12.247

5 24 -7.071 2.858 12.247 -7.934 4.824 13.7417 -5.4121 2.858 13.0658 -8.6096 2.858 11.2203

5 24 -8.6096 2.858 11.2203 -9.6604 4.824 12.5897 -7.071 2.858 12.247 -9.9998 2.858 9.9998

5 24 -9.9998 2.858 9.9998 -11.2203 4.824 11.2203 -8.6096 2.858 11.2203 -11.2203 2.858 8.6096

5 24 -11.2203 2.858 8.6096 -12.5897 4.824 9.6604 -9.9998 2.858 9.9998 -12.247 2.858 7.071

5 24 -12.247 2.858 7.071 -13.7417 4.824 7.934 -11.2203 2.858 8.6096 -13.0658 2.858 5.4121

5 24 -13.0658 2.858 5.4121 -14.6604 4.824 6.0727 -12.247 2.858 7.071 -13.6598 2.858 3.6599

5 24 -13.6598 2.858 3.6599 -15.3269 4.824 4.1066 -13.0658 2.858 5.4121 -14.0204 2.858 1.8455

5 24 -14.0204 2.858 1.8455 -15.7315 4.824 2.0708 -13.6598 2.858 3.6599 -14.142 2.858 0

5 24 -14.142 2.858 0 -15.868 4.824 0 -14.0204 2.858 1.8455 -14.0204 2.858 -1.8455

5 24 -14.0204 2.858 -1.8455 -15.7315 4.824 -2.0708 -14.142 2.858 0 -13.6598 2.858 -3.6599

5 24 -13.6598 2.858 -3.6599 -15.3269 4.824 -4.1066 -14.0204 2.858 -1.8455 -13.0658 2.858 -5.4121

5 24 -13.0658 2.858 -5.4121 -14.6604 4.824 -6.0727 -13.6598 2.858 -3.6599 -12.247 2.858 -7.071

5 24 -12.247 2.858 -7.071 -13.7417 4.824 -7.934 -13.0658 2.858 -5.4121 -11.2203 2.858 -8.6096

5 24 -11.2203 2.858 -8.6096 -12.5897 4.824 -9.6604 -12.247 2.858 -7.071 -9.9998 2.858 -9.9998

5 24 -9.9998 2.858 -9.9998 -11.2203 4.824 -11.2203 -11.2203 2.858 -8.6096 -8.6096 2.858 -11.2203

5 24 -8.6096 2.858 -11.2203 -9.6604 4.824 -12.5897 -9.9998 2.858 -9.9998 -7.071 2.858 -12.247

5 24 -7.071 2.858 -12.247 -7.934 4.824 -13.7417 -8.6096 2.858 -11.2203 -5.4121 2.858 -13.0658

5 24 -5.4121 2.858 -13.0658 -6.0727 4.824 -14.6604 -7.071 2.858 -12.247 -3.6599 2.858 -13.6598

5 24 -3.6599 2.858 -13.6598 -4.1066 4.824 -15.3269 -5.4121 2.858 -13.0658 -1.8455 2.858 -14.0204

5 24 -1.8455 2.858 -14.0204 -2.0708 4.824 -15.7315 -3.6599 2.858 -13.6598 0 2.858 -14.142

5 24 0 2.858 -14.142 0 4.824 -15.868 -1.8455 2.858 -14.0204 1.8455 2.858 -14.0204

5 24 1.8455 2.858 -14.0204 2.0708 4.824 -15.7315 0 2.858 -14.142 3.6599 2.858 -13.6598

5 24 3.6599 2.858 -13.6598 4.1066 4.824 -15.3269 1.8455 2.858 -14.0204 5.4121 2.858 -13.0658

5 24 5.4121 2.858 -13.0658 6.0727 4.824 -14.6604 3.6599 2.858 -13.6598 7.071 2.858 -12.247

5 24 7.071 2.858 -12.247 7.934 4.824 -13.7417 5.4121 2.858 -13.0658 8.6096 2.858 -11.2203

5 24 8.6096 2.858 -11.2203 9.6604 4.824 -12.5897 7.071 2.858 -12.247 9.9998 2.858 -9.9998

5 24 9.9998 2.858 -9.9998 11.2203 4.824 -11.2203 8.6096 2.858 -11.2203 11.2203 2.858 -8.6096

5 24 11.2203 2.858 -8.6096 12.5897 4.824 -9.6604 9.9998 2.858 -9.9998 12.247 2.858 -7.071

5 24 12.247 2.858 -7.071 13.7417 4.824 -7.934 11.2203 2.858 -8.6096 13.0658 2.858 -5.4121

5 24 13.0658 2.858 -5.4121 14.6604 4.824 -6.0727 12.247 2.858 -7.071 13.6598 2.858 -3.6599

5 24 13.6598 2.858 -3.6599 15.3269 4.824 -4.1066 13.0658 2.858 -5.4121 14.0204 2.858 -1.8455

5 24 14.0204 2.858 -1.8455 15.7315 4.824 -2.0708 13.6598 2.858 -3.6599 14.142 2.858 0

5 24 14.0204 2.858 1.8455 14.142 2.858 0 12.176 1.132 0 15.7315 4.824 2.0708

5 24 13.6598 2.858 3.6599 14.0204 2.858 1.8455 12.0713 1.132 1.589 15.3269 4.824 4.1066

5 24 13.0658 2.858 5.4121 13.6598 2.858 3.6599 11.7608 1.132 3.1511 14.6604 4.824 6.0727

5 24 12.247 2.858 7.071 13.0658 2.858 5.4121 11.2494 1.132 4.6598 13.7417 4.824 7.934

5 24 11.2203 2.858 8.6096 12.247 2.858 7.071 10.5444 1.132 6.088 12.5897 4.824 9.6604

5 24 9.9998 2.858 9.9998 11.2203 2.858 8.6096 9.6604 1.132 7.4127 11.2203 4.824 11.2203

5 24 8.6096 2.858 11.2203 9.9998 2.858 9.9998 8.6096 1.132 8.6096 9.6604 4.824 12.5897

5 24 7.071 2.858 12.247 8.6096 2.858 11.2203 7.4127 1.132 9.6604 7.934 4.824 13.7417

5 24 5.4121 2.858 13.0658 7.071 2.858 12.247 6.088 1.132 10.5444 6.0727 4.824 14.6604

5 24 3.6599 2.858 13.6598 5.4121 2.858 13.0658 4.6598 1.132 11.2494 4.1066 4.824 15.3269

5 24 1.8455 2.858 14.0204 3.6599 2.858 13.6598 3.1511 1.132 11.7608 2.0708 4.824 15.7315

5 24 0 2.858 14.142 1.8455 2.858 14.0204 1.589 1.132 12.0713 0 4.824 15.868

5 24 -1.8455 2.858 14.0204 0 2.858 14.142 0 1.132 12.176 -2.0708 4.824 15.7315

5 24 -3.6599 2.858 13.6598 -1.8455 2.858 14.0204 -1.589 1.132 12.0713 -4.1066 4.824 15.3269

5 24 -5.4121 2.858 13.0658 -3.6599 2.858 13.6598 -3.1511 1.132 11.7608 -6.0727 4.824 14.6604

5 24 -7.071 2.858 12.247 -5.4121 2.858 13.0658 -4.6598 1.132 11.2494 -7.934 4.824 13.7417

5 24 -8.6096 2.858 11.2203 -7.071 2.858 12.247 -6.088 1.132 10.5444 -9.6604 4.824 12.5897

5 24 -9.9998 2.858 9.9998 -8.6096 2.858 11.2203 -7.4127 1.132 9.6604 -11.2203 4.824 11.2203

5 24 -11.2203 2.858 8.6096 -9.9998 2.858 9.9998 -8.6096 1.132 8.6096 -12.5897 4.824 9.6604

5 24 -12.247 2.858 7.071 -11.2203 2.858 8.6096 -9.6604 1.132 7.4127 -13.7417 4.824 7.934

5 24 -13.0658 2.858 5.4121 -12.247 2.858 7.071 -10.5444 1.132 6.088 -14.6604 4.824 6.0727

5 24 -13.6598 2.858 3.6599 -13.0658 2.858 5.4121 -11.2494 1.132 4.6598 -15.3269 4.824 4.1066

5 24 -14.0204 2.858 1.8455 -13.6598 2.858 3.6599 -11.7608 1.132 3.1511 -15.7315 4.824 2.0708

5 24 -14.142 2.858 0 -14.0204 2.858 1.8455 -12.0713 1.132 1.589 -15.868 4.824 0

5 24 -14.0204 2.858 -1.8455 -14.142 2.858 0 -12.176 1.132 0 -15.7315 4.824 -2.0708

5 24 -13.6598 2.858 -3.6599 -14.0204 2.858 -1.8455 -12.0713 1.132 -1.589 -15.3269 4.824 -4.1066

5 24 -13.0658 2.858 -5.4121 -13.6598 2.858 -3.6599 -11.7608 1.132 -3.1511 -14.6604 4.824 -6.0727

5 24 -12.247 2.858 -7.071 -13.0658 2.858 -5.4121 -11.2494 1.132 -4.6598 -13.7417 4.824 -7.934

5 24 -11.2203 2.858 -8.6096 -12.247 2.858 -7.071 -10.5444 1.132 -6.088 -12.5897 4.824 -9.6604

5 24 -9.9998 2.858 -9.9998 -11.2203 2.858 -8.6096 -9.6604 1.132 -7.4127 -11.2203 4.824 -11.2203

5 24 -8.6096 2.858 -11.2203 -9.9998 2.858 -9.9998 -8.6096 1.132 -8.6096 -9.6604 4.824 -12.5897

5 24 -7.071 2.858 -12.247 -8.6096 2.858 -11.2203 -7.4127 1.132 -9.6604 -7.934 4.824 -13.7417

5 24 -5.4121 2.858 -13.0658 -7.071 2.858 -12.247 -6.088 1.132 -10.5444 -6.0727 4.824 -14.6604

5 24 -3.6599 2.858 -13.6598 -5.4121 2.858 -13.0658 -4.6598 1.132 -11.2494 -4.1066 4.824 -15.3269

5 24 -1.8455 2.858 -14.0204 -3.6599 2.858 -13.6598 -3.1511 1.132 -11.7608 -2.0708 4.824 -15.7315

5 24 0 2.858 -14.142 -1.8455 2.858 -14.0204 -1.589 1.132 -12.0713 0 4.824 -15.868

5 24 1.8455 2.858 -14.0204 0 2.858 -14.142 0 1.132 -12.176 2.0708 4.824 -15.7315

5 24 3.6599 2.858 -13.6598 1.8455 2.858 -14.0204 1.589 1.132 -12.0713 4.1066 4.824 -15.3269

5 24 5.4121 2.858 -13.0658 3.6599 2.858 -13.6598 3.1511 1.132 -11.7608 6.0727 4.824 -14.6604

5 24 7.071 2.858 -12.247 5.4121 2.858 -13.0658 4.6598 1.132 -11.2494 7.934 4.824 -13.7417

5 24 8.6096 2.858 -11.2203 7.071 2.858 -12.247 6.088 1.132 -10.5444 9.6604 4.824 -12.5897

5 24 9.9998 2.858 -9.9998 8.6096 2.858 -11.2203 7.4127 1.132 -9.6604 11.2203 4.824 -11.2203

5 24 11.2203 2.858 -8.6096 9.9998 2.858 -9.9998 8.6096 1.132 -8.6096 12.5897 4.824 -9.6604

5 24 12.247 2.858 -7.071 11.2203 2.858 -8.6096 9.6604 1.132 -7.4127 13.7417 4.824 -7.934

5 24 13.0658 2.858 -5.4121 12.247 2.858 -7.071 10.5444 1.132 -6.088 14.6604 4.824 -6.0727

5 24 13.6598 2.858 -3.6599 13.0658 2.858 -5.4121 11.2494 1.132 -4.6598 15.3269 4.824 -4.1066

5 24 14.0204 2.858 -1.8455 13.6598 2.858 -3.6599 11.7608 1.132 -3.1511 15.7315 4.824 -2.0708

5 24 14.142 2.858 0 14.0204 2.858 -1.8455 12.0713 1.132 -1.589 15.868 4.824 0

0 // Fourth cone

5 24 15.868 4.824 0 17.32 7 0 15.7315 4.824 -2.0708 15.7315 4.824 2.0708

5 24 15.7315 4.824 2.0708 17.171 7 2.2603 15.868 4.824 0 15.3269 4.824 4.1066

5 24 15.3269 4.824 4.1066 16.7294 7 4.4824 15.7315 4.824 2.0708 14.6604 4.824 6.0727

5 24 14.6604 4.824 6.0727 16.0019 7 6.6284 15.3269 4.824 4.1066 13.7417 4.824 7.934

5 24 13.7417 4.824 7.934 14.9991 7 8.66 14.6604 4.824 6.0727 12.5897 4.824 9.6604

5 24 12.5897 4.824 9.6604 13.7417 7 10.5444 13.7417 4.824 7.934 11.2203 4.824 11.2203

5 24 11.2203 4.824 11.2203 12.247 7 12.247 12.5897 4.824 9.6604 9.6604 4.824 12.5897

5 24 9.6604 4.824 12.5897 10.5444 7 13.7417 11.2203 4.824 11.2203 7.934 4.824 13.7417

5 24 7.934 4.824 13.7417 8.66 7 14.9991 9.6604 4.824 12.5897 6.0727 4.824 14.6604

5 24 6.0727 4.824 14.6604 6.6284 7 16.0019 7.934 4.824 13.7417 4.1066 4.824 15.3269

5 24 4.1066 4.824 15.3269 4.4824 7 16.7294 6.0727 4.824 14.6604 2.0708 4.824 15.7315

5 24 2.0708 4.824 15.7315 2.2603 7 17.171 4.1066 4.824 15.3269 0 4.824 15.868

5 24 0 4.824 15.868 0 7 17.32 2.0708 4.824 15.7315 -2.0708 4.824 15.7315

5 24 -2.0708 4.824 15.7315 -2.2603 7 17.171 0 4.824 15.868 -4.1066 4.824 15.3269

5 24 -4.1066 4.824 15.3269 -4.4824 7 16.7294 -2.0708 4.824 15.7315 -6.0727 4.824 14.6604

5 24 -6.0727 4.824 14.6604 -6.6284 7 16.0019 -4.1066 4.824 15.3269 -7.934 4.824 13.7417

5 24 -7.934 4.824 13.7417 -8.66 7 14.9991 -6.0727 4.824 14.6604 -9.6604 4.824 12.5897

5 24 -9.6604 4.824 12.5897 -10.5444 7 13.7417 -7.934 4.824 13.7417 -11.2203 4.824 11.2203

5 24 -11.2203 4.824 11.2203 -12.247 7 12.247 -9.6604 4.824 12.5897 -12.5897 4.824 9.6604

5 24 -12.5897 4.824 9.6604 -13.7417 7 10.5444 -11.2203 4.824 11.2203 -13.7417 4.824 7.934

5 24 -13.7417 4.824 7.934 -14.9991 7 8.66 -12.5897 4.824 9.6604 -14.6604 4.824 6.0727

5 24 -14.6604 4.824 6.0727 -16.0019 7 6.6284 -13.7417 4.824 7.934 -15.3269 4.824 4.1066

5 24 -15.3269 4.824 4.1066 -16.7294 7 4.4824 -14.6604 4.824 6.0727 -15.7315 4.824 2.0708

5 24 -15.7315 4.824 2.0708 -17.171 7 2.2603 -15.3269 4.824 4.1066 -15.868 4.824 0

5 24 -15.868 4.824 0 -17.32 7 0 -15.7315 4.824 2.0708 -15.7315 4.824 -2.0708

5 24 -15.7315 4.824 -2.0708 -17.171 7 -2.2603 -15.868 4.824 0 -15.3269 4.824 -4.1066

5 24 -15.3269 4.824 -4.1066 -16.7294 7 -4.4824 -15.7315 4.824 -2.0708 -14.6604 4.824 -6.0727

5 24 -14.6604 4.824 -6.0727 -16.0019 7 -6.6284 -15.3269 4.824 -4.1066 -13.7417 4.824 -7.934

5 24 -13.7417 4.824 -7.934 -14.9991 7 -8.66 -14.6604 4.824 -6.0727 -12.5897 4.824 -9.6604

5 24 -12.5897 4.824 -9.6604 -13.7417 7 -10.5444 -13.7417 4.824 -7.934 -11.2203 4.824 -11.2203

5 24 -11.2203 4.824 -11.2203 -12.247 7 -12.247 -12.5897 4.824 -9.6604 -9.6604 4.824 -12.5897

5 24 -9.6604 4.824 -12.5897 -10.5444 7 -13.7417 -11.2203 4.824 -11.2203 -7.934 4.824 -13.7417

5 24 -7.934 4.824 -13.7417 -8.66 7 -14.9991 -9.6604 4.824 -12.5897 -6.0727 4.824 -14.6604

5 24 -6.0727 4.824 -14.6604 -6.6284 7 -16.0019 -7.934 4.824 -13.7417 -4.1066 4.824 -15.3269

5 24 -4.1066 4.824 -15.3269 -4.4824 7 -16.7294 -6.0727 4.824 -14.6604 -2.0708 4.824 -15.7315

5 24 -2.0708 4.824 -15.7315 -2.2603 7 -17.171 -4.1066 4.824 -15.3269 0 4.824 -15.868

5 24 0 4.824 -15.868 0 7 -17.32 -2.0708 4.824 -15.7315 2.0708 4.824 -15.7315

5 24 2.0708 4.824 -15.7315 2.2603 7 -17.171 0 4.824 -15.868 4.1066 4.824 -15.3269

5 24 4.1066 4.824 -15.3269 4.4824 7 -16.7294 2.0708 4.824 -15.7315 6.0727 4.824 -14.6604

5 24 6.0727 4.824 -14.6604 6.6284 7 -16.0019 4.1066 4.824 -15.3269 7.934 4.824 -13.7417

5 24 7.934 4.824 -13.7417 8.66 7 -14.9991 6.0727 4.824 -14.6604 9.6604 4.824 -12.5897

5 24 9.6604 4.824 -12.5897 10.5444 7 -13.7417 7.934 4.824 -13.7417 11.2203 4.824 -11.2203

5 24 11.2203 4.824 -11.2203 12.247 7 -12.247 9.6604 4.824 -12.5897 12.5897 4.824 -9.6604

5 24 12.5897 4.824 -9.6604 13.7417 7 -10.5444 11.2203 4.824 -11.2203 13.7417 4.824 -7.934

5 24 13.7417 4.824 -7.934 14.9991 7 -8.66 12.5897 4.824 -9.6604 14.6604 4.824 -6.0727

5 24 14.6604 4.824 -6.0727 16.0019 7 -6.6284 13.7417 4.824 -7.934 15.3269 4.824 -4.1066

5 24 15.3269 4.824 -4.1066 16.7294 7 -4.4824 14.6604 4.824 -6.0727 15.7315 4.824 -2.0708

5 24 15.7315 4.824 -2.0708 17.171 7 -2.2603 15.3269 4.824 -4.1066 15.868 4.824 0

5 24 15.7315 4.824 2.0708 15.868 4.824 0 14.142 2.858 0 17.171 7 2.2603

5 24 15.3269 4.824 4.1066 15.7315 4.824 2.0708 14.0204 2.858 1.8455 16.7294 7 4.4824

5 24 14.6604 4.824 6.0727 15.3269 4.824 4.1066 13.6598 2.858 3.6599 16.0019 7 6.6284

5 24 13.7417 4.824 7.934 14.6604 4.824 6.0727 13.0658 2.858 5.4121 14.9991 7 8.66

5 24 12.5897 4.824 9.6604 13.7417 4.824 7.934 12.247 2.858 7.071 13.7417 7 10.5444

5 24 11.2203 4.824 11.2203 12.5897 4.824 9.6604 11.2203 2.858 8.6096 12.247 7 12.247

5 24 9.6604 4.824 12.5897 11.2203 4.824 11.2203 9.9998 2.858 9.9998 10.5444 7 13.7417

5 24 7.934 4.824 13.7417 9.6604 4.824 12.5897 8.6096 2.858 11.2203 8.66 7 14.9991

5 24 6.0727 4.824 14.6604 7.934 4.824 13.7417 7.071 2.858 12.247 6.6284 7 16.0019

5 24 4.1066 4.824 15.3269 6.0727 4.824 14.6604 5.4121 2.858 13.0658 4.4824 7 16.7294

5 24 2.0708 4.824 15.7315 4.1066 4.824 15.3269 3.6599 2.858 13.6598 2.2603 7 17.171

5 24 0 4.824 15.868 2.0708 4.824 15.7315 1.8455 2.858 14.0204 0 7 17.32

5 24 -2.0708 4.824 15.7315 0 4.824 15.868 0 2.858 14.142 -2.2603 7 17.171

5 24 -4.1066 4.824 15.3269 -2.0708 4.824 15.7315 -1.8455 2.858 14.0204 -4.4824 7 16.7294

5 24 -6.0727 4.824 14.6604 -4.1066 4.824 15.3269 -3.6599 2.858 13.6598 -6.6284 7 16.0019

5 24 -7.934 4.824 13.7417 -6.0727 4.824 14.6604 -5.4121 2.858 13.0658 -8.66 7 14.9991

5 24 -9.6604 4.824 12.5897 -7.934 4.824 13.7417 -7.071 2.858 12.247 -10.5444 7 13.7417

5 24 -11.2203 4.824 11.2203 -9.6604 4.824 12.5897 -8.6096 2.858 11.2203 -12.247 7 12.247

5 24 -12.5897 4.824 9.6604 -11.2203 4.824 11.2203 -9.9998 2.858 9.9998 -13.7417 7 10.5444

5 24 -13.7417 4.824 7.934 -12.5897 4.824 9.6604 -11.2203 2.858 8.6096 -14.9991 7 8.66

5 24 -14.6604 4.824 6.0727 -13.7417 4.824 7.934 -12.247 2.858 7.071 -16.0019 7 6.6284

5 24 -15.3269 4.824 4.1066 -14.6604 4.824 6.0727 -13.0658 2.858 5.4121 -16.7294 7 4.4824

5 24 -15.7315 4.824 2.0708 -15.3269 4.824 4.1066 -13.6598 2.858 3.6599 -17.171 7 2.2603

5 24 -15.868 4.824 0 -15.7315 4.824 2.0708 -14.0204 2.858 1.8455 -17.32 7 0

5 24 -15.7315 4.824 -2.0708 -15.868 4.824 0 -14.142 2.858 0 -17.171 7 -2.2603

5 24 -15.3269 4.824 -4.1066 -15.7315 4.824 -2.0708 -14.0204 2.858 -1.8455 -16.7294 7 -4.4824

5 24 -14.6604 4.824 -6.0727 -15.3269 4.824 -4.1066 -13.6598 2.858 -3.6599 -16.0019 7 -6.6284

5 24 -13.7417 4.824 -7.934 -14.6604 4.824 -6.0727 -13.0658 2.858 -5.4121 -14.9991 7 -8.66

5 24 -12.5897 4.824 -9.6604 -13.7417 4.824 -7.934 -12.247 2.858 -7.071 -13.7417 7 -10.5444

5 24 -11.2203 4.824 -11.2203 -12.5897 4.824 -9.6604 -11.2203 2.858 -8.6096 -12.247 7 -12.247

5 24 -9.6604 4.824 -12.5897 -11.2203 4.824 -11.2203 -9.9998 2.858 -9.9998 -10.5444 7 -13.7417

5 24 -7.934 4.824 -13.7417 -9.6604 4.824 -12.5897 -8.6096 2.858 -11.2203 -8.66 7 -14.9991

5 24 -6.0727 4.824 -14.6604 -7.934 4.824 -13.7417 -7.071 2.858 -12.247 -6.6284 7 -16.0019

5 24 -4.1066 4.824 -15.3269 -6.0727 4.824 -14.6604 -5.4121 2.858 -13.0658 -4.4824 7 -16.7294

5 24 -2.0708 4.824 -15.7315 -4.1066 4.824 -15.3269 -3.6599 2.858 -13.6598 -2.2603 7 -17.171

5 24 0 4.824 -15.868 -2.0708 4.824 -15.7315 -1.8455 2.858 -14.0204 0 7 -17.32

5 24 2.0708 4.824 -15.7315 0 4.824 -15.868 0 2.858 -14.142 2.2603 7 -17.171

5 24 4.1066 4.824 -15.3269 2.0708 4.824 -15.7315 1.8455 2.858 -14.0204 4.4824 7 -16.7294

5 24 6.0727 4.824 -14.6604 4.1066 4.824 -15.3269 3.6599 2.858 -13.6598 6.6284 7 -16.0019

5 24 7.934 4.824 -13.7417 6.0727 4.824 -14.6604 5.4121 2.858 -13.0658 8.66 7 -14.9991

5 24 9.6604 4.824 -12.5897 7.934 4.824 -13.7417 7.071 2.858 -12.247 10.5444 7 -13.7417

5 24 11.2203 4.824 -11.2203 9.6604 4.824 -12.5897 8.6096 2.858 -11.2203 12.247 7 -12.247

5 24 12.5897 4.824 -9.6604 11.2203 4.824 -11.2203 9.9998 2.858 -9.9998 13.7417 7 -10.5444

5 24 13.7417 4.824 -7.934 12.5897 4.824 -9.6604 11.2203 2.858 -8.6096 14.9991 7 -8.66

5 24 14.6604 4.824 -6.0727 13.7417 4.824 -7.934 12.247 2.858 -7.071 16.0019 7 -6.6284

5 24 15.3269 4.824 -4.1066 14.6604 4.824 -6.0727 13.0658 2.858 -5.4121 16.7294 7 -4.4824

5 24 15.7315 4.824 -2.0708 15.3269 4.824 -4.1066 13.6598 2.858 -3.6599 17.171 7 -2.2603

5 24 15.868 4.824 0 15.7315 4.824 -2.0708 14.0204 2.858 -1.8455 17.32 7 0

0 // Fifth cone

5 24 17.32 7 0 18.478 9.346 0 17.171 7 -2.2603 17.171 7 2.2603

5 24 17.171 7 2.2603 18.3191 9.346 2.4114 17.32 7 0 16.7294 7 4.4824

5 24 16.7294 7 4.4824 17.8479 9.346 4.7821 17.171 7 2.2603 16.0019 7 6.6284

5 24 16.0019 7 6.6284 17.0718 9.346 7.0715 16.7294 7 4.4824 14.9991 7 8.66

5 24 14.9991 7 8.66 16.0019 9.346 9.239 16.0019 7 6.6284 13.7417 7 10.5444

5 24 13.7417 7 10.5444 14.6604 9.346 11.2494 14.9991 7 8.66 12.247 7 12.247

5 24 12.247 7 12.247 13.0658 9.346 13.0658 13.7417 7 10.5444 10.5444 7 13.7417

5 24 10.5444 7 13.7417 11.2494 9.346 14.6604 12.247 7 12.247 8.66 7 14.9991

5 24 8.66 7 14.9991 9.239 9.346 16.0019 10.5444 7 13.7417 6.6284 7 16.0019

5 24 6.6284 7 16.0019 7.0715 9.346 17.0718 8.66 7 14.9991 4.4824 7 16.7294

5 24 4.4824 7 16.7294 4.7821 9.346 17.8479 6.6284 7 16.0019 2.2603 7 17.171

5 24 2.2603 7 17.171 2.4114 9.346 18.3191 4.4824 7 16.7294 0 7 17.32

5 24 0 7 17.32 0 9.346 18.478 2.2603 7 17.171 -2.2603 7 17.171

5 24 -2.2603 7 17.171 -2.4114 9.346 18.3191 0 7 17.32 -4.4824 7 16.7294

5 24 -4.4824 7 16.7294 -4.7821 9.346 17.8479 -2.2603 7 17.171 -6.6284 7 16.0019

5 24 -6.6284 7 16.0019 -7.0715 9.346 17.0718 -4.4824 7 16.7294 -8.66 7 14.9991

5 24 -8.66 7 14.9991 -9.239 9.346 16.0019 -6.6284 7 16.0019 -10.5444 7 13.7417

5 24 -10.5444 7 13.7417 -11.2494 9.346 14.6604 -8.66 7 14.9991 -12.247 7 12.247

5 24 -12.247 7 12.247 -13.0658 9.346 13.0658 -10.5444 7 13.7417 -13.7417 7 10.5444

5 24 -13.7417 7 10.5444 -14.6604 9.346 11.2494 -12.247 7 12.247 -14.9991 7 8.66

5 24 -14.9991 7 8.66 -16.0019 9.346 9.239 -13.7417 7 10.5444 -16.0019 7 6.6284

5 24 -16.0019 7 6.6284 -17.0718 9.346 7.0715 -14.9991 7 8.66 -16.7294 7 4.4824

5 24 -16.7294 7 4.4824 -17.8479 9.346 4.7821 -16.0019 7 6.6284 -17.171 7 2.2603

5 24 -17.171 7 2.2603 -18.3191 9.346 2.4114 -16.7294 7 4.4824 -17.32 7 0

5 24 -17.32 7 0 -18.478 9.346 0 -17.171 7 2.2603 -17.171 7 -2.2603

5 24 -17.171 7 -2.2603 -18.3191 9.346 -2.4114 -17.32 7 0 -16.7294 7 -4.4824

5 24 -16.7294 7 -4.4824 -17.8479 9.346 -4.7821 -17.171 7 -2.2603 -16.0019 7 -6.6284

5 24 -16.0019 7 -6.6284 -17.0718 9.346 -7.0715 -16.7294 7 -4.4824 -14.9991 7 -8.66

5 24 -14.9991 7 -8.66 -16.0019 9.346 -9.239 -16.0019 7 -6.6284 -13.7417 7 -10.5444

5 24 -13.7417 7 -10.5444 -14.6604 9.346 -11.2494 -14.9991 7 -8.66 -12.247 7 -12.247

5 24 -12.247 7 -12.247 -13.0658 9.346 -13.0658 -13.7417 7 -10.5444 -10.5444 7 -13.7417

5 24 -10.5444 7 -13.7417 -11.2494 9.346 -14.6604 -12.247 7 -12.247 -8.66 7 -14.9991

5 24 -8.66 7 -14.9991 -9.239 9.346 -16.0019 -10.5444 7 -13.7417 -6.6284 7 -16.0019

5 24 -6.6284 7 -16.0019 -7.0715 9.346 -17.0718 -8.66 7 -14.9991 -4.4824 7 -16.7294

5 24 -4.4824 7 -16.7294 -4.7821 9.346 -17.8479 -6.6284 7 -16.0019 -2.2603 7 -17.171

5 24 -2.2603 7 -17.171 -2.4114 9.346 -18.3191 -4.4824 7 -16.7294 0 7 -17.32

5 24 0 7 -17.32 0 9.346 -18.478 -2.2603 7 -17.171 2.2603 7 -17.171

5 24 2.2603 7 -17.171 2.4114 9.346 -18.3191 0 7 -17.32 4.4824 7 -16.7294

5 24 4.4824 7 -16.7294 4.7821 9.346 -17.8479 2.2603 7 -17.171 6.6284 7 -16.0019

5 24 6.6284 7 -16.0019 7.0715 9.346 -17.0718 4.4824 7 -16.7294 8.66 7 -14.9991

5 24 8.66 7 -14.9991 9.239 9.346 -16.0019 6.6284 7 -16.0019 10.5444 7 -13.7417

5 24 10.5444 7 -13.7417 11.2494 9.346 -14.6604 8.66 7 -14.9991 12.247 7 -12.247

5 24 12.247 7 -12.247 13.0658 9.346 -13.0658 10.5444 7 -13.7417 13.7417 7 -10.5444

5 24 13.7417 7 -10.5444 14.6604 9.346 -11.2494 12.247 7 -12.247 14.9991 7 -8.66

5 24 14.9991 7 -8.66 16.0019 9.346 -9.239 13.7417 7 -10.5444 16.0019 7 -6.6284

5 24 16.0019 7 -6.6284 17.0718 9.346 -7.0715 14.9991 7 -8.66 16.7294 7 -4.4824

5 24 16.7294 7 -4.4824 17.8479 9.346 -4.7821 16.0019 7 -6.6284 17.171 7 -2.2603

5 24 17.171 7 -2.2603 18.3191 9.346 -2.4114 16.7294 7 -4.4824 17.32 7 0

5 24 17.171 7 2.2603 17.32 7 0 15.868 4.824 0 18.3191 9.346 2.4114

5 24 16.7294 7 4.4824 17.171 7 2.2603 15.7315 4.824 2.0708 17.8479 9.346 4.7821

5 24 16.0019 7 6.6284 16.7294 7 4.4824 15.3269 4.824 4.1066 17.0718 9.346 7.0715

5 24 14.9991 7 8.66 16.0019 7 6.6284 14.6604 4.824 6.0727 16.0019 9.346 9.239

5 24 13.7417 7 10.5444 14.9991 7 8.66 13.7417 4.824 7.934 14.6604 9.346 11.2494

5 24 12.247 7 12.247 13.7417 7 10.5444 12.5897 4.824 9.6604 13.0658 9.346 13.0658

5 24 10.5444 7 13.7417 12.247 7 12.247 11.2203 4.824 11.2203 11.2494 9.346 14.6604

5 24 8.66 7 14.9991 10.5444 7 13.7417 9.6604 4.824 12.5897 9.239 9.346 16.0019

5 24 6.6284 7 16.0019 8.66 7 14.9991 7.934 4.824 13.7417 7.0715 9.346 17.0718

5 24 4.4824 7 16.7294 6.6284 7 16.0019 6.0727 4.824 14.6604 4.7821 9.346 17.8479

5 24 2.2603 7 17.171 4.4824 7 16.7294 4.1066 4.824 15.3269 2.4114 9.346 18.3191

5 24 0 7 17.32 2.2603 7 17.171 2.0708 4.824 15.7315 0 9.346 18.478

5 24 -2.2603 7 17.171 0 7 17.32 0 4.824 15.868 -2.4114 9.346 18.3191

5 24 -4.4824 7 16.7294 -2.2603 7 17.171 -2.0708 4.824 15.7315 -4.7821 9.346 17.8479

5 24 -6.6284 7 16.0019 -4.4824 7 16.7294 -4.1066 4.824 15.3269 -7.0715 9.346 17.0718

5 24 -8.66 7 14.9991 -6.6284 7 16.0019 -6.0727 4.824 14.6604 -9.239 9.346 16.0019

5 24 -10.5444 7 13.7417 -8.66 7 14.9991 -7.934 4.824 13.7417 -11.2494 9.346 14.6604

5 24 -12.247 7 12.247 -10.5444 7 13.7417 -9.6604 4.824 12.5897 -13.0658 9.346 13.0658

5 24 -13.7417 7 10.5444 -12.247 7 12.247 -11.2203 4.824 11.2203 -14.6604 9.346 11.2494

5 24 -14.9991 7 8.66 -13.7417 7 10.5444 -12.5897 4.824 9.6604 -16.0019 9.346 9.239

5 24 -16.0019 7 6.6284 -14.9991 7 8.66 -13.7417 4.824 7.934 -17.0718 9.346 7.0715

5 24 -16.7294 7 4.4824 -16.0019 7 6.6284 -14.6604 4.824 6.0727 -17.8479 9.346 4.7821

5 24 -17.171 7 2.2603 -16.7294 7 4.4824 -15.3269 4.824 4.1066 -18.3191 9.346 2.4114

5 24 -17.32 7 0 -17.171 7 2.2603 -15.7315 4.824 2.0708 -18.478 9.346 0

5 24 -17.171 7 -2.2603 -17.32 7 0 -15.868 4.824 0 -18.3191 9.346 -2.4114

5 24 -16.7294 7 -4.4824 -17.171 7 -2.2603 -15.7315 4.824 -2.0708 -17.8479 9.346 -4.7821

5 24 -16.0019 7 -6.6284 -16.7294 7 -4.4824 -15.3269 4.824 -4.1066 -17.0718 9.346 -7.0715

5 24 -14.9991 7 -8.66 -16.0019 7 -6.6284 -14.6604 4.824 -6.0727 -16.0019 9.346 -9.239

5 24 -13.7417 7 -10.5444 -14.9991 7 -8.66 -13.7417 4.824 -7.934 -14.6604 9.346 -11.2494

5 24 -12.247 7 -12.247 -13.7417 7 -10.5444 -12.5897 4.824 -9.6604 -13.0658 9.346 -13.0658

5 24 -10.5444 7 -13.7417 -12.247 7 -12.247 -11.2203 4.824 -11.2203 -11.2494 9.346 -14.6604

5 24 -8.66 7 -14.9991 -10.5444 7 -13.7417 -9.6604 4.824 -12.5897 -9.239 9.346 -16.0019

5 24 -6.6284 7 -16.0019 -8.66 7 -14.9991 -7.934 4.824 -13.7417 -7.0715 9.346 -17.0718

5 24 -4.4824 7 -16.7294 -6.6284 7 -16.0019 -6.0727 4.824 -14.6604 -4.7821 9.346 -17.8479

5 24 -2.2603 7 -17.171 -4.4824 7 -16.7294 -4.1066 4.824 -15.3269 -2.4114 9.346 -18.3191

5 24 0 7 -17.32 -2.2603 7 -17.171 -2.0708 4.824 -15.7315 0 9.346 -18.478

5 24 2.2603 7 -17.171 0 7 -17.32 0 4.824 -15.868 2.4114 9.346 -18.3191

5 24 4.4824 7 -16.7294 2.2603 7 -17.171 2.0708 4.824 -15.7315 4.7821 9.346 -17.8479

5 24 6.6284 7 -16.0019 4.4824 7 -16.7294 4.1066 4.824 -15.3269 7.0715 9.346 -17.0718

5 24 8.66 7 -14.9991 6.6284 7 -16.0019 6.0727 4.824 -14.6604 9.239 9.346 -16.0019

5 24 10.5444 7 -13.7417 8.66 7 -14.9991 7.934 4.824 -13.7417 11.2494 9.346 -14.6604

5 24 12.247 7 -12.247 10.5444 7 -13.7417 9.6604 4.824 -12.5897 13.0658 9.346 -13.0658

5 24 13.7417 7 -10.5444 12.247 7 -12.247 11.2203 4.824 -11.2203 14.6604 9.346 -11.2494

5 24 14.9991 7 -8.66 13.7417 7 -10.5444 12.5897 4.824 -9.6604 16.0019 9.346 -9.239

5 24 16.0019 7 -6.6284 14.9991 7 -8.66 13.7417 4.824 -7.934 17.0718 9.346 -7.0715

5 24 16.7294 7 -4.4824 16.0019 7 -6.6284 14.6604 4.824 -6.0727 17.8479 9.346 -4.7821

5 24 17.171 7 -2.2603 16.7294 7 -4.4824 15.3269 4.824 -4.1066 18.3191 9.346 -2.4114

5 24 17.32 7 0 17.171 7 -2.2603 15.7315 4.824 -2.0708 18.478 9.346 0

0 // Sixth cone

5 24 18.478 9.346 0 19.318 11.824 0 18.3191 9.346 -2.4114 18.3191 9.346 2.4114

5 24 18.3191 9.346 2.4114 19.1519 11.824 2.521 18.478 9.346 0 17.8479 9.346 4.7821

5 24 17.8479 9.346 4.7821 18.6593 11.824 4.9995 18.3191 9.346 2.4114 17.0718 9.346 7.0715

5 24 17.0718 9.346 7.0715 17.8479 11.824 7.393 17.8479 9.346 4.7821 16.0019 9.346 9.239

5 24 16.0019 9.346 9.239 16.7294 11.824 9.659 17.0718 9.346 7.0715 14.6604 9.346 11.2494

5 24 14.6604 9.346 11.2494 15.3269 11.824 11.7608 16.0019 9.346 9.239 13.0658 9.346 13.0658

5 24 13.0658 9.346 13.0658 13.6598 11.824 13.6598 14.6604 9.346 11.2494 11.2494 9.346 14.6604

5 24 11.2494 9.346 14.6604 11.7608 11.824 15.3269 13.0658 9.346 13.0658 9.239 9.346 16.0019

5 24 9.239 9.346 16.0019 9.659 11.824 16.7294 11.2494 9.346 14.6604 7.0715 9.346 17.0718

5 24 7.0715 9.346 17.0718 7.393 11.824 17.8479 9.239 9.346 16.0019 4.7821 9.346 17.8479

5 24 4.7821 9.346 17.8479 4.9995 11.824 18.6593 7.0715 9.346 17.0718 2.4114 9.346 18.3191

5 24 2.4114 9.346 18.3191 2.521 11.824 19.1519 4.7821 9.346 17.8479 0 9.346 18.478

5 24 0 9.346 18.478 0 11.824 19.318 2.4114 9.346 18.3191 -2.4114 9.346 18.3191

5 24 -2.4114 9.346 18.3191 -2.521 11.824 19.1519 0 9.346 18.478 -4.7821 9.346 17.8479

5 24 -4.7821 9.346 17.8479 -4.9995 11.824 18.6593 -2.4114 9.346 18.3191 -7.0715 9.346 17.0718

5 24 -7.0715 9.346 17.0718 -7.393 11.824 17.8479 -4.7821 9.346 17.8479 -9.239 9.346 16.0019

5 24 -9.239 9.346 16.0019 -9.659 11.824 16.7294 -7.0715 9.346 17.0718 -11.2494 9.346 14.6604

5 24 -11.2494 9.346 14.6604 -11.7608 11.824 15.3269 -9.239 9.346 16.0019 -13.0658 9.346 13.0658

5 24 -13.0658 9.346 13.0658 -13.6598 11.824 13.6598 -11.2494 9.346 14.6604 -14.6604 9.346 11.2494

5 24 -14.6604 9.346 11.2494 -15.3269 11.824 11.7608 -13.0658 9.346 13.0658 -16.0019 9.346 9.239

5 24 -16.0019 9.346 9.239 -16.7294 11.824 9.659 -14.6604 9.346 11.2494 -17.0718 9.346 7.0715

5 24 -17.0718 9.346 7.0715 -17.8479 11.824 7.393 -16.0019 9.346 9.239 -17.8479 9.346 4.7821

5 24 -17.8479 9.346 4.7821 -18.6593 11.824 4.9995 -17.0718 9.346 7.0715 -18.3191 9.346 2.4114

5 24 -18.3191 9.346 2.4114 -19.1519 11.824 2.521 -17.8479 9.346 4.7821 -18.478 9.346 0

5 24 -18.478 9.346 0 -19.318 11.824 0 -18.3191 9.346 2.4114 -18.3191 9.346 -2.4114

5 24 -18.3191 9.346 -2.4114 -19.1519 11.824 -2.521 -18.478 9.346 0 -17.8479 9.346 -4.7821

5 24 -17.8479 9.346 -4.7821 -18.6593 11.824 -4.9995 -18.3191 9.346 -2.4114 -17.0718 9.346 -7.0715

5 24 -17.0718 9.346 -7.0715 -17.8479 11.824 -7.393 -17.8479 9.346 -4.7821 -16.0019 9.346 -9.239

5 24 -16.0019 9.346 -9.239 -16.7294 11.824 -9.659 -17.0718 9.346 -7.0715 -14.6604 9.346 -11.2494

5 24 -14.6604 9.346 -11.2494 -15.3269 11.824 -11.7608 -16.0019 9.346 -9.239 -13.0658 9.346 -13.0658

5 24 -13.0658 9.346 -13.0658 -13.6598 11.824 -13.6598 -14.6604 9.346 -11.2494 -11.2494 9.346 -14.6604

5 24 -11.2494 9.346 -14.6604 -11.7608 11.824 -15.3269 -13.0658 9.346 -13.0658 -9.239 9.346 -16.0019

5 24 -9.239 9.346 -16.0019 -9.659 11.824 -16.7294 -11.2494 9.346 -14.6604 -7.0715 9.346 -17.0718

5 24 -7.0715 9.346 -17.0718 -7.393 11.824 -17.8479 -9.239 9.346 -16.0019 -4.7821 9.346 -17.8479

5 24 -4.7821 9.346 -17.8479 -4.9995 11.824 -18.6593 -7.0715 9.346 -17.0718 -2.4114 9.346 -18.3191

5 24 -2.4114 9.346 -18.3191 -2.521 11.824 -19.1519 -4.7821 9.346 -17.8479 0 9.346 -18.478

5 24 0 9.346 -18.478 0 11.824 -19.318 -2.4114 9.346 -18.3191 2.4114 9.346 -18.3191

5 24 2.4114 9.346 -18.3191 2.521 11.824 -19.1519 0 9.346 -18.478 4.7821 9.346 -17.8479

5 24 4.7821 9.346 -17.8479 4.9995 11.824 -18.6593 2.4114 9.346 -18.3191 7.0715 9.346 -17.0718

5 24 7.0715 9.346 -17.0718 7.393 11.824 -17.8479 4.7821 9.346 -17.8479 9.239 9.346 -16.0019

5 24 9.239 9.346 -16.0019 9.659 11.824 -16.7294 7.0715 9.346 -17.0718 11.2494 9.346 -14.6604

5 24 11.2494 9.346 -14.6604 11.7608 11.824 -15.3269 9.239 9.346 -16.0019 13.0658 9.346 -13.0658

5 24 13.0658 9.346 -13.0658 13.6598 11.824 -13.6598 11.2494 9.346 -14.6604 14.6604 9.346 -11.2494

5 24 14.6604 9.346 -11.2494 15.3269 11.824 -11.7608 13.0658 9.346 -13.0658 16.0019 9.346 -9.239

5 24 16.0019 9.346 -9.239 16.7294 11.824 -9.659 14.6604 9.346 -11.2494 17.0718 9.346 -7.0715

5 24 17.0718 9.346 -7.0715 17.8479 11.824 -7.393 16.0019 9.346 -9.239 17.8479 9.346 -4.7821

5 24 17.8479 9.346 -4.7821 18.6593 11.824 -4.9995 17.0718 9.346 -7.0715 18.3191 9.346 -2.4114

5 24 18.3191 9.346 -2.4114 19.1519 11.824 -2.521 17.8479 9.346 -4.7821 18.478 9.346 0

5 24 18.3191 9.346 2.4114 18.478 9.346 0 17.32 7 0 19.1519 11.824 2.521

5 24 17.8479 9.346 4.7821 18.3191 9.346 2.4114 17.171 7 2.2603 18.6593 11.824 4.9995

5 24 17.0718 9.346 7.0715 17.8479 9.346 4.7821 16.7294 7 4.4824 17.8479 11.824 7.393

5 24 16.0019 9.346 9.239 17.0718 9.346 7.0715 16.0019 7 6.6284 16.7294 11.824 9.659

5 24 14.6604 9.346 11.2494 16.0019 9.346 9.239 14.9991 7 8.66 15.3269 11.824 11.7608

5 24 13.0658 9.346 13.0658 14.6604 9.346 11.2494 13.7417 7 10.5444 13.6598 11.824 13.6598

5 24 11.2494 9.346 14.6604 13.0658 9.346 13.0658 12.247 7 12.247 11.7608 11.824 15.3269

5 24 9.239 9.346 16.0019 11.2494 9.346 14.6604 10.5444 7 13.7417 9.659 11.824 16.7294

5 24 7.0715 9.346 17.0718 9.239 9.346 16.0019 8.66 7 14.9991 7.393 11.824 17.8479

5 24 4.7821 9.346 17.8479 7.0715 9.346 17.0718 6.6284 7 16.0019 4.9995 11.824 18.6593

5 24 2.4114 9.346 18.3191 4.7821 9.346 17.8479 4.4824 7 16.7294 2.521 11.824 19.1519

5 24 0 9.346 18.478 2.4114 9.346 18.3191 2.2603 7 17.171 0 11.824 19.318

5 24 -2.4114 9.346 18.3191 0 9.346 18.478 0 7 17.32 -2.521 11.824 19.1519

5 24 -4.7821 9.346 17.8479 -2.4114 9.346 18.3191 -2.2603 7 17.171 -4.9995 11.824 18.6593

5 24 -7.0715 9.346 17.0718 -4.7821 9.346 17.8479 -4.4824 7 16.7294 -7.393 11.824 17.8479

5 24 -9.239 9.346 16.0019 -7.0715 9.346 17.0718 -6.6284 7 16.0019 -9.659 11.824 16.7294

5 24 -11.2494 9.346 14.6604 -9.239 9.346 16.0019 -8.66 7 14.9991 -11.7608 11.824 15.3269

5 24 -13.0658 9.346 13.0658 -11.2494 9.346 14.6604 -10.5444 7 13.7417 -13.6598 11.824 13.6598

5 24 -14.6604 9.346 11.2494 -13.0658 9.346 13.0658 -12.247 7 12.247 -15.3269 11.824 11.7608

5 24 -16.0019 9.346 9.239 -14.6604 9.346 11.2494 -13.7417 7 10.5444 -16.7294 11.824 9.659

5 24 -17.0718 9.346 7.0715 -16.0019 9.346 9.239 -14.9991 7 8.66 -17.8479 11.824 7.393

5 24 -17.8479 9.346 4.7821 -17.0718 9.346 7.0715 -16.0019 7 6.6284 -18.6593 11.824 4.9995

5 24 -18.3191 9.346 2.4114 -17.8479 9.346 4.7821 -16.7294 7 4.4824 -19.1519 11.824 2.521

5 24 -18.478 9.346 0 -18.3191 9.346 2.4114 -17.171 7 2.2603 -19.318 11.824 0

5 24 -18.3191 9.346 -2.4114 -18.478 9.346 0 -17.32 7 0 -19.1519 11.824 -2.521

5 24 -17.8479 9.346 -4.7821 -18.3191 9.346 -2.4114 -17.171 7 -2.2603 -18.6593 11.824 -4.9995

5 24 -17.0718 9.346 -7.0715 -17.8479 9.346 -4.7821 -16.7294 7 -4.4824 -17.8479 11.824 -7.393

5 24 -16.0019 9.346 -9.239 -17.0718 9.346 -7.0715 -16.0019 7 -6.6284 -16.7294 11.824 -9.659

5 24 -14.6604 9.346 -11.2494 -16.0019 9.346 -9.239 -14.9991 7 -8.66 -15.3269 11.824 -11.7608

5 24 -13.0658 9.346 -13.0658 -14.6604 9.346 -11.2494 -13.7417 7 -10.5444 -13.6598 11.824 -13.6598

5 24 -11.2494 9.346 -14.6604 -13.0658 9.346 -13.0658 -12.247 7 -12.247 -11.7608 11.824 -15.3269

5 24 -9.239 9.346 -16.0019 -11.2494 9.346 -14.6604 -10.5444 7 -13.7417 -9.659 11.824 -16.7294

5 24 -7.0715 9.346 -17.0718 -9.239 9.346 -16.0019 -8.66 7 -14.9991 -7.393 11.824 -17.8479

5 24 -4.7821 9.346 -17.8479 -7.0715 9.346 -17.0718 -6.6284 7 -16.0019 -4.9995 11.824 -18.6593

5 24 -2.4114 9.346 -18.3191 -4.7821 9.346 -17.8479 -4.4824 7 -16.7294 -2.521 11.824 -19.1519

5 24 0 9.346 -18.478 -2.4114 9.346 -18.3191 -2.2603 7 -17.171 0 11.824 -19.318

5 24 2.4114 9.346 -18.3191 0 9.346 -18.478 0 7 -17.32 2.521 11.824 -19.1519

5 24 4.7821 9.346 -17.8479 2.4114 9.346 -18.3191 2.2603 7 -17.171 4.9995 11.824 -18.6593

5 24 7.0715 9.346 -17.0718 4.7821 9.346 -17.8479 4.4824 7 -16.7294 7.393 11.824 -17.8479

5 24 9.239 9.346 -16.0019 7.0715 9.346 -17.0718 6.6284 7 -16.0019 9.659 11.824 -16.7294

5 24 11.2494 9.346 -14.6604 9.239 9.346 -16.0019 8.66 7 -14.9991 11.7608 11.824 -15.3269

5 24 13.0658 9.346 -13.0658 11.2494 9.346 -14.6604 10.5444 7 -13.7417 13.6598 11.824 -13.6598

5 24 14.6604 9.346 -11.2494 13.0658 9.346 -13.0658 12.247 7 -12.247 15.3269 11.824 -11.7608

5 24 16.0019 9.346 -9.239 14.6604 9.346 -11.2494 13.7417 7 -10.5444 16.7294 11.824 -9.659

5 24 17.0718 9.346 -7.0715 16.0019 9.346 -9.239 14.9991 7 -8.66 17.8479 11.824 -7.393

5 24 17.8479 9.346 -4.7821 17.0718 9.346 -7.0715 16.0019 7 -6.6284 18.6593 11.824 -4.9995

5 24 18.3191 9.346 -2.4114 17.8479 9.346 -4.7821 16.7294 7 -4.4824 19.1519 11.824 -2.521

5 24 18.478 9.346 0 18.3191 9.346 -2.4114 17.171 7 -2.2603 19.318 11.824 0

0 // Seventh cone

5 24 19.318 11.824 0 19.828 14.39 0 19.1519 11.824 -2.521 19.1519 11.824 2.521

5 24 19.1519 11.824 2.521 19.6575 14.39 2.5876 19.318 11.824 0 18.6593 11.824 4.9995

5 24 18.6593 11.824 4.9995 19.1519 14.39 5.1315 19.1519 11.824 2.521 17.8479 11.824 7.393

5 24 17.8479 11.824 7.393 18.3191 14.39 7.5882 18.6593 11.824 4.9995 16.7294 11.824 9.659

5 24 16.7294 11.824 9.659 17.171 14.39 9.914 17.8479 11.824 7.393 15.3269 11.824 11.7608

5 24 15.3269 11.824 11.7608 15.7315 14.39 12.0713 16.7294 11.824 9.659 13.6598 11.824 13.6598

5 24 13.6598 11.824 13.6598 14.0204 14.39 14.0204 15.3269 11.824 11.7608 11.7608 11.824 15.3269

5 24 11.7608 11.824 15.3269 12.0713 14.39 15.7315 13.6598 11.824 13.6598 9.659 11.824 16.7294

5 24 9.659 11.824 16.7294 9.914 14.39 17.171 11.7608 11.824 15.3269 7.393 11.824 17.8479

5 24 7.393 11.824 17.8479 7.5882 14.39 18.3191 9.659 11.824 16.7294 4.9995 11.824 18.6593

5 24 4.9995 11.824 18.6593 5.1315 14.39 19.1519 7.393 11.824 17.8479 2.521 11.824 19.1519

5 24 2.521 11.824 19.1519 2.5876 14.39 19.6575 4.9995 11.824 18.6593 0 11.824 19.318

5 24 0 11.824 19.318 0 14.39 19.828 2.521 11.824 19.1519 -2.521 11.824 19.1519

5 24 -2.521 11.824 19.1519 -2.5876 14.39 19.6575 0 11.824 19.318 -4.9995 11.824 18.6593

5 24 -4.9995 11.824 18.6593 -5.1315 14.39 19.1519 -2.521 11.824 19.1519 -7.393 11.824 17.8479

5 24 -7.393 11.824 17.8479 -7.5882 14.39 18.3191 -4.9995 11.824 18.6593 -9.659 11.824 16.7294

5 24 -9.659 11.824 16.7294 -9.914 14.39 17.171 -7.393 11.824 17.8479 -11.7608 11.824 15.3269

5 24 -11.7608 11.824 15.3269 -12.0713 14.39 15.7315 -9.659 11.824 16.7294 -13.6598 11.824 13.6598

5 24 -13.6598 11.824 13.6598 -14.0204 14.39 14.0204 -11.7608 11.824 15.3269 -15.3269 11.824 11.7608

5 24 -15.3269 11.824 11.7608 -15.7315 14.39 12.0713 -13.6598 11.824 13.6598 -16.7294 11.824 9.659

5 24 -16.7294 11.824 9.659 -17.171 14.39 9.914 -15.3269 11.824 11.7608 -17.8479 11.824 7.393

5 24 -17.8479 11.824 7.393 -18.3191 14.39 7.5882 -16.7294 11.824 9.659 -18.6593 11.824 4.9995

5 24 -18.6593 11.824 4.9995 -19.1519 14.39 5.1315 -17.8479 11.824 7.393 -19.1519 11.824 2.521

5 24 -19.1519 11.824 2.521 -19.6575 14.39 2.5876 -18.6593 11.824 4.9995 -19.318 11.824 0

5 24 -19.318 11.824 0 -19.828 14.39 0 -19.1519 11.824 2.521 -19.1519 11.824 -2.521

5 24 -19.1519 11.824 -2.521 -19.6575 14.39 -2.5876 -19.318 11.824 0 -18.6593 11.824 -4.9995

5 24 -18.6593 11.824 -4.9995 -19.1519 14.39 -5.1315 -19.1519 11.824 -2.521 -17.8479 11.824 -7.393

5 24 -17.8479 11.824 -7.393 -18.3191 14.39 -7.5882 -18.6593 11.824 -4.9995 -16.7294 11.824 -9.659

5 24 -16.7294 11.824 -9.659 -17.171 14.39 -9.914 -17.8479 11.824 -7.393 -15.3269 11.824 -11.7608

5 24 -15.3269 11.824 -11.7608 -15.7315 14.39 -12.0713 -16.7294 11.824 -9.659 -13.6598 11.824 -13.6598

5 24 -13.6598 11.824 -13.6598 -14.0204 14.39 -14.0204 -15.3269 11.824 -11.7608 -11.7608 11.824 -15.3269

5 24 -11.7608 11.824 -15.3269 -12.0713 14.39 -15.7315 -13.6598 11.824 -13.6598 -9.659 11.824 -16.7294

5 24 -9.659 11.824 -16.7294 -9.914 14.39 -17.171 -11.7608 11.824 -15.3269 -7.393 11.824 -17.8479

5 24 -7.393 11.824 -17.8479 -7.5882 14.39 -18.3191 -9.659 11.824 -16.7294 -4.9995 11.824 -18.6593

5 24 -4.9995 11.824 -18.6593 -5.1315 14.39 -19.1519 -7.393 11.824 -17.8479 -2.521 11.824 -19.1519

5 24 -2.521 11.824 -19.1519 -2.5876 14.39 -19.6575 -4.9995 11.824 -18.6593 0 11.824 -19.318

5 24 0 11.824 -19.318 0 14.39 -19.828 -2.521 11.824 -19.1519 2.521 11.824 -19.1519

5 24 2.521 11.824 -19.1519 2.5876 14.39 -19.6575 0 11.824 -19.318 4.9995 11.824 -18.6593

5 24 4.9995 11.824 -18.6593 5.1315 14.39 -19.1519 2.521 11.824 -19.1519 7.393 11.824 -17.8479

5 24 7.393 11.824 -17.8479 7.5882 14.39 -18.3191 4.9995 11.824 -18.6593 9.659 11.824 -16.7294

5 24 9.659 11.824 -16.7294 9.914 14.39 -17.171 7.393 11.824 -17.8479 11.7608 11.824 -15.3269

5 24 11.7608 11.824 -15.3269 12.0713 14.39 -15.7315 9.659 11.824 -16.7294 13.6598 11.824 -13.6598

5 24 13.6598 11.824 -13.6598 14.0204 14.39 -14.0204 11.7608 11.824 -15.3269 15.3269 11.824 -11.7608

5 24 15.3269 11.824 -11.7608 15.7315 14.39 -12.0713 13.6598 11.824 -13.6598 16.7294 11.824 -9.659

5 24 16.7294 11.824 -9.659 17.171 14.39 -9.914 15.3269 11.824 -11.7608 17.8479 11.824 -7.393

5 24 17.8479 11.824 -7.393 18.3191 14.39 -7.5882 16.7294 11.824 -9.659 18.6593 11.824 -4.9995

5 24 18.6593 11.824 -4.9995 19.1519 14.39 -5.1315 17.8479 11.824 -7.393 19.1519 11.824 -2.521

5 24 19.1519 11.824 -2.521 19.6575 14.39 -2.5876 18.6593 11.824 -4.9995 19.318 11.824 0

5 24 19.1519 11.824 2.521 19.318 11.824 0 18.478 9.346 0 19.6575 14.39 2.5876

5 24 18.6593 11.824 4.9995 19.1519 11.824 2.521 18.3191 9.346 2.4114 19.1519 14.39 5.1315

5 24 17.8479 11.824 7.393 18.6593 11.824 4.9995 17.8479 9.346 4.7821 18.3191 14.39 7.5882

5 24 16.7294 11.824 9.659 17.8479 11.824 7.393 17.0718 9.346 7.0715 17.171 14.39 9.914

5 24 15.3269 11.824 11.7608 16.7294 11.824 9.659 16.0019 9.346 9.239 15.7315 14.39 12.0713

5 24 13.6598 11.824 13.6598 15.3269 11.824 11.7608 14.6604 9.346 11.2494 14.0204 14.39 14.0204

5 24 11.7608 11.824 15.3269 13.6598 11.824 13.6598 13.0658 9.346 13.0658 12.0713 14.39 15.7315

5 24 9.659 11.824 16.7294 11.7608 11.824 15.3269 11.2494 9.346 14.6604 9.914 14.39 17.171

5 24 7.393 11.824 17.8479 9.659 11.824 16.7294 9.239 9.346 16.0019 7.5882 14.39 18.3191

5 24 4.9995 11.824 18.6593 7.393 11.824 17.8479 7.0715 9.346 17.0718 5.1315 14.39 19.1519

5 24 2.521 11.824 19.1519 4.9995 11.824 18.6593 4.7821 9.346 17.8479 2.5876 14.39 19.6575

5 24 0 11.824 19.318 2.521 11.824 19.1519 2.4114 9.346 18.3191 0 14.39 19.828

5 24 -2.521 11.824 19.1519 0 11.824 19.318 0 9.346 18.478 -2.5876 14.39 19.6575

5 24 -4.9995 11.824 18.6593 -2.521 11.824 19.1519 -2.4114 9.346 18.3191 -5.1315 14.39 19.1519

5 24 -7.393 11.824 17.8479 -4.9995 11.824 18.6593 -4.7821 9.346 17.8479 -7.5882 14.39 18.3191

5 24 -9.659 11.824 16.7294 -7.393 11.824 17.8479 -7.0715 9.346 17.0718 -9.914 14.39 17.171

5 24 -11.7608 11.824 15.3269 -9.659 11.824 16.7294 -9.239 9.346 16.0019 -12.0713 14.39 15.7315

5 24 -13.6598 11.824 13.6598 -11.7608 11.824 15.3269 -11.2494 9.346 14.6604 -14.0204 14.39 14.0204

5 24 -15.3269 11.824 11.7608 -13.6598 11.824 13.6598 -13.0658 9.346 13.0658 -15.7315 14.39 12.0713

5 24 -16.7294 11.824 9.659 -15.3269 11.824 11.7608 -14.6604 9.346 11.2494 -17.171 14.39 9.914

5 24 -17.8479 11.824 7.393 -16.7294 11.824 9.659 -16.0019 9.346 9.239 -18.3191 14.39 7.5882

5 24 -18.6593 11.824 4.9995 -17.8479 11.824 7.393 -17.0718 9.346 7.0715 -19.1519 14.39 5.1315

5 24 -19.1519 11.824 2.521 -18.6593 11.824 4.9995 -17.8479 9.346 4.7821 -19.6575 14.39 2.5876

5 24 -19.318 11.824 0 -19.1519 11.824 2.521 -18.3191 9.346 2.4114 -19.828 14.39 0

5 24 -19.1519 11.824 -2.521 -19.318 11.824 0 -18.478 9.346 0 -19.6575 14.39 -2.5876

5 24 -18.6593 11.824 -4.9995 -19.1519 11.824 -2.521 -18.3191 9.346 -2.4114 -19.1519 14.39 -5.1315

5 24 -17.8479 11.824 -7.393 -18.6593 11.824 -4.9995 -17.8479 9.346 -4.7821 -18.3191 14.39 -7.5882

5 24 -16.7294 11.824 -9.659 -17.8479 11.824 -7.393 -17.0718 9.346 -7.0715 -17.171 14.39 -9.914

5 24 -15.3269 11.824 -11.7608 -16.7294 11.824 -9.659 -16.0019 9.346 -9.239 -15.7315 14.39 -12.0713

5 24 -13.6598 11.824 -13.6598 -15.3269 11.824 -11.7608 -14.6604 9.346 -11.2494 -14.0204 14.39 -14.0204

5 24 -11.7608 11.824 -15.3269 -13.6598 11.824 -13.6598 -13.0658 9.346 -13.0658 -12.0713 14.39 -15.7315

5 24 -9.659 11.824 -16.7294 -11.7608 11.824 -15.3269 -11.2494 9.346 -14.6604 -9.914 14.39 -17.171

5 24 -7.393 11.824 -17.8479 -9.659 11.824 -16.7294 -9.239 9.346 -16.0019 -7.5882 14.39 -18.3191

5 24 -4.9995 11.824 -18.6593 -7.393 11.824 -17.8479 -7.0715 9.346 -17.0718 -5.1315 14.39 -19.1519

5 24 -2.521 11.824 -19.1519 -4.9995 11.824 -18.6593 -4.7821 9.346 -17.8479 -2.5876 14.39 -19.6575

5 24 0 11.824 -19.318 -2.521 11.824 -19.1519 -2.4114 9.346 -18.3191 0 14.39 -19.828

5 24 2.521 11.824 -19.1519 0 11.824 -19.318 0 9.346 -18.478 2.5876 14.39 -19.6575

5 24 4.9995 11.824 -18.6593 2.521 11.824 -19.1519 2.4114 9.346 -18.3191 5.1315 14.39 -19.1519

5 24 7.393 11.824 -17.8479 4.9995 11.824 -18.6593 4.7821 9.346 -17.8479 7.5882 14.39 -18.3191

5 24 9.659 11.824 -16.7294 7.393 11.824 -17.8479 7.0715 9.346 -17.0718 9.914 14.39 -17.171

5 24 11.7608 11.824 -15.3269 9.659 11.824 -16.7294 9.239 9.346 -16.0019 12.0713 14.39 -15.7315

5 24 13.6598 11.824 -13.6598 11.7608 11.824 -15.3269 11.2494 9.346 -14.6604 14.0204 14.39 -14.0204

5 24 15.3269 11.824 -11.7608 13.6598 11.824 -13.6598 13.0658 9.346 -13.0658 15.7315 14.39 -12.0713

5 24 16.7294 11.824 -9.659 15.3269 11.824 -11.7608 14.6604 9.346 -11.2494 17.171 14.39 -9.914

5 24 17.8479 11.824 -7.393 16.7294 11.824 -9.659 16.0019 9.346 -9.239 18.3191 14.39 -7.5882

5 24 18.6593 11.824 -4.9995 17.8479 11.824 -7.393 17.0718 9.346 -7.0715 19.1519 14.39 -5.1315

5 24 19.1519 11.824 -2.521 18.6593 11.824 -4.9995 17.8479 9.346 -4.7821 19.6575 14.39 -2.5876

5 24 19.318 11.824 0 19.1519 11.824 -2.521 18.3191 9.346 -2.4114 19.828 14.39 0

0 // Eighth cone

5 24 19.828 14.39 0 20 17 0 19.6575 14.39 -2.5876 19.6575 14.39 2.5876

5 24 19.6575 14.39 2.5876 19.828 17 2.61 19.828 14.39 0 19.1519 14.39 5.1315

5 24 19.1519 14.39 5.1315 19.318 17 5.176 19.6575 14.39 2.5876 18.3191 14.39 7.5882

5 24 18.3191 14.39 7.5882 18.478 17 7.654 19.1519 14.39 5.1315 17.171 14.39 9.914

5 24 17.171 14.39 9.914 17.32 17 10 18.3191 14.39 7.5882 15.7315 14.39 12.0713

5 24 15.7315 14.39 12.0713 15.868 17 12.176 17.171 14.39 9.914 14.0204 14.39 14.0204

5 24 14.0204 14.39 14.0204 14.142 17 14.142 15.7315 14.39 12.0713 12.0713 14.39 15.7315

5 24 12.0713 14.39 15.7315 12.176 17 15.868 14.0204 14.39 14.0204 9.914 14.39 17.171

5 24 9.914 14.39 17.171 10 17 17.32 12.0713 14.39 15.7315 7.5882 14.39 18.3191

5 24 7.5882 14.39 18.3191 7.654 17 18.478 9.914 14.39 17.171 5.1315 14.39 19.1519

5 24 5.1315 14.39 19.1519 5.176 17 19.318 7.5882 14.39 18.3191 2.5876 14.39 19.6575

5 24 2.5876 14.39 19.6575 2.61 17 19.828 5.1315 14.39 19.1519 0 14.39 19.828

5 24 0 14.39 19.828 0 17 20 2.5876 14.39 19.6575 -2.5876 14.39 19.6575

5 24 -2.5876 14.39 19.6575 -2.61 17 19.828 0 14.39 19.828 -5.1315 14.39 19.1519

5 24 -5.1315 14.39 19.1519 -5.176 17 19.318 -2.5876 14.39 19.6575 -7.5882 14.39 18.3191

5 24 -7.5882 14.39 18.3191 -7.654 17 18.478 -5.1315 14.39 19.1519 -9.914 14.39 17.171

5 24 -9.914 14.39 17.171 -10 17 17.32 -7.5882 14.39 18.3191 -12.0713 14.39 15.7315

5 24 -12.0713 14.39 15.7315 -12.176 17 15.868 -9.914 14.39 17.171 -14.0204 14.39 14.0204

5 24 -14.0204 14.39 14.0204 -14.142 17 14.142 -12.0713 14.39 15.7315 -15.7315 14.39 12.0713

5 24 -15.7315 14.39 12.0713 -15.868 17 12.176 -14.0204 14.39 14.0204 -17.171 14.39 9.914

5 24 -17.171 14.39 9.914 -17.32 17 10 -15.7315 14.39 12.0713 -18.3191 14.39 7.5882

5 24 -18.3191 14.39 7.5882 -18.478 17 7.654 -17.171 14.39 9.914 -19.1519 14.39 5.1315

5 24 -19.1519 14.39 5.1315 -19.318 17 5.176 -18.3191 14.39 7.5882 -19.6575 14.39 2.5876

5 24 -19.6575 14.39 2.5876 -19.828 17 2.61 -19.1519 14.39 5.1315 -19.828 14.39 0

5 24 -19.828 14.39 0 -20 17 0 -19.6575 14.39 2.5876 -19.6575 14.39 -2.5876

5 24 -19.6575 14.39 -2.5876 -19.828 17 -2.61 -19.828 14.39 0 -19.1519 14.39 -5.1315

5 24 -19.1519 14.39 -5.1315 -19.318 17 -5.176 -19.6575 14.39 -2.5876 -18.3191 14.39 -7.5882

5 24 -18.3191 14.39 -7.5882 -18.478 17 -7.654 -19.1519 14.39 -5.1315 -17.171 14.39 -9.914

5 24 -17.171 14.39 -9.914 -17.32 17 -10 -18.3191 14.39 -7.5882 -15.7315 14.39 -12.0713

5 24 -15.7315 14.39 -12.0713 -15.868 17 -12.176 -17.171 14.39 -9.914 -14.0204 14.39 -14.0204

5 24 -14.0204 14.39 -14.0204 -14.142 17 -14.142 -15.7315 14.39 -12.0713 -12.0713 14.39 -15.7315

5 24 -12.0713 14.39 -15.7315 -12.176 17 -15.868 -14.0204 14.39 -14.0204 -9.914 14.39 -17.171

5 24 -9.914 14.39 -17.171 -10 17 -17.32 -12.0713 14.39 -15.7315 -7.5882 14.39 -18.3191

5 24 -7.5882 14.39 -18.3191 -7.654 17 -18.478 -9.914 14.39 -17.171 -5.1315 14.39 -19.1519

5 24 -5.1315 14.39 -19.1519 -5.176 17 -19.318 -7.5882 14.39 -18.3191 -2.5876 14.39 -19.6575

5 24 -2.5876 14.39 -19.6575 -2.61 17 -19.828 -5.1315 14.39 -19.1519 0 14.39 -19.828

5 24 0 14.39 -19.828 0 17 -20 -2.5876 14.39 -19.6575 2.5876 14.39 -19.6575

5 24 2.5876 14.39 -19.6575 2.61 17 -19.828 0 14.39 -19.828 5.1315 14.39 -19.1519

5 24 5.1315 14.39 -19.1519 5.176 17 -19.318 2.5876 14.39 -19.6575 7.5882 14.39 -18.3191

5 24 7.5882 14.39 -18.3191 7.654 17 -18.478 5.1315 14.39 -19.1519 9.914 14.39 -17.171

5 24 9.914 14.39 -17.171 10 17 -17.32 7.5882 14.39 -18.3191 12.0713 14.39 -15.7315

5 24 12.0713 14.39 -15.7315 12.176 17 -15.868 9.914 14.39 -17.171 14.0204 14.39 -14.0204

5 24 14.0204 14.39 -14.0204 14.142 17 -14.142 12.0713 14.39 -15.7315 15.7315 14.39 -12.0713

5 24 15.7315 14.39 -12.0713 15.868 17 -12.176 14.0204 14.39 -14.0204 17.171 14.39 -9.914

5 24 17.171 14.39 -9.914 17.32 17 -10 15.7315 14.39 -12.0713 18.3191 14.39 -7.5882

5 24 18.3191 14.39 -7.5882 18.478 17 -7.654 17.171 14.39 -9.914 19.1519 14.39 -5.1315

5 24 19.1519 14.39 -5.1315 19.318 17 -5.176 18.3191 14.39 -7.5882 19.6575 14.39 -2.5876

5 24 19.6575 14.39 -2.5876 19.828 17 -2.61 19.1519 14.39 -5.1315 19.828 14.39 0

5 24 19.6575 14.39 2.5876 19.828 14.39 0 19.318 11.824 0 19.828 17 2.61

5 24 19.1519 14.39 5.1315 19.6575 14.39 2.5876 19.1519 11.824 2.521 19.318 17 5.176

5 24 18.3191 14.39 7.5882 19.1519 14.39 5.1315 18.6593 11.824 4.9995 18.478 17 7.654

5 24 17.171 14.39 9.914 18.3191 14.39 7.5882 17.8479 11.824 7.393 17.32 17 10

5 24 15.7315 14.39 12.0713 17.171 14.39 9.914 16.7294 11.824 9.659 15.868 17 12.176

5 24 14.0204 14.39 14.0204 15.7315 14.39 12.0713 15.3269 11.824 11.7608 14.142 17 14.142

5 24 12.0713 14.39 15.7315 14.0204 14.39 14.0204 13.6598 11.824 13.6598 12.176 17 15.868

5 24 9.914 14.39 17.171 12.0713 14.39 15.7315 11.7608 11.824 15.3269 10 17 17.32

5 24 7.5882 14.39 18.3191 9.914 14.39 17.171 9.659 11.824 16.7294 7.654 17 18.478

5 24 5.1315 14.39 19.1519 7.5882 14.39 18.3191 7.393 11.824 17.8479 5.176 17 19.318

5 24 2.5876 14.39 19.6575 5.1315 14.39 19.1519 4.9995 11.824 18.6593 2.61 17 19.828

5 24 0 14.39 19.828 2.5876 14.39 19.6575 2.521 11.824 19.1519 0 17 20

5 24 -2.5876 14.39 19.6575 0 14.39 19.828 0 11.824 19.318 -2.61 17 19.828

5 24 -5.1315 14.39 19.1519 -2.5876 14.39 19.6575 -2.521 11.824 19.1519 -5.176 17 19.318

5 24 -7.5882 14.39 18.3191 -5.1315 14.39 19.1519 -4.9995 11.824 18.6593 -7.654 17 18.478

5 24 -9.914 14.39 17.171 -7.5882 14.39 18.3191 -7.393 11.824 17.8479 -10 17 17.32

5 24 -12.0713 14.39 15.7315 -9.914 14.39 17.171 -9.659 11.824 16.7294 -12.176 17 15.868

5 24 -14.0204 14.39 14.0204 -12.0713 14.39 15.7315 -11.7608 11.824 15.3269 -14.142 17 14.142

5 24 -15.7315 14.39 12.0713 -14.0204 14.39 14.0204 -13.6598 11.824 13.6598 -15.868 17 12.176

5 24 -17.171 14.39 9.914 -15.7315 14.39 12.0713 -15.3269 11.824 11.7608 -17.32 17 10

5 24 -18.3191 14.39 7.5882 -17.171 14.39 9.914 -16.7294 11.824 9.659 -18.478 17 7.654

5 24 -19.1519 14.39 5.1315 -18.3191 14.39 7.5882 -17.8479 11.824 7.393 -19.318 17 5.176

5 24 -19.6575 14.39 2.5876 -19.1519 14.39 5.1315 -18.6593 11.824 4.9995 -19.828 17 2.61

5 24 -19.828 14.39 0 -19.6575 14.39 2.5876 -19.1519 11.824 2.521 -20 17 0

5 24 -19.6575 14.39 -2.5876 -19.828 14.39 0 -19.318 11.824 0 -19.828 17 -2.61

5 24 -19.1519 14.39 -5.1315 -19.6575 14.39 -2.5876 -19.1519 11.824 -2.521 -19.318 17 -5.176

5 24 -18.3191 14.39 -7.5882 -19.1519 14.39 -5.1315 -18.6593 11.824 -4.9995 -18.478 17 -7.654

5 24 -17.171 14.39 -9.914 -18.3191 14.39 -7.5882 -17.8479 11.824 -7.393 -17.32 17 -10

5 24 -15.7315 14.39 -12.0713 -17.171 14.39 -9.914 -16.7294 11.824 -9.659 -15.868 17 -12.176

5 24 -14.0204 14.39 -14.0204 -15.7315 14.39 -12.0713 -15.3269 11.824 -11.7608 -14.142 17 -14.142

5 24 -12.0713 14.39 -15.7315 -14.0204 14.39 -14.0204 -13.6598 11.824 -13.6598 -12.176 17 -15.868

5 24 -9.914 14.39 -17.171 -12.0713 14.39 -15.7315 -11.7608 11.824 -15.3269 -10 17 -17.32

5 24 -7.5882 14.39 -18.3191 -9.914 14.39 -17.171 -9.659 11.824 -16.7294 -7.654 17 -18.478

5 24 -5.1315 14.39 -19.1519 -7.5882 14.39 -18.3191 -7.393 11.824 -17.8479 -5.176 17 -19.318

5 24 -2.5876 14.39 -19.6575 -5.1315 14.39 -19.1519 -4.9995 11.824 -18.6593 -2.61 17 -19.828

5 24 0 14.39 -19.828 -2.5876 14.39 -19.6575 -2.521 11.824 -19.1519 0 17 -20

5 24 2.5876 14.39 -19.6575 0 14.39 -19.828 0 11.824 -19.318 2.61 17 -19.828

5 24 5.1315 14.39 -19.1519 2.5876 14.39 -19.6575 2.521 11.824 -19.1519 5.176 17 -19.318

5 24 7.5882 14.39 -18.3191 5.1315 14.39 -19.1519 4.9995 11.824 -18.6593 7.654 17 -18.478

5 24 9.914 14.39 -17.171 7.5882 14.39 -18.3191 7.393 11.824 -17.8479 10 17 -17.32

5 24 12.0713 14.39 -15.7315 9.914 14.39 -17.171 9.659 11.824 -16.7294 12.176 17 -15.868

5 24 14.0204 14.39 -14.0204 12.0713 14.39 -15.7315 11.7608 11.824 -15.3269 14.142 17 -14.142

5 24 15.7315 14.39 -12.0713 14.0204 14.39 -14.0204 13.6598 11.824 -13.6598 15.868 17 -12.176

5 24 17.171 14.39 -9.914 15.7315 14.39 -12.0713 15.3269 11.824 -11.7608 17.32 17 -10

5 24 18.3191 14.39 -7.5882 17.171 14.39 -9.914 16.7294 11.824 -9.659 18.478 17 -7.654

5 24 19.1519 14.39 -5.1315 18.3191 14.39 -7.5882 17.8479 11.824 -7.393 19.318 17 -5.176

5 24 19.6575 14.39 -2.5876 19.1519 14.39 -5.1315 18.6593 11.824 -4.9995 19.828 17 -2.61

5 24 19.828 14.39 0 19.6575 14.39 -2.5876 19.1519 11.824 -2.521 20 17 0

0 // Nineth cone

5 24 19.828 19.61 0 20 17 0 19.6575 19.61 -2.5876 19.6575 19.61 2.5876

5 24 19.6575 19.61 2.5876 19.828 17 2.61 19.828 19.61 0 19.1519 19.61 5.1315

5 24 19.1519 19.61 5.1315 19.318 17 5.176 19.6575 19.61 2.5876 18.3191 19.61 7.5882

5 24 18.3191 19.61 7.5882 18.478 17 7.654 19.1519 19.61 5.1315 17.171 19.61 9.914

5 24 17.171 19.61 9.914 17.32 17 10 18.3191 19.61 7.5882 15.7315 19.61 12.0713

5 24 15.7315 19.61 12.0713 15.868 17 12.176 17.171 19.61 9.914 14.0204 19.61 14.0204

5 24 14.0204 19.61 14.0204 14.142 17 14.142 15.7315 19.61 12.0713 12.0713 19.61 15.7315

5 24 12.0713 19.61 15.7315 12.176 17 15.868 14.0204 19.61 14.0204 9.914 19.61 17.171

5 24 9.914 19.61 17.171 10 17 17.32 12.0713 19.61 15.7315 7.5882 19.61 18.3191

5 24 7.5882 19.61 18.3191 7.654 17 18.478 9.914 19.61 17.171 5.1315 19.61 19.1519

5 24 5.1315 19.61 19.1519 5.176 17 19.318 7.5882 19.61 18.3191 2.5876 19.61 19.6575

5 24 2.5876 19.61 19.6575 2.61 17 19.828 5.1315 19.61 19.1519 0 19.61 19.828

5 24 0 19.61 19.828 0 17 20 2.5876 19.61 19.6575 -2.5876 19.61 19.6575

5 24 -2.5876 19.61 19.6575 -2.61 17 19.828 0 19.61 19.828 -5.1315 19.61 19.1519

5 24 -5.1315 19.61 19.1519 -5.176 17 19.318 -2.5876 19.61 19.6575 -7.5882 19.61 18.3191

5 24 -7.5882 19.61 18.3191 -7.654 17 18.478 -5.1315 19.61 19.1519 -9.914 19.61 17.171

5 24 -9.914 19.61 17.171 -10 17 17.32 -7.5882 19.61 18.3191 -12.0713 19.61 15.7315

5 24 -12.0713 19.61 15.7315 -12.176 17 15.868 -9.914 19.61 17.171 -14.0204 19.61 14.0204

5 24 -14.0204 19.61 14.0204 -14.142 17 14.142 -12.0713 19.61 15.7315 -15.7315 19.61 12.0713

5 24 -15.7315 19.61 12.0713 -15.868 17 12.176 -14.0204 19.61 14.0204 -17.171 19.61 9.914

5 24 -17.171 19.61 9.914 -17.32 17 10 -15.7315 19.61 12.0713 -18.3191 19.61 7.5882

5 24 -18.3191 19.61 7.5882 -18.478 17 7.654 -17.171 19.61 9.914 -19.1519 19.61 5.1315

5 24 -19.1519 19.61 5.1315 -19.318 17 5.176 -18.3191 19.61 7.5882 -19.6575 19.61 2.5876

5 24 -19.6575 19.61 2.5876 -19.828 17 2.61 -19.1519 19.61 5.1315 -19.828 19.61 0

5 24 -19.828 19.61 0 -20 17 0 -19.6575 19.61 2.5876 -19.6575 19.61 -2.5876

5 24 -19.6575 19.61 -2.5876 -19.828 17 -2.61 -19.828 19.61 0 -19.1519 19.61 -5.1315

5 24 -19.1519 19.61 -5.1315 -19.318 17 -5.176 -19.6575 19.61 -2.5876 -18.3191 19.61 -7.5882

5 24 -18.3191 19.61 -7.5882 -18.478 17 -7.654 -19.1519 19.61 -5.1315 -17.171 19.61 -9.914

5 24 -17.171 19.61 -9.914 -17.32 17 -10 -18.3191 19.61 -7.5882 -15.7315 19.61 -12.0713

5 24 -15.7315 19.61 -12.0713 -15.868 17 -12.176 -17.171 19.61 -9.914 -14.0204 19.61 -14.0204

5 24 -14.0204 19.61 -14.0204 -14.142 17 -14.142 -15.7315 19.61 -12.0713 -12.0713 19.61 -15.7315

5 24 -12.0713 19.61 -15.7315 -12.176 17 -15.868 -14.0204 19.61 -14.0204 -9.914 19.61 -17.171

5 24 -9.914 19.61 -17.171 -10 17 -17.32 -12.0713 19.61 -15.7315 -7.5882 19.61 -18.3191

5 24 -7.5882 19.61 -18.3191 -7.654 17 -18.478 -9.914 19.61 -17.171 -5.1315 19.61 -19.1519

5 24 -5.1315 19.61 -19.1519 -5.176 17 -19.318 -7.5882 19.61 -18.3191 -2.5876 19.61 -19.6575

5 24 -2.5876 19.61 -19.6575 -2.61 17 -19.828 -5.1315 19.61 -19.1519 0 19.61 -19.828

5 24 0 19.61 -19.828 0 17 -20 -2.5876 19.61 -19.6575 2.5876 19.61 -19.6575

5 24 2.5876 19.61 -19.6575 2.61 17 -19.828 0 19.61 -19.828 5.1315 19.61 -19.1519

5 24 5.1315 19.61 -19.1519 5.176 17 -19.318 2.5876 19.61 -19.6575 7.5882 19.61 -18.3191

5 24 7.5882 19.61 -18.3191 7.654 17 -18.478 5.1315 19.61 -19.1519 9.914 19.61 -17.171

5 24 9.914 19.61 -17.171 10 17 -17.32 7.5882 19.61 -18.3191 12.0713 19.61 -15.7315

5 24 12.0713 19.61 -15.7315 12.176 17 -15.868 9.914 19.61 -17.171 14.0204 19.61 -14.0204

5 24 14.0204 19.61 -14.0204 14.142 17 -14.142 12.0713 19.61 -15.7315 15.7315 19.61 -12.0713

5 24 15.7315 19.61 -12.0713 15.868 17 -12.176 14.0204 19.61 -14.0204 17.171 19.61 -9.914

5 24 17.171 19.61 -9.914 17.32 17 -10 15.7315 19.61 -12.0713 18.3191 19.61 -7.5882

5 24 18.3191 19.61 -7.5882 18.478 17 -7.654 17.171 19.61 -9.914 19.1519 19.61 -5.1315

5 24 19.1519 19.61 -5.1315 19.318 17 -5.176 18.3191 19.61 -7.5882 19.6575 19.61 -2.5876

5 24 19.6575 19.61 -2.5876 19.828 17 -2.61 19.1519 19.61 -5.1315 19.828 19.61 0

5 24 19.828 17 2.61 20 17 0 19.828 14.39 0 19.828 19.61 0

5 24 19.318 17 5.176 19.828 17 2.61 19.6575 14.39 2.5876 19.6575 19.61 2.5876

5 24 18.478 17 7.654 19.318 17 5.176 19.1519 14.39 5.1315 19.1519 19.61 5.1315

5 24 17.32 17 10 18.478 17 7.654 18.3191 14.39 7.5882 18.3191 19.61 7.5882

5 24 15.868 17 12.176 17.32 17 10 17.171 14.39 9.914 17.171 19.61 9.914

5 24 14.142 17 14.142 15.868 17 12.176 15.7315 14.39 12.0713 15.7315 19.61 12.0713

5 24 12.176 17 15.868 14.142 17 14.142 14.0204 14.39 14.0204 14.0204 19.61 14.0204

5 24 10 17 17.32 12.176 17 15.868 12.0713 14.39 15.7315 12.0713 19.61 15.7315

5 24 7.654 17 18.478 10 17 17.32 9.914 14.39 17.171 9.914 19.61 17.171

5 24 5.176 17 19.318 7.654 17 18.478 7.5882 14.39 18.3191 7.5882 19.61 18.3191

5 24 2.61 17 19.828 5.176 17 19.318 5.1315 14.39 19.1519 5.1315 19.61 19.1519

5 24 0 17 20 2.61 17 19.828 2.5876 14.39 19.6575 2.5876 19.61 19.6575

5 24 -2.61 17 19.828 0 17 20 0 14.39 19.828 0 19.61 19.828

5 24 -5.176 17 19.318 -2.61 17 19.828 -2.5876 14.39 19.6575 -2.5876 19.61 19.6575

5 24 -7.654 17 18.478 -5.176 17 19.318 -5.1315 14.39 19.1519 -5.1315 19.61 19.1519

5 24 -10 17 17.32 -7.654 17 18.478 -7.5882 14.39 18.3191 -7.5882 19.61 18.3191

5 24 -12.176 17 15.868 -10 17 17.32 -9.914 14.39 17.171 -9.914 19.61 17.171

5 24 -14.142 17 14.142 -12.176 17 15.868 -12.0713 14.39 15.7315 -12.0713 19.61 15.7315

5 24 -15.868 17 12.176 -14.142 17 14.142 -14.0204 14.39 14.0204 -14.0204 19.61 14.0204

5 24 -17.32 17 10 -15.868 17 12.176 -15.7315 14.39 12.0713 -15.7315 19.61 12.0713

5 24 -18.478 17 7.654 -17.32 17 10 -17.171 14.39 9.914 -17.171 19.61 9.914

5 24 -19.318 17 5.176 -18.478 17 7.654 -18.3191 14.39 7.5882 -18.3191 19.61 7.5882

5 24 -19.828 17 2.61 -19.318 17 5.176 -19.1519 14.39 5.1315 -19.1519 19.61 5.1315

5 24 -20 17 0 -19.828 17 2.61 -19.6575 14.39 2.5876 -19.6575 19.61 2.5876

5 24 -19.828 17 -2.61 -20 17 0 -19.828 14.39 0 -19.828 19.61 0

5 24 -19.318 17 -5.176 -19.828 17 -2.61 -19.6575 14.39 -2.5876 -19.6575 19.61 -2.5876

5 24 -18.478 17 -7.654 -19.318 17 -5.176 -19.1519 14.39 -5.1315 -19.1519 19.61 -5.1315

5 24 -17.32 17 -10 -18.478 17 -7.654 -18.3191 14.39 -7.5882 -18.3191 19.61 -7.5882

5 24 -15.868 17 -12.176 -17.32 17 -10 -17.171 14.39 -9.914 -17.171 19.61 -9.914

5 24 -14.142 17 -14.142 -15.868 17 -12.176 -15.7315 14.39 -12.0713 -15.7315 19.61 -12.0713

5 24 -12.176 17 -15.868 -14.142 17 -14.142 -14.0204 14.39 -14.0204 -14.0204 19.61 -14.0204

5 24 -10 17 -17.32 -12.176 17 -15.868 -12.0713 14.39 -15.7315 -12.0713 19.61 -15.7315

5 24 -7.654 17 -18.478 -10 17 -17.32 -9.914 14.39 -17.171 -9.914 19.61 -17.171

5 24 -5.176 17 -19.318 -7.654 17 -18.478 -7.5882 14.39 -18.3191 -7.5882 19.61 -18.3191

5 24 -2.61 17 -19.828 -5.176 17 -19.318 -5.1315 14.39 -19.1519 -5.1315 19.61 -19.1519

5 24 0 17 -20 -2.61 17 -19.828 -2.5876 14.39 -19.6575 -2.5876 19.61 -19.6575

5 24 2.61 17 -19.828 0 17 -20 0 14.39 -19.828 0 19.61 -19.828

5 24 5.176 17 -19.318 2.61 17 -19.828 2.5876 14.39 -19.6575 2.5876 19.61 -19.6575

5 24 7.654 17 -18.478 5.176 17 -19.318 5.1315 14.39 -19.1519 5.1315 19.61 -19.1519

5 24 10 17 -17.32 7.654 17 -18.478 7.5882 14.39 -18.3191 7.5882 19.61 -18.3191

5 24 12.176 17 -15.868 10 17 -17.32 9.914 14.39 -17.171 9.914 19.61 -17.171

5 24 14.142 17 -14.142 12.176 17 -15.868 12.0713 14.39 -15.7315 12.0713 19.61 -15.7315

5 24 15.868 17 -12.176 14.142 17 -14.142 14.0204 14.39 -14.0204 14.0204 19.61 -14.0204

5 24 17.32 17 -10 15.868 17 -12.176 15.7315 14.39 -12.0713 15.7315 19.61 -12.0713

5 24 18.478 17 -7.654 17.32 17 -10 17.171 14.39 -9.914 17.171 19.61 -9.914

5 24 19.318 17 -5.176 18.478 17 -7.654 18.3191 14.39 -7.5882 18.3191 19.61 -7.5882

5 24 19.828 17 -2.61 19.318 17 -5.176 19.1519 14.39 -5.1315 19.1519 19.61 -5.1315

5 24 20 17 0 19.828 17 -2.61 19.6575 14.39 -2.5876 19.6575 19.61 -2.5876

0 // Tenth cone

5 24 19.318 22.176 0 19.828 19.61 0 19.1519 22.176 -2.521 19.1519 22.176 2.521

5 24 19.1519 22.176 2.521 19.6575 19.61 2.5876 19.318 22.176 0 18.6593 22.176 4.9995

5 24 18.6593 22.176 4.9995 19.1519 19.61 5.1315 19.1519 22.176 2.521 17.8479 22.176 7.393

5 24 17.8479 22.176 7.393 18.3191 19.61 7.5882 18.6593 22.176 4.9995 16.7294 22.176 9.659

5 24 16.7294 22.176 9.659 17.171 19.61 9.914 17.8479 22.176 7.393 15.3269 22.176 11.7608

5 24 15.3269 22.176 11.7608 15.7315 19.61 12.0713 16.7294 22.176 9.659 13.6598 22.176 13.6598

5 24 13.6598 22.176 13.6598 14.0204 19.61 14.0204 15.3269 22.176 11.7608 11.7608 22.176 15.3269

5 24 11.7608 22.176 15.3269 12.0713 19.61 15.7315 13.6598 22.176 13.6598 9.659 22.176 16.7294

5 24 9.659 22.176 16.7294 9.914 19.61 17.171 11.7608 22.176 15.3269 7.393 22.176 17.8479

5 24 7.393 22.176 17.8479 7.5882 19.61 18.3191 9.659 22.176 16.7294 4.9995 22.176 18.6593

5 24 4.9995 22.176 18.6593 5.1315 19.61 19.1519 7.393 22.176 17.8479 2.521 22.176 19.1519

5 24 2.521 22.176 19.1519 2.5876 19.61 19.6575 4.9995 22.176 18.6593 0 22.176 19.318

5 24 0 22.176 19.318 0 19.61 19.828 2.521 22.176 19.1519 -2.521 22.176 19.1519

5 24 -2.521 22.176 19.1519 -2.5876 19.61 19.6575 0 22.176 19.318 -4.9995 22.176 18.6593

5 24 -4.9995 22.176 18.6593 -5.1315 19.61 19.1519 -2.521 22.176 19.1519 -7.393 22.176 17.8479

5 24 -7.393 22.176 17.8479 -7.5882 19.61 18.3191 -4.9995 22.176 18.6593 -9.659 22.176 16.7294

5 24 -9.659 22.176 16.7294 -9.914 19.61 17.171 -7.393 22.176 17.8479 -11.7608 22.176 15.3269

5 24 -11.7608 22.176 15.3269 -12.0713 19.61 15.7315 -9.659 22.176 16.7294 -13.6598 22.176 13.6598

5 24 -13.6598 22.176 13.6598 -14.0204 19.61 14.0204 -11.7608 22.176 15.3269 -15.3269 22.176 11.7608

5 24 -15.3269 22.176 11.7608 -15.7315 19.61 12.0713 -13.6598 22.176 13.6598 -16.7294 22.176 9.659

5 24 -16.7294 22.176 9.659 -17.171 19.61 9.914 -15.3269 22.176 11.7608 -17.8479 22.176 7.393

5 24 -17.8479 22.176 7.393 -18.3191 19.61 7.5882 -16.7294 22.176 9.659 -18.6593 22.176 4.9995

5 24 -18.6593 22.176 4.9995 -19.1519 19.61 5.1315 -17.8479 22.176 7.393 -19.1519 22.176 2.521

5 24 -19.1519 22.176 2.521 -19.6575 19.61 2.5876 -18.6593 22.176 4.9995 -19.318 22.176 0

5 24 -19.318 22.176 0 -19.828 19.61 0 -19.1519 22.176 2.521 -19.1519 22.176 -2.521

5 24 -19.1519 22.176 -2.521 -19.6575 19.61 -2.5876 -19.318 22.176 0 -18.6593 22.176 -4.9995

5 24 -18.6593 22.176 -4.9995 -19.1519 19.61 -5.1315 -19.1519 22.176 -2.521 -17.8479 22.176 -7.393

5 24 -17.8479 22.176 -7.393 -18.3191 19.61 -7.5882 -18.6593 22.176 -4.9995 -16.7294 22.176 -9.659

5 24 -16.7294 22.176 -9.659 -17.171 19.61 -9.914 -17.8479 22.176 -7.393 -15.3269 22.176 -11.7608

5 24 -15.3269 22.176 -11.7608 -15.7315 19.61 -12.0713 -16.7294 22.176 -9.659 -13.6598 22.176 -13.6598

5 24 -13.6598 22.176 -13.6598 -14.0204 19.61 -14.0204 -15.3269 22.176 -11.7608 -11.7608 22.176 -15.3269

5 24 -11.7608 22.176 -15.3269 -12.0713 19.61 -15.7315 -13.6598 22.176 -13.6598 -9.659 22.176 -16.7294

5 24 -9.659 22.176 -16.7294 -9.914 19.61 -17.171 -11.7608 22.176 -15.3269 -7.393 22.176 -17.8479

5 24 -7.393 22.176 -17.8479 -7.5882 19.61 -18.3191 -9.659 22.176 -16.7294 -4.9995 22.176 -18.6593

5 24 -4.9995 22.176 -18.6593 -5.1315 19.61 -19.1519 -7.393 22.176 -17.8479 -2.521 22.176 -19.1519

5 24 -2.521 22.176 -19.1519 -2.5876 19.61 -19.6575 -4.9995 22.176 -18.6593 0 22.176 -19.318

5 24 0 22.176 -19.318 0 19.61 -19.828 -2.521 22.176 -19.1519 2.521 22.176 -19.1519

5 24 2.521 22.176 -19.1519 2.5876 19.61 -19.6575 0 22.176 -19.318 4.9995 22.176 -18.6593

5 24 4.9995 22.176 -18.6593 5.1315 19.61 -19.1519 2.521 22.176 -19.1519 7.393 22.176 -17.8479

5 24 7.393 22.176 -17.8479 7.5882 19.61 -18.3191 4.9995 22.176 -18.6593 9.659 22.176 -16.7294

5 24 9.659 22.176 -16.7294 9.914 19.61 -17.171 7.393 22.176 -17.8479 11.7608 22.176 -15.3269

5 24 11.7608 22.176 -15.3269 12.0713 19.61 -15.7315 9.659 22.176 -16.7294 13.6598 22.176 -13.6598

5 24 13.6598 22.176 -13.6598 14.0204 19.61 -14.0204 11.7608 22.176 -15.3269 15.3269 22.176 -11.7608

5 24 15.3269 22.176 -11.7608 15.7315 19.61 -12.0713 13.6598 22.176 -13.6598 16.7294 22.176 -9.659

5 24 16.7294 22.176 -9.659 17.171 19.61 -9.914 15.3269 22.176 -11.7608 17.8479 22.176 -7.393

5 24 17.8479 22.176 -7.393 18.3191 19.61 -7.5882 16.7294 22.176 -9.659 18.6593 22.176 -4.9995

5 24 18.6593 22.176 -4.9995 19.1519 19.61 -5.1315 17.8479 22.176 -7.393 19.1519 22.176 -2.521

5 24 19.1519 22.176 -2.521 19.6575 19.61 -2.5876 18.6593 22.176 -4.9995 19.318 22.176 0

5 24 19.828 19.61 0 19.6575 19.61 2.5876 19.828 17 2.61 19.318 22.176 0

5 24 19.6575 19.61 2.5876 19.1519 19.61 5.1315 19.318 17 5.176 19.1519 22.176 2.521

5 24 19.1519 19.61 5.1315 18.3191 19.61 7.5882 18.478 17 7.654 18.6593 22.176 4.9995

5 24 18.3191 19.61 7.5882 17.171 19.61 9.914 17.32 17 10 17.8479 22.176 7.393

5 24 17.171 19.61 9.914 15.7315 19.61 12.0713 15.868 17 12.176 16.7294 22.176 9.659

5 24 15.7315 19.61 12.0713 14.0204 19.61 14.0204 14.142 17 14.142 15.3269 22.176 11.7608

5 24 14.0204 19.61 14.0204 12.0713 19.61 15.7315 12.176 17 15.868 13.6598 22.176 13.6598

5 24 12.0713 19.61 15.7315 9.914 19.61 17.171 10 17 17.32 11.7608 22.176 15.3269

5 24 9.914 19.61 17.171 7.5882 19.61 18.3191 7.654 17 18.478 9.659 22.176 16.7294

5 24 7.5882 19.61 18.3191 5.1315 19.61 19.1519 5.176 17 19.318 7.393 22.176 17.8479

5 24 5.1315 19.61 19.1519 2.5876 19.61 19.6575 2.61 17 19.828 4.9995 22.176 18.6593

5 24 2.5876 19.61 19.6575 0 19.61 19.828 0 17 20 2.521 22.176 19.1519

5 24 0 19.61 19.828 -2.5876 19.61 19.6575 -2.61 17 19.828 0 22.176 19.318

5 24 -2.5876 19.61 19.6575 -5.1315 19.61 19.1519 -5.176 17 19.318 -2.521 22.176 19.1519

5 24 -5.1315 19.61 19.1519 -7.5882 19.61 18.3191 -7.654 17 18.478 -4.9995 22.176 18.6593

5 24 -7.5882 19.61 18.3191 -9.914 19.61 17.171 -10 17 17.32 -7.393 22.176 17.8479

5 24 -9.914 19.61 17.171 -12.0713 19.61 15.7315 -12.176 17 15.868 -9.659 22.176 16.7294

5 24 -12.0713 19.61 15.7315 -14.0204 19.61 14.0204 -14.142 17 14.142 -11.7608 22.176 15.3269

5 24 -14.0204 19.61 14.0204 -15.7315 19.61 12.0713 -15.868 17 12.176 -13.6598 22.176 13.6598

5 24 -15.7315 19.61 12.0713 -17.171 19.61 9.914 -17.32 17 10 -15.3269 22.176 11.7608

5 24 -17.171 19.61 9.914 -18.3191 19.61 7.5882 -18.478 17 7.654 -16.7294 22.176 9.659

5 24 -18.3191 19.61 7.5882 -19.1519 19.61 5.1315 -19.318 17 5.176 -17.8479 22.176 7.393

5 24 -19.1519 19.61 5.1315 -19.6575 19.61 2.5876 -19.828 17 2.61 -18.6593 22.176 4.9995

5 24 -19.6575 19.61 2.5876 -19.828 19.61 0 -20 17 0 -19.1519 22.176 2.521

5 24 -19.828 19.61 0 -19.6575 19.61 -2.5876 -19.828 17 -2.61 -19.318 22.176 0

5 24 -19.6575 19.61 -2.5876 -19.1519 19.61 -5.1315 -19.318 17 -5.176 -19.1519 22.176 -2.521

5 24 -19.1519 19.61 -5.1315 -18.3191 19.61 -7.5882 -18.478 17 -7.654 -18.6593 22.176 -4.9995

5 24 -18.3191 19.61 -7.5882 -17.171 19.61 -9.914 -17.32 17 -10 -17.8479 22.176 -7.393

5 24 -17.171 19.61 -9.914 -15.7315 19.61 -12.0713 -15.868 17 -12.176 -16.7294 22.176 -9.659

5 24 -15.7315 19.61 -12.0713 -14.0204 19.61 -14.0204 -14.142 17 -14.142 -15.3269 22.176 -11.7608

5 24 -14.0204 19.61 -14.0204 -12.0713 19.61 -15.7315 -12.176 17 -15.868 -13.6598 22.176 -13.6598

5 24 -12.0713 19.61 -15.7315 -9.914 19.61 -17.171 -10 17 -17.32 -11.7608 22.176 -15.3269

5 24 -9.914 19.61 -17.171 -7.5882 19.61 -18.3191 -7.654 17 -18.478 -9.659 22.176 -16.7294

5 24 -7.5882 19.61 -18.3191 -5.1315 19.61 -19.1519 -5.176 17 -19.318 -7.393 22.176 -17.8479

5 24 -5.1315 19.61 -19.1519 -2.5876 19.61 -19.6575 -2.61 17 -19.828 -4.9995 22.176 -18.6593

5 24 -2.5876 19.61 -19.6575 0 19.61 -19.828 0 17 -20 -2.521 22.176 -19.1519

5 24 0 19.61 -19.828 2.5876 19.61 -19.6575 2.61 17 -19.828 0 22.176 -19.318

5 24 2.5876 19.61 -19.6575 5.1315 19.61 -19.1519 5.176 17 -19.318 2.521 22.176 -19.1519

5 24 5.1315 19.61 -19.1519 7.5882 19.61 -18.3191 7.654 17 -18.478 4.9995 22.176 -18.6593

5 24 7.5882 19.61 -18.3191 9.914 19.61 -17.171 10 17 -17.32 7.393 22.176 -17.8479

5 24 9.914 19.61 -17.171 12.0713 19.61 -15.7315 12.176 17 -15.868 9.659 22.176 -16.7294

5 24 12.0713 19.61 -15.7315 14.0204 19.61 -14.0204 14.142 17 -14.142 11.7608 22.176 -15.3269

5 24 14.0204 19.61 -14.0204 15.7315 19.61 -12.0713 15.868 17 -12.176 13.6598 22.176 -13.6598

5 24 15.7315 19.61 -12.0713 17.171 19.61 -9.914 17.32 17 -10 15.3269 22.176 -11.7608

5 24 17.171 19.61 -9.914 18.3191 19.61 -7.5882 18.478 17 -7.654 16.7294 22.176 -9.659

5 24 18.3191 19.61 -7.5882 19.1519 19.61 -5.1315 19.318 17 -5.176 17.8479 22.176 -7.393

5 24 19.1519 19.61 -5.1315 19.6575 19.61 -2.5876 19.828 17 -2.61 18.6593 22.176 -4.9995

5 24 19.6575 19.61 -2.5876 19.828 19.61 0 20 17 0 19.1519 22.176 -2.521

0 // Eleventh cone

5 24 18.478 24.654 0 19.318 22.176 0 18.3191 24.654 -2.4114 18.3191 24.654 2.4114

5 24 18.3191 24.654 2.4114 19.1519 22.176 2.521 18.478 24.654 0 17.8479 24.654 4.7821

5 24 17.8479 24.654 4.7821 18.6593 22.176 4.9995 18.3191 24.654 2.4114 17.0718 24.654 7.0715

5 24 17.0718 24.654 7.0715 17.8479 22.176 7.393 17.8479 24.654 4.7821 16.0019 24.654 9.239

5 24 16.0019 24.654 9.239 16.7294 22.176 9.659 17.0718 24.654 7.0715 14.6604 24.654 11.2494

5 24 14.6604 24.654 11.2494 15.3269 22.176 11.7608 16.0019 24.654 9.239 13.0658 24.654 13.0658

5 24 13.0658 24.654 13.0658 13.6598 22.176 13.6598 14.6604 24.654 11.2494 11.2494 24.654 14.6604

5 24 11.2494 24.654 14.6604 11.7608 22.176 15.3269 13.0658 24.654 13.0658 9.239 24.654 16.0019

5 24 9.239 24.654 16.0019 9.659 22.176 16.7294 11.2494 24.654 14.6604 7.0715 24.654 17.0718

5 24 7.0715 24.654 17.0718 7.393 22.176 17.8479 9.239 24.654 16.0019 4.7821 24.654 17.8479

5 24 4.7821 24.654 17.8479 4.9995 22.176 18.6593 7.0715 24.654 17.0718 2.4114 24.654 18.3191

5 24 2.4114 24.654 18.3191 2.521 22.176 19.1519 4.7821 24.654 17.8479 0 24.654 18.478

5 24 0 24.654 18.478 0 22.176 19.318 2.4114 24.654 18.3191 -2.4114 24.654 18.3191

5 24 -2.4114 24.654 18.3191 -2.521 22.176 19.1519 0 24.654 18.478 -4.7821 24.654 17.8479

5 24 -4.7821 24.654 17.8479 -4.9995 22.176 18.6593 -2.4114 24.654 18.3191 -7.0715 24.654 17.0718

5 24 -7.0715 24.654 17.0718 -7.393 22.176 17.8479 -4.7821 24.654 17.8479 -9.239 24.654 16.0019

5 24 -9.239 24.654 16.0019 -9.659 22.176 16.7294 -7.0715 24.654 17.0718 -11.2494 24.654 14.6604

5 24 -11.2494 24.654 14.6604 -11.7608 22.176 15.3269 -9.239 24.654 16.0019 -13.0658 24.654 13.0658

5 24 -13.0658 24.654 13.0658 -13.6598 22.176 13.6598 -11.2494 24.654 14.6604 -14.6604 24.654 11.2494

5 24 -14.6604 24.654 11.2494 -15.3269 22.176 11.7608 -13.0658 24.654 13.0658 -16.0019 24.654 9.239

5 24 -16.0019 24.654 9.239 -16.7294 22.176 9.659 -14.6604 24.654 11.2494 -17.0718 24.654 7.0715

5 24 -17.0718 24.654 7.0715 -17.8479 22.176 7.393 -16.0019 24.654 9.239 -17.8479 24.654 4.7821

5 24 -17.8479 24.654 4.7821 -18.6593 22.176 4.9995 -17.0718 24.654 7.0715 -18.3191 24.654 2.4114

5 24 -18.3191 24.654 2.4114 -19.1519 22.176 2.521 -17.8479 24.654 4.7821 -18.478 24.654 0

5 24 -18.478 24.654 0 -19.318 22.176 0 -18.3191 24.654 2.4114 -18.3191 24.654 -2.4114

5 24 -18.3191 24.654 -2.4114 -19.1519 22.176 -2.521 -18.478 24.654 0 -17.8479 24.654 -4.7821

5 24 -17.8479 24.654 -4.7821 -18.6593 22.176 -4.9995 -18.3191 24.654 -2.4114 -17.0718 24.654 -7.0715

5 24 -17.0718 24.654 -7.0715 -17.8479 22.176 -7.393 -17.8479 24.654 -4.7821 -16.0019 24.654 -9.239

5 24 -16.0019 24.654 -9.239 -16.7294 22.176 -9.659 -17.0718 24.654 -7.0715 -14.6604 24.654 -11.2494

5 24 -14.6604 24.654 -11.2494 -15.3269 22.176 -11.7608 -16.0019 24.654 -9.239 -13.0658 24.654 -13.0658

5 24 -13.0658 24.654 -13.0658 -13.6598 22.176 -13.6598 -14.6604 24.654 -11.2494 -11.2494 24.654 -14.6604

5 24 -11.2494 24.654 -14.6604 -11.7608 22.176 -15.3269 -13.0658 24.654 -13.0658 -9.239 24.654 -16.0019

5 24 -9.239 24.654 -16.0019 -9.659 22.176 -16.7294 -11.2494 24.654 -14.6604 -7.0715 24.654 -17.0718

5 24 -7.0715 24.654 -17.0718 -7.393 22.176 -17.8479 -9.239 24.654 -16.0019 -4.7821 24.654 -17.8479

5 24 -4.7821 24.654 -17.8479 -4.9995 22.176 -18.6593 -7.0715 24.654 -17.0718 -2.4114 24.654 -18.3191

5 24 -2.4114 24.654 -18.3191 -2.521 22.176 -19.1519 -4.7821 24.654 -17.8479 0 24.654 -18.478

5 24 0 24.654 -18.478 0 22.176 -19.318 -2.4114 24.654 -18.3191 2.4114 24.654 -18.3191

5 24 2.4114 24.654 -18.3191 2.521 22.176 -19.1519 0 24.654 -18.478 4.7821 24.654 -17.8479

5 24 4.7821 24.654 -17.8479 4.9995 22.176 -18.6593 2.4114 24.654 -18.3191 7.0715 24.654 -17.0718

5 24 7.0715 24.654 -17.0718 7.393 22.176 -17.8479 4.7821 24.654 -17.8479 9.239 24.654 -16.0019

5 24 9.239 24.654 -16.0019 9.659 22.176 -16.7294 7.0715 24.654 -17.0718 11.2494 24.654 -14.6604

5 24 11.2494 24.654 -14.6604 11.7608 22.176 -15.3269 9.239 24.654 -16.0019 13.0658 24.654 -13.0658

5 24 13.0658 24.654 -13.0658 13.6598 22.176 -13.6598 11.2494 24.654 -14.6604 14.6604 24.654 -11.2494

5 24 14.6604 24.654 -11.2494 15.3269 22.176 -11.7608 13.0658 24.654 -13.0658 16.0019 24.654 -9.239

5 24 16.0019 24.654 -9.239 16.7294 22.176 -9.659 14.6604 24.654 -11.2494 17.0718 24.654 -7.0715

5 24 17.0718 24.654 -7.0715 17.8479 22.176 -7.393 16.0019 24.654 -9.239 17.8479 24.654 -4.7821

5 24 17.8479 24.654 -4.7821 18.6593 22.176 -4.9995 17.0718 24.654 -7.0715 18.3191 24.654 -2.4114

5 24 18.3191 24.654 -2.4114 19.1519 22.176 -2.521 17.8479 24.654 -4.7821 18.478 24.654 0

5 24 19.318 22.176 0 19.1519 22.176 2.521 19.6575 19.61 2.5876 18.478 24.654 0

5 24 19.1519 22.176 2.521 18.6593 22.176 4.9995 19.1519 19.61 5.1315 18.3191 24.654 2.4114

5 24 18.6593 22.176 4.9995 17.8479 22.176 7.393 18.3191 19.61 7.5882 17.8479 24.654 4.7821

5 24 17.8479 22.176 7.393 16.7294 22.176 9.659 17.171 19.61 9.914 17.0718 24.654 7.0715

5 24 16.7294 22.176 9.659 15.3269 22.176 11.7608 15.7315 19.61 12.0713 16.0019 24.654 9.239

5 24 15.3269 22.176 11.7608 13.6598 22.176 13.6598 14.0204 19.61 14.0204 14.6604 24.654 11.2494

5 24 13.6598 22.176 13.6598 11.7608 22.176 15.3269 12.0713 19.61 15.7315 13.0658 24.654 13.0658

5 24 11.7608 22.176 15.3269 9.659 22.176 16.7294 9.914 19.61 17.171 11.2494 24.654 14.6604

5 24 9.659 22.176 16.7294 7.393 22.176 17.8479 7.5882 19.61 18.3191 9.239 24.654 16.0019

5 24 7.393 22.176 17.8479 4.9995 22.176 18.6593 5.1315 19.61 19.1519 7.0715 24.654 17.0718

5 24 4.9995 22.176 18.6593 2.521 22.176 19.1519 2.5876 19.61 19.6575 4.7821 24.654 17.8479

5 24 2.521 22.176 19.1519 0 22.176 19.318 0 19.61 19.828 2.4114 24.654 18.3191

5 24 0 22.176 19.318 -2.521 22.176 19.1519 -2.5876 19.61 19.6575 0 24.654 18.478

5 24 -2.521 22.176 19.1519 -4.9995 22.176 18.6593 -5.1315 19.61 19.1519 -2.4114 24.654 18.3191

5 24 -4.9995 22.176 18.6593 -7.393 22.176 17.8479 -7.5882 19.61 18.3191 -4.7821 24.654 17.8479

5 24 -7.393 22.176 17.8479 -9.659 22.176 16.7294 -9.914 19.61 17.171 -7.0715 24.654 17.0718

5 24 -9.659 22.176 16.7294 -11.7608 22.176 15.3269 -12.0713 19.61 15.7315 -9.239 24.654 16.0019

5 24 -11.7608 22.176 15.3269 -13.6598 22.176 13.6598 -14.0204 19.61 14.0204 -11.2494 24.654 14.6604

5 24 -13.6598 22.176 13.6598 -15.3269 22.176 11.7608 -15.7315 19.61 12.0713 -13.0658 24.654 13.0658

5 24 -15.3269 22.176 11.7608 -16.7294 22.176 9.659 -17.171 19.61 9.914 -14.6604 24.654 11.2494

5 24 -16.7294 22.176 9.659 -17.8479 22.176 7.393 -18.3191 19.61 7.5882 -16.0019 24.654 9.239

5 24 -17.8479 22.176 7.393 -18.6593 22.176 4.9995 -19.1519 19.61 5.1315 -17.0718 24.654 7.0715

5 24 -18.6593 22.176 4.9995 -19.1519 22.176 2.521 -19.6575 19.61 2.5876 -17.8479 24.654 4.7821

5 24 -19.1519 22.176 2.521 -19.318 22.176 0 -19.828 19.61 0 -18.3191 24.654 2.4114

5 24 -19.318 22.176 0 -19.1519 22.176 -2.521 -19.6575 19.61 -2.5876 -18.478 24.654 0

5 24 -19.1519 22.176 -2.521 -18.6593 22.176 -4.9995 -19.1519 19.61 -5.1315 -18.3191 24.654 -2.4114

5 24 -18.6593 22.176 -4.9995 -17.8479 22.176 -7.393 -18.3191 19.61 -7.5882 -17.8479 24.654 -4.7821

5 24 -17.8479 22.176 -7.393 -16.7294 22.176 -9.659 -17.171 19.61 -9.914 -17.0718 24.654 -7.0715

5 24 -16.7294 22.176 -9.659 -15.3269 22.176 -11.7608 -15.7315 19.61 -12.0713 -16.0019 24.654 -9.239

5 24 -15.3269 22.176 -11.7608 -13.6598 22.176 -13.6598 -14.0204 19.61 -14.0204 -14.6604 24.654 -11.2494

5 24 -13.6598 22.176 -13.6598 -11.7608 22.176 -15.3269 -12.0713 19.61 -15.7315 -13.0658 24.654 -13.0658

5 24 -11.7608 22.176 -15.3269 -9.659 22.176 -16.7294 -9.914 19.61 -17.171 -11.2494 24.654 -14.6604

5 24 -9.659 22.176 -16.7294 -7.393 22.176 -17.8479 -7.5882 19.61 -18.3191 -9.239 24.654 -16.0019

5 24 -7.393 22.176 -17.8479 -4.9995 22.176 -18.6593 -5.1315 19.61 -19.1519 -7.0715 24.654 -17.0718

5 24 -4.9995 22.176 -18.6593 -2.521 22.176 -19.1519 -2.5876 19.61 -19.6575 -4.7821 24.654 -17.8479

5 24 -2.521 22.176 -19.1519 0 22.176 -19.318 0 19.61 -19.828 -2.4114 24.654 -18.3191

5 24 0 22.176 -19.318 2.521 22.176 -19.1519 2.5876 19.61 -19.6575 0 24.654 -18.478

5 24 2.521 22.176 -19.1519 4.9995 22.176 -18.6593 5.1315 19.61 -19.1519 2.4114 24.654 -18.3191

5 24 4.9995 22.176 -18.6593 7.393 22.176 -17.8479 7.5882 19.61 -18.3191 4.7821 24.654 -17.8479

5 24 7.393 22.176 -17.8479 9.659 22.176 -16.7294 9.914 19.61 -17.171 7.0715 24.654 -17.0718

5 24 9.659 22.176 -16.7294 11.7608 22.176 -15.3269 12.0713 19.61 -15.7315 9.239 24.654 -16.0019

5 24 11.7608 22.176 -15.3269 13.6598 22.176 -13.6598 14.0204 19.61 -14.0204 11.2494 24.654 -14.6604

5 24 13.6598 22.176 -13.6598 15.3269 22.176 -11.7608 15.7315 19.61 -12.0713 13.0658 24.654 -13.0658

5 24 15.3269 22.176 -11.7608 16.7294 22.176 -9.659 17.171 19.61 -9.914 14.6604 24.654 -11.2494

5 24 16.7294 22.176 -9.659 17.8479 22.176 -7.393 18.3191 19.61 -7.5882 16.0019 24.654 -9.239

5 24 17.8479 22.176 -7.393 18.6593 22.176 -4.9995 19.1519 19.61 -5.1315 17.0718 24.654 -7.0715

5 24 18.6593 22.176 -4.9995 19.1519 22.176 -2.521 19.6575 19.61 -2.5876 17.8479 24.654 -4.7821

5 24 19.1519 22.176 -2.521 19.318 22.176 0 19.828 19.61 0 18.3191 24.654 -2.4114

0 // Twelfth cone

5 24 17.32 27 0 18.478 24.654 0 17.171 27 -2.2603 17.171 27 2.2603

5 24 17.171 27 2.2603 18.3191 24.654 2.4114 17.32 27 0 16.7294 27 4.4824

5 24 16.7294 27 4.4824 17.8479 24.654 4.7821 17.171 27 2.2603 16.0019 27 6.6284

5 24 16.0019 27 6.6284 17.0718 24.654 7.0715 16.7294 27 4.4824 14.9991 27 8.66

5 24 14.9991 27 8.66 16.0019 24.654 9.239 16.0019 27 6.6284 13.7417 27 10.5444

5 24 13.7417 27 10.5444 14.6604 24.654 11.2494 14.9991 27 8.66 12.247 27 12.247

5 24 12.247 27 12.247 13.0658 24.654 13.0658 13.7417 27 10.5444 10.5444 27 13.7417

5 24 10.5444 27 13.7417 11.2494 24.654 14.6604 12.247 27 12.247 8.66 27 14.9991

5 24 8.66 27 14.9991 9.239 24.654 16.0019 10.5444 27 13.7417 6.6284 27 16.0019

5 24 6.6284 27 16.0019 7.0715 24.654 17.0718 8.66 27 14.9991 4.4824 27 16.7294

5 24 4.4824 27 16.7294 4.7821 24.654 17.8479 6.6284 27 16.0019 2.2603 27 17.171

5 24 2.2603 27 17.171 2.4114 24.654 18.3191 4.4824 27 16.7294 0 27 17.32

5 24 0 27 17.32 0 24.654 18.478 2.2603 27 17.171 -2.2603 27 17.171

5 24 -2.2603 27 17.171 -2.4114 24.654 18.3191 0 27 17.32 -4.4824 27 16.7294

5 24 -4.4824 27 16.7294 -4.7821 24.654 17.8479 -2.2603 27 17.171 -6.6284 27 16.0019

5 24 -6.6284 27 16.0019 -7.0715 24.654 17.0718 -4.4824 27 16.7294 -8.66 27 14.9991

5 24 -8.66 27 14.9991 -9.239 24.654 16.0019 -6.6284 27 16.0019 -10.5444 27 13.7417

5 24 -10.5444 27 13.7417 -11.2494 24.654 14.6604 -8.66 27 14.9991 -12.247 27 12.247

5 24 -12.247 27 12.247 -13.0658 24.654 13.0658 -10.5444 27 13.7417 -13.7417 27 10.5444

5 24 -13.7417 27 10.5444 -14.6604 24.654 11.2494 -12.247 27 12.247 -14.9991 27 8.66

5 24 -14.9991 27 8.66 -16.0019 24.654 9.239 -13.7417 27 10.5444 -16.0019 27 6.6284

5 24 -16.0019 27 6.6284 -17.0718 24.654 7.0715 -14.9991 27 8.66 -16.7294 27 4.4824

5 24 -16.7294 27 4.4824 -17.8479 24.654 4.7821 -16.0019 27 6.6284 -17.171 27 2.2603

5 24 -17.171 27 2.2603 -18.3191 24.654 2.4114 -16.7294 27 4.4824 -17.32 27 0

5 24 -17.32 27 0 -18.478 24.654 0 -17.171 27 2.2603 -17.171 27 -2.2603

5 24 -17.171 27 -2.2603 -18.3191 24.654 -2.4114 -17.32 27 0 -16.7294 27 -4.4824

5 24 -16.7294 27 -4.4824 -17.8479 24.654 -4.7821 -17.171 27 -2.2603 -16.0019 27 -6.6284

5 24 -16.0019 27 -6.6284 -17.0718 24.654 -7.0715 -16.7294 27 -4.4824 -14.9991 27 -8.66

5 24 -14.9991 27 -8.66 -16.0019 24.654 -9.239 -16.0019 27 -6.6284 -13.7417 27 -10.5444

5 24 -13.7417 27 -10.5444 -14.6604 24.654 -11.2494 -14.9991 27 -8.66 -12.247 27 -12.247

5 24 -12.247 27 -12.247 -13.0658 24.654 -13.0658 -13.7417 27 -10.5444 -10.5444 27 -13.7417

5 24 -10.5444 27 -13.7417 -11.2494 24.654 -14.6604 -12.247 27 -12.247 -8.66 27 -14.9991

5 24 -8.66 27 -14.9991 -9.239 24.654 -16.0019 -10.5444 27 -13.7417 -6.6284 27 -16.0019

5 24 -6.6284 27 -16.0019 -7.0715 24.654 -17.0718 -8.66 27 -14.9991 -4.4824 27 -16.7294

5 24 -4.4824 27 -16.7294 -4.7821 24.654 -17.8479 -6.6284 27 -16.0019 -2.2603 27 -17.171

5 24 -2.2603 27 -17.171 -2.4114 24.654 -18.3191 -4.4824 27 -16.7294 0 27 -17.32

5 24 0 27 -17.32 0 24.654 -18.478 -2.2603 27 -17.171 2.2603 27 -17.171

5 24 2.2603 27 -17.171 2.4114 24.654 -18.3191 0 27 -17.32 4.4824 27 -16.7294

5 24 4.4824 27 -16.7294 4.7821 24.654 -17.8479 2.2603 27 -17.171 6.6284 27 -16.0019

5 24 6.6284 27 -16.0019 7.0715 24.654 -17.0718 4.4824 27 -16.7294 8.66 27 -14.9991

5 24 8.66 27 -14.9991 9.239 24.654 -16.0019 6.6284 27 -16.0019 10.5444 27 -13.7417

5 24 10.5444 27 -13.7417 11.2494 24.654 -14.6604 8.66 27 -14.9991 12.247 27 -12.247

5 24 12.247 27 -12.247 13.0658 24.654 -13.0658 10.5444 27 -13.7417 13.7417 27 -10.5444

5 24 13.7417 27 -10.5444 14.6604 24.654 -11.2494 12.247 27 -12.247 14.9991 27 -8.66

5 24 14.9991 27 -8.66 16.0019 24.654 -9.239 13.7417 27 -10.5444 16.0019 27 -6.6284

5 24 16.0019 27 -6.6284 17.0718 24.654 -7.0715 14.9991 27 -8.66 16.7294 27 -4.4824

5 24 16.7294 27 -4.4824 17.8479 24.654 -4.7821 16.0019 27 -6.6284 17.171 27 -2.2603

5 24 17.171 27 -2.2603 18.3191 24.654 -2.4114 16.7294 27 -4.4824 17.32 27 0

5 24 18.478 24.654 0 18.3191 24.654 2.4114 19.1519 22.176 2.521 17.32 27 0

5 24 18.3191 24.654 2.4114 17.8479 24.654 4.7821 18.6593 22.176 4.9995 17.171 27 2.2603

5 24 17.8479 24.654 4.7821 17.0718 24.654 7.0715 17.8479 22.176 7.393 16.7294 27 4.4824

5 24 17.0718 24.654 7.0715 16.0019 24.654 9.239 16.7294 22.176 9.659 16.0019 27 6.6284

5 24 16.0019 24.654 9.239 14.6604 24.654 11.2494 15.3269 22.176 11.7608 14.9991 27 8.66

5 24 14.6604 24.654 11.2494 13.0658 24.654 13.0658 13.6598 22.176 13.6598 13.7417 27 10.5444

5 24 13.0658 24.654 13.0658 11.2494 24.654 14.6604 11.7608 22.176 15.3269 12.247 27 12.247

5 24 11.2494 24.654 14.6604 9.239 24.654 16.0019 9.659 22.176 16.7294 10.5444 27 13.7417

5 24 9.239 24.654 16.0019 7.0715 24.654 17.0718 7.393 22.176 17.8479 8.66 27 14.9991

5 24 7.0715 24.654 17.0718 4.7821 24.654 17.8479 4.9995 22.176 18.6593 6.6284 27 16.0019

5 24 4.7821 24.654 17.8479 2.4114 24.654 18.3191 2.521 22.176 19.1519 4.4824 27 16.7294

5 24 2.4114 24.654 18.3191 0 24.654 18.478 0 22.176 19.318 2.2603 27 17.171

5 24 0 24.654 18.478 -2.4114 24.654 18.3191 -2.521 22.176 19.1519 0 27 17.32

5 24 -2.4114 24.654 18.3191 -4.7821 24.654 17.8479 -4.9995 22.176 18.6593 -2.2603 27 17.171

5 24 -4.7821 24.654 17.8479 -7.0715 24.654 17.0718 -7.393 22.176 17.8479 -4.4824 27 16.7294

5 24 -7.0715 24.654 17.0718 -9.239 24.654 16.0019 -9.659 22.176 16.7294 -6.6284 27 16.0019

5 24 -9.239 24.654 16.0019 -11.2494 24.654 14.6604 -11.7608 22.176 15.3269 -8.66 27 14.9991

5 24 -11.2494 24.654 14.6604 -13.0658 24.654 13.0658 -13.6598 22.176 13.6598 -10.5444 27 13.7417

5 24 -13.0658 24.654 13.0658 -14.6604 24.654 11.2494 -15.3269 22.176 11.7608 -12.247 27 12.247

5 24 -14.6604 24.654 11.2494 -16.0019 24.654 9.239 -16.7294 22.176 9.659 -13.7417 27 10.5444

5 24 -16.0019 24.654 9.239 -17.0718 24.654 7.0715 -17.8479 22.176 7.393 -14.9991 27 8.66

5 24 -17.0718 24.654 7.0715 -17.8479 24.654 4.7821 -18.6593 22.176 4.9995 -16.0019 27 6.6284

5 24 -17.8479 24.654 4.7821 -18.3191 24.654 2.4114 -19.1519 22.176 2.521 -16.7294 27 4.4824

5 24 -18.3191 24.654 2.4114 -18.478 24.654 0 -19.318 22.176 0 -17.171 27 2.2603

5 24 -18.478 24.654 0 -18.3191 24.654 -2.4114 -19.1519 22.176 -2.521 -17.32 27 0

5 24 -18.3191 24.654 -2.4114 -17.8479 24.654 -4.7821 -18.6593 22.176 -4.9995 -17.171 27 -2.2603

5 24 -17.8479 24.654 -4.7821 -17.0718 24.654 -7.0715 -17.8479 22.176 -7.393 -16.7294 27 -4.4824

5 24 -17.0718 24.654 -7.0715 -16.0019 24.654 -9.239 -16.7294 22.176 -9.659 -16.0019 27 -6.6284

5 24 -16.0019 24.654 -9.239 -14.6604 24.654 -11.2494 -15.3269 22.176 -11.7608 -14.9991 27 -8.66

5 24 -14.6604 24.654 -11.2494 -13.0658 24.654 -13.0658 -13.6598 22.176 -13.6598 -13.7417 27 -10.5444

5 24 -13.0658 24.654 -13.0658 -11.2494 24.654 -14.6604 -11.7608 22.176 -15.3269 -12.247 27 -12.247

5 24 -11.2494 24.654 -14.6604 -9.239 24.654 -16.0019 -9.659 22.176 -16.7294 -10.5444 27 -13.7417

5 24 -9.239 24.654 -16.0019 -7.0715 24.654 -17.0718 -7.393 22.176 -17.8479 -8.66 27 -14.9991

5 24 -7.0715 24.654 -17.0718 -4.7821 24.654 -17.8479 -4.9995 22.176 -18.6593 -6.6284 27 -16.0019

5 24 -4.7821 24.654 -17.8479 -2.4114 24.654 -18.3191 -2.521 22.176 -19.1519 -4.4824 27 -16.7294

5 24 -2.4114 24.654 -18.3191 0 24.654 -18.478 0 22.176 -19.318 -2.2603 27 -17.171

5 24 0 24.654 -18.478 2.4114 24.654 -18.3191 2.521 22.176 -19.1519 0 27 -17.32

5 24 2.4114 24.654 -18.3191 4.7821 24.654 -17.8479 4.9995 22.176 -18.6593 2.2603 27 -17.171

5 24 4.7821 24.654 -17.8479 7.0715 24.654 -17.0718 7.393 22.176 -17.8479 4.4824 27 -16.7294

5 24 7.0715 24.654 -17.0718 9.239 24.654 -16.0019 9.659 22.176 -16.7294 6.6284 27 -16.0019

5 24 9.239 24.654 -16.0019 11.2494 24.654 -14.6604 11.7608 22.176 -15.3269 8.66 27 -14.9991

5 24 11.2494 24.654 -14.6604 13.0658 24.654 -13.0658 13.6598 22.176 -13.6598 10.5444 27 -13.7417

5 24 13.0658 24.654 -13.0658 14.6604 24.654 -11.2494 15.3269 22.176 -11.7608 12.247 27 -12.247

5 24 14.6604 24.654 -11.2494 16.0019 24.654 -9.239 16.7294 22.176 -9.659 13.7417 27 -10.5444

5 24 16.0019 24.654 -9.239 17.0718 24.654 -7.0715 17.8479 22.176 -7.393 14.9991 27 -8.66

5 24 17.0718 24.654 -7.0715 17.8479 24.654 -4.7821 18.6593 22.176 -4.9995 16.0019 27 -6.6284

5 24 17.8479 24.654 -4.7821 18.3191 24.654 -2.4114 19.1519 22.176 -2.521 16.7294 27 -4.4824

5 24 18.3191 24.654 -2.4114 18.478 24.654 0 19.318 22.176 0 17.171 27 -2.2603

0 // Thirteenth cone

5 24 15.868 29.176 0 17.32 27 0 15.7315 29.176 -2.0708 15.7315 29.176 2.0708

5 24 15.7315 29.176 2.0708 17.171 27 2.2603 15.868 29.176 0 15.3269 29.176 4.1066

5 24 15.3269 29.176 4.1066 16.7294 27 4.4824 15.7315 29.176 2.0708 14.6604 29.176 6.0727

5 24 14.6604 29.176 6.0727 16.0019 27 6.6284 15.3269 29.176 4.1066 13.7417 29.176 7.934

5 24 13.7417 29.176 7.934 14.9991 27 8.66 14.6604 29.176 6.0727 12.5897 29.176 9.6604

5 24 12.5897 29.176 9.6604 13.7417 27 10.5444 13.7417 29.176 7.934 11.2203 29.176 11.2203

5 24 11.2203 29.176 11.2203 12.247 27 12.247 12.5897 29.176 9.6604 9.6604 29.176 12.5897

5 24 9.6604 29.176 12.5897 10.5444 27 13.7417 11.2203 29.176 11.2203 7.934 29.176 13.7417

5 24 7.934 29.176 13.7417 8.66 27 14.9991 9.6604 29.176 12.5897 6.0727 29.176 14.6604

5 24 6.0727 29.176 14.6604 6.6284 27 16.0019 7.934 29.176 13.7417 4.1066 29.176 15.3269

5 24 4.1066 29.176 15.3269 4.4824 27 16.7294 6.0727 29.176 14.6604 2.0708 29.176 15.7315

5 24 2.0708 29.176 15.7315 2.2603 27 17.171 4.1066 29.176 15.3269 0 29.176 15.868

5 24 0 29.176 15.868 0 27 17.32 2.0708 29.176 15.7315 -2.0708 29.176 15.7315

5 24 -2.0708 29.176 15.7315 -2.2603 27 17.171 0 29.176 15.868 -4.1066 29.176 15.3269

5 24 -4.1066 29.176 15.3269 -4.4824 27 16.7294 -2.0708 29.176 15.7315 -6.0727 29.176 14.6604

5 24 -6.0727 29.176 14.6604 -6.6284 27 16.0019 -4.1066 29.176 15.3269 -7.934 29.176 13.7417

5 24 -7.934 29.176 13.7417 -8.66 27 14.9991 -6.0727 29.176 14.6604 -9.6604 29.176 12.5897

5 24 -9.6604 29.176 12.5897 -10.5444 27 13.7417 -7.934 29.176 13.7417 -11.2203 29.176 11.2203

5 24 -11.2203 29.176 11.2203 -12.247 27 12.247 -9.6604 29.176 12.5897 -12.5897 29.176 9.6604

5 24 -12.5897 29.176 9.6604 -13.7417 27 10.5444 -11.2203 29.176 11.2203 -13.7417 29.176 7.934

5 24 -13.7417 29.176 7.934 -14.9991 27 8.66 -12.5897 29.176 9.6604 -14.6604 29.176 6.0727

5 24 -14.6604 29.176 6.0727 -16.0019 27 6.6284 -13.7417 29.176 7.934 -15.3269 29.176 4.1066

5 24 -15.3269 29.176 4.1066 -16.7294 27 4.4824 -14.6604 29.176 6.0727 -15.7315 29.176 2.0708

5 24 -15.7315 29.176 2.0708 -17.171 27 2.2603 -15.3269 29.176 4.1066 -15.868 29.176 0

5 24 -15.868 29.176 0 -17.32 27 0 -15.7315 29.176 2.0708 -15.7315 29.176 -2.0708

5 24 -15.7315 29.176 -2.0708 -17.171 27 -2.2603 -15.868 29.176 0 -15.3269 29.176 -4.1066

5 24 -15.3269 29.176 -4.1066 -16.7294 27 -4.4824 -15.7315 29.176 -2.0708 -14.6604 29.176 -6.0727

5 24 -14.6604 29.176 -6.0727 -16.0019 27 -6.6284 -15.3269 29.176 -4.1066 -13.7417 29.176 -7.934

5 24 -13.7417 29.176 -7.934 -14.9991 27 -8.66 -14.6604 29.176 -6.0727 -12.5897 29.176 -9.6604

5 24 -12.5897 29.176 -9.6604 -13.7417 27 -10.5444 -13.7417 29.176 -7.934 -11.2203 29.176 -11.2203

5 24 -11.2203 29.176 -11.2203 -12.247 27 -12.247 -12.5897 29.176 -9.6604 -9.6604 29.176 -12.5897

5 24 -9.6604 29.176 -12.5897 -10.5444 27 -13.7417 -11.2203 29.176 -11.2203 -7.934 29.176 -13.7417

5 24 -7.934 29.176 -13.7417 -8.66 27 -14.9991 -9.6604 29.176 -12.5897 -6.0727 29.176 -14.6604

5 24 -6.0727 29.176 -14.6604 -6.6284 27 -16.0019 -7.934 29.176 -13.7417 -4.1066 29.176 -15.3269

5 24 -4.1066 29.176 -15.3269 -4.4824 27 -16.7294 -6.0727 29.176 -14.6604 -2.0708 29.176 -15.7315

5 24 -2.0708 29.176 -15.7315 -2.2603 27 -17.171 -4.1066 29.176 -15.3269 0 29.176 -15.868

5 24 0 29.176 -15.868 0 27 -17.32 -2.0708 29.176 -15.7315 2.0708 29.176 -15.7315

5 24 2.0708 29.176 -15.7315 2.2603 27 -17.171 0 29.176 -15.868 4.1066 29.176 -15.3269

5 24 4.1066 29.176 -15.3269 4.4824 27 -16.7294 2.0708 29.176 -15.7315 6.0727 29.176 -14.6604

5 24 6.0727 29.176 -14.6604 6.6284 27 -16.0019 4.1066 29.176 -15.3269 7.934 29.176 -13.7417

5 24 7.934 29.176 -13.7417 8.66 27 -14.9991 6.0727 29.176 -14.6604 9.6604 29.176 -12.5897

5 24 9.6604 29.176 -12.5897 10.5444 27 -13.7417 7.934 29.176 -13.7417 11.2203 29.176 -11.2203

5 24 11.2203 29.176 -11.2203 12.247 27 -12.247 9.6604 29.176 -12.5897 12.5897 29.176 -9.6604

5 24 12.5897 29.176 -9.6604 13.7417 27 -10.5444 11.2203 29.176 -11.2203 13.7417 29.176 -7.934

5 24 13.7417 29.176 -7.934 14.9991 27 -8.66 12.5897 29.176 -9.6604 14.6604 29.176 -6.0727

5 24 14.6604 29.176 -6.0727 16.0019 27 -6.6284 13.7417 29.176 -7.934 15.3269 29.176 -4.1066

5 24 15.3269 29.176 -4.1066 16.7294 27 -4.4824 14.6604 29.176 -6.0727 15.7315 29.176 -2.0708

5 24 15.7315 29.176 -2.0708 17.171 27 -2.2603 15.3269 29.176 -4.1066 15.868 29.176 0

5 24 17.32 27 0 17.171 27 2.2603 18.3191 24.654 2.4114 15.868 29.176 0

5 24 17.171 27 2.2603 16.7294 27 4.4824 17.8479 24.654 4.7821 15.7315 29.176 2.0708

5 24 16.7294 27 4.4824 16.0019 27 6.6284 17.0718 24.654 7.0715 15.3269 29.176 4.1066

5 24 16.0019 27 6.6284 14.9991 27 8.66 16.0019 24.654 9.239 14.6604 29.176 6.0727

5 24 14.9991 27 8.66 13.7417 27 10.5444 14.6604 24.654 11.2494 13.7417 29.176 7.934

5 24 13.7417 27 10.5444 12.247 27 12.247 13.0658 24.654 13.0658 12.5897 29.176 9.6604

5 24 12.247 27 12.247 10.5444 27 13.7417 11.2494 24.654 14.6604 11.2203 29.176 11.2203

5 24 10.5444 27 13.7417 8.66 27 14.9991 9.239 24.654 16.0019 9.6604 29.176 12.5897

5 24 8.66 27 14.9991 6.6284 27 16.0019 7.0715 24.654 17.0718 7.934 29.176 13.7417

5 24 6.6284 27 16.0019 4.4824 27 16.7294 4.7821 24.654 17.8479 6.0727 29.176 14.6604

5 24 4.4824 27 16.7294 2.2603 27 17.171 2.4114 24.654 18.3191 4.1066 29.176 15.3269

5 24 2.2603 27 17.171 0 27 17.32 0 24.654 18.478 2.0708 29.176 15.7315

5 24 0 27 17.32 -2.2603 27 17.171 -2.4114 24.654 18.3191 0 29.176 15.868

5 24 -2.2603 27 17.171 -4.4824 27 16.7294 -4.7821 24.654 17.8479 -2.0708 29.176 15.7315

5 24 -4.4824 27 16.7294 -6.6284 27 16.0019 -7.0715 24.654 17.0718 -4.1066 29.176 15.3269

5 24 -6.6284 27 16.0019 -8.66 27 14.9991 -9.239 24.654 16.0019 -6.0727 29.176 14.6604

5 24 -8.66 27 14.9991 -10.5444 27 13.7417 -11.2494 24.654 14.6604 -7.934 29.176 13.7417

5 24 -10.5444 27 13.7417 -12.247 27 12.247 -13.0658 24.654 13.0658 -9.6604 29.176 12.5897

5 24 -12.247 27 12.247 -13.7417 27 10.5444 -14.6604 24.654 11.2494 -11.2203 29.176 11.2203

5 24 -13.7417 27 10.5444 -14.9991 27 8.66 -16.0019 24.654 9.239 -12.5897 29.176 9.6604

5 24 -14.9991 27 8.66 -16.0019 27 6.6284 -17.0718 24.654 7.0715 -13.7417 29.176 7.934

5 24 -16.0019 27 6.6284 -16.7294 27 4.4824 -17.8479 24.654 4.7821 -14.6604 29.176 6.0727

5 24 -16.7294 27 4.4824 -17.171 27 2.2603 -18.3191 24.654 2.4114 -15.3269 29.176 4.1066

5 24 -17.171 27 2.2603 -17.32 27 0 -18.478 24.654 0 -15.7315 29.176 2.0708

5 24 -17.32 27 0 -17.171 27 -2.2603 -18.3191 24.654 -2.4114 -15.868 29.176 0

5 24 -17.171 27 -2.2603 -16.7294 27 -4.4824 -17.8479 24.654 -4.7821 -15.7315 29.176 -2.0708

5 24 -16.7294 27 -4.4824 -16.0019 27 -6.6284 -17.0718 24.654 -7.0715 -15.3269 29.176 -4.1066

5 24 -16.0019 27 -6.6284 -14.9991 27 -8.66 -16.0019 24.654 -9.239 -14.6604 29.176 -6.0727

5 24 -14.9991 27 -8.66 -13.7417 27 -10.5444 -14.6604 24.654 -11.2494 -13.7417 29.176 -7.934

5 24 -13.7417 27 -10.5444 -12.247 27 -12.247 -13.0658 24.654 -13.0658 -12.5897 29.176 -9.6604

5 24 -12.247 27 -12.247 -10.5444 27 -13.7417 -11.2494 24.654 -14.6604 -11.2203 29.176 -11.2203

5 24 -10.5444 27 -13.7417 -8.66 27 -14.9991 -9.239 24.654 -16.0019 -9.6604 29.176 -12.5897

5 24 -8.66 27 -14.9991 -6.6284 27 -16.0019 -7.0715 24.654 -17.0718 -7.934 29.176 -13.7417

5 24 -6.6284 27 -16.0019 -4.4824 27 -16.7294 -4.7821 24.654 -17.8479 -6.0727 29.176 -14.6604

5 24 -4.4824 27 -16.7294 -2.2603 27 -17.171 -2.4114 24.654 -18.3191 -4.1066 29.176 -15.3269

5 24 -2.2603 27 -17.171 0 27 -17.32 0 24.654 -18.478 -2.0708 29.176 -15.7315

5 24 0 27 -17.32 2.2603 27 -17.171 2.4114 24.654 -18.3191 0 29.176 -15.868

5 24 2.2603 27 -17.171 4.4824 27 -16.7294 4.7821 24.654 -17.8479 2.0708 29.176 -15.7315

5 24 4.4824 27 -16.7294 6.6284 27 -16.0019 7.0715 24.654 -17.0718 4.1066 29.176 -15.3269

5 24 6.6284 27 -16.0019 8.66 27 -14.9991 9.239 24.654 -16.0019 6.0727 29.176 -14.6604

5 24 8.66 27 -14.9991 10.5444 27 -13.7417 11.2494 24.654 -14.6604 7.934 29.176 -13.7417

5 24 10.5444 27 -13.7417 12.247 27 -12.247 13.0658 24.654 -13.0658 9.6604 29.176 -12.5897

5 24 12.247 27 -12.247 13.7417 27 -10.5444 14.6604 24.654 -11.2494 11.2203 29.176 -11.2203

5 24 13.7417 27 -10.5444 14.9991 27 -8.66 16.0019 24.654 -9.239 12.5897 29.176 -9.6604

5 24 14.9991 27 -8.66 16.0019 27 -6.6284 17.0718 24.654 -7.0715 13.7417 29.176 -7.934

5 24 16.0019 27 -6.6284 16.7294 27 -4.4824 17.8479 24.654 -4.7821 14.6604 29.176 -6.0727

5 24 16.7294 27 -4.4824 17.171 27 -2.2603 18.3191 24.654 -2.4114 15.3269 29.176 -4.1066

5 24 17.171 27 -2.2603 17.32 27 0 18.478 24.654 0 15.7315 29.176 -2.0708

0 // Fourteenth cone

5 24 14.142 31.142 0 15.868 29.176 0 14.0204 31.142 -1.8455 14.0204 31.142 1.8455

5 24 14.0204 31.142 1.8455 15.7315 29.176 2.0708 14.142 31.142 0 13.6598 31.142 3.6599

5 24 13.6598 31.142 3.6599 15.3269 29.176 4.1066 14.0204 31.142 1.8455 13.0658 31.142 5.4121

5 24 13.0658 31.142 5.4121 14.6604 29.176 6.0727 13.6598 31.142 3.6599 12.247 31.142 7.071

5 24 12.247 31.142 7.071 13.7417 29.176 7.934 13.0658 31.142 5.4121 11.2203 31.142 8.6096

5 24 11.2203 31.142 8.6096 12.5897 29.176 9.6604 12.247 31.142 7.071 9.9998 31.142 9.9998

5 24 9.9998 31.142 9.9998 11.2203 29.176 11.2203 11.2203 31.142 8.6096 8.6096 31.142 11.2203

5 24 8.6096 31.142 11.2203 9.6604 29.176 12.5897 9.9998 31.142 9.9998 7.071 31.142 12.247

5 24 7.071 31.142 12.247 7.934 29.176 13.7417 8.6096 31.142 11.2203 5.4121 31.142 13.0658

5 24 5.4121 31.142 13.0658 6.0727 29.176 14.6604 7.071 31.142 12.247 3.6599 31.142 13.6598

5 24 3.6599 31.142 13.6598 4.1066 29.176 15.3269 5.4121 31.142 13.0658 1.8455 31.142 14.0204

5 24 1.8455 31.142 14.0204 2.0708 29.176 15.7315 3.6599 31.142 13.6598 0 31.142 14.142

5 24 0 31.142 14.142 0 29.176 15.868 1.8455 31.142 14.0204 -1.8455 31.142 14.0204

5 24 -1.8455 31.142 14.0204 -2.0708 29.176 15.7315 0 31.142 14.142 -3.6599 31.142 13.6598

5 24 -3.6599 31.142 13.6598 -4.1066 29.176 15.3269 -1.8455 31.142 14.0204 -5.4121 31.142 13.0658

5 24 -5.4121 31.142 13.0658 -6.0727 29.176 14.6604 -3.6599 31.142 13.6598 -7.071 31.142 12.247

5 24 -7.071 31.142 12.247 -7.934 29.176 13.7417 -5.4121 31.142 13.0658 -8.6096 31.142 11.2203

5 24 -8.6096 31.142 11.2203 -9.6604 29.176 12.5897 -7.071 31.142 12.247 -9.9998 31.142 9.9998

5 24 -9.9998 31.142 9.9998 -11.2203 29.176 11.2203 -8.6096 31.142 11.2203 -11.2203 31.142 8.6096

5 24 -11.2203 31.142 8.6096 -12.5897 29.176 9.6604 -9.9998 31.142 9.9998 -12.247 31.142 7.071

5 24 -12.247 31.142 7.071 -13.7417 29.176 7.934 -11.2203 31.142 8.6096 -13.0658 31.142 5.4121

5 24 -13.0658 31.142 5.4121 -14.6604 29.176 6.0727 -12.247 31.142 7.071 -13.6598 31.142 3.6599

5 24 -13.6598 31.142 3.6599 -15.3269 29.176 4.1066 -13.0658 31.142 5.4121 -14.0204 31.142 1.8455

5 24 -14.0204 31.142 1.8455 -15.7315 29.176 2.0708 -13.6598 31.142 3.6599 -14.142 31.142 0

5 24 -14.142 31.142 0 -15.868 29.176 0 -14.0204 31.142 1.8455 -14.0204 31.142 -1.8455

5 24 -14.0204 31.142 -1.8455 -15.7315 29.176 -2.0708 -14.142 31.142 0 -13.6598 31.142 -3.6599

5 24 -13.6598 31.142 -3.6599 -15.3269 29.176 -4.1066 -14.0204 31.142 -1.8455 -13.0658 31.142 -5.4121

5 24 -13.0658 31.142 -5.4121 -14.6604 29.176 -6.0727 -13.6598 31.142 -3.6599 -12.247 31.142 -7.071

5 24 -12.247 31.142 -7.071 -13.7417 29.176 -7.934 -13.0658 31.142 -5.4121 -11.2203 31.142 -8.6096

5 24 -11.2203 31.142 -8.6096 -12.5897 29.176 -9.6604 -12.247 31.142 -7.071 -9.9998 31.142 -9.9998

5 24 -9.9998 31.142 -9.9998 -11.2203 29.176 -11.2203 -11.2203 31.142 -8.6096 -8.6096 31.142 -11.2203

5 24 -8.6096 31.142 -11.2203 -9.6604 29.176 -12.5897 -9.9998 31.142 -9.9998 -7.071 31.142 -12.247

5 24 -7.071 31.142 -12.247 -7.934 29.176 -13.7417 -8.6096 31.142 -11.2203 -5.4121 31.142 -13.0658

5 24 -5.4121 31.142 -13.0658 -6.0727 29.176 -14.6604 -7.071 31.142 -12.247 -3.6599 31.142 -13.6598

5 24 -3.6599 31.142 -13.6598 -4.1066 29.176 -15.3269 -5.4121 31.142 -13.0658 -1.8455 31.142 -14.0204

5 24 -1.8455 31.142 -14.0204 -2.0708 29.176 -15.7315 -3.6599 31.142 -13.6598 0 31.142 -14.142

5 24 0 31.142 -14.142 0 29.176 -15.868 -1.8455 31.142 -14.0204 1.8455 31.142 -14.0204

5 24 1.8455 31.142 -14.0204 2.0708 29.176 -15.7315 0 31.142 -14.142 3.6599 31.142 -13.6598

5 24 3.6599 31.142 -13.6598 4.1066 29.176 -15.3269 1.8455 31.142 -14.0204 5.4121 31.142 -13.0658

5 24 5.4121 31.142 -13.0658 6.0727 29.176 -14.6604 3.6599 31.142 -13.6598 7.071 31.142 -12.247

5 24 7.071 31.142 -12.247 7.934 29.176 -13.7417 5.4121 31.142 -13.0658 8.6096 31.142 -11.2203

5 24 8.6096 31.142 -11.2203 9.6604 29.176 -12.5897 7.071 31.142 -12.247 9.9998 31.142 -9.9998

5 24 9.9998 31.142 -9.9998 11.2203 29.176 -11.2203 8.6096 31.142 -11.2203 11.2203 31.142 -8.6096

5 24 11.2203 31.142 -8.6096 12.5897 29.176 -9.6604 9.9998 31.142 -9.9998 12.247 31.142 -7.071

5 24 12.247 31.142 -7.071 13.7417 29.176 -7.934 11.2203 31.142 -8.6096 13.0658 31.142 -5.4121

5 24 13.0658 31.142 -5.4121 14.6604 29.176 -6.0727 12.247 31.142 -7.071 13.6598 31.142 -3.6599

5 24 13.6598 31.142 -3.6599 15.3269 29.176 -4.1066 13.0658 31.142 -5.4121 14.0204 31.142 -1.8455

5 24 14.0204 31.142 -1.8455 15.7315 29.176 -2.0708 13.6598 31.142 -3.6599 14.142 31.142 0

5 24 15.868 29.176 0 15.7315 29.176 2.0708 17.171 27 2.2603 14.142 31.142 0

5 24 15.7315 29.176 2.0708 15.3269 29.176 4.1066 16.7294 27 4.4824 14.0204 31.142 1.8455

5 24 15.3269 29.176 4.1066 14.6604 29.176 6.0727 16.0019 27 6.6284 13.6598 31.142 3.6599

5 24 14.6604 29.176 6.0727 13.7417 29.176 7.934 14.9991 27 8.66 13.0658 31.142 5.4121

5 24 13.7417 29.176 7.934 12.5897 29.176 9.6604 13.7417 27 10.5444 12.247 31.142 7.071

5 24 12.5897 29.176 9.6604 11.2203 29.176 11.2203 12.247 27 12.247 11.2203 31.142 8.6096

5 24 11.2203 29.176 11.2203 9.6604 29.176 12.5897 10.5444 27 13.7417 9.9998 31.142 9.9998

5 24 9.6604 29.176 12.5897 7.934 29.176 13.7417 8.66 27 14.9991 8.6096 31.142 11.2203

5 24 7.934 29.176 13.7417 6.0727 29.176 14.6604 6.6284 27 16.0019 7.071 31.142 12.247

5 24 6.0727 29.176 14.6604 4.1066 29.176 15.3269 4.4824 27 16.7294 5.4121 31.142 13.0658

5 24 4.1066 29.176 15.3269 2.0708 29.176 15.7315 2.2603 27 17.171 3.6599 31.142 13.6598

5 24 2.0708 29.176 15.7315 0 29.176 15.868 0 27 17.32 1.8455 31.142 14.0204

5 24 0 29.176 15.868 -2.0708 29.176 15.7315 -2.2603 27 17.171 0 31.142 14.142

5 24 -2.0708 29.176 15.7315 -4.1066 29.176 15.3269 -4.4824 27 16.7294 -1.8455 31.142 14.0204

5 24 -4.1066 29.176 15.3269 -6.0727 29.176 14.6604 -6.6284 27 16.0019 -3.6599 31.142 13.6598

5 24 -6.0727 29.176 14.6604 -7.934 29.176 13.7417 -8.66 27 14.9991 -5.4121 31.142 13.0658

5 24 -7.934 29.176 13.7417 -9.6604 29.176 12.5897 -10.5444 27 13.7417 -7.071 31.142 12.247

5 24 -9.6604 29.176 12.5897 -11.2203 29.176 11.2203 -12.247 27 12.247 -8.6096 31.142 11.2203

5 24 -11.2203 29.176 11.2203 -12.5897 29.176 9.6604 -13.7417 27 10.5444 -9.9998 31.142 9.9998

5 24 -12.5897 29.176 9.6604 -13.7417 29.176 7.934 -14.9991 27 8.66 -11.2203 31.142 8.6096

5 24 -13.7417 29.176 7.934 -14.6604 29.176 6.0727 -16.0019 27 6.6284 -12.247 31.142 7.071

5 24 -14.6604 29.176 6.0727 -15.3269 29.176 4.1066 -16.7294 27 4.4824 -13.0658 31.142 5.4121

5 24 -15.3269 29.176 4.1066 -15.7315 29.176 2.0708 -17.171 27 2.2603 -13.6598 31.142 3.6599

5 24 -15.7315 29.176 2.0708 -15.868 29.176 0 -17.32 27 0 -14.0204 31.142 1.8455

5 24 -15.868 29.176 0 -15.7315 29.176 -2.0708 -17.171 27 -2.2603 -14.142 31.142 0

5 24 -15.7315 29.176 -2.0708 -15.3269 29.176 -4.1066 -16.7294 27 -4.4824 -14.0204 31.142 -1.8455

5 24 -15.3269 29.176 -4.1066 -14.6604 29.176 -6.0727 -16.0019 27 -6.6284 -13.6598 31.142 -3.6599

5 24 -14.6604 29.176 -6.0727 -13.7417 29.176 -7.934 -14.9991 27 -8.66 -13.0658 31.142 -5.4121

5 24 -13.7417 29.176 -7.934 -12.5897 29.176 -9.6604 -13.7417 27 -10.5444 -12.247 31.142 -7.071

5 24 -12.5897 29.176 -9.6604 -11.2203 29.176 -11.2203 -12.247 27 -12.247 -11.2203 31.142 -8.6096

5 24 -11.2203 29.176 -11.2203 -9.6604 29.176 -12.5897 -10.5444 27 -13.7417 -9.9998 31.142 -9.9998

5 24 -9.6604 29.176 -12.5897 -7.934 29.176 -13.7417 -8.66 27 -14.9991 -8.6096 31.142 -11.2203

5 24 -7.934 29.176 -13.7417 -6.0727 29.176 -14.6604 -6.6284 27 -16.0019 -7.071 31.142 -12.247

5 24 -6.0727 29.176 -14.6604 -4.1066 29.176 -15.3269 -4.4824 27 -16.7294 -5.4121 31.142 -13.0658

5 24 -4.1066 29.176 -15.3269 -2.0708 29.176 -15.7315 -2.2603 27 -17.171 -3.6599 31.142 -13.6598

5 24 -2.0708 29.176 -15.7315 0 29.176 -15.868 0 27 -17.32 -1.8455 31.142 -14.0204

5 24 0 29.176 -15.868 2.0708 29.176 -15.7315 2.2603 27 -17.171 0 31.142 -14.142

5 24 2.0708 29.176 -15.7315 4.1066 29.176 -15.3269 4.4824 27 -16.7294 1.8455 31.142 -14.0204

5 24 4.1066 29.176 -15.3269 6.0727 29.176 -14.6604 6.6284 27 -16.0019 3.6599 31.142 -13.6598

5 24 6.0727 29.176 -14.6604 7.934 29.176 -13.7417 8.66 27 -14.9991 5.4121 31.142 -13.0658

5 24 7.934 29.176 -13.7417 9.6604 29.176 -12.5897 10.5444 27 -13.7417 7.071 31.142 -12.247

5 24 9.6604 29.176 -12.5897 11.2203 29.176 -11.2203 12.247 27 -12.247 8.6096 31.142 -11.2203

5 24 11.2203 29.176 -11.2203 12.5897 29.176 -9.6604 13.7417 27 -10.5444 9.9998 31.142 -9.9998

5 24 12.5897 29.176 -9.6604 13.7417 29.176 -7.934 14.9991 27 -8.66 11.2203 31.142 -8.6096

5 24 13.7417 29.176 -7.934 14.6604 29.176 -6.0727 16.0019 27 -6.6284 12.247 31.142 -7.071

5 24 14.6604 29.176 -6.0727 15.3269 29.176 -4.1066 16.7294 27 -4.4824 13.0658 31.142 -5.4121

5 24 15.3269 29.176 -4.1066 15.7315 29.176 -2.0708 17.171 27 -2.2603 13.6598 31.142 -3.6599

5 24 15.7315 29.176 -2.0708 15.868 29.176 0 17.32 27 0 14.0204 31.142 -1.8455

0 // Fifteenth cone

5 24 13.1647 32 0 14.142 31.142 0 13.0515 32 -1.718 13.0515 32 1.718

5 24 13.0515 32 1.718 14.0204 31.142 1.8455 13.1647 32 0 12.7158 32 3.407

5 24 12.7158 32 3.407 13.6598 31.142 3.6599 13.0515 32 1.718 12.1629 32 5.0381

5 24 12.1629 32 5.0381 13.0658 31.142 5.4121 12.7158 32 3.407 11.4006 32 6.5824

5 24 11.4006 32 6.5824 12.247 31.142 7.071 12.1629 32 5.0381 10.4449 32 8.0147

5 24 10.4449 32 8.0147 11.2203 31.142 8.6096 11.4006 32 6.5824 9.3088 32 9.3088

5 24 9.3088 32 9.3088 9.9998 31.142 9.9998 10.4449 32 8.0147 8.0147 32 10.4449

5 24 8.0147 32 10.4449 8.6096 31.142 11.2203 9.3088 32 9.3088 6.5824 32 11.4006

5 24 6.5824 32 11.4006 7.071 31.142 12.247 8.0147 32 10.4449 5.0381 32 12.1629

5 24 5.0381 32 12.1629 5.4121 31.142 13.0658 6.5824 32 11.4006 3.407 32 12.7158

5 24 3.407 32 12.7158 3.6599 31.142 13.6598 5.0381 32 12.1629 1.718 32 13.0515

5 24 1.718 32 13.0515 1.8455 31.142 14.0204 3.407 32 12.7158 0 32 13.1647

5 24 0 32 13.1647 0 31.142 14.142 1.718 32 13.0515 -1.718 32 13.0515

5 24 -1.718 32 13.0515 -1.8455 31.142 14.0204 0 32 13.1647 -3.407 32 12.7158

5 24 -3.407 32 12.7158 -3.6599 31.142 13.6598 -1.718 32 13.0515 -5.0381 32 12.1629

5 24 -5.0381 32 12.1629 -5.4121 31.142 13.0658 -3.407 32 12.7158 -6.5824 32 11.4006

5 24 -6.5824 32 11.4006 -7.071 31.142 12.247 -5.0381 32 12.1629 -8.0147 32 10.4449

5 24 -8.0147 32 10.4449 -8.6096 31.142 11.2203 -6.5824 32 11.4006 -9.3088 32 9.3088

5 24 -9.3088 32 9.3088 -9.9998 31.142 9.9998 -8.0147 32 10.4449 -10.4449 32 8.0147

5 24 -10.4449 32 8.0147 -11.2203 31.142 8.6096 -9.3088 32 9.3088 -11.4006 32 6.5824

5 24 -11.4006 32 6.5824 -12.247 31.142 7.071 -10.4449 32 8.0147 -12.1629 32 5.0381

5 24 -12.1629 32 5.0381 -13.0658 31.142 5.4121 -11.4006 32 6.5824 -12.7158 32 3.407

5 24 -12.7158 32 3.407 -13.6598 31.142 3.6599 -12.1629 32 5.0381 -13.0515 32 1.718

5 24 -13.0515 32 1.718 -14.0204 31.142 1.8455 -12.7158 32 3.407 -13.1647 32 0

5 24 -13.1647 32 0 -14.142 31.142 0 -13.0515 32 1.718 -13.0515 32 -1.718

5 24 -13.0515 32 -1.718 -14.0204 31.142 -1.8455 -13.1647 32 0 -12.7158 32 -3.407

5 24 -12.7158 32 -3.407 -13.6598 31.142 -3.6599 -13.0515 32 -1.718 -12.1629 32 -5.0381

5 24 -12.1629 32 -5.0381 -13.0658 31.142 -5.4121 -12.7158 32 -3.407 -11.4006 32 -6.5824

5 24 -11.4006 32 -6.5824 -12.247 31.142 -7.071 -12.1629 32 -5.0381 -10.4449 32 -8.0147

5 24 -10.4449 32 -8.0147 -11.2203 31.142 -8.6096 -11.4006 32 -6.5824 -9.3088 32 -9.3088

5 24 -9.3088 32 -9.3088 -9.9998 31.142 -9.9998 -10.4449 32 -8.0147 -8.0147 32 -10.4449

5 24 -8.0147 32 -10.4449 -8.6096 31.142 -11.2203 -9.3088 32 -9.3088 -6.5824 32 -11.4006

5 24 -6.5824 32 -11.4006 -7.071 31.142 -12.247 -8.0147 32 -10.4449 -5.0381 32 -12.1629

5 24 -5.0381 32 -12.1629 -5.4121 31.142 -13.0658 -6.5824 32 -11.4006 -3.407 32 -12.7158

5 24 -3.407 32 -12.7158 -3.6599 31.142 -13.6598 -5.0381 32 -12.1629 -1.718 32 -13.0515

5 24 -1.718 32 -13.0515 -1.8455 31.142 -14.0204 -3.407 32 -12.7158 0 32 -13.1647

5 24 0 32 -13.1647 0 31.142 -14.142 -1.718 32 -13.0515 1.718 32 -13.0515

5 24 1.718 32 -13.0515 1.8455 31.142 -14.0204 0 32 -13.1647 3.407 32 -12.7158

5 24 3.407 32 -12.7158 3.6599 31.142 -13.6598 1.718 32 -13.0515 5.0381 32 -12.1629

5 24 5.0381 32 -12.1629 5.4121 31.142 -13.0658 3.407 32 -12.7158 6.5824 32 -11.4006

5 24 6.5824 32 -11.4006 7.071 31.142 -12.247 5.0381 32 -12.1629 8.0147 32 -10.4449

5 24 8.0147 32 -10.4449 8.6096 31.142 -11.2203 6.5824 32 -11.4006 9.3088 32 -9.3088

5 24 9.3088 32 -9.3088 9.9998 31.142 -9.9998 8.0147 32 -10.4449 10.4449 32 -8.0147

5 24 10.4449 32 -8.0147 11.2203 31.142 -8.6096 9.3088 32 -9.3088 11.4006 32 -6.5824

5 24 11.4006 32 -6.5824 12.247 31.142 -7.071 10.4449 32 -8.0147 12.1629 32 -5.0381

5 24 12.1629 32 -5.0381 13.0658 31.142 -5.4121 11.4006 32 -6.5824 12.7158 32 -3.407

5 24 12.7158 32 -3.407 13.6598 31.142 -3.6599 12.1629 32 -5.0381 13.0515 32 -1.718

5 24 13.0515 32 -1.718 14.0204 31.142 -1.8455 12.7158 32 -3.407 13.1647 32 0

5 24 14.142 31.142 0 14.0204 31.142 1.8455 15.7315 29.176 2.0708 13.1647 32 0

5 24 14.0204 31.142 1.8455 13.6598 31.142 3.6599 15.3269 29.176 4.1066 13.0515 32 1.718

5 24 13.6598 31.142 3.6599 13.0658 31.142 5.4121 14.6604 29.176 6.0727 12.7158 32 3.407

5 24 13.0658 31.142 5.4121 12.247 31.142 7.071 13.7417 29.176 7.934 12.1629 32 5.0381

5 24 12.247 31.142 7.071 11.2203 31.142 8.6096 12.5897 29.176 9.6604 11.4006 32 6.5824

5 24 11.2203 31.142 8.6096 9.9998 31.142 9.9998 11.2203 29.176 11.2203 10.4449 32 8.0147

5 24 9.9998 31.142 9.9998 8.6096 31.142 11.2203 9.6604 29.176 12.5897 9.3088 32 9.3088

5 24 8.6096 31.142 11.2203 7.071 31.142 12.247 7.934 29.176 13.7417 8.0147 32 10.4449

5 24 7.071 31.142 12.247 5.4121 31.142 13.0658 6.0727 29.176 14.6604 6.5824 32 11.4006

5 24 5.4121 31.142 13.0658 3.6599 31.142 13.6598 4.1066 29.176 15.3269 5.0381 32 12.1629

5 24 3.6599 31.142 13.6598 1.8455 31.142 14.0204 2.0708 29.176 15.7315 3.407 32 12.7158

5 24 1.8455 31.142 14.0204 0 31.142 14.142 0 29.176 15.868 1.718 32 13.0515

5 24 0 31.142 14.142 -1.8455 31.142 14.0204 -2.0708 29.176 15.7315 0 32 13.1647

5 24 -1.8455 31.142 14.0204 -3.6599 31.142 13.6598 -4.1066 29.176 15.3269 -1.718 32 13.0515

5 24 -3.6599 31.142 13.6598 -5.4121 31.142 13.0658 -6.0727 29.176 14.6604 -3.407 32 12.7158

5 24 -5.4121 31.142 13.0658 -7.071 31.142 12.247 -7.934 29.176 13.7417 -5.0381 32 12.1629

5 24 -7.071 31.142 12.247 -8.6096 31.142 11.2203 -9.6604 29.176 12.5897 -6.5824 32 11.4006

5 24 -8.6096 31.142 11.2203 -9.9998 31.142 9.9998 -11.2203 29.176 11.2203 -8.0147 32 10.4449

5 24 -9.9998 31.142 9.9998 -11.2203 31.142 8.6096 -12.5897 29.176 9.6604 -9.3088 32 9.3088

5 24 -11.2203 31.142 8.6096 -12.247 31.142 7.071 -13.7417 29.176 7.934 -10.4449 32 8.0147

5 24 -12.247 31.142 7.071 -13.0658 31.142 5.4121 -14.6604 29.176 6.0727 -11.4006 32 6.5824

5 24 -13.0658 31.142 5.4121 -13.6598 31.142 3.6599 -15.3269 29.176 4.1066 -12.1629 32 5.0381

5 24 -13.6598 31.142 3.6599 -14.0204 31.142 1.8455 -15.7315 29.176 2.0708 -12.7158 32 3.407

5 24 -14.0204 31.142 1.8455 -14.142 31.142 0 -15.868 29.176 0 -13.0515 32 1.718

5 24 -14.142 31.142 0 -14.0204 31.142 -1.8455 -15.7315 29.176 -2.0708 -13.1647 32 0

5 24 -14.0204 31.142 -1.8455 -13.6598 31.142 -3.6599 -15.3269 29.176 -4.1066 -13.0515 32 -1.718

5 24 -13.6598 31.142 -3.6599 -13.0658 31.142 -5.4121 -14.6604 29.176 -6.0727 -12.7158 32 -3.407

5 24 -13.0658 31.142 -5.4121 -12.247 31.142 -7.071 -13.7417 29.176 -7.934 -12.1629 32 -5.0381

5 24 -12.247 31.142 -7.071 -11.2203 31.142 -8.6096 -12.5897 29.176 -9.6604 -11.4006 32 -6.5824

5 24 -11.2203 31.142 -8.6096 -9.9998 31.142 -9.9998 -11.2203 29.176 -11.2203 -10.4449 32 -8.0147

5 24 -9.9998 31.142 -9.9998 -8.6096 31.142 -11.2203 -9.6604 29.176 -12.5897 -9.3088 32 -9.3088

5 24 -8.6096 31.142 -11.2203 -7.071 31.142 -12.247 -7.934 29.176 -13.7417 -8.0147 32 -10.4449

5 24 -7.071 31.142 -12.247 -5.4121 31.142 -13.0658 -6.0727 29.176 -14.6604 -6.5824 32 -11.4006

5 24 -5.4121 31.142 -13.0658 -3.6599 31.142 -13.6598 -4.1066 29.176 -15.3269 -5.0381 32 -12.1629

5 24 -3.6599 31.142 -13.6598 -1.8455 31.142 -14.0204 -2.0708 29.176 -15.7315 -3.407 32 -12.7158

5 24 -1.8455 31.142 -14.0204 0 31.142 -14.142 0 29.176 -15.868 -1.718 32 -13.0515

5 24 0 31.142 -14.142 1.8455 31.142 -14.0204 2.0708 29.176 -15.7315 0 32 -13.1647

5 24 1.8455 31.142 -14.0204 3.6599 31.142 -13.6598 4.1066 29.176 -15.3269 1.718 32 -13.0515

5 24 3.6599 31.142 -13.6598 5.4121 31.142 -13.0658 6.0727 29.176 -14.6604 3.407 32 -12.7158

5 24 5.4121 31.142 -13.0658 7.071 31.142 -12.247 7.934 29.176 -13.7417 5.0381 32 -12.1629

5 24 7.071 31.142 -12.247 8.6096 31.142 -11.2203 9.6604 29.176 -12.5897 6.5824 32 -11.4006

5 24 8.6096 31.142 -11.2203 9.9998 31.142 -9.9998 11.2203 29.176 -11.2203 8.0147 32 -10.4449

5 24 9.9998 31.142 -9.9998 11.2203 31.142 -8.6096 12.5897 29.176 -9.6604 9.3088 32 -9.3088

5 24 11.2203 31.142 -8.6096 12.247 31.142 -7.071 13.7417 29.176 -7.934 10.4449 32 -8.0147

5 24 12.247 31.142 -7.071 13.0658 31.142 -5.4121 14.6604 29.176 -6.0727 11.4006 32 -6.5824

5 24 13.0658 31.142 -5.4121 13.6598 31.142 -3.6599 15.3269 29.176 -4.1066 12.1629 32 -5.0381

5 24 13.6598 31.142 -3.6599 14.0204 31.142 -1.8455 15.7315 29.176 -2.0708 12.7158 32 -3.407

5 24 14.0204 31.142 -1.8455 14.142 31.142 0 15.868 29.176 0 13.0515 32 -1.718

0 NOFILE

0 FILE 48__4-4con9.dat
0 Hi-Res Cone  9 x 1.0

0 Name: 48\4-4con9.dat

0 Author: Alex Taylor [anathema]

0 !LDRAW_ORG 48_Primitive UPDATE 2011-01

0 !LICENSE Licensed under CC BY 4.0 : see CAreadme.txt



0 BFC CERTIFY CCW



0 !HISTORY 2011-07-25 [PTadmin] Official Update 2011-01





4 16 9 1 0 8.9226 1 1.1745 9.914 0 1.305 10 0 0

4 16 8.9226 1 1.1745 8.6931 1 2.3292 9.659 0 2.588 9.914 0 1.305

4 16 8.6931 1 2.3292 8.3151 1 3.4443 9.239 0 3.827 9.659 0 2.588

4 16 8.3151 1 3.4443 7.794 1 4.5 8.66 0 5 9.239 0 3.827

4 16 7.794 1 4.5 7.1406 1 5.4792 7.934 0 6.088 8.66 0 5

4 16 7.1406 1 5.4792 6.3639 1 6.3639 7.071 0 7.071 7.934 0 6.088

4 16 6.3639 1 6.3639 5.4792 1 7.1406 6.088 0 7.934 7.071 0 7.071

4 16 5.4792 1 7.1406 4.5 1 7.794 5 0 8.66 6.088 0 7.934

4 16 4.5 1 7.794 3.4443 1 8.3151 3.827 0 9.239 5 0 8.66

4 16 3.4443 1 8.3151 2.3292 1 8.6931 2.588 0 9.659 3.827 0 9.239

4 16 2.3292 1 8.6931 1.1745 1 8.9226 1.305 0 9.914 2.588 0 9.659

4 16 1.1745 1 8.9226 0 1 9 0 0 10 1.305 0 9.914

4 16 0 1 9 -1.1745 1 8.9226 -1.305 0 9.914 0 0 10

4 16 -1.1745 1 8.9226 -2.3292 1 8.6931 -2.588 0 9.659 -1.305 0 9.914

4 16 -2.3292 1 8.6931 -3.4443 1 8.3151 -3.827 0 9.239 -2.588 0 9.659

4 16 -3.4443 1 8.3151 -4.5 1 7.794 -5 0 8.66 -3.827 0 9.239

4 16 -4.5 1 7.794 -5.4792 1 7.1406 -6.088 0 7.934 -5 0 8.66

4 16 -5.4792 1 7.1406 -6.3639 1 6.3639 -7.071 0 7.071 -6.088 0 7.934

4 16 -6.3639 1 6.3639 -7.1406 1 5.4792 -7.934 0 6.088 -7.071 0 7.071

4 16 -7.1406 1 5.4792 -7.794 1 4.5 -8.66 0 5 -7.934 0 6.088

4 16 -7.794 1 4.5 -8.3151 1 3.4443 -9.239 0 3.827 -8.66 0 5

4 16 -8.3151 1 3.4443 -8.6931 1 2.3292 -9.659 0 2.588 -9.239 0 3.827

4 16 -8.6931 1 2.3292 -8.9226 1 1.1745 -9.914 0 1.305 -9.659 0 2.588

4 16 -8.9226 1 1.1745 -9 1 0 -10 0 0 -9.914 0 1.305

4 16 -9 1 0 -8.9226 1 -1.1745 -9.914 0 -1.305 -10 0 0

4 16 -8.9226 1 -1.1745 -8.6931 1 -2.3292 -9.659 0 -2.588 -9.914 0 -1.305

4 16 -8.6931 1 -2.3292 -8.3151 1 -3.4443 -9.239 0 -3.827 -9.659 0 -2.588

4 16 -8.3151 1 -3.4443 -7.794 1 -4.5 -8.66 0 -5 -9.239 0 -3.827

4 16 -7.794 1 -4.5 -7.1406 1 -5.4792 -7.934 0 -6.088 -8.66 0 -5

4 16 -7.1406 1 -5.4792 -6.3639 1 -6.3639 -7.071 0 -7.071 -7.934 0 -6.088

4 16 -6.3639 1 -6.3639 -5.4792 1 -7.1406 -6.088 0 -7.934 -7.071 0 -7.071

4 16 -5.4792 1 -7.1406 -4.5 1 -7.794 -5 0 -8.66 -6.088 0 -7.934

4 16 -4.5 1 -7.794 -3.4443 1 -8.3151 -3.827 0 -9.239 -5 0 -8.66

4 16 -3.4443 1 -8.3151 -2.3292 1 -8.6931 -2.588 0 -9.659 -3.827 0 -9.239

4 16 -2.3292 1 -8.6931 -1.1745 1 -8.9226 -1.305 0 -9.914 -2.588 0 -9.659

4 16 -1.1745 1 -8.9226 0 1 -9 0 0 -10 -1.305 0 -9.914

4 16 0 1 -9 1.1745 1 -8.9226 1.305 0 -9.914 0 0 -10

4 16 1.1745 1 -8.9226 2.3292 1 -8.6931 2.588 0 -9.659 1.305 0 -9.914

4 16 2.3292 1 -8.6931 3.4443 1 -8.3151 3.827 0 -9.239 2.588 0 -9.659

4 16 3.4443 1 -8.3151 4.5 1 -7.794 5 0 -8.66 3.827 0 -9.239

4 16 4.5 1 -7.794 5.4792 1 -7.1406 6.088 0 -7.934 5 0 -8.66

4 16 5.4792 1 -7.1406 6.3639 1 -6.3639 7.071 0 -7.071 6.088 0 -7.934

4 16 6.3639 1 -6.3639 7.1406 1 -5.4792 7.934 0 -6.088 7.071 0 -7.071

4 16 7.1406 1 -5.4792 7.794 1 -4.5 8.66 0 -5 7.934 0 -6.088

4 16 7.794 1 -4.5 8.3151 1 -3.4443 9.239 0 -3.827 8.66 0 -5

4 16 8.3151 1 -3.4443 8.6931 1 -2.3292 9.659 0 -2.588 9.239 0 -3.827

4 16 8.6931 1 -2.3292 8.9226 1 -1.1745 9.914 0 -1.305 9.659 0 -2.588

4 16 8.9226 1 -1.1745 9 1 0 10 0 0 9.914 0 -1.305



0 // conditional lines

5 24 9 1 0 10 0 0 8.9226 1 -1.1745 8.9226 1 1.1745

5 24 8.9226 1 1.1745 9.914 0 1.305 9 1 0 8.6931 1 2.3292

5 24 8.6931 1 2.3292 9.659 0 2.588 8.9226 1 1.1745 8.3151 1 3.4443

5 24 8.3151 1 3.4443 9.239 0 3.827 8.6931 1 2.3292 7.794 1 4.5

5 24 7.794 1 4.5 8.66 0 5 8.3151 1 3.4443 7.1406 1 5.4792

5 24 7.1406 1 5.4792 7.934 0 6.088 7.794 1 4.5 6.3639 1 6.3639

5 24 6.3639 1 6.3639 7.071 0 7.071 7.1406 1 5.4792 5.4792 1 7.1406

5 24 5.4792 1 7.1406 6.088 0 7.934 6.3639 1 6.3639 4.5 1 7.794

5 24 4.5 1 7.794 5 0 8.66 5.4792 1 7.1406 3.4443 1 8.3151

5 24 3.4443 1 8.3151 3.827 0 9.239 4.5 1 7.794 2.3292 1 8.6931

5 24 2.3292 1 8.6931 2.588 0 9.659 3.4443 1 8.3151 1.1745 1 8.9226

5 24 1.1745 1 8.9226 1.305 0 9.914 2.3292 1 8.6931 0 1 9

5 24 0 1 9 0 0 10 1.1745 1 8.9226 -1.1745 1 8.9226

5 24 -1.1745 1 8.9226 -1.305 0 9.914 0 1 9 -2.3292 1 8.6931

5 24 -2.3292 1 8.6931 -2.588 0 9.659 -1.1745 1 8.9226 -3.4443 1 8.3151

5 24 -3.4443 1 8.3151 -3.827 0 9.239 -2.3292 1 8.6931 -4.5 1 7.794

5 24 -4.5 1 7.794 -5 0 8.66 -3.4443 1 8.3151 -5.4792 1 7.1406

5 24 -5.4792 1 7.1406 -6.088 0 7.934 -4.5 1 7.794 -6.3639 1 6.3639

5 24 -6.3639 1 6.3639 -7.071 0 7.071 -5.4792 1 7.1406 -7.1406 1 5.4792

5 24 -7.1406 1 5.4792 -7.934 0 6.088 -6.3639 1 6.3639 -7.794 1 4.5

5 24 -7.794 1 4.5 -8.66 0 5 -7.1406 1 5.4792 -8.3151 1 3.4443

5 24 -8.3151 1 3.4443 -9.239 0 3.827 -7.794 1 4.5 -8.6931 1 2.3292

5 24 -8.6931 1 2.3292 -9.659 0 2.588 -8.3151 1 3.4443 -8.9226 1 1.1745

5 24 -8.9226 1 1.1745 -9.914 0 1.305 -8.6931 1 2.3292 -9 1 0

5 24 -9 1 0 -10 0 0 -8.9226 1 1.1745 -8.9226 1 -1.1745

5 24 -8.9226 1 -1.1745 -9.914 0 -1.305 -9 1 0 -8.6931 1 -2.3292

5 24 -8.6931 1 -2.3292 -9.659 0 -2.588 -8.9226 1 -1.1745 -8.3151 1 -3.4443

5 24 -8.3151 1 -3.4443 -9.239 0 -3.827 -8.6931 1 -2.3292 -7.794 1 -4.5

5 24 -7.794 1 -4.5 -8.66 0 -5 -8.3151 1 -3.4443 -7.1406 1 -5.4792

5 24 -7.1406 1 -5.4792 -7.934 0 -6.088 -7.794 1 -4.5 -6.3639 1 -6.3639

5 24 -6.3639 1 -6.3639 -7.071 0 -7.071 -7.1406 1 -5.4792 -5.4792 1 -7.1406

5 24 -5.4792 1 -7.1406 -6.088 0 -7.934 -6.3639 1 -6.3639 -4.5 1 -7.794

5 24 -4.5 1 -7.794 -5 0 -8.66 -5.4792 1 -7.1406 -3.4443 1 -8.3151

5 24 -3.4443 1 -8.3151 -3.827 0 -9.239 -4.5 1 -7.794 -2.3292 1 -8.6931

5 24 -2.3292 1 -8.6931 -2.588 0 -9.659 -3.4443 1 -8.3151 -1.1745 1 -8.9226

5 24 -1.1745 1 -8.9226 -1.305 0 -9.914 -2.3292 1 -8.6931 0 1 -9

5 24 0 1 -9 0 0 -10 -1.1745 1 -8.9226 1.1745 1 -8.9226

5 24 1.1745 1 -8.9226 1.305 0 -9.914 0 1 -9 2.3292 1 -8.6931

5 24 2.3292 1 -8.6931 2.588 0 -9.659 1.1745 1 -8.9226 3.4443 1 -8.3151

5 24 3.4443 1 -8.3151 3.827 0 -9.239 2.3292 1 -8.6931 4.5 1 -7.794

5 24 4.5 1 -7.794 5 0 -8.66 3.4443 1 -8.3151 5.4792 1 -7.1406

5 24 5.4792 1 -7.1406 6.088 0 -7.934 4.5 1 -7.794 6.3639 1 -6.3639

5 24 6.3639 1 -6.3639 7.071 0 -7.071 5.4792 1 -7.1406 7.1406 1 -5.4792

5 24 7.1406 1 -5.4792 7.934 0 -6.088 6.3639 1 -6.3639 7.794 1 -4.5

5 24 7.794 1 -4.5 8.66 0 -5 7.1406 1 -5.4792 8.3151 1 -3.4443

5 24 8.3151 1 -3.4443 9.239 0 -3.827 7.794 1 -4.5 8.6931 1 -2.3292

5 24 8.6931 1 -2.3292 9.659 0 -2.588 8.3151 1 -3.4443 8.9226 1 -1.1745

5 24 8.9226 1 -1.1745 9.914 0 -1.305 8.6931 1 -2.3292 9 1 0



0 // end of file



0 NOFILE

0 FILE 48__4-4edge.dat
0 Hi-Res Circle 1.0

0 Name: 48\4-4edge.dat

0 Author: Paul Easter [pneaster]

0 !LDRAW_ORG 48_Primitive UPDATE 2012-01

0 !LICENSE Licensed under CC BY 4.0 : see CAreadme.txt



0 BFC CERTIFY CCW



0 !HISTORY 2002-08-18 [PTadmin] Official Update 2002-04

0 !HISTORY 2007-06-24 [PTadmin] Header formatted for Contributor Agreement

0 !HISTORY 2008-07-01 [PTadmin] Official Update 2008-01

0 !HISTORY 2012-01-15 [MagFors] BFC'ed, title changed from Edge to Circle

0 !HISTORY 2012-03-30 [PTadmin] Official Update 2012-01





1 16 0 0 0 1 0 0 0 1 0 0 0 1 48__1-4edge.dat

1 16 0 0 0 0 0 -1 0 1 0 1 0 0 48__1-4edge.dat

1 16 0 0 0 -1 0 0 0 1 0 0 0 -1 48__1-4edge.dat

1 16 0 0 0 0 0 1 0 1 0 -1 0 0 48__1-4edge.dat



0 NOFILE

0 FILE 48__1-4edge.dat
0 Hi-Res Circle 0.25

0 Name: 48\1-4edge.dat

0 Author: Magnus Forsberg [MagFors]

0 !LDRAW_ORG 48_Primitive UPDATE 2024-01

0 !LICENSE Licensed under CC BY 4.0 : see CAreadme.txt



0 BFC CERTIFY CCW



0 !HISTORY 1999-07-05 [PTadmin] Official Update 1999-05

0 !HISTORY 2007-06-24 [PTadmin] Header formatted for Contributor Agreement

0 !HISTORY 2008-07-01 [PTadmin] Official Update 2008-01

0 !HISTORY 2010-03-17 [MagFors] Updated description

0 !HISTORY 2010-05-21 [mikeheide] BFC'ed and compacted numbers (saved 10% filesize)

0 !HISTORY 2010-07-05 [PTadmin] Official Update 2010-02

0 !HISTORY 2024-01-02 [MagFors] Complete regeneration, original by Manfred Moolhuysen

0 !HISTORY 2024-01-29 [OrionP] Official Update 2024-01



2 24 1 0 0 0.9914 0 0.1305

2 24 0.9914 0 0.1305 0.9659 0 0.2588

2 24 0.9659 0 0.2588 0.9239 0 0.3827

2 24 0.9239 0 0.3827 0.866 0 0.5

2 24 0.866 0 0.5 0.7934 0 0.6088

2 24 0.7934 0 0.6088 0.7071 0 0.7071

2 24 0.7071 0 0.7071 0.6088 0 0.7934

2 24 0.6088 0 0.7934 0.5 0 0.866

2 24 0.5 0 0.866 0.3827 0 0.9239

2 24 0.3827 0 0.9239 0.2588 0 0.9659

2 24 0.2588 0 0.9659 0.1305 0 0.9914

2 24 0.1305 0 0.9914 0 0 1

0 // Build by LDPartEditor (PrimGen 2.X)

0 NOFILE

0 FILE 48__4-4aring.dat
0 Adapter Ring Hi-Res to Normal 1.0

0 Name: 48\4-4aring.dat

0 Author: Philippe Hurbain [Philo]

0 !LDRAW_ORG 48_Primitive UPDATE 2010-02

0 !LICENSE Licensed under CC BY 4.0 : see CAreadme.txt



0 BFC CERTIFY CCW



0 !HISTORY 2010-07-05 [PTadmin] Official Update 2010-02





4 16 0.9239 0 0.3827 1 0 0 0.9914 0 0.1305 0.9659 0 0.2588

4 16 0.7071 0 0.7071 0.9239 0 0.3827 0.866 0 0.5 0.7934 0 0.6088

4 16 0.3827 0 0.9239 0.7071 0 0.7071 0.6088 0 0.7934 0.5 0 0.866

4 16 0 0 1 0.3827 0 0.9239 0.2588 0 0.9659 0.1305 0 0.9914

4 16 -0.3827 0 0.9239 0 0 1 -0.1305 0 0.9914 -0.2588 0 0.9659

4 16 -0.7071 0 0.7071 -0.3827 0 0.9239 -0.5 0 0.866 -0.6088 0 0.7934

4 16 -0.9239 0 0.3827 -0.7071 0 0.7071 -0.7934 0 0.6088 -0.866 0 0.5

4 16 -1 0 0 -0.9239 0 0.3827 -0.9659 0 0.2588 -0.9914 0 0.1305

4 16 -0.9239 0 -0.3827 -1 0 0 -0.9914 0 -0.1305 -0.9659 0 -0.2588

4 16 -0.7071 0 -0.7071 -0.9239 0 -0.3827 -0.866 0 -0.5 -0.7934 0 -0.6088

4 16 -0.3827 0 -0.9239 -0.7071 0 -0.7071 -0.6088 0 -0.7934 -0.5 0 -0.866

4 16 0 0 -1 -0.3827 0 -0.9239 -0.2588 0 -0.9659 -0.1305 0 -0.9914

4 16 0.3827 0 -0.9239 0 0 -1 0.1305 0 -0.9914 0.2588 0 -0.9659

4 16 0.7071 0 -0.7071 0.3827 0 -0.9239 0.5 0 -0.866 0.6088 0 -0.7934

4 16 0.9239 0 -0.3827 0.7071 0 -0.7071 0.7934 0 -0.6088 0.866 0 -0.5

4 16 1 0 0 0.9239 0 -0.3827 0.9659 0 -0.2588 0.9914 0 -0.1305

0 //

0 NOFILE

0 FILE 4-4con8.dat
0 Cone  8 x 1.0

0 Name: 4-4con8.dat

0 Author: Steve Bliss [sbliss]

0 !LDRAW_ORG Primitive UPDATE 2012-01

0 !LICENSE Licensed under CC BY 4.0 : see CAreadme.txt



0 BFC CERTIFY CCW



0 !HISTORY 2000-09-30 [PTadmin] Official Update 2000-02

0 !HISTORY 2002-12-11 [cwdee] Standardised title

0 !HISTORY 2003-03-12 [PTadmin] Official Update 2003-01

0 !HISTORY 2007-06-24 [PTadmin] Header formatted for Contributor Agreement

0 !HISTORY 2008-07-01 [PTadmin] Official Update 2008-01

0 !HISTORY 2012-02-16 [Philo] Changed to CCW

0 !HISTORY 2012-03-30 [PTadmin] Official Update 2012-01





5 24 8 1 0 9 0 0 7.3912 1 -3.0616 7.3912 1 3.0616

5 24 7.3912 1 3.0616 8.3151 0 3.4443 8 1 0 5.6568 1 5.6568

5 24 5.6568 1 5.6568 6.3639 0 6.3639 7.3912 1 3.0616 3.0616 1 7.3912

5 24 3.0616 1 7.3912 3.4443 0 8.3151 5.6568 1 5.6568 0 1 8

5 24 0 1 8 0 0 9 3.0616 1 7.3912 -3.0616 1 7.3912

5 24 -3.0616 1 7.3912 -3.4443 0 8.3151 0 1 8 -5.6568 1 5.6568

5 24 -5.6568 1 5.6568 -6.3639 0 6.3639 -3.0616 1 7.3912 -7.3912 1 3.0616

5 24 -7.3912 1 3.0616 -8.3151 0 3.4443 -5.6568 1 5.6568 -8 1 0

5 24 -8 1 0 -9 0 0 -7.3912 1 3.0616 -7.3912 1 -3.0616

5 24 -7.3912 1 -3.0616 -8.3151 0 -3.4443 -8 1 0 -5.6568 1 -5.6568

5 24 -5.6568 1 -5.6568 -6.3639 0 -6.3639 -7.3912 1 -3.0616 -3.0616 1 -7.3912

5 24 -3.0616 1 -7.3912 -3.4443 0 -8.3151 -5.6568 1 -5.6568 0 1 -8

5 24 0 1 -8 0 0 -9 -3.0616 1 -7.3912 3.0616 1 -7.3912

5 24 3.0616 1 -7.3912 3.4443 0 -8.3151 0 1 -8 5.6568 1 -5.6568

5 24 5.6568 1 -5.6568 6.3639 0 -6.3639 3.0616 1 -7.3912 7.3912 1 -3.0616

5 24 7.3912 1 -3.0616 8.3151 0 -3.4443 5.6568 1 -5.6568 8 1 0



4 16 7.3912 1 3.0616 8.3151 0 3.4443 9 0 0 8 1 0

4 16 5.6568 1 5.6568 6.3639 0 6.3639 8.3151 0 3.4443 7.3912 1 3.0616

4 16 3.0616 1 7.3912 3.4443 0 8.3151 6.3639 0 6.3639 5.6568 1 5.6568

4 16 0 1 8 0 0 9 3.4443 0 8.3151 3.0616 1 7.3912

4 16 -3.0616 1 7.3912 -3.4443 0 8.3151 0 0 9 0 1 8

4 16 -5.6568 1 5.6568 -6.3639 0 6.3639 -3.4443 0 8.3151 -3.0616 1 7.3912

4 16 -7.3912 1 3.0616 -8.3151 0 3.4443 -6.3639 0 6.3639 -5.6568 1 5.6568

4 16 -8 1 0 -9 0 0 -8.3151 0 3.4443 -7.3912 1 3.0616

4 16 -7.3912 1 -3.0616 -8.3151 0 -3.4443 -9 0 0 -8 1 0

4 16 -5.6568 1 -5.6568 -6.3639 0 -6.3639 -8.3151 0 -3.4443 -7.3912 1 -3.0616

4 16 -3.0616 1 -7.3912 -3.4443 0 -8.3151 -6.3639 0 -6.3639 -5.6568 1 -5.6568

4 16 0 1 -8 0 0 -9 -3.4443 0 -8.3151 -3.0616 1 -7.3912

4 16 3.0616 1 -7.3912 3.4443 0 -8.3151 0 0 -9 0 1 -8

4 16 5.6568 1 -5.6568 6.3639 0 -6.3639 3.4443 0 -8.3151 3.0616 1 -7.3912

4 16 7.3912 1 -3.0616 8.3151 0 -3.4443 6.3639 0 -6.3639 5.6568 1 -5.6568

4 16 8 1 0 9 0 0 8.3151 0 -3.4443 7.3912 1 -3.0616

0 NOFILE

0 FILE stud4a.dat
0 Stud Tube Open without Base Edges

0 Name: stud4a.dat

0 Author: James Jessiman

0 !LDRAW_ORG Primitive UPDATE 2009-02

0 !LICENSE Licensed under CC BY 4.0 : see CAreadme.txt



0 BFC CERTIFY CCW



0 !HISTORY 1999-07-05 [PTadmin] Official Update 1999-05

0 !HISTORY 2002-04-04 [sbliss] Modified for BFC compliance

0 !HISTORY 2002-04-25 [PTadmin] Official Update 2002-02

0 !HISTORY 2007-06-24 [PTadmin] Header formatted for Contributor Agreement

0 !HISTORY 2008-07-01 [PTadmin] Official Update 2008-01

0 !HISTORY 2009-06-21 [cwdee] Update ring references to 4-4ring

0 !HISTORY 2009-09-03 [PTadmin] Official Update 2009-02





1 16 0 -4 0 6 0 0 0 1 0 0 0 6 4-4edge.dat

1 16 0 -4 0 8 0 0 0 1 0 0 0 8 4-4edge.dat

0 BFC INVERTNEXT

1 16 0 -4 0 6 0 0 0 4 0 0 0 6 4-4cyli.dat

1 16 0 -4 0 8 0 0 0 4 0 0 0 8 4-4cyli.dat

1 16 0 -4 0 2 0 0 0 1 0 0 0 2 4-4ring3.dat

0

0 NOFILE

0 FILE 4095.dat
0 Bar  6.6L with Stop

0 Name: 4095.dat

0 Author: James Jessiman

0 !LDRAW_ORG Part UPDATE 2010-03

0 !LICENSE Licensed under CC BY 4.0 : see CAreadme.txt



0 BFC CERTIFY CCW



0 !KEYWORDS pole, rod, Small, stand, town, umbrella



0 !HISTORY 2010-10-21 [westrate] CA rewrite; use cylc, cylo, and ring primitives

0 !HISTORY 2010-12-31 [PTadmin] Official Update 2010-03





1 16 0 12 0 4 0 0 0 -12 0 0 0 4 4-4cylc.dat

1 16 0 -120 0 4 0 0 0 116 0 0 0 4 4-4cylc.dat

1 16 0 0 0 6 0 0 0 -4 0 0 0 6 4-4cylo.dat

1 16 0 0 0 2 0 0 0 -1 0 0 0 2 4-4ring2.dat

1 16 0 -4 0 2 0 0 0 1 0 0 0 2 4-4ring2.dat

0

0 NOFILE

0 FILE 4-4cylc.dat
0 Cylinder Closed 1.0

0 Name: 4-4cylc.dat

0 Author: Alex Taylor [anathema]

0 !LDRAW_ORG Primitive UPDATE 2009-02

0 !LICENSE Licensed under CC BY 4.0 : see CAreadme.txt



0 BFC CERTIFY CCW



0 !HISTORY 2008-12-29 [cwdee] Removed one disc

0 !HISTORY 2009-09-03 [PTadmin] Official Update 2009-02





1 16 0 0 0 1 0 0 0 1 0 0 0 1 4-4edge.dat

1 16 0 1 0 1 0 0 0 1 0 0 0 1 4-4edge.dat

1 16 0 0 0 1 0 0 0 1 0 0 0 1 4-4disc.dat

1 16 0 0 0 1 0 0 0 1 0 0 0 1 4-4cyli.dat

0

0 NOFILE

0 FILE 25269.dat
0 Tile  1 x  1 Corner Round

0 Name: 25269.dat

0 Author: Magnus Forsberg [MagFors]

0 !LDRAW_ORG Part UPDATE 2019-02

0 !LICENSE Licensed under CC BY 4.0 : see CAreadme.txt



0 BFC CERTIFY CCW



0 !HISTORY 2019-09-09 [PTadmin] Official Update 2019-02





1 16 0 0 0 1 0 0 0 1 0 0 0 1 s__25269s01.dat

1 16 -10 0 10 0 0 20 0 1 0 -20 0 0 1-4disc.dat

0 NOFILE

0 FILE 1-4disc.dat
0 Disc 0.25

0 Name: 1-4disc.dat

0 Author: James Jessiman

0 !LDRAW_ORG Primitive UPDATE 2002-02

0 !LICENSE Licensed under CC BY 4.0 : see CAreadme.txt



0 BFC CERTIFY CCW



0 !HISTORY 2002-03-23 [sbliss] Added BFC statement.

0 !HISTORY 2002-04-25 [PTadmin] Official Update 2002-02

0 !HISTORY 2007-06-22 [PTadmin] Header formatted for Contributor Agreement

0 !HISTORY 2008-07-01 [PTadmin] Official Update 2008-01





3 16 0 0 0 1 0 0 0.9239 0 0.3827

3 16 0 0 0 0.9239 0 0.3827 0.7071 0 0.7071

3 16 0 0 0 0.7071 0 0.7071 0.3827 0 0.9239

3 16 0 0 0 0.3827 0 0.9239 0 0 1

0

0 NOFILE

0 FILE s__25269s01.dat
0 ~Tile  1 x  1 Corner Round without Top Surface

0 Name: s\25269s01.dat

0 Author: Magnus Forsberg [MagFors]

0 !LDRAW_ORG Subpart UPDATE 2019-02

0 !LICENSE Licensed under CC BY 4.0 : see CAreadme.txt



0 BFC CERTIFY CCW



0 !HISTORY 2019-09-09 [PTadmin] Official Update 2019-02





1 16 0 3.5 0 0 0 -10 -3.5 0 0 0 10 0 box2-5.dat

1 16 -0.1 7.5 0.1 0 -8.9 0 0.5 0 0 0 0 8.9 box2-5.dat

0 BFC INVERTNEXT

1 16 -0.4 6 0.4 0 0 -5.6 -2 0 0 0 5.6 0 box2-5.dat

1 16 -10 0 10 0 0 20 0 1 0 -20 0 0 1-4edge.dat

1 16 -10 0 10 0 0 20 0 4 0 -20 0 0 1-4cyli.dat

1 16 -1.696 7.5 -6.864 0 0 1.0331 0.5 0 0 0 1 0.6905 rect3.dat

1 16 -1.579 6 -5.686 0 0 0.7175 -2 0 0 0 -1 -0.1427 rect3.dat

1 16 -5.865 7.5 -8.177 -3.1355 0 0 0 0 0.5 -0.6228 1 0 rect2p.dat

1 16 -10 7 10 0 0 20 0 1 0 -20 0 0 1-16edge.dat

1 16 -10 4 10 0 0 20 0 3 0 -20 0 0 1-16cyli.dat

1 16 -10 7 10 0 0 20 0 -1 0 -20 0 0 1-16chrd.dat

1 16 -10 7 10 20 0 0 0 1 0 0 0 -20 1-16edge.dat

1 16 -10 4 10 20 0 0 0 3 0 0 0 -20 1-16cyli.dat

1 16 -10 7 10 20 0 0 0 -1 0 0 0 -20 1-16chrd.dat

1 16 8.177 7.5 5.865 -0.6228 -1 0 0 0 0.5 -3.1355 0 0 rect2p.dat

1 16 6.864 7.5 1.696 0 -1 -0.6905 -0.5 0 0 0 0 -1.0331 rect3.dat

1 16 5.686 6 1.579 0 1 0.1427 2 0 0 0 0 -0.7175 rect3.dat

1 16 -4.828 6 -4.917 1.1721 0 0 0 0 2 0.2826 -1 0 rect2p.dat

1 16 4.917 6 4.828 0.2826 1 0 0 0 2 1.1721 0 0 rect2p.dat

1 16 -2.976 6 -5.089 0 0 -0.6798 2 0 0 0 -1 0.4543 rect3.dat

1 16 5.089 6 2.976 0 1 -0.4543 -2 0 0 0 0 0.6798 rect3.dat

1 16 7.751 5.5 1.259 -0.7267 -1 0 0 0 1.5 -1.0875 0 0 rect2a.dat

1 16 -1.259 5.5 -7.751 0 0 1.0875 1.5 0 0 0 1 0.7267 rect2a.dat

2 24 -0.862 4 -5.829 -0.171 4 -7.025

2 24 -0.171 4 -7.025 4.142 4 -4.142

2 24 4.142 4 -4.142 7.025 4 0.171

2 24 7.025 4 0.171 5.829 4 0.862

2 24 5.829 8 0.862 6.174 8 0.663

2 24 -0.663 8 -6.174 -0.862 8 -5.829

2 24 6.174 7 0.663 7.025 7 0.171

2 24 -0.171 7 -7.025 -0.663 7 -6.174

3 16 5.2 4 6 4.634 4 3.656 -6 4 6

3 16 7.555 8 2.729 5.543 8 2.297 4.634 8 3.656

3 16 -2.297 8 -5.543 -2.729 8 -7.555 -3.656 8 -4.634

3 16 -6 4 6 -3.656 4 -4.634 -6 4 -5.2

4 16 -0.663 7 -6.174 -0.663 8 -6.174 -0.862 8 -5.829 -0.862 4 -5.829

4 16 -0.171 7 -7.025 -0.663 7 -6.174 -0.862 4 -5.829 -0.171 4 -7.025

4 16 -6 8 -5.2 -3.656 8 -4.634 -2.729 8 -7.555 -9 8 -8.8

4 16 -10 7 10 -9 7 9 -9 7 -8.8 -10 7 -10

4 16 -0.862 8 -5.829 -0.663 8 -6.174 -2.729 8 -7.555 -2.297 8 -5.543

4 16 -2.346 7 -8.478 -2.729 7 -7.555 -0.663 7 -6.174 -0.171 7 -7.025

4 16 -2.729 7 -7.555 -2.346 7 -8.478 -10 7 -10 -9 7 -8.8

4 16 -6 8 6 -6 8 -5.2 -9 8 -8.8 -9 8 9

4 16 5.2 8 6 -6 8 6 -9 8 9 8.8 8 9

4 16 -6 4 6 5.829 4 0.862 7.025 4 0.171 4.142 4 -4.142

4 16 -0.862 4 -5.829 -2.297 4 -5.543 -3.656 4 -4.634 -6 4 6

4 16 4.142 4 -4.142 -0.171 4 -7.025 -0.862 4 -5.829 -6 4 6

4 16 -6 4 6 4.634 4 3.656 5.543 4 2.297 5.829 4 0.862

4 16 4.634 8 3.656 5.2 8 6 8.8 8 9 7.555 8 2.729

4 16 7.025 4 0.171 5.829 4 0.862 6.174 7 0.663 7.025 7 0.171

4 16 7.555 8 2.729 6.174 8 0.663 5.829 8 0.862 5.543 8 2.297

4 16 5.829 8 0.862 6.174 8 0.663 6.174 7 0.663 5.829 4 0.862

4 16 8.8 7 9 -9 7 9 -10 7 10 10 7 10

4 16 7.025 7 0.171 6.174 7 0.663 7.555 7 2.729 8.478 7 2.346

4 16 10 7 10 8.478 7 2.346 7.555 7 2.729 8.8 7 9

5 24 7.555 8 2.729 7.555 7 2.729 6.174 7 0.663 8.8 7 9

5 24 -2.729 8 -7.555 -2.729 7 -7.555 -0.663 7 -6.174 -9 7 -8.8

5 24 5.543 8 2.297 5.543 4 2.297 4.634 4 3.656 5.829 4 0.862

5 24 -2.297 8 -5.543 -2.297 4 -5.543 -0.862 8 -5.829 -3.656 8 -4.634

5 24 8.478 4 2.346 8.478 7 2.346 10 7 10 7.025 7 0.171

5 24 -2.346 4 -8.478 -2.346 7 -8.478 -0.171 7 -7.025 -10 7 -10

0 NOFILE

0 FILE rect2a.dat
0 Rectangle with 2 Adjacent Edges

0 Name: rect2a.dat

0 Author: Chris Dee [cwdee]

0 !LDRAW_ORG Primitive UPDATE 2010-01

0 !LICENSE Licensed under CC BY 4.0 : see CAreadme.txt



0 BFC CERTIFY CCW



0 !HISTORY 2003-12-19 [PTadmin] Official Update 2003-03

0 !HISTORY 2007-06-24 [PTadmin] Header formatted for Contributor Agreement

0 !HISTORY 2008-07-01 [PTadmin] Official Update 2008-01

0 !HISTORY 2010-01-17 [mikeheide] changed winding to CCW

0 !HISTORY 2010-04-05 [PTadmin] Official Update 2010-01





2 24 1 0 1 -1 0 1

2 24 1 0 -1 1 0 1

4 16 -1 0 1 -1 0 -1 1 0 -1 1 0 1

0

0 NOFILE

0 FILE 1-16chrd.dat
0 Chord 0.0625

0 Name: 1-16chrd.dat

0 Author: Philippe Hurbain [Philo]

0 !LDRAW_ORG Primitive UPDATE 2015-01

0 !LICENSE Licensed under CC BY 4.0 : see CAreadme.txt



0 BFC CERTIFY CCW



0 !HISTORY 2015-10-11 [PTadmin] Official Update 2015-01





0 // This file is intentionally empty because at the current \P resolution,

0 // an 1-16chrd is actually empty. However, this file still is present

0 // to allow tools to do primitives substition and fill in a real chrd here,

0 // or, if desired, to substitute this with the hi-res 48\1-16chrd.



0 // This file is based on an idea by Darats at http://forums.ldraw.org/read.php?19,14500,14500#msg-14500



1 16 0 0 0 1 0 0 0 1 0 0 0 1 empty.dat
0 NOFILE

0 FILE empty.dat
0 Empty

0 Name: empty.dat

0 Author: Steffen [Steffen]

0 !LDRAW_ORG Primitive UPDATE 2025-08

0 !LICENSE Licensed under CC BY 4.0 : see CAreadme.txt



0 BFC CERTIFY CCW



0 !HISTORY 2015-10-11 [PTadmin] Official Update 2015-01

0 !HISTORY 2025-08-13 [OrionP] Fix comments

0 !HISTORY 2025-08-31 [OrionP] Official Update 2025-08



0 // Tool MLCad cannot handle really empty files. This file is used as a workaround.

0 // It exceptionally contains forbidden non-LDRAW standard syntax to satisfy MLCad

0 // until it is fixed OR a different editor has become the de-facto LDRAW standard.

0 // The line being used here is an "impossible" conditional line which never should be visible,

0 // additionally hidden by a syntax explicitly hiding it from displaying.



0 MLCAD HIDE 5 24 0 0 0 0.0001 0 0 0.0001 -0.0001 0 0 0 0
0 NOFILE

0 FILE 1-16cyli.dat
0 Cylinder 0.0625

0 Name: 1-16cyli.dat

0 Author: Marc Klein [marckl]

0 !LDRAW_ORG Primitive UPDATE 2005-01

0 !LICENSE Licensed under CC BY 4.0 : see CAreadme.txt



0 BFC CERTIFY CCW



0 !HISTORY 2004-03-02 [PTadmin] Official Update 2004-01

0 !HISTORY 2004-12-11 [nielsk] Recreated using Primitive Generator, Edge lines fixed, BFC changed to CCW

0 !HISTORY 2005-12-28 [PTadmin] Official Update 2005-01

0 !HISTORY 2007-06-22 [PTadmin] Header formatted for Contributor Agreement

0 !HISTORY 2008-07-01 [PTadmin] Official Update 2008-01





4 16 .9239 1 .3827 .9239 0 .3827 1 0 0 1 1 0

5 24 1 1 0 1 0 0 1 1 -.4142 .9239 1 .3827

5 24 .9239 1 .3827 .9239 0 .3827 1 1 0 .7654 1 .7654

0

0 NOFILE

0 FILE 1-16edge.dat
0 Circle 0.0625

0 Name: 1-16edge.dat

0 Author: Marc Klein [marckl]

0 !LDRAW_ORG Primitive UPDATE 2017-01

0 !LICENSE Licensed under CC BY 4.0 : see CAreadme.txt



0 BFC CERTIFY CCW



0 !HISTORY 2004-03-02 [PTadmin] Official Update 2004-01

0 !HISTORY 2007-06-22 [PTadmin] Header formatted for Contributor Agreement

0 !HISTORY 2008-07-01 [PTadmin] Official Update 2008-01

0 !HISTORY 2017-01-15 [Steffen] BFCed

0 !HISTORY 2017-12-30 [PTadmin] Official Update 2017-01





2 24 1 0 0 0.9239 0 0.3827

0 NOFILE

0 FILE rect2p.dat
0 Rectangle with 2 Parallel Edges

0 Name: rect2p.dat

0 Author: Donald Sutter [technog]

0 !LDRAW_ORG Primitive UPDATE 2010-01

0 !LICENSE Licensed under CC BY 4.0 : see CAreadme.txt



0 BFC CERTIFY CCW



0 !HISTORY 2003-08-01 [PTadmin] Official Update 2003-02

0 !HISTORY 2007-06-24 [PTadmin] Header formatted for Contributor Agreement

0 !HISTORY 2008-07-01 [PTadmin] Official Update 2008-01

0 !HISTORY 2010-01-17 [mikeheide] changed winding to CCW

0 !HISTORY 2010-04-05 [PTadmin] Official Update 2010-01





2 24 1 0 1 -1 0 1

2 24 -1 0 -1 1 0 -1

4 16 -1 0 1 -1 0 -1 1 0 -1 1 0 1

0

0 NOFILE

0 FILE rect3.dat
0 Rectangle with 3 Edges

0 Name: rect3.dat

0 Author: Mark Kennedy [mkennedy]

0 !LDRAW_ORG Primitive UPDATE 2010-01

0 !LICENSE Licensed under CC BY 4.0 : see CAreadme.txt



0 BFC CERTIFY CCW



0 !HISTORY 2003-08-01 [PTadmin] Official Update 2003-02

0 !HISTORY 2007-06-24 [PTadmin] Header formatted for Contributor Agreement

0 !HISTORY 2008-07-01 [PTadmin] Official Update 2008-01

0 !HISTORY 2010-01-17 [mikeheide] Change winding to CCW

0 !HISTORY 2010-04-05 [PTadmin] Official Update 2010-01





2 24 1 0 1 -1 0 1

2 24 1 0 1 1 0 -1

2 24 -1 0 1 -1 0 -1

4 16 -1 0 1 -1 0 -1 1 0 -1 1 0 1

0 //

0 NOFILE

0 FILE 1-4cyli.dat
0 Cylinder 0.25

0 Name: 1-4cyli.dat

0 Author: James Jessiman

0 !LDRAW_ORG Primitive UPDATE 2012-01

0 !LICENSE Licensed under CC BY 4.0 : see CAreadme.txt



0 BFC CERTIFY CCW



0 !HISTORY 2002-03-23 [sbliss] Added BFC statement.

0 !HISTORY 2002-04-25 [PTadmin] Official Update 2002-02

0 !HISTORY 2007-06-22 [PTadmin] Header formatted for Contributor Agreement

0 !HISTORY 2008-07-01 [PTadmin] Official Update 2008-01

0 !HISTORY 2012-02-16 [Philo] Changed to CCW

0 !HISTORY 2012-03-30 [PTadmin] Official Update 2012-01





4 16 1 1 0 0.9239 1 0.3827 0.9239 0 0.3827 1 0 0

5 24 1 0 0 1 1 0 0.9239 0 0.3827 1 0 -1

4 16 0.9239 1 0.3827 0.7071 1 0.7071 0.7071 0 0.7071 0.9239 0 0.3827

5 24 0.9239 0 0.3827 0.9239 1 0.3827 0.7071 0 0.7071 1 0 0

4 16 0.7071 1 0.7071 0.3827 1 0.9239 0.3827 0 0.9239 0.7071 0 0.7071

5 24 0.7071 0 0.7071 0.7071 1 0.7071 0.3827 0 0.9239 0.9239 0 0.3827

4 16 0.3827 1 0.9239 0 1 1 0 0 1 0.3827 0 0.9239

5 24 0.3827 0 0.9239 0.3827 1 0.9239 0 0 1 0.7071 0 0.7071

5 24 0 0 1 0 1 1 0.3827 0 0.9239 -1 0 1

0 NOFILE

0 FILE 1-4edge.dat
0 Circle 0.25

0 Name: 1-4edge.dat

0 Author: James Jessiman

0 !LDRAW_ORG Primitive UPDATE 2017-01

0 !LICENSE Licensed under CC BY 4.0 : see CAreadme.txt



0 BFC CERTIFY CCW



0 !HISTORY 2007-06-22 [PTadmin] Header formatted for Contributor Agreement

0 !HISTORY 2008-07-01 [PTadmin] Official Update 2008-01

0 !HISTORY 2017-01-15 [Steffen] BFCed

0 !HISTORY 2017-12-30 [PTadmin] Official Update 2017-01





2 24 1 0 0 0.9239 0 0.3827

2 24 0.9239 0 0.3827 0.7071 0 0.7071

2 24 0.7071 0 0.7071 0.3827 0 0.9239

2 24 0.3827 0 0.9239 0 0 1

0 NOFILE

0 FILE 11212.dat
0 Plate  3 x  3

0 Name: 11212.dat

0 Author: Rolf Osterthun [Rolf]

0 !LDRAW_ORG Part UPDATE 2012-03

0 !LICENSE Licensed under CC BY 4.0 : see CAreadme.txt



0 BFC CERTIFY CCW



0 !HISTORY 2012-09-19 [Rolf] Creation

0 !HISTORY 2012-12-28 [PTadmin] Official Update 2012-03





1 16 0 4 0 1 0 0 0 -1 0 0 0 1 stug4-2x2.dat

1 16 0 8 0 30 0 0 0 -8 0 0 0 30 box5.dat

0 BFC INVERTNEXT

1 16 0 8 0 26 0 0 0 -4 0 0 0 26 box5.dat

1 16 0 0 0 1 0 0 0 1 0 0 0 1 stug-3x3.dat



4 16 30 8 30 26 8 26 -26 8 26 -30 8 30

4 16 -30 8 -30 -26 8 -26 26 8 -26 30 8 -30

4 16 30 8 -30 26 8 -26 26 8 26 30 8 30

4 16 -30 8 30 -26 8 26 -26 8 -26 -30 8 -30

0 NOFILE

0 FILE stug-3x3.dat
0 Stud Group  3 x  3

0 Name: stug-3x3.dat

0 Author: Steve Bliss [sbliss]

0 !LDRAW_ORG Primitive UPDATE 2011-01

0 !LICENSE Licensed under CC BY 4.0 : see CAreadme.txt



0 BFC CERTIFY CCW



0 !HISTORY 2005-12-28 [PTadmin] Official Update 2005-01

0 !HISTORY 2007-05-04 [PTadmin] Header formatted for Contributor Agreement

0 !HISTORY 2008-07-01 [PTadmin] Official Update 2008-01

0 !HISTORY 2011-07-01 [PTadmin] Renamed from stug3

0 !HISTORY 2011-07-25 [PTadmin] Official Update 2011-01





1 16 -20 0 -20 1 0 0 0 1 0 0 0 1 stud.dat

1 16 -20 0 0 1 0 0 0 1 0 0 0 1 stud.dat

1 16 -20 0 20 1 0 0 0 1 0 0 0 1 stud.dat

1 16 0 0 -20 1 0 0 0 1 0 0 0 1 stud.dat

1 16 0 0 0 1 0 0 0 1 0 0 0 1 stud.dat

1 16 0 0 20 1 0 0 0 1 0 0 0 1 stud.dat

1 16 20 0 -20 1 0 0 0 1 0 0 0 1 stud.dat

1 16 20 0 0 1 0 0 0 1 0 0 0 1 stud.dat

1 16 20 0 20 1 0 0 0 1 0 0 0 1 stud.dat

0

0 NOFILE

0 FILE stug4-2x2.dat
0 Stud Tube Open Group  2 x  2

0 Name: stug4-2x2.dat

0 Author: Steffen [Steffen]

0 !LDRAW_ORG Primitive UPDATE 2011-01

0 !LICENSE Licensed under CC BY 4.0 : see CAreadme.txt



0 BFC CERTIFY CCW



0 !HISTORY 2011-07-25 [PTadmin] Official Update 2011-01





1 16 -10 0 -10 1 0 0 0 1 0 0 0 1 stud4.dat

1 16 10 0 -10 1 0 0 0 1 0 0 0 1 stud4.dat

1 16 -10 0 10 1 0 0 0 1 0 0 0 1 stud4.dat

1 16 10 0 10 1 0 0 0 1 0 0 0 1 stud4.dat

0 NOFILE

0 FILE stud4.dat
0 Stud Tube Open

0 Name: stud4.dat

0 Author: James Jessiman

0 !LDRAW_ORG Primitive UPDATE 2009-02

0 !LICENSE Licensed under CC BY 4.0 : see CAreadme.txt



0 BFC CERTIFY CCW



0 !HISTORY 1999-07-05 [PTadmin] Official Update 1999-05

0 !HISTORY 2002-04-04 [sbliss] Modified for BFC compliance

0 !HISTORY 2002-04-25 [PTadmin] Official Update 2002-02

0 !HISTORY 2007-06-24 [PTadmin] Header formatted for Contributor Agreement

0 !HISTORY 2008-07-01 [PTadmin] Official Update 2008-01

0 !HISTORY 2009-06-21 [cwdee] Update ring references to 4-4ring

0 !HISTORY 2009-09-03 [PTadmin] Official Update 2009-02





1 16 0 -4 0 6 0 0 0 1 0 0 0 6 4-4edge.dat

1 16 0 -4 0 8 0 0 0 1 0 0 0 8 4-4edge.dat

1 16 0 0 0 6 0 0 0 1 0 0 0 6 4-4edge.dat

1 16 0 0 0 8 0 0 0 1 0 0 0 8 4-4edge.dat

0 BFC INVERTNEXT

1 16 0 -4 0 6 0 0 0 4 0 0 0 6 4-4cyli.dat

1 16 0 -4 0 8 0 0 0 4 0 0 0 8 4-4cyli.dat

1 16 0 -4 0 2 0 0 0 1 0 0 0 2 4-4ring3.dat

0

0 NOFILE

0 FILE 2555.dat
0 Tile  1 x  1 with Clip

0 Name: 2555.dat

0 Author: James Jessiman

0 !LDRAW_ORG Part UPDATE 2025-09

0 !LICENSE Licensed under CC BY 4.0 : see CAreadme.txt



0 BFC CERTIFY CCW



0 !HISTORY 2003-11-13 [sbliss] Updated 3070 reference to 3070a

0 !HISTORY 2003-11-13 [Steffen] BFCed

0 !HISTORY 2003-12-19 [PTadmin] Official Update 2003-03

0 !HISTORY 2007-05-14 [PTadmin] Header formatted for Contributor Agreement

0 !HISTORY 2008-07-01 [PTadmin] Official Update 2008-01

0 !HISTORY 2013-12-15 [MagFors] Added edge lines inside the clip

0 !HISTORY 2013-12-23 [PTadmin] Official Update 2013-02

0 !HISTORY 2025-09-27 [OrionP] Changed winding to CCW

0 !HISTORY 2025-09-29 [OrionP] Official Update 2025-09



1 16 0 0 0 1 0 0 0 1 0 0 0 1 3070a.dat



2 24 10 0 4 -10 0 4

2 24 10 0 -4 -10 0 -4

4 16 10 0 -4 4 -2 -4 -4 -2 -4 -10 0 -4

4 16 -10 0 4 -4 -2 4 4 -2 4 10 0 4

1 16 0 -6 4 0 0 -4 4 0 0 0 -1 0 5-16ndis.dat

1 16 0 -6 4 0 0 4 4 0 0 0 -1 0 5-16ndis.dat

1 16 0 -6 -4 0 0 -4 4 0 0 0 1 0 5-16ndis.dat

1 16 0 -6 -4 0 0 4 4 0 0 0 1 0 5-16ndis.dat

0 BFC INVERTNEXT

1 16 0 -6 4 0 0 -4 4 0 0 0 -8 0 5-16cylo.dat

0 BFC INVERTNEXT

1 16 0 -6 4 0 0 4 4 0 0 0 -8 0 5-16cylo.dat

1 16 -3.8478 -8.7654 0 0 -1 -0.1522 0 0 -1.2346 -4 0 0 rect.dat

1 16 3.8478 -8.7654 0 0 1 0.1522 0 0 -1.2346 4 0 0 rect.dat

1 16 7 -5 0 0 2 -1 0 0 -5 -4 0 0 box2-7.dat

1 16 -7 -5 0 0 -2 1 0 0 -5 4 0 0 box2-7.dat

4 16 10 0 -4 8 -10 -4 4 -6 -4 4 -2 -4

3 16 4 -10 -4 4 -6 -4 8 -10 -4

4 16 -4 -2 -4 -4 -6 -4 -8 -10 -4 -10 0 -4

3 16 -8 -10 -4 -4 -6 -4 -4 -10 -4

4 16 4 -2 4 4 -6 4 8 -10 4 10 0 4

3 16 8 -10 4 4 -6 4 4 -10 4

4 16 -10 0 4 -8 -10 4 -4 -6 4 -4 -2 4

3 16 -4 -10 4 -4 -6 4 -8 -10 4
0 NOFILE

0 FILE rect.dat
0 Rectangle

0 Name: rect.dat

0 Author: James Jessiman

0 !LDRAW_ORG Primitive UPDATE 2010-01

0 !LICENSE Licensed under CC BY 4.0 : see CAreadme.txt



0 BFC CERTIFY CCW



0 !HISTORY 2002-04-05 [hafhead] Added BFC statement

0 !HISTORY 2002-04-25 [PTadmin] Official Update 2002-02

0 !HISTORY 2007-06-24 [PTadmin] Header formatted for Contributor Agreement

0 !HISTORY 2008-07-01 [PTadmin] Official Update 2008-01

0 !HISTORY 2010-01-17 [mikeheide] changed winding to CCW

0 !HISTORY 2010-04-05 [PTadmin] Official Update 2010-01





2 24 1 0 1 -1 0 1

2 24 -1 0 1 -1 0 -1

2 24 -1 0 -1 1 0 -1

2 24 1 0 -1 1 0 1

4 16 -1 0 1 -1 0 -1 1 0 -1 1 0 1

0

0 NOFILE

0 FILE 5-16cylo.dat
0 Cylinder Open 0.3125

0 Name: 5-16cylo.dat

0 Author: Max Martin Richter [MMR1988]

0 !LDRAW_ORG Primitive UPDATE 2013-01

0 !LICENSE Licensed under CC BY 4.0 : see CAreadme.txt



0 BFC CERTIFY CCW



0 !HISTORY 2013-07-21 [PTadmin] Official Update 2013-01





1 16 0 0 0 1 0 0 0 1 0 0 0 1 5-16cyli.dat

1 16 0 0 0 1 0 0 0 1 0 0 0 1 5-16edge.dat

1 16 0 1 0 1 0 0 0 1 0 0 0 1 5-16edge.dat

0 NOFILE

0 FILE 5-16edge.dat
0 Circle 0.3125

0 Name: 5-16edge.dat

0 Author: Philippe Hurbain [Philo]

0 !LDRAW_ORG Primitive UPDATE 2009-03

0 !LICENSE Licensed under CC BY 4.0 : see CAreadme.txt



0 BFC CERTIFY CCW



0 !HISTORY 2009-12-29 [PTadmin] Official Update 2009-03





2 24 1 0 0 0.9239 0 0.3827

2 24 0.9239 0 0.3827 0.7071 0 0.7071

2 24 0.7071 0 0.7071 0.3827 0 0.9239

2 24 0.3827 0 0.9239 0 0 1

2 24 0 0 1 -0.3827 0 0.9239



0 // end of file



0 NOFILE

0 FILE 5-16cyli.dat
0 Cylinder 0.3125

0 Name: 5-16cyli.dat

0 Author: Philippe Hurbain [Philo]

0 !LDRAW_ORG Primitive UPDATE 2009-03

0 !LICENSE Licensed under CC BY 4.0 : see CAreadme.txt



0 BFC CERTIFY CCW



0 !HISTORY 2009-12-29 [PTadmin] Official Update 2009-03





4 16 0.9239 0 0.3827 1 0 0 1 1 0 0.9239 1 0.3827

4 16 0.7071 0 0.7071 0.9239 0 0.3827 0.9239 1 0.3827 0.7071 1 0.7071

4 16 0.3827 0 0.9239 0.7071 0 0.7071 0.7071 1 0.7071 0.3827 1 0.9239

4 16 0 0 1 0.3827 0 0.9239 0.3827 1 0.9239 0 1 1

4 16 -0.3827 0 0.9239 0 0 1 0 1 1 -0.3827 1 0.9239



0 // conditional lines

5 24 1 1 0 1 0 0 1 1 -0.4142 0.9239 1 0.3827

5 24 0.9239 1 0.3827 0.9239 0 0.3827 1 1 0 0.7071 1 0.7071

5 24 0.7071 1 0.7071 0.7071 0 0.7071 0.9239 1 0.3827 0.3827 1 0.9239

5 24 0.3827 1 0.9239 0.3827 0 0.9239 0.7071 1 0.7071 0 1 1

5 24 0 1 1 0 0 1 0.3827 1 0.9239 -0.3827 1 0.9239

5 24 -0.3827 1 0.9239 -0.3827 0 0.9239 0 1 1 -0.7654 1 0.7654



0 // end of file



0 NOFILE

0 FILE 5-16ndis.dat
0 Disc Negative 0.3125

0 Name: 5-16ndis.dat

0 Author: Max Martin Richter [MMR1988]

0 !LDRAW_ORG Primitive UPDATE 2013-01

0 !LICENSE Licensed under CC BY 4.0 : see CAreadme.txt



0 BFC CERTIFY CCW



0 !HISTORY 2013-07-21 [PTadmin] Official Update 2013-01





3 16 1 0 1 0.9239 0 0.3827 1 0 0

3 16 1 0 1 0.7071 0 0.7071 0.9239 0 0.3827

3 16 1 0 1 0.3827 0 0.9239 0.7071 0 0.7071

3 16 1 0 1 0 0 1 0.3827 0 0.9239

3 16 -1 0 1 -0.3827 0 0.9239 0 0 1

0 // Build by Primitive Generator 2

0 NOFILE

0 FILE 3070a.dat
0 Tile  1 x  1 without Groove

0 Name: 3070a.dat

0 Author: James Jessiman

0 !LDRAW_ORG Part UPDATE 2025-09

0 !LICENSE Licensed under CC BY 4.0 : see CAreadme.txt



0 BFC CERTIFY CCW



0 !HISTORY 2003-07-01 [Steffen] BFCed

0 !HISTORY 2003-12-19 [PTadmin] Official Update 2003-03

0 !HISTORY 2007-10-13 [PTadmin] Header formatted for Contributor Agreement

0 !HISTORY 2008-07-01 [PTadmin] Official Update 2008-01

0 !HISTORY 2025-09-27 [OrionP] Changed winding to CCW

0 !HISTORY 2025-09-29 [OrionP] Official Update 2025-09



1 16 0 8 0 10 0 0 0 -8 0 0 0 10 box4.dat

0 BFC INVERTNEXT

1 16 0 8 0 6 0 0 0 -4 0 0 0 6 box5.dat

4 16 10 8 10 6 8 6 -6 8 6 -10 8 10

4 16 -10 8 10 -6 8 6 -6 8 -6 -10 8 -10

4 16 -10 8 -10 -6 8 -6 6 8 -6 10 8 -10

4 16 10 8 -10 6 8 -6 6 8 6 10 8 10

4 16 -10 0 -10 10 0 -10 10 0 10 -10 0 10

0
0 NOFILE

0 FILE 20401.dat
0 Decoration Ball 11.3

0 Name: 20401.dat

0 Author: Magnus Forsberg [MagFors]

0 !LDRAW_ORG Part UPDATE 2024-02

0 !LICENSE Licensed under CC BY 4.0 : see CAreadme.txt



0 BFC CERTIFY CCW



0 !CATEGORY Sphere



0 !HISTORY 2018-12-08 [PTadmin] Official Update 2018-02

0 !HISTORY 2024-03-23 [OrionP] Updated ring primitives

0 !HISTORY 2024-03-24 [OrionP] Official Update 2024-02



1 16 0 -4 0 1 0 0 0 -1 0 0 0 1 stud4od.dat

1 16 0 -4 0 0.5 0 0 0 -1 0 0 0 -0.5 4-4ring11.dat

1 16 0 -4 0 5.5 0 0 0 1 0 0 0 5.5 4-4edge.dat

0 BFC INVERTNEXT

1 16 0 -11 0 5.5 0 0 0 7 0 0 0 5.5 4-4cyli.dat

0 BFC INVERTNEXT

1 16 0 -11 0 5.5 0 0 0 -5.5 0 0 0 -5.5 4-8sphe.dat

1 16 0 0 0 8.8 0 0 0 1 0 0 0 8.8 4-4edge.dat

1 16 0 0 0 0.8 0 0 0 -1 0 0 0 -0.8 4-4ring10.dat

1 16 0 -11 0 0 1.1 0 0 0 1.1 1.1 0 0 s__90617s02.dat

1 16 0 -11 0 -1.1 0 0 0 0 1.1 0 1.1 0 s__90617s02.dat

1 16 0 -11 0 0 -1.1 0 0 0 1.1 -1.1 0 0 s__90617s02.dat

1 16 0 -11 0 1.1 0 0 0 0 1.1 0 -1.1 0 s__90617s02.dat

1 16 0 -11 0 14.091 0 0 0 -14.091 0 0 0 -14.091 4-8sphe.dat

0 NOFILE

0 FILE s__90617s02.dat
0 ~Constraction Ball Quarter with 1 Circular Cutout

0 Name: s\90617s02.dat

0 Author: Magnus Forsberg [MagFors]

0 !LDRAW_ORG Subpart UPDATE 2018-02

0 !LICENSE Licensed under CC BY 4.0 : see CAreadme.txt



0 BFC CERTIFY CCW



0 !HISTORY 2018-12-08 [PTadmin] Official Update 2018-02





3 16 12.81 0 0 11.8352 4.9024 0 11.8352 0 4.9024

3 16 11.8352 4.9024 0 10.0379 5.6274 5.6274 11.8352 0 4.9024

3 16 11.8352 0 4.9024 10.0379 5.6274 5.6274 9.058 0 9.058

3 16 11.8352 4.9024 0 9.058 9.058 0 10.0379 5.6274 5.6274

3 16 9.058 9.058 0 5.6274 10.0379 5.6274 10.0379 5.6274 5.6274

3 16 9.058 9.058 0 4.9024 11.8352 0 5.6274 10.0379 5.6274

3 16 4.9024 11.8352 0 0 11.8352 4.9024 5.6274 10.0379 5.6274

3 16 5.6274 10.0379 5.6274 0 11.8352 4.9024 0 9.058 9.058

3 16 4.9024 11.8352 0 0 12.81 0 0 11.8352 4.9024

3 16 10.0379 5.6274 5.6274 5.6274 10.0379 5.6274 5.6568 5.6568 10

3 16 8 0 10 9.058 0 9.058 7.3912 3.0616 10

3 16 0 9.058 9.058 0 8 10 3.0616 7.3912 10

3 16 10.0379 5.6274 5.6274 7.3912 3.0616 10 9.058 0 9.058

3 16 7.3912 3.0616 10 10.0379 5.6274 5.6274 5.6568 5.6568 10

3 16 5.6274 10.0379 5.6274 3.0616 7.3912 10 5.6568 5.6568 10

3 16 3.0616 7.3912 10 5.6274 10.0379 5.6274 0 9.058 9.058



5 24 12.81 0 0 11.8352 4.9024 0 12.81 0 -1.281 11.8352 0 4.9024

5 24 11.8352 4.9024 0 11.8352 0 4.9024 12.81 0 0 10.0379 5.6274 5.6274

5 24 12.81 0 0 11.8352 0 4.9024 11.8352 4.9024 0 12.81 -1.281 0

5 24 11.8352 0 4.9024 10.0379 5.6274 5.6274 11.8352 4.9024 0 9.058 0 9.058

5 24 10.0379 5.6274 5.6274 9.058 0 9.058 7.3912 3.0616 10 11.8352 0 4.9024

5 24 11.8352 0 4.9024 9.058 0 9.058 10.0379 5.6274 5.6274 11.8352 -1.281 4.9024

5 24 11.8352 4.9024 0 9.058 9.058 0 11.8352 4.9024 -1.281 10.0379 5.6274 5.6274

5 24 11.8352 4.9024 0 10.0379 5.6274 5.6274 9.058 9.058 0 11.8352 0 4.9024

5 24 10.0379 5.6274 5.6274 5.6568 5.6568 10 7.3912 3.0616 10 5.6274 10.0379 5.6274

5 24 9.058 0 9.058 7.3912 3.0616 10 10.0379 5.6274 5.6274 8 0 10

5 24 7.3912 3.0616 10 10.0379 5.6274 5.6274 5.6568 5.6568 10 9.058 0 9.058

5 24 9.058 9.058 0 5.6274 10.0379 5.6274 10.0379 5.6274 5.6274 4.9024 11.8352 0

5 24 5.6274 10.0379 5.6274 3.0616 7.3912 10 5.6568 5.6568 10 0 9.058 9.058

5 24 5.6274 10.0379 5.6274 0 9.058 9.058 0 11.8352 4.9024 3.0616 7.3912 10

5 24 4.9024 11.8352 0 5.6274 10.0379 5.6274 9.058 9.058 0 0 11.8352 4.9024

5 24 4.9024 11.8352 0 0 11.8352 4.9024 0 12.81 0 5.6274 10.0379 5.6274

5 24 0 11.8352 4.9024 5.6274 10.0379 5.6274 4.9024 11.8352 0 0 9.058 9.058

5 24 9.058 9.058 0 10.0379 5.6274 5.6274 11.8352 4.9024 0 5.6274 10.0379 5.6274

5 24 9.058 9.058 0 4.9024 11.8352 0 9.058 9.058 -1.281 5.6274 10.0379 5.6274

5 24 0 11.8352 4.9024 0 9.058 9.058 5.6274 10.0379 5.6274 -1.281 11.8352 4.9024

5 24 4.9024 11.8352 0 0 12.81 0 4.9024 11.8352 -1.281 0 11.8352 4.9024

5 24 0 12.81 0 0 11.8352 4.9024 4.9024 11.8352 0 -1.281 12.81 0

5 24 9.058 0 9.058 8 0 10 7.3912 3.0616 10 9.058 -1.281 9.058

5 24 0 9.058 9.058 0 8 10 3.0616 7.3912 10 -1.281 9.058 9.058

5 24 0 9.058 9.058 3.0616 7.3912 10 5.6274 10.0379 5.6274 0 8 10

5 24 0 12.81 0 4.9024 11.8352 0 0 12.81 -1.281 0 11.8352 4.9024

5 24 5.6274 10.0379 5.6274 10.0379 5.6274 5.6274 9.058 9.058 0 5.6568 5.6568 10

5 24 5.6274 10.0379 5.6274 5.6568 5.6568 10 10.0379 5.6274 5.6274 3.0616 7.3912 10

0 NOFILE

0 FILE 4-4ring10.dat
0 Ring 10 x 1.0

0 Name: 4-4ring10.dat

0 Author: Paul Easter [pneaster]

0 !LDRAW_ORG Primitive UPDATE 2024-02

0 !LICENSE Licensed under CC BY 4.0 : see CAreadme.txt



0 BFC CERTIFY CCW



0 !HISTORY 2004-04-22 [PTadmin] Official Update 2004-02

0 !HISTORY 2007-06-24 [PTadmin] Header formatted for Contributor Agreement

0 !HISTORY 2008-07-01 [PTadmin] Official Update 2008-01

0 !HISTORY 2010-12-19 [MagFors] Corrected with Primitive Generator 2

0 !HISTORY 2010-12-31 [PTadmin] Official Update 2010-03

0 !HISTORY 2024-03-23 [OrionP] Moved from 4-4rin10.dat

0 !HISTORY 2024-03-24 [OrionP] Official Update 2024-02



4 16 11 0 0 10.1629 0 4.2097 9.239 0 3.827 10 0 0

4 16 10.1629 0 4.2097 7.7781 0 7.7781 7.071 0 7.071 9.239 0 3.827

4 16 7.7781 0 7.7781 4.2097 0 10.1629 3.827 0 9.239 7.071 0 7.071

4 16 4.2097 0 10.1629 0 0 11 0 0 10 3.827 0 9.239

4 16 0 0 11 -4.2097 0 10.1629 -3.827 0 9.239 0 0 10

4 16 -4.2097 0 10.1629 -7.7781 0 7.7781 -7.071 0 7.071 -3.827 0 9.239

4 16 -7.7781 0 7.7781 -10.1629 0 4.2097 -9.239 0 3.827 -7.071 0 7.071

4 16 -10.1629 0 4.2097 -11 0 0 -10 0 0 -9.239 0 3.827

4 16 -11 0 0 -10.1629 0 -4.2097 -9.239 0 -3.827 -10 0 0

4 16 -10.1629 0 -4.2097 -7.7781 0 -7.7781 -7.071 0 -7.071 -9.239 0 -3.827

4 16 -7.7781 0 -7.7781 -4.2097 0 -10.1629 -3.827 0 -9.239 -7.071 0 -7.071

4 16 -4.2097 0 -10.1629 0 0 -11 0 0 -10 -3.827 0 -9.239

4 16 0 0 -11 4.2097 0 -10.1629 3.827 0 -9.239 0 0 -10

4 16 4.2097 0 -10.1629 7.7781 0 -7.7781 7.071 0 -7.071 3.827 0 -9.239

4 16 7.7781 0 -7.7781 10.1629 0 -4.2097 9.239 0 -3.827 7.071 0 -7.071

4 16 10.1629 0 -4.2097 11 0 0 10 0 0 9.239 0 -3.827

0 // Build by Primitive Generator 2



0 NOFILE

0 FILE 4-8sphe.dat
0 Sphere 0.5

0 Name: 4-8sphe.dat

0 Author: James Jessiman

0 !LDRAW_ORG Primitive UPDATE 2003-02

0 !LICENSE Licensed under CC BY 4.0 : see CAreadme.txt



0 BFC CERTIFY CCW



0 !HISTORY 2002-08-31 [izanette] Modified with WINDZ for BFC compliance

0 !HISTORY 2003-08-01 [PTadmin] Official Update 2003-02

0 !HISTORY 2007-06-24 [PTadmin] Header formatted for Contributor Agreement

0 !HISTORY 2008-07-01 [PTadmin] Official Update 2008-01





1 16 0 0 0 1 0 0 0 1 0 0 0 1 1-8sphe.dat

1 16 0 0 0 1 0 0 0 1 0 0 0 -1 1-8sphe.dat

1 16 0 0 0 -1 0 0 0 1 0 0 0 1 1-8sphe.dat

1 16 0 0 0 -1 0 0 0 1 0 0 0 -1 1-8sphe.dat

0



0 NOFILE

0 FILE 1-8sphe.dat
0 Sphere 0.125

0 Name: 1-8sphe.dat

0 Author: James Jessiman

0 !LDRAW_ORG Primitive UPDATE 2012-03

0 !LICENSE Licensed under CC BY 4.0 : see CAreadme.txt



0 BFC CERTIFY CCW



0 !HISTORY 2000-08-01 {Axel Poque} fixes to resolve L3P error messages.

0 !HISTORY 2000-08-01 {Manfred Moolhuysen} fixes to resolve L3P error messages.

0 !HISTORY 2000-09-30 [PTadmin] Official Update 2000-02

0 !HISTORY 2002-03-28 [hafhead] Made BFC compliant

0 !HISTORY 2002-04-25 [PTadmin] Official Update 2002-02

0 !HISTORY 2007-06-22 [PTadmin] Header formatted for Contributor Agreement

0 !HISTORY 2008-07-01 [PTadmin] Official Update 2008-01

0 !HISTORY 2010-09-12 [MagFors] Changed winding, removed duplicated cond-line, optimized filesize

0 !HISTORY 2010-12-31 [PTadmin] Official Update 2010-03

0 !HISTORY 2012-07-01 [tcobbs] Replaced with geometry from LDView

0 !HISTORY 2012-12-28 [PTadmin] Official Update 2012-03





3 16 1 0 0 0.9239 0.3827 0 0.9239 0 0.3827

3 16 0.9239 0.3827 0 0.7836 0.4393 0.4393 0.9239 0 0.3827

3 16 0.9239 0 0.3827 0.7836 0.4393 0.4393 0.7071 0 0.7071

3 16 0.7836 0.4393 0.4393 0.4393 0.4393 0.7836 0.7071 0 0.7071

3 16 0.7071 0 0.7071 0.4393 0.4393 0.7836 0.3827 0 0.9239

3 16 0.4393 0.4393 0.7836 0 0.3827 0.9239 0.3827 0 0.9239

3 16 0.3827 0 0.9239 0 0.3827 0.9239 0 0 1

3 16 0.9239 0.3827 0 0.7071 0.7071 0 0.7836 0.4393 0.4393

3 16 0.7071 0.7071 0 0.4393 0.7836 0.4393 0.7836 0.4393 0.4393

3 16 0.7836 0.4393 0.4393 0.4393 0.7836 0.4393 0.4393 0.4393 0.7836

3 16 0.4393 0.7836 0.4393 0 0.7071 0.7071 0.4393 0.4393 0.7836

3 16 0.4393 0.4393 0.7836 0 0.7071 0.7071 0 0.3827 0.9239

3 16 0.7071 0.7071 0 0.3827 0.9239 0 0.4393 0.7836 0.4393

3 16 0.3827 0.9239 0 0 0.9239 0.3827 0.4393 0.7836 0.4393

3 16 0.4393 0.7836 0.4393 0 0.9239 0.3827 0 0.7071 0.7071

3 16 0.3827 0.9239 0 0 1 0 0 0.9239 0.3827



5 24 1 0 0 0.9239 0.3827 0 1 0 -0.1 0.9239 0 0.3827

5 24 0.9239 0.3827 0 0.9239 0 0.3827 1 0 0 0.7836 0.4393 0.4393

5 24 1 0 0 0.9239 0 0.3827 0.9239 0.3827 0 1 -0.1 0

5 24 0.9239 0 0.3827 0.7836 0.4393 0.4393 0.9239 0.3827 0 0.7071 0 0.7071

5 24 0.7836 0.4393 0.4393 0.7071 0 0.7071 0.9239 0 0.3827 0.4393 0.4393 0.7836

5 24 0.9239 0 0.3827 0.7071 0 0.7071 0.7836 0.4393 0.4393 0.9239 -0.1 0.3827

5 24 0.7071 0 0.7071 0.4393 0.4393 0.7836 0.7836 0.4393 0.4393 0.3827 0 0.9239

5 24 0.4393 0.4393 0.7836 0.3827 0 0.9239 0.7071 0 0.7071 0 0.3827 0.9239

5 24 0.7071 0 0.7071 0.3827 0 0.9239 0.4393 0.4393 0.7836 0.7071 -0.1 0.7071

5 24 0.3827 0 0.9239 0 0.3827 0.9239 0.4393 0.4393 0.7836 0 0 1

5 24 0 0.3827 0.9239 0 0 1 0.3827 0 0.9239 -0.1 0.3827 0.9239

5 24 0.3827 0 0.9239 0 0 1 0 0.3827 0.9239 0.3827 -0.1 0.9239

5 24 0.9239 0.3827 0 0.7071 0.7071 0 0.9239 0.3827 -0.1 0.7836 0.4393 0.4393

5 24 0.7071 0.7071 0 0.7836 0.4393 0.4393 0.9239 0.3827 0 0.4393 0.7836 0.4393

5 24 0.9239 0.3827 0 0.7836 0.4393 0.4393 0.7071 0.7071 0 0.9239 0 0.3827

5 24 0.7836 0.4393 0.4393 0.4393 0.7836 0.4393 0.7071 0.7071 0 0.4393 0.4393 0.7836

5 24 0.4393 0.7836 0.4393 0.4393 0.4393 0.7836 0.7836 0.4393 0.4393 0 0.7071 0.7071

5 24 0.7836 0.4393 0.4393 0.4393 0.4393 0.7836 0.4393 0.7836 0.4393 0.7071 0 0.7071

5 24 0.4393 0.4393 0.7836 0 0.7071 0.7071 0.4393 0.7836 0.4393 0 0.3827 0.9239

5 24 0 0.7071 0.7071 0 0.3827 0.9239 0.4393 0.4393 0.7836 -0.1 0.7071 0.7071

5 24 0.4393 0.4393 0.7836 0 0.3827 0.9239 0 0.7071 0.7071 0.3827 0 0.9239

5 24 0.7071 0.7071 0 0.3827 0.9239 0 0.7071 0.7071 -0.1 0.4393 0.7836 0.4393

5 24 0.3827 0.9239 0 0.4393 0.7836 0.4393 0.7071 0.7071 0 0 0.9239 0.3827

5 24 0.7071 0.7071 0 0.4393 0.7836 0.4393 0.3827 0.9239 0 0.7836 0.4393 0.4393

5 24 0.4393 0.7836 0.4393 0 0.9239 0.3827 0.3827 0.9239 0 0 0.7071 0.7071

5 24 0 0.9239 0.3827 0 0.7071 0.7071 0.4393 0.7836 0.4393 -0.1 0.9239 0.3827

5 24 0.4393 0.7836 0.4393 0 0.7071 0.7071 0 0.9239 0.3827 0.4393 0.4393 0.7836

5 24 0.3827 0.9239 0 0 1 0 0.3827 0.9239 -0.1 0 0.9239 0.3827

5 24 0 1 0 0 0.9239 0.3827 0.3827 0.9239 0 -0.1 1 0

5 24 0.3827 0.9239 0 0 0.9239 0.3827 0 1 0 0.4393 0.7836 0.4393

0 NOFILE

0 FILE 4-4ring11.dat
0 Ring 11 x  1.0

0 Name: 4-4ring11.dat

0 Author: Willy Tschager [Holly-Wood]

0 !LDRAW_ORG Primitive UPDATE 2024-02

0 !LICENSE Licensed under CC BY 4.0 : see CAreadme.txt



0 BFC CERTIFY CCW



0 !HISTORY 2003-12-19 [PTadmin] Official Update 2003-03

0 !HISTORY 2007-06-24 [PTadmin] Header formatted for Contributor Agreement

0 !HISTORY 2008-07-01 [PTadmin] Official Update 2008-01

0 !HISTORY 2024-01-07 [Holly-Wood] Complete regeneration, original by jriley

0 !HISTORY 2024-03-24 [OrionP] Official Update 2024-02



4 16 12 0 0 11.0868 0 4.5924 10.1629 0 4.2097 11 0 0

4 16 11.0868 0 4.5924 8.4852 0 8.4852 7.7781 0 7.7781 10.1629 0 4.2097

4 16 8.4852 0 8.4852 4.5924 0 11.0868 4.2097 0 10.1629 7.7781 0 7.7781

4 16 4.5924 0 11.0868 0 0 12 0 0 11 4.2097 0 10.1629

4 16 0 0 12 -4.5924 0 11.0868 -4.2097 0 10.1629 0 0 11

4 16 -4.5924 0 11.0868 -8.4852 0 8.4852 -7.7781 0 7.7781 -4.2097 0 10.1629

4 16 -8.4852 0 8.4852 -11.0868 0 4.5924 -10.1629 0 4.2097 -7.7781 0 7.7781

4 16 -11.0868 0 4.5924 -12 0 0 -11 0 0 -10.1629 0 4.2097

4 16 -12 0 0 -11.0868 0 -4.5924 -10.1629 0 -4.2097 -11 0 0

4 16 -11.0868 0 -4.5924 -8.4852 0 -8.4852 -7.7781 0 -7.7781 -10.1629 0 -4.2097

4 16 -8.4852 0 -8.4852 -4.5924 0 -11.0868 -4.2097 0 -10.1629 -7.7781 0 -7.7781

4 16 -4.5924 0 -11.0868 0 0 -12 0 0 -11 -4.2097 0 -10.1629

4 16 0 0 -12 4.5924 0 -11.0868 4.2097 0 -10.1629 0 0 -11

4 16 4.5924 0 -11.0868 8.4852 0 -8.4852 7.7781 0 -7.7781 4.2097 0 -10.1629

4 16 8.4852 0 -8.4852 11.0868 0 -4.5924 10.1629 0 -4.2097 7.7781 0 -7.7781

4 16 11.0868 0 -4.5924 12 0 0 11 0 0 10.1629 0 -4.2097

0 // Build by LDPartEditor (PrimGen 2.X)

0 NOFILE

0 FILE 3070b.dat
0 Tile  1 x  1 with Groove

0 Name: 3070b.dat

0 Author: Chris Dee [cwdee]

0 !LDRAW_ORG Part UPDATE 2025-09

0 !LICENSE Licensed under CC BY 4.0 : see CAreadme.txt



0 BFC CERTIFY CCW



0 !KEYWORDS BrickLink 3070



0 !HISTORY 2009-09-03 [PTadmin] Official Update 2009-02

0 !HISTORY 2025-09-27 [OrionP] Changed winding to CCW

0 !HISTORY 2025-09-29 [OrionP] Official Update 2025-09



1 16 0 0 0 1 0 0 0 1 0 0 0 1 s__3070bs01.dat

4 16 -10 0 10 -10 0 -10 10 0 -10 10 0 10

0
0 NOFILE

0 FILE s__3070bs01.dat
0 ~Tile  1 x  1 with Groove without Top Face

0 Name: s\3070bs01.dat

0 Author: Chris Dee [cwdee]

0 !LDRAW_ORG Subpart UPDATE 2009-02

0 !LICENSE Licensed under CC BY 4.0 : see CAreadme.txt



0 BFC CERTIFY CCW



0 !HISTORY 2009-09-03 [PTadmin] Official Update 2009-02





1 16 0 0 0 10 0 0 0 7 0 0 0 10 box4.dat

0 BFC INVERTNEXT

1 16 0 8 0 6 0 0 0 -4 0 0 0 6 box5.dat

1 16 0 7 0 9 0 0 0 1 0 0 0 9 box4.dat



4 16 9 8 9 6 8 6 -6 8 6 -9 8 9

4 16 -9 8 9 -6 8 6 -6 8 -6 -9 8 -9

4 16 -9 8 -9 -6 8 -6 6 8 -6 9 8 -9

4 16 9 8 -9 6 8 -6 6 8 6 9 8 9



4 16 10 7 10 9 7 9 -9 7 9 -10 7 10

4 16 -10 7 10 -9 7 9 -9 7 -9 -10 7 -10

4 16 -10 7 -10 -9 7 -9 9 7 -9 10 7 -10

4 16 10 7 -10 9 7 -9 9 7 9 10 7 10

0

0 NOFILE

0 FILE 26603.dat
0 Tile  2 x  3

0 Name: 26603.dat

0 Author: Philippe Hurbain [Philo]

0 !LDRAW_ORG Part UPDATE 2016-01

0 !LICENSE Licensed under CC BY 4.0 : see CAreadme.txt



0 BFC CERTIFY CCW



0 !HISTORY 2016-12-31 [PTadmin] Official Update 2016-01





1 16 0 0 0 1 0 0 0 1 0 0 0 1 s__26603s01.dat

4 16 30 0 20 -30 0 20 -30 0 -20 30 0 -20

0 NOFILE

0 FILE s__26603s01.dat
0 ~Tile  2 x  3 without Top

0 Name: s\26603s01.dat

0 Author: Philippe Hurbain [Philo]

0 !LDRAW_ORG Subpart UPDATE 2016-01

0 !LICENSE Licensed under CC BY 4.0 : see CAreadme.txt



0 BFC CERTIFY CCW



0 !HISTORY 2016-12-31 [PTadmin] Official Update 2016-01





1 16 0 0 0 30 0 0 0 7 0 0 0 20 box4.dat

1 16 0 7 0 29 0 0 0 1 0 0 0 19 box4.dat

0 BFC INVERTNEXT

1 16 0 8 0 -26 0 0 0 -4 0 0 0 16 box5.dat

4 16 -30 7 -20 -29 7 -19 29 7 -19 30 7 -20

4 16 30 7 20 29 7 19 -29 7 19 -30 7 20

4 16 -30 7 -20 -30 7 20 -29 7 19 -29 7 -19

4 16 30 7 20 30 7 -20 29 7 -19 29 7 19

4 16 -29 8 -19 -26 8 -16 26 8 -16 29 8 -19

4 16 29 8 19 26 8 16 -26 8 16 -29 8 19

4 16 -29 8 -19 -29 8 19 -26 8 16 -26 8 -16

4 16 29 8 19 29 8 -19 26 8 -16 26 8 16

1 16 0 4 0 1 0 0 0 -1 0 0 0 1 stug4-1x2.dat

0 NOFILE

0 FILE stug4-1x2.dat
0 Stud Tube Open Group  1 x  2

0 Name: stug4-1x2.dat

0 Author: Steffen [Steffen]

0 !LDRAW_ORG Primitive UPDATE 2011-01

0 !LICENSE Licensed under CC BY 4.0 : see CAreadme.txt



0 BFC CERTIFY CCW



0 !HISTORY 2011-07-25 [PTadmin] Official Update 2011-01





1 16 -10 0 0 1 0 0 0 1 0 0 0 1 stud4.dat

1 16 10 0 0 1 0 0 0 1 0 0 0 1 stud4.dat

0 NOFILE

0 FILE 60478.dat
0 Plate  1 x  2 with Handle on End

0 Name: 60478.dat

0 Author: Michael Heidemann [mikeheide]

0 !LDRAW_ORG Part UPDATE 2024-03

0 !LICENSE Licensed under CC BY 4.0 : see CAreadme.txt



0 BFC CERTIFY CCW



0 !HISTORY 2009-09-03 [PTadmin] Official Update 2009-02

0 !HISTORY 2021-11-03 [MagFors] used handle primitive

0 !HISTORY 2024-04-28 [OrionP] Official Update 2024-03





1 16 0 4 0 0 0 -1 0 -1 0 1 0 0 stud3.dat

0 BFC INVERTNEXT

1 16 0 8 0 -16 0 0 0 -4 0 0 0 -6 box5.dat

4 16 -20 8 10 -16 8 6 -16 8 -6 -20 8 -10

4 16 -20 8 -10 -16 8 -6 16 8 -6 20 8 -10

3 16 20 8 -4 20 8 -10 16 8 -6

4 16 16 8 -6 16 8 6 20 8 4 20 8 -4

3 16 16 8 6 20 8 10 20 8 4

4 16 20 8 10 16 8 6 -16 8 6 -20 8 10

1 16 0 0 0 -1 0 0 0 1 0 0 0 -1 stug-1x2.dat

1 16 20 4 0 0 -1 0 4 0 0 0 0 -4 rect.dat

1 16 30 2 4 0 0 -4 4 0 0 0 -8 0 4-4cylo.dat

1 16 20 4 0 0 -40 0 4 0 0 0 0 10 box3u4a.dat

3 16 20 0 4 20 0 10 -20 0 10

4 16 -20 0 10 -20 0 -10 20 0 -4 20 0 4

3 16 -20 0 -10 20 0 -10 20 0 -4

1 16 30 0 -7 0 0 -1 0 1 0 1 0 0 phandle1.dat

1 16 30 0 7 0 0 -1 0 1 0 -1 0 0 phandle1.dat

0 NOFILE

0 FILE phandle1.dat
0 Bar Handle Attachment with Open Side

0 Name: phandle1.dat

0 Author: Gerald Lasser [GeraldLasser]

0 !LDRAW_ORG Primitive UPDATE 2024-02

0 !LICENSE Licensed under CC BY 4.0 : see CAreadme.txt



0 BFC CERTIFY CCW



0 !HISTORY 2022-12-20 [PTadmin] Official Update 2022-06

0 !HISTORY 2024-03-23 [OrionP] Updated ring primitives

0 !HISTORY 2024-03-24 [OrionP] Official Update 2024-02



1 16 0 -.149 5.5735 3 0 0 0 1 .149 0 0 .0295 rect3.dat

1 16 -3 2 0 0 6 0 -6 0 0 0 0 6 3-16cylo.dat

1 16 -3 2 0 0 6 0 -6 0 0 0 0 -6 2-4cylo.dat

1 16 -3 2 0 0 1 0 6 0 0 0 0 -6 2-4chrd.dat

1 16 -3 2 0 0 6 0 -6 0 0 0 0 6 3-16chrd.dat



1 16 3 2 0 0 -1 0 4 0 0 0 0 4 1-4ndis.dat

1 16 3 2 0 0 -1 0 0 0 -4 4 0 0 1-16tang.dat

1 16 3 2 0 0 -1 0 2 0 0 0 0 -2 2-4ring2.dat

1 16 3 2 0 0 -1 0 -2 0 0 0 0 2 3-16ring2.dat

1 16 0 8 5 0 0 3 0 -1 0 5 0 0 rect2p.dat

1 16 0 0 7.8015 0 0 3 0 1 0 -2.1985 0 0 rect2p.dat

4 16 -3 8 10 -3 8 0 -3 0 5.603 -3 0 10

4 16 3 8 10 3 0 10 3 2 4 3 6 4

4 16 3 8 10 3 6 4 3 6 0 3 8 0

5 24 -3 -.298 5.544 3 -.298 5.544 3 0 5.603 3 -2.2426 4.2426

4 16 -3 -.298 5.544 -3 0 5.603 -3 8 0 -3 -4 0

4 16 3 0 5.603 3 -.298 5.544 3 .4692 3.6956 3 1.2044 4

4 16 3 1.2044 4 3 2 4 3 0 10 3 0 5.603

0 NOFILE

0 FILE 3-16ring2.dat
0 Ring  2 x 0.1875

0 Name: 3-16ring2.dat

0 Author: Philippe Hurbain [Philo]

0 !LDRAW_ORG Primitive UPDATE 2024-02

0 !LICENSE Licensed under CC BY 4.0 : see CAreadme.txt



0 BFC CERTIFY CCW



0 !HISTORY 2009-12-29 [PTadmin] Official Update 2009-03

0 !HISTORY 2024-03-23 [OrionP] Moved from 3-16rin2.dat

0 !HISTORY 2024-03-24 [OrionP] Official Update 2024-02



4 16 2 0 0 3 0 0 2.7717 0 1.1481 1.8478 0 0.7654

4 16 1.8478 0 0.7654 2.7717 0 1.1481 2.1213 0 2.1213 1.4142 0 1.4142

4 16 1.4142 0 1.4142 2.1213 0 2.1213 1.1481 0 2.7717 0.7654 0 1.8478



0 // end of file



0 NOFILE

0 FILE 2-4ring2.dat
0 Ring  2 x 0.5

0 Name: 2-4ring2.dat

0 Author: Chris Dee [cwdee]

0 !LDRAW_ORG Primitive UPDATE 2012-01

0 !LICENSE Licensed under CC BY 4.0 : see CAreadme.txt



0 BFC CERTIFY CCW



0 !HISTORY 2001-10-26 [PTadmin] Official Update 2001-01

0 !HISTORY 2007-06-24 [PTadmin] Header formatted for Contributor Agreement

0 !HISTORY 2008-07-01 [PTadmin] Official Update 2008-01

0 !HISTORY 2012-02-16 [Philo] Changed to CCW

0 !HISTORY 2012-03-30 [PTadmin] Official Update 2012-01





4 16 3 0 0 2.7717 0 1.1481 1.8478 0 0.7654 2 0 0

4 16 2.7717 0 1.1481 2.1213 0 2.1213 1.4142 0 1.4142 1.8478 0 0.7654

4 16 2.1213 0 2.1213 1.1481 0 2.7717 0.7654 0 1.8478 1.4142 0 1.4142

4 16 1.1481 0 2.7717 0 0 3 0 0 2 0.7654 0 1.8478

4 16 0 0 3 -1.1481 0 2.7717 -0.7654 0 1.8478 0 0 2

4 16 -1.1481 0 2.7717 -2.1213 0 2.1213 -1.4142 0 1.4142 -0.7654 0 1.8478

4 16 -2.1213 0 2.1213 -2.7717 0 1.1481 -1.8478 0 0.7654 -1.4142 0 1.4142

4 16 -2.7717 0 1.1481 -3 0 0 -2 0 0 -1.8478 0 0.7654

0 NOFILE

0 FILE 1-16tang.dat
0 Disc Negative Tangent 0.0625

0 Name: 1-16tang.dat

0 Author: Gerald Lasser [GeraldLasser]

0 !LDRAW_ORG Primitive UPDATE 2020-02

0 !LICENSE Licensed under CC BY 4.0 : see CAreadme.txt



0 BFC CERTIFY CCW



0 !HISTORY 2020-09-05 [PTadmin] Official Update 2020-02





3 16 1 0 0 1 0 .1989 .9239 0 .3827

0 NOFILE

0 FILE 1-4ndis.dat
0 Disc Negative 0.25

0 Name: 1-4ndis.dat

0 Author: James Jessiman

0 !LDRAW_ORG Primitive UPDATE 2012-01

0 !LICENSE Licensed under CC BY 4.0 : see CAreadme.txt



0 BFC CERTIFY CCW



0 !HISTORY 2002-03-23 [sbliss] Added BFC Statement

0 !HISTORY 2002-04-25 [PTadmin] Official Update 2002-02

0 !HISTORY 2007-06-22 [PTadmin] Header formatted for Contributor Agreement

0 !HISTORY 2008-07-01 [PTadmin] Official Update 2008-01

0 !HISTORY 2012-02-16 [Philo] Changed to CCW

0 !HISTORY 2012-03-30 [PTadmin] Official Update 2012-01





3 16 0.9239 0 0.3827 1 0 0 1 0 1

3 16 0.7071 0 0.7071 0.9239 0 0.3827 1 0 1

3 16 0.3827 0 0.9239 0.7071 0 0.7071 1 0 1

3 16 0 0 1 0.3827 0 0.9239 1 0 1

0 NOFILE

0 FILE 3-16chrd.dat
0 Chord 0.1875

0 Name: 3-16chrd.dat

0 Author: Niels Karsdorp [nielsk]

0 !LDRAW_ORG Primitive UPDATE 2009-01

0 !LICENSE Licensed under CC BY 4.0 : see CAreadme.txt



0 BFC CERTIFY CCW



0 !HISTORY 2009-05-02 [PTadmin] Official Update 2009-01





4 16 1 0 0 0.9239 0 0.3827 0.7071 0 0.7071 0.3827 0 0.9239

0



0 NOFILE

0 FILE 2-4chrd.dat
0 Chord 0.5

0 Name: 2-4chrd.dat

0 Author: Philippe Hurbain [Philo]

0 !LDRAW_ORG Primitive UPDATE 2014-01

0 !LICENSE Licensed under CC BY 4.0 : see CAreadme.txt



0 BFC CERTIFY CCW



0 !HISTORY 2014-06-21 [PTadmin] Official Update 2014-01





4 16 0.9239 0 0.3827 -0.9239 0 0.3827 -1 0 0 1 0 0

4 16 0.7071 0 0.7071 -0.7071 0 0.7071 -0.9239 0 0.3827 0.9239 0 0.3827

4 16 0.3827 0 0.9239 -0.3827 0 0.9239 -0.7071 0 0.7071 0.7071 0 0.7071

3 16 0 0 1 -0.3827 0 0.9239 0.3827 0 0.9239

0 NOFILE

0 FILE 2-4cylo.dat
0 Cylinder Open 0.5

0 Name: 2-4cylo.dat

0 Author: Max Martin Richter [MMR1988]

0 !LDRAW_ORG Primitive UPDATE 2010-03

0 !LICENSE Licensed under CC BY 4.0 : see CAreadme.txt



0 BFC CERTIFY CCW



0 !HISTORY 2010-12-31 [PTadmin] Official Update 2010-03





1 16 0 0 0 1 0 0 0 1 0 0 0 1 2-4edge.dat

1 16 0 1 0 1 0 0 0 1 0 0 0 1 2-4edge.dat

1 16 0 0 0 1 0 0 0 1 0 0 0 1 2-4cyli.dat

0 NOFILE

0 FILE 2-4cyli.dat
0 Cylinder 0.5

0 Name: 2-4cyli.dat

0 Author: James Jessiman

0 !LDRAW_ORG Primitive UPDATE 2005-01

0 !LICENSE Licensed under CC BY 4.0 : see CAreadme.txt



0 BFC CERTIFY CCW



0 !HISTORY 2002-03-23 [sbliss] Added BFC statement; compacted code

0 !HISTORY 2002-04-25 [PTadmin] Official Update 2002-02

0 !HISTORY 2004-12-11 [nielsk] Recreated using Primitive Generator, Edge lines fixed, BFC changed to CCW

0 !HISTORY 2005-12-28 [PTadmin] Official Update 2005-01

0 !HISTORY 2007-06-24 [PTadmin] Header formatted for Contributor Agreement

0 !HISTORY 2008-07-01 [PTadmin] Official Update 2008-01





4 16 .9239 1 .3827 .9239 0 .3827 1 0 0 1 1 0

4 16 .7071 1 .7071 .7071 0 .7071 .9239 0 .3827 .9239 1 .3827

4 16 .3827 1 .9239 .3827 0 .9239 .7071 0 .7071 .7071 1 .7071

4 16 0 1 1 0 0 1 .3827 0 .9239 .3827 1 .9239

4 16 -.3827 1 .9239 -.3827 0 .9239 0 0 1 0 1 1

4 16 -.7071 1 .7071 -.7071 0 .7071 -.3827 0 .9239 -.3827 1 .9239

4 16 -.9239 1 .3827 -.9239 0 .3827 -.7071 0 .7071 -.7071 1 .7071

4 16 -1 1 0 -1 0 0 -.9239 0 .3827 -.9239 1 .3827

5 24 1 1 0 1 0 0 1 1 -.4142 .9239 1 .3827

5 24 .9239 1 .3827 .9239 0 .3827 1 1 0 .7071 1 .7071

5 24 .7071 1 .7071 .7071 0 .7071 .9239 1 .3827 .3827 1 .9239

5 24 .3827 1 .9239 .3827 0 .9239 .7071 1 .7071 0 1 1

5 24 0 1 1 0 0 1 .3827 1 .9239 -.3827 1 .9239

5 24 -.3827 1 .9239 -.3827 0 .9239 0 1 1 -.7071 1 .7071

5 24 -.7071 1 .7071 -.7071 0 .7071 -.3827 1 .9239 -.9239 1 .3827

5 24 -.9239 1 .3827 -.9239 0 .3827 -.7071 1 .7071 -1 1 0

5 24 -1 1 0 -1 0 0 -.9239 1 .3827 -1 1 -.4142

0

0 NOFILE

0 FILE 2-4edge.dat
0 Circle 0.5

0 Name: 2-4edge.dat

0 Author: James Jessiman

0 !LDRAW_ORG Primitive UPDATE 2017-01

0 !LICENSE Licensed under CC BY 4.0 : see CAreadme.txt



0 BFC CERTIFY CCW



0 !HISTORY 2007-06-24 [PTadmin] Header formatted for Contributor Agreement

0 !HISTORY 2008-07-01 [PTadmin] Official Update 2008-01

0 !HISTORY 2017-01-15 [Steffen] BFCed

0 !HISTORY 2017-12-30 [PTadmin] Official Update 2017-01





2 24 1 0 0 0.9239 0 0.3827

2 24 0.9239 0 0.3827 0.7071 0 0.7071

2 24 0.7071 0 0.7071 0.3827 0 0.9239

2 24 0.3827 0 0.9239 0 0 1

2 24 0 0 1 -0.3827 0 0.9239

2 24 -0.3827 0 0.9239 -0.7071 0 0.7071

2 24 -0.7071 0 0.7071 -0.9239 0 0.3827

2 24 -0.9239 0 0.3827 -1 0 0

0 NOFILE

0 FILE 3-16cylo.dat
0 Cylinder Open 0.1875

0 Name: 3-16cylo.dat

0 Author: J.C. Tchang [tchang]

0 !LDRAW_ORG Primitive UPDATE 2013-01

0 !LICENSE Licensed under CC BY 4.0 : see CAreadme.txt



0 BFC CERTIFY CCW



0 !HISTORY 2013-07-21 [PTadmin] Official Update 2013-01





1 16 0 0 0 1 0 0 0 1 0 0 0 1 3-16edge.dat

1 16 0 1 0 1 0 0 0 1 0 0 0 1 3-16edge.dat

1 16 0 0 0 1 0 0 0 1 0 0 0 1 3-16cyli.dat

0 NOFILE

0 FILE 3-16cyli.dat
0 Cylinder 0.1875

0 Name: 3-16cyli.dat

0 Author: Mark Kennedy [mkennedy]

0 !LDRAW_ORG Primitive UPDATE 2005-01

0 !LICENSE Licensed under CC BY 4.0 : see CAreadme.txt



0 BFC CERTIFY CCW



0 !HISTORY 2004-03-02 [PTadmin] Official Update 2004-01

0 !HISTORY 2004-12-11 [nielsk] Recreated using Primitive Generator, Edge lines fixed, BFC changed to CCW

0 !HISTORY 2005-12-28 [PTadmin] Official Update 2005-01

0 !HISTORY 2007-06-24 [PTadmin] Header formatted for Contributor Agreement

0 !HISTORY 2008-07-01 [PTadmin] Official Update 2008-01





4 16 .9239 1 .3827 .9239 0 .3827 1 0 0 1 1 0

4 16 .7071 1 .7071 .7071 0 .7071 .9239 0 .3827 .9239 1 .3827

4 16 .3827 1 .9239 .3827 0 .9239 .7071 0 .7071 .7071 1 .7071

5 24 1 1 0 1 0 0 1 1 -.4142 .9239 1 .3827

5 24 .9239 1 .3827 .9239 0 .3827 1 1 0 .7071 1 .7071

5 24 .7071 1 .7071 .7071 0 .7071 .9239 1 .3827 .3827 1 .9239

5 24 .3827 1 .9239 .3827 0 .9239 .7071 1 .7071 0 1 1.0824

0

0 NOFILE

0 FILE 3-16edge.dat
0 Circle 0.1875

0 Name: 3-16edge.dat

0 Author: Donald Sutter [technog]

0 !LDRAW_ORG Primitive UPDATE 2017-01

0 !LICENSE Licensed under CC BY 4.0 : see CAreadme.txt



0 BFC CERTIFY CCW



0 !HISTORY 2004-03-02 [PTadmin] Official Update 2004-01

0 !HISTORY 2007-06-24 [PTadmin] Header formatted for Contributor Agreement

0 !HISTORY 2008-07-01 [PTadmin] Official Update 2008-01

0 !HISTORY 2017-01-15 [Steffen] BFCed

0 !HISTORY 2017-12-30 [PTadmin] Official Update 2017-01





2 24 1 0 0 0.9239 0 0.3827

2 24 0.9239 0 0.3827 0.7071 0 0.7071

2 24 0.7071 0 0.7071 0.3827 0 0.9239

0 NOFILE

0 FILE box3u4a.dat
0 Box with 3 Faces without 4 Adjacent Edges

0 Name: box3u4a.dat

0 Author: Niels Karsdorp [nielsk]

0 !LDRAW_ORG Primitive UPDATE 2009-01

0 !LICENSE Licensed under CC BY 4.0 : see CAreadme.txt



0 BFC CERTIFY CCW



0 !HISTORY 2009-05-02 [PTadmin] Official Update 2009-01





2 24 1 1 1 -1 1 1

2 24 -1 1 -1 1 1 -1

2 24 1 1 1 1 1 -1

2 24 -1 1 1 -1 1 -1

2 24 1 1 1 1 0 1

2 24 1 1 -1 1 0 -1

2 24 -1 1 1 -1 0 1

2 24 -1 1 -1 -1 0 -1

4 16 -1 1 -1 -1 1 1 1 1 1 1 1 -1

4 16 -1 1 1 -1 0 1 1 0 1 1 1 1

4 16 1 1 -1 1 0 -1 -1 0 -1 -1 1 -1

0

0 NOFILE

0 FILE 2431.dat
0 Tile  1 x  4 with Groove

0 Name: 2431.dat

0 Author: Santeri Piippo [arezey]

0 !LDRAW_ORG Part UPDATE 2010-02

0 !LICENSE Licensed under CC BY 4.0 : see CAreadme.txt



0 BFC CERTIFY CCW



0 !HISTORY 2010-07-05 [PTadmin] Official Update 2010-02





1 16 0 0 0 1 0 0 0 1 0 0 0 1 s__2431s01.dat

4 16 40 0 -10 40 0 10 -40 0 10 -40 0 -10

0 //

0 NOFILE

0 FILE s__2431s01.dat
0 ~Tile  1 x  4 with Groove without Top Face

0 Name: s\2431s01.dat

0 Author: Santeri Piippo [arezey]

0 !LDRAW_ORG Subpart UPDATE 2010-02

0 !LICENSE Licensed under CC BY 4.0 : see CAreadme.txt



0 BFC CERTIFY CCW



0 !HISTORY 2010-07-05 [PTadmin] Official Update 2010-02





1 16 0 0 0 40 0 0 0 7 0 0 0 10 box4.dat

1 16 0 7 0 39 0 0 0 1 0 0 0 9 box4.dat

0 BFC INVERTNEXT

1 16 0 8 0 36 0 0 0 -4 0 0 0 6 box5.dat

4 16 -39 8 9 -36 8 6 -36 8 -6 -39 8 -9

4 16 39 8 -9 36 8 -6 36 8 6 39 8 9

4 16 39 8 9 36 8 6 -36 8 6 -39 8 9

4 16 -39 8 -9 -36 8 -6 36 8 -6 39 8 -9

4 16 -40 7 10 -39 7 9 -39 7 -9 -40 7 -10

4 16 40 7 -10 39 7 -9 39 7 9 40 7 10

4 16 40 7 10 39 7 9 -39 7 9 -40 7 10

4 16 -40 7 -10 -39 7 -9 39 7 -9 40 7 -10

1 16 0 4 0 1 0 0 0 -1 0 0 0 1 stud3.dat

1 16 -20 4 0 1 0 0 0 -1 0 0 0 1 stud3.dat

1 16 20 4 0 1 0 0 0 -1 0 0 0 1 stud3.dat

0 //

0 NOFILE

0 FILE 61409.dat
0 ~Slope Brick 18  2 x  1 x  0.667 Grille (Obsolete)

0 Name: 61409.dat

0 Author: Tim Gould [timgould]

0 !LDRAW_ORG Part UPDATE 2025-02

0 !LICENSE Licensed under CC BY 4.0 : see CAreadme.txt



0 BFC CERTIFY CCW



0 !CATEGORY Obsolete

0 !KEYWORDS grille



0 !HISTORY 2008-12-06 [gregteft] Updated geometry to include raised surface

0 !HISTORY 2009-03-30 [gregteft] Updated origin to bottom center

0 !HISTORY 2009-09-03 [PTadmin] Official Update 2009-02

0 !HISTORY 2017-08-08 [cwdee] Updated description

0 !HISTORY 2017-12-30 [PTadmin] Official Update 2017-01

0 !HISTORY 2025-02-12 [MagFors] Obsoleted due to bad geometry

0 !HISTORY 2025-02-27 [OrionP] Official Update 2025-02



1 16 0 -1 0 0 0 -9 0 1 0 19 0 0 box4.dat

1 16 0 -5.6 16 -6 0 0 0 0 5.6 0 1 0 rect.dat

1 16 0 -13 15 -6 0 0 0 .555556 1.8 0 1 -1 rect.dat

1 16 0 -10.9 10 -6 0 0 0 0 -2.1 0 -1 0 rect.dat

1 16 0 -10.6 7 -6 0 0 0 .555556 1.8 0 1 -1 rect.dat

1 16 0 -8.5 2 -6 0 0 0 0 -2.1 0 -1 0 rect.dat

1 16 0 -8.2 -1 -6 0 0 0 .555556 1.8 0 1 -1 rect.dat

1 16 0 -6.1 -6 -6 0 0 0 0 -2.1 0 -1 0 rect.dat

1 16 0 -5.8 -9 -6 0 0 0 .555556 1.8 0 1 -1 rect.dat

1 16 0 -4.9 -14 -6 0 0 0 0 -.9 0 -1 0 rect.dat

1 16 0 -2 -16 -6 0 0 0 0 -2 0 -1 0 rect.dat

1 16 0 -8.24 20 10 0 0 0 0 7.24 0 -1 0 rect.dat

1 16 0 -2.24 -20 10 0 0 0 0 -1.24 0 1 0 rect.dat

1 16 0 -11.2 15 0 0 6 0 -1 0 1 0 0 rect2p.dat

1 16 0 -8.8 8 0 0 6 0 -1 0 2 0 0 rect2p.dat

1 16 0 -6.4 0 0 0 6 0 -1 0 2 0 0 rect2p.dat

1 16 0 -4 -8 0 0 6 0 -1 0 2 0 0 rect2p.dat

1 16 0 -4 -15 0 0 6 0 -1 0 1 0 0 rect2p.dat

2 24 6 0 -16 6 0 16

2 24 -6 0 -16 -6 0 16

2 24 10 -1 -20 10 -1 20

2 24 -10 -1 -20 -10 -1 20

2 24 6 -5.8 -14 6 -7.6 -8

2 24 6 -8.2 -6 6 -10 0

2 24 6 -10.6 2 6 -12.4 8

2 24 6 -13 10 6 -14.8 16

2 24 -6 -5.8 -14 -6 -7.6 -8

2 24 -6 -8.2 -6 -6 -10 0

2 24 -6 -10.6 2 -6 -12.4 8

2 24 -6 -13 10 -6 -14.8 16

2 24 7.5 -4.7 -17.66 -7.5 -4.7 -17.66

2 24 7.5 -15.21 17.38 -7.5 -15.21 17.38

2 24 7.5 -4.7 -17.66 7.5 -15.21 17.38

2 24 -7.5 -4.7 -17.66 -7.5 -15.21 17.38

2 24 8 -14.88 18 -8 -14.88 18

2 24 8 -4.08 -18 8 -14.88 18

2 24 8 -4.08 -18 -8 -4.08 -18

2 24 -8 -4.08 -18 -8 -14.88 18

2 24 8 -14.88 18 7.5 -15.21 17.38

2 24 -8 -14.88 18 -7.5 -15.21 17.38

2 24 8 -4.08 -18 7.5 -4.7 -17.66

2 24 -8 -4.08 -18 -7.5 -4.7 -17.66

2 24 10 -3.48 -20 10 -15.48 20

2 24 -10 -3.48 -20 -10 -15.48 20

4 16 6 0 16 -6 0 16 -9 0 19 9 0 19

4 16 -6 0 -16 6 0 -16 9 0 -19 -9 0 -19

4 16 6 0 -16 6 0 16 9 0 19 9 0 -19

4 16 -6 0 16 -6 0 -16 -9 0 -19 -9 0 19

4 16 9 -1 19 -9 -1 19 -10 -1 20 10 -1 20

4 16 -9 -1 -19 9 -1 -19 10 -1 -20 -10 -1 -20

4 16 9 -1 -19 9 -1 19 10 -1 20 10 -1 -20

4 16 -9 -1 19 -9 -1 -19 -10 -1 -20 -10 -1 20

4 16 6 0 -16 6 -4 -16 6 -4 -6 6 0 -6

4 16 6 0 -6 6 -6.4 -6 6 -6.4 2 6 0 2

4 16 6 0 2 6 -8.8 2 6 -8.8 10 6 0 10

4 16 6 0 10 6 -11.2 10 6 -11.2 16 6 0 16

4 16 6 -4 -14 6 -5.8 -14 6 -7.6 -8 6 -4 -10

4 16 6 -6.4 -6 6 -8.2 -6 6 -10 0 6 -6.4 -2

4 16 6 -8.8 2 6 -10.6 2 6 -12.4 8 6 -8.8 6

4 16 6 -11.2 10 6 -13 10 6 -14.8 16 6 -11.2 14

4 16 -6 0 -6 -6 -4 -6 -6 -4 -16 -6 0 -16

4 16 -6 0 2 -6 -6.4 2 -6 -6.4 -6 -6 0 -6

4 16 -6 0 10 -6 -8.8 10 -6 -8.8 2 -6 0 2

4 16 -6 0 16 -6 -11.2 16 -6 -11.2 10 -6 0 10

4 16 -6 -4 -10 -6 -7.6 -8 -6 -5.8 -14 -6 -4 -14

4 16 -6 -6.4 -2 -6 -10 0 -6 -8.2 -6 -6 -6.4 -6

4 16 -6 -8.8 6 -6 -12.4 8 -6 -10.6 2 -6 -8.8 2

4 16 -6 -11.2 14 -6 -14.8 16 -6 -13 10 -6 -11.2 10

4 16 6 -13 10 -6 -13 10 -6 -12.4 8 6 -12.4 8

4 16 6 -10.6 2 -6 -10.6 2 -6 -10 0 6 -10 0

4 16 6 -8.2 -6 -6 -8.2 -6 -6 -7.6 -8 6 -7.6 -8

4 16 7.5 -15.21 17.38 -7.5 -15.21 17.38 -6 -14.8 16 6 -14.8 16

4 16 7.5 -4.7 -17.66 7.5 -15.21 17.38 6 -14.8 16 6 -5.8 -14

4 16 -7.5 -4.7 -17.66 7.5 -4.7 -17.66 6 -5.8 -14 -6 -5.8 -14

4 16 -6 -5.8 -14 -6 -14.8 16 -7.5 -15.21 17.38 -7.5 -4.7 -17.66

4 16 8 -14.88 18 -8 -14.88 18 -7.5 -15.21 17.38 7.5 -15.21 17.38

4 16 8 -4.08 -18 8 -14.88 18 7.5 -15.21 17.38 7.5 -4.7 -17.66

4 16 -7.5 -4.7 -17.66 -7.5 -15.21 17.38 -8 -14.88 18 -8 -4.08 -18

4 16 -8 -4.08 -18 8 -4.08 -18 7.5 -4.7 -17.66 -7.5 -4.7 -17.66

4 16 10 -15.48 20 -10 -15.48 20 -8 -14.88 18 8 -14.88 18

4 16 10 -3.48 -20 10 -15.48 20 8 -14.88 18 8 -4.08 -18

4 16 -8 -4.08 -18 -8 -14.88 18 -10 -15.48 20 -10 -3.48 -20

4 16 -10 -3.48 -20 10 -3.48 -20 8 -4.08 -18 -8 -4.08 -18

4 16 10 -1 -20 10 -1 20 10 -15.48 20 10 -3.48 -20

4 16 -10 -3.48 -20 -10 -15.48 20 -10 -1 20 -10 -1 -20

0

0 NOFILE

0 FILE 3068b.dat
0 Tile  2 x  2 with Groove

0 Name: 3068b.dat

0 Author: Takeshi Takahashi [RainbowDolphin]

0 !LDRAW_ORG Part UPDATE 2024-06

0 !LICENSE Licensed under CC BY 4.0 : see CAreadme.txt



0 BFC CERTIFY CCW



0 !KEYWORDS BrickLink 3068



0 !HISTORY 2002-04-25 [PTadmin] Official Update 2002-02

0 !HISTORY 2004-07-26 [guyvivan] Made BFC Compliant

0 !HISTORY 2004-11-06 [PTadmin] Official Update 2004-04

0 !HISTORY 2007-06-13 [PTadmin] Header formatted for Contributor Agreement

0 !HISTORY 2008-07-01 [PTadmin] Official Update 2008-01

0 !HISTORY 2024-05-29 [RainbowDolphin] Total rewrite, original by Damien Guichard [BrickCaster]

0 !HISTORY 2024-07-29 [OrionP] Official Update 2024-06



1 16 0 0 0 1 0 0 0 1 0 0 0 1 s__3068bs01.dat

0 // Patternable surface

4 16 -20 0 -20 20 0 -20 20 0 20 -20 0 20

0 NOFILE

0 FILE s__3068bs01.dat
0 ~Tile  2 x  2 with Groove without Face

0 Name: s\3068bs01.dat

0 Author: Willy Tschager [Holly-Wood]

0 !LDRAW_ORG Subpart UPDATE 2024-03

0 !LICENSE Licensed under CC BY 4.0 : see CAreadme.txt



0 BFC CERTIFY CCW



0 !HISTORY 2002-04-02 [sbliss] Modified for BFC compliance

0 !HISTORY 2002-04-25 [PTadmin] Official Update 2002-02

0 !HISTORY 2007-08-30 [PTadmin] Header formatted for Contributor Agreement

0 !HISTORY 2008-07-01 [PTadmin] Official Update 2008-01

0 !HISTORY 2024-03-07 [Holly-Wood] Complete re-write, original by BrickCaster

0 !HISTORY 2024-04-28 [OrionP] Official Update 2024-03



1 16 0 0 0 20 0 0 0 7 0 0 0 20 box4.dat

1 16 0 7 0 19 0 0 0 1 0 0 0 19 box4.dat

0 BFC INVERTNEXT

1 16 0 4 0 16 0 0 0 4 0 0 0 16 box4.dat

1 16 0 4 0 1 0 0 0 -1 0 0 0 1 stud4.dat

1 16 0 4 0 6 0 0 0 -1 0 0 0 6 4-4disc.dat

1 16 0 4 0 8 0 0 0 -1 0 0 0 8 4-4ndis.dat



4 16 -19 7 -19 19 7 -19 20 7 -20 -20 7 -20

4 16 20 7 -20 19 7 -19 19 7 19 20 7 20

4 16 20 7 20 19 7 19 -19 7 19 -20 7 20

4 16 -20 7 20 -19 7 19 -19 7 -19 -20 7 -20



4 16 -16 8 -16 16 8 -16 19 8 -19 -19 8 -19

4 16 19 8 -19 16 8 -16 16 8 16 19 8 19

4 16 19 8 19 16 8 16 -16 8 16 -19 8 19

4 16 -19 8 19 -16 8 16 -16 8 -16 -19 8 -19



4 16 -8 4 -8 8 4 -8 16 4 -16 -16 4 -16

4 16 16 4 -16 8 4 -8 8 4 8 16 4 16

4 16 16 4 16 8 4 8 -8 4 8 -16 4 16

4 16 -16 4 16 -8 4 8 -8 4 -8 -16 4 -16

0 NOFILE

0 FILE 4-4ndis.dat
0 Disc Negative 1.0

0 Name: 4-4ndis.dat

0 Author: James Jessiman

0 !LDRAW_ORG Primitive UPDATE 2012-01

0 !LICENSE Licensed under CC BY 4.0 : see CAreadme.txt



0 BFC CERTIFY CCW



0 !HISTORY 2002-03-23 [sbliss] Added BFC statement; compacted code

0 !HISTORY 2002-04-25 [PTadmin] Official Update 2002-02

0 !HISTORY 2007-06-24 [PTadmin] Header formatted for Contributor Agreement

0 !HISTORY 2008-07-01 [PTadmin] Official Update 2008-01

0 !HISTORY 2012-02-16 [Philo] Changed to CCW

0 !HISTORY 2012-03-30 [PTadmin] Official Update 2012-01





3 16 0.9239 0 0.3827 1 0 0 1 0 1

3 16 0.7071 0 0.7071 0.9239 0 0.3827 1 0 1

3 16 0.3827 0 0.9239 0.7071 0 0.7071 1 0 1

3 16 0 0 1 0.3827 0 0.9239 1 0 1

3 16 -0.3827 0 0.9239 0 0 1 -1 0 1

3 16 -0.7071 0 0.7071 -0.3827 0 0.9239 -1 0 1

3 16 -0.9239 0 0.3827 -0.7071 0 0.7071 -1 0 1

3 16 -1 0 0 -0.9239 0 0.3827 -1 0 1

3 16 -0.9239 0 -0.3827 -1 0 0 -1 0 -1

3 16 -0.7071 0 -0.7071 -0.9239 0 -0.3827 -1 0 -1

3 16 -0.3827 0 -0.9239 -0.7071 0 -0.7071 -1 0 -1

3 16 0 0 -1 -0.3827 0 -0.9239 -1 0 -1

3 16 0.3827 0 -0.9239 0 0 -1 1 0 -1

3 16 0.7071 0 -0.7071 0.3827 0 -0.9239 1 0 -1

3 16 0.9239 0 -0.3827 0.7071 0 -0.7071 1 0 -1

3 16 1 0 0 0.9239 0 -0.3827 1 0 -1

0 NOFILE

0 FILE 27263.dat
0 Tile  2 x  2 Corner without Corner

0 Name: 27263.dat

0 Author: Magnus Forsberg [MagFors]

0 !LDRAW_ORG Part UPDATE 2017-01

0 !LICENSE Licensed under CC BY 4.0 : see CAreadme.txt



0 BFC CERTIFY CCW



0 !HISTORY 2017-12-30 [PTadmin] Official Update 2017-01





2 24 6 4 6 6 8 6

0 BFC INVERTNEXT

1 16 20 8 0 -6 0 0 0 -4 0 0 0 6 box5.dat

0 BFC INVERTNEXT

1 16 0 8 20 -6 0 0 0 -4 0 0 0 6 box5.dat

0 BFC INVERTNEXT

1 16 10 8 6 -4 0 0 0 -4 0 0 0 -10 tri3a4.dat

0 BFC INVERTNEXT

1 16 6 8 10 0 0 -10 0 -4 0 -4 0 0 tri3a4.dat

1 16 -2.6213 6 8.6213 -1.3787 0 0 0 0 -2 1.3787 -1 0 rect.dat

1 16 8.6213 6 -2.6213 0 -1 1.3787 -2 0 0 0 0 -1.3787 rect.dat



4 16 6 8 14 6 8 10 -4 8 10 -6 8 14

4 16 -3.5355 8 4.9497 -9 8 10.4142 -6 8 14 -4 8 10

3 16 -4 8 10 -1.2426 8 7.2426 -3.5355 8 4.9497

4 16 -9 8 29 -6 8 26 -6 8 14 -9 8 10.4142

4 16 9 8 29 6 8 26 -6 8 26 -9 8 29

4 16 9 8 9 6 8 14 6 8 26 9 8 29

3 16 6 8 14 9 8 9 6 8 10

4 16 9 8 9 10 8 6 6 8 6 6 8 10

3 16 9 8 9 14 8 6 10 8 6

4 16 29 8 9 26 8 6 14 8 6 9 8 9

4 16 29 8 -9 26 8 -6 26 8 6 29 8 9

4 16 10.4142 8 -9 14 8 -6 26 8 -6 29 8 -9

3 16 7.2426 8 -1.2426 10 8 -4 4.9497 8 -3.5355

4 16 14 8 -6 10.4142 8 -9 4.9497 8 -3.5355 10 8 -4

4 16 14 8 6 14 8 -6 10 8 -4 10 8 6



3 16 -1.2426 4 7.2426 -4 4 10 6 4 6

3 16 -1.2426 4 7.2426 6 4 6 7.2426 4 -1.2426

3 16 7.2426 4 -1.2426 6 4 6 10 4 -4



1 16 7.682 7.5 -6.2677 0 1 2.73225 -0.5 0 0 0 0 -2.73225 rect.dat

1 16 -6.2678 7.5 7.682 2.73225 0 0 0 0 0.5 -2.73225 1 0 rect.dat

1 16 0 7.5 19.7071 0 0 -9 0.5 0 0 0 9.2929 0 box2-7.dat

0 BFC INVERTNEXT

1 16 19 7.5 19 0 -10 0 0.5 0 0 0 0 -10 box2-5.dat

1 16 19.7071 7.5 0 0 0 9.2929 0.5 0 0 0 -9 0 box2-7.dat



2 24 4.9497 7 -3.5355 4.2426 7 -4.2426

2 24 -3.5355 7 4.9497 -4.2426 7 4.2426

2 24 4.2426 7 -4.2426 4.2426 4 -4.2426

2 24 -4.2426 4 4.2426 -4.2426 7 4.2426

2 24 -1.2426 8 7.2426 -3.5355 8 4.9497

2 24 4.9497 8 -3.5355 7.2426 8 -1.2426

3 16 7.2426 8 -1.2426 4.9497 8 -3.5355 4.9497 7 -3.5355

4 16 7.2426 8 -1.2426 4.9497 7 -3.5355 4.2426 4 -4.2426 7.2426 4 -1.2426

3 16 4.9497 7 -3.5355 4.2426 7 -4.2426 4.2426 4 -4.2426

3 16 -4.2426 4 4.2426 -4.2426 7 4.2426 -3.5355 7 4.9497

4 16 -4.2426 4 4.2426 -3.5355 7 4.9497 -1.2426 8 7.2426 -1.2426 4 7.2426

3 16 -3.5355 7 4.9497 -3.5355 8 4.9497 -1.2426 8 7.2426

1 16 1.5 4 1.5 4.2426 0 -1.5 0 -1 0 -4.2426 0 -1.5 rect3.dat



2 24 10 7 -10 4.2426 7 -4.2426

2 24 -4.2426 7 4.2426 -10 7 10

4 16 9 7 9 10 7 10 30 7 10 29 7 9

4 16 29 7 9 30 7 10 30 7 -10 29 7 -9

4 16 29 7 -9 30 7 -10 10 7 -10 10.4142 7 -9

4 16 4.9497 7 -3.5355 10.4142 7 -9 10 7 -10 4.2426 7 -4.2426

4 16 -9 7 10.4142 -3.5355 7 4.9497 -4.2426 7 4.2426 -10 7 10

4 16 -9 7 10.4142 -10 7 10 -10 7 30 -9 7 29

4 16 -9 7 29 -10 7 30 10 7 30 9 7 29

4 16 9 7 29 10 7 30 10 7 10 9 7 9



1 16 20 3.5 0 0 0 10 3.5 0 0 0 -10 0 box2-5.dat

0 BFC INVERTNEXT

1 16 20 3.5 20 0 -10 0 3.5 0 0 0 0 -10 box2-7.dat

1 16 0 3.5 20 0 0 -10 3.5 0 0 0 10 0 box2-5.dat

4 16 4.2426 7 -4.2426 10 7 -10 10 0 -10 4.2426 4 -4.2426

4 16 -10 0 10 -10 7 10 -4.2426 7 4.2426 -4.2426 4 4.2426

4 16 -4.2426 4 4.2426 4.2426 4 -4.2426 10 0 -10 -10 0 10

2 24 -10 0 10 10 0 -10



0 // Top Surface

4 16 30 0 10 10 0 10 10 0 -10 30 0 -10

4 16 10 0 10 10 0 30 -10 0 30 -10 0 10

3 16 10 0 10 -10 0 10 10 0 -10

0 NOFILE

0 FILE tri3a4.dat
0 Triangular Prism with 3 Adjacent Faces without 4 Edges

0 Name: tri3a4.dat

0 Author: Magnus Forsberg [MagFors]

0 !LDRAW_ORG Primitive UPDATE 2017-01

0 !LICENSE Licensed under CC BY 4.0 : see CAreadme.txt



0 BFC CERTIFY CCW



0 !HISTORY 2017-12-30 [PTadmin] Official Update 2017-01





2 24 0 1 1 0 1 0

2 24 0 1 0 1 1 0

2 24 0 0 1 0 0 0

2 24 0 0 0 1 0 0

2 24 0 0 0 0 1 0

4 16 0 1 1 0 1 0 0 0 0 0 0 1

4 16 0 1 0 1 1 0 1 0 0 0 0 0

3 16 0 1 0 0 1 1 1 1 0

0 NOFILE

0 FILE 36840.dat
0 Bracket  1 x  1 -  1 x  1 Up

0 Name: 36840.dat

0 Author: Magnus Forsberg [MagFors]

0 !LDRAW_ORG Part UPDATE 2019-01

0 !LICENSE Licensed under CC BY 4.0 : see CAreadme.txt



0 BFC CERTIFY CCW



0 !HISTORY 2019-06-28 [PTadmin] Official Update 2019-01





1 16 0 6 -10 -1.5 0 0 0 0 2 0 4 0 box4-2p.dat

1 16 -3.75 6 -10 0 0 -2.25 2 0 0 0 -1 0 rect3.dat

1 16 3.75 6 -10 0 0 2.25 -2 0 0 0 -1 0 rect3.dat

0 BFC INVERTNEXT

1 16 0 8 -2 6 0 0 0 -4 0 0 0 8 box4-4a.dat

1 16 0 8 -2 10 0 0 0 1 0 0 0 12 recte4.dat

4 16 10 8 10 6 8 6 -6 8 6 -10 8 10

4 16 -10 8 10 -6 8 6 -6 8 -10 -10 8 -14

4 16 -10 8 -14 -6 8 -10 6 8 -10 10 8 -14

4 16 10 8 -14 6 8 -10 6 8 6 10 8 10

1 16 0 -5 -10 -10 0 0 0 0 5 0 -1 0 rect3.dat

4 16 10 0 -10 10 8 -14 10 8 10 10 0 10

4 16 -10 0 10 -10 8 10 -10 8 -14 -10 0 -10

1 16 0 4 0 -10 0 0 0 -4 0 0 0 10 box2-7.dat

2 24 -8 -12 -10 8 -12 -10

4 16 -10 -10 -10 -8 -12 -10 8 -12 -10 10 -10 -10

1 16 -8 -10 -10 -2 0 0 0 0 -2 0 -1 0 1-4chrd.dat

1 16 8 -10 -10 0 0 2 -2 0 0 0 -1 0 1-4chrd.dat

1 16 -8 -10 -14 -2 0 0 0 0 -2 0 1 0 1-4chrd.dat

1 16 8 -10 -14 0 0 2 -2 0 0 0 1 0 1-4chrd.dat

1 16 8 -10 -14 2 0 0 0 0 -2 0 4 0 1-4cylo.dat

1 16 -8 -10 -14 0 0 -2 -2 0 0 0 4 0 1-4cylo.dat

1 16 0 -12 -12 -8 0 0 0 1 0 0 0 2 rect2p.dat

4 16 -8 -12 -14 -10 -10 -14 10 -10 -14 8 -12 -14



4 16 10 0 -10 10 -10 -10 10 -10 -14 10 8 -14

4 16 -10 8 -14 -10 -10 -14 -10 -10 -10 -10 0 -10

1 16 0 -1 -14 0 0 10 9 0 0 0 1 0 rect2p.dat

1 16 0 0 0 0 0 -1 0 1 0 1 0 0 stud.dat

1 16 0 -2 -14 0 0 1 1 0 0 0 1 0 stud2.dat

0 NOFILE

0 FILE stud2.dat
0 Stud Open

0 Name: stud2.dat

0 Author: James Jessiman

0 !LDRAW_ORG Primitive UPDATE 2009-02

0 !LICENSE Licensed under CC BY 4.0 : see CAreadme.txt



0 BFC CERTIFY CCW



0 !HISTORY 1999-07-05 [PTadmin] Official Update 1999-05

0 !HISTORY 2002-04-04 [sbliss] Modified for BFC compliance

0 !HISTORY 2002-04-25 [PTadmin] Official Update 2002-02

0 !HISTORY 2007-06-24 [PTadmin] Header formatted for Contributor Agreement

0 !HISTORY 2008-07-01 [PTadmin] Official Update 2008-01

0 !HISTORY 2009-06-21 [cwdee] Update ring references to 4-4ring

0 !HISTORY 2009-09-03 [PTadmin] Official Update 2009-02





1 16 0 0 0 4 0 0 0 1 0 0 0 4 4-4edge.dat

1 16 0 0 0 6 0 0 0 1 0 0 0 6 4-4edge.dat

1 16 0 -4 0 4 0 0 0 1 0 0 0 4 4-4edge.dat

1 16 0 -4 0 6 0 0 0 1 0 0 0 6 4-4edge.dat

0 BFC INVERTNEXT

1 16 0 -4 0 4 0 0 0 4 0 0 0 4 4-4cyli.dat

1 16 0 -4 0 6 0 0 0 4 0 0 0 6 4-4cyli.dat

1 16 0 -4 0 2 0 0 0 1 0 0 0 2 4-4ring2.dat

0

0 NOFILE

0 FILE 1-4cylo.dat
0 Cylinder Open 0.25

0 Name: 1-4cylo.dat

0 Author: Max Martin Richter [MMR1988]

0 !LDRAW_ORG Primitive UPDATE 2010-03

0 !LICENSE Licensed under CC BY 4.0 : see CAreadme.txt



0 BFC CERTIFY CCW



0 !HISTORY 2010-12-31 [PTadmin] Official Update 2010-03





1 16 0 0 0 1 0 0 0 1 0 0 0 1 1-4edge.dat

1 16 0 1 0 1 0 0 0 1 0 0 0 1 1-4edge.dat

1 16 0 0 0 1 0 0 0 1 0 0 0 1 1-4cyli.dat

0 NOFILE

0 FILE 1-4chrd.dat
0 Chord 0.25

0 Name: 1-4chrd.dat

0 Author: Max Martin Richter [MMR1988]

0 !LDRAW_ORG Primitive UPDATE 2023-05

0 !LICENSE Licensed under CC BY 4.0 : see CAreadme.txt



0 BFC CERTIFY CCW



0 !HISTORY 2004-04-22 [PTadmin] Official Update 2004-02

0 !HISTORY 2007-10-09 [PTadmin] Header formatted for Contributor Agreement

0 !HISTORY 2008-07-01 [PTadmin] Official Update 2008-01

0 !HISTORY 2012-08-02 [MMR1988] Re-creation with PrimGen2 and Rectifier

0 !HISTORY 2012-08-09 [PTadmin] Official Update 2012-02

0 !HISTORY 2023-10-27 [OrionP] Change author to MMR1988 from hafhead

0 !HISTORY 2023-10-31 [OrionP] Official Update 2023-05



4 16 0.9239 0 0.3827 0.3827 0 0.9239 0 0 1 1 0 0

3 16 0.7071 0 0.7071 0.3827 0 0.9239 0.9239 0 0.3827
0 NOFILE

0 FILE recte4.dat
0 Rectangle Empty with 4 Edges

0 Name: recte4.dat

0 Author: Steffen [Steffen]

0 !LDRAW_ORG Primitive UPDATE 2010-03

0 !LICENSE Licensed under CC BY 4.0 : see CAreadme.txt



0 BFC CERTIFY CCW



0 !HISTORY 2010-12-31 [PTadmin] Official Update 2010-03





2 24 1 0 1 -1 0 1

2 24 -1 0 1 -1 0 -1

2 24 -1 0 -1 1 0 -1

2 24 1 0 -1 1 0 1

0 NOFILE

0 FILE box4-4a.dat
0 Box with  4 Faces without  4 Adjacent Edges

0 Name: box4-4a.dat

0 Author: Willy Tschager [Holly-Wood]

0 !LDRAW_ORG Primitive UPDATE 2024-01

0 !LICENSE Licensed under CC BY 4.0 : see CAreadme.txt



0 BFC CERTIFY CCW



0 !HISTORY 1998-07-15 [PTadmin] Official Update 1998-07

0 !HISTORY 2002-12-13 [hafhead] Made BFC compliant

0 !HISTORY 2003-03-12 [PTadmin] Official Update 2003-01

0 !HISTORY 2007-06-24 [PTadmin] Header formatted for Contributor Agreement

0 !HISTORY 2008-07-01 [PTadmin] Official Update 2008-01

0 !HISTORY 2012-02-16 [Philo] Changed to CCW

0 !HISTORY 2012-03-30 [PTadmin] Official Update 2012-01

0 !HISTORY 2024-01-03 [Holly-Wood] Complete re-write, original by Manfred Moolhuysen

0 !HISTORY 2024-01-29 [OrionP] Official Update 2024-01



2 24 -1 1 -1 -1 1 1

2 24 1 1 1 1 1 -1

2 24 -1 1 1 1 1 1

4 16 1 1 1 1 1 -1 -1 1 -1 -1 1 1



2 24 -1 0 -1 -1 0 1

4 16 -1 1 1 -1 1 -1 -1 0 -1 -1 0 1



2 24 1 0 1 1 0 -1

4 16 1 1 -1 1 1 1 1 0 1 1 0 -1



2 24 1 1 1 1 0 1

2 24 -1 1 1 -1 0 1

2 24 -1 0 1 1 0 1

4 16 1 1 1 -1 1 1 -1 0 1 1 0 1

0 NOFILE

0 FILE box4-2p.dat
0 Box with  4 Faces without  2 Parallel Edges

0 Name: box4-2p.dat

0 Author: Willy Tschager [Holly-Wood]

0 !LDRAW_ORG Primitive UPDATE 2024-01

0 !LICENSE Licensed under CC BY 4.0 : see CAreadme.txt



0 BFC CERTIFY CCW



0 !HISTORY 2009-05-02 [PTadmin] Official Update 2009-01

0 !HISTORY 2024-01-03 [Holly-Wood] Complete re-write, original by guyvivan

0 !HISTORY 2024-01-29 [OrionP] Official Update 2024-01



2 24 -1 1 -1 -1 1 1

2 24 1 1 1 1 1 -1

2 24 -1 1 1 1 1 1

2 24 -1 1 -1 1 1 -1

4 16 1 1 1 1 1 -1 -1 1 -1 -1 1 1



2 24 -1 0 -1 -1 1 -1

2 24 -1 0 -1 -1 0 1

4 16 -1 1 1 -1 1 -1 -1 0 -1 -1 0 1



2 24 1 0 -1 1 1 -1

2 24 1 0 1 1 0 -1

4 16 1 1 -1 1 1 1 1 0 1 1 0 -1



2 24 1 1 1 1 0 1

2 24 -1 1 1 -1 0 1

4 16 1 1 1 -1 1 1 -1 0 1 1 0 1

0 NOFILE

0 FILE 54200.dat
0 Slope Brick 31  1 x  1 x  0.667

0 Name: 54200.dat

0 Author: Orion Pobursky [OrionP]

0 !LDRAW_ORG Part UPDATE 2022-04

0 !LICENSE Licensed under CC BY 4.0 : see CAreadme.txt



0 BFC CERTIFY CCW



0 !KEYWORDS cheese



0 !HISTORY 2006-01-14 [cwdee] Rotated to match other slope bricks

0 !HISTORY 2009-09-03 [PTadmin] Official Update 2009-02

0 !HISTORY 2013-08-04 [cwdee] Description change

0 !HISTORY 2013-12-23 [PTadmin] Official Update 2013-02

0 !HISTORY 2014-11-21 [roland] Auto-corrected with libfix version of LDCad 1.4

0 !HISTORY 2015-10-11 [PTadmin] Official Update 2015-01

0 !HISTORY 2019-06-03 [Philo] Rounded corners and flattened top.

0 !HISTORY 2019-06-28 [PTadmin] Official Update 2019-01

0 !HISTORY 2021-05-21 [OrionP] Subfiled for patterns

0 !HISTORY 2022-05-07 [PTadmin] Official Update 2022-03

0 !HISTORY 2022-07-13 [Jaco] added keyword Cheese

0 !HISTORY 2022-07-18 [PTadmin] Official Update 2022-04





1 16 0 0 0 1 0 0 0 1 0 0 0 1 s__54200s01.dat



3 16 9.41 -15.01 8.35 8 -15.6 9.3333 10 -13.6 6

4 16 -8 -15.6 9.3333 -10 -13.6 6 10 -13.6 6 8 -15.6 9.3333

3 16 -8 -15.6 9.3333 -9.41 -15.01 8.35 -10 -13.6 6

4 16 -10 -4 -10 10 -4 -10 10 -13.6 6 -10 -13.6 6

0 NOFILE

0 FILE s__54200s01.dat
0 ~Slope Brick 31  1 x  1 x  0.667 without Sloped Face

0 Name: s\54200s01.dat

0 Author: Orion Pobursky [OrionP]

0 !LDRAW_ORG Subpart UPDATE 2022-03

0 !LICENSE Licensed under CC BY 4.0 : see CAreadme.txt



0 BFC CERTIFY CCW



0 !HISTORY 2022-05-07 [PTadmin] Official Update 2022-03





2 24 10 -1 10 10 -1 -10

2 24 -10 -1 10 -10 -1 -10

1 16 0 -5.3 6 -6 0 0 0 0 5.3 0 1 0 rect.dat

1 16 0 -1.7 -6 0 0 -6 1.7 0 0 0 -1 0 rect.dat

1 16 0 -2.5 -10 -10 0 0 0 0 1.5 0 1 0 rect.dat

2 24 9 0 9 -9 0 9

2 24 9 0 -9 -9 0 -9

1 16 0 -1 0 0 0 9 0 1 0 -9 0 0 box4.dat

4 16 10 -1 -10 9 -1 -9 9 -1 9 10 -1 10

4 16 -10 -1 10 -9 -1 9 -9 -1 -9 -10 -1 -10

4 16 10 -1 10 9 -1 9 -9 -1 9 -10 -1 10

4 16 -10 -1 -10 -9 -1 -9 9 -1 -9 10 -1 -10

4 16 6 0 -6 6 0 6 9 0 9 9 0 -9

4 16 -6 0 6 -6 0 -6 -9 0 -9 -9 0 9

4 16 -6 0 -6 6 0 -6 9 0 -9 -9 0 -9

4 16 6 0 6 -6 0 6 -9 0 9 9 0 9

4 16 6 -10.6 6 6 0 6 6 0 -6 6 -3.4 -6

4 16 -6 -10.6 6 -6 -3.4 -6 -6 0 -6 -6 0 6

2 24 6 0 -6 6 0 6

2 24 -6 0 -6 -6 0 6

2 24 6 -3.4 -6 6 -10.6 6

2 24 -6 -3.4 -6 -6 -10.6 6

3 16 -3.1092 -4 -5 -2.2961 -4 -5.5434 -2.2961 -3.674 -5.5434

5 24 -2.2961 -4 -5.5434 -2.2961 -3.674 -5.5434 -3.1092 -4 -5 0 -4 -6

4 16 -2.2961 -4 -5.5434 0 -4 -6 0 -3.4 -6 -2.2961 -3.674 -5.5434

5 24 0 -4 -6 0 -3.4 -6 -2.2961 -4 -5.5434 2.2961 -4 -5.5434

4 16 0 -4 -6 2.2961 -4 -5.5434 2.2961 -3.674 -5.5434 0 -3.4 -6

5 24 2.2961 -4 -5.5434 2.2961 -3.674 -5.5434 0 -4 -6 3.1092 -4 -5

3 16 3.1092 -4 -5 2.2961 -3.674 -5.5434 2.2961 -4 -5.5434

2 24 -3.1092 -4 -5 -2.2961 -4 -5.5434

2 24 -2.2961 -4 -5.5434 0 -4 -6

2 24 2.2961 -4 -5.5434 0 -4 -6

2 24 3.1092 -4 -5 2.2961 -4 -5.5434

2 24 -3.1092 -4 -5 -2.2961 -3.674 -5.5434

2 24 -2.2961 -3.674 -5.5434 0 -3.4 -6

2 24 2.2961 -3.674 -5.5434 0 -3.4 -6

2 24 3.1092 -4 -5 2.2961 -3.674 -5.5434

2 24 -3.1092 -4 -5 3.1092 -4 -5

3 16 -3.1092 -4 -5 -2.2961 -3.674 -5.5434 -6 -3.4 -6

3 16 -6 -3.4 -6 -2.2961 -3.674 -5.5434 0 -3.4 -6

3 16 3.1092 -4 -5 6 -3.4 -6 2.2961 -3.674 -5.5434

3 16 6 -3.4 -6 0 -3.4 -6 2.2961 -3.674 -5.5434

2 24 9.41 -15.01 8.35 10 -13.6 6

2 24 9.41 -15.01 10 10 -13.6 10

2 24 8 -15.6 9.3333 9.41 -15.01 8.35

2 24 9.41 -15.01 10 8 -15.6 10

2 24 -9.41 -15.01 8.35 -10 -13.6 6

2 24 -9.41 -15.01 10 -10 -13.6 10

2 24 -8 -15.6 9.3333 -9.41 -15.01 8.35

2 24 -9.41 -15.01 10 -8 -15.6 10

4 16 8 -15.6 10 8 -15.6 9.3333 9.41 -15.01 8.35 9.41 -15.01 10

4 16 9.41 -15.01 10 9.41 -15.01 8.35 10 -13.6 6 10 -13.6 10

4 16 10 -1 10 10 -13.6 10 10 -13.6 6 10 -4 -10

3 16 10 -4 -10 10 -1 -10 10 -1 10

3 16 8 -15.6 10 9.41 -15.01 10 10 -13.6 10

4 16 -9.41 -15.01 8.35 -8 -15.6 9.3333 -8 -15.6 10 -9.41 -15.01 10

4 16 -10 -13.6 6 -9.41 -15.01 8.35 -9.41 -15.01 10 -10 -13.6 10

4 16 -10 -13.6 6 -10 -13.6 10 -10 -1 10 -10 -4 -10

3 16 -10 -1 -10 -10 -4 -10 -10 -1 10

3 16 -9.41 -15.01 10 -8 -15.6 10 -10 -13.6 10

2 24 -8 -15.6 10 8 -15.6 10

2 24 -8 -15.6 9.3333 8 -15.6 9.3333

4 16 -8 -15.6 10 -8 -15.6 9.3333 8 -15.6 9.3333 8 -15.6 10

4 16 -10 -13.6 10 -8 -15.6 10 8 -15.6 10 10 -13.6 10

1 16 0 -7.3 10 10 0 0 0 0 6.3 0 -1 0 rect3.dat

5 24 -9.41 -15.01 10 -9.41 -15.01 8.35 -8 -15.6 9.3333 -10 -13.6 10

5 24 9.41 -15.01 8.35 9.41 -15.01 10 8 -15.6 10 10 -13.6 6

5 24 -10 -13.6 6 -10 -13.6 10 -9.41 -15.01 8.35 -10 -1 10

5 24 10 -13.6 10 10 -13.6 6 9.41 -15.01 10 10 -4 -10

5 24 8 -15.6 9.3333 8 -15.6 10 9.41 -15.01 8.35 -8 -15.6 10

5 24 -8 -15.6 9.3333 -8 -15.6 10 -9.41 -15.01 10 8 -15.6 9.3333

3 16 0 -4 -6 -2.2961 -4 -5.5434 2.2961 -4 -5.5434

4 16 -3.1092 -4 -5 3.1092 -4 -5 2.2961 -4 -5.5434 -2.2961 -4 -5.5434

3 16 -3.1092 -4 -5 -6 -3.4 -6 -6 -10.6 6

3 16 6 -3.4 -6 3.1092 -4 -5 6 -10.6 6

4 16 -3.1092 -4 -5 -6 -10.6 6 6 -10.6 6 3.1092 -4 -5

2 24 -10 -13.6 6 -10 -4 -10

2 24 10 -4 -10 10 -13.6 6

0 NOFILE

0 FILE 26601.dat
0 Plate  2 x  2 without Corner

0 Name: 26601.dat

0 Author: Magnus Forsberg [MagFors]

0 !LDRAW_ORG Part UPDATE 2024-03

0 !LICENSE Licensed under CC BY 4.0 : see CAreadme.txt



0 BFC CERTIFY CCW



0 !KEYWORDS Wing



0 !HISTORY 2017-12-30 [PTadmin] Official Update 2017-01

0 !HISTORY 2024-04-12 [Holly-Wood] Added keyword

0 !HISTORY 2024-04-28 [OrionP] Official Update 2024-03



1 16 0 4 0 1 0 0 0 -1 0 0 0 1 stud4.dat

2 24 -16 4 16 -16 8 16

0 BFC INVERTNEXT

1 16 -16 8 -16 14.3432 0 0 0 -4 0 0 0 32 tri3a4.dat

0 BFC INVERTNEXT

1 16 16 8 16 0 0 -32 0 -4 0 -14.3432 0 0 tri3a4.dat

1 16 15.1213 6 -2.0503 0 -2.2929 -1.4142 2 0 0 0 -2.2929 1.4142 box2-5.dat

1 16 2.0503 6 -15.1213 0 2.2929 -1.4142 2 0 0 0 2.2929 1.4142 box2-5.dat

1 16 8.5858 4 -8.5858 1.4142 0 -4.2426 0 -1 0 -1.4142 0 -4.2426 rect1.dat

3 16 -16 4 16 16 4 1.6568 11.4142 4 -2.929

3 16 -16 4 16 11.4142 4 -2.929 2.929 4 -11.4142

3 16 -16 4 16 2.929 4 -11.4142 -1.6568 4 -16



4 16 20 8 20 16 8 16 -16 8 16 -20 8 20

4 16 20 8 0 16 8 1.6568 16 8 16 20 8 20

4 16 11.4142 8 -2.929 16 8 1.6568 20 8 0 14.2426 8 -5.7574

4 16 2.929 8 -11.4142 5.7574 8 -14.2426 0 8 -20 -1.6568 8 -16

4 16 -20 8 -20 -16 8 -16 -1.6568 8 -16 0 8 -20

4 16 -20 8 20 -16 8 16 -16 8 -16 -20 8 -20



2 24 20 8 0 14.2426 8 -5.7574

2 24 5.7574 8 -14.2426 0 8 -20

1 16 10 4 -10 10 -1 0 0 0 -4 10 0 0 recte3.dat

4 16 20 0 0 0 0 -20 5.7574 4 -14.2426 14.2426 4 -5.7574

4 16 14.2426 4 -5.7574 14.2426 8 -5.7574 20 8 0 20 0 0

4 16 0 0 -20 0 8 -20 5.7574 8 -14.2426 5.7574 4 -14.2426

2 24 -20 0 20 -20 8 20

3 16 0 0 -20 20 0 0 -20 0 20

1 16 -20 8 -20 20 0 0 0 -8 0 0 0 40 tri3a4.dat

1 16 20 8 20 0 0 -40 0 -8 0 -20 0 0 tri3a4.dat



1 16 10 0 10 1 0 0 0 1 0 0 0 1 stud.dat

1 16 -10 0 10 1 0 0 0 1 0 0 0 1 stud.dat

1 16 -10 0 -10 1 0 0 0 1 0 0 0 1 stud.dat

0 NOFILE

0 FILE recte3.dat
0 Rectangle Empty with 3 Edges

0 Name: recte3.dat

0 Author: Steffen [Steffen]

0 !LDRAW_ORG Primitive UPDATE 2011-01

0 !LICENSE Licensed under CC BY 4.0 : see CAreadme.txt



0 BFC CERTIFY CCW



0 !HISTORY 2011-07-25 [PTadmin] Official Update 2011-01





2 24 1 0 1 -1 0 1

2 24 -1 0 1 -1 0 -1

2 24 1 0 -1 1 0 1

0 NOFILE

0 FILE rect1.dat
0 Rectangle with 1 Edge

0 Name: rect1.dat

0 Author: Chris Dee [cwdee]

0 !LDRAW_ORG Primitive UPDATE 2010-01

0 !LICENSE Licensed under CC BY 4.0 : see CAreadme.txt



0 BFC CERTIFY CCW



0 !HISTORY 2003-12-19 [PTadmin] Official Update 2003-03

0 !HISTORY 2007-06-24 [PTadmin] Header formatted for Contributor Agreement

0 !HISTORY 2008-07-01 [PTadmin] Official Update 2008-01

0 !HISTORY 2010-01-17 [mikeheide] changed winding to CCW

0 !HISTORY 2010-04-05 [PTadmin] Official Update 2010-01





2 24 1 0 -1 1 0 1

4 16 -1 0 1 -1 0 -1 1 0 -1 1 0 1

0

0 NOFILE

0 FILE 3623.dat
0 Plate  1 x  3

0 Name: 3623.dat

0 Author: James Jessiman

0 !LDRAW_ORG Part UPDATE 2017-01

0 !LICENSE Licensed under CC BY 4.0 : see CAreadme.txt



0 BFC CERTIFY CCW



0 !HISTORY 2003-06-08 [jriley] BFC compliant

0 !HISTORY 2003-12-19 [PTadmin] Official Update 2003-03

0 !HISTORY 2007-06-25 [PTadmin] Header formatted for Contributor Agreement

0 !HISTORY 2008-07-01 [PTadmin] Official Update 2008-01

0 !HISTORY 2017-04-02 [Sirio] Introduced use of subpart

0 !HISTORY 2017-12-30 [PTadmin] Official Update 2017-01





1 16 0 0 0 1 0 0 0 1 0 0 0 1 s__3623s01.dat

4 16 -30 8 -10 30 8 -10 30 0 -10 -30 0 -10

0 NOFILE

0 FILE s__3623s01.dat
0 ~Plate  1 x  3 without Front Face

0 Name: s\3623s01.dat

0 Author: Massimo Maso [Sirio]

0 !LDRAW_ORG Subpart UPDATE 2017-01

0 !LICENSE Licensed under CC BY 4.0 : see CAreadme.txt



0 BFC CERTIFY CCW



0 !HISTORY 2017-12-30 [PTadmin] Official Update 2017-01





1 16 10 4 0 1 0 0 0 -1 0 0 0 1 stud3.dat

1 16 -10 4 0 1 0 0 0 -1 0 0 0 1 stud3.dat

0 BFC INVERTNEXT

1 16 0 8 0 26 0 0 0 -4 0 0 0 6 box5.dat

4 16 30 8 10 26 8 6 -26 8 6 -30 8 10

4 16 -30 8 10 -26 8 6 -26 8 -6 -30 8 -10

4 16 -30 8 -10 -26 8 -6 26 8 -6 30 8 -10

4 16 30 8 -10 26 8 -6 26 8 6 30 8 10

1 16 0 8 0 30 0 0 0 -8 0 0 0 10 box4t.dat

1 16 0 0 0 1 0 0 0 1 0 0 0 1 stug-1x3.dat

0 NOFILE

0 FILE stug-1x3.dat
0 Stud Group  1 x  3

0 Name: stug-1x3.dat

0 Author: Steffen [Steffen]

0 !LDRAW_ORG Primitive UPDATE 2012-01

0 !LICENSE Licensed under CC BY 4.0 : see CAreadme.txt



0 BFC CERTIFY CCW



0 !HISTORY 2012-03-30 [PTadmin] Official Update 2012-01





1 16 -20 0 0 1 0 0 0 1 0 0 0 1 stud.dat

1 16 0 0 0 1 0 0 0 1 0 0 0 1 stud.dat

1 16 20 0 0 1 0 0 0 1 0 0 0 1 stud.dat

0 NOFILE

0 FILE 3040b.dat
0 Slope Brick 45  2 x  1

0 Name: 3040b.dat

0 Author: James Jessiman

0 !LDRAW_ORG Part UPDATE 2004-04

0 !LICENSE Licensed under CC BY 4.0 : see CAreadme.txt



0 BFC CERTIFY CCW



0 !KEYWORDS BrickLink 3040



0 !HISTORY 2002-09-13 [izanette] modified with WINDZ for BFC compliance

0 !HISTORY 2003-07-11 [Steffen] made use of existing subfile

0 !HISTORY 2004-11-06 [PTadmin] Official Update 2004-04

0 !HISTORY 2007-06-09 [PTadmin] Header formatted for Contributor Agreement

0 !HISTORY 2008-07-01 [PTadmin] Official Update 2008-01





1 16 0 0 0 1 0 0 0 1 0 0 0 1 s__3040s01.dat

4 16 10 20 -30 10 0 -10 -10 0 -10 -10 20 -30

0

0 NOFILE

0 FILE s__3040s01.dat
0 ~Slope Brick 45  2 x  1 without Front Face

0 Name: s\3040s01.dat

0 Author: Orion Pobursky [OrionP]

0 !LDRAW_ORG Subpart UPDATE 2004-01

0 !LICENSE Licensed under CC BY 4.0 : see CAreadme.txt



0 BFC CERTIFY CCW



0 !HISTORY 2003-07-02 [Steffen] BFCed; removed matrix all zero "errors"

0 !HISTORY 2004-03-02 [PTadmin] Official Update 2004-01

0 !HISTORY 2007-08-30 [PTadmin] Header formatted for Contributor Agreement

0 !HISTORY 2008-07-01 [PTadmin] Official Update 2008-01





0 // Uncomment for front face

0 // 4 16 10 20 -30 10 0 -10 -10 0 -10 -10 20 -30



1 16 0 20 -10 1 0 0 0 -1 0 0 0 1 stud3a.dat

1 16 0 4 -10 4 0 0 0 4 0 0 0 4 2-4edge.dat

1 16 0 4 -10 4 0 0 0 99 4 0 0 -4 2-4edge.dat

1 16 0 8 -10 0 0 4 0 -4 0 -4 0 0 1-4cyls.dat

1 16 0 8 -10 0 0 -4 0 -4 0 -4 0 0 1-4cyls.dat

1 16 0 4 -10 4 0 0 0 16 0 0 0 4 2-4cyli.dat

1 16 0 8 -10 4 0 0 0 12 0 0 0 -4 2-4cyli.dat

2 24 6 24 6 -6 24 6

2 24 -6 24 6 -6 24 -26

2 24 -6 24 -26 6 24 -26

2 24 6 24 -26 6 24 6

2 24 10 24 10 -10 24 10

2 24 -10 24 10 -10 24 -30

2 24 -10 24 -30 10 24 -30

2 24 10 24 -30 10 24 10

2 24 6 24 6 6 4 6

2 24 -6 24 6 -6 4 6

2 24 6 24 -26 6 20 -26

2 24 -6 24 -26 -6 20 -26

2 24 6 4 6 -6 4 6

2 24 6 4 -10 -6 4 -10

2 24 6 20 -26 -6 20 -26

2 24 6 4 6 6 4 -10

2 24 -6 4 6 -6 4 -10

2 24 6 20 -26 6 4 -10

2 24 -6 20 -26 -6 4 -10

2 24 10 24 10 10 0 10

2 24 -10 24 10 -10 0 10

2 24 10 24 -30 10 20 -30

2 24 -10 24 -30 -10 20 -30

2 24 10 0 10 -10 0 10

2 24 10 0 -10 -10 0 -10

2 24 10 20 -30 -10 20 -30

2 24 10 0 10 10 0 -10

2 24 -10 0 10 -10 0 -10

2 24 10 20 -30 10 0 -10

2 24 -10 20 -30 -10 0 -10

4 16 10 24 10 6 24 6 -6 24 6 -10 24 10

4 16 -10 24 10 -6 24 6 -6 24 -26 -10 24 -30

4 16 -10 24 -30 -6 24 -26 6 24 -26 10 24 -30

4 16 10 24 -30 6 24 -26 6 24 6 10 24 10

4 16 6 4 6 6 4 -10 -6 4 -10 -6 4 6

4 16 10 0 -10 10 0 10 -10 0 10 -10 0 -10

4 16 -10 24 10 -10 0 10 10 0 10 10 24 10

4 16 6 24 6 6 4 6 -6 4 6 -6 24 6

4 16 6 20 -26 6 24 -26 -6 24 -26 -6 20 -26

4 16 10 24 -30 10 20 -30 -10 20 -30 -10 24 -30

4 16 10 24 10 10 0 10 10 20 -30 10 24 -30

3 16 10 0 10 10 0 -10 10 20 -30

4 16 6 20 -26 6 4 6 6 24 6 6 24 -26

3 16 6 20 -26 6 4 -10 6 4 6

4 16 -6 24 6 -6 4 6 -6 20 -26 -6 24 -26

3 16 -6 4 6 -6 4 -10 -6 20 -26

4 16 -10 20 -30 -10 0 10 -10 24 10 -10 24 -30

3 16 -10 20 -30 -10 0 -10 -10 0 10

4 16 -6 4 -10 6 4 -10 6 20 -26 -6 20 -26

1 16 0 0 0 1 0 0 0 1 0 0 0 1 stud.dat

0

0 NOFILE

0 FILE 1-4cyls.dat
0 Cylinder Sloped 0.25

0 Name: 1-4cyls.dat

0 Author: James Jessiman

0 !LDRAW_ORG Primitive UPDATE 2012-01

0 !LICENSE Licensed under CC BY 4.0 : see CAreadme.txt



0 BFC CERTIFY CCW



0 !HISTORY 1998-12-15 [PTadmin] Official Update 1998-10

0 !HISTORY 2002-07-03 [sbliss] Added BFC statement

0 !HISTORY 2002-08-18 [PTadmin] Official Update 2002-04

0 !HISTORY 2007-06-22 [PTadmin] Header formatted for Contributor Agreement

0 !HISTORY 2008-07-01 [PTadmin] Official Update 2008-01

0 !HISTORY 2012-02-16 [Philo] Changed to CCW

0 !HISTORY 2012-03-30 [PTadmin] Official Update 2012-01





3 16 0.9239 0.0761 0.3827 0.9239 0 0.3827 1 0 0

4 16 0.9239 0.0761 0.3827 0.7071 0.2929 0.7071 0.7071 0 0.7071 0.9239 0 0.3827

4 16 0.7071 0.2929 0.7071 0.3827 0.6173 0.9239 0.3827 0 0.9239 0.7071 0 0.7071

4 16 0.3827 0.6173 0.9239 0 1 1 0 0 1 0.3827 0 0.9239



5 24 0.9239 0 0.3827 0.9239 0.0761 0.3827 0.7071 0 0.7071 1 0 0

5 24 0.7071 0 0.7071 0.7071 0.2929 0.7071 0.3827 0 0.9239 0.9239 0 0.3827

5 24 0.3827 0 0.9239 0.3827 0.6173 0.9239 0 0 1 0.7071 0 0.7071

5 24 0 0 1 0 1 1 0.3827 0 0.9239 -1 0 1

0 NOFILE

0 FILE stud3a.dat
0 Stud Tube Solid without Base Edges

0 Name: stud3a.dat

0 Author: James Jessiman

0 !LDRAW_ORG Primitive UPDATE 2003-02

0 !LICENSE Licensed under CC BY 4.0 : see CAreadme.txt



0 BFC CERTIFY CCW



0 !HISTORY 2002-08-31 [izanette] Modified with WINDZ for BFC compliance

0 !HISTORY 2003-08-01 [PTadmin] Official Update 2003-02

0 !HISTORY 2007-06-24 [PTadmin] Header formatted for Contributor Agreement

0 !HISTORY 2008-07-01 [PTadmin] Official Update 2008-01





1 16 0 -4 0 4 0 0 0 1 0 0 0 4 4-4edge.dat

1 16 0 -4 0 4 0 0 0 1 0 0 0 4 4-4disc.dat

1 16 0 -4 0 4 0 0 0 4 0 0 0 4 4-4cyli.dat

0



0 NOFILE

0 FILE 13548.dat
0 Slope Brick 45  2 x  2 Double Convex with 45 Corner

0 Name: 13548.dat

0 Author: Philippe Hurbain [Philo]

0 !LDRAW_ORG Part UPDATE 2022-04

0 !LICENSE Licensed under CC BY 4.0 : see CAreadme.txt



0 BFC CERTIFY CCW



0 !HISTORY 2013-07-21 [PTadmin] Official Update 2013-01

0 !HISTORY 2020-08-26 [Cheenzo] Subparted for patterns

0 !HISTORY 2022-07-18 [PTadmin] Official Update 2022-04





1 16 0 0 0 1 0 0 0 1 0 0 0 1 s__13548s01.dat



3 16 10 0 -10 10 20 -30 30 20 -10

4 16 -10 0 -10 -10 20 -30 10 20 -30 10 0 -10

4 16 10 0 10 10 0 -10 30 20 -10 30 20 10

0 NOFILE

0 FILE s__13548s01.dat
0 ~Slope Brick 45  2 x  2 Double Convex with 45 Corner without Patterned Faces

0 Name: s\13548s01.dat

0 Author: Vincent Messenet [Cheenzo]

0 !LDRAW_ORG Subpart UPDATE 2022-04

0 !LICENSE Licensed under CC BY 4.0 : see CAreadme.txt



0 BFC CERTIFY CCW



0 !HISTORY 2022-07-18 [PTadmin] Official Update 2022-04





1 16 0 0 0 1 0 0 0 1 0 0 0 1 stud.dat

1 16 10 14 -10 1 0 0 0 -2.5 0 0 0 1 stud4a.dat

1 16 10 4 -10 -8 0 0 0 10 0 0 0 8 1-4cyli.dat

1 16 10 14 -10 0 0 -8 0 -10 0 -8 0 0 1-4cyls.dat

1 16 10 14 -10 8 0 0 0 -10 0 0 0 8 1-4cyls.dat

0 BFC INVERTNEXT

1 16 10 4 -10 -6 0 0 0 8 0 0 0 6 1-4cyli.dat

0 BFC INVERTNEXT

1 16 10 12 -10 0 0 -6 0 -8 0 -6 0 0 1-4cyls.dat

0 BFC INVERTNEXT

1 16 10 12 -10 6 0 0 0 -8 0 0 0 6 1-4cyls.dat

0 BFC INVERTNEXT

1 16 10 12 -10 -6 0 0 0 2 0 0 0 6 9-16cyli.dat

0 BFC INVERTNEXT

1 16 10 12 -10 -6 0 0 0 2 0 0 0 -6 5-16cyli.dat

4 16 30 24 10 26 24 6 -6 24 6 -10 24 10

4 16 -10 24 10 -6 24 6 -6 24 -26 -10 24 -30

4 16 -10 24 -30 -6 24 -26 9 24 -26 10 24 -30

4 16 30 24 -10 26 24 -9 26 24 6 30 24 10

1 16 0 0 0 0 0 -10 0 1 0 10 0 0 rect.dat

1 16 26 22 -1.5 0 1 0 0 0 2 7.5 0 0 rect.dat

1 16 1.5 22 -26 0 0 -7.5 2 0 0 0 -1 0 rect.dat

1 16 30 22 0 0 -1 0 2 0 0 0 0 10 rect.dat

1 16 0 22 -30 -10 0 0 0 0 2 0 1 0 rect.dat

1 16 1.5 20 -25 -7.5 0 0 0 -1 0 0 0 1 rect2a.dat

1 16 25 20 -1.5 -1 0 0 0 -1 0 0 0 7.5 rect2a.dat

4 16 -6 4 -8 -6 20 -24 -6 24 6 -6 4 6

4 16 -6 24 -26 -6 24 6 -6 20 -24 -6 20 -26

4 16 -6 4 6 -6 24 6 24 20 6 8 4 6

4 16 26 20 6 24 20 6 -6 24 6 26 24 6

3 16 -10 0 -10 -10 24 -30 -10 20 -30

3 16 8 4 -8 9 5 -9 9 20 -24

3 16 24 20 -9 9 5 -9 8 4 -8

4 16 -10 0 -10 -10 0 10 -10 24 10 -10 24 -30

4 16 -10 0 10 10 0 10 30 24 10 -10 24 10

3 16 10 0 10 30 20 10 30 24 10

4 16 21.743 24 -13.257 26 24 -9 30 24 -10 24.243 24 -15.757

4 16 9 24 -26 13.257 24 -21.743 15.757 24 -24.243 10 24 -30

1 16 18.75 20 -18.75 4.243 0 1.25 0 -1 0 4.243 0 -1.25 rect3.dat

4 16 9 20 -24 24 20 -9 21.743 20 -13.257 13.257 20 -21.743

3 16 24 20 -9 26 20 -9 21.743 20 -13.257

3 16 9 20 -26 9 20 -24 13.257 20 -21.743

1 16 11.1285 22 -23.8715 0 1 2.1285 -2 0 0 0 0 2.1285 rect3.dat

1 16 23.8715 22 -11.1285 0 0 -2.1285 2 0 0 0 -1 -2.1285 rect3.dat

1 16 27.1215 22 -12.8785 -2.8785 0 0 0 0 2 -2.8785 1 0 rect2a.dat

1 16 12.8785 22 -27.1215 0 -1 2.8785 2 0 0 0 0 2.8785 rect2a.dat

1 16 14.507 22 -22.993 0 -1 -1.25 2 0 0 0 0 1.25 rect1.dat

1 16 22.993 22 -14.507 0 1 1.25 2 0 0 0 0 -1.25 rect1.dat

4 16 8 4 -8 9 20 -24 -6 20 -24 -6 4 -8

4 16 8 4 6 24 20 6 24 20 -9 8 4 -8

3 16 24 20 -9 9 20 -24 9 5 -9

1 16 1 4 -1 7 0 0 0 -1 0 0 0 -7 rect.dat

2 24 26 24 6 -6 24 6

2 24 -6 24 6 -6 24 -26

2 24 24 20 -9 9 20 -24

2 24 30 24 10 -10 24 10

2 24 -10 24 10 -10 24 -30

2 24 10 20 -30 30 20 -10

2 24 9 5 -9 9 20 -24

2 24 9 5 -9 24 20 -9

2 24 9 5 -9 8 4 -8

2 24 -6 4 -8 -6 20 -24

2 24 -6 4 6 -6 24 6

2 24 8 4 6 24 20 6

2 24 -10 0 10 -10 24 10

2 24 2 6 -10 2.398 4 -8

2 24 6.938 13.391 -17.391 9 13.801 -17.801

2 24 6.938 13.391 -17.391 4.343 11.657 -15.657

2 24 4.343 11.657 -15.657 2.609 9.062 -13.062

2 24 2.609 9.062 -13.062 2 6 -10

2 24 10 6 -2 8 4 -2.398

2 24 10 6 -2 13.062 9.062 -2.609

2 24 13.062 9.062 -2.609 15.657 11.657 -4.343

2 24 15.657 11.657 -4.343 17.391 13.391 -6.938

2 24 17.391 13.391 -6.938 17.801 13.801 -9

2 24 18 15 -10 17.801 13.801 -9

2 24 18 15 -10 17.391 17.453 -13.062

2 24 17.391 17.453 -13.062 15.657 18.314 -15.657

2 24 15.657 18.314 -15.657 13.062 17.453 -17.391

2 24 13.062 17.453 -17.391 10 15 -18

2 24 10 15 -18 9 13.801 -17.801

2 24 2.609 4 -6.938 2.398 4 -8

2 24 2.609 4 -6.938 4.343 4 -4.343

2 24 4.343 4 -4.343 6.938 4 -2.609

2 24 6.938 4 -2.609 8 4 -2.398

2 24 4 6 -10 4.398 4 -8

2 24 7.704 11.543 -15.543 9 11.801 -15.801

2 24 7.704 11.543 -15.543 5.757 10.243 -14.243

2 24 5.757 10.243 -14.243 4.457 8.296 -12.296

2 24 4.457 8.296 -12.296 4 6 -10

2 24 10 6 -4 8 4 -4.398

2 24 10 6 -4 12.296 8.296 -4.457

2 24 12.296 8.296 -4.457 14.243 10.243 -5.757

2 24 14.243 10.243 -5.757 15.543 11.543 -7.704

2 24 15.543 11.543 -7.704 15.801 11.801 -9

2 24 16 13 -10 15.801 11.801 -9

2 24 16 13 -10 15.543 14.84 -12.296

2 24 15.543 14.84 -12.296 14.243 15.485 -14.243

2 24 14.243 15.485 -14.243 12.296 14.84 -15.543

2 24 12.296 14.84 -15.543 10 13 -16

2 24 10 13 -16 9 11.801 -15.801

2 24 4.457 4 -7.704 4.398 4 -8

2 24 4.457 4 -7.704 5.757 4 -5.757

2 24 5.757 4 -5.757 7.704 4 -4.457

2 24 7.704 4 -4.457 8 4 -4.398

2 24 -10 0 -10 -10 20 -30

2 24 10 0 -10 10 20 -30

2 24 10 0 -10 30 20 -10

2 24 10 0 10 30 20 10

0 NOFILE

0 FILE 9-16cyli.dat
0 Cylinder 0.5625

0 Name: 9-16cyli.dat

0 Author: Santeri Piippo [arezey]

0 !LDRAW_ORG Primitive UPDATE 2020-03

0 !LICENSE Licensed under CC BY 4.0 : see CAreadme.txt



0 BFC CERTIFY CCW



0 !HISTORY 2020-12-29 [PTadmin] Official Update 2020-03





4 16 0.9239 0 0.3827 1 0 0 1 1 0 0.9239 1 0.3827

4 16 0.7071 0 0.7071 0.9239 0 0.3827 0.9239 1 0.3827 0.7071 1 0.7071

4 16 0.3827 0 0.9239 0.7071 0 0.7071 0.7071 1 0.7071 0.3827 1 0.9239

4 16 0 0 1 0.3827 0 0.9239 0.3827 1 0.9239 0 1 1

4 16 -0.3827 0 0.9239 0 0 1 0 1 1 -0.3827 1 0.9239

4 16 -0.7071 0 0.7071 -0.3827 0 0.9239 -0.3827 1 0.9239 -0.7071 1 0.7071

4 16 -0.9239 0 0.3827 -0.7071 0 0.7071 -0.7071 1 0.7071 -0.9239 1 0.3827

4 16 -1 0 0 -0.9239 0 0.3827 -0.9239 1 0.3827 -1 1 0

4 16 -0.9239 0 -0.3827 -1 0 0 -1 1 0 -0.9239 1 -0.3827

0 // conditional lines

5 24 1 1 0 1 0 0 1 1 -0.4142 0.9239 1 0.3827

5 24 0.9239 1 0.3827 0.9239 0 0.3827 1 1 0 0.7071 1 0.7071

5 24 0.7071 1 0.7071 0.7071 0 0.7071 0.9239 1 0.3827 0.3827 1 0.9239

5 24 0.3827 1 0.9239 0.3827 0 0.9239 0.7071 1 0.7071 0 1 1

5 24 0 1 1 0 0 1 0.3827 1 0.9239 -0.3827 1 0.9239

5 24 -0.3827 1 0.9239 -0.3827 0 0.9239 0 1 1 -0.7071 1 0.7071

5 24 -0.7071 1 0.7071 -0.7071 0 0.7071 -0.3827 1 0.9239 -0.9239 1 0.3827

5 24 -0.9239 1 0.3827 -0.9239 0 0.3827 -0.7071 1 0.7071 -1 1 0

5 24 -1 1 0 -1 0 0 -0.9239 1 0.3827 -0.9239 1 -0.3827

5 24 -0.9239 1 -0.3827 -0.9239 0 -0.3827 -1 1 0 -0.7654 1 -0.7654

0 // Build by Primitive Generator 2

0 NOFILE

0 FILE 3460.dat
0 Plate  1 x  8

0 Name: 3460.dat

0 Author: James Jessiman

0 !LDRAW_ORG Part UPDATE 2024-01

0 !LICENSE Licensed under CC BY 4.0 : see CAreadme.txt



0 BFC CERTIFY CCW



0 !HISTORY 2004-07-25 [guyvivan] Made BFC Compliant

0 !HISTORY 2004-11-06 [PTadmin] Official Update 2004-04

0 !HISTORY 2007-06-25 [PTadmin] Header formatted for Contributor Agreement

0 !HISTORY 2008-07-01 [PTadmin] Official Update 2008-01

0 !HISTORY 2023-03-28 [Sirio] Introduced use of subpart

0 !HISTORY 2024-01-29 [OrionP] Official Update 2024-01





1 16 0 0 0 1 0 0 0 1 0 0 0 1 s__3460s01.dat

4 16 -80 0 -10 -80 8 -10 80 8 -10 80 0 -10

0 NOFILE

0 FILE s__3460s01.dat
0 ~Plate  1 x  8 without Front Face

0 Name: s\3460s01.dat

0 Author: Massimo Maso [Sirio]

0 !LDRAW_ORG Subpart UPDATE 2024-01

0 !LICENSE Licensed under CC BY 4.0 : see CAreadme.txt



0 BFC CERTIFY CCW



0 !HISTORY 2024-01-29 [OrionP] Official Update 2024-01





1 16 0 4 0 1 0 0 0 -1 0 0 0 1 stug3-1x7.dat

0 BFC INVERTNEXT

1 16 0 8 0 76 0 0 0 -4 0 0 0 6 box5.dat

4 16 80 8 10 76 8 6 -76 8 6 -80 8 10

4 16 -80 8 10 -76 8 6 -76 8 -6 -80 8 -10

4 16 -80 8 -10 -76 8 -6 76 8 -6 80 8 -10

4 16 80 8 -10 76 8 -6 76 8 6 80 8 10

1 16 0 8 0 80 0 0 0 -8 0 0 0 10 box4t.dat

1 16 0 0 0 1 0 0 0 1 0 0 0 1 stug-1x8.dat

0 NOFILE

0 FILE stug-1x8.dat
0 Stud Group  1 x  8

0 Name: stug-1x8.dat

0 Author: Steffen [Steffen]

0 !LDRAW_ORG Primitive UPDATE 2011-01

0 !LICENSE Licensed under CC BY 4.0 : see CAreadme.txt



0 BFC CERTIFY CCW



0 !HISTORY 2011-07-25 [PTadmin] Official Update 2011-01





1 16 -70 0 0 1 0 0 0 1 0 0 0 1 stud.dat

1 16 -50 0 0 1 0 0 0 1 0 0 0 1 stud.dat

1 16 -30 0 0 1 0 0 0 1 0 0 0 1 stud.dat

1 16 -10 0 0 1 0 0 0 1 0 0 0 1 stud.dat

1 16 10 0 0 1 0 0 0 1 0 0 0 1 stud.dat

1 16 30 0 0 1 0 0 0 1 0 0 0 1 stud.dat

1 16 50 0 0 1 0 0 0 1 0 0 0 1 stud.dat

1 16 70 0 0 1 0 0 0 1 0 0 0 1 stud.dat

0 NOFILE

0 FILE stug3-1x7.dat
0 Stud Tube Solid Group  1 x  7

0 Name: stug3-1x7.dat

0 Author: Steffen [Steffen]

0 !LDRAW_ORG Primitive UPDATE 2012-01

0 !LICENSE Licensed under CC BY 4.0 : see CAreadme.txt



0 BFC CERTIFY CCW



0 !HISTORY 2012-03-30 [PTadmin] Official Update 2012-01





1 16 -60 0 0 1 0 0 0 1 0 0 0 1 stud3.dat

1 16 -40 0 0 1 0 0 0 1 0 0 0 1 stud3.dat

1 16 -20 0 0 1 0 0 0 1 0 0 0 1 stud3.dat

1 16 0 0 0 1 0 0 0 1 0 0 0 1 stud3.dat

1 16 20 0 0 1 0 0 0 1 0 0 0 1 stud3.dat

1 16 40 0 0 1 0 0 0 1 0 0 0 1 stud3.dat

1 16 60 0 0 1 0 0 0 1 0 0 0 1 stud3.dat

0 NOFILE

0 FILE 42534.dat
0 =Plate  8 x  8

0 Name: 42534.dat

0 Author: Rolf Osterthun [Rolf]

0 !LDRAW_ORG Part Alias UPDATE 2013-02

0 !LICENSE Licensed under CC BY 4.0 : see CAreadme.txt



0 BFC CERTIFY CCW



0 !HISTORY 2013-12-23 [PTadmin] Official Update 2013-02





0 // Alias of 41539

0 // Part 42534 is the transparent counterpart of 41539



1 16 0 0 0 1 0 0 0 1 0 0 0 1 41539.dat

0 NOFILE

0 FILE 41539.dat
0 Plate  8 x  8

0 Name: 41539.dat

0 Author: Martin G Cormier

0 !LDRAW_ORG Part UPDATE 2004-04

0 !LICENSE Licensed under CC BY 2.0 and CC BY 4.0 : see CAreadme.txt



0 BFC CERTIFY CCW



0 !HISTORY 2002-04-25 [PTadmin] Official Update 2002-02

0 !HISTORY 2004-10-06 [guyvivan] Made BFC Compliant

0 !HISTORY 2004-11-06 [PTadmin] Official Update 2004-04

0 !HISTORY 2007-07-01 [PTadmin] Header formatted for Contributor Agreement

0 !HISTORY 2008-07-01 [PTadmin] Official Update 2008-01





1 16 60 4 60 1 0 0 0 -1 0 0 0 1 stud4.dat

1 16 40 4 60 1 0 0 0 -1 0 0 0 1 stud4.dat

1 16 20 4 60 1 0 0 0 -1 0 0 0 1 stud4.dat

1 16 0 4 60 1 0 0 0 -1 0 0 0 1 stud4.dat

1 16 -20 4 60 1 0 0 0 -1 0 0 0 1 stud4.dat

1 16 -40 4 60 1 0 0 0 -1 0 0 0 1 stud4.dat

1 16 -60 4 60 1 0 0 0 -1 0 0 0 1 stud4.dat

1 16 60 4 40 1 0 0 0 -1 0 0 0 1 stud4.dat

1 16 40 4 40 1 0 0 0 -1 0 0 0 1 stud4.dat

1 16 20 4 40 1 0 0 0 -1 0 0 0 1 stud4.dat

1 16 0 4 40 1 0 0 0 -1 0 0 0 1 stud4.dat

1 16 -20 4 40 1 0 0 0 -1 0 0 0 1 stud4.dat

1 16 -40 4 40 1 0 0 0 -1 0 0 0 1 stud4.dat

1 16 -60 4 40 1 0 0 0 -1 0 0 0 1 stud4.dat

1 16 60 4 20 1 0 0 0 -1 0 0 0 1 stud4.dat

1 16 40 4 20 1 0 0 0 -1 0 0 0 1 stud4.dat

1 16 20 4 20 1 0 0 0 -1 0 0 0 1 stud4.dat

1 16 0 4 20 1 0 0 0 -1 0 0 0 1 stud4.dat

1 16 -20 4 20 1 0 0 0 -1 0 0 0 1 stud4.dat

1 16 -40 4 20 1 0 0 0 -1 0 0 0 1 stud4.dat

1 16 -60 4 20 1 0 0 0 -1 0 0 0 1 stud4.dat

1 16 60 4 0 1 0 0 0 -1 0 0 0 1 stud4.dat

1 16 40 4 0 1 0 0 0 -1 0 0 0 1 stud4.dat

1 16 20 4 0 1 0 0 0 -1 0 0 0 1 stud4.dat

1 16 0 4 0 1 0 0 0 -1 0 0 0 1 stud4.dat

1 16 -20 4 0 1 0 0 0 -1 0 0 0 1 stud4.dat

1 16 -40 4 0 1 0 0 0 -1 0 0 0 1 stud4.dat

1 16 -60 4 0 1 0 0 0 -1 0 0 0 1 stud4.dat

1 16 60 4 -20 1 0 0 0 -1 0 0 0 1 stud4.dat

1 16 40 4 -20 1 0 0 0 -1 0 0 0 1 stud4.dat

1 16 20 4 -20 1 0 0 0 -1 0 0 0 1 stud4.dat

1 16 0 4 -20 1 0 0 0 -1 0 0 0 1 stud4.dat

1 16 -20 4 -20 1 0 0 0 -1 0 0 0 1 stud4.dat

1 16 -40 4 -20 1 0 0 0 -1 0 0 0 1 stud4.dat

1 16 -60 4 -20 1 0 0 0 -1 0 0 0 1 stud4.dat

1 16 60 4 -40 1 0 0 0 -1 0 0 0 1 stud4.dat

1 16 40 4 -40 1 0 0 0 -1 0 0 0 1 stud4.dat

1 16 20 4 -40 1 0 0 0 -1 0 0 0 1 stud4.dat

1 16 0 4 -40 1 0 0 0 -1 0 0 0 1 stud4.dat

1 16 -20 4 -40 1 0 0 0 -1 0 0 0 1 stud4.dat

1 16 -40 4 -40 1 0 0 0 -1 0 0 0 1 stud4.dat

1 16 -60 4 -40 1 0 0 0 -1 0 0 0 1 stud4.dat

1 16 60 4 -60 1 0 0 0 -1 0 0 0 1 stud4.dat

1 16 40 4 -60 1 0 0 0 -1 0 0 0 1 stud4.dat

1 16 20 4 -60 1 0 0 0 -1 0 0 0 1 stud4.dat

1 16 0 4 -60 1 0 0 0 -1 0 0 0 1 stud4.dat

1 16 -20 4 -60 1 0 0 0 -1 0 0 0 1 stud4.dat

1 16 -40 4 -60 1 0 0 0 -1 0 0 0 1 stud4.dat

1 16 -60 4 -60 1 0 0 0 -1 0 0 0 1 stud4.dat

0 BFC INVERTNEXT

1 16 0 8 0 76 0 0 0 -4 0 0 0 76 box5.dat

4 16 80 8 80 76 8 76 -76 8 76 -80 8 80

4 16 -80 8 80 -76 8 76 -76 8 -76 -80 8 -80

4 16 -80 8 -80 -76 8 -76 76 8 -76 80 8 -80

4 16 80 8 -80 76 8 -76 76 8 76 80 8 80

1 16 0 8 0 80 0 0 0 -8 0 0 0 80 box5.dat

1 16 70 0 70 1 0 0 0 1 0 0 0 1 stud.dat

1 16 50 0 70 1 0 0 0 1 0 0 0 1 stud.dat

1 16 30 0 70 1 0 0 0 1 0 0 0 1 stud.dat

1 16 10 0 70 1 0 0 0 1 0 0 0 1 stud.dat

1 16 -10 0 70 1 0 0 0 1 0 0 0 1 stud.dat

1 16 -30 0 70 1 0 0 0 1 0 0 0 1 stud.dat

1 16 -50 0 70 1 0 0 0 1 0 0 0 1 stud.dat

1 16 -70 0 70 1 0 0 0 1 0 0 0 1 stud.dat

1 16 70 0 50 1 0 0 0 1 0 0 0 1 stud.dat

1 16 50 0 50 1 0 0 0 1 0 0 0 1 stud.dat

1 16 30 0 50 1 0 0 0 1 0 0 0 1 stud.dat

1 16 10 0 50 1 0 0 0 1 0 0 0 1 stud.dat

1 16 -10 0 50 1 0 0 0 1 0 0 0 1 stud.dat

1 16 -30 0 50 1 0 0 0 1 0 0 0 1 stud.dat

1 16 -50 0 50 1 0 0 0 1 0 0 0 1 stud.dat

1 16 -70 0 50 1 0 0 0 1 0 0 0 1 stud.dat

1 16 70 0 30 1 0 0 0 1 0 0 0 1 stud.dat

1 16 50 0 30 1 0 0 0 1 0 0 0 1 stud.dat

1 16 30 0 30 1 0 0 0 1 0 0 0 1 stud.dat

1 16 10 0 30 1 0 0 0 1 0 0 0 1 stud.dat

1 16 -10 0 30 1 0 0 0 1 0 0 0 1 stud.dat

1 16 -30 0 30 1 0 0 0 1 0 0 0 1 stud.dat

1 16 -50 0 30 1 0 0 0 1 0 0 0 1 stud.dat

1 16 -70 0 30 1 0 0 0 1 0 0 0 1 stud.dat

1 16 70 0 10 1 0 0 0 1 0 0 0 1 stud.dat

1 16 50 0 10 1 0 0 0 1 0 0 0 1 stud.dat

1 16 30 0 10 1 0 0 0 1 0 0 0 1 stud.dat

1 16 10 0 10 1 0 0 0 1 0 0 0 1 stud.dat

1 16 -10 0 10 1 0 0 0 1 0 0 0 1 stud.dat

1 16 -30 0 10 1 0 0 0 1 0 0 0 1 stud.dat

1 16 -50 0 10 1 0 0 0 1 0 0 0 1 stud.dat

1 16 -70 0 10 1 0 0 0 1 0 0 0 1 stud.dat

1 16 70 0 -10 1 0 0 0 1 0 0 0 1 stud.dat

1 16 50 0 -10 1 0 0 0 1 0 0 0 1 stud.dat

1 16 30 0 -10 1 0 0 0 1 0 0 0 1 stud.dat

1 16 10 0 -10 1 0 0 0 1 0 0 0 1 stud.dat

1 16 -10 0 -10 1 0 0 0 1 0 0 0 1 stud.dat

1 16 -30 0 -10 1 0 0 0 1 0 0 0 1 stud.dat

1 16 -50 0 -10 1 0 0 0 1 0 0 0 1 stud.dat

1 16 -70 0 -10 1 0 0 0 1 0 0 0 1 stud.dat

1 16 70 0 -30 1 0 0 0 1 0 0 0 1 stud.dat

1 16 50 0 -30 1 0 0 0 1 0 0 0 1 stud.dat

1 16 30 0 -30 1 0 0 0 1 0 0 0 1 stud.dat

1 16 10 0 -30 1 0 0 0 1 0 0 0 1 stud.dat

1 16 -10 0 -30 1 0 0 0 1 0 0 0 1 stud.dat

1 16 -30 0 -30 1 0 0 0 1 0 0 0 1 stud.dat

1 16 -50 0 -30 1 0 0 0 1 0 0 0 1 stud.dat

1 16 -70 0 -30 1 0 0 0 1 0 0 0 1 stud.dat

1 16 70 0 -50 1 0 0 0 1 0 0 0 1 stud.dat

1 16 50 0 -50 1 0 0 0 1 0 0 0 1 stud.dat

1 16 30 0 -50 1 0 0 0 1 0 0 0 1 stud.dat

1 16 10 0 -50 1 0 0 0 1 0 0 0 1 stud.dat

1 16 -10 0 -50 1 0 0 0 1 0 0 0 1 stud.dat

1 16 -30 0 -50 1 0 0 0 1 0 0 0 1 stud.dat

1 16 -50 0 -50 1 0 0 0 1 0 0 0 1 stud.dat

1 16 -70 0 -50 1 0 0 0 1 0 0 0 1 stud.dat

1 16 70 0 -70 1 0 0 0 1 0 0 0 1 stud.dat

1 16 50 0 -70 1 0 0 0 1 0 0 0 1 stud.dat

1 16 30 0 -70 1 0 0 0 1 0 0 0 1 stud.dat

1 16 10 0 -70 1 0 0 0 1 0 0 0 1 stud.dat

1 16 -10 0 -70 1 0 0 0 1 0 0 0 1 stud.dat

1 16 -30 0 -70 1 0 0 0 1 0 0 0 1 stud.dat

1 16 -50 0 -70 1 0 0 0 1 0 0 0 1 stud.dat

1 16 -70 0 -70 1 0 0 0 1 0 0 0 1 stud.dat

0

0 NOFILE

0 FILE 2341.dat
0 Slope Brick 45  3 x  1 Inverted Double without Inner Stopper Rings

0 Name: 2341.dat

0 Author: James Jessiman

0 !LDRAW_ORG Part UPDATE 2022-04

0 !LICENSE Licensed under CC BY 4.0 : see CAreadme.txt



0 BFC CERTIFY CCW



0 !HISTORY 2002-09-13 [izanette] Modified with WINDZ for BFC compliance

0 !HISTORY 2003-12-19 [PTadmin] Official Update 2003-03

0 !HISTORY 2004-03-02 [PTadmin] Official Update 2004-01

0 !HISTORY 2007-05-12 [PTadmin] Header formatted for Contributor Agreement

0 !HISTORY 2008-07-01 [PTadmin] Official Update 2008-01

0 !HISTORY 2008-10-11 [mkennedy] Made use of stud2s and more box and rect primitives

0 !HISTORY 2009-12-29 [PTadmin] Official Update 2009-03

0 !HISTORY 2016-01-15 [cwdee] Qualify description

0 !HISTORY 2016-12-31 [PTadmin] Official Update 2016-01

0 !HISTORY 2019-08-19 [GeraldLasser] Subfiled for Patterns

0 !HISTORY 2022-07-18 [PTadmin] Official Update 2022-04





1 16 0 0 0 1 0 0 0 1 0 0 0 1 s__2341s01.dat



4 16 10 0 30 10 0 -30 10 4 -30 10 4 30

4 16 10 4 -30 10 24 -10 10 24 10 10 4 30

0 NOFILE

0 FILE s__2341s01.dat
0 ~Slope Brick 45  3 x  1 Inverted Double without Inner Stopper Rings without Patternable Area

0 Name: s\2341s01.dat

0 Author: Gerald Lasser [GeraldLasser]

0 !LDRAW_ORG Subpart UPDATE 2022-04

0 !LICENSE Licensed under CC BY 4.0 : see CAreadme.txt



0 BFC CERTIFY CCW



0 !HISTORY 2022-07-18 [PTadmin] Official Update 2022-04





0 BFC INVERTNEXT

1 16 0 24 0 6 0 0 0 -20 0 0 0 6 box5.dat

1 16 10 2 0 0 -20 0 2 0 0 0 0 30 box3u5p.dat

1 16 0 14 20 10 0 0 0 -1 -10 0 0 10 rect.dat

1 16 0 14 -20 10 0 0 0 -1 10 0 0 10 rect.dat

4 16 6 24 6 -6 24 6 -10 24 10 10 24 10

4 16 -6 24 6 -6 24 -6 -10 24 -10 -10 24 10

4 16 -6 24 -6 6 24 -6 10 24 -10 -10 24 -10

4 16 6 24 -6 6 24 6 10 24 10 10 24 -10



2 24 10 24 -10 10 24 10

2 24 -10 24 -10 -10 24 10

2 24 -8 0 -10 -8 0 -26

2 24 8 0 -26 8 0 -10

2 24 -8 0 10 -8 0 26

2 24 8 0 26 8 0 10



4 16 -10 4 -30 -10 4 30 -10 24 10 -10 24 -10



4 16 8 4 -26 8 0 -26 8 0 -10 8 20 -10

4 16 -8 0 -10 -8 0 -26 -8 4 -26 -8 20 -10

4 16 8 0 10 8 0 26 8 4 26 8 20 10

4 16 -8 4 26 -8 0 26 -8 0 10 -8 20 10

0

4 16 -10 0 30 -8 0 26 8 0 26 10 0 30

3 16 -10 0 -30 -8 0 -26 -8 0 -10

3 16 -8 0 10 -8 0 26 -10 0 30

4 16 -8 0 -10 -8 0 10 -10 0 30 -10 0 -30

4 16 10 0 -30 8 0 -26 -8 0 -26 -10 0 -30

3 16 10 0 30 8 0 26 8 0 10

3 16 8 0 -26 10 0 -30 8 0 -10

4 16 10 0 30 8 0 10 8 0 -10 10 0 -30

4 16 -8 0 10 -8 0 -10 8 0 -10 8 0 10

0

1 16 0 4 20 1 0 0 0 2 0 0 0 1 stud2a.dat

1 16 0 4 20 0 0 1 0 6 0 1 0 0 stud2s.dat

1 16 0 0 0 1 0 0 0 1 0 0 0 1 stud.dat

1 16 0 4 -20 1 0 0 0 2 0 0 0 1 stud2a.dat

1 16 0 4 -20 0 0 1 0 6 0 -1 0 0 stud2s.dat

0 BFC INVERTNEXT

1 16 0 10 -18 8 0 0 0 2 -8 0 0 -8 box2-5.dat

1 16 0 10 -10 8 0 0 0 0 -10 0 1 0 rect3.dat

0 BFC INVERTNEXT

1 16 0 10 18 8 0 0 0 2 -8 0 0 8 box2-5.dat

1 16 0 10 10 8 0 0 0 0 -10 0 -1 0 rect3.dat

2 24 10 0 -30 10 0 30

0 NOFILE

0 FILE stud2s.dat
0 Stud Tube Open Sliced

0 Name: stud2s.dat

0 Author: Willy Tschager [Holly-Wood]

0 !LDRAW_ORG Primitive UPDATE 2024-01

0 !LICENSE Licensed under CC BY 4.0 : see CAreadme.txt



0 BFC CERTIFY CCW



0 !HISTORY 2006-02-20 [guyvivan] Adjust precision

0 !HISTORY 2009-12-29 [PTadmin] Official Update 2009-03

0 !HISTORY 2024-01-20 [Holly-Wood] Complete re-write, original by DeannaEarley

0 !HISTORY 2024-01-29 [OrionP] Official Update 2024-01



0 // Edges

1 16 0 1 0 4 0 0 -0.667 1 0 0 0 4 4-4edge.dat

1 16 0 1 0 6 0 0 -1 1 0 0 0 6 4-4edge.dat



0 // Faces

0 BFC INVERTNEXT

1 16 0 0 0 4 0 0 0 0.333 0 0 0 4 4-4cyli.dat

0 BFC INVERTNEXT

1 16 0 0.333 0 4 0 0 0 0.667 0 0 0 4 4-4cyls.dat

1 16 0 0 0 6 0 0 0 1 0 0 0 6 4-4cyls.dat

0 NOFILE

0 FILE 4-4cyls.dat
0 Cylinder Sloped 1.0

0 Name: 4-4cyls.dat

0 Author: Donald Sutter [technog]

0 !LDRAW_ORG Primitive UPDATE 2012-01

0 !LICENSE Licensed under CC BY 4.0 : see CAreadme.txt



0 BFC CERTIFY CCW



0 !HISTORY 2003-08-01 [PTadmin] Official Update 2003-02

0 !HISTORY 2007-06-24 [PTadmin] Header formatted for Contributor Agreement

0 !HISTORY 2008-07-01 [PTadmin] Official Update 2008-01

0 !HISTORY 2012-02-16 [Philo] Changed to CCW

0 !HISTORY 2012-03-30 [PTadmin] Official Update 2012-01





3 16 0.9239 0.0761 0.3827 0.9239 0 0.3827 1 0 0

5 24 0.9239 0 0.3827 0.9239 0.0761 0.3827 0.7071 0 0.7071 1 0 0

4 16 0.9239 0.0761 0.3827 0.7071 0.2929 0.7071 0.7071 0 0.7071 0.9239 0 0.3827

5 24 0.7071 0 0.7071 0.7071 0.2929 0.7071 0.3827 0 0.9239 0.9239 0 0.3827

4 16 0.7071 0.2929 0.7071 0.3827 0.6173 0.9239 0.3827 0 0.9239 0.7071 0 0.7071

5 24 0.3827 0 0.9239 0.3827 0.6173 0.9239 0 0 1 0.7071 0 0.7071

4 16 0.3827 0.6173 0.9239 0 1 1 0 0 1 0.3827 0 0.9239

5 24 0 0 1 0 1 1 -0.3827 0 0.9239 0.3827 0 0.9239

4 16 0 1 1 -0.3827 1.3827 0.9239 -0.3827 0 0.9239 0 0 1

5 24 -0.3827 0 0.9239 -0.3827 1.3827 0.9239 -0.7071 0 0.7071 0 0 1

4 16 -0.3827 1.3827 0.9239 -0.7071 1.7071 0.7071 -0.7071 0 0.7071 -0.3827 0 0.9239

5 24 -0.7071 0 0.7071 -0.7071 1.7071 0.7071 -0.9239 0 0.3827 -0.3827 0 0.9239

4 16 -0.7071 1.7071 0.7071 -0.9239 1.9239 0.3827 -0.9239 0 0.3827 -0.7071 0 0.7071

5 24 -0.9239 0 0.3827 -0.9239 1.9239 0.3827 -1 0 0 -0.7071 0 0.7071

4 16 -0.9239 1.9239 0.3827 -1 2 0 -1 0 0 -0.9239 0 0.3827

5 24 -1 0 0 -1 2 0 -0.9239 0 -0.3827 -0.9239 0 0.3827

4 16 -1 2 0 -0.9239 1.9239 -0.3827 -0.9239 0 -0.3827 -1 0 0

5 24 -0.9239 0 -0.3827 -0.9239 1.9239 -0.3827 -1 0 0 -0.7071 0 -0.7071

4 16 -0.9239 1.9239 -0.3827 -0.7071 1.7071 -0.7071 -0.7071 0 -0.7071 -0.9239 0 -0.3827

5 24 -0.7071 0 -0.7071 -0.7071 1.7071 -0.7071 -0.9239 0 -0.3827 -0.3827 0 -0.9239

4 16 -0.7071 1.7071 -0.7071 -0.3827 1.3827 -0.9239 -0.3827 0 -0.9239 -0.7071 0 -0.7071

5 24 -0.3827 0 -0.9239 -0.3827 1.3827 -0.9239 -0.7071 0 -0.7071 0 0 -1

4 16 -0.3827 1.3827 -0.9239 0 1 -1 0 0 -1 -0.3827 0 -0.9239

5 24 0 0 -1 0 1 -1 -0.3827 0 -0.9239 0.3827 0 -0.9239

4 16 0 1 -1 0.3827 0.6173 -0.9239 0.3827 0 -0.9239 0 0 -1

5 24 0.3827 0 -0.9239 0.3827 0.6173 -0.9239 0 0 -1 0.7071 0 -0.7071

4 16 0.3827 0.6173 -0.9239 0.7071 0.2929 -0.7071 0.7071 0 -0.7071 0.3827 0 -0.9239

5 24 0.7071 0 -0.7071 0.7071 0.2929 -0.7071 0.3827 0 -0.9239 0.9239 0 -0.3827

4 16 0.7071 0.2929 -0.7071 0.9239 0.0761 -0.3827 0.9239 0 -0.3827 0.7071 0 -0.7071

5 24 0.9239 0 -0.3827 0.9239 0.0761 -0.3827 0.7071 0 -0.7071 1 0 0

3 16 0.9239 0 -0.3827 0.9239 0.0761 -0.3827 1 0 0

0 NOFILE

0 FILE box3u5p.dat
0 Box with  3 Faces without  5 Edges

0 Name: box3u5p.dat

0 Author: Willy Tschager [Holly-Wood]

0 !LDRAW_ORG Primitive UPDATE 2024-01

0 !LICENSE Licensed under CC BY 4.0 : see CAreadme.txt



0 BFC CERTIFY CCW



0 !HISTORY 2009-09-03 [PTadmin] Official Update 2009-02

0 !HISTORY 2024-01-02 [Holly-Wood] Complete re-write, original by WilliamH

0 !HISTORY 2024-01-29 [OrionP] Official Update 2024-01



2 24 1 1 -1 -1 1 -1

2 24 1 0 -1 -1 0 -1

4 16 -1 0 -1 -1 1 -1 1 1 -1 1 0 -1



2 24 -1 1 1 1 1 1

2 24 -1 0 1 1 0 1

4 16 1 0 1 1 1 1 -1 1 1 -1 0 1



2 24 -1 1 1 -1 1 -1

4 16 1 1 1 1 1 -1 -1 1 -1 -1 1 1



2 24 -1 0 1 -1 1 1

2 24 -1 0 -1 -1 1 -1

0 NOFILE

0 FILE 3024.dat
0 Plate  1 x  1

0 Name: 3024.dat

0 Author: James Jessiman

0 !LDRAW_ORG Part UPDATE 2022-05

0 !LICENSE Licensed under CC BY 4.0 : see CAreadme.txt



0 BFC CERTIFY CCW



0 !HISTORY 2001-10-26 [PTadmin] Official Update 2001-01

0 !HISTORY 2002-05-07 {unknown} BFC Certification

0 !HISTORY 2002-06-11 [PTadmin] Official Update 2002-03

0 !HISTORY 2007-06-07 [PTadmin] Header formatted for Contributor Agreement

0 !HISTORY 2008-07-01 [PTadmin] Official Update 2008-01

0 !HISTORY 2022-08-04 [MagFors] Using subfile

0 !HISTORY 2022-09-15 [PTadmin] Official Update 2022-05





1 16 0 0 0 1 0 0 0 1 0 0 0 1 s__3024s01.dat

4 16 -10 8 -10 10 8 -10 10 0 -10 -10 0 -10

0 NOFILE

0 FILE s__3024s01.dat
0 ~Plate  1 x  1 without Front Face

0 Name: s\3024s01.dat

0 Author: Tore Eriksson [Tore_Eriksson]

0 !LDRAW_ORG Subpart UPDATE 2012-03

0 !LICENSE Licensed under CC BY 4.0 : see CAreadme.txt



0 BFC CERTIFY CCW



0 !HISTORY 2012-12-28 [PTadmin] Official Update 2012-03





0 BFC INVERTNEXT

1 16 0 8 0 0 0 6 0 -4 0 -6 0 0 box5.dat

4 16 10 8 -10 6 8 -6 6 8 6 10 8 10

4 16 10 8 10 6 8 6 -6 8 6 -10 8 10

4 16 -10 8 10 -6 8 6 -6 8 -6 -10 8 -10

4 16 -10 8 -10 -6 8 -6 6 8 -6 10 8 -10

1 16 0 8 0 10 0 0 0 -8 0 0 0 10 box4t.dat

1 16 0 0 0 0 0 1 0 1 0 -1 0 0 stud.dat

0 NOFILE

0 FILE 43710.dat
0 Wedge  4 x  2 Double Left

0 Name: 43710.dat

0 Author: Orion Pobursky [OrionP]

0 !LDRAW_ORG Part UPDATE 2019-01

0 !LICENSE Licensed under CC BY 4.0 : see CAreadme.txt



0 BFC CERTIFY CCW



0 !HISTORY 2005-01-10 [guyvivan] Secondary author

0 !HISTORY 2011-07-25 [PTadmin] Official Update 2011-01

0 !HISTORY 2019-05-29 [cwdee] Update description

0 !HISTORY 2019-06-28 [PTadmin] Official Update 2019-01





1 16 0 0 0 0 0 1 0 1 0 -1 0 0 stud.dat

1 16 0 0 0 1 0 0 0 1 0 0 0 1 s__43710s01.dat

0 NOFILE

0 FILE s__43710s01.dat
0 ~Slope Brick  2 x  4 Triple Left Without Stud

0 Name: s\43710s01.dat

0 Author: Orion Pobursky [OrionP]

0 !LDRAW_ORG Subpart UPDATE 2011-01

0 !LICENSE Licensed under CC BY 4.0 : see CAreadme.txt



0 BFC CERTIFY CCW



0 !HISTORY 2005-01-10 [guyvivan] Secondary author

0 !HISTORY 2005-07-30 [guyvivan] Corrected bad polygon

0 !HISTORY 2011-07-25 [PTadmin] Official Update 2011-01





4 16 30 20 10 10 0 10 10 0 -10 30 20 -10

2 24 -6 24 6 -6 24 -66

2 24 26 24 6 -6 24 6

2 24 -10 24 10 -10 24 -70

2 24 30 24 10 -10 24 10

2 24 -6 24 6 -6 4 6

2 24 -6 4 -9 -6 21.882 -66

2 24 9 4 -9 9 20 -60

4 16 9 4 -9 9 20 -60 -6 20 -60 -6 4 -9

2 24 6 20 -60 -6 20 -60

1 16 0 20 -60 6 0 0 0 -1 0 0 0 -6 2-4disc.dat

1 16 0 20 -60 6 0 0 0 -1 0 0 0 -6 2-4edge.dat

1 16 0 20 -60 6 0 0 0 1 1.882 0 0 -6 2-4edge.dat

0 BFC INVERTNEXT

1 16 0 20 -60 0 0 -6 0 1.882 0 6 0 0 1-4cyls2.dat

0 BFC INVERTNEXT

1 16 0 20 -60 0 0 6 0 1.882 0 6 0 0 1-4cyls2.dat

1 16 0 20 -60 6 0 0 0 -1 1.882 0 0 -6 2-4ndis.dat

4 16 9 20 -60 7 21.882 -66 6 21.882 -66 6 20 -60

2 24 7 21.882 -66 9 20 -60

3 16 -6 21.882 -66 -6 24 -66 -6 4 -9

2 24 30 20 -10 10 20 -70

2 24 17.502 24 -47.493 10 24 -70

4 16 17.502 20 -47.493 10 20 -70 10 24 -70 17.502 24 -47.493

2 24 17.502 20 -47.493 17.502 24 -47.493

3 16 10 0 -10 10 20 -70 30 20 -10

2 24 26 20 -9 9 20 -60

3 16 26 20 -9 9 20 -60 9 4 -9

2 24 26 20 6 9 4 6

2 24 26 20 -9 9 4 -9

2 24 -10 24 10 -10 0 10

2 24 -10 0 -10 -10 20 -70

2 24 10 0 -10 10 20 -70

4 16 -10 0 -10 -10 20 -70 10 20 -70 10 0 -10

3 16 -10 24 -70 -10 20 -70 -10 0 -10

2 24 30 20 10 10 0 10

2 24 30 20 -10 10 0 -10

4 16 -10 24 10 -6 24 6 -6 24 -66 -10 24 -70

4 16 30 24 -10 26 24 -9 26 24 6 30 24 10

4 16 30 24 10 26 24 6 -6 24 6 -10 24 10

1 16 0 0 0 0 0 -10 0 1 0 10 0 0 rect.dat

1 16 1.5 4 -1.5 0 0 -7.5 0 -1 0 7.5 0 0 rect.dat

4 16 -10 24 -70 -10 0 -10 -10 0 10 -10 24 10

4 16 -6 24 6 -6 4 6 -6 4 -9 -6 24 -66

1 16 30 22 0 0 -1 0 -2 0 0 0 0 10 rect.dat

1 16 26 22 -1.5 0 1 0 -2 0 0 0 0 7.5 rect.dat

1 16 0 22 -70 0 0 10 -2 0 0 0 1 0 rect.dat

1 16 0.5 22.941 -66 0 0 6.5 1.059 0 0 0 -1 0 rect.dat

4 16 10 24 -70 -10 24 -70 -6 24 -66 7 24 -66

4 16 -10 24 10 -10 0 10 30 20 10 30 24 10

3 16 -10 0 10 10 0 10 30 20 10

4 16 26 20 6 -6 4 6 -6 24 6 26 24 6

3 16 26 20 6 9 4 6 -6 4 6

4 16 9 4 -9 9 4 6 26 20 6 26 20 -9

1 16 10 13.173 -10 1 0 0 0 -2.706 0 0 0 1 stud4a.dat

2 24 18 12.784 -10 17.802 12.284 -9

2 24 17.802 12.284 -9 17.392 11.898 -6.936

2 24 17.392 11.898 -6.936 15.656 10.264 -4.344

2 24 15.656 10.264 -4.344 13.064 7.825 -2.608

2 24 13.064 7.825 -2.608 10 4.941 -2

2 24 10 4.941 -2 9 4 -2.198

2 24 9 4 -2.198 6.936 4 -2.608

2 24 6.936 4 -2.608 4.344 4 -4.344

2 24 4.344 4 -4.344 2.608 4 -6.936

2 24 2.608 4 -6.936 2.198 4 -9

2 24 2.198 4 -9 2 4.314 -10

2 24 2 4.314 -10 2.608 5.275 -13.064

2 24 2.608 5.275 -13.064 4.344 6.088 -15.656

2 24 4.344 6.088 -15.656 6.936 6.633 -17.392

2 24 6.936 6.633 -17.392 9 6.761 -17.802

2 24 9 6.761 -17.802 10 7.765 -18

2 24 10 7.765 -18 13.064 10.458 -17.392

2 24 13.064 10.458 -17.392 15.656 12.353 -15.656

2 24 15.656 12.353 -15.656 17.392 13.173 -13.064

2 24 17.392 13.173 -13.064 18 12.784 -10

2 24 16 10.902 -10 15.802 10.402 -9

2 24 15.802 10.402 -9 15.544 10.159 -7.702

2 24 15.544 10.159 -7.702 14.242 8.934 -5.758

2 24 14.242 8.934 -5.758 12.298 7.104 -4.456

2 24 12.298 7.104 -4.456 10 4.941 -4

2 24 10 4.941 -4 9 4 -4.198

2 24 9 4 -4.198 7.702 4 -4.456

2 24 7.702 4 -4.456 5.758 4 -5.758

2 24 5.758 4 -5.758 4.456 4 -7.702

2 24 4.456 4 -7.702 4.198 4 -9

2 24 4.198 4 -9 4 4.314 -10

2 24 4 4.314 -10 4.456 5.035 -12.298

2 24 4.456 5.035 -12.298 5.758 5.645 -14.242

2 24 5.758 5.645 -14.242 7.702 6.053 -15.544

2 24 7.702 6.053 -15.544 9 6.134 -15.802

2 24 9 6.134 -15.802 10 7.137 -16

2 24 10 7.137 -16 12.298 9.157 -15.544

2 24 12.298 9.157 -15.544 14.242 10.578 -14.242

2 24 14.242 10.578 -14.242 15.544 11.194 -12.298

2 24 15.544 11.194 -12.298 16 10.902 -10

1 16 10 19.448 -30 1 0 0 0 -1.138 0 0 0 1 stud4a.dat

2 24 18 19.059 -30 17.392 17.525 -26.936

2 24 17.392 17.525 -26.936 15.656 15.078 -24.344

2 24 15.656 15.078 -24.344 13.064 12.094 -22.608

2 24 13.064 12.094 -22.608 10 9.02 -22

2 24 10 9.02 -22 9 8.141 -22.198

2 24 9 8.141 -22.198 6.936 8.269 -22.608

2 24 6.936 8.269 -22.608 4.344 8.814 -24.344

2 24 4.344 8.814 -24.344 2.608 9.627 -26.936

2 24 2.608 9.627 -26.936 2 10.588 -30

2 24 2 10.588 -30 2.608 11.549 -33.064

2 24 2.608 11.549 -33.064 4.344 12.363 -35.656

2 24 4.344 12.363 -35.656 6.936 12.907 -37.392

2 24 6.936 12.907 -37.392 9 13.036 -37.802

2 24 9 13.036 -37.802 10 14.039 -38

2 24 10 14.039 -38 13.064 16.732 -37.392

2 24 13.064 16.732 -37.392 15.656 18.627 -35.656

2 24 15.656 18.627 -35.656 17.392 19.448 -33.064

2 24 17.392 19.448 -33.064 18 19.059 -30

2 24 16 17.176 -30 15.544 16.026 -27.702

2 24 15.544 16.026 -27.702 14.242 14.191 -25.758

2 24 14.242 14.191 -25.758 12.298 11.953 -24.456

2 24 12.298 11.953 -24.456 10 9.647 -24

2 24 10 9.647 -24 9 8.768 -24.198

2 24 9 8.768 -24.198 7.702 8.849 -24.456

2 24 7.702 8.849 -24.456 5.758 9.257 -25.758

2 24 5.758 9.257 -25.758 4.456 9.867 -27.702

2 24 4.456 9.867 -27.702 4 10.588 -30

2 24 4 10.588 -30 4.456 11.309 -32.298

2 24 4.456 11.309 -32.298 5.758 11.919 -34.242

2 24 5.758 11.919 -34.242 7.702 12.328 -35.544

2 24 7.702 12.328 -35.544 9 12.408 -35.802

2 24 9 12.408 -35.802 10 13.412 -36

2 24 10 13.412 -36 12.298 15.432 -35.544

2 24 12.298 15.432 -35.544 14.242 16.853 -34.242

2 24 14.242 16.853 -34.242 15.544 17.468 -32.298

2 24 15.544 17.468 -32.298 16 17.176 -30

1 16 10 24 -50 1.84776 0 -0.765367 0 -1 0 0.765367 0 1.84776 3-4ring3.dat

1 16 10 24 -50 2.2961 0 -5.54328 0 1 0 5.54328 0 2.2961 2-4edge.dat

0 BFC INVERTNEXT

1 16 10 24 -50 4.24264 0 -4.24264 0 -4 0 4.24264 0 4.24264 5-8cyli.dat

1 16 10 24 -50 7.39104 0 -3.06147 0 1 0 3.06147 0 7.39104 5-8edge.dat

1 16 10 24 -50 7.39104 0 -3.06147 0 -4 0 3.06147 0 7.39104 5-8cyli.dat

1 16 10 24 -50 -3.06147 0 7.39104 0 -4 0 -7.39104 0 -3.06147 1-16cyli.dat

2 24 17.502 20 -47.493 17.392 20 -46.936

2 24 17.392 20 -46.936 15.656 20 -44.344

2 24 15.656 20 -44.344 14.481 20 -43.557

2 24 14.481 20 -43.557 13.064 18.369 -42.608

3 16 13.064 18.369 -42.608 14.481 20 -43.557 13.064 20 -42.608

2 24 13.064 18.369 -42.608 10 15.294 -42

4 16 10 15.294 -42 13.064 18.369 -42.608 13.064 20 -42.608 10 20 -42

2 24 10 15.294 -42 9 14.415 -42.198

4 16 9 14.415 -42.198 10 15.294 -42 10 20 -42 9 20 -42.198

2 24 9 14.415 -42.198 6.936 14.544 -42.608

4 16 6.936 14.544 -42.608 9 14.415 -42.198 9 20 -42.198 6.936 20 -42.608

2 24 6.936 14.544 -42.608 4.344 15.088 -44.344

4 16 4.344 15.088 -44.344 6.936 14.544 -42.608 6.936 20 -42.608 4.344 20 -44.344

2 24 4.344 15.088 -44.344 2.608 15.901 -46.936

4 16 2.608 15.901 -46.936 4.344 15.088 -44.344 4.344 20 -44.344 2.608 20 -46.936

2 24 2.608 15.901 -46.936 2 16.863 -50

4 16 2 16.863 -50 2.608 15.901 -46.936 2.608 20 -46.936 2 20 -50

2 24 2 16.863 -50 2.608 17.824 -53.064

4 16 2.608 17.824 -53.064 2 16.863 -50 2 20 -50 2.608 20 -53.064

2 24 2.608 17.824 -53.064 4.344 18.637 -55.656

4 16 4.344 18.637 -55.656 2.608 17.824 -53.064 2.608 20 -53.064 4.344 20 -55.656

2 24 4.344 18.637 -55.656 6.936 19.182 -57.392

4 16 6.936 19.182 -57.392 4.344 18.637 -55.656 4.344 20 -55.656 6.936 20 -57.392

2 24 6.936 19.182 -57.392 9 19.31 -57.802

4 16 9 19.31 -57.802 6.936 19.182 -57.392 6.936 20 -57.392 9 20 -57.802

2 24 9 19.31 -57.802 9.687 20 -57.938

3 16 9.687 20 -57.938 9 19.31 -57.802 9 20 -57.802

2 24 13.838 20 -45.487 12.298 18.227 -44.456

3 16 13.838 20 -45.487 12.298 18.227 -44.456 12.298 20 -44.456

2 24 12.298 18.227 -44.456 10 15.922 -44

4 16 12.298 18.227 -44.456 10 15.922 -44 10 20 -44 12.298 20 -44.456

2 24 10 15.922 -44 9 15.043 -44.198

4 16 10 15.922 -44 9 15.043 -44.198 9 20 -44.198 10 20 -44

2 24 9 15.043 -44.198 7.702 15.123 -44.456

4 16 9 15.043 -44.198 7.702 15.123 -44.456 7.702 20 -44.456 9 20 -44.198

2 24 7.702 15.123 -44.456 5.758 15.532 -45.758

4 16 7.702 15.123 -44.456 5.758 15.532 -45.758 5.758 20 -45.758 7.702 20 -44.456

2 24 5.758 15.532 -45.758 4.456 16.142 -47.702

4 16 5.758 15.532 -45.758 4.456 16.142 -47.702 4.456 20 -47.702 5.758 20 -45.758

2 24 4.456 16.142 -47.702 4 16.863 -50

4 16 4.456 16.142 -47.702 4 16.863 -50 4 20 -50 4.456 20 -47.702

2 24 4 16.863 -50 4.456 17.584 -52.298

4 16 4 16.863 -50 4.456 17.584 -52.298 4.456 20 -52.298 4 20 -50

2 24 4.456 17.584 -52.298 5.758 18.194 -54.242

4 16 4.456 17.584 -52.298 5.758 18.194 -54.242 5.758 20 -54.242 4.456 20 -52.298

2 24 5.758 18.194 -54.242 7.702 18.602 -55.544

4 16 5.758 18.194 -54.242 7.702 18.602 -55.544 7.702 20 -55.544 5.758 20 -54.242

2 24 7.702 18.602 -55.544 9 18.683 -55.802

4 16 7.702 18.602 -55.544 9 18.683 -55.802 9 20 -55.802 7.702 20 -55.544

2 24 9 18.683 -55.802 10 19.686 -56

4 16 9 18.683 -55.802 10 19.686 -56 10 20 -56 9 20 -55.802

2 24 10 19.686 -56 10.357 20 -55.929

4 16 10 19.686 -56 10.357 20 -55.929 10.357 24 -55.929 10 24 -56

2 24 17.502 24 -47.493 17.392 24 -46.936

4 16 17.502 24 -47.493 17.392 24 -46.936 17.392 20 -46.936 17.502 20 -47.493

2 24 6.936 24 -57.392 9.687 24 -57.938

2 24 9.687 24 -57.938 9.687 20 -57.938

2 24 9.687 24 -57.938 7 24 -66

4 16 9.687 24 -57.938 7 24 -66 9 20 -60 9.687 20 -57.938

3 16 7 24 -66 7 21.882 -66 9 20 -60

2 24 13.838 24 -45.487 12.298 24 -44.456

2 24 13.838 24 -45.487 13.838 20 -45.487

2 24 7.702 24 -55.544 10 24 -56

2 24 10 24 -56 10.357 24 -55.929

2 24 13.838 24 -45.487 10.357 24 -55.929

4 16 13.838 24 -45.487 17.392 24 -46.936 17.502 24 -47.493 7 24 -66

3 16 17.502 24 -47.493 10 24 -70 7 24 -66

4 16 13.838 24 -45.487 10.357 24 -55.929 10.357 20 -55.929 13.838 20 -45.487

2 24 10.357 20 -55.929 10.357 24 -55.929

4 16 17.802 12.284 -9 18 12.784 -10 18 13.173 -10 17.802 13.173 -9

4 16 17.392 11.898 -6.936 17.802 12.284 -9 17.802 13.173 -9 17.392 13.173 -6.936

4 16 15.656 10.264 -4.344 17.392 11.898 -6.936 17.392 13.173 -6.936 15.656 13.173 -4.344

4 16 13.064 7.825 -2.608 15.656 10.264 -4.344 15.656 13.173 -4.344 13.064 13.173 -2.608

4 16 10 4.941 -2 13.064 7.825 -2.608 13.064 13.173 -2.608 10 13.173 -2

4 16 9 4 -2.198 10 4.941 -2 10 13.173 -2 9 13.173 -2.198

4 16 6.936 4 -2.608 9 4 -2.198 9 13.173 -2.198 6.936 13.173 -2.608

4 16 4.344 4 -4.344 6.936 4 -2.608 6.936 13.173 -2.608 4.344 13.173 -4.344

4 16 2.608 4 -6.936 4.344 4 -4.344 4.344 13.173 -4.344 2.608 13.173 -6.936

4 16 2.198 4 -9 2.608 4 -6.936 2.608 13.173 -6.936 2.198 13.173 -9

4 16 2 4.314 -10 2.198 4 -9 2.198 13.173 -9 2 13.173 -10

4 16 2.608 5.275 -13.064 2 4.314 -10 2 13.173 -10 2.608 13.173 -13.064

4 16 4.344 6.088 -15.656 2.608 5.275 -13.064 2.608 13.173 -13.064 4.344 13.173 -15.656

4 16 6.936 6.633 -17.392 4.344 6.088 -15.656 4.344 13.173 -15.656 6.936 13.173 -17.392

4 16 9 6.761 -17.802 6.936 6.633 -17.392 6.936 13.173 -17.392 9 13.173 -17.802

4 16 10 7.765 -18 9 6.761 -17.802 9 13.173 -17.802 10 13.173 -18

4 16 13.064 10.458 -17.392 10 7.765 -18 10 13.173 -18 13.064 13.173 -17.392

4 16 15.656 12.353 -15.656 13.064 10.458 -17.392 13.064 13.173 -17.392 15.656 13.173 -15.656

3 16 17.392 13.173 -13.064 15.656 12.353 -15.656 15.656 13.173 -15.656

3 16 18 12.784 -10 17.392 13.173 -13.064 18 13.173 -10

4 16 16 10.902 -10 15.802 10.402 -9 15.802 13.173 -9 16 13.173 -10

4 16 15.802 10.402 -9 15.544 10.159 -7.702 15.544 13.173 -7.702 15.802 13.173 -9

4 16 15.544 10.159 -7.702 14.242 8.934 -5.758 14.242 13.173 -5.758 15.544 13.173 -7.702

4 16 14.242 8.934 -5.758 12.298 7.104 -4.456 12.298 13.173 -4.456 14.242 13.173 -5.758

4 16 12.298 7.104 -4.456 10 4.941 -4 10 13.173 -4 12.298 13.173 -4.456

4 16 10 4.941 -4 9 4 -4.198 9 13.173 -4.198 10 13.173 -4

4 16 9 4 -4.198 7.702 4 -4.456 7.702 13.173 -4.456 9 13.173 -4.198

4 16 7.702 4 -4.456 5.758 4 -5.758 5.758 13.173 -5.758 7.702 13.173 -4.456

4 16 5.758 4 -5.758 4.456 4 -7.702 4.456 13.173 -7.702 5.758 13.173 -5.758

4 16 4.456 4 -7.702 4.198 4 -9 4.198 13.173 -9 4.456 13.173 -7.702

4 16 4.198 4 -9 4 4.314 -10 4 13.173 -10 4.198 13.173 -9

4 16 4 4.314 -10 4.456 5.035 -12.298 4.456 13.173 -12.298 4 13.173 -10

4 16 4.456 5.035 -12.298 5.758 5.645 -14.242 5.758 13.173 -14.242 4.456 13.173 -12.298

4 16 5.758 5.645 -14.242 7.702 6.053 -15.544 7.702 13.173 -15.544 5.758 13.173 -14.242

4 16 7.702 6.053 -15.544 9 6.134 -15.802 9 13.173 -15.802 7.702 13.173 -15.544

4 16 9 6.134 -15.802 10 7.137 -16 10 13.173 -16 9 13.173 -15.802

4 16 10 7.137 -16 12.298 9.157 -15.544 12.298 13.173 -15.544 10 13.173 -16

4 16 12.298 9.157 -15.544 14.242 10.578 -14.242 14.242 13.173 -14.242 12.298 13.173 -15.544

4 16 14.242 10.578 -14.242 15.544 11.194 -12.298 15.544 13.173 -12.298 14.242 13.173 -14.242

4 16 15.544 11.194 -12.298 16 10.902 -10 16 13.173 -10 15.544 13.173 -12.298

4 16 17.392 17.525 -26.936 18 19.059 -30 18 19.448 -30 17.392 19.448 -26.936

4 16 15.656 15.078 -24.344 17.392 17.525 -26.936 17.392 19.448 -26.936 15.656 19.448 -24.344

4 16 13.064 12.094 -22.608 15.656 15.078 -24.344 15.656 19.448 -24.344 13.064 19.448 -22.608

4 16 10 9.02 -22 13.064 12.094 -22.608 13.064 19.448 -22.608 10 19.448 -22

4 16 9 8.141 -22.198 10 9.02 -22 10 19.448 -22 9 19.448 -22.198

4 16 6.936 8.269 -22.608 9 8.141 -22.198 9 19.448 -22.198 6.936 19.448 -22.608

4 16 4.344 8.814 -24.344 6.936 8.269 -22.608 6.936 19.448 -22.608 4.344 19.448 -24.344

4 16 2.608 9.627 -26.936 4.344 8.814 -24.344 4.344 19.448 -24.344 2.608 19.448 -26.936

4 16 2 10.588 -30 2.608 9.627 -26.936 2.608 19.448 -26.936 2 19.448 -30

4 16 2.608 11.549 -33.064 2 10.588 -30 2 19.448 -30 2.608 19.448 -33.064

4 16 4.344 12.363 -35.656 2.608 11.549 -33.064 2.608 19.448 -33.064 4.344 19.448 -35.656

4 16 6.936 12.907 -37.392 4.344 12.363 -35.656 4.344 19.448 -35.656 6.936 19.448 -37.392

4 16 9 13.036 -37.802 6.936 12.907 -37.392 6.936 19.448 -37.392 9 19.448 -37.802

4 16 10 14.039 -38 9 13.036 -37.802 9 19.448 -37.802 10 19.448 -38

4 16 13.064 16.732 -37.392 10 14.039 -38 10 19.448 -38 13.064 19.448 -37.392

4 16 15.656 18.627 -35.656 13.064 16.732 -37.392 13.064 19.448 -37.392 15.656 19.448 -35.656

3 16 17.392 19.448 -33.064 15.656 18.627 -35.656 15.656 19.448 -35.656

3 16 18 19.059 -30 17.392 19.448 -33.064 18 19.448 -30

4 16 16 17.176 -30 15.544 16.026 -27.702 15.544 19.448 -27.702 16 19.448 -30

4 16 15.544 16.026 -27.702 14.242 14.191 -25.758 14.242 19.448 -25.758 15.544 19.448 -27.702

4 16 14.242 14.191 -25.758 12.298 11.953 -24.456 12.298 19.448 -24.456 14.242 19.448 -25.758

4 16 12.298 11.953 -24.456 10 9.647 -24 10 19.448 -24 12.298 19.448 -24.456

4 16 10 9.647 -24 9 8.768 -24.198 9 19.448 -24.198 10 19.448 -24

4 16 9 8.768 -24.198 7.702 8.849 -24.456 7.702 19.448 -24.456 9 19.448 -24.198

4 16 7.702 8.849 -24.456 5.758 9.257 -25.758 5.758 19.448 -25.758 7.702 19.448 -24.456

4 16 5.758 9.257 -25.758 4.456 9.867 -27.702 4.456 19.448 -27.702 5.758 19.448 -25.758

4 16 4.456 9.867 -27.702 4 10.588 -30 4 19.448 -30 4.456 19.448 -27.702

4 16 4 10.588 -30 4.456 11.309 -32.298 4.456 19.448 -32.298 4 19.448 -30

4 16 4.456 11.309 -32.298 5.758 11.919 -34.242 5.758 19.448 -34.242 4.456 19.448 -32.298

4 16 5.758 11.919 -34.242 7.702 12.328 -35.544 7.702 19.448 -35.544 5.758 19.448 -34.242

4 16 7.702 12.328 -35.544 9 12.408 -35.802 9 19.448 -35.802 7.702 19.448 -35.544

4 16 9 12.408 -35.802 10 13.412 -36 10 19.448 -36 9 19.448 -35.802

4 16 10 13.412 -36 12.298 15.432 -35.544 12.298 19.448 -35.544 10 19.448 -36

4 16 12.298 15.432 -35.544 14.242 16.853 -34.242 14.242 19.448 -34.242 12.298 19.448 -35.544

4 16 14.242 16.853 -34.242 15.544 17.468 -32.298 15.544 19.448 -32.298 14.242 19.448 -34.242

4 16 15.544 17.468 -32.298 16 17.176 -30 16 19.448 -30 15.544 19.448 -32.298

5 24 17.802 13.173 -9 17.802 12.284 -9 18 13.173 -10 17.392 13.173 -6.936

5 24 17.392 13.173 -6.936 17.392 11.898 -6.936 17.802 13.173 -9 15.656 13.173 -4.344

5 24 15.656 13.173 -4.344 15.656 10.264 -4.344 17.392 13.173 -6.936 13.064 13.173 -2.608

5 24 13.064 13.173 -2.608 13.064 7.825 -2.608 15.656 13.173 -4.344 10 13.173 -2

5 24 10 13.173 -2 10 4.941 -2 13.064 13.173 -2.608 9 13.173 -2.198

5 24 6.936 13.173 -2.608 6.936 4 -2.608 9 13.173 -2.198 4.344 13.173 -4.344

5 24 4.344 13.173 -4.344 4.344 4 -4.344 6.936 13.173 -2.608 2.608 13.173 -6.936

5 24 2.608 13.173 -6.936 2.608 4 -6.936 4.344 13.173 -4.344 2.198 13.173 -9

5 24 2 13.173 -10 2 4.314 -10 2.198 13.173 -9 2.608 13.173 -13.064

5 24 2.608 13.173 -13.064 2.608 5.275 -13.064 2 13.173 -10 4.344 13.173 -15.656

5 24 4.344 13.173 -15.656 4.344 6.088 -15.656 2.608 13.173 -13.064 6.936 13.173 -17.392

5 24 6.936 13.173 -17.392 6.936 6.633 -17.392 4.344 13.173 -15.656 9 13.173 -17.802

5 24 10 13.173 -18 10 7.765 -18 9 13.173 -17.802 13.064 13.173 -17.392

5 24 13.064 13.173 -17.392 13.064 10.458 -17.392 10 13.173 -18 15.656 13.173 -15.656

5 24 15.656 13.173 -15.656 15.656 12.353 -15.656 13.064 13.173 -17.392 17.392 13.173 -13.064

5 24 18 13.173 -10 18 12.784 -10 17.392 13.173 -13.064 17.802 13.173 -9

5 24 15.544 13.173 -7.702 15.544 10.159 -7.702 15.802 13.173 -9 14.242 13.173 -5.758

5 24 14.242 13.173 -5.758 14.242 8.934 -5.758 15.544 13.173 -7.702 12.298 13.173 -4.456

5 24 12.298 13.173 -4.456 12.298 7.104 -4.456 14.242 13.173 -5.758 10 13.173 -4

5 24 10 13.173 -4 10 4.941 -4 12.298 13.173 -4.456 9 13.173 -4.198

5 24 7.702 13.173 -4.456 7.702 4 -4.456 9 13.173 -4.198 5.758 13.173 -5.758

5 24 5.758 13.173 -5.758 5.758 4 -5.758 7.702 13.173 -4.456 4.456 13.173 -7.702

5 24 4.456 13.173 -7.702 4.456 4 -7.702 5.758 13.173 -5.758 4.198 13.173 -9

5 24 4 13.173 -10 4 4.314 -10 4.198 13.173 -9 4.456 13.173 -12.298

5 24 4.456 13.173 -12.298 4.456 5.035 -12.298 4 13.173 -10 5.758 13.173 -14.242

5 24 5.758 13.173 -14.242 5.758 5.645 -14.242 4.456 13.173 -12.298 7.702 13.173 -15.544

5 24 7.702 13.173 -15.544 7.702 6.053 -15.544 5.758 13.173 -14.242 9 13.173 -15.802

5 24 10 13.173 -16 10 7.137 -16 9 13.173 -15.802 12.298 13.173 -15.544

5 24 12.298 13.173 -15.544 12.298 9.157 -15.544 10 13.173 -16 14.242 13.173 -14.242

5 24 14.242 13.173 -14.242 14.242 10.578 -14.242 12.298 13.173 -15.544 15.544 13.173 -12.298

5 24 15.544 13.173 -12.298 15.544 11.194 -12.298 14.242 13.173 -14.242 16 13.173 -10

5 24 16 13.173 -10 16 10.902 -10 15.544 13.173 -12.298 15.802 13.173 -9

5 24 17.392 19.448 -26.936 17.392 17.525 -26.936 18 19.448 -30 15.656 19.448 -24.344

5 24 15.656 19.448 -24.344 15.656 15.078 -24.344 17.392 19.448 -26.936 13.064 19.448 -22.608

5 24 13.064 19.448 -22.608 13.064 12.094 -22.608 15.656 19.448 -24.344 10 19.448 -22

5 24 10 19.448 -22 10 9.02 -22 13.064 19.448 -22.608 9 19.448 -22.198

5 24 6.936 19.448 -22.608 6.936 8.269 -22.608 9 19.448 -22.198 4.344 19.448 -24.344

5 24 4.344 19.448 -24.344 4.344 8.814 -24.344 6.936 19.448 -22.608 2.608 19.448 -26.936

5 24 2.608 19.448 -26.936 2.608 9.627 -26.936 4.344 19.448 -24.344 2 19.448 -30

5 24 2 19.448 -30 2 10.588 -30 2.608 19.448 -26.936 2.608 19.448 -33.064

5 24 2.608 19.448 -33.064 2.608 11.549 -33.064 2 19.448 -30 4.344 19.448 -35.656

5 24 4.344 19.448 -35.656 4.344 12.363 -35.656 2.608 19.448 -33.064 6.936 19.448 -37.392

5 24 6.936 19.448 -37.392 6.936 12.907 -37.392 4.344 19.448 -35.656 9 19.448 -37.802

5 24 10 19.448 -38 10 14.039 -38 9 19.448 -37.802 13.064 19.448 -37.392

5 24 13.064 19.448 -37.392 13.064 16.732 -37.392 10 19.448 -38 15.656 19.448 -35.656

5 24 15.656 19.448 -35.656 15.656 18.627 -35.656 13.064 19.448 -37.392 17.392 19.448 -33.064

5 24 18 19.448 -30 18 19.059 -30 17.392 19.448 -33.064 17.392 19.448 -26.936

5 24 15.544 19.448 -27.702 15.544 16.026 -27.702 16 19.448 -30 14.242 19.448 -25.758

5 24 14.242 19.448 -25.758 14.242 14.191 -25.758 15.544 19.448 -27.702 12.298 19.448 -24.456

5 24 12.298 19.448 -24.456 12.298 11.953 -24.456 14.242 19.448 -25.758 10 19.448 -24

5 24 10 19.448 -24 10 9.647 -24 12.298 19.448 -24.456 9 19.448 -24.198

5 24 7.702 19.448 -24.456 7.702 8.849 -24.456 9 19.448 -24.198 5.758 19.448 -25.758

5 24 5.758 19.448 -25.758 5.758 9.257 -25.758 7.702 19.448 -24.456 4.456 19.448 -27.702

5 24 4.456 19.448 -27.702 4.456 9.867 -27.702 5.758 19.448 -25.758 4 19.448 -30

5 24 4 19.448 -30 4 10.588 -30 4.456 19.448 -27.702 4.456 19.448 -32.298

5 24 4.456 19.448 -32.298 4.456 11.309 -32.298 4 19.448 -30 5.758 19.448 -34.242

5 24 5.758 19.448 -34.242 5.758 11.919 -34.242 4.456 19.448 -32.298 7.702 19.448 -35.544

5 24 7.702 19.448 -35.544 7.702 12.328 -35.544 5.758 19.448 -34.242 9 19.448 -35.802

5 24 10 19.448 -36 10 13.412 -36 9 19.448 -35.802 12.298 19.448 -35.544

5 24 12.298 19.448 -35.544 12.298 15.432 -35.544 10 19.448 -36 14.242 19.448 -34.242

5 24 14.242 19.448 -34.242 14.242 16.853 -34.242 12.298 19.448 -35.544 15.544 19.448 -32.298

5 24 15.544 19.448 -32.298 15.544 17.468 -32.298 14.242 19.448 -34.242 16 19.448 -30

5 24 16 19.448 -30 16 17.176 -30 15.544 19.448 -32.298 15.544 19.448 -27.702

5 24 12.298 20 -44.456 12.298 18.227 -44.456 13.838 20 -45.487 10 20 -44

5 24 13.064 20 -42.608 13.064 18.369 -42.608 14.481 20 -43.557 10 20 -42

5 24 10 20 -42 10 15.294 -42 13.064 20 -42.608 9 20 -42.198

5 24 6.936 20 -42.608 6.936 14.544 -42.608 9 20 -42.198 4.344 20 -44.344

5 24 4.344 20 -44.344 4.344 15.088 -44.344 6.936 20 -42.608 2.608 20 -46.936

5 24 2.608 20 -46.936 2.608 15.901 -46.936 4.344 20 -44.344 2 20 -50

5 24 2 20 -50 2 16.863 -50 2.608 20 -46.936 2.608 20 -53.064

5 24 2.608 20 -53.064 2.608 17.824 -53.064 2 20 -50 4.344 20 -55.656

5 24 4.344 20 -55.656 4.344 18.637 -55.656 2.608 20 -53.064 6.936 20 -57.392

5 24 6.936 20 -57.392 6.936 19.182 -57.392 4.344 20 -55.656 9 20 -57.802

5 24 10 20 -44 10 15.922 -44 12.298 20 -44.456 9 20 -44.198

5 24 7.702 20 -44.456 7.702 15.123 -44.456 9 20 -44.198 5.758 20 -45.758

5 24 5.758 20 -45.758 5.758 15.532 -45.758 7.702 20 -44.456 4.456 20 -47.702

5 24 4.456 20 -47.702 4.456 16.142 -47.702 5.758 20 -45.758 4 20 -50

5 24 4 20 -50 4 16.863 -50 4.456 20 -47.702 4.456 20 -52.298

5 24 4.456 20 -52.298 4.456 17.584 -52.298 4 20 -50 5.758 20 -54.242

5 24 5.758 20 -54.242 5.758 18.194 -54.242 4.456 20 -52.298 7.702 20 -55.544

5 24 7.702 20 -55.544 7.702 18.602 -55.544 5.758 20 -54.242 9 20 -55.802

5 24 10 20 -56 10 19.686 -56 9 20 -55.802 10.357 20 -55.929

2 24 18.03 24 -32.91 21.896 24 -34.311

4 16 18.03 24 -32.91 21.896 24 -34.311 21.896 20 -34.311 18.03 20 -32.91

4 16 17.502 20 -47.493 14.481 20 -43.557 18.03 20 -32.91 21.896 20 -34.311

2 24 18.03 20 -32.91 21.896 20 -34.311

2 24 21.896 20 -34.311 21.896 24 -34.311

2 24 18.03 20 -32.91 18.03 24 -32.91

2 24 20.138 24 -26.586 24.004 24 -27.987

4 16 24.004 24 -27.987 20.138 24 -26.586 20.138 20 -26.586 24.004 20 -27.987

2 24 20.138 20 -26.586 24.004 20 -27.987

2 24 24.004 20 -27.987 24.004 24 -27.987

2 24 20.138 20 -26.586 20.138 24 -26.586

2 24 23.948 24 -15.155 27.815 24 -16.556

4 16 23.948 24 -15.155 27.815 24 -16.556 27.815 20 -16.556 23.948 20 -15.155

2 24 30 24 -10 27.815 24 -16.556

4 16 30 20 -10 27.815 20 -16.556 27.815 24 -16.556 30 24 -10

2 24 23.948 24 -15.155 26 24 -9

4 16 30 24 -10 27.815 24 -16.556 23.948 24 -15.155 26 24 -9

4 16 23.948 20 -15.155 26 20 -9 26 24 -9 23.948 24 -15.155

4 16 24.004 20 -27.987 20.138 20 -26.586 23.948 20 -15.155 27.815 20 -16.556

2 24 23.948 20 -15.155 27.815 20 -16.556

2 24 27.815 20 -16.556 27.815 24 -16.556

2 24 23.948 20 -15.155 23.948 24 -15.155

2 24 18.03 24 -32.91 20.138 24 -26.586

4 16 24.004 24 -27.987 21.896 24 -34.311 18.03 24 -32.91 20.138 24 -26.586

4 16 18.03 20 -32.91 20.138 20 -26.586 20.138 24 -26.586 18.03 24 -32.91

2 24 24.004 24 -27.987 21.896 24 -34.311

4 16 24.004 20 -27.987 21.896 20 -34.311 21.896 24 -34.311 24.004 24 -27.987

2 24 17.392 19.448 -33.064 18.03 20 -32.91

4 16 17.392 23 -33.064 18.03 23 -32.91 18.03 20 -32.91 17.392 19.448 -33.064

2 24 17.392 19.448 -33.064 17.392 23 -33.064

2 24 17.392 23 -33.064 18.03 23 -32.91

2 24 19 23 -30 18.03 23 -32.91

2 24 19 20 -30 18 19.059 -30

4 16 19 23 -30 18 23 -30 18 19.059 -30 19 20 -30

2 24 18 23 -30 18 19.059 -30

2 24 19 23 -30 19 20 -30

2 24 19 23 -30 18 23 -30

2 24 17.392 23 -33.064 18 23 -30

4 16 18.03 23 -32.91 17.392 23 -33.064 18 23 -30 19 23 -30

2 24 -6 20 -28.5 2.298 20 -28.5

2 24 -6 10.118 -28.5 2.298 10.118 -28.5

4 16 -6 10.118 -28.5 2.298 10.118 -28.5 2.298 20 -28.5 -6 20 -28.5

2 24 -6 10.118 -28.5 -6 20 -28.5

2 24 2.298 10.118 -28.5 2.298 20 -28.5

2 24 -6 11.059 -31.5 2.298 11.059 -31.5

4 16 -6 20 -31.5 2.298 20 -31.5 2.298 11.059 -31.5 -6 11.059 -31.5

2 24 -6 11.059 -31.5 -6 20 -31.5

2 24 2.298 11.059 -31.5 2.298 20 -31.5

2 24 -6 20 -31.5 2.298 20 -31.5

4 16 2.298 20 -31.5 -6 20 -31.5 -6 20 -28.5 2.298 20 -28.5

2 24 2 20 -30 2.298 20 -31.5

2 24 2 20 -30 2.298 20 -28.5

2 24 -6 20 -31.5 -6 20 -28.5

0

0 NOFILE

0 FILE 5-8edge.dat
0 Circle 0.625

0 Name: 5-8edge.dat

0 Author: Mark Kennedy [mkennedy]

0 !LDRAW_ORG Primitive UPDATE 2017-01

0 !LICENSE Licensed under CC BY 4.0 : see CAreadme.txt



0 BFC CERTIFY CCW



0 !HISTORY 2004-04-22 [PTadmin] Official Update 2004-02

0 !HISTORY 2005-12-28 [PTadmin] Official Update 2005-01

0 !HISTORY 2007-06-24 [PTadmin] Header formatted for Contributor Agreement

0 !HISTORY 2008-07-01 [PTadmin] Official Update 2008-01

0 !HISTORY 2017-01-15 [Steffen] BFCed

0 !HISTORY 2017-12-30 [PTadmin] Official Update 2017-01





2 24 1 0 0 0.9239 0 0.3827

2 24 0.9239 0 0.3827 0.7071 0 0.7071

2 24 0.7071 0 0.7071 0.3827 0 0.9239

2 24 0.3827 0 0.9239 0 0 1

2 24 0 0 1 -0.3827 0 0.9239

2 24 -0.3827 0 0.9239 -0.7071 0 0.7071

2 24 -0.7071 0 0.7071 -0.9239 0 0.3827

2 24 -0.9239 0 0.3827 -1 0 0

2 24 -1 0 0 -0.9239 0 -0.3827

2 24 -0.9239 0 -0.3827 -0.7071 0 -0.7071

0 NOFILE

0 FILE 5-8cyli.dat
0 Cylinder 0.625

0 Name: 5-8cyli.dat

0 Author: Mark Kennedy [mkennedy]

0 !LDRAW_ORG Primitive UPDATE 2005-01

0 !LICENSE Licensed under CC BY 4.0 : see CAreadme.txt



0 BFC CERTIFY CCW



0 !HISTORY 2004-04-22 [PTadmin] Official Update 2004-02

0 !HISTORY 2004-12-11 [nielsk] Recreated using Primitive Generator, Edge lines fixed, BFC changed to CCW

0 !HISTORY 2005-12-28 [PTadmin] Official Update 2005-01

0 !HISTORY 2007-06-24 [PTadmin] Header formatted for Contributor Agreement

0 !HISTORY 2008-07-01 [PTadmin] Official Update 2008-01





4 16 .9239 1 .3827 .9239 0 .3827 1 0 0 1 1 0

4 16 .7071 1 .7071 .7071 0 .7071 .9239 0 .3827 .9239 1 .3827

4 16 .3827 1 .9239 .3827 0 .9239 .7071 0 .7071 .7071 1 .7071

4 16 0 1 1 0 0 1 .3827 0 .9239 .3827 1 .9239

4 16 -.3827 1 .9239 -.3827 0 .9239 0 0 1 0 1 1

4 16 -.7071 1 .7071 -.7071 0 .7071 -.3827 0 .9239 -.3827 1 .9239

4 16 -.9239 1 .3827 -.9239 0 .3827 -.7071 0 .7071 -.7071 1 .7071

4 16 -1 1 0 -1 0 0 -.9239 0 .3827 -.9239 1 .3827

4 16 -.9239 1 -.3827 -.9239 0 -.3827 -1 0 0 -1 1 0

4 16 -.7071 1 -.7071 -.7071 0 -.7071 -.9239 0 -.3827 -.9239 1 -.3827

0

5 24 1 1 0 1 0 0 1 1 -.4142 .9239 1 .3827

5 24 .9239 1 .3827 .9239 0 .3827 1 1 0 .7071 1 .7071

5 24 .7071 1 .7071 .7071 0 .7071 .9239 1 .3827 .3827 1 .9239

5 24 .3827 1 .9239 .3827 0 .9239 .7071 1 .7071 0 1 1

5 24 0 1 1 0 0 1 .3827 1 .9239 -.3827 1 .9239

5 24 -.3827 1 .9239 -.3827 0 .9239 0 1 1 -.7071 1 .7071

5 24 -.7071 1 .7071 -.7071 0 .7071 -.3827 1 .9239 -.9239 1 .3827

5 24 -.9239 1 .3827 -.9239 0 .3827 -.7071 1 .7071 -1 1 0

5 24 -1 1 0 -1 0 0 -.9239 1 .3827 -.9239 1 -.3827

5 24 -.9239 1 -.3827 -.9239 0 -.3827 -1 1 0 -.7071 1 -.7071

5 24 -.7071 1 -.7071 -.7071 0 -.7071 -.9239 1 -.3827 -.4142 1 -1

0

0 NOFILE

0 FILE 3-4ring3.dat
0 Ring  3 x 0.75

0 Name: 3-4ring3.dat

0 Author: Willy Tschager [Holly-Wood]

0 !LDRAW_ORG Primitive UPDATE 2024-01

0 !LICENSE Licensed under CC BY 4.0 : see CAreadme.txt



0 BFC CERTIFY CCW



0 !HISTORY 2003-06-11 [pneaster] Corrected Values

0 !HISTORY 2004-11-06 [PTadmin] Official Update 2004-04

0 !HISTORY 2007-06-24 [PTadmin] Header formatted for Contributor Agreement

0 !HISTORY 2008-07-01 [PTadmin] Official Update 2008-01

0 !HISTORY 2012-02-16 [Philo] Changed to CCW

0 !HISTORY 2012-03-30 [PTadmin] Official Update 2012-01

0 !HISTORY 2024-01-14 [Holly-Wood] Complete regeneration, original by cavehop

0 !HISTORY 2024-01-29 [OrionP] Official Update 2024-01



4 16 4 0 0 3.6956 0 1.5308 2.7717 0 1.1481 3 0 0

4 16 3.6956 0 1.5308 2.8284 0 2.8284 2.1213 0 2.1213 2.7717 0 1.1481

4 16 2.8284 0 2.8284 1.5308 0 3.6956 1.1481 0 2.7717 2.1213 0 2.1213

4 16 1.5308 0 3.6956 0 0 4 0 0 3 1.1481 0 2.7717

4 16 0 0 4 -1.5308 0 3.6956 -1.1481 0 2.7717 0 0 3

4 16 -1.5308 0 3.6956 -2.8284 0 2.8284 -2.1213 0 2.1213 -1.1481 0 2.7717

4 16 -2.8284 0 2.8284 -3.6956 0 1.5308 -2.7717 0 1.1481 -2.1213 0 2.1213

4 16 -3.6956 0 1.5308 -4 0 0 -3 0 0 -2.7717 0 1.1481

4 16 -4 0 0 -3.6956 0 -1.5308 -2.7717 0 -1.1481 -3 0 0

4 16 -3.6956 0 -1.5308 -2.8284 0 -2.8284 -2.1213 0 -2.1213 -2.7717 0 -1.1481

4 16 -2.8284 0 -2.8284 -1.5308 0 -3.6956 -1.1481 0 -2.7717 -2.1213 0 -2.1213

4 16 -1.5308 0 -3.6956 0 0 -4 0 0 -3 -1.1481 0 -2.7717

0 // Build by LDPartEditor (PrimGen 2.X)

0 NOFILE

0 FILE 2-4ndis.dat
0 Disc Negative 0.5

0 Name: 2-4ndis.dat

0 Author: James Jessiman

0 !LDRAW_ORG Primitive UPDATE 2012-01

0 !LICENSE Licensed under CC BY 4.0 : see CAreadme.txt



0 BFC CERTIFY CCW



0 !HISTORY 2002-03-23 [sbliss] Added BFC statement; compacted code

0 !HISTORY 2002-04-25 [PTadmin] Official Update 2002-02

0 !HISTORY 2007-06-24 [PTadmin] Header formatted for Contributor Agreement

0 !HISTORY 2008-07-01 [PTadmin] Official Update 2008-01

0 !HISTORY 2012-02-16 [Philo] Changed to CCW

0 !HISTORY 2012-03-30 [PTadmin] Official Update 2012-01





3 16 0.9239 0 0.3827 1 0 0 1 0 1

3 16 0.7071 0 0.7071 0.9239 0 0.3827 1 0 1

3 16 0.3827 0 0.9239 0.7071 0 0.7071 1 0 1

3 16 0 0 1 0.3827 0 0.9239 1 0 1

3 16 -0.3827 0 0.9239 0 0 1 -1 0 1

3 16 -0.7071 0 0.7071 -0.3827 0 0.9239 -1 0 1

3 16 -0.9239 0 0.3827 -0.7071 0 0.7071 -1 0 1

3 16 -1 0 0 -0.9239 0 0.3827 -1 0 1

0 NOFILE

0 FILE 1-4cyls2.dat
0 Cylinder Sloped 0.25 Convex

0 Name: 1-4cyls2.dat

0 Author: Chris Dee [cwdee]

0 !LDRAW_ORG Primitive UPDATE 2012-01

0 !LICENSE Licensed under CC BY 4.0 : see CAreadme.txt



0 BFC CERTIFY CCW



0 !HISTORY 1999-02-01 [PTadmin] Official Update 1999-01

0 !HISTORY 2002-07-03 [sbliss] Added BFC statement, reformatted title to fit 0.27 convention

0 !HISTORY 2002-08-18 [PTadmin] Official Update 2002-04

0 !HISTORY 2007-06-22 [PTadmin] Header formatted for Contributor Agreement

0 !HISTORY 2008-07-01 [PTadmin] Official Update 2008-01

0 !HISTORY 2012-02-16 [Philo] Changed to CCW

0 !HISTORY 2012-03-30 [PTadmin] Official Update 2012-01





3 16 -0.3827 0.3827 0.9239 -0.3827 0 0.9239 0 0 1

4 16 -0.3827 0.3827 0.9239 -0.7071 0.7071 0.7071 -0.7071 0 0.7071 -0.3827 0 0.9239

4 16 -0.7071 0.7071 0.7071 -0.9239 0.9239 0.3827 -0.9239 0 0.3827 -0.7071 0 0.7071

4 16 -0.9239 0.9239 0.3827 -1 1 0 -1 0 0 -0.9239 0 0.3827



5 24 -0.3827 0 0.9239 -0.3827 0.3827 0.9239 -0.7071 0 0.7071 0 0 1

5 24 -0.7071 0 0.7071 -0.7071 0.7071 0.7071 -0.9239 0 0.3827 -0.3827 0 0.9239

5 24 -0.9239 0 0.3827 -0.9239 0.9239 0.3827 -1 0 0 -0.7071 0 0.7071

5 24 -1 0 0 -1 1 0 -1 0 -1 -0.9239 0 0.3827

0 NOFILE

0 FILE 2-4disc.dat
0 Disc 0.5

0 Name: 2-4disc.dat

0 Author: James Jessiman

0 !LDRAW_ORG Primitive UPDATE 2002-02

0 !LICENSE Licensed under CC BY 4.0 : see CAreadme.txt



0 BFC CERTIFY CCW



0 !HISTORY 1998-12-15 [PTadmin] Official Update 1998-10

0 !HISTORY 2002-03-23 [sbliss] Added BFC statement

0 !HISTORY 2002-04-25 [PTadmin] Official Update 2002-02

0 !HISTORY 2007-06-24 [PTadmin] Header formatted for Contributor Agreement

0 !HISTORY 2008-07-01 [PTadmin] Official Update 2008-01





3 16 0 0 0 1 0 0 0.9239 0 0.3827

3 16 0 0 0 0.9239 0 0.3827 0.7071 0 0.7071

3 16 0 0 0 0.7071 0 0.7071 0.3827 0 0.9239

3 16 0 0 0 0.3827 0 0.9239 0 0 1

3 16 0 0 0 0 0 1 -0.3827 0 0.9239

3 16 0 0 0 -0.3827 0 0.9239 -0.7071 0 0.7071

3 16 0 0 0 -0.7071 0 0.7071 -0.9239 0 0.3827

3 16 0 0 0 -0.9239 0 0.3827 -1 0 -0

0

0 NOFILE

0 FILE 3005.dat
0 Brick  1 x  1

0 Name: 3005.dat

0 Author: James Jessiman

0 !LDRAW_ORG Part UPDATE 2022-05

0 !LICENSE Licensed under CC BY 4.0 : see CAreadme.txt



0 BFC CERTIFY CCW



0 !HISTORY 2001-10-26 [PTadmin] Official Update 2001-01

0 !HISTORY 2002-05-07 {unknown} BFC Certification

0 !HISTORY 2002-06-11 [PTadmin] Official Update 2002-03

0 !HISTORY 2007-05-07 [PTadmin] Header formatted for Contributor Agreement

0 !HISTORY 2008-07-01 [PTadmin] Official Update 2008-01

0 !HISTORY 2022-08-04 [MagFors] Using subfile

0 !HISTORY 2022-09-15 [PTadmin] Official Update 2022-05





1 16 0 0 0 1 0 0 0 1 0 0 0 1 s__3005s01.dat

4 16 -10 24 -10 10 24 -10 10 0 -10 -10 0 -10

0 NOFILE

0 FILE s__3005s01.dat
0 ~Brick  1 x  1 without Front Face

0 Name: s\3005s01.dat

0 Author: Willy Tschager [Holly-Wood]

0 !LDRAW_ORG Subpart UPDATE 2024-04

0 !LICENSE Licensed under CC BY 4.0 : see CAreadme.txt



0 BFC CERTIFY CCW



0 !HISTORY 2003-09-07 [jriley] BFCed & Subfiled

0 !HISTORY 2004-03-02 [PTadmin] Official Update 2004-01

0 !HISTORY 2007-08-29 [PTadmin] Header formatted for Contributor Agreement

0 !HISTORY 2008-07-01 [PTadmin] Official Update 2008-01

0 !HISTORY 2024-03-15 [Holly-Wood] Complete re-write, original by jriley

0 !HISTORY 2024-05-28 [OrionP] Official Update 2024-04



1 16 0 0 0 0 0 1 0 1 0 -1 0 0 stud.dat

1 16 0 24 0 -10 0 0 0 -24 0 0 0 10 box4t.dat

0 BFC INVERTNEXT

1 16 0 24 0 -6 0 0 0 -20 0 0 0 6 box5.dat



4 16 -6 24 -6 6 24 -6 10 24 -10 -10 24 -10

4 16 10 24 -10 6 24 -6 6 24 6 10 24 10

4 16 6 24 6 -6 24 6 -10 24 10 10 24 10

4 16 -10 24 10 -6 24 6 -6 24 -6 -10 24 -10

0 NOFILE

0 FILE 4733.dat
0 Brick  1 x  1 with Studs on Four Sides

0 Name: 4733.dat

0 Author: James Jessiman

0 !LDRAW_ORG Part UPDATE 2024-01

0 !LICENSE Licensed under CC BY 4.0 : see CAreadme.txt



0 BFC CERTIFY CCW



0 !KEYWORDS Travis Brick



0 !HISTORY 1998-06-20 [PTadmin] Official Update 1998-06

0 !HISTORY 2003-06-08 [jriley] BFC compliant

0 !HISTORY 2003-12-19 [PTadmin] Official Update 2003-03

0 !HISTORY 2004-07-24 [cwdee] Add "Four" to part title

0 !HISTORY 2004-11-06 [PTadmin] Official Update 2004-04

0 !HISTORY 2007-07-08 [PTadmin] Header formatted for Contributor Agreement

0 !HISTORY 2008-07-01 [PTadmin] Official Update 2008-01

0 !HISTORY 2023-04-08 [MagFors] Unmirrored stud primitives

0 !HISTORY 2024-01-29 [OrionP] Official Update 2024-01



1 16 0 12 0 10 0 0 0 12 0 0 0 10 box0.dat

1 16 0 14 0 6 0 0 0 10 0 0 0 6 box0.dat



1 16 0 4 0 4 0 0 0 -1 0 0 0 4 4-4edge.dat

1 16 6 10 0 0 -1 0 4 0 0 0 0 4 4-4edge.dat

1 16 0 10 -6 4 0 0 0 0 4 0 -1 0 4-4edge.dat

1 16 -6 10 0 0 1 0 4 0 0 0 0 4 4-4edge.dat

1 16 0 10 6 4 0 0 0 0 4 0 1 0 4-4edge.dat



1 16 0 0 0 6 0 0 0 1 0 0 0 6 4-4edge.dat

1 16 10 10 0 0 1 0 6 0 0 0 0 6 4-4edge.dat

1 16 0 10 -10 6 0 0 0 0 6 0 1 0 4-4edge.dat

1 16 -10 10 0 0 1 0 6 0 0 0 0 6 4-4edge.dat

1 16 0 10 10 6 0 0 0 0 6 0 1 0 4-4edge.dat



1 16 0 4 0 4 0 0 0 -1 0 0 0 4 4-4ndis.dat

1 16 6 10 0 0 1 0 4 0 0 0 0 4 4-4ndis.dat

1 16 0 10 -6 -4 0 0 0 0 4 0 -1 0 4-4ndis.dat

1 16 -6 10 0 0 -1 0 4 0 0 0 0 -4 4-4ndis.dat

1 16 0 10 6 4 0 0 0 0 4 0 1 0 4-4ndis.dat



1 16 0 0 0 6 0 0 0 1 0 0 0 6 4-4ndis.dat

1 16 10 10 0 0 -1 0 6 0 0 0 0 -6 4-4ndis.dat

1 16 0 10 -10 6 0 0 0 0 6 0 1 0 4-4ndis.dat

1 16 -10 10 0 0 1 0 6 0 0 0 0 6 4-4ndis.dat

1 16 0 10 10 -6 0 0 0 0 6 0 -1 0 4-4ndis.dat



0 BFC INVERTNEXT

1 16 0 0 0 4 0 0 0 4 0 0 0 4 4-4cyli.dat

0 BFC INVERTNEXT

1 16 10 10 0 0 -4 0 4 0 0 0 0 4 4-4cyli.dat

0 BFC INVERTNEXT

1 16 0 10 -10 4 0 0 0 0 4 0 4 0 4-4cyli.dat

0 BFC INVERTNEXT

1 16 -10 10 0 0 4 0 4 0 0 0 0 4 4-4cyli.dat

0 BFC INVERTNEXT

1 16 0 10 10 4 0 0 0 0 4 0 -4 0 4-4cyli.dat



4 16 10 24 10 6 24 6 -6 24 6 -10 24 10

4 16 -10 24 10 -6 24 6 -6 24 -6 -10 24 -10

4 16 -10 24 -10 -6 24 -6 6 24 -6 10 24 -10

4 16 10 24 -10 6 24 -6 6 24 6 10 24 10

4 16 6 4 6 4 4 4 -4 4 4 -6 4 6

4 16 -6 4 6 -4 4 4 -4 4 -4 -6 4 -6

4 16 -6 4 -6 -4 4 -4 4 4 -4 6 4 -6

4 16 6 4 -6 4 4 -4 4 4 4 6 4 6

4 16 -10 0 10 -6 0 6 6 0 6 10 0 10

4 16 -10 0 -10 -6 0 -6 -6 0 6 -10 0 10

4 16 10 0 -10 6 0 -6 -6 0 -6 -10 0 -10

4 16 10 0 10 6 0 6 6 0 -6 10 0 -10

4 16 -10 24 10 -6 16 10 6 16 10 10 24 10

4 16 -10 24 10 -10 0 10 -6 4 10 -6 16 10

4 16 10 0 10 6 4 10 -6 4 10 -10 0 10

4 16 10 0 10 10 24 10 6 16 10 6 4 10

4 16 6 24 6 4 14 6 -4 14 6 -6 24 6

4 16 -6 24 6 -4 14 6 -4 6 6 -6 4 6

4 16 -6 4 6 -4 6 6 4 6 6 6 4 6

4 16 6 4 6 4 6 6 4 14 6 6 24 6

4 16 -6 24 -6 -4 14 -6 4 14 -6 6 24 -6

4 16 6 24 -6 4 14 -6 4 6 -6 6 4 -6

4 16 6 4 -6 4 6 -6 -4 6 -6 -6 4 -6

4 16 -6 4 -6 -4 6 -6 -4 14 -6 -6 24 -6

4 16 10 24 -10 6 16 -10 -6 16 -10 -10 24 -10

4 16 -10 24 -10 -6 16 -10 -6 4 -10 -10 0 -10

4 16 -10 0 -10 -6 4 -10 6 4 -10 10 0 -10

4 16 10 0 -10 6 4 -10 6 16 -10 10 24 -10

4 16 10 24 10 10 16 6 10 16 -6 10 24 -10

4 16 10 24 -10 10 16 -6 10 4 -6 10 0 -10

4 16 10 0 -10 10 4 -6 10 4 6 10 0 10

4 16 10 0 10 10 4 6 10 16 6 10 24 10

4 16 6 24 -6 6 14 -4 6 14 4 6 24 6

4 16 6 24 6 6 14 4 6 6 4 6 4 6

4 16 6 4 6 6 6 4 6 6 -4 6 4 -6

4 16 6 4 -6 6 6 -4 6 14 -4 6 24 -6

4 16 -6 24 6 -6 14 4 -6 14 -4 -6 24 -6

4 16 -6 24 -6 -6 14 -4 -6 6 -4 -6 4 -6

4 16 -6 4 -6 -6 6 -4 -6 6 4 -6 4 6

4 16 -6 4 6 -6 6 4 -6 14 4 -6 24 6

4 16 -10 24 -10 -10 16 -6 -10 16 6 -10 24 10

4 16 -10 24 -10 -10 0 -10 -10 4 -6 -10 16 -6

4 16 -10 0 10 -10 4 6 -10 4 -6 -10 0 -10

4 16 -10 0 10 -10 24 10 -10 16 6 -10 4 6



1 16 0 0 0 1 0 0 0 1 0 0 0 1 stud2a.dat

1 16 10 10 0 0 -1 0 1 0 0 0 0 1 stud2a.dat

1 16 0 10 -10 0 0 1 1 0 0 0 1 0 stud2a.dat

1 16 -10 10 0 0 1 0 1 0 0 0 0 -1 stud2a.dat

1 16 0 10 10 0 0 -1 1 0 0 0 -1 0 stud2a.dat

0 NOFILE

0 FILE box0.dat
0 Box with 0 Faces and All Edges

0 Name: box0.dat

0 Author: Santeri Piippo [arezey]

0 !LDRAW_ORG Primitive UPDATE 2010-02

0 !LICENSE Licensed under CC BY 4.0 : see CAreadme.txt



0 BFC CERTIFY CCW



0 !HISTORY 2010-07-05 [PTadmin] Official Update 2010-02





2 24 -1 1 -1 1 1 -1

2 24 -1 -1 -1 1 -1 -1

2 24 1 1 1 1 1 -1

2 24 1 -1 1 1 -1 -1

2 24 -1 1 1 -1 1 -1

2 24 -1 -1 1 -1 -1 -1

2 24 1 1 1 -1 1 1

2 24 1 -1 1 -1 -1 1

2 24 1 -1 1 1 1 1

2 24 -1 -1 1 -1 1 1

2 24 -1 -1 -1 -1 1 -1

2 24 1 -1 -1 1 1 -1

0 //

0 NOFILE

0 FILE 5404.dat
0 Slope Brick 18  2 x  1 x  0.667

0 Name: 5404.dat

0 Author: Gerald Lasser [GeraldLasser]

0 !LDRAW_ORG Part UPDATE 2025-09

0 !LICENSE Licensed under CC BY 4.0 : see CAreadme.txt



0 BFC CERTIFY CCW



0 !HISTORY 2024-03-04 {LEGO Instructions App} Original part shape

0 !HISTORY 2024-03-04 [GeraldLasser] File preparation for LDraw Parts Tracker

0 !HISTORY 2025-09-29 [OrionP] Official Update 2025-09



1 16 0 0 0 1 0 0 0 1 0 0 0 1 s__5404s01.dat

4 16 -10 -4 -20 10 -4 -20 10 -13.3 11 -10 -13.3 11

4 16 -7.5 -15.8 19.34 -10 -13.3 11 10 -13.3 11 7.5 -15.8 19.34
0 NOFILE

0 FILE s__5404s01.dat
0 ~Slope Brick 18  2 x  1 x  0.667 without Top Surfaces

0 Name: s\5404s01.dat

0 Author: Gerald Lasser [GeraldLasser]

0 !LDRAW_ORG Subpart UPDATE 2025-09

0 !LICENSE Licensed under CC BY 4.0 : see CAreadme.txt



0 BFC CERTIFY CCW



0 !HISTORY 2025-09-29 [OrionP] Official Update 2025-09



0 // Bottom

4 16 6 0 16 -6 0 16 -9 0 19 9 0 19

4 16 -6 0 -16 6 0 -16 9 0 -19 -9 0 -19

4 16 6 0 -16 6 0 16 9 0 19 9 0 -19

4 16 -6 0 16 -6 0 -16 -9 0 -19 -9 0 19

2 24 6 0 16 6 0 -16

2 24 -6 0 -16 -6 0 16

1 16 0 -1 0 0 0 -9 0 1 0 19 0 0 box4.dat

4 16 9 -1 19 -9 -1 19 -10 -1 20 10 -1 20

4 16 -9 -1 -19 9 -1 -19 10 -1 -20 -10 -1 -20

4 16 9 -1 -19 9 -1 19 10 -1 20 10 -1 -20

4 16 -9 -1 19 -9 -1 -19 -10 -1 -20 -10 -1 20

1 16 0 -1 0 10 0 0 0 1 0 0 0 20 recte4.dat



1 16 0 -1.68 -16 -6 0 0 0 0 -1.68 0 -1 0 rect.dat

1 16 0 -5 -10 6 0 0 0 -1 1.64 0 0 -6 2-4edge.dat

1 16 0 -5 -10 6 0 0 0 -1 1.64 0 0 -6 2-4ndis.dat

0 BFC INVERTNEXT

1 16 0 -5 -10 0 0 -6 0 1.68 0 6 0 0 1-4cyls2.dat

0 BFC INVERTNEXT

1 16 0 -5 -10 0 0 6 0 1.68 0 6 0 0 1-4cyls2.dat

1 16 0 -5 -10 6 0 0 0 -1 0 0 0 -6 2-4chrd.dat

1 16 0 -5 -10 6 0 0 0 -1 0 0 0 -6 2-4edge.dat

2 24 -6 -3.36 -16 -6 -5 -10

2 24 6 -3.36 -16 6 -5 -10

1 16 0 -8.10205 4.6422 6 0 0 0 -1 3.10205 0 0 -11.3578 rect3.dat

1 16 0 -5 -8.3578 0 0 -6 0 -1 0 -1.6422 0 0 rect2p.dat

1 16 0 -5.60205 16 0 0 6 5.60205 0 0 0 1 0 rect.dat

4 16 -6 -5 -10 -6 -3.36 -16 -6 0 -16 -6 -5 -6.7156

4 16 -6 -11.2041 16 -6 -5 -6.7156 -6 0 -16 -6 0 16

4 16 6 0 -16 6 -3.36 -16 6 -5 -10 6 -5 -6.7156

4 16 6 0 16 6 0 -16 6 -5 -6.7156 6 -11.2041 16



1 16 0 -5.7416 0 1 0 0 0 -1.4354 0 0 0 1 stud3a.dat

1 16 0 -5.7416 0 0 0 4 0 -1.0925 0 -4 0 0 4-4cyls.dat

1 16 0 -6.8342 0 0 0 4 1.0925 1 0 -4 0 0 4-4edge.dat



0 // Outside

1 16 0 -2.5 -20 10 0 0 0 0 -1.5 0 1 0 rect3.dat

4 16 10 -13.3 11 10 -4 -20 10 -1 -20 10 -1 20

3 16 10 -1 20 10 -13.3 19.34 10 -13.3 11

3 16 10 -13.3 19.34 10 -1 20 10 -13.3 20

2 24 10 -13.3 11 10 -4 -20

1 16 7.5 -13.3 19.34 0 0 2.5 -2.5 0 0 0 -8.34 0 1-4cyls.dat

1 16 7.5 -13.3 20 0 0 2.5 -2.5 0 0 0 -.66 0 1-4cyli.dat

1 16 7.5 -13.3 20 0 0 2.5 -2.5 0 0 0 -1 0 1-4edge.dat

1 16 7.5 -13.3 20 0 0 2.5 -2.5 0 0 0 -1 0 1-4chrd.dat

1 16 7.5 -13.3 11 0 0 2.5 -2.5 0 0 8.34 1 0 1-4edge.dat

1 16 7.5 -13.3 11 0 0 2.5 -2.5 0 0 8.34 1 0 1-4chrd.dat

4 16 -10 -1 -20 -10 -4 -20 -10 -13.3 11 -10 -1 20

3 16 -10 -13.3 19.34 -10 -1 20 -10 -13.3 11

3 16 -10 -1 20 -10 -13.3 19.34 -10 -13.3 20

2 24 -10 -4 -20 -10 -13.3 11

1 16 -7.5 -13.3 19.34 0 0 -2.5 -2.5 0 0 0 -8.34 0 1-4cyls.dat

1 16 -7.5 -13.3 20 0 0 -2.5 -2.5 0 0 0 -.66 0 1-4cyli.dat

1 16 -7.5 -13.3 20 0 0 -2.5 -2.5 0 0 0 -1 0 1-4edge.dat

1 16 -7.5 -13.3 20 0 0 -2.5 -2.5 0 0 0 -1 0 1-4chrd.dat

1 16 -7.5 -13.3 11 0 0 -2.5 -2.5 0 0 8.34 1 0 1-4edge.dat

1 16 -7.5 -13.3 11 0 0 -2.5 -2.5 0 0 8.34 1 0 1-4chrd.dat

4 16 10 -13.3 20 -10 -13.3 20 -7.5 -15.8 20 7.5 -15.8 20

1 16 0 -7.15 20 0 0 -10 6.15 0 0 0 -1 0 rect2p.dat

1 16 0 -15.8 19.67 -7.5 0 0 0 1 0 0 0 -.33 rect2p.dat
0 NOFILE

0 FILE 85861.dat
0 Plate  1 x  1 Round with Open Stud

0 Name: 85861.dat

0 Author: Magnus Forsberg [MagFors]

0 !LDRAW_ORG Part UPDATE 2025-09

0 !LICENSE Licensed under CC BY 4.0 : see CAreadme.txt



0 BFC CERTIFY CCW



0 !HISTORY 2010-04-05 [PTadmin] Official Update 2010-01

0 !HISTORY 2025-09-27 [OrionP] Changed winding to CCW

0 !HISTORY 2025-09-29 [OrionP] Official Update 2025-09



1 16 0 3 0 -1 0 0 0 -1.25 0 0 0 1 stud4.dat

1 16 0 3 0 4 0 0 0 1 0 0 0 4 4-4edge.dat

1 16 0 3 0 -2 0 0 0 -1 0 0 0 2 4-4ring2.dat

1 16 0 3 0 10 0 0 0 1 0 0 0 10 4-4edge.dat

1 16 0 3 0 -2 0 0 0 -1 0 0 0 2 4-4ring4.dat

1 16 0 0 0 10 0 0 0 1 0 0 0 10 4-4edge.dat

1 16 0 0 0 10 0 0 0 3 0 0 0 10 4-4cyli.dat

1 16 0 0 0 6 0 0 0 1 0 0 0 6 4-4edge.dat

1 16 0 0 0 2 0 0 0 1 0 0 0 2 4-4ring4.dat

1 16 0 0 0 2 0 0 0 1 0 0 0 2 4-4ring3.dat

0 BFC INVERTNEXT

1 16 0 0 0 4 0 0 0 3 0 0 0 4 4-4cyli.dat

1 16 0 0 0 1 0 0 0 1 0 0 0 1 stud2a.dat
0 NOFILE

0 FILE 3794b.dat
0 Plate  1 x  2 with Groove with 1 Centre Stud

0 Name: 3794b.dat

0 Author: Magnus Forsberg [MagFors]

0 !LDRAW_ORG Part UPDATE 2011-02

0 !LICENSE Licensed under CC BY 4.0 : see CAreadme.txt



0 BFC CERTIFY CCW



0 !KEYWORDS jumper, offset, spacer, tile



0 !HISTORY 2011-12-29 [PTadmin] Official Update 2011-02





1 16 0 4 0 1 0 0 0 -1 0 0 0 1 stud3.dat

0 BFC INVERTNEXT

1 16 0 8 0 16 0 0 0 -4 0 0 0 6 box5.dat

4 16 19 8 9 16 8 6 -16 8 6 -19 8 9

4 16 -19 8 9 -16 8 6 -16 8 -6 -19 8 -9

4 16 -19 8 -9 -16 8 -6 16 8 -6 19 8 -9

4 16 19 8 -9 16 8 -6 16 8 6 19 8 9

1 16 0 8 0 19 0 0 0 -1 0 0 0 9 box4.dat

4 16 20 7 10 19 7 9 -19 7 9 -20 7 10

4 16 -20 7 10 -19 7 9 -19 7 -9 -20 7 -10

4 16 -20 7 -10 -19 7 -9 19 7 -9 20 7 -10

4 16 20 7 -10 19 7 -9 19 7 9 20 7 10

1 16 0 7 0 20 0 0 0 -7 0 0 0 10 box5.dat

1 16 0 0 0 1 0 0 0 1 0 0 0 1 stud2.dat

0 NOFILE

0 FILE 11610.dat
0 Cone  1 x  1 Inverted with Shaft

0 Name: 11610.dat

0 Author: Owen Burgoyne [C3POwen]

0 !LDRAW_ORG Part UPDATE 2013-01

0 !LICENSE Licensed under CC BY 4.0 : see CAreadme.txt



0 !HELP Centre of shaft at +Y 26

0 !HELP Central hole narrows at +Y 14.5



0 BFC CERTIFY CCW



0 !KEYWORDS Friends, ice cream cone



0 !HISTORY 2013-07-21 [PTadmin] Official Update 2013-01





1 16 0 32.5 0 4 0 0 0 -13 0 0 0 -4 4-4cylc.dat

1 16 0 19.5 0 1 0 0 0 -1 0 0 0 -1 4-4ring4.dat

1 16 0 19.5 0 5 0 0 0 1 0 0 0 5 4-4edge.dat

1 16 0 19.5 0 1 0 0 0 1 0 0 0 1 4-4disc.dat

1 16 0 19.5 0 1 0 0 0 1 0 0 0 1 4-4edge.dat

0 BFC INVERTNEXT

1 16 0 18.5 0 0.5 0 0 0 1 0 0 0 0.5 4-4con2.dat

0 BFC INVERTNEXT

1 16 0 15.5 0 1.5 0 0 0 3 0 0 0 1.5 4-4con1.dat

0 BFC INVERTNEXT

1 16 0 14.5 0 0.5 0 0 0 1 0 0 0 0.5 4-4con6.dat

1 16 0 14.5 0 3.5 0 0 0 1 0 0 0 3.5 4-4edge.dat

0 BFC INVERTNEXT

1 16 0 0 0 3.5 0 0 0 14.5 0 0 0 3.5 4-4cyli.dat

1 16 0 0 0 3.5 0 0 0 1 0 0 0 3.5 4-4edge.dat

1 16 0 0 0 5 0 0 0 19.5 0 0 0 5 4-4con1.dat

1 16 0 0 0 10 0 0 0 1 0 0 0 10 4-4edge.dat

1 16 0 0 0 0.5 0 0 0 1 0 0 0 0.5 4-4ring7.dat

1 16 0 0 0 2 0 0 0 1 0 0 0 2 4-4ring3.dat

1 16 0 0 0 2 0 0 0 1 0 0 0 2 4-4ring4.dat

1 16 0 0 0 1 0 0 0 1 0 0 0 1 stud2a.dat

1 16 0 0 0 4 0 0 0 1 0 0 0 4 4-4edge.dat

1 16 0 0 0 6 0 0 0 1 0 0 0 6 4-4edge.dat

0 NOFILE

0 FILE 4-4ring7.dat
0 Ring  7 x 1.0

0 Name: 4-4ring7.dat

0 Author: James Jessiman

0 !LDRAW_ORG Primitive UPDATE 2009-01

0 !LICENSE Licensed under CC BY 4.0 : see CAreadme.txt



0 BFC CERTIFY CCW



0 !HISTORY 1998-12-15 [PTadmin] Official Update 1998-10

0 !HISTORY 2002-04-05 [hafhead] Added BFC statement

0 !HISTORY 2002-04-25 [PTadmin] Official Update 2002-02

0 !HISTORY 2007-06-24 [PTadmin] Header formatted for Contributor Agreement

0 !HISTORY 2008-07-01 [PTadmin] Official Update 2008-01

0 !HISTORY 2008-08-26 [cwdee] Switch polygon winding and rename

0 !HISTORY 2009-05-02 [PTadmin] Official Update 2009-01





4 16 -3.0616 0 7.3912 -2.6789 0 6.4673 0 0 7 0 0 8

4 16 -5.6568 0 5.6568 -4.9497 0 4.9497 -2.6789 0 6.4673 -3.0616 0 7.3912

4 16 -7.3912 0 3.0616 -6.4673 0 2.6789 -4.9497 0 4.9497 -5.6568 0 5.6568

4 16 -8 0 0 -7 0 0 -6.4673 0 2.6789 -7.3912 0 3.0616

4 16 -7.3912 0 -3.0616 -6.4673 0 -2.6789 -7 0 0 -8 0 0

4 16 -5.6568 0 -5.6568 -4.9497 0 -4.9497 -6.4673 0 -2.6789 -7.3912 0 -3.0616

4 16 -3.0616 0 -7.3912 -2.6789 0 -6.4673 -4.9497 0 -4.9497 -5.6568 0 -5.6568

4 16 0 0 -8 0 0 -7 -2.6789 0 -6.4673 -3.0616 0 -7.3912

4 16 3.0616 0 -7.3912 2.6789 0 -6.4673 0 0 -7 0 0 -8

4 16 5.6568 0 -5.6568 4.9497 0 -4.9497 2.6789 0 -6.4673 3.0616 0 -7.3912

4 16 7.3912 0 -3.0616 6.4673 0 -2.6789 4.9497 0 -4.9497 5.6568 0 -5.6568

4 16 8 0 0 7 0 0 6.4673 0 -2.6789 7.3912 0 -3.0616

4 16 7.3912 0 3.0616 6.4673 0 2.6789 7 0 0 8 0 0

4 16 5.6568 0 5.6568 4.9497 0 4.9497 6.4673 0 2.6789 7.3912 0 3.0616

4 16 3.0616 0 7.3912 2.6789 0 6.4673 4.9497 0 4.9497 5.6568 0 5.6568

4 16 0 0 8 0 0 7 2.6789 0 6.4673 3.0616 0 7.3912

0

0 NOFILE

0 FILE 4-4con6.dat
0 Cone  6 x 1.0

0 Name: 4-4con6.dat

0 Author: Niels Karsdorp [nielsk]

0 !LDRAW_ORG Primitive UPDATE 2004-04

0 !LICENSE Licensed under CC BY 4.0 : see CAreadme.txt



0 BFC CERTIFY CCW



0 !HISTORY 2004-11-06 [PTadmin] Official Update 2004-04

0 !HISTORY 2007-06-24 [PTadmin] Header formatted for Contributor Agreement

0 !HISTORY 2008-07-01 [PTadmin] Official Update 2008-01





5 24 6 1 0 7 0 0 5.5434 1 2.2962 5.5434 1 -2.2962

5 24 5.5434 1 2.2962 6.4673 0 2.6789 4.2426 1 4.2426 6 1 0

5 24 4.2426 1 4.2426 4.9497 0 4.9497 2.2962 1 5.5434 5.5434 1 2.2962

5 24 2.2962 1 5.5434 2.6789 0 6.4673 0 1 6 4.2426 1 4.2426

5 24 0 1 6 0 0 7 -2.2962 1 5.5434 2.2962 1 5.5434

5 24 -2.2962 1 5.5434 -2.6789 0 6.4673 -4.2426 1 4.2426 0 1 6

5 24 -4.2426 1 4.2426 -4.9497 0 4.9497 -5.5434 1 2.2962 -2.2962 1 5.5434

5 24 -5.5434 1 2.2962 -6.4673 0 2.6789 -6 1 0 -4.2426 1 4.2426

5 24 -6 1 0 -7 0 0 -5.5434 1 -2.2962 -5.5434 1 2.2962

5 24 -5.5434 1 -2.2962 -6.4673 0 -2.6789 -4.2426 1 -4.2426 -6 1 0

5 24 -4.2426 1 -4.2426 -4.9497 0 -4.9497 -2.2962 1 -5.5434 -5.5434 1 -2.2962

5 24 -2.2962 1 -5.5434 -2.6789 0 -6.4673 0 1 -6 -4.2426 1 -4.2426

5 24 0 1 -6 0 0 -7 2.2962 1 -5.5434 -2.2962 1 -5.5434

5 24 2.2962 1 -5.5434 2.6789 0 -6.4673 4.2426 1 -4.2426 0 1 -6

5 24 4.2426 1 -4.2426 4.9497 0 -4.9497 5.5434 1 -2.2962 2.2962 1 -5.5434

5 24 5.5434 1 -2.2962 6.4673 0 -2.6789 6 1 0 4.2426 1 -4.2426



4 16 6 1 0 5.5434 1 2.2962 6.4673 0 2.6789 7 0 0

4 16 5.5434 1 2.2962 4.2426 1 4.2426 4.9497 0 4.9497 6.4673 0 2.6789

4 16 4.2426 1 4.2426 2.2962 1 5.5434 2.6789 0 6.4673 4.9497 0 4.9497

4 16 2.2962 1 5.5434 0 1 6 0 0 7 2.6789 0 6.4673

4 16 0 1 6 -2.2962 1 5.5434 -2.6789 0 6.4673 0 0 7

4 16 -2.2962 1 5.5434 -4.2426 1 4.2426 -4.9497 0 4.9497 -2.6789 0 6.4673

4 16 -4.2426 1 4.2426 -5.5434 1 2.2962 -6.4673 0 2.6789 -4.9497 0 4.9497

4 16 -5.5434 1 2.2962 -6 1 0 -7 0 0 -6.4673 0 2.6789

4 16 -6 1 0 -5.5434 1 -2.2962 -6.4673 0 -2.6789 -7 0 0

4 16 -5.5434 1 -2.2962 -4.2426 1 -4.2426 -4.9497 0 -4.9497 -6.4673 0 -2.6789

4 16 -4.2426 1 -4.2426 -2.2962 1 -5.5434 -2.6789 0 -6.4673 -4.9497 0 -4.9497

4 16 -2.2962 1 -5.5434 0 1 -6 0 0 -7 -2.6789 0 -6.4673

4 16 0 1 -6 2.2962 1 -5.5434 2.6789 0 -6.4673 0 0 -7

4 16 2.2962 1 -5.5434 4.2426 1 -4.2426 4.9497 0 -4.9497 2.6789 0 -6.4673

4 16 4.2426 1 -4.2426 5.5434 1 -2.2962 6.4673 0 -2.6789 4.9497 0 -4.9497

4 16 5.5434 1 -2.2962 6 1 0 7 0 0 6.4673 0 -2.6789



0



0 NOFILE

0 FILE 4-4con1.dat
0 Cone  1 x 1.0

0 Name: 4-4con1.dat

0 Author: Steve Bliss [sbliss]

0 !LDRAW_ORG Primitive UPDATE 2012-01

0 !LICENSE Licensed under CC BY 4.0 : see CAreadme.txt



0 BFC CERTIFY CCW



0 !HISTORY 1999-08-19 [sbliss] Renamed 4-4con12.dat to 4-4con1.dat, Moved all conditional lines before quads

0 !HISTORY 2000-05-07 [PTadmin] Official Update 2000-01

0 !HISTORY 2002-12-11 [cwdee] Standardised title and made BFC compliant

0 !HISTORY 2003-08-01 [PTadmin] Official Update 2003-02

0 !HISTORY 2007-06-24 [PTadmin] Header formatted for Contributor Agreement

0 !HISTORY 2008-07-01 [PTadmin] Official Update 2008-01

0 !HISTORY 2012-02-16 [Philo] Changed to CCW, reordered

0 !HISTORY 2012-03-30 [PTadmin] Official Update 2012-01





5 24 1 1 0 2 0 0 0.9239 1 -0.3827 0.9239 1 0.3827

5 24 0.9239 1 0.3827 1.8478 0 0.7654 1 1 0 0.7071 1 0.7071

5 24 0.7071 1 0.7071 1.4142 0 1.4142 0.9239 1 0.3827 0.3827 1 0.9239

5 24 0.3827 1 0.9239 0.7654 0 1.8478 0.7071 1 0.7071 0 1 1

5 24 0 1 1 0 0 2 0.3827 1 0.9239 -0.3827 1 0.9239

5 24 -0.3827 1 0.9239 -0.7654 0 1.8478 0 1 1 -0.7071 1 0.7071

5 24 -0.7071 1 0.7071 -1.4142 0 1.4142 -0.3827 1 0.9239 -0.9239 1 0.3827

5 24 -0.9239 1 0.3827 -1.8478 0 0.7654 -0.7071 1 0.7071 -1 1 0

5 24 -1 1 0 -2 0 0 -0.9239 1 0.3827 -0.9239 1 -0.3827

5 24 -0.9239 1 -0.3827 -1.8478 0 -0.7654 -1 1 0 -0.7071 1 -0.7071

5 24 -0.7071 1 -0.7071 -1.4142 0 -1.4142 -0.9239 1 -0.3827 -0.3827 1 -0.9239

5 24 -0.3827 1 -0.9239 -0.7654 0 -1.8478 -0.7071 1 -0.7071 0 1 -1

5 24 0 1 -1 0 0 -2 -0.3827 1 -0.9239 0.3827 1 -0.9239

5 24 0.3827 1 -0.9239 0.7654 0 -1.8478 0 1 -1 0.7071 1 -0.7071

5 24 0.7071 1 -0.7071 1.4142 0 -1.4142 0.3827 1 -0.9239 0.9239 1 -0.3827

5 24 0.9239 1 -0.3827 1.8478 0 -0.7654 0.7071 1 -0.7071 1 1 0



4 16 2 0 0 1 1 0 0.9239 1 0.3827 1.8478 0 0.7654

4 16 1.8478 0 0.7654 0.9239 1 0.3827 0.7071 1 0.7071 1.4142 0 1.4142

4 16 1.4142 0 1.4142 0.7071 1 0.7071 0.3827 1 0.9239 0.7654 0 1.8478

4 16 0.7654 0 1.8478 0.3827 1 0.9239 0 1 1 0 0 2

4 16 0 0 2 0 1 1 -0.3827 1 0.9239 -0.7654 0 1.8478

4 16 -0.7654 0 1.8478 -0.3827 1 0.9239 -0.7071 1 0.7071 -1.4142 0 1.4142

4 16 -1.4142 0 1.4142 -0.7071 1 0.7071 -0.9239 1 0.3827 -1.8478 0 0.7654

4 16 -1.8478 0 0.7654 -0.9239 1 0.3827 -1 1 0 -2 0 0

4 16 -2 0 0 -1 1 0 -0.9239 1 -0.3827 -1.8478 0 -0.7654

4 16 -1.8478 0 -0.7654 -0.9239 1 -0.3827 -0.7071 1 -0.7071 -1.4142 0 -1.4142

4 16 -1.4142 0 -1.4142 -0.7071 1 -0.7071 -0.3827 1 -0.9239 -0.7654 0 -1.8478

4 16 -0.7654 0 -1.8478 -0.3827 1 -0.9239 0 1 -1 0 0 -2

4 16 0 0 -2 0 1 -1 0.3827 1 -0.9239 0.7654 0 -1.8478

4 16 0.7654 0 -1.8478 0.3827 1 -0.9239 0.7071 1 -0.7071 1.4142 0 -1.4142

4 16 1.4142 0 -1.4142 0.7071 1 -0.7071 0.9239 1 -0.3827 1.8478 0 -0.7654

4 16 1.8478 0 -0.7654 0.9239 1 -0.3827 1 1 0 2 0 0

0 NOFILE

0 FILE 4-4con2.dat
0 Cone  2 x 1.0

0 Name: 4-4con2.dat

0 Author: Willy Tschager [Holly-Wood]

0 !LDRAW_ORG Primitive UPDATE 2024-01

0 !LICENSE Licensed under CC BY 4.0 : see CAreadme.txt



0 BFC CERTIFY CCW



0 !HISTORY 2004-03-02 [PTadmin] Official Update 2004-01

0 !HISTORY 2007-06-24 [PTadmin] Header formatted for Contributor Agreement

0 !HISTORY 2008-07-01 [PTadmin] Official Update 2008-01

0 !HISTORY 2012-02-16 [Philo] Changed to CCW

0 !HISTORY 2012-03-30 [PTadmin] Official Update 2012-01

0 !HISTORY 2024-01-04 [Holly-Wood] Complete regeneration, original by jriley

0 !HISTORY 2024-01-29 [OrionP] Official Update 2024-01



4 16 2 1 0 1.8478 1 0.7654 2.7717 0 1.1481 3 0 0

4 16 1.8478 1 0.7654 1.4142 1 1.4142 2.1213 0 2.1213 2.7717 0 1.1481

4 16 1.4142 1 1.4142 0.7654 1 1.8478 1.1481 0 2.7717 2.1213 0 2.1213

4 16 0.7654 1 1.8478 0 1 2 0 0 3 1.1481 0 2.7717

4 16 0 1 2 -0.7654 1 1.8478 -1.1481 0 2.7717 0 0 3

4 16 -0.7654 1 1.8478 -1.4142 1 1.4142 -2.1213 0 2.1213 -1.1481 0 2.7717

4 16 -1.4142 1 1.4142 -1.8478 1 0.7654 -2.7717 0 1.1481 -2.1213 0 2.1213

4 16 -1.8478 1 0.7654 -2 1 0 -3 0 0 -2.7717 0 1.1481

4 16 -2 1 0 -1.8478 1 -0.7654 -2.7717 0 -1.1481 -3 0 0

4 16 -1.8478 1 -0.7654 -1.4142 1 -1.4142 -2.1213 0 -2.1213 -2.7717 0 -1.1481

4 16 -1.4142 1 -1.4142 -0.7654 1 -1.8478 -1.1481 0 -2.7717 -2.1213 0 -2.1213

4 16 -0.7654 1 -1.8478 0 1 -2 0 0 -3 -1.1481 0 -2.7717

4 16 0 1 -2 0.7654 1 -1.8478 1.1481 0 -2.7717 0 0 -3

4 16 0.7654 1 -1.8478 1.4142 1 -1.4142 2.1213 0 -2.1213 1.1481 0 -2.7717

4 16 1.4142 1 -1.4142 1.8478 1 -0.7654 2.7717 0 -1.1481 2.1213 0 -2.1213

4 16 1.8478 1 -0.7654 2 1 0 3 0 0 2.7717 0 -1.1481

0 // conditional lines

5 24 2 1 0 3 0 0 1.8478 1 -0.7654 1.8478 1 0.7654

5 24 1.8478 1 0.7654 2.7717 0 1.1481 2 1 0 1.4142 1 1.4142

5 24 1.4142 1 1.4142 2.1213 0 2.1213 1.8478 1 0.7654 0.7654 1 1.8478

5 24 0.7654 1 1.8478 1.1481 0 2.7717 1.4142 1 1.4142 0 1 2

5 24 0 1 2 0 0 3 0.7654 1 1.8478 -0.7654 1 1.8478

5 24 -0.7654 1 1.8478 -1.1481 0 2.7717 0 1 2 -1.4142 1 1.4142

5 24 -1.4142 1 1.4142 -2.1213 0 2.1213 -0.7654 1 1.8478 -1.8478 1 0.7654

5 24 -1.8478 1 0.7654 -2.7717 0 1.1481 -1.4142 1 1.4142 -2 1 0

5 24 -2 1 0 -3 0 0 -1.8478 1 0.7654 -1.8478 1 -0.7654

5 24 -1.8478 1 -0.7654 -2.7717 0 -1.1481 -2 1 0 -1.4142 1 -1.4142

5 24 -1.4142 1 -1.4142 -2.1213 0 -2.1213 -1.8478 1 -0.7654 -0.7654 1 -1.8478

5 24 -0.7654 1 -1.8478 -1.1481 0 -2.7717 -1.4142 1 -1.4142 0 1 -2

5 24 0 1 -2 0 0 -3 -0.7654 1 -1.8478 0.7654 1 -1.8478

5 24 0.7654 1 -1.8478 1.1481 0 -2.7717 0 1 -2 1.4142 1 -1.4142

5 24 1.4142 1 -1.4142 2.1213 0 -2.1213 0.7654 1 -1.8478 1.8478 1 -0.7654

5 24 1.8478 1 -0.7654 2.7717 0 -1.1481 1.4142 1 -1.4142 2 1 0

0 // Build by LDPartEditor (PrimGen 2.X)

0 NOFILE

0 FILE 22388.dat
0 Slope Brick 50  1 x  1 x  0.667 Quadruple

0 Name: 22388.dat

0 Author: Magnus Forsberg [MagFors]

0 !LDRAW_ORG Part UPDATE 2016-01

0 !LICENSE Licensed under CC BY 4.0 : see CAreadme.txt



0 BFC CERTIFY CCW



0 !HISTORY 2016-12-31 [PTadmin] Official Update 2016-01





4 16 9 0 9 6 0 6 -6 0 6 -9 0 9

4 16 -9 0 9 -6 0 6 -6 0 -6 -9 0 -9

4 16 -9 0 -9 -6 0 -6 6 0 -6 9 0 -9

4 16 9 0 -9 6 0 -6 6 0 6 9 0 9

1 16 0 -1 0 9 0 0 0 1 0 0 0 9 box4.dat

4 16 10 -1 10 9 -1 9 -9 -1 9 -10 -1 10

4 16 -10 -1 10 -9 -1 9 -9 -1 -9 -10 -1 -10

4 16 -10 -1 -10 -9 -1 -9 9 -1 -9 10 -1 -10

4 16 10 -1 -10 9 -1 -9 9 -1 9 10 -1 10

0 BFC INVERTNEXT

1 16 0 0 0 6 0 0 0 -6 0 0 0 6 box4.dat

1 16 0 -9.5 0 -3 0 0 0 -1 0 0 0 3 rect.dat

2 24 6 -6 6 3 -9.5 3

2 24 -6 -6 6 -3 -9.5 3

2 24 -6 -6 -6 -3 -9.5 -3

2 24 6 -6 -6 3 -9.5 -3

4 16 6 -6 6 3 -9.5 3 -3 -9.5 3 -6 -6 6

4 16 -6 -6 6 -3 -9.5 3 -3 -9.5 -3 -6 -6 -6

4 16 -6 -6 -6 -3 -9.5 -3 3 -9.5 -3 6 -6 -6

4 16 6 -6 -6 3 -9.5 -3 3 -9.5 3 6 -6 6

1 16 0 -1 0 -10 0 0 0 -3 0 0 0 10 box4o4a.dat

1 16 0 -16 0 10 0 10 12 1 12 -10 0 10 triangle.dat

1 16 0 -16 0 -10 0 -10 12 1 12 10 0 -10 triangle.dat

2 24 -10 -4 -10 10 -4 -10

2 24 10 -4 10 -10 -4 10

3 16 0 -16 0 -10 -4 -10 10 -4 -10

3 16 0 -16 0 10 -4 10 -10 -4 10

0 NOFILE

0 FILE triangle.dat
0 Triangle

0 Name: triangle.dat

0 Author: Steffen [Steffen]

0 !LDRAW_ORG Primitive UPDATE 2013-01

0 !LICENSE Licensed under CC BY 4.0 : see CAreadme.txt



0 BFC CERTIFY CCW



0 !HISTORY 2013-07-21 [PTadmin] Official Update 2013-01





3 16 0 0 0 1 0 0 0 0 1

2 24 0 0 0 1 0 0

2 24 1 0 0 0 0 1

2 24 0 0 1 0 0 0

0 NOFILE

0 FILE box4o4a.dat
0 Box with 4 Faces (2 Parallel Pairs) without Bottom Edges

0 Name: box4o4a.dat

0 Author: Donald Sutter [technog]

0 !LDRAW_ORG Primitive UPDATE 2012-01

0 !LICENSE Licensed under CC BY 4.0 : see CAreadme.txt



0 BFC CERTIFY CCW



0 !HISTORY 2003-08-01 [PTadmin] Official Update 2003-02

0 !HISTORY 2007-06-24 [PTadmin] Header formatted for Contributor Agreement

0 !HISTORY 2008-07-01 [PTadmin] Official Update 2008-01

0 !HISTORY 2012-02-16 [Philo] Changed to CCW

0 !HISTORY 2012-03-30 [PTadmin] Official Update 2012-01





2 24 1 0 1 -1 0 1

2 24 -1 0 1 -1 0 -1

2 24 -1 0 -1 1 0 -1

2 24 1 0 -1 1 0 1

2 24 1 0 1 1 1 1

2 24 -1 0 1 -1 1 1

2 24 1 0 -1 1 1 -1

2 24 -1 0 -1 -1 1 -1

4 16 -1 1 1 -1 0 1 1 0 1 1 1 1

4 16 -1 1 -1 -1 0 -1 -1 0 1 -1 1 1

4 16 1 1 -1 1 0 -1 -1 0 -1 -1 1 -1

4 16 1 1 1 1 0 1 1 0 -1 1 1 -1

0 NOFILE

0 FILE 3688.dat
0 Slope Brick 75  2 x  2 x  2 Quadruple Convex

0 Name: 3688.dat

0 Author: James Jessiman

0 !LDRAW_ORG Part UPDATE 2023-05

0 !LICENSE Licensed under CC BY 4.0 : see CAreadme.txt



0 BFC CERTIFY CCW



0 !HISTORY 1998-06-20 [PTadmin] Official Update 1998-06

0 !HISTORY 2002-09-13 [izanette] Modified with WINDZ for BFC compliance

0 !HISTORY 2003-11-05 [Steffen] fixed L3P errors

0 !HISTORY 2003-12-19 [PTadmin] Official Update 2003-03

0 !HISTORY 2007-06-29 [PTadmin] Header formatted for Contributor Agreement

0 !HISTORY 2008-07-01 [PTadmin] Official Update 2008-01

0 !HISTORY 2020-06-04 [Sirio] Updated the use of primitives: removed ringr.dat or ringrr.dat, fixed flat primitives scaled in Y

0 !HISTORY 2021-12-31 [cwdee] Fix minor typo

0 !HISTORY 2023-10-31 [OrionP] Official Update 2023-05





0 // Primitives



0 BFC INVERTNEXT

1 16 0 0 0 4 0 0 0 4 0 0 0 4 4-4cyli.dat

1 16 0 4 0 4 0 0 0 1 0 0 0 4 4-4edge.dat

1 16 0 4 0 2 0 0 0 -1 0 0 0 2 4-4ring2.dat

1 16 0 4 0 6 0 0 0 1 0 0 0 6 4-4edge.dat

0 BFC INVERTNEXT

1 16 0 4 0 6 0 0 0 16 0 0 0 6 4-4cyli.dat

1 16 0 20 0 1 0 0 0 -7 0 0 0 1 stud4a.dat

1 16 0 20 0 0 0 8 0 1 0 8 0 0 3-16edge.dat

1 16 0 20 0 0 0 -8 0 1 0 8 0 0 3-16edge.dat

1 16 0 20 0 0 0 -8 0 1 0 -8 0 0 3-16edge.dat

1 16 0 20 0 0 0 8 0 1 0 -8 0 0 3-16edge.dat

1 16 0 20 0 0 0 8 0 -1 0 8 0 0 3-16ndis.dat

1 16 0 20 0 0 0 -8 0 -1 0 8 0 0 3-16ndis.dat

1 16 0 20 0 0 0 -8 0 -1 0 -8 0 0 3-16ndis.dat

1 16 0 20 0 0 0 8 0 -1 0 -8 0 0 3-16ndis.dat

1 16 0 20 5.5 10 0 0 0 1 0 0 0 4.5 recte3.dat

1 16 0 20 -5.5 10 0 0 0 1 0 0 0 -4.5 recte3.dat

1 16 8 20 0 -1 0 0 0 24 0 0 0 1 boxjcyl4.dat

1 16 -8 20 0 1 0 0 0 24 0 0 0 1 boxjcyl4.dat

1 16 12 44 0 0 0 4 0 -1 0 1 0 0 rect3.dat

1 16 -12 44 0 0 0 -4 0 -1 0 1 0 0 rect3.dat

0 BFC INVERTNEXT

1 16 0 42 0 16 0 0 0 6 0 0 0 16 box4.dat

1 16 0 44 0 20 0 0 0 4 0 0 0 20 box4.dat

1 16 0 0 0 8 0 0 0 1 0 0 0 8 recte4.dat

1 16 0 0 0 6 0 0 0 1 0 0 0 6 4-4ndis.dat

1 16 0 0 0 1 0 0 0 1 0 0 0 1 stud2a.dat

1 16 0 0 0 6 0 0 0 1 0 0 0 6 4-4edge.dat

0 // Faces

4 16 8 44 1 8 20 1 10 20 1 16 42 1

3 16 8 44 1 16 42 1 16 44 1

3 16 8 44 -1 16 44 -1 16 42 -1

4 16 8 44 -1 16 42 -1 10 20 -1 8 20 -1

4 16 -8 44 1 -16 42 1 -10 20 1 -8 20 1

3 16 -8 44 1 -16 44 1 -16 42 1

3 16 -8 44 -1 -16 42 -1 -16 44 -1

4 16 -8 44 -1 -8 20 -1 -10 20 -1 -16 42 -1

4 16 8 20 8 8 20 1 7.80108 20 1 7.3912 20 3.0616

4 16 8 20 8 10 20 10 10 20 1 8 20 1

4 16 8 20 8 -8 20 8 -10 20 10 10 20 10

4 16 -8 20 8 -8 20 1 -10 20 1 -10 20 10

4 16 -8 20 8 -7.3912 20 3.0616 -7.80108 20 1 -8 20 1

4 16 -8 20 -8 -8 20 -1 -7.80108 20 -1 -7.3912 20 -3.0616

4 16 -8 20 -8 -10 20 -10 -10 20 -1 -8 20 -1

4 16 -8 20 -8 8 20 -8 10 20 -10 -10 20 -10

4 16 8 20 -8 8 20 -1 10 20 -1 10 20 -10

4 16 8 20 -8 7.3912 20 -3.0616 7.80108 20 -1 8 20 -1

4 16 10 20 10 16 42 16 16 42 -16 10 20 -10

4 16 10 20 10 -10 20 10 -16 42 16 16 42 16

4 16 -10 20 10 -10 20 -10 -16 42 -16 -16 42 16

4 16 -10 20 -10 10 20 -10 16 42 -16 -16 42 -16

4 16 20 48 20 16 48 16 -16 48 16 -20 48 20

4 16 20 48 20 20 48 -20 16 48 -16 16 48 16

4 16 -20 48 -20 -16 48 -16 16 48 -16 20 48 -20

4 16 -20 48 -20 -20 48 20 -16 48 16 -16 48 -16

4 16 8 0 8 20 44 20 -20 44 20 -8 0 8

4 16 8 0 8 8 0 -8 20 44 -20 20 44 20

4 16 -8 0 -8 -20 44 -20 20 44 -20 8 0 -8

4 16 -8 0 -8 -8 0 8 -20 44 20 -20 44 -20

4 16 8 0 8 -8 0 8 -6 0 6 6 0 6

4 16 8 0 8 6 0 6 6 0 -6 8 0 -8

4 16 -8 0 -8 8 0 -8 6 0 -6 -6 0 -6

4 16 -8 0 -8 -6 0 -6 -6 0 6 -8 0 8

0 // Edges

2 24 7.3912 20 3.0616 7.80108 20 1

2 24 7.80108 20 -1 7.3912 20 -3.0616

2 24 -7.3912 20 3.0616 -7.80108 20 1

2 24 -7.80108 20 -1 -7.3912 20 -3.0616

2 24 10 20 1 16 42 1

2 24 16 42 1 16 44 1

2 24 -10 20 1 -16 42 1

2 24 -16 42 1 -16 44 1

2 24 -10 20 -1 -16 42 -1

2 24 -16 42 -1 -16 44 -1

2 24 10 20 -1 16 42 -1

2 24 16 42 -1 16 44 -1

2 24 10 20 1 8 20 1

2 24 -10 20 1 -8 20 1

2 24 -10 20 -1 -8 20 -1

2 24 10 20 -1 8 20 -1

2 24 10 20 10 16 42 16

2 24 -10 20 10 -16 42 16

2 24 -10 20 -10 -16 42 -16

2 24 10 20 -10 16 42 -16

2 24 8 0 8 20 44 20

2 24 -8 0 8 -20 44 20

2 24 -8 0 -8 -20 44 -20

2 24 8 0 -8 20 44 -20

0 NOFILE

0 FILE boxjcyl4.dat
0 Box to Cylinder Joint 1: 4

0 Name: boxjcyl4.dat

0 Author: Philippe Hurbain [Philo]

0 !LDRAW_ORG Primitive UPDATE 2024-07

0 !LICENSE Licensed under CC BY 4.0 : see CAreadme.txt



0 !HELP stud4 usage

0 !HELP 1 16 10 0 0 1 0 0 0 6 0 0 0 1 stud4.dat

0 !HELP 1 16 10 0 -8 0 0 1.5 0 -20 0 1.5 0 0 boxjcyl4.dat

0 !HELP 1 16 10 0 -12 0 0 -1.5 0 -20 0 4 0 0 box3u5p.dat

0 !HELP stud3 usage

0 !HELP 1 16 -10 0 0 1 0 0 0 6 0 0 0 1 stud3.dat

0 !HELP 1 16 -10 0 -4 0 0 1 0 -20 0 1 0 0 boxjcyl4.dat

0 !HELP 1 16 -10 0 -5 0 0 -1 0 -20 0 1 0 0 box3u5p.dat



0 BFC CERTIFY CCW



0 !HISTORY 2011-12-29 [PTadmin] Official Update 2011-02

0 !HISTORY 2024-07-21 [Sirio] Removed wrong edge primitive, fixed Y-scale and precision of rects

0 !HISTORY 2024-07-29 [OrionP] Official Update 2024-06

0 !HISTORY 2024-08-03 [GeraldLasser] Using an unrotated edge prim for better results in Prim-Substition

0 !HISTORY 2024-08-26 [OrionP] Official Update 2024-07



1 16 .099425 .5 1 0 0 .099425 -.5 0 0 0 -1 0 rect3.dat

1 16 .099425 .5 -1 0 0 .099425 .5 0 0 0 1 0 rect3.dat

3 16 .19885 1 -1 0 1 -1 0 1 0

3 16 0 1 0 0 1 1 .19885 1 1

1 16 2.613 1 0 -2.613 0 0 0 1 0 0 0 2.613 1-16edge.dat

1 16 2.613 1 0 -2.613 0 0 0 1 0 0 0 -2.613 1-16edge.dat

0 NOFILE

0 FILE 3-16ndis.dat
0 Disc Negative 0.1875

0 Name: 3-16ndis.dat

0 Author: Magnus Forsberg [MagFors]

0 !LDRAW_ORG Primitive UPDATE 2024-01

0 !LICENSE Licensed under CC BY 4.0 : see CAreadme.txt



0 BFC CERTIFY CCW



0 !HISTORY 2009-05-02 [PTadmin] Official Update 2009-01

0 !HISTORY 2024-01-03 [MagFors] Complete regeneration, original by guyvivan

0 !HISTORY 2024-01-29 [OrionP] Official Update 2024-01



3 16 1 0 1 0.9239 0 0.3827 1 0 0

3 16 1 0 1 0.7071 0 0.7071 0.9239 0 0.3827

3 16 1 0 1 0.3827 0 0.9239 0.7071 0 0.7071

0 // Build by LDPartEditor (PrimGen 2.X)

0 NOFILE
