0 FILE factory-final-isdf-v3-main.ldr
0 
0 Name:  Factory(Final)[ISDF]V3
0 Author:  
0 CustomBrick
0 FlexibleBrickControlPointUnitLength -1
0 FlexibleBrickLockedControlPoint 
1 7 150.000000 -56.000000 40.000000 0.000000 0.000000 -1.000000 0.000000 1.000000 0.000000 1.000000 0.000000 0.000000 30363.dat
1 7 150.000000 -56.000000 100.000000 0.000000 0.000000 -1.000000 0.000000 1.000000 0.000000 1.000000 0.000000 0.000000 30363.dat
1 7 150.000000 -56.000000 70.000000 0.000000 0.000000 -1.000000 0.000000 1.000000 0.000000 1.000000 0.000000 0.000000 60477.dat
1 8 140.000000 -56.000000 -20.000000 1.000000 0.000000 0.000000 0.000000 1.000000 0.000000 0.000000 0.000000 1.000000 87620.dat
1 8 140.000000 -56.000000 160.000000 0.000000 0.000000 -1.000000 0.000000 1.000000 0.000000 1.000000 0.000000 0.000000 87620.dat
1 8 60.000000 -56.000000 -20.000000 0.000000 0.000000 1.000000 0.000000 1.000000 0.000000 -1.000000 0.000000 0.000000 87620.dat
1 8 130.000000 -56.000000 10.000000 0.000000 0.000000 1.000000 0.000000 1.000000 0.000000 -1.000000 0.000000 0.000000 2357.dat
1 8 70.000000 -56.000000 10.000000 -1.000000 0.000000 0.000000 0.000000 1.000000 0.000000 0.000000 0.000000 -1.000000 2357.dat
1 8 100.000000 -56.000000 -10.000000 0.000000 0.000000 -1.000000 0.000000 1.000000 0.000000 1.000000 0.000000 0.000000 3002.dat
1 8 100.000000 -56.000000 150.000000 0.000000 0.000000 -1.000000 0.000000 1.000000 0.000000 1.000000 0.000000 0.000000 3002.dat
1 8 60.000000 -56.000000 160.000000 -1.000000 0.000000 0.000000 0.000000 1.000000 0.000000 0.000000 0.000000 -1.000000 87620.dat
1 8 130.000000 -56.000000 130.000000 1.000000 0.000000 0.000000 0.000000 1.000000 0.000000 0.000000 0.000000 1.000000 2357.dat
1 8 70.000000 -56.000000 130.000000 0.000000 0.000000 -1.000000 0.000000 1.000000 0.000000 1.000000 0.000000 0.000000 2357.dat
1 7 100.000000 -56.000000 40.000000 1.000000 0.000000 0.000000 0.000000 1.000000 0.000000 0.000000 0.000000 1.000000 3001.dat
1 7 100.000000 -56.000000 100.000000 1.000000 0.000000 0.000000 0.000000 1.000000 0.000000 0.000000 0.000000 1.000000 3001.dat
1 7 110.000000 -56.000000 70.000000 1.000000 0.000000 0.000000 0.000000 1.000000 0.000000 0.000000 0.000000 1.000000 3622.dat
1 8 60.000000 -56.000000 70.000000 1.000000 0.000000 0.000000 0.000000 1.000000 0.000000 0.000000 0.000000 1.000000 3004.dat
1 8 50.000000 -56.000000 100.000000 0.000000 0.000000 -1.000000 0.000000 1.000000 0.000000 1.000000 0.000000 0.000000 3004.dat
1 8 50.000000 -56.000000 40.000000 0.000000 0.000000 -1.000000 0.000000 1.000000 0.000000 1.000000 0.000000 0.000000 3004.dat
1 7 140.000000 -64.000000 70.000000 0.000000 0.000000 -1.000000 0.000000 1.000000 0.000000 1.000000 0.000000 0.000000 26603.dat
1 25 80.000000 -64.000000 170.000000 -1.000000 0.000000 0.000000 0.000000 1.000000 0.000000 0.000000 0.000000 -1.000000 85984.dat
1 25 120.000000 -64.000000 170.000000 -1.000000 0.000000 0.000000 0.000000 1.000000 0.000000 0.000000 0.000000 -1.000000 85984.dat
1 8 100.000000 -64.000000 170.000000 -1.000000 0.000000 0.000000 0.000000 1.000000 0.000000 0.000000 0.000000 -1.000000 3710.dat
1 8 100.000000 -64.000000 -30.000000 -1.000000 0.000000 0.000000 0.000000 1.000000 0.000000 0.000000 0.000000 -1.000000 3710.dat
1 25 80.000000 -64.000000 10.000000 -1.000000 0.000000 0.000000 0.000000 1.000000 0.000000 0.000000 0.000000 -1.000000 85984.dat
1 25 120.000000 -64.000000 10.000000 -1.000000 0.000000 0.000000 0.000000 1.000000 0.000000 0.000000 0.000000 -1.000000 85984.dat
1 25 80.000000 -64.000000 130.000000 1.000000 0.000000 0.000000 0.000000 1.000000 0.000000 0.000000 0.000000 1.000000 85984.dat
1 25 120.000000 -64.000000 130.000000 1.000000 0.000000 0.000000 0.000000 1.000000 0.000000 0.000000 0.000000 1.000000 85984.dat
1 25 80.000000 -64.000000 -30.000000 1.000000 0.000000 0.000000 0.000000 1.000000 0.000000 0.000000 0.000000 1.000000 85984.dat
1 25 120.000000 -64.000000 -30.000000 1.000000 0.000000 0.000000 0.000000 1.000000 0.000000 0.000000 0.000000 1.000000 85984.dat
1 25 150.000000 -64.000000 150.000000 0.000000 0.000000 -1.000000 0.000000 1.000000 0.000000 1.000000 0.000000 0.000000 54200.dat
1 25 150.000000 -64.000000 -10.000000 0.000000 0.000000 -1.000000 0.000000 1.000000 0.000000 1.000000 0.000000 0.000000 54200.dat
1 25 80.000000 -80.000000 -10.000000 1.000000 0.000000 0.000000 0.000000 1.000000 0.000000 0.000000 0.000000 1.000000 3069b.dat
1 25 80.000000 -80.000000 150.000000 1.000000 0.000000 0.000000 0.000000 1.000000 0.000000 0.000000 0.000000 1.000000 3069b.dat
1 8 130.000000 -64.000000 -10.000000 1.000000 0.000000 0.000000 0.000000 1.000000 0.000000 0.000000 0.000000 1.000000 2420.dat
1 8 130.000000 -64.000000 150.000000 0.000000 0.000000 1.000000 0.000000 1.000000 0.000000 -1.000000 0.000000 0.000000 2420.dat
1 8 150.000000 -64.000000 130.000000 1.000000 0.000000 0.000000 0.000000 1.000000 0.000000 0.000000 0.000000 1.000000 3070b.dat
1 8 150.000000 -64.000000 10.000000 1.000000 0.000000 0.000000 0.000000 1.000000 0.000000 0.000000 0.000000 1.000000 3070b.dat
1 7 120.000000 -64.000000 110.000000 1.000000 0.000000 0.000000 0.000000 1.000000 0.000000 0.000000 0.000000 1.000000 2431.dat
1 7 120.000000 -64.000000 30.000000 -1.000000 0.000000 0.000000 0.000000 1.000000 0.000000 0.000000 0.000000 -1.000000 2431.dat
1 7 70.000000 -64.000000 90.000000 1.000000 0.000000 0.000000 0.000000 1.000000 0.000000 0.000000 0.000000 1.000000 14719.dat
1 7 70.000000 -64.000000 50.000000 0.000000 0.000000 1.000000 0.000000 1.000000 0.000000 -1.000000 0.000000 0.000000 14719.dat
1 7 110.000000 -64.000000 70.000000 0.000000 0.000000 -1.000000 0.000000 1.000000 0.000000 1.000000 0.000000 0.000000 63864.dat
1 7 80.000000 -64.000000 70.000000 1.000000 0.000000 0.000000 0.000000 1.000000 0.000000 0.000000 0.000000 1.000000 3069b.dat
1 8 10.000000 -56.000000 150.000000 1.000000 0.000000 0.000000 0.000000 1.000000 0.000000 0.000000 0.000000 1.000000 3622.dat
1 8 10.000000 -56.000000 -10.000000 1.000000 0.000000 0.000000 0.000000 1.000000 0.000000 0.000000 0.000000 1.000000 3622.dat
1 8 90.000000 -64.000000 140.000000 -1.000000 0.000000 0.000000 0.000000 1.000000 0.000000 0.000000 0.000000 -1.000000 3021.dat
1 8 90.000000 -64.000000 0.000000 -1.000000 0.000000 0.000000 0.000000 1.000000 0.000000 0.000000 0.000000 -1.000000 3021.dat
1 8 40.000000 -80.000000 140.000000 0.000000 0.000000 -1.000000 0.000000 1.000000 0.000000 1.000000 0.000000 0.000000 87620.dat
1 8 40.000000 -104.000000 140.000000 0.000000 0.000000 -1.000000 0.000000 1.000000 0.000000 1.000000 0.000000 0.000000 87620.dat
1 8 40.000000 -128.000000 140.000000 0.000000 0.000000 -1.000000 0.000000 1.000000 0.000000 1.000000 0.000000 0.000000 87620.dat
1 8 40.000000 -152.000000 140.000000 0.000000 0.000000 -1.000000 0.000000 1.000000 0.000000 1.000000 0.000000 0.000000 87620.dat
1 8 40.000000 -80.000000 0.000000 1.000000 0.000000 0.000000 0.000000 1.000000 0.000000 0.000000 0.000000 1.000000 87620.dat
1 8 40.000000 -104.000000 0.000000 1.000000 0.000000 0.000000 0.000000 1.000000 0.000000 0.000000 0.000000 1.000000 87620.dat
1 8 40.000000 -128.000000 0.000000 1.000000 0.000000 0.000000 0.000000 1.000000 0.000000 0.000000 0.000000 1.000000 87620.dat
1 8 40.000000 -152.000000 0.000000 1.000000 0.000000 0.000000 0.000000 1.000000 0.000000 0.000000 0.000000 1.000000 87620.dat
1 8 50.000000 -80.000000 60.000000 0.000000 0.000000 -1.000000 0.000000 1.000000 0.000000 1.000000 0.000000 0.000000 3010.dat
1 8 50.000000 -80.000000 110.000000 0.000000 0.000000 -1.000000 0.000000 1.000000 0.000000 1.000000 0.000000 0.000000 3005.dat
1 8 50.000000 -104.000000 110.000000 0.000000 0.000000 -1.000000 0.000000 1.000000 0.000000 1.000000 0.000000 0.000000 36841.dat
1 8 50.000000 -104.000000 30.000000 0.000000 0.000000 -1.000000 0.000000 1.000000 0.000000 1.000000 0.000000 0.000000 36841.dat
1 8 50.000000 -104.000000 70.000000 0.000000 0.000000 -1.000000 0.000000 1.000000 0.000000 1.000000 0.000000 0.000000 3623.dat
1 8 50.000000 -88.000000 80.000000 0.000000 0.000000 -1.000000 0.000000 1.000000 0.000000 1.000000 0.000000 0.000000 3710.dat
1 8 50.000000 -88.000000 30.000000 0.000000 0.000000 -1.000000 0.000000 1.000000 0.000000 1.000000 0.000000 0.000000 3024.dat
1 8 50.000000 -96.000000 60.000000 0.000000 0.000000 -1.000000 0.000000 1.000000 0.000000 1.000000 0.000000 0.000000 3710.dat
1 8 50.000000 -96.000000 110.000000 0.000000 0.000000 -1.000000 0.000000 1.000000 0.000000 1.000000 0.000000 0.000000 3024.dat
1 8 50.000000 -128.000000 80.000000 0.000000 0.000000 -1.000000 0.000000 1.000000 0.000000 1.000000 0.000000 0.000000 3010.dat
1 8 50.000000 -128.000000 30.000000 0.000000 0.000000 -1.000000 0.000000 1.000000 0.000000 1.000000 0.000000 0.000000 3005.dat
1 41 74.000000 -94.000000 30.000000 0.000000 -1.000000 0.000000 0.000000 0.000000 -1.000000 1.000000 0.000000 0.000000 4740.dat
1 41 74.000000 -94.000000 110.000000 0.000000 -1.000000 0.000000 0.000000 0.000000 -1.000000 1.000000 0.000000 0.000000 4740.dat
1 47 82.000000 -94.000000 110.000000 0.000000 -1.000000 0.000000 0.000000 0.000000 -1.000000 1.000000 0.000000 0.000000 98138.dat
1 47 82.000000 -94.000000 30.000000 0.000000 -1.000000 0.000000 0.000000 0.000000 -1.000000 1.000000 0.000000 0.000000 98138.dat
1 8 50.000000 -136.000000 60.000000 0.000000 0.000000 -1.000000 0.000000 1.000000 0.000000 1.000000 0.000000 0.000000 3710.dat
1 8 50.000000 -136.000000 110.000000 0.000000 0.000000 1.000000 0.000000 1.000000 0.000000 -1.000000 0.000000 0.000000 3024.dat
1 8 50.000000 -144.000000 80.000000 0.000000 0.000000 -1.000000 0.000000 1.000000 0.000000 1.000000 0.000000 0.000000 3710.dat
1 8 50.000000 -144.000000 30.000000 0.000000 0.000000 1.000000 0.000000 1.000000 0.000000 -1.000000 0.000000 0.000000 3024.dat
1 8 30.000000 -176.000000 130.000000 0.000000 0.000000 -1.000000 0.000000 1.000000 0.000000 1.000000 0.000000 0.000000 13548.dat
1 8 50.000000 -152.000000 70.000000 0.000000 0.000000 -1.000000 0.000000 1.000000 0.000000 1.000000 0.000000 0.000000 36841.dat
1 41 74.000000 -142.000000 70.000000 0.000000 -1.000000 0.000000 0.000000 0.000000 -1.000000 1.000000 0.000000 0.000000 4740.dat
1 47 82.000000 -142.000000 70.000000 0.000000 -1.000000 0.000000 0.000000 0.000000 -1.000000 1.000000 0.000000 0.000000 98138.dat
1 8 30.000000 -176.000000 10.000000 1.000000 0.000000 0.000000 0.000000 1.000000 0.000000 0.000000 0.000000 1.000000 13548.dat
1 8 30.000000 -176.000000 70.000000 0.000000 0.000000 -1.000000 0.000000 1.000000 0.000000 1.000000 0.000000 0.000000 3040b.dat
1 8 30.000000 -176.000000 40.000000 0.000000 0.000000 -1.000000 0.000000 1.000000 0.000000 1.000000 0.000000 0.000000 3039.dat
1 8 30.000000 -176.000000 100.000000 0.000000 0.000000 -1.000000 0.000000 1.000000 0.000000 1.000000 0.000000 0.000000 3039.dat
1 8 20.000000 -56.000000 80.000000 0.000000 0.000000 -1.000000 0.000000 1.000000 0.000000 1.000000 0.000000 0.000000 2456.dat
1 8 20.000000 -56.000000 10.000000 1.000000 0.000000 0.000000 0.000000 1.000000 0.000000 0.000000 0.000000 1.000000 3004.dat
1 8 0.000000 -80.000000 -10.000000 1.000000 0.000000 0.000000 0.000000 1.000000 0.000000 0.000000 0.000000 1.000000 3004.dat
1 8 0.000000 -80.000000 150.000000 1.000000 0.000000 0.000000 0.000000 1.000000 0.000000 0.000000 0.000000 1.000000 3004.dat
1 8 30.000000 -104.000000 80.000000 0.000000 0.000000 -1.000000 0.000000 1.000000 0.000000 1.000000 0.000000 0.000000 3009.dat
1 8 30.000000 -104.000000 10.000000 1.000000 0.000000 0.000000 0.000000 1.000000 0.000000 0.000000 0.000000 1.000000 3005.dat
1 8 30.000000 -128.000000 60.000000 0.000000 0.000000 -1.000000 0.000000 1.000000 0.000000 1.000000 0.000000 0.000000 3009.dat
1 8 30.000000 -128.000000 130.000000 1.000000 0.000000 0.000000 0.000000 1.000000 0.000000 0.000000 0.000000 1.000000 3005.dat
1 8 30.000000 -152.000000 80.000000 0.000000 0.000000 -1.000000 0.000000 1.000000 0.000000 1.000000 0.000000 0.000000 3009.dat
1 8 30.000000 -152.000000 10.000000 1.000000 0.000000 0.000000 0.000000 1.000000 0.000000 0.000000 0.000000 1.000000 3005.dat
1 8 0.000000 -104.000000 20.000000 0.000000 0.000000 -1.000000 0.000000 1.000000 0.000000 1.000000 0.000000 0.000000 3001.dat
1 8 0.000000 -104.000000 120.000000 0.000000 0.000000 -1.000000 0.000000 1.000000 0.000000 1.000000 0.000000 0.000000 3001.dat
1 8 0.000000 -104.000000 70.000000 -1.000000 0.000000 0.000000 0.000000 1.000000 0.000000 0.000000 0.000000 -1.000000 3004.dat
1 8 0.000000 -128.000000 100.000000 0.000000 0.000000 -1.000000 0.000000 1.000000 0.000000 1.000000 0.000000 0.000000 2456.dat
1 8 0.000000 -128.000000 10.000000 0.000000 0.000000 -1.000000 0.000000 1.000000 0.000000 1.000000 0.000000 0.000000 3002.dat
1 8 0.000000 -152.000000 40.000000 0.000000 0.000000 -1.000000 0.000000 1.000000 0.000000 1.000000 0.000000 0.000000 2456.dat
1 8 0.000000 -152.000000 130.000000 0.000000 0.000000 -1.000000 0.000000 1.000000 0.000000 1.000000 0.000000 0.000000 3002.dat
1 8 0.000000 -176.000000 130.000000 -1.000000 0.000000 0.000000 0.000000 1.000000 0.000000 0.000000 0.000000 -1.000000 3039.dat
1 8 0.000000 -176.000000 10.000000 1.000000 0.000000 0.000000 0.000000 1.000000 0.000000 0.000000 0.000000 1.000000 3039.dat
1 8 0.000000 -176.000000 80.000000 0.000000 0.000000 -1.000000 0.000000 1.000000 0.000000 1.000000 0.000000 0.000000 3001.dat
1 8 0.000000 -176.000000 30.000000 -1.000000 0.000000 0.000000 0.000000 1.000000 0.000000 0.000000 0.000000 -1.000000 3004.dat
1 25 30.000000 -176.000000 100.000000 0.000000 0.000000 -1.000000 0.000000 1.000000 0.000000 1.000000 0.000000 0.000000 85984.dat
1 25 30.000000 -176.000000 40.000000 0.000000 0.000000 -1.000000 0.000000 1.000000 0.000000 1.000000 0.000000 0.000000 85984.dat
1 25 30.000000 -176.000000 70.000000 0.000000 0.000000 -1.000000 0.000000 1.000000 0.000000 1.000000 0.000000 0.000000 54200.dat
1 25 0.000000 -176.000000 130.000000 -1.000000 0.000000 0.000000 0.000000 1.000000 0.000000 0.000000 0.000000 -1.000000 85984.dat
1 25 0.000000 -176.000000 10.000000 1.000000 0.000000 0.000000 0.000000 1.000000 0.000000 0.000000 0.000000 1.000000 85984.dat
1 8 0.000000 -184.000000 60.000000 0.000000 0.000000 -1.000000 0.000000 1.000000 0.000000 1.000000 0.000000 0.000000 3020.dat
1 25 0.000000 -192.000000 80.000000 0.000000 0.000000 -1.000000 0.000000 1.000000 0.000000 1.000000 0.000000 0.000000 87079.dat
1 25 0.000000 -192.000000 30.000000 -1.000000 0.000000 0.000000 0.000000 1.000000 0.000000 0.000000 0.000000 -1.000000 3069b.dat
1 8 120.000000 -88.000000 -10.000000 1.000000 0.000000 0.000000 0.000000 1.000000 0.000000 0.000000 0.000000 1.000000 3004.dat
1 8 120.000000 -88.000000 150.000000 1.000000 0.000000 0.000000 0.000000 1.000000 0.000000 0.000000 0.000000 1.000000 3004.dat
1 8 -40.000000 -56.000000 10.000000 1.000000 0.000000 0.000000 0.000000 1.000000 0.000000 0.000000 0.000000 1.000000 6564.dat
1 8 -40.000000 -56.000000 130.000000 -1.000000 0.000000 0.000000 0.000000 1.000000 0.000000 0.000000 0.000000 -1.000000 6565.dat
1 8 -40.000000 -56.000000 50.000000 1.000000 0.000000 0.000000 0.000000 1.000000 0.000000 0.000000 0.000000 1.000000 3004.dat
1 8 -40.000000 -56.000000 90.000000 1.000000 0.000000 0.000000 0.000000 1.000000 0.000000 0.000000 0.000000 1.000000 3004.dat
1 8 30.000000 -64.000000 70.000000 0.000000 0.000000 -1.000000 0.000000 1.000000 0.000000 1.000000 0.000000 0.000000 3623.dat
1 8 -10.000000 -64.000000 70.000000 0.000000 0.000000 -1.000000 0.000000 1.000000 0.000000 1.000000 0.000000 0.000000 11212.dat
1 8 -30.000000 -72.000000 70.000000 0.000000 0.000000 -1.000000 0.000000 1.000000 0.000000 1.000000 0.000000 0.000000 3623.dat
1 8 10.000000 -72.000000 70.000000 0.000000 0.000000 -1.000000 0.000000 1.000000 0.000000 1.000000 0.000000 0.000000 11212.dat
1 8 30.000000 -80.000000 70.000000 0.000000 0.000000 -1.000000 0.000000 1.000000 0.000000 1.000000 0.000000 0.000000 3623.dat
1 8 -10.000000 -80.000000 70.000000 0.000000 0.000000 -1.000000 0.000000 1.000000 0.000000 1.000000 0.000000 0.000000 11212.dat
1 8 10.000000 -80.000000 120.000000 -1.000000 0.000000 0.000000 0.000000 1.000000 0.000000 0.000000 0.000000 -1.000000 3002.dat
1 8 10.000000 -80.000000 20.000000 -1.000000 0.000000 0.000000 0.000000 1.000000 0.000000 0.000000 0.000000 -1.000000 3002.dat
1 8 -50.000000 -80.000000 70.000000 0.000000 0.000000 -1.000000 0.000000 1.000000 0.000000 1.000000 0.000000 0.000000 3622.dat
1 8 -40.000000 -80.000000 10.000000 1.000000 0.000000 0.000000 0.000000 1.000000 0.000000 0.000000 0.000000 1.000000 6564.dat
1 8 -40.000000 -104.000000 10.000000 1.000000 0.000000 0.000000 0.000000 1.000000 0.000000 0.000000 0.000000 1.000000 6564.dat
1 8 -40.000000 -128.000000 10.000000 1.000000 0.000000 0.000000 0.000000 1.000000 0.000000 0.000000 0.000000 1.000000 6564.dat
1 8 -40.000000 -152.000000 10.000000 1.000000 0.000000 0.000000 0.000000 1.000000 0.000000 0.000000 0.000000 1.000000 6564.dat
1 8 -40.000000 -80.000000 130.000000 -1.000000 0.000000 0.000000 0.000000 1.000000 0.000000 0.000000 0.000000 -1.000000 6565.dat
1 8 -40.000000 -104.000000 130.000000 -1.000000 0.000000 0.000000 0.000000 1.000000 0.000000 0.000000 0.000000 -1.000000 6565.dat
1 8 -40.000000 -128.000000 130.000000 -1.000000 0.000000 0.000000 0.000000 1.000000 0.000000 0.000000 0.000000 -1.000000 6565.dat
1 8 -40.000000 -152.000000 130.000000 -1.000000 0.000000 0.000000 0.000000 1.000000 0.000000 0.000000 0.000000 -1.000000 6565.dat
1 8 -40.000000 -104.000000 70.000000 0.000000 0.000000 -1.000000 0.000000 1.000000 0.000000 1.000000 0.000000 0.000000 3002.dat
1 8 -40.000000 -128.000000 70.000000 0.000000 0.000000 -1.000000 0.000000 1.000000 0.000000 1.000000 0.000000 0.000000 3002.dat
1 8 -40.000000 -152.000000 70.000000 0.000000 0.000000 -1.000000 0.000000 1.000000 0.000000 1.000000 0.000000 0.000000 3002.dat
1 8 -30.000000 -176.000000 10.000000 1.000000 0.000000 0.000000 0.000000 1.000000 0.000000 0.000000 0.000000 1.000000 3040b.dat
1 8 -30.000000 -176.000000 130.000000 -1.000000 0.000000 0.000000 0.000000 1.000000 0.000000 0.000000 0.000000 -1.000000 3040b.dat
1 8 -30.000000 -176.000000 70.000000 0.000000 0.000000 1.000000 0.000000 1.000000 0.000000 -1.000000 0.000000 0.000000 3040b.dat
1 8 -30.000000 -176.000000 40.000000 0.000000 0.000000 1.000000 0.000000 1.000000 0.000000 -1.000000 0.000000 0.000000 3039.dat
1 8 -30.000000 -176.000000 100.000000 0.000000 0.000000 1.000000 0.000000 1.000000 0.000000 -1.000000 0.000000 0.000000 3039.dat
1 25 -30.000000 -176.000000 70.000000 0.000000 0.000000 1.000000 0.000000 1.000000 0.000000 -1.000000 0.000000 0.000000 54200.dat
1 25 -30.000000 -176.000000 40.000000 0.000000 0.000000 1.000000 0.000000 1.000000 0.000000 -1.000000 0.000000 0.000000 85984.dat
1 25 -30.000000 -176.000000 100.000000 0.000000 0.000000 1.000000 0.000000 1.000000 0.000000 -1.000000 0.000000 0.000000 85984.dat
1 8 120.000000 -112.000000 -10.000000 1.000000 0.000000 0.000000 0.000000 1.000000 0.000000 0.000000 0.000000 1.000000 3004.dat
1 8 120.000000 -120.000000 -10.000000 1.000000 0.000000 0.000000 0.000000 1.000000 0.000000 0.000000 0.000000 1.000000 44728.dat
1 25 120.000000 -100.000000 -32.000000 1.000000 0.000000 0.000000 0.000000 0.000000 -1.000000 0.000000 1.000000 0.000000 3068b.dat
1 8 130.000000 -128.000000 -10.000000 0.000000 0.000000 -1.000000 0.000000 1.000000 0.000000 1.000000 0.000000 0.000000 2555.dat
1 8 130.000000 -128.000000 -10.000000 0.000000 0.000000 -1.000000 0.000000 1.000000 0.000000 1.000000 0.000000 0.000000 2555.dat
1 8 110.000000 -128.000000 -10.000000 0.000000 0.000000 -1.000000 0.000000 1.000000 0.000000 1.000000 0.000000 0.000000 2555.dat
1 8 130.000000 -152.320500 -1.732050 0.000000 0.000000 -1.000000 -0.866025 0.500000 0.000000 0.500000 0.866025 0.000000 78257.dat
1 8 110.000000 -152.320500 -1.732030 0.000000 0.000000 -1.000000 -0.866025 0.500002 0.000000 0.500002 0.866025 0.000000 78257.dat
1 8 120.000000 -156.320500 -8.660250 -1.000000 0.000000 0.000000 0.000000 0.500000 0.866025 0.000000 0.866025 -0.500000 3794b.dat
1 25 120.000000 -160.320500 -15.588460 -1.000000 0.000000 0.000000 0.000000 0.500000 0.866025 0.000000 0.866025 -0.500000 3068b.dat
1 8 120.000000 -112.000000 150.000000 1.000000 0.000000 0.000000 0.000000 1.000000 0.000000 0.000000 0.000000 1.000000 3004.dat
1 8 120.000000 -120.000000 150.000000 -1.000000 0.000000 0.000000 0.000000 1.000000 0.000000 0.000000 0.000000 -1.000000 44728.dat
1 25 120.000000 -100.000000 172.000000 -1.000000 0.000000 0.000000 0.000000 0.000000 -1.000000 0.000000 -1.000000 0.000000 3068b.dat
1 8 130.000000 -128.000000 150.000000 0.000000 0.000000 1.000000 0.000000 1.000000 0.000000 -1.000000 0.000000 0.000000 2555.dat
1 8 110.000000 -128.000000 150.000000 0.000000 0.000000 1.000000 0.000000 1.000000 0.000000 -1.000000 0.000000 0.000000 2555.dat
1 8 130.000000 -152.320500 141.732100 0.000000 0.000000 1.000000 -0.866026 0.500000 0.000000 -0.500000 -0.866026 0.000000 78257.dat
1 8 110.000000 -152.320500 141.731900 0.000000 0.000000 1.000000 -0.866023 0.500005 0.000000 -0.500005 -0.866023 0.000000 78257.dat
1 8 120.000000 -156.320500 148.660200 1.000000 0.000000 0.000000 0.000000 0.500000 0.866025 0.000000 -0.866025 0.500000 3794b.dat
1 25 120.000000 -160.320500 155.588400 1.000000 0.000000 0.000000 0.000000 0.500000 0.866025 0.000000 -0.866025 0.500000 3068b.dat
1 8 120.000000 -178.641000 89.999910 0.000000 0.000000 -1.000000 0.000000 1.000000 0.000000 1.000000 0.000000 0.000000 3021.dat
1 8 120.000000 -178.641000 40.000000 0.000000 0.000000 -1.000000 0.000000 1.000000 0.000000 1.000000 0.000000 0.000000 3022.dat
1 8 120.000000 -170.641000 70.000100 0.000000 0.000000 -1.000000 0.000000 1.000000 0.000000 1.000000 0.000000 0.000000 3021.dat
1 8 130.000000 -170.641000 109.999900 -1.000000 0.000000 0.000000 0.000000 1.000000 0.000000 0.000000 0.000000 -1.000000 61252.dat
1 8 110.000000 -170.641000 109.999900 -1.000000 0.000000 0.000000 0.000000 1.000000 0.000000 0.000000 0.000000 -1.000000 61252.dat
1 8 110.000000 -170.641000 30.000000 1.000000 0.000000 0.000000 0.000000 1.000000 0.000000 0.000000 0.000000 1.000000 61252.dat
1 8 130.000000 -170.641000 30.000000 1.000000 0.000000 0.000000 0.000000 1.000000 0.000000 0.000000 0.000000 1.000000 61252.dat
1 25 120.000000 -186.641000 50.000000 0.000000 0.000000 -1.000000 0.000000 1.000000 0.000000 1.000000 0.000000 0.000000 26603.dat
1 25 120.000000 -186.641000 99.999910 0.000000 0.000000 -1.000000 0.000000 1.000000 0.000000 1.000000 0.000000 0.000000 3068b.dat
1 8 160.000000 -24.000000 -20.000000 1.000000 0.000000 0.000000 0.000000 1.000000 0.000000 0.000000 0.000000 1.000000 42534.dat
1 8 160.000000 -24.000000 140.000000 1.000000 0.000000 0.000000 0.000000 1.000000 0.000000 0.000000 0.000000 1.000000 42534.dat
1 8 0.000000 -24.000000 -20.000000 1.000000 0.000000 0.000000 0.000000 1.000000 0.000000 0.000000 0.000000 1.000000 42534.dat
1 8 0.000000 -24.000000 140.000000 1.000000 0.000000 0.000000 0.000000 1.000000 0.000000 0.000000 0.000000 1.000000 42534.dat
1 8 80.000000 -24.000000 230.000000 1.000000 0.000000 0.000000 0.000000 1.000000 0.000000 0.000000 0.000000 1.000000 3666.dat
1 8 250.000000 -24.000000 60.000000 0.000000 0.000000 -1.000000 0.000000 1.000000 0.000000 1.000000 0.000000 0.000000 3666.dat
1 8 250.000000 -24.000000 230.000000 -1.000000 0.000000 0.000000 0.000000 1.000000 0.000000 0.000000 0.000000 -1.000000 2420.dat
1 8 250.000000 -24.000000 160.000000 0.000000 0.000000 -1.000000 0.000000 1.000000 0.000000 1.000000 0.000000 0.000000 3710.dat
1 8 180.000000 -24.000000 230.000000 1.000000 0.000000 0.000000 0.000000 1.000000 0.000000 0.000000 0.000000 1.000000 3710.dat
1 8 -10.000000 -24.000000 230.000000 1.000000 0.000000 0.000000 0.000000 1.000000 0.000000 0.000000 0.000000 1.000000 3623.dat
1 8 250.000000 -24.000000 -30.000000 0.000000 0.000000 -1.000000 0.000000 1.000000 0.000000 1.000000 0.000000 0.000000 3623.dat
1 8 140.000000 -32.000000 -20.000000 1.000000 0.000000 0.000000 0.000000 1.000000 0.000000 0.000000 0.000000 1.000000 26601.dat
1 8 60.000000 -32.000000 -20.000000 0.000000 0.000000 1.000000 0.000000 1.000000 0.000000 -1.000000 0.000000 0.000000 26601.dat
1 8 140.000000 -32.000000 160.000000 0.000000 0.000000 -1.000000 0.000000 1.000000 0.000000 1.000000 0.000000 0.000000 26601.dat
1 8 60.000000 -32.000000 160.000000 -1.000000 0.000000 0.000000 0.000000 1.000000 0.000000 0.000000 0.000000 -1.000000 26601.dat
1 8 190.000000 -32.000000 70.000000 0.000000 0.000000 -1.000000 0.000000 1.000000 0.000000 1.000000 0.000000 0.000000 11212.dat
1 8 130.000000 -32.000000 70.000000 0.000000 0.000000 -1.000000 0.000000 1.000000 0.000000 1.000000 0.000000 0.000000 11212.dat
1 8 70.000000 -32.000000 70.000000 0.000000 0.000000 -1.000000 0.000000 1.000000 0.000000 1.000000 0.000000 0.000000 11212.dat
1 8 -30.000000 -32.000000 70.000000 0.000000 0.000000 -1.000000 0.000000 1.000000 0.000000 1.000000 0.000000 0.000000 11212.dat
1 8 20.000000 -32.000000 70.000000 0.000000 0.000000 -1.000000 0.000000 1.000000 0.000000 1.000000 0.000000 0.000000 3021.dat
1 8 -40.000000 -32.000000 130.000000 -1.000000 0.000000 0.000000 0.000000 1.000000 0.000000 0.000000 0.000000 -1.000000 43723.dat
1 8 -40.000000 -32.000000 10.000000 1.000000 0.000000 0.000000 0.000000 1.000000 0.000000 0.000000 0.000000 1.000000 43722.dat
1 8 10.000000 -32.000000 130.000000 0.000000 0.000000 -1.000000 0.000000 1.000000 0.000000 1.000000 0.000000 0.000000 11212.dat
1 8 10.000000 -32.000000 10.000000 0.000000 0.000000 -1.000000 0.000000 1.000000 0.000000 1.000000 0.000000 0.000000 11212.dat
1 8 160.000000 -32.000000 30.000000 1.000000 0.000000 0.000000 0.000000 1.000000 0.000000 0.000000 0.000000 1.000000 3666.dat
1 8 160.000000 -32.000000 110.000000 1.000000 0.000000 0.000000 0.000000 1.000000 0.000000 0.000000 0.000000 1.000000 3666.dat
1 8 130.000000 -32.000000 130.000000 1.000000 0.000000 0.000000 0.000000 1.000000 0.000000 0.000000 0.000000 1.000000 3623.dat
1 8 130.000000 -32.000000 10.000000 -1.000000 0.000000 0.000000 0.000000 1.000000 0.000000 0.000000 0.000000 -1.000000 3623.dat
1 8 70.000000 -32.000000 120.000000 1.000000 0.000000 0.000000 0.000000 1.000000 0.000000 0.000000 0.000000 1.000000 3021.dat
1 8 70.000000 -32.000000 20.000000 1.000000 0.000000 0.000000 0.000000 1.000000 0.000000 0.000000 0.000000 1.000000 3021.dat
1 8 100.000000 -32.000000 160.000000 0.000000 0.000000 -1.000000 0.000000 1.000000 0.000000 1.000000 0.000000 0.000000 3022.dat
1 8 100.000000 -32.000000 -20.000000 0.000000 0.000000 -1.000000 0.000000 1.000000 0.000000 1.000000 0.000000 0.000000 3022.dat
1 8 -50.000000 -32.000000 150.000000 0.000000 0.000000 -1.000000 0.000000 1.000000 0.000000 1.000000 0.000000 0.000000 27263.dat
1 8 -50.000000 -32.000000 -10.000000 -1.000000 0.000000 0.000000 0.000000 1.000000 0.000000 0.000000 0.000000 -1.000000 27263.dat
1 8 -70.000000 -32.000000 60.000000 0.000000 0.000000 -1.000000 0.000000 1.000000 0.000000 1.000000 0.000000 0.000000 6636.dat
1 8 -70.000000 -32.000000 130.000000 1.000000 0.000000 0.000000 0.000000 1.000000 0.000000 0.000000 0.000000 1.000000 3070b.dat
1 8 -40.000000 -32.000000 220.000000 1.000000 0.000000 0.000000 0.000000 1.000000 0.000000 0.000000 0.000000 1.000000 87079.dat
1 8 40.000000 -32.000000 220.000000 1.000000 0.000000 0.000000 0.000000 1.000000 0.000000 0.000000 0.000000 1.000000 87079.dat
1 8 120.000000 -32.000000 220.000000 1.000000 0.000000 0.000000 0.000000 1.000000 0.000000 0.000000 0.000000 1.000000 87079.dat
1 8 220.000000 -32.000000 220.000000 1.000000 0.000000 0.000000 0.000000 1.000000 0.000000 0.000000 0.000000 1.000000 87079.dat
1 8 170.000000 -32.000000 220.000000 0.000000 0.000000 -1.000000 0.000000 1.000000 0.000000 1.000000 0.000000 0.000000 3069b.dat
1 8 240.000000 -32.000000 160.000000 0.000000 0.000000 -1.000000 0.000000 1.000000 0.000000 1.000000 0.000000 0.000000 87079.dat
1 8 240.000000 -32.000000 80.000000 0.000000 0.000000 -1.000000 0.000000 1.000000 0.000000 1.000000 0.000000 0.000000 87079.dat
1 8 240.000000 -32.000000 0.000000 0.000000 0.000000 -1.000000 0.000000 1.000000 0.000000 1.000000 0.000000 0.000000 87079.dat
1 8 240.000000 -32.000000 -70.000000 0.000000 0.000000 -1.000000 0.000000 1.000000 0.000000 1.000000 0.000000 0.000000 26603.dat
1 8 160.000000 -32.000000 -80.000000 -1.000000 0.000000 0.000000 0.000000 1.000000 0.000000 0.000000 0.000000 -1.000000 87079.dat
1 8 -40.000000 -32.000000 -80.000000 -1.000000 0.000000 0.000000 0.000000 1.000000 0.000000 0.000000 0.000000 -1.000000 87079.dat
1 8 80.000000 -32.000000 -80.000000 -1.000000 0.000000 0.000000 0.000000 1.000000 0.000000 0.000000 0.000000 -1.000000 87079.dat
1 8 20.000000 -32.000000 -80.000000 -1.000000 0.000000 0.000000 0.000000 1.000000 0.000000 0.000000 0.000000 -1.000000 3068b.dat
1 8 210.000000 -32.000000 -80.000000 0.000000 0.000000 -1.000000 0.000000 1.000000 0.000000 1.000000 0.000000 0.000000 3069b.dat
1 8 -70.000000 -32.000000 -50.000000 1.000000 0.000000 0.000000 0.000000 1.000000 0.000000 0.000000 0.000000 1.000000 14719.dat
1 8 -70.000000 -32.000000 190.000000 0.000000 0.000000 1.000000 0.000000 1.000000 0.000000 -1.000000 0.000000 0.000000 14719.dat
1 8 50.000000 -32.000000 -30.000000 -1.000000 0.000000 0.000000 0.000000 1.000000 0.000000 0.000000 0.000000 -1.000000 27263.dat
1 8 150.000000 -32.000000 -30.000000 0.000000 0.000000 1.000000 0.000000 1.000000 0.000000 -1.000000 0.000000 0.000000 27263.dat
1 8 150.000000 -32.000000 170.000000 1.000000 0.000000 0.000000 0.000000 1.000000 0.000000 0.000000 0.000000 1.000000 27263.dat
1 8 50.000000 -32.000000 170.000000 0.000000 0.000000 -1.000000 0.000000 1.000000 0.000000 1.000000 0.000000 0.000000 27263.dat
1 8 100.000000 -32.000000 190.000000 -1.000000 0.000000 0.000000 0.000000 1.000000 0.000000 0.000000 0.000000 -1.000000 2431.dat
1 8 100.000000 -32.000000 -50.000000 -1.000000 0.000000 0.000000 0.000000 1.000000 0.000000 0.000000 0.000000 -1.000000 2431.dat
1 8 10.000000 -32.000000 -50.000000 1.000000 0.000000 0.000000 0.000000 1.000000 0.000000 0.000000 0.000000 1.000000 14719.dat
1 8 10.000000 -32.000000 190.000000 0.000000 0.000000 1.000000 0.000000 1.000000 0.000000 -1.000000 0.000000 0.000000 14719.dat
1 8 190.000000 -32.000000 190.000000 -1.000000 0.000000 0.000000 0.000000 1.000000 0.000000 0.000000 0.000000 -1.000000 14719.dat
1 8 190.000000 -32.000000 -50.000000 0.000000 0.000000 -1.000000 0.000000 1.000000 0.000000 1.000000 0.000000 0.000000 14719.dat
1 8 -20.000000 -32.000000 -40.000000 -1.000000 0.000000 0.000000 0.000000 1.000000 0.000000 0.000000 0.000000 -1.000000 3068b.dat
1 8 -20.000000 -32.000000 180.000000 -1.000000 0.000000 0.000000 0.000000 1.000000 0.000000 0.000000 0.000000 -1.000000 3068b.dat
1 8 210.000000 -32.000000 160.000000 0.000000 0.000000 -1.000000 0.000000 1.000000 0.000000 1.000000 0.000000 0.000000 2431.dat
1 8 210.000000 -32.000000 -20.000000 0.000000 0.000000 -1.000000 0.000000 1.000000 0.000000 1.000000 0.000000 0.000000 2431.dat
1 8 180.000000 -32.000000 140.000000 1.000000 0.000000 0.000000 0.000000 1.000000 0.000000 0.000000 0.000000 1.000000 3068b.dat
1 8 180.000000 -32.000000 0.000000 1.000000 0.000000 0.000000 0.000000 1.000000 0.000000 0.000000 0.000000 1.000000 3068b.dat
1 8 249.998300 -24.000000 -80.000000 0.000175 0.000000 1.000000 0.000000 1.000000 0.000000 -1.000000 0.000000 0.000175 3023b.dat
1 8 -60.000000 -24.000000 230.000000 1.000000 0.000000 0.000000 0.000000 1.000000 0.000000 0.000000 0.000000 1.000000 3023b.dat
1 8 0.000000 -184.000000 110.000000 1.000000 0.000000 0.000000 0.000000 1.000000 0.000000 0.000000 0.000000 1.000000 3023b.dat
1 8 50.001750 -152.000000 100.000000 0.000175 0.000000 1.000000 0.000000 1.000000 0.000000 -1.000000 0.000000 0.000175 3023b.dat
1 8 49.998260 -152.000000 40.000000 0.000175 0.000000 1.000000 0.000000 1.000000 0.000000 -1.000000 0.000000 0.000175 3023b.dat
1 8 80.000000 -72.000000 -10.000000 1.000000 0.000000 0.000000 0.000000 1.000000 0.000000 0.000000 0.000000 1.000000 3023b.dat
1 8 80.000000 -72.000000 150.000000 1.000000 0.000000 0.000000 0.000000 1.000000 0.000000 0.000000 0.000000 1.000000 3023b.dat
1 25 -30.000000 -176.000000 10.000000 1.000000 0.000000 0.000000 0.000000 1.000000 0.000000 0.000000 0.000000 1.000000 bl_7826.dat
1 25 30.000000 -176.000000 10.000000 0.000000 0.000000 -1.000000 0.000000 1.000000 0.000000 1.000000 0.000000 0.000000 bl_7826.dat
1 25 30.000000 -176.000000 130.000000 -1.000000 0.000000 0.000000 0.000000 1.000000 0.000000 0.000000 0.000000 -1.000000 bl_7826.dat
1 25 -30.000000 -176.000000 130.000000 0.000000 0.000000 1.000000 0.000000 1.000000 0.000000 -1.000000 0.000000 0.000000 bl_7826.dat
0 NOFILE

0 FILE bl_7826.dat
0 Slope Brick 31  1 x  1 x  0.667 Double Convex

0 Name: 7826.dat

0 Author: Gerald Lasser [GeraldLasser]

0 !LDRAW_ORG Part UPDATE 2026-01

0 !LICENSE Licensed under CC BY 4.0 : see CAreadme.txt



0 BFC CERTIFY CCW



0 !KEYWORDS Brickowl 1405542



0 !HISTORY 2026-01-29 [OrionP] Official Update 2026-01



0 // Inside and Bottom

4 16 -9 -1 9 -10 -1 10 10 -1 10 9 -1 9

4 16 9 0 9 6 0 6 -6 0 6 -9 0 9

4 16 -10 -1 -10 -10 -1 10 -9 -1 9 -9 -1 -9

4 16 -6 0 6 -6 0 -6 -9 0 -9 -9 0 9

4 16 -6 0 -6 6 0 -6 9 0 -9 -9 0 -9

4 16 10 -1 -10 -10 -1 -10 -9 -1 -9 9 -1 -9

4 16 9 -1 9 10 -1 10 10 -1 -10 9 -1 -9

4 16 9 0 -9 6 0 -6 6 0 6 9 0 9

1 16 0 -1 0 9 0 0 0 1 0 0 0 9 box4.dat



0 BFC INVERTNEXT

1 16 0 -2.3 0 0 6 0 2.3 0 0 0 0 -6 box2-5.dat

3 16 -6 -4.6 -6 -6 0 -6 -6 -4.6 -4

4 16 -6 -10.6 6 -6 -4.6 -4 -6 0 -6 -6 0 6

4 16 6 0 6 4 -4.6 6 -6 -10.6 6 -6 0 6

3 16 4 -4.6 6 6 0 6 6 -4.6 6

2 24 -6 0 6 6 0 6

2 24 -6 0 6 -6 0 -6

2 24 -6 -10.6 6 -6 0 6

2 24 -6 -4.6 -4 -6 -10.6 6

2 24 -6 -4.6 -4 -6 -4.6 -6

2 24 6 -4.6 6 4 -4.6 6

2 24 4 -4.6 6 -6 -10.6 6

2 24 4 -4.6 -4 4 -4.6 6

2 24 -6 -4.6 -4 4 -4.6 -4

2 24 4 -4.6 -4 -6 -10.6 6

3 16 -6 -4.6 -4 -6 -10.6 6 4 -4.6 -4

3 16 4 -4.6 -4 -6 -10.6 6 4 -4.6 6

4 16 6 -4.6 -6 -6 -4.6 -6 -6 -4.6 -4 4 -4.6 -4

4 16 6 -4.6 6 6 -4.6 -6 4 -4.6 -4 4 -4.6 6



0 // Outside

1 16 0 -2.5 0 0 10 0 1.5 0 0 0 0 -10 box2-5.dat

4 16 -10 -13.9 6.5 -10 -13.9 10 -10 -1 10 -10 -1 -10

3 16 -10 -4 -10 -10 -13.9 6.5 -10 -1 -10

3 16 10 -4 10 10 -1 10 -6.5 -13.9 10

4 16 -10 -1 10 -10 -13.9 10 -6.5 -13.9 10 10 -1 10

2 24 -10 -1 10 -10 -1 -10

2 24 -10 -1 10 10 -1 10

2 24 -10 -13.9 10 -10 -1 10

2 24 10 -4 10 -6.5 -13.9 10

2 24 -6.5 -13.9 6.5 10 -4 -10

2 24 -10 -4 -10 -10 -13.9 6.5

1 16 -8.25 -13.9 8.25 0 0 -1.75 0 1 0 1.75 0 0 rect.dat

4 16 10 -4 -10 10 -4 10 -6.5 -13.9 10 -6.5 -13.9 6.5

4 16 -6.5 -13.9 6.5 -10 -13.9 6.5 -10 -4 -10 10 -4 -10
0 NOFILE

0 FILE rect.dat
0 Rectangle

0 Name: rect.dat

0 Author: James Jessiman

0 !LDRAW_ORG Primitive UPDATE 2010-01

0 !LICENSE Licensed under CC BY 4.0 : see CAreadme.txt



0 BFC CERTIFY CCW



0 !HISTORY 2002-04-05 [hafhead] Added BFC statement

0 !HISTORY 2002-04-25 [PTadmin] Official Update 2002-02

0 !HISTORY 2007-06-24 [PTadmin] Header formatted for Contributor Agreement

0 !HISTORY 2008-07-01 [PTadmin] Official Update 2008-01

0 !HISTORY 2010-01-17 [mikeheide] changed winding to CCW

0 !HISTORY 2010-04-05 [PTadmin] Official Update 2010-01





2 24 1 0 1 -1 0 1

2 24 -1 0 1 -1 0 -1

2 24 -1 0 -1 1 0 -1

2 24 1 0 -1 1 0 1

4 16 -1 0 1 -1 0 -1 1 0 -1 1 0 1

0

0 NOFILE

0 FILE box2-5.dat
0 Box with 2 Faces without 5 Edges

0 Name: box2-5.dat

0 Author: Steffen [Steffen]

0 !LDRAW_ORG Primitive UPDATE 2003-03

0 !LICENSE Licensed under CC BY 4.0 : see CAreadme.txt



0 BFC CERTIFY CCW



0 !HISTORY 2003-12-19 [PTadmin] Official Update 2003-03

0 !HISTORY 2007-06-24 [PTadmin] Header formatted for Contributor Agreement

0 !HISTORY 2008-07-01 [PTadmin] Official Update 2008-01





2 24 1 1 1 -1 1 1

2 24 1 1 -1 -1 1 -1

2 24 1 -1 1 -1 -1 1

2 24 -1 -1 1 -1 1 1

2 24 1 -1 1 1 1 1

2 24 -1 1 -1 -1 1 1

2 24 1 1 -1 1 1 1

4 16 1 1 1 1 1 -1 -1 1 -1 -1 1 1

4 16 1 1 1 -1 1 1 -1 -1 1 1 -1 1

0

0 NOFILE

0 FILE box4.dat
0 Box with 4 Faces (2 Parallel Pairs) and All Edges

0 Name: box4.dat

0 Author: James Jessiman

0 !LDRAW_ORG Primitive UPDATE 2012-01

0 !LICENSE Licensed under CC BY 4.0 : see CAreadme.txt



0 BFC CERTIFY CCW



0 !HISTORY 2002-04-03 [sbliss] Modified for BFC compliance

0 !HISTORY 2002-04-25 [PTadmin] Official Update 2002-02

0 !HISTORY 2007-06-24 [PTadmin] Header formatted for Contributor Agreement

0 !HISTORY 2008-07-01 [PTadmin] Official Update 2008-01

0 !HISTORY 2012-02-16 [Philo] Changed to CCW

0 !HISTORY 2012-03-30 [PTadmin] Official Update 2012-01





2 24 1 1 1 -1 1 1

2 24 -1 1 1 -1 1 -1

2 24 -1 1 -1 1 1 -1

2 24 1 1 -1 1 1 1

2 24 1 0 1 -1 0 1

2 24 -1 0 1 -1 0 -1

2 24 -1 0 -1 1 0 -1

2 24 1 0 -1 1 0 1

2 24 1 0 1 1 1 1

2 24 -1 0 1 -1 1 1

2 24 1 0 -1 1 1 -1

2 24 -1 0 -1 -1 1 -1

4 16 -1 1 1 -1 0 1 1 0 1 1 1 1

4 16 -1 1 -1 -1 0 -1 -1 0 1 -1 1 1

4 16 1 1 -1 1 0 -1 -1 0 -1 -1 1 -1

4 16 1 1 1 1 0 1 1 0 -1 1 1 -1

0 NOFILE

0 FILE 3023b.dat
0 Plate  1 x  2

0 Name: 3023b.dat

0 Author: James Jessiman

0 !LDRAW_ORG Part UPDATE 2023-03

0 !LICENSE Licensed under CC BY 4.0 : see CAreadme.txt



0 BFC CERTIFY CCW



0 !KEYWORDS BrickLink 3023, Rebrickable 3023



0 !HISTORY 2001-10-26 [PTadmin] Official Update 2001-01

0 !HISTORY 2002-05-07 {unknown} BFC Certification

0 !HISTORY 2002-06-11 [PTadmin] Official Update 2002-03

0 !HISTORY 2007-06-07 [PTadmin] Header formatted for Contributor Agreement

0 !HISTORY 2008-07-01 [PTadmin] Official Update 2008-01

0 !HISTORY 2020-03-07 [Sirio] Subparted

0 !HISTORY 2022-01-14 [PTadmin] Official Update 2022-01

0 !HISTORY 2023-05-26 [OrionP] Moved from 3023.dat

0 !HISTORY 2023-06-24 [OrionP] Official Update 2023-03





1 16 0 0 0 1 0 0 0 1 0 0 0 1 s__3023bs01.dat

4 16 -20 0 -10 -20 8 -10 20 8 -10 20 0 -10

0 NOFILE

0 FILE s__3023bs01.dat
0 ~Plate  1 x  2 without Front Face

0 Name: s\3023bs01.dat

0 Author: Massimo Maso [Sirio]

0 !LDRAW_ORG Subpart UPDATE 2023-03

0 !LICENSE Licensed under CC BY 4.0 : see CAreadme.txt



0 BFC CERTIFY CCW



0 !HISTORY 2022-01-14 [PTadmin] Official Update 2022-01

0 !HISTORY 2023-05-27 [OrionP] Moved from s\3023s01.dat

0 !HISTORY 2023-06-24 [OrionP] Official Update 2023-03





0 // Primitves

1 16 0 4 0 1 0 0 0 -1 0 0 0 1 stud3.dat

0 BFC INVERTNEXT

1 16 0 8 0 16 0 0 0 -4 0 0 0 6 box5.dat

1 16 0 8 0 20 0 0 0 -8 0 0 0 10 box4t.dat

1 16 0 0 0 1 0 0 0 1 0 0 0 1 stug-1x2.dat

0 // Faces

4 16 20 8 10 16 8 6 -16 8 6 -20 8 10

4 16 -20 8 10 -16 8 6 -16 8 -6 -20 8 -10

4 16 -20 8 -10 -16 8 -6 16 8 -6 20 8 -10

4 16 20 8 -10 16 8 -6 16 8 6 20 8 10

0 NOFILE

0 FILE stug-1x2.dat
0 Stud Group  1 x  2

0 Name: stug-1x2.dat

0 Author: Steffen [Steffen]

0 !LDRAW_ORG Primitive UPDATE 2011-01

0 !LICENSE Licensed under CC BY 4.0 : see CAreadme.txt



0 BFC CERTIFY CCW



0 !HISTORY 2011-07-25 [PTadmin] Official Update 2011-01





1 16 -10 0 0 1 0 0 0 1 0 0 0 1 stud.dat

1 16 10 0 0 1 0 0 0 1 0 0 0 1 stud.dat

0 NOFILE

0 FILE stud.dat
0 Stud

0 Name: stud.dat

0 Author: James Jessiman

0 !LDRAW_ORG Primitive UPDATE 2012-01

0 !LICENSE Licensed under CC BY 4.0 : see CAreadme.txt



0 BFC CERTIFY CCW



0 !HISTORY 2002-04-04 [sbliss] Modified for BFC compliance

0 !HISTORY 2002-04-25 [PTadmin] Official Update 2002-02

0 !HISTORY 2007-06-24 [PTadmin] Header formatted for Contributor Agreement

0 !HISTORY 2008-07-01 [PTadmin] Official Update 2008-01

0 !HISTORY 2012-02-16 [Philo] Changed to CCW

0 !HISTORY 2012-03-30 [PTadmin] Official Update 2012-01





1 16 0 0 0 6 0 0 0 1 0 0 0 6 4-4edge.dat

1 16 0 -4 0 6 0 0 0 1 0 0 0 6 4-4edge.dat

1 16 0 0 0 6 0 0 0 -4 0 0 0 6 4-4cyli.dat

1 16 0 -4 0 6 0 0 0 1 0 0 0 6 4-4disc.dat

0 NOFILE

0 FILE 4-4disc.dat
0 Disc 1.0

0 Name: 4-4disc.dat

0 Author: James Jessiman

0 !LDRAW_ORG Primitive UPDATE 2002-02

0 !LICENSE Licensed under CC BY 4.0 : see CAreadme.txt



0 BFC CERTIFY CCW



0 !HISTORY 1998-12-15 [PTadmin] Official Update 1998-10

0 !HISTORY 2002-03-23 [sbliss] Added BFC statement

0 !HISTORY 2002-04-25 [PTadmin] Official Update 2002-02

0 !HISTORY 2007-06-24 [PTadmin] Header formatted for Contributor Agreement

0 !HISTORY 2008-07-01 [PTadmin] Official Update 2008-01





3 16 0 0 0 1 0 0 0.9239 0 0.3827

3 16 0 0 0 0.9239 0 0.3827 0.7071 0 0.7071

3 16 0 0 0 0.7071 0 0.7071 0.3827 0 0.9239

3 16 0 0 0 0.3827 0 0.9239 0 0 1

3 16 0 0 0 0 0 1 -0.3827 0 0.9239

3 16 0 0 0 -0.3827 0 0.9239 -0.7071 0 0.7071

3 16 0 0 0 -0.7071 0 0.7071 -0.9239 0 0.3827

3 16 0 0 0 -0.9239 0 0.3827 -1 0 -0

3 16 0 0 0 -1 0 -0 -0.9239 0 -0.3827

3 16 0 0 0 -0.9239 0 -0.3827 -0.7071 0 -0.7071

3 16 0 0 0 -0.7071 0 -0.7071 -0.3827 0 -0.9239

3 16 0 0 0 -0.3827 0 -0.9239 0 0 -1

3 16 0 0 0 0 0 -1 0.3827 0 -0.9239

3 16 0 0 0 0.3827 0 -0.9239 0.7071 0 -0.7071

3 16 0 0 0 0.7071 0 -0.7071 0.9239 0 -0.3827

3 16 0 0 0 0.9239 0 -0.3827 1 0 0

0

0 NOFILE

0 FILE 4-4cyli.dat
0 Cylinder 1.0

0 Name: 4-4cyli.dat

0 Author: James Jessiman

0 !LDRAW_ORG Primitive UPDATE 2005-01

0 !LICENSE Licensed under CC BY 4.0 : see CAreadme.txt



0 BFC CERTIFY CCW



0 !HISTORY 1998-12-15 [PTadmin] Official Update 1998-10

0 !HISTORY 2002-03-23 [sbliss] Added BFC statement; merged headers from files in distributions LDraw 0.27 and Complete.

0 !HISTORY 2002-04-25 [PTadmin] Official Update 2002-02

0 !HISTORY 2004-12-14 [guyvivan] BFC CCW

0 !HISTORY 2005-12-28 [PTadmin] Official Update 2005-01

0 !HISTORY 2007-06-24 [PTadmin] Header formatted for Contributor Agreement

0 !HISTORY 2008-07-01 [PTadmin] Official Update 2008-01





4 16 1 1 0 0.9239 1 0.3827 0.9239 0 0.3827 1 0 0

5 24 1 0 0 1 1 0 0.9239 0 0.3827 0.9239 0 -0.3827

4 16 0.9239 1 0.3827 0.7071 1 0.7071 0.7071 0 0.7071 0.9239 0 0.3827

5 24 0.9239 0 0.3827 0.9239 1 0.3827 0.7071 0 0.7071 1 0 0

4 16 0.7071 1 0.7071 0.3827 1 0.9239 0.3827 0 0.9239 0.7071 0 0.7071

5 24 0.7071 0 0.7071 0.7071 1 0.7071 0.3827 0 0.9239 0.9239 0 0.3827

4 16 0.3827 1 0.9239 0 1 1 0 0 1 0.3827 0 0.9239

5 24 0.3827 0 0.9239 0.3827 1 0.9239 0 0 1 0.7071 0 0.7071

4 16 0 1 1 -0.3827 1 0.9239 -0.3827 0 0.9239 0 0 1

5 24 0 0 1 0 1 1 -0.3827 0 0.9239 0.3827 0 0.9239

4 16 -0.3827 1 0.9239 -0.7071 1 0.7071 -0.7071 0 0.7071 -0.3827 0 0.9239

5 24 -0.3827 0 0.9239 -0.3827 1 0.9239 -0.7071 0 0.7071 0 0 1

4 16 -0.7071 1 0.7071 -0.9239 1 0.3827 -0.9239 0 0.3827 -0.7071 0 0.7071

5 24 -0.7071 0 0.7071 -0.7071 1 0.7071 -0.9239 0 0.3827 -0.3827 0 0.9239

4 16 -0.9239 1 0.3827 -1 1 0 -1 0 0 -0.9239 0 0.3827

5 24 -0.9239 0 0.3827 -0.9239 1 0.3827 -1 0 0 -0.7071 0 0.7071

4 16 -1 1 0 -0.9239 1 -0.3827 -0.9239 0 -0.3827 -1 0 0

5 24 -1 0 0 -1 1 0 -0.9239 0 -0.3827 -0.9239 0 0.3827

4 16 -0.9239 1 -0.3827 -0.7071 1 -0.7071 -0.7071 0 -0.7071 -0.9239 0 -0.3827

5 24 -0.9239 0 -0.3827 -0.9239 1 -0.3827 -0.7071 0 -0.7071 -1 0 0

4 16 -0.7071 1 -0.7071 -0.3827 1 -0.9239 -0.3827 0 -0.9239 -0.7071 0 -0.7071

5 24 -0.7071 0 -0.7071 -0.7071 1 -0.7071 -0.3827 0 -0.9239 -0.9239 0 -0.3827

4 16 -0.3827 1 -0.9239 0 1 -1 0 0 -1 -0.3827 0 -0.9239

5 24 -0.3827 0 -0.9239 -0.3827 1 -0.9239 0 0 -1 -0.7071 0 -0.7071

4 16 0 1 -1 0.3827 1 -0.9239 0.3827 0 -0.9239 0 0 -1

5 24 0 0 -1 0 1 -1 0.3827 0 -0.9239 -0.3827 0 -0.9239

4 16 0.3827 1 -0.9239 0.7071 1 -0.7071 0.7071 0 -0.7071 0.3827 0 -0.9239

5 24 0.3827 0 -0.9239 0.3827 1 -0.9239 0.7071 0 -0.7071 0 0 -1

4 16 0.7071 1 -0.7071 0.9239 1 -0.3827 0.9239 0 -0.3827 0.7071 0 -0.7071

5 24 0.7071 0 -0.7071 0.7071 1 -0.7071 0.9239 0 -0.3827 0.3827 0 -0.9239

4 16 0.9239 1 -0.3827 1 1 0 1 0 0 0.9239 0 -0.3827

5 24 0.9239 0 -0.3827 0.9239 1 -0.3827 1 0 0 0.7071 0 -0.7071

0

0 NOFILE

0 FILE 4-4edge.dat
0 Circle 1.0

0 Name: 4-4edge.dat

0 Author: James Jessiman

0 !LDRAW_ORG Primitive UPDATE 2017-01

0 !LICENSE Licensed under CC BY 4.0 : see CAreadme.txt



0 BFC CERTIFY CCW



0 !HISTORY 1998-12-15 [PTadmin] Official Update 1998-10

0 !HISTORY 2005-12-28 [PTadmin] Official Update 2005-01

0 !HISTORY 2007-06-24 [PTadmin] Header formatted for Contributor Agreement

0 !HISTORY 2008-07-01 [PTadmin] Official Update 2008-01

0 !HISTORY 2017-01-15 [Steffen] BFCed

0 !HISTORY 2017-12-30 [PTadmin] Official Update 2017-01





2 24 1 0 0 0.9239 0 0.3827

2 24 0.9239 0 0.3827 0.7071 0 0.7071

2 24 0.7071 0 0.7071 0.3827 0 0.9239

2 24 0.3827 0 0.9239 0 0 1

2 24 0 0 1 -0.3827 0 0.9239

2 24 -0.3827 0 0.9239 -0.7071 0 0.7071

2 24 -0.7071 0 0.7071 -0.9239 0 0.3827

2 24 -0.9239 0 0.3827 -1 0 -0

2 24 -1 0 -0 -0.9239 0 -0.3827

2 24 -0.9239 0 -0.3827 -0.7071 0 -0.7071

2 24 -0.7071 0 -0.7071 -0.3827 0 -0.9239

2 24 -0.3827 0 -0.9239 0 0 -1

2 24 0 0 -1 0.3827 0 -0.9239

2 24 0.3827 0 -0.9239 0.7071 0 -0.7071

2 24 0.7071 0 -0.7071 0.9239 0 -0.3827

2 24 0.9239 0 -0.3827 1 0 0

0 NOFILE

0 FILE box4t.dat
0 Box with 4 Adjacent Faces and All Edges

0 Name: box4t.dat

0 Author: Tore Eriksson [Tore_Eriksson]

0 !LDRAW_ORG Primitive UPDATE 2003-02

0 !LICENSE Licensed under CC BY 4.0 : see CAreadme.txt



0 BFC CERTIFY CCW



0 !HISTORY 1997-09-29 [PTadmin] Official Update 1997-15

0 !HISTORY 2002-08-31 [izanette] Modified with WINDZ for BFC compliance

0 !HISTORY 2003-08-01 [PTadmin] Official Update 2003-02

0 !HISTORY 2007-06-24 [PTadmin] Header formatted for Contributor Agreement

0 !HISTORY 2008-07-01 [PTadmin] Official Update 2008-01





2 24 1 1 1 -1 1 1

2 24 -1 1 1 -1 1 -1

2 24 -1 1 -1 1 1 -1

2 24 1 1 -1 1 1 1

2 24 1 0 1 -1 0 1

2 24 -1 0 1 -1 0 -1

2 24 -1 0 -1 1 0 -1

2 24 1 0 -1 1 0 1

2 24 1 0 1 1 1 1

2 24 -1 0 1 -1 1 1

2 24 1 0 -1 1 1 -1

2 24 -1 0 -1 -1 1 -1

4 16 1 1 1 1 1 -1 -1 1 -1 -1 1 1

4 16 1 1 1 -1 1 1 -1 0 1 1 0 1

4 16 -1 1 1 -1 1 -1 -1 0 -1 -1 0 1

0 // 4 16 -1 1 -1 -1 0 -1 1 0 -1 1 1 -1

4 16 1 1 -1 1 1 1 1 0 1 1 0 -1

0

0 NOFILE

0 FILE box5.dat
0 Box with 5 Faces and All Edges

0 Name: box5.dat

0 Author: James Jessiman

0 !LDRAW_ORG Primitive UPDATE 2012-01

0 !LICENSE Licensed under CC BY 4.0 : see CAreadme.txt



0 BFC CERTIFY CCW



0 !HISTORY 2002-04-03 [sbliss] Modified for BFC compliance

0 !HISTORY 2002-04-25 [PTadmin] Official Update 2002-02

0 !HISTORY 2007-06-24 [PTadmin] Header formatted for Contributor Agreement

0 !HISTORY 2008-07-01 [PTadmin] Official Update 2008-01

0 !HISTORY 2012-02-16 [Philo] Changed to CCW

0 !HISTORY 2012-03-30 [PTadmin] Official Update 2012-01





2 24 1 1 1 -1 1 1

2 24 -1 1 1 -1 1 -1

2 24 -1 1 -1 1 1 -1

2 24 1 1 -1 1 1 1

2 24 1 0 1 -1 0 1

2 24 -1 0 1 -1 0 -1

2 24 -1 0 -1 1 0 -1

2 24 1 0 -1 1 0 1

2 24 1 0 1 1 1 1

2 24 -1 0 1 -1 1 1

2 24 1 0 -1 1 1 -1

2 24 -1 0 -1 -1 1 -1

4 16 -1 1 1 1 1 1 1 1 -1 -1 1 -1

4 16 -1 1 1 -1 0 1 1 0 1 1 1 1

4 16 -1 1 -1 -1 0 -1 -1 0 1 -1 1 1

4 16 1 1 -1 1 0 -1 -1 0 -1 -1 1 -1

4 16 1 1 1 1 0 1 1 0 -1 1 1 -1

0 NOFILE

0 FILE stud3.dat
0 Stud Tube Solid

0 Name: stud3.dat

0 Author: James Jessiman

0 !LDRAW_ORG Primitive UPDATE 2012-01

0 !LICENSE Licensed under CC BY 4.0 : see CAreadme.txt



0 BFC CERTIFY CCW



0 !HISTORY 2002-04-04 [sbliss] Modified for BFC compliance

0 !HISTORY 2002-04-25 [PTadmin] Official Update 2002-02

0 !HISTORY 2007-06-24 [PTadmin] Header formatted for Contributor Agreement

0 !HISTORY 2008-07-01 [PTadmin] Official Update 2008-01

0 !HISTORY 2012-02-16 [Philo] Changed to CCW

0 !HISTORY 2012-03-30 [PTadmin] Official Update 2012-01





1 16 0 -4 0 4 0 0 0 1 0 0 0 4 4-4edge.dat

1 16 0 0 0 4 0 0 0 1 0 0 0 4 4-4edge.dat

1 16 0 -4 0 4 0 0 0 1 0 0 0 4 4-4disc.dat

1 16 0 -4 0 4 0 0 0 4 0 0 0 4 4-4cyli.dat

0 NOFILE

0 FILE 6636.dat
0 Tile  1 x  6

0 Name: 6636.dat

0 Author: James Jessiman

0 !LDRAW_ORG Part UPDATE 2009-03

0 !LICENSE Licensed under CC BY 4.0 : see CAreadme.txt



0 BFC CERTIFY CCW



0 !HISTORY 2002-02-15 [BrickCaster] groove

0 !HISTORY 2002-08-18 [PTadmin] Official Update 2002-04

0 !HISTORY 2004-07-27 [guyvivan] Made BFC Compliant

0 !HISTORY 2004-11-06 [PTadmin] Official Update 2004-04

0 !HISTORY 2007-07-18 [PTadmin] Header formatted for Contributor Agreement

0 !HISTORY 2008-07-01 [PTadmin] Official Update 2008-01

0 !HISTORY 2008-07-07 [johnny-thunder] subfiled (2006-07-01)

0 !HISTORY 2009-12-29 [PTadmin] Official Update 2009-03





1 16 0 0 0 1 0 0 0 1 0 0 0 1 s__6636s01.dat

4 16 60 0 -10 60 0 10 -60 0 10 -60 0 -10

0

0 NOFILE

0 FILE s__6636s01.dat
0 ~Tile  1 x  6 without Top Face

0 Name: s\6636s01.dat

0 Author: Takeshi Takahashi [RainbowDolphin]

0 !LDRAW_ORG Subpart UPDATE 2024-05

0 !LICENSE Licensed under CC BY 4.0 : see CAreadme.txt



0 BFC CERTIFY CCW



0 !HISTORY 2009-12-29 [PTadmin] Official Update 2009-03

0 !HISTORY 2024-05-28 [RainbowDolphin] Total rewrite, original by C.L.Rasmussen [johnny-thunder]

0 !HISTORY 2024-06-30 [OrionP] Official Update 2024-05



1 16 0 8 0 59 0 0 0 -1 0 0 0 9 box4.dat

1 16 0 7 0 60 0 0 0 -7 0 0 0 10 box4.dat

0 BFC INVERTNEXT

1 16 0 8 0 56 0 0 0 -4 0 0 0 6 box5.dat

1 16 0 4 0 1 0 0 0 -1 0 0 0 -1 stug3-1x5.dat

4 16 59 8 9 56 8 6 -56 8 6 -59 8 9

4 16 -59 8 9 -56 8 6 -56 8 -6 -59 8 -9

4 16 -59 8 -9 -56 8 -6 56 8 -6 59 8 -9

4 16 59 8 -9 56 8 -6 56 8 6 59 8 9

4 16 60 7 10 59 7 9 -59 7 9 -60 7 10

4 16 -60 7 10 -59 7 9 -59 7 -9 -60 7 -10

4 16 -60 7 -10 -59 7 -9 59 7 -9 60 7 -10

4 16 60 7 -10 59 7 -9 59 7 9 60 7 10

0 NOFILE

0 FILE stug3-1x5.dat
0 Stud Tube Solid Group  1 x  5

0 Name: stug3-1x5.dat

0 Author: Steffen [Steffen]

0 !LDRAW_ORG Primitive UPDATE 2013-01

0 !LICENSE Licensed under CC BY 4.0 : see CAreadme.txt



0 BFC CERTIFY CCW



0 !HISTORY 2013-07-21 [PTadmin] Official Update 2013-01





1 16 -40 0 0 1 0 0 0 1 0 0 0 1 stud3.dat

1 16 -20 0 0 1 0 0 0 1 0 0 0 1 stud3.dat

1 16 0 0 0 1 0 0 0 1 0 0 0 1 stud3.dat

1 16 20 0 0 1 0 0 0 1 0 0 0 1 stud3.dat

1 16 40 0 0 1 0 0 0 1 0 0 0 1 stud3.dat

0 NOFILE

0 FILE 27263.dat
0 Tile  2 x  2 Corner without Corner

0 Name: 27263.dat

0 Author: Magnus Forsberg [MagFors]

0 !LDRAW_ORG Part UPDATE 2017-01

0 !LICENSE Licensed under CC BY 4.0 : see CAreadme.txt



0 BFC CERTIFY CCW



0 !HISTORY 2017-12-30 [PTadmin] Official Update 2017-01





2 24 6 4 6 6 8 6

0 BFC INVERTNEXT

1 16 20 8 0 -6 0 0 0 -4 0 0 0 6 box5.dat

0 BFC INVERTNEXT

1 16 0 8 20 -6 0 0 0 -4 0 0 0 6 box5.dat

0 BFC INVERTNEXT

1 16 10 8 6 -4 0 0 0 -4 0 0 0 -10 tri3a4.dat

0 BFC INVERTNEXT

1 16 6 8 10 0 0 -10 0 -4 0 -4 0 0 tri3a4.dat

1 16 -2.6213 6 8.6213 -1.3787 0 0 0 0 -2 1.3787 -1 0 rect.dat

1 16 8.6213 6 -2.6213 0 -1 1.3787 -2 0 0 0 0 -1.3787 rect.dat



4 16 6 8 14 6 8 10 -4 8 10 -6 8 14

4 16 -3.5355 8 4.9497 -9 8 10.4142 -6 8 14 -4 8 10

3 16 -4 8 10 -1.2426 8 7.2426 -3.5355 8 4.9497

4 16 -9 8 29 -6 8 26 -6 8 14 -9 8 10.4142

4 16 9 8 29 6 8 26 -6 8 26 -9 8 29

4 16 9 8 9 6 8 14 6 8 26 9 8 29

3 16 6 8 14 9 8 9 6 8 10

4 16 9 8 9 10 8 6 6 8 6 6 8 10

3 16 9 8 9 14 8 6 10 8 6

4 16 29 8 9 26 8 6 14 8 6 9 8 9

4 16 29 8 -9 26 8 -6 26 8 6 29 8 9

4 16 10.4142 8 -9 14 8 -6 26 8 -6 29 8 -9

3 16 7.2426 8 -1.2426 10 8 -4 4.9497 8 -3.5355

4 16 14 8 -6 10.4142 8 -9 4.9497 8 -3.5355 10 8 -4

4 16 14 8 6 14 8 -6 10 8 -4 10 8 6



3 16 -1.2426 4 7.2426 -4 4 10 6 4 6

3 16 -1.2426 4 7.2426 6 4 6 7.2426 4 -1.2426

3 16 7.2426 4 -1.2426 6 4 6 10 4 -4



1 16 7.682 7.5 -6.2677 0 1 2.73225 -0.5 0 0 0 0 -2.73225 rect.dat

1 16 -6.2678 7.5 7.682 2.73225 0 0 0 0 0.5 -2.73225 1 0 rect.dat

1 16 0 7.5 19.7071 0 0 -9 0.5 0 0 0 9.2929 0 box2-7.dat

0 BFC INVERTNEXT

1 16 19 7.5 19 0 -10 0 0.5 0 0 0 0 -10 box2-5.dat

1 16 19.7071 7.5 0 0 0 9.2929 0.5 0 0 0 -9 0 box2-7.dat



2 24 4.9497 7 -3.5355 4.2426 7 -4.2426

2 24 -3.5355 7 4.9497 -4.2426 7 4.2426

2 24 4.2426 7 -4.2426 4.2426 4 -4.2426

2 24 -4.2426 4 4.2426 -4.2426 7 4.2426

2 24 -1.2426 8 7.2426 -3.5355 8 4.9497

2 24 4.9497 8 -3.5355 7.2426 8 -1.2426

3 16 7.2426 8 -1.2426 4.9497 8 -3.5355 4.9497 7 -3.5355

4 16 7.2426 8 -1.2426 4.9497 7 -3.5355 4.2426 4 -4.2426 7.2426 4 -1.2426

3 16 4.9497 7 -3.5355 4.2426 7 -4.2426 4.2426 4 -4.2426

3 16 -4.2426 4 4.2426 -4.2426 7 4.2426 -3.5355 7 4.9497

4 16 -4.2426 4 4.2426 -3.5355 7 4.9497 -1.2426 8 7.2426 -1.2426 4 7.2426

3 16 -3.5355 7 4.9497 -3.5355 8 4.9497 -1.2426 8 7.2426

1 16 1.5 4 1.5 4.2426 0 -1.5 0 -1 0 -4.2426 0 -1.5 rect3.dat



2 24 10 7 -10 4.2426 7 -4.2426

2 24 -4.2426 7 4.2426 -10 7 10

4 16 9 7 9 10 7 10 30 7 10 29 7 9

4 16 29 7 9 30 7 10 30 7 -10 29 7 -9

4 16 29 7 -9 30 7 -10 10 7 -10 10.4142 7 -9

4 16 4.9497 7 -3.5355 10.4142 7 -9 10 7 -10 4.2426 7 -4.2426

4 16 -9 7 10.4142 -3.5355 7 4.9497 -4.2426 7 4.2426 -10 7 10

4 16 -9 7 10.4142 -10 7 10 -10 7 30 -9 7 29

4 16 -9 7 29 -10 7 30 10 7 30 9 7 29

4 16 9 7 29 10 7 30 10 7 10 9 7 9



1 16 20 3.5 0 0 0 10 3.5 0 0 0 -10 0 box2-5.dat

0 BFC INVERTNEXT

1 16 20 3.5 20 0 -10 0 3.5 0 0 0 0 -10 box2-7.dat

1 16 0 3.5 20 0 0 -10 3.5 0 0 0 10 0 box2-5.dat

4 16 4.2426 7 -4.2426 10 7 -10 10 0 -10 4.2426 4 -4.2426

4 16 -10 0 10 -10 7 10 -4.2426 7 4.2426 -4.2426 4 4.2426

4 16 -4.2426 4 4.2426 4.2426 4 -4.2426 10 0 -10 -10 0 10

2 24 -10 0 10 10 0 -10



0 // Top Surface

4 16 30 0 10 10 0 10 10 0 -10 30 0 -10

4 16 10 0 10 10 0 30 -10 0 30 -10 0 10

3 16 10 0 10 -10 0 10 10 0 -10

0 NOFILE

0 FILE rect3.dat
0 Rectangle with 3 Edges

0 Name: rect3.dat

0 Author: Mark Kennedy [mkennedy]

0 !LDRAW_ORG Primitive UPDATE 2010-01

0 !LICENSE Licensed under CC BY 4.0 : see CAreadme.txt



0 BFC CERTIFY CCW



0 !HISTORY 2003-08-01 [PTadmin] Official Update 2003-02

0 !HISTORY 2007-06-24 [PTadmin] Header formatted for Contributor Agreement

0 !HISTORY 2008-07-01 [PTadmin] Official Update 2008-01

0 !HISTORY 2010-01-17 [mikeheide] Change winding to CCW

0 !HISTORY 2010-04-05 [PTadmin] Official Update 2010-01





2 24 1 0 1 -1 0 1

2 24 1 0 1 1 0 -1

2 24 -1 0 1 -1 0 -1

4 16 -1 0 1 -1 0 -1 1 0 -1 1 0 1

0 //

0 NOFILE

0 FILE box2-7.dat
0 Box with  2 Faces without  7 Edges

0 Name: box2-7.dat

0 Author: Willy Tschager [Holly-Wood]

0 !LDRAW_ORG Primitive UPDATE 2024-01

0 !LICENSE Licensed under CC BY 4.0 : see CAreadme.txt



0 BFC CERTIFY CCW



0 !HISTORY 2009-05-02 [PTadmin] Official Update 2009-01

0 !HISTORY 2024-01-02 [Holly-Wood] Complete re-write, original by guyvivan

0 !HISTORY 2024-01-29 [OrionP] Official Update 2024-01



2 24 -1 1 -1 -1 1 1

2 24 1 1 1 1 1 -1

4 16 -1 1 1 1 1 1 1 1 -1 -1 1 -1



2 24 -1 1 1 -1 -1 1

2 24 1 1 1 1 -1 1

4 16 1 -1 1 1 1 1 -1 1 1 -1 -1 1



2 24 -1 1 1 1 1 1

0 NOFILE

0 FILE tri3a4.dat
0 Triangular Prism with 3 Adjacent Faces without 4 Edges

0 Name: tri3a4.dat

0 Author: Magnus Forsberg [MagFors]

0 !LDRAW_ORG Primitive UPDATE 2017-01

0 !LICENSE Licensed under CC BY 4.0 : see CAreadme.txt



0 BFC CERTIFY CCW



0 !HISTORY 2017-12-30 [PTadmin] Official Update 2017-01





2 24 0 1 1 0 1 0

2 24 0 1 0 1 1 0

2 24 0 0 1 0 0 0

2 24 0 0 0 1 0 0

2 24 0 0 0 0 1 0

4 16 0 1 1 0 1 0 0 0 0 0 0 1

4 16 0 1 0 1 1 0 1 0 0 0 0 0

3 16 0 1 0 0 1 1 1 1 0

0 NOFILE

0 FILE 43722.dat
0 ~Moved to 43722a

0 Name: 43722.dat

0 Author: Magnus Forsberg [MagFors]

0 !LDRAW_ORG Part UPDATE 2026-05

0 !LICENSE Licensed under CC BY 4.0 : see CAreadme.txt



0 BFC CERTIFY CCW



0 !HISTORY 2026-05-31 [OrionP] Official Update 2026-05



0 // Wing 2 x 3 Right

1 16 0 0 0 1 0 0 0 1 0 0 0 1 43722a.dat
0 NOFILE

0 FILE 43722a.dat
0 Wing  2 x  3 Right without Chamfer

0 Name: 43722a.dat

0 Author: Donald Sutter [technog]

0 !LDRAW_ORG Part UPDATE 2026-05

0 !LICENSE Licensed under CC BY 4.0 : see CAreadme.txt



0 BFC CERTIFY CCW



0 !KEYWORDS Bricklink 43722, Brickowl 97785, Brickset 43722, Rebrickable 43722

0 !KEYWORDS wedge plate



0 !HISTORY 2004-11-06 [PTadmin] Official Update 2004-04

0 !HISTORY 2007-07-04 [PTadmin] Header formatted for Contributor Agreement

0 !HISTORY 2008-07-01 [PTadmin] Official Update 2008-01

0 !HISTORY 2023-03-28 [Sirio] Modified subpart; introduced stud group

0 !HISTORY 2025-04-27 [OrionP] Official Update 2025-04

0 !HISTORY 2026-04-25 [MagFors] Renamed from 43722

0 !HISTORY 2026-05-31 [OrionP] Official Update 2026-05



1 16 0 0 0 1 0 0 0 1 0 0 0 1 s__43722as01.dat

1 16 10 0 0 0 0 -1 0 1 0 1 0 0 stug-1x3.dat

4 16 -20 0 30 0 0 -30 20 0 -30 20 0 30
0 NOFILE

0 FILE stug-1x3.dat
0 Stud Group  1 x  3

0 Name: stug-1x3.dat

0 Author: Steffen [Steffen]

0 !LDRAW_ORG Primitive UPDATE 2012-01

0 !LICENSE Licensed under CC BY 4.0 : see CAreadme.txt



0 BFC CERTIFY CCW



0 !HISTORY 2012-03-30 [PTadmin] Official Update 2012-01





1 16 -20 0 0 1 0 0 0 1 0 0 0 1 stud.dat

1 16 0 0 0 1 0 0 0 1 0 0 0 1 stud.dat

1 16 20 0 0 1 0 0 0 1 0 0 0 1 stud.dat

0 NOFILE

0 FILE s__43722as01.dat
0 ~Wing  2 x  3 Right without Chamfer without Studs and Top Face

0 Name: s\43722as01.dat

0 Author: Donald Sutter [technog]

0 !LDRAW_ORG Subpart UPDATE 2026-05

0 !LICENSE Licensed under CC BY 4.0 : see CAreadme.txt



0 BFC CERTIFY CCW



0 !HISTORY 2004-11-06 [PTadmin] Official Update 2004-04

0 !HISTORY 2007-09-05 [PTadmin] Header formatted for Contributor Agreement

0 !HISTORY 2008-07-01 [PTadmin] Official Update 2008-01

0 !HISTORY 2023-03-28 [Sirio] Removed top patternable faces; updated description; BFC CCW

0 !HISTORY 2025-04-27 [OrionP] Official Update 2025-04

0 !HISTORY 2026-04-26 [MagFors] Renamed from s\43722s01

0 !HISTORY 2026-05-31 [OrionP] Official Update 2026-05



0 // Primitives

0 BFC INVERTNEXT

1 16 .875 6 25.13 0 -15.415 -0.29 2 0 0 0 0 0.87 box2-5.dat

1 16 16 6 0 0 1 0 0 0 2 26 0 0 rect2p.dat

0 BFC INVERTNEXT

1 16 7.905 6 -21.985 0 1.345 -6.75 2 0 0 0 -4.015 0 box2-5.dat

1 16 0 4 0 0 20 0 4 0 0 0 0 30 box2-5.dat

1 16 10 4 -30 0 0 -10 4 0 0 0 1 0 rect3.dat

0 // Faces

4 16 16 4 26 16 4 -26 2.5 4 -26 -14.83 4 26

4 16 -20 8 30 -14.83 8 26 -14.25 8 24.26 -17.73 8 23.19

4 16 -20 8 30 20 8 30 16 8 26 -14.83 8 26

4 16 20 8 -30 16 8 -26 16 8 26 20 8 30

4 16 20 8 -30 0 8 -30 2.5 8 -26 16 8 -26

4 16 -20 0 30 -20 8 30 -17.73 8 23.19 -17.73 4 23.19

3 16 -20 0 30 -17.73 4 23.19 -14.27 4 12.81

4 16 -20 0 30 -14.27 4 12.81 -11.9 4 5.7 0 0 -30

3 16 0 0 -30 -11.9 4 5.7 -7.66 4 -7.02

4 16 0 0 -30 -7.66 4 -7.02 -7.66 8 -7.02 0 8 -30

0 // Edges

2 24 -20 8 30 -17.73 8 23.19

2 24 0 8 -30 -7.66 8 -7.02

2 24 -17.73 4 23.19 -14.27 4 12.81

2 24 -20 0 30 0 0 -30

0 // Half understud

0 BFC INVERTNEXT

1 16 0 4 -10 0 0 6 0 4 0 -6 0 0 1-4cylo.dat

0 BFC INVERTNEXT

1 16 0 4 -10 6 0 0 0 4 0 0 0 6 3-8cylo.dat

1 16 0 8 -10 0 0 2 0 -1 0 -2 0 0 1-4ring3.dat

1 16 0 8 -10 2 0 0 0 -1 0 0 0 2 3-8ring3.dat

1 16 0 4 -10 0 0 8 0 4 0 -8 0 0 1-4cylo.dat

1 16 0 4 -10 8 0 0 0 4 0 0 0 8 3-8cylo.dat

0 // Complete understud

0 BFC INVERTNEXT

1 16 0 4 10 6 0 0 0 4 0 0 0 6 4-4cylo.dat

1 16 0 8 10 2 0 0 0 -1 0 0 0 -2 7-16ring3.dat

1 16 0 8 10 2 0 0 0 -1 0 0 0 2 2-4ring3.dat

1 16 0 8 10 -6 0 0 0 -1 0 0 0 -6 1-16tndis.dat

1 16 0 4 10 0 0 -8 0 4 0 -8 0 0 3-16cylo.dat

1 16 0 4 10 0 0 8 0 4 0 -8 0 0 3-4cylo.dat

0 // Complementary faces

1 16 -15.99 6 23.725 1.74 -1 0 0 0 2 .535 0 0 rect.dat

1 16 -12.55 6 13.405 1.72 1 0 0 0 2 .595 0 0 rect.dat

0 BFC INVERTNEXT

1 16 -9.415 6 12 0 -.68 .735 2 0 0 0 -.205 -2.205 box2-7.dat

1 16 -13.085 6 9.255 0 1 1.185 2 0 0 0 0 -3.555 rect1.dat

1 16 -9.6456 6 6.3192 0 -1 2.2544 2 0 0 0 0 .6192 rect.dat

1 16 -6.524 6 -5.6408 .8672 1 0 0 0 2 1.2976 0 0 rect2p.dat

1 16 -7.5256 6 -6.9792 .1344 1 0 0 0 2 .0408 0 0 rect.dat

0 BFC INVERTNEXT

1 16 -2.1213 6 -10.8787 0 -.445 1.6763 2 0 0 0 .0885 -5.0328 box2-7.dat

1 16 -.095 6 -17.985 -.095 1 0 0 0 2 .015 0 0 rect2p.dat

0 // Faces

4 16 -11.9 8 5.7 -14.27 8 12.81 -10.83 8 14 -9.36 8 9.59

4 16 -11.9 8 5.7 -9.36 8 9.59 -8 8 10 -6 8 10

3 16 -11.9 8 5.7 -6 8 10 -6 8 7.7038

4 16 -11.9 8 5.7 -6 8 7.7038 -5.5434 8 7.7038 -7.3912 8 6.9384

4 16 -.89 8 -15.823 -7.3912 8 -6.9384 -5.6568 8 -4.3432 -4.2426 8 -5.7574

4 16 -.89 8 -15.823 -.19 8 -17.97 -7.66 8 -7.02 -7.3912 8 -6.9384

4 16 -.89 8 -15.823 0 8 -16 0 8 -18 -.19 8 -17.97

4 16 0 8 -30 -7.66 8 -7.02 -.19 8 -17.97 2.5 8 -26

4 16 -14.27 4 12.81 -17.73 4 23.19 -14.25 4 24.26 -10.83 4 14

4 16 -9.36 4 9.59 -7.3912 4 -6.9384 -7.66 4 -7.02 -11.9 4 5.7

3 16 -9.36 4 9.59 -4.2426 4 -5.7574 -7.3912 4 -6.9384

0 // Edges

2 24 -8 8 10 -8 4 10

2 24 -4.2426 8 -5.7574 -4.2426 4 -5.7574

2 24 -11.9 4 5.7 -7.66 4 -7.02

0 // Conditional lines

5 24 -5.6568 8 -4.3432 -5.6568 4 -4.3432 -3.0616 8 -2.6088 -7.3912 8 -6.9384

5 24 0 8 -16 0 4 -16 2.2962 8 -15.5434 -.89 8 -15.823

5 24 0 8 -18 0 4 -18 3.0616 8 -17.3912 -.19 8 -17.97
0 NOFILE

0 FILE rect1.dat
0 Rectangle with 1 Edge

0 Name: rect1.dat

0 Author: Chris Dee [cwdee]

0 !LDRAW_ORG Primitive UPDATE 2010-01

0 !LICENSE Licensed under CC BY 4.0 : see CAreadme.txt



0 BFC CERTIFY CCW



0 !HISTORY 2003-12-19 [PTadmin] Official Update 2003-03

0 !HISTORY 2007-06-24 [PTadmin] Header formatted for Contributor Agreement

0 !HISTORY 2008-07-01 [PTadmin] Official Update 2008-01

0 !HISTORY 2010-01-17 [mikeheide] changed winding to CCW

0 !HISTORY 2010-04-05 [PTadmin] Official Update 2010-01





2 24 1 0 -1 1 0 1

4 16 -1 0 1 -1 0 -1 1 0 -1 1 0 1

0

0 NOFILE

0 FILE 3-4cylo.dat
0 Cylinder Open 0.75

0 Name: 3-4cylo.dat

0 Author: Philippe Hurbain [Philo]

0 !LDRAW_ORG Primitive UPDATE 2011-02

0 !LICENSE Licensed under CC BY 4.0 : see CAreadme.txt



0 BFC CERTIFY CCW



0 !HISTORY 2011-12-29 [PTadmin] Official Update 2011-02





1 16 0 0 0 1 0 0 0 1 0 0 0 1 3-4edge.dat

1 16 0 1 0 1 0 0 0 1 0 0 0 1 3-4edge.dat

1 16 0 0 0 1 0 0 0 1 0 0 0 1 3-4cyli.dat

0 NOFILE

0 FILE 3-4cyli.dat
0 Cylinder 0.75

0 Name: 3-4cyli.dat

0 Author: James Jessiman

0 !LDRAW_ORG Primitive UPDATE 2005-01

0 !LICENSE Licensed under CC BY 4.0 : see CAreadme.txt



0 BFC CERTIFY CCW



0 !HISTORY 2002-03-23 [sbliss] Added BFC statement; compacted code

0 !HISTORY 2002-04-25 [PTadmin] Official Update 2002-02

0 !HISTORY 2004-12-11 [nielsk] Recreated using Primitive Generator, Edge lines fixed, BFC changed to CCW

0 !HISTORY 2005-12-28 [PTadmin] Official Update 2005-01

0 !HISTORY 2007-06-24 [PTadmin] Header formatted for Contributor Agreement

0 !HISTORY 2008-07-01 [PTadmin] Official Update 2008-01





4 16 .9239 1 .3827 .9239 0 .3827 1 0 0 1 1 0

4 16 .7071 1 .7071 .7071 0 .7071 .9239 0 .3827 .9239 1 .3827

4 16 .3827 1 .9239 .3827 0 .9239 .7071 0 .7071 .7071 1 .7071

4 16 0 1 1 0 0 1 .3827 0 .9239 .3827 1 .9239

4 16 -.3827 1 .9239 -.3827 0 .9239 0 0 1 0 1 1

4 16 -.7071 1 .7071 -.7071 0 .7071 -.3827 0 .9239 -.3827 1 .9239

4 16 -.9239 1 .3827 -.9239 0 .3827 -.7071 0 .7071 -.7071 1 .7071

4 16 -1 1 0 -1 0 0 -.9239 0 .3827 -.9239 1 .3827

4 16 -.9239 1 -.3827 -.9239 0 -.3827 -1 0 0 -1 1 0

4 16 -.7071 1 -.7071 -.7071 0 -.7071 -.9239 0 -.3827 -.9239 1 -.3827

4 16 -.3827 1 -.9239 -.3827 0 -.9239 -.7071 0 -.7071 -.7071 1 -.7071

4 16 0 1 -1 0 0 -1 -.3827 0 -.9239 -.3827 1 -.9239

5 24 1 1 0 1 0 0 1 1 -.4142 .9239 1 .3827

5 24 .9239 1 .3827 .9239 0 .3827 1 1 0 .7071 1 .7071

5 24 .7071 1 .7071 .7071 0 .7071 .9239 1 .3827 .3827 1 .9239

5 24 .3827 1 .9239 .3827 0 .9239 .7071 1 .7071 0 1 1

5 24 0 1 1 0 0 1 .3827 1 .9239 -.3827 1 .9239

5 24 -.3827 1 .9239 -.3827 0 .9239 0 1 1 -.7071 1 .7071

5 24 -.7071 1 .7071 -.7071 0 .7071 -.3827 1 .9239 -.9239 1 .3827

5 24 -.9239 1 .3827 -.9239 0 .3827 -.7071 1 .7071 -1 1 0

5 24 -1 1 0 -1 0 0 -.9239 1 .3827 -.9239 1 -.3827

5 24 -.9239 1 -.3827 -.9239 0 -.3827 -1 1 0 -.7071 1 -.7071

5 24 -.7071 1 -.7071 -.7071 0 -.7071 -.9239 1 -.3827 -.3827 1 -.9239

5 24 -.3827 1 -.9239 -.3827 0 -.9239 -.7071 1 -.7071 0 1 -1

5 24 0 1 -1 0 0 -1 -.3827 1 -.9239 .4142 1 -1

0

0 NOFILE

0 FILE 3-4edge.dat
0 Circle 0.75

0 Name: 3-4edge.dat

0 Author: James Jessiman

0 !LDRAW_ORG Primitive UPDATE 2017-01

0 !LICENSE Licensed under CC BY 4.0 : see CAreadme.txt



0 BFC CERTIFY CCW



0 !HISTORY 2007-06-24 [PTadmin] Header formatted for Contributor Agreement

0 !HISTORY 2008-07-01 [PTadmin] Official Update 2008-01

0 !HISTORY 2017-01-15 [Steffen] BFCed

0 !HISTORY 2017-12-30 [PTadmin] Official Update 2017-01





2 24 1 0 0 0.9239 0 0.3827

2 24 0.9239 0 0.3827 0.7071 0 0.7071

2 24 0.7071 0 0.7071 0.3827 0 0.9239

2 24 0.3827 0 0.9239 0 0 1

2 24 0 0 1 -0.3827 0 0.9239

2 24 -0.3827 0 0.9239 -0.7071 0 0.7071

2 24 -0.7071 0 0.7071 -0.9239 0 0.3827

2 24 -0.9239 0 0.3827 -1 0 0

2 24 -1 0 -0 -0.9239 0 -0.3827

2 24 -0.9239 0 -0.3827 -0.7071 0 -0.7071

2 24 -0.7071 0 -0.7071 -0.3827 0 -0.9239

2 24 -0.3827 0 -0.9239 0 0 -1

0 NOFILE

0 FILE 3-16cylo.dat
0 Cylinder Open 0.1875

0 Name: 3-16cylo.dat

0 Author: J.C. Tchang [tchang]

0 !LDRAW_ORG Primitive UPDATE 2013-01

0 !LICENSE Licensed under CC BY 4.0 : see CAreadme.txt



0 BFC CERTIFY CCW



0 !HISTORY 2013-07-21 [PTadmin] Official Update 2013-01





1 16 0 0 0 1 0 0 0 1 0 0 0 1 3-16edge.dat

1 16 0 1 0 1 0 0 0 1 0 0 0 1 3-16edge.dat

1 16 0 0 0 1 0 0 0 1 0 0 0 1 3-16cyli.dat

0 NOFILE

0 FILE 3-16cyli.dat
0 Cylinder 0.1875

0 Name: 3-16cyli.dat

0 Author: Mark Kennedy [mkennedy]

0 !LDRAW_ORG Primitive UPDATE 2005-01

0 !LICENSE Licensed under CC BY 4.0 : see CAreadme.txt



0 BFC CERTIFY CCW



0 !HISTORY 2004-03-02 [PTadmin] Official Update 2004-01

0 !HISTORY 2004-12-11 [nielsk] Recreated using Primitive Generator, Edge lines fixed, BFC changed to CCW

0 !HISTORY 2005-12-28 [PTadmin] Official Update 2005-01

0 !HISTORY 2007-06-24 [PTadmin] Header formatted for Contributor Agreement

0 !HISTORY 2008-07-01 [PTadmin] Official Update 2008-01





4 16 .9239 1 .3827 .9239 0 .3827 1 0 0 1 1 0

4 16 .7071 1 .7071 .7071 0 .7071 .9239 0 .3827 .9239 1 .3827

4 16 .3827 1 .9239 .3827 0 .9239 .7071 0 .7071 .7071 1 .7071

5 24 1 1 0 1 0 0 1 1 -.4142 .9239 1 .3827

5 24 .9239 1 .3827 .9239 0 .3827 1 1 0 .7071 1 .7071

5 24 .7071 1 .7071 .7071 0 .7071 .9239 1 .3827 .3827 1 .9239

5 24 .3827 1 .9239 .3827 0 .9239 .7071 1 .7071 0 1 1.0824

0

0 NOFILE

0 FILE 3-16edge.dat
0 Circle 0.1875

0 Name: 3-16edge.dat

0 Author: Donald Sutter [technog]

0 !LDRAW_ORG Primitive UPDATE 2017-01

0 !LICENSE Licensed under CC BY 4.0 : see CAreadme.txt



0 BFC CERTIFY CCW



0 !HISTORY 2004-03-02 [PTadmin] Official Update 2004-01

0 !HISTORY 2007-06-24 [PTadmin] Header formatted for Contributor Agreement

0 !HISTORY 2008-07-01 [PTadmin] Official Update 2008-01

0 !HISTORY 2017-01-15 [Steffen] BFCed

0 !HISTORY 2017-12-30 [PTadmin] Official Update 2017-01





2 24 1 0 0 0.9239 0 0.3827

2 24 0.9239 0 0.3827 0.7071 0 0.7071

2 24 0.7071 0 0.7071 0.3827 0 0.9239

0 NOFILE

0 FILE 1-16tndis.dat
0 Disc Negative Truncated 0.0625

0 Name: 1-16tndis.dat

0 Author: Massimo Maso [Sirio]

0 !LDRAW_ORG Primitive UPDATE 2022-03

0 !LICENSE Licensed under CC BY 4.0 : see CAreadme.txt



0 BFC CERTIFY CCW



0 !HISTORY 2022-05-07 [PTadmin] Official Update 2022-03





3 16 1 0 .3827 .9239 0 .3827 1 0 0

0 NOFILE

0 FILE 2-4ring3.dat
0 Ring  3 x 0.5

0 Name: 2-4ring3.dat

0 Author: James Jessiman

0 !LDRAW_ORG Primitive UPDATE 2012-01

0 !LICENSE Licensed under CC BY 4.0 : see CAreadme.txt



0 BFC CERTIFY CCW



0 !HISTORY 1998-12-15 [PTadmin] Official Update 1998-10

0 !HISTORY 2003-01-21 [cavehop] Update Added BFC and some header info

0 !HISTORY 2003-03-12 [PTadmin] Official Update 2003-01

0 !HISTORY 2003-08-01 [PTadmin] Official Update 2003-02

0 !HISTORY 2007-06-24 [PTadmin] Header formatted for Contributor Agreement

0 !HISTORY 2008-07-01 [PTadmin] Official Update 2008-01

0 !HISTORY 2012-02-16 [Philo] Changed to CCW

0 !HISTORY 2012-03-30 [PTadmin] Official Update 2012-01





4 16 4 0 0 3.6956 0 1.5308 2.7717 0 1.1481 3 0 0

4 16 3.6956 0 1.5308 2.8284 0 2.8284 2.1213 0 2.1213 2.7717 0 1.1481

4 16 2.8284 0 2.8284 1.5308 0 3.6956 1.1481 0 2.7717 2.1213 0 2.1213

4 16 1.5308 0 3.6956 0 0 4 0 0 3 1.1481 0 2.7717

4 16 0 0 4 -1.5308 0 3.6956 -1.1481 0 2.7717 0 0 3

4 16 -1.5308 0 3.6956 -2.8284 0 2.8284 -2.1213 0 2.1213 -1.1481 0 2.7717

4 16 -2.8284 0 2.8284 -3.6956 0 1.5308 -2.7717 0 1.1481 -2.1213 0 2.1213

4 16 -3.6956 0 1.5308 -4 0 0 -3 0 0 -2.7717 0 1.1481

0 NOFILE

0 FILE 7-16ring3.dat
0 Ring  3 x 0.4375

0 Name: 7-16ring3.dat

0 Author: Alex Taylor [anathema]

0 !LDRAW_ORG Primitive UPDATE 2024-02

0 !LICENSE Licensed under CC BY 4.0 : see CAreadme.txt



0 BFC CERTIFY CCW



0 !HISTORY 2010-04-05 [PTadmin] Official Update 2010-01

0 !HISTORY 2024-03-23 [OrionP] Moved from 7-16rin3.dat

0 !HISTORY 2024-03-24 [OrionP] Official Update 2024-02



4 16 3 0 0 4 0 0 3.6956 0 1.5308 2.7717 0 1.1481

4 16 2.7717 0 1.1481 3.6956 0 1.5308 2.8284 0 2.8284 2.1213 0 2.1213

4 16 2.1213 0 2.1213 2.8284 0 2.8284 1.5308 0 3.6956 1.1481 0 2.7717

4 16 1.1481 0 2.7717 1.5308 0 3.6956 0 0 4 0 0 3

4 16 0 0 3 0 0 4 -1.5308 0 3.6956 -1.1481 0 2.7717

4 16 -1.1481 0 2.7717 -1.5308 0 3.6956 -2.8284 0 2.8284 -2.1213 0 2.1213

4 16 -2.1213 0 2.1213 -2.8284 0 2.8284 -3.6956 0 1.5308 -2.7717 0 1.1481

0

0 NOFILE

0 FILE 4-4cylo.dat
0 Cylinder Open 1.0

0 Name: 4-4cylo.dat

0 Author: Mark Kennedy [mkennedy]

0 !LDRAW_ORG Primitive UPDATE 2010-01

0 !LICENSE Licensed under CC BY 4.0 : see CAreadme.txt



0 BFC CERTIFY CCW



0 !HISTORY 2010-04-05 [PTadmin] Official Update 2010-01





1 16 0 0 0 1 0 0 0 1 0 0 0 1 4-4edge.dat

1 16 0 1 0 1 0 0 0 1 0 0 0 1 4-4edge.dat

1 16 0 0 0 1 0 0 0 1 0 0 0 1 4-4cyli.dat

0
0 NOFILE

0 FILE 3-8ring3.dat
0 Ring  3 x 0.375

0 Name: 3-8ring3.dat

0 Author: Niels Karsdorp [nielsk]

0 !LDRAW_ORG Primitive UPDATE 2005-01

0 !LICENSE Licensed under CC BY 4.0 : see CAreadme.txt



0 BFC CERTIFY CCW



0 !HISTORY 2004-11-10 [nielsk] changed to CCW

0 !HISTORY 2005-12-28 [PTadmin] Official Update 2005-01

0 !HISTORY 2007-06-24 [PTadmin] Header formatted for Contributor Agreement

0 !HISTORY 2008-07-01 [PTadmin] Official Update 2008-01





4 16 4 0 0 3.6956 0 1.5308 2.7717 0 1.1481 3 0 0

4 16 3.6956 0 1.5308 2.8284 0 2.8284 2.1213 0 2.1213 2.7717 0 1.1481

4 16 2.8284 0 2.8284 1.5308 0 3.6956 1.1481 0 2.7717 2.1213 0 2.1213

4 16 1.5308 0 3.6956 0 0 4 0 0 3 1.1481 0 2.7717

4 16 0 0 4 -1.5308 0 3.6956 -1.1481 0 2.7717 0 0 3

4 16 -1.5308 0 3.6956 -2.8284 0 2.8284 -2.1213 0 2.1213 -1.1481 0 2.7717

0

0 NOFILE

0 FILE 1-4ring3.dat
0 Ring  3 x 0.25

0 Name: 1-4ring3.dat

0 Author: Willy Tschager [Holly-Wood]

0 !LDRAW_ORG Primitive UPDATE 2024-01

0 !LICENSE Licensed under CC BY 4.0 : see CAreadme.txt



0 BFC CERTIFY CCW



0 !HISTORY 1999-07-05 [PTadmin] Official Update 1999-05

0 !HISTORY 2003-01-21 [cavehop] Update Added BFC and 1 digit of significance

0 !HISTORY 2003-05-21 [cavehop] Corrected values as indicated by pneaster

0 !HISTORY 2003-06-12 [cavehop] Re-corrected values as indicated by pneaster

0 !HISTORY 2003-08-01 [PTadmin] Official Update 2003-02

0 !HISTORY 2007-06-22 [PTadmin] Header formatted for Contributor Agreement

0 !HISTORY 2008-07-01 [PTadmin] Official Update 2008-01

0 !HISTORY 2012-02-16 [Philo] Changed to CCW

0 !HISTORY 2012-03-30 [PTadmin] Official Update 2012-01

0 !HISTORY 2024-01-04 [Holly-Wood] Complete re-write, original by Karim Nassar

0 !HISTORY 2024-01-29 [OrionP] Official Update 2024-01



4 16 4 0 0 3.6956 0 1.5308 2.7717 0 1.1481 3 0 0

4 16 3.6956 0 1.5308 2.8284 0 2.8284 2.1213 0 2.1213 2.7717 0 1.1481

4 16 2.8284 0 2.8284 1.5308 0 3.6956 1.1481 0 2.7717 2.1213 0 2.1213

4 16 1.5308 0 3.6956 0 0 4 0 0 3 1.1481 0 2.7717

0 // Build by LDPartEditor (PrimGen 2.X)

0 NOFILE

0 FILE 3-8cylo.dat
0 Cylinder Open 0.375

0 Name: 3-8cylo.dat

0 Author: J.C. Tchang [tchang]

0 !LDRAW_ORG Primitive UPDATE 2013-01

0 !LICENSE Licensed under CC BY 4.0 : see CAreadme.txt



0 BFC CERTIFY CCW



0 !HISTORY 2013-07-21 [PTadmin] Official Update 2013-01





1 16 0 0 0 1 0 0 0 1 0 0 0 1 3-8edge.dat

1 16 0 1 0 1 0 0 0 1 0 0 0 1 3-8edge.dat

1 16 0 0 0 1 0 0 0 1 0 0 0 1 3-8cyli.dat

0 NOFILE

0 FILE 3-8cyli.dat
0 Cylinder 0.375

0 Name: 3-8cyli.dat

0 Author: James Jessiman

0 !LDRAW_ORG Primitive UPDATE 2005-01

0 !LICENSE Licensed under CC BY 4.0 : see CAreadme.txt



0 BFC CERTIFY CCW



0 !HISTORY 2002-05-08 [OrionP] Made BFC compliant

0 !HISTORY 2002-08-18 [PTadmin] Official Update 2002-04

0 !HISTORY 2004-12-11 [nielsk] Recreated using Primitive Generator, Edge lines fixed, BFC changed to CCW

0 !HISTORY 2005-12-28 [PTadmin] Official Update 2005-01

0 !HISTORY 2007-06-24 [PTadmin] Header formatted for Contributor Agreement

0 !HISTORY 2008-07-01 [PTadmin] Official Update 2008-01





4 16 .9239 1 .3827 .9239 0 .3827 1 0 0 1 1 0

4 16 .7071 1 .7071 .7071 0 .7071 .9239 0 .3827 .9239 1 .3827

4 16 .3827 1 .9239 .3827 0 .9239 .7071 0 .7071 .7071 1 .7071

4 16 0 1 1 0 0 1 .3827 0 .9239 .3827 1 .9239

4 16 -.3827 1 .9239 -.3827 0 .9239 0 0 1 0 1 1

4 16 -.7071 1 .7071 -.7071 0 .7071 -.3827 0 .9239 -.3827 1 .9239

5 24 1 1 0 1 0 0 1 1 -.4142 .9239 1 .3827

5 24 .9239 1 .3827 .9239 0 .3827 1 1 0 .7071 1 .7071

5 24 .7071 1 .7071 .7071 0 .7071 .9239 1 .3827 .3827 1 .9239

5 24 .3827 1 .9239 .3827 0 .9239 .7071 1 .7071 0 1 1

5 24 0 1 1 0 0 1 .3827 1 .9239 -.3827 1 .9239

5 24 -.3827 1 .9239 -.3827 0 .9239 0 1 1 -.7071 1 .7071

5 24 -.7071 1 .7071 -.7071 0 .7071 -.3827 1 .9239 -1 1 .4142

0

0 NOFILE

0 FILE 3-8edge.dat
0 Circle 0.375

0 Name: 3-8edge.dat

0 Author: James Jessiman

0 !LDRAW_ORG Primitive UPDATE 2017-01

0 !LICENSE Licensed under CC BY 4.0 : see CAreadme.txt



0 BFC CERTIFY CCW



0 !HISTORY 2007-06-24 [PTadmin] Header formatted for Contributor Agreement

0 !HISTORY 2008-07-01 [PTadmin] Official Update 2008-01

0 !HISTORY 2017-01-15 [Steffen] BFCed

0 !HISTORY 2017-12-30 [PTadmin] Official Update 2017-01





2 24 1 0 0 0.9239 0 0.3827

2 24 0.9239 0 0.3827 0.7071 0 0.7071

2 24 0.7071 0 0.7071 0.3827 0 0.9239

2 24 0.3827 0 0.9239 0 0 1

2 24 0 0 1 -0.3827 0 0.9239

2 24 -0.3827 0 0.9239 -0.7071 0 0.7071

0 NOFILE

0 FILE 1-4cylo.dat
0 Cylinder Open 0.25

0 Name: 1-4cylo.dat

0 Author: Max Martin Richter [MMR1988]

0 !LDRAW_ORG Primitive UPDATE 2010-03

0 !LICENSE Licensed under CC BY 4.0 : see CAreadme.txt



0 BFC CERTIFY CCW



0 !HISTORY 2010-12-31 [PTadmin] Official Update 2010-03





1 16 0 0 0 1 0 0 0 1 0 0 0 1 1-4edge.dat

1 16 0 1 0 1 0 0 0 1 0 0 0 1 1-4edge.dat

1 16 0 0 0 1 0 0 0 1 0 0 0 1 1-4cyli.dat

0 NOFILE

0 FILE 1-4cyli.dat
0 Cylinder 0.25

0 Name: 1-4cyli.dat

0 Author: James Jessiman

0 !LDRAW_ORG Primitive UPDATE 2012-01

0 !LICENSE Licensed under CC BY 4.0 : see CAreadme.txt



0 BFC CERTIFY CCW



0 !HISTORY 2002-03-23 [sbliss] Added BFC statement.

0 !HISTORY 2002-04-25 [PTadmin] Official Update 2002-02

0 !HISTORY 2007-06-22 [PTadmin] Header formatted for Contributor Agreement

0 !HISTORY 2008-07-01 [PTadmin] Official Update 2008-01

0 !HISTORY 2012-02-16 [Philo] Changed to CCW

0 !HISTORY 2012-03-30 [PTadmin] Official Update 2012-01





4 16 1 1 0 0.9239 1 0.3827 0.9239 0 0.3827 1 0 0

5 24 1 0 0 1 1 0 0.9239 0 0.3827 1 0 -1

4 16 0.9239 1 0.3827 0.7071 1 0.7071 0.7071 0 0.7071 0.9239 0 0.3827

5 24 0.9239 0 0.3827 0.9239 1 0.3827 0.7071 0 0.7071 1 0 0

4 16 0.7071 1 0.7071 0.3827 1 0.9239 0.3827 0 0.9239 0.7071 0 0.7071

5 24 0.7071 0 0.7071 0.7071 1 0.7071 0.3827 0 0.9239 0.9239 0 0.3827

4 16 0.3827 1 0.9239 0 1 1 0 0 1 0.3827 0 0.9239

5 24 0.3827 0 0.9239 0.3827 1 0.9239 0 0 1 0.7071 0 0.7071

5 24 0 0 1 0 1 1 0.3827 0 0.9239 -1 0 1

0 NOFILE

0 FILE 1-4edge.dat
0 Circle 0.25

0 Name: 1-4edge.dat

0 Author: James Jessiman

0 !LDRAW_ORG Primitive UPDATE 2017-01

0 !LICENSE Licensed under CC BY 4.0 : see CAreadme.txt



0 BFC CERTIFY CCW



0 !HISTORY 2007-06-22 [PTadmin] Header formatted for Contributor Agreement

0 !HISTORY 2008-07-01 [PTadmin] Official Update 2008-01

0 !HISTORY 2017-01-15 [Steffen] BFCed

0 !HISTORY 2017-12-30 [PTadmin] Official Update 2017-01





2 24 1 0 0 0.9239 0 0.3827

2 24 0.9239 0 0.3827 0.7071 0 0.7071

2 24 0.7071 0 0.7071 0.3827 0 0.9239

2 24 0.3827 0 0.9239 0 0 1

0 NOFILE

0 FILE rect2p.dat
0 Rectangle with 2 Parallel Edges

0 Name: rect2p.dat

0 Author: Donald Sutter [technog]

0 !LDRAW_ORG Primitive UPDATE 2010-01

0 !LICENSE Licensed under CC BY 4.0 : see CAreadme.txt



0 BFC CERTIFY CCW



0 !HISTORY 2003-08-01 [PTadmin] Official Update 2003-02

0 !HISTORY 2007-06-24 [PTadmin] Header formatted for Contributor Agreement

0 !HISTORY 2008-07-01 [PTadmin] Official Update 2008-01

0 !HISTORY 2010-01-17 [mikeheide] changed winding to CCW

0 !HISTORY 2010-04-05 [PTadmin] Official Update 2010-01





2 24 1 0 1 -1 0 1

2 24 -1 0 -1 1 0 -1

4 16 -1 0 1 -1 0 -1 1 0 -1 1 0 1

0

0 NOFILE

0 FILE 43723.dat
0 ~Moved to 43723a

0 Name: 43723.dat

0 Author: Magnus Forsberg [MagFors]

0 !LDRAW_ORG Part UPDATE 2026-05

0 !LICENSE Licensed under CC BY 4.0 : see CAreadme.txt



0 BFC CERTIFY CCW



0 !HISTORY 2026-05-31 [OrionP] Official Update 2026-05



0 // Wing 2 x 3 Left

1 16 0 0 0 1 0 0 0 1 0 0 0 1 43723a.dat
0 NOFILE

0 FILE 43723a.dat
0 Wing  2 x  3 Left without Chamfer

0 Name: 43723a.dat

0 Author: Donald Sutter [technog]

0 !LDRAW_ORG Part UPDATE 2026-05

0 !LICENSE Licensed under CC BY 4.0 : see CAreadme.txt



0 BFC CERTIFY CCW



0 !KEYWORDS Bricklink 43723, Brickowl 724978, Brickset 43723, Rebrickable 43723

0 !KEYWORDS wedge plate



0 !HISTORY 2004-11-06 [PTadmin] Official Update 2004-04

0 !HISTORY 2007-07-04 [PTadmin] Header formatted for Contributor Agreement

0 !HISTORY 2008-07-01 [PTadmin] Official Update 2008-01

0 !HISTORY 2023-03-28 [Sirio] Modified subpart; introduced stud group

0 !HISTORY 2025-04-27 [OrionP] Official Update 2025-04

0 !HISTORY 2026-04-25 [MagFors] Renamed from 43723

0 !HISTORY 2026-05-31 [OrionP] Official Update 2026-05



1 16 0 0 0 -1 0 0 0 1 0 0 0 1 s__43722as01.dat

1 16 -10 0 0 0 0 -1 0 1 0 1 0 0 stug-1x3.dat

4 16 20 0 30 -20 0 30 -20 0 -30 0 0 -30
0 NOFILE

0 FILE 26601.dat
0 Plate  2 x  2 without Corner

0 Name: 26601.dat

0 Author: Magnus Forsberg [MagFors]

0 !LDRAW_ORG Part UPDATE 2024-03

0 !LICENSE Licensed under CC BY 4.0 : see CAreadme.txt



0 BFC CERTIFY CCW



0 !KEYWORDS Wing



0 !HISTORY 2017-12-30 [PTadmin] Official Update 2017-01

0 !HISTORY 2024-04-12 [Holly-Wood] Added keyword

0 !HISTORY 2024-04-28 [OrionP] Official Update 2024-03



1 16 0 4 0 1 0 0 0 -1 0 0 0 1 stud4.dat

2 24 -16 4 16 -16 8 16

0 BFC INVERTNEXT

1 16 -16 8 -16 14.3432 0 0 0 -4 0 0 0 32 tri3a4.dat

0 BFC INVERTNEXT

1 16 16 8 16 0 0 -32 0 -4 0 -14.3432 0 0 tri3a4.dat

1 16 15.1213 6 -2.0503 0 -2.2929 -1.4142 2 0 0 0 -2.2929 1.4142 box2-5.dat

1 16 2.0503 6 -15.1213 0 2.2929 -1.4142 2 0 0 0 2.2929 1.4142 box2-5.dat

1 16 8.5858 4 -8.5858 1.4142 0 -4.2426 0 -1 0 -1.4142 0 -4.2426 rect1.dat

3 16 -16 4 16 16 4 1.6568 11.4142 4 -2.929

3 16 -16 4 16 11.4142 4 -2.929 2.929 4 -11.4142

3 16 -16 4 16 2.929 4 -11.4142 -1.6568 4 -16



4 16 20 8 20 16 8 16 -16 8 16 -20 8 20

4 16 20 8 0 16 8 1.6568 16 8 16 20 8 20

4 16 11.4142 8 -2.929 16 8 1.6568 20 8 0 14.2426 8 -5.7574

4 16 2.929 8 -11.4142 5.7574 8 -14.2426 0 8 -20 -1.6568 8 -16

4 16 -20 8 -20 -16 8 -16 -1.6568 8 -16 0 8 -20

4 16 -20 8 20 -16 8 16 -16 8 -16 -20 8 -20



2 24 20 8 0 14.2426 8 -5.7574

2 24 5.7574 8 -14.2426 0 8 -20

1 16 10 4 -10 10 -1 0 0 0 -4 10 0 0 recte3.dat

4 16 20 0 0 0 0 -20 5.7574 4 -14.2426 14.2426 4 -5.7574

4 16 14.2426 4 -5.7574 14.2426 8 -5.7574 20 8 0 20 0 0

4 16 0 0 -20 0 8 -20 5.7574 8 -14.2426 5.7574 4 -14.2426

2 24 -20 0 20 -20 8 20

3 16 0 0 -20 20 0 0 -20 0 20

1 16 -20 8 -20 20 0 0 0 -8 0 0 0 40 tri3a4.dat

1 16 20 8 20 0 0 -40 0 -8 0 -20 0 0 tri3a4.dat



1 16 10 0 10 1 0 0 0 1 0 0 0 1 stud.dat

1 16 -10 0 10 1 0 0 0 1 0 0 0 1 stud.dat

1 16 -10 0 -10 1 0 0 0 1 0 0 0 1 stud.dat

0 NOFILE

0 FILE recte3.dat
0 Rectangle Empty with 3 Edges

0 Name: recte3.dat

0 Author: Steffen [Steffen]

0 !LDRAW_ORG Primitive UPDATE 2011-01

0 !LICENSE Licensed under CC BY 4.0 : see CAreadme.txt



0 BFC CERTIFY CCW



0 !HISTORY 2011-07-25 [PTadmin] Official Update 2011-01





2 24 1 0 1 -1 0 1

2 24 -1 0 1 -1 0 -1

2 24 1 0 -1 1 0 1

0 NOFILE

0 FILE stud4.dat
0 Stud Tube Open

0 Name: stud4.dat

0 Author: James Jessiman

0 !LDRAW_ORG Primitive UPDATE 2009-02

0 !LICENSE Licensed under CC BY 4.0 : see CAreadme.txt



0 BFC CERTIFY CCW



0 !HISTORY 1999-07-05 [PTadmin] Official Update 1999-05

0 !HISTORY 2002-04-04 [sbliss] Modified for BFC compliance

0 !HISTORY 2002-04-25 [PTadmin] Official Update 2002-02

0 !HISTORY 2007-06-24 [PTadmin] Header formatted for Contributor Agreement

0 !HISTORY 2008-07-01 [PTadmin] Official Update 2008-01

0 !HISTORY 2009-06-21 [cwdee] Update ring references to 4-4ring

0 !HISTORY 2009-09-03 [PTadmin] Official Update 2009-02





1 16 0 -4 0 6 0 0 0 1 0 0 0 6 4-4edge.dat

1 16 0 -4 0 8 0 0 0 1 0 0 0 8 4-4edge.dat

1 16 0 0 0 6 0 0 0 1 0 0 0 6 4-4edge.dat

1 16 0 0 0 8 0 0 0 1 0 0 0 8 4-4edge.dat

0 BFC INVERTNEXT

1 16 0 -4 0 6 0 0 0 4 0 0 0 6 4-4cyli.dat

1 16 0 -4 0 8 0 0 0 4 0 0 0 8 4-4cyli.dat

1 16 0 -4 0 2 0 0 0 1 0 0 0 2 4-4ring3.dat

0

0 NOFILE

0 FILE 4-4ring3.dat
0 Ring  3 x 1.0

0 Name: 4-4ring3.dat

0 Author: James Jessiman

0 !LDRAW_ORG Primitive UPDATE 2009-01

0 !LICENSE Licensed under CC BY 4.0 : see CAreadme.txt



0 BFC CERTIFY CCW



0 !HISTORY 1998-12-15 [PTadmin] Official Update 1998-10

0 !HISTORY 2002-04-05 [hafhead] Added BFC statement

0 !HISTORY 2002-04-25 [PTadmin] Official Update 2002-02

0 !HISTORY 2007-06-24 [PTadmin] Header formatted for Contributor Agreement

0 !HISTORY 2008-07-01 [PTadmin] Official Update 2008-01

0 !HISTORY 2008-08-26 [cwdee] Switch polygon winding and rename

0 !HISTORY 2009-05-02 [PTadmin] Official Update 2009-01





4 16 -1.5308 0 3.6956 -1.1481 0 2.7717 0 0 3 0 0 4

4 16 -2.8284 0 2.8284 -2.1213 0 2.1213 -1.1481 0 2.7717 -1.5308 0 3.6956

4 16 -3.6956 0 1.5308 -2.7717 0 1.1481 -2.1213 0 2.1213 -2.8284 0 2.8284

4 16 -4 0 0 -3 0 0 -2.7717 0 1.1481 -3.6956 0 1.5308

4 16 -3.6956 0 -1.5308 -2.7717 0 -1.1481 -3 0 0 -4 0 0

4 16 -2.8284 0 -2.8284 -2.1213 0 -2.1213 -2.7717 0 -1.1481 -3.6956 0 -1.5308

4 16 -1.5308 0 -3.6956 -1.1481 0 -2.7717 -2.1213 0 -2.1213 -2.8284 0 -2.8284

4 16 0 0 -4 0 0 -3 -1.1481 0 -2.7717 -1.5308 0 -3.6956

4 16 1.5308 0 -3.6956 1.1481 0 -2.7717 0 0 -3 0 0 -4

4 16 2.8284 0 -2.8284 2.1213 0 -2.1213 1.1481 0 -2.7717 1.5308 0 -3.6956

4 16 3.6956 0 -1.5308 2.7717 0 -1.1481 2.1213 0 -2.1213 2.8284 0 -2.8284

4 16 4 0 0 3 0 0 2.7717 0 -1.1481 3.6956 0 -1.5308

4 16 3.6956 0 1.5308 2.7717 0 1.1481 3 0 0 4 0 0

4 16 2.8284 0 2.8284 2.1213 0 2.1213 2.7717 0 1.1481 3.6956 0 1.5308

4 16 1.5308 0 3.6956 1.1481 0 2.7717 2.1213 0 2.1213 2.8284 0 2.8284

4 16 0 0 4 0 0 3 1.1481 0 2.7717 1.5308 0 3.6956

0

0 NOFILE

0 FILE 3666.dat
0 Plate  1 x  6

0 Name: 3666.dat

0 Author: James Jessiman

0 !LDRAW_ORG Part UPDATE 2023-02

0 !LICENSE Licensed under CC BY 4.0 : see CAreadme.txt



0 BFC CERTIFY CCW



0 !HISTORY 2004-07-25 [guyvivan] Made BFC Compliant

0 !HISTORY 2004-11-06 [PTadmin] Official Update 2004-04

0 !HISTORY 2007-06-29 [PTadmin] Header formatted for Contributor Agreement

0 !HISTORY 2008-07-01 [PTadmin] Official Update 2008-01

0 !HISTORY 2023-03-22 [Sirio] Introduced use of subpart

0 !HISTORY 2023-04-17 [OrionP] Official Update 2023-02





1 16 0 0 0 1 0 0 0 1 0 0 0 1 s__3666s01.dat

4 16 -60 8 -10 60 8 -10 60 0 -10 -60 0 -10

0 NOFILE

0 FILE s__3666s01.dat
0 ~Plate  1 x  6 without Front Face

0 Name: s\3666s01.dat

0 Author: Massimo Maso [Sirio]

0 !LDRAW_ORG Subpart UPDATE 2023-02

0 !LICENSE Licensed under CC BY 4.0 : see CAreadme.txt



0 BFC CERTIFY CCW



0 !HISTORY 2023-04-17 [OrionP] Official Update 2023-02





1 16 0 4 0 1 0 0 0 -1 0 0 0 1 stug3-1x5.dat

0 BFC INVERTNEXT

1 16 0 8 0 56 0 0 0 -4 0 0 0 6 box5.dat

4 16 60 8 10 56 8 6 -56 8 6 -60 8 10

4 16 -60 8 10 -56 8 6 -56 8 -6 -60 8 -10

4 16 -60 8 -10 -56 8 -6 56 8 -6 60 8 -10

4 16 60 8 -10 56 8 -6 56 8 6 60 8 10

1 16 0 8 0 60 0 0 0 -8 0 0 0 10 box4t.dat

1 16 0 0 0 1 0 0 0 1 0 0 0 1 stug-1x6.dat

0 NOFILE

0 FILE stug-1x6.dat
0 Stud Group  1 x  6

0 Name: stug-1x6.dat

0 Author: Steffen [Steffen]

0 !LDRAW_ORG Primitive UPDATE 2011-01

0 !LICENSE Licensed under CC BY 4.0 : see CAreadme.txt



0 BFC CERTIFY CCW



0 !HISTORY 2011-07-25 [PTadmin] Official Update 2011-01





1 16 -50 0 0 1 0 0 0 1 0 0 0 1 stud.dat

1 16 -30 0 0 1 0 0 0 1 0 0 0 1 stud.dat

1 16 -10 0 0 1 0 0 0 1 0 0 0 1 stud.dat

1 16 10 0 0 1 0 0 0 1 0 0 0 1 stud.dat

1 16 30 0 0 1 0 0 0 1 0 0 0 1 stud.dat

1 16 50 0 0 1 0 0 0 1 0 0 0 1 stud.dat

0 NOFILE

0 FILE 42534.dat
0 =Plate  8 x  8

0 Name: 42534.dat

0 Author: Rolf Osterthun [Rolf]

0 !LDRAW_ORG Part Alias UPDATE 2013-02

0 !LICENSE Licensed under CC BY 4.0 : see CAreadme.txt



0 BFC CERTIFY CCW



0 !HISTORY 2013-12-23 [PTadmin] Official Update 2013-02





0 // Alias of 41539

0 // Part 42534 is the transparent counterpart of 41539



1 16 0 0 0 1 0 0 0 1 0 0 0 1 41539.dat

0 NOFILE

0 FILE 41539.dat
0 Plate  8 x  8

0 Name: 41539.dat

0 Author: Martin G Cormier

0 !LDRAW_ORG Part UPDATE 2004-04

0 !LICENSE Licensed under CC BY 2.0 and CC BY 4.0 : see CAreadme.txt



0 BFC CERTIFY CCW



0 !HISTORY 2002-04-25 [PTadmin] Official Update 2002-02

0 !HISTORY 2004-10-06 [guyvivan] Made BFC Compliant

0 !HISTORY 2004-11-06 [PTadmin] Official Update 2004-04

0 !HISTORY 2007-07-01 [PTadmin] Header formatted for Contributor Agreement

0 !HISTORY 2008-07-01 [PTadmin] Official Update 2008-01





1 16 60 4 60 1 0 0 0 -1 0 0 0 1 stud4.dat

1 16 40 4 60 1 0 0 0 -1 0 0 0 1 stud4.dat

1 16 20 4 60 1 0 0 0 -1 0 0 0 1 stud4.dat

1 16 0 4 60 1 0 0 0 -1 0 0 0 1 stud4.dat

1 16 -20 4 60 1 0 0 0 -1 0 0 0 1 stud4.dat

1 16 -40 4 60 1 0 0 0 -1 0 0 0 1 stud4.dat

1 16 -60 4 60 1 0 0 0 -1 0 0 0 1 stud4.dat

1 16 60 4 40 1 0 0 0 -1 0 0 0 1 stud4.dat

1 16 40 4 40 1 0 0 0 -1 0 0 0 1 stud4.dat

1 16 20 4 40 1 0 0 0 -1 0 0 0 1 stud4.dat

1 16 0 4 40 1 0 0 0 -1 0 0 0 1 stud4.dat

1 16 -20 4 40 1 0 0 0 -1 0 0 0 1 stud4.dat

1 16 -40 4 40 1 0 0 0 -1 0 0 0 1 stud4.dat

1 16 -60 4 40 1 0 0 0 -1 0 0 0 1 stud4.dat

1 16 60 4 20 1 0 0 0 -1 0 0 0 1 stud4.dat

1 16 40 4 20 1 0 0 0 -1 0 0 0 1 stud4.dat

1 16 20 4 20 1 0 0 0 -1 0 0 0 1 stud4.dat

1 16 0 4 20 1 0 0 0 -1 0 0 0 1 stud4.dat

1 16 -20 4 20 1 0 0 0 -1 0 0 0 1 stud4.dat

1 16 -40 4 20 1 0 0 0 -1 0 0 0 1 stud4.dat

1 16 -60 4 20 1 0 0 0 -1 0 0 0 1 stud4.dat

1 16 60 4 0 1 0 0 0 -1 0 0 0 1 stud4.dat

1 16 40 4 0 1 0 0 0 -1 0 0 0 1 stud4.dat

1 16 20 4 0 1 0 0 0 -1 0 0 0 1 stud4.dat

1 16 0 4 0 1 0 0 0 -1 0 0 0 1 stud4.dat

1 16 -20 4 0 1 0 0 0 -1 0 0 0 1 stud4.dat

1 16 -40 4 0 1 0 0 0 -1 0 0 0 1 stud4.dat

1 16 -60 4 0 1 0 0 0 -1 0 0 0 1 stud4.dat

1 16 60 4 -20 1 0 0 0 -1 0 0 0 1 stud4.dat

1 16 40 4 -20 1 0 0 0 -1 0 0 0 1 stud4.dat

1 16 20 4 -20 1 0 0 0 -1 0 0 0 1 stud4.dat

1 16 0 4 -20 1 0 0 0 -1 0 0 0 1 stud4.dat

1 16 -20 4 -20 1 0 0 0 -1 0 0 0 1 stud4.dat

1 16 -40 4 -20 1 0 0 0 -1 0 0 0 1 stud4.dat

1 16 -60 4 -20 1 0 0 0 -1 0 0 0 1 stud4.dat

1 16 60 4 -40 1 0 0 0 -1 0 0 0 1 stud4.dat

1 16 40 4 -40 1 0 0 0 -1 0 0 0 1 stud4.dat

1 16 20 4 -40 1 0 0 0 -1 0 0 0 1 stud4.dat

1 16 0 4 -40 1 0 0 0 -1 0 0 0 1 stud4.dat

1 16 -20 4 -40 1 0 0 0 -1 0 0 0 1 stud4.dat

1 16 -40 4 -40 1 0 0 0 -1 0 0 0 1 stud4.dat

1 16 -60 4 -40 1 0 0 0 -1 0 0 0 1 stud4.dat

1 16 60 4 -60 1 0 0 0 -1 0 0 0 1 stud4.dat

1 16 40 4 -60 1 0 0 0 -1 0 0 0 1 stud4.dat

1 16 20 4 -60 1 0 0 0 -1 0 0 0 1 stud4.dat

1 16 0 4 -60 1 0 0 0 -1 0 0 0 1 stud4.dat

1 16 -20 4 -60 1 0 0 0 -1 0 0 0 1 stud4.dat

1 16 -40 4 -60 1 0 0 0 -1 0 0 0 1 stud4.dat

1 16 -60 4 -60 1 0 0 0 -1 0 0 0 1 stud4.dat

0 BFC INVERTNEXT

1 16 0 8 0 76 0 0 0 -4 0 0 0 76 box5.dat

4 16 80 8 80 76 8 76 -76 8 76 -80 8 80

4 16 -80 8 80 -76 8 76 -76 8 -76 -80 8 -80

4 16 -80 8 -80 -76 8 -76 76 8 -76 80 8 -80

4 16 80 8 -80 76 8 -76 76 8 76 80 8 80

1 16 0 8 0 80 0 0 0 -8 0 0 0 80 box5.dat

1 16 70 0 70 1 0 0 0 1 0 0 0 1 stud.dat

1 16 50 0 70 1 0 0 0 1 0 0 0 1 stud.dat

1 16 30 0 70 1 0 0 0 1 0 0 0 1 stud.dat

1 16 10 0 70 1 0 0 0 1 0 0 0 1 stud.dat

1 16 -10 0 70 1 0 0 0 1 0 0 0 1 stud.dat

1 16 -30 0 70 1 0 0 0 1 0 0 0 1 stud.dat

1 16 -50 0 70 1 0 0 0 1 0 0 0 1 stud.dat

1 16 -70 0 70 1 0 0 0 1 0 0 0 1 stud.dat

1 16 70 0 50 1 0 0 0 1 0 0 0 1 stud.dat

1 16 50 0 50 1 0 0 0 1 0 0 0 1 stud.dat

1 16 30 0 50 1 0 0 0 1 0 0 0 1 stud.dat

1 16 10 0 50 1 0 0 0 1 0 0 0 1 stud.dat

1 16 -10 0 50 1 0 0 0 1 0 0 0 1 stud.dat

1 16 -30 0 50 1 0 0 0 1 0 0 0 1 stud.dat

1 16 -50 0 50 1 0 0 0 1 0 0 0 1 stud.dat

1 16 -70 0 50 1 0 0 0 1 0 0 0 1 stud.dat

1 16 70 0 30 1 0 0 0 1 0 0 0 1 stud.dat

1 16 50 0 30 1 0 0 0 1 0 0 0 1 stud.dat

1 16 30 0 30 1 0 0 0 1 0 0 0 1 stud.dat

1 16 10 0 30 1 0 0 0 1 0 0 0 1 stud.dat

1 16 -10 0 30 1 0 0 0 1 0 0 0 1 stud.dat

1 16 -30 0 30 1 0 0 0 1 0 0 0 1 stud.dat

1 16 -50 0 30 1 0 0 0 1 0 0 0 1 stud.dat

1 16 -70 0 30 1 0 0 0 1 0 0 0 1 stud.dat

1 16 70 0 10 1 0 0 0 1 0 0 0 1 stud.dat

1 16 50 0 10 1 0 0 0 1 0 0 0 1 stud.dat

1 16 30 0 10 1 0 0 0 1 0 0 0 1 stud.dat

1 16 10 0 10 1 0 0 0 1 0 0 0 1 stud.dat

1 16 -10 0 10 1 0 0 0 1 0 0 0 1 stud.dat

1 16 -30 0 10 1 0 0 0 1 0 0 0 1 stud.dat

1 16 -50 0 10 1 0 0 0 1 0 0 0 1 stud.dat

1 16 -70 0 10 1 0 0 0 1 0 0 0 1 stud.dat

1 16 70 0 -10 1 0 0 0 1 0 0 0 1 stud.dat

1 16 50 0 -10 1 0 0 0 1 0 0 0 1 stud.dat

1 16 30 0 -10 1 0 0 0 1 0 0 0 1 stud.dat

1 16 10 0 -10 1 0 0 0 1 0 0 0 1 stud.dat

1 16 -10 0 -10 1 0 0 0 1 0 0 0 1 stud.dat

1 16 -30 0 -10 1 0 0 0 1 0 0 0 1 stud.dat

1 16 -50 0 -10 1 0 0 0 1 0 0 0 1 stud.dat

1 16 -70 0 -10 1 0 0 0 1 0 0 0 1 stud.dat

1 16 70 0 -30 1 0 0 0 1 0 0 0 1 stud.dat

1 16 50 0 -30 1 0 0 0 1 0 0 0 1 stud.dat

1 16 30 0 -30 1 0 0 0 1 0 0 0 1 stud.dat

1 16 10 0 -30 1 0 0 0 1 0 0 0 1 stud.dat

1 16 -10 0 -30 1 0 0 0 1 0 0 0 1 stud.dat

1 16 -30 0 -30 1 0 0 0 1 0 0 0 1 stud.dat

1 16 -50 0 -30 1 0 0 0 1 0 0 0 1 stud.dat

1 16 -70 0 -30 1 0 0 0 1 0 0 0 1 stud.dat

1 16 70 0 -50 1 0 0 0 1 0 0 0 1 stud.dat

1 16 50 0 -50 1 0 0 0 1 0 0 0 1 stud.dat

1 16 30 0 -50 1 0 0 0 1 0 0 0 1 stud.dat

1 16 10 0 -50 1 0 0 0 1 0 0 0 1 stud.dat

1 16 -10 0 -50 1 0 0 0 1 0 0 0 1 stud.dat

1 16 -30 0 -50 1 0 0 0 1 0 0 0 1 stud.dat

1 16 -50 0 -50 1 0 0 0 1 0 0 0 1 stud.dat

1 16 -70 0 -50 1 0 0 0 1 0 0 0 1 stud.dat

1 16 70 0 -70 1 0 0 0 1 0 0 0 1 stud.dat

1 16 50 0 -70 1 0 0 0 1 0 0 0 1 stud.dat

1 16 30 0 -70 1 0 0 0 1 0 0 0 1 stud.dat

1 16 10 0 -70 1 0 0 0 1 0 0 0 1 stud.dat

1 16 -10 0 -70 1 0 0 0 1 0 0 0 1 stud.dat

1 16 -30 0 -70 1 0 0 0 1 0 0 0 1 stud.dat

1 16 -50 0 -70 1 0 0 0 1 0 0 0 1 stud.dat

1 16 -70 0 -70 1 0 0 0 1 0 0 0 1 stud.dat

0

0 NOFILE

0 FILE 61252.dat
0 Plate  1 x  1 with Clip Horizontal (Thick C-Clip)

0 Name: 61252.dat

0 Author: Max Martin Richter [MMR1988]

0 !LDRAW_ORG Part UPDATE 2013-02

0 !LICENSE Licensed under CC BY 4.0 : see CAreadme.txt



0 BFC CERTIFY CCW



0 !HISTORY 2013-07-21 [PTadmin] Official Update 2013-01

0 !HISTORY 2013-08-31 [Philo] Corrected BFC inverted bottom quads

0 !HISTORY 2013-09-01 [MMR1988] Removed t-junctions, updated description with 'Thick C-Clip'

0 !HISTORY 2013-12-23 [PTadmin] Official Update 2013-02





1 16 0 0 0 0 0 -1 0 1 0 1 0 0 stud.dat

1 16 0 0 -20 1 0 0 0 1 0 0 0 1 clip6.dat

1 16 0 4 -10 0 0 -10 -4 0 0 0 20 0 box3u2p.dat

3 16 4 0 -10 10 0 -10 10 0 10

3 16 -10 0 10 -10 0 -10 -4 0 -10

4 16 -10 0 10 -4 0 -10 4 0 -10 10 0 10

0 BFC INVERTNEXT

1 16 0 8 0 6 0 0 0 -4 0 0 0 6 box5.dat

1 16 -7 4 -10 0 0 3 -4 0 0 0 1 0 rect3.dat

1 16 7 4 -10 0 0 -3 -4 0 0 0 1 0 rect3.dat

3 16 -10 8 -10 -6 8 -6 -4 8 -10

4 16 -4 8 -10 -6 8 -6 6 8 -6 4 8 -10

3 16 4 8 -10 6 8 -6 10 8 -10

4 16 -10 8 10 -6 8 6 -6 8 -6 -10 8 -10

4 16 10 8 10 6 8 6 -6 8 6 -10 8 10

4 16 10 8 -10 6 8 -6 6 8 6 10 8 10

0 NOFILE

0 FILE box3u2p.dat
0 Box with 3 Faces without 2 Parallel Edges

0 Name: box3u2p.dat

0 Author: Niels Karsdorp [nielsk]

0 !LDRAW_ORG Primitive UPDATE 2012-01

0 !LICENSE Licensed under CC BY 4.0 : see CAreadme.txt



0 BFC CERTIFY CCW



0 !HISTORY 2003-03-12 [PTadmin] Official Update 2003-01

0 !HISTORY 2007-06-24 [PTadmin] Header formatted for Contributor Agreement

0 !HISTORY 2008-07-01 [PTadmin] Official Update 2008-01

0 !HISTORY 2012-02-16 [Philo] Changed to CCW

0 !HISTORY 2012-03-30 [PTadmin] Official Update 2012-01





2 24 1 1 1 -1 1 1

2 24 -1 1 -1 1 1 -1

2 24 1 0 1 -1 0 1

2 24 -1 0 -1 1 0 -1

2 24 1 1 1 1 1 -1

2 24 -1 1 1 -1 1 -1

2 24 1 1 1 1 0 1

2 24 1 1 -1 1 0 -1

2 24 -1 1 1 -1 0 1

2 24 -1 1 -1 -1 0 -1

4 16 -1 1 -1 -1 1 1 1 1 1 1 1 -1

4 16 -1 1 1 -1 0 1 1 0 1 1 1 1

4 16 1 1 -1 1 0 -1 -1 0 -1 -1 1 -1

0 NOFILE

0 FILE clip6.dat
0 Clip Horizontal with Rounded Sides

0 Name: clip6.dat

0 Author: Magnus Forsberg [MagFors]

0 !LDRAW_ORG Primitive UPDATE 2013-01

0 !LICENSE Licensed under CC BY 4.0 : see CAreadme.txt



0 BFC CERTIFY CCW



0 !HISTORY 2013-07-21 [PTadmin] Official Update 2013-01





1 16 -4 2 0 0 1 0 -4 0 0 0 0 4 1-4ndis.dat

1 16 -4 2 0 0 1 0 -4 0 0 0 0 -4 1-16ndis.dat

1 16 -4 2 0 0 1 0 -6.32544 0 -4.19094 -4.02975 0 6.57845 1-4chrd.dat

1 16 -4 2 0 0 1 0 4 0 0 0 0 4 1-4ndis.dat

1 16 -4 2 0 0 1 0 4 0 0 0 0 -4 1-16ndis.dat

1 16 -4 2 0 0 1 0 6.32544 0 4.19094 -4.02975 0 6.57845 3-16chrd.dat

4 16 -4 0 6.2966 -4 8 6.5785 -4 6 4 -4 2 4

4 16 -4 0 6.2966 -4 2 4 -4 -2 4 -4 -2.1909 6.5785

1 16 4 2 0 0 -1 0 4 0 0 0 0 4 1-4ndis.dat

1 16 4 2 0 0 -1 0 4 0 0 0 0 -4 1-16ndis.dat

1 16 4 2 0 0 -1 0 6.32544 0 4.19094 -4.02975 0 6.57845 3-16chrd.dat

1 16 4 2 0 0 -1 0 -4 0 0 0 0 4 1-4ndis.dat

1 16 4 2 0 0 -1 0 -4 0 0 0 0 -4 1-16ndis.dat

1 16 4 2 0 0 -1 0 -6.32544 0 -4.19094 -4.02975 0 6.57845 1-4chrd.dat

4 16 4 2 4 4 6 4 4 8 6.5785 4 0 6.2966

4 16 4 -2.1909 6.5785 4 -2 4 4 2 4 4 0 6.2966

0 BFC INVERTNEXT

1 16 4 -3.5492 10 0 -8 0 3.5492 0 0 0 0 -3.7034 3-16cylo.dat

1 16 4 -3.5492 10 0 -8 0 3.5492 0 0 0 0 -3.7034 3-16ndis.dat

1 16 -4 -3.5492 10 0 8 0 3.5492 0 0 0 0 -3.7034 3-16ndis.dat

0 BFC INVERTNEXT

1 16 4 2 0 0 -8 0 -3.69552 0 -1.53073 -1.53073 0 3.69552 5-8cyli.dat

1 16 4 2 0 0 -1 0 -3.69552 0 -1.53073 -1.53073 0 3.69552 5-8edge.dat

1 16 -4 2 0 0 -1 0 -3.69552 0 -1.53073 -1.53073 0 3.69552 5-8edge.dat

1 16 -4 2 0 0 8 0 -6.32544 0 -4.19094 -4.02975 0 6.57845 1-4cylo.dat

1 16 -4 2 0 0 8 0 6.32544 0 4.19094 -4.02975 0 6.57845 3-16cylo.dat

5 24 -4 -2.1909 6.5785 4 -2.1909 6.5785 4 -1.0396 7.3813 4 -4.2928 4.5356

4 16 -4 0 6.2966 -4 0 10 -4 8 10 -4 8 6.5785

1 16 0 8 8.2892 0 0 4 0 -1 0 1.71078 0 0 rect2p.dat

4 16 4 8 6.5785 4 8 10 4 0 10 4 0 6.2966

1 16 0 7.0105 -2.7803 -4 0 0 0 0.1522 -1.16272 0 -1.2346 0.01487 box2-5.dat

1 16 0 -3.0105 -2.7803 4 0 0 0 -0.1522 1.16272 0 -1.2346 0.01487 box2-5.dat

3 16 4 -4.3254 -4.0298 4 -2 -4 4 -2 0

4 16 4 -4.3254 -4.0298 4 -2 0 4 -2 4 4 -2.1909 6.5785

1 16 0 8.1464 5.557 0 0 4 -0.14638 -1 0 1.0214 0 0 rect2p.dat

5 24 -4 8.2928 4.5356 4 8.2928 4.5356 4 8 6.5785 4 9.4361 1.8022

5 24 -4 8 6.5785 4 8 6.5785 4 8.2928 4.5356 4 8 10

3 16 4 6 0 4 6 -4 4 8.3254 -4.0298

3 16 4 8.2928 4.5356 4 8 6.5785 4 6 4

4 16 4 8.2928 4.5356 4 6 4 4 6 0 4 8.3254 -4.0298

3 16 -4 -2 0 -4 -2 -4 -4 -4.3254 -4.0298

4 16 -4 -2.1909 6.5785 -4 -2 4 -4 -2 0 -4 -4.3254 -4.0298

3 16 -4 8.3254 -4.0298 -4 6 -4 -4 6 0

3 16 -4 6 4 -4 8 6.5785 -4 8.2928 4.5356

4 16 -4 8.3254 -4.0298 -4 6 0 -4 6 4 -4 8.2928 4.5356

0 NOFILE

0 FILE 5-8edge.dat
0 Circle 0.625

0 Name: 5-8edge.dat

0 Author: Mark Kennedy [mkennedy]

0 !LDRAW_ORG Primitive UPDATE 2017-01

0 !LICENSE Licensed under CC BY 4.0 : see CAreadme.txt



0 BFC CERTIFY CCW



0 !HISTORY 2004-04-22 [PTadmin] Official Update 2004-02

0 !HISTORY 2005-12-28 [PTadmin] Official Update 2005-01

0 !HISTORY 2007-06-24 [PTadmin] Header formatted for Contributor Agreement

0 !HISTORY 2008-07-01 [PTadmin] Official Update 2008-01

0 !HISTORY 2017-01-15 [Steffen] BFCed

0 !HISTORY 2017-12-30 [PTadmin] Official Update 2017-01





2 24 1 0 0 0.9239 0 0.3827

2 24 0.9239 0 0.3827 0.7071 0 0.7071

2 24 0.7071 0 0.7071 0.3827 0 0.9239

2 24 0.3827 0 0.9239 0 0 1

2 24 0 0 1 -0.3827 0 0.9239

2 24 -0.3827 0 0.9239 -0.7071 0 0.7071

2 24 -0.7071 0 0.7071 -0.9239 0 0.3827

2 24 -0.9239 0 0.3827 -1 0 0

2 24 -1 0 0 -0.9239 0 -0.3827

2 24 -0.9239 0 -0.3827 -0.7071 0 -0.7071

0 NOFILE

0 FILE 5-8cyli.dat
0 Cylinder 0.625

0 Name: 5-8cyli.dat

0 Author: Mark Kennedy [mkennedy]

0 !LDRAW_ORG Primitive UPDATE 2005-01

0 !LICENSE Licensed under CC BY 4.0 : see CAreadme.txt



0 BFC CERTIFY CCW



0 !HISTORY 2004-04-22 [PTadmin] Official Update 2004-02

0 !HISTORY 2004-12-11 [nielsk] Recreated using Primitive Generator, Edge lines fixed, BFC changed to CCW

0 !HISTORY 2005-12-28 [PTadmin] Official Update 2005-01

0 !HISTORY 2007-06-24 [PTadmin] Header formatted for Contributor Agreement

0 !HISTORY 2008-07-01 [PTadmin] Official Update 2008-01





4 16 .9239 1 .3827 .9239 0 .3827 1 0 0 1 1 0

4 16 .7071 1 .7071 .7071 0 .7071 .9239 0 .3827 .9239 1 .3827

4 16 .3827 1 .9239 .3827 0 .9239 .7071 0 .7071 .7071 1 .7071

4 16 0 1 1 0 0 1 .3827 0 .9239 .3827 1 .9239

4 16 -.3827 1 .9239 -.3827 0 .9239 0 0 1 0 1 1

4 16 -.7071 1 .7071 -.7071 0 .7071 -.3827 0 .9239 -.3827 1 .9239

4 16 -.9239 1 .3827 -.9239 0 .3827 -.7071 0 .7071 -.7071 1 .7071

4 16 -1 1 0 -1 0 0 -.9239 0 .3827 -.9239 1 .3827

4 16 -.9239 1 -.3827 -.9239 0 -.3827 -1 0 0 -1 1 0

4 16 -.7071 1 -.7071 -.7071 0 -.7071 -.9239 0 -.3827 -.9239 1 -.3827

0

5 24 1 1 0 1 0 0 1 1 -.4142 .9239 1 .3827

5 24 .9239 1 .3827 .9239 0 .3827 1 1 0 .7071 1 .7071

5 24 .7071 1 .7071 .7071 0 .7071 .9239 1 .3827 .3827 1 .9239

5 24 .3827 1 .9239 .3827 0 .9239 .7071 1 .7071 0 1 1

5 24 0 1 1 0 0 1 .3827 1 .9239 -.3827 1 .9239

5 24 -.3827 1 .9239 -.3827 0 .9239 0 1 1 -.7071 1 .7071

5 24 -.7071 1 .7071 -.7071 0 .7071 -.3827 1 .9239 -.9239 1 .3827

5 24 -.9239 1 .3827 -.9239 0 .3827 -.7071 1 .7071 -1 1 0

5 24 -1 1 0 -1 0 0 -.9239 1 .3827 -.9239 1 -.3827

5 24 -.9239 1 -.3827 -.9239 0 -.3827 -1 1 0 -.7071 1 -.7071

5 24 -.7071 1 -.7071 -.7071 0 -.7071 -.9239 1 -.3827 -.4142 1 -1

0

0 NOFILE

0 FILE 3-16ndis.dat
0 Disc Negative 0.1875

0 Name: 3-16ndis.dat

0 Author: Magnus Forsberg [MagFors]

0 !LDRAW_ORG Primitive UPDATE 2024-01

0 !LICENSE Licensed under CC BY 4.0 : see CAreadme.txt



0 BFC CERTIFY CCW



0 !HISTORY 2009-05-02 [PTadmin] Official Update 2009-01

0 !HISTORY 2024-01-03 [MagFors] Complete regeneration, original by guyvivan

0 !HISTORY 2024-01-29 [OrionP] Official Update 2024-01



3 16 1 0 1 0.9239 0 0.3827 1 0 0

3 16 1 0 1 0.7071 0 0.7071 0.9239 0 0.3827

3 16 1 0 1 0.3827 0 0.9239 0.7071 0 0.7071

0 // Build by LDPartEditor (PrimGen 2.X)

0 NOFILE

0 FILE 3-16chrd.dat
0 Chord 0.1875

0 Name: 3-16chrd.dat

0 Author: Niels Karsdorp [nielsk]

0 !LDRAW_ORG Primitive UPDATE 2009-01

0 !LICENSE Licensed under CC BY 4.0 : see CAreadme.txt



0 BFC CERTIFY CCW



0 !HISTORY 2009-05-02 [PTadmin] Official Update 2009-01





4 16 1 0 0 0.9239 0 0.3827 0.7071 0 0.7071 0.3827 0 0.9239

0



0 NOFILE

0 FILE 1-4chrd.dat
0 Chord 0.25

0 Name: 1-4chrd.dat

0 Author: Max Martin Richter [MMR1988]

0 !LDRAW_ORG Primitive UPDATE 2023-05

0 !LICENSE Licensed under CC BY 4.0 : see CAreadme.txt



0 BFC CERTIFY CCW



0 !HISTORY 2004-04-22 [PTadmin] Official Update 2004-02

0 !HISTORY 2007-10-09 [PTadmin] Header formatted for Contributor Agreement

0 !HISTORY 2008-07-01 [PTadmin] Official Update 2008-01

0 !HISTORY 2012-08-02 [MMR1988] Re-creation with PrimGen2 and Rectifier

0 !HISTORY 2012-08-09 [PTadmin] Official Update 2012-02

0 !HISTORY 2023-10-27 [OrionP] Change author to MMR1988 from hafhead

0 !HISTORY 2023-10-31 [OrionP] Official Update 2023-05



4 16 0.9239 0 0.3827 0.3827 0 0.9239 0 0 1 1 0 0

3 16 0.7071 0 0.7071 0.3827 0 0.9239 0.9239 0 0.3827
0 NOFILE

0 FILE 1-16ndis.dat
0 Disc Negative 0.0625

0 Name: 1-16ndis.dat

0 Author: Niels Karsdorp [nielsk]

0 !LDRAW_ORG Primitive UPDATE 2009-01

0 !LICENSE Licensed under CC BY 4.0 : see CAreadme.txt



0 BFC CERTIFY CCW



0 !HISTORY 2009-05-02 [PTadmin] Official Update 2009-01





3 16 1 0 0 1 0 1 0.9239 0 0.3827

0

0 NOFILE

0 FILE 1-4ndis.dat
0 Disc Negative 0.25

0 Name: 1-4ndis.dat

0 Author: James Jessiman

0 !LDRAW_ORG Primitive UPDATE 2012-01

0 !LICENSE Licensed under CC BY 4.0 : see CAreadme.txt



0 BFC CERTIFY CCW



0 !HISTORY 2002-03-23 [sbliss] Added BFC Statement

0 !HISTORY 2002-04-25 [PTadmin] Official Update 2002-02

0 !HISTORY 2007-06-22 [PTadmin] Header formatted for Contributor Agreement

0 !HISTORY 2008-07-01 [PTadmin] Official Update 2008-01

0 !HISTORY 2012-02-16 [Philo] Changed to CCW

0 !HISTORY 2012-03-30 [PTadmin] Official Update 2012-01





3 16 0.9239 0 0.3827 1 0 0 1 0 1

3 16 0.7071 0 0.7071 0.9239 0 0.3827 1 0 1

3 16 0.3827 0 0.9239 0.7071 0 0.7071 1 0 1

3 16 0 0 1 0.3827 0 0.9239 1 0 1

0 NOFILE

0 FILE 3022.dat
0 Plate  2 x  2

0 Name: 3022.dat

0 Author: James Jessiman

0 !LDRAW_ORG Part UPDATE 2002-03

0 !LICENSE Licensed under CC BY 4.0 : see CAreadme.txt



0 BFC CERTIFY CCW



0 !HISTORY 2001-10-26 [PTadmin] Official Update 2001-01

0 !HISTORY 2002-05-07 {unknown} BFC Certification

0 !HISTORY 2002-06-11 [PTadmin] Official Update 2002-03

0 !HISTORY 2007-06-07 [PTadmin] Header formatted for Contributor Agreement

0 !HISTORY 2008-07-01 [PTadmin] Official Update 2008-01





1 16 0 4 0 1 0 0 0 -1 0 0 0 1 stud4.dat



0 BFC INVERTNEXT

1 16 0 8 0 16 0 0 0 -4 0 0 0 16 box5.dat



4 16 20 8 20 16 8 16 -16 8 16 -20 8 20

0 // Next Line was 4 16 20 8 -20 16 8 -16 -16 8 -16 -20 8 -20

4 16 -20 8 -20 -16 8 -16 16 8 -16 20 8 -20

0 // Next Line was 4 16 20 8 20 16 8 16 16 8 -16 20 8 -20

4 16 20 8 -20 16 8 -16 16 8 16 20 8 20

4 16 -20 8 20 -16 8 16 -16 8 -16 -20 8 -20



1 16 0 8 0 20 0 0 0 -8 0 0 0 20 box5.dat



1 16 10 0 10 1 0 0 0 1 0 0 0 1 stud.dat

1 16 -10 0 10 1 0 0 0 1 0 0 0 1 stud.dat

1 16 10 0 -10 1 0 0 0 1 0 0 0 1 stud.dat

1 16 -10 0 -10 1 0 0 0 1 0 0 0 1 stud.dat

0

0 NOFILE

0 FILE 3794b.dat
0 Plate  1 x  2 with Groove with 1 Centre Stud

0 Name: 3794b.dat

0 Author: Magnus Forsberg [MagFors]

0 !LDRAW_ORG Part UPDATE 2011-02

0 !LICENSE Licensed under CC BY 4.0 : see CAreadme.txt



0 BFC CERTIFY CCW



0 !KEYWORDS jumper, offset, spacer, tile



0 !HISTORY 2011-12-29 [PTadmin] Official Update 2011-02





1 16 0 4 0 1 0 0 0 -1 0 0 0 1 stud3.dat

0 BFC INVERTNEXT

1 16 0 8 0 16 0 0 0 -4 0 0 0 6 box5.dat

4 16 19 8 9 16 8 6 -16 8 6 -19 8 9

4 16 -19 8 9 -16 8 6 -16 8 -6 -19 8 -9

4 16 -19 8 -9 -16 8 -6 16 8 -6 19 8 -9

4 16 19 8 -9 16 8 -6 16 8 6 19 8 9

1 16 0 8 0 19 0 0 0 -1 0 0 0 9 box4.dat

4 16 20 7 10 19 7 9 -19 7 9 -20 7 10

4 16 -20 7 10 -19 7 9 -19 7 -9 -20 7 -10

4 16 -20 7 -10 -19 7 -9 19 7 -9 20 7 -10

4 16 20 7 -10 19 7 -9 19 7 9 20 7 10

1 16 0 7 0 20 0 0 0 -7 0 0 0 10 box5.dat

1 16 0 0 0 1 0 0 0 1 0 0 0 1 stud2.dat

0 NOFILE

0 FILE stud2.dat
0 Stud Open

0 Name: stud2.dat

0 Author: James Jessiman

0 !LDRAW_ORG Primitive UPDATE 2009-02

0 !LICENSE Licensed under CC BY 4.0 : see CAreadme.txt



0 BFC CERTIFY CCW



0 !HISTORY 1999-07-05 [PTadmin] Official Update 1999-05

0 !HISTORY 2002-04-04 [sbliss] Modified for BFC compliance

0 !HISTORY 2002-04-25 [PTadmin] Official Update 2002-02

0 !HISTORY 2007-06-24 [PTadmin] Header formatted for Contributor Agreement

0 !HISTORY 2008-07-01 [PTadmin] Official Update 2008-01

0 !HISTORY 2009-06-21 [cwdee] Update ring references to 4-4ring

0 !HISTORY 2009-09-03 [PTadmin] Official Update 2009-02





1 16 0 0 0 4 0 0 0 1 0 0 0 4 4-4edge.dat

1 16 0 0 0 6 0 0 0 1 0 0 0 6 4-4edge.dat

1 16 0 -4 0 4 0 0 0 1 0 0 0 4 4-4edge.dat

1 16 0 -4 0 6 0 0 0 1 0 0 0 6 4-4edge.dat

0 BFC INVERTNEXT

1 16 0 -4 0 4 0 0 0 4 0 0 0 4 4-4cyli.dat

1 16 0 -4 0 6 0 0 0 4 0 0 0 6 4-4cyli.dat

1 16 0 -4 0 2 0 0 0 1 0 0 0 2 4-4ring2.dat

0

0 NOFILE

0 FILE 4-4ring2.dat
0 Ring  2 x 1.0

0 Name: 4-4ring2.dat

0 Author: James Jessiman

0 !LDRAW_ORG Primitive UPDATE 2009-01

0 !LICENSE Licensed under CC BY 4.0 : see CAreadme.txt



0 BFC CERTIFY CCW



0 !HISTORY 1998-12-15 [PTadmin] Official Update 1998-10

0 !HISTORY 2002-04-05 [hafhead] Added BFC statement

0 !HISTORY 2002-04-25 [PTadmin] Official Update 2002-02

0 !HISTORY 2007-06-24 [PTadmin] Header formatted for Contributor Agreement

0 !HISTORY 2008-07-01 [PTadmin] Official Update 2008-01

0 !HISTORY 2008-08-26 [cwdee] Switch polygon winding and rename

0 !HISTORY 2009-05-02 [PTadmin] Official Update 2009-01





4 16 -1.1481 0 2.7717 -0.7654 0 1.8478 0 0 2 0 0 3

4 16 -2.1213 0 2.1213 -1.4142 0 1.4142 -0.7654 0 1.8478 -1.1481 0 2.7717

4 16 -2.7717 0 1.1481 -1.8478 0 0.7654 -1.4142 0 1.4142 -2.1213 0 2.1213

4 16 -3 0 0 -2 0 0 -1.8478 0 0.7654 -2.7717 0 1.1481

4 16 -2.7717 0 -1.1481 -1.8478 0 -0.7654 -2 0 0 -3 0 0

4 16 -2.1213 0 -2.1213 -1.4142 0 -1.4142 -1.8478 0 -0.7654 -2.7717 0 -1.1481

4 16 -1.1481 0 -2.7717 -0.7654 0 -1.8478 -1.4142 0 -1.4142 -2.1213 0 -2.1213

4 16 0 0 -3 0 0 -2 -0.7654 0 -1.8478 -1.1481 0 -2.7717

4 16 1.1481 0 -2.7717 0.7654 0 -1.8478 0 0 -2 0 0 -3

4 16 2.1213 0 -2.1213 1.4142 0 -1.4142 0.7654 0 -1.8478 1.1481 0 -2.7717

4 16 2.7717 0 -1.1481 1.8478 0 -0.7654 1.4142 0 -1.4142 2.1213 0 -2.1213

4 16 3 0 0 2 0 0 1.8478 0 -0.7654 2.7717 0 -1.1481

4 16 2.7717 0 1.1481 1.8478 0 0.7654 2 0 0 3 0 0

4 16 2.1213 0 2.1213 1.4142 0 1.4142 1.8478 0 0.7654 2.7717 0 1.1481

4 16 1.1481 0 2.7717 0.7654 0 1.8478 1.4142 0 1.4142 2.1213 0 2.1213

4 16 0 0 3 0 0 2 0.7654 0 1.8478 1.1481 0 2.7717

0

0 NOFILE

0 FILE 78257.dat
0 Plate  1 x  1 with Handles on Opposite Ends

0 Name: 78257.dat

0 Author: Gerald Lasser [GeraldLasser]

0 !LDRAW_ORG Part UPDATE 2022-06

0 !LICENSE Licensed under CC BY 4.0 : see CAreadme.txt



0 BFC CERTIFY CCW



0 !HISTORY 2022-12-20 [PTadmin] Official Update 2022-06





3 16 -10 8 4 -10 8 10 -6 8 6

4 16 -10 8 -4 -10 8 4 -6 8 6 -6 8 -6

3 16 -10 8 -10 -10 8 -4 -6 8 -6

4 16 -10 8 -10 -6 8 -6 6 8 -6 10 8 -10

3 16 10 8 -4 10 8 -10 6 8 -6

4 16 6 8 -6 6 8 6 10 8 4 10 8 -4

3 16 10 8 10 10 8 4 6 8 6

4 16 10 8 10 6 8 6 -6 8 6 -10 8 10

0 BFC INVERTNEXT

1 16 0 8 0 0 0 -6 0 -4 0 6 0 0 box5.dat



1 16 20 0 -7 0 0 -1 0 1 0 1 0 0 phandle1.dat

1 16 20 0 7 0 0 -1 0 1 0 -1 0 0 phandle1.dat

1 16 -20 0 -7 0 0 1 0 1 0 1 0 0 phandle1.dat

1 16 -20 0 7 0 0 1 0 1 0 -1 0 0 phandle1.dat

1 16 -20 2 4 0 0 4 4 0 0 0 -8 0 4-4cylo.dat

1 16 20 2 4 0 0 4 4 0 0 0 -8 0 4-4cylo.dat



1 16 0 4 -10 10 0 0 0 0 -4 0 1 0 rect2p.dat

1 16 0 4 10 10 0 0 0 0 -4 0 -1 0 rect2p.dat

4 16 -10 0 -4 -10 0 -10 10 0 -10 10 0 -4

1 16 0 8 0 0 0 -10 0 -8 0 4 0 0 box3u4p.dat

4 16 -10 0 10 -10 0 4 10 0 4 10 0 10



1 16 0 0 0 1 0 0 0 1 0 0 0 1 stud.dat

0 NOFILE

0 FILE box3u4p.dat
0 Box with  3 Faces without  4 Parallel Edges

0 Name: box3u4p.dat

0 Author: Willy Tschager [Holly-Wood]

0 !LDRAW_ORG Primitive UPDATE 2024-01

0 !LICENSE Licensed under CC BY 4.0 : see CAreadme.txt



0 BFC CERTIFY CCW



0 !HISTORY 2009-12-29 [PTadmin] Official Update 2009-03

0 !HISTORY 2024-01-03 [Holly-Wood] Complete re-write, original by LordAdmiral

0 !HISTORY 2024-01-29 [OrionP] Official Update 2024-01



2 24 -1 1 1 1 1 1

2 24 1 1 -1 -1 1 -1

4 16 1 1 1 1 1 -1 -1 1 -1 -1 1 1



2 24 -1 0 1 1 0 1

2 24 1 1 1 1 0 1

2 24 -1 1 1 -1 0 1

4 16 1 1 1 -1 1 1 -1 0 1 1 0 1



2 24 1 0 -1 -1 0 -1

2 24 1 1 -1 1 0 -1

2 24 -1 1 -1 -1 0 -1

4 16 -1 1 -1 1 1 -1 1 0 -1 -1 0 -1

0 NOFILE

0 FILE phandle1.dat
0 Bar Handle Attachment with Open Side

0 Name: phandle1.dat

0 Author: Gerald Lasser [GeraldLasser]

0 !LDRAW_ORG Primitive UPDATE 2024-02

0 !LICENSE Licensed under CC BY 4.0 : see CAreadme.txt



0 BFC CERTIFY CCW



0 !HISTORY 2022-12-20 [PTadmin] Official Update 2022-06

0 !HISTORY 2024-03-23 [OrionP] Updated ring primitives

0 !HISTORY 2024-03-24 [OrionP] Official Update 2024-02



1 16 0 -.149 5.5735 3 0 0 0 1 .149 0 0 .0295 rect3.dat

1 16 -3 2 0 0 6 0 -6 0 0 0 0 6 3-16cylo.dat

1 16 -3 2 0 0 6 0 -6 0 0 0 0 -6 2-4cylo.dat

1 16 -3 2 0 0 1 0 6 0 0 0 0 -6 2-4chrd.dat

1 16 -3 2 0 0 6 0 -6 0 0 0 0 6 3-16chrd.dat



1 16 3 2 0 0 -1 0 4 0 0 0 0 4 1-4ndis.dat

1 16 3 2 0 0 -1 0 0 0 -4 4 0 0 1-16tang.dat

1 16 3 2 0 0 -1 0 2 0 0 0 0 -2 2-4ring2.dat

1 16 3 2 0 0 -1 0 -2 0 0 0 0 2 3-16ring2.dat

1 16 0 8 5 0 0 3 0 -1 0 5 0 0 rect2p.dat

1 16 0 0 7.8015 0 0 3 0 1 0 -2.1985 0 0 rect2p.dat

4 16 -3 8 10 -3 8 0 -3 0 5.603 -3 0 10

4 16 3 8 10 3 0 10 3 2 4 3 6 4

4 16 3 8 10 3 6 4 3 6 0 3 8 0

5 24 -3 -.298 5.544 3 -.298 5.544 3 0 5.603 3 -2.2426 4.2426

4 16 -3 -.298 5.544 -3 0 5.603 -3 8 0 -3 -4 0

4 16 3 0 5.603 3 -.298 5.544 3 .4692 3.6956 3 1.2044 4

4 16 3 1.2044 4 3 2 4 3 0 10 3 0 5.603

0 NOFILE

0 FILE 3-16ring2.dat
0 Ring  2 x 0.1875

0 Name: 3-16ring2.dat

0 Author: Philippe Hurbain [Philo]

0 !LDRAW_ORG Primitive UPDATE 2024-02

0 !LICENSE Licensed under CC BY 4.0 : see CAreadme.txt



0 BFC CERTIFY CCW



0 !HISTORY 2009-12-29 [PTadmin] Official Update 2009-03

0 !HISTORY 2024-03-23 [OrionP] Moved from 3-16rin2.dat

0 !HISTORY 2024-03-24 [OrionP] Official Update 2024-02



4 16 2 0 0 3 0 0 2.7717 0 1.1481 1.8478 0 0.7654

4 16 1.8478 0 0.7654 2.7717 0 1.1481 2.1213 0 2.1213 1.4142 0 1.4142

4 16 1.4142 0 1.4142 2.1213 0 2.1213 1.1481 0 2.7717 0.7654 0 1.8478



0 // end of file



0 NOFILE

0 FILE 2-4ring2.dat
0 Ring  2 x 0.5

0 Name: 2-4ring2.dat

0 Author: Chris Dee [cwdee]

0 !LDRAW_ORG Primitive UPDATE 2012-01

0 !LICENSE Licensed under CC BY 4.0 : see CAreadme.txt



0 BFC CERTIFY CCW



0 !HISTORY 2001-10-26 [PTadmin] Official Update 2001-01

0 !HISTORY 2007-06-24 [PTadmin] Header formatted for Contributor Agreement

0 !HISTORY 2008-07-01 [PTadmin] Official Update 2008-01

0 !HISTORY 2012-02-16 [Philo] Changed to CCW

0 !HISTORY 2012-03-30 [PTadmin] Official Update 2012-01





4 16 3 0 0 2.7717 0 1.1481 1.8478 0 0.7654 2 0 0

4 16 2.7717 0 1.1481 2.1213 0 2.1213 1.4142 0 1.4142 1.8478 0 0.7654

4 16 2.1213 0 2.1213 1.1481 0 2.7717 0.7654 0 1.8478 1.4142 0 1.4142

4 16 1.1481 0 2.7717 0 0 3 0 0 2 0.7654 0 1.8478

4 16 0 0 3 -1.1481 0 2.7717 -0.7654 0 1.8478 0 0 2

4 16 -1.1481 0 2.7717 -2.1213 0 2.1213 -1.4142 0 1.4142 -0.7654 0 1.8478

4 16 -2.1213 0 2.1213 -2.7717 0 1.1481 -1.8478 0 0.7654 -1.4142 0 1.4142

4 16 -2.7717 0 1.1481 -3 0 0 -2 0 0 -1.8478 0 0.7654

0 NOFILE

0 FILE 1-16tang.dat
0 Disc Negative Tangent 0.0625

0 Name: 1-16tang.dat

0 Author: Gerald Lasser [GeraldLasser]

0 !LDRAW_ORG Primitive UPDATE 2020-02

0 !LICENSE Licensed under CC BY 4.0 : see CAreadme.txt



0 BFC CERTIFY CCW



0 !HISTORY 2020-09-05 [PTadmin] Official Update 2020-02





3 16 1 0 0 1 0 .1989 .9239 0 .3827

0 NOFILE

0 FILE 2-4chrd.dat
0 Chord 0.5

0 Name: 2-4chrd.dat

0 Author: Philippe Hurbain [Philo]

0 !LDRAW_ORG Primitive UPDATE 2014-01

0 !LICENSE Licensed under CC BY 4.0 : see CAreadme.txt



0 BFC CERTIFY CCW



0 !HISTORY 2014-06-21 [PTadmin] Official Update 2014-01





4 16 0.9239 0 0.3827 -0.9239 0 0.3827 -1 0 0 1 0 0

4 16 0.7071 0 0.7071 -0.7071 0 0.7071 -0.9239 0 0.3827 0.9239 0 0.3827

4 16 0.3827 0 0.9239 -0.3827 0 0.9239 -0.7071 0 0.7071 0.7071 0 0.7071

3 16 0 0 1 -0.3827 0 0.9239 0.3827 0 0.9239

0 NOFILE

0 FILE 2-4cylo.dat
0 Cylinder Open 0.5

0 Name: 2-4cylo.dat

0 Author: Max Martin Richter [MMR1988]

0 !LDRAW_ORG Primitive UPDATE 2010-03

0 !LICENSE Licensed under CC BY 4.0 : see CAreadme.txt



0 BFC CERTIFY CCW



0 !HISTORY 2010-12-31 [PTadmin] Official Update 2010-03





1 16 0 0 0 1 0 0 0 1 0 0 0 1 2-4edge.dat

1 16 0 1 0 1 0 0 0 1 0 0 0 1 2-4edge.dat

1 16 0 0 0 1 0 0 0 1 0 0 0 1 2-4cyli.dat

0 NOFILE

0 FILE 2-4cyli.dat
0 Cylinder 0.5

0 Name: 2-4cyli.dat

0 Author: James Jessiman

0 !LDRAW_ORG Primitive UPDATE 2005-01

0 !LICENSE Licensed under CC BY 4.0 : see CAreadme.txt



0 BFC CERTIFY CCW



0 !HISTORY 2002-03-23 [sbliss] Added BFC statement; compacted code

0 !HISTORY 2002-04-25 [PTadmin] Official Update 2002-02

0 !HISTORY 2004-12-11 [nielsk] Recreated using Primitive Generator, Edge lines fixed, BFC changed to CCW

0 !HISTORY 2005-12-28 [PTadmin] Official Update 2005-01

0 !HISTORY 2007-06-24 [PTadmin] Header formatted for Contributor Agreement

0 !HISTORY 2008-07-01 [PTadmin] Official Update 2008-01





4 16 .9239 1 .3827 .9239 0 .3827 1 0 0 1 1 0

4 16 .7071 1 .7071 .7071 0 .7071 .9239 0 .3827 .9239 1 .3827

4 16 .3827 1 .9239 .3827 0 .9239 .7071 0 .7071 .7071 1 .7071

4 16 0 1 1 0 0 1 .3827 0 .9239 .3827 1 .9239

4 16 -.3827 1 .9239 -.3827 0 .9239 0 0 1 0 1 1

4 16 -.7071 1 .7071 -.7071 0 .7071 -.3827 0 .9239 -.3827 1 .9239

4 16 -.9239 1 .3827 -.9239 0 .3827 -.7071 0 .7071 -.7071 1 .7071

4 16 -1 1 0 -1 0 0 -.9239 0 .3827 -.9239 1 .3827

5 24 1 1 0 1 0 0 1 1 -.4142 .9239 1 .3827

5 24 .9239 1 .3827 .9239 0 .3827 1 1 0 .7071 1 .7071

5 24 .7071 1 .7071 .7071 0 .7071 .9239 1 .3827 .3827 1 .9239

5 24 .3827 1 .9239 .3827 0 .9239 .7071 1 .7071 0 1 1

5 24 0 1 1 0 0 1 .3827 1 .9239 -.3827 1 .9239

5 24 -.3827 1 .9239 -.3827 0 .9239 0 1 1 -.7071 1 .7071

5 24 -.7071 1 .7071 -.7071 0 .7071 -.3827 1 .9239 -.9239 1 .3827

5 24 -.9239 1 .3827 -.9239 0 .3827 -.7071 1 .7071 -1 1 0

5 24 -1 1 0 -1 0 0 -.9239 1 .3827 -1 1 -.4142

0

0 NOFILE

0 FILE 2-4edge.dat
0 Circle 0.5

0 Name: 2-4edge.dat

0 Author: James Jessiman

0 !LDRAW_ORG Primitive UPDATE 2017-01

0 !LICENSE Licensed under CC BY 4.0 : see CAreadme.txt



0 BFC CERTIFY CCW



0 !HISTORY 2007-06-24 [PTadmin] Header formatted for Contributor Agreement

0 !HISTORY 2008-07-01 [PTadmin] Official Update 2008-01

0 !HISTORY 2017-01-15 [Steffen] BFCed

0 !HISTORY 2017-12-30 [PTadmin] Official Update 2017-01





2 24 1 0 0 0.9239 0 0.3827

2 24 0.9239 0 0.3827 0.7071 0 0.7071

2 24 0.7071 0 0.7071 0.3827 0 0.9239

2 24 0.3827 0 0.9239 0 0 1

2 24 0 0 1 -0.3827 0 0.9239

2 24 -0.3827 0 0.9239 -0.7071 0 0.7071

2 24 -0.7071 0 0.7071 -0.9239 0 0.3827

2 24 -0.9239 0 0.3827 -1 0 0

0 NOFILE

0 FILE 2555.dat
0 Tile  1 x  1 with Clip

0 Name: 2555.dat

0 Author: James Jessiman

0 !LDRAW_ORG Part UPDATE 2025-09

0 !LICENSE Licensed under CC BY 4.0 : see CAreadme.txt



0 BFC CERTIFY CCW



0 !HISTORY 2003-11-13 [sbliss] Updated 3070 reference to 3070a

0 !HISTORY 2003-11-13 [Steffen] BFCed

0 !HISTORY 2003-12-19 [PTadmin] Official Update 2003-03

0 !HISTORY 2007-05-14 [PTadmin] Header formatted for Contributor Agreement

0 !HISTORY 2008-07-01 [PTadmin] Official Update 2008-01

0 !HISTORY 2013-12-15 [MagFors] Added edge lines inside the clip

0 !HISTORY 2013-12-23 [PTadmin] Official Update 2013-02

0 !HISTORY 2025-09-27 [OrionP] Changed winding to CCW

0 !HISTORY 2025-09-29 [OrionP] Official Update 2025-09



1 16 0 0 0 1 0 0 0 1 0 0 0 1 3070a.dat



2 24 10 0 4 -10 0 4

2 24 10 0 -4 -10 0 -4

4 16 10 0 -4 4 -2 -4 -4 -2 -4 -10 0 -4

4 16 -10 0 4 -4 -2 4 4 -2 4 10 0 4

1 16 0 -6 4 0 0 -4 4 0 0 0 -1 0 5-16ndis.dat

1 16 0 -6 4 0 0 4 4 0 0 0 -1 0 5-16ndis.dat

1 16 0 -6 -4 0 0 -4 4 0 0 0 1 0 5-16ndis.dat

1 16 0 -6 -4 0 0 4 4 0 0 0 1 0 5-16ndis.dat

0 BFC INVERTNEXT

1 16 0 -6 4 0 0 -4 4 0 0 0 -8 0 5-16cylo.dat

0 BFC INVERTNEXT

1 16 0 -6 4 0 0 4 4 0 0 0 -8 0 5-16cylo.dat

1 16 -3.8478 -8.7654 0 0 -1 -0.1522 0 0 -1.2346 -4 0 0 rect.dat

1 16 3.8478 -8.7654 0 0 1 0.1522 0 0 -1.2346 4 0 0 rect.dat

1 16 7 -5 0 0 2 -1 0 0 -5 -4 0 0 box2-7.dat

1 16 -7 -5 0 0 -2 1 0 0 -5 4 0 0 box2-7.dat

4 16 10 0 -4 8 -10 -4 4 -6 -4 4 -2 -4

3 16 4 -10 -4 4 -6 -4 8 -10 -4

4 16 -4 -2 -4 -4 -6 -4 -8 -10 -4 -10 0 -4

3 16 -8 -10 -4 -4 -6 -4 -4 -10 -4

4 16 4 -2 4 4 -6 4 8 -10 4 10 0 4

3 16 8 -10 4 4 -6 4 4 -10 4

4 16 -10 0 4 -8 -10 4 -4 -6 4 -4 -2 4

3 16 -4 -10 4 -4 -6 4 -8 -10 4
0 NOFILE

0 FILE 5-16cylo.dat
0 Cylinder Open 0.3125

0 Name: 5-16cylo.dat

0 Author: Max Martin Richter [MMR1988]

0 !LDRAW_ORG Primitive UPDATE 2013-01

0 !LICENSE Licensed under CC BY 4.0 : see CAreadme.txt



0 BFC CERTIFY CCW



0 !HISTORY 2013-07-21 [PTadmin] Official Update 2013-01





1 16 0 0 0 1 0 0 0 1 0 0 0 1 5-16cyli.dat

1 16 0 0 0 1 0 0 0 1 0 0 0 1 5-16edge.dat

1 16 0 1 0 1 0 0 0 1 0 0 0 1 5-16edge.dat

0 NOFILE

0 FILE 5-16edge.dat
0 Circle 0.3125

0 Name: 5-16edge.dat

0 Author: Philippe Hurbain [Philo]

0 !LDRAW_ORG Primitive UPDATE 2009-03

0 !LICENSE Licensed under CC BY 4.0 : see CAreadme.txt



0 BFC CERTIFY CCW



0 !HISTORY 2009-12-29 [PTadmin] Official Update 2009-03





2 24 1 0 0 0.9239 0 0.3827

2 24 0.9239 0 0.3827 0.7071 0 0.7071

2 24 0.7071 0 0.7071 0.3827 0 0.9239

2 24 0.3827 0 0.9239 0 0 1

2 24 0 0 1 -0.3827 0 0.9239



0 // end of file



0 NOFILE

0 FILE 5-16cyli.dat
0 Cylinder 0.3125

0 Name: 5-16cyli.dat

0 Author: Philippe Hurbain [Philo]

0 !LDRAW_ORG Primitive UPDATE 2009-03

0 !LICENSE Licensed under CC BY 4.0 : see CAreadme.txt



0 BFC CERTIFY CCW



0 !HISTORY 2009-12-29 [PTadmin] Official Update 2009-03





4 16 0.9239 0 0.3827 1 0 0 1 1 0 0.9239 1 0.3827

4 16 0.7071 0 0.7071 0.9239 0 0.3827 0.9239 1 0.3827 0.7071 1 0.7071

4 16 0.3827 0 0.9239 0.7071 0 0.7071 0.7071 1 0.7071 0.3827 1 0.9239

4 16 0 0 1 0.3827 0 0.9239 0.3827 1 0.9239 0 1 1

4 16 -0.3827 0 0.9239 0 0 1 0 1 1 -0.3827 1 0.9239



0 // conditional lines

5 24 1 1 0 1 0 0 1 1 -0.4142 0.9239 1 0.3827

5 24 0.9239 1 0.3827 0.9239 0 0.3827 1 1 0 0.7071 1 0.7071

5 24 0.7071 1 0.7071 0.7071 0 0.7071 0.9239 1 0.3827 0.3827 1 0.9239

5 24 0.3827 1 0.9239 0.3827 0 0.9239 0.7071 1 0.7071 0 1 1

5 24 0 1 1 0 0 1 0.3827 1 0.9239 -0.3827 1 0.9239

5 24 -0.3827 1 0.9239 -0.3827 0 0.9239 0 1 1 -0.7654 1 0.7654



0 // end of file



0 NOFILE

0 FILE 5-16ndis.dat
0 Disc Negative 0.3125

0 Name: 5-16ndis.dat

0 Author: Max Martin Richter [MMR1988]

0 !LDRAW_ORG Primitive UPDATE 2013-01

0 !LICENSE Licensed under CC BY 4.0 : see CAreadme.txt



0 BFC CERTIFY CCW



0 !HISTORY 2013-07-21 [PTadmin] Official Update 2013-01





3 16 1 0 1 0.9239 0 0.3827 1 0 0

3 16 1 0 1 0.7071 0 0.7071 0.9239 0 0.3827

3 16 1 0 1 0.3827 0 0.9239 0.7071 0 0.7071

3 16 1 0 1 0 0 1 0.3827 0 0.9239

3 16 -1 0 1 -0.3827 0 0.9239 0 0 1

0 // Build by Primitive Generator 2

0 NOFILE

0 FILE 3070a.dat
0 Tile  1 x  1 without Groove

0 Name: 3070a.dat

0 Author: James Jessiman

0 !LDRAW_ORG Part UPDATE 2025-09

0 !LICENSE Licensed under CC BY 4.0 : see CAreadme.txt



0 BFC CERTIFY CCW



0 !HISTORY 2003-07-01 [Steffen] BFCed

0 !HISTORY 2003-12-19 [PTadmin] Official Update 2003-03

0 !HISTORY 2007-10-13 [PTadmin] Header formatted for Contributor Agreement

0 !HISTORY 2008-07-01 [PTadmin] Official Update 2008-01

0 !HISTORY 2025-09-27 [OrionP] Changed winding to CCW

0 !HISTORY 2025-09-29 [OrionP] Official Update 2025-09



1 16 0 8 0 10 0 0 0 -8 0 0 0 10 box4.dat

0 BFC INVERTNEXT

1 16 0 8 0 6 0 0 0 -4 0 0 0 6 box5.dat

4 16 10 8 10 6 8 6 -6 8 6 -10 8 10

4 16 -10 8 10 -6 8 6 -6 8 -6 -10 8 -10

4 16 -10 8 -10 -6 8 -6 6 8 -6 10 8 -10

4 16 10 8 -10 6 8 -6 6 8 6 10 8 10

4 16 -10 0 -10 10 0 -10 10 0 10 -10 0 10

0
0 NOFILE

0 FILE 3068b.dat
0 Tile  2 x  2 with Groove

0 Name: 3068b.dat

0 Author: Takeshi Takahashi [RainbowDolphin]

0 !LDRAW_ORG Part UPDATE 2024-06

0 !LICENSE Licensed under CC BY 4.0 : see CAreadme.txt



0 BFC CERTIFY CCW



0 !KEYWORDS BrickLink 3068



0 !HISTORY 2002-04-25 [PTadmin] Official Update 2002-02

0 !HISTORY 2004-07-26 [guyvivan] Made BFC Compliant

0 !HISTORY 2004-11-06 [PTadmin] Official Update 2004-04

0 !HISTORY 2007-06-13 [PTadmin] Header formatted for Contributor Agreement

0 !HISTORY 2008-07-01 [PTadmin] Official Update 2008-01

0 !HISTORY 2024-05-29 [RainbowDolphin] Total rewrite, original by Damien Guichard [BrickCaster]

0 !HISTORY 2024-07-29 [OrionP] Official Update 2024-06



1 16 0 0 0 1 0 0 0 1 0 0 0 1 s__3068bs01.dat

0 // Patternable surface

4 16 -20 0 -20 20 0 -20 20 0 20 -20 0 20

0 NOFILE

0 FILE s__3068bs01.dat
0 ~Tile  2 x  2 with Groove without Face

0 Name: s\3068bs01.dat

0 Author: Willy Tschager [Holly-Wood]

0 !LDRAW_ORG Subpart UPDATE 2024-03

0 !LICENSE Licensed under CC BY 4.0 : see CAreadme.txt



0 BFC CERTIFY CCW



0 !HISTORY 2002-04-02 [sbliss] Modified for BFC compliance

0 !HISTORY 2002-04-25 [PTadmin] Official Update 2002-02

0 !HISTORY 2007-08-30 [PTadmin] Header formatted for Contributor Agreement

0 !HISTORY 2008-07-01 [PTadmin] Official Update 2008-01

0 !HISTORY 2024-03-07 [Holly-Wood] Complete re-write, original by BrickCaster

0 !HISTORY 2024-04-28 [OrionP] Official Update 2024-03



1 16 0 0 0 20 0 0 0 7 0 0 0 20 box4.dat

1 16 0 7 0 19 0 0 0 1 0 0 0 19 box4.dat

0 BFC INVERTNEXT

1 16 0 4 0 16 0 0 0 4 0 0 0 16 box4.dat

1 16 0 4 0 1 0 0 0 -1 0 0 0 1 stud4.dat

1 16 0 4 0 6 0 0 0 -1 0 0 0 6 4-4disc.dat

1 16 0 4 0 8 0 0 0 -1 0 0 0 8 4-4ndis.dat



4 16 -19 7 -19 19 7 -19 20 7 -20 -20 7 -20

4 16 20 7 -20 19 7 -19 19 7 19 20 7 20

4 16 20 7 20 19 7 19 -19 7 19 -20 7 20

4 16 -20 7 20 -19 7 19 -19 7 -19 -20 7 -20



4 16 -16 8 -16 16 8 -16 19 8 -19 -19 8 -19

4 16 19 8 -19 16 8 -16 16 8 16 19 8 19

4 16 19 8 19 16 8 16 -16 8 16 -19 8 19

4 16 -19 8 19 -16 8 16 -16 8 -16 -19 8 -19



4 16 -8 4 -8 8 4 -8 16 4 -16 -16 4 -16

4 16 16 4 -16 8 4 -8 8 4 8 16 4 16

4 16 16 4 16 8 4 8 -8 4 8 -16 4 16

4 16 -16 4 16 -8 4 8 -8 4 -8 -16 4 -16

0 NOFILE

0 FILE 4-4ndis.dat
0 Disc Negative 1.0

0 Name: 4-4ndis.dat

0 Author: James Jessiman

0 !LDRAW_ORG Primitive UPDATE 2012-01

0 !LICENSE Licensed under CC BY 4.0 : see CAreadme.txt



0 BFC CERTIFY CCW



0 !HISTORY 2002-03-23 [sbliss] Added BFC statement; compacted code

0 !HISTORY 2002-04-25 [PTadmin] Official Update 2002-02

0 !HISTORY 2007-06-24 [PTadmin] Header formatted for Contributor Agreement

0 !HISTORY 2008-07-01 [PTadmin] Official Update 2008-01

0 !HISTORY 2012-02-16 [Philo] Changed to CCW

0 !HISTORY 2012-03-30 [PTadmin] Official Update 2012-01





3 16 0.9239 0 0.3827 1 0 0 1 0 1

3 16 0.7071 0 0.7071 0.9239 0 0.3827 1 0 1

3 16 0.3827 0 0.9239 0.7071 0 0.7071 1 0 1

3 16 0 0 1 0.3827 0 0.9239 1 0 1

3 16 -0.3827 0 0.9239 0 0 1 -1 0 1

3 16 -0.7071 0 0.7071 -0.3827 0 0.9239 -1 0 1

3 16 -0.9239 0 0.3827 -0.7071 0 0.7071 -1 0 1

3 16 -1 0 0 -0.9239 0 0.3827 -1 0 1

3 16 -0.9239 0 -0.3827 -1 0 0 -1 0 -1

3 16 -0.7071 0 -0.7071 -0.9239 0 -0.3827 -1 0 -1

3 16 -0.3827 0 -0.9239 -0.7071 0 -0.7071 -1 0 -1

3 16 0 0 -1 -0.3827 0 -0.9239 -1 0 -1

3 16 0.3827 0 -0.9239 0 0 -1 1 0 -1

3 16 0.7071 0 -0.7071 0.3827 0 -0.9239 1 0 -1

3 16 0.9239 0 -0.3827 0.7071 0 -0.7071 1 0 -1

3 16 1 0 0 0.9239 0 -0.3827 1 0 -1

0 NOFILE

0 FILE 44728.dat
0 Bracket  1 x  2 -  2 x  2 Down

0 Name: 44728.dat

0 Author: Brent Jackson [bjackson]

0 !LDRAW_ORG Part UPDATE 2025-09

0 !LICENSE Licensed under CC BY 2.0 and CC BY 4.0 : see CAreadme.txt



0 BFC CERTIFY CCW



0 !HISTORY 2004-04-22 [PTadmin] Official Update 2004-02

0 !HISTORY 2007-07-04 [PTadmin] Header formatted for Contributor Agreement

0 !HISTORY 2008-07-01 [PTadmin] Official Update 2008-01

0 !HISTORY 2020-10-23 [cwdee] Update description

0 !HISTORY 2020-12-29 [PTadmin] Official Update 2020-03

0 !HISTORY 2025-09-27 [OrionP] Changed winding to CCW

0 !HISTORY 2025-09-29 [OrionP] Official Update 2025-09



1 16 -10 0 0 0 0 1 0 1 0 -1 0 0 stud.dat

1 16 10 0 0 0 0 1 0 1 0 -1 0 0 stud.dat

1 16 0 0 -2 20 0 0 0 1 0 0 0 12 rect.dat

1 16 0 4 10 20 0 0 0 0 4 0 -1 0 rect.dat

4 16 -20 8 10 -20 8 -14 -20 0 -14 -20 0 10

4 16 20 0 -14 20 8 -14 20 8 10 20 0 10

4 16 20 8 -10 20 36 -10 -20 36 -10 -20 8 -10

4 16 -20 36 -10 -20 36 -14 -20 8 -14 -20 8 -10

4 16 20 36 -14 20 36 -10 20 8 -10 20 8 -14

1 16 0 18 -14 20 0 0 0 0 -18 0 1 0 rect3.dat

4 16 -16 8 6 -16 8 -10 -20 8 -10 -20 8 6

4 16 20 8 6 20 8 -10 16 8 -10 16 8 6

4 16 20 8 10 20 8 6 -20 8 6 -20 8 10

1 16 0 6 -10 -16 0 0 0 0 -2 0 -1 0 rect3.dat

1 16 -16 36 -14 0 0 -4 4 0 0 0 -1 0 1-4edge.dat

1 16 -16 36 -10 0 0 -4 4 0 0 0 -1 0 1-4edge.dat

1 16 -16 36 -10 0 0 -4 4 0 0 0 -4 0 1-4cyli.dat

1 16 -16 36 -14 -4 0 0 0 0 4 0 1 0 1-4disc.dat

1 16 16 36 -14 0 0 4 4 0 0 0 1 0 1-4disc.dat

4 16 -16 40 -14 16 40 -14 16 36 -14 -16 36 -14

1 16 -16 36 -10 0 0 -4 4 0 0 0 -1 0 1-4disc.dat

1 16 16 36 -10 4 0 0 0 0 4 0 -1 0 1-4disc.dat

1 16 16 36 -10 0 0 4 4 0 0 0 1 0 1-4edge.dat

1 16 16 36 -14 0 0 4 4 0 0 0 1 0 1-4edge.dat

1 16 16 36 -14 0 0 4 4 0 0 0 4 0 1-4cyli.dat

4 16 16 40 -10 -16 40 -10 -16 36 -10 16 36 -10

4 16 16 40 -10 16 40 -14 -16 40 -14 -16 40 -10

2 24 -16 40 -14 16 40 -14

2 24 -16 40 -10 16 40 -10

2 24 -20 36 -10 -20 8 -10

2 24 20 36 -10 20 8 -10

2 24 -20 8 -10 -20 8 10

2 24 20 8 -10 20 8 10

2 24 -20 8 -10 -16 8 -10

2 24 20 8 -10 16 8 -10

1 16 -10 6 -8 0 0 2 2 0 0 0 2 0 box.dat

1 16 10 6 -8 0 0 2 2 0 0 0 2 0 box.dat

1 16 10 10 -14 0 0 1 1 0 0 0 1 0 stud2.dat

1 16 -10 10 -14 0 0 1 1 0 0 0 1 0 stud2.dat

1 16 -10 30 -14 0 0 1 1 0 0 0 1 0 stud2.dat

1 16 10 30 -14 0 0 1 1 0 0 0 1 0 stud2.dat

1 16 0 4 0 -1 0 0 0 -1 0 0 0 1 stud3.dat

0 BFC INVERTNEXT

1 16 0 8 -2 -16 0 0 0 -4 0 0 0 8 box4-1.dat

0
0 NOFILE

0 FILE box4-1.dat
0 Box with 4 Faces without 1 Edge

0 Name: box4-1.dat

0 Author: Tore Eriksson [Tore_Eriksson]

0 !LDRAW_ORG Primitive UPDATE 2012-01

0 !LICENSE Licensed under CC BY 4.0 : see CAreadme.txt



0 BFC CERTIFY CCW



0 !HISTORY 1998-07-15 [PTadmin] Official Update 1998-07

0 !HISTORY 2002-04-05 [hafhead] Made BFC compliant

0 !HISTORY 2002-04-25 [PTadmin] Official Update 2002-02

0 !HISTORY 2007-06-24 [PTadmin] Header formatted for Contributor Agreement

0 !HISTORY 2008-07-01 [PTadmin] Official Update 2008-01

0 !HISTORY 2012-02-16 [Philo] Changed to CCW

0 !HISTORY 2012-03-30 [PTadmin] Official Update 2012-01





2 24 1 1 1 -1 1 1

2 24 -1 1 1 -1 1 -1

2 24 -1 1 -1 1 1 -1

2 24 1 1 -1 1 1 1

2 24 1 0 1 -1 0 1

2 24 -1 0 1 -1 0 -1

2 24 1 0 -1 1 0 1

2 24 1 0 1 1 1 1

2 24 -1 0 1 -1 1 1

2 24 1 0 -1 1 1 -1

2 24 -1 0 -1 -1 1 -1

4 16 -1 1 1 1 1 1 1 1 -1 -1 1 -1

4 16 -1 1 1 -1 0 1 1 0 1 1 1 1

4 16 -1 1 -1 -1 0 -1 -1 0 1 -1 1 1

4 16 1 1 1 1 0 1 1 0 -1 1 1 -1

0 NOFILE

0 FILE box.dat
0 Box 6 (six faces)

0 Name: box.dat

0 Author: James Jessiman

0 !LDRAW_ORG Primitive UPDATE 2002-05

0 !LICENSE Licensed under CC BY 4.0 : see CAreadme.txt



0 BFC CERTIFY CCW



0 !HISTORY 2002-08-22 [sbliss] Applied BFC

0 !HISTORY 2002-11-30 [PTadmin] Official Update 2002-05

0 !HISTORY 2007-06-24 [PTadmin] Header formatted for Contributor Agreement

0 !HISTORY 2008-07-01 [PTadmin] Official Update 2008-01





2 24 1 1 1 -1 1 1

2 24 -1 1 1 -1 1 -1

2 24 -1 1 -1 1 1 -1

2 24 1 1 -1 1 1 1

2 24 1 -1 1 -1 -1 1

2 24 -1 -1 1 -1 -1 -1

2 24 -1 -1 -1 1 -1 -1

2 24 1 -1 -1 1 -1 1

2 24 1 -1 1 1 1 1

2 24 -1 -1 1 -1 1 1

2 24 1 -1 -1 1 1 -1

2 24 -1 -1 -1 -1 1 -1

4 16 1 1 1 1 1 -1 -1 1 -1 -1 1 1

4 16 -1 -1 -1 1 -1 -1 1 -1 1 -1 -1 1

4 16 -1 -1 1 1 -1 1 1 1 1 -1 1 1

4 16 -1 -1 -1 -1 -1 1 -1 1 1 -1 1 -1

4 16 1 -1 -1 -1 -1 -1 -1 1 -1 1 1 -1

4 16 1 -1 1 1 -1 -1 1 1 -1 1 1 1

0

0 NOFILE

0 FILE 1-4disc.dat
0 Disc 0.25

0 Name: 1-4disc.dat

0 Author: James Jessiman

0 !LDRAW_ORG Primitive UPDATE 2002-02

0 !LICENSE Licensed under CC BY 4.0 : see CAreadme.txt



0 BFC CERTIFY CCW



0 !HISTORY 2002-03-23 [sbliss] Added BFC statement.

0 !HISTORY 2002-04-25 [PTadmin] Official Update 2002-02

0 !HISTORY 2007-06-22 [PTadmin] Header formatted for Contributor Agreement

0 !HISTORY 2008-07-01 [PTadmin] Official Update 2008-01





3 16 0 0 0 1 0 0 0.9239 0 0.3827

3 16 0 0 0 0.9239 0 0.3827 0.7071 0 0.7071

3 16 0 0 0 0.7071 0 0.7071 0.3827 0 0.9239

3 16 0 0 0 0.3827 0 0.9239 0 0 1

0

0 NOFILE

0 FILE 11212.dat
0 Plate  3 x  3

0 Name: 11212.dat

0 Author: Rolf Osterthun [Rolf]

0 !LDRAW_ORG Part UPDATE 2012-03

0 !LICENSE Licensed under CC BY 4.0 : see CAreadme.txt



0 BFC CERTIFY CCW



0 !HISTORY 2012-09-19 [Rolf] Creation

0 !HISTORY 2012-12-28 [PTadmin] Official Update 2012-03





1 16 0 4 0 1 0 0 0 -1 0 0 0 1 stug4-2x2.dat

1 16 0 8 0 30 0 0 0 -8 0 0 0 30 box5.dat

0 BFC INVERTNEXT

1 16 0 8 0 26 0 0 0 -4 0 0 0 26 box5.dat

1 16 0 0 0 1 0 0 0 1 0 0 0 1 stug-3x3.dat



4 16 30 8 30 26 8 26 -26 8 26 -30 8 30

4 16 -30 8 -30 -26 8 -26 26 8 -26 30 8 -30

4 16 30 8 -30 26 8 -26 26 8 26 30 8 30

4 16 -30 8 30 -26 8 26 -26 8 -26 -30 8 -30

0 NOFILE

0 FILE stug-3x3.dat
0 Stud Group  3 x  3

0 Name: stug-3x3.dat

0 Author: Steve Bliss [sbliss]

0 !LDRAW_ORG Primitive UPDATE 2011-01

0 !LICENSE Licensed under CC BY 4.0 : see CAreadme.txt



0 BFC CERTIFY CCW



0 !HISTORY 2005-12-28 [PTadmin] Official Update 2005-01

0 !HISTORY 2007-05-04 [PTadmin] Header formatted for Contributor Agreement

0 !HISTORY 2008-07-01 [PTadmin] Official Update 2008-01

0 !HISTORY 2011-07-01 [PTadmin] Renamed from stug3

0 !HISTORY 2011-07-25 [PTadmin] Official Update 2011-01





1 16 -20 0 -20 1 0 0 0 1 0 0 0 1 stud.dat

1 16 -20 0 0 1 0 0 0 1 0 0 0 1 stud.dat

1 16 -20 0 20 1 0 0 0 1 0 0 0 1 stud.dat

1 16 0 0 -20 1 0 0 0 1 0 0 0 1 stud.dat

1 16 0 0 0 1 0 0 0 1 0 0 0 1 stud.dat

1 16 0 0 20 1 0 0 0 1 0 0 0 1 stud.dat

1 16 20 0 -20 1 0 0 0 1 0 0 0 1 stud.dat

1 16 20 0 0 1 0 0 0 1 0 0 0 1 stud.dat

1 16 20 0 20 1 0 0 0 1 0 0 0 1 stud.dat

0

0 NOFILE

0 FILE stug4-2x2.dat
0 Stud Tube Open Group  2 x  2

0 Name: stug4-2x2.dat

0 Author: Steffen [Steffen]

0 !LDRAW_ORG Primitive UPDATE 2011-01

0 !LICENSE Licensed under CC BY 4.0 : see CAreadme.txt



0 BFC CERTIFY CCW



0 !HISTORY 2011-07-25 [PTadmin] Official Update 2011-01





1 16 -10 0 -10 1 0 0 0 1 0 0 0 1 stud4.dat

1 16 10 0 -10 1 0 0 0 1 0 0 0 1 stud4.dat

1 16 -10 0 10 1 0 0 0 1 0 0 0 1 stud4.dat

1 16 10 0 10 1 0 0 0 1 0 0 0 1 stud4.dat

0 NOFILE

0 FILE 6565.dat
0 Wedge  3 x  2 Left

0 Name: 6565.dat

0 Author: James Jessiman

0 !LDRAW_ORG Part UPDATE 2025-09

0 !LICENSE Licensed under CC BY 4.0 : see CAreadme.txt



0 BFC CERTIFY CCW



0 !HISTORY 2003-07-01 [Steffen] BFCed; fixed wrongly oriented studs by creating subfile; fixed one non-coplanar quad

0 !HISTORY 2004-04-22 [PTadmin] Official Update 2004-02

0 !HISTORY 2007-07-18 [PTadmin] Header formatted for Contributor Agreement

0 !HISTORY 2008-07-01 [PTadmin] Official Update 2008-01

0 !HISTORY 2025-09-27 [OrionP] Changed winding to CCW

0 !HISTORY 2025-09-29 [OrionP] Official Update 2025-09



1 16 0 0 0 1 0 0 0 1 0 0 0 1 s__6565s01.dat

1 16 -10 0 20 1 0 0 0 1 0 0 0 1 stud.dat

1 16 -10 0 0 1 0 0 0 1 0 0 0 1 stud.dat

1 16 -10 0 -20 1 0 0 0 1 0 0 0 1 stud.dat

0
0 NOFILE

0 FILE s__6565s01.dat
0 ~Wedge  3 x  2 without Studs

0 Name: s\6565s01.dat

0 Author: James Jessiman

0 !LDRAW_ORG Subpart UPDATE 2025-09

0 !LICENSE Licensed under CC BY 4.0 : see CAreadme.txt



0 BFC CERTIFY CCW



0 !HISTORY 2003-06-30 [Steffen] BFCed; subfiled for fixing mirrored studs; fixed one non-coplanar quad

0 !HISTORY 2003-11-09 [OrionP] fixed small gap on the inside

0 !HISTORY 2004-04-22 [PTadmin] Official Update 2004-02

0 !HISTORY 2007-09-10 [PTadmin] Header formatted for Contributor Agreement

0 !HISTORY 2008-07-01 [PTadmin] Official Update 2008-01

0 !HISTORY 2025-09-27 [OrionP] Changed winding to CCW

0 !HISTORY 2025-09-29 [OrionP] Official Update 2025-09



1 16 -10 4 10 -1 0 0 0 -5 0 0 0 1 stud3.dat

1 16 -10 4 -10 -1 0 0 0 -5 0 0 0 1 stud3.dat

0 BFC INVERTNEXT

1 16 -10 24 0 -6 0 0 0 -20 0 0 0 26 box5.dat

2 24 -1 24 27 15.67 24 27

2 24 15.67 24 27 15 24 25

2 24 11 24 13 9 24 7

2 24 5 24 -5 -1 24 -23

2 24 -1 24 -23 -1 24 27

2 24 15 24 25 18 24 24

2 24 11 24 13 14 24 12

2 24 9 24 7 12 24 6

2 24 5 24 -5 8 24 -6

2 24 -20 24 30 20 24 30

2 24 20 24 30 18 24 24

2 24 14 24 12 12 24 6

2 24 8 24 -6 0 24 -30

2 24 0 24 -30 -20 24 -30

2 24 -20 24 -30 -20 24 30

2 24 15 20 25 18 20 24

2 24 11 20 13 14 20 12

2 24 9 20 7 12 20 6

2 24 5 20 -5 8 20 -6

2 24 15 20 25 11 20 13

2 24 9 20 7 5 20 -5

2 24 18 20 24 14 20 12

2 24 12 20 6 8 20 -6

2 24 15 20 25 15 24 25

2 24 18 20 24 18 24 24

2 24 11 20 13 11 24 13

2 24 14 20 12 14 24 12

2 24 9 20 7 9 24 7

2 24 12 20 6 12 24 6

2 24 5 20 -5 5 24 -5

2 24 8 20 -6 8 24 -6

2 24 -1 4 27 15.67 4 27

2 24 15.67 4 27 -1 4 -23

2 24 -1 4 -23 -1 4 27

2 24 -1 4 27 -1 24 27

2 24 15.67 4 27 15.67 24 27

2 24 -1 4 -23 -1 24 -23

2 24 -20 0 30 20 0 30

2 24 20 0 30 0 0 -30

2 24 0 0 -30 -20 0 -30

2 24 -20 0 -30 -20 0 30

2 24 -20 0 30 -20 24 30

2 24 20 0 30 20 24 30

2 24 0 0 -30 0 24 -30

2 24 -20 0 -30 -20 24 -30

4 16 20 24 30 15.67 24 27 -1 24 27 -20 24 30

4 16 -1 24 27 -4 24 26 -16 24 26 -20 24 30

4 16 18 24 24 15 24 25 15.67 24 27 20 24 30

4 16 12 24 6 9 24 7 11 24 13 14 24 12

4 16 0 24 -30 -1 24 -23 5 24 -5 8 24 -6

4 16 -1 24 -23 -4 24 -26 -4 24 26 -1 24 27

4 16 -20 24 30 -16 24 26 -16 24 -26 -20 24 -30

4 16 -20 24 -30 -16 24 -26 -4 24 -26 0 24 -30

3 16 0 24 -30 -4 24 -26 -1 24 -23

4 16 14 20 12 11 20 13 15 20 25 18 20 24

4 16 8 20 -6 5 20 -5 9 20 7 12 20 6

3 16 -1 4 27 15.67 4 27 -1 4 -23

4 16 -20 0 -30 0 0 -30 20 0 30 -20 0 30

4 16 -20 24 30 -20 0 30 20 0 30 20 24 30

4 16 15.67 24 27 15.67 4 27 -1 4 27 -1 24 27

4 16 18 24 24 18 20 24 15 20 25 15 24 25

4 16 11 24 13 11 20 13 14 20 12 14 24 12

4 16 12 24 6 12 20 6 9 20 7 9 24 7

4 16 5 24 -5 5 20 -5 8 20 -6 8 24 -6

4 16 0 24 -30 0 0 -30 -20 0 -30 -20 24 -30

4 16 18 20 24 18 24 24 20 24 30 20 0 30

4 16 12 20 6 12 24 6 14 24 12 14 20 12

4 16 0 0 -30 0 24 -30 8 24 -6 8 20 -6

4 16 0 0 -30 8 20 -6 18 20 24 20 0 30

4 16 15 4 25 15.67 4 27 15.67 24 27 15 24 25

4 16 11 20 13 11 24 13 9 24 7 9 20 7

4 16 -1 4 -23 5 20 -5 5 24 -5 -1 24 -23

4 16 -1 4 -23 15 4 25 15 20 25 5 20 -5

4 16 -1 4 -23 -1 24 -23 -1 24 27 -1 4 27

4 16 -20 0 30 -20 24 30 -20 24 -30 -20 0 -30

0
0 NOFILE

0 FILE 6564.dat
0 Wedge  3 x  2 Right

0 Name: 6564.dat

0 Author: James Jessiman

0 !LDRAW_ORG Part UPDATE 2004-02

0 !LICENSE Licensed under CC BY 4.0 : see CAreadme.txt



0 BFC CERTIFY CCW



0 !HISTORY 2003-07-01 [Steffen] BFCed; fixed wrongly oriented studs by creating subfile; fixed one non-coplanar quad

0 !HISTORY 2004-04-22 [PTadmin] Official Update 2004-02

0 !HISTORY 2007-07-18 [PTadmin] Header formatted for Contributor Agreement

0 !HISTORY 2008-07-01 [PTadmin] Official Update 2008-01





1 16 0 0 0 -1 0 0 0 1 0 0 0 1 s__6565s01.dat

1 16 10 0 20 -1 0 0 0 1 0 0 0 -1 stud.dat

1 16 10 0 0 -1 0 0 0 1 0 0 0 -1 stud.dat

1 16 10 0 -20 -1 0 0 0 1 0 0 0 -1 stud.dat

0

0 NOFILE

0 FILE 87079.dat
0 Tile  2 x  4

0 Name: 87079.dat

0 Author: Tim Gould [timgould]

0 !LDRAW_ORG Part UPDATE 2025-04

0 !LICENSE Licensed under CC BY 4.0 : see CAreadme.txt



0 BFC CERTIFY CCW



0 !KEYWORDS with Groove



0 !HISTORY 2010-04-05 [PTadmin] Official Update 2010-01

0 !HISTORY 2012-09-30 [Philo] Subparted for patterns

0 !HISTORY 2012-12-28 [PTadmin] Official Update 2012-03

0 !HISTORY 2025-04-25 [MagFors] Update description

0 !HISTORY 2025-04-27 [OrionP] Official Update 2025-04



4 16 -40 0 -20 40 0 -20 40 0 20 -40 0 20

1 16 0 0 0 1 0 0 0 1 0 0 0 1 s__87079s01.dat
0 NOFILE

0 FILE s__87079s01.dat
0 ~Tile  2 x  4 without Top Surface

0 Name: s\87079s01.dat

0 Author: Philippe Hurbain [Philo]

0 !LDRAW_ORG Subpart UPDATE 2025-04

0 !LICENSE Licensed under CC BY 4.0 : see CAreadme.txt



0 BFC CERTIFY CCW



0 !HISTORY 2012-09-30 [Philo] Subparted from Tim Gould's original design

0 !HISTORY 2012-12-28 [PTadmin] Official Update 2012-03

0 !HISTORY 2025-04-25 [MagFors] Update description

0 !HISTORY 2025-04-27 [OrionP] Official Update 2025-04



1 16 0 0 0 40 0 0 0 7 0 0 0 20 box4.dat

1 16 0 7 0 39 0 0 0 1 0 0 0 19 box4.dat

0 BFC INVERTNEXT

1 16 0 8 0 -36 0 0 0 -4 0 0 0 16 box5.dat

4 16 -40 7 -20 -39 7 -19 39 7 -19 40 7 -20

4 16 40 7 20 39 7 19 -39 7 19 -40 7 20

4 16 -40 7 -20 -40 7 20 -39 7 19 -39 7 -19

4 16 40 7 20 40 7 -20 39 7 -19 39 7 19

4 16 -39 8 -19 -36 8 -16 36 8 -16 39 8 -19

4 16 39 8 19 36 8 16 -36 8 16 -39 8 19

4 16 -39 8 -19 -39 8 19 -36 8 16 -36 8 -16

4 16 39 8 19 39 8 -19 36 8 -16 36 8 16

1 16 0 4 0 1 0 0 0 -1 0 0 0 1 stud4.dat

1 16 20 4 0 1 0 0 0 -1 0 0 0 1 stud4.dat

1 16 -20 4 0 1 0 0 0 -1 0 0 0 1 stud4.dat
0 NOFILE

0 FILE 3020.dat
0 Plate  2 x  4

0 Name: 3020.dat

0 Author: James Jessiman

0 !LDRAW_ORG Part UPDATE 2002-03

0 !LICENSE Licensed under CC BY 4.0 : see CAreadme.txt



0 BFC CERTIFY CCW



0 !HISTORY 2001-10-26 [PTadmin] Official Update 2001-01

0 !HISTORY 2002-05-07 {unknown} BFC Certification

0 !HISTORY 2002-06-11 [PTadmin] Official Update 2002-03

0 !HISTORY 2007-06-07 [PTadmin] Header formatted for Contributor Agreement

0 !HISTORY 2008-07-01 [PTadmin] Official Update 2008-01





1 16 20 4 0 1 0 0 0 -1 0 0 0 1 stud4.dat

1 16 0 4 0 1 0 0 0 -1 0 0 0 1 stud4.dat

1 16 -20 4 0 1 0 0 0 -1 0 0 0 1 stud4.dat



0 BFC INVERTNEXT

1 16 0 8 0 36 0 0 0 -4 0 0 0 16 box5.dat



4 16 40 8 20 36 8 16 -36 8 16 -40 8 20

0 // Next Line was 4 16 40 8 -20 36 8 -16 -36 8 -16 -40 8 -20

4 16 -40 8 -20 -36 8 -16 36 8 -16 40 8 -20

0 // Next Line was 4 16 40 8 20 36 8 16 36 8 -16 40 8 -20

4 16 40 8 -20 36 8 -16 36 8 16 40 8 20

4 16 -40 8 20 -36 8 16 -36 8 -16 -40 8 -20



1 16 0 8 0 40 0 0 0 -8 0 0 0 20 box5.dat



1 16 30 0 10 1 0 0 0 1 0 0 0 1 stud.dat

1 16 10 0 10 1 0 0 0 1 0 0 0 1 stud.dat

1 16 -10 0 10 1 0 0 0 1 0 0 0 1 stud.dat

1 16 -30 0 10 1 0 0 0 1 0 0 0 1 stud.dat

1 16 30 0 -10 1 0 0 0 1 0 0 0 1 stud.dat

1 16 10 0 -10 1 0 0 0 1 0 0 0 1 stud.dat

1 16 -10 0 -10 1 0 0 0 1 0 0 0 1 stud.dat

1 16 -30 0 -10 1 0 0 0 1 0 0 0 1 stud.dat

0

0 NOFILE

0 FILE 3009.dat
0 Brick  1 x  6

0 Name: 3009.dat

0 Author: James Jessiman

0 !LDRAW_ORG Part UPDATE 2003-03

0 !LICENSE Licensed under CC BY 4.0 : see CAreadme.txt



0 BFC CERTIFY CCW



0 !HISTORY 2001-10-26 [PTadmin] Official Update 2001-01

0 !HISTORY 2002-05-07 {unknown} BFC Certification

0 !HISTORY 2002-06-11 [PTadmin] Official Update 2002-03

0 !HISTORY 2003-07-03 [Steffen] Subfiled for patterning

0 !HISTORY 2003-12-19 [PTadmin] Official Update 2003-03

0 !HISTORY 2007-06-06 [PTadmin] Header formatted for Contributor Agreement

0 !HISTORY 2008-07-01 [PTadmin] Official Update 2008-01





1 16 0 0 0 1 0 0 0 1 0 0 0 1 s__3009s01.dat

4 16 -60 0 -10 -60 24 -10 60 24 -10 60 0 -10

0

0 NOFILE

0 FILE s__3009s01.dat
0 ~Brick  1 x  6 without Front Face

0 Name: s\3009s01.dat

0 Author: James Jessiman

0 !LDRAW_ORG Subpart UPDATE 2003-03

0 !LICENSE Licensed under CC BY 4.0 : see CAreadme.txt



0 BFC CERTIFY CCW



0 !HISTORY 2002-05-07 {unknown} BFC Certification

0 !HISTORY 2003-07-03 [Steffen] Subfiled for patterning

0 !HISTORY 2003-12-19 [PTadmin] Official Update 2003-03

0 !HISTORY 2007-08-29 [PTadmin] Header formatted for Contributor Agreement

0 !HISTORY 2008-07-01 [PTadmin] Official Update 2008-01





1 16 40 4 0 1 0 0 0 -5 0 0 0 1 stud3.dat

1 16 20 4 0 1 0 0 0 -5 0 0 0 1 stud3.dat

1 16 0 4 0 1 0 0 0 -5 0 0 0 1 stud3.dat

1 16 -20 4 0 1 0 0 0 -5 0 0 0 1 stud3.dat

1 16 -40 4 0 1 0 0 0 -5 0 0 0 1 stud3.dat

0 BFC INVERTNEXT

1 16 0 24 0 56 0 0 0 -20 0 0 0 6 box5.dat

4 16 60 24 10 56 24 6 -56 24 6 -60 24 10

4 16 -60 24 10 -56 24 6 -56 24 -6 -60 24 -10

4 16 -60 24 -10 -56 24 -6 56 24 -6 60 24 -10

4 16 60 24 -10 56 24 -6 56 24 6 60 24 10

2 24 60 0 10 -60 0 10

2 24 -60 0 10 -60 0 -10

2 24 -60 0 -10 60 0 -10

2 24 60 0 -10 60 0 10

2 24 60 24 10 -60 24 10

2 24 -60 24 10 -60 24 -10

2 24 -60 24 -10 60 24 -10

2 24 60 24 -10 60 24 10

2 24 60 24 10 60 0 10

2 24 -60 24 10 -60 0 10

2 24 60 24 -10 60 0 -10

2 24 -60 24 -10 -60 0 -10

4 16 -60 0 -10 60 0 -10 60 0 10 -60 0 10

4 16 -60 0 10 -60 24 10 -60 24 -10 -60 0 -10

4 16 60 0 10 60 24 10 -60 24 10 -60 0 10

4 16 60 0 -10 60 24 -10 60 24 10 60 0 10

1 16 50 0 0 1 0 0 0 1 0 0 0 1 stud.dat

1 16 30 0 0 1 0 0 0 1 0 0 0 1 stud.dat

1 16 10 0 0 1 0 0 0 1 0 0 0 1 stud.dat

1 16 -10 0 0 1 0 0 0 1 0 0 0 1 stud.dat

1 16 -30 0 0 1 0 0 0 1 0 0 0 1 stud.dat

1 16 -50 0 0 1 0 0 0 1 0 0 0 1 stud.dat

0

0 NOFILE

0 FILE 2456.dat
0 Brick  2 x  6

0 Name: 2456.dat

0 Author: James Jessiman

0 !LDRAW_ORG Part UPDATE 2009-02

0 !LICENSE Licensed under CC BY 4.0 : see CAreadme.txt



0 BFC CERTIFY CCW



0 !HISTORY 2007-12-20 [PTadmin] Header formatted for Contributor Agreement

0 !HISTORY 2008-07-01 [PTadmin] Official Update 2008-01

0 !HISTORY 2009-04-05 [tchang] Add BFC, file DOS format

0 !HISTORY 2009-09-03 [PTadmin] Official Update 2009-02





1 16 40 4 0 1 0 0 0 -5 0 0 0 1 stud4.dat

1 16 20 4 0 1 0 0 0 -5 0 0 0 1 stud4.dat

1 16 0 4 0 1 0 0 0 -5 0 0 0 1 stud4.dat

1 16 -20 4 0 1 0 0 0 -5 0 0 0 1 stud4.dat

1 16 -40 4 0 1 0 0 0 -5 0 0 0 1 stud4.dat



0 BFC INVERTNEXT

1 16 0 24 0 56 0 0 0 -20 0 0 0 16 box5.dat



4 16 60 24 20 56 24 16 -56 24 16 -60 24 20

4 16 -60 24 20 -56 24 16 -56 24 -16 -60 24 -20

4 16 -60 24 -20 -56 24 -16 56 24 -16 60 24 -20

4 16 60 24 -20 56 24 -16 56 24 16 60 24 20



1 16 0 24 0 60 0 0 0 -24 0 0 0 20 box5.dat



1 16 50 0 10 1 0 0 0 1 0 0 0 1 stud.dat

1 16 30 0 10 1 0 0 0 1 0 0 0 1 stud.dat

1 16 10 0 10 1 0 0 0 1 0 0 0 1 stud.dat

1 16 -10 0 10 1 0 0 0 1 0 0 0 1 stud.dat

1 16 -30 0 10 1 0 0 0 1 0 0 0 1 stud.dat

1 16 -50 0 10 1 0 0 0 1 0 0 0 1 stud.dat

1 16 50 0 -10 1 0 0 0 1 0 0 0 1 stud.dat

1 16 30 0 -10 1 0 0 0 1 0 0 0 1 stud.dat

1 16 10 0 -10 1 0 0 0 1 0 0 0 1 stud.dat

1 16 -10 0 -10 1 0 0 0 1 0 0 0 1 stud.dat

1 16 -30 0 -10 1 0 0 0 1 0 0 0 1 stud.dat

1 16 -50 0 -10 1 0 0 0 1 0 0 0 1 stud.dat

0 NOFILE

0 FILE 3039.dat
0 Slope Brick 45  2 x  2

0 Name: 3039.dat

0 Author: James Jessiman

0 !LDRAW_ORG Part UPDATE 2003-03

0 !LICENSE Licensed under CC BY 4.0 : see CAreadme.txt



0 BFC CERTIFY CCW



0 !HISTORY 2003-07-02 [Steffen] BFCed; re-worked part to use s\3039s01.dat

0 !HISTORY 2003-12-19 [PTadmin] Official Update 2003-03

0 !HISTORY 2007-06-09 [PTadmin] Header formatted for Contributor Agreement

0 !HISTORY 2008-07-01 [PTadmin] Official Update 2008-01





1 16 0 0 0 1 0 0 0 1 0 0 0 1 s__3039s01.dat

4 16 20 20 -30 20 0 -10 -20 0 -10 -20 20 -30

0

0 NOFILE

0 FILE s__3039s01.dat
0 ~Slope Brick 45  2 x  2 without Front Face

0 Name: s\3039s01.dat

0 Author: Willy Tschager [Holly-Wood]

0 !LDRAW_ORG Subpart UPDATE 2024-02

0 !LICENSE Licensed under CC BY 4.0 : see CAreadme.txt



0 BFC CERTIFY CCW



0 !HISTORY 1999-12-31 [PTadmin] Official Update 1999-06

0 !HISTORY 2003-07-02 [Steffen] BFCed; change in part name: "w/o" --> "without"

0 !HISTORY 2003-12-19 [PTadmin] Official Update 2003-03

0 !HISTORY 2007-08-30 [PTadmin] Header formatted for Contributor Agreement

0 !HISTORY 2008-07-01 [PTadmin] Official Update 2008-01

0 !HISTORY 2024-03-14 [Holly-Wood] Complete re-write, original by jvan

0 !HISTORY 2024-03-24 [OrionP] Official Update 2024-02



1 16 0 0 0 1 0 0 0 1 0 0 0 1 stug-1x2.dat



1 16 0 12 -10 -1 0 0 0 -3 0 0 0 1 stud4a.dat



0 BFC INVERTNEXT

1 16 0 4 -10 6 0 0 0 8 0 0 0 6 2-4cyli.dat

0 BFC INVERTNEXT

1 16 0 10 -10 6 0 0 0 2 0 0 0 -6 2-4cyli.dat



0 BFC INVERTNEXT

1 16 0 10 -10 0 0 6 0 -6 0 -6 0 0 1-4cyls.dat

0 BFC INVERTNEXT

1 16 0 10 -10 0 0 -6 0 -6 0 -6 0 0 1-4cyls.dat



1 16 0 4 -10 8 0 0 0 8 0 0 0 8 2-4cyli.dat



1 16 0 12 -10 0 0 8 0 -8 0 -8 0 0 1-4cyls.dat

1 16 0 12 -10 0 0 -8 0 -8 0 -8 0 0 1-4cyls.dat



1 16 0 4 -10 6 0 0 0 1 0 0 0 6 2-4edge.dat

1 16 0 4 -10 6 0 0 0 1 6 0 0 -6 2-4edge.dat



1 16 0 4 -10 8 0 0 0 1 0 0 0 8 2-4edge.dat

1 16 0 4 -10 8 0 0 0 1 8 0 0 -8 2-4edge.dat



1 16 0 4 -10 6 0 0 0 -1 0 0 0 6 2-4chrd.dat

1 16 0 4 -10 8 0 0 0 -1 0 0 0 8 2-4ndis.dat



1 16 0 4 -10 6 0 0 0 -1 6 0 0 -6 2-4chrd.dat

1 16 0 4 -10 8 0 0 0 -1 8 0 0 -8 2-4ndis.dat



0 BFC INVERTNEXT

1 16 0 14 -10 0 0 16 10 0 0 0 16 0 box3u4a.dat



4 16 -8 4 -2 -8 4 -10 -16 4 -10 -16 4 6

4 16 8 4 -10 8 4 -2 16 4 6 16 4 -10

4 16 16 4 6 8 4 -2 0 4 -2 -16 4 6

3 16 -8 4 -2 -16 4 6 0 4 -2



1 16 0 22 -26 0 0 16 -2 0 0 0 -1 0 rect.dat



4 16 8 12 -18 8 4 -10 16 4 -10 16 20 -26

4 16 0 12 -18 8 12 -18 16 20 -26 -16 20 -26

3 16 0 12 -18 -16 20 -26 -8 12 -18

4 16 -16 20 -26 -16 4 -10 -8 4 -10 -8 12 -18

4 16 16 4 -10 16 24 -10 16 24 -26 16 20 -26

4 16 -16 24 -26 -16 24 -10 -16 4 -10 -16 20 -26



2 24 -16 4 -10 -8 4 -10

2 24 8 4 -10 16 4 -10

2 24 -6 4 -10 6 4 -10

2 24 -16 24 -10 -16 24 -26

2 24 -16 4 -10 -16 20 -26

2 24 16 24 -10 16 24 -26

2 24 16 4 -10 16 20 -26



1 16 0 24 0 20 0 0 0 -24 0 0 0 10 box4-4a.dat



1 16 0 22 -30 0 0 -20 -2 0 0 0 1 0 rect.dat



4 16 20 24 -10 20 0 -10 20 20 -30 20 24 -30

4 16 -20 20 -30 -20 0 -10 -20 24 -10 -20 24 -30



2 24 -20 24 -10 -20 24 -30

2 24 20 24 -10 20 24 -30

2 24 -20 0 -10 -20 20 -30

2 24 20 0 -10 20 20 -30

2 24 -20 0 -10 20 0 -10



4 16 -20 24 -30 -16 24 -26 16 24 -26 20 24 -30

4 16 20 24 -30 16 24 -26 16 24 -10 20 24 -10

4 16 20 24 -10 16 24 -10 16 24 6 20 24 10

4 16 -20 24 -10 -16 24 -10 -16 24 -26 -20 24 -30

4 16 -16 24 6 -16 24 -10 -20 24 -10 -20 24 10

4 16 16 24 6 -16 24 6 -20 24 10 20 24 10

0 NOFILE

0 FILE box4-4a.dat
0 Box with  4 Faces without  4 Adjacent Edges

0 Name: box4-4a.dat

0 Author: Willy Tschager [Holly-Wood]

0 !LDRAW_ORG Primitive UPDATE 2024-01

0 !LICENSE Licensed under CC BY 4.0 : see CAreadme.txt



0 BFC CERTIFY CCW



0 !HISTORY 1998-07-15 [PTadmin] Official Update 1998-07

0 !HISTORY 2002-12-13 [hafhead] Made BFC compliant

0 !HISTORY 2003-03-12 [PTadmin] Official Update 2003-01

0 !HISTORY 2007-06-24 [PTadmin] Header formatted for Contributor Agreement

0 !HISTORY 2008-07-01 [PTadmin] Official Update 2008-01

0 !HISTORY 2012-02-16 [Philo] Changed to CCW

0 !HISTORY 2012-03-30 [PTadmin] Official Update 2012-01

0 !HISTORY 2024-01-03 [Holly-Wood] Complete re-write, original by Manfred Moolhuysen

0 !HISTORY 2024-01-29 [OrionP] Official Update 2024-01



2 24 -1 1 -1 -1 1 1

2 24 1 1 1 1 1 -1

2 24 -1 1 1 1 1 1

4 16 1 1 1 1 1 -1 -1 1 -1 -1 1 1



2 24 -1 0 -1 -1 0 1

4 16 -1 1 1 -1 1 -1 -1 0 -1 -1 0 1



2 24 1 0 1 1 0 -1

4 16 1 1 -1 1 1 1 1 0 1 1 0 -1



2 24 1 1 1 1 0 1

2 24 -1 1 1 -1 0 1

2 24 -1 0 1 1 0 1

4 16 1 1 1 -1 1 1 -1 0 1 1 0 1

0 NOFILE

0 FILE box3u4a.dat
0 Box with 3 Faces without 4 Adjacent Edges

0 Name: box3u4a.dat

0 Author: Niels Karsdorp [nielsk]

0 !LDRAW_ORG Primitive UPDATE 2009-01

0 !LICENSE Licensed under CC BY 4.0 : see CAreadme.txt



0 BFC CERTIFY CCW



0 !HISTORY 2009-05-02 [PTadmin] Official Update 2009-01





2 24 1 1 1 -1 1 1

2 24 -1 1 -1 1 1 -1

2 24 1 1 1 1 1 -1

2 24 -1 1 1 -1 1 -1

2 24 1 1 1 1 0 1

2 24 1 1 -1 1 0 -1

2 24 -1 1 1 -1 0 1

2 24 -1 1 -1 -1 0 -1

4 16 -1 1 -1 -1 1 1 1 1 1 1 1 -1

4 16 -1 1 1 -1 0 1 1 0 1 1 1 1

4 16 1 1 -1 1 0 -1 -1 0 -1 -1 1 -1

0

0 NOFILE

0 FILE 2-4ndis.dat
0 Disc Negative 0.5

0 Name: 2-4ndis.dat

0 Author: James Jessiman

0 !LDRAW_ORG Primitive UPDATE 2012-01

0 !LICENSE Licensed under CC BY 4.0 : see CAreadme.txt



0 BFC CERTIFY CCW



0 !HISTORY 2002-03-23 [sbliss] Added BFC statement; compacted code

0 !HISTORY 2002-04-25 [PTadmin] Official Update 2002-02

0 !HISTORY 2007-06-24 [PTadmin] Header formatted for Contributor Agreement

0 !HISTORY 2008-07-01 [PTadmin] Official Update 2008-01

0 !HISTORY 2012-02-16 [Philo] Changed to CCW

0 !HISTORY 2012-03-30 [PTadmin] Official Update 2012-01





3 16 0.9239 0 0.3827 1 0 0 1 0 1

3 16 0.7071 0 0.7071 0.9239 0 0.3827 1 0 1

3 16 0.3827 0 0.9239 0.7071 0 0.7071 1 0 1

3 16 0 0 1 0.3827 0 0.9239 1 0 1

3 16 -0.3827 0 0.9239 0 0 1 -1 0 1

3 16 -0.7071 0 0.7071 -0.3827 0 0.9239 -1 0 1

3 16 -0.9239 0 0.3827 -0.7071 0 0.7071 -1 0 1

3 16 -1 0 0 -0.9239 0 0.3827 -1 0 1

0 NOFILE

0 FILE 1-4cyls.dat
0 Cylinder Sloped 0.25

0 Name: 1-4cyls.dat

0 Author: James Jessiman

0 !LDRAW_ORG Primitive UPDATE 2012-01

0 !LICENSE Licensed under CC BY 4.0 : see CAreadme.txt



0 BFC CERTIFY CCW



0 !HISTORY 1998-12-15 [PTadmin] Official Update 1998-10

0 !HISTORY 2002-07-03 [sbliss] Added BFC statement

0 !HISTORY 2002-08-18 [PTadmin] Official Update 2002-04

0 !HISTORY 2007-06-22 [PTadmin] Header formatted for Contributor Agreement

0 !HISTORY 2008-07-01 [PTadmin] Official Update 2008-01

0 !HISTORY 2012-02-16 [Philo] Changed to CCW

0 !HISTORY 2012-03-30 [PTadmin] Official Update 2012-01





3 16 0.9239 0.0761 0.3827 0.9239 0 0.3827 1 0 0

4 16 0.9239 0.0761 0.3827 0.7071 0.2929 0.7071 0.7071 0 0.7071 0.9239 0 0.3827

4 16 0.7071 0.2929 0.7071 0.3827 0.6173 0.9239 0.3827 0 0.9239 0.7071 0 0.7071

4 16 0.3827 0.6173 0.9239 0 1 1 0 0 1 0.3827 0 0.9239



5 24 0.9239 0 0.3827 0.9239 0.0761 0.3827 0.7071 0 0.7071 1 0 0

5 24 0.7071 0 0.7071 0.7071 0.2929 0.7071 0.3827 0 0.9239 0.9239 0 0.3827

5 24 0.3827 0 0.9239 0.3827 0.6173 0.9239 0 0 1 0.7071 0 0.7071

5 24 0 0 1 0 1 1 0.3827 0 0.9239 -1 0 1

0 NOFILE

0 FILE stud4a.dat
0 Stud Tube Open without Base Edges

0 Name: stud4a.dat

0 Author: James Jessiman

0 !LDRAW_ORG Primitive UPDATE 2009-02

0 !LICENSE Licensed under CC BY 4.0 : see CAreadme.txt



0 BFC CERTIFY CCW



0 !HISTORY 1999-07-05 [PTadmin] Official Update 1999-05

0 !HISTORY 2002-04-04 [sbliss] Modified for BFC compliance

0 !HISTORY 2002-04-25 [PTadmin] Official Update 2002-02

0 !HISTORY 2007-06-24 [PTadmin] Header formatted for Contributor Agreement

0 !HISTORY 2008-07-01 [PTadmin] Official Update 2008-01

0 !HISTORY 2009-06-21 [cwdee] Update ring references to 4-4ring

0 !HISTORY 2009-09-03 [PTadmin] Official Update 2009-02





1 16 0 -4 0 6 0 0 0 1 0 0 0 6 4-4edge.dat

1 16 0 -4 0 8 0 0 0 1 0 0 0 8 4-4edge.dat

0 BFC INVERTNEXT

1 16 0 -4 0 6 0 0 0 4 0 0 0 6 4-4cyli.dat

1 16 0 -4 0 8 0 0 0 4 0 0 0 8 4-4cyli.dat

1 16 0 -4 0 2 0 0 0 1 0 0 0 2 4-4ring3.dat

0

0 NOFILE

0 FILE 3040b.dat
0 Slope Brick 45  2 x  1

0 Name: 3040b.dat

0 Author: James Jessiman

0 !LDRAW_ORG Part UPDATE 2004-04

0 !LICENSE Licensed under CC BY 4.0 : see CAreadme.txt



0 BFC CERTIFY CCW



0 !KEYWORDS BrickLink 3040



0 !HISTORY 2002-09-13 [izanette] modified with WINDZ for BFC compliance

0 !HISTORY 2003-07-11 [Steffen] made use of existing subfile

0 !HISTORY 2004-11-06 [PTadmin] Official Update 2004-04

0 !HISTORY 2007-06-09 [PTadmin] Header formatted for Contributor Agreement

0 !HISTORY 2008-07-01 [PTadmin] Official Update 2008-01





1 16 0 0 0 1 0 0 0 1 0 0 0 1 s__3040s01.dat

4 16 10 20 -30 10 0 -10 -10 0 -10 -10 20 -30

0

0 NOFILE

0 FILE s__3040s01.dat
0 ~Slope Brick 45  2 x  1 without Front Face

0 Name: s\3040s01.dat

0 Author: Orion Pobursky [OrionP]

0 !LDRAW_ORG Subpart UPDATE 2004-01

0 !LICENSE Licensed under CC BY 4.0 : see CAreadme.txt



0 BFC CERTIFY CCW



0 !HISTORY 2003-07-02 [Steffen] BFCed; removed matrix all zero "errors"

0 !HISTORY 2004-03-02 [PTadmin] Official Update 2004-01

0 !HISTORY 2007-08-30 [PTadmin] Header formatted for Contributor Agreement

0 !HISTORY 2008-07-01 [PTadmin] Official Update 2008-01





0 // Uncomment for front face

0 // 4 16 10 20 -30 10 0 -10 -10 0 -10 -10 20 -30



1 16 0 20 -10 1 0 0 0 -1 0 0 0 1 stud3a.dat

1 16 0 4 -10 4 0 0 0 4 0 0 0 4 2-4edge.dat

1 16 0 4 -10 4 0 0 0 99 4 0 0 -4 2-4edge.dat

1 16 0 8 -10 0 0 4 0 -4 0 -4 0 0 1-4cyls.dat

1 16 0 8 -10 0 0 -4 0 -4 0 -4 0 0 1-4cyls.dat

1 16 0 4 -10 4 0 0 0 16 0 0 0 4 2-4cyli.dat

1 16 0 8 -10 4 0 0 0 12 0 0 0 -4 2-4cyli.dat

2 24 6 24 6 -6 24 6

2 24 -6 24 6 -6 24 -26

2 24 -6 24 -26 6 24 -26

2 24 6 24 -26 6 24 6

2 24 10 24 10 -10 24 10

2 24 -10 24 10 -10 24 -30

2 24 -10 24 -30 10 24 -30

2 24 10 24 -30 10 24 10

2 24 6 24 6 6 4 6

2 24 -6 24 6 -6 4 6

2 24 6 24 -26 6 20 -26

2 24 -6 24 -26 -6 20 -26

2 24 6 4 6 -6 4 6

2 24 6 4 -10 -6 4 -10

2 24 6 20 -26 -6 20 -26

2 24 6 4 6 6 4 -10

2 24 -6 4 6 -6 4 -10

2 24 6 20 -26 6 4 -10

2 24 -6 20 -26 -6 4 -10

2 24 10 24 10 10 0 10

2 24 -10 24 10 -10 0 10

2 24 10 24 -30 10 20 -30

2 24 -10 24 -30 -10 20 -30

2 24 10 0 10 -10 0 10

2 24 10 0 -10 -10 0 -10

2 24 10 20 -30 -10 20 -30

2 24 10 0 10 10 0 -10

2 24 -10 0 10 -10 0 -10

2 24 10 20 -30 10 0 -10

2 24 -10 20 -30 -10 0 -10

4 16 10 24 10 6 24 6 -6 24 6 -10 24 10

4 16 -10 24 10 -6 24 6 -6 24 -26 -10 24 -30

4 16 -10 24 -30 -6 24 -26 6 24 -26 10 24 -30

4 16 10 24 -30 6 24 -26 6 24 6 10 24 10

4 16 6 4 6 6 4 -10 -6 4 -10 -6 4 6

4 16 10 0 -10 10 0 10 -10 0 10 -10 0 -10

4 16 -10 24 10 -10 0 10 10 0 10 10 24 10

4 16 6 24 6 6 4 6 -6 4 6 -6 24 6

4 16 6 20 -26 6 24 -26 -6 24 -26 -6 20 -26

4 16 10 24 -30 10 20 -30 -10 20 -30 -10 24 -30

4 16 10 24 10 10 0 10 10 20 -30 10 24 -30

3 16 10 0 10 10 0 -10 10 20 -30

4 16 6 20 -26 6 4 6 6 24 6 6 24 -26

3 16 6 20 -26 6 4 -10 6 4 6

4 16 -6 24 6 -6 4 6 -6 20 -26 -6 24 -26

3 16 -6 4 6 -6 4 -10 -6 20 -26

4 16 -10 20 -30 -10 0 10 -10 24 10 -10 24 -30

3 16 -10 20 -30 -10 0 -10 -10 0 10

4 16 -6 4 -10 6 4 -10 6 20 -26 -6 20 -26

1 16 0 0 0 1 0 0 0 1 0 0 0 1 stud.dat

0

0 NOFILE

0 FILE stud3a.dat
0 Stud Tube Solid without Base Edges

0 Name: stud3a.dat

0 Author: James Jessiman

0 !LDRAW_ORG Primitive UPDATE 2003-02

0 !LICENSE Licensed under CC BY 4.0 : see CAreadme.txt



0 BFC CERTIFY CCW



0 !HISTORY 2002-08-31 [izanette] Modified with WINDZ for BFC compliance

0 !HISTORY 2003-08-01 [PTadmin] Official Update 2003-02

0 !HISTORY 2007-06-24 [PTadmin] Header formatted for Contributor Agreement

0 !HISTORY 2008-07-01 [PTadmin] Official Update 2008-01





1 16 0 -4 0 4 0 0 0 1 0 0 0 4 4-4edge.dat

1 16 0 -4 0 4 0 0 0 1 0 0 0 4 4-4disc.dat

1 16 0 -4 0 4 0 0 0 4 0 0 0 4 4-4cyli.dat

0



0 NOFILE

0 FILE 13548.dat
0 Slope Brick 45  2 x  2 Double Convex with 45 Corner

0 Name: 13548.dat

0 Author: Philippe Hurbain [Philo]

0 !LDRAW_ORG Part UPDATE 2022-04

0 !LICENSE Licensed under CC BY 4.0 : see CAreadme.txt



0 BFC CERTIFY CCW



0 !HISTORY 2013-07-21 [PTadmin] Official Update 2013-01

0 !HISTORY 2020-08-26 [Cheenzo] Subparted for patterns

0 !HISTORY 2022-07-18 [PTadmin] Official Update 2022-04





1 16 0 0 0 1 0 0 0 1 0 0 0 1 s__13548s01.dat



3 16 10 0 -10 10 20 -30 30 20 -10

4 16 -10 0 -10 -10 20 -30 10 20 -30 10 0 -10

4 16 10 0 10 10 0 -10 30 20 -10 30 20 10

0 NOFILE

0 FILE s__13548s01.dat
0 ~Slope Brick 45  2 x  2 Double Convex with 45 Corner without Patterned Faces

0 Name: s\13548s01.dat

0 Author: Vincent Messenet [Cheenzo]

0 !LDRAW_ORG Subpart UPDATE 2022-04

0 !LICENSE Licensed under CC BY 4.0 : see CAreadme.txt



0 BFC CERTIFY CCW



0 !HISTORY 2022-07-18 [PTadmin] Official Update 2022-04





1 16 0 0 0 1 0 0 0 1 0 0 0 1 stud.dat

1 16 10 14 -10 1 0 0 0 -2.5 0 0 0 1 stud4a.dat

1 16 10 4 -10 -8 0 0 0 10 0 0 0 8 1-4cyli.dat

1 16 10 14 -10 0 0 -8 0 -10 0 -8 0 0 1-4cyls.dat

1 16 10 14 -10 8 0 0 0 -10 0 0 0 8 1-4cyls.dat

0 BFC INVERTNEXT

1 16 10 4 -10 -6 0 0 0 8 0 0 0 6 1-4cyli.dat

0 BFC INVERTNEXT

1 16 10 12 -10 0 0 -6 0 -8 0 -6 0 0 1-4cyls.dat

0 BFC INVERTNEXT

1 16 10 12 -10 6 0 0 0 -8 0 0 0 6 1-4cyls.dat

0 BFC INVERTNEXT

1 16 10 12 -10 -6 0 0 0 2 0 0 0 6 9-16cyli.dat

0 BFC INVERTNEXT

1 16 10 12 -10 -6 0 0 0 2 0 0 0 -6 5-16cyli.dat

4 16 30 24 10 26 24 6 -6 24 6 -10 24 10

4 16 -10 24 10 -6 24 6 -6 24 -26 -10 24 -30

4 16 -10 24 -30 -6 24 -26 9 24 -26 10 24 -30

4 16 30 24 -10 26 24 -9 26 24 6 30 24 10

1 16 0 0 0 0 0 -10 0 1 0 10 0 0 rect.dat

1 16 26 22 -1.5 0 1 0 0 0 2 7.5 0 0 rect.dat

1 16 1.5 22 -26 0 0 -7.5 2 0 0 0 -1 0 rect.dat

1 16 30 22 0 0 -1 0 2 0 0 0 0 10 rect.dat

1 16 0 22 -30 -10 0 0 0 0 2 0 1 0 rect.dat

1 16 1.5 20 -25 -7.5 0 0 0 -1 0 0 0 1 rect2a.dat

1 16 25 20 -1.5 -1 0 0 0 -1 0 0 0 7.5 rect2a.dat

4 16 -6 4 -8 -6 20 -24 -6 24 6 -6 4 6

4 16 -6 24 -26 -6 24 6 -6 20 -24 -6 20 -26

4 16 -6 4 6 -6 24 6 24 20 6 8 4 6

4 16 26 20 6 24 20 6 -6 24 6 26 24 6

3 16 -10 0 -10 -10 24 -30 -10 20 -30

3 16 8 4 -8 9 5 -9 9 20 -24

3 16 24 20 -9 9 5 -9 8 4 -8

4 16 -10 0 -10 -10 0 10 -10 24 10 -10 24 -30

4 16 -10 0 10 10 0 10 30 24 10 -10 24 10

3 16 10 0 10 30 20 10 30 24 10

4 16 21.743 24 -13.257 26 24 -9 30 24 -10 24.243 24 -15.757

4 16 9 24 -26 13.257 24 -21.743 15.757 24 -24.243 10 24 -30

1 16 18.75 20 -18.75 4.243 0 1.25 0 -1 0 4.243 0 -1.25 rect3.dat

4 16 9 20 -24 24 20 -9 21.743 20 -13.257 13.257 20 -21.743

3 16 24 20 -9 26 20 -9 21.743 20 -13.257

3 16 9 20 -26 9 20 -24 13.257 20 -21.743

1 16 11.1285 22 -23.8715 0 1 2.1285 -2 0 0 0 0 2.1285 rect3.dat

1 16 23.8715 22 -11.1285 0 0 -2.1285 2 0 0 0 -1 -2.1285 rect3.dat

1 16 27.1215 22 -12.8785 -2.8785 0 0 0 0 2 -2.8785 1 0 rect2a.dat

1 16 12.8785 22 -27.1215 0 -1 2.8785 2 0 0 0 0 2.8785 rect2a.dat

1 16 14.507 22 -22.993 0 -1 -1.25 2 0 0 0 0 1.25 rect1.dat

1 16 22.993 22 -14.507 0 1 1.25 2 0 0 0 0 -1.25 rect1.dat

4 16 8 4 -8 9 20 -24 -6 20 -24 -6 4 -8

4 16 8 4 6 24 20 6 24 20 -9 8 4 -8

3 16 24 20 -9 9 20 -24 9 5 -9

1 16 1 4 -1 7 0 0 0 -1 0 0 0 -7 rect.dat

2 24 26 24 6 -6 24 6

2 24 -6 24 6 -6 24 -26

2 24 24 20 -9 9 20 -24

2 24 30 24 10 -10 24 10

2 24 -10 24 10 -10 24 -30

2 24 10 20 -30 30 20 -10

2 24 9 5 -9 9 20 -24

2 24 9 5 -9 24 20 -9

2 24 9 5 -9 8 4 -8

2 24 -6 4 -8 -6 20 -24

2 24 -6 4 6 -6 24 6

2 24 8 4 6 24 20 6

2 24 -10 0 10 -10 24 10

2 24 2 6 -10 2.398 4 -8

2 24 6.938 13.391 -17.391 9 13.801 -17.801

2 24 6.938 13.391 -17.391 4.343 11.657 -15.657

2 24 4.343 11.657 -15.657 2.609 9.062 -13.062

2 24 2.609 9.062 -13.062 2 6 -10

2 24 10 6 -2 8 4 -2.398

2 24 10 6 -2 13.062 9.062 -2.609

2 24 13.062 9.062 -2.609 15.657 11.657 -4.343

2 24 15.657 11.657 -4.343 17.391 13.391 -6.938

2 24 17.391 13.391 -6.938 17.801 13.801 -9

2 24 18 15 -10 17.801 13.801 -9

2 24 18 15 -10 17.391 17.453 -13.062

2 24 17.391 17.453 -13.062 15.657 18.314 -15.657

2 24 15.657 18.314 -15.657 13.062 17.453 -17.391

2 24 13.062 17.453 -17.391 10 15 -18

2 24 10 15 -18 9 13.801 -17.801

2 24 2.609 4 -6.938 2.398 4 -8

2 24 2.609 4 -6.938 4.343 4 -4.343

2 24 4.343 4 -4.343 6.938 4 -2.609

2 24 6.938 4 -2.609 8 4 -2.398

2 24 4 6 -10 4.398 4 -8

2 24 7.704 11.543 -15.543 9 11.801 -15.801

2 24 7.704 11.543 -15.543 5.757 10.243 -14.243

2 24 5.757 10.243 -14.243 4.457 8.296 -12.296

2 24 4.457 8.296 -12.296 4 6 -10

2 24 10 6 -4 8 4 -4.398

2 24 10 6 -4 12.296 8.296 -4.457

2 24 12.296 8.296 -4.457 14.243 10.243 -5.757

2 24 14.243 10.243 -5.757 15.543 11.543 -7.704

2 24 15.543 11.543 -7.704 15.801 11.801 -9

2 24 16 13 -10 15.801 11.801 -9

2 24 16 13 -10 15.543 14.84 -12.296

2 24 15.543 14.84 -12.296 14.243 15.485 -14.243

2 24 14.243 15.485 -14.243 12.296 14.84 -15.543

2 24 12.296 14.84 -15.543 10 13 -16

2 24 10 13 -16 9 11.801 -15.801

2 24 4.457 4 -7.704 4.398 4 -8

2 24 4.457 4 -7.704 5.757 4 -5.757

2 24 5.757 4 -5.757 7.704 4 -4.457

2 24 7.704 4 -4.457 8 4 -4.398

2 24 -10 0 -10 -10 20 -30

2 24 10 0 -10 10 20 -30

2 24 10 0 -10 30 20 -10

2 24 10 0 10 30 20 10

0 NOFILE

0 FILE rect2a.dat
0 Rectangle with 2 Adjacent Edges

0 Name: rect2a.dat

0 Author: Chris Dee [cwdee]

0 !LDRAW_ORG Primitive UPDATE 2010-01

0 !LICENSE Licensed under CC BY 4.0 : see CAreadme.txt



0 BFC CERTIFY CCW



0 !HISTORY 2003-12-19 [PTadmin] Official Update 2003-03

0 !HISTORY 2007-06-24 [PTadmin] Header formatted for Contributor Agreement

0 !HISTORY 2008-07-01 [PTadmin] Official Update 2008-01

0 !HISTORY 2010-01-17 [mikeheide] changed winding to CCW

0 !HISTORY 2010-04-05 [PTadmin] Official Update 2010-01





2 24 1 0 1 -1 0 1

2 24 1 0 -1 1 0 1

4 16 -1 0 1 -1 0 -1 1 0 -1 1 0 1

0

0 NOFILE

0 FILE 9-16cyli.dat
0 Cylinder 0.5625

0 Name: 9-16cyli.dat

0 Author: Santeri Piippo [arezey]

0 !LDRAW_ORG Primitive UPDATE 2020-03

0 !LICENSE Licensed under CC BY 4.0 : see CAreadme.txt



0 BFC CERTIFY CCW



0 !HISTORY 2020-12-29 [PTadmin] Official Update 2020-03





4 16 0.9239 0 0.3827 1 0 0 1 1 0 0.9239 1 0.3827

4 16 0.7071 0 0.7071 0.9239 0 0.3827 0.9239 1 0.3827 0.7071 1 0.7071

4 16 0.3827 0 0.9239 0.7071 0 0.7071 0.7071 1 0.7071 0.3827 1 0.9239

4 16 0 0 1 0.3827 0 0.9239 0.3827 1 0.9239 0 1 1

4 16 -0.3827 0 0.9239 0 0 1 0 1 1 -0.3827 1 0.9239

4 16 -0.7071 0 0.7071 -0.3827 0 0.9239 -0.3827 1 0.9239 -0.7071 1 0.7071

4 16 -0.9239 0 0.3827 -0.7071 0 0.7071 -0.7071 1 0.7071 -0.9239 1 0.3827

4 16 -1 0 0 -0.9239 0 0.3827 -0.9239 1 0.3827 -1 1 0

4 16 -0.9239 0 -0.3827 -1 0 0 -1 1 0 -0.9239 1 -0.3827

0 // conditional lines

5 24 1 1 0 1 0 0 1 1 -0.4142 0.9239 1 0.3827

5 24 0.9239 1 0.3827 0.9239 0 0.3827 1 1 0 0.7071 1 0.7071

5 24 0.7071 1 0.7071 0.7071 0 0.7071 0.9239 1 0.3827 0.3827 1 0.9239

5 24 0.3827 1 0.9239 0.3827 0 0.9239 0.7071 1 0.7071 0 1 1

5 24 0 1 1 0 0 1 0.3827 1 0.9239 -0.3827 1 0.9239

5 24 -0.3827 1 0.9239 -0.3827 0 0.9239 0 1 1 -0.7071 1 0.7071

5 24 -0.7071 1 0.7071 -0.7071 0 0.7071 -0.3827 1 0.9239 -0.9239 1 0.3827

5 24 -0.9239 1 0.3827 -0.9239 0 0.3827 -0.7071 1 0.7071 -1 1 0

5 24 -1 1 0 -1 0 0 -0.9239 1 0.3827 -0.9239 1 -0.3827

5 24 -0.9239 1 -0.3827 -0.9239 0 -0.3827 -1 1 0 -0.7654 1 -0.7654

0 // Build by Primitive Generator 2

0 NOFILE

0 FILE 98138.dat
0 Tile  1 x  1 Round with Groove

0 Name: 98138.dat

0 Author: Magnus Forsberg [MagFors]

0 !LDRAW_ORG Part UPDATE 2011-02

0 !LICENSE Licensed under CC BY 4.0 : see CAreadme.txt



0 BFC CERTIFY CCW



0 !HISTORY 2011-12-29 [PTadmin] Official Update 2011-02





1 16 0 0 0 1 0 0 0 1 0 0 0 1 s__98138s01.dat

1 16 0 0 0 9 0 0 0 1 0 0 0 9 4-4disc.dat



0 NOFILE

0 FILE s__98138s01.dat
0 ~Tile  1 x  1 Round with Groove with Partial Top Face

0 Name: s\98138s01.dat

0 Author: Magnus Forsberg [MagFors]

0 !LDRAW_ORG Subpart UPDATE 2020-01

0 !LICENSE Licensed under CC BY 4.0 : see CAreadme.txt



0 BFC CERTIFY CCW



0 !HISTORY 2011-12-29 [PTadmin] Official Update 2011-02

0 !HISTORY 2016-06-17 [MagFors] Reduced the rounded edge to 0.5 ldu

0 !HISTORY 2016-12-31 [PTadmin] Official Update 2016-01

0 !HISTORY 2019-06-17 [MagFors] Removed the rounded edge

0 !HISTORY 2019-07-19 [MagFors] Subfiled without top surface

0 !HISTORY 2020-06-28 [PTadmin] Official Update 2020-01





1 16 0 0 0 1 0 0 0 1 0 0 0 1 s__98138s02.dat

1 16 0 0 0 1 0 0 0 1 0 0 0 1 4-4ring9.dat

0 NOFILE

0 FILE 4-4ring9.dat
0 Ring  9 x 1.0

0 Name: 4-4ring9.dat

0 Author: Magnus Forsberg [MagFors]

0 !LDRAW_ORG Primitive UPDATE 2024-01

0 !LICENSE Licensed under CC BY 4.0 : see CAreadme.txt



0 BFC CERTIFY CCW



0 !HISTORY 2004-04-22 [PTadmin] Official Update 2004-02

0 !HISTORY 2007-06-24 [PTadmin] Header formatted for Contributor Agreement

0 !HISTORY 2008-07-01 [PTadmin] Official Update 2008-01

0 !HISTORY 2024-01-04 [MagFors] Complete regeneration, original by jriley

0 !HISTORY 2024-01-29 [OrionP] Official Update 2024-01



4 16 10 0 0 9.239 0 3.827 8.3151 0 3.4443 9 0 0

4 16 9.239 0 3.827 7.071 0 7.071 6.3639 0 6.3639 8.3151 0 3.4443

4 16 7.071 0 7.071 3.827 0 9.239 3.4443 0 8.3151 6.3639 0 6.3639

4 16 3.827 0 9.239 0 0 10 0 0 9 3.4443 0 8.3151

4 16 0 0 10 -3.827 0 9.239 -3.4443 0 8.3151 0 0 9

4 16 -3.827 0 9.239 -7.071 0 7.071 -6.3639 0 6.3639 -3.4443 0 8.3151

4 16 -7.071 0 7.071 -9.239 0 3.827 -8.3151 0 3.4443 -6.3639 0 6.3639

4 16 -9.239 0 3.827 -10 0 0 -9 0 0 -8.3151 0 3.4443

4 16 -10 0 0 -9.239 0 -3.827 -8.3151 0 -3.4443 -9 0 0

4 16 -9.239 0 -3.827 -7.071 0 -7.071 -6.3639 0 -6.3639 -8.3151 0 -3.4443

4 16 -7.071 0 -7.071 -3.827 0 -9.239 -3.4443 0 -8.3151 -6.3639 0 -6.3639

4 16 -3.827 0 -9.239 0 0 -10 0 0 -9 -3.4443 0 -8.3151

4 16 0 0 -10 3.827 0 -9.239 3.4443 0 -8.3151 0 0 -9

4 16 3.827 0 -9.239 7.071 0 -7.071 6.3639 0 -6.3639 3.4443 0 -8.3151

4 16 7.071 0 -7.071 9.239 0 -3.827 8.3151 0 -3.4443 6.3639 0 -6.3639

4 16 9.239 0 -3.827 10 0 0 9 0 0 8.3151 0 -3.4443

0 // Build by LDPartEditor (PrimGen 2.X)
0 NOFILE

0 FILE s__98138s02.dat
0 ~Tile  1 x  1 Round with Groove without Complete Top Face

0 Name: s\98138s02.dat

0 Author: Magnus Forsberg [MagFors]

0 !LDRAW_ORG Subpart UPDATE 2020-01

0 !LICENSE Licensed under CC BY 4.0 : see CAreadme.txt



0 BFC CERTIFY CCW



0 !HISTORY 2020-06-28 [PTadmin] Official Update 2020-01





1 16 0 4 0 1 0 0 0 -1 0 0 0 1 stud4o.dat

1 16 0 8 0 -1 0 0 0 -1 0 0 0 1 4-4ring8.dat

1 16 0 7 0 9 0 0 0 1 0 0 0 9 4-4cylo.dat

1 16 0 7 0 -1 0 0 0 -1 0 0 0 1 4-4ring9.dat

1 16 0 0 0 10 0 0 0 7 0 0 0 10 4-4cylo.dat

0 NOFILE

0 FILE 4-4ring8.dat
0 Ring  8 x 1.0

0 Name: 4-4ring8.dat

0 Author: Steffen [Steffen]

0 !LDRAW_ORG Primitive UPDATE 2012-01

0 !LICENSE Licensed under CC BY 4.0 : see CAreadme.txt



0 BFC CERTIFY CCW



0 !HISTORY 2003-12-19 [PTadmin] Official Update 2003-03

0 !HISTORY 2007-06-24 [PTadmin] Header formatted for Contributor Agreement

0 !HISTORY 2008-07-01 [PTadmin] Official Update 2008-01

0 !HISTORY 2012-02-16 [Philo] Changed to CCW

0 !HISTORY 2012-03-30 [PTadmin] Official Update 2012-01





4 16 9 0 0 8.3151 0 3.4443 7.3912 0 3.0616 8 0 0

4 16 8.3151 0 3.4443 6.3639 0 6.3639 5.6568 0 5.6568 7.3912 0 3.0616

4 16 6.3639 0 6.3639 3.4443 0 8.3151 3.0616 0 7.3912 5.6568 0 5.6568

4 16 3.4443 0 8.3151 0 0 9 0 0 8 3.0616 0 7.3912

4 16 0 0 9 -3.4443 0 8.3151 -3.0616 0 7.3912 0 0 8

4 16 -3.4443 0 8.3151 -6.3639 0 6.3639 -5.6568 0 5.6568 -3.0616 0 7.3912

4 16 -6.3639 0 6.3639 -8.3151 0 3.4443 -7.3912 0 3.0616 -5.6568 0 5.6568

4 16 -8.3151 0 3.4443 -9 0 0 -8 0 0 -7.3912 0 3.0616

4 16 -9 0 0 -8.3151 0 -3.4443 -7.3912 0 -3.0616 -8 0 0

4 16 -8.3151 0 -3.4443 -6.3639 0 -6.3639 -5.6568 0 -5.6568 -7.3912 0 -3.0616

4 16 -6.3639 0 -6.3639 -3.4443 0 -8.3151 -3.0616 0 -7.3912 -5.6568 0 -5.6568

4 16 -3.4443 0 -8.3151 0 0 -9 0 0 -8 -3.0616 0 -7.3912

4 16 0 0 -9 3.4443 0 -8.3151 3.0616 0 -7.3912 0 0 -8

4 16 3.4443 0 -8.3151 6.3639 0 -6.3639 5.6568 0 -5.6568 3.0616 0 -7.3912

4 16 6.3639 0 -6.3639 8.3151 0 -3.4443 7.3912 0 -3.0616 5.6568 0 -5.6568

4 16 8.3151 0 -3.4443 9 0 0 8 0 0 7.3912 0 -3.0616

0 NOFILE

0 FILE stud4o.dat
0 Stud Tube Open without Outer Cylinder

0 Name: stud4o.dat

0 Author: Magnus Forsberg [MagFors]

0 !LDRAW_ORG Primitive UPDATE 2011-02

0 !LICENSE Licensed under CC BY 4.0 : see CAreadme.txt



0 !HELP This stud is a "antistud" to be used like a underside stud,

0 !HELP but without the outer cylinder.

0 !HELP 1 47 0 0 0 1 0 0 0 1 0 0 0 1 stud4.dat



0 BFC CERTIFY CCW



0 !HISTORY 2011-12-29 [PTadmin] Official Update 2011-02





1 16 0 -4 0 2 0 0 0 1 0 0 0 2 4-4ring3.dat

0 BFC INVERTNEXT

1 16 0 0 0 -6 0 0 0 -4 0 0 0 6 4-4cylc.dat

0 NOFILE

0 FILE 4-4cylc.dat
0 Cylinder Closed 1.0

0 Name: 4-4cylc.dat

0 Author: Alex Taylor [anathema]

0 !LDRAW_ORG Primitive UPDATE 2009-02

0 !LICENSE Licensed under CC BY 4.0 : see CAreadme.txt



0 BFC CERTIFY CCW



0 !HISTORY 2008-12-29 [cwdee] Removed one disc

0 !HISTORY 2009-09-03 [PTadmin] Official Update 2009-02





1 16 0 0 0 1 0 0 0 1 0 0 0 1 4-4edge.dat

1 16 0 1 0 1 0 0 0 1 0 0 0 1 4-4edge.dat

1 16 0 0 0 1 0 0 0 1 0 0 0 1 4-4disc.dat

1 16 0 0 0 1 0 0 0 1 0 0 0 1 4-4cyli.dat

0

0 NOFILE

0 FILE 4740.dat
0 Dish  2 x  2 Inverted

0 Name: 4740.dat

0 Author: James Jessiman

0 !LDRAW_ORG Part UPDATE 2014-02

0 !LICENSE Licensed under CC BY 4.0 : see CAreadme.txt



0 BFC CERTIFY CCW



0 !KEYWORDS Radar Dish, Round, Space



0 !HISTORY 1998-06-20 [PTadmin] Official Update 1998-06

0 !HISTORY 2003-06-08 [jriley] BFC compliant, cone & ring substitutions

0 !HISTORY 2003-12-19 [PTadmin] Official Update 2003-03

0 !HISTORY 2004-09-15 [PTadmin] Official Update 2004-03

0 !HISTORY 2007-07-08 [PTadmin] Header formatted for Contributor Agreement

0 !HISTORY 2008-07-01 [PTadmin] Official Update 2008-01

0 !HISTORY 2010-05-09 [cwdee] Remove CATEGORY Round

0 !HISTORY 2010-07-05 [PTadmin] Official Update 2010-02

0 !HISTORY 2014-09-03 [Philo] Improved part shape, subparted for patterns

0 !HISTORY 2014-12-23 [PTadmin] Official Update 2014-02





1 16 0 0 0 1 0 0 0 1 0 0 0 1 s__4740s01.dat

1 16 0 1.7 0 6 0 0 0 -1.7 0 0 0 6 4-4con1.dat

1 16 0 3.3 0 4 0 0 0 -1.6 0 0 0 4 4-4con3.dat

1 16 0 5.6 0 4 0 0 0 -2.3 0 0 0 4 4-4con4.dat

5 24 12 1.7 0 11.0868 1.7 4.5924 5.5434 0 2.2962 14.7824 3.3 6.1232

5 24 11.0868 1.7 4.5924 8.4852 1.7 8.4852 4.2426 0 4.2426 11.3136 3.3 11.3136

5 24 8.4852 1.7 8.4852 4.5924 1.7 11.0868 2.2962 0 5.5434 6.1232 3.3 14.7824

5 24 4.5924 1.7 11.0868 0 1.7 12 0 0 6 0 3.3 16

5 24 0 1.7 12 -4.5924 1.7 11.0868 -2.2962 0 5.5434 -6.1232 3.3 14.7824

5 24 -4.5924 1.7 11.0868 -8.4852 1.7 8.4852 -4.2426 0 4.2426 -11.3136 3.3 11.3136

5 24 -8.4852 1.7 8.4852 -11.0868 1.7 4.5924 -5.5434 0 2.2962 -14.7824 3.3 6.1232

5 24 -11.0868 1.7 4.5924 -12 1.7 0 -6 0 0 -16 3.3 0

5 24 -12 1.7 0 -11.0868 1.7 -4.5924 -5.5434 0 -2.2962 -14.7824 3.3 -6.1232

5 24 -11.0868 1.7 -4.5924 -8.4852 1.7 -8.4852 -4.2426 0 -4.2426 -11.3136 3.3 -11.3136

5 24 -8.4852 1.7 -8.4852 -4.5924 1.7 -11.0868 -2.2962 0 -5.5434 -6.1232 3.3 -14.7824

5 24 -4.5924 1.7 -11.0868 0 1.7 -12 0 0 -6 0 3.3 -16

5 24 0 1.7 -12 4.5924 1.7 -11.0868 2.2962 0 -5.5434 6.1232 3.3 -14.7824

5 24 4.5924 1.7 -11.0868 8.4852 1.7 -8.4852 4.2426 0 -4.2426 11.3136 3.3 -11.3136

5 24 8.4852 1.7 -8.4852 11.0868 1.7 -4.5924 5.5434 0 -2.2962 14.7824 3.3 -6.1232

5 24 11.0868 1.7 -4.5924 12 1.7 0 6 0 0 16 3.3 0

5 24 16 3.3 0 14.7824 3.3 6.1232 11.0868 1.7 4.5924 20 5.6 0

5 24 14.7824 3.3 6.1232 11.3136 3.3 11.3136 8.4852 1.7 8.4852 18.478 5.6 7.654

5 24 11.3136 3.3 11.3136 6.1232 3.3 14.7824 4.5924 1.7 11.0868 14.142 5.6 14.142

5 24 6.1232 3.3 14.7824 0 3.3 16 0 1.7 12 7.654 5.6 18.478

5 24 0 3.3 16 -6.1232 3.3 14.7824 -4.5924 1.7 11.0868 0 5.6 20

5 24 -6.1232 3.3 14.7824 -11.3136 3.3 11.3136 -8.4852 1.7 8.4852 -7.654 5.6 18.478

5 24 -11.3136 3.3 11.3136 -14.7824 3.3 6.1232 -11.0868 1.7 4.5924 -14.142 5.6 14.142

5 24 -14.7824 3.3 6.1232 -16 3.3 0 -12 1.7 0 -18.478 5.6 7.654

5 24 -16 3.3 0 -14.7824 3.3 -6.1232 -11.0868 1.7 -4.5924 -20 5.6 0

5 24 -14.7824 3.3 -6.1232 -11.3136 3.3 -11.3136 -8.4852 1.7 -8.4852 -18.478 5.6 -7.654

5 24 -11.3136 3.3 -11.3136 -6.1232 3.3 -14.7824 -4.5924 1.7 -11.0868 -14.142 5.6 -14.142

5 24 -6.1232 3.3 -14.7824 0 3.3 -16 0 1.7 -12 -7.654 5.6 -18.478

5 24 0 3.3 -16 6.1232 3.3 -14.7824 4.5924 1.7 -11.0868 0 5.6 -20

5 24 6.1232 3.3 -14.7824 11.3136 3.3 -11.3136 8.4852 1.7 -8.4852 7.654 5.6 -18.478

5 24 11.3136 3.3 -11.3136 14.7824 3.3 -6.1232 11.0868 1.7 -4.5924 14.142 5.6 -14.142

5 24 14.7824 3.3 -6.1232 16 3.3 0 12 1.7 0 18.478 5.6 -7.654

0 NOFILE

0 FILE 4-4con4.dat
0 Cone  4 x 1.0

0 Name: 4-4con4.dat

0 Author: Willy Tschager [Holly-Wood]

0 !LDRAW_ORG Primitive UPDATE 2024-01

0 !LICENSE Licensed under CC BY 4.0 : see CAreadme.txt



0 BFC CERTIFY CCW



0 !HISTORY 2003-08-01 [PTadmin] Official Update 2003-02

0 !HISTORY 2007-06-24 [PTadmin] Header formatted for Contributor Agreement

0 !HISTORY 2008-07-01 [PTadmin] Official Update 2008-01

0 !HISTORY 2012-02-16 [Philo] Changed to CCW

0 !HISTORY 2012-03-30 [PTadmin] Official Update 2012-01

0 !HISTORY 2024-01-07 [Holly-Wood] Complete regeneration, original by jriley

0 !HISTORY 2024-01-29 [OrionP] Official Update 2024-01



4 16 4 1 0 3.6956 1 1.5308 4.6195 0 1.9135 5 0 0

4 16 3.6956 1 1.5308 2.8284 1 2.8284 3.5355 0 3.5355 4.6195 0 1.9135

4 16 2.8284 1 2.8284 1.5308 1 3.6956 1.9135 0 4.6195 3.5355 0 3.5355

4 16 1.5308 1 3.6956 0 1 4 0 0 5 1.9135 0 4.6195

4 16 0 1 4 -1.5308 1 3.6956 -1.9135 0 4.6195 0 0 5

4 16 -1.5308 1 3.6956 -2.8284 1 2.8284 -3.5355 0 3.5355 -1.9135 0 4.6195

4 16 -2.8284 1 2.8284 -3.6956 1 1.5308 -4.6195 0 1.9135 -3.5355 0 3.5355

4 16 -3.6956 1 1.5308 -4 1 0 -5 0 0 -4.6195 0 1.9135

4 16 -4 1 0 -3.6956 1 -1.5308 -4.6195 0 -1.9135 -5 0 0

4 16 -3.6956 1 -1.5308 -2.8284 1 -2.8284 -3.5355 0 -3.5355 -4.6195 0 -1.9135

4 16 -2.8284 1 -2.8284 -1.5308 1 -3.6956 -1.9135 0 -4.6195 -3.5355 0 -3.5355

4 16 -1.5308 1 -3.6956 0 1 -4 0 0 -5 -1.9135 0 -4.6195

4 16 0 1 -4 1.5308 1 -3.6956 1.9135 0 -4.6195 0 0 -5

4 16 1.5308 1 -3.6956 2.8284 1 -2.8284 3.5355 0 -3.5355 1.9135 0 -4.6195

4 16 2.8284 1 -2.8284 3.6956 1 -1.5308 4.6195 0 -1.9135 3.5355 0 -3.5355

4 16 3.6956 1 -1.5308 4 1 0 5 0 0 4.6195 0 -1.9135

0 // conditional lines

5 24 4 1 0 5 0 0 3.6956 1 -1.5308 3.6956 1 1.5308

5 24 3.6956 1 1.5308 4.6195 0 1.9135 4 1 0 2.8284 1 2.8284

5 24 2.8284 1 2.8284 3.5355 0 3.5355 3.6956 1 1.5308 1.5308 1 3.6956

5 24 1.5308 1 3.6956 1.9135 0 4.6195 2.8284 1 2.8284 0 1 4

5 24 0 1 4 0 0 5 1.5308 1 3.6956 -1.5308 1 3.6956

5 24 -1.5308 1 3.6956 -1.9135 0 4.6195 0 1 4 -2.8284 1 2.8284

5 24 -2.8284 1 2.8284 -3.5355 0 3.5355 -1.5308 1 3.6956 -3.6956 1 1.5308

5 24 -3.6956 1 1.5308 -4.6195 0 1.9135 -2.8284 1 2.8284 -4 1 0

5 24 -4 1 0 -5 0 0 -3.6956 1 1.5308 -3.6956 1 -1.5308

5 24 -3.6956 1 -1.5308 -4.6195 0 -1.9135 -4 1 0 -2.8284 1 -2.8284

5 24 -2.8284 1 -2.8284 -3.5355 0 -3.5355 -3.6956 1 -1.5308 -1.5308 1 -3.6956

5 24 -1.5308 1 -3.6956 -1.9135 0 -4.6195 -2.8284 1 -2.8284 0 1 -4

5 24 0 1 -4 0 0 -5 -1.5308 1 -3.6956 1.5308 1 -3.6956

5 24 1.5308 1 -3.6956 1.9135 0 -4.6195 0 1 -4 2.8284 1 -2.8284

5 24 2.8284 1 -2.8284 3.5355 0 -3.5355 1.5308 1 -3.6956 3.6956 1 -1.5308

5 24 3.6956 1 -1.5308 4.6195 0 -1.9135 2.8284 1 -2.8284 4 1 0

0 // Build by LDPartEditor (PrimGen 2.X)

0 NOFILE

0 FILE 4-4con3.dat
0 Cone  3 x 1.0

0 Name: 4-4con3.dat

0 Author: Niels Karsdorp [nielsk]

0 !LDRAW_ORG Primitive UPDATE 2003-02

0 !LICENSE Licensed under CC BY 4.0 : see CAreadme.txt



0 BFC CERTIFY CCW



0 !HISTORY 2003-08-01 [PTadmin] Official Update 2003-02

0 !HISTORY 2007-06-24 [PTadmin] Header formatted for Contributor Agreement

0 !HISTORY 2008-07-01 [PTadmin] Official Update 2008-01





5 24 3 1 0 4 0 0 2.7717 1 1.1481 2.7717 1 -1.1481

5 24 2.7717 1 1.1481 3.6956 0 1.5308 2.1213 1 2.1213 3 1 0

5 24 2.1213 1 2.1213 2.8284 0 2.8284 1.1481 1 2.7717 2.7717 1 1.1481

5 24 1.1481 1 2.7717 1.5308 0 3.6956 0 1 3 2.1213 1 2.1213

5 24 0 1 3 0 0 4 -1.1481 1 2.7717 1.1481 1 2.7717

5 24 -1.1481 1 2.7717 -1.5308 0 3.6956 -2.1213 1 2.1213 0 1 3

5 24 -2.1213 1 2.1213 -2.8284 0 2.8284 -2.7717 1 1.1481 -1.1481 1 2.7717

5 24 -2.7717 1 1.1481 -3.6956 0 1.5308 -3 1 0 -2.1213 1 2.1213

5 24 -3 1 0 -4 0 0 -2.7717 1 -1.1481 -2.7717 1 1.1481

5 24 -2.7717 1 -1.1481 -3.6956 0 -1.5308 -2.1213 1 -2.1213 -3 1 0

5 24 -2.1213 1 -2.1213 -2.8284 0 -2.8284 -1.1481 1 -2.7717 -2.7717 1 -1.1481

5 24 -1.1481 1 -2.7717 -1.5308 0 -3.6956 0 1 -3 -2.1213 1 -2.1213

5 24 0 1 -3 0 0 -4 1.1481 1 -2.7717 -1.1481 1 -2.7717

5 24 1.1481 1 -2.7717 1.5308 0 -3.6956 2.1213 1 -2.1213 0 1 -3

5 24 2.1213 1 -2.1213 2.8284 0 -2.8284 2.7717 1 -1.1481 1.1481 1 -2.7717

5 24 2.7717 1 -1.1481 3.6956 0 -1.5308 3 1 0 2.1213 1 -2.1213



4 16 3 1 0 2.7717 1 1.1481 3.6956 0 1.5308 4 0 0

4 16 2.7717 1 1.1481 2.1213 1 2.1213 2.8284 0 2.8284 3.6956 0 1.5308

4 16 2.1213 1 2.1213 1.1481 1 2.7717 1.5308 0 3.6956 2.8284 0 2.8284

4 16 1.1481 1 2.7717 0 1 3 0 0 4 1.5308 0 3.6956

4 16 0 1 3 -1.1481 1 2.7717 -1.5308 0 3.6956 0 0 4

4 16 -1.1481 1 2.7717 -2.1213 1 2.1213 -2.8284 0 2.8284 -1.5308 0 3.6956

4 16 -2.1213 1 2.1213 -2.7717 1 1.1481 -3.6956 0 1.5308 -2.8284 0 2.8284

4 16 -2.7717 1 1.1481 -3 1 0 -4 0 0 -3.6956 0 1.5308

4 16 -3 1 0 -2.7717 1 -1.1481 -3.6956 0 -1.5308 -4 0 0

4 16 -2.7717 1 -1.1481 -2.1213 1 -2.1213 -2.8284 0 -2.8284 -3.6956 0 -1.5308

4 16 -2.1213 1 -2.1213 -1.1481 1 -2.7717 -1.5308 0 -3.6956 -2.8284 0 -2.8284

4 16 -1.1481 1 -2.7717 0 1 -3 0 0 -4 -1.5308 0 -3.6956

4 16 0 1 -3 1.1481 1 -2.7717 1.5308 0 -3.6956 0 0 -4

4 16 1.1481 1 -2.7717 2.1213 1 -2.1213 2.8284 0 -2.8284 1.5308 0 -3.6956

4 16 2.1213 1 -2.1213 2.7717 1 -1.1481 3.6956 0 -1.5308 2.8284 0 -2.8284

4 16 2.7717 1 -1.1481 3 1 0 4 0 0 3.6956 0 -1.5308



0



0 NOFILE

0 FILE 4-4con1.dat
0 Cone  1 x 1.0

0 Name: 4-4con1.dat

0 Author: Steve Bliss [sbliss]

0 !LDRAW_ORG Primitive UPDATE 2012-01

0 !LICENSE Licensed under CC BY 4.0 : see CAreadme.txt



0 BFC CERTIFY CCW



0 !HISTORY 1999-08-19 [sbliss] Renamed 4-4con12.dat to 4-4con1.dat, Moved all conditional lines before quads

0 !HISTORY 2000-05-07 [PTadmin] Official Update 2000-01

0 !HISTORY 2002-12-11 [cwdee] Standardised title and made BFC compliant

0 !HISTORY 2003-08-01 [PTadmin] Official Update 2003-02

0 !HISTORY 2007-06-24 [PTadmin] Header formatted for Contributor Agreement

0 !HISTORY 2008-07-01 [PTadmin] Official Update 2008-01

0 !HISTORY 2012-02-16 [Philo] Changed to CCW, reordered

0 !HISTORY 2012-03-30 [PTadmin] Official Update 2012-01





5 24 1 1 0 2 0 0 0.9239 1 -0.3827 0.9239 1 0.3827

5 24 0.9239 1 0.3827 1.8478 0 0.7654 1 1 0 0.7071 1 0.7071

5 24 0.7071 1 0.7071 1.4142 0 1.4142 0.9239 1 0.3827 0.3827 1 0.9239

5 24 0.3827 1 0.9239 0.7654 0 1.8478 0.7071 1 0.7071 0 1 1

5 24 0 1 1 0 0 2 0.3827 1 0.9239 -0.3827 1 0.9239

5 24 -0.3827 1 0.9239 -0.7654 0 1.8478 0 1 1 -0.7071 1 0.7071

5 24 -0.7071 1 0.7071 -1.4142 0 1.4142 -0.3827 1 0.9239 -0.9239 1 0.3827

5 24 -0.9239 1 0.3827 -1.8478 0 0.7654 -0.7071 1 0.7071 -1 1 0

5 24 -1 1 0 -2 0 0 -0.9239 1 0.3827 -0.9239 1 -0.3827

5 24 -0.9239 1 -0.3827 -1.8478 0 -0.7654 -1 1 0 -0.7071 1 -0.7071

5 24 -0.7071 1 -0.7071 -1.4142 0 -1.4142 -0.9239 1 -0.3827 -0.3827 1 -0.9239

5 24 -0.3827 1 -0.9239 -0.7654 0 -1.8478 -0.7071 1 -0.7071 0 1 -1

5 24 0 1 -1 0 0 -2 -0.3827 1 -0.9239 0.3827 1 -0.9239

5 24 0.3827 1 -0.9239 0.7654 0 -1.8478 0 1 -1 0.7071 1 -0.7071

5 24 0.7071 1 -0.7071 1.4142 0 -1.4142 0.3827 1 -0.9239 0.9239 1 -0.3827

5 24 0.9239 1 -0.3827 1.8478 0 -0.7654 0.7071 1 -0.7071 1 1 0



4 16 2 0 0 1 1 0 0.9239 1 0.3827 1.8478 0 0.7654

4 16 1.8478 0 0.7654 0.9239 1 0.3827 0.7071 1 0.7071 1.4142 0 1.4142

4 16 1.4142 0 1.4142 0.7071 1 0.7071 0.3827 1 0.9239 0.7654 0 1.8478

4 16 0.7654 0 1.8478 0.3827 1 0.9239 0 1 1 0 0 2

4 16 0 0 2 0 1 1 -0.3827 1 0.9239 -0.7654 0 1.8478

4 16 -0.7654 0 1.8478 -0.3827 1 0.9239 -0.7071 1 0.7071 -1.4142 0 1.4142

4 16 -1.4142 0 1.4142 -0.7071 1 0.7071 -0.9239 1 0.3827 -1.8478 0 0.7654

4 16 -1.8478 0 0.7654 -0.9239 1 0.3827 -1 1 0 -2 0 0

4 16 -2 0 0 -1 1 0 -0.9239 1 -0.3827 -1.8478 0 -0.7654

4 16 -1.8478 0 -0.7654 -0.9239 1 -0.3827 -0.7071 1 -0.7071 -1.4142 0 -1.4142

4 16 -1.4142 0 -1.4142 -0.7071 1 -0.7071 -0.3827 1 -0.9239 -0.7654 0 -1.8478

4 16 -0.7654 0 -1.8478 -0.3827 1 -0.9239 0 1 -1 0 0 -2

4 16 0 0 -2 0 1 -1 0.3827 1 -0.9239 0.7654 0 -1.8478

4 16 0.7654 0 -1.8478 0.3827 1 -0.9239 0.7071 1 -0.7071 1.4142 0 -1.4142

4 16 1.4142 0 -1.4142 0.7071 1 -0.7071 0.9239 1 -0.3827 1.8478 0 -0.7654

4 16 1.8478 0 -0.7654 0.9239 1 -0.3827 1 1 0 2 0 0

0 NOFILE

0 FILE s__4740s01.dat
0 ~Dish  2 x  2 Inverted without Convex Surface

0 Name: s\4740s01.dat

0 Author: Philippe Hurbain [Philo]

0 !LDRAW_ORG Subpart UPDATE 2014-02

0 !LICENSE Licensed under CC BY 4.0 : see CAreadme.txt



0 BFC CERTIFY CCW



0 !HISTORY 2014-12-23 [PTadmin] Official Update 2014-02





1 16 0 0 0 1 0 0 0 1 0 0 0 1 stud2a.dat

1 16 0 4 0 1 0 0 0 -1 0 0 0 1 stud4a.dat

1 16 0 0 0 6 0 0 0 1 0 0 0 6 4-4edge.dat

1 16 0 5.6 0 20 0 0 0 2.4 0 0 0 20 4-4cylo.dat

0 BFC INVERTNEXT

1 16 0 0 0 4 0 0 0 2.7 0 0 0 4 4-4cyli.dat

0 BFC INVERTNEXT

1 16 0 4 0 6 0 0 0 -1.3 0 0 0 6 4-4cyli.dat

1 16 0 4 0 8 0 0 0 -1.3 0 0 0 8 4-4cyli.dat

1 16 0 2.7 0 4 0 0 0 1 0 0 0 4 4-4edge.dat

1 16 0 2.7 0 6 0 0 0 1 0 0 0 6 4-4edge.dat

1 16 0 2.7 0 8 0 0 0 1 0 0 0 8 4-4edge.dat

1 16 0 2.7 0 2 0 0 0 -1 0 0 0 2 4-4ring2.dat

0 BFC INVERTNEXT

1 16 0 5.8 0 8 0 0 0 -3.1 0 0 0 8 4-4con1.dat

0 BFC INVERTNEXT

1 16 0 8 0 4 0 0 0 -2.2 0 0 0 4 4-4con4.dat

5 24 14.7824 5.8 6.1232 16 5.8 0 8 2.7 0 18.478 8 7.654

5 24 11.3136 5.8 11.3136 14.7824 5.8 6.1232 7.3912 2.7 3.0616 14.142 8 14.142

5 24 6.1232 5.8 14.7824 11.3136 5.8 11.3136 5.6568 2.7 5.6568 7.654 8 18.478

5 24 0 5.8 16 6.1232 5.8 14.7824 3.0616 2.7 7.3912 0 8 20

5 24 -6.1232 5.8 14.7824 0 5.8 16 0 2.7 8 -7.654 8 18.478

5 24 -11.3136 5.8 11.3136 -6.1232 5.8 14.7824 -3.0616 2.7 7.3912 -14.142 8 14.142

5 24 -14.7824 5.8 6.1232 -11.3136 5.8 11.3136 -5.6568 2.7 5.6568 -18.478 8 7.654

5 24 -16 5.8 0 -14.7824 5.8 6.1232 -7.3912 2.7 3.0616 -20 8 0

5 24 -14.7824 5.8 -6.1232 -16 5.8 0 -8 2.7 0 -18.478 8 -7.654

5 24 -11.3136 5.8 -11.3136 -14.7824 5.8 -6.1232 -7.3912 2.7 -3.0616 -14.142 8 -14.142

5 24 -6.1232 5.8 -14.7824 -11.3136 5.8 -11.3136 -5.6568 2.7 -5.6568 -7.654 8 -18.478

5 24 0 5.8 -16 -6.1232 5.8 -14.7824 -3.0616 2.7 -7.3912 0 8 -20

5 24 6.1232 5.8 -14.7824 0 5.8 -16 0 2.7 -8 7.654 8 -18.478

5 24 11.3136 5.8 -11.3136 6.1232 5.8 -14.7824 3.0616 2.7 -7.3912 14.142 8 -14.142

5 24 14.7824 5.8 -6.1232 11.3136 5.8 -11.3136 5.6568 2.7 -5.6568 18.478 8 -7.654

5 24 16 5.8 0 14.7824 5.8 -6.1232 7.3912 2.7 -3.0616 20 8 0

0 NOFILE

0 FILE stud2a.dat
0 Stud Open without Base Edges

0 Name: stud2a.dat

0 Author: James Jessiman

0 !LDRAW_ORG Primitive UPDATE 2009-02

0 !LICENSE Licensed under CC BY 4.0 : see CAreadme.txt



0 BFC CERTIFY CCW



0 !HISTORY 1999-07-05 [PTadmin] Official Update 1999-05

0 !HISTORY 2002-04-04 [sbliss] Modified for BFC compliance

0 !HISTORY 2002-04-25 [PTadmin] Official Update 2002-02

0 !HISTORY 2007-06-24 [PTadmin] Header formatted for Contributor Agreement

0 !HISTORY 2008-07-01 [PTadmin] Official Update 2008-01

0 !HISTORY 2009-06-21 [cwdee] Update ring references to 4-4ring

0 !HISTORY 2009-09-03 [PTadmin] Official Update 2009-02





1 16 0 -4 0 4 0 0 0 1 0 0 0 4 4-4edge.dat

1 16 0 -4 0 6 0 0 0 1 0 0 0 6 4-4edge.dat

0 BFC INVERTNEXT

1 16 0 -4 0 4 0 0 0 4 0 0 0 4 4-4cyli.dat

1 16 0 -4 0 6 0 0 0 4 0 0 0 6 4-4cyli.dat

1 16 0 -4 0 2 0 0 0 1 0 0 0 2 4-4ring2.dat

0

0 NOFILE

0 FILE 3024.dat
0 Plate  1 x  1

0 Name: 3024.dat

0 Author: James Jessiman

0 !LDRAW_ORG Part UPDATE 2022-05

0 !LICENSE Licensed under CC BY 4.0 : see CAreadme.txt



0 BFC CERTIFY CCW



0 !HISTORY 2001-10-26 [PTadmin] Official Update 2001-01

0 !HISTORY 2002-05-07 {unknown} BFC Certification

0 !HISTORY 2002-06-11 [PTadmin] Official Update 2002-03

0 !HISTORY 2007-06-07 [PTadmin] Header formatted for Contributor Agreement

0 !HISTORY 2008-07-01 [PTadmin] Official Update 2008-01

0 !HISTORY 2022-08-04 [MagFors] Using subfile

0 !HISTORY 2022-09-15 [PTadmin] Official Update 2022-05





1 16 0 0 0 1 0 0 0 1 0 0 0 1 s__3024s01.dat

4 16 -10 8 -10 10 8 -10 10 0 -10 -10 0 -10

0 NOFILE

0 FILE s__3024s01.dat
0 ~Plate  1 x  1 without Front Face

0 Name: s\3024s01.dat

0 Author: Tore Eriksson [Tore_Eriksson]

0 !LDRAW_ORG Subpart UPDATE 2012-03

0 !LICENSE Licensed under CC BY 4.0 : see CAreadme.txt



0 BFC CERTIFY CCW



0 !HISTORY 2012-12-28 [PTadmin] Official Update 2012-03





0 BFC INVERTNEXT

1 16 0 8 0 0 0 6 0 -4 0 -6 0 0 box5.dat

4 16 10 8 -10 6 8 -6 6 8 6 10 8 10

4 16 10 8 10 6 8 6 -6 8 6 -10 8 10

4 16 -10 8 10 -6 8 6 -6 8 -6 -10 8 -10

4 16 -10 8 -10 -6 8 -6 6 8 -6 10 8 -10

1 16 0 8 0 10 0 0 0 -8 0 0 0 10 box4t.dat

1 16 0 0 0 0 0 1 0 1 0 -1 0 0 stud.dat

0 NOFILE

0 FILE 3623.dat
0 Plate  1 x  3

0 Name: 3623.dat

0 Author: James Jessiman

0 !LDRAW_ORG Part UPDATE 2017-01

0 !LICENSE Licensed under CC BY 4.0 : see CAreadme.txt



0 BFC CERTIFY CCW



0 !HISTORY 2003-06-08 [jriley] BFC compliant

0 !HISTORY 2003-12-19 [PTadmin] Official Update 2003-03

0 !HISTORY 2007-06-25 [PTadmin] Header formatted for Contributor Agreement

0 !HISTORY 2008-07-01 [PTadmin] Official Update 2008-01

0 !HISTORY 2017-04-02 [Sirio] Introduced use of subpart

0 !HISTORY 2017-12-30 [PTadmin] Official Update 2017-01





1 16 0 0 0 1 0 0 0 1 0 0 0 1 s__3623s01.dat

4 16 -30 8 -10 30 8 -10 30 0 -10 -30 0 -10

0 NOFILE

0 FILE s__3623s01.dat
0 ~Plate  1 x  3 without Front Face

0 Name: s\3623s01.dat

0 Author: Massimo Maso [Sirio]

0 !LDRAW_ORG Subpart UPDATE 2017-01

0 !LICENSE Licensed under CC BY 4.0 : see CAreadme.txt



0 BFC CERTIFY CCW



0 !HISTORY 2017-12-30 [PTadmin] Official Update 2017-01





1 16 10 4 0 1 0 0 0 -1 0 0 0 1 stud3.dat

1 16 -10 4 0 1 0 0 0 -1 0 0 0 1 stud3.dat

0 BFC INVERTNEXT

1 16 0 8 0 26 0 0 0 -4 0 0 0 6 box5.dat

4 16 30 8 10 26 8 6 -26 8 6 -30 8 10

4 16 -30 8 10 -26 8 6 -26 8 -6 -30 8 -10

4 16 -30 8 -10 -26 8 -6 26 8 -6 30 8 -10

4 16 30 8 -10 26 8 -6 26 8 6 30 8 10

1 16 0 8 0 30 0 0 0 -8 0 0 0 10 box4t.dat

1 16 0 0 0 1 0 0 0 1 0 0 0 1 stug-1x3.dat

0 NOFILE

0 FILE 36841.dat
0 Bracket  1 x  1 -  1 x  1 Down

0 Name: 36841.dat

0 Author: Magnus Forsberg [MagFors]

0 !LDRAW_ORG Part UPDATE 2019-01

0 !LICENSE Licensed under CC BY 4.0 : see CAreadme.txt



0 BFC CERTIFY CCW



0 !HISTORY 2019-06-28 [PTadmin] Official Update 2019-01





1 16 0 6 -10 -1.5 0 0 0 0 2 0 4 0 box4-1.dat

0 BFC INVERTNEXT

1 16 0 8 -2 6 0 0 0 -4 0 0 0 8 box5-1.dat

1 16 0 8 0 10 0 0 0 1 0 0 0 10 recte3.dat

4 16 10 8 10 6 8 6 -6 8 6 -10 8 10

4 16 -10 8 10 -6 8 6 -6 8 -10 -10 8 -10

4 16 10 8 -10 6 8 -10 6 8 6 10 8 10

2 24 -10 8 -10 -6 8 -10

2 24 10 8 -10 6 8 -10

2 24 10 8 -10 10 18 -10

2 24 -10 8 -10 -10 18 -10

4 16 8 20 -10 6 8 -10 10 8 -10 10 18 -10

4 16 8 20 -10 -8 20 -10 -6 8 -10 6 8 -10

4 16 -10 18 -14 -10 0 -14 -10 8 -10 -10 18 -10

1 16 0 4 10 -10 0 0 0 0 -4 0 -1 0 rect3.dat

4 16 10 18 -10 10 8 -10 10 0 -14 10 18 -14

4 16 10 8 10 10 0 10 10 0 -14 10 8 -10

4 16 -10 8 10 -10 8 -10 -10 0 -14 -10 0 10

1 16 0 9 -2 -10 0 0 0 -9 0 0 0 -12 box2-7.dat



1 16 -8 18 -14 -2 0 0 0 0 2 0 4 0 1-4cylo.dat

1 16 8 18 -14 0 0 2 2 0 0 0 4 0 1-4cylo.dat

1 16 -8 18 -10 -2 0 0 0 0 2 0 -1 0 1-4chrd.dat

1 16 8 18 -10 0 0 2 2 0 0 0 -1 0 1-4chrd.dat

1 16 -8 18 -14 -2 0 0 0 0 2 0 1 0 1-4chrd.dat

1 16 8 18 -14 0 0 2 2 0 0 0 1 0 1-4chrd.dat

1 16 0 20 -12 8 0 0 0 -1 0 0 0 -2 rect2p.dat

4 16 10 18 -14 -10 18 -14 -8 20 -14 8 20 -14

4 16 -10 8 -10 -6 8 -10 -8 20 -10 -10 18 -10



1 16 0 0 0 0 0 -1 0 1 0 1 0 0 stud.dat

1 16 0 10 -14 0 0 1 1 0 0 0 1 0 stud2.dat

0 NOFILE

0 FILE box5-1.dat
0 Box with 5 Faces without 1 Edge

0 Name: box5-1.dat

0 Author: J.C. Tchang [tchang]

0 !LDRAW_ORG Primitive UPDATE 2014-01

0 !LICENSE Licensed under CC BY 4.0 : see CAreadme.txt



0 BFC CERTIFY CCW



0 !HISTORY 2014-06-21 [PTadmin] Official Update 2014-01





2 24 1 1 1 -1 1 1

2 24 -1 1 1 -1 1 -1

2 24 -1 1 -1 1 1 -1

2 24 1 1 -1 1 1 1

2 24 1 0 1 -1 0 1

2 24 -1 0 1 -1 0 -1

2 24 1 0 -1 1 0 1

2 24 1 0 1 1 1 1

2 24 -1 0 1 -1 1 1

2 24 1 0 -1 1 1 -1

2 24 -1 0 -1 -1 1 -1

4 16 -1 1 1 1 1 1 1 1 -1 -1 1 -1

4 16 -1 1 1 -1 0 1 1 0 1 1 1 1

4 16 -1 1 -1 -1 0 -1 -1 0 1 -1 1 1

4 16 1 1 -1 1 0 -1 -1 0 -1 -1 1 -1

4 16 1 1 1 1 0 1 1 0 -1 1 1 -1

0 NOFILE

0 FILE 3005.dat
0 Brick  1 x  1

0 Name: 3005.dat

0 Author: James Jessiman

0 !LDRAW_ORG Part UPDATE 2022-05

0 !LICENSE Licensed under CC BY 4.0 : see CAreadme.txt



0 BFC CERTIFY CCW



0 !HISTORY 2001-10-26 [PTadmin] Official Update 2001-01

0 !HISTORY 2002-05-07 {unknown} BFC Certification

0 !HISTORY 2002-06-11 [PTadmin] Official Update 2002-03

0 !HISTORY 2007-05-07 [PTadmin] Header formatted for Contributor Agreement

0 !HISTORY 2008-07-01 [PTadmin] Official Update 2008-01

0 !HISTORY 2022-08-04 [MagFors] Using subfile

0 !HISTORY 2022-09-15 [PTadmin] Official Update 2022-05





1 16 0 0 0 1 0 0 0 1 0 0 0 1 s__3005s01.dat

4 16 -10 24 -10 10 24 -10 10 0 -10 -10 0 -10

0 NOFILE

0 FILE s__3005s01.dat
0 ~Brick  1 x  1 without Front Face

0 Name: s\3005s01.dat

0 Author: Willy Tschager [Holly-Wood]

0 !LDRAW_ORG Subpart UPDATE 2024-04

0 !LICENSE Licensed under CC BY 4.0 : see CAreadme.txt



0 BFC CERTIFY CCW



0 !HISTORY 2003-09-07 [jriley] BFCed & Subfiled

0 !HISTORY 2004-03-02 [PTadmin] Official Update 2004-01

0 !HISTORY 2007-08-29 [PTadmin] Header formatted for Contributor Agreement

0 !HISTORY 2008-07-01 [PTadmin] Official Update 2008-01

0 !HISTORY 2024-03-15 [Holly-Wood] Complete re-write, original by jriley

0 !HISTORY 2024-05-28 [OrionP] Official Update 2024-04



1 16 0 0 0 0 0 1 0 1 0 -1 0 0 stud.dat

1 16 0 24 0 -10 0 0 0 -24 0 0 0 10 box4t.dat

0 BFC INVERTNEXT

1 16 0 24 0 -6 0 0 0 -20 0 0 0 6 box5.dat



4 16 -6 24 -6 6 24 -6 10 24 -10 -10 24 -10

4 16 10 24 -10 6 24 -6 6 24 6 10 24 10

4 16 6 24 6 -6 24 6 -10 24 10 10 24 10

4 16 -10 24 10 -6 24 6 -6 24 -6 -10 24 -10

0 NOFILE

0 FILE 3010.dat
0 Brick  1 x  4

0 Name: 3010.dat

0 Author: James Jessiman

0 !LDRAW_ORG Part UPDATE 2025-09

0 !LICENSE Licensed under CC BY 4.0 : see CAreadme.txt



0 BFC CERTIFY CCW



0 !HISTORY 2001-10-26 [PTadmin] Official Update 2001-01

0 !HISTORY 2002-05-07 {unknown} BFC Certification

0 !HISTORY 2002-06-11 [PTadmin] Official Update 2002-03

0 !HISTORY 2002-12-12 [hafhead] New subparted version

0 !HISTORY 2003-08-01 [PTadmin] Official Update 2003-02

0 !HISTORY 2007-06-06 [PTadmin] Header formatted for Contributor Agreement

0 !HISTORY 2008-07-01 [PTadmin] Official Update 2008-01

0 !HISTORY 2025-09-27 [OrionP] Changed winding to CCW

0 !HISTORY 2025-09-29 [OrionP] Official Update 2025-09



1 16 0 0 0 1 0 0 0 1 0 0 0 1 s__3010s01.dat

4 16 -40 24 -10 40 24 -10 40 0 -10 -40 0 -10

0
0 NOFILE

0 FILE s__3010s01.dat
0 ~Brick  1 x  4 without Front Face

0 Name: s\3010s01.dat

0 Author: Willy Tschager [Holly-Wood]

0 !LDRAW_ORG Subpart UPDATE 2024-03

0 !LICENSE Licensed under CC BY 4.0 : see CAreadme.txt



0 BFC CERTIFY CCW



0 !HISTORY 2003-08-01 [PTadmin] Official Update 2003-02

0 !HISTORY 2007-08-29 [PTadmin] Header formatted for Contributor Agreement

0 !HISTORY 2008-07-01 [PTadmin] Official Update 2008-01

0 !HISTORY 2024-03-15 [Holly-Wood] Complete re-write, original by hafhead

0 !HISTORY 2024-04-28 [OrionP] Official Update 2024-03



1 16 0 0 0 1 0 0 0 1 0 0 0 1 stug-1x4.dat

1 16 0 4 0 1 0 0 0 -5 0 0 0 1 stug3-1x3.dat



1 16 0 24 0 -40 0 0 0 -24 0 0 0 10 box4t.dat

0 BFC INVERTNEXT

1 16 0 24 0 -36 0 0 0 -20 0 0 0 6 box5.dat



4 16 -36 24 -6 36 24 -6 40 24 -10 -40 24 -10

4 16 40 24 -10 36 24 -6 36 24 6 40 24 10

4 16 40 24 10 36 24 6 -36 24 6 -40 24 10

4 16 -40 24 10 -36 24 6 -36 24 -6 -40 24 -10

0 NOFILE

0 FILE stug3-1x3.dat
0 Stud Tube Solid Group  1 x  3

0 Name: stug3-1x3.dat

0 Author: Steffen [Steffen]

0 !LDRAW_ORG Primitive UPDATE 2012-02

0 !LICENSE Licensed under CC BY 4.0 : see CAreadme.txt



0 BFC CERTIFY CCW



0 !HISTORY 2012-08-09 [PTadmin] Official Update 2012-02





1 16 -20 0 0 1 0 0 0 1 0 0 0 1 stud3.dat

1 16 0 0 0 1 0 0 0 1 0 0 0 1 stud3.dat

1 16 20 0 0 1 0 0 0 1 0 0 0 1 stud3.dat

0 NOFILE

0 FILE stug-1x4.dat
0 Stud Group  1 x  4

0 Name: stug-1x4.dat

0 Author: Steffen [Steffen]

0 !LDRAW_ORG Primitive UPDATE 2011-01

0 !LICENSE Licensed under CC BY 4.0 : see CAreadme.txt



0 BFC CERTIFY CCW



0 !HISTORY 2011-07-25 [PTadmin] Official Update 2011-01





1 16 -30 0 0 1 0 0 0 1 0 0 0 1 stud.dat

1 16 -10 0 0 1 0 0 0 1 0 0 0 1 stud.dat

1 16 10 0 0 1 0 0 0 1 0 0 0 1 stud.dat

1 16 30 0 0 1 0 0 0 1 0 0 0 1 stud.dat

0 NOFILE

0 FILE 3021.dat
0 Plate  2 x  3

0 Name: 3021.dat

0 Author: James Jessiman

0 !LDRAW_ORG Part UPDATE 2002-03

0 !LICENSE Licensed under CC BY 4.0 : see CAreadme.txt



0 BFC CERTIFY CCW



0 !HISTORY 2001-10-26 [PTadmin] Official Update 2001-01

0 !HISTORY 2002-05-07 {unknown} BFC Certification

0 !HISTORY 2002-06-11 [PTadmin] Official Update 2002-03

0 !HISTORY 2007-06-07 [PTadmin] Header formatted for Contributor Agreement

0 !HISTORY 2008-07-01 [PTadmin] Official Update 2008-01





1 16 10 4 0 1 0 0 0 -1 0 0 0 1 stud4.dat

1 16 -10 4 0 1 0 0 0 -1 0 0 0 1 stud4.dat



0 BFC INVERTNEXT

1 16 0 8 0 26 0 0 0 -4 0 0 0 16 box5.dat



4 16 30 8 20 26 8 16 -26 8 16 -30 8 20

0 // Next Line was 4 16 30 8 -20 26 8 -16 -26 8 -16 -30 8 -20

4 16 -30 8 -20 -26 8 -16 26 8 -16 30 8 -20

0 // Next Line was 4 16 30 8 20 26 8 16 26 8 -16 30 8 -20

4 16 30 8 -20 26 8 -16 26 8 16 30 8 20

4 16 -30 8 20 -26 8 16 -26 8 -16 -30 8 -20



1 16 0 8 0 30 0 0 0 -8 0 0 0 20 box5.dat



1 16 20 0 10 1 0 0 0 1 0 0 0 1 stud.dat

1 16 0 0 10 1 0 0 0 1 0 0 0 1 stud.dat

1 16 -20 0 10 1 0 0 0 1 0 0 0 1 stud.dat

1 16 20 0 -10 1 0 0 0 1 0 0 0 1 stud.dat

1 16 0 0 -10 1 0 0 0 1 0 0 0 1 stud.dat

1 16 -20 0 -10 1 0 0 0 1 0 0 0 1 stud.dat

0

0 NOFILE

0 FILE 63864.dat
0 Tile  1 x  3

0 Name: 63864.dat

0 Author: Tim Gould [timgould]

0 !LDRAW_ORG Part UPDATE 2019-01

0 !LICENSE Licensed under CC BY 4.0 : see CAreadme.txt



0 BFC CERTIFY CCW



0 !HISTORY 2010-04-05 [PTadmin] Official Update 2010-01

0 !HISTORY 2019-06-28 [PTadmin] Official Update 2019-01

0 !HISTORY 2019-07-03 [UR] Subpart Integration





4 16 -30 0 -10 30 0 -10 30 0 10 -30 0 10

1 16 0 0 0 1 0 0 0 1 0 0 0 1 s__63864s01.dat

0 NOFILE

0 FILE s__63864s01.dat
0 ~Tile  1 x  3 without Top Face

0 Name: s\63864s01.dat

0 Author: Ulrich Röder [UR]

0 !LDRAW_ORG Subpart UPDATE 2019-01

0 !LICENSE Licensed under CC BY 4.0 : see CAreadme.txt



0 BFC CERTIFY CCW



0 !HISTORY 2019-06-28 [PTadmin] Official Update 2019-01





1 16 0 0 0 30 0 0 0 7 0 0 0 10 box4.dat

1 16 0 7 0 29 0 0 0 1 0 0 0 9 box4.dat

0 BFC INVERTNEXT

1 16 0 8 0 -26 0 0 0 -4 0 0 0 6 box5.dat

1 16 10 4 0 1 0 0 0 -1 0 0 0 1 stud3.dat

1 16 -10 4 0 1 0 0 0 -1 0 0 0 1 stud3.dat

4 16 -30 7 -10 -29 7 -9 29 7 -9 30 7 -10

4 16 30 7 10 29 7 9 -29 7 9 -30 7 10

4 16 -30 7 -10 -30 7 10 -29 7 9 -29 7 -9

4 16 30 7 10 30 7 -10 29 7 -9 29 7 9

4 16 -29 8 -9 -26 8 -6 26 8 -6 29 8 -9

4 16 29 8 9 26 8 6 -26 8 6 -29 8 9

4 16 -29 8 -9 -29 8 9 -26 8 6 -26 8 -6

4 16 29 8 9 29 8 -9 26 8 -6 26 8 6

0 NOFILE

0 FILE 14719.dat
0 Tile  2 x  2 Corner

0 Name: 14719.dat

0 Author: Max Martin Richter [MMR1988]

0 !LDRAW_ORG Part UPDATE 2015-02

0 !LICENSE Licensed under CC BY 4.0 : see CAreadme.txt



0 BFC CERTIFY CCW



0 !HISTORY 2015-12-30 [PTadmin] Official Update 2015-02





1 16 0 0 0 1 0 0 0 1 0 0 0 1 s__14719s01.dat



4 16 30 0 10 10 0 10 -10 0 -10 30 0 -10

4 16 10 0 10 10 0 30 -10 0 30 -10 0 -10

0 NOFILE

0 FILE s__14719s01.dat
0 ~Tile  2 x  2 Corner without Top Face

0 Name: s\14719s01.dat

0 Author: Max Martin Richter [MMR1988]

0 !LDRAW_ORG Subpart UPDATE 2015-02

0 !LICENSE Licensed under CC BY 4.0 : see CAreadme.txt



0 BFC CERTIFY CCW



0 !HISTORY 2015-12-30 [PTadmin] Official Update 2015-02





1 16 0 4 10 1 0 0 0 -1 0 0 0 1 stud3.dat

1 16 10 4 0 1 0 0 0 -1 0 0 0 1 stud3.dat



4 16 26 4 -6 -6 4 -6 6 4 6 26 4 6

4 16 6 4 26 6 4 6 -6 4 -6 -6 4 26



0 BFC INVERTNEXT

1 16 0 6 16 0 6 0 2 0 0 0 0 10 box2-7.dat

0 BFC INVERTNEXT

1 16 16 6 0 0 10 0 2 0 0 0 0 6 box2-7.dat

0 BFC INVERTNEXT

1 16 10 6 10 0 -16 0 2 0 0 0 0 -16 box2-5.dat

2 24 6 8 6 6 4 6



4 16 29 8 9 26 8 6 6 8 6 9 8 9

4 16 29 8 -9 26 8 -6 26 8 6 29 8 9

4 16 -9 8 -9 -6 8 -6 26 8 -6 29 8 -9

4 16 -9 8 29 -6 8 26 -6 8 -6 -9 8 -9

4 16 9 8 29 6 8 26 -6 8 26 -9 8 29

4 16 9 8 9 6 8 6 6 8 26 9 8 29



1 16 10 7.5 10 0 -19 0 0.5 0 0 0 0 -19 box2-5.dat

1 16 19 7.5 0 0 10 0 0.5 0 0 0 0 9 box2-7.dat

1 16 0 7.5 19 0 9 0 0.5 0 0 0 0 10 box2-7.dat

2 24 9 8 9 9 7 9



4 16 9 7 9 10 7 10 30 7 10 29 7 9

4 16 29 7 9 30 7 10 30 7 -10 29 7 -9

4 16 29 7 -9 30 7 -10 -10 7 -10 -9 7 -9

4 16 -9 7 -9 -10 7 -10 -10 7 30 -9 7 29

4 16 -9 7 29 -10 7 30 10 7 30 9 7 29

4 16 9 7 29 10 7 30 10 7 10 9 7 9



1 16 10 3.5 10 0 -20 0 3.5 0 0 0 0 -20 box2-5.dat

1 16 20 3.5 0 0 10 0 3.5 0 0 0 0 10 box2-7.dat

1 16 0 3.5 20 0 10 0 3.5 0 0 0 0 10 box2-7.dat

2 24 10 7 10 10 0 10

0 NOFILE

0 FILE 2431.dat
0 Tile  1 x  4 with Groove

0 Name: 2431.dat

0 Author: Santeri Piippo [arezey]

0 !LDRAW_ORG Part UPDATE 2010-02

0 !LICENSE Licensed under CC BY 4.0 : see CAreadme.txt



0 BFC CERTIFY CCW



0 !HISTORY 2010-07-05 [PTadmin] Official Update 2010-02





1 16 0 0 0 1 0 0 0 1 0 0 0 1 s__2431s01.dat

4 16 40 0 -10 40 0 10 -40 0 10 -40 0 -10

0 //

0 NOFILE

0 FILE s__2431s01.dat
0 ~Tile  1 x  4 with Groove without Top Face

0 Name: s\2431s01.dat

0 Author: Santeri Piippo [arezey]

0 !LDRAW_ORG Subpart UPDATE 2010-02

0 !LICENSE Licensed under CC BY 4.0 : see CAreadme.txt



0 BFC CERTIFY CCW



0 !HISTORY 2010-07-05 [PTadmin] Official Update 2010-02





1 16 0 0 0 40 0 0 0 7 0 0 0 10 box4.dat

1 16 0 7 0 39 0 0 0 1 0 0 0 9 box4.dat

0 BFC INVERTNEXT

1 16 0 8 0 36 0 0 0 -4 0 0 0 6 box5.dat

4 16 -39 8 9 -36 8 6 -36 8 -6 -39 8 -9

4 16 39 8 -9 36 8 -6 36 8 6 39 8 9

4 16 39 8 9 36 8 6 -36 8 6 -39 8 9

4 16 -39 8 -9 -36 8 -6 36 8 -6 39 8 -9

4 16 -40 7 10 -39 7 9 -39 7 -9 -40 7 -10

4 16 40 7 -10 39 7 -9 39 7 9 40 7 10

4 16 40 7 10 39 7 9 -39 7 9 -40 7 10

4 16 -40 7 -10 -39 7 -9 39 7 -9 40 7 -10

1 16 0 4 0 1 0 0 0 -1 0 0 0 1 stud3.dat

1 16 -20 4 0 1 0 0 0 -1 0 0 0 1 stud3.dat

1 16 20 4 0 1 0 0 0 -1 0 0 0 1 stud3.dat

0 //

0 NOFILE

0 FILE 3070b.dat
0 Tile  1 x  1 with Groove

0 Name: 3070b.dat

0 Author: Chris Dee [cwdee]

0 !LDRAW_ORG Part UPDATE 2025-09

0 !LICENSE Licensed under CC BY 4.0 : see CAreadme.txt



0 BFC CERTIFY CCW



0 !KEYWORDS BrickLink 3070



0 !HISTORY 2009-09-03 [PTadmin] Official Update 2009-02

0 !HISTORY 2025-09-27 [OrionP] Changed winding to CCW

0 !HISTORY 2025-09-29 [OrionP] Official Update 2025-09



1 16 0 0 0 1 0 0 0 1 0 0 0 1 s__3070bs01.dat

4 16 -10 0 10 -10 0 -10 10 0 -10 10 0 10

0
0 NOFILE

0 FILE s__3070bs01.dat
0 ~Tile  1 x  1 with Groove without Top Face

0 Name: s\3070bs01.dat

0 Author: Chris Dee [cwdee]

0 !LDRAW_ORG Subpart UPDATE 2009-02

0 !LICENSE Licensed under CC BY 4.0 : see CAreadme.txt



0 BFC CERTIFY CCW



0 !HISTORY 2009-09-03 [PTadmin] Official Update 2009-02





1 16 0 0 0 10 0 0 0 7 0 0 0 10 box4.dat

0 BFC INVERTNEXT

1 16 0 8 0 6 0 0 0 -4 0 0 0 6 box5.dat

1 16 0 7 0 9 0 0 0 1 0 0 0 9 box4.dat



4 16 9 8 9 6 8 6 -6 8 6 -9 8 9

4 16 -9 8 9 -6 8 6 -6 8 -6 -9 8 -9

4 16 -9 8 -9 -6 8 -6 6 8 -6 9 8 -9

4 16 9 8 -9 6 8 -6 6 8 6 9 8 9



4 16 10 7 10 9 7 9 -9 7 9 -10 7 10

4 16 -10 7 10 -9 7 9 -9 7 -9 -10 7 -10

4 16 -10 7 -10 -9 7 -9 9 7 -9 10 7 -10

4 16 10 7 -10 9 7 -9 9 7 9 10 7 10

0

0 NOFILE

0 FILE 2420.dat
0 Plate  2 x  2 Corner

0 Name: 2420.dat

0 Author: James Jessiman

0 !LDRAW_ORG Part UPDATE 2003-03

0 !LICENSE Licensed under CC BY 4.0 : see CAreadme.txt



0 BFC CERTIFY CCW



0 !HISTORY 2003-09-08 [jriley] BFC compliant

0 !HISTORY 2003-12-19 [PTadmin] Official Update 2003-03

0 !HISTORY 2007-05-08 [PTadmin] Header formatted for Contributor Agreement

0 !HISTORY 2008-07-01 [PTadmin] Official Update 2008-01





1 16 0 4 10 1 0 0 0 -1 0 0 0 1 stud3.dat

1 16 10 4 0 1 0 0 0 -1 0 0 0 1 stud3.dat

4 16 10 8 30 6 8 26 -6 8 26 -10 8 30

4 16 -10 8 30 -6 8 26 -6 8 -6 -10 8 -10

4 16 -10 8 -10 -6 8 -6 26 8 -6 30 8 -10

4 16 30 8 -10 26 8 -6 26 8 6 30 8 10

4 16 30 8 10 26 8 6 6 8 6 10 8 10

4 16 10 8 10 6 8 6 6 8 26 10 8 30

4 16 26 4 -6 -6 4 -6 6 4 6 26 4 6

4 16 6 4 26 6 4 6 -6 4 -6 -6 4 26

4 16 30 0 10 10 0 10 -10 0 -10 30 0 -10

4 16 10 0 10 10 0 30 -10 0 30 -10 0 -10

1 16 20 4 0 0 10 0 4 0 0 0 0 10 box2-5.dat

1 16 0 4 20 0 10 0 4 0 0 0 0 10 box2-5.dat

1 16 10 4 10 0 -20 0 4 0 0 0 0 -20 box2-5.dat

1 16 0 0 0 1 0 0 0 1 0 0 0 1 stud.dat

1 16 20 0 0 1 0 0 0 1 0 0 0 1 stud.dat

1 16 0 0 20 1 0 0 0 1 0 0 0 1 stud.dat

0 BFC INVERTNEXT

1 16 0 6 16 0 6 0 2 0 0 0 0 10 box2-5.dat

0 BFC INVERTNEXT

1 16 16 6 0 0 10 0 2 0 0 0 0 6 box2-5.dat

0 BFC INVERTNEXT

1 16 10 6 10 0 -16 0 2 0 0 0 0 -16 box2-5.dat

0

0 NOFILE

0 FILE 3069b.dat
0 Tile  1 x  2 with Groove

0 Name: 3069b.dat

0 Author: Santeri Piippo [arezey]

0 !LDRAW_ORG Part UPDATE 2010-02

0 !LICENSE Licensed under CC BY 4.0 : see CAreadme.txt



0 BFC CERTIFY CCW



0 !KEYWORDS BrickLink 3069



0 !HISTORY 2010-07-05 [PTadmin] Official Update 2010-02





4 16 20 0 -10 20 0 10 -20 0 10 -20 0 -10

1 16 0 0 0 1 0 0 0 1 0 0 0 1 s__3069bs01.dat

0 //

0 NOFILE

0 FILE s__3069bs01.dat
0 ~Tile  1 x  2 with Groove without Top Face

0 Name: s\3069bs01.dat

0 Author: Santeri Piippo [arezey]

0 !LDRAW_ORG Subpart UPDATE 2010-02

0 !LICENSE Licensed under CC BY 4.0 : see CAreadme.txt



0 BFC CERTIFY CCW



0 !HISTORY 2010-07-05 [PTadmin] Official Update 2010-02





1 16 0 0 0 20 0 0 0 7 0 0 0 10 box4.dat

1 16 0 7 0 19 0 0 0 1 0 0 0 9 box4.dat

0 BFC INVERTNEXT

1 16 0 8 0 16 0 0 0 -4 0 0 0 6 box5.dat

4 16 -19 8 9 -16 8 6 -16 8 -6 -19 8 -9

4 16 19 8 -9 16 8 -6 16 8 6 19 8 9

4 16 19 8 9 16 8 6 -16 8 6 -19 8 9

4 16 -19 8 -9 -16 8 -6 16 8 -6 19 8 -9

4 16 -20 7 10 -19 7 9 -19 7 -9 -20 7 -10

4 16 20 7 -10 19 7 -9 19 7 9 20 7 10

4 16 20 7 10 19 7 9 -19 7 9 -20 7 10

4 16 -20 7 -10 -19 7 -9 19 7 -9 20 7 -10

0 //

0 NOFILE

0 FILE 54200.dat
0 Slope Brick 31  1 x  1 x  0.667

0 Name: 54200.dat

0 Author: Orion Pobursky [OrionP]

0 !LDRAW_ORG Part UPDATE 2022-04

0 !LICENSE Licensed under CC BY 4.0 : see CAreadme.txt



0 BFC CERTIFY CCW



0 !KEYWORDS cheese



0 !HISTORY 2006-01-14 [cwdee] Rotated to match other slope bricks

0 !HISTORY 2009-09-03 [PTadmin] Official Update 2009-02

0 !HISTORY 2013-08-04 [cwdee] Description change

0 !HISTORY 2013-12-23 [PTadmin] Official Update 2013-02

0 !HISTORY 2014-11-21 [roland] Auto-corrected with libfix version of LDCad 1.4

0 !HISTORY 2015-10-11 [PTadmin] Official Update 2015-01

0 !HISTORY 2019-06-03 [Philo] Rounded corners and flattened top.

0 !HISTORY 2019-06-28 [PTadmin] Official Update 2019-01

0 !HISTORY 2021-05-21 [OrionP] Subfiled for patterns

0 !HISTORY 2022-05-07 [PTadmin] Official Update 2022-03

0 !HISTORY 2022-07-13 [Jaco] added keyword Cheese

0 !HISTORY 2022-07-18 [PTadmin] Official Update 2022-04





1 16 0 0 0 1 0 0 0 1 0 0 0 1 s__54200s01.dat



3 16 9.41 -15.01 8.35 8 -15.6 9.3333 10 -13.6 6

4 16 -8 -15.6 9.3333 -10 -13.6 6 10 -13.6 6 8 -15.6 9.3333

3 16 -8 -15.6 9.3333 -9.41 -15.01 8.35 -10 -13.6 6

4 16 -10 -4 -10 10 -4 -10 10 -13.6 6 -10 -13.6 6

0 NOFILE

0 FILE s__54200s01.dat
0 ~Slope Brick 31  1 x  1 x  0.667 without Sloped Face

0 Name: s\54200s01.dat

0 Author: Orion Pobursky [OrionP]

0 !LDRAW_ORG Subpart UPDATE 2022-03

0 !LICENSE Licensed under CC BY 4.0 : see CAreadme.txt



0 BFC CERTIFY CCW



0 !HISTORY 2022-05-07 [PTadmin] Official Update 2022-03





2 24 10 -1 10 10 -1 -10

2 24 -10 -1 10 -10 -1 -10

1 16 0 -5.3 6 -6 0 0 0 0 5.3 0 1 0 rect.dat

1 16 0 -1.7 -6 0 0 -6 1.7 0 0 0 -1 0 rect.dat

1 16 0 -2.5 -10 -10 0 0 0 0 1.5 0 1 0 rect.dat

2 24 9 0 9 -9 0 9

2 24 9 0 -9 -9 0 -9

1 16 0 -1 0 0 0 9 0 1 0 -9 0 0 box4.dat

4 16 10 -1 -10 9 -1 -9 9 -1 9 10 -1 10

4 16 -10 -1 10 -9 -1 9 -9 -1 -9 -10 -1 -10

4 16 10 -1 10 9 -1 9 -9 -1 9 -10 -1 10

4 16 -10 -1 -10 -9 -1 -9 9 -1 -9 10 -1 -10

4 16 6 0 -6 6 0 6 9 0 9 9 0 -9

4 16 -6 0 6 -6 0 -6 -9 0 -9 -9 0 9

4 16 -6 0 -6 6 0 -6 9 0 -9 -9 0 -9

4 16 6 0 6 -6 0 6 -9 0 9 9 0 9

4 16 6 -10.6 6 6 0 6 6 0 -6 6 -3.4 -6

4 16 -6 -10.6 6 -6 -3.4 -6 -6 0 -6 -6 0 6

2 24 6 0 -6 6 0 6

2 24 -6 0 -6 -6 0 6

2 24 6 -3.4 -6 6 -10.6 6

2 24 -6 -3.4 -6 -6 -10.6 6

3 16 -3.1092 -4 -5 -2.2961 -4 -5.5434 -2.2961 -3.674 -5.5434

5 24 -2.2961 -4 -5.5434 -2.2961 -3.674 -5.5434 -3.1092 -4 -5 0 -4 -6

4 16 -2.2961 -4 -5.5434 0 -4 -6 0 -3.4 -6 -2.2961 -3.674 -5.5434

5 24 0 -4 -6 0 -3.4 -6 -2.2961 -4 -5.5434 2.2961 -4 -5.5434

4 16 0 -4 -6 2.2961 -4 -5.5434 2.2961 -3.674 -5.5434 0 -3.4 -6

5 24 2.2961 -4 -5.5434 2.2961 -3.674 -5.5434 0 -4 -6 3.1092 -4 -5

3 16 3.1092 -4 -5 2.2961 -3.674 -5.5434 2.2961 -4 -5.5434

2 24 -3.1092 -4 -5 -2.2961 -4 -5.5434

2 24 -2.2961 -4 -5.5434 0 -4 -6

2 24 2.2961 -4 -5.5434 0 -4 -6

2 24 3.1092 -4 -5 2.2961 -4 -5.5434

2 24 -3.1092 -4 -5 -2.2961 -3.674 -5.5434

2 24 -2.2961 -3.674 -5.5434 0 -3.4 -6

2 24 2.2961 -3.674 -5.5434 0 -3.4 -6

2 24 3.1092 -4 -5 2.2961 -3.674 -5.5434

2 24 -3.1092 -4 -5 3.1092 -4 -5

3 16 -3.1092 -4 -5 -2.2961 -3.674 -5.5434 -6 -3.4 -6

3 16 -6 -3.4 -6 -2.2961 -3.674 -5.5434 0 -3.4 -6

3 16 3.1092 -4 -5 6 -3.4 -6 2.2961 -3.674 -5.5434

3 16 6 -3.4 -6 0 -3.4 -6 2.2961 -3.674 -5.5434

2 24 9.41 -15.01 8.35 10 -13.6 6

2 24 9.41 -15.01 10 10 -13.6 10

2 24 8 -15.6 9.3333 9.41 -15.01 8.35

2 24 9.41 -15.01 10 8 -15.6 10

2 24 -9.41 -15.01 8.35 -10 -13.6 6

2 24 -9.41 -15.01 10 -10 -13.6 10

2 24 -8 -15.6 9.3333 -9.41 -15.01 8.35

2 24 -9.41 -15.01 10 -8 -15.6 10

4 16 8 -15.6 10 8 -15.6 9.3333 9.41 -15.01 8.35 9.41 -15.01 10

4 16 9.41 -15.01 10 9.41 -15.01 8.35 10 -13.6 6 10 -13.6 10

4 16 10 -1 10 10 -13.6 10 10 -13.6 6 10 -4 -10

3 16 10 -4 -10 10 -1 -10 10 -1 10

3 16 8 -15.6 10 9.41 -15.01 10 10 -13.6 10

4 16 -9.41 -15.01 8.35 -8 -15.6 9.3333 -8 -15.6 10 -9.41 -15.01 10

4 16 -10 -13.6 6 -9.41 -15.01 8.35 -9.41 -15.01 10 -10 -13.6 10

4 16 -10 -13.6 6 -10 -13.6 10 -10 -1 10 -10 -4 -10

3 16 -10 -1 -10 -10 -4 -10 -10 -1 10

3 16 -9.41 -15.01 10 -8 -15.6 10 -10 -13.6 10

2 24 -8 -15.6 10 8 -15.6 10

2 24 -8 -15.6 9.3333 8 -15.6 9.3333

4 16 -8 -15.6 10 -8 -15.6 9.3333 8 -15.6 9.3333 8 -15.6 10

4 16 -10 -13.6 10 -8 -15.6 10 8 -15.6 10 10 -13.6 10

1 16 0 -7.3 10 10 0 0 0 0 6.3 0 -1 0 rect3.dat

5 24 -9.41 -15.01 10 -9.41 -15.01 8.35 -8 -15.6 9.3333 -10 -13.6 10

5 24 9.41 -15.01 8.35 9.41 -15.01 10 8 -15.6 10 10 -13.6 6

5 24 -10 -13.6 6 -10 -13.6 10 -9.41 -15.01 8.35 -10 -1 10

5 24 10 -13.6 10 10 -13.6 6 9.41 -15.01 10 10 -4 -10

5 24 8 -15.6 9.3333 8 -15.6 10 9.41 -15.01 8.35 -8 -15.6 10

5 24 -8 -15.6 9.3333 -8 -15.6 10 -9.41 -15.01 10 8 -15.6 9.3333

3 16 0 -4 -6 -2.2961 -4 -5.5434 2.2961 -4 -5.5434

4 16 -3.1092 -4 -5 3.1092 -4 -5 2.2961 -4 -5.5434 -2.2961 -4 -5.5434

3 16 -3.1092 -4 -5 -6 -3.4 -6 -6 -10.6 6

3 16 6 -3.4 -6 3.1092 -4 -5 6 -10.6 6

4 16 -3.1092 -4 -5 -6 -10.6 6 6 -10.6 6 3.1092 -4 -5

2 24 -10 -13.6 6 -10 -4 -10

2 24 10 -4 -10 10 -13.6 6

0 NOFILE

0 FILE 3710.dat
0 Plate  1 x  4

0 Name: 3710.dat

0 Author: James Jessiman

0 !LDRAW_ORG Part UPDATE 2023-06

0 !LICENSE Licensed under CC BY 4.0 : see CAreadme.txt



0 BFC CERTIFY CCW



0 !HISTORY 2004-07-25 [guyvivan] Made BFC Compliant

0 !HISTORY 2004-11-06 [PTadmin] Official Update 2004-04

0 !HISTORY 2007-06-29 [PTadmin] Header formatted for Contributor Agreement

0 !HISTORY 2008-07-01 [PTadmin] Official Update 2008-01

0 !HISTORY 2023-03-28 [Sirio] Introduced use of subpart

0 !HISTORY 2023-11-19 [OrionP] Official Update 2023-06





1 16 0 0 0 1 0 0 0 1 0 0 0 1 s__3710s01.dat

4 16 -40 0 -10 -40 8 -10 40 8 -10 40 0 -10

0 NOFILE

0 FILE s__3710s01.dat
0 ~Plate  1 x  4 without Front Face

0 Name: s\3710s01.dat

0 Author: Massimo Maso [Sirio]

0 !LDRAW_ORG Subpart UPDATE 2023-06

0 !LICENSE Licensed under CC BY 4.0 : see CAreadme.txt



0 BFC CERTIFY CCW



0 !HISTORY 2023-11-19 [OrionP] Official Update 2023-06





1 16 0 4 0 1 0 0 0 -1 0 0 0 1 stug3-1x3.dat

0 BFC INVERTNEXT

1 16 0 8 0 36 0 0 0 -4 0 0 0 6 box5.dat

4 16 40 8 10 36 8 6 -36 8 6 -40 8 10

4 16 -40 8 10 -36 8 6 -36 8 -6 -40 8 -10

4 16 -40 8 -10 -36 8 -6 36 8 -6 40 8 -10

4 16 40 8 -10 36 8 -6 36 8 6 40 8 10

1 16 0 8 0 40 0 0 0 -8 0 0 0 10 box4t.dat

1 16 0 0 0 1 0 0 0 1 0 0 0 1 stug-1x4.dat

0 NOFILE

0 FILE 85984.dat
0 Slope Brick 31  1 x  2 x  0.667

0 Name: 85984.dat

0 Author: Magnus Forsberg [MagFors]

0 !LDRAW_ORG Part UPDATE 2020-02

0 !LICENSE Licensed under CC BY 4.0 : see CAreadme.txt



0 BFC CERTIFY CCW



0 !HISTORY 2010-04-05 [PTadmin] Official Update 2010-01

0 !HISTORY 2014-11-21 [roland] Auto-corrected with libfix version of LDCad 1.4

0 !HISTORY 2015-10-11 [PTadmin] Official Update 2015-01

0 !HISTORY 2016-11-03 [MagFors] Made subfile

0 !HISTORY 2016-12-31 [PTadmin] Official Update 2016-01

0 !HISTORY 2019-06-06 [Philo] Rounded corners and flattened top.

0 !HISTORY 2020-09-05 [PTadmin] Official Update 2020-02





1 16 0 0 0 1 0 0 0 1 0 0 0 1 s__85984s01.dat

3 16 19.41 -15.01 8.35 18 -15.6 9.3333 20 -13.6 6

3 16 -18 -15.6 9.3333 -19.41 -15.01 8.35 -20 -13.6 6

4 16 -18 -15.6 9.3333 -20 -13.6 6 20 -13.6 6 18 -15.6 9.3333

4 16 -20 -4 -10 20 -4 -10 20 -13.6 6 -20 -13.6 6

0 NOFILE

0 FILE s__85984s01.dat
0 ~Slope Brick 31  1 x  2 x  0.667 without Top Surface

0 Name: s\85984s01.dat

0 Author: Magnus Forsberg [MagFors]

0 !LDRAW_ORG Subpart UPDATE 2020-02

0 !LICENSE Licensed under CC BY 4.0 : see CAreadme.txt



0 BFC CERTIFY CCW



0 !HISTORY 2016-12-31 [PTadmin] Official Update 2016-01

0 !HISTORY 2019-06-06 [Philo] Rounded corners and flattened top.

0 !HISTORY 2020-09-05 [PTadmin] Official Update 2020-02





2 24 -13.109 -4 -5 -12.296 -4 -5.543

2 24 -12.296 -4 -5.543 -10 -4 -6

2 24 -7.704 -4 -5.543 -10 -4 -6

2 24 -6.891 -4 -5 -7.704 -4 -5.543

2 24 -13.109 -4 -5 -12.296 -3.674 -5.543

2 24 -12.296 -3.674 -5.543 -10 -3.4 -6

2 24 -7.704 -3.674 -5.543 -10 -3.4 -6

2 24 -6.891 -4 -5 -7.704 -3.674 -5.543

2 24 -13.109 -4 -5 -6.891 -4 -5

3 16 -12.296 -3.674 -5.543 -13.109 -4 -5 -12.296 -4 -5.543

4 16 -12.296 -4 -5.543 -10 -4 -6 -10 -3.4 -6 -12.296 -3.674 -5.543

5 24 -10 -4 -6 -10 -3.4 -6 -12.296 -4 -5.543 -7.704 -4 -5.543

5 24 -12.296 -4 -5.543 -12.296 -3.674 -5.543 -13.109 -4 -5 -10 -4 -6

5 24 -7.704 -4 -5.543 -7.704 -3.674 -5.543 -10 -4 -6 -6.891 -4 -5

4 16 -10 -4 -6 -7.704 -4 -5.543 -7.704 -3.674 -5.543 -10 -3.4 -6

3 16 -7.704 -4 -5.543 -6.891 -4 -5 -7.704 -3.674 -5.543

4 16 -12.296 -4 -5.543 -13.109 -4 -5 -6.891 -4 -5 -7.704 -4 -5.543

3 16 -12.296 -4 -5.543 -7.704 -4 -5.543 -10 -4 -6

2 24 6.891 -4 -5 7.704 -4 -5.543

2 24 7.704 -4 -5.543 10 -4 -6

2 24 12.296 -4 -5.543 10 -4 -6

2 24 13.109 -4 -5 12.296 -4 -5.543

2 24 6.891 -4 -5 7.704 -3.674 -5.543

2 24 7.704 -3.674 -5.543 10 -3.4 -6

2 24 12.296 -3.674 -5.543 10 -3.4 -6

2 24 13.109 -4 -5 12.296 -3.674 -5.543

2 24 6.891 -4 -5 13.109 -4 -5

3 16 7.704 -3.674 -5.543 6.891 -4 -5 7.704 -4 -5.543

4 16 7.704 -4 -5.543 10 -4 -6 10 -3.4 -6 7.704 -3.674 -5.543

5 24 10 -4 -6 10 -3.4 -6 7.704 -4 -5.543 12.296 -4 -5.543

5 24 7.704 -4 -5.543 7.704 -3.674 -5.543 6.891 -4 -5 10 -4 -6

5 24 12.296 -4 -5.543 12.296 -3.674 -5.543 10 -4 -6 13.109 -4 -5

4 16 10 -4 -6 12.296 -4 -5.543 12.296 -3.674 -5.543 10 -3.4 -6

3 16 12.296 -4 -5.543 13.109 -4 -5 12.296 -3.674 -5.543

4 16 7.704 -4 -5.543 6.891 -4 -5 13.109 -4 -5 12.296 -4 -5.543

3 16 10 -4 -6 7.704 -4 -5.543 12.296 -4 -5.543

3 16 -13.109 -4 -5 -12.296 -3.674 -5.543 -16 -3.4 -6

3 16 -10 -3.4 -6 -16 -3.4 -6 -12.296 -3.674 -5.543

4 16 6.891 -4 -5 7.704 -3.674 -5.543 -7.704 -3.674 -5.543 -6.891 -4 -5

4 16 7.704 -3.674 -5.543 10 -3.4 -6 -10 -3.4 -6 -7.704 -3.674 -5.543

3 16 12.296 -3.674 -5.543 16 -3.4 -6 10 -3.4 -6

3 16 13.109 -4 -5 16 -3.4 -6 12.296 -3.674 -5.543

3 16 -13.109 -4 -5 -16 -3.4 -6 -16 -10.6 6

3 16 -6.891 -4 -5 -13.109 -4 -5 -16 -10.6 6

4 16 16 -10.6 6 6.891 -4 -5 -6.891 -4 -5 -16 -10.6 6

3 16 16 -10.6 6 16 -3.4 -6 13.109 -4 -5

3 16 16 -10.6 6 13.109 -4 -5 6.891 -4 -5

2 24 16 0 -6 16 0 6

2 24 -16 0 -6 -16 0 6

2 24 16 -3.4 -6 16 -10.6 6

2 24 -16 -3.4 -6 -16 -10.6 6

1 16 0 -5.3 6 -16 0 0 0 0 5.3 0 1 0 rect.dat

1 16 0 -1.7 -6 0 0 -16 1.7 0 0 0 -1 0 rect.dat

4 16 16 -10.6 6 16 0 6 16 0 -6 16 -3.4 -6

4 16 -16 -10.6 6 -16 -3.4 -6 -16 0 -6 -16 0 6

1 16 0 -1 0 0 0 19 0 1 0 -9 0 0 box4.dat

4 16 16 0 -6 16 0 6 19 0 9 19 0 -9

4 16 -16 0 6 -16 0 -6 -19 0 -9 -19 0 9

4 16 -16 0 -6 16 0 -6 19 0 -9 -19 0 -9

4 16 16 0 6 -16 0 6 -19 0 9 19 0 9

4 16 -20 -1 -10 -19 -1 -9 19 -1 -9 20 -1 -10

1 16 0 -2.5 -10 -20 0 0 0 0 1.5 0 1 0 rect.dat

1 16 0 -7 0 0 0 -4 2.4 -1 0 -4 0 0 4-4edge.dat

1 16 0 -4.6 0 0 0 -4 0 -2.4 0 -4 0 0 4-4cyls.dat

1 16 0 -4.6 0 1 0 0 0 -1.15 0 0 0 1 stud3a.dat

2 24 20 -1 10 20 -1 -10

2 24 -20 -1 10 -20 -1 -10

2 24 19.41 -15.01 8.35 20 -13.6 6

2 24 19.41 -15.01 10 20 -13.6 10

2 24 18 -15.6 9.3333 19.41 -15.01 8.35

2 24 19.41 -15.01 10 18 -15.6 10

2 24 -19.41 -15.01 8.35 -20 -13.6 6

2 24 -19.41 -15.01 10 -20 -13.6 10

2 24 -18 -15.6 9.3333 -19.41 -15.01 8.35

2 24 -19.41 -15.01 10 -18 -15.6 10

4 16 18 -15.6 10 18 -15.6 9.3333 19.41 -15.01 8.35 19.41 -15.01 10

4 16 19.41 -15.01 10 19.41 -15.01 8.35 20 -13.6 6 20 -13.6 10

4 16 20 -1 10 20 -13.6 10 20 -13.6 6 20 -4 -10

3 16 20 -4 -10 20 -1 -10 20 -1 10

3 16 18 -15.6 10 19.41 -15.01 10 20 -13.6 10

4 16 -19.41 -15.01 8.35 -18 -15.6 9.3333 -18 -15.6 10 -19.41 -15.01 10

4 16 -20 -13.6 6 -19.41 -15.01 8.35 -19.41 -15.01 10 -20 -13.6 10

4 16 -20 -13.6 6 -20 -13.6 10 -20 -1 10 -20 -4 -10

3 16 -20 -1 -10 -20 -4 -10 -20 -1 10

3 16 -19.41 -15.01 10 -18 -15.6 10 -20 -13.6 10

2 24 -18 -15.6 10 18 -15.6 10

2 24 -18 -15.6 9.3333 18 -15.6 9.3333

4 16 -18 -15.6 10 -18 -15.6 9.3333 18 -15.6 9.3333 18 -15.6 10

2 24 -20 -13.6 6 -20 -4 -10

2 24 20 -4 -10 20 -13.6 6

4 16 -20 -13.6 10 -18 -15.6 10 18 -15.6 10 20 -13.6 10

1 16 0 -7.3 10 20 0 0 0 0 6.3 0 -1 0 rect3.dat

5 24 -19.41 -15.01 10 -19.41 -15.01 8.35 -18 -15.6 9.3333 -20 -13.6 10

5 24 19.41 -15.01 8.35 19.41 -15.01 10 18 -15.6 10 20 -13.6 6

5 24 -20 -13.6 6 -20 -13.6 10 -19.41 -15.01 8.35 -20 -1 10

5 24 20 -13.6 10 20 -13.6 6 19.41 -15.01 10 20 -4 -10

5 24 18 -15.6 9.3333 18 -15.6 10 19.41 -15.01 8.35 -18 -15.6 10

5 24 -18 -15.6 9.3333 -18 -15.6 10 -19.41 -15.01 10 18 -15.6 9.3333

4 16 19 -1 -9 19 -1 9 20 -1 10 20 -1 -10

4 16 -20 -1 10 20 -1 10 19 -1 9 -19 -1 9

4 16 -20 -1 -10 -20 -1 10 -19 -1 9 -19 -1 -9

0 NOFILE

0 FILE 4-4cyls.dat
0 Cylinder Sloped 1.0

0 Name: 4-4cyls.dat

0 Author: Donald Sutter [technog]

0 !LDRAW_ORG Primitive UPDATE 2012-01

0 !LICENSE Licensed under CC BY 4.0 : see CAreadme.txt



0 BFC CERTIFY CCW



0 !HISTORY 2003-08-01 [PTadmin] Official Update 2003-02

0 !HISTORY 2007-06-24 [PTadmin] Header formatted for Contributor Agreement

0 !HISTORY 2008-07-01 [PTadmin] Official Update 2008-01

0 !HISTORY 2012-02-16 [Philo] Changed to CCW

0 !HISTORY 2012-03-30 [PTadmin] Official Update 2012-01





3 16 0.9239 0.0761 0.3827 0.9239 0 0.3827 1 0 0

5 24 0.9239 0 0.3827 0.9239 0.0761 0.3827 0.7071 0 0.7071 1 0 0

4 16 0.9239 0.0761 0.3827 0.7071 0.2929 0.7071 0.7071 0 0.7071 0.9239 0 0.3827

5 24 0.7071 0 0.7071 0.7071 0.2929 0.7071 0.3827 0 0.9239 0.9239 0 0.3827

4 16 0.7071 0.2929 0.7071 0.3827 0.6173 0.9239 0.3827 0 0.9239 0.7071 0 0.7071

5 24 0.3827 0 0.9239 0.3827 0.6173 0.9239 0 0 1 0.7071 0 0.7071

4 16 0.3827 0.6173 0.9239 0 1 1 0 0 1 0.3827 0 0.9239

5 24 0 0 1 0 1 1 -0.3827 0 0.9239 0.3827 0 0.9239

4 16 0 1 1 -0.3827 1.3827 0.9239 -0.3827 0 0.9239 0 0 1

5 24 -0.3827 0 0.9239 -0.3827 1.3827 0.9239 -0.7071 0 0.7071 0 0 1

4 16 -0.3827 1.3827 0.9239 -0.7071 1.7071 0.7071 -0.7071 0 0.7071 -0.3827 0 0.9239

5 24 -0.7071 0 0.7071 -0.7071 1.7071 0.7071 -0.9239 0 0.3827 -0.3827 0 0.9239

4 16 -0.7071 1.7071 0.7071 -0.9239 1.9239 0.3827 -0.9239 0 0.3827 -0.7071 0 0.7071

5 24 -0.9239 0 0.3827 -0.9239 1.9239 0.3827 -1 0 0 -0.7071 0 0.7071

4 16 -0.9239 1.9239 0.3827 -1 2 0 -1 0 0 -0.9239 0 0.3827

5 24 -1 0 0 -1 2 0 -0.9239 0 -0.3827 -0.9239 0 0.3827

4 16 -1 2 0 -0.9239 1.9239 -0.3827 -0.9239 0 -0.3827 -1 0 0

5 24 -0.9239 0 -0.3827 -0.9239 1.9239 -0.3827 -1 0 0 -0.7071 0 -0.7071

4 16 -0.9239 1.9239 -0.3827 -0.7071 1.7071 -0.7071 -0.7071 0 -0.7071 -0.9239 0 -0.3827

5 24 -0.7071 0 -0.7071 -0.7071 1.7071 -0.7071 -0.9239 0 -0.3827 -0.3827 0 -0.9239

4 16 -0.7071 1.7071 -0.7071 -0.3827 1.3827 -0.9239 -0.3827 0 -0.9239 -0.7071 0 -0.7071

5 24 -0.3827 0 -0.9239 -0.3827 1.3827 -0.9239 -0.7071 0 -0.7071 0 0 -1

4 16 -0.3827 1.3827 -0.9239 0 1 -1 0 0 -1 -0.3827 0 -0.9239

5 24 0 0 -1 0 1 -1 -0.3827 0 -0.9239 0.3827 0 -0.9239

4 16 0 1 -1 0.3827 0.6173 -0.9239 0.3827 0 -0.9239 0 0 -1

5 24 0.3827 0 -0.9239 0.3827 0.6173 -0.9239 0 0 -1 0.7071 0 -0.7071

4 16 0.3827 0.6173 -0.9239 0.7071 0.2929 -0.7071 0.7071 0 -0.7071 0.3827 0 -0.9239

5 24 0.7071 0 -0.7071 0.7071 0.2929 -0.7071 0.3827 0 -0.9239 0.9239 0 -0.3827

4 16 0.7071 0.2929 -0.7071 0.9239 0.0761 -0.3827 0.9239 0 -0.3827 0.7071 0 -0.7071

5 24 0.9239 0 -0.3827 0.9239 0.0761 -0.3827 0.7071 0 -0.7071 1 0 0

3 16 0.9239 0 -0.3827 0.9239 0.0761 -0.3827 1 0 0

0 NOFILE

0 FILE 26603.dat
0 Tile  2 x  3

0 Name: 26603.dat

0 Author: Philippe Hurbain [Philo]

0 !LDRAW_ORG Part UPDATE 2016-01

0 !LICENSE Licensed under CC BY 4.0 : see CAreadme.txt



0 BFC CERTIFY CCW



0 !HISTORY 2016-12-31 [PTadmin] Official Update 2016-01





1 16 0 0 0 1 0 0 0 1 0 0 0 1 s__26603s01.dat

4 16 30 0 20 -30 0 20 -30 0 -20 30 0 -20

0 NOFILE

0 FILE s__26603s01.dat
0 ~Tile  2 x  3 without Top

0 Name: s\26603s01.dat

0 Author: Philippe Hurbain [Philo]

0 !LDRAW_ORG Subpart UPDATE 2016-01

0 !LICENSE Licensed under CC BY 4.0 : see CAreadme.txt



0 BFC CERTIFY CCW



0 !HISTORY 2016-12-31 [PTadmin] Official Update 2016-01





1 16 0 0 0 30 0 0 0 7 0 0 0 20 box4.dat

1 16 0 7 0 29 0 0 0 1 0 0 0 19 box4.dat

0 BFC INVERTNEXT

1 16 0 8 0 -26 0 0 0 -4 0 0 0 16 box5.dat

4 16 -30 7 -20 -29 7 -19 29 7 -19 30 7 -20

4 16 30 7 20 29 7 19 -29 7 19 -30 7 20

4 16 -30 7 -20 -30 7 20 -29 7 19 -29 7 -19

4 16 30 7 20 30 7 -20 29 7 -19 29 7 19

4 16 -29 8 -19 -26 8 -16 26 8 -16 29 8 -19

4 16 29 8 19 26 8 16 -26 8 16 -29 8 19

4 16 -29 8 -19 -29 8 19 -26 8 16 -26 8 -16

4 16 29 8 19 29 8 -19 26 8 -16 26 8 16

1 16 0 4 0 1 0 0 0 -1 0 0 0 1 stug4-1x2.dat

0 NOFILE

0 FILE stug4-1x2.dat
0 Stud Tube Open Group  1 x  2

0 Name: stug4-1x2.dat

0 Author: Steffen [Steffen]

0 !LDRAW_ORG Primitive UPDATE 2011-01

0 !LICENSE Licensed under CC BY 4.0 : see CAreadme.txt



0 BFC CERTIFY CCW



0 !HISTORY 2011-07-25 [PTadmin] Official Update 2011-01





1 16 -10 0 0 1 0 0 0 1 0 0 0 1 stud4.dat

1 16 10 0 0 1 0 0 0 1 0 0 0 1 stud4.dat

0 NOFILE

0 FILE 3004.dat
0 Brick  1 x  2

0 Name: 3004.dat

0 Author: James Jessiman

0 !LDRAW_ORG Part UPDATE 2022-05

0 !LICENSE Licensed under CC BY 4.0 : see CAreadme.txt



0 BFC CERTIFY CCW



0 !HISTORY 2001-10-26 [PTadmin] Official Update 2001-01

0 !HISTORY 2002-05-07 {unknown} BFC Certification

0 !HISTORY 2002-06-11 [PTadmin] Official Update 2002-03

0 !HISTORY 2007-05-07 [PTadmin] Header formatted for Contributor Agreement

0 !HISTORY 2008-07-01 [PTadmin] Official Update 2008-01

0 !HISTORY 2022-08-04 [MagFors] Using subfile

0 !HISTORY 2022-09-15 [PTadmin] Official Update 2022-05





1 16 0 0 0 1 0 0 0 1 0 0 0 1 s__3004s01.dat

4 16 -20 24 -10 20 24 -10 20 0 -10 -20 0 -10

0 NOFILE

0 FILE s__3004s01.dat
0 ~Brick  1 x  2 without Front Face

0 Name: s\3004s01.dat

0 Author: James Jessiman

0 !LDRAW_ORG Subpart UPDATE 2003-03

0 !LICENSE Licensed under CC BY 4.0 : see CAreadme.txt



0 BFC CERTIFY CCW



0 !HISTORY 2003-09-07 [jriley] Subfiling, BFC

0 !HISTORY 2003-12-19 [PTadmin] Official Update 2003-03

0 !HISTORY 2007-08-29 [PTadmin] Header formatted for Contributor Agreement

0 !HISTORY 2008-07-01 [PTadmin] Official Update 2008-01





1 16 0 4 0 1 0 0 0 -5 0 0 0 1 stud3.dat

0 BFC INVERTNEXT

1 16 0 24 0 16 0 0 0 -20 0 0 0 6 box5.dat

4 16 20 24 10 16 24 6 -16 24 6 -20 24 10

4 16 -20 24 10 -16 24 6 -16 24 -6 -20 24 -10

4 16 -20 24 -10 -16 24 -6 16 24 -6 20 24 -10

4 16 20 24 -10 16 24 -6 16 24 6 20 24 10

1 16 0 24 0 20 0 0 0 -24 0 0 0 10 box4t.dat

1 16 10 0 0 1 0 0 0 1 0 0 0 1 stud.dat

1 16 -10 0 0 1 0 0 0 1 0 0 0 1 stud.dat

0

0 NOFILE

0 FILE 3622.dat
0 Brick  1 x  3

0 Name: 3622.dat

0 Author: James Jessiman

0 !LDRAW_ORG Part UPDATE 2004-02

0 !LICENSE Licensed under CC BY 4.0 : see CAreadme.txt



0 BFC CERTIFY CCW



0 !HISTORY 2003-10-15 [westrate] Subfiled, BFC'd

0 !HISTORY 2004-04-22 [PTadmin] Official Update 2004-02

0 !HISTORY 2007-06-25 [PTadmin] Header formatted for Contributor Agreement

0 !HISTORY 2008-07-01 [PTadmin] Official Update 2008-01





1 16 0 0 0 1 0 0 0 1 0 0 0 1 s__3622s01.dat

4 16 30 0 -10 -30 0 -10 -30 24 -10 30 24 -10

0

0 NOFILE

0 FILE s__3622s01.dat
0 ~Brick  1 x  3 without Front Face

0 Name: s\3622s01.dat

0 Author: Takeshi Takahashi [RainbowDolphin]

0 !LDRAW_ORG Subpart UPDATE 2024-05

0 !LICENSE Licensed under CC BY 4.0 : see CAreadme.txt



0 BFC CERTIFY CCW



0 !HISTORY 2003-10-14 [westrate] Subfiled, BFC'd

0 !HISTORY 2004-04-22 [PTadmin] Official Update 2004-02

0 !HISTORY 2007-08-31 [PTadmin] Header formatted for Contributor Agreement

0 !HISTORY 2008-07-01 [PTadmin] Official Update 2008-01

0 !HISTORY 2024-05-28 [RainbowDolphin] Total rewrite, original by Andy Westrate [westrate]

0 !HISTORY 2024-06-30 [OrionP] Official Update 2024-05



1 16 0 0 0 1 0 0 0 1 0 0 0 1 stug-1x3.dat

1 16 0 4 0 1 0 0 0 -5 0 0 0 1 stug3-1x2.dat

1 16 0 24 0 30 0 0 0 -24 0 0 0 10 box4t.dat

0 BFC INVERTNEXT

1 16 0 24 0 26 0 0 0 -20 0 0 0 6 box5.dat



4 16 30 24 10 26 24 6 -26 24 6 -30 24 10

4 16 -30 24 10 -26 24 6 -26 24 -6 -30 24 -10

4 16 -30 24 -10 -26 24 -6 26 24 -6 30 24 -10

4 16 30 24 -10 26 24 -6 26 24 6 30 24 10

0 NOFILE

0 FILE stug3-1x2.dat
0 Stud Tube Solid Group  1 x  2

0 Name: stug3-1x2.dat

0 Author: Steffen [Steffen]

0 !LDRAW_ORG Primitive UPDATE 2013-02

0 !LICENSE Licensed under CC BY 4.0 : see CAreadme.txt



0 BFC CERTIFY CCW



0 !HISTORY 2013-12-23 [PTadmin] Official Update 2013-02





1 16 -10 0 0 1 0 0 0 1 0 0 0 1 stud3.dat

1 16 10 0 0 1 0 0 0 1 0 0 0 1 stud3.dat

0 NOFILE

0 FILE 3001.dat
0 Brick  2 x  4

0 Name: 3001.dat

0 Author: James Jessiman

0 !LDRAW_ORG Part UPDATE 2004-03

0 !LICENSE Licensed under CC BY 4.0 : see CAreadme.txt



0 BFC CERTIFY CCW



0 !HISTORY 2002-05-07 {unknown} BFC Certification

0 !HISTORY 2002-06-11 [PTadmin] Official Update 2002-03

0 !HISTORY 2004-02-08 [Steffen] used s\3001s01.dat

0 !HISTORY 2004-09-15 [PTadmin] Official Update 2004-03

0 !HISTORY 2007-05-07 [PTadmin] Header formatted for Contributor Agreement

0 !HISTORY 2008-07-01 [PTadmin] Official Update 2008-01





1 16 0 0 0 1 0 0 0 1 0 0 0 1 s__3001s01.dat

4 16 -40 0 -20 -40 24 -20 40 24 -20 40 0 -20

4 16 40 0 20 40 24 20 -40 24 20 -40 0 20

0

0 NOFILE

0 FILE s__3001s01.dat
0 ~Brick  2 x  4 without Front and Back Faces

0 Name: s\3001s01.dat

0 Author: James Jessiman

0 !LDRAW_ORG Subpart UPDATE 2004-03

0 !LICENSE Licensed under CC BY 4.0 : see CAreadme.txt



0 BFC CERTIFY CCW



0 !HISTORY 2002-05-07 {unknown} BFC certification

0 !HISTORY 2002-05-07 [westrate] Unknown change

0 !HISTORY 2004-09-15 [PTadmin] Official Update 2004-03

0 !HISTORY 2007-08-29 [PTadmin] Header formatted for Contributor Agreement

0 !HISTORY 2008-07-01 [PTadmin] Official Update 2008-01





0 // Uncomment for front and back faces:

0 // 4 16 40 0 -20 -40 0 -20 -40 24 -20 40 24 -20

0 // 4 16 40 0 20 -40 0 20 -40 24 20 40 24



1 16 20 4 0 1 0 0 0 -5 0 0 0 1 stud4.dat

1 16 0 4 0 1 0 0 0 -5 0 0 0 1 stud4.dat

1 16 -20 4 0 1 0 0 0 -5 0 0 0 1 stud4.dat

0 BFC INVERTNEXT

1 16 0 24 0 36 0 0 0 -20 0 0 0 16 box5.dat

4 16 40 24 20 36 24 16 -36 24 16 -40 24 20

4 16 -40 24 20 -36 24 16 -36 24 -16 -40 24 -20

4 16 -40 24 -20 -36 24 -16 36 24 -16 40 24 -20

4 16 40 24 -20 36 24 -16 36 24 16 40 24 20

1 16 0 24 0 0 0 40 0 -24 0 -20 0 0 box3u2p.dat

2 24 -40 24 -20 40 24 -20

2 24 -40 24 20 40 24 20

1 16 30 0 10 1 0 0 0 1 0 0 0 1 stud.dat

1 16 10 0 10 1 0 0 0 1 0 0 0 1 stud.dat

1 16 -10 0 10 1 0 0 0 1 0 0 0 1 stud.dat

1 16 -30 0 10 1 0 0 0 1 0 0 0 1 stud.dat

1 16 30 0 -10 1 0 0 0 1 0 0 0 1 stud.dat

1 16 10 0 -10 1 0 0 0 1 0 0 0 1 stud.dat

1 16 -10 0 -10 1 0 0 0 1 0 0 0 1 stud.dat

1 16 -30 0 -10 1 0 0 0 1 0 0 0 1 stud.dat

0

0 NOFILE

0 FILE 3002.dat
0 Brick  2 x  3

0 Name: 3002.dat

0 Author: James Jessiman

0 !LDRAW_ORG Part UPDATE 2003-03

0 !LICENSE Licensed under CC BY 4.0 : see CAreadme.txt



0 BFC CERTIFY CCW



0 !HISTORY 2001-10-26 [PTadmin] Official Update 2001-01

0 !HISTORY 2002-05-07 {unknown} BFC Certification

0 !HISTORY 2002-06-11 [PTadmin] Official Update 2002-03

0 !HISTORY 2003-07-03 [Steffen] Subfiled for patterns

0 !HISTORY 2003-12-19 [PTadmin] Official Update 2003-03

0 !HISTORY 2007-05-07 [PTadmin] Header formatted for Contributor Agreement

0 !HISTORY 2008-07-01 [PTadmin] Official Update 2008-01





1 16 0 0 0 1 0 0 0 1 0 0 0 1 s__3002s01.dat

4 16 -30 0 -20 -30 24 -20 30 24 -20 30 0 -20

0

0 NOFILE

0 FILE s__3002s01.dat
0 ~Brick  2 x  3 without Front Face

0 Name: s\3002s01.dat

0 Author: James Jessiman

0 !LDRAW_ORG Subpart UPDATE 2003-03

0 !LICENSE Licensed under CC BY 4.0 : see CAreadme.txt



0 BFC CERTIFY CCW



0 !HISTORY 2002-05-07 {unknown} BFC Certification

0 !HISTORY 2003-07-03 [Steffen] Subfiled for patterns

0 !HISTORY 2003-12-19 [PTadmin] Official Update 2003-03

0 !HISTORY 2007-08-29 [PTadmin] Header formatted for Contributor Agreement

0 !HISTORY 2008-07-01 [PTadmin] Official Update 2008-01





1 16 10 4 0 1 0 0 0 -5 0 0 0 1 stud4.dat

1 16 -10 4 0 1 0 0 0 -5 0 0 0 1 stud4.dat

0 BFC INVERTNEXT

1 16 0 24 0 26 0 0 0 -20 0 0 0 16 box5.dat

4 16 30 24 20 26 24 16 -26 24 16 -30 24 20

4 16 -30 24 20 -26 24 16 -26 24 -16 -30 24 -20

4 16 -30 24 -20 -26 24 -16 26 24 -16 30 24 -20

4 16 30 24 -20 26 24 -16 26 24 16 30 24 20

2 24 30 0 20 -30 0 20

2 24 -30 0 20 -30 0 -20

2 24 -30 0 -20 30 0 -20

2 24 30 0 -20 30 0 20

2 24 30 24 20 -30 24 20

2 24 -30 24 20 -30 24 -20

2 24 -30 24 -20 30 24 -20

2 24 30 24 -20 30 24 20

2 24 30 24 20 30 0 20

2 24 -30 24 20 -30 0 20

2 24 30 24 -20 30 0 -20

2 24 -30 24 -20 -30 0 -20

4 16 -30 0 -20 30 0 -20 30 0 20 -30 0 20

4 16 30 0 20 30 24 20 -30 24 20 -30 0 20

4 16 -30 0 20 -30 24 20 -30 24 -20 -30 0 -20

4 16 30 0 -20 30 24 -20 30 24 20 30 0 20

1 16 20 0 10 1 0 0 0 1 0 0 0 1 stud.dat

1 16 0 0 10 1 0 0 0 1 0 0 0 1 stud.dat

1 16 -20 0 10 1 0 0 0 1 0 0 0 1 stud.dat

1 16 20 0 -10 1 0 0 0 1 0 0 0 1 stud.dat

1 16 0 0 -10 1 0 0 0 1 0 0 0 1 stud.dat

1 16 -20 0 -10 1 0 0 0 1 0 0 0 1 stud.dat

0

0 NOFILE

0 FILE 2357.dat
0 Brick  2 x  2 Corner

0 Name: 2357.dat

0 Author: James Jessiman

0 !LDRAW_ORG Part UPDATE 2020-01

0 !LICENSE Licensed under CC BY 4.0 : see CAreadme.txt



0 BFC CERTIFY CCW



0 !HISTORY 2001-10-26 [PTadmin] Official Update 2001-01

0 !HISTORY 2003-09-08 [jriley] BFC compliancy

0 !HISTORY 2003-12-19 [PTadmin] Official Update 2003-03

0 !HISTORY 2007-05-07 [PTadmin] Header formatted for Contributor Agreement

0 !HISTORY 2008-07-01 [PTadmin] Official Update 2008-01

0 !HISTORY 2019-09-10 [GeraldLasser] Added Support at Inside Corner

0 !HISTORY 2020-06-28 [PTadmin] Official Update 2020-01





1 16 0 4 10 1 0 0 0 -5 0 0 0 1 stud3.dat

1 16 10 4 0 1 0 0 0 -5 0 0 0 1 stud3.dat

4 16 10 24 30 6 24 26 -6 24 26 -10 24 30

4 16 -10 24 30 -6 24 26 -6 24 -6 -10 24 -10

4 16 -10 24 -10 -6 24 -6 26 24 -6 30 24 -10



4 16 30 24 -10 26 24 -6 26 24 6 30 24 10

4 16 30 24 10 26 24 6 6 24 6 10 24 10

4 16 10 24 10 6 24 6 6 24 26 10 24 30

4 16 6 4 6 26 4 6 26 4 -6 -6 4 -6

4 16 6 4 26 6 4 6 -6 4 -6 -6 4 26

4 16 30 0 10 10 0 10 -10 0 -10 30 0 -10

4 16 -10 0 30 -10 0 -10 10 0 10 10 0 30

1 16 20 12 0 0 10 0 12 0 0 0 0 10 box2-5.dat

1 16 0 12 20 0 10 0 12 0 0 0 0 10 box2-5.dat



1 16 6.7071 13.75 6.7071 0 -2.464479 .707107 -9.75 0 0 0 -2.464479 -.707107 box3u2p.dat

2 24 6 23.5 7.4142 6 23.5 6

2 24 6 23.5 6 7.4142 23.5 6

3 16 4.9497 23.5 3.5355 3.5355 23.5 4.9497 6 23.5 6

3 16 4.9497 23.5 3.5355 6 23.5 6 7.4142 23.5 6

3 16 3.5355 23.5 4.9497 6 23.5 7.4142 6 23.5 6



1 16 10 12 10 0 -20 0 12 0 0 0 0 -20 box2-5.dat

1 16 0 0 0 1 0 0 0 1 0 0 0 1 stud.dat

1 16 20 0 0 1 0 0 0 1 0 0 0 1 stud.dat

1 16 0 0 20 1 0 0 0 1 0 0 0 1 stud.dat

0 BFC INVERTNEXT

1 16 0 14 16 0 6 0 10 0 0 0 0 10 box2-5.dat

0 BFC INVERTNEXT

1 16 16 14 0 0 10 0 10 0 0 0 0 6 box2-5.dat

0 BFC INVERTNEXT

1 16 10 14 10 0 -16 0 10 0 0 0 0 -16 box2-5.dat

0

0 NOFILE

0 FILE 87620.dat
0 Brick  2 x  2 Facet

0 Name: 87620.dat

0 Author: Ronald Vallenduuk [Duq]

0 !LDRAW_ORG Part UPDATE 2018-02

0 !LICENSE Licensed under CC BY 4.0 : see CAreadme.txt



0 BFC CERTIFY CCW



0 !HISTORY 2010-07-05 [PTadmin] Official Update 2010-02

0 !HISTORY 2016-03-08 [GeraldLasser] Corrected the size of the stud cut-out

0 !HISTORY 2016-12-31 [PTadmin] Official Update 2016-01

0 !HISTORY 2018-01-27 [Steffen] corrected 2 collinear quads

0 !HISTORY 2018-12-08 [PTadmin] Official Update 2018-02





4 16 2.61594 24 -11.3841 5.61594 24 -14.3841 0 24 -20 -2 24 -16

3 16 -4 24 -16 -2 24 -16 0 24 -20

4 16 -4 24 -16 0 24 -20 -20 24 -20 -16 24 -16

4 16 -16 24 -16 -20 24 -20 -20 24 0 -16 24 -4

4 16 -16 24 -4 -20 24 0 0 24 0 -4 24 -4

3 16 0 24 -4 -2 24 -4 0 24 0

3 16 -2 24 -4 -4 24 -4 0 24 0

1 16 0 24 0 4 0 0 0 -1 0 0 0 -4 1-4disc.dat

3 16 4 24 4 4 24 2 0 24 0

3 16 4 24 2 4 24 0 0 24 0

4 16 4 24 4 0 24 0 0 24 20 4 24 16

4 16 4 24 16 0 24 20 20 24 20 16 24 16

4 16 16 24 16 20 24 20 20 24 0 16 24 4

3 16 16 24 4 20 24 0 16 24 2

4 16 16 24 2 20 24 0 14.3841 24 -5.61594 11.3841 24 -2.61594

0 BFC INVERTNEXT

1 16 8.5 24 -8.5 -1.5 0 4.38406 0 -4 0 1.5 0 4.38406 box3u2p.dat

4 16 4 24 4 16 24 4 16 24 2 4 24 2

4 16 -2 24 -4 -2 24 -16 -4 24 -16 -4 24 -4



0 BFC INVERTNEXT

1 16 -10 24 -10 0 0 -6 0 -20 0 6 0 0 box5.dat

0 BFC INVERTNEXT

1 16 -1 14 -10 0 0 -1 -10 0 0 0 6 0 box2-7.dat

1 16 0 4 0 0 0 4 0 20 0 -4 0 0 1-4cyli.dat

1 16 0 4 0 0 0 4 0 1 0 -4 0 0 1-4edge.dat

1 16 0 24 0 0 0 4 0 1 0 -4 0 0 1-4edge.dat

0 BFC INVERTNEXT

1 16 10 14 1 0 -6 0 10 0 0 0 0 1 box2-7.dat

4 16 2.61594 20 -11.3841 2.61594 24 -11.3841 -2 24 -16 -2 4 -16

4 16 11.3841 20 -2.61594 2.61594 20 -11.3841 -2 4 -16 16 4 2

4 16 11.3841 24 -2.61594 11.3841 20 -2.61594 16 4 2 16 24 2

2 24 2.61594 24 -11.3841 -2 24 -16

2 24 -2 24 -16 -2 4 -16

2 24 -2 4 -16 16 4 2

2 24 16 4 2 16 24 2

2 24 16 24 2 11.3841 24 -2.61594

1 16 0 4 0 4 0 0 0 -1 0 0 0 -4 1-4ndis.dat

3 16 4 4 -4 -2 4 -16 -2 4 -4

3 16 4 4 -4 16 4 2 -2 4 -16

3 16 4 4 -4 4 4 2 16 4 2

0 BFC INVERTNEXT

1 16 10 24 10 0 0 6 0 -20 0 6 0 0 box5.dat



1 16 -10 24 -10 0 0 -10 0 -24 0 -10 0 0 box4-4a.dat

3 16 0 0 0 0 0 -20 20 0 0

2 24 0 0 -20 20 0 0

2 24 0 0 0 0 24 0

1 16 10 24 10 -10 0 0 0 -24 0 0 0 10 box4-4a.dat



4 16 0 24 -20 5.61594 24 -14.3841 5.61594 20 -14.3841 0 0 -20

4 16 5.61594 20 -14.3841 14.3841 20 -5.61594 20 0 0 0 0 -20

4 16 14.3841 24 -5.61594 20 24 0 20 0 0 14.3841 20 -5.61594

2 24 0 0 -20 0 24 -20

2 24 0 24 -20 5.61594 24 -14.3841

2 24 14.3841 24 -5.61594 20 24 0

2 24 20 24 0 20 0 0



1 16 -10 0 -10 0 0 -1 0 1 0 1 0 0 stud.dat

1 16 10 0 10 0 0 -1 0 1 0 1 0 0 stud.dat

0 NOFILE

0 FILE 60477.dat
0 Slope Brick 18  4 x  1

0 Name: 60477.dat

0 Author: J.C. Tchang [tchang]

0 !LDRAW_ORG Part UPDATE 2010-02

0 !LICENSE Licensed under CC BY 4.0 : see CAreadme.txt



0 BFC CERTIFY CCW



0 !HISTORY 2010-07-05 [PTadmin] Official Update 2010-02





1 16 0 0 0 1 0 0 0 1 0 0 0 1 s__60477s01.dat

4 16 10 0 -10 -10 0 -10 -10 20 -70 10 20 -70

0

0 NOFILE

0 FILE s__60477s01.dat
0 ~Slope Brick 18  4 x  1 without Front Face

0 Name: s\60477s01.dat

0 Author: J.C. Tchang [tchang]

0 !LDRAW_ORG Subpart UPDATE 2025-09

0 !LICENSE Licensed under CC BY 4.0 : see CAreadme.txt



0 BFC CERTIFY CCW



0 !HISTORY 2010-07-05 [PTadmin] Official Update 2010-02

0 !HISTORY 2025-09-27 [OrionP] Changed winding to CCW

0 !HISTORY 2025-09-29 [OrionP] Official Update 2025-09



2 24 -6 24 6 -6 24 -66

2 24 6 24 -66 6 24 6

2 24 -10 24 10 -10 24 -70

2 24 10 24 -70 10 24 10

4 16 -10 24 10 -6 24 6 -6 24 -66 -10 24 -70

4 16 10 24 -70 6 24 -66 6 24 6 10 24 10

4 16 10 24 10 6 24 6 -6 24 6 -10 24 10

4 16 -10 24 -70 -6 24 -66 6 24 -66 10 24 -70

0 //

0 BFC INVERTNEXT

1 16 0 14 -2 6 0 0 0 -10 0 0 0 8 box2-5.dat

0 BFC INVERTNEXT

1 16 0 22 -62 6 0 0 0 -2 0 0 0 -4 box2-5.dat

1 16 0 12 -34 0 0 6 -8 -1 0 24 0 0 rect2p.dat

0 //

1 16 0 5.3333 -10 -1 0 0 0 -4.6666 0 0 0 1 stud3a.dat

1 16 0 4 -10 -4 0 0 0 1.3333 0 0 0 4 2-4cyli.dat

1 16 0 5.3333 -10 0 0 4 0 -1.3333 0 -4 0 0 1-4cyls.dat

1 16 0 5.3333 -10 0 0 -4 0 -1.3333 0 -4 0 0 1-4cyls.dat

1 16 0 4 -10 4 0 0 0 1 1.3333 0 0 -4 2-4edge.dat

1 16 0 4 -10 4 0 0 0 1 0 0 0 4 2-4edge.dat

1 16 0 12 -30 -1 0 0 0 -3 0 0 0 1 stud3a.dat

1 16 0 12 -30 0 0 -4 0 -1.3333 0 -4 0 0 4-4cyls.dat

1 16 0 10.6667 -30 4 0 0 0 1 1.3333 0 0 -4 4-4edge.dat

1 16 0 18.6667 -50 -1 0 0 0 -1.3333 0 0 0 1 stud3a.dat

1 16 0 18.6667 -50 0 0 -4 0 -1.3333 0 -4 0 0 4-4cyls.dat

1 16 0 17.3333 -50 4 0 0 0 1 1.3333 0 0 -4 4-4edge.dat

4 16 6 20 -58 6 24 6 6 24 -66 6 20 -66

4 16 6 24 6 6 20 -58 6 4 -10 6 4 6

4 16 -6 20 -66 -6 24 -66 -6 24 6 -6 20 -58

4 16 -6 4 6 -6 4 -10 -6 20 -58 -6 24 6

0 //

1 16 0 12 0 10 0 0 0 -12 0 0 0 10 box2-5.dat

1 16 0 22 -70 10 0 0 0 0 2 0 1 0 rect.dat

2 24 -10 0 -10 -10 20 -70

2 24 10 0 -10 10 20 -70

4 16 10 24 10 10 0 10 10 20 -70 10 24 -70

3 16 10 0 10 10 0 -10 10 20 -70

4 16 -10 24 10 -10 24 -70 -10 20 -70 -10 0 10

3 16 -10 0 10 -10 20 -70 -10 0 -10

1 16 0 0 0 0 0 1 0 1 0 -1 0 0 stud.dat

0 //
0 NOFILE

0 FILE 30363.dat
0 Slope Brick 18  4 x  2

0 Name: 30363.dat

0 Author: John Van Zwieten [jvan]

0 !LDRAW_ORG Part UPDATE 2004-04

0 !LICENSE Licensed under CC BY 2.0 and CC BY 4.0 : see CAreadme.txt



0 BFC CERTIFY CCW



0 !HISTORY 1999-12-31 [PTadmin] Official Update 1999-06

0 !HISTORY 2003-07-22 [jriley] Subfiled most of part

0 !HISTORY 2004-11-06 [PTadmin] Official Update 2004-04

0 !HISTORY 2007-06-07 [PTadmin] Header formatted for Contributor Agreement

0 !HISTORY 2008-07-01 [PTadmin] Official Update 2008-01





1 16 0 0 0 1 0 0 0 1 0 0 0 1 s__30363s01.dat

4 16 20 0 -10 -20 0 -10 -20 20 -70 20 20 -70

0

0 NOFILE

0 FILE s__30363s01.dat
0 ~Slope Brick 18  4 x  2 without Top Face

0 Name: s\30363s01.dat

0 Author: John Riley [jriley]

0 !LDRAW_ORG Subpart UPDATE 2025-09

0 !LICENSE Licensed under CC BY 2.0 and CC BY 4.0 : see CAreadme.txt



0 BFC CERTIFY CCW



0 !HISTORY 2003-06-30 [jriley] Separated subpart out for use with patterned pieces

0 !HISTORY 2004-11-06 [PTadmin] Official Update 2004-04

0 !HISTORY 2007-08-30 [PTadmin] Header formatted for Contributor Agreement

0 !HISTORY 2008-07-01 [PTadmin] Official Update 2008-01

0 !HISTORY 2008-09-24 [mkennedy] Used stud4s primitives, boxes, and rects

0 !HISTORY 2008-11-28 [tchang] Add 2 lines

0 !HISTORY 2009-12-29 [PTadmin] Official Update 2009-03

0 !HISTORY 2025-09-27 [OrionP] Changed winding to CCW

0 !HISTORY 2025-09-29 [OrionP] Official Update 2025-09



1 16 0 6.667 -10 1 0 0 0 -4.333 0 0 0 1 stud4a.dat

1 16 0 4 -10 6 0 0 0 1 0 0 0 6 2-4edge.dat

1 16 0 4 -10 6 0 0 0 1 2 0 0 -6 2-4edge.dat

1 16 0 4 -10 8 0 0 0 1 0 0 0 8 2-4edge.dat

1 16 0 4 -10 8 0 0 0 1 2.667 0 0 -8 2-4edge.dat

0 BFC INVERTNEXT

1 16 0 6 -10 0 0 6 0 -2 0 -6 0 0 1-4cyls.dat

0 BFC INVERTNEXT

1 16 0 6 -10 0 0 -6 0 -2 0 -6 0 0 1-4cyls.dat

0 BFC INVERTNEXT

1 16 0 4 -10 6 0 0 0 2 0 0 0 6 2-4cyli.dat

0 BFC INVERTNEXT

1 16 0 6 -10 6 0 0 0 .667 0 0 0 6 4-4cyli.dat

1 16 0 6.667 -10 0 0 8 0 -2.667 0 -8 0 0 1-4cyls.dat

1 16 0 6.667 -10 0 0 -8 0 -2.667 0 -8 0 0 1-4cyls.dat

1 16 0 4 -10 8 0 0 0 2.667 0 0 0 8 2-4cyli.dat

1 16 0 13.334 -30 0 0 1 0 2.667 0 -1 0 0 stud4s.dat

1 16 0 13.344 -30 1 0 0 0 -2.656 0 0 0 1 stud4a.dat

1 16 0 20 -50 0 0 1 0 2.667 0 -1 0 0 stud4s.dat

1 16 0 20 -50 1 0 0 0 -1 0 0 0 1 stud4a.dat

2 24 -16 24 6 -16 24 -66

2 24 16 24 -66 16 24 6

2 24 -20 24 10 -20 24 -70

2 24 20 24 -70 20 24 10

4 16 20 24 10 16 24 6 -16 24 6 -20 24 10

4 16 -20 24 10 -16 24 6 -16 24 -66 -20 24 -70

4 16 -20 24 -70 -16 24 -66 16 24 -66 20 24 -70

4 16 20 24 -70 16 24 -66 16 24 6 20 24 10

1 16 0 12 0 20 0 0 0 -12 0 0 0 10 box2-5.dat

0 BFC INVERTNEXT

1 16 0 14 -2 16 0 0 0 -10 0 0 0 8 box2-5.dat

1 16 0 22 -70 20 0 0 0 0 2 0 1 0 rect.dat

4 16 20 24 10 20 0 10 20 20 -70 20 24 -70

3 16 20 0 10 20 0 -10 20 20 -70

4 16 -20 24 10 -20 24 -70 -20 20 -70 -20 0 10

3 16 -20 0 10 -20 20 -70 -20 0 -10

4 16 16 24 6 16 20 -58 16 4 -10 16 4 6

4 16 16 20 -58 16 24 6 16 24 -66 16 20 -66

4 16 -16 4 6 -16 4 -10 -16 20 -58 -16 24 6

4 16 -16 20 -66 -16 24 -66 -16 24 6 -16 20 -58

0 BFC INVERTNEXT

1 16 0 22 -66 16 0 0 0 0 2 0 1 0 rect.dat

1 16 0 12 -38 16 0 0 0 8 0 0 -24 4 box2-7.dat

1 16 -10 0 0 0 0 1 0 1 0 -1 0 0 stud.dat

1 16 10 0 0 0 0 1 0 1 0 -1 0 0 stud.dat

0

2 24 20 0 -10 20 20 -70

2 24 -20 0 -10 -20 20 -70

0
0 NOFILE

0 FILE stud4s.dat
0 Stud Tube Open Sloped

0 Name: stud4s.dat

0 Author: Willy Tschager [Holly-Wood]

0 !LDRAW_ORG Primitive UPDATE 2024-01

0 !LICENSE Licensed under CC BY 4.0 : see CAreadme.txt



0 !HELP For use between a stud4a and a sloped surface. It is enough

0 !HELP to know coordinates Y of the centre and that of the outside

0 !HELP circle. The difference of both coordinates is the height of

0 !HELP the primitive to be applied. Finally, this primitive can be

0 !HELP used with all the parts sloped using a STUD4A. H = Y center

0 !HELP sloped - Y common border.



0 BFC CERTIFY CCW



0 !HISTORY 2009-09-03 [PTadmin] Official Update 2009-02

0 !HISTORY 2024-01-18 [Holly-Wood] Complete rewrite, original by guyvivan

0 !HISTORY 2024-01-29 [OrionP] Official Update 2024-01



0 // Edges

1 16 0 -1 0 6 0 0 0.75 1 0 0 0 6 4-4edge.dat

1 16 0 -1 0 8 0 0 1 1 0 0 0 8 4-4edge.dat



0 // Faces

0 BFC INVERTNEXT

1 16 0 0 0 6 0 0 0 -0.25 0 0 0 6 4-4cyli.dat

0 BFC INVERTNEXT

1 16 0 -0.25 0 6 0 0 0 -0.75 0 0 0 6 4-4cyls.dat

1 16 0 0 0 8 0 0 0 -1 0 0 0 8 4-4cyls.dat

0 NOFILE
