0 FILE bziichristmasv4-copy-main.ldr
0 
0 Name:  BZIIChristmasV4_Copy
0 Author:  
0 CustomBrick
0 FlexibleBrickControlPointUnitLength -1
1 8 220.000000 -8.000000 -220.000000 1.000000 0.000000 0.000000 0.000000 1.000000 0.000000 0.000000 0.000000 1.000000 3811.dat
1 15 50.000000 -88.000000 -30.000000 1.000000 0.000000 0.000000 0.000000 1.000000 0.000000 0.000000 0.000000 1.000000 3685.dat
1 15 100.000000 -88.000000 10.000000 1.000000 0.000000 0.000000 0.000000 1.000000 0.000000 0.000000 0.000000 1.000000 3684a.dat
1 15 140.000000 -88.000000 10.000000 1.000000 0.000000 0.000000 0.000000 1.000000 0.000000 0.000000 0.000000 1.000000 3684a.dat
1 15 170.000000 -88.000000 10.000000 1.000000 0.000000 0.000000 0.000000 1.000000 0.000000 0.000000 0.000000 1.000000 4460b.dat
1 15 210.000000 -88.000000 -30.000000 0.000000 0.000000 1.000000 0.000000 1.000000 0.000000 -1.000000 0.000000 0.000000 3685.dat
1 15 250.000000 -88.000000 -110.000000 0.000000 0.000000 1.000000 0.000000 1.000000 0.000000 -1.000000 0.000000 0.000000 3685.dat
1 15 240.000000 -40.000000 -20.000000 0.000000 0.000000 1.000000 0.000000 1.000000 0.000000 -1.000000 0.000000 0.000000 3001.dat
1 15 240.000000 -64.000000 -20.000000 0.000000 0.000000 1.000000 0.000000 1.000000 0.000000 -1.000000 0.000000 0.000000 3001.dat
1 15 240.000000 -88.000000 -20.000000 0.000000 0.000000 1.000000 0.000000 1.000000 0.000000 -1.000000 0.000000 0.000000 3001.dat
1 15 200.000000 -40.000000 20.000000 0.000000 0.000000 1.000000 0.000000 1.000000 0.000000 -1.000000 0.000000 0.000000 3001.dat
1 15 200.000000 -88.000000 20.000000 0.000000 0.000000 1.000000 0.000000 1.000000 0.000000 -1.000000 0.000000 0.000000 3001.dat
1 15 60.000000 -40.000000 20.000000 0.000000 0.000000 1.000000 0.000000 1.000000 0.000000 -1.000000 0.000000 0.000000 3001.dat
1 15 60.000000 -64.000000 20.000000 0.000000 0.000000 1.000000 0.000000 1.000000 0.000000 -1.000000 0.000000 0.000000 3001.dat
1 15 60.000000 -88.000000 20.000000 0.000000 0.000000 1.000000 0.000000 1.000000 0.000000 -1.000000 0.000000 0.000000 3001.dat
1 15 -70.000000 -88.000000 -30.000000 0.000000 0.000000 1.000000 0.000000 1.000000 0.000000 -1.000000 0.000000 0.000000 3685.dat
1 15 -20.000000 -88.000000 -50.000000 1.000000 0.000000 0.000000 0.000000 1.000000 0.000000 0.000000 0.000000 1.000000 3684a.dat
1 15 30.000000 -88.000000 -30.000000 1.000000 0.000000 0.000000 0.000000 1.000000 0.000000 0.000000 0.000000 1.000000 4460b.dat
1 15 -70.000000 -88.000000 -10.000000 0.000000 0.000000 1.000000 0.000000 1.000000 0.000000 -1.000000 0.000000 0.000000 4460b.dat
1 15 -20.000000 -40.000000 40.000000 0.000000 0.000000 1.000000 0.000000 1.000000 0.000000 -1.000000 0.000000 0.000000 2456.dat
1 15 20.000000 -40.000000 40.000000 0.000000 0.000000 1.000000 0.000000 1.000000 0.000000 -1.000000 0.000000 0.000000 2456.dat
1 15 -20.000000 -64.000000 40.000000 0.000000 0.000000 1.000000 0.000000 1.000000 0.000000 -1.000000 0.000000 0.000000 2456.dat
1 15 20.000000 -64.000000 40.000000 0.000000 0.000000 1.000000 0.000000 1.000000 0.000000 -1.000000 0.000000 0.000000 2456.dat
1 15 -20.000000 -88.000000 40.000000 0.000000 0.000000 1.000000 0.000000 1.000000 0.000000 -1.000000 0.000000 0.000000 2456.dat
1 15 20.000000 -88.000000 40.000000 0.000000 0.000000 1.000000 0.000000 1.000000 0.000000 -1.000000 0.000000 0.000000 2456.dat
1 15 -80.000000 -88.000000 80.000000 0.000000 0.000000 -1.000000 0.000000 1.000000 0.000000 1.000000 0.000000 0.000000 3003.dat
1 15 -80.000000 -88.000000 30.000000 0.000000 0.000000 -1.000000 0.000000 1.000000 0.000000 1.000000 0.000000 0.000000 3002.dat
1 15 -80.000000 -64.000000 70.000000 0.000000 0.000000 -1.000000 0.000000 1.000000 0.000000 1.000000 0.000000 0.000000 3002.dat
1 15 -80.000000 -64.000000 20.000000 0.000000 0.000000 -1.000000 0.000000 1.000000 0.000000 1.000000 0.000000 0.000000 3003.dat
1 15 -80.000000 -40.000000 80.000000 0.000000 0.000000 -1.000000 0.000000 1.000000 0.000000 1.000000 0.000000 0.000000 3003.dat
1 15 -80.000000 -40.000000 30.000000 0.000000 0.000000 -1.000000 0.000000 1.000000 0.000000 1.000000 0.000000 0.000000 3002.dat
1 15 -50.000000 -40.000000 40.000000 0.000000 0.000000 1.000000 0.000000 1.000000 0.000000 -1.000000 0.000000 0.000000 3009.dat
1 15 -50.000000 -64.000000 40.000000 0.000000 0.000000 1.000000 0.000000 1.000000 0.000000 -1.000000 0.000000 0.000000 3009.dat
1 15 -50.000000 -88.000000 40.000000 0.000000 0.000000 1.000000 0.000000 1.000000 0.000000 -1.000000 0.000000 0.000000 3009.dat
1 15 160.000000 -40.000000 60.000000 0.000000 0.000000 1.000000 0.000000 1.000000 0.000000 -1.000000 0.000000 0.000000 3001.dat
1 15 160.000000 -64.000000 60.000000 0.000000 0.000000 1.000000 0.000000 1.000000 0.000000 -1.000000 0.000000 0.000000 3001.dat
1 15 160.000000 -88.000000 60.000000 0.000000 0.000000 1.000000 0.000000 1.000000 0.000000 -1.000000 0.000000 0.000000 3001.dat
1 15 120.000000 -40.000000 60.000000 0.000000 0.000000 1.000000 0.000000 1.000000 0.000000 -1.000000 0.000000 0.000000 3001.dat
1 15 120.000000 -64.000000 60.000000 0.000000 0.000000 1.000000 0.000000 1.000000 0.000000 -1.000000 0.000000 0.000000 3001.dat
1 15 120.000000 -88.000000 60.000000 0.000000 0.000000 1.000000 0.000000 1.000000 0.000000 -1.000000 0.000000 0.000000 3001.dat
1 15 70.000000 -40.000000 80.000000 1.000000 0.000000 0.000000 0.000000 1.000000 0.000000 0.000000 0.000000 1.000000 3002.dat
1 15 70.000000 -64.000000 80.000000 1.000000 0.000000 0.000000 0.000000 1.000000 0.000000 0.000000 0.000000 1.000000 3002.dat
1 15 70.000000 -88.000000 80.000000 1.000000 0.000000 0.000000 0.000000 1.000000 0.000000 0.000000 0.000000 1.000000 3002.dat
1 15 90.000000 -40.000000 40.000000 0.000000 0.000000 1.000000 0.000000 1.000000 0.000000 -1.000000 0.000000 0.000000 3004.dat
1 15 90.000000 -64.000000 40.000000 0.000000 0.000000 1.000000 0.000000 1.000000 0.000000 -1.000000 0.000000 0.000000 3004.dat
1 15 90.000000 -88.000000 40.000000 0.000000 0.000000 1.000000 0.000000 1.000000 0.000000 -1.000000 0.000000 0.000000 3004.dat
1 15 250.000000 -88.000000 -80.000000 0.000000 0.000000 1.000000 0.000000 1.000000 0.000000 -1.000000 0.000000 0.000000 3684a.dat
1 15 390.000000 -88.000000 -110.000000 1.000000 0.000000 0.000000 0.000000 1.000000 0.000000 0.000000 0.000000 1.000000 4460b.dat
1 15 420.000000 -88.000000 -110.000000 1.000000 0.000000 0.000000 0.000000 1.000000 0.000000 0.000000 0.000000 1.000000 3684a.dat
1 15 450.000000 -88.000000 -110.000000 1.000000 0.000000 0.000000 0.000000 1.000000 0.000000 0.000000 0.000000 1.000000 3685.dat
1 15 490.000000 -88.000000 -70.000000 1.000000 0.000000 0.000000 0.000000 1.000000 0.000000 0.000000 0.000000 1.000000 3685.dat
1 15 510.000000 -88.000000 -50.000000 0.000000 0.000000 -1.000000 0.000000 1.000000 0.000000 1.000000 0.000000 0.000000 4460b.dat
1 15 320.000000 -40.000000 -100.000000 1.000000 0.000000 0.000000 0.000000 1.000000 0.000000 0.000000 0.000000 1.000000 2456.dat
1 15 320.000000 -64.000000 -100.000000 1.000000 0.000000 0.000000 0.000000 1.000000 0.000000 0.000000 0.000000 1.000000 2456.dat
1 15 320.000000 -88.000000 -100.000000 1.000000 0.000000 0.000000 0.000000 1.000000 0.000000 0.000000 0.000000 1.000000 2456.dat
1 15 320.000000 -40.000000 -60.000000 1.000000 0.000000 0.000000 0.000000 1.000000 0.000000 0.000000 0.000000 1.000000 2456.dat
1 15 320.000000 -64.000000 -60.000000 1.000000 0.000000 0.000000 0.000000 1.000000 0.000000 0.000000 0.000000 1.000000 2456.dat
1 15 320.000000 -88.000000 -60.000000 1.000000 0.000000 0.000000 0.000000 1.000000 0.000000 0.000000 0.000000 1.000000 2456.dat
1 15 320.000000 -40.000000 -20.000000 1.000000 0.000000 0.000000 0.000000 1.000000 0.000000 0.000000 0.000000 1.000000 2456.dat
1 15 360.000000 -64.000000 20.000000 0.000000 0.000000 -1.000000 0.000000 1.000000 0.000000 1.000000 0.000000 0.000000 2456.dat
1 15 320.000000 -88.000000 -20.000000 1.000000 0.000000 0.000000 0.000000 1.000000 0.000000 0.000000 0.000000 1.000000 2456.dat
1 15 320.000000 -40.000000 20.000000 1.000000 0.000000 0.000000 0.000000 1.000000 0.000000 0.000000 0.000000 1.000000 2456.dat
1 15 320.000000 -64.000000 20.000000 0.000000 0.000000 -1.000000 0.000000 1.000000 0.000000 1.000000 0.000000 0.000000 2456.dat
1 15 320.000000 -88.000000 20.000000 1.000000 0.000000 0.000000 0.000000 1.000000 0.000000 0.000000 0.000000 1.000000 2456.dat
1 15 320.000000 -40.000000 60.000000 1.000000 0.000000 0.000000 0.000000 1.000000 0.000000 0.000000 0.000000 1.000000 2456.dat
1 15 280.000000 -64.000000 20.000000 0.000000 0.000000 -1.000000 0.000000 1.000000 0.000000 1.000000 0.000000 0.000000 2456.dat
1 15 320.000000 -88.000000 60.000000 1.000000 0.000000 0.000000 0.000000 1.000000 0.000000 0.000000 0.000000 1.000000 2456.dat
1 15 200.000000 -64.000000 20.000000 0.000000 0.000000 1.000000 0.000000 1.000000 0.000000 -1.000000 0.000000 0.000000 3001.dat
1 15 220.000000 -40.000000 80.000000 1.000000 0.000000 0.000000 0.000000 1.000000 0.000000 0.000000 0.000000 1.000000 3001.dat
1 15 220.000000 -88.000000 80.000000 1.000000 0.000000 0.000000 0.000000 1.000000 0.000000 0.000000 0.000000 1.000000 3001.dat
1 15 220.000000 -64.000000 80.000000 1.000000 0.000000 0.000000 0.000000 1.000000 0.000000 0.000000 0.000000 1.000000 3001.dat
1 15 240.000000 -40.000000 40.000000 0.000000 0.000000 1.000000 0.000000 1.000000 0.000000 -1.000000 0.000000 0.000000 3003.dat
1 15 240.000000 -64.000000 40.000000 0.000000 0.000000 1.000000 0.000000 1.000000 0.000000 -1.000000 0.000000 0.000000 3003.dat
1 15 240.000000 -88.000000 40.000000 0.000000 0.000000 1.000000 0.000000 1.000000 0.000000 -1.000000 0.000000 0.000000 3003.dat
1 15 320.000000 -40.000000 90.000000 1.000000 0.000000 0.000000 0.000000 1.000000 0.000000 0.000000 0.000000 1.000000 3009.dat
1 15 320.000000 -64.000000 90.000000 1.000000 0.000000 0.000000 0.000000 1.000000 0.000000 0.000000 0.000000 1.000000 3009.dat
1 15 320.000000 -88.000000 90.000000 1.000000 0.000000 0.000000 0.000000 1.000000 0.000000 0.000000 0.000000 1.000000 3009.dat
1 15 430.000000 -40.000000 -40.000000 0.000000 0.000000 -1.000000 0.000000 1.000000 0.000000 1.000000 0.000000 0.000000 3009.dat
1 15 460.000000 -40.000000 -40.000000 0.000000 0.000000 -1.000000 0.000000 1.000000 0.000000 1.000000 0.000000 0.000000 2456.dat
1 15 450.000000 -64.000000 -80.000000 1.000000 0.000000 0.000000 0.000000 1.000000 0.000000 0.000000 0.000000 1.000000 3002.dat
1 15 450.000000 -64.000000 -40.000000 1.000000 0.000000 0.000000 0.000000 1.000000 0.000000 0.000000 0.000000 1.000000 3002.dat
1 15 450.000000 -64.000000 0.000000 1.000000 0.000000 0.000000 0.000000 1.000000 0.000000 0.000000 0.000000 1.000000 3002.dat
1 15 400.000000 -40.000000 -40.000000 0.000000 0.000000 -1.000000 0.000000 1.000000 0.000000 1.000000 0.000000 0.000000 2456.dat
1 15 400.000000 -64.000000 -40.000000 0.000000 0.000000 -1.000000 0.000000 1.000000 0.000000 1.000000 0.000000 0.000000 2456.dat
1 15 430.000000 -88.000000 -40.000000 0.000000 0.000000 -1.000000 0.000000 1.000000 0.000000 1.000000 0.000000 0.000000 3009.dat
1 15 460.000000 -88.000000 -40.000000 0.000000 0.000000 -1.000000 0.000000 1.000000 0.000000 1.000000 0.000000 0.000000 2456.dat
1 15 400.000000 -88.000000 -40.000000 0.000000 0.000000 -1.000000 0.000000 1.000000 0.000000 1.000000 0.000000 0.000000 2456.dat
1 15 400.000000 -40.000000 60.000000 0.000000 0.000000 -1.000000 0.000000 1.000000 0.000000 1.000000 0.000000 0.000000 3001.dat
1 15 440.000000 -40.000000 60.000000 0.000000 0.000000 -1.000000 0.000000 1.000000 0.000000 1.000000 0.000000 0.000000 3001.dat
1 15 480.000000 -40.000000 60.000000 0.000000 0.000000 -1.000000 0.000000 1.000000 0.000000 1.000000 0.000000 0.000000 3001.dat
1 15 520.000000 -40.000000 60.000000 0.000000 0.000000 -1.000000 0.000000 1.000000 0.000000 1.000000 0.000000 0.000000 3001.dat
1 15 400.000000 -88.000000 60.000000 0.000000 0.000000 -1.000000 0.000000 1.000000 0.000000 1.000000 0.000000 0.000000 3001.dat
1 15 440.000000 -88.000000 60.000000 0.000000 0.000000 -1.000000 0.000000 1.000000 0.000000 1.000000 0.000000 0.000000 3001.dat
1 15 480.000000 -88.000000 60.000000 0.000000 0.000000 -1.000000 0.000000 1.000000 0.000000 1.000000 0.000000 0.000000 3001.dat
1 15 520.000000 -88.000000 60.000000 0.000000 0.000000 -1.000000 0.000000 1.000000 0.000000 1.000000 0.000000 0.000000 3001.dat
1 15 460.000000 -64.000000 90.000000 -1.000000 0.000000 0.000000 0.000000 1.000000 0.000000 0.000000 0.000000 -1.000000 3008.dat
1 15 460.000000 -64.000000 30.000000 -1.000000 0.000000 0.000000 0.000000 1.000000 0.000000 0.000000 0.000000 -1.000000 3008.dat
1 15 460.000000 -64.000000 70.000000 -1.000000 0.000000 0.000000 0.000000 1.000000 0.000000 0.000000 0.000000 -1.000000 3008.dat
1 15 460.000000 -64.000000 50.000000 -1.000000 0.000000 0.000000 0.000000 1.000000 0.000000 0.000000 0.000000 -1.000000 3008.dat
1 15 490.000000 -40.000000 -20.000000 0.000000 0.000000 -1.000000 0.000000 1.000000 0.000000 1.000000 0.000000 0.000000 3010.dat
1 15 490.000000 -64.000000 -20.000000 0.000000 0.000000 -1.000000 0.000000 1.000000 0.000000 1.000000 0.000000 0.000000 3010.dat
1 15 490.000000 -88.000000 -20.000000 0.000000 0.000000 -1.000000 0.000000 1.000000 0.000000 1.000000 0.000000 0.000000 3010.dat
1 15 520.000000 -40.000000 -10.000000 0.000000 0.000000 -1.000000 0.000000 1.000000 0.000000 1.000000 0.000000 0.000000 3002.dat
1 15 520.000000 -64.000000 -10.000000 0.000000 0.000000 -1.000000 0.000000 1.000000 0.000000 1.000000 0.000000 0.000000 3002.dat
1 15 520.000000 -88.000000 -10.000000 0.000000 0.000000 -1.000000 0.000000 1.000000 0.000000 1.000000 0.000000 0.000000 3002.dat
1 15 340.000000 -112.000000 -110.000000 1.000000 0.000000 0.000000 0.000000 1.000000 0.000000 0.000000 0.000000 1.000000 3039.dat
1 15 300.000000 -112.000000 -110.000000 1.000000 0.000000 0.000000 0.000000 1.000000 0.000000 0.000000 0.000000 1.000000 3039.dat
1 15 270.000000 -96.000000 -110.000000 -1.000000 0.000000 0.000000 0.000000 1.000000 0.000000 0.000000 0.000000 -1.000000 2420.dat
1 15 270.000000 -96.000000 -130.000000 1.000000 0.000000 0.000000 0.000000 1.000000 0.000000 0.000000 0.000000 1.000000 54200.dat
1 15 250.000000 -96.000000 -110.000000 0.000000 0.000000 1.000000 0.000000 1.000000 0.000000 -1.000000 0.000000 0.000000 54200.dat
1 15 270.000000 -104.000000 -110.000000 -1.000000 0.000000 0.000000 0.000000 1.000000 0.000000 0.000000 0.000000 -1.000000 3024.dat
1 15 270.000000 -112.000000 -80.000000 0.000000 0.000000 1.000000 0.000000 1.000000 0.000000 -1.000000 0.000000 0.000000 3039.dat
1 15 250.000000 -112.000000 -30.000000 0.000000 0.000000 1.000000 0.000000 1.000000 0.000000 -1.000000 0.000000 0.000000 3046.dat
1 15 210.000000 -112.000000 -10.000000 1.000000 0.000000 0.000000 0.000000 1.000000 0.000000 0.000000 0.000000 1.000000 3040b.dat
1 15 190.000000 -136.000000 10.000000 1.000000 0.000000 0.000000 0.000000 1.000000 0.000000 0.000000 0.000000 1.000000 60481.dat
1 15 160.000000 -136.000000 30.000000 1.000000 0.000000 0.000000 0.000000 1.000000 0.000000 0.000000 0.000000 1.000000 3678b.dat
1 15 120.000000 -136.000000 30.000000 1.000000 0.000000 0.000000 0.000000 1.000000 0.000000 0.000000 0.000000 1.000000 3678b.dat
1 15 -50.000000 -88.000000 -30.000000 1.000000 0.000000 0.000000 0.000000 1.000000 0.000000 0.000000 0.000000 1.000000 4460b.dat
1 15 10.000000 -88.000000 -50.000000 1.000000 0.000000 0.000000 0.000000 1.000000 0.000000 0.000000 0.000000 1.000000 4460b.dat
1 15 -10.000000 -40.000000 -30.000000 1.000000 0.000000 0.000000 0.000000 1.000000 0.000000 0.000000 0.000000 1.000000 3622.dat
1 15 -10.000000 -64.000000 -30.000000 1.000000 0.000000 0.000000 0.000000 1.000000 0.000000 0.000000 0.000000 1.000000 3622.dat
1 15 -10.000000 -88.000000 -30.000000 1.000000 0.000000 0.000000 0.000000 1.000000 0.000000 0.000000 0.000000 1.000000 3622.dat
1 15 30.000000 -136.000000 -10.000000 1.000000 0.000000 0.000000 0.000000 1.000000 0.000000 0.000000 0.000000 1.000000 78886.dat
1 15 0.000000 -136.000000 -30.000000 1.000000 0.000000 0.000000 0.000000 1.000000 0.000000 0.000000 0.000000 1.000000 3678b.dat
1 15 -30.000000 -136.000000 -30.000000 1.000000 0.000000 0.000000 0.000000 1.000000 0.000000 0.000000 0.000000 1.000000 60481.dat
1 15 -50.000000 -136.000000 -10.000000 0.000000 0.000000 1.000000 0.000000 1.000000 0.000000 -1.000000 0.000000 0.000000 78886.dat
1 15 -70.000000 -136.000000 20.000000 0.000000 0.000000 1.000000 0.000000 1.000000 0.000000 -1.000000 0.000000 0.000000 3678b.dat
1 15 -80.000000 -112.000000 70.000000 0.000000 0.000000 1.000000 0.000000 1.000000 0.000000 -1.000000 0.000000 0.000000 3002.dat
1 15 -80.000000 -136.000000 70.000000 0.000000 0.000000 1.000000 0.000000 1.000000 0.000000 -1.000000 0.000000 0.000000 3002.dat
1 15 0.000000 -112.000000 40.000000 0.000000 0.000000 1.000000 0.000000 1.000000 0.000000 -1.000000 0.000000 0.000000 2456.dat
1 15 -20.000000 -136.000000 40.000000 0.000000 0.000000 1.000000 0.000000 1.000000 0.000000 -1.000000 0.000000 0.000000 2456.dat
1 15 10.000000 -136.000000 40.000000 0.000000 0.000000 1.000000 0.000000 1.000000 0.000000 -1.000000 0.000000 0.000000 3009.dat
1 15 -30.000000 -112.000000 40.000000 0.000000 0.000000 1.000000 0.000000 1.000000 0.000000 -1.000000 0.000000 0.000000 3009.dat
1 15 -50.000000 -112.000000 30.000000 0.000000 0.000000 1.000000 0.000000 1.000000 0.000000 -1.000000 0.000000 0.000000 3622.dat
1 15 -50.000000 -112.000000 80.000000 0.000000 0.000000 1.000000 0.000000 1.000000 0.000000 -1.000000 0.000000 0.000000 3004.dat
1 15 -50.000000 -136.000000 70.000000 0.000000 0.000000 1.000000 0.000000 1.000000 0.000000 -1.000000 0.000000 0.000000 3622.dat
1 15 -50.000000 -136.000000 20.000000 0.000000 0.000000 1.000000 0.000000 1.000000 0.000000 -1.000000 0.000000 0.000000 3004.dat
1 15 70.000000 -96.000000 -10.000000 0.000000 0.000000 1.000000 0.000000 1.000000 0.000000 -1.000000 0.000000 0.000000 3070b.dat
1 15 80.000000 -136.000000 30.000000 1.000000 0.000000 0.000000 0.000000 1.000000 0.000000 0.000000 0.000000 1.000000 3678b.dat
1 15 40.000000 -112.000000 30.000000 0.000000 0.000000 1.000000 0.000000 1.000000 0.000000 -1.000000 0.000000 0.000000 3002.dat
1 15 40.000000 -112.000000 80.000000 0.000000 0.000000 1.000000 0.000000 1.000000 0.000000 -1.000000 0.000000 0.000000 3003.dat
1 15 40.000000 -136.000000 70.000000 0.000000 0.000000 1.000000 0.000000 1.000000 0.000000 -1.000000 0.000000 0.000000 3002.dat
1 15 40.000000 -136.000000 20.000000 0.000000 0.000000 1.000000 0.000000 1.000000 0.000000 -1.000000 0.000000 0.000000 3003.dat
1 15 370.000000 -112.000000 -110.000000 1.000000 0.000000 0.000000 0.000000 1.000000 0.000000 0.000000 0.000000 1.000000 3040b.dat
1 15 400.000000 -112.000000 -90.000000 1.000000 0.000000 0.000000 0.000000 1.000000 0.000000 0.000000 0.000000 1.000000 3039.dat
1 15 450.000000 -112.000000 -70.000000 1.000000 0.000000 0.000000 0.000000 1.000000 0.000000 0.000000 0.000000 1.000000 13548.dat
1 15 430.000000 -112.000000 -90.000000 1.000000 0.000000 0.000000 0.000000 1.000000 0.000000 0.000000 0.000000 1.000000 3040b.dat
1 15 450.000000 -96.000000 -110.000000 1.000000 0.000000 0.000000 0.000000 1.000000 0.000000 0.000000 0.000000 1.000000 3070b.dat
1 15 490.000000 -96.000000 -70.000000 1.000000 0.000000 0.000000 0.000000 1.000000 0.000000 0.000000 0.000000 1.000000 3070b.dat
1 15 490.000000 -112.000000 -30.000000 1.000000 0.000000 0.000000 0.000000 1.000000 0.000000 0.000000 0.000000 1.000000 13548.dat
1 15 450.000000 -112.000000 -30.000000 1.000000 0.000000 0.000000 0.000000 1.000000 0.000000 0.000000 0.000000 1.000000 3046.dat
1 15 530.000000 -96.000000 -30.000000 1.000000 0.000000 0.000000 0.000000 1.000000 0.000000 0.000000 0.000000 1.000000 3070b.dat
1 15 510.000000 -112.000000 0.000000 0.000000 0.000000 -1.000000 0.000000 1.000000 0.000000 1.000000 0.000000 0.000000 3039.dat
1 15 520.000000 -112.000000 60.000000 0.000000 0.000000 -1.000000 0.000000 1.000000 0.000000 1.000000 0.000000 0.000000 3001.dat
1 15 380.000000 -112.000000 -20.000000 1.000000 0.000000 0.000000 0.000000 1.000000 0.000000 0.000000 0.000000 1.000000 2456.dat
1 15 380.000000 -112.000000 -60.000000 1.000000 0.000000 0.000000 0.000000 1.000000 0.000000 0.000000 0.000000 1.000000 2456.dat
1 15 300.000000 -112.000000 -60.000000 0.000000 0.000000 -1.000000 0.000000 1.000000 0.000000 1.000000 0.000000 0.000000 3001.dat
1 15 350.000000 -112.000000 -90.000000 1.000000 0.000000 0.000000 0.000000 1.000000 0.000000 0.000000 0.000000 1.000000 3622.dat
1 15 480.000000 -112.000000 10.000000 0.000000 0.000000 -1.000000 0.000000 1.000000 0.000000 1.000000 0.000000 0.000000 3002.dat
1 15 450.000000 -112.000000 10.000000 0.000000 0.000000 -1.000000 0.000000 1.000000 0.000000 1.000000 0.000000 0.000000 3622.dat
1 15 380.000000 -112.000000 20.000000 1.000000 0.000000 0.000000 0.000000 1.000000 0.000000 0.000000 0.000000 1.000000 2456.dat
1 15 300.000000 -112.000000 10.000000 0.000000 0.000000 -1.000000 0.000000 1.000000 0.000000 1.000000 0.000000 0.000000 3002.dat
1 15 240.000000 -112.000000 70.000000 0.000000 0.000000 -1.000000 0.000000 1.000000 0.000000 1.000000 0.000000 0.000000 3002.dat
1 15 270.000000 -112.000000 -20.000000 0.000000 0.000000 1.000000 0.000000 1.000000 0.000000 -1.000000 0.000000 0.000000 3010.dat
1 15 270.000000 -112.000000 60.000000 0.000000 0.000000 1.000000 0.000000 1.000000 0.000000 -1.000000 0.000000 0.000000 3010.dat
1 15 240.000000 -112.000000 10.000000 0.000000 0.000000 -1.000000 0.000000 1.000000 0.000000 1.000000 0.000000 0.000000 3002.dat
1 15 200.000000 -112.000000 70.000000 0.000000 0.000000 -1.000000 0.000000 1.000000 0.000000 1.000000 0.000000 0.000000 3002.dat
1 15 210.000000 -112.000000 30.000000 -1.000000 0.000000 0.000000 0.000000 1.000000 0.000000 0.000000 0.000000 -1.000000 2357.dat
1 15 120.000000 -112.000000 60.000000 1.000000 0.000000 0.000000 0.000000 1.000000 0.000000 0.000000 0.000000 1.000000 2456.dat
1 15 120.000000 -112.000000 90.000000 1.000000 0.000000 0.000000 0.000000 1.000000 0.000000 0.000000 0.000000 1.000000 3009.dat
1 15 340.000000 -112.000000 80.000000 1.000000 0.000000 0.000000 0.000000 1.000000 0.000000 0.000000 0.000000 1.000000 2456.dat
1 15 340.000000 -112.000000 50.000000 1.000000 0.000000 0.000000 0.000000 1.000000 0.000000 0.000000 0.000000 1.000000 3009.dat
1 15 440.000000 -112.000000 60.000000 1.000000 0.000000 0.000000 0.000000 1.000000 0.000000 0.000000 0.000000 1.000000 3001.dat
1 15 440.000000 -112.000000 90.000000 1.000000 0.000000 0.000000 0.000000 1.000000 0.000000 0.000000 0.000000 1.000000 3010.dat
1 15 490.000000 -112.000000 70.000000 0.000000 0.000000 -1.000000 0.000000 1.000000 0.000000 1.000000 0.000000 0.000000 3622.dat
1 15 340.000000 -184.000000 50.000000 1.000000 0.000000 0.000000 0.000000 1.000000 0.000000 0.000000 0.000000 1.000000 3678b.dat
1 15 240.000000 -184.000000 30.000000 1.000000 0.000000 0.000000 0.000000 1.000000 0.000000 0.000000 0.000000 1.000000 3678b.dat
1 15 270.000000 -184.000000 50.000000 1.000000 0.000000 0.000000 0.000000 1.000000 0.000000 0.000000 0.000000 1.000000 60481.dat
1 15 300.000000 -184.000000 50.000000 1.000000 0.000000 0.000000 0.000000 1.000000 0.000000 0.000000 0.000000 1.000000 3678b.dat
1 15 380.000000 -184.000000 50.000000 1.000000 0.000000 0.000000 0.000000 1.000000 0.000000 0.000000 0.000000 1.000000 3678b.dat
1 15 420.000000 -184.000000 30.000000 1.000000 0.000000 0.000000 0.000000 1.000000 0.000000 0.000000 0.000000 1.000000 3678b.dat
1 15 250.000000 -136.000000 30.000000 1.000000 0.000000 0.000000 0.000000 1.000000 0.000000 0.000000 0.000000 1.000000 3046.dat
1 15 220.000000 -136.000000 10.000000 1.000000 0.000000 0.000000 0.000000 1.000000 0.000000 0.000000 0.000000 1.000000 3039.dat
1 15 320.000000 -136.000000 30.000000 1.000000 0.000000 0.000000 0.000000 1.000000 0.000000 0.000000 0.000000 1.000000 3039.dat
1 15 290.000000 -136.000000 30.000000 1.000000 0.000000 0.000000 0.000000 1.000000 0.000000 0.000000 0.000000 1.000000 3040b.dat
1 15 360.000000 -136.000000 30.000000 1.000000 0.000000 0.000000 0.000000 1.000000 0.000000 0.000000 0.000000 1.000000 3298.dat
1 15 390.000000 -136.000000 30.000000 1.000000 0.000000 0.000000 0.000000 1.000000 0.000000 0.000000 0.000000 1.000000 60477.dat
1 15 420.000000 -136.000000 10.000000 1.000000 0.000000 0.000000 0.000000 1.000000 0.000000 0.000000 0.000000 1.000000 3298.dat
1 15 450.000000 -136.000000 10.000000 1.000000 0.000000 0.000000 0.000000 1.000000 0.000000 0.000000 0.000000 1.000000 3040b.dat
1 15 450.000000 -184.000000 30.000000 1.000000 0.000000 0.000000 0.000000 1.000000 0.000000 0.000000 0.000000 1.000000 60481.dat
1 15 430.000000 -136.000000 30.000000 1.000000 0.000000 0.000000 0.000000 1.000000 0.000000 0.000000 0.000000 1.000000 3622.dat
1 15 470.000000 -184.000000 30.000000 1.000000 0.000000 0.000000 0.000000 1.000000 0.000000 0.000000 0.000000 1.000000 3685.dat
1 15 510.000000 -184.000000 70.000000 1.000000 0.000000 0.000000 0.000000 1.000000 0.000000 0.000000 0.000000 1.000000 3685.dat
1 15 480.000000 -136.000000 90.000000 1.000000 0.000000 0.000000 0.000000 1.000000 0.000000 0.000000 0.000000 1.000000 3009.dat
1 15 460.000000 -136.000000 60.000000 1.000000 0.000000 0.000000 0.000000 1.000000 0.000000 0.000000 0.000000 1.000000 3001.dat
1 15 480.000000 -160.000000 70.000000 0.000000 0.000000 -1.000000 0.000000 1.000000 0.000000 1.000000 0.000000 0.000000 3002.dat
1 15 440.000000 -160.000000 70.000000 0.000000 0.000000 -1.000000 0.000000 1.000000 0.000000 1.000000 0.000000 0.000000 3002.dat
1 15 460.000000 -184.000000 60.000000 -1.000000 0.000000 0.000000 0.000000 1.000000 0.000000 0.000000 0.000000 -1.000000 3001.dat
1 15 520.000000 -160.000000 90.000000 1.000000 0.000000 0.000000 0.000000 1.000000 0.000000 0.000000 0.000000 1.000000 3004.dat
1 15 480.000000 -184.000000 90.000000 1.000000 0.000000 0.000000 0.000000 1.000000 0.000000 0.000000 0.000000 1.000000 3009.dat
1 15 510.000000 -120.000000 30.000000 0.000000 0.000000 1.000000 0.000000 1.000000 0.000000 -1.000000 0.000000 0.000000 14719.dat
1 15 450.000000 -120.000000 -30.000000 0.000000 0.000000 1.000000 0.000000 1.000000 0.000000 -1.000000 0.000000 0.000000 14719.dat
1 15 370.000000 -120.000000 -90.000000 0.000000 0.000000 1.000000 0.000000 1.000000 0.000000 -1.000000 0.000000 0.000000 14719.dat
1 15 290.000000 -120.000000 -90.000000 -1.000000 0.000000 0.000000 0.000000 1.000000 0.000000 0.000000 0.000000 -1.000000 14719.dat
1 15 270.000000 -120.000000 -50.000000 -1.000000 0.000000 0.000000 0.000000 1.000000 0.000000 0.000000 0.000000 -1.000000 14719.dat
1 15 330.000000 -120.000000 -100.000000 1.000000 0.000000 0.000000 0.000000 1.000000 0.000000 0.000000 0.000000 1.000000 26603.dat
1 15 410.000000 -120.000000 -70.000000 -1.000000 0.000000 0.000000 0.000000 1.000000 0.000000 0.000000 0.000000 -1.000000 14719.dat
1 15 320.000000 -120.000000 -40.000000 0.000000 0.000000 -1.000000 0.000000 1.000000 0.000000 1.000000 0.000000 0.000000 87079.dat
1 15 290.000000 -120.000000 -60.000000 0.000000 0.000000 -1.000000 0.000000 1.000000 0.000000 1.000000 0.000000 0.000000 3069b.dat
1 15 280.000000 -120.000000 -20.000000 0.000000 0.000000 -1.000000 0.000000 1.000000 0.000000 1.000000 0.000000 0.000000 3068b.dat
1 15 410.000000 -120.000000 -50.000000 1.000000 0.000000 0.000000 0.000000 1.000000 0.000000 0.000000 0.000000 1.000000 63864.dat
1 15 200.000000 -184.000000 30.000000 1.000000 0.000000 0.000000 0.000000 1.000000 0.000000 0.000000 0.000000 1.000000 3678b.dat
1 15 140.000000 -184.000000 50.000000 1.000000 0.000000 0.000000 0.000000 1.000000 0.000000 0.000000 0.000000 1.000000 3678b.dat
1 15 100.000000 -184.000000 50.000000 1.000000 0.000000 0.000000 0.000000 1.000000 0.000000 0.000000 0.000000 1.000000 3678b.dat
1 15 220.000000 -136.000000 60.000000 0.000000 0.000000 -1.000000 0.000000 1.000000 0.000000 1.000000 0.000000 0.000000 3001.dat
1 15 340.000000 -136.000000 60.000000 1.000000 0.000000 0.000000 0.000000 1.000000 0.000000 0.000000 0.000000 1.000000 2456.dat
1 15 260.000000 -136.000000 70.000000 0.000000 0.000000 -1.000000 0.000000 1.000000 0.000000 1.000000 0.000000 0.000000 3002.dat
1 15 410.000000 -136.000000 70.000000 0.000000 0.000000 -1.000000 0.000000 1.000000 0.000000 1.000000 0.000000 0.000000 3622.dat
1 15 410.000000 -160.000000 50.000000 0.000000 0.000000 -1.000000 0.000000 1.000000 0.000000 1.000000 0.000000 0.000000 3005.dat
1 15 410.000000 -184.000000 50.000000 0.000000 0.000000 -1.000000 0.000000 1.000000 0.000000 1.000000 0.000000 0.000000 3005.dat
1 15 340.000000 -136.000000 90.000000 1.000000 0.000000 0.000000 0.000000 1.000000 0.000000 0.000000 0.000000 1.000000 3009.dat
1 15 360.000000 -160.000000 80.000000 1.000000 0.000000 0.000000 0.000000 1.000000 0.000000 0.000000 0.000000 1.000000 2456.dat
1 15 260.000000 -160.000000 80.000000 1.000000 0.000000 0.000000 0.000000 1.000000 0.000000 0.000000 0.000000 1.000000 3001.dat
1 15 280.000000 -184.000000 80.000000 1.000000 0.000000 0.000000 0.000000 1.000000 0.000000 0.000000 0.000000 1.000000 2456.dat
1 15 380.000000 -184.000000 80.000000 1.000000 0.000000 0.000000 0.000000 1.000000 0.000000 0.000000 0.000000 1.000000 3001.dat
1 15 70.000000 -184.000000 50.000000 1.000000 0.000000 0.000000 0.000000 1.000000 0.000000 0.000000 0.000000 1.000000 60481.dat
1 15 170.000000 -184.000000 50.000000 1.000000 0.000000 0.000000 0.000000 1.000000 0.000000 0.000000 0.000000 1.000000 60481.dat
1 15 80.000000 -136.000000 70.000000 0.000000 0.000000 1.000000 0.000000 1.000000 0.000000 -1.000000 0.000000 0.000000 3002.dat
1 15 120.000000 -136.000000 70.000000 0.000000 0.000000 1.000000 0.000000 1.000000 0.000000 -1.000000 0.000000 0.000000 3002.dat
1 15 160.000000 -136.000000 70.000000 0.000000 0.000000 1.000000 0.000000 1.000000 0.000000 -1.000000 0.000000 0.000000 3002.dat
1 15 190.000000 -136.000000 60.000000 0.000000 0.000000 1.000000 0.000000 1.000000 0.000000 -1.000000 0.000000 0.000000 3010.dat
1 15 200.000000 -160.000000 70.000000 0.000000 0.000000 1.000000 0.000000 1.000000 0.000000 -1.000000 0.000000 0.000000 3002.dat
1 15 240.000000 -160.000000 50.000000 1.000000 0.000000 0.000000 0.000000 1.000000 0.000000 0.000000 0.000000 1.000000 3004.dat
1 15 220.000000 -184.000000 50.000000 1.000000 0.000000 0.000000 0.000000 1.000000 0.000000 0.000000 0.000000 1.000000 3010.dat
1 15 120.000000 -160.000000 80.000000 1.000000 0.000000 0.000000 0.000000 1.000000 0.000000 0.000000 0.000000 1.000000 2456.dat
1 15 -10.000000 -184.000000 -10.000000 1.000000 0.000000 0.000000 0.000000 1.000000 0.000000 0.000000 0.000000 1.000000 78886.dat
1 15 -30.000000 -184.000000 -10.000000 1.000000 0.000000 0.000000 0.000000 1.000000 0.000000 0.000000 0.000000 1.000000 60481.dat
1 15 -50.000000 -184.000000 10.000000 1.000000 0.000000 0.000000 0.000000 1.000000 0.000000 0.000000 0.000000 1.000000 60481.dat
1 15 -50.000000 -184.000000 30.000000 0.000000 0.000000 1.000000 0.000000 1.000000 0.000000 -1.000000 0.000000 0.000000 60481.dat
1 15 -70.000000 -136.000000 10.000000 0.000000 0.000000 1.000000 0.000000 1.000000 0.000000 -1.000000 0.000000 0.000000 54200.dat
1 15 -70.000000 -160.000000 60.000000 -1.000000 0.000000 0.000000 0.000000 1.000000 0.000000 0.000000 0.000000 -1.000000 3002.dat
1 15 30.000000 -144.000000 -10.000000 1.000000 0.000000 0.000000 0.000000 1.000000 0.000000 0.000000 0.000000 1.000000 3070b.dat
1 15 40.000000 -184.000000 30.000000 1.000000 0.000000 0.000000 0.000000 1.000000 0.000000 0.000000 0.000000 1.000000 3678b.dat
1 15 0.000000 -160.000000 20.000000 1.000000 0.000000 0.000000 0.000000 1.000000 0.000000 0.000000 0.000000 1.000000 3003.dat
1 15 -30.000000 -160.000000 20.000000 0.000000 0.000000 -1.000000 0.000000 1.000000 0.000000 1.000000 0.000000 0.000000 3004.dat
1 15 -10.000000 -184.000000 20.000000 1.000000 0.000000 0.000000 0.000000 1.000000 0.000000 0.000000 0.000000 1.000000 3002.dat
1 15 20.000000 -160.000000 70.000000 0.000000 0.000000 -1.000000 0.000000 1.000000 0.000000 1.000000 0.000000 0.000000 3002.dat
1 15 -20.000000 -160.000000 70.000000 0.000000 0.000000 -1.000000 0.000000 1.000000 0.000000 1.000000 0.000000 0.000000 3002.dat
1 15 50.000000 -160.000000 70.000000 0.000000 0.000000 -1.000000 0.000000 1.000000 0.000000 1.000000 0.000000 0.000000 3622.dat
1 15 -70.000000 -160.000000 90.000000 -1.000000 0.000000 0.000000 0.000000 1.000000 0.000000 0.000000 0.000000 -1.000000 3622.dat
1 15 -40.000000 -184.000000 80.000000 -1.000000 0.000000 0.000000 0.000000 1.000000 0.000000 0.000000 0.000000 -1.000000 2456.dat
1 15 40.000000 -184.000000 70.000000 0.000000 0.000000 -1.000000 0.000000 1.000000 0.000000 1.000000 0.000000 0.000000 3002.dat
1 15 -70.000000 -184.000000 50.000000 0.000000 0.000000 1.000000 0.000000 1.000000 0.000000 -1.000000 0.000000 0.000000 3040b.dat
1 15 -20.000000 -184.000000 50.000000 1.000000 0.000000 0.000000 0.000000 1.000000 0.000000 0.000000 0.000000 1.000000 3010.dat
1 15 160.000000 -184.000000 80.000000 -1.000000 0.000000 0.000000 0.000000 1.000000 0.000000 0.000000 0.000000 -1.000000 2456.dat
1 15 80.000000 -184.000000 80.000000 1.000000 0.000000 0.000000 0.000000 1.000000 0.000000 0.000000 0.000000 1.000000 3003.dat
1 15 450.000000 -208.000000 50.000000 1.000000 0.000000 0.000000 0.000000 1.000000 0.000000 0.000000 0.000000 1.000000 3045.dat
1 15 490.000000 -208.000000 90.000000 1.000000 0.000000 0.000000 0.000000 1.000000 0.000000 0.000000 0.000000 1.000000 3045.dat
1 15 530.000000 -192.000000 90.000000 1.000000 0.000000 0.000000 0.000000 1.000000 0.000000 0.000000 0.000000 1.000000 3070b.dat
1 15 430.000000 -208.000000 50.000000 1.000000 0.000000 0.000000 0.000000 1.000000 0.000000 0.000000 0.000000 1.000000 3040b.dat
1 15 410.000000 -192.000000 30.000000 1.000000 0.000000 0.000000 0.000000 1.000000 0.000000 0.000000 0.000000 1.000000 54200.dat
1 15 410.000000 -200.000000 50.000000 -1.000000 0.000000 0.000000 0.000000 1.000000 0.000000 0.000000 0.000000 -1.000000 3024.dat
1 15 380.000000 -208.000000 70.000000 1.000000 0.000000 0.000000 0.000000 1.000000 0.000000 0.000000 0.000000 1.000000 3039.dat
1 15 340.000000 -208.000000 70.000000 1.000000 0.000000 0.000000 0.000000 1.000000 0.000000 0.000000 0.000000 1.000000 3039.dat
1 15 280.000000 -208.000000 70.000000 1.000000 0.000000 0.000000 0.000000 1.000000 0.000000 0.000000 0.000000 1.000000 3039.dat
1 15 310.000000 -208.000000 70.000000 1.000000 0.000000 0.000000 0.000000 1.000000 0.000000 0.000000 0.000000 1.000000 3040b.dat
1 15 230.000000 -208.000000 50.000000 1.000000 0.000000 0.000000 0.000000 1.000000 0.000000 0.000000 0.000000 1.000000 3045.dat
1 15 210.000000 -208.000000 50.000000 0.000000 0.000000 1.000000 0.000000 1.000000 0.000000 -1.000000 0.000000 0.000000 3045.dat
1 15 160.000000 -208.000000 70.000000 1.000000 0.000000 0.000000 0.000000 1.000000 0.000000 0.000000 0.000000 1.000000 3039.dat
1 15 120.000000 -208.000000 70.000000 1.000000 0.000000 0.000000 0.000000 1.000000 0.000000 0.000000 0.000000 1.000000 3039.dat
1 15 80.000000 -208.000000 70.000000 1.000000 0.000000 0.000000 0.000000 1.000000 0.000000 0.000000 0.000000 1.000000 3039.dat
1 15 40.000000 -208.000000 50.000000 1.000000 0.000000 0.000000 0.000000 1.000000 0.000000 0.000000 0.000000 1.000000 3039.dat
1 15 -20.000000 -208.000000 10.000000 1.000000 0.000000 0.000000 0.000000 1.000000 0.000000 0.000000 0.000000 1.000000 3039.dat
1 15 -50.000000 -208.000000 30.000000 1.000000 0.000000 0.000000 0.000000 1.000000 0.000000 0.000000 0.000000 1.000000 3040b.dat
1 15 10.000000 -208.000000 30.000000 1.000000 0.000000 0.000000 0.000000 1.000000 0.000000 0.000000 0.000000 1.000000 3040b.dat
1 15 -50.000000 -208.000000 50.000000 0.000000 0.000000 1.000000 0.000000 1.000000 0.000000 -1.000000 0.000000 0.000000 3040b.dat
1 15 -70.000000 -208.000000 70.000000 0.000000 0.000000 1.000000 0.000000 1.000000 0.000000 -1.000000 0.000000 0.000000 3040b.dat
1 15 -80.000000 -208.000000 90.000000 1.000000 0.000000 0.000000 0.000000 1.000000 0.000000 0.000000 0.000000 1.000000 3004.dat
1 15 -20.000000 -208.000000 60.000000 0.000000 0.000000 -1.000000 0.000000 1.000000 0.000000 1.000000 0.000000 0.000000 3001.dat
1 15 -50.000000 -208.000000 80.000000 0.000000 0.000000 -1.000000 0.000000 1.000000 0.000000 1.000000 0.000000 0.000000 3004.dat
1 15 10.000000 -208.000000 70.000000 0.000000 0.000000 -1.000000 0.000000 1.000000 0.000000 1.000000 0.000000 0.000000 3622.dat
1 15 50.000000 -208.000000 90.000000 0.000000 0.000000 1.000000 0.000000 1.000000 0.000000 -1.000000 0.000000 0.000000 2357.dat
1 15 30.000000 -208.000000 80.000000 0.000000 0.000000 -1.000000 0.000000 1.000000 0.000000 1.000000 0.000000 0.000000 3004.dat
1 15 140.000000 -208.000000 90.000000 -1.000000 0.000000 0.000000 0.000000 1.000000 0.000000 0.000000 0.000000 -1.000000 3009.dat
1 15 210.000000 -208.000000 70.000000 0.000000 0.000000 -1.000000 0.000000 1.000000 0.000000 1.000000 0.000000 0.000000 2357.dat
1 15 240.000000 -208.000000 80.000000 1.000000 0.000000 0.000000 0.000000 1.000000 0.000000 0.000000 0.000000 1.000000 3003.dat
1 15 440.000000 -208.000000 80.000000 -1.000000 0.000000 0.000000 0.000000 1.000000 0.000000 0.000000 0.000000 -1.000000 3001.dat
1 15 360.000000 -208.000000 90.000000 1.000000 0.000000 0.000000 0.000000 1.000000 0.000000 0.000000 0.000000 1.000000 3010.dat
1 15 290.000000 -208.000000 90.000000 1.000000 0.000000 0.000000 0.000000 1.000000 0.000000 0.000000 0.000000 1.000000 3622.dat
1 15 280.000000 -216.000000 80.000000 1.000000 0.000000 0.000000 0.000000 1.000000 0.000000 0.000000 0.000000 1.000000 87079.dat
1 15 360.000000 -216.000000 80.000000 1.000000 0.000000 0.000000 0.000000 1.000000 0.000000 0.000000 0.000000 1.000000 87079.dat
1 15 470.000000 -216.000000 90.000000 0.000000 0.000000 1.000000 0.000000 1.000000 0.000000 -1.000000 0.000000 0.000000 14719.dat
1 15 410.000000 -216.000000 80.000000 0.000000 0.000000 -1.000000 0.000000 1.000000 0.000000 1.000000 0.000000 0.000000 3069b.dat
1 15 40.000000 -216.000000 70.000000 0.000000 0.000000 1.000000 0.000000 1.000000 0.000000 -1.000000 0.000000 0.000000 26603.dat
1 15 -70.000000 -216.000000 90.000000 -1.000000 0.000000 0.000000 0.000000 1.000000 0.000000 0.000000 0.000000 -1.000000 14719.dat
1 15 10.000000 -40.000000 -290.000000 1.000000 0.000000 0.000000 0.000000 1.000000 0.000000 0.000000 0.000000 1.000000 43708.dat
1 15 -20.000000 -40.000000 -310.000000 1.000000 0.000000 0.000000 0.000000 1.000000 0.000000 0.000000 0.000000 1.000000 30363.dat
1 15 -70.000000 -40.000000 -310.000000 0.000000 0.000000 1.000000 0.000000 1.000000 0.000000 -1.000000 0.000000 0.000000 13548.dat
1 15 -50.000000 -40.000000 -310.000000 1.000000 0.000000 0.000000 0.000000 1.000000 0.000000 0.000000 0.000000 1.000000 4286.dat
1 15 -70.000000 -40.000000 -290.000000 0.000000 0.000000 1.000000 0.000000 1.000000 0.000000 -1.000000 0.000000 0.000000 3040b.dat
1 15 30.000000 -40.000000 -260.000000 0.000000 0.000000 -1.000000 0.000000 1.000000 0.000000 1.000000 0.000000 0.000000 30363.dat
1 15 -80.000000 -40.000000 -260.000000 0.000000 0.000000 1.000000 0.000000 1.000000 0.000000 -1.000000 0.000000 0.000000 3003.dat
1 15 -80.000000 -40.000000 -230.000000 1.000000 0.000000 0.000000 0.000000 1.000000 0.000000 0.000000 0.000000 1.000000 3004.dat
1 15 30.000000 -40.000000 -230.000000 0.000000 0.000000 -1.000000 0.000000 1.000000 0.000000 1.000000 0.000000 0.000000 13548.dat
1 15 -20.000000 -40.000000 -190.000000 -1.000000 0.000000 0.000000 0.000000 1.000000 0.000000 0.000000 0.000000 -1.000000 30363.dat
1 15 10.000000 -40.000000 -210.000000 -1.000000 0.000000 0.000000 0.000000 1.000000 0.000000 0.000000 0.000000 -1.000000 4286.dat
1 15 -50.000000 -40.000000 -210.000000 -1.000000 0.000000 0.000000 0.000000 1.000000 0.000000 0.000000 0.000000 -1.000000 13548.dat
1 15 -40.000000 -40.000000 -260.000000 0.000000 0.000000 -1.000000 0.000000 1.000000 0.000000 1.000000 0.000000 0.000000 3001.dat
1 15 -10.000000 -40.000000 -260.000000 0.000000 0.000000 -1.000000 0.000000 1.000000 0.000000 1.000000 0.000000 0.000000 3010.dat
1 15 10.000000 -40.000000 -250.000000 0.000000 0.000000 -1.000000 0.000000 1.000000 0.000000 1.000000 0.000000 0.000000 3622.dat
1 15 -20.000000 -40.000000 -210.000000 -1.000000 0.000000 0.000000 0.000000 1.000000 0.000000 0.000000 0.000000 -1.000000 3004.dat
1 15 -40.000000 -48.000000 -280.000000 0.000000 0.000000 -1.000000 0.000000 1.000000 0.000000 1.000000 0.000000 0.000000 87580.dat
1 15 -70.000000 -48.000000 -310.000000 1.000000 0.000000 0.000000 0.000000 1.000000 0.000000 0.000000 0.000000 1.000000 14719.dat
1 15 -10.000000 -48.000000 -310.000000 0.000000 0.000000 -1.000000 0.000000 1.000000 0.000000 1.000000 0.000000 0.000000 14719.dat
1 15 -10.000000 -48.000000 -250.000000 -1.000000 0.000000 0.000000 0.000000 1.000000 0.000000 0.000000 0.000000 -1.000000 14719.dat
1 15 -30.000000 -48.000000 -190.000000 0.000000 0.000000 1.000000 0.000000 1.000000 0.000000 -1.000000 0.000000 0.000000 14719.dat
1 15 -50.000000 -48.000000 -230.000000 1.000000 0.000000 0.000000 0.000000 1.000000 0.000000 0.000000 0.000000 1.000000 14719.dat
1 15 10.000000 -48.000000 -210.000000 -1.000000 0.000000 0.000000 0.000000 1.000000 0.000000 0.000000 0.000000 -1.000000 14719.dat
1 15 -50.000000 -48.000000 -250.000000 0.000000 0.000000 1.000000 0.000000 1.000000 0.000000 -1.000000 0.000000 0.000000 3070b.dat
1 288 30.000000 -64.000000 -230.000000 -1.000000 0.000000 0.000000 0.000000 1.000000 0.000000 0.000000 0.000000 -1.000000 4727.dat
1 288 -40.000000 -56.000000 -280.000000 0.000000 0.000000 -1.000000 0.000000 1.000000 0.000000 1.000000 0.000000 0.000000 2435.dat
1 288 430.000000 -136.000000 -90.000000 1.000000 0.000000 0.000000 0.000000 1.000000 0.000000 0.000000 0.000000 1.000000 4727.dat
1 15 440.000000 -120.000000 -70.000000 1.000000 0.000000 0.000000 0.000000 1.000000 0.000000 0.000000 0.000000 1.000000 3069b.dat
1 15 280.000000 -88.000000 -130.000000 1.000000 0.000000 0.000000 0.000000 1.000000 0.000000 0.000000 0.000000 1.000000 3678b.dat
1 15 320.000000 -88.000000 -150.000000 1.000000 0.000000 0.000000 0.000000 1.000000 0.000000 0.000000 0.000000 1.000000 3678b.dat
1 15 360.000000 -88.000000 -130.000000 1.000000 0.000000 0.000000 0.000000 1.000000 0.000000 0.000000 0.000000 1.000000 3678b.dat
1 15 370.000000 -40.000000 -150.000000 1.000000 0.000000 0.000000 0.000000 1.000000 0.000000 0.000000 0.000000 1.000000 3675.dat
1 15 320.000000 -40.000000 -130.000000 1.000000 0.000000 0.000000 0.000000 1.000000 0.000000 0.000000 0.000000 1.000000 3009.dat
1 15 270.000000 -40.000000 -150.000000 0.000000 0.000000 1.000000 0.000000 1.000000 0.000000 -1.000000 0.000000 0.000000 3045.dat
1 15 320.000000 -40.000000 -190.000000 1.000000 0.000000 0.000000 0.000000 1.000000 0.000000 0.000000 0.000000 1.000000 30363.dat
1 15 350.000000 -40.000000 -170.000000 1.000000 0.000000 0.000000 0.000000 1.000000 0.000000 0.000000 0.000000 1.000000 60477.dat
1 15 290.000000 -40.000000 -170.000000 1.000000 0.000000 0.000000 0.000000 1.000000 0.000000 0.000000 0.000000 1.000000 60477.dat
1 15 320.000000 -48.000000 -190.000000 1.000000 0.000000 0.000000 0.000000 1.000000 0.000000 0.000000 0.000000 1.000000 3069b.dat
1 15 350.000000 -48.000000 -170.000000 1.000000 0.000000 0.000000 0.000000 1.000000 0.000000 0.000000 0.000000 1.000000 3070b.dat
1 15 290.000000 -48.000000 -170.000000 1.000000 0.000000 0.000000 0.000000 1.000000 0.000000 0.000000 0.000000 1.000000 3070b.dat
1 15 440.000000 -216.000000 50.000000 -1.000000 0.000000 0.000000 0.000000 1.000000 0.000000 0.000000 0.000000 -1.000000 3069b.dat
1 15 440.000000 -216.000000 80.000000 -1.000000 0.000000 0.000000 0.000000 1.000000 0.000000 0.000000 0.000000 -1.000000 87580.dat
1 288 440.000000 -224.000000 80.000000 0.000000 0.000000 -1.000000 0.000000 1.000000 0.000000 1.000000 0.000000 0.000000 2435.dat
1 15 520.000000 -16.000000 -520.000000 1.000000 0.000000 0.000000 0.000000 1.000000 0.000000 0.000000 0.000000 1.000000 3068b.dat
1 15 480.000000 -16.000000 -500.000000 1.000000 0.000000 0.000000 0.000000 1.000000 0.000000 0.000000 0.000000 1.000000 3068b.dat
1 15 440.000000 -16.000000 -520.000000 1.000000 0.000000 0.000000 0.000000 1.000000 0.000000 0.000000 0.000000 1.000000 3068b.dat
1 15 400.000000 -16.000000 -500.000000 1.000000 0.000000 0.000000 0.000000 1.000000 0.000000 0.000000 0.000000 1.000000 3068b.dat
1 15 360.000000 -16.000000 -520.000000 1.000000 0.000000 0.000000 0.000000 1.000000 0.000000 0.000000 0.000000 1.000000 3068b.dat
1 15 320.000000 -16.000000 -500.000000 1.000000 0.000000 0.000000 0.000000 1.000000 0.000000 0.000000 0.000000 1.000000 3068b.dat
1 15 40.000000 -16.000000 -520.000000 1.000000 0.000000 0.000000 0.000000 1.000000 0.000000 0.000000 0.000000 1.000000 3068b.dat
1 15 0.000000 -16.000000 -500.000000 1.000000 0.000000 0.000000 0.000000 1.000000 0.000000 0.000000 0.000000 1.000000 3068b.dat
1 15 -40.000000 -16.000000 -520.000000 1.000000 0.000000 0.000000 0.000000 1.000000 0.000000 0.000000 0.000000 1.000000 3068b.dat
1 15 -80.000000 -16.000000 -500.000000 1.000000 0.000000 0.000000 0.000000 1.000000 0.000000 0.000000 0.000000 1.000000 3068b.dat
1 15 520.000000 -16.000000 -480.000000 1.000000 0.000000 0.000000 0.000000 1.000000 0.000000 0.000000 0.000000 1.000000 3068b.dat
1 15 440.000000 -16.000000 -480.000000 1.000000 0.000000 0.000000 0.000000 1.000000 0.000000 0.000000 0.000000 1.000000 3068b.dat
1 15 360.000000 -16.000000 -480.000000 1.000000 0.000000 0.000000 0.000000 1.000000 0.000000 0.000000 0.000000 1.000000 3068b.dat
1 15 -40.000000 -16.000000 -480.000000 1.000000 0.000000 0.000000 0.000000 1.000000 0.000000 0.000000 0.000000 1.000000 3068b.dat
1 15 520.000000 -16.000000 -440.000000 1.000000 0.000000 0.000000 0.000000 1.000000 0.000000 0.000000 0.000000 1.000000 3068b.dat
1 15 40.000000 -16.000000 -440.000000 1.000000 0.000000 0.000000 0.000000 1.000000 0.000000 0.000000 0.000000 1.000000 3068b.dat
1 15 -40.000000 -16.000000 -440.000000 1.000000 0.000000 0.000000 0.000000 1.000000 0.000000 0.000000 0.000000 1.000000 3068b.dat
1 15 520.000000 -16.000000 -400.000000 1.000000 0.000000 0.000000 0.000000 1.000000 0.000000 0.000000 0.000000 1.000000 3068b.dat
1 15 440.000000 -16.000000 -400.000000 1.000000 0.000000 0.000000 0.000000 1.000000 0.000000 0.000000 0.000000 1.000000 3068b.dat
1 15 40.000000 -16.000000 -400.000000 1.000000 0.000000 0.000000 0.000000 1.000000 0.000000 0.000000 0.000000 1.000000 3068b.dat
1 15 -80.000000 -16.000000 -380.000000 1.000000 0.000000 0.000000 0.000000 1.000000 0.000000 0.000000 0.000000 1.000000 3068b.dat
1 15 0.000000 -16.000000 -460.000000 1.000000 0.000000 0.000000 0.000000 1.000000 0.000000 0.000000 0.000000 1.000000 3068b.dat
1 15 -80.000000 -16.000000 -460.000000 1.000000 0.000000 0.000000 0.000000 1.000000 0.000000 0.000000 0.000000 1.000000 3068b.dat
1 15 0.000000 -16.000000 -420.000000 1.000000 0.000000 0.000000 0.000000 1.000000 0.000000 0.000000 0.000000 1.000000 3068b.dat
1 15 -80.000000 -16.000000 -420.000000 1.000000 0.000000 0.000000 0.000000 1.000000 0.000000 0.000000 0.000000 1.000000 3068b.dat
1 15 480.000000 -16.000000 -380.000000 1.000000 0.000000 0.000000 0.000000 1.000000 0.000000 0.000000 0.000000 1.000000 3068b.dat
1 15 80.000000 -16.000000 -380.000000 1.000000 0.000000 0.000000 0.000000 1.000000 0.000000 0.000000 0.000000 1.000000 3068b.dat
1 15 10.000000 -16.000000 -390.000000 0.000000 0.000000 -1.000000 0.000000 1.000000 0.000000 1.000000 0.000000 0.000000 14719.dat
1 15 480.000000 -16.000000 -530.000000 1.000000 0.000000 0.000000 0.000000 1.000000 0.000000 0.000000 0.000000 1.000000 3069b.dat
1 15 400.000000 -16.000000 -530.000000 1.000000 0.000000 0.000000 0.000000 1.000000 0.000000 0.000000 0.000000 1.000000 3069b.dat
1 15 320.000000 -16.000000 -530.000000 1.000000 0.000000 0.000000 0.000000 1.000000 0.000000 0.000000 0.000000 1.000000 3069b.dat
1 15 240.000000 -16.000000 -530.000000 1.000000 0.000000 0.000000 0.000000 1.000000 0.000000 0.000000 0.000000 1.000000 3069b.dat
1 15 160.000000 -16.000000 -530.000000 1.000000 0.000000 0.000000 0.000000 1.000000 0.000000 0.000000 0.000000 1.000000 3069b.dat
1 15 80.000000 -16.000000 -530.000000 1.000000 0.000000 0.000000 0.000000 1.000000 0.000000 0.000000 0.000000 1.000000 3069b.dat
1 15 0.000000 -16.000000 -530.000000 1.000000 0.000000 0.000000 0.000000 1.000000 0.000000 0.000000 0.000000 1.000000 3069b.dat
1 15 -80.000000 -16.000000 -530.000000 1.000000 0.000000 0.000000 0.000000 1.000000 0.000000 0.000000 0.000000 1.000000 3069b.dat
1 15 -90.000000 -16.000000 -350.000000 1.000000 0.000000 0.000000 0.000000 1.000000 0.000000 0.000000 0.000000 1.000000 14719.dat
1 15 -50.000000 -16.000000 -370.000000 1.000000 0.000000 0.000000 0.000000 1.000000 0.000000 0.000000 0.000000 1.000000 3070b.dat
1 15 30.000000 -16.000000 -350.000000 0.000000 0.000000 1.000000 0.000000 1.000000 0.000000 -1.000000 0.000000 0.000000 27263.dat
1 15 70.000000 -16.000000 -310.000000 0.000000 0.000000 1.000000 0.000000 1.000000 0.000000 -1.000000 0.000000 0.000000 27263.dat
1 15 50.000000 -16.000000 -330.000000 0.000000 0.000000 1.000000 0.000000 1.000000 0.000000 -1.000000 0.000000 0.000000 3070b.dat
1 15 50.000000 -16.000000 -370.000000 0.000000 0.000000 1.000000 0.000000 1.000000 0.000000 -1.000000 0.000000 0.000000 3070b.dat
1 15 90.000000 -16.000000 -350.000000 0.000000 0.000000 -1.000000 0.000000 1.000000 0.000000 1.000000 0.000000 0.000000 14719.dat
1 15 110.000000 -16.000000 -290.000000 0.000000 0.000000 -1.000000 0.000000 1.000000 0.000000 1.000000 0.000000 0.000000 14719.dat
1 15 110.000000 -16.000000 -230.000000 -1.000000 0.000000 0.000000 0.000000 1.000000 0.000000 0.000000 0.000000 -1.000000 14719.dat
1 15 70.000000 -16.000000 -230.000000 -1.000000 0.000000 0.000000 0.000000 1.000000 0.000000 0.000000 0.000000 -1.000000 3070b.dat
1 15 50.000000 -16.000000 -210.000000 1.000000 0.000000 0.000000 0.000000 1.000000 0.000000 0.000000 0.000000 1.000000 27263.dat
1 15 30.000000 -16.000000 -180.000000 0.000000 0.000000 -1.000000 0.000000 1.000000 0.000000 1.000000 0.000000 0.000000 3069b.dat
1 15 -70.000000 -16.000000 -190.000000 0.000000 0.000000 -1.000000 0.000000 1.000000 0.000000 1.000000 0.000000 0.000000 27263.dat
1 15 -90.000000 -16.000000 -210.000000 0.000000 0.000000 -1.000000 0.000000 1.000000 0.000000 1.000000 0.000000 0.000000 3070b.dat
1 15 -50.000000 -16.000000 -150.000000 0.000000 0.000000 -1.000000 0.000000 1.000000 0.000000 1.000000 0.000000 0.000000 63864.dat
1 15 -90.000000 -16.000000 -150.000000 0.000000 0.000000 1.000000 0.000000 1.000000 0.000000 -1.000000 0.000000 0.000000 14719.dat
1 15 10.000000 -16.000000 -140.000000 0.000000 0.000000 -1.000000 0.000000 1.000000 0.000000 1.000000 0.000000 0.000000 3069b.dat
1 15 -20.000000 -16.000000 -110.000000 -1.000000 0.000000 0.000000 0.000000 1.000000 0.000000 0.000000 0.000000 -1.000000 2431.dat
1 15 520.000000 -16.000000 -360.000000 1.000000 0.000000 0.000000 0.000000 1.000000 0.000000 0.000000 0.000000 1.000000 3068b.dat
1 15 440.000000 -16.000000 -360.000000 1.000000 0.000000 0.000000 0.000000 1.000000 0.000000 0.000000 0.000000 1.000000 3068b.dat
1 15 440.000000 -16.000000 -320.000000 1.000000 0.000000 0.000000 0.000000 1.000000 0.000000 0.000000 0.000000 1.000000 3068b.dat
1 15 200.000000 -16.000000 -320.000000 1.000000 0.000000 0.000000 0.000000 1.000000 0.000000 0.000000 0.000000 1.000000 3068b.dat
1 15 120.000000 -16.000000 -320.000000 1.000000 0.000000 0.000000 0.000000 1.000000 0.000000 0.000000 0.000000 1.000000 3068b.dat
1 15 480.000000 -16.000000 -340.000000 1.000000 0.000000 0.000000 0.000000 1.000000 0.000000 0.000000 0.000000 1.000000 3068b.dat
1 15 480.000000 -16.000000 -300.000000 1.000000 0.000000 0.000000 0.000000 1.000000 0.000000 0.000000 0.000000 1.000000 3068b.dat
1 15 320.000000 -16.000000 -300.000000 1.000000 0.000000 0.000000 0.000000 1.000000 0.000000 0.000000 0.000000 1.000000 3068b.dat
1 15 240.000000 -16.000000 -300.000000 1.000000 0.000000 0.000000 0.000000 1.000000 0.000000 0.000000 0.000000 1.000000 3068b.dat
1 15 160.000000 -16.000000 -300.000000 1.000000 0.000000 0.000000 0.000000 1.000000 0.000000 0.000000 0.000000 1.000000 3068b.dat
1 15 360.000000 -16.000000 -280.000000 1.000000 0.000000 0.000000 0.000000 1.000000 0.000000 0.000000 0.000000 1.000000 3068b.dat
1 15 400.000000 -16.000000 -260.000000 1.000000 0.000000 0.000000 0.000000 1.000000 0.000000 0.000000 0.000000 1.000000 3068b.dat
1 15 440.000000 -16.000000 -240.000000 1.000000 0.000000 0.000000 0.000000 1.000000 0.000000 0.000000 0.000000 1.000000 3068b.dat
1 15 400.000000 -16.000000 -220.000000 1.000000 0.000000 0.000000 0.000000 1.000000 0.000000 0.000000 0.000000 1.000000 3068b.dat
1 15 520.000000 -16.000000 -200.000000 1.000000 0.000000 0.000000 0.000000 1.000000 0.000000 0.000000 0.000000 1.000000 3068b.dat
1 15 440.000000 -16.000000 -200.000000 1.000000 0.000000 0.000000 0.000000 1.000000 0.000000 0.000000 0.000000 1.000000 3068b.dat
1 15 480.000000 -16.000000 -180.000000 1.000000 0.000000 0.000000 0.000000 1.000000 0.000000 0.000000 0.000000 1.000000 3068b.dat
1 15 440.000000 -16.000000 -160.000000 1.000000 0.000000 0.000000 0.000000 1.000000 0.000000 0.000000 0.000000 1.000000 3068b.dat
1 15 520.000000 -16.000000 -160.000000 1.000000 0.000000 0.000000 0.000000 1.000000 0.000000 0.000000 0.000000 1.000000 3068b.dat
1 15 520.000000 -16.000000 -120.000000 1.000000 0.000000 0.000000 0.000000 1.000000 0.000000 0.000000 0.000000 1.000000 3068b.dat
1 15 490.000000 -16.000000 -150.000000 0.000000 0.000000 -1.000000 0.000000 1.000000 0.000000 1.000000 0.000000 0.000000 14719.dat
1 15 490.000000 -16.000000 -110.000000 1.000000 0.000000 0.000000 0.000000 1.000000 0.000000 0.000000 0.000000 1.000000 3070b.dat
1 15 530.000000 -16.000000 -80.000000 0.000000 0.000000 -1.000000 0.000000 1.000000 0.000000 1.000000 0.000000 0.000000 3069b.dat
1 15 370.000000 -16.000000 -220.000000 0.000000 0.000000 -1.000000 0.000000 1.000000 0.000000 1.000000 0.000000 0.000000 3069b.dat
1 15 360.000000 -16.000000 -250.000000 1.000000 0.000000 0.000000 0.000000 1.000000 0.000000 0.000000 0.000000 1.000000 3069b.dat
1 15 320.000000 -16.000000 -270.000000 1.000000 0.000000 0.000000 0.000000 1.000000 0.000000 0.000000 0.000000 1.000000 3069b.dat
1 15 280.000000 -16.000000 -280.000000 1.000000 0.000000 0.000000 0.000000 1.000000 0.000000 0.000000 0.000000 1.000000 3068b.dat
1 15 200.000000 -16.000000 -280.000000 1.000000 0.000000 0.000000 0.000000 1.000000 0.000000 0.000000 0.000000 1.000000 3068b.dat
1 15 200.000000 -16.000000 -240.000000 1.000000 0.000000 0.000000 0.000000 1.000000 0.000000 0.000000 0.000000 1.000000 3068b.dat
1 15 240.000000 -16.000000 -260.000000 1.000000 0.000000 0.000000 0.000000 1.000000 0.000000 0.000000 0.000000 1.000000 3068b.dat
1 15 160.000000 -16.000000 -260.000000 1.000000 0.000000 0.000000 0.000000 1.000000 0.000000 0.000000 0.000000 1.000000 3068b.dat
1 15 160.000000 -16.000000 -220.000000 1.000000 0.000000 0.000000 0.000000 1.000000 0.000000 0.000000 0.000000 1.000000 3068b.dat
1 15 40.000000 -16.000000 -480.000000 -1.000000 0.000000 0.000000 0.000000 1.000000 0.000000 0.000000 0.000000 -1.000000 3068b.dat
1 15 200.000000 -16.000000 -160.000000 1.000000 0.000000 0.000000 0.000000 1.000000 0.000000 0.000000 0.000000 1.000000 3068b.dat
1 15 160.000000 -16.000000 -140.000000 1.000000 0.000000 0.000000 0.000000 1.000000 0.000000 0.000000 0.000000 1.000000 3068b.dat
1 15 80.000000 -16.000000 -460.000000 -1.000000 0.000000 0.000000 0.000000 1.000000 0.000000 0.000000 0.000000 -1.000000 3068b.dat
1 15 80.000000 -16.000000 -499.999900 -1.000000 0.000000 0.000000 0.000000 1.000000 0.000000 0.000000 0.000000 -1.000000 3068b.dat
1 15 80.000000 -16.000000 -140.000000 1.000000 0.000000 0.000000 0.000000 1.000000 0.000000 0.000000 0.000000 1.000000 3068b.dat
1 15 80.000000 -16.000000 -180.000000 1.000000 0.000000 0.000000 0.000000 1.000000 0.000000 0.000000 0.000000 1.000000 3068b.dat
1 15 90.000000 -16.000000 -210.000000 1.000000 0.000000 0.000000 0.000000 1.000000 0.000000 0.000000 0.000000 1.000000 3070b.dat
1 15 50.000000 -16.000000 -150.000000 -1.000000 0.000000 0.000000 0.000000 1.000000 0.000000 0.000000 0.000000 -1.000000 14719.dat
1 15 130.000000 -16.000000 -260.000000 0.000000 0.000000 1.000000 0.000000 1.000000 0.000000 -1.000000 0.000000 0.000000 2431.dat
1 15 200.000000 -16.000000 -120.000000 1.000000 0.000000 0.000000 0.000000 1.000000 0.000000 0.000000 0.000000 1.000000 3068b.dat
1 15 120.000000 -16.000000 -120.000000 1.000000 0.000000 0.000000 0.000000 1.000000 0.000000 0.000000 0.000000 1.000000 3068b.dat
1 15 40.000000 -16.000000 -120.000000 1.000000 0.000000 0.000000 0.000000 1.000000 0.000000 0.000000 0.000000 1.000000 3068b.dat
1 15 -80.000000 -16.000000 -120.000000 1.000000 0.000000 0.000000 0.000000 1.000000 0.000000 0.000000 0.000000 1.000000 3068b.dat
1 15 -80.000000 -16.000000 -80.000000 1.000000 0.000000 0.000000 0.000000 1.000000 0.000000 0.000000 0.000000 1.000000 3068b.dat
1 15 160.000000 -16.000000 -60.000000 1.000000 0.000000 0.000000 0.000000 1.000000 0.000000 0.000000 0.000000 1.000000 3068b.dat
1 15 120.000000 -16.000000 -80.000000 1.000000 0.000000 0.000000 0.000000 1.000000 0.000000 0.000000 0.000000 1.000000 3068b.dat
1 15 120.000000 -16.000000 -40.000000 1.000000 0.000000 0.000000 0.000000 1.000000 0.000000 0.000000 0.000000 1.000000 3068b.dat
1 15 200.000000 -16.000000 -80.000000 1.000000 0.000000 0.000000 0.000000 1.000000 0.000000 0.000000 0.000000 1.000000 3068b.dat
1 15 40.000000 -16.000000 -80.000000 1.000000 0.000000 0.000000 0.000000 1.000000 0.000000 0.000000 0.000000 1.000000 3068b.dat
1 15 -50.000000 -16.000000 -90.000000 1.000000 0.000000 0.000000 0.000000 1.000000 0.000000 0.000000 0.000000 1.000000 14719.dat
1 15 0.000000 -16.000000 -90.000000 1.000000 0.000000 0.000000 0.000000 1.000000 0.000000 0.000000 0.000000 1.000000 3069b.dat
1 15 80.000000 -16.000000 -70.000000 1.000000 0.000000 0.000000 0.000000 1.000000 0.000000 0.000000 0.000000 1.000000 3069b.dat
1 15 90.000000 -16.000000 -40.000000 0.000000 0.000000 -1.000000 0.000000 1.000000 0.000000 1.000000 0.000000 0.000000 3069b.dat
1 15 230.000000 -16.000000 -190.000000 1.000000 0.000000 0.000000 0.000000 1.000000 0.000000 0.000000 0.000000 1.000000 14719.dat
1 15 270.000000 -16.000000 -250.000000 1.000000 0.000000 0.000000 0.000000 1.000000 0.000000 0.000000 0.000000 1.000000 14719.dat
1 15 270.000000 -16.000000 -200.000000 0.000000 0.000000 1.000000 0.000000 1.000000 0.000000 -1.000000 0.000000 0.000000 3069b.dat
1 15 230.000000 -16.000000 -150.000000 1.000000 0.000000 0.000000 0.000000 1.000000 0.000000 0.000000 0.000000 1.000000 3070b.dat
1 15 -60.000000 -16.000000 -200.000000 -1.000000 0.000000 0.000000 0.000000 1.000000 0.000000 0.000000 0.000000 -1.000000 26601.dat
1 15 40.000000 -16.000000 -220.000000 0.000000 0.000000 -1.000000 0.000000 1.000000 0.000000 1.000000 0.000000 0.000000 26601.dat
1 15 60.000000 -16.000000 -300.000000 1.000000 0.000000 0.000000 0.000000 1.000000 0.000000 0.000000 0.000000 1.000000 26601.dat
1 15 20.000000 -16.000000 -340.000000 1.000000 0.000000 0.000000 0.000000 1.000000 0.000000 0.000000 0.000000 1.000000 26601.dat
1 15 -50.000000 -16.000000 -330.000000 -1.000000 0.000000 0.000000 0.000000 1.000000 0.000000 0.000000 0.000000 -1.000000 2420.dat
1 15 -20.000000 -16.000000 -350.000000 0.000000 0.000000 1.000000 0.000000 1.000000 0.000000 -1.000000 0.000000 0.000000 3021.dat
1 15 -70.000000 -16.000000 -300.000000 -1.000000 0.000000 0.000000 0.000000 1.000000 0.000000 0.000000 0.000000 -1.000000 3021.dat
1 15 -70.000000 -16.000000 -240.000000 -1.000000 0.000000 0.000000 0.000000 1.000000 0.000000 0.000000 0.000000 -1.000000 3021.dat
1 15 -70.000000 -16.000000 -270.000000 -1.000000 0.000000 0.000000 0.000000 1.000000 0.000000 0.000000 0.000000 -1.000000 3623.dat
1 15 60.000000 -16.000000 -260.000000 1.000000 0.000000 0.000000 0.000000 1.000000 0.000000 0.000000 0.000000 1.000000 3020.dat
1 15 10.000000 -16.000000 -220.000000 0.000000 0.000000 -1.000000 0.000000 1.000000 0.000000 1.000000 0.000000 0.000000 3666.dat
1 15 -20.000000 -16.000000 -200.000000 0.000000 0.000000 -1.000000 0.000000 1.000000 0.000000 1.000000 0.000000 0.000000 3034.dat
1 15 0.000000 -16.000000 -300.000000 1.000000 0.000000 0.000000 0.000000 1.000000 0.000000 0.000000 0.000000 1.000000 3020.dat
1 15 330.000000 -16.000000 -230.000000 0.000000 0.000000 1.000000 0.000000 1.000000 0.000000 -1.000000 0.000000 0.000000 2420.dat
1 15 310.000000 -16.000000 -230.000000 -1.000000 0.000000 0.000000 0.000000 1.000000 0.000000 0.000000 0.000000 -1.000000 2420.dat
1 15 350.000000 -16.000000 -190.000000 0.000000 0.000000 1.000000 0.000000 1.000000 0.000000 -1.000000 0.000000 0.000000 2420.dat
1 15 400.000000 -16.000000 -170.000000 0.000000 0.000000 1.000000 0.000000 1.000000 0.000000 -1.000000 0.000000 0.000000 3021.dat
1 15 -70.000000 -16.000000 -40.000000 1.000000 0.000000 0.000000 0.000000 1.000000 0.000000 0.000000 0.000000 1.000000 3021.dat
1 15 -10.000000 -16.000000 -60.000000 1.000000 0.000000 0.000000 0.000000 1.000000 0.000000 0.000000 0.000000 1.000000 3021.dat
1 15 50.000000 -16.000000 -40.000000 1.000000 0.000000 0.000000 0.000000 1.000000 0.000000 0.000000 0.000000 1.000000 3021.dat
1 15 120.000000 -16.000000 0.000000 1.000000 0.000000 0.000000 0.000000 1.000000 0.000000 0.000000 0.000000 1.000000 3020.dat
1 15 190.000000 -16.000000 -10.000000 -1.000000 0.000000 0.000000 0.000000 1.000000 0.000000 0.000000 0.000000 -1.000000 2420.dat
1 15 210.000000 -16.000000 -50.000000 0.000000 0.000000 -1.000000 0.000000 1.000000 0.000000 1.000000 0.000000 0.000000 2420.dat
1 15 300.000000 -16.000000 -200.000000 0.000000 0.000000 1.000000 0.000000 1.000000 0.000000 -1.000000 0.000000 0.000000 3022.dat
1 15 280.000000 -16.000000 -160.000000 1.000000 0.000000 0.000000 0.000000 1.000000 0.000000 0.000000 0.000000 1.000000 3020.dat
1 15 240.000000 -16.000000 -100.000000 0.000000 0.000000 -1.000000 0.000000 1.000000 0.000000 1.000000 0.000000 0.000000 3020.dat
1 15 0.000000 -16.000000 20.000000 0.000000 0.000000 -1.000000 0.000000 1.000000 0.000000 1.000000 0.000000 0.000000 3795.dat
1 15 -60.000000 -16.000000 40.000000 0.000000 0.000000 -1.000000 0.000000 1.000000 0.000000 1.000000 0.000000 0.000000 3795.dat
1 15 -90.000000 -16.000000 40.000000 0.000000 0.000000 -1.000000 0.000000 1.000000 0.000000 1.000000 0.000000 0.000000 3666.dat
1 15 -30.000000 -16.000000 20.000000 0.000000 0.000000 -1.000000 0.000000 1.000000 0.000000 1.000000 0.000000 0.000000 3666.dat
1 15 60.000000 -16.000000 40.000000 0.000000 0.000000 -1.000000 0.000000 1.000000 0.000000 1.000000 0.000000 0.000000 3795.dat
1 15 30.000000 -16.000000 40.000000 0.000000 0.000000 -1.000000 0.000000 1.000000 0.000000 1.000000 0.000000 0.000000 3666.dat
1 15 -10.000000 -16.000000 90.000000 -1.000000 0.000000 0.000000 0.000000 1.000000 0.000000 0.000000 0.000000 -1.000000 3623.dat
1 15 450.000000 -16.000000 -120.000000 1.000000 0.000000 0.000000 0.000000 1.000000 0.000000 0.000000 0.000000 1.000000 3021.dat
1 15 490.000000 -16.000000 -80.000000 1.000000 0.000000 0.000000 0.000000 1.000000 0.000000 0.000000 0.000000 1.000000 3021.dat
1 15 520.000000 -16.000000 20.000000 0.000000 0.000000 -1.000000 0.000000 1.000000 0.000000 1.000000 0.000000 0.000000 3034.dat
1 15 480.000000 -16.000000 20.000000 0.000000 0.000000 -1.000000 0.000000 1.000000 0.000000 1.000000 0.000000 0.000000 3034.dat
1 15 440.000000 -16.000000 -20.000000 0.000000 0.000000 -1.000000 0.000000 1.000000 0.000000 1.000000 0.000000 0.000000 3034.dat
1 15 400.000000 -16.000000 -60.000000 0.000000 0.000000 -1.000000 0.000000 1.000000 0.000000 1.000000 0.000000 0.000000 3034.dat
1 15 360.000000 -16.000000 -100.000000 0.000000 0.000000 -1.000000 0.000000 1.000000 0.000000 1.000000 0.000000 0.000000 3034.dat
1 15 330.000000 -16.000000 -180.000000 0.000000 0.000000 1.000000 0.000000 1.000000 0.000000 -1.000000 0.000000 0.000000 3710.dat
1 15 300.000000 -16.000000 -120.000000 1.000000 0.000000 0.000000 0.000000 1.000000 0.000000 0.000000 0.000000 1.000000 3020.dat
1 15 300.000000 -16.000000 -80.000000 1.000000 0.000000 0.000000 0.000000 1.000000 0.000000 0.000000 0.000000 1.000000 3020.dat
1 15 420.000000 -16.000000 80.000000 1.000000 0.000000 0.000000 0.000000 1.000000 0.000000 0.000000 0.000000 1.000000 3020.dat
1 15 380.000000 -16.000000 40.000000 1.000000 0.000000 0.000000 0.000000 1.000000 0.000000 0.000000 0.000000 1.000000 3020.dat
1 15 340.000000 -16.000000 0.000000 1.000000 0.000000 0.000000 0.000000 1.000000 0.000000 0.000000 0.000000 1.000000 3020.dat
1 15 320.000000 -16.000000 60.000000 0.000000 0.000000 -1.000000 0.000000 1.000000 0.000000 1.000000 0.000000 0.000000 3020.dat
1 15 360.000000 -16.000000 80.000000 1.000000 0.000000 0.000000 0.000000 1.000000 0.000000 0.000000 0.000000 1.000000 3022.dat
1 15 300.000000 -16.000000 -40.000000 1.000000 0.000000 0.000000 0.000000 1.000000 0.000000 0.000000 0.000000 1.000000 3020.dat
1 15 240.000000 -16.000000 -20.000000 0.000000 0.000000 -1.000000 0.000000 1.000000 0.000000 1.000000 0.000000 0.000000 3020.dat
1 15 240.000000 -16.000000 60.000000 0.000000 0.000000 -1.000000 0.000000 1.000000 0.000000 1.000000 0.000000 0.000000 3020.dat
1 15 280.000000 -16.000000 40.000000 0.000000 0.000000 -1.000000 0.000000 1.000000 0.000000 1.000000 0.000000 0.000000 3795.dat
1 15 210.000000 -16.000000 40.000000 0.000000 0.000000 -1.000000 0.000000 1.000000 0.000000 1.000000 0.000000 0.000000 3666.dat
1 15 180.000000 -16.000000 60.000000 0.000000 0.000000 -1.000000 0.000000 1.000000 0.000000 1.000000 0.000000 0.000000 3020.dat
1 15 140.000000 -16.000000 60.000000 0.000000 0.000000 -1.000000 0.000000 1.000000 0.000000 1.000000 0.000000 0.000000 3020.dat
1 15 100.000000 -16.000000 60.000000 0.000000 0.000000 -1.000000 0.000000 1.000000 0.000000 1.000000 0.000000 0.000000 3020.dat
1 15 500.000000 -16.000000 -260.000000 0.000000 0.000000 -1.000000 0.000000 1.000000 0.000000 1.000000 0.000000 0.000000 87580.dat
1 288 500.000000 -24.000000 -260.000000 0.000000 0.000000 -1.000000 0.000000 1.000000 0.000000 1.000000 0.000000 0.000000 2435.dat
1 15 470.000000 -16.000000 -260.000000 0.000000 0.000000 -1.000000 0.000000 1.000000 0.000000 1.000000 0.000000 0.000000 3069b.dat
1 15 530.000000 -16.000000 -290.000000 0.000000 0.000000 -1.000000 0.000000 1.000000 0.000000 1.000000 0.000000 0.000000 14719.dat
1 15 530.000000 -16.000000 -230.000000 -1.000000 0.000000 0.000000 0.000000 1.000000 0.000000 0.000000 0.000000 -1.000000 14719.dat
1 15 390.000000 -40.000000 -410.000000 1.000000 0.000000 0.000000 0.000000 1.000000 0.000000 0.000000 0.000000 1.000000 13548.dat
1 15 330.000000 -40.000000 -410.000000 0.000000 0.000000 1.000000 0.000000 1.000000 0.000000 -1.000000 0.000000 0.000000 13548.dat
1 15 360.000000 -40.000000 -430.000000 1.000000 0.000000 0.000000 0.000000 1.000000 0.000000 0.000000 0.000000 1.000000 3039.dat
1 15 380.000000 -40.000000 -370.000000 -1.000000 0.000000 0.000000 0.000000 1.000000 0.000000 0.000000 0.000000 -1.000000 30363.dat
1 15 390.000000 -40.000000 -390.000000 0.000000 0.000000 -1.000000 0.000000 1.000000 0.000000 1.000000 0.000000 0.000000 3040b.dat
1 15 330.000000 -40.000000 -390.000000 -1.000000 0.000000 0.000000 0.000000 1.000000 0.000000 0.000000 0.000000 -1.000000 13548.dat
1 15 350.000000 -40.000000 -370.000000 -1.000000 0.000000 0.000000 0.000000 1.000000 0.000000 0.000000 0.000000 -1.000000 4286.dat
1 15 360.000000 -40.000000 -400.000000 1.000000 0.000000 0.000000 0.000000 1.000000 0.000000 0.000000 0.000000 1.000000 3003.dat
1 15 410.000000 -16.000000 -340.000000 0.000000 0.000000 -1.000000 0.000000 1.000000 0.000000 1.000000 0.000000 0.000000 2431.dat
1 15 400.000000 -16.000000 -290.000000 1.000000 0.000000 0.000000 0.000000 1.000000 0.000000 0.000000 0.000000 1.000000 3069b.dat
1 15 350.000000 -16.000000 -310.000000 1.000000 0.000000 0.000000 0.000000 1.000000 0.000000 0.000000 0.000000 1.000000 3070b.dat
1 15 330.000000 -16.000000 -330.000000 -1.000000 0.000000 0.000000 0.000000 1.000000 0.000000 0.000000 0.000000 -1.000000 14719.dat
1 15 310.000000 -16.000000 -370.000000 0.000000 0.000000 -1.000000 0.000000 1.000000 0.000000 1.000000 0.000000 0.000000 27263.dat
1 15 310.000000 -16.000000 -430.000000 -1.000000 0.000000 0.000000 0.000000 1.000000 0.000000 0.000000 0.000000 -1.000000 27263.dat
1 15 330.000000 -16.000000 -470.000000 0.000000 0.000000 -1.000000 0.000000 1.000000 0.000000 1.000000 0.000000 0.000000 14719.dat
1 15 410.000000 -16.000000 -430.000000 0.000000 0.000000 1.000000 0.000000 1.000000 0.000000 -1.000000 0.000000 0.000000 27263.dat
1 15 450.000000 -16.000000 -450.000000 0.000000 0.000000 -1.000000 0.000000 1.000000 0.000000 1.000000 0.000000 0.000000 14719.dat
1 15 390.000000 -16.000000 -470.000000 1.000000 0.000000 0.000000 0.000000 1.000000 0.000000 0.000000 0.000000 1.000000 14719.dat
1 15 360.000000 -48.000000 -430.000000 1.000000 0.000000 0.000000 0.000000 1.000000 0.000000 0.000000 0.000000 1.000000 3069b.dat
1 15 330.000000 -48.000000 -400.000000 0.000000 0.000000 1.000000 0.000000 1.000000 0.000000 -1.000000 0.000000 0.000000 3069b.dat
1 15 0.000000 -216.000000 40.000000 -1.000000 0.000000 0.000000 0.000000 1.000000 0.000000 0.000000 0.000000 -1.000000 87580.dat
1 288 0.000000 -224.000000 40.000000 0.000000 0.000000 -1.000000 0.000000 1.000000 0.000000 1.000000 0.000000 0.000000 2435.dat
1 15 0.000000 -216.000000 80.000000 0.000000 0.000000 -1.000000 0.000000 1.000000 0.000000 1.000000 0.000000 0.000000 3068b.dat
1 288 230.000000 -232.000000 50.000000 0.500000 0.000000 0.866025 0.000000 1.000000 0.000000 -0.866025 0.000000 0.500000 30176.dat
1 15 210.000000 -216.000000 70.000000 0.000000 0.000000 1.000000 0.000000 1.000000 0.000000 -1.000000 0.000000 0.000000 14719.dat
1 15 220.000000 -216.000000 90.000000 1.000000 0.000000 0.000000 0.000000 1.000000 0.000000 0.000000 0.000000 1.000000 3069b.dat
1 288 350.000000 -64.000000 -410.000000 -1.000000 0.000000 0.000000 0.000000 1.000000 0.000000 0.000000 0.000000 -1.000000 4727.dat
1 15 370.000000 -48.000000 -390.000000 -1.000000 0.000000 0.000000 0.000000 1.000000 0.000000 0.000000 0.000000 -1.000000 14719.dat
1 15 360.000000 -48.000000 -370.000000 -1.000000 0.000000 0.000000 0.000000 1.000000 0.000000 0.000000 0.000000 -1.000000 3069b.dat
1 15 380.000000 -16.000000 -340.000000 0.000000 0.000000 -1.000000 0.000000 1.000000 0.000000 1.000000 0.000000 0.000000 3020.dat
1 15 400.000000 -16.000000 -420.000000 1.000000 0.000000 0.000000 0.000000 1.000000 0.000000 0.000000 0.000000 1.000000 26601.dat
1 15 320.000000 -16.000000 -380.000000 -1.000000 0.000000 0.000000 0.000000 1.000000 0.000000 0.000000 0.000000 -1.000000 26601.dat
1 15 320.000000 -16.000000 -420.000000 0.000000 0.000000 1.000000 0.000000 1.000000 0.000000 -1.000000 0.000000 0.000000 26601.dat
1 15 360.000000 -16.000000 -420.000000 0.000000 0.000000 -1.000000 0.000000 1.000000 0.000000 1.000000 0.000000 0.000000 3020.dat
1 15 350.000000 -16.000000 -350.000000 0.000000 0.000000 -1.000000 0.000000 1.000000 0.000000 1.000000 0.000000 0.000000 3623.dat
1 15 330.000000 -96.000000 -150.000000 1.000000 0.000000 0.000000 0.000000 1.000000 0.000000 0.000000 0.000000 1.000000 3070b.dat
1 288 310.000000 -112.000000 -150.000000 -0.500000 0.000000 0.866025 0.000000 1.000000 0.000000 -0.866025 0.000000 -0.500000 30176.dat
1 288 170.000000 -40.000000 -30.000000 -0.500000 0.000000 0.866025 0.000000 1.000000 0.000000 -0.866025 0.000000 -0.500000 30176.dat
1 15 170.000000 -16.000000 -30.000000 0.000000 0.000000 1.000000 0.000000 1.000000 0.000000 -1.000000 0.000000 0.000000 3024.dat
1 15 150.000000 -16.000000 -30.000000 0.000000 0.000000 1.000000 0.000000 1.000000 0.000000 -1.000000 0.000000 0.000000 3070b.dat
1 15 390.000000 -48.000000 -370.000000 -1.000000 0.000000 0.000000 0.000000 1.000000 0.000000 0.000000 0.000000 -1.000000 3024.dat
1 15 390.000000 -48.000000 -400.000000 0.000000 0.000000 -1.000000 0.000000 1.000000 0.000000 1.000000 0.000000 0.000000 3069b.dat
1 4 390.000000 -56.000000 -370.000000 -0.866025 0.000000 0.500000 0.000000 1.000000 0.000000 -0.500000 0.000000 -0.866025 87580.dat
1 2 390.000000 -64.000000 -370.000000 -0.500000 0.000000 0.866025 0.000000 1.000000 0.000000 -0.866025 0.000000 -0.500000 3024.dat
1 15 510.000000 -16.000000 -310.000000 0.000000 0.000000 -1.000000 0.000000 1.000000 0.000000 1.000000 0.000000 0.000000 3024.dat
1 15 530.000000 -16.000000 -330.000000 0.000000 0.000000 -1.000000 0.000000 1.000000 0.000000 1.000000 0.000000 0.000000 14719.dat
1 2 238.660200 -24.000000 -215.000000 -0.866025 0.000000 -0.500000 0.000000 1.000000 0.000000 0.500000 0.000000 -0.866025 3794b.dat
1 4 238.660200 -32.000000 -215.000000 -0.866025 0.000000 -0.500000 0.000000 1.000000 0.000000 0.500000 0.000000 -0.866025 98138.dat
1 15 450.000000 -16.000000 -290.000000 0.000000 0.000000 1.000000 0.000000 1.000000 0.000000 -1.000000 0.000000 0.000000 3024.dat
1 15 430.000000 -16.000000 -270.000000 0.000000 0.000000 1.000000 0.000000 1.000000 0.000000 -1.000000 0.000000 0.000000 14719.dat
1 4 450.000000 -24.000000 -290.000000 0.500000 0.000000 0.866025 0.000000 1.000000 0.000000 -0.866025 0.000000 0.500000 3024.dat
1 2 450.000000 -32.000000 -290.000000 0.500000 0.000000 0.866025 0.000000 1.000000 0.000000 -0.866025 0.000000 0.500000 3070b.dat
1 15 470.000000 -16.000000 -210.000000 0.000000 0.000000 -1.000000 0.000000 1.000000 0.000000 1.000000 0.000000 0.000000 3024.dat
1 15 490.000000 -16.000000 -230.000000 0.000000 0.000000 -1.000000 0.000000 1.000000 0.000000 1.000000 0.000000 0.000000 14719.dat
1 2 470.000000 -24.000000 -210.000000 0.000000 0.000000 -1.000000 0.000000 1.000000 0.000000 1.000000 0.000000 0.000000 4032a.dat
1 23 470.000000 -32.000000 -210.000000 0.000000 0.000000 -1.000000 0.000000 1.000000 0.000000 1.000000 0.000000 0.000000 18674.dat
1 2 470.000000 -40.000000 -210.000000 0.000000 0.000000 -1.000000 0.000000 1.000000 0.000000 1.000000 0.000000 0.000000 6141.dat
1 15 -10.000000 -48.000000 -230.000000 1.000000 0.000000 0.000000 0.000000 1.000000 0.000000 0.000000 0.000000 1.000000 3024.dat
1 2 -10.000000 -56.000000 -230.000000 0.866025 0.000000 -0.500000 0.000000 1.000000 0.000000 0.500000 0.000000 0.866025 3024.dat
1 4 -10.000000 -64.000000 -230.000000 0.866025 0.000000 -0.500000 0.000000 1.000000 0.000000 0.500000 0.000000 0.866025 98138.dat
1 15 -90.000000 -48.000000 -270.000000 1.000000 0.000000 0.000000 0.000000 1.000000 0.000000 0.000000 0.000000 1.000000 14719.dat
1 15 -70.000000 -48.000000 -250.000000 -1.000000 0.000000 0.000000 0.000000 1.000000 0.000000 0.000000 0.000000 -1.000000 3024.dat
1 15 -80.000000 -48.000000 -230.000000 1.000000 0.000000 0.000000 0.000000 1.000000 0.000000 0.000000 0.000000 1.000000 3069b.dat
1 4 -70.000000 -56.000000 -250.000000 -0.500000 0.000000 0.866025 0.000000 1.000000 0.000000 -0.866025 0.000000 -0.500000 3794b.dat
1 2 -70.000000 -64.000000 -250.000000 -1.000000 0.000000 0.000000 0.000000 1.000000 0.000000 0.000000 0.000000 -1.000000 3070b.dat
1 4 80.000000 -24.000000 -100.000000 -0.866025 0.000000 0.500000 0.000000 1.000000 0.000000 -0.500000 0.000000 -0.866025 3020.dat
1 4 54.019200 -32.000000 -115.000000 -0.500000 0.000000 -0.866025 0.000000 1.000000 0.000000 0.866025 0.000000 -0.500000 3069b.dat
1 4 97.320510 -32.000000 -90.000000 -0.866025 0.000000 0.500000 0.000000 1.000000 0.000000 -0.500000 0.000000 -0.866025 3068b.dat
1 2 71.339800 -32.000000 -104.999900 -0.500000 0.000000 -0.866025 0.000000 1.000000 0.000000 0.866025 0.000000 -0.500000 3794b.dat
1 2 71.339800 -40.000000 -105.000000 -0.866025 0.000000 -0.500000 0.000000 1.000000 0.000000 0.500000 0.000000 -0.866025 3024.dat
1 15 160.000000 -16.000000 -100.000000 1.000000 0.000000 0.000000 0.000000 1.000000 0.000000 0.000000 0.000000 1.000000 3068b.dat
1 15 80.000000 -16.000000 -100.000000 1.000000 0.000000 0.000000 0.000000 1.000000 0.000000 0.000000 0.000000 1.000000 87580.dat
1 15 490.000000 -120.000000 -30.000000 1.000000 0.000000 0.000000 0.000000 1.000000 0.000000 0.000000 0.000000 1.000000 3024.dat
1 15 490.000000 -120.000000 -10.000000 1.000000 0.000000 0.000000 0.000000 1.000000 0.000000 0.000000 0.000000 1.000000 63864.dat
1 4 490.000000 -128.000000 -30.000000 0.500000 0.000000 -0.866025 0.000000 1.000000 0.000000 0.866025 0.000000 0.500000 3024.dat
1 15 490.000000 -136.000000 -30.000000 0.866025 0.000000 0.500000 0.000000 1.000000 0.000000 -0.500000 0.000000 0.866025 3024.dat
1 4 490.000000 -144.000000 -30.000000 0.500000 0.000000 -0.866025 0.000000 1.000000 0.000000 0.866025 0.000000 0.500000 3024.dat
1 15 490.000000 -152.000000 -30.000000 0.866025 0.000000 0.500000 0.000000 1.000000 0.000000 -0.500000 0.000000 0.866025 3024.dat
1 15 -40.000000 -216.000000 60.000000 -1.000000 0.000000 0.000000 0.000000 1.000000 0.000000 0.000000 0.000000 -1.000000 87580.dat
1 15 -40.000000 -216.000000 90.000000 -1.000000 0.000000 0.000000 0.000000 1.000000 0.000000 0.000000 0.000000 -1.000000 3069b.dat
1 15 -40.000000 -216.000000 30.000000 -1.000000 0.000000 0.000000 0.000000 1.000000 0.000000 0.000000 0.000000 -1.000000 3069b.dat
1 14 -40.000000 -232.000000 60.000000 -0.500000 0.000000 0.866025 0.000000 1.000000 0.000000 -0.866025 0.000000 -0.500000 3794b.dat
1 2 -40.000000 -240.000000 60.000000 -0.500000 0.000000 0.866025 0.000000 1.000000 0.000000 -0.866025 0.000000 -0.500000 6141.dat
1 15 250.000000 -120.000000 -30.000000 0.000000 0.000000 -1.000000 0.000000 1.000000 0.000000 1.000000 0.000000 0.000000 3024.dat
1 15 250.000000 -120.000000 -10.000000 1.000000 0.000000 0.000000 0.000000 1.000000 0.000000 0.000000 0.000000 1.000000 3070b.dat
1 15 230.000000 -120.000000 -30.000000 1.000000 0.000000 0.000000 0.000000 1.000000 0.000000 0.000000 0.000000 1.000000 3070b.dat
1 23 250.000000 -128.000000 -30.000000 -0.500000 0.000000 -0.866025 0.000000 1.000000 0.000000 0.866025 0.000000 -0.500000 3024.dat
1 23 250.000000 -136.000000 -30.000000 -0.500000 0.000000 -0.866025 0.000000 1.000000 0.000000 0.866025 0.000000 -0.500000 3024.dat
1 14 250.000000 -144.000000 -30.000000 -0.500000 0.000000 -0.866025 0.000000 1.000000 0.000000 0.866025 0.000000 -0.500000 98138.dat
1 15 -50.000000 -16.000000 -390.000000 0.000000 0.000000 1.000000 0.000000 1.000000 0.000000 -1.000000 0.000000 0.000000 14719.dat
1 15 -30.000000 -16.000000 -410.000000 0.000000 0.000000 -1.000000 0.000000 1.000000 0.000000 1.000000 0.000000 0.000000 3024.dat
1 15 -30.000000 -24.000000 -410.000000 -0.866026 0.000000 -0.500000 0.000000 1.000000 0.000000 0.500000 0.000000 -0.866026 3623.dat
1 15 -12.679500 -32.000000 -420.000000 -0.866026 0.000000 -0.500000 0.000000 1.000000 0.000000 0.500000 0.000000 -0.866026 3070b.dat
1 15 -47.320500 -32.000000 -400.000000 -0.866026 0.000000 -0.500000 0.000000 1.000000 0.000000 0.500000 0.000000 -0.866026 3070b.dat
1 4 -30.000000 -32.000000 -410.000000 -0.866026 0.000000 -0.500000 0.000000 1.000000 0.000000 0.500000 0.000000 -0.866026 3024.dat
1 4 -30.000000 -40.000000 -410.000000 -1.000000 0.000000 0.000000 0.000000 1.000000 0.000000 0.000000 0.000000 -1.000000 3070b.dat
1 15 250.000000 -16.000000 -230.000000 0.000000 0.000000 -1.000000 0.000000 1.000000 0.000000 1.000000 0.000000 0.000000 14719.dat
1 15 230.000000 -16.000000 -210.000000 1.000000 0.000000 0.000000 0.000000 1.000000 0.000000 0.000000 0.000000 1.000000 3024.dat
1 8 501.339700 -32.000000 -315.000000 -0.866025 0.000000 0.500000 0.000000 1.000000 0.000000 -0.500000 0.000000 -0.866025 3794b.dat
1 25 501.339700 -40.000000 -315.000000 0.500000 0.000000 0.866026 0.000000 1.000000 0.000000 -0.866026 0.000000 0.500000 3024.dat
1 15 180.000000 -216.000000 80.000000 1.000000 0.000000 0.000000 0.000000 1.000000 0.000000 0.000000 0.000000 1.000000 87580.dat
1 15 140.000000 -216.000000 80.000000 -1.000000 0.000000 0.000000 0.000000 1.000000 0.000000 0.000000 0.000000 -1.000000 3068b.dat
1 0 180.000000 -224.000000 80.000000 0.866026 0.000000 -0.500000 0.000000 1.000000 0.000000 0.500000 0.000000 0.866026 3623.dat
1 0 197.320500 -232.000000 90.000000 0.866026 0.000000 -0.500000 0.000000 1.000000 0.000000 0.500000 0.000000 0.866026 3070b.dat
1 0 162.679500 -232.000000 70.000000 0.866026 0.000000 -0.500000 0.000000 1.000000 0.000000 0.500000 0.000000 0.866026 3070b.dat
1 14 180.000000 -232.000000 80.000000 0.866026 0.000000 -0.500000 0.000000 1.000000 0.000000 0.500000 0.000000 0.866026 3024.dat
1 14 180.000000 -240.000000 80.000000 0.866026 0.000000 -0.500000 0.000000 1.000000 0.000000 0.500000 0.000000 0.866026 98138.dat
1 15 160.000000 -16.000000 -460.000000 1.000000 0.000000 0.000000 0.000000 1.000000 0.000000 0.000000 0.000000 1.000000 3068b.dat
1 15 160.000000 -16.000000 -380.000000 1.000000 0.000000 0.000000 0.000000 1.000000 0.000000 0.000000 0.000000 1.000000 3068b.dat
1 15 160.000000 -16.000000 -340.000000 1.000000 0.000000 0.000000 0.000000 1.000000 0.000000 0.000000 0.000000 1.000000 3068b.dat
1 15 120.000000 -16.000000 -440.000000 1.000000 0.000000 0.000000 0.000000 1.000000 0.000000 0.000000 0.000000 1.000000 3068b.dat
1 15 120.000000 -16.000000 -400.000000 1.000000 0.000000 0.000000 0.000000 1.000000 0.000000 0.000000 0.000000 1.000000 3068b.dat
1 15 120.000000 -16.000000 -360.000000 1.000000 0.000000 0.000000 0.000000 1.000000 0.000000 0.000000 0.000000 1.000000 3068b.dat
1 15 240.000000 -16.000000 -380.000000 1.000000 0.000000 0.000000 0.000000 1.000000 0.000000 0.000000 0.000000 1.000000 3068b.dat
1 15 240.000000 -16.000000 -340.000000 1.000000 0.000000 0.000000 0.000000 1.000000 0.000000 0.000000 0.000000 1.000000 3068b.dat
1 15 200.000000 -16.000000 -400.000000 1.000000 0.000000 0.000000 0.000000 1.000000 0.000000 0.000000 0.000000 1.000000 3068b.dat
1 15 200.000000 -16.000000 -360.000000 1.000000 0.000000 0.000000 0.000000 1.000000 0.000000 0.000000 0.000000 1.000000 3068b.dat
1 15 280.000000 -16.000000 -400.000000 1.000000 0.000000 0.000000 0.000000 1.000000 0.000000 0.000000 0.000000 1.000000 3068b.dat
1 15 120.000000 -16.000000 -480.000000 1.000000 0.000000 0.000000 0.000000 1.000000 0.000000 0.000000 0.000000 1.000000 3068b.dat
1 15 120.000000 -16.000000 -520.000000 1.000000 0.000000 0.000000 0.000000 1.000000 0.000000 0.000000 0.000000 1.000000 3068b.dat
1 15 200.000000 -16.000000 -520.000000 1.000000 0.000000 0.000000 0.000000 1.000000 0.000000 0.000000 0.000000 1.000000 3068b.dat
1 15 280.000000 -16.000000 -480.000000 1.000000 0.000000 0.000000 0.000000 1.000000 0.000000 0.000000 0.000000 1.000000 3068b.dat
1 15 280.000000 -16.000000 -520.000000 1.000000 0.000000 0.000000 0.000000 1.000000 0.000000 0.000000 0.000000 1.000000 3068b.dat
1 15 270.000000 -16.000000 -350.000000 0.000000 0.000000 1.000000 0.000000 1.000000 0.000000 -1.000000 0.000000 0.000000 14719.dat
1 15 270.000000 -16.000000 -450.000000 1.000000 0.000000 0.000000 0.000000 1.000000 0.000000 0.000000 0.000000 1.000000 14719.dat
1 15 270.000000 -16.000000 -330.000000 1.000000 0.000000 0.000000 0.000000 1.000000 0.000000 0.000000 0.000000 1.000000 14719.dat
1 15 290.000000 -16.000000 -310.000000 0.000000 0.000000 1.000000 0.000000 1.000000 0.000000 -1.000000 0.000000 0.000000 3024.dat
1 0 298.660200 -48.000000 -305.923100 -0.500000 0.000000 -0.866025 0.000000 1.000000 0.000000 0.866025 0.000000 -0.500000 4595.dat
1 25 290.000000 -64.000000 -310.923100 -0.866025 0.000000 0.500000 0.000000 1.000000 0.000000 -0.500000 0.000000 -0.866025 32828.dat
1 8 307.320500 -48.000000 -300.923100 -0.500000 0.000000 -0.866025 0.000000 1.000000 0.000000 0.866025 0.000000 -0.500000 54200.dat
1 8 290.000000 -56.000000 -310.923100 -0.500000 0.000000 -0.866025 0.000000 1.000000 0.000000 0.866025 0.000000 -0.500000 3024.dat
1 25 286.339700 -38.000000 -324.583300 0.000000 -0.500000 -0.866025 -1.000000 0.000000 0.000000 0.000000 0.866025 -0.500000 61409.dat
1 25 312.320500 -38.000000 -309.583300 0.000000 -0.500000 0.866025 1.000000 0.000000 0.000000 0.000000 0.866025 0.500000 54200.dat
1 25 276.339800 -38.000000 -307.262800 0.000000 0.500000 -0.866025 1.000000 0.000000 0.000000 0.000000 -0.866025 -0.500000 61409.dat
1 25 302.320500 -38.000000 -292.262800 0.000000 0.500000 0.866025 -1.000000 0.000000 0.000000 0.000000 -0.866025 0.500000 54200.dat
1 40 274.411500 -38.000000 -319.923100 -0.500000 0.866025 0.000000 0.000000 0.000000 1.000000 0.866025 0.500000 0.000000 3024.dat
1 40 267.483300 -38.000000 -323.923100 -0.500000 0.866025 0.000000 0.000000 0.000000 1.000000 0.866025 0.500000 0.000000 3024.dat
1 8 246.698700 -38.000000 -335.923100 0.000000 0.866025 0.500000 1.000000 0.000000 0.000000 0.000000 0.500000 -0.866025 47905.dat
1 25 260.359000 -38.000000 -339.583300 0.000000 -0.500000 0.866025 1.000000 0.000000 0.000000 0.000000 0.866025 0.500000 54200.dat
1 25 250.359000 -38.000000 -322.262800 0.000000 0.500000 0.866025 -1.000000 0.000000 0.000000 0.000000 -0.866025 0.500000 54200.dat
1 47 290.000000 -24.000000 -310.000000 0.000000 0.000000 1.000000 0.000000 1.000000 0.000000 -1.000000 0.000000 0.000000 85861.dat
1 47 290.000000 -32.000000 -310.000000 0.000000 0.000000 1.000000 0.000000 1.000000 0.000000 -1.000000 0.000000 0.000000 85861.dat
1 15 160.000000 -16.000000 -180.000000 -1.000000 0.000000 0.000000 0.000000 1.000000 0.000000 0.000000 0.000000 -1.000000 87580.dat
1 8 160.000000 -40.000000 -180.000000 0.866025 0.000000 0.500000 0.000000 1.000000 0.000000 -0.500000 0.000000 0.866025 47905.dat
1 0 178.000000 -32.000000 -148.823100 0.000000 0.500000 -0.866025 -1.000000 0.000000 0.000000 0.000000 0.866025 0.500000 32523.dat
1 0 142.000000 -32.000000 -211.176900 0.000000 0.500000 -0.866025 -1.000000 0.000000 0.000000 0.000000 0.866025 0.500000 32523.dat
1 25 160.000000 -48.000000 -180.000000 0.500000 0.000000 0.866026 0.000000 1.000000 0.000000 -0.866026 0.000000 0.500000 3022.dat
1 8 165.000000 -56.000000 -188.660200 0.866026 0.000000 -0.500000 0.000000 1.000000 0.000000 0.500000 0.000000 0.866026 3794b.dat
1 25 155.000000 -72.000000 -171.339800 0.866026 0.000000 -0.500000 0.000000 1.000000 0.000000 0.500000 0.000000 0.866026 3070b.dat
1 8 155.000000 -56.000000 -171.339800 0.866026 0.000000 -0.500000 0.000000 1.000000 0.000000 0.500000 0.000000 0.866026 3794b.dat
1 25 155.000000 -64.000000 -171.339800 -0.866026 0.000000 0.500000 0.000000 1.000000 0.000000 -0.500000 0.000000 -0.866026 36841.dat
1 25 144.000000 -54.000000 -152.287200 0.866026 0.500000 0.000000 0.000000 0.000000 1.000000 0.500000 -0.866026 0.000000 4081b.dat
1 25 155.392300 -74.000000 -148.019300 0.500000 -0.866026 0.000000 0.000000 0.000000 1.000000 -0.866026 -0.500000 0.000000 85861.dat
1 25 134.607700 -74.000000 -160.019300 -0.500000 0.866026 0.000000 0.000000 0.000000 1.000000 0.866026 0.500000 0.000000 85861.dat
1 25 166.650600 -79.000000 -151.519200 0.433013 -0.866025 0.250000 -0.499999 0.000000 0.866026 -0.750001 -0.500000 -0.433012 35480.dat
1 25 132.009600 -78.999980 -171.519300 -0.433013 0.866026 0.250000 0.500000 0.000000 0.866026 0.750000 0.500000 -0.433013 35480.dat
1 25 140.000000 -54.000000 -145.359000 0.866026 0.500000 0.000000 0.000000 0.000000 1.000000 0.500000 -0.866026 0.000000 3069b.dat
1 0 191.765400 -84.000010 -147.019200 0.499999 -0.866026 0.000000 0.000001 0.000001 1.000000 -0.866026 -0.499999 0.000001 4733.dat
1 0 203.694100 -83.999880 -151.679400 0.500000 -0.866032 0.000000 0.000003 0.000000 1.000006 -0.866026 -0.499999 0.000004 3069b.dat
1 0 188.105700 -65.999760 -160.679300 0.500000 0.000000 -0.866032 0.000003 -1.000006 0.000000 -0.866026 -0.000004 -0.499999 3069b.dat
1 0 188.105700 -102.000000 -160.679600 0.500000 0.000000 0.866032 0.000003 1.000006 0.000000 -0.866026 0.000004 0.499999 3069b.dat
1 0 192.105900 -83.999860 -167.607700 -0.866032 -0.500000 0.000000 0.000000 -0.000003 1.000006 -0.500000 0.866028 0.000004 3070b.dat
1 0 115.555100 -83.999950 -191.019200 0.499998 0.866027 -0.000002 -0.000002 -0.000001 -1.000000 -0.866027 0.499998 0.000001 4733.dat
1 0 113.626700 -83.999970 -203.679100 0.499998 0.866027 -0.000002 -0.000003 -0.000001 -1.000000 -0.866026 0.499996 0.000001 3069b.dat
1 0 129.215900 -102.000000 -194.678900 0.499996 0.000002 0.866021 -0.000003 1.000000 -0.000001 -0.866026 -0.000001 0.499996 3069b.dat
1 0 129.215300 -65.999980 -194.679100 0.499998 -0.000002 -0.866027 -0.000003 -1.000000 0.000001 -0.866026 0.000001 -0.499996 3069b.dat
1 0 133.215200 -84.000020 -201.607300 0.866027 -0.499998 -0.000002 -0.000001 0.000003 -1.000000 0.499996 0.866026 0.000001 3070b.dat
1 40 165.000000 -56.000000 -188.660200 0.866026 0.000000 -0.500000 0.000000 1.000000 0.000000 0.500000 0.000000 0.866026 54200.dat
1 8 169.000000 -30.000000 -164.411500 0.866025 -0.500000 0.000000 0.000000 0.000000 1.000000 -0.500000 -0.866025 0.000000 35480.dat
1 8 173.000000 -30.000000 -157.483300 0.866025 -0.500000 0.000000 0.000000 0.000000 1.000000 -0.500000 -0.866025 0.000000 3794b.dat
1 8 151.000000 -30.000000 -195.588500 0.866025 0.500000 0.000000 0.000000 0.000000 -1.000000 -0.500000 0.866025 0.000000 35480.dat
1 8 147.000000 -30.000000 -202.516700 0.866025 0.500000 0.000000 0.000000 0.000000 -1.000000 -0.500000 0.866025 0.000000 3794b.dat
1 15 200.000000 -16.000000 -200.000000 1.000000 0.000000 0.000000 0.000000 1.000000 0.000000 0.000000 0.000000 1.000000 3068b.dat
1 15 120.000000 -16.000000 -200.000000 1.000000 0.000000 0.000000 0.000000 1.000000 0.000000 0.000000 0.000000 1.000000 3068b.dat
1 15 120.000000 -16.000000 -160.000000 1.000000 0.000000 0.000000 0.000000 1.000000 0.000000 0.000000 0.000000 1.000000 3068b.dat
1 15 370.000000 -120.000000 -30.000000 -1.000000 0.000000 0.000000 0.000000 1.000000 0.000000 0.000000 0.000000 -1.000000 14719.dat
1 15 360.000000 -120.000000 -70.000000 -1.000000 0.000000 0.000000 0.000000 1.000000 0.000000 0.000000 0.000000 -1.000000 3069b.dat
1 15 350.000000 -120.000000 -50.000000 -1.000000 0.000000 0.000000 0.000000 1.000000 0.000000 0.000000 0.000000 -1.000000 3024.dat
1 47 350.000000 -128.000000 -50.000000 -1.000000 0.000000 0.000000 0.000000 1.000000 0.000000 0.000000 0.000000 -1.000000 85861.dat
1 8 350.000000 -136.000000 -50.000000 -0.866025 0.000000 -0.500000 0.000000 1.000000 0.000000 0.500000 0.000000 -0.866025 3794b.dat
1 25 330.000000 -144.000000 -84.641000 -0.500000 0.000000 0.866025 0.000000 1.000000 0.000000 -0.866025 0.000000 -0.500000 3070b.dat
1 40 340.000000 -152.000000 -67.320500 -0.500000 0.000000 0.866025 0.000000 1.000000 0.000000 -0.866025 0.000000 -0.500000 3070b.dat
1 8 350.000000 -152.000000 -50.000000 -0.866025 0.000000 -0.500000 0.000000 1.000000 0.000000 0.500000 0.000000 -0.866025 3069b.dat
1 15 80.000000 -16.000000 -420.000000 1.000000 0.000000 0.000000 0.000000 1.000000 0.000000 0.000000 0.000000 1.000000 87580.dat
1 0 80.000000 -40.000000 -420.000000 -0.866025 0.000000 -0.500000 0.000000 1.000000 0.000000 0.500000 0.000000 -0.866025 4733.dat
1 0 69.411500 -30.000000 -402.339800 -0.500000 0.866025 0.000000 0.000000 0.000000 -1.000000 -0.866025 -0.500000 0.000000 35480.dat
1 0 100.588500 -30.000000 -420.339800 -0.500000 -0.866025 0.000000 0.000000 0.000000 1.000000 -0.866025 0.500000 0.000000 35480.dat
1 8 67.483300 -30.000000 -389.679500 0.000000 0.866025 -0.500000 1.000000 0.000000 0.000000 0.000000 -0.500000 -0.866025 49673.dat
1 8 112.516700 -30.000000 -415.679500 0.000000 -0.866025 -0.500000 -1.000000 0.000000 0.000000 0.000000 0.500000 -0.866025 49673.dat
1 8 52.483300 -30.000000 -415.660200 0.000000 0.866025 -0.500000 1.000000 0.000000 0.000000 0.000000 -0.500000 -0.866025 61409.dat
1 8 97.516700 -30.000000 -441.660200 0.000000 -0.866025 -0.500000 -1.000000 0.000000 0.000000 0.000000 0.500000 -0.866025 61409.dat
1 0 70.999980 -30.000000 -435.588500 -0.866025 0.500000 0.000000 0.000000 0.000000 1.000000 0.500000 0.866025 0.000000 36840.dat
1 0 70.999980 -30.000000 -435.588500 0.866025 0.500000 0.000000 0.000000 0.000000 -1.000000 -0.500000 0.866025 0.000000 54200.dat
1 0 69.999960 -51.999980 -437.320500 -0.866025 0.000000 -0.500000 0.000000 1.000000 0.000000 0.500000 0.000000 -0.866025 3070b.dat
1 0 47.483300 -30.000000 -424.320500 -0.500000 0.866025 0.000000 0.000000 0.000000 -1.000000 -0.866025 -0.500000 0.000000 3623.dat
1 0 92.516700 -30.000000 -450.320500 -0.500000 -0.866025 0.000000 0.000000 0.000000 1.000000 -0.866025 0.500000 0.000000 3623.dat
1 8 37.483300 -30.000000 -441.641000 0.000000 0.866025 0.500000 -1.000000 0.000000 0.000000 0.000000 -0.500000 0.866025 54200.dat
1 8 82.516700 -30.000000 -467.641000 0.000000 -0.866025 0.500000 1.000000 0.000000 0.000000 0.000000 0.500000 0.866025 54200.dat
1 40 80.000000 -40.000000 -420.000000 -0.866025 0.000000 -0.500000 0.000000 1.000000 0.000000 0.500000 0.000000 -0.866025 54200.dat
1 0 114.641000 -240.000000 60.000000 0.500000 0.000000 -0.866025 0.000000 1.000000 0.000000 0.866025 0.000000 0.500000 54200.dat
1 0 88.660300 -240.000000 75.000000 -0.500000 0.000000 0.866025 0.000000 1.000000 0.000000 -0.866025 0.000000 -0.500000 61409.dat
1 0 80.000000 -232.000000 80.000000 0.500000 0.000000 -0.866025 0.000000 1.000000 0.000000 0.866025 0.000000 0.500000 49673.dat
1 8 97.320510 -240.000000 70.000000 -0.866025 0.000000 -0.500000 0.000000 1.000000 0.000000 0.500000 0.000000 -0.866025 3623.dat
1 15 480.000000 -16.000000 -460.000000 1.000000 0.000000 0.000000 0.000000 1.000000 0.000000 0.000000 0.000000 1.000000 3068b.dat
1 15 110.000000 -216.000000 80.000000 0.000000 0.000000 -1.000000 0.000000 1.000000 0.000000 1.000000 0.000000 0.000000 3069b.dat
1 15 80.000000 -216.000000 80.000000 0.000000 0.000000 1.000000 0.000000 1.000000 0.000000 -1.000000 0.000000 0.000000 87580.dat
1 47 80.000000 -224.000000 80.000000 0.000000 0.000000 1.000000 0.000000 1.000000 0.000000 -1.000000 0.000000 0.000000 85861.dat
1 15 470.000000 -16.000000 -430.000000 -1.000000 0.000000 0.000000 0.000000 1.000000 0.000000 0.000000 0.000000 -1.000000 3024.dat
1 15 490.000000 -16.000000 -410.000000 -1.000000 0.000000 0.000000 0.000000 1.000000 0.000000 0.000000 0.000000 -1.000000 14719.dat
1 4 490.000000 -160.000000 -30.000000 0.866025 0.000000 0.500000 0.000000 1.000000 0.000000 -0.500000 0.000000 0.866025 3070b.dat
1 47 470.000000 -24.000000 -430.000000 0.000000 0.000000 1.000000 0.000000 1.000000 0.000000 -1.000000 0.000000 0.000000 85861.dat
1 0 475.000000 -40.000000 -438.660200 -0.866025 0.000000 0.500000 0.000000 1.000000 0.000000 -0.500000 0.000000 -0.866025 4595.dat
1 0 470.000000 -48.000000 -430.000000 -0.866025 0.000000 0.500000 0.000000 1.000000 0.000000 -0.500000 0.000000 -0.866025 85861.dat
1 25 470.000000 -56.000000 -430.000000 -1.000000 0.000000 0.000000 0.000000 1.000000 0.000000 0.000000 0.000000 -1.000000 3023.dat
1 0 480.000000 -64.000000 -430.000000 -1.000000 0.000000 0.000000 0.000000 1.000000 0.000000 0.000000 0.000000 -1.000000 3070b.dat
1 40 460.000000 -64.000000 -430.000000 -1.000000 0.000000 0.000000 0.000000 1.000000 0.000000 0.000000 0.000000 -1.000000 3070b.dat
1 25 478.660300 -30.000000 -424.999900 0.000000 -0.866025 0.500000 -1.000000 0.000000 0.000000 0.000000 -0.500000 -0.866025 54200.dat
1 25 461.339800 -30.000000 -434.999900 0.000000 0.866025 0.500000 1.000000 0.000000 0.000000 0.000000 0.500000 -0.866025 54200.dat
1 25 476.339800 -30.000000 -460.980700 0.000000 0.866025 -0.500000 -1.000000 0.000000 0.000000 0.000000 0.500000 0.866025 61409.dat
1 25 493.660300 -30.000000 -450.980600 0.000000 -0.866025 -0.500000 1.000000 0.000000 0.000000 0.000000 -0.500000 0.866025 61409.dat
1 288 10.000000 -48.000000 -290.000000 1.000000 0.000000 0.000000 0.000000 1.000000 0.000000 0.000000 0.000000 1.000000 32607.dat
1 4 10.000000 -56.000000 -290.000000 1.000000 0.000000 0.000000 0.000000 1.000000 0.000000 0.000000 0.000000 1.000000 6141.dat
1 15 20.000000 -48.000000 -260.000000 1.000000 0.000000 0.000000 0.000000 1.000000 0.000000 0.000000 0.000000 1.000000 3068b.dat
1 15 270.000000 -112.000000 -110.000000 -1.000000 0.000000 0.000000 0.000000 1.000000 0.000000 0.000000 0.000000 -1.000000 3024.dat
1 288 270.000000 -120.000000 -110.000000 0.000000 0.000000 1.000000 0.000000 1.000000 0.000000 -1.000000 0.000000 0.000000 32607.dat
1 4 270.000000 -128.000000 -110.000000 0.000000 0.000000 1.000000 0.000000 1.000000 0.000000 -1.000000 0.000000 0.000000 6141.dat
1 288 490.000000 -192.000000 50.000000 1.000000 0.000000 0.000000 0.000000 1.000000 0.000000 0.000000 0.000000 1.000000 32607.dat
1 4 490.000000 -200.000000 50.000000 1.000000 0.000000 0.000000 0.000000 1.000000 0.000000 0.000000 0.000000 1.000000 6141.dat
1 15 -10.000000 -216.000000 10.000000 1.000000 0.000000 0.000000 0.000000 1.000000 0.000000 0.000000 0.000000 1.000000 3070b.dat
1 288 -30.000000 -216.000000 10.000000 0.000000 0.000000 1.000000 0.000000 1.000000 0.000000 -1.000000 0.000000 0.000000 32607.dat
1 4 -30.000000 -224.000000 10.000000 0.000000 0.000000 1.000000 0.000000 1.000000 0.000000 -1.000000 0.000000 0.000000 6141.dat
1 15 410.000000 -208.000000 50.000000 -1.000000 0.000000 0.000000 0.000000 1.000000 0.000000 0.000000 0.000000 -1.000000 3024.dat
1 288 410.000000 -216.000000 50.000000 0.000000 0.000000 1.000000 0.000000 1.000000 0.000000 -1.000000 0.000000 0.000000 32607.dat
1 4 410.000000 -224.000000 50.000000 0.000000 0.000000 1.000000 0.000000 1.000000 0.000000 -1.000000 0.000000 0.000000 6141.dat
1 15 250.000000 -16.000000 -410.000000 1.000000 0.000000 0.000000 0.000000 1.000000 0.000000 0.000000 0.000000 1.000000 3024.dat
1 15 210.000000 -16.000000 -450.000000 1.000000 0.000000 0.000000 0.000000 1.000000 0.000000 0.000000 0.000000 1.000000 3024.dat
1 15 230.000000 -16.000000 -490.000000 1.000000 0.000000 0.000000 0.000000 1.000000 0.000000 0.000000 0.000000 1.000000 3024.dat
1 15 150.000000 -16.000000 -490.000000 1.000000 0.000000 0.000000 0.000000 1.000000 0.000000 0.000000 0.000000 1.000000 3024.dat
1 15 170.000000 -16.000000 -430.000000 1.000000 0.000000 0.000000 0.000000 1.000000 0.000000 0.000000 0.000000 1.000000 3024.dat
1 15 240.000000 -16.000000 -460.000000 -1.000000 0.000000 0.000000 0.000000 1.000000 0.000000 0.000000 0.000000 -1.000000 3068b.dat
1 15 200.000000 -16.000000 -480.000000 -1.000000 0.000000 0.000000 0.000000 1.000000 0.000000 0.000000 0.000000 -1.000000 3068b.dat
1 15 250.000000 -16.000000 -510.000000 0.000000 0.000000 -1.000000 0.000000 1.000000 0.000000 1.000000 0.000000 0.000000 14719.dat
1 15 170.000000 -16.000000 -510.000000 0.000000 0.000000 -1.000000 0.000000 1.000000 0.000000 1.000000 0.000000 0.000000 14719.dat
1 15 150.000000 -16.000000 -410.000000 0.000000 0.000000 1.000000 0.000000 1.000000 0.000000 -1.000000 0.000000 0.000000 14719.dat
1 15 190.000000 -16.000000 -430.000000 0.000000 0.000000 1.000000 0.000000 1.000000 0.000000 -1.000000 0.000000 0.000000 14719.dat
1 15 230.000000 -16.000000 -430.000000 1.000000 0.000000 0.000000 0.000000 1.000000 0.000000 0.000000 0.000000 1.000000 14719.dat
1 7 250.000000 -24.000000 -410.000000 1.000000 0.000000 0.000000 0.000000 1.000000 0.000000 0.000000 0.000000 1.000000 98138.dat
1 7 230.000000 -24.000000 -490.000000 1.000000 0.000000 0.000000 0.000000 1.000000 0.000000 0.000000 0.000000 1.000000 98138.dat
1 7 210.000000 -24.000000 -450.000000 1.000000 0.000000 0.000000 0.000000 1.000000 0.000000 0.000000 0.000000 1.000000 98138.dat
1 7 170.000000 -24.000000 -430.000000 1.000000 0.000000 0.000000 0.000000 1.000000 0.000000 0.000000 0.000000 1.000000 98138.dat
1 7 150.000000 -24.000000 -490.000000 1.000000 0.000000 0.000000 0.000000 1.000000 0.000000 0.000000 0.000000 1.000000 98138.dat
1 2 -40.000000 -224.000000 60.000000 0.500000 0.000000 -0.866025 0.000000 1.000000 0.000000 0.866025 0.000000 0.500000 3023b.dat
1 25 501.339700 -24.000000 -315.000000 0.866026 0.000000 -0.500000 0.000000 1.000000 0.000000 0.500000 0.000000 0.866026 3023b.dat
1 8 335.000000 -136.000000 -75.980740 0.500000 0.000000 -0.866025 0.000000 1.000000 0.000000 0.866025 0.000000 0.500000 3023b.dat
1 25 345.000000 -144.000000 -58.660250 0.500000 0.000000 -0.866025 0.000000 1.000000 0.000000 0.866025 0.000000 0.500000 3023b.dat
1 15 409.999900 -192.000000 40.000000 0.000001 0.000000 1.000000 0.000000 1.000000 0.000000 -1.000000 0.000000 0.000001 3023b.dat
0 NOFILE

0 FILE 3023b.dat
0 Plate  1 x  2

0 Name: 3023b.dat

0 Author: James Jessiman

0 !LDRAW_ORG Part UPDATE 2023-03

0 !LICENSE Licensed under CC BY 4.0 : see CAreadme.txt



0 BFC CERTIFY CCW



0 !KEYWORDS BrickLink 3023, Rebrickable 3023



0 !HISTORY 2001-10-26 [PTadmin] Official Update 2001-01

0 !HISTORY 2002-05-07 {unknown} BFC Certification

0 !HISTORY 2002-06-11 [PTadmin] Official Update 2002-03

0 !HISTORY 2007-06-07 [PTadmin] Header formatted for Contributor Agreement

0 !HISTORY 2008-07-01 [PTadmin] Official Update 2008-01

0 !HISTORY 2020-03-07 [Sirio] Subparted

0 !HISTORY 2022-01-14 [PTadmin] Official Update 2022-01

0 !HISTORY 2023-05-26 [OrionP] Moved from 3023.dat

0 !HISTORY 2023-06-24 [OrionP] Official Update 2023-03





1 16 0 0 0 1 0 0 0 1 0 0 0 1 s__3023bs01.dat

4 16 -20 0 -10 -20 8 -10 20 8 -10 20 0 -10

0 NOFILE

0 FILE s__3023bs01.dat
0 ~Plate  1 x  2 without Front Face

0 Name: s\3023bs01.dat

0 Author: Massimo Maso [Sirio]

0 !LDRAW_ORG Subpart UPDATE 2023-03

0 !LICENSE Licensed under CC BY 4.0 : see CAreadme.txt



0 BFC CERTIFY CCW



0 !HISTORY 2022-01-14 [PTadmin] Official Update 2022-01

0 !HISTORY 2023-05-27 [OrionP] Moved from s\3023s01.dat

0 !HISTORY 2023-06-24 [OrionP] Official Update 2023-03





0 // Primitves

1 16 0 4 0 1 0 0 0 -1 0 0 0 1 stud3.dat

0 BFC INVERTNEXT

1 16 0 8 0 16 0 0 0 -4 0 0 0 6 box5.dat

1 16 0 8 0 20 0 0 0 -8 0 0 0 10 box4t.dat

1 16 0 0 0 1 0 0 0 1 0 0 0 1 stug-1x2.dat

0 // Faces

4 16 20 8 10 16 8 6 -16 8 6 -20 8 10

4 16 -20 8 10 -16 8 6 -16 8 -6 -20 8 -10

4 16 -20 8 -10 -16 8 -6 16 8 -6 20 8 -10

4 16 20 8 -10 16 8 -6 16 8 6 20 8 10

0 NOFILE

0 FILE stug-1x2.dat
0 Stud Group  1 x  2

0 Name: stug-1x2.dat

0 Author: Steffen [Steffen]

0 !LDRAW_ORG Primitive UPDATE 2011-01

0 !LICENSE Licensed under CC BY 4.0 : see CAreadme.txt



0 BFC CERTIFY CCW



0 !HISTORY 2011-07-25 [PTadmin] Official Update 2011-01





1 16 -10 0 0 1 0 0 0 1 0 0 0 1 stud.dat

1 16 10 0 0 1 0 0 0 1 0 0 0 1 stud.dat

0 NOFILE

0 FILE stud.dat
0 Stud

0 Name: stud.dat

0 Author: James Jessiman

0 !LDRAW_ORG Primitive UPDATE 2012-01

0 !LICENSE Licensed under CC BY 4.0 : see CAreadme.txt



0 BFC CERTIFY CCW



0 !HISTORY 2002-04-04 [sbliss] Modified for BFC compliance

0 !HISTORY 2002-04-25 [PTadmin] Official Update 2002-02

0 !HISTORY 2007-06-24 [PTadmin] Header formatted for Contributor Agreement

0 !HISTORY 2008-07-01 [PTadmin] Official Update 2008-01

0 !HISTORY 2012-02-16 [Philo] Changed to CCW

0 !HISTORY 2012-03-30 [PTadmin] Official Update 2012-01





1 16 0 0 0 6 0 0 0 1 0 0 0 6 4-4edge.dat

1 16 0 -4 0 6 0 0 0 1 0 0 0 6 4-4edge.dat

1 16 0 0 0 6 0 0 0 -4 0 0 0 6 4-4cyli.dat

1 16 0 -4 0 6 0 0 0 1 0 0 0 6 4-4disc.dat

0 NOFILE

0 FILE 4-4disc.dat
0 Disc 1.0

0 Name: 4-4disc.dat

0 Author: James Jessiman

0 !LDRAW_ORG Primitive UPDATE 2002-02

0 !LICENSE Licensed under CC BY 4.0 : see CAreadme.txt



0 BFC CERTIFY CCW



0 !HISTORY 1998-12-15 [PTadmin] Official Update 1998-10

0 !HISTORY 2002-03-23 [sbliss] Added BFC statement

0 !HISTORY 2002-04-25 [PTadmin] Official Update 2002-02

0 !HISTORY 2007-06-24 [PTadmin] Header formatted for Contributor Agreement

0 !HISTORY 2008-07-01 [PTadmin] Official Update 2008-01





3 16 0 0 0 1 0 0 0.9239 0 0.3827

3 16 0 0 0 0.9239 0 0.3827 0.7071 0 0.7071

3 16 0 0 0 0.7071 0 0.7071 0.3827 0 0.9239

3 16 0 0 0 0.3827 0 0.9239 0 0 1

3 16 0 0 0 0 0 1 -0.3827 0 0.9239

3 16 0 0 0 -0.3827 0 0.9239 -0.7071 0 0.7071

3 16 0 0 0 -0.7071 0 0.7071 -0.9239 0 0.3827

3 16 0 0 0 -0.9239 0 0.3827 -1 0 -0

3 16 0 0 0 -1 0 -0 -0.9239 0 -0.3827

3 16 0 0 0 -0.9239 0 -0.3827 -0.7071 0 -0.7071

3 16 0 0 0 -0.7071 0 -0.7071 -0.3827 0 -0.9239

3 16 0 0 0 -0.3827 0 -0.9239 0 0 -1

3 16 0 0 0 0 0 -1 0.3827 0 -0.9239

3 16 0 0 0 0.3827 0 -0.9239 0.7071 0 -0.7071

3 16 0 0 0 0.7071 0 -0.7071 0.9239 0 -0.3827

3 16 0 0 0 0.9239 0 -0.3827 1 0 0

0

0 NOFILE

0 FILE 4-4cyli.dat
0 Cylinder 1.0

0 Name: 4-4cyli.dat

0 Author: James Jessiman

0 !LDRAW_ORG Primitive UPDATE 2005-01

0 !LICENSE Licensed under CC BY 4.0 : see CAreadme.txt



0 BFC CERTIFY CCW



0 !HISTORY 1998-12-15 [PTadmin] Official Update 1998-10

0 !HISTORY 2002-03-23 [sbliss] Added BFC statement; merged headers from files in distributions LDraw 0.27 and Complete.

0 !HISTORY 2002-04-25 [PTadmin] Official Update 2002-02

0 !HISTORY 2004-12-14 [guyvivan] BFC CCW

0 !HISTORY 2005-12-28 [PTadmin] Official Update 2005-01

0 !HISTORY 2007-06-24 [PTadmin] Header formatted for Contributor Agreement

0 !HISTORY 2008-07-01 [PTadmin] Official Update 2008-01





4 16 1 1 0 0.9239 1 0.3827 0.9239 0 0.3827 1 0 0

5 24 1 0 0 1 1 0 0.9239 0 0.3827 0.9239 0 -0.3827

4 16 0.9239 1 0.3827 0.7071 1 0.7071 0.7071 0 0.7071 0.9239 0 0.3827

5 24 0.9239 0 0.3827 0.9239 1 0.3827 0.7071 0 0.7071 1 0 0

4 16 0.7071 1 0.7071 0.3827 1 0.9239 0.3827 0 0.9239 0.7071 0 0.7071

5 24 0.7071 0 0.7071 0.7071 1 0.7071 0.3827 0 0.9239 0.9239 0 0.3827

4 16 0.3827 1 0.9239 0 1 1 0 0 1 0.3827 0 0.9239

5 24 0.3827 0 0.9239 0.3827 1 0.9239 0 0 1 0.7071 0 0.7071

4 16 0 1 1 -0.3827 1 0.9239 -0.3827 0 0.9239 0 0 1

5 24 0 0 1 0 1 1 -0.3827 0 0.9239 0.3827 0 0.9239

4 16 -0.3827 1 0.9239 -0.7071 1 0.7071 -0.7071 0 0.7071 -0.3827 0 0.9239

5 24 -0.3827 0 0.9239 -0.3827 1 0.9239 -0.7071 0 0.7071 0 0 1

4 16 -0.7071 1 0.7071 -0.9239 1 0.3827 -0.9239 0 0.3827 -0.7071 0 0.7071

5 24 -0.7071 0 0.7071 -0.7071 1 0.7071 -0.9239 0 0.3827 -0.3827 0 0.9239

4 16 -0.9239 1 0.3827 -1 1 0 -1 0 0 -0.9239 0 0.3827

5 24 -0.9239 0 0.3827 -0.9239 1 0.3827 -1 0 0 -0.7071 0 0.7071

4 16 -1 1 0 -0.9239 1 -0.3827 -0.9239 0 -0.3827 -1 0 0

5 24 -1 0 0 -1 1 0 -0.9239 0 -0.3827 -0.9239 0 0.3827

4 16 -0.9239 1 -0.3827 -0.7071 1 -0.7071 -0.7071 0 -0.7071 -0.9239 0 -0.3827

5 24 -0.9239 0 -0.3827 -0.9239 1 -0.3827 -0.7071 0 -0.7071 -1 0 0

4 16 -0.7071 1 -0.7071 -0.3827 1 -0.9239 -0.3827 0 -0.9239 -0.7071 0 -0.7071

5 24 -0.7071 0 -0.7071 -0.7071 1 -0.7071 -0.3827 0 -0.9239 -0.9239 0 -0.3827

4 16 -0.3827 1 -0.9239 0 1 -1 0 0 -1 -0.3827 0 -0.9239

5 24 -0.3827 0 -0.9239 -0.3827 1 -0.9239 0 0 -1 -0.7071 0 -0.7071

4 16 0 1 -1 0.3827 1 -0.9239 0.3827 0 -0.9239 0 0 -1

5 24 0 0 -1 0 1 -1 0.3827 0 -0.9239 -0.3827 0 -0.9239

4 16 0.3827 1 -0.9239 0.7071 1 -0.7071 0.7071 0 -0.7071 0.3827 0 -0.9239

5 24 0.3827 0 -0.9239 0.3827 1 -0.9239 0.7071 0 -0.7071 0 0 -1

4 16 0.7071 1 -0.7071 0.9239 1 -0.3827 0.9239 0 -0.3827 0.7071 0 -0.7071

5 24 0.7071 0 -0.7071 0.7071 1 -0.7071 0.9239 0 -0.3827 0.3827 0 -0.9239

4 16 0.9239 1 -0.3827 1 1 0 1 0 0 0.9239 0 -0.3827

5 24 0.9239 0 -0.3827 0.9239 1 -0.3827 1 0 0 0.7071 0 -0.7071

0

0 NOFILE

0 FILE 4-4edge.dat
0 Circle 1.0

0 Name: 4-4edge.dat

0 Author: James Jessiman

0 !LDRAW_ORG Primitive UPDATE 2017-01

0 !LICENSE Licensed under CC BY 4.0 : see CAreadme.txt



0 BFC CERTIFY CCW



0 !HISTORY 1998-12-15 [PTadmin] Official Update 1998-10

0 !HISTORY 2005-12-28 [PTadmin] Official Update 2005-01

0 !HISTORY 2007-06-24 [PTadmin] Header formatted for Contributor Agreement

0 !HISTORY 2008-07-01 [PTadmin] Official Update 2008-01

0 !HISTORY 2017-01-15 [Steffen] BFCed

0 !HISTORY 2017-12-30 [PTadmin] Official Update 2017-01





2 24 1 0 0 0.9239 0 0.3827

2 24 0.9239 0 0.3827 0.7071 0 0.7071

2 24 0.7071 0 0.7071 0.3827 0 0.9239

2 24 0.3827 0 0.9239 0 0 1

2 24 0 0 1 -0.3827 0 0.9239

2 24 -0.3827 0 0.9239 -0.7071 0 0.7071

2 24 -0.7071 0 0.7071 -0.9239 0 0.3827

2 24 -0.9239 0 0.3827 -1 0 -0

2 24 -1 0 -0 -0.9239 0 -0.3827

2 24 -0.9239 0 -0.3827 -0.7071 0 -0.7071

2 24 -0.7071 0 -0.7071 -0.3827 0 -0.9239

2 24 -0.3827 0 -0.9239 0 0 -1

2 24 0 0 -1 0.3827 0 -0.9239

2 24 0.3827 0 -0.9239 0.7071 0 -0.7071

2 24 0.7071 0 -0.7071 0.9239 0 -0.3827

2 24 0.9239 0 -0.3827 1 0 0

0 NOFILE

0 FILE box4t.dat
0 Box with 4 Adjacent Faces and All Edges

0 Name: box4t.dat

0 Author: Tore Eriksson [Tore_Eriksson]

0 !LDRAW_ORG Primitive UPDATE 2003-02

0 !LICENSE Licensed under CC BY 4.0 : see CAreadme.txt



0 BFC CERTIFY CCW



0 !HISTORY 1997-09-29 [PTadmin] Official Update 1997-15

0 !HISTORY 2002-08-31 [izanette] Modified with WINDZ for BFC compliance

0 !HISTORY 2003-08-01 [PTadmin] Official Update 2003-02

0 !HISTORY 2007-06-24 [PTadmin] Header formatted for Contributor Agreement

0 !HISTORY 2008-07-01 [PTadmin] Official Update 2008-01





2 24 1 1 1 -1 1 1

2 24 -1 1 1 -1 1 -1

2 24 -1 1 -1 1 1 -1

2 24 1 1 -1 1 1 1

2 24 1 0 1 -1 0 1

2 24 -1 0 1 -1 0 -1

2 24 -1 0 -1 1 0 -1

2 24 1 0 -1 1 0 1

2 24 1 0 1 1 1 1

2 24 -1 0 1 -1 1 1

2 24 1 0 -1 1 1 -1

2 24 -1 0 -1 -1 1 -1

4 16 1 1 1 1 1 -1 -1 1 -1 -1 1 1

4 16 1 1 1 -1 1 1 -1 0 1 1 0 1

4 16 -1 1 1 -1 1 -1 -1 0 -1 -1 0 1

0 // 4 16 -1 1 -1 -1 0 -1 1 0 -1 1 1 -1

4 16 1 1 -1 1 1 1 1 0 1 1 0 -1

0

0 NOFILE

0 FILE box5.dat
0 Box with 5 Faces and All Edges

0 Name: box5.dat

0 Author: James Jessiman

0 !LDRAW_ORG Primitive UPDATE 2012-01

0 !LICENSE Licensed under CC BY 4.0 : see CAreadme.txt



0 BFC CERTIFY CCW



0 !HISTORY 2002-04-03 [sbliss] Modified for BFC compliance

0 !HISTORY 2002-04-25 [PTadmin] Official Update 2002-02

0 !HISTORY 2007-06-24 [PTadmin] Header formatted for Contributor Agreement

0 !HISTORY 2008-07-01 [PTadmin] Official Update 2008-01

0 !HISTORY 2012-02-16 [Philo] Changed to CCW

0 !HISTORY 2012-03-30 [PTadmin] Official Update 2012-01





2 24 1 1 1 -1 1 1

2 24 -1 1 1 -1 1 -1

2 24 -1 1 -1 1 1 -1

2 24 1 1 -1 1 1 1

2 24 1 0 1 -1 0 1

2 24 -1 0 1 -1 0 -1

2 24 -1 0 -1 1 0 -1

2 24 1 0 -1 1 0 1

2 24 1 0 1 1 1 1

2 24 -1 0 1 -1 1 1

2 24 1 0 -1 1 1 -1

2 24 -1 0 -1 -1 1 -1

4 16 -1 1 1 1 1 1 1 1 -1 -1 1 -1

4 16 -1 1 1 -1 0 1 1 0 1 1 1 1

4 16 -1 1 -1 -1 0 -1 -1 0 1 -1 1 1

4 16 1 1 -1 1 0 -1 -1 0 -1 -1 1 -1

4 16 1 1 1 1 0 1 1 0 -1 1 1 -1

0 NOFILE

0 FILE stud3.dat
0 Stud Tube Solid

0 Name: stud3.dat

0 Author: James Jessiman

0 !LDRAW_ORG Primitive UPDATE 2012-01

0 !LICENSE Licensed under CC BY 4.0 : see CAreadme.txt



0 BFC CERTIFY CCW



0 !HISTORY 2002-04-04 [sbliss] Modified for BFC compliance

0 !HISTORY 2002-04-25 [PTadmin] Official Update 2002-02

0 !HISTORY 2007-06-24 [PTadmin] Header formatted for Contributor Agreement

0 !HISTORY 2008-07-01 [PTadmin] Official Update 2008-01

0 !HISTORY 2012-02-16 [Philo] Changed to CCW

0 !HISTORY 2012-03-30 [PTadmin] Official Update 2012-01





1 16 0 -4 0 4 0 0 0 1 0 0 0 4 4-4edge.dat

1 16 0 0 0 4 0 0 0 1 0 0 0 4 4-4edge.dat

1 16 0 -4 0 4 0 0 0 1 0 0 0 4 4-4disc.dat

1 16 0 -4 0 4 0 0 0 4 0 0 0 4 4-4cyli.dat

0 NOFILE

0 FILE 32607.dat
0 Plate  1 x  1 Round with  3 Leaves

0 Name: 32607.dat

0 Author: Philippe Hurbain [Philo]

0 !LDRAW_ORG Part UPDATE 2018-02

0 !LICENSE Licensed under CC BY 4.0 : see CAreadme.txt



0 BFC CERTIFY CCW



0 !CATEGORY Plant



0 !HISTORY 2018-12-08 [PTadmin] Official Update 2018-02





1 16 0 0 0 1 0 0 0 1 0 0 0 1 stud2a.dat

1 16 0 0 0 6 0 0 0 -1 0 0 0 6 4-4edge.dat

1 16 0 3 0 -1 0 0 0 -1.25 0 0 0 1 stud4.dat

1 16 0 0 0 5 0 0 0 1 0 0 0 5 3-4ring1.dat

1 16 0 0 0 10 0 0 0 1 0 0 0 10 3-4edge.dat

1 16 0 3 0 2 0 0 0 -1 0 0 0 2 4-4ring2.dat

1 16 0 3 0 4 0 0 0 -1 0 0 0 4 4-4edge.dat

0 BFC INVERTNEXT

1 16 0 3 0 4 0 0 0 -3 0 0 0 4 4-4cyli.dat

1 16 0 0 0 10 0 0 0 1 0 0 0 10 1-8cyli.dat

1 16 0 0 0 0 0 -10 0 1 0 -10 0 0 1-8cyli.dat

1 16 0 0 0 -7.07107 0 -7.07107 0 3 0 -7.07107 0 7.07107 2-4cyli.dat

1 16 0 3 0 -7.07107 0 -7.07107 0 1 0 -7.07107 0 7.07107 2-4edge.dat

1 16 0 3 0 1.41421 0 -1.41421 0 -1 0 1.41421 0 1.41421 2-4ring4.dat

3 16 8.1 -0.3 -7.8 9.2 -0.3426 -9.6 9.1 -0.5443 -8.4

3 16 9.1 -0.5443 -8.4 9.2 -0.3426 -9.6 10.7 -1.2451 -10.1

3 16 9.2 -0.3426 -9.6 10.6 -1.1883 -11.3 10.7 -1.2451 -10.1

3 16 10.7 -1.2451 -10.1 10.6 -1.1883 -11.3 12.3 -2.6117 -11.9

3 16 10.6 -1.1883 -11.3 12.2 -2.4018 -12.7 12.3 -2.6117 -11.9

3 16 12.3 -2.6117 -11.9 12.2 -2.4018 -12.7 14.3 -3.4631 -13.9

3 16 12.2 -2.4018 -12.7 13.9 -3.0663 -14.5 14.3 -3.4631 -13.9

3 16 14.3 -3.4631 -13.9 13.9 -3.0663 -14.5 16.5 -3.8284 -16.1

3 16 13.9 -3.0663 -14.5 16.2 -3.3884 -16.7 16.5 -3.8284 -16.1

3 16 16.5 -3.8284 -16.1 16.2 -3.3884 -16.7 18.1 -3.713 -17.8

3 16 16.2 -3.3884 -16.7 17.8 -3.2629 -18.2 18.1 -3.713 -17.8

3 16 18.1 -3.713 -17.8 17.8 -3.2629 -18.2 19 -3.0891 -19.7

3 16 17.8 -3.2629 -18.2 17.4 -3.6543 -18.5 19 -3.0891 -19.7

3 16 15.9 -3.7596 -17.1 17.4 -3.6543 -18.5 17.8 -3.2629 -18.2

3 16 16.2 -3.3884 -16.7 15.9 -3.7596 -17.1 17.8 -3.2629 -18.2

3 16 13.5 -3.4383 -14.9 15.9 -3.7596 -17.1 16.2 -3.3884 -16.7

3 16 13.9 -3.0663 -14.5 13.5 -3.4383 -14.9 16.2 -3.3884 -16.7

3 16 11.8 -2.7894 -13.2 13.5 -3.4383 -14.9 13.9 -3.0663 -14.5

3 16 12.2 -2.4018 -12.7 11.8 -2.7894 -13.2 13.9 -3.0663 -14.5

3 16 10.2 -1.5789 -11.7 11.8 -2.7894 -13.2 12.2 -2.4018 -12.7

3 16 10.6 -1.1883 -11.3 10.2 -1.5789 -11.7 12.2 -2.4018 -12.7

3 16 8.7 -0.6696 -9.8 10.2 -1.5789 -11.7 10.6 -1.1883 -11.3

3 16 9.2 -0.3426 -9.6 8.7 -0.6696 -9.8 10.6 -1.1883 -11.3

3 16 8.1 -0.3 -7.8 8.7 -0.6696 -9.8 9.2 -0.3426 -9.6

3 16 19.1 -2.4335 -6.8 18.2 -3.1243 -8 20.3 -3.0077 -8.7

3 16 18.2 -3.1243 -8 19.5 -3.8231 -10.6 20.3 -3.0077 -8.7

3 16 20.3 -3.0077 -8.7 19.5 -3.8231 -10.6 20.9 -3.2189 -10.8

3 16 19.5 -3.8231 -10.6 20.4 -3.7399 -13.8 20.9 -3.2189 -10.8

3 16 20.9 -3.2189 -10.8 20.4 -3.7399 -13.8 21.7 -3.0617 -13.9

3 16 20.4 -3.7399 -13.8 20.6 -3.298 -16.6 21.7 -3.0617 -13.9

3 16 21.7 -3.0617 -13.9 20.6 -3.298 -16.6 21.9 -2.3075 -16.9

3 16 20.6 -3.298 -16.6 20.6 -2.6256 -19.2 21.9 -2.3075 -16.9

3 16 21.9 -2.3075 -16.9 20.6 -2.6256 -19.2 21.7 -1.0732 -20.1

3 16 20.6 -2.6256 -19.2 20.3 -2.0261 -20.7 21.7 -1.0732 -20.1

3 16 21.7 -1.0732 -20.1 20.3 -2.0261 -20.7 21.2 -0.5984 -21.5

3 16 20.3 -2.0261 -20.7 20 -0.679 -22.3 21.2 -0.5984 -21.5

3 16 20.3 -2.0261 -20.7 18.8 -2.3652 -21.2 20 -0.679 -22.3

3 16 18.8 -2.3652 -21.2 16.3 -1.8126 -22.6 20 -0.679 -22.3

3 16 18.8 -2.3652 -21.2 15.7 -2.9369 -21.3 16.3 -1.8126 -22.6

3 16 15.7 -2.9369 -21.3 12.6 -2.398 -22.3 16.3 -1.8126 -22.6

3 16 12.6 -3.1822 -20.8 12.6 -2.398 -22.3 15.7 -2.9369 -21.3

3 16 12.6 -3.1822 -20.8 8.5 -2.2287 -20.8 12.6 -2.398 -22.3

3 16 8.6 -2.6395 -18.8 8.5 -2.2287 -20.8 12.6 -3.1822 -20.8

3 16 4.9 -0.8943 -18.4 8.5 -2.2287 -20.8 8.6 -2.6395 -18.8

3 16 5.7 -1.456 -17.1 4.9 -0.8943 -18.4 8.6 -2.6395 -18.8

3 16 3.3 0.0428 -16.3 4.9 -0.8943 -18.4 5.7 -1.456 -17.1

3 16 4.2 -0.4148 -15 3.3 0.0428 -16.3 5.7 -1.456 -17.1

3 16 1.9 0.4 -12.8 3.3 0.0428 -16.3 4.2 -0.4148 -15

3 16 3.1 0 -12.4 1.9 0.4 -12.8 4.2 -0.4148 -15

3 16 1.2 0 -9.8 1.9 0.4 -12.8 3.1 0 -12.4

3 16 2.6 0 -9.5 1.2 0 -9.8 3.1 0 -12.4

3 16 17.6 -1.2783 -5.1 18.2 -3.1243 -8 19.1 -2.4335 -6.8

3 16 17.6 -1.2783 -5.1 16.5 -1.7377 -5.8 18.2 -3.1243 -8

3 16 15.3 -0.1299 -3.6 16.5 -1.7377 -5.8 17.6 -1.2783 -5.1

3 16 15.3 -0.1299 -3.6 13.8 -0.4702 -4.5 16.5 -1.7377 -5.8

3 16 12.4 0.1 -2.5 13.8 -0.4702 -4.5 15.3 -0.1299 -3.6

3 16 12.4 0.1 -2.5 11.7 0 -3.7 13.8 -0.4702 -4.5

3 16 9.7 0 -1.6 11.7 0 -3.7 12.4 0.1 -2.5

3 16 9.7 0 -1.6 9.4 0 -3 11.7 0 -3.7

3 16 18.8 -2.3652 -21.2 20.3 -2.0261 -20.7 20.6 -2.6256 -19.2

3 16 20.6 -2.6256 -19.2 19 -3.0891 -19.7 18.8 -2.3652 -21.2

3 16 19 -3.0891 -19.7 20.6 -2.6256 -19.2 20.6 -3.298 -16.6

3 16 20.6 -3.298 -16.6 18.1 -3.713 -17.8 19 -3.0891 -19.7

3 16 20.4 -3.7399 -13.8 18.1 -3.713 -17.8 20.6 -3.298 -16.6

3 16 20.4 -3.7399 -13.8 16.5 -3.8284 -16.1 18.1 -3.713 -17.8

3 16 19.5 -3.8231 -10.6 16.5 -3.8284 -16.1 20.4 -3.7399 -13.8

3 16 19.5 -3.8231 -10.6 14.3 -3.4631 -13.9 16.5 -3.8284 -16.1

3 16 18.2 -3.1243 -8 14.3 -3.4631 -13.9 19.5 -3.8231 -10.6

3 16 18.2 -3.1243 -8 12.3 -2.6117 -11.9 14.3 -3.4631 -13.9

3 16 16.5 -1.7377 -5.8 12.3 -2.6117 -11.9 18.2 -3.1243 -8

3 16 16.5 -1.7377 -5.8 10.7 -1.2451 -10.1 12.3 -2.6117 -11.9

3 16 13.8 -0.4702 -4.5 10.7 -1.2451 -10.1 16.5 -1.7377 -5.8

3 16 13.8 -0.4702 -4.5 9.1 -0.5443 -8.4 10.7 -1.2451 -10.1

3 16 11.7 0 -3.7 9.1 -0.5443 -8.4 13.8 -0.4702 -4.5

3 16 11.7 0 -3.7 8.1 -0.3 -7.8 9.1 -0.5443 -8.4

3 16 9.4 0 -3 8.1 -0.3 -7.8 11.7 0 -3.7

3 16 9.4 0 -3 2.6 0 -9.5 8.1 -0.3 -7.8

3 16 8.1 -0.3 -7.8 2.6 0 -9.5 3.1 0 -12.4

3 16 8.1 -0.3 -7.8 3.1 0 -12.4 8.7 -0.6696 -9.8

3 16 8.7 -0.6696 -9.8 3.1 0 -12.4 4.2 -0.4148 -15

3 16 8.7 -0.6696 -9.8 4.2 -0.4148 -15 10.2 -1.5789 -11.7

3 16 10.2 -1.5789 -11.7 4.2 -0.4148 -15 5.7 -1.456 -17.1

3 16 10.2 -1.5789 -11.7 5.7 -1.456 -17.1 11.8 -2.7894 -13.2

3 16 11.8 -2.7894 -13.2 5.7 -1.456 -17.1 8.6 -2.6395 -18.8

3 16 11.8 -2.7894 -13.2 8.6 -2.6395 -18.8 13.5 -3.4383 -14.9

4 16 13.5 -3.4383 -14.9 8.6 -2.6395 -18.8 12.6 -3.1822 -20.8 15.9 -3.7596 -17.1

3 16 12.6 -3.1822 -20.8 15.7 -2.9369 -21.3 17.4 -3.6543 -18.5

3 16 17.4 -3.6543 -18.5 15.9 -3.7596 -17.1 12.6 -3.1822 -20.8

3 16 15.7 -2.9369 -21.3 18.8 -2.3652 -21.2 19 -3.0891 -19.7

3 16 19 -3.0891 -19.7 17.4 -3.6543 -18.5 15.7 -2.9369 -21.3

3 16 -1.5 0.3 -11.1 -2.8 0.3 -12.4 -2.2 0.7 -12.6

3 16 -2.8 0.3 -12.4 -3.2 0.3 -14 -2.2 0.7 -12.6

3 16 -2.2 0.7 -12.6 -3.2 0.3 -14 -2.2 0.7 -14.2

4 16 -2.2 0.7 -14.2 -3.2 0.3 -14 -3.1 0.3 -15.9 -2.1 0.7 -15.9

3 16 -2.1 0.7 -15.9 -3.1 0.3 -15.9 -2.3 0.3 -17.8

3 16 -2.1 0.7 -15.9 -2.3 0.3 -17.8 -1.5 0.7 -17.6

3 16 -1.5 0.7 -17.6 -2.3 0.3 -17.8 -1.6 0.1 -19.8

3 16 -1.5 0.7 -17.6 -1.6 0.1 -19.8 -1.1 0.5 -19.8

3 16 -1.1 0.5 -19.8 -1.6 0.1 -19.8 -1.5 0.1 -21.9

3 16 -1.1 0.5 -19.8 -1.5 0.1 -21.9 -1.1 0.5 -22

3 16 -1.5 0.1 -21.9 -1.3 0.5 -24.1 -1.1 0.5 -22

3 16 -0.7 0.1 -22 -1.1 0.5 -22 -1.3 0.5 -24.1

4 16 -1.1 0.5 -22 -0.7 0.1 -22 -0.7 0.1 -19.8 -1.1 0.5 -19.8

3 16 -1 0.3 -17.5 -1.1 0.5 -19.8 -0.7 0.1 -19.8

3 16 -1 0.3 -17.5 -1.5 0.7 -17.6 -1.1 0.5 -19.8

3 16 -1.4 0.3 -15.8 -1.5 0.7 -17.6 -1 0.3 -17.5

3 16 -1.4 0.3 -15.8 -2.1 0.7 -15.9 -1.5 0.7 -17.6

4 16 -2.1 0.7 -15.9 -1.4 0.3 -15.8 -1.5 0.3 -14.2 -2.2 0.7 -14.2

4 16 -2.2 0.7 -14.2 -1.5 0.3 -14.2 -1.5 0.3 -12.7 -2.2 0.7 -12.6

3 16 -1.5 0.3 -11.1 -2.2 0.7 -12.6 -1.5 0.3 -12.7

3 16 5.1248 -0.0325 -18.5499 3.5 0.1 -20.9 4.2 0.6 -21.4

3 16 4.2 0.6 -21.4 5.5 0.4 -18.8 5.1248 -0.0325 -18.5499

3 16 3.5 0.1 -20.9 1.5 0.5 -23.1 2 1 -24

3 16 2 1 -24 4.2 0.6 -21.4 3.5 0.1 -20.9

3 16 1.5 0.5 -23.1 -0.2 0.5 -24.4 2 1 -24

3 16 2 1 -24 -0.2 0.5 -24.4 0 1.5 -25.6

3 16 -0.2 0.5 -24.4 -0.8 1.5 -25.8 0 1.5 -25.6

3 16 -0.2 0.5 -24.4 -1.7 1.5 -25.3 -0.8 1.5 -25.8

3 16 -1.3 0.5 -24.1 -1.7 1.5 -25.3 -0.2 0.5 -24.4

4 16 -3.3 1.4 -24.1 -1.7 1.5 -25.3 -1.3 0.5 -24.1 -2.9 0.4 -22.9

3 16 -5.4 1.2 -22.2 -3.3 1.4 -24.1 -2.9 0.4 -22.9

3 16 -5.2 0.4 -21 -5.4 1.2 -22.2 -2.9 0.4 -22.9

3 16 -7.4 1.3 -19.7 -5.4 1.2 -22.2 -5.2 0.4 -21

3 16 -6.8 0.6 -18.8 -7.4 1.3 -19.7 -5.2 0.4 -21

3 16 -8.6 1.4 -16.7 -7.4 1.3 -19.7 -6.8 0.6 -18.8

3 16 -7.8 0.6 -15.9 -8.6 1.4 -16.7 -6.8 0.6 -18.8

3 16 -9.1 1.4 -14 -8.6 1.4 -16.7 -7.8 0.6 -15.9

3 16 -8 0.5 -13.9 -9.1 1.4 -14 -7.8 0.6 -15.9

3 16 -8.4 1.1 -10.9 -9.1 1.4 -14 -8 0.5 -13.9

3 16 -8.4 1.1 -10.9 -8 0.5 -13.9 -7.1 0.3 -11.3

3 16 -7.071 0.5 -7.071 -8.4 1.1 -10.9 -7.1 0.3 -11.3

3 16 -7.071 0.5 -7.071 -7.1 0.3 -11.3 -5.8094 0.1 -7.9141

3 16 10.9 0.4 6.9 10.5 0.9 8.5 7.071 0.3 7.071

3 16 10.5 0.9 8.5 10.9 0.4 6.9 13.7 0.3 8.2

3 16 13.7 0.3 8.2 13.2 0.9 9.3 10.5 0.9 8.5

3 16 15 0.9 9.4 13.2 0.9 9.3 13.7 0.3 8.2

3 16 15 0.9 9.4 13.7 0.3 8.2 15.3 0.3 8.1

4 16 18.7 0.6 8.3 15 0.9 9.4 15.3 0.3 8.1 18.4 0 7.1

3 16 18.7 0.6 8.3 18.4 0 7.1 22.9 0.4 5.8

3 16 18.4 0 7.1 22.3 -0.2 4.8 22.9 0.4 5.8

3 16 22.9 0.4 5.8 22.3 -0.2 4.8 25.5 0.6 3.4

3 16 22.3 -0.2 4.8 24.5 0 2.4 25.5 0.6 3.4

3 16 25.5 0.6 3.4 24.5 0 2.4 27 0.9 1.2

3 16 24.5 0 2.4 25.9 0.2 0.4 27 0.9 1.2

3 16 27 0.9 1.2 25.9 0.2 0.4 25.9 0 -0.6

3 16 25.9 0 -0.6 27.6 1.2 0 27 0.9 1.2

3 16 25.9 0 -0.6 27.5 1.2 -1 27.6 1.2 0

3 16 25.9 0 -0.6 26.2 1.1 -2.4 27.5 1.2 -1

3 16 25.9 0 -0.6 24.1 0 -2.2 26.2 1.1 -2.4

3 16 24.1 0 -2.2 24.3 0.9 -3.9 26.2 1.1 -2.4

3 16 24.1 0 -2.2 21.4 0 -3.8 21.8 0.6 -5.3

3 16 21.8 0.6 -5.3 24.3 0.9 -3.9 24.1 0 -2.2

3 16 21.4 0 -3.8 17.6 -0.5635 -5.1 18.8663 -0.6375 -6.6598

3 16 13.1 0.7 1.8 11.3 0.4 1.1 13.2 0.3 1.3

3 16 15.1 0.7 1.9 13.1 0.7 1.8 13.2 0.3 1.3

3 16 15.1 0.7 1.9 13.2 0.3 1.3 15.1 0.3 1.2

4 16 17.9 0.1 1.1 15.1 0.7 1.9 15.1 0.3 1.2 17.8 -0.3 0.4

3 16 17.9 0.1 1.1 17.8 -0.3 0.4 21 -0.1 0.1

3 16 17.8 -0.3 0.4 21.1 -0.5 -0.6 21 -0.1 0.1

3 16 21 -0.1 0.1 21.1 -0.5 -0.6 24.1 0.1 -0.6

3 16 21 -0.5 0.7 21 -0.1 0.1 24.1 0.1 -0.6

3 16 18 -0.3 1.7 21 -0.1 0.1 21 -0.5 0.7

3 16 18 -0.3 1.7 17.9 0.1 1.1 21 -0.1 0.1

3 16 15.2 0.3 2.7 17.9 0.1 1.1 18 -0.3 1.7

3 16 15.2 0.3 2.7 15.1 0.7 1.9 17.9 0.1 1.1

3 16 15.2 0.3 2.7 12.9 0.3 2.5 15.1 0.7 1.9

3 16 12.9 0.3 2.5 13.1 0.7 1.8 15.1 0.7 1.9

3 16 12.9 0.3 2.5 11.3 0.4 1.1 13.1 0.7 1.8

3 16 24.1 0.1 -0.6 21.1 -0.5 -0.6 23.8 -0.3 -1

3 16 25.9 0 -0.6 24.1 0.1 -0.6 23.8 -0.3 -1

3 16 24.2 -0.3 -0.1 24.1 0.1 -0.6 25.9 0 -0.6

3 16 21 -0.5 0.7 24.1 0.1 -0.6 24.2 -0.3 -0.1

3 16 -5.8094 0.1 -7.9141 -1.5 0.3 -11.1 0 0.4 -10

3 16 -5.8094 0.1 -7.9141 -7.1 0.3 -11.3 -2.8 0.3 -12.4

3 16 -2.8 0.3 -12.4 -1.5 0.3 -11.1 -5.8094 0.1 -7.9141

3 16 -7.1 0.3 -11.3 -8 0.5 -13.9 -7.8 0.6 -15.9

3 16 -7.8 0.6 -15.9 -2.8 0.3 -12.4 -7.1 0.3 -11.3

3 16 -2.8 0.3 -12.4 -7.8 0.6 -15.9 -3.2 0.3 -14

3 16 -3.2 0.3 -14 -7.8 0.6 -15.9 -6.8 0.6 -18.8

3 16 -3.2 0.3 -14 -6.8 0.6 -18.8 -3.1 0.3 -15.9

3 16 -3.1 0.3 -15.9 -6.8 0.6 -18.8 -5.2 0.4 -21

3 16 -3.1 0.3 -15.9 -5.2 0.4 -21 -2.3 0.3 -17.8

3 16 -2.3 0.3 -17.8 -5.2 0.4 -21 -1.6 0.1 -19.8

3 16 -1.6 0.1 -19.8 -5.2 0.4 -21 -2.9 0.4 -22.9

3 16 -1.6 0.1 -19.8 -2.9 0.4 -22.9 -1.5 0.1 -21.9

3 16 -1.5 0.1 -21.9 -2.9 0.4 -22.9 -1.3 0.5 -24.1

3 16 -0.7 0.1 -22 -1.3 0.5 -24.1 -0.2 0.5 -24.4

3 16 -0.7 0.1 -22 -0.2 0.5 -24.4 1.5 0.5 -23.1

3 16 3.5 0.1 -20.9 -0.7 0.1 -22 1.5 0.5 -23.1

3 16 5.1248 -0.0325 -18.5499 -0.7 0.1 -22 3.5 0.1 -20.9

3 16 5.1248 -0.0325 -18.5499 -0.7 0.1 -19.8 -0.7 0.1 -22

4 16 -1 0.3 -17.5 -0.7 0.1 -19.8 5.1248 -0.0325 -18.5499 1.9 0.6 -12.8

3 16 1.9 0.6 -12.8 -1.4 0.3 -15.8 -1 0.3 -17.5

3 16 1.9 0.6 -12.8 -1.5 0.3 -14.2 -1.4 0.3 -15.8

3 16 1.2 0.6 -9.8 0 0.4 -10 1.9 0.6 -12.8

3 16 0 0.4 -10 -1.5 0.3 -14.2 1.9 0.6 -12.8

3 16 0 0.4 -10 -1.5 0.3 -12.7 -1.5 0.3 -14.2

3 16 0 0.4 -10 -1.5 0.3 -11.1 -1.5 0.3 -12.7

3 16 7.071 0.3 7.071 9.7 0.553 -1.6 11.3 0.4 1.1

3 16 7.071 0.3 7.071 11.3 0.4 1.1 12.9 0.3 2.5

3 16 15.3 0.2287 -3.6 11.3 0.4 1.1 9.7 0.553 -1.6

3 16 15.3 0.2287 -3.6 13.2 0.3 1.3 11.3 0.4 1.1

3 16 15.3 0.2287 -3.6 15.1 0.3 1.2 13.2 0.3 1.3

3 16 15.1 0.3 1.2 15.3 0.2287 -3.6 17.8 -0.3 0.4

3 16 17.8 -0.3 0.4 15.3 0.2287 -3.6 17.6 -0.5635 -5.1

3 16 17.6 -0.5635 -5.1 21.1 -0.5 -0.6 17.8 -0.3 0.4

3 16 21.1 -0.5 -0.6 17.6 -0.5635 -5.1 21.4 0 -3.8

3 16 21.4 0 -3.8 23.8 -0.3 -1 21.1 -0.5 -0.6

3 16 23.8 -0.3 -1 21.4 0 -3.8 24.1 0 -2.2

3 16 25.9 0 -0.6 23.8 -0.3 -1 24.1 0 -2.2

3 16 25.9 0.2 0.4 24.2 -0.3 -0.1 25.9 0 -0.6

3 16 24.5 0 2.4 24.2 -0.3 -0.1 25.9 0.2 0.4

3 16 24.5 0 2.4 21 -0.5 0.7 24.2 -0.3 -0.1

3 16 22.3 -0.2 4.8 21 -0.5 0.7 24.5 0 2.4

3 16 22.3 -0.2 4.8 18 -0.3 1.7 21 -0.5 0.7

3 16 18.4 0 7.1 18 -0.3 1.7 22.3 -0.2 4.8

3 16 18.4 0 7.1 15.2 0.3 2.7 18 -0.3 1.7

3 16 15.2 0.3 2.7 18.4 0 7.1 15.3 0.3 8.1

4 16 12.9 0.3 2.5 15.2 0.3 2.7 15.3 0.3 8.1 13.7 0.3 8.2

3 16 12.9 0.3 2.5 13.7 0.3 8.2 10.9 0.4 6.9

3 16 12.9 0.3 2.5 10.9 0.4 6.9 7.071 0.3 7.071

3 16 18.8663 -0.6375 -6.6598 21.8 0.6 -5.3 21.4 0 -3.8

4 16 10 0 0 6 0 0 0 0 -6 0 0 -10

2 24 0 0 -10 1.2 0 -9.8

2 24 9.7 0 -1.6 10 0 0

4 16 0 0 -10 1.2 0 -9.8 9.7 0 -1.6 10 0 0

4 16 1.2 0 -9.8 2.6 0 -9.5 9.4 0 -3 9.7 0 -1.6

0 // 2 24 1.1169787153943442219434608216658 0 -15.047353838242362805664452952126 2.9169787153943442219434608216658 -.5 -17.047353838242362805664452952126

0 // 2 24 2.9169787153943442219434608216658 -.5 -17.047353838242362805664452952126 5.0169787153943442219434608216658 -1.9 -19.247353838242362805664452952126

0 // 2 24 5.0169787153943442219434608216658 -1.9 -19.247353838242362805664452952126 7.8169787153943442219434608216658 -3 -22.247353838242362805664452952126

0 // 2 24 7.8169787153943442219434608216658 -3 -22.247353838242362805664452952126 10.369649530164845589382267698426 -2.9 -24.987683938073037225588844894099

0 // 2 24 12.316978715394344221943460821666 -2.05 -27.097353838242362805664452952126 13.916978715394344221943460821666 -.6 -28.847353838242362805664452952126

0 // 2 24 10.369649530164845589382267698426 -2.9 -24.987683938073037225588844894099 12.316978715394344221943460821666 -2.05 -27.097353838242362805664452952126

0 // 2 24 15.719576662268962773013147977554 -.2 -.945788917924718323680012148586 17.519576662268962773013147977554 -1 -2.945788917924718323680012148586

0 // 2 24 17.519576662268962773013147977554 -1 -2.945788917924718323680012148586 19.619576662268962773013147977554 -3 -5.145788917924718323680012148586

0 // 2 24 19.619576662268962773013147977554 -3 -5.145788917924718323680012148586 22.419576662268962773013147977554 -4.1 -8.145788917924718323680012148586

0 // 2 24 22.419576662268962773013147977554 -4.1 -8.145788917924718323680012148586 24.972247477039464140451954854314 -4 -10.886119017755392743604404090559

0 // 2 24 26.919576662268962773013147977554 -3.15 -12.995788917924718323680012148586 28.519576662268962773013147977554 -1.7 -14.745788917924718323680012148586

0 // 2 24 24.972247477039464140451954854314 -4 -10.886119017755392743604404090559 26.919576662268962773013147977554 -3.15 -12.995788917924718323680012148586

0 // 4 16 15.719576662268962773013147977554 -.2 -.945788917924718323680012148586 1.1169787153943442219434608216658 0 -15.047353838242362805664452952126 2.9169787153943442219434608216658 -.5 -17.047353838242362805664452952126 17.519576662268962773013147977554 -1 -2.945788917924718323680012148586

0 // 4 16 17.519576662268962773013147977554 -1 -2.945788917924718323680012148586 2.9169787153943442219434608216658 -.5 -17.047353838242362805664452952126 5.0169787153943442219434608216658 -1.9 -19.247353838242362805664452952126 19.619576662268962773013147977554 -3 -5.145788917924718323680012148586

0 // 4 16 19.619576662268962773013147977554 -3 -5.145788917924718323680012148586 5.0169787153943442219434608216658 -1.9 -19.247353838242362805664452952126 7.8169787153943442219434608216658 -3 -22.247353838242362805664452952126 22.419576662268962773013147977554 -4.1 -8.145788917924718323680012148586

0 // 4 16 22.419576662268962773013147977554 -4.1 -8.145788917924718323680012148586 7.8169787153943442219434608216658 -3 -22.247353838242362805664452952126 10.369649530164845589382267698426 -2.9 -24.987683938073037225588844894099 24.972247477039464140451954854314 -4 -10.886119017755392743604404090559

0 // 4 16 24.972247477039464140451954854314 -4 -10.886119017755392743604404090559 10.369649530164845589382267698426 -2.9 -24.987683938073037225588844894099 12.316978715394344221943460821666 -2.05 -27.097353838242362805664452952126 26.919576662268962773013147977554 -3.15 -12.995788917924718323680012148586

0 // 4 16 26.919576662268962773013147977554 -3.15 -12.995788917924718323680012148586 12.316978715394344221943460821666 -2.05 -27.097353838242362805664452952126 13.916978715394344221943460821666 -.6 -28.847353838242362805664452952126 28.519576662268962773013147977554 -1.7 -14.745788917924718323680012148586

2 24 1.9 0.4 -12.8 3.3 0.0428 -16.3

2 24 16.3 -1.8126 -22.6 20 -0.679 -22.3

2 24 20 -0.679 -22.3 21.2 -0.5984 -21.5

2 24 3.3 0.0428 -16.3 4.9 -0.8943 -18.4

2 24 21.9 -2.3075 -16.9 21.7 -3.0617 -13.9

2 24 20.9 -3.2189 -10.8 20.3 -3.0077 -8.7

2 24 8.5 -2.2287 -20.8 12.6 -2.398 -22.3

2 24 17.6 -1.2783 -5.1 15.3 -0.1299 -3.6

2 24 21.7 -1.0732 -20.1 21.9 -2.3075 -16.9

2 24 20.3 -3.0077 -8.7 19.1 -2.4335 -6.8

2 24 15.3 -0.1299 -3.6 12.4 0.1 -2.5

2 24 21.2 -0.5984 -21.5 21.7 -1.0732 -20.1

2 24 21.7 -3.0617 -13.9 20.9 -3.2189 -10.8

2 24 4.9 -0.8943 -18.4 8.5 -2.2287 -20.8

2 24 12.4 0.1 -2.5 9.7 0 -1.6

2 24 1.2 0 -9.8 1.9 0.4 -12.8

2 24 12.6 -2.398 -22.3 16.3 -1.8126 -22.6

2 24 19.1 -2.4335 -6.8 17.6 -1.2783 -5.1

2 24 16.3 0.4874 -22.6 20 1.621 -22.3

2 24 20 1.621 -22.3 21.2 1.7016 -21.5

2 24 21.9 -0.0075 -16.9 21.7 -0.7617 -13.9

2 24 20.9 -0.9189 -10.8 20.3 -0.7077 -8.7

2 24 8.5 0.0713 -20.8 12.6 -0.098 -22.3

2 24 18.7594 0.1849 -6.5956 14.9 1.5913 -6.6

2 24 21.7 1.2268 -20.1 21.9 -0.0075 -16.9

2 24 20.3 -0.7077 -8.7 18.7594 0.1849 -6.5956

2 24 14.9 1.5913 -6.6 12.2 2.5847 -5.5

2 24 21.2 1.7016 -21.5 21.7 1.2268 -20.1

2 24 21.7 -0.7617 -13.9 20.9 -0.9189 -10.8

2 24 5.5 1.4057 -18.8 8.5 0.0713 -20.8

2 24 12.6 -0.098 -22.3 16.3 0.4874 -22.6

4 16 20 1.621 -22.3 21.2 1.7016 -21.5 21.2 -0.5984 -21.5 20 -0.679 -22.3

4 16 21.2 1.7016 -21.5 21.7 1.2268 -20.1 21.7 -1.0732 -20.1 21.2 -0.5984 -21.5

4 16 21.7 1.2268 -20.1 21.9 -0.0075 -16.9 21.9 -2.3075 -16.9 21.7 -1.0732 -20.1

4 16 21.9 -0.0075 -16.9 21.7 -0.7617 -13.9 21.7 -3.0617 -13.9 21.9 -2.3075 -16.9

4 16 21.7 -0.7617 -13.9 20.9 -0.9189 -10.8 20.9 -3.2189 -10.8 21.7 -3.0617 -13.9

4 16 20.9 -0.9189 -10.8 20.3 -0.7077 -8.7 20.3 -3.0077 -8.7 20.9 -3.2189 -10.8

3 16 20.3 -0.7077 -8.7 18.7594 0.1849 -6.5956 19.1 -2.4335 -6.8

3 16 19.1 -2.4335 -6.8 20.3 -3.0077 -8.7 20.3 -0.7077 -8.7

4 16 5.5 1.4057 -18.8 8.5 0.0713 -20.8 8.5 -2.2287 -20.8 4.9 -0.8943 -18.4

4 16 8.5 0.0713 -20.8 12.6 -0.098 -22.3 12.6 -2.398 -22.3 8.5 -2.2287 -20.8

4 16 12.6 -0.098 -22.3 16.3 0.4874 -22.6 16.3 -1.8126 -22.6 12.6 -2.398 -22.3

4 16 16.3 0.4874 -22.6 20 1.621 -22.3 20 -0.679 -22.3 16.3 -1.8126 -22.6



2 24 8.7 -0.6696 -9.8 8.1 -0.3 -7.8

2 24 17.4 -3.6543 -18.5 15.9 -3.7596 -17.1

2 24 17.4 -3.6543 -18.5 19 -3.0891 -19.7

2 24 10.6 -1.1883 -11.3 9.2 -0.3426 -9.6

2 24 11.8 -2.7894 -13.2 10.2 -1.5789 -11.7

2 24 9.1 -0.5443 -8.4 10.7 -1.2451 -10.1

2 24 13.9 -3.0663 -14.5 12.2 -2.4018 -12.7

2 24 8.1 -0.3 -7.8 9.2 -0.3426 -9.6

2 24 12.2 -2.4018 -12.7 10.6 -1.1883 -11.3

2 24 13.9 -3.0663 -14.5 16.2 -3.3884 -16.7

2 24 16.2 -3.3884 -16.7 17.8 -3.2629 -18.2

2 24 8.1 -0.3 -7.8 9.1 -0.5443 -8.4

2 24 13.5 -3.4383 -14.9 11.8 -2.7894 -13.2

2 24 14.3 -3.4631 -13.9 16.5 -3.8284 -16.1

2 24 16.5 -3.8284 -16.1 18.1 -3.713 -17.8

2 24 15.9 -3.7596 -17.1 13.5 -3.4383 -14.9

2 24 19 -3.0891 -19.7 17.8 -3.2629 -18.2

2 24 18.1 -3.713 -17.8 19 -3.0891 -19.7

2 24 12.3 -2.6117 -11.9 14.3 -3.4631 -13.9

2 24 10.2 -1.5789 -11.7 8.7 -0.6696 -9.8

2 24 10.7 -1.2451 -10.1 12.3 -2.6117 -11.9

3 16 14.9 1.5913 -6.6 18.7594 0.1849 -6.5956 5.5 1.4057 -18.8

4 16 8.5 0.0713 -20.8 5.5 1.4057 -18.8 18.7594 0.1849 -6.5956 20.3 -0.7077 -8.7

3 16 20.3 -0.7077 -8.7 12.6 -0.098 -22.3 8.5 0.0713 -20.8

3 16 12.6 -0.098 -22.3 20.3 -0.7077 -8.7 20.9 -0.9189 -10.8

3 16 20.9 -0.9189 -10.8 16.3 0.4874 -22.6 12.6 -0.098 -22.3

3 16 16.3 0.4874 -22.6 20.9 -0.9189 -10.8 21.7 -0.7617 -13.9

3 16 21.7 -0.7617 -13.9 21.9 -0.0075 -16.9 16.3 0.4874 -22.6

4 16 20 1.621 -22.3 16.3 0.4874 -22.6 21.9 -0.0075 -16.9 21.2 1.7016 -21.5

3 16 21.7 1.2268 -20.1 21.2 1.7016 -21.5 21.9 -0.0075 -16.9

2 24 0 1.5 -25.6 2 1 -24

2 24 -0.8 1.5 -25.8 0 1.5 -25.6

2 24 -9.1 1.4 -14 -8.6 1.4 -16.7

2 24 -7.071 0.5 -7.071 -8.4 1.1 -10.9

2 24 -5.4 1.2 -22.2 -3.3 1.4 -24.1

2 24 -8.4 1.1 -10.9 -9.1 1.4 -14

2 24 -1.7 1.5 -25.3 -0.8 1.5 -25.8

2 24 -8.6 1.4 -16.7 -7.4 1.3 -19.7

2 24 -7.4 1.3 -19.7 -5.4 1.2 -22.2

2 24 -3.3 1.4 -24.1 -1.7 1.5 -25.3

2 24 2 1 -24 4.2 0.6 -21.4

2 24 4.2 0.6 -21.4 5.5 0.4 -18.8

2 24 0 3.2 -25.6 2 3 -24

2 24 -0.8 3.2 -25.8 0 3.2 -25.6

2 24 -9.1 3.1 -14 -8.6 3.1 -16.7

2 24 -7.0711 3 -7.0711 -8.4 2.8 -10.9

2 24 -5.4 2.9 -22.2 -3.3 3.1 -24.1

2 24 -8.4 2.8 -10.9 -9.1 3.1 -14

2 24 -1.7 3.2 -25.3 -0.8 3.2 -25.8

2 24 -8.6 3.1 -16.7 -7.4 2.9 -19.7

2 24 -7.4 2.9 -19.7 -5.4 2.9 -22.2

2 24 -3.3 3.1 -24.1 -1.7 3.2 -25.3

2 24 2 3 -24 4.2 2.6 -21.4

2 24 5.5 2.75 -15.45 4.9 2.7993 -13.7

2 24 5.5 2.6 -18.8 5.5 2.75 -15.45

2 24 4.2 2.6 -21.4 5.5 2.6 -18.8

4 16 -8.4 1.1 -10.9 -7.071 0.5 -7.071 -7.0711 3 -7.0711 -8.4 2.8 -10.9

4 16 -9.1 1.4 -14 -8.4 1.1 -10.9 -8.4 2.8 -10.9 -9.1 3.1 -14

4 16 -8.6 1.4 -16.7 -9.1 1.4 -14 -9.1 3.1 -14 -8.6 3.1 -16.7

4 16 -7.4 1.3 -19.7 -8.6 1.4 -16.7 -8.6 3.1 -16.7 -7.4 2.9 -19.7

4 16 -5.4 1.2 -22.2 -7.4 1.3 -19.7 -7.4 2.9 -19.7 -5.4 2.9 -22.2

4 16 -3.3 1.4 -24.1 -5.4 1.2 -22.2 -5.4 2.9 -22.2 -3.3 3.1 -24.1

4 16 -1.7 1.5 -25.3 -3.3 1.4 -24.1 -3.3 3.1 -24.1 -1.7 3.2 -25.3

4 16 -0.8 1.5 -25.8 -1.7 1.5 -25.3 -1.7 3.2 -25.3 -0.8 3.2 -25.8

4 16 0 1.5 -25.6 -0.8 1.5 -25.8 -0.8 3.2 -25.8 0 3.2 -25.6

4 16 2 1 -24 0 1.5 -25.6 0 3.2 -25.6 2 3 -24

4 16 4.2 0.6 -21.4 2 1 -24 2 3 -24 4.2 2.6 -21.4

4 16 5.5 0.4 -18.8 4.2 0.6 -21.4 4.2 2.6 -21.4 5.5 2.6 -18.8

4 16 5.5 2.1844 -15.3986 5.5 0.4 -18.8 5.5 2.6 -18.8 5.5 2.75 -15.45

3 16 4.9 2.7993 -13.7 5.5 2.1844 -15.3986 5.5 2.75 -15.45

4 16 0 0 -10 0 1 -10 1.2 0.6 -9.8 1.2 0 -9.8

2 24 3.3 0.1698 -16.3 1.9 0.6 -12.8

2 24 3.3 0.1698 -16.3 5.1248 -0.0325 -18.5499

2 24 1.2 0.6 -9.8 1.9 0.6 -12.8

4 16 1.9 0.4 -12.8 1.2 0 -9.8 1.2 0.6 -9.8 1.9 0.6 -12.8

4 16 3.3 0.0428 -16.3 1.9 0.4 -12.8 1.9 0.6 -12.8 3.3 0.1698 -16.3

3 16 4.9 -0.8943 -18.4 3.3 0.0428 -16.3 3.3 0.1698 -16.3

3 16 3.3 0.1698 -16.3 5.5 1.4057 -18.8 4.9 -0.8943 -18.4

2 24 5.1248 -0.0325 -18.5499 5.5 0.4 -18.8

2 24 5.5 0.4 -18.8 5.5 1.4057 -18.8

2 24 1.2 0 -9.8 1.2 0.6 -9.8

2 24 4.9 2.7993 -13.7 5.5 2.1844 -15.3986

2 24 5.5 2.1844 -15.3986 5.5 1.4057 -18.8

4 16 3 3 -11.9 5.6568 3 -5.6568 12.2 2.5847 -5.5 4.9 2.7993 -13.7

3 16 5.6568 3 -5.6568 3 3 -11.9 0 3 -8

3 16 7.3912 3 -3.0616 12.2 2.5847 -5.5 5.6568 3 -5.6568

3 16 -7.0711 3 -7.0711 -5.6569 3 -5.6569 0 3 -8

3 16 -7.0711 3 -7.0711 0 3 -8 -8.4 2.8 -10.9

3 16 -8.4 2.8 -10.9 0 3 -8 3 3 -11.9

3 16 3 3 -11.9 4.9 2.7993 -13.7 -8.6 3.1 -16.7

4 16 14.9 1.5913 -6.6 5.5 1.4057 -18.8 5.5 2.1844 -15.3986 12.2 2.5847 -5.5

3 16 12.2 2.5847 -5.5 5.5 2.1844 -15.3986 4.9 2.7993 -13.7

3 16 -9.1 3.1 -14 -8.4 2.8 -10.9 3 3 -11.9

3 16 -8.6 3.1 -16.7 -9.1 3.1 -14 3 3 -11.9

3 16 -8.6 3.1 -16.7 4.9 2.7993 -13.7 5.5 2.75 -15.45

4 16 -7.4 2.9 -19.7 -8.6 3.1 -16.7 5.5 2.75 -15.45 5.5 2.6 -18.8

3 16 -7.4 2.9 -19.7 5.5 2.6 -18.8 4.2 2.6 -21.4

3 16 4.2 2.6 -21.4 -5.4 2.9 -22.2 -7.4 2.9 -19.7

4 16 -5.4 2.9 -22.2 4.2 2.6 -21.4 2 3 -24 -3.3 3.1 -24.1

4 16 -3.3 3.1 -24.1 2 3 -24 0 3.2 -25.6 -1.7 3.2 -25.3

3 16 -1.7 3.2 -25.3 0 3.2 -25.6 -0.8 3.2 -25.8

2 24 -0.7 0.1 -19.8 -0.7 0.1 -22

2 24 -1.1 0.5 -19.8 -1.5 0.7 -17.6

2 24 -2.3 0.3 -17.8 -3.1 0.3 -15.9

2 24 -1.5 0.1 -21.9 -1.6 0.1 -19.8

2 24 -1.5 0.3 -12.7 -1.5 0.3 -11.1

2 24 -1 0.3 -17.5 -0.7 0.1 -19.8

2 24 -1.3 0.5 -24.1 -1.5 0.1 -21.9

2 24 -2.8 0.3 -12.4 -1.5 0.3 -11.1

2 24 -0.7 0.1 -22 -1.3 0.5 -24.1

2 24 -1.5 0.3 -14.2 -1.5 0.3 -12.7

2 24 -1.1 0.5 -22 -1.1 0.5 -19.8

2 24 -1.3 0.5 -24.1 -1.1 0.5 -22

2 24 -2.2 0.7 -14.2 -2.2 0.7 -12.6

2 24 -1.6 0.1 -19.8 -2.3 0.3 -17.8

2 24 -3.1 0.3 -15.9 -3.2 0.3 -14

2 24 -1.4 0.3 -15.8 -1.5 0.3 -14.2

2 24 -1.5 0.7 -17.6 -2.1 0.7 -15.9

2 24 -3.2 0.3 -14 -2.8 0.3 -12.4

2 24 -2.1 0.7 -15.9 -2.2 0.7 -14.2

2 24 -2.2 0.7 -12.6 -1.5 0.3 -11.1

2 24 -1.4 0.3 -15.8 -1 0.3 -17.5

2 24 0 0.4 -10 1.2 0.6 -9.8

2 24 -3.827 0.1935 -9.239 0 0.4 -10

2 24 -3.827 0.1935 -9.239 -5.8094 0.1 -7.9141

2 24 -5.8094 0.1 -7.9141 -7.071 0.5 -7.071

2 24 -7.071 0.5 -7.071 -7.0711 3 -7.0711

2 24 24.3 0.9 -3.9 26.2 1.1 -2.4

2 24 15 0.9 9.4 13.2 0.9 9.3

2 24 18.7 0.6 8.3 15 0.9 9.4

2 24 22.9 0.4 5.8 18.7 0.6 8.3

2 24 27 0.9 1.2 25.5 0.6 3.4

2 24 18.8663 -0.6375 -6.6598 21.8 0.6 -5.3

2 24 10.5 0.9 8.5 7.071 0.3 7.071

2 24 21.8 0.6 -5.3 24.3 0.9 -3.9

2 24 26.2 1.1 -2.4 27.5 1.2 -1

2 24 27.6 1.2 0 27 0.9 1.2

2 24 25.5 0.6 3.4 22.9 0.4 5.8

2 24 27.5 1.2 -1 27.6 1.2 0

2 24 13.2 0.9 9.3 10.5 0.9 8.5

2 24 24.3 3 -3.9 26.2 3.2 -2.4

2 24 15 3 9.4 13.2 3 9.3

2 24 18.7 2.7 8.3 15 3 9.4

2 24 22.9 2.5 5.8 18.7 2.7 8.3

2 24 27 3 1.2 25.5 2.7 3.4

2 24 18.6 2 -6.5 21.8 2.7 -5.3

2 24 10.5 3 8.5 7.071 3 7.071

2 24 21.8 2.7 -5.3 24.3 3 -3.9

2 24 26.2 3.2 -2.4 27.5 3.3 -1

2 24 27.6 3.3 0 27 3 1.2

2 24 25.5 2.7 3.4 22.9 2.5 5.8

2 24 14.9 2.3 -6.6 18.6 2 -6.5

2 24 12.2 2.5847 -5.5 14.9 2.3 -6.6

2 24 27.5 3.3 -1 27.6 3.3 0

2 24 13.2 3 9.3 10.5 3 8.5

3 16 21.8 0.6 -5.3 18.8663 -0.6375 -6.6598 18.6 2 -6.5

3 16 18.6 2 -6.5 21.8 2.7 -5.3 21.8 0.6 -5.3

4 16 24.3 0.9 -3.9 21.8 0.6 -5.3 21.8 2.7 -5.3 24.3 3 -3.9

3 16 14.9 1.5913 -6.6 12.2 2.5847 -5.5 14.9 2.3 -6.6

3 16 18.8663 -0.6375 -6.6598 14.9 1.5913 -6.6 14.9 2.3 -6.6

3 16 14.9 2.3 -6.6 18.6 2 -6.5 18.8663 -0.6375 -6.6598

2 24 15.3 0.2287 -3.6 17.6 -0.5635 -5.1

2 24 15.3 0.2287 -3.6 12.4 0.3916 -2.5

2 24 12.4 0.3916 -2.5 9.7 0.553 -1.6

3 16 19.1 -2.4335 -6.8 18.7594 0.1849 -6.5956 17.6 -0.5635 -5.1

3 16 17.6 -0.5635 -5.1 17.6 -1.2783 -5.1 19.1 -2.4335 -6.8

4 16 15.3 -0.1299 -3.6 17.6 -1.2783 -5.1 17.6 -0.5635 -5.1 15.3 0.2287 -3.6

4 16 12.4 0.1 -2.5 15.3 -0.1299 -3.6 15.3 0.2287 -3.6 12.4 0.3916 -2.5

4 16 9.7 0 -1.6 12.4 0.1 -2.5 12.4 0.3916 -2.5 9.7 0.553 -1.6

2 24 18.8663 -0.6375 -6.6598 17.6 -0.5635 -5.1

2 24 18.7594 0.1849 -6.5956 18.8663 -0.6375 -6.6598

4 16 9.7 0.553 -1.6 10 1 0 10 0 0 9.7 0 -1.6

2 24 9.7 0 -1.6 9.7 0.553 -1.6

2 24 9.7 0.553 -1.6 10 0.4791 0

2 24 9.239 0.3405 3.827 10 0.4791 0

2 24 9.239 0.3405 3.827 7.071 0.3 7.071

4 16 26.2 1.1 -2.4 24.3 0.9 -3.9 24.3 3 -3.9 26.2 3.2 -2.4

4 16 27.5 1.2 -1 26.2 1.1 -2.4 26.2 3.2 -2.4 27.5 3.3 -1

4 16 27.5 1.2 -1 27.5 3.3 -1 27.6 3.3 0 27.6 1.2 0

4 16 7.071 3 7.071 7.071 0.3 7.071 10.5 0.9 8.5 10.5 3 8.5

4 16 10.5 3 8.5 10.5 0.9 8.5 13.2 0.9 9.3 13.2 3 9.3

4 16 13.2 3 9.3 13.2 0.9 9.3 15 0.9 9.4 15 3 9.4

4 16 15 3 9.4 15 0.9 9.4 18.7 0.6 8.3 18.7 2.7 8.3

4 16 18.7 2.7 8.3 18.7 0.6 8.3 22.9 0.4 5.8 22.9 2.5 5.8

4 16 22.9 2.5 5.8 22.9 0.4 5.8 25.5 0.6 3.4 25.5 2.7 3.4

4 16 25.5 2.7 3.4 25.5 0.6 3.4 27 0.9 1.2 27 3 1.2

4 16 27.6 3.3 0 27 3 1.2 27 0.9 1.2 27.6 1.2 0

4 16 7.3912 3 3.0616 7.071 3 7.071 10.5 3 8.5 8 3 0

3 16 7.3912 3 -3.0616 8 3 0 12.2 2.5847 -5.5

3 16 5.6568 3 5.6568 7.071 3 7.071 7.3912 3 3.0616

3 16 10.5 3 8.5 12.2 2.5847 -5.5 8 3 0

3 16 12.2 2.5847 -5.5 10.5 3 8.5 13.2 3 9.3

3 16 12.2 2.5847 -5.5 13.2 3 9.3 18.6 2 -6.5

3 16 13.2 3 9.3 15 3 9.4 18.7 2.7 8.3

3 16 18.6 2 -6.5 14.9 2.3 -6.6 12.2 2.5847 -5.5

3 16 18.7 2.7 8.3 18.6 2 -6.5 13.2 3 9.3

3 16 18.7 2.7 8.3 22.9 2.5 5.8 18.6 2 -6.5

3 16 18.6 2 -6.5 22.9 2.5 5.8 25.5 2.7 3.4

3 16 25.5 2.7 3.4 21.8 2.7 -5.3 18.6 2 -6.5

3 16 25.5 2.7 3.4 24.3 3 -3.9 21.8 2.7 -5.3

3 16 24.3 3 -3.9 25.5 2.7 3.4 27 3 1.2

4 16 26.2 3.2 -2.4 24.3 3 -3.9 27 3 1.2 27.5 3.3 -1

3 16 27.5 3.3 -1 27 3 1.2 27.6 3.3 0

2 24 7.071 0.3 7.071 7.071 3 7.071

2 24 17.8 -0.3 0.4 21.1 -0.5 -0.6

2 24 21 -0.1 0.1 17.9 0.1 1.1

2 24 11.3 0.4 1.1 13.1 0.7 1.8

2 24 12.9 0.3 2.5 15.2 0.3 2.7

2 24 21 -0.5 0.7 18 -0.3 1.7

2 24 24.1 0.1 -0.6 21 -0.1 0.1

2 24 13.1 0.7 1.8 15.1 0.7 1.9

2 24 23.8 -0.3 -1 21.1 -0.5 -0.6

2 24 12.9 0.3 2.5 11.3 0.4 1.1

2 24 23.8 -0.3 -1 25.9 0 -0.6

2 24 17.9 0.1 1.1 15.1 0.7 1.9

2 24 25.9 0 -0.6 24.1 0.1 -0.6

2 24 24.2 -0.3 -0.1 21 -0.5 0.7

2 24 25.9 0 -0.6 24.2 -0.3 -0.1

2 24 17.8 -0.3 0.4 15.1 0.3 1.2

2 24 13.2 0.3 1.3 15.1 0.3 1.2

2 24 11.3 0.4 1.1 13.2 0.3 1.3

2 24 18 -0.3 1.7 15.2 0.3 2.7

5 24 20 1.621 -22.3 21.9 -0.0075 -16.9 16.3 0.4874 -22.6 21.2 1.7016 -21.5

5 24 12.6 -3.1822 -20.8 8.5 -2.2287 -20.8 8.6 -2.6395 -18.8 12.6 -2.398 -22.3

5 24 18.8 -2.3652 -21.2 15.7 -2.9369 -21.3 19 -3.0891 -19.7 16.3 -1.8126 -22.6

5 24 15.7 -2.9369 -21.3 16.3 -1.8126 -22.6 18.8 -2.3652 -21.2 12.6 -2.398 -22.3

5 24 20.3 -2.0261 -20.7 20.6 -2.6256 -19.2 18.8 -2.3652 -21.2 21.7 -1.0732 -20.1

5 24 25.9 0.2 0.4 27 0.9 1.2 24.5 0 2.4 25.9 0 -0.6

5 24 19.1 -2.4335 -6.8 20.3 -0.7077 -8.7 18.7594 0.1849 -6.5956 20.3 -3.0077 -8.7

5 24 4.2 2.6 -21.4 -7.4 2.9 -19.7 5.5 2.6 -18.8 -5.4 2.9 -22.2

5 24 15.3 0.2287 -3.6 17.8 -0.3 0.4 15.1 0.3 1.2 17.6 -0.5635 -5.1

5 24 -0.2 0.5 -24.4 -0.8 1.5 -25.8 0 1.5 -25.6 -1.7 1.5 -25.3

5 24 15.3 0.2287 -3.6 15.1 0.3 1.2 13.2 0.3 1.3 17.8 -0.3 0.4

5 24 25.9 0.2 0.4 25.9 0 -0.6 24.2 -0.3 -0.1 27 0.9 1.2

5 24 -5.2 0.4 -21 -3.1 0.3 -15.9 -6.8 0.6 -18.8 -2.3 0.3 -17.8

5 24 4.2 2.6 -21.4 -5.4 2.9 -22.2 -7.4 2.9 -19.7 2 3 -24

5 24 13.2 0.3 1.3 13.1 0.7 1.8 11.3 0.4 1.1 15.1 0.7 1.9

5 24 -8.6 3.1 -16.7 -8.6 1.4 -16.7 -9.1 1.4 -14 -7.4 2.9 -19.7

5 24 24.1 0 -2.2 23.8 -0.3 -1 25.9 0 -0.6 21.4 0 -3.8

5 24 12.2 -2.4018 -12.7 12.3 -2.6117 -11.9 10.6 -1.1883 -11.3 14.3 -3.4631 -13.9

5 24 1.9 0.6 -12.8 -1 0.3 -17.5 -1.4 0.3 -15.8 5.1248 -0.0325 -18.5499

5 24 17.6 -1.2783 -5.1 16.5 -1.7377 -5.8 15.3 -0.1299 -3.6 18.2 -3.1243 -8

5 24 -2.9 0.4 -22.9 -1.5 0.1 -21.9 -1.6 0.1 -19.8 -1.3 0.5 -24.1

5 24 20.9 -0.9189 -10.8 12.6 -0.098 -22.3 20.3 -0.7077 -8.7 16.3 0.4874 -22.6

5 24 22.3 -0.2 4.8 24.5 0 2.4 21 -0.5 0.7 25.5 0.6 3.4

5 24 -2.9 0.4 -22.9 -1.6 0.1 -19.8 -5.2 0.4 -21 -1.5 0.1 -21.9

5 24 12.2 -2.4018 -12.7 11.8 -2.7894 -13.2 10.2 -1.5789 -11.7 13.9 -3.0663 -14.5

5 24 12.6 -0.098 -22.3 12.6 -2.398 -22.3 16.3 0.4874 -22.6 8.5 -2.2287 -20.8

5 24 15 0.9 9.4 15 3 9.4 18.7 0.6 8.3 13.2 3 9.3

5 24 16.3 -1.8126 -22.6 18.8 -2.3652 -21.2 20 -0.679 -22.3 15.7 -2.9369 -21.3

5 24 15.7 -2.9369 -21.3 12.6 -2.398 -22.3 12.6 -3.1822 -20.8 16.3 -1.8126 -22.6

5 24 10.6 -1.1883 -11.3 10.7 -1.2451 -10.1 9.2 -0.3426 -9.6 12.3 -2.6117 -11.9

5 24 24.5 0 2.4 27 0.9 1.2 25.5 0.6 3.4 25.9 0.2 0.4

5 24 22.3 -0.2 4.8 21 -0.5 0.7 24.5 0 2.4 18 -0.3 1.7

5 24 3.5 0.1 -20.9 4.2 0.6 -21.4 5.1248 -0.0325 -18.5499 2 1 -24

5 24 -2.9 0.4 -22.9 -3.3 1.4 -24.1 -5.4 1.2 -22.2 -1.3 0.5 -24.1

5 24 20.3 -2.0261 -20.7 21.7 -1.0732 -20.1 20.6 -2.6256 -19.2 21.2 -0.5984 -21.5

5 24 -0.8 3.2 -25.8 -0.8 1.5 -25.8 -1.7 1.5 -25.3 0 3.2 -25.6

5 24 7.071 0.3 7.071 10.9 0.4 6.9 10.5 0.9 8.5 12.9 0.3 2.5

5 24 14.9 2.3 -6.6 14.9 1.5913 -6.6 18.8663 -0.6375 -6.6598 12.2 2.5847 -5.5

5 24 22.3 -0.2 4.8 18 -0.3 1.7 18.4 0 7.1 21 -0.5 0.7

5 24 1.9 0.6 -12.8 -1.4 0.3 -15.8 -1 0.3 -17.5 -1.5 0.3 -14.2

5 24 18.2 -3.1243 -8 14.3 -3.4631 -13.9 19.5 -3.8231 -10.6 12.3 -2.6117 -11.9

5 24 -5.4 2.9 -22.2 -5.4 1.2 -22.2 -3.3 3.1 -24.1 -7.4 1.3 -19.7

5 24 11.7 0 -3.7 9.1 -0.5443 -8.4 13.8 -0.4702 -4.5 8.1 -0.3 -7.8

5 24 15.2 0.3 2.7 17.9 0.1 1.1 18 -0.3 1.7 15.1 0.7 1.9

5 24 18.8663 -0.6375 -6.6598 18.6 2 -6.5 21.8 0.6 -5.3 14.9 2.3 -6.6

5 24 21.7 1.2268 -20.1 21.7 -1.0732 -20.1 21.2 -0.5984 -21.5 21.9 -0.0075 -16.9

5 24 -2.8 0.3 -12.4 -5.8094 0.1 -7.9141 -7.1 0.3 -11.3 -1.5 0.3 -11.1

5 24 20.3 -3.0077 -8.7 20.3 -0.7077 -8.7 20.9 -3.2189 -10.8 19.1 -2.4335 -6.8

5 24 -8 0.5 -13.9 -9.1 1.4 -14 -8.4 1.1 -10.9 -7.8 0.6 -15.9

5 24 5.5 1.4057 -18.8 4.9 -0.8943 -18.4 3.3 0.1698 -16.3 8.5 0.0713 -20.8

5 24 4.9 2.7993 -13.7 -8.6 3.1 -16.7 5.5 2.75 -15.45 3 3 -11.9

5 24 21.4 0 -3.8 21.1 -0.5 -0.6 23.8 -0.3 -1 17.6 -0.5635 -5.1

5 24 5.7 -1.456 -17.1 11.8 -2.7894 -13.2 10.2 -1.5789 -11.7 8.6 -2.6395 -18.8

5 24 -1.6 0.1 -19.8 -1.1 0.5 -19.8 -1.5 0.7 -17.6 -1.5 0.1 -21.9

5 24 18.4 0 7.1 22.9 0.4 5.8 18.7 0.6 8.3 22.3 -0.2 4.8

5 24 3.1 0 -12.4 8.7 -0.6696 -9.8 8.1 -0.3 -7.8 4.2 -0.4148 -15

5 24 16.5 -1.7377 -5.8 12.3 -2.6117 -11.9 18.2 -3.1243 -8 10.7 -1.2451 -10.1

5 24 20.4 -3.7399 -13.8 16.5 -3.8284 -16.1 19.5 -3.8231 -10.6 18.1 -3.713 -17.8

5 24 5.1248 -0.0325 -18.5499 3.5 0.1 -20.9 4.2 0.6 -21.4 -0.7 0.1 -22

5 24 21.9 -0.0075 -16.9 21.9 -2.3075 -16.9 21.7 -1.0732 -20.1 21.7 -0.7617 -13.9

5 24 4.2 -0.4148 -15 8.7 -0.6696 -9.8 3.1 0 -12.4 10.2 -1.5789 -11.7

5 24 17.8 -0.3 0.4 17.9 0.1 1.1 15.1 0.3 1.2 21 -0.1 0.1

5 24 21.4 0 -3.8 21.8 0.6 -5.3 24.1 0 -2.2 18.8663 -0.6375 -6.6598

5 24 17.6 -0.5635 -5.1 21.1 -0.5 -0.6 17.8 -0.3 0.4 21.4 0 -3.8

5 24 20.6 -3.298 -16.6 21.7 -3.0617 -13.9 20.4 -3.7399 -13.8 21.9 -2.3075 -16.9

5 24 0 3.2 -25.6 0 1.5 -25.6 -0.8 1.5 -25.8 2 3 -24

5 24 20.3 -0.7077 -8.7 8.5 0.0713 -20.8 18.7594 0.1849 -6.5956 12.6 -0.098 -22.3

5 24 -5.8094 0.1 -7.9141 -1.5 0.3 -11.1 0 0.4 -10 -2.8 0.3 -12.4

5 24 18.8 -2.3652 -21.2 20 -0.679 -22.3 20.3 -2.0261 -20.7 16.3 -1.8126 -22.6

5 24 -0.2 0.5 -24.4 -1.3 0.5 -24.1 -1.7 1.5 -25.3 -0.7 0.1 -22

5 24 25.9 0 -0.6 24.1 0 -2.2 23.8 -0.3 -1 26.2 1.1 -2.4

5 24 20.3 -2.0261 -20.7 20 -0.679 -22.3 21.2 -0.5984 -21.5 18.8 -2.3652 -21.2

5 24 25.5 0.6 3.4 25.5 2.7 3.4 27 0.9 1.2 22.9 2.5 5.8

5 24 13.2 3 9.3 12.2 2.5847 -5.5 18.6 2 -6.5 10.5 3 8.5

5 24 5.5 1.4057 -18.8 14.9 1.5913 -6.6 5.5 2.1844 -15.3986 18.7594 0.1849 -6.5956

5 24 19.5 -3.8231 -10.6 16.5 -3.8284 -16.1 20.4 -3.7399 -13.8 14.3 -3.4631 -13.9

5 24 12.6 -3.1822 -20.8 12.6 -2.398 -22.3 15.7 -2.9369 -21.3 8.5 -2.2287 -20.8

5 24 20.6 -3.298 -16.6 19 -3.0891 -19.7 20.6 -2.6256 -19.2 18.1 -3.713 -17.8

5 24 20.6 -2.6256 -19.2 21.7 -1.0732 -20.1 21.9 -2.3075 -16.9 20.3 -2.0261 -20.7

5 24 3.5 0.1 -20.9 -0.7 0.1 -22 5.1248 -0.0325 -18.5499 1.5 0.5 -23.1

5 24 -8.4 2.8 -10.9 -8.4 1.1 -10.9 -7.071 0.5 -7.071 -9.1 3.1 -14

5 24 20.9 -0.9189 -10.8 16.3 0.4874 -22.6 12.6 -0.098 -22.3 21.7 -0.7617 -13.9

5 24 17.6 -1.2783 -5.1 18.2 -3.1243 -8 19.1 -2.4335 -6.8 16.5 -1.7377 -5.8

5 24 22.3 -0.2 4.8 22.9 0.4 5.8 18.4 0 7.1 25.5 0.6 3.4

5 24 9.2 -0.3426 -9.6 8.7 -0.6696 -9.8 8.1 -0.3 -7.8 10.6 -1.1883 -11.3

5 24 21.4 0 -3.8 23.8 -0.3 -1 21.1 -0.5 -0.6 24.1 0 -2.2

5 24 13.7 0.3 8.2 12.9 0.3 2.5 15.3 0.3 8.1 10.9 0.4 6.9

5 24 -7.8 0.6 -15.9 -7.1 0.3 -11.3 -2.8 0.3 -12.4 -8 0.5 -13.9

5 24 16.2 -3.3884 -16.7 18.1 -3.713 -17.8 16.5 -3.8284 -16.1 17.8 -3.2629 -18.2

5 24 10.6 -1.1883 -11.3 10.2 -1.5789 -11.7 8.7 -0.6696 -9.8 12.2 -2.4018 -12.7

5 24 16.3 0.4874 -22.6 16.3 -1.8126 -22.6 12.6 -2.398 -22.3 20 1.621 -22.3

5 24 -0.2 0.5 -24.4 -0.7 0.1 -22 -1.3 0.5 -24.1 1.5 0.5 -23.1

5 24 13.9 -3.0663 -14.5 11.8 -2.7894 -13.2 13.5 -3.4383 -14.9 12.2 -2.4018 -12.7

5 24 -5.2 0.4 -21 -2.3 0.3 -17.8 -3.1 0.3 -15.9 -1.6 0.1 -19.8

5 24 24.5 0 2.4 25.9 0.2 0.4 24.2 -0.3 -0.1 27 0.9 1.2

5 24 25.9 0 -0.6 27.6 1.2 0 27 0.9 1.2 27.5 1.2 -1

5 24 -7.1 0.3 -11.3 -7.071 0.5 -7.071 -5.8094 0.1 -7.9141 -8.4 1.1 -10.9

5 24 10.6 -1.1883 -11.3 12.3 -2.6117 -11.9 10.7 -1.2451 -10.1 12.2 -2.4018 -12.7

5 24 3 3 -11.9 4.9 2.7993 -13.7 -8.6 3.1 -16.7 12.2 2.5847 -5.5

5 24 -1.7 3.2 -25.3 -1.7 1.5 -25.3 -3.3 1.4 -24.1 -0.8 3.2 -25.8

5 24 24.1 0.1 -0.6 21 -0.5 0.7 24.2 -0.3 -0.1 21 -0.1 0.1

5 24 16.2 -3.3884 -16.7 16.5 -3.8284 -16.1 18.1 -3.713 -17.8 13.9 -3.0663 -14.5

5 24 12.4 0.3916 -2.5 12.4 0.1 -2.5 9.7 0.553 -1.6 15.3 -0.1299 -3.6

5 24 16.2 -3.3884 -16.7 15.9 -3.7596 -17.1 13.5 -3.4383 -14.9 17.8 -3.2629 -18.2

5 24 17.8 -0.3 0.4 21 -0.1 0.1 17.9 0.1 1.1 21.1 -0.5 -0.6

5 24 27 3 1.2 27.5 3.3 -1 27.6 3.3 0 26.2 3.2 -2.4

5 24 20.3 -0.7077 -8.7 12.6 -0.098 -22.3 8.5 0.0713 -20.8 20.9 -0.9189 -10.8

5 24 -6.8 0.6 -18.8 -3.2 0.3 -14 -7.8 0.6 -15.9 -3.1 0.3 -15.9

5 24 -0.2 0.5 -24.4 0 1.5 -25.6 -0.8 1.5 -25.8 2 1 -24

5 24 15.7 -2.9369 -21.3 12.6 -3.1822 -20.8 12.6 -2.398 -22.3 17.4 -3.6543 -18.5

5 24 8.6 -2.6395 -18.8 8.5 -2.2287 -20.8 4.9 -0.8943 -18.4 12.6 -3.1822 -20.8

5 24 5.7 -1.456 -17.1 4.2 -0.4148 -15 3.3 0.0428 -16.3 10.2 -1.5789 -11.7

5 24 18 -0.3 1.7 17.9 0.1 1.1 15.2 0.3 2.7 21 -0.1 0.1

5 24 16.5 -1.7377 -5.8 10.7 -1.2451 -10.1 13.8 -0.4702 -4.5 12.3 -2.6117 -11.9

5 24 -1.5 0.1 -21.9 -1.1 0.5 -19.8 -1.6 0.1 -19.8 -1.1 0.5 -22

5 24 20.6 -3.298 -16.6 18.1 -3.713 -17.8 20.4 -3.7399 -13.8 19 -3.0891 -19.7

5 24 2.6 0 -9.5 8.1 -0.3 -7.8 9.4 0 -3 3.1 0 -12.4

5 24 22.9 0.4 5.8 22.9 2.5 5.8 25.5 0.6 3.4 18.7 2.7 8.3

5 24 23.8 -0.3 -1 24.1 0.1 -0.6 21.1 -0.5 -0.6 25.9 0 -0.6

5 24 19.5 -3.8231 -10.6 14.3 -3.4631 -13.9 18.2 -3.1243 -8 16.5 -3.8284 -16.1

5 24 11.7 0 -3.7 13.8 -0.4702 -4.5 9.1 -0.5443 -8.4 12.4 0.1 -2.5

5 24 25.9 0 -0.6 26.2 1.1 -2.4 27.5 1.2 -1 24.1 0 -2.2

5 24 4.9 2.7993 -13.7 12.2 2.5847 -5.5 5.5 2.1844 -15.3986 3 3 -11.9

5 24 27.6 3.3 0 27.6 1.2 0 27.5 1.2 -1 27 3 1.2

5 24 5.5 2.75 -15.45 -8.6 3.1 -16.7 4.9 2.7993 -13.7 -7.4 2.9 -19.7

5 24 17.8 -3.2629 -18.2 17.4 -3.6543 -18.5 15.9 -3.7596 -17.1 19 -3.0891 -19.7

5 24 18.7 2.7 8.3 18.6 2 -6.5 22.9 2.5 5.8 13.2 3 9.3

5 24 20.6 -2.6256 -19.2 20.6 -3.298 -16.6 19 -3.0891 -19.7 21.9 -2.3075 -16.9

5 24 15.3 -0.1299 -3.6 16.5 -1.7377 -5.8 17.6 -1.2783 -5.1 13.8 -0.4702 -4.5

5 24 15.3 -0.1299 -3.6 13.8 -0.4702 -4.5 12.4 0.1 -2.5 16.5 -1.7377 -5.8

5 24 15.3 0.3 8.1 18.4 0 7.1 18.7 0.6 8.3 15.2 0.3 2.7

5 24 14.9 2.3 -6.6 18.8663 -0.6375 -6.6598 18.6 2 -6.5 14.9 1.5913 -6.6

5 24 20.6 -3.298 -16.6 21.9 -2.3075 -16.9 21.7 -3.0617 -13.9 20.6 -2.6256 -19.2

5 24 17.6 -0.5635 -5.1 17.6 -1.2783 -5.1 15.3 0.2287 -3.6 19.1 -2.4335 -6.8

5 24 16.2 -3.3884 -16.7 13.5 -3.4383 -14.9 15.9 -3.7596 -17.1 13.9 -3.0663 -14.5

5 24 13.7 0.3 8.2 10.5 0.9 8.5 10.9 0.4 6.9 13.2 0.9 9.3

5 24 9.4 0 -3 2.6 0 -9.5 9.7 0 -1.6 8.1 -0.3 -7.8

5 24 3.1 0 -12.4 8.1 -0.3 -7.8 2.6 0 -9.5 8.7 -0.6696 -9.8

5 24 -6.8 0.6 -18.8 -3.1 0.3 -15.9 -3.2 0.3 -14 -5.2 0.4 -21

5 24 5.1248 -0.0325 -18.5499 -0.7 0.1 -19.8 -1 0.3 -17.5 -0.7 0.1 -22

5 24 9.7 0.553 -1.6 11.3 0.4 1.1 7.071 0.3 7.071 15.3 0.2287 -3.6

5 24 -7.8 0.6 -15.9 -3.2 0.3 -14 -2.8 0.3 -12.4 -6.8 0.6 -18.8

5 24 21.7 -0.7617 -13.9 21.7 -3.0617 -13.9 21.9 -2.3075 -16.9 20.9 -0.9189 -10.8

5 24 19.5 -3.8231 -10.6 20.3 -3.0077 -8.7 18.2 -3.1243 -8 20.9 -3.2189 -10.8

5 24 8.6 -2.6395 -18.8 11.8 -2.7894 -13.2 5.7 -1.456 -17.1 13.5 -3.4383 -14.9

5 24 -1.5 0.3 -14.2 -2.2 0.7 -14.2 -1.5 0.3 -12.7 -2.1 0.7 -15.9

5 24 -7.1 0.3 -11.3 -5.8094 0.1 -7.9141 -7.071 0.5 -7.071 -2.8 0.3 -12.4

5 24 0 0.4 -10 -1.5 0.3 -14.2 1.9 0.6 -12.8 -1.5 0.3 -12.7

5 24 3 3 -11.9 -8.4 2.8 -10.9 -9.1 3.1 -14 0 3 -8

5 24 15.3 0.3 8.1 15.2 0.3 2.7 18.4 0 7.1 12.9 0.3 2.5

5 24 27 3 1.2 24.3 3 -3.9 25.5 2.7 3.4 26.2 3.2 -2.4

5 24 24.3 3 -3.9 24.3 0.9 -3.9 21.8 0.6 -5.3 26.2 3.2 -2.4

5 24 1.9 0.6 -12.8 -1.5 0.3 -14.2 -1.4 0.3 -15.8 0 0.4 -10

5 24 -7.8 0.6 -15.9 -8.6 1.4 -16.7 -9.1 1.4 -14 -6.8 0.6 -18.8

5 24 15.3 0.2287 -3.6 13.2 0.3 1.3 11.3 0.4 1.1 15.1 0.3 1.2

5 24 9.2 -0.3426 -9.6 10.7 -1.2451 -10.1 9.1 -0.5443 -8.4 10.6 -1.1883 -11.3

5 24 12.6 -3.1822 -20.8 8.6 -2.6395 -18.8 8.5 -2.2287 -20.8 13.5 -3.4383 -14.9

5 24 4.2 -0.4148 -15 1.9 0.4 -12.8 3.3 0.0428 -16.3 3.1 0 -12.4

5 24 0 0.4 -10 1.9 0.6 -12.8 1.2 0.6 -9.8 -1.5 0.3 -14.2

5 24 13.8 -0.4702 -4.5 9.1 -0.5443 -8.4 10.7 -1.2451 -10.1 11.7 0 -3.7

5 24 15.7 -2.9369 -21.3 17.4 -3.6543 -18.5 19 -3.0891 -19.7 12.6 -3.1822 -20.8

5 24 -2.9 0.4 -22.9 -5.4 1.2 -22.2 -3.3 1.4 -24.1 -5.2 0.4 -21

5 24 24.1 0 -2.2 21.4 0 -3.8 21.8 0.6 -5.3 23.8 -0.3 -1

5 24 18.4 0 7.1 22.3 -0.2 4.8 18 -0.3 1.7 22.9 0.4 5.8

5 24 25.9 0 -0.6 27.5 1.2 -1 27.6 1.2 0 26.2 1.1 -2.4

5 24 10.5 3 8.5 8 3 0 12.2 2.5847 -5.5 7.3912 3 3.0616

5 24 12.9 0.3 2.5 15.1 0.7 1.9 15.2 0.3 2.7 13.1 0.7 1.8

5 24 21.9 -0.0075 -16.9 16.3 0.4874 -22.6 21.7 -0.7617 -13.9 21.2 1.7016 -21.5

5 24 -6.8 0.6 -18.8 -8.6 1.4 -16.7 -7.4 1.3 -19.7 -7.8 0.6 -15.9

5 24 13.8 -0.4702 -4.5 16.5 -1.7377 -5.8 15.3 -0.1299 -3.6 10.7 -1.2451 -10.1

5 24 18.8 -2.3652 -21.2 20.3 -2.0261 -20.7 20.6 -2.6256 -19.2 20 -0.679 -22.3

5 24 20.4 -3.7399 -13.8 20.9 -3.2189 -10.8 19.5 -3.8231 -10.6 21.7 -3.0617 -13.9

5 24 2 3 -24 -3.3 3.1 -24.1 -5.4 2.9 -22.2 0 3.2 -25.6

5 24 24.5 0 2.4 24.2 -0.3 -0.1 25.9 0.2 0.4 21 -0.5 0.7

5 24 0 3 -8 -8.4 2.8 -10.9 -7.0711 3 -7.0711 3 3 -11.9

5 24 -6.8 0.6 -18.8 -7.8 0.6 -15.9 -3.2 0.3 -14 -8.6 1.4 -16.7

5 24 15.2 0.3 2.7 15.1 0.7 1.9 17.9 0.1 1.1 12.9 0.3 2.5

5 24 20.3 -2.0261 -20.7 21.2 -0.5984 -21.5 21.7 -1.0732 -20.1 20 -0.679 -22.3

5 24 3.1 0 -12.4 1.9 0.4 -12.8 1.2 0 -9.8 4.2 -0.4148 -15

5 24 20.6 -2.6256 -19.2 18.8 -2.3652 -21.2 20.3 -2.0261 -20.7 19 -3.0891 -19.7

5 24 20.6 -2.6256 -19.2 19 -3.0891 -19.7 18.8 -2.3652 -21.2 20.6 -3.298 -16.6

5 24 -5.2 0.4 -21 -5.4 1.2 -22.2 -7.4 1.3 -19.7 -2.9 0.4 -22.9

5 24 21.8 0.6 -5.3 24.1 0 -2.2 21.4 0 -3.8 24.3 0.9 -3.9

5 24 12.9 0.3 2.5 7.071 0.3 7.071 10.9 0.4 6.9 11.3 0.4 1.1

5 24 -7.8 0.6 -15.9 -2.8 0.3 -12.4 -7.1 0.3 -11.3 -3.2 0.3 -14

5 24 -6.8 0.6 -18.8 -7.4 1.3 -19.7 -8.6 1.4 -16.7 -5.2 0.4 -21

5 24 24.1 0 -2.2 24.3 0.9 -3.9 26.2 1.1 -2.4 21.8 0.6 -5.3

5 24 18.7594 0.1849 -6.5956 5.5 1.4057 -18.8 8.5 0.0713 -20.8 14.9 1.5913 -6.6

5 24 5.1248 -0.0325 -18.5499 -0.7 0.1 -22 3.5 0.1 -20.9 -0.7 0.1 -19.8

5 24 17.6 -0.5635 -5.1 19.1 -2.4335 -6.8 17.6 -1.2783 -5.1 18.7594 0.1849 -6.5956

5 24 5.5 2.1844 -15.3986 5.5 2.75 -15.45 5.5 0.4 -18.8 4.9 2.7993 -13.7

5 24 13.9 -3.0663 -14.5 16.5 -3.8284 -16.1 16.2 -3.3884 -16.7 14.3 -3.4631 -13.9

5 24 20.4 -3.7399 -13.8 18.1 -3.713 -17.8 20.6 -3.298 -16.6 16.5 -3.8284 -16.1

5 24 18.7 2.7 8.3 13.2 3 9.3 18.6 2 -6.5 15 3 9.4

5 24 12.4 0.1 -2.5 13.8 -0.4702 -4.5 11.7 0 -3.7 15.3 -0.1299 -3.6

5 24 20.6 -3.298 -16.6 20.4 -3.7399 -13.8 21.7 -3.0617 -13.9 18.1 -3.713 -17.8

5 24 18.6 2 -6.5 12.2 2.5847 -5.5 14.9 2.3 -6.6 13.2 3 9.3

5 24 3.3 0.1698 -16.3 4.9 -0.8943 -18.4 3.3 0.0428 -16.3 5.5 1.4057 -18.8

5 24 12.4 0.1 -2.5 11.7 0 -3.7 13.8 -0.4702 -4.5 9.7 0 -1.6

5 24 4.2 -0.4148 -15 3.1 0 -12.4 8.7 -0.6696 -9.8 1.9 0.4 -12.8

5 24 8.6 -2.6395 -18.8 5.7 -1.456 -17.1 4.9 -0.8943 -18.4 11.8 -2.7894 -13.2

5 24 -2.9 0.4 -22.9 -5.2 0.4 -21 -5.4 1.2 -22.2 -1.6 0.1 -19.8

5 24 -7.4 2.9 -19.7 -7.4 1.3 -19.7 -8.6 1.4 -16.7 -5.4 2.9 -22.2

5 24 3 3 -11.9 5.6568 3 -5.6568 12.2 2.5847 -5.5 0 3 -8

5 24 12.2 -2.4018 -12.7 10.2 -1.5789 -11.7 11.8 -2.7894 -13.2 10.6 -1.1883 -11.3

5 24 3.3 0.0428 -16.3 3.3 0.1698 -16.3 1.9 0.4 -12.8 4.9 -0.8943 -18.4

5 24 9.2 -0.3426 -9.6 9.1 -0.5443 -8.4 8.1 -0.3 -7.8 10.7 -1.2451 -10.1

5 24 9.7 0 -1.6 11.7 0 -3.7 12.4 0.1 -2.5 9.4 0 -3

5 24 -5.2 0.4 -21 -7.4 1.3 -19.7 -5.4 1.2 -22.2 -6.8 0.6 -18.8

5 24 -1.4 0.3 -15.8 -2.1 0.7 -15.9 -1.5 0.3 -14.2 -1.5 0.7 -17.6

5 24 -1.5 0.1 -21.9 -1.1 0.5 -22 -1.1 0.5 -19.8 -1.3 0.5 -24.1

5 24 8.6 -2.6395 -18.8 4.9 -0.8943 -18.4 8.5 -2.2287 -20.8 5.7 -1.456 -17.1

5 24 18.2 -3.1243 -8 19.1 -2.4335 -6.8 17.6 -1.2783 -5.1 20.3 -3.0077 -8.7

5 24 19 -3.0891 -19.7 15.7 -2.9369 -21.3 17.4 -3.6543 -18.5 18.8 -2.3652 -21.2

5 24 -5.2 0.4 -21 -1.6 0.1 -19.8 -2.3 0.3 -17.8 -2.9 0.4 -22.9

5 24 15.1 0.3 1.2 15.1 0.7 1.9 13.2 0.3 1.3 17.9 0.1 1.1

5 24 13.2 3 9.3 18.6 2 -6.5 18.7 2.7 8.3 12.2 2.5847 -5.5

5 24 17.4 -3.6543 -18.5 12.6 -3.1822 -20.8 15.9 -3.7596 -17.1 15.7 -2.9369 -21.3

5 24 13.9 -3.0663 -14.5 13.5 -3.4383 -14.9 11.8 -2.7894 -13.2 16.2 -3.3884 -16.7

5 24 17.8 -3.2629 -18.2 15.9 -3.7596 -17.1 17.4 -3.6543 -18.5 16.2 -3.3884 -16.7

5 24 3 3 -11.9 -9.1 3.1 -14 -8.4 2.8 -10.9 -8.6 3.1 -16.7

5 24 21.8 2.7 -5.3 21.8 0.6 -5.3 24.3 3 -3.9 18.6 2 -6.5

5 24 5.5 2.6 -18.8 -7.4 2.9 -19.7 5.5 2.75 -15.45 4.2 2.6 -21.4

5 24 8 3 0 12.2 2.5847 -5.5 10.5 3 8.5 7.3912 3 -3.0616

5 24 -7.8 0.6 -15.9 -9.1 1.4 -14 -8.6 1.4 -16.7 -8 0.5 -13.9

5 24 22.3 -0.2 4.8 25.5 0.6 3.4 22.9 0.4 5.8 24.5 0 2.4

5 24 12.6 -3.1822 -20.8 15.9 -3.7596 -17.1 13.5 -3.4383 -14.9 17.4 -3.6543 -18.5

5 24 -1 0.3 -17.5 -1.5 0.7 -17.6 -1.4 0.3 -15.8 -1.1 0.5 -19.8

5 24 12.2 -2.4018 -12.7 14.3 -3.4631 -13.9 12.3 -2.6117 -11.9 13.9 -3.0663 -14.5

5 24 -1.3 0.5 -24.1 -2.9 0.4 -22.9 -3.3 1.4 -24.1 -1.5 0.1 -21.9

5 24 21.7 -0.7617 -13.9 16.3 0.4874 -22.6 20.9 -0.9189 -10.8 21.9 -0.0075 -16.9

5 24 -1.5 0.3 -11.1 0 0.4 -10 -1.5 0.3 -12.7 -5.8094 0.1 -7.9141

5 24 22.9 2.5 5.8 18.6 2 -6.5 25.5 2.7 3.4 18.7 2.7 8.3

5 24 -1.6 0.1 -19.8 -1.5 0.7 -17.6 -2.3 0.3 -17.8 -1.1 0.5 -19.8

5 24 25.9 0.2 0.4 24.2 -0.3 -0.1 24.5 0 2.4 25.9 0 -0.6

5 24 15.3 0.2287 -3.6 11.3 0.4 1.1 9.7 0.553 -1.6 13.2 0.3 1.3

5 24 -2.3 0.3 -17.8 -2.1 0.7 -15.9 -3.1 0.3 -15.9 -1.5 0.7 -17.6

5 24 24.5 0 2.4 25.5 0.6 3.4 22.3 -0.2 4.8 27 0.9 1.2

5 24 10.9 0.4 6.9 13.7 0.3 8.2 10.5 0.9 8.5 12.9 0.3 2.5

5 24 -0.7 0.1 -22 -1.1 0.5 -22 -0.7 0.1 -19.8 -1.3 0.5 -24.1

5 24 10.9 0.4 6.9 10.5 0.9 8.5 7.071 0.3 7.071 13.7 0.3 8.2

5 24 15.3 0.2287 -3.6 15.3 -0.1299 -3.6 12.4 0.3916 -2.5 17.6 -1.2783 -5.1

5 24 -2.3 0.3 -17.8 -1.5 0.7 -17.6 -2.1 0.7 -15.9 -1.6 0.1 -19.8

5 24 11.7 0 -3.7 8.1 -0.3 -7.8 9.4 0 -3 9.1 -0.5443 -8.4

5 24 5.7 -1.456 -17.1 10.2 -1.5789 -11.7 4.2 -0.4148 -15 11.8 -2.7894 -13.2

5 24 -3.1 0.3 -15.9 -2.1 0.7 -15.9 -2.2 0.7 -14.2 -2.3 0.3 -17.8

5 24 -9.1 3.1 -14 -9.1 1.4 -14 -8.4 1.1 -10.9 -8.6 3.1 -16.7

5 24 1.5 0.5 -23.1 -0.2 0.5 -24.4 -0.7 0.1 -22 2 1 -24

5 24 20.4 -3.7399 -13.8 21.7 -3.0617 -13.9 20.9 -3.2189 -10.8 20.6 -3.298 -16.6

5 24 25.9 0 -0.6 27 0.9 1.2 27.6 1.2 0 25.9 0.2 0.4

5 24 -3.2 0.3 -14 -2.2 0.7 -12.6 -2.8 0.3 -12.4 -2.2 0.7 -14.2

5 24 1.5 0.5 -23.1 2 1 -24 3.5 0.1 -20.9 -0.2 0.5 -24.4

5 24 -7.1 0.3 -11.3 -8.4 1.1 -10.9 -8 0.5 -13.9 -7.071 0.5 -7.071

5 24 24.2 -0.3 -0.1 24.1 0.1 -0.6 21 -0.5 0.7 25.9 0 -0.6

5 24 12.2 2.5847 -5.5 7.3912 3 -3.0616 5.6568 3 -5.6568 8 3 0

5 24 25.5 2.7 3.4 24.3 3 -3.9 21.8 2.7 -5.3 27 3 1.2

5 24 27 0.9 1.2 27 3 1.2 27.6 1.2 0 25.5 2.7 3.4

5 24 18.6 2 -6.5 21.8 0.6 -5.3 21.8 2.7 -5.3 18.8663 -0.6375 -6.6598

5 24 20 -0.679 -22.3 20 1.621 -22.3 16.3 -1.8126 -22.6 21.2 1.7016 -21.5

5 24 24.1 0 -2.2 26.2 1.1 -2.4 25.9 0 -0.6 24.3 0.9 -3.9

5 24 25.5 2.7 3.4 21.8 2.7 -5.3 24.3 3 -3.9 18.6 2 -6.5

5 24 1.5 0.5 -23.1 -0.7 0.1 -22 -0.2 0.5 -24.4 3.5 0.1 -20.9

5 24 18.4 0 7.1 18 -0.3 1.7 22.3 -0.2 4.8 15.2 0.3 2.7

5 24 3 3 -11.9 0 3 -8 5.6568 3 -5.6568 -8.4 2.8 -10.9

5 24 18.7594 0.1849 -6.5956 19.1 -2.4335 -6.8 20.3 -0.7077 -8.7 17.6 -0.5635 -5.1

5 24 19.5 -3.8231 -10.6 18.2 -3.1243 -8 20.3 -3.0077 -8.7 14.3 -3.4631 -13.9

5 24 13.8 -0.4702 -4.5 10.7 -1.2451 -10.1 16.5 -1.7377 -5.8 9.1 -0.5443 -8.4

5 24 -1 0.3 -17.5 -1.1 0.5 -19.8 -0.7 0.1 -19.8 -1.5 0.7 -17.6

5 24 3.1 0 -12.4 2.6 0 -9.5 8.1 -0.3 -7.8 1.2 0 -9.8

5 24 26.2 3.2 -2.4 26.2 1.1 -2.4 27.5 3.3 -1 24.3 0.9 -3.9

5 24 18.7 0.6 8.3 18.7 2.7 8.3 22.9 0.4 5.8 15 3 9.4

5 24 13.9 -3.0663 -14.5 14.3 -3.4631 -13.9 12.2 -2.4018 -12.7 16.5 -3.8284 -16.1

5 24 8.5 0.0713 -20.8 8.5 -2.2287 -20.8 12.6 -0.098 -22.3 4.9 -0.8943 -18.4

5 24 -8 0.5 -13.9 -8.4 1.1 -10.9 -9.1 1.4 -14 -7.1 0.3 -11.3

5 24 21.1 -0.5 -0.6 24.1 0.1 -0.6 21 -0.1 0.1 23.8 -0.3 -1

5 24 3.5 0.1 -20.9 1.5 0.5 -23.1 -0.7 0.1 -22 2 1 -24

5 24 -7.8 0.6 -15.9 -8 0.5 -13.9 -9.1 1.4 -14 -7.1 0.3 -11.3

5 24 16.5 -1.7377 -5.8 18.2 -3.1243 -8 12.3 -2.6117 -11.9 17.6 -1.2783 -5.1

5 24 -3.2 0.3 -14 -2.2 0.7 -14.2 -2.2 0.7 -12.6 -3.1 0.3 -15.9

5 24 -7.1 0.3 -11.3 -2.8 0.3 -12.4 -5.8094 0.1 -7.9141 -7.8 0.6 -15.9

5 24 13.2 0.9 9.3 13.2 3 9.3 15 0.9 9.4 10.5 3 8.5

5 24 19.5 -3.8231 -10.6 20.9 -3.2189 -10.8 20.3 -3.0077 -8.7 20.4 -3.7399 -13.8

5 24 -3.3 3.1 -24.1 -3.3 1.4 -24.1 -5.4 1.2 -22.2 -1.7 3.2 -25.3

5 24 24.5 0 2.4 21 -0.5 0.7 22.3 -0.2 4.8 24.2 -0.3 -0.1

5 24 18.4 0 7.1 18.7 0.6 8.3 15.3 0.3 8.1 22.9 0.4 5.8

5 24 4.2 0.6 -21.4 5.1248 -0.0325 -18.5499 3.5 0.1 -20.9 5.5 0.4 -18.8

5 24 -8 0.5 -13.9 -7.1 0.3 -11.3 -8.4 1.1 -10.9 -7.8 0.6 -15.9

5 24 1.9 0.6 -12.8 1.9 0.4 -12.8 1.2 0 -9.8 3.3 0.1698 -16.3

5 24 10.6 -1.1883 -11.3 8.7 -0.6696 -9.8 10.2 -1.5789 -11.7 9.2 -0.3426 -9.6

5 24 2 3 -24 2 1 -24 0 1.5 -25.6 4.2 2.6 -21.4

5 24 17.6 -0.5635 -5.1 17.8 -0.3 0.4 15.3 0.2287 -3.6 21.1 -0.5 -0.6

5 24 -8.6 3.1 -16.7 3 3 -11.9 4.9 2.7993 -13.7 -9.1 3.1 -14

5 24 10.5 0.9 8.5 10.5 3 8.5 13.2 0.9 9.3 7.071 3 7.071

5 24 5.6568 3 -5.6568 12.2 2.5847 -5.5 3 3 -11.9 7.3912 3 -3.0616

5 24 21.2 1.7016 -21.5 21.9 -0.0075 -16.9 20 1.621 -22.3 21.7 1.2268 -20.1

5 24 18 -0.3 1.7 21 -0.1 0.1 21 -0.5 0.7 17.9 0.1 1.1

5 24 -0.2 0.5 -24.4 2 1 -24 1.5 0.5 -23.1 0 1.5 -25.6

5 24 5.7 -1.456 -17.1 3.3 0.0428 -16.3 4.9 -0.8943 -18.4 4.2 -0.4148 -15

5 24 20.9 -0.9189 -10.8 20.9 -3.2189 -10.8 21.7 -3.0617 -13.9 20.3 -0.7077 -8.7

5 24 15.3 0.3 8.1 15 0.9 9.4 13.7 0.3 8.2 18.7 0.6 8.3

5 24 25.5 2.7 3.4 18.6 2 -6.5 21.8 2.7 -5.3 22.9 2.5 5.8

5 24 13.7 0.3 8.2 13.2 0.9 9.3 15 0.9 9.4 10.5 0.9 8.5

5 24 0 3 -8 -7.0711 3 -7.0711 -5.6569 3 -5.6569 -8.4 2.8 -10.9

5 24 18.2 -3.1243 -8 12.3 -2.6117 -11.9 16.5 -1.7377 -5.8 14.3 -3.4631 -13.9

5 24 17.8 -3.2629 -18.2 18.1 -3.713 -17.8 16.2 -3.3884 -16.7 19 -3.0891 -19.7

5 24 -0.2 0.5 -24.4 -1.7 1.5 -25.3 -1.3 0.5 -24.1 -0.8 1.5 -25.8

5 24 13.7 0.3 8.2 15.3 0.3 8.1 15 0.9 9.4 12.9 0.3 2.5

5 24 -0.7 0.1 -19.8 -1.1 0.5 -19.8 -1 0.3 -17.5 -1.1 0.5 -22

5 24 19 -3.0891 -19.7 18.8 -2.3652 -21.2 20.6 -2.6256 -19.2 15.7 -2.9369 -21.3

5 24 5.7 -1.456 -17.1 4.9 -0.8943 -18.4 3.3 0.0428 -16.3 8.6 -2.6395 -18.8

5 24 9.4 0 -3 11.7 0 -3.7 9.7 0 -1.6 8.1 -0.3 -7.8

5 24 12.9 0.3 2.5 13.1 0.7 1.8 15.1 0.7 1.9 11.3 0.4 1.1

5 24 18.2 -3.1243 -8 20.3 -3.0077 -8.7 19.5 -3.8231 -10.6 19.1 -2.4335 -6.8

5 24 21 -0.5 0.7 21 -0.1 0.1 18 -0.3 1.7 24.1 0.1 -0.6

5 24 3.1 0 -12.4 1.2 0 -9.8 1.9 0.4 -12.8 2.6 0 -9.5

5 24 -5.2 0.4 -21 -6.8 0.6 -18.8 -3.1 0.3 -15.9 -7.4 1.3 -19.7

5 24 13.2 0.3 1.3 15.1 0.7 1.9 13.1 0.7 1.8 15.1 0.3 1.2

5 24 21.1 -0.5 -0.6 21 -0.1 0.1 17.8 -0.3 0.4 24.1 0.1 -0.6

5 24 4.2 2.6 -21.4 4.2 0.6 -21.4 2 1 -24 5.5 2.6 -18.8

5 24 13.7 0.3 8.2 15 0.9 9.4 13.2 0.9 9.3 15.3 0.3 8.1

5 24 5.5 2.6 -18.8 5.5 0.4 -18.8 4.2 0.6 -21.4 5.5 2.75 -15.45

5 24 0 3.2 -25.6 -1.7 3.2 -25.3 -3.3 3.1 -24.1 -0.8 3.2 -25.8

5 24 10.9 0.4 6.9 12.9 0.3 2.5 13.7 0.3 8.2 7.071 0.3 7.071

5 24 -2.8 0.3 -12.4 -2.2 0.7 -12.6 -1.5 0.3 -11.1 -3.2 0.3 -14

5 24 18.4 0 7.1 15.2 0.3 2.7 18 -0.3 1.7 15.3 0.3 8.1

5 24 20.4 -3.7399 -13.8 19.5 -3.8231 -10.6 20.9 -3.2189 -10.8 16.5 -3.8284 -16.1

5 24 -1.4 0.3 -15.8 -1.5 0.7 -17.6 -1 0.3 -17.5 -2.1 0.7 -15.9

5 24 20.6 -2.6256 -19.2 21.9 -2.3075 -16.9 20.6 -3.298 -16.6 21.7 -1.0732 -20.1

5 24 4.2 -0.4148 -15 10.2 -1.5789 -11.7 8.7 -0.6696 -9.8 5.7 -1.456 -17.1

5 24 8.6 -2.6395 -18.8 13.5 -3.4383 -14.9 11.8 -2.7894 -13.2 12.6 -3.1822 -20.8

5 24 -1.3 0.5 -24.1 -1.7 1.5 -25.3 -0.2 0.5 -24.4 -3.3 1.4 -24.1

5 24 5.5 2.1844 -15.3986 12.2 2.5847 -5.5 14.9 1.5913 -6.6 4.9 2.7993 -13.7

5 24 27.5 3.3 -1 27.5 1.2 -1 27.6 3.3 0 26.2 1.1 -2.4

5 24 18.8663 -0.6375 -6.6598 21.4 0 -3.8 17.6 -0.5635 -5.1 21.8 0.6 -5.3

5 24 10.5 3 8.5 12.2 2.5847 -5.5 8 3 0 13.2 3 9.3

5 24 21.2 1.7016 -21.5 21.2 -0.5984 -21.5 20 -0.679 -22.3 21.7 1.2268 -20.1

5 24 2 1 -24 3.5 0.1 -20.9 1.5 0.5 -23.1 4.2 0.6 -21.4

5 24 21.4 0 -3.8 17.6 -0.5635 -5.1 18.8663 -0.6375 -6.6598 21.1 -0.5 -0.6

5 24 9.4 0 -3 8.1 -0.3 -7.8 11.7 0 -3.7 2.6 0 -9.5

5 24 4.2 -0.4148 -15 3.3 0.0428 -16.3 1.9 0.4 -12.8 5.7 -1.456 -17.1

0 NOFILE

0 FILE 2-4ring4.dat
0 Ring  4 x 0.5

0 Name: 2-4ring4.dat

0 Author: Paul Easter [pneaster]

0 !LDRAW_ORG Primitive UPDATE 2012-01

0 !LICENSE Licensed under CC BY 4.0 : see CAreadme.txt



0 BFC CERTIFY CCW



0 !HISTORY 2000-09-30 [PTadmin] Official Update 2000-02

0 !HISTORY 2003-06-11 [pneaster] Corrected Values

0 !HISTORY 2003-08-01 [PTadmin] Official Update 2003-02

0 !HISTORY 2007-06-24 [PTadmin] Header formatted for Contributor Agreement

0 !HISTORY 2008-07-01 [PTadmin] Official Update 2008-01

0 !HISTORY 2012-02-16 [Philo] Changed to CCW

0 !HISTORY 2012-03-30 [PTadmin] Official Update 2012-01





4 16 5 0 0 4.6195 0 1.9135 3.6956 0 1.5308 4 0 0

4 16 4.6195 0 1.9135 3.5355 0 3.5355 2.8284 0 2.8284 3.6956 0 1.5308

4 16 3.5355 0 3.5355 1.9135 0 4.6195 1.5308 0 3.6956 2.8284 0 2.8284

4 16 1.9135 0 4.6195 0 0 5 0 0 4 1.5308 0 3.6956

4 16 0 0 5 -1.9135 0 4.6195 -1.5308 0 3.6956 0 0 4

4 16 -1.9135 0 4.6195 -3.5355 0 3.5355 -2.8284 0 2.8284 -1.5308 0 3.6956

4 16 -3.5355 0 3.5355 -4.6195 0 1.9135 -3.6956 0 1.5308 -2.8284 0 2.8284

4 16 -4.6195 0 1.9135 -5 0 0 -4 0 0 -3.6956 0 1.5308

0 NOFILE

0 FILE 2-4edge.dat
0 Circle 0.5

0 Name: 2-4edge.dat

0 Author: James Jessiman

0 !LDRAW_ORG Primitive UPDATE 2017-01

0 !LICENSE Licensed under CC BY 4.0 : see CAreadme.txt



0 BFC CERTIFY CCW



0 !HISTORY 2007-06-24 [PTadmin] Header formatted for Contributor Agreement

0 !HISTORY 2008-07-01 [PTadmin] Official Update 2008-01

0 !HISTORY 2017-01-15 [Steffen] BFCed

0 !HISTORY 2017-12-30 [PTadmin] Official Update 2017-01





2 24 1 0 0 0.9239 0 0.3827

2 24 0.9239 0 0.3827 0.7071 0 0.7071

2 24 0.7071 0 0.7071 0.3827 0 0.9239

2 24 0.3827 0 0.9239 0 0 1

2 24 0 0 1 -0.3827 0 0.9239

2 24 -0.3827 0 0.9239 -0.7071 0 0.7071

2 24 -0.7071 0 0.7071 -0.9239 0 0.3827

2 24 -0.9239 0 0.3827 -1 0 0

0 NOFILE

0 FILE 2-4cyli.dat
0 Cylinder 0.5

0 Name: 2-4cyli.dat

0 Author: James Jessiman

0 !LDRAW_ORG Primitive UPDATE 2005-01

0 !LICENSE Licensed under CC BY 4.0 : see CAreadme.txt



0 BFC CERTIFY CCW



0 !HISTORY 2002-03-23 [sbliss] Added BFC statement; compacted code

0 !HISTORY 2002-04-25 [PTadmin] Official Update 2002-02

0 !HISTORY 2004-12-11 [nielsk] Recreated using Primitive Generator, Edge lines fixed, BFC changed to CCW

0 !HISTORY 2005-12-28 [PTadmin] Official Update 2005-01

0 !HISTORY 2007-06-24 [PTadmin] Header formatted for Contributor Agreement

0 !HISTORY 2008-07-01 [PTadmin] Official Update 2008-01





4 16 .9239 1 .3827 .9239 0 .3827 1 0 0 1 1 0

4 16 .7071 1 .7071 .7071 0 .7071 .9239 0 .3827 .9239 1 .3827

4 16 .3827 1 .9239 .3827 0 .9239 .7071 0 .7071 .7071 1 .7071

4 16 0 1 1 0 0 1 .3827 0 .9239 .3827 1 .9239

4 16 -.3827 1 .9239 -.3827 0 .9239 0 0 1 0 1 1

4 16 -.7071 1 .7071 -.7071 0 .7071 -.3827 0 .9239 -.3827 1 .9239

4 16 -.9239 1 .3827 -.9239 0 .3827 -.7071 0 .7071 -.7071 1 .7071

4 16 -1 1 0 -1 0 0 -.9239 0 .3827 -.9239 1 .3827

5 24 1 1 0 1 0 0 1 1 -.4142 .9239 1 .3827

5 24 .9239 1 .3827 .9239 0 .3827 1 1 0 .7071 1 .7071

5 24 .7071 1 .7071 .7071 0 .7071 .9239 1 .3827 .3827 1 .9239

5 24 .3827 1 .9239 .3827 0 .9239 .7071 1 .7071 0 1 1

5 24 0 1 1 0 0 1 .3827 1 .9239 -.3827 1 .9239

5 24 -.3827 1 .9239 -.3827 0 .9239 0 1 1 -.7071 1 .7071

5 24 -.7071 1 .7071 -.7071 0 .7071 -.3827 1 .9239 -.9239 1 .3827

5 24 -.9239 1 .3827 -.9239 0 .3827 -.7071 1 .7071 -1 1 0

5 24 -1 1 0 -1 0 0 -.9239 1 .3827 -1 1 -.4142

0

0 NOFILE

0 FILE 1-8cyli.dat
0 Cylinder 0.125

0 Name: 1-8cyli.dat

0 Author: James Jessiman

0 !LDRAW_ORG Primitive UPDATE 2005-01

0 !LICENSE Licensed under CC BY 4.0 : see CAreadme.txt



0 BFC CERTIFY CCW



0 !HISTORY 2002-04-25 [PTadmin] Official Update 2002-02

0 !HISTORY 2004-12-11 [nielsk] Recreated using Primitive Generator, Edge lines fixed, BFC changed to CCW

0 !HISTORY 2005-12-28 [PTadmin] Official Update 2005-01

0 !HISTORY 2007-06-22 [PTadmin] Header formatted for Contributor Agreement

0 !HISTORY 2008-07-01 [PTadmin] Official Update 2008-01





4 16 .9239 1 .3827 .9239 0 .3827 1 0 0 1 1 0

4 16 .7071 1 .7071 .7071 0 .7071 .9239 0 .3827 .9239 1 .3827

5 24 1 1 0 1 0 0 1 1 -.4142 .9239 1 .3827

5 24 .9239 1 .3827 .9239 0 .3827 1 1 0 .7071 1 .7071

5 24 .7071 1 .7071 .7071 0 .7071 .9239 1 .3827 .4142 1 1

0

0 NOFILE

0 FILE 4-4ring2.dat
0 Ring  2 x 1.0

0 Name: 4-4ring2.dat

0 Author: James Jessiman

0 !LDRAW_ORG Primitive UPDATE 2009-01

0 !LICENSE Licensed under CC BY 4.0 : see CAreadme.txt



0 BFC CERTIFY CCW



0 !HISTORY 1998-12-15 [PTadmin] Official Update 1998-10

0 !HISTORY 2002-04-05 [hafhead] Added BFC statement

0 !HISTORY 2002-04-25 [PTadmin] Official Update 2002-02

0 !HISTORY 2007-06-24 [PTadmin] Header formatted for Contributor Agreement

0 !HISTORY 2008-07-01 [PTadmin] Official Update 2008-01

0 !HISTORY 2008-08-26 [cwdee] Switch polygon winding and rename

0 !HISTORY 2009-05-02 [PTadmin] Official Update 2009-01





4 16 -1.1481 0 2.7717 -0.7654 0 1.8478 0 0 2 0 0 3

4 16 -2.1213 0 2.1213 -1.4142 0 1.4142 -0.7654 0 1.8478 -1.1481 0 2.7717

4 16 -2.7717 0 1.1481 -1.8478 0 0.7654 -1.4142 0 1.4142 -2.1213 0 2.1213

4 16 -3 0 0 -2 0 0 -1.8478 0 0.7654 -2.7717 0 1.1481

4 16 -2.7717 0 -1.1481 -1.8478 0 -0.7654 -2 0 0 -3 0 0

4 16 -2.1213 0 -2.1213 -1.4142 0 -1.4142 -1.8478 0 -0.7654 -2.7717 0 -1.1481

4 16 -1.1481 0 -2.7717 -0.7654 0 -1.8478 -1.4142 0 -1.4142 -2.1213 0 -2.1213

4 16 0 0 -3 0 0 -2 -0.7654 0 -1.8478 -1.1481 0 -2.7717

4 16 1.1481 0 -2.7717 0.7654 0 -1.8478 0 0 -2 0 0 -3

4 16 2.1213 0 -2.1213 1.4142 0 -1.4142 0.7654 0 -1.8478 1.1481 0 -2.7717

4 16 2.7717 0 -1.1481 1.8478 0 -0.7654 1.4142 0 -1.4142 2.1213 0 -2.1213

4 16 3 0 0 2 0 0 1.8478 0 -0.7654 2.7717 0 -1.1481

4 16 2.7717 0 1.1481 1.8478 0 0.7654 2 0 0 3 0 0

4 16 2.1213 0 2.1213 1.4142 0 1.4142 1.8478 0 0.7654 2.7717 0 1.1481

4 16 1.1481 0 2.7717 0.7654 0 1.8478 1.4142 0 1.4142 2.1213 0 2.1213

4 16 0 0 3 0 0 2 0.7654 0 1.8478 1.1481 0 2.7717

0

0 NOFILE

0 FILE 3-4edge.dat
0 Circle 0.75

0 Name: 3-4edge.dat

0 Author: James Jessiman

0 !LDRAW_ORG Primitive UPDATE 2017-01

0 !LICENSE Licensed under CC BY 4.0 : see CAreadme.txt



0 BFC CERTIFY CCW



0 !HISTORY 2007-06-24 [PTadmin] Header formatted for Contributor Agreement

0 !HISTORY 2008-07-01 [PTadmin] Official Update 2008-01

0 !HISTORY 2017-01-15 [Steffen] BFCed

0 !HISTORY 2017-12-30 [PTadmin] Official Update 2017-01





2 24 1 0 0 0.9239 0 0.3827

2 24 0.9239 0 0.3827 0.7071 0 0.7071

2 24 0.7071 0 0.7071 0.3827 0 0.9239

2 24 0.3827 0 0.9239 0 0 1

2 24 0 0 1 -0.3827 0 0.9239

2 24 -0.3827 0 0.9239 -0.7071 0 0.7071

2 24 -0.7071 0 0.7071 -0.9239 0 0.3827

2 24 -0.9239 0 0.3827 -1 0 0

2 24 -1 0 -0 -0.9239 0 -0.3827

2 24 -0.9239 0 -0.3827 -0.7071 0 -0.7071

2 24 -0.7071 0 -0.7071 -0.3827 0 -0.9239

2 24 -0.3827 0 -0.9239 0 0 -1

0 NOFILE

0 FILE 3-4ring1.dat
0 Ring  1 x 0.75

0 Name: 3-4ring1.dat

0 Author: Willy Tschager [Holly-Wood]

0 !LDRAW_ORG Primitive UPDATE 2024-01

0 !LICENSE Licensed under CC BY 4.0 : see CAreadme.txt



0 BFC CERTIFY CCW



0 !HISTORY 2010-07-05 [PTadmin] Official Update 2010-02

0 !HISTORY 2024-01-19 [Holly-Wood] Complete regeneration, original by guyvivan

0 !HISTORY 2024-01-29 [OrionP] Official Update 2024-01



4 16 2 0 0 1.8478 0 0.7654 0.9239 0 0.3827 1 0 0

4 16 1.8478 0 0.7654 1.4142 0 1.4142 0.7071 0 0.7071 0.9239 0 0.3827

4 16 1.4142 0 1.4142 0.7654 0 1.8478 0.3827 0 0.9239 0.7071 0 0.7071

4 16 0.7654 0 1.8478 0 0 2 0 0 1 0.3827 0 0.9239

4 16 0 0 2 -0.7654 0 1.8478 -0.3827 0 0.9239 0 0 1

4 16 -0.7654 0 1.8478 -1.4142 0 1.4142 -0.7071 0 0.7071 -0.3827 0 0.9239

4 16 -1.4142 0 1.4142 -1.8478 0 0.7654 -0.9239 0 0.3827 -0.7071 0 0.7071

4 16 -1.8478 0 0.7654 -2 0 0 -1 0 0 -0.9239 0 0.3827

4 16 -2 0 0 -1.8478 0 -0.7654 -0.9239 0 -0.3827 -1 0 0

4 16 -1.8478 0 -0.7654 -1.4142 0 -1.4142 -0.7071 0 -0.7071 -0.9239 0 -0.3827

4 16 -1.4142 0 -1.4142 -0.7654 0 -1.8478 -0.3827 0 -0.9239 -0.7071 0 -0.7071

4 16 -0.7654 0 -1.8478 0 0 -2 0 0 -1 -0.3827 0 -0.9239

0 // Build by LDPartEditor (PrimGen 2.X)

0 NOFILE

0 FILE stud4.dat
0 Stud Tube Open

0 Name: stud4.dat

0 Author: James Jessiman

0 !LDRAW_ORG Primitive UPDATE 2009-02

0 !LICENSE Licensed under CC BY 4.0 : see CAreadme.txt



0 BFC CERTIFY CCW



0 !HISTORY 1999-07-05 [PTadmin] Official Update 1999-05

0 !HISTORY 2002-04-04 [sbliss] Modified for BFC compliance

0 !HISTORY 2002-04-25 [PTadmin] Official Update 2002-02

0 !HISTORY 2007-06-24 [PTadmin] Header formatted for Contributor Agreement

0 !HISTORY 2008-07-01 [PTadmin] Official Update 2008-01

0 !HISTORY 2009-06-21 [cwdee] Update ring references to 4-4ring

0 !HISTORY 2009-09-03 [PTadmin] Official Update 2009-02





1 16 0 -4 0 6 0 0 0 1 0 0 0 6 4-4edge.dat

1 16 0 -4 0 8 0 0 0 1 0 0 0 8 4-4edge.dat

1 16 0 0 0 6 0 0 0 1 0 0 0 6 4-4edge.dat

1 16 0 0 0 8 0 0 0 1 0 0 0 8 4-4edge.dat

0 BFC INVERTNEXT

1 16 0 -4 0 6 0 0 0 4 0 0 0 6 4-4cyli.dat

1 16 0 -4 0 8 0 0 0 4 0 0 0 8 4-4cyli.dat

1 16 0 -4 0 2 0 0 0 1 0 0 0 2 4-4ring3.dat

0

0 NOFILE

0 FILE 4-4ring3.dat
0 Ring  3 x 1.0

0 Name: 4-4ring3.dat

0 Author: James Jessiman

0 !LDRAW_ORG Primitive UPDATE 2009-01

0 !LICENSE Licensed under CC BY 4.0 : see CAreadme.txt



0 BFC CERTIFY CCW



0 !HISTORY 1998-12-15 [PTadmin] Official Update 1998-10

0 !HISTORY 2002-04-05 [hafhead] Added BFC statement

0 !HISTORY 2002-04-25 [PTadmin] Official Update 2002-02

0 !HISTORY 2007-06-24 [PTadmin] Header formatted for Contributor Agreement

0 !HISTORY 2008-07-01 [PTadmin] Official Update 2008-01

0 !HISTORY 2008-08-26 [cwdee] Switch polygon winding and rename

0 !HISTORY 2009-05-02 [PTadmin] Official Update 2009-01





4 16 -1.5308 0 3.6956 -1.1481 0 2.7717 0 0 3 0 0 4

4 16 -2.8284 0 2.8284 -2.1213 0 2.1213 -1.1481 0 2.7717 -1.5308 0 3.6956

4 16 -3.6956 0 1.5308 -2.7717 0 1.1481 -2.1213 0 2.1213 -2.8284 0 2.8284

4 16 -4 0 0 -3 0 0 -2.7717 0 1.1481 -3.6956 0 1.5308

4 16 -3.6956 0 -1.5308 -2.7717 0 -1.1481 -3 0 0 -4 0 0

4 16 -2.8284 0 -2.8284 -2.1213 0 -2.1213 -2.7717 0 -1.1481 -3.6956 0 -1.5308

4 16 -1.5308 0 -3.6956 -1.1481 0 -2.7717 -2.1213 0 -2.1213 -2.8284 0 -2.8284

4 16 0 0 -4 0 0 -3 -1.1481 0 -2.7717 -1.5308 0 -3.6956

4 16 1.5308 0 -3.6956 1.1481 0 -2.7717 0 0 -3 0 0 -4

4 16 2.8284 0 -2.8284 2.1213 0 -2.1213 1.1481 0 -2.7717 1.5308 0 -3.6956

4 16 3.6956 0 -1.5308 2.7717 0 -1.1481 2.1213 0 -2.1213 2.8284 0 -2.8284

4 16 4 0 0 3 0 0 2.7717 0 -1.1481 3.6956 0 -1.5308

4 16 3.6956 0 1.5308 2.7717 0 1.1481 3 0 0 4 0 0

4 16 2.8284 0 2.8284 2.1213 0 2.1213 2.7717 0 1.1481 3.6956 0 1.5308

4 16 1.5308 0 3.6956 1.1481 0 2.7717 2.1213 0 2.1213 2.8284 0 2.8284

4 16 0 0 4 0 0 3 1.1481 0 2.7717 1.5308 0 3.6956

0

0 NOFILE

0 FILE stud2a.dat
0 Stud Open without Base Edges

0 Name: stud2a.dat

0 Author: James Jessiman

0 !LDRAW_ORG Primitive UPDATE 2009-02

0 !LICENSE Licensed under CC BY 4.0 : see CAreadme.txt



0 BFC CERTIFY CCW



0 !HISTORY 1999-07-05 [PTadmin] Official Update 1999-05

0 !HISTORY 2002-04-04 [sbliss] Modified for BFC compliance

0 !HISTORY 2002-04-25 [PTadmin] Official Update 2002-02

0 !HISTORY 2007-06-24 [PTadmin] Header formatted for Contributor Agreement

0 !HISTORY 2008-07-01 [PTadmin] Official Update 2008-01

0 !HISTORY 2009-06-21 [cwdee] Update ring references to 4-4ring

0 !HISTORY 2009-09-03 [PTadmin] Official Update 2009-02





1 16 0 -4 0 4 0 0 0 1 0 0 0 4 4-4edge.dat

1 16 0 -4 0 6 0 0 0 1 0 0 0 6 4-4edge.dat

0 BFC INVERTNEXT

1 16 0 -4 0 4 0 0 0 4 0 0 0 4 4-4cyli.dat

1 16 0 -4 0 6 0 0 0 4 0 0 0 6 4-4cyli.dat

1 16 0 -4 0 2 0 0 0 1 0 0 0 2 4-4ring2.dat

0

0 NOFILE

0 FILE 3023.dat
0 ~Moved to 3023b

0 Name: 3023.dat

0 Author: Orion Pobursky [OrionP]

0 !LDRAW_ORG Part UPDATE 2024-07

0 !LICENSE Licensed under CC BY 4.0 : see CAreadme.txt



0 BFC CERTIFY CCW



0 !HISTORY 2023-06-24 [OrionP] Official Update 2023-03

0 !HISTORY 2024-08-10 [MagFors] Update description

0 !HISTORY 2024-08-26 [OrionP] Official Update 2024-07



1 16 0 0 0 1 0 0 0 1 0 0 0 1 3023b.dat

0 NOFILE

0 FILE 36840.dat
0 Bracket  1 x  1 -  1 x  1 Up

0 Name: 36840.dat

0 Author: Magnus Forsberg [MagFors]

0 !LDRAW_ORG Part UPDATE 2019-01

0 !LICENSE Licensed under CC BY 4.0 : see CAreadme.txt



0 BFC CERTIFY CCW



0 !HISTORY 2019-06-28 [PTadmin] Official Update 2019-01





1 16 0 6 -10 -1.5 0 0 0 0 2 0 4 0 box4-2p.dat

1 16 -3.75 6 -10 0 0 -2.25 2 0 0 0 -1 0 rect3.dat

1 16 3.75 6 -10 0 0 2.25 -2 0 0 0 -1 0 rect3.dat

0 BFC INVERTNEXT

1 16 0 8 -2 6 0 0 0 -4 0 0 0 8 box4-4a.dat

1 16 0 8 -2 10 0 0 0 1 0 0 0 12 recte4.dat

4 16 10 8 10 6 8 6 -6 8 6 -10 8 10

4 16 -10 8 10 -6 8 6 -6 8 -10 -10 8 -14

4 16 -10 8 -14 -6 8 -10 6 8 -10 10 8 -14

4 16 10 8 -14 6 8 -10 6 8 6 10 8 10

1 16 0 -5 -10 -10 0 0 0 0 5 0 -1 0 rect3.dat

4 16 10 0 -10 10 8 -14 10 8 10 10 0 10

4 16 -10 0 10 -10 8 10 -10 8 -14 -10 0 -10

1 16 0 4 0 -10 0 0 0 -4 0 0 0 10 box2-7.dat

2 24 -8 -12 -10 8 -12 -10

4 16 -10 -10 -10 -8 -12 -10 8 -12 -10 10 -10 -10

1 16 -8 -10 -10 -2 0 0 0 0 -2 0 -1 0 1-4chrd.dat

1 16 8 -10 -10 0 0 2 -2 0 0 0 -1 0 1-4chrd.dat

1 16 -8 -10 -14 -2 0 0 0 0 -2 0 1 0 1-4chrd.dat

1 16 8 -10 -14 0 0 2 -2 0 0 0 1 0 1-4chrd.dat

1 16 8 -10 -14 2 0 0 0 0 -2 0 4 0 1-4cylo.dat

1 16 -8 -10 -14 0 0 -2 -2 0 0 0 4 0 1-4cylo.dat

1 16 0 -12 -12 -8 0 0 0 1 0 0 0 2 rect2p.dat

4 16 -8 -12 -14 -10 -10 -14 10 -10 -14 8 -12 -14



4 16 10 0 -10 10 -10 -10 10 -10 -14 10 8 -14

4 16 -10 8 -14 -10 -10 -14 -10 -10 -10 -10 0 -10

1 16 0 -1 -14 0 0 10 9 0 0 0 1 0 rect2p.dat

1 16 0 0 0 0 0 -1 0 1 0 1 0 0 stud.dat

1 16 0 -2 -14 0 0 1 1 0 0 0 1 0 stud2.dat

0 NOFILE

0 FILE stud2.dat
0 Stud Open

0 Name: stud2.dat

0 Author: James Jessiman

0 !LDRAW_ORG Primitive UPDATE 2009-02

0 !LICENSE Licensed under CC BY 4.0 : see CAreadme.txt



0 BFC CERTIFY CCW



0 !HISTORY 1999-07-05 [PTadmin] Official Update 1999-05

0 !HISTORY 2002-04-04 [sbliss] Modified for BFC compliance

0 !HISTORY 2002-04-25 [PTadmin] Official Update 2002-02

0 !HISTORY 2007-06-24 [PTadmin] Header formatted for Contributor Agreement

0 !HISTORY 2008-07-01 [PTadmin] Official Update 2008-01

0 !HISTORY 2009-06-21 [cwdee] Update ring references to 4-4ring

0 !HISTORY 2009-09-03 [PTadmin] Official Update 2009-02





1 16 0 0 0 4 0 0 0 1 0 0 0 4 4-4edge.dat

1 16 0 0 0 6 0 0 0 1 0 0 0 6 4-4edge.dat

1 16 0 -4 0 4 0 0 0 1 0 0 0 4 4-4edge.dat

1 16 0 -4 0 6 0 0 0 1 0 0 0 6 4-4edge.dat

0 BFC INVERTNEXT

1 16 0 -4 0 4 0 0 0 4 0 0 0 4 4-4cyli.dat

1 16 0 -4 0 6 0 0 0 4 0 0 0 6 4-4cyli.dat

1 16 0 -4 0 2 0 0 0 1 0 0 0 2 4-4ring2.dat

0

0 NOFILE

0 FILE rect2p.dat
0 Rectangle with 2 Parallel Edges

0 Name: rect2p.dat

0 Author: Donald Sutter [technog]

0 !LDRAW_ORG Primitive UPDATE 2010-01

0 !LICENSE Licensed under CC BY 4.0 : see CAreadme.txt



0 BFC CERTIFY CCW



0 !HISTORY 2003-08-01 [PTadmin] Official Update 2003-02

0 !HISTORY 2007-06-24 [PTadmin] Header formatted for Contributor Agreement

0 !HISTORY 2008-07-01 [PTadmin] Official Update 2008-01

0 !HISTORY 2010-01-17 [mikeheide] changed winding to CCW

0 !HISTORY 2010-04-05 [PTadmin] Official Update 2010-01





2 24 1 0 1 -1 0 1

2 24 -1 0 -1 1 0 -1

4 16 -1 0 1 -1 0 -1 1 0 -1 1 0 1

0

0 NOFILE

0 FILE 1-4cylo.dat
0 Cylinder Open 0.25

0 Name: 1-4cylo.dat

0 Author: Max Martin Richter [MMR1988]

0 !LDRAW_ORG Primitive UPDATE 2010-03

0 !LICENSE Licensed under CC BY 4.0 : see CAreadme.txt



0 BFC CERTIFY CCW



0 !HISTORY 2010-12-31 [PTadmin] Official Update 2010-03





1 16 0 0 0 1 0 0 0 1 0 0 0 1 1-4edge.dat

1 16 0 1 0 1 0 0 0 1 0 0 0 1 1-4edge.dat

1 16 0 0 0 1 0 0 0 1 0 0 0 1 1-4cyli.dat

0 NOFILE

0 FILE 1-4cyli.dat
0 Cylinder 0.25

0 Name: 1-4cyli.dat

0 Author: James Jessiman

0 !LDRAW_ORG Primitive UPDATE 2012-01

0 !LICENSE Licensed under CC BY 4.0 : see CAreadme.txt



0 BFC CERTIFY CCW



0 !HISTORY 2002-03-23 [sbliss] Added BFC statement.

0 !HISTORY 2002-04-25 [PTadmin] Official Update 2002-02

0 !HISTORY 2007-06-22 [PTadmin] Header formatted for Contributor Agreement

0 !HISTORY 2008-07-01 [PTadmin] Official Update 2008-01

0 !HISTORY 2012-02-16 [Philo] Changed to CCW

0 !HISTORY 2012-03-30 [PTadmin] Official Update 2012-01





4 16 1 1 0 0.9239 1 0.3827 0.9239 0 0.3827 1 0 0

5 24 1 0 0 1 1 0 0.9239 0 0.3827 1 0 -1

4 16 0.9239 1 0.3827 0.7071 1 0.7071 0.7071 0 0.7071 0.9239 0 0.3827

5 24 0.9239 0 0.3827 0.9239 1 0.3827 0.7071 0 0.7071 1 0 0

4 16 0.7071 1 0.7071 0.3827 1 0.9239 0.3827 0 0.9239 0.7071 0 0.7071

5 24 0.7071 0 0.7071 0.7071 1 0.7071 0.3827 0 0.9239 0.9239 0 0.3827

4 16 0.3827 1 0.9239 0 1 1 0 0 1 0.3827 0 0.9239

5 24 0.3827 0 0.9239 0.3827 1 0.9239 0 0 1 0.7071 0 0.7071

5 24 0 0 1 0 1 1 0.3827 0 0.9239 -1 0 1

0 NOFILE

0 FILE 1-4edge.dat
0 Circle 0.25

0 Name: 1-4edge.dat

0 Author: James Jessiman

0 !LDRAW_ORG Primitive UPDATE 2017-01

0 !LICENSE Licensed under CC BY 4.0 : see CAreadme.txt



0 BFC CERTIFY CCW



0 !HISTORY 2007-06-22 [PTadmin] Header formatted for Contributor Agreement

0 !HISTORY 2008-07-01 [PTadmin] Official Update 2008-01

0 !HISTORY 2017-01-15 [Steffen] BFCed

0 !HISTORY 2017-12-30 [PTadmin] Official Update 2017-01





2 24 1 0 0 0.9239 0 0.3827

2 24 0.9239 0 0.3827 0.7071 0 0.7071

2 24 0.7071 0 0.7071 0.3827 0 0.9239

2 24 0.3827 0 0.9239 0 0 1

0 NOFILE

0 FILE 1-4chrd.dat
0 Chord 0.25

0 Name: 1-4chrd.dat

0 Author: Max Martin Richter [MMR1988]

0 !LDRAW_ORG Primitive UPDATE 2023-05

0 !LICENSE Licensed under CC BY 4.0 : see CAreadme.txt



0 BFC CERTIFY CCW



0 !HISTORY 2004-04-22 [PTadmin] Official Update 2004-02

0 !HISTORY 2007-10-09 [PTadmin] Header formatted for Contributor Agreement

0 !HISTORY 2008-07-01 [PTadmin] Official Update 2008-01

0 !HISTORY 2012-08-02 [MMR1988] Re-creation with PrimGen2 and Rectifier

0 !HISTORY 2012-08-09 [PTadmin] Official Update 2012-02

0 !HISTORY 2023-10-27 [OrionP] Change author to MMR1988 from hafhead

0 !HISTORY 2023-10-31 [OrionP] Official Update 2023-05



4 16 0.9239 0 0.3827 0.3827 0 0.9239 0 0 1 1 0 0

3 16 0.7071 0 0.7071 0.3827 0 0.9239 0.9239 0 0.3827
0 NOFILE

0 FILE box2-7.dat
0 Box with  2 Faces without  7 Edges

0 Name: box2-7.dat

0 Author: Willy Tschager [Holly-Wood]

0 !LDRAW_ORG Primitive UPDATE 2024-01

0 !LICENSE Licensed under CC BY 4.0 : see CAreadme.txt



0 BFC CERTIFY CCW



0 !HISTORY 2009-05-02 [PTadmin] Official Update 2009-01

0 !HISTORY 2024-01-02 [Holly-Wood] Complete re-write, original by guyvivan

0 !HISTORY 2024-01-29 [OrionP] Official Update 2024-01



2 24 -1 1 -1 -1 1 1

2 24 1 1 1 1 1 -1

4 16 -1 1 1 1 1 1 1 1 -1 -1 1 -1



2 24 -1 1 1 -1 -1 1

2 24 1 1 1 1 -1 1

4 16 1 -1 1 1 1 1 -1 1 1 -1 -1 1



2 24 -1 1 1 1 1 1

0 NOFILE

0 FILE recte4.dat
0 Rectangle Empty with 4 Edges

0 Name: recte4.dat

0 Author: Steffen [Steffen]

0 !LDRAW_ORG Primitive UPDATE 2010-03

0 !LICENSE Licensed under CC BY 4.0 : see CAreadme.txt



0 BFC CERTIFY CCW



0 !HISTORY 2010-12-31 [PTadmin] Official Update 2010-03





2 24 1 0 1 -1 0 1

2 24 -1 0 1 -1 0 -1

2 24 -1 0 -1 1 0 -1

2 24 1 0 -1 1 0 1

0 NOFILE

0 FILE box4-4a.dat
0 Box with  4 Faces without  4 Adjacent Edges

0 Name: box4-4a.dat

0 Author: Willy Tschager [Holly-Wood]

0 !LDRAW_ORG Primitive UPDATE 2024-01

0 !LICENSE Licensed under CC BY 4.0 : see CAreadme.txt



0 BFC CERTIFY CCW



0 !HISTORY 1998-07-15 [PTadmin] Official Update 1998-07

0 !HISTORY 2002-12-13 [hafhead] Made BFC compliant

0 !HISTORY 2003-03-12 [PTadmin] Official Update 2003-01

0 !HISTORY 2007-06-24 [PTadmin] Header formatted for Contributor Agreement

0 !HISTORY 2008-07-01 [PTadmin] Official Update 2008-01

0 !HISTORY 2012-02-16 [Philo] Changed to CCW

0 !HISTORY 2012-03-30 [PTadmin] Official Update 2012-01

0 !HISTORY 2024-01-03 [Holly-Wood] Complete re-write, original by Manfred Moolhuysen

0 !HISTORY 2024-01-29 [OrionP] Official Update 2024-01



2 24 -1 1 -1 -1 1 1

2 24 1 1 1 1 1 -1

2 24 -1 1 1 1 1 1

4 16 1 1 1 1 1 -1 -1 1 -1 -1 1 1



2 24 -1 0 -1 -1 0 1

4 16 -1 1 1 -1 1 -1 -1 0 -1 -1 0 1



2 24 1 0 1 1 0 -1

4 16 1 1 -1 1 1 1 1 0 1 1 0 -1



2 24 1 1 1 1 0 1

2 24 -1 1 1 -1 0 1

2 24 -1 0 1 1 0 1

4 16 1 1 1 -1 1 1 -1 0 1 1 0 1

0 NOFILE

0 FILE rect3.dat
0 Rectangle with 3 Edges

0 Name: rect3.dat

0 Author: Mark Kennedy [mkennedy]

0 !LDRAW_ORG Primitive UPDATE 2010-01

0 !LICENSE Licensed under CC BY 4.0 : see CAreadme.txt



0 BFC CERTIFY CCW



0 !HISTORY 2003-08-01 [PTadmin] Official Update 2003-02

0 !HISTORY 2007-06-24 [PTadmin] Header formatted for Contributor Agreement

0 !HISTORY 2008-07-01 [PTadmin] Official Update 2008-01

0 !HISTORY 2010-01-17 [mikeheide] Change winding to CCW

0 !HISTORY 2010-04-05 [PTadmin] Official Update 2010-01





2 24 1 0 1 -1 0 1

2 24 1 0 1 1 0 -1

2 24 -1 0 1 -1 0 -1

4 16 -1 0 1 -1 0 -1 1 0 -1 1 0 1

0 //

0 NOFILE

0 FILE box4-2p.dat
0 Box with  4 Faces without  2 Parallel Edges

0 Name: box4-2p.dat

0 Author: Willy Tschager [Holly-Wood]

0 !LDRAW_ORG Primitive UPDATE 2024-01

0 !LICENSE Licensed under CC BY 4.0 : see CAreadme.txt



0 BFC CERTIFY CCW



0 !HISTORY 2009-05-02 [PTadmin] Official Update 2009-01

0 !HISTORY 2024-01-03 [Holly-Wood] Complete re-write, original by guyvivan

0 !HISTORY 2024-01-29 [OrionP] Official Update 2024-01



2 24 -1 1 -1 -1 1 1

2 24 1 1 1 1 1 -1

2 24 -1 1 1 1 1 1

2 24 -1 1 -1 1 1 -1

4 16 1 1 1 1 1 -1 -1 1 -1 -1 1 1



2 24 -1 0 -1 -1 1 -1

2 24 -1 0 -1 -1 0 1

4 16 -1 1 1 -1 1 -1 -1 0 -1 -1 0 1



2 24 1 0 -1 1 1 -1

2 24 1 0 1 1 0 -1

4 16 1 1 -1 1 1 1 1 0 1 1 0 -1



2 24 1 1 1 1 0 1

2 24 -1 1 1 -1 0 1

4 16 1 1 1 -1 1 1 -1 0 1 1 0 1

0 NOFILE

0 FILE 49673.dat
0 =Plate  1 x  1 with Tooth

0 Name: 49673.dat

0 Author: Chris Dee [cwdee]

0 !LDRAW_ORG Part Alias UPDATE 2013-02

0 !LICENSE Licensed under CC BY 4.0 : see CAreadme.txt



0 BFC CERTIFY CCW



0 !HISTORY 2009-09-03 [PTadmin] Official Update 2009-02

0 !HISTORY 2013-12-14 [cwdee] Add = prefix

0 !HISTORY 2013-12-23 [PTadmin] Official Update 2013-02





1 16 0 0 0 1 0 0 0 1 0 0 0 1 49668.dat

0

0 NOFILE

0 FILE 49668.dat
0 Plate  1 x  1 with Tooth In-line

0 Name: 49668.dat

0 Author: Bernd Broich [bbroich]

0 !LDRAW_ORG Part UPDATE 2014-01

0 !LICENSE Licensed under CC BY 4.0 : see CAreadme.txt



0 BFC CERTIFY CCW



0 !HISTORY 2009-09-03 [PTadmin] Official Update 2009-02

0 !HISTORY 2014-01-29 [Philo] Subparted tooth, corrected stud orientation

0 !HISTORY 2014-06-21 [PTadmin] Official Update 2014-01





1 16 0 0 0 1 0 0 0 1 0 0 0 1 s__49668s01.dat

0 // Plate

1 16 0 0 0 0 0 -1 0 1 0 1 0 0 stud.dat

1 16 0 8 0 10 0 0 0 -8 0 0 0 10 box4-1.dat

0 BFC INVERTNEXT

1 16 0 8 0 6 0 0 0 -4 0 0 0 6 box5.dat

2 24 0 0 -10 3 0.625 -10

2 24 0 0 -10 -3 0.625 -10

2 24 10 8 -10 10 7 -10

2 24 -10 8 -10 -10 7 -10

2 24 6 2.125 -10 3 0.625 -10

2 24 -6 2.125 -10 -3 0.625 -10

2 24 6 2.125 -10 8 3.75 -10

2 24 -6 2.125 -10 -8 3.75 -10

2 24 9.625 6 -10 10 7 -10

2 24 -9.625 6 -10 -10 7 -10

2 24 9.625 6 -10 8 3.75 -10

2 24 -9.625 6 -10 -8 3.75 -10

3 16 0 0 -10 3 0.625 -10 10 0 -10

3 16 -10 0 -10 -10 7 -10 -9.625 6 -10

3 16 -10 0 -10 -3 0.625 -10 0 0 -10

3 16 10 0 -10 3 0.625 -10 6 2.125 -10

3 16 -10 0 -10 -8 3.75 -10 -6 2.125 -10

3 16 10 0 -10 8 3.75 -10 9.625 6 -10

3 16 -10 8 -10 -6 8 -6 -6 8 -10

3 16 -6 2.125 -10 -3 0.625 -10 -10 0 -10

3 16 6 2.125 -10 8 3.75 -10 10 0 -10

3 16 6 8 -10 6 8 -6 10 8 -10

3 16 9.625 6 -10 10 7 -10 10 0 -10

3 16 -9.625 6 -10 -8 3.75 -10 -10 0 -10

4 16 10 8 -10 6 8 -6 6 8 6 10 8 10

4 16 10 8 10 6 8 6 -6 8 6 -10 8 10

1 16 0 8 -8 0 0 -6 0 -1 0 -2 0 0 rect1.dat

4 16 -10 8 10 -6 8 6 -6 8 -6 -10 8 -10

0 NOFILE

0 FILE rect1.dat
0 Rectangle with 1 Edge

0 Name: rect1.dat

0 Author: Chris Dee [cwdee]

0 !LDRAW_ORG Primitive UPDATE 2010-01

0 !LICENSE Licensed under CC BY 4.0 : see CAreadme.txt



0 BFC CERTIFY CCW



0 !HISTORY 2003-12-19 [PTadmin] Official Update 2003-03

0 !HISTORY 2007-06-24 [PTadmin] Header formatted for Contributor Agreement

0 !HISTORY 2008-07-01 [PTadmin] Official Update 2008-01

0 !HISTORY 2010-01-17 [mikeheide] changed winding to CCW

0 !HISTORY 2010-04-05 [PTadmin] Official Update 2010-01





2 24 1 0 -1 1 0 1

4 16 -1 0 1 -1 0 -1 1 0 -1 1 0 1

0

0 NOFILE

0 FILE box4-1.dat
0 Box with 4 Faces without 1 Edge

0 Name: box4-1.dat

0 Author: Tore Eriksson [Tore_Eriksson]

0 !LDRAW_ORG Primitive UPDATE 2012-01

0 !LICENSE Licensed under CC BY 4.0 : see CAreadme.txt



0 BFC CERTIFY CCW



0 !HISTORY 1998-07-15 [PTadmin] Official Update 1998-07

0 !HISTORY 2002-04-05 [hafhead] Made BFC compliant

0 !HISTORY 2002-04-25 [PTadmin] Official Update 2002-02

0 !HISTORY 2007-06-24 [PTadmin] Header formatted for Contributor Agreement

0 !HISTORY 2008-07-01 [PTadmin] Official Update 2008-01

0 !HISTORY 2012-02-16 [Philo] Changed to CCW

0 !HISTORY 2012-03-30 [PTadmin] Official Update 2012-01





2 24 1 1 1 -1 1 1

2 24 -1 1 1 -1 1 -1

2 24 -1 1 -1 1 1 -1

2 24 1 1 -1 1 1 1

2 24 1 0 1 -1 0 1

2 24 -1 0 1 -1 0 -1

2 24 1 0 -1 1 0 1

2 24 1 0 1 1 1 1

2 24 -1 0 1 -1 1 1

2 24 1 0 -1 1 1 -1

2 24 -1 0 -1 -1 1 -1

4 16 -1 1 1 1 1 1 1 1 -1 -1 1 -1

4 16 -1 1 1 -1 0 1 1 0 1 1 1 1

4 16 -1 1 -1 -1 0 -1 -1 0 1 -1 1 1

4 16 1 1 1 1 0 1 1 0 -1 1 1 -1

0 NOFILE

0 FILE s__49668s01.dat
0 ~Plate  1 x  1 with Tooth, Tooth Subpart

0 Name: s\49668s01.dat

0 Author: Philippe Hurbain [Philo]

0 !LDRAW_ORG Subpart UPDATE 2014-01

0 !LICENSE Licensed under CC BY 4.0 : see CAreadme.txt



0 BFC CERTIFY CCW



0 !HISTORY 2014-01-29 [Philo] Subparted for reuse from Bernd Broich's 49668

0 !HISTORY 2014-06-21 [PTadmin] Official Update 2014-01





2 24 0 0 -10 3 0.625 -10

2 24 0 0 -10 -3 0.625 -10

2 24 10 8 -10 10 7 -10

2 24 -10 8 -10 -10 7 -10

2 24 6 2.125 -10 3 0.625 -10

2 24 -6 2.125 -10 -3 0.625 -10

2 24 6 2.125 -10 8 3.75 -10

2 24 -6 2.125 -10 -8 3.75 -10

2 24 6 8 -10 -6 8 -10

2 24 9.625 6 -10 10 7 -10

2 24 -9.625 6 -10 -10 7 -10

2 24 9.625 6 -10 8 3.75 -10

2 24 -9.625 6 -10 -8 3.75 -10



0 // Tooth outer surface

2 24 0 0 -10 0 0.625 -16

2 24 0 2.125 -22 0 0.625 -16

2 24 0 2.125 -22 0 3.75 -26

2 24 0 6 -30 0 3.75 -26

2 24 0 6 -30 1 7 -30

2 24 0 6 -30 -1 7 -30

2 24 1 7 -30 4.375 7 -26

2 24 -1 7 -30 -4.375 7 -26

2 24 1 8 -30 4.375 8 -26

2 24 -1 8 -30 -4.375 8 -26

2 24 10 7 -10 9.063 7 -16

2 24 -10 7 -10 -9.063 7 -16

2 24 10 8 -10 9.063 8 -16

2 24 -10 8 -10 -9.063 8 -16

2 24 6.813 7 -22 4.375 7 -26

2 24 -6.813 7 -22 -4.375 7 -26

2 24 6.813 7 -22 9.063 7 -16

2 24 -6.813 7 -22 -9.063 7 -16

2 24 6.813 8 -22 4.375 8 -26

2 24 -6.813 8 -22 -4.375 8 -26

2 24 6.813 8 -22 9.063 8 -16

2 24 -6.813 8 -22 -9.063 8 -16

3 16 0 0 -10 -1.125 0.625 -14.8 0 0.625 -16

3 16 0 0 -10 1.125 0.625 -14.8 1.938 0.625 -13.6

3 16 0 0 -10 -2.688 0.625 -11.8 -1.938 0.625 -13.6

3 16 0 0 -10 2.688 0.625 -11.8 3 0.625 -10

3 16 0 0.625 -16 1.125 0.625 -14.8 0 0 -10

3 16 0 6 -30 0 3.75 -26 -3 3.75 -22.8

3 16 0 6 -30 3.609 6 -26 3 3.75 -22.8

3 16 1 7 -30 0 6 -30 -1 7 -30

3 16 -1 7 -30 0 6 -30 -3.609 6 -26

3 16 1 7 -30 4.375 7 -26 3.609 6 -26

3 16 -1.938 0.625 -13.6 -1.125 0.625 -14.8 0 0 -10

3 16 1.938 0.625 -13.6 2.688 0.625 -11.8 0 0 -10

3 16 -10 7 -10 -9.063 7 -16 -8.622 6 -16

3 16 10 7 -10 9.625 6 -10 8.622 6 -16

3 16 -3 0.625 -10 -2.688 0.625 -11.8 0 0 -10

3 16 3 3.75 -22.8 0 3.75 -26 0 6 -30

3 16 -3 3.75 -22.8 -3.609 6 -26 0 6 -30

3 16 3 3.75 -22.8 3.609 6 -26 6.216 6 -22

3 16 -3 3.75 -22.8 -5.167 3.75 -19.6 -6.216 6 -22

3 16 3.609 6 -26 0 6 -30 1 7 -30

3 16 -3.609 6 -26 -4.375 7 -26 -1 7 -30

3 16 3.609 6 -26 4.375 7 -26 6.813 7 -22

3 16 -3.609 6 -26 -6.216 6 -22 -6.813 7 -22

3 16 -6.216 6 -22 -3.609 6 -26 -3 3.75 -22.8

3 16 6.216 6 -22 5.167 3.75 -19.6 3 3.75 -22.8

3 16 -6.216 6 -22 -5.167 3.75 -19.6 -7.167 3.75 -14.8

3 16 6.216 6 -22 8.622 6 -16 7.167 3.75 -14.8

3 16 -6.813 7 -22 -4.375 7 -26 -3.609 6 -26

3 16 6.813 7 -22 6.216 6 -22 3.609 6 -26

3 16 -6.813 7 -22 -6.216 6 -22 -8.622 6 -16

3 16 6.813 7 -22 9.063 7 -16 8.622 6 -16

3 16 7.167 3.75 -14.8 5.167 3.75 -19.6 6.216 6 -22

4 16 -7.167 3.75 -14.8 -8 3.75 -10 -9.625 6 -10 -8.622 6 -16

3 16 -7.167 3.75 -14.8 -8.622 6 -16 -6.216 6 -22

4 16 7.167 3.75 -14.8 8.622 6 -16 9.625 6 -10 8 3.75 -10

3 16 8.622 6 -16 6.216 6 -22 6.813 7 -22

3 16 8.622 6 -16 9.063 7 -16 10 7 -10

3 16 -8.622 6 -16 -9.063 7 -16 -6.813 7 -22

3 16 -8.622 6 -16 -9.625 6 -10 -10 7 -10

4 16 0 2.125 -22 0 0.625 -16 -1.125 0.625 -14.8 -2.25 2.125 -19.6

4 16 0 2.125 -22 2.25 2.125 -19.6 1.125 0.625 -14.8 0 0.625 -16

4 16 0 3.75 -26 0 2.125 -22 -2.25 2.125 -19.6 -3 3.75 -22.8

4 16 0 3.75 -26 3 3.75 -22.8 2.25 2.125 -19.6 0 2.125 -22

4 16 1 7 -30 1 8 -30 4.375 8 -26 4.375 7 -26

4 16 -1 7 -30 -4.375 7 -26 -4.375 8 -26 -1 8 -30

1 16 0 7.5 -30 -1 0 0 0 0 0.5 0 1 0 rect3.dat

4 16 -10 7 -10 -10 8 -10 -9.063 8 -16 -9.063 7 -16

4 16 10 7 -10 9.063 7 -16 9.063 8 -16 10 8 -10

4 16 3.875 2.125 -17.2 1.938 0.625 -13.6 1.125 0.625 -14.8 2.25 2.125 -19.6

4 16 -3.875 2.125 -17.2 -1.938 0.625 -13.6 -2.688 0.625 -11.8 -5.375 2.125 -13.6

4 16 -3.875 2.125 -17.2 -2.25 2.125 -19.6 -1.125 0.625 -14.8 -1.938 0.625 -13.6

4 16 3.875 2.125 -17.2 5.375 2.125 -13.6 2.688 0.625 -11.8 1.938 0.625 -13.6

4 16 -5.167 3.75 -19.6 -3 3.75 -22.8 -2.25 2.125 -19.6 -3.875 2.125 -17.2

4 16 5.167 3.75 -19.6 3.875 2.125 -17.2 2.25 2.125 -19.6 3 3.75 -22.8

4 16 -5.167 3.75 -19.6 -3.875 2.125 -17.2 -5.375 2.125 -13.6 -7.167 3.75 -14.8

4 16 5.167 3.75 -19.6 7.167 3.75 -14.8 5.375 2.125 -13.6 3.875 2.125 -17.2

4 16 6 2.125 -10 3 0.625 -10 2.688 0.625 -11.8 5.375 2.125 -13.6

4 16 -6 2.125 -10 -5.375 2.125 -13.6 -2.688 0.625 -11.8 -3 0.625 -10

4 16 6.813 7 -22 4.375 7 -26 4.375 8 -26 6.813 8 -22

4 16 -6.813 7 -22 -6.813 8 -22 -4.375 8 -26 -4.375 7 -26

4 16 6.813 7 -22 6.813 8 -22 9.063 8 -16 9.063 7 -16

4 16 -6.813 7 -22 -9.063 7 -16 -9.063 8 -16 -6.813 8 -22

4 16 8 3.75 -10 6 2.125 -10 5.375 2.125 -13.6 7.167 3.75 -14.8

4 16 -8 3.75 -10 -7.167 3.75 -14.8 -5.375 2.125 -13.6 -6 2.125 -10



0 // Conditional lines for outer surface

5 24 0 0 -10 -1.938 0.625 -13.6 -1.125 0.625 -14.8 -2.688 0.625 -11.8

5 24 0 0 -10 1.938 0.625 -13.6 2.688 0.625 -11.8 1.125 0.625 -14.8

5 24 0 0.625 -16 1.125 0.625 -14.8 0 0 -10 0 2.125 -22

5 24 0 2.125 -22 2.25 2.125 -19.6 1.125 0.625 -14.8 0 3.75 -26

5 24 0 3.75 -26 -3 3.75 -22.8 0 6 -30 0 2.125 -22

5 24 0 6 -30 -3 3.75 -22.8 -3.609 6 -26 0 3.75 -26

5 24 0 6 -30 3.609 6 -26 3 3.75 -22.8 1 7 -30

5 24 -1 7 -30 -3.609 6 -26 -4.375 7 -26 0 6 -30

5 24 1.125 0.625 -14.8 0 0 -10 0 0.625 -16 1.938 0.625 -13.6

5 24 -1.125 0.625 -14.8 0 0 -10 -1.938 0.625 -13.6 0 0.625 -16

5 24 -1.125 0.625 -14.8 0 0.625 -16 0 0 -10 -2.25 2.125 -19.6

5 24 1.125 0.625 -14.8 1.938 0.625 -13.6 0 0 -10 2.25 2.125 -19.6

5 24 -1.938 0.625 -13.6 -1.125 0.625 -14.8 0 0 -10 -3.875 2.125 -17.2

5 24 1.938 0.625 -13.6 2.688 0.625 -11.8 0 0 -10 3.875 2.125 -17.2

5 24 -1.938 0.625 -13.6 -3.875 2.125 -17.2 -2.25 2.125 -19.6 -2.688 0.625 -11.8

5 24 1.938 0.625 -13.6 3.875 2.125 -17.2 5.375 2.125 -13.6 1.125 0.625 -14.8

5 24 10 7 -10 8.622 6 -16 9.063 7 -16 9.625 6 -10

5 24 -2.25 2.125 -19.6 0 2.125 -22 0 0.625 -16 -3 3.75 -22.8

5 24 2.25 2.125 -19.6 1.125 0.625 -14.8 0 0.625 -16 3.875 2.125 -17.2

5 24 -2.25 2.125 -19.6 -1.125 0.625 -14.8 -1.938 0.625 -13.6 0 2.125 -22

5 24 2.25 2.125 -19.6 3.875 2.125 -17.2 1.938 0.625 -13.6 3 3.75 -22.8

5 24 2.688 0.625 -11.8 0 0 -10 1.938 0.625 -13.6 3 0.625 -10

5 24 -2.688 0.625 -11.8 0 0 -10 -3 0.625 -10 -1.938 0.625 -13.6

5 24 -2.688 0.625 -11.8 -1.938 0.625 -13.6 0 0 -10 -5.375 2.125 -13.6

5 24 2.688 0.625 -11.8 3 0.625 -10 0 0 -10 5.375 2.125 -13.6

5 24 -3 0.625 -10 -2.688 0.625 -11.8 0 0 -10 -6 2.125 -10

5 24 3 3.75 -22.8 0 3.75 -26 0 6 -30 2.25 2.125 -19.6

5 24 3 3.75 -22.8 0 6 -30 3.609 6 -26 0 3.75 -26

5 24 3 3.75 -22.8 2.25 2.125 -19.6 0 2.125 -22 5.167 3.75 -19.6

5 24 -3 3.75 -22.8 -2.25 2.125 -19.6 -3.875 2.125 -17.2 0 3.75 -26

5 24 -3 3.75 -22.8 -5.167 3.75 -19.6 -6.216 6 -22 -2.25 2.125 -19.6

5 24 3 3.75 -22.8 6.216 6 -22 5.167 3.75 -19.6 3.609 6 -26

5 24 -3.609 6 -26 0 6 -30 -3 3.75 -22.8 -1 7 -30

5 24 3.609 6 -26 1 7 -30 4.375 7 -26 0 6 -30

5 24 3.609 6 -26 3 3.75 -22.8 0 6 -30 6.216 6 -22

5 24 -3.609 6 -26 -3 3.75 -22.8 -6.216 6 -22 0 6 -30

5 24 -3.609 6 -26 -6.216 6 -22 -6.813 7 -22 -3 3.75 -22.8

5 24 3.609 6 -26 6.813 7 -22 6.216 6 -22 4.375 7 -26

5 24 -3.875 2.125 -17.2 -2.25 2.125 -19.6 -1.125 0.625 -14.8 -5.167 3.75 -19.6

5 24 -3.875 2.125 -17.2 -5.167 3.75 -19.6 -3 3.75 -22.8 -5.375 2.125 -13.6

5 24 3.875 2.125 -17.2 5.167 3.75 -19.6 7.167 3.75 -14.8 2.25 2.125 -19.6

5 24 3.875 2.125 -17.2 5.375 2.125 -13.6 2.688 0.625 -11.8 5.167 3.75 -19.6

5 24 4.375 7 -26 3.609 6 -26 1 7 -30 6.813 7 -22

5 24 -4.375 7 -26 -3.609 6 -26 -6.813 7 -22 -1 7 -30

5 24 -4.375 7 -26 -4.375 8 -26 -1 8 -30 -6.813 7 -22

5 24 4.375 7 -26 4.375 8 -26 6.813 8 -22 1 7 -30

5 24 5.167 3.75 -19.6 3 3.75 -22.8 6.216 6 -22 3.875 2.125 -17.2

5 24 -5.167 3.75 -19.6 -6.216 6 -22 -3 3.75 -22.8 -7.167 3.75 -14.8

5 24 5.167 3.75 -19.6 6.216 6 -22 7.167 3.75 -14.8 3 3.75 -22.8

5 24 -5.167 3.75 -19.6 -7.167 3.75 -14.8 -6.216 6 -22 -3.875 2.125 -17.2

5 24 5.375 2.125 -13.6 2.688 0.625 -11.8 1.938 0.625 -13.6 6 2.125 -10

5 24 -5.375 2.125 -13.6 -2.688 0.625 -11.8 -3 0.625 -10 -3.875 2.125 -17.2

5 24 -5.375 2.125 -13.6 -3.875 2.125 -17.2 -1.938 0.625 -13.6 -7.167 3.75 -14.8

5 24 5.375 2.125 -13.6 6 2.125 -10 3 0.625 -10 7.167 3.75 -14.8

5 24 -6 2.125 -10 -5.375 2.125 -13.6 -2.688 0.625 -11.8 -8 3.75 -10

5 24 -6.216 6 -22 -3 3.75 -22.8 -5.167 3.75 -19.6 -3.609 6 -26

5 24 6.216 6 -22 3.609 6 -26 6.813 7 -22 3 3.75 -22.8

5 24 -6.216 6 -22 -6.813 7 -22 -3.609 6 -26 -8.622 6 -16

5 24 6.216 6 -22 6.813 7 -22 8.622 6 -16 3.609 6 -26

5 24 -6.216 6 -22 -7.167 3.75 -14.8 -8.622 6 -16 -5.167 3.75 -19.6

5 24 6.216 6 -22 8.622 6 -16 7.167 3.75 -14.8 6.813 7 -22

5 24 -6.813 7 -22 -3.609 6 -26 -6.216 6 -22 -4.375 7 -26

5 24 -6.813 7 -22 -8.622 6 -16 -9.063 7 -16 -6.216 6 -22

5 24 6.813 8 -22 6.813 7 -22 4.375 7 -26 9.063 8 -16

5 24 -6.813 8 -22 -6.813 7 -22 -9.063 7 -16 -4.375 8 -26

5 24 7.167 3.75 -14.8 5.167 3.75 -19.6 6.216 6 -22 5.375 2.125 -13.6

5 24 7.167 3.75 -14.8 5.375 2.125 -13.6 3.875 2.125 -17.2 8 3.75 -10

5 24 -7.167 3.75 -14.8 -5.375 2.125 -13.6 -6 2.125 -10 -5.167 3.75 -19.6

5 24 7.167 3.75 -14.8 6.216 6 -22 8.622 6 -16 5.167 3.75 -19.6

5 24 -7.167 3.75 -14.8 -8 3.75 -10 -9.625 6 -10 -5.375 2.125 -13.6

5 24 8 3.75 -10 7.167 3.75 -14.8 9.625 6 -10 6 2.125 -10

5 24 -8.622 6 -16 -10 7 -10 -9.063 7 -16 -9.625 6 -10

5 24 -8.622 6 -16 -6.216 6 -22 -7.167 3.75 -14.8 -6.813 7 -22

5 24 8.622 6 -16 6.813 7 -22 9.063 7 -16 6.216 6 -22

5 24 8.622 6 -16 7.167 3.75 -14.8 6.216 6 -22 9.625 6 -10

5 24 -8.622 6 -16 -7.167 3.75 -14.8 -9.625 6 -10 -6.216 6 -22

5 24 -8.622 6 -16 -9.625 6 -10 -10 7 -10 -7.167 3.75 -14.8

5 24 -9.063 7 -16 -8.622 6 -16 -10 7 -10 -6.813 7 -22

5 24 9.063 7 -16 8.622 6 -16 6.813 7 -22 10 7 -10

5 24 9.063 7 -16 9.063 8 -16 10 8 -10 6.813 7 -22

5 24 -9.063 7 -16 -9.063 8 -16 -6.813 8 -22 -10 7 -10

5 24 9.625 6 -10 8.622 6 -16 10 7 -10 7.167 3.75 -14.8



0 // Tooth inner surface

2 24 0 5 -10 0 5.313 -14.8

2 24 0 5 -10 3.6 6.063 -10

2 24 0 5 -10 -3.6 6.063 -10

2 24 0 6.063 -19.6 0 5.313 -14.8

2 24 0 6.063 -19.6 0 6.875 -22.8

2 24 0 8 -26 0 6.875 -22.8

2 24 0 8 -26 2.25 8 -22.8

2 24 0 8 -26 -2.25 8 -22.8

2 24 3.875 8 -19.6 2.25 8 -22.8

2 24 -3.875 8 -19.6 -2.25 8 -22.8

2 24 3.875 8 -19.6 5.375 8 -14.8

2 24 -3.875 8 -19.6 -5.375 8 -14.8

2 24 6 8 -10 3.6 6.063 -10

2 24 -6 8 -10 -3.6 6.063 -10

2 24 6 8 -10 5.375 8 -14.8

2 24 -6 8 -10 -5.375 8 -14.8

3 16 0 8 -26 -2.25 8 -22.8 -1.349 7.274 -22.8

3 16 -1 8 -30 0 8 -26 1 8 -30

3 16 -1.349 7.274 -22.8 0 6.875 -22.8 0 8 -26

3 16 1.349 7.274 -22.8 2.25 8 -22.8 0 8 -26

3 16 0 5 -10 -3.6 6.063 -10 3.6 6.063 -10

3 16 0 8 -26 0 6.875 -22.8 1.349 7.274 -22.8

4 16 0 5 -10 0 5.313 -14.8 -3.225 6.265 -14.8 -3.6 6.063 -10

4 16 0 5 -10 3.6 6.063 -10 3.225 6.265 -14.8 0 5.313 -14.8

4 16 0 6.063 -19.6 0 5.313 -14.8 3.225 6.265 -14.8 2.325 6.749 -19.6

4 16 0 6.063 -19.6 0 6.875 -22.8 -1.349 7.274 -22.8 -2.325 6.749 -19.6

4 16 0 6.063 -19.6 2.325 6.749 -19.6 1.349 7.274 -22.8 0 6.875 -22.8

4 16 0 6.063 -19.6 -2.325 6.749 -19.6 -3.225 6.265 -14.8 0 5.313 -14.8

4 16 1 8 -30 0 8 -26 2.25 8 -22.8 4.375 8 -26

4 16 -1 8 -30 -4.375 8 -26 -2.25 8 -22.8 0 8 -26

4 16 -10 8 -10 -6 8 -10 -5.375 8 -14.8 -9.063 8 -16

4 16 10 8 -10 9.063 8 -16 5.375 8 -14.8 6 8 -10

4 16 3.875 8 -19.6 2.25 8 -22.8 1.349 7.274 -22.8 2.325 6.749 -19.6

4 16 -3.875 8 -19.6 -2.325 6.749 -19.6 -1.349 7.274 -22.8 -2.25 8 -22.8

4 16 3.875 8 -19.6 2.325 6.749 -19.6 3.225 6.265 -14.8 5.375 8 -14.8

4 16 -3.875 8 -19.6 -5.375 8 -14.8 -3.225 6.265 -14.8 -2.325 6.749 -19.6

4 16 -6 8 -10 -3.6 6.063 -10 -3.225 6.265 -14.8 -5.375 8 -14.8

4 16 6 8 -10 5.375 8 -14.8 3.225 6.265 -14.8 3.6 6.063 -10

4 16 -6 8 -10 6 8 -10 3.6 6.063 -10 -3.6 6.063 -10

4 16 -6.813 8 -22 -3.875 8 -19.6 -2.25 8 -22.8 -4.375 8 -26

4 16 6.813 8 -22 3.875 8 -19.6 5.375 8 -14.8 9.063 8 -16

4 16 6.813 8 -22 4.375 8 -26 2.25 8 -22.8 3.875 8 -19.6

4 16 -6.813 8 -22 -9.063 8 -16 -5.375 8 -14.8 -3.875 8 -19.6

5 24 -1.349 7.274 -22.8 0 8 -26 -2.25 8 -22.8 0 6.875 -22.8

5 24 1.349 7.274 -22.8 0 8 -26 0 6.875 -22.8 2.25 8 -22.8

5 24 3.225 6.265 -14.8 0 5.313 -14.8 0 5 -10 2.325 6.749 -19.6

5 24 -1.349 7.274 -22.8 0 6.875 -22.8 0 8 -26 -2.325 6.749 -19.6

5 24 2.325 6.749 -19.6 0 6.063 -19.6 0 5.313 -14.8 1.349 7.274 -22.8

5 24 0 6.875 -22.8 1.349 7.274 -22.8 0 8 -26 0 6.063 -19.6

5 24 -2.325 6.749 -19.6 0 6.063 -19.6 0 6.875 -22.8 -3.225 6.265 -14.8

5 24 0 5.313 -14.8 -3.225 6.265 -14.8 -3.6 6.063 -10 0 6.063 -19.6

5 24 1.349 7.274 -22.8 2.25 8 -22.8 0 8 -26 2.325 6.749 -19.6

5 24 2.325 6.749 -19.6 1.349 7.274 -22.8 0 6.875 -22.8 3.875 8 -19.6

5 24 -1.349 7.274 -22.8 -2.325 6.749 -19.6 0 6.063 -19.6 -2.25 8 -22.8

5 24 -2.25 8 -22.8 -1.349 7.274 -22.8 0 8 -26 -3.875 8 -19.6

5 24 2.325 6.749 -19.6 3.875 8 -19.6 2.25 8 -22.8 3.225 6.265 -14.8

5 24 3.225 6.265 -14.8 2.325 6.749 -19.6 0 6.063 -19.6 5.375 8 -14.8

5 24 -2.325 6.749 -19.6 -3.225 6.265 -14.8 0 5.313 -14.8 -3.875 8 -19.6

5 24 -3.875 8 -19.6 -2.325 6.749 -19.6 -1.349 7.274 -22.8 -5.375 8 -14.8

5 24 -3.225 6.265 -14.8 -3.6 6.063 -10 0 5 -10 -5.375 8 -14.8

5 24 -5.375 8 -14.8 -3.225 6.265 -14.8 -2.325 6.749 -19.6 -6 8 -10

5 24 3.225 6.265 -14.8 5.375 8 -14.8 3.875 8 -19.6 3.6 6.063 -10

5 24 3.6 6.063 -10 3.225 6.265 -14.8 0 5.313 -14.8 6 8 -10

0 NOFILE

0 FILE 4733.dat
0 Brick  1 x  1 with Studs on Four Sides

0 Name: 4733.dat

0 Author: James Jessiman

0 !LDRAW_ORG Part UPDATE 2024-01

0 !LICENSE Licensed under CC BY 4.0 : see CAreadme.txt



0 BFC CERTIFY CCW



0 !KEYWORDS Travis Brick



0 !HISTORY 1998-06-20 [PTadmin] Official Update 1998-06

0 !HISTORY 2003-06-08 [jriley] BFC compliant

0 !HISTORY 2003-12-19 [PTadmin] Official Update 2003-03

0 !HISTORY 2004-07-24 [cwdee] Add "Four" to part title

0 !HISTORY 2004-11-06 [PTadmin] Official Update 2004-04

0 !HISTORY 2007-07-08 [PTadmin] Header formatted for Contributor Agreement

0 !HISTORY 2008-07-01 [PTadmin] Official Update 2008-01

0 !HISTORY 2023-04-08 [MagFors] Unmirrored stud primitives

0 !HISTORY 2024-01-29 [OrionP] Official Update 2024-01



1 16 0 12 0 10 0 0 0 12 0 0 0 10 box0.dat

1 16 0 14 0 6 0 0 0 10 0 0 0 6 box0.dat



1 16 0 4 0 4 0 0 0 -1 0 0 0 4 4-4edge.dat

1 16 6 10 0 0 -1 0 4 0 0 0 0 4 4-4edge.dat

1 16 0 10 -6 4 0 0 0 0 4 0 -1 0 4-4edge.dat

1 16 -6 10 0 0 1 0 4 0 0 0 0 4 4-4edge.dat

1 16 0 10 6 4 0 0 0 0 4 0 1 0 4-4edge.dat



1 16 0 0 0 6 0 0 0 1 0 0 0 6 4-4edge.dat

1 16 10 10 0 0 1 0 6 0 0 0 0 6 4-4edge.dat

1 16 0 10 -10 6 0 0 0 0 6 0 1 0 4-4edge.dat

1 16 -10 10 0 0 1 0 6 0 0 0 0 6 4-4edge.dat

1 16 0 10 10 6 0 0 0 0 6 0 1 0 4-4edge.dat



1 16 0 4 0 4 0 0 0 -1 0 0 0 4 4-4ndis.dat

1 16 6 10 0 0 1 0 4 0 0 0 0 4 4-4ndis.dat

1 16 0 10 -6 -4 0 0 0 0 4 0 -1 0 4-4ndis.dat

1 16 -6 10 0 0 -1 0 4 0 0 0 0 -4 4-4ndis.dat

1 16 0 10 6 4 0 0 0 0 4 0 1 0 4-4ndis.dat



1 16 0 0 0 6 0 0 0 1 0 0 0 6 4-4ndis.dat

1 16 10 10 0 0 -1 0 6 0 0 0 0 -6 4-4ndis.dat

1 16 0 10 -10 6 0 0 0 0 6 0 1 0 4-4ndis.dat

1 16 -10 10 0 0 1 0 6 0 0 0 0 6 4-4ndis.dat

1 16 0 10 10 -6 0 0 0 0 6 0 -1 0 4-4ndis.dat



0 BFC INVERTNEXT

1 16 0 0 0 4 0 0 0 4 0 0 0 4 4-4cyli.dat

0 BFC INVERTNEXT

1 16 10 10 0 0 -4 0 4 0 0 0 0 4 4-4cyli.dat

0 BFC INVERTNEXT

1 16 0 10 -10 4 0 0 0 0 4 0 4 0 4-4cyli.dat

0 BFC INVERTNEXT

1 16 -10 10 0 0 4 0 4 0 0 0 0 4 4-4cyli.dat

0 BFC INVERTNEXT

1 16 0 10 10 4 0 0 0 0 4 0 -4 0 4-4cyli.dat



4 16 10 24 10 6 24 6 -6 24 6 -10 24 10

4 16 -10 24 10 -6 24 6 -6 24 -6 -10 24 -10

4 16 -10 24 -10 -6 24 -6 6 24 -6 10 24 -10

4 16 10 24 -10 6 24 -6 6 24 6 10 24 10

4 16 6 4 6 4 4 4 -4 4 4 -6 4 6

4 16 -6 4 6 -4 4 4 -4 4 -4 -6 4 -6

4 16 -6 4 -6 -4 4 -4 4 4 -4 6 4 -6

4 16 6 4 -6 4 4 -4 4 4 4 6 4 6

4 16 -10 0 10 -6 0 6 6 0 6 10 0 10

4 16 -10 0 -10 -6 0 -6 -6 0 6 -10 0 10

4 16 10 0 -10 6 0 -6 -6 0 -6 -10 0 -10

4 16 10 0 10 6 0 6 6 0 -6 10 0 -10

4 16 -10 24 10 -6 16 10 6 16 10 10 24 10

4 16 -10 24 10 -10 0 10 -6 4 10 -6 16 10

4 16 10 0 10 6 4 10 -6 4 10 -10 0 10

4 16 10 0 10 10 24 10 6 16 10 6 4 10

4 16 6 24 6 4 14 6 -4 14 6 -6 24 6

4 16 -6 24 6 -4 14 6 -4 6 6 -6 4 6

4 16 -6 4 6 -4 6 6 4 6 6 6 4 6

4 16 6 4 6 4 6 6 4 14 6 6 24 6

4 16 -6 24 -6 -4 14 -6 4 14 -6 6 24 -6

4 16 6 24 -6 4 14 -6 4 6 -6 6 4 -6

4 16 6 4 -6 4 6 -6 -4 6 -6 -6 4 -6

4 16 -6 4 -6 -4 6 -6 -4 14 -6 -6 24 -6

4 16 10 24 -10 6 16 -10 -6 16 -10 -10 24 -10

4 16 -10 24 -10 -6 16 -10 -6 4 -10 -10 0 -10

4 16 -10 0 -10 -6 4 -10 6 4 -10 10 0 -10

4 16 10 0 -10 6 4 -10 6 16 -10 10 24 -10

4 16 10 24 10 10 16 6 10 16 -6 10 24 -10

4 16 10 24 -10 10 16 -6 10 4 -6 10 0 -10

4 16 10 0 -10 10 4 -6 10 4 6 10 0 10

4 16 10 0 10 10 4 6 10 16 6 10 24 10

4 16 6 24 -6 6 14 -4 6 14 4 6 24 6

4 16 6 24 6 6 14 4 6 6 4 6 4 6

4 16 6 4 6 6 6 4 6 6 -4 6 4 -6

4 16 6 4 -6 6 6 -4 6 14 -4 6 24 -6

4 16 -6 24 6 -6 14 4 -6 14 -4 -6 24 -6

4 16 -6 24 -6 -6 14 -4 -6 6 -4 -6 4 -6

4 16 -6 4 -6 -6 6 -4 -6 6 4 -6 4 6

4 16 -6 4 6 -6 6 4 -6 14 4 -6 24 6

4 16 -10 24 -10 -10 16 -6 -10 16 6 -10 24 10

4 16 -10 24 -10 -10 0 -10 -10 4 -6 -10 16 -6

4 16 -10 0 10 -10 4 6 -10 4 -6 -10 0 -10

4 16 -10 0 10 -10 24 10 -10 16 6 -10 4 6



1 16 0 0 0 1 0 0 0 1 0 0 0 1 stud2a.dat

1 16 10 10 0 0 -1 0 1 0 0 0 0 1 stud2a.dat

1 16 0 10 -10 0 0 1 1 0 0 0 1 0 stud2a.dat

1 16 -10 10 0 0 1 0 1 0 0 0 0 -1 stud2a.dat

1 16 0 10 10 0 0 -1 1 0 0 0 -1 0 stud2a.dat

0 NOFILE

0 FILE 4-4ndis.dat
0 Disc Negative 1.0

0 Name: 4-4ndis.dat

0 Author: James Jessiman

0 !LDRAW_ORG Primitive UPDATE 2012-01

0 !LICENSE Licensed under CC BY 4.0 : see CAreadme.txt



0 BFC CERTIFY CCW



0 !HISTORY 2002-03-23 [sbliss] Added BFC statement; compacted code

0 !HISTORY 2002-04-25 [PTadmin] Official Update 2002-02

0 !HISTORY 2007-06-24 [PTadmin] Header formatted for Contributor Agreement

0 !HISTORY 2008-07-01 [PTadmin] Official Update 2008-01

0 !HISTORY 2012-02-16 [Philo] Changed to CCW

0 !HISTORY 2012-03-30 [PTadmin] Official Update 2012-01





3 16 0.9239 0 0.3827 1 0 0 1 0 1

3 16 0.7071 0 0.7071 0.9239 0 0.3827 1 0 1

3 16 0.3827 0 0.9239 0.7071 0 0.7071 1 0 1

3 16 0 0 1 0.3827 0 0.9239 1 0 1

3 16 -0.3827 0 0.9239 0 0 1 -1 0 1

3 16 -0.7071 0 0.7071 -0.3827 0 0.9239 -1 0 1

3 16 -0.9239 0 0.3827 -0.7071 0 0.7071 -1 0 1

3 16 -1 0 0 -0.9239 0 0.3827 -1 0 1

3 16 -0.9239 0 -0.3827 -1 0 0 -1 0 -1

3 16 -0.7071 0 -0.7071 -0.9239 0 -0.3827 -1 0 -1

3 16 -0.3827 0 -0.9239 -0.7071 0 -0.7071 -1 0 -1

3 16 0 0 -1 -0.3827 0 -0.9239 -1 0 -1

3 16 0.3827 0 -0.9239 0 0 -1 1 0 -1

3 16 0.7071 0 -0.7071 0.3827 0 -0.9239 1 0 -1

3 16 0.9239 0 -0.3827 0.7071 0 -0.7071 1 0 -1

3 16 1 0 0 0.9239 0 -0.3827 1 0 -1

0 NOFILE

0 FILE box0.dat
0 Box with 0 Faces and All Edges

0 Name: box0.dat

0 Author: Santeri Piippo [arezey]

0 !LDRAW_ORG Primitive UPDATE 2010-02

0 !LICENSE Licensed under CC BY 4.0 : see CAreadme.txt



0 BFC CERTIFY CCW



0 !HISTORY 2010-07-05 [PTadmin] Official Update 2010-02





2 24 -1 1 -1 1 1 -1

2 24 -1 -1 -1 1 -1 -1

2 24 1 1 1 1 1 -1

2 24 1 -1 1 1 -1 -1

2 24 -1 1 1 -1 1 -1

2 24 -1 -1 1 -1 -1 -1

2 24 1 1 1 -1 1 1

2 24 1 -1 1 -1 -1 1

2 24 1 -1 1 1 1 1

2 24 -1 -1 1 -1 1 1

2 24 -1 -1 -1 -1 1 -1

2 24 1 -1 -1 1 1 -1

0 //

0 NOFILE

0 FILE 35480.dat
0 Plate  1 x  2 with Round Ends and 2 Open Studs

0 Name: 35480.dat

0 Author: Magnus Forsberg [MagFors]

0 !LDRAW_ORG Part UPDATE 2018-01

0 !LICENSE Licensed under CC BY 4.0 : see CAreadme.txt



0 BFC CERTIFY CCW



0 !HISTORY 2018-01-30 [PTadmin] Official Update 2018-01





1 16 0 4 0 0 0 1 0 -1 0 -1 0 0 stud3.dat

1 16 10 8 0 0 0 2 0 -1 0 -2 0 0 2-4ring3.dat

1 16 10 8 0 0 0 2 0 -1 0 -2 0 0 2-4ring4.dat

0 BFC INVERTNEXT

1 16 10 4 0 0 0 6 0 4 0 -6 0 0 2-4cylo.dat

1 16 10 4 0 0 0 2 0 -1 0 -2 0 0 2-4ring2.dat

1 16 10 4 0 0 0 -4 0 -1 0 -4 0 0 2-4ndis.dat

1 16 10 4 0 0 0 4 0 1 0 -4 0 0 4-4edge.dat

0 BFC INVERTNEXT

1 16 10 4 0 0 0 4 0 -4 0 -4 0 0 4-4cyli.dat

1 16 10 0 0 0 0 10 0 8 0 -10 0 0 2-4cylo.dat

1 16 10 0 0 0 0 2 0 1 0 -2 0 0 2-4ring4.dat

1 16 10 0 0 0 0 2 0 1 0 -2 0 0 2-4ring3.dat

1 16 10 0 0 0 0 6 0 1 0 -6 0 0 4-4edge.dat

1 16 10 0 0 0 0 -6 0 1 0 -6 0 0 2-4ndis.dat

1 16 10 0 0 0 0 1 0 1 0 -1 0 0 stud2a.dat

3 16 6 4 -4 10 4 -4 10 4 -6

3 16 10 4 4 6 4 4 10 4 6

3 16 10 0 -6 4 0 -6 10 0 -8

3 16 4 0 6 10 0 6 10 0 8

2 24 10 4 -6 -10 4 -6

4 16 -4 0 -6 4 0 -6 4 0 0 -4 0 0

4 16 10 0 -8 4 0 -6 -4 0 -6 -10 0 -8

4 16 10 4 -6 -10 4 -6 -6 4 -4 6 4 -4

4 16 6 4 0 6 4 -4 -6 4 -4 -6 4 0

1 16 0 4 -8 -10 0 0 0 0 -4 0 -2 0 box3u10p.dat

1 16 0 6 -7 -10 0 0 0 0 2 0 1 0 box2-11.dat



1 16 -10 8 0 0 0 -2 0 -1 0 2 0 0 2-4ring3.dat

1 16 -10 8 0 0 0 -2 0 -1 0 2 0 0 2-4ring4.dat

0 BFC INVERTNEXT

1 16 -10 4 0 0 0 -6 0 4 0 6 0 0 2-4cylo.dat

1 16 -10 4 0 0 0 -2 0 -1 0 2 0 0 2-4ring2.dat

1 16 -10 4 0 0 0 4 0 -1 0 4 0 0 2-4ndis.dat

1 16 -10 4 0 0 0 -4 0 1 0 4 0 0 4-4edge.dat

0 BFC INVERTNEXT

1 16 -10 4 0 0 0 -4 0 -4 0 4 0 0 4-4cyli.dat

1 16 -10 0 0 0 0 -10 0 8 0 10 0 0 2-4cylo.dat

1 16 -10 0 0 0 0 -2 0 1 0 2 0 0 2-4ring4.dat

1 16 -10 0 0 0 0 -2 0 1 0 2 0 0 2-4ring3.dat

1 16 -10 0 0 0 0 -6 0 1 0 6 0 0 4-4edge.dat

1 16 -10 0 0 0 0 6 0 1 0 6 0 0 2-4ndis.dat

1 16 -10 0 0 0 0 -1 0 1 0 1 0 0 stud2a.dat

3 16 -6 4 4 -10 4 4 -10 4 6

3 16 -10 4 -4 -6 4 -4 -10 4 -6

3 16 -10 0 6 -4 0 6 -10 0 8

3 16 -4 0 -6 -10 0 -6 -10 0 -8

2 24 -10 4 6 10 4 6

4 16 4 0 6 -4 0 6 -4 0 0 4 0 0

4 16 -10 0 8 -4 0 6 4 0 6 10 0 8

4 16 -10 4 6 10 4 6 6 4 4 -6 4 4

4 16 -6 4 0 -6 4 4 6 4 4 6 4 0

1 16 0 4 8 10 0 0 0 0 -4 0 2 0 box3u10p.dat

1 16 0 6 7 10 0 0 0 0 2 0 -1 0 box2-11.dat

0 NOFILE

0 FILE box2-11.dat
0 Box with 2 Faces without 11 Edges

0 Name: box2-11.dat

0 Author: Steffen [Steffen]

0 !LDRAW_ORG Primitive UPDATE 2005-01

0 !LICENSE Licensed under CC BY 4.0 : see CAreadme.txt



0 BFC CERTIFY CCW



0 !HISTORY 2005-12-28 [PTadmin] Official Update 2005-01

0 !HISTORY 2007-06-24 [PTadmin] Header formatted for Contributor Agreement

0 !HISTORY 2008-07-01 [PTadmin] Official Update 2008-01





2 24 1 1 1 -1 1 1

4 16 1 1 1 1 1 -1 -1 1 -1 -1 1 1

4 16 1 1 1 -1 1 1 -1 -1 1 1 -1 1

0

0 NOFILE

0 FILE box3u10p.dat
0 Box with 3 Faces without 10 Parallel Edges

0 Name: box3u10p.dat

0 Author: Owen Burgoyne [C3POwen]

0 !LDRAW_ORG Primitive UPDATE 2014-01

0 !LICENSE Licensed under CC BY 4.0 : see CAreadme.txt



0 BFC CERTIFY CCW



0 !HISTORY 2014-06-21 [PTadmin] Official Update 2014-01





4 16 1 1 -1 -1 1 -1 -1 1 1 1 1 1

4 16 -1 1 1 -1 0 1 1 0 1 1 1 1

4 16 1 1 -1 1 0 -1 -1 0 -1 -1 1 -1

2 24 1 1 1 -1 1 1

2 24 -1 1 -1 1 1 -1

0 NOFILE

0 FILE 2-4ndis.dat
0 Disc Negative 0.5

0 Name: 2-4ndis.dat

0 Author: James Jessiman

0 !LDRAW_ORG Primitive UPDATE 2012-01

0 !LICENSE Licensed under CC BY 4.0 : see CAreadme.txt



0 BFC CERTIFY CCW



0 !HISTORY 2002-03-23 [sbliss] Added BFC statement; compacted code

0 !HISTORY 2002-04-25 [PTadmin] Official Update 2002-02

0 !HISTORY 2007-06-24 [PTadmin] Header formatted for Contributor Agreement

0 !HISTORY 2008-07-01 [PTadmin] Official Update 2008-01

0 !HISTORY 2012-02-16 [Philo] Changed to CCW

0 !HISTORY 2012-03-30 [PTadmin] Official Update 2012-01





3 16 0.9239 0 0.3827 1 0 0 1 0 1

3 16 0.7071 0 0.7071 0.9239 0 0.3827 1 0 1

3 16 0.3827 0 0.9239 0.7071 0 0.7071 1 0 1

3 16 0 0 1 0.3827 0 0.9239 1 0 1

3 16 -0.3827 0 0.9239 0 0 1 -1 0 1

3 16 -0.7071 0 0.7071 -0.3827 0 0.9239 -1 0 1

3 16 -0.9239 0 0.3827 -0.7071 0 0.7071 -1 0 1

3 16 -1 0 0 -0.9239 0 0.3827 -1 0 1

0 NOFILE

0 FILE 2-4ring2.dat
0 Ring  2 x 0.5

0 Name: 2-4ring2.dat

0 Author: Chris Dee [cwdee]

0 !LDRAW_ORG Primitive UPDATE 2012-01

0 !LICENSE Licensed under CC BY 4.0 : see CAreadme.txt



0 BFC CERTIFY CCW



0 !HISTORY 2001-10-26 [PTadmin] Official Update 2001-01

0 !HISTORY 2007-06-24 [PTadmin] Header formatted for Contributor Agreement

0 !HISTORY 2008-07-01 [PTadmin] Official Update 2008-01

0 !HISTORY 2012-02-16 [Philo] Changed to CCW

0 !HISTORY 2012-03-30 [PTadmin] Official Update 2012-01





4 16 3 0 0 2.7717 0 1.1481 1.8478 0 0.7654 2 0 0

4 16 2.7717 0 1.1481 2.1213 0 2.1213 1.4142 0 1.4142 1.8478 0 0.7654

4 16 2.1213 0 2.1213 1.1481 0 2.7717 0.7654 0 1.8478 1.4142 0 1.4142

4 16 1.1481 0 2.7717 0 0 3 0 0 2 0.7654 0 1.8478

4 16 0 0 3 -1.1481 0 2.7717 -0.7654 0 1.8478 0 0 2

4 16 -1.1481 0 2.7717 -2.1213 0 2.1213 -1.4142 0 1.4142 -0.7654 0 1.8478

4 16 -2.1213 0 2.1213 -2.7717 0 1.1481 -1.8478 0 0.7654 -1.4142 0 1.4142

4 16 -2.7717 0 1.1481 -3 0 0 -2 0 0 -1.8478 0 0.7654

0 NOFILE

0 FILE 2-4cylo.dat
0 Cylinder Open 0.5

0 Name: 2-4cylo.dat

0 Author: Max Martin Richter [MMR1988]

0 !LDRAW_ORG Primitive UPDATE 2010-03

0 !LICENSE Licensed under CC BY 4.0 : see CAreadme.txt



0 BFC CERTIFY CCW



0 !HISTORY 2010-12-31 [PTadmin] Official Update 2010-03





1 16 0 0 0 1 0 0 0 1 0 0 0 1 2-4edge.dat

1 16 0 1 0 1 0 0 0 1 0 0 0 1 2-4edge.dat

1 16 0 0 0 1 0 0 0 1 0 0 0 1 2-4cyli.dat

0 NOFILE

0 FILE 2-4ring3.dat
0 Ring  3 x 0.5

0 Name: 2-4ring3.dat

0 Author: James Jessiman

0 !LDRAW_ORG Primitive UPDATE 2012-01

0 !LICENSE Licensed under CC BY 4.0 : see CAreadme.txt



0 BFC CERTIFY CCW



0 !HISTORY 1998-12-15 [PTadmin] Official Update 1998-10

0 !HISTORY 2003-01-21 [cavehop] Update Added BFC and some header info

0 !HISTORY 2003-03-12 [PTadmin] Official Update 2003-01

0 !HISTORY 2003-08-01 [PTadmin] Official Update 2003-02

0 !HISTORY 2007-06-24 [PTadmin] Header formatted for Contributor Agreement

0 !HISTORY 2008-07-01 [PTadmin] Official Update 2008-01

0 !HISTORY 2012-02-16 [Philo] Changed to CCW

0 !HISTORY 2012-03-30 [PTadmin] Official Update 2012-01





4 16 4 0 0 3.6956 0 1.5308 2.7717 0 1.1481 3 0 0

4 16 3.6956 0 1.5308 2.8284 0 2.8284 2.1213 0 2.1213 2.7717 0 1.1481

4 16 2.8284 0 2.8284 1.5308 0 3.6956 1.1481 0 2.7717 2.1213 0 2.1213

4 16 1.5308 0 3.6956 0 0 4 0 0 3 1.1481 0 2.7717

4 16 0 0 4 -1.5308 0 3.6956 -1.1481 0 2.7717 0 0 3

4 16 -1.5308 0 3.6956 -2.8284 0 2.8284 -2.1213 0 2.1213 -1.1481 0 2.7717

4 16 -2.8284 0 2.8284 -3.6956 0 1.5308 -2.7717 0 1.1481 -2.1213 0 2.1213

4 16 -3.6956 0 1.5308 -4 0 0 -3 0 0 -2.7717 0 1.1481

0 NOFILE

0 FILE 4081b.dat
0 Plate  1 x  1 with Clip Light Type 2

0 Name: 4081b.dat

0 Author: James Jessiman

0 !LDRAW_ORG Part UPDATE 2024-02

0 !LICENSE Licensed under CC BY 4.0 : see CAreadme.txt



0 BFC CERTIFY CCW



0 !HISTORY 2001-10-25 [cwdee] Rewrite

0 !HISTORY 2001-10-26 [PTadmin] Official Update 2001-01

0 !HISTORY 2003-01-28 [sbliss] Completed header; BFC'ed

0 !HISTORY 2003-12-19 [PTadmin] Official Update 2003-03

0 !HISTORY 2004-03-02 [PTadmin] Official Update 2004-01

0 !HISTORY 2007-10-26 [PTadmin] Header formatted for Contributor Agreement

0 !HISTORY 2008-07-01 [PTadmin] Official Update 2008-01

0 !HISTORY 2020-06-04 [Sirio] Updated the use of primitives

0 !HISTORY 2021-10-30 [MagFors] Removed unwanted edges and surface bleeding

0 !HISTORY 2022-01-14 [PTadmin] Official Update 2022-01

0 !HISTORY 2024-03-23 [OrionP] Updated ring primitives

0 !HISTORY 2024-03-24 [OrionP] Official Update 2024-02



1 16 0 4 -10 -10 0 0 0 0 -4 0 20 0 box4-2p.dat

0 BFC INVERTNEXT

1 16 0 8 0 6 0 0 0 -4 0 0 0 6 box5.dat

4 16 6 8 -6 6 8 6 10 8 10 10 8 -10

4 16 -6 8 -6 6 8 -6 10 8 -10 -10 8 -10

4 16 -6 8 6 -6 8 -6 -10 8 -10 -10 8 10

4 16 6 8 6 -6 8 6 -10 8 10 10 8 10

1 16 0 0 0 1 0 0 0 1 0 0 0 1 stud.dat



1 16 6.5 4 -10 0 0 -3.5 -4 0 0 0 1 0 rect3.dat

1 16 -6.5 4 -10 0 0 3.5 4 0 0 0 1 0 rect3.dat

1 16 0 4 -10 0 0 -3 4 0 0 0 -3 0 box4o8a.dat



1 16 4 2 -20 0 -1 0 1 0 0 0 0 1 stud2a.dat

1 16 -4 2 -20 0 1 0 1 0 0 0 0 1 stud2a.dat

1 16 4 2 -20 0 1 0 6 0 0 0 0 6 4-4edge.dat

1 16 -4 2 -20 0 1 0 6 0 0 0 0 6 4-4edge.dat

0 BFC INVERTNEXT

1 16 4 2 -20 0 -8 0 4 0 0 0 0 4 4-4cyli.dat



1 16 4 2 -20 0 -1 0 -2 0 0 0 0 2 3-16ring3.dat

1 16 4 2 -20 0 -1 0 0 0 2 -2 0 0 5-16ring3.dat

1 16 4 2 -20 0 -1 0 0 0 -2 -2 0 0 1-4ring3.dat

1 16 -4 2 -20 0 1 0 -2 0 0 0 0 2 3-16ring3.dat

1 16 -4 2 -20 0 1 0 0 0 2 -2 0 0 5-16ring3.dat

1 16 -4 2 -20 0 1 0 0 0 -2 -2 0 0 1-4ring3.dat

1 16 4 2 -20 0 -8 0 -8 0 0 0 0 -8 1-4cylo.dat

1 16 4 2 -20 0 -8 0 0 0 8 -8 0 0 5-16cylo.dat

1 16 4 2 -20 0 -8 0 -8 0 0 0 0 8 3-16cylo.dat



1 16 0 8.6956 -15.8977 -4 0 0 0 -1 -.6956 0 0 1.0407 rect3.dat

2 24 3 0 -12.398 -3 0 -12.398

4 16 4 8 -14.857 -4 8 -14.857 -3 8 -13 3 8 -13

4 16 3 0 -12.398 -3 0 -12.398 -4 -1.0616 -12.6088 4 -1.0616 -12.6088

5 24 -4 -1.0616 -12.6088 4 -1.0616 -12.6088 -3 0 -12.398 -4 -3.6568 -14.3432

5 24 -4 9.3912 -16.9384 4 9.3912 -16.9384 -4 8 -14.857 -4 10 -20



1 16 3.5 6.8235 -13 -.5 0 0 0 0 -1.1765 0 -1 0 rect.dat

1 16 3.5 5.3545 -12.8045 0 0 .5 -.2925 -1 0 .1955 0 0 rect2p.dat

1 16 3.5 3.531 -12.3045 0 0 .5 -1.531 -1 0 .3045 0 0 rect2p.dat

2 24 4 -1.0616 -12.6088 4 2 -12

2 24 4 8 -14.857 4 8 -13

2 24 3 2 -12 3 0 -12.398

3 16 3 8 -13 4 8 -13 4 8 -14.857

4 16 4 8 -14.857 4 6.2426 -15.7574 4 7.5434 -17.7038 4 9.3912 -16.9384

4 16 4 6.2426 -15.7574 4 8 -14.857 4 8 -13 4 5.647 -13

4 16 4 4.2962 -14.4566 4 6.2426 -15.7574 4 5.647 -13 4 5.062 -12.609

4 16 4 -1.0616 -12.6088 4 -0.2962 -14.4566 4 2 -14 4 2 -12

4 16 4 5.062 -12.609 4 2 -12 4 2 -14 4 4.2962 -14.4566

4 16 3 0 -12.398 4 -1.0616 -12.6088 4 2 -12 3 2 -12

5 24 4 5.062 -12.609 3 5.062 -12.609 4 5.647 -13 4 2 -12

5 24 4 2 -12 3 2 -12 4 5.062 -12.609 4 -1.0616 -12.6088



1 16 -3.5 3.531 -12.3045 0 0 .5 -1.531 -1 0 .3045 0 0 rect2p.dat

1 16 -3.5 6.8235 -13 0 0 .5 -1.1765 0 0 0 -1 0 rect.dat

1 16 -3.5 5.3545 -12.8045 0 0 -.5 .2925 -1 0 -.1955 0 0 rect2p.dat

2 24 -4 8 -14.857 -4 8 -13

2 24 -4 2 -12 -4 -1.0616 -12.6088

2 24 -3 0 -12.398 -3 2 -12

3 16 -4 8 -14.857 -4 8 -13 -3 8 -13

4 16 -3 0 -12.398 -3 2 -12 -4 2 -12 -4 -1.0616 -12.6088

4 16 -4 7.5434 -17.7038 -4 6.2426 -15.7574 -4 8 -14.857 -4 9.3912 -16.9384

4 16 -4 8 -13 -4 8 -14.857 -4 6.2426 -15.7574 -4 5.647 -13

4 16 -4 5.647 -13 -4 6.2426 -15.7574 -4 4.2962 -14.4566 -4 5.062 -12.609

4 16 -4 -1.0616 -12.6088 -4 2 -12 -4 2 -14 -4 -0.2962 -14.4566

4 16 -4 4.2962 -14.4566 -4 2 -14 -4 2 -12 -4 5.062 -12.609

5 24 -4 5.062 -12.609 -3 5.062 -12.609 -4 5.647 -13 -4 2 -12

5 24 -4 2 -12 -3 2 -12 -4 5.062 -12.609 -4 -1.0616 -12.6088

0 NOFILE

0 FILE rect.dat
0 Rectangle

0 Name: rect.dat

0 Author: James Jessiman

0 !LDRAW_ORG Primitive UPDATE 2010-01

0 !LICENSE Licensed under CC BY 4.0 : see CAreadme.txt



0 BFC CERTIFY CCW



0 !HISTORY 2002-04-05 [hafhead] Added BFC statement

0 !HISTORY 2002-04-25 [PTadmin] Official Update 2002-02

0 !HISTORY 2007-06-24 [PTadmin] Header formatted for Contributor Agreement

0 !HISTORY 2008-07-01 [PTadmin] Official Update 2008-01

0 !HISTORY 2010-01-17 [mikeheide] changed winding to CCW

0 !HISTORY 2010-04-05 [PTadmin] Official Update 2010-01





2 24 1 0 1 -1 0 1

2 24 -1 0 1 -1 0 -1

2 24 -1 0 -1 1 0 -1

2 24 1 0 -1 1 0 1

4 16 -1 0 1 -1 0 -1 1 0 -1 1 0 1

0

0 NOFILE

0 FILE 3-16cylo.dat
0 Cylinder Open 0.1875

0 Name: 3-16cylo.dat

0 Author: J.C. Tchang [tchang]

0 !LDRAW_ORG Primitive UPDATE 2013-01

0 !LICENSE Licensed under CC BY 4.0 : see CAreadme.txt



0 BFC CERTIFY CCW



0 !HISTORY 2013-07-21 [PTadmin] Official Update 2013-01





1 16 0 0 0 1 0 0 0 1 0 0 0 1 3-16edge.dat

1 16 0 1 0 1 0 0 0 1 0 0 0 1 3-16edge.dat

1 16 0 0 0 1 0 0 0 1 0 0 0 1 3-16cyli.dat

0 NOFILE

0 FILE 3-16cyli.dat
0 Cylinder 0.1875

0 Name: 3-16cyli.dat

0 Author: Mark Kennedy [mkennedy]

0 !LDRAW_ORG Primitive UPDATE 2005-01

0 !LICENSE Licensed under CC BY 4.0 : see CAreadme.txt



0 BFC CERTIFY CCW



0 !HISTORY 2004-03-02 [PTadmin] Official Update 2004-01

0 !HISTORY 2004-12-11 [nielsk] Recreated using Primitive Generator, Edge lines fixed, BFC changed to CCW

0 !HISTORY 2005-12-28 [PTadmin] Official Update 2005-01

0 !HISTORY 2007-06-24 [PTadmin] Header formatted for Contributor Agreement

0 !HISTORY 2008-07-01 [PTadmin] Official Update 2008-01





4 16 .9239 1 .3827 .9239 0 .3827 1 0 0 1 1 0

4 16 .7071 1 .7071 .7071 0 .7071 .9239 0 .3827 .9239 1 .3827

4 16 .3827 1 .9239 .3827 0 .9239 .7071 0 .7071 .7071 1 .7071

5 24 1 1 0 1 0 0 1 1 -.4142 .9239 1 .3827

5 24 .9239 1 .3827 .9239 0 .3827 1 1 0 .7071 1 .7071

5 24 .7071 1 .7071 .7071 0 .7071 .9239 1 .3827 .3827 1 .9239

5 24 .3827 1 .9239 .3827 0 .9239 .7071 1 .7071 0 1 1.0824

0

0 NOFILE

0 FILE 3-16edge.dat
0 Circle 0.1875

0 Name: 3-16edge.dat

0 Author: Donald Sutter [technog]

0 !LDRAW_ORG Primitive UPDATE 2017-01

0 !LICENSE Licensed under CC BY 4.0 : see CAreadme.txt



0 BFC CERTIFY CCW



0 !HISTORY 2004-03-02 [PTadmin] Official Update 2004-01

0 !HISTORY 2007-06-24 [PTadmin] Header formatted for Contributor Agreement

0 !HISTORY 2008-07-01 [PTadmin] Official Update 2008-01

0 !HISTORY 2017-01-15 [Steffen] BFCed

0 !HISTORY 2017-12-30 [PTadmin] Official Update 2017-01





2 24 1 0 0 0.9239 0 0.3827

2 24 0.9239 0 0.3827 0.7071 0 0.7071

2 24 0.7071 0 0.7071 0.3827 0 0.9239

0 NOFILE

0 FILE 5-16cylo.dat
0 Cylinder Open 0.3125

0 Name: 5-16cylo.dat

0 Author: Max Martin Richter [MMR1988]

0 !LDRAW_ORG Primitive UPDATE 2013-01

0 !LICENSE Licensed under CC BY 4.0 : see CAreadme.txt



0 BFC CERTIFY CCW



0 !HISTORY 2013-07-21 [PTadmin] Official Update 2013-01





1 16 0 0 0 1 0 0 0 1 0 0 0 1 5-16cyli.dat

1 16 0 0 0 1 0 0 0 1 0 0 0 1 5-16edge.dat

1 16 0 1 0 1 0 0 0 1 0 0 0 1 5-16edge.dat

0 NOFILE

0 FILE 5-16edge.dat
0 Circle 0.3125

0 Name: 5-16edge.dat

0 Author: Philippe Hurbain [Philo]

0 !LDRAW_ORG Primitive UPDATE 2009-03

0 !LICENSE Licensed under CC BY 4.0 : see CAreadme.txt



0 BFC CERTIFY CCW



0 !HISTORY 2009-12-29 [PTadmin] Official Update 2009-03





2 24 1 0 0 0.9239 0 0.3827

2 24 0.9239 0 0.3827 0.7071 0 0.7071

2 24 0.7071 0 0.7071 0.3827 0 0.9239

2 24 0.3827 0 0.9239 0 0 1

2 24 0 0 1 -0.3827 0 0.9239



0 // end of file



0 NOFILE

0 FILE 5-16cyli.dat
0 Cylinder 0.3125

0 Name: 5-16cyli.dat

0 Author: Philippe Hurbain [Philo]

0 !LDRAW_ORG Primitive UPDATE 2009-03

0 !LICENSE Licensed under CC BY 4.0 : see CAreadme.txt



0 BFC CERTIFY CCW



0 !HISTORY 2009-12-29 [PTadmin] Official Update 2009-03





4 16 0.9239 0 0.3827 1 0 0 1 1 0 0.9239 1 0.3827

4 16 0.7071 0 0.7071 0.9239 0 0.3827 0.9239 1 0.3827 0.7071 1 0.7071

4 16 0.3827 0 0.9239 0.7071 0 0.7071 0.7071 1 0.7071 0.3827 1 0.9239

4 16 0 0 1 0.3827 0 0.9239 0.3827 1 0.9239 0 1 1

4 16 -0.3827 0 0.9239 0 0 1 0 1 1 -0.3827 1 0.9239



0 // conditional lines

5 24 1 1 0 1 0 0 1 1 -0.4142 0.9239 1 0.3827

5 24 0.9239 1 0.3827 0.9239 0 0.3827 1 1 0 0.7071 1 0.7071

5 24 0.7071 1 0.7071 0.7071 0 0.7071 0.9239 1 0.3827 0.3827 1 0.9239

5 24 0.3827 1 0.9239 0.3827 0 0.9239 0.7071 1 0.7071 0 1 1

5 24 0 1 1 0 0 1 0.3827 1 0.9239 -0.3827 1 0.9239

5 24 -0.3827 1 0.9239 -0.3827 0 0.9239 0 1 1 -0.7654 1 0.7654



0 // end of file



0 NOFILE

0 FILE 1-4ring3.dat
0 Ring  3 x 0.25

0 Name: 1-4ring3.dat

0 Author: Willy Tschager [Holly-Wood]

0 !LDRAW_ORG Primitive UPDATE 2024-01

0 !LICENSE Licensed under CC BY 4.0 : see CAreadme.txt



0 BFC CERTIFY CCW



0 !HISTORY 1999-07-05 [PTadmin] Official Update 1999-05

0 !HISTORY 2003-01-21 [cavehop] Update Added BFC and 1 digit of significance

0 !HISTORY 2003-05-21 [cavehop] Corrected values as indicated by pneaster

0 !HISTORY 2003-06-12 [cavehop] Re-corrected values as indicated by pneaster

0 !HISTORY 2003-08-01 [PTadmin] Official Update 2003-02

0 !HISTORY 2007-06-22 [PTadmin] Header formatted for Contributor Agreement

0 !HISTORY 2008-07-01 [PTadmin] Official Update 2008-01

0 !HISTORY 2012-02-16 [Philo] Changed to CCW

0 !HISTORY 2012-03-30 [PTadmin] Official Update 2012-01

0 !HISTORY 2024-01-04 [Holly-Wood] Complete re-write, original by Karim Nassar

0 !HISTORY 2024-01-29 [OrionP] Official Update 2024-01



4 16 4 0 0 3.6956 0 1.5308 2.7717 0 1.1481 3 0 0

4 16 3.6956 0 1.5308 2.8284 0 2.8284 2.1213 0 2.1213 2.7717 0 1.1481

4 16 2.8284 0 2.8284 1.5308 0 3.6956 1.1481 0 2.7717 2.1213 0 2.1213

4 16 1.5308 0 3.6956 0 0 4 0 0 3 1.1481 0 2.7717

0 // Build by LDPartEditor (PrimGen 2.X)

0 NOFILE

0 FILE 5-16ring3.dat
0 Ring  3 x 0.3125

0 Name: 5-16ring3.dat

0 Author: Willy Tschager [Holly-Wood]

0 !LDRAW_ORG Primitive UPDATE 2024-02

0 !LICENSE Licensed under CC BY 4.0 : see CAreadme.txt



0 BFC CERTIFY CCW



0 !HISTORY 2017-12-30 [PTadmin] Official Update 2017-01

0 !HISTORY 2024-02-03 [Holly-Wood] Complete regeneration, original by KROACH

0 !HISTORY 2024-03-24 [OrionP] Official Update 2024-02



4 16 4 0 0 3.6956 0 1.5308 2.7717 0 1.1481 3 0 0

4 16 3.6956 0 1.5308 2.8284 0 2.8284 2.1213 0 2.1213 2.7717 0 1.1481

4 16 2.8284 0 2.8284 1.5308 0 3.6956 1.1481 0 2.7717 2.1213 0 2.1213

4 16 1.5308 0 3.6956 0 0 4 0 0 3 1.1481 0 2.7717

4 16 0 0 4 -1.5308 0 3.6956 -1.1481 0 2.7717 0 0 3

0 // Build by LDPartEditor (PrimGen 2.X)

0 NOFILE

0 FILE 3-16ring3.dat
0 Ring  3 x 0.1875

0 Name: 3-16ring3.dat

0 Author: Philippe Hurbain [Philo]

0 !LDRAW_ORG Primitive UPDATE 2024-02

0 !LICENSE Licensed under CC BY 4.0 : see CAreadme.txt



0 BFC CERTIFY CCW



0 !HISTORY 2010-04-05 [PTadmin] Official Update 2010-01

0 !HISTORY 2024-03-23 [OrionP] Moved from 3-16rin3.dat

0 !HISTORY 2024-03-24 [OrionP] Official Update 2024-02



4 16 3 0 0 4 0 0 3.6956 0 1.5308 2.7717 0 1.1481

4 16 2.7717 0 1.1481 3.6956 0 1.5308 2.8284 0 2.8284 2.1213 0 2.1213

4 16 2.1213 0 2.1213 2.8284 0 2.8284 1.5308 0 3.6956 1.1481 0 2.7717



0 // end of file



0 NOFILE

0 FILE box4o8a.dat
0 Box with 4 Faces (2 Parallel Pairs) without Top and Bottom Edges

0 Name: box4o8a.dat

0 Author: Steffen [Steffen]

0 !LDRAW_ORG Primitive UPDATE 2012-01

0 !LICENSE Licensed under CC BY 4.0 : see CAreadme.txt



0 BFC CERTIFY CCW



0 !HISTORY 2004-04-22 [PTadmin] Official Update 2004-02

0 !HISTORY 2007-06-24 [PTadmin] Header formatted for Contributor Agreement

0 !HISTORY 2008-07-01 [PTadmin] Official Update 2008-01

0 !HISTORY 2012-02-16 [Philo] Changed to CCW

0 !HISTORY 2012-03-30 [PTadmin] Official Update 2012-01





2 24 1 0 1 1 1 1

2 24 -1 0 1 -1 1 1

2 24 1 0 -1 1 1 -1

2 24 -1 0 -1 -1 1 -1

4 16 -1 1 1 -1 0 1 1 0 1 1 1 1

4 16 -1 1 -1 -1 0 -1 -1 0 1 -1 1 1

4 16 1 1 -1 1 0 -1 -1 0 -1 -1 1 -1

4 16 1 1 1 1 0 1 1 0 -1 1 1 -1

0 NOFILE

0 FILE 36841.dat
0 Bracket  1 x  1 -  1 x  1 Down

0 Name: 36841.dat

0 Author: Magnus Forsberg [MagFors]

0 !LDRAW_ORG Part UPDATE 2019-01

0 !LICENSE Licensed under CC BY 4.0 : see CAreadme.txt



0 BFC CERTIFY CCW



0 !HISTORY 2019-06-28 [PTadmin] Official Update 2019-01





1 16 0 6 -10 -1.5 0 0 0 0 2 0 4 0 box4-1.dat

0 BFC INVERTNEXT

1 16 0 8 -2 6 0 0 0 -4 0 0 0 8 box5-1.dat

1 16 0 8 0 10 0 0 0 1 0 0 0 10 recte3.dat

4 16 10 8 10 6 8 6 -6 8 6 -10 8 10

4 16 -10 8 10 -6 8 6 -6 8 -10 -10 8 -10

4 16 10 8 -10 6 8 -10 6 8 6 10 8 10

2 24 -10 8 -10 -6 8 -10

2 24 10 8 -10 6 8 -10

2 24 10 8 -10 10 18 -10

2 24 -10 8 -10 -10 18 -10

4 16 8 20 -10 6 8 -10 10 8 -10 10 18 -10

4 16 8 20 -10 -8 20 -10 -6 8 -10 6 8 -10

4 16 -10 18 -14 -10 0 -14 -10 8 -10 -10 18 -10

1 16 0 4 10 -10 0 0 0 0 -4 0 -1 0 rect3.dat

4 16 10 18 -10 10 8 -10 10 0 -14 10 18 -14

4 16 10 8 10 10 0 10 10 0 -14 10 8 -10

4 16 -10 8 10 -10 8 -10 -10 0 -14 -10 0 10

1 16 0 9 -2 -10 0 0 0 -9 0 0 0 -12 box2-7.dat



1 16 -8 18 -14 -2 0 0 0 0 2 0 4 0 1-4cylo.dat

1 16 8 18 -14 0 0 2 2 0 0 0 4 0 1-4cylo.dat

1 16 -8 18 -10 -2 0 0 0 0 2 0 -1 0 1-4chrd.dat

1 16 8 18 -10 0 0 2 2 0 0 0 -1 0 1-4chrd.dat

1 16 -8 18 -14 -2 0 0 0 0 2 0 1 0 1-4chrd.dat

1 16 8 18 -14 0 0 2 2 0 0 0 1 0 1-4chrd.dat

1 16 0 20 -12 8 0 0 0 -1 0 0 0 -2 rect2p.dat

4 16 10 18 -14 -10 18 -14 -8 20 -14 8 20 -14

4 16 -10 8 -10 -6 8 -10 -8 20 -10 -10 18 -10



1 16 0 0 0 0 0 -1 0 1 0 1 0 0 stud.dat

1 16 0 10 -14 0 0 1 1 0 0 0 1 0 stud2.dat

0 NOFILE

0 FILE recte3.dat
0 Rectangle Empty with 3 Edges

0 Name: recte3.dat

0 Author: Steffen [Steffen]

0 !LDRAW_ORG Primitive UPDATE 2011-01

0 !LICENSE Licensed under CC BY 4.0 : see CAreadme.txt



0 BFC CERTIFY CCW



0 !HISTORY 2011-07-25 [PTadmin] Official Update 2011-01





2 24 1 0 1 -1 0 1

2 24 -1 0 1 -1 0 -1

2 24 1 0 -1 1 0 1

0 NOFILE

0 FILE box5-1.dat
0 Box with 5 Faces without 1 Edge

0 Name: box5-1.dat

0 Author: J.C. Tchang [tchang]

0 !LDRAW_ORG Primitive UPDATE 2014-01

0 !LICENSE Licensed under CC BY 4.0 : see CAreadme.txt



0 BFC CERTIFY CCW



0 !HISTORY 2014-06-21 [PTadmin] Official Update 2014-01





2 24 1 1 1 -1 1 1

2 24 -1 1 1 -1 1 -1

2 24 -1 1 -1 1 1 -1

2 24 1 1 -1 1 1 1

2 24 1 0 1 -1 0 1

2 24 -1 0 1 -1 0 -1

2 24 1 0 -1 1 0 1

2 24 1 0 1 1 1 1

2 24 -1 0 1 -1 1 1

2 24 1 0 -1 1 1 -1

2 24 -1 0 -1 -1 1 -1

4 16 -1 1 1 1 1 1 1 1 -1 -1 1 -1

4 16 -1 1 1 -1 0 1 1 0 1 1 1 1

4 16 -1 1 -1 -1 0 -1 -1 0 1 -1 1 1

4 16 1 1 -1 1 0 -1 -1 0 -1 -1 1 -1

4 16 1 1 1 1 0 1 1 0 -1 1 1 -1

0 NOFILE

0 FILE 32523.dat
0 Technic Beam  3

0 Name: 32523.dat

0 Author: Tim Gould [timgould]

0 !LDRAW_ORG Part UPDATE 2022-02

0 !LICENSE Licensed under CC BY 4.0 : see CAreadme.txt



0 BFC CERTIFY CCW



0 !HISTORY 2009-09-03 [PTadmin] Official Update 2009-02

0 !HISTORY 2020-12-05 [Philo] Used subpart

0 !HISTORY 2022-03-06 [PTadmin] Official Update 2022-02





1 16 0 0 0 1 0 0 0 1 0 0 0 1 s__32523s01.dat

4 16 9 10 20 9 -10 20 9 -10 -20 9 10 -20

0 NOFILE

0 FILE s__32523s01.dat
0 ~Technic Beam  3 without Side

0 Name: s\32523s01.dat

0 Author: Philippe Hurbain [Philo]

0 !LDRAW_ORG Subpart UPDATE 2022-02

0 !LICENSE Licensed under CC BY 4.0 : see CAreadme.txt



0 BFC CERTIFY CCW



0 !HISTORY 2020-12-05 [Philo] Subparted from Tim Gould 32523

0 !HISTORY 2022-03-06 [PTadmin] Official Update 2022-02





1 16 0 0 0 1 0 0 0 1 0 0 0 1 beamhole.dat

1 16 0 0 -20 1 0 0 0 1 0 0 0 1 beamhole.dat

1 16 0 0 20 1 0 0 0 1 0 0 0 1 connhole.dat

0 // Sides and edges

1 16 0 -10 20 9 0 0 0 20 0 0 0 9 2-4cyli.dat

1 16 0 -10 20 9 0 0 0 1 0 0 0 9 2-4edge.dat

1 16 0 10 20 -9 0 0 0 -1 0 0 0 9 2-4edge.dat

1 16 0 -10 -20 -9 0 0 0 20 0 0 0 -9 2-4cyli.dat

1 16 0 -10 -20 -9 0 0 0 1 0 0 0 -9 2-4edge.dat

1 16 0 10 -20 9 0 0 0 -1 0 0 0 -9 2-4edge.dat

2 24 9 10 -20 9 10 20

2 24 9 -10 20 9 -10 -20

1 16 -9 0 0 0 1 0 0 0 10 20 0 0 rect2p.dat

0 NOFILE

0 FILE connhole.dat
0 Technic Connector Hole Long

0 Name: connhole.dat

0 Author: Magnus Forsberg [MagFors]

0 !LDRAW_ORG Primitive UPDATE 2024-01

0 !LICENSE Licensed under CC BY 4.0 : see CAreadme.txt



0 BFC CERTIFY CCW



0 !HISTORY 2005-07-09 [mikeheide] use 4-4ring8 primitive

0 !HISTORY 2009-09-03 [PTadmin] Official Update 2009-02

0 !HISTORY 2024-01-05 [MagFors] Complete rewrite, original by t.woelk

0 !HISTORY 2024-01-29 [OrionP] Official Update 2024-01



1 16 0 10 0 1 0 0 0 -1 0 0 0 1 peghole.dat

1 16 0 10 0 1 0 0 0 -1 0 0 0 -1 4-4ring8.dat

0 BFC INVERTNEXT

1 16 0 -8 0 6 0 0 0 16 0 0 0 6 4-4cyli.dat

1 16 0 -10 0 1 0 0 0 1 0 0 0 1 4-4ring8.dat

1 16 0 -10 0 1 0 0 0 1 0 0 0 1 peghole.dat

0 NOFILE

0 FILE 4-4ring8.dat
0 Ring  8 x 1.0

0 Name: 4-4ring8.dat

0 Author: Steffen [Steffen]

0 !LDRAW_ORG Primitive UPDATE 2012-01

0 !LICENSE Licensed under CC BY 4.0 : see CAreadme.txt



0 BFC CERTIFY CCW



0 !HISTORY 2003-12-19 [PTadmin] Official Update 2003-03

0 !HISTORY 2007-06-24 [PTadmin] Header formatted for Contributor Agreement

0 !HISTORY 2008-07-01 [PTadmin] Official Update 2008-01

0 !HISTORY 2012-02-16 [Philo] Changed to CCW

0 !HISTORY 2012-03-30 [PTadmin] Official Update 2012-01





4 16 9 0 0 8.3151 0 3.4443 7.3912 0 3.0616 8 0 0

4 16 8.3151 0 3.4443 6.3639 0 6.3639 5.6568 0 5.6568 7.3912 0 3.0616

4 16 6.3639 0 6.3639 3.4443 0 8.3151 3.0616 0 7.3912 5.6568 0 5.6568

4 16 3.4443 0 8.3151 0 0 9 0 0 8 3.0616 0 7.3912

4 16 0 0 9 -3.4443 0 8.3151 -3.0616 0 7.3912 0 0 8

4 16 -3.4443 0 8.3151 -6.3639 0 6.3639 -5.6568 0 5.6568 -3.0616 0 7.3912

4 16 -6.3639 0 6.3639 -8.3151 0 3.4443 -7.3912 0 3.0616 -5.6568 0 5.6568

4 16 -8.3151 0 3.4443 -9 0 0 -8 0 0 -7.3912 0 3.0616

4 16 -9 0 0 -8.3151 0 -3.4443 -7.3912 0 -3.0616 -8 0 0

4 16 -8.3151 0 -3.4443 -6.3639 0 -6.3639 -5.6568 0 -5.6568 -7.3912 0 -3.0616

4 16 -6.3639 0 -6.3639 -3.4443 0 -8.3151 -3.0616 0 -7.3912 -5.6568 0 -5.6568

4 16 -3.4443 0 -8.3151 0 0 -9 0 0 -8 -3.0616 0 -7.3912

4 16 0 0 -9 3.4443 0 -8.3151 3.0616 0 -7.3912 0 0 -8

4 16 3.4443 0 -8.3151 6.3639 0 -6.3639 5.6568 0 -5.6568 3.0616 0 -7.3912

4 16 6.3639 0 -6.3639 8.3151 0 -3.4443 7.3912 0 -3.0616 5.6568 0 -5.6568

4 16 8.3151 0 -3.4443 9 0 0 8 0 0 7.3912 0 -3.0616

0 NOFILE

0 FILE peghole.dat
0 Peg Hole End

0 Name: peghole.dat

0 Author: James Jessiman

0 !LDRAW_ORG Primitive UPDATE 2010-01

0 !LICENSE Licensed under CC BY 4.0 : see CAreadme.txt



0 BFC CERTIFY CCW



0 !HISTORY 2002-05-01 [mkennedy] replace code with ring3

0 !HISTORY 2002-05-01 [sbliss] BFC

0 !HISTORY 2002-06-11 [PTadmin] Official Update 2002-03

0 !HISTORY 2007-06-24 [PTadmin] Header formatted for Contributor Agreement

0 !HISTORY 2008-07-01 [PTadmin] Official Update 2008-01

0 !HISTORY 2010-01-14 [cwdee] Update ring3 to 4-4ring3

0 !HISTORY 2010-04-05 [PTadmin] Official Update 2010-01





1 16 0 0 0 8 0 0 0 1 0 0 0 8 4-4edge.dat

1 16 0 2 0 8 0 0 0 1 0 0 0 8 4-4edge.dat

1 16 0 2 0 6 0 0 0 1 0 0 0 6 4-4edge.dat

1 16 0 2 0 2 0 0 0 1 0 0 0 2 4-4ring3.dat

0 BFC INVERTNEXT

1 16 0 0 0 8 0 0 0 2 0 0 0 8 4-4cyli.dat

0

0 NOFILE

0 FILE beamhole.dat
0 Technic Beam Hole 1.0 with Adjacent Hole Negative

0 Name: beamhole.dat

0 Author: Willy Tschager [Holly-Wood]

0 !LDRAW_ORG Primitive UPDATE 2024-01

0 !LICENSE Licensed under CC BY 4.0 : see CAreadme.txt



0 BFC CERTIFY CCW



0 !HISTORY 2005-12-28 [PTadmin] Official Update 2005-01

0 !HISTORY 2007-06-24 [PTadmin] Header formatted for Contributor Agreement

0 !HISTORY 2008-07-01 [PTadmin] Official Update 2008-01

0 !HISTORY 2024-01-11 [Holly-Wood] Complete rewrite, original by guyvivan

0 !HISTORY 2024-01-29 [OrionP] Official Update 2024-01



0 // Top

1 16 0 -10 0 1 0 0 0 1 0 0 0 1 4-4ring8.dat

1 16 0 -10 10 1 0 0 0 8 0 0 0 1 npeghol2.dat

1 16 0 -10 0 1 0 0 0 1 0 0 0 1 peghole.dat



0 // Center

0 BFC INVERTNEXT

1 16 0 -8 0 6 0 0 0 16 0 0 0 6 4-4cyli.dat



0 // Bottom

1 16 0 10 0 1 0 0 0 -1 0 0 0 1 peghole.dat

1 16 0 10 10 1 0 0 0 -8 0 0 0 1 npeghol2.dat

1 16 0 10 0 1 0 0 0 -1 0 0 0 1 4-4ring8.dat

0 NOFILE

0 FILE npeghol2.dat
0 Technic Peg Hole Negative with Top Surface Extensions

0 Name: npeghol2.dat

0 Author: Orion Pobursky [OrionP]

0 !LDRAW_ORG Primitive UPDATE 2023-01

0 !LICENSE Licensed under CC BY 4.0 : see CAreadme.txt



0 BFC CERTIFY CCW



0 !HISTORY 2005-12-28 [PTadmin] Official Update 2005-01

0 !HISTORY 2007-06-24 [PTadmin] Header formatted for Contributor Agreement

0 !HISTORY 2008-07-01 [PTadmin] Official Update 2008-01

0 !HISTORY 2012-03-14 [Philo] Changed to CCW, used 1-8ndis to avoid overlaps

0 !HISTORY 2012-03-30 [PTadmin] Official Update 2012-01

0 !HISTORY 2021-03-18 [kuramapika1] Change cyli to cylo and adjusted to correct rounding errors

0 !HISTORY 2022-01-14 [PTadmin] Official Update 2022-01

0 !HISTORY 2022-07-08 [SwampKryakwa] New primitive shape - corners of npegholes are now smoothed similar to the actual lego parts

0 !HISTORY 2023-03-05 [OrionP] Official Update 2023-01





1 16 0 0 0 1 0 0 0 1 0 0 0 1 npeghol7a.dat

1 16 0 0 0 1 0 0 0 1 0 0 0 -1 npeghol7a.dat

0 NOFILE

0 FILE npeghol7a.dat
0 Technic Peg Hole Negative 0.5 with Top Surface Extensions

0 Name: npeghol7a.dat

0 Author: Max Murtazin [SwampKryakwa]

0 !LDRAW_ORG Primitive UPDATE 2024-02

0 !LICENSE Licensed under CC BY 4.0 : see CAreadme.txt



0 BFC CERTIFY CCW



0 !HISTORY 2018-04-02 [MagFors] adapted to four digit decimals

0 !HISTORY 2020-09-05 [PTadmin] Official Update 2020-02

0 !HISTORY 2022-07-08 [SwampKryakwa] New primitive shape - corners of npegholes are now smoothed similar to the actual lego parts

0 !HISTORY 2023-03-05 [OrionP] Official Update 2023-01

0 !HISTORY 2024-02-29 [OrionP] Update author to Max Murtazin

0 !HISTORY 2024-03-24 [OrionP] Official Update 2024-02



1 16 0 0 0 1 0 0 0 1 0 0 0 1 npeghol7.dat

1 16 0 0 10 9 0 0 0 1 0 0 0 -9 1-8ndis.dat

1 16 0 0 10 -9 0 0 0 1 0 0 0 -9 1-8ndis.dat



3 16 9 0 1 6.3639 0 3.6361 6.3639 0 1.5321

4 16 9 0 1 6.3639 0 1.5321 6.3639 0 0 9 0 0

3 16 -9 0 1 -6.3639 0 1.5321 -6.3639 0 3.6361

4 16 -9 0 1 -9 0 0 -6.3639 0 0 -6.3639 0 1.5321

0 NOFILE

0 FILE 1-8ndis.dat
0 Disc Negative 0.125

0 Name: 1-8ndis.dat

0 Author: James Jessiman

0 !LDRAW_ORG Primitive UPDATE 2012-01

0 !LICENSE Licensed under CC BY 4.0 : see CAreadme.txt



0 BFC CERTIFY CCW



0 !HISTORY 2002-03-23 [sbliss] Added BFC statement

0 !HISTORY 2002-04-25 [PTadmin] Official Update 2002-02

0 !HISTORY 2007-06-22 [PTadmin] Header formatted for Contributor Agreement

0 !HISTORY 2008-07-01 [PTadmin] Official Update 2008-01

0 !HISTORY 2012-02-16 [Philo] Changed to CCW

0 !HISTORY 2012-03-30 [PTadmin] Official Update 2012-01





3 16 0.9239 0 0.3827 1 0 0 1 0 1

3 16 0.7071 0 0.7071 0.9239 0 0.3827 1 0 1

0 NOFILE

0 FILE npeghol7.dat
0 Technic Peg Hole Negative 0.5 without Top Surface Extensions

0 Name: npeghol7.dat

0 Author: Max Murtazin [SwampKryakwa]

0 !LDRAW_ORG Primitive UPDATE 2024-02

0 !LICENSE Licensed under CC BY 4.0 : see CAreadme.txt



0 BFC CERTIFY CCW



0 !HISTORY 2009-05-02 [PTadmin] Official Update 2009-01

0 !HISTORY 2022-07-08 [SwampKryakwa] New primitive shape - corners of npegholes are now smoothed similar to the actual lego parts

0 !HISTORY 2023-03-05 [OrionP] Official Update 2023-01

0 !HISTORY 2024-02-29 [OrionP] Update author to Max Murtazin

0 !HISTORY 2024-03-24 [OrionP] Official Update 2024-02



1 16 0 0 10 0 0 9 0 1 0 -9 0 0 1-16cylo.dat



1 16 6.3639 .5 .76606 0 1 0 0 0 .5 .76606 0 0 rect2p.dat

3 16 3.4442 1 1.6851 0 1 1 6.3639 1 0

0 BFC INVERTNEXT

1 16 5.58171 0 1.7 .78219 0 .09843 0 1 0 -.16788 0 .78 8__3-8cylo.dat

1 16 5.58171 1 1.7 .78219 0 .09843 0 1 0 -.16788 0 .78 8__3-8chrd.dat

5 24 6.3639 1 1.5321 6.3639 0 1.5321 6.2044 0 2.13283 6.3639 1 -1.5321

5 24 3.4443 1 1.6849 3.4443 0 1.6849 0 0 1 5.09822 0 2.37024

5 24 5.09822 1 2.37024 5.09822 0 2.37024 3.4443 0 1.6849 5.68014 0 2.48

1 16 0 0 10 6.36396 0 -6.36397 0 1 0 -6.36397 0 -6.36396 1-16tang.dat

3 16 5.09822 0 2.37025 5.68014 0 2.48 6.3639 0 3.6361

3 16 6.3639 0 3.6361 5.68014 0 2.48 6.2044 0 2.13283

3 16 6.3639 0 3.6361 6.2044 0 2.13283 6.3639 0 1.5321



1 16 0 0 10 0 0 -9 0 1 0 -9 0 0 1-16cylo.dat



1 16 -6.3639 .5 .76606 0 -1 0 0 0 .5 .76606 0 0 rect2p.dat

4 16 -6.3639 1 1.5321 -6.3639 1 0 -3.4442 1 1.6851 -5.09817 1 2.37024

0 BFC INVERTNEXT

1 16 -5.58171 0 1.7 -.78219 0 -.09843 0 1 0 -.16788 0 .78 8__3-8cylo.dat

1 16 -5.58171 1 1.7 -.78219 0 -.09843 0 1 0 -.16788 0 .78 8__3-8chrd.dat

5 24 -6.3639 1 1.5321 -6.3639 0 1.5321 -6.2044 0 2.13283 -6.3639 1 -1.5321

5 24 -3.4443 1 1.6849 -3.4443 0 1.6849 0 0 1 -5.09822 0 2.37024

5 24 -5.09822 1 2.37024 -5.09822 0 2.37024 -3.4443 0 1.6849 -5.68014 0 2.48

1 16 0 0 10 -6.36396 0 6.36397 0 1 0 -6.36397 0 -6.36396 1-16tang.dat

3 16 -5.68014 0 2.48 -5.09822 0 2.37025 -6.3639 0 3.6361

3 16 -5.68014 0 2.48 -6.3639 0 3.6361 -6.2044 0 2.13283

3 16 -6.2044 0 2.13283 -6.3639 0 3.6361 -6.3639 0 1.5321

4 16 6.3639 1 1.5321 5.09817 1 2.37024 3.4442 1 1.6851 6.3639 1 0

3 16 -3.4443 1 1.6849 -6.3639 1 0 0 1 1

3 16 0 1 1 -6.3639 1 0 6.3639 1 0

4 16 5.09817 0 2.37024 3.44417 0 1.68484 3.4442 1 1.6851 5.09817 1 2.37024

4 16 -3.4443 0 1.6849 -5.09822 0 2.37024 -5.09822 1 2.37024 -3.4443 1 1.6849

2 24 -5.09822 0 2.37024 -3.4443 0 1.6849

2 24 -5.09822 1 2.37024 -3.4443 1 1.6849

2 24 3.44417 0 1.68484 5.09817 0 2.37024

2 24 3.4442 1 1.6851 5.09817 1 2.37024

0 NOFILE

0 FILE 1-16tang.dat
0 Disc Negative Tangent 0.0625

0 Name: 1-16tang.dat

0 Author: Gerald Lasser [GeraldLasser]

0 !LDRAW_ORG Primitive UPDATE 2020-02

0 !LICENSE Licensed under CC BY 4.0 : see CAreadme.txt



0 BFC CERTIFY CCW



0 !HISTORY 2020-09-05 [PTadmin] Official Update 2020-02





3 16 1 0 0 1 0 .1989 .9239 0 .3827

0 NOFILE

0 FILE 8__3-8chrd.dat
0 Lo-Res Chord 0.375

0 Name: 8\3-8chrd.dat

0 Author: Philippe Hurbain [Philo]

0 !LDRAW_ORG 8_Primitive UPDATE 2020-01

0 !LICENSE Licensed under CC BY 4.0 : see CAreadme.txt



0 BFC CERTIFY CCW



0 !HISTORY 2020-06-28 [PTadmin] Official Update 2020-01





4 16 .7071 0 .7071 0 0 1 -.7071 0 .7071 1 0 0

0 // Build by LDPartEditor (PrimGen 2.X)

0 NOFILE

0 FILE 8__3-8cylo.dat
0 Lo-Res Cylinder Open 0.375

0 Name: 8\3-8cylo.dat

0 Author: Philippe Hurbain [Philo]

0 !LDRAW_ORG 8_Primitive UPDATE 2020-01

0 !LICENSE Licensed under CC BY 4.0 : see CAreadme.txt



0 BFC CERTIFY CCW



0 !HISTORY 2020-06-28 [PTadmin] Official Update 2020-01





1 16 0 0 0 1 0 0 0 1 0 0 0 1 8__3-8edge.dat

1 16 0 0 0 1 0 0 0 1 0 0 0 1 8__3-8cyli.dat

1 16 0 1 0 1 0 0 0 1 0 0 0 1 8__3-8edge.dat

0 NOFILE

0 FILE 8__3-8cyli.dat
0 Lo-Res Cylinder 0.375

0 Name: 8\3-8cyli.dat

0 Author: Philippe Hurbain [Philo]

0 !LDRAW_ORG 8_Primitive UPDATE 2020-01

0 !LICENSE Licensed under CC BY 4.0 : see CAreadme.txt



0 BFC CERTIFY CCW



0 !HISTORY 2020-06-28 [PTadmin] Official Update 2020-01





4 16 0.7071 0 0.7071 1 0 0 1 1 0 0.7071 1 0.7071

4 16 0 0 1 0.7071 0 0.7071 0.7071 1 0.7071 0 1 1

4 16 -0.7071 0 0.7071 0 0 1 0 1 1 -0.7071 1 0.7071

0 // conditional lines

5 24 1 1 0 1 0 0 1 1 -1 0.7071 1 0.7071

5 24 0.7071 1 0.7071 0.7071 0 0.7071 1 1 0 0 1 1

5 24 0 1 1 0 0 1 0.7071 1 0.7071 -0.7071 1 0.7071

5 24 -0.7071 1 0.7071 -0.7071 0 0.7071 0 1 1 -1.4142 1 0

0 // Build by LDPartEditor (PrimGen 2.X)

0 NOFILE

0 FILE 8__3-8edge.dat
0 Lo-Res Circle 0.375

0 Name: 8\3-8edge.dat

0 Author: Philippe Hurbain [Philo]

0 !LDRAW_ORG 8_Primitive UPDATE 2020-01

0 !LICENSE Licensed under CC BY 4.0 : see CAreadme.txt



0 BFC CERTIFY CCW



0 !HISTORY 2020-06-28 [PTadmin] Official Update 2020-01





2 24 1 0 0 0.7071 0 0.7071

2 24 0.7071 0 0.7071 0 0 1

2 24 0 0 1 -0.7071 0 0.7071

0 // Build by LDPartEditor (PrimGen 2.X)

0 NOFILE

0 FILE 1-16cylo.dat
0 Cylinder Open 0.0625

0 Name: 1-16cylo.dat

0 Author: Max Martin Richter [MMR1988]

0 !LDRAW_ORG Primitive UPDATE 2014-01

0 !LICENSE Licensed under CC BY 4.0 : see CAreadme.txt



0 BFC CERTIFY CCW



0 !HISTORY 2014-06-21 [PTadmin] Official Update 2014-01





1 16 0 0 0 1 0 0 0 1 0 0 0 1 1-16cyli.dat

1 16 0 0 0 1 0 0 0 1 0 0 0 1 1-16edge.dat

1 16 0 1 0 1 0 0 0 1 0 0 0 1 1-16edge.dat

0 NOFILE

0 FILE 1-16edge.dat
0 Circle 0.0625

0 Name: 1-16edge.dat

0 Author: Marc Klein [marckl]

0 !LDRAW_ORG Primitive UPDATE 2017-01

0 !LICENSE Licensed under CC BY 4.0 : see CAreadme.txt



0 BFC CERTIFY CCW



0 !HISTORY 2004-03-02 [PTadmin] Official Update 2004-01

0 !HISTORY 2007-06-22 [PTadmin] Header formatted for Contributor Agreement

0 !HISTORY 2008-07-01 [PTadmin] Official Update 2008-01

0 !HISTORY 2017-01-15 [Steffen] BFCed

0 !HISTORY 2017-12-30 [PTadmin] Official Update 2017-01





2 24 1 0 0 0.9239 0 0.3827

0 NOFILE

0 FILE 1-16cyli.dat
0 Cylinder 0.0625

0 Name: 1-16cyli.dat

0 Author: Marc Klein [marckl]

0 !LDRAW_ORG Primitive UPDATE 2005-01

0 !LICENSE Licensed under CC BY 4.0 : see CAreadme.txt



0 BFC CERTIFY CCW



0 !HISTORY 2004-03-02 [PTadmin] Official Update 2004-01

0 !HISTORY 2004-12-11 [nielsk] Recreated using Primitive Generator, Edge lines fixed, BFC changed to CCW

0 !HISTORY 2005-12-28 [PTadmin] Official Update 2005-01

0 !HISTORY 2007-06-22 [PTadmin] Header formatted for Contributor Agreement

0 !HISTORY 2008-07-01 [PTadmin] Official Update 2008-01





4 16 .9239 1 .3827 .9239 0 .3827 1 0 0 1 1 0

5 24 1 1 0 1 0 0 1 1 -.4142 .9239 1 .3827

5 24 .9239 1 .3827 .9239 0 .3827 1 1 0 .7654 1 .7654

0

0 NOFILE

0 FILE 85861.dat
0 Plate  1 x  1 Round with Open Stud

0 Name: 85861.dat

0 Author: Magnus Forsberg [MagFors]

0 !LDRAW_ORG Part UPDATE 2025-09

0 !LICENSE Licensed under CC BY 4.0 : see CAreadme.txt



0 BFC CERTIFY CCW



0 !HISTORY 2010-04-05 [PTadmin] Official Update 2010-01

0 !HISTORY 2025-09-27 [OrionP] Changed winding to CCW

0 !HISTORY 2025-09-29 [OrionP] Official Update 2025-09



1 16 0 3 0 -1 0 0 0 -1.25 0 0 0 1 stud4.dat

1 16 0 3 0 4 0 0 0 1 0 0 0 4 4-4edge.dat

1 16 0 3 0 -2 0 0 0 -1 0 0 0 2 4-4ring2.dat

1 16 0 3 0 10 0 0 0 1 0 0 0 10 4-4edge.dat

1 16 0 3 0 -2 0 0 0 -1 0 0 0 2 4-4ring4.dat

1 16 0 0 0 10 0 0 0 1 0 0 0 10 4-4edge.dat

1 16 0 0 0 10 0 0 0 3 0 0 0 10 4-4cyli.dat

1 16 0 0 0 6 0 0 0 1 0 0 0 6 4-4edge.dat

1 16 0 0 0 2 0 0 0 1 0 0 0 2 4-4ring4.dat

1 16 0 0 0 2 0 0 0 1 0 0 0 2 4-4ring3.dat

0 BFC INVERTNEXT

1 16 0 0 0 4 0 0 0 3 0 0 0 4 4-4cyli.dat

1 16 0 0 0 1 0 0 0 1 0 0 0 1 stud2a.dat
0 NOFILE

0 FILE 4-4ring4.dat
0 Ring  4 x 1.0

0 Name: 4-4ring4.dat

0 Author: James Jessiman

0 !LDRAW_ORG Primitive UPDATE 2009-01

0 !LICENSE Licensed under CC BY 4.0 : see CAreadme.txt



0 BFC CERTIFY CCW



0 !HISTORY 1998-12-15 [PTadmin] Official Update 1998-10

0 !HISTORY 2002-04-08 [BrickCaster] Modified for BFC compliance

0 !HISTORY 2002-04-25 [PTadmin] Official Update 2002-02

0 !HISTORY 2007-06-24 [PTadmin] Header formatted for Contributor Agreement

0 !HISTORY 2008-07-01 [PTadmin] Official Update 2008-01

0 !HISTORY 2008-08-26 [cwdee] Switch polygon winding and rename

0 !HISTORY 2009-05-02 [PTadmin] Official Update 2009-01





4 16 -1.9135 0 4.6195 -1.5308 0 3.6956 0 0 4 0 0 5

4 16 -3.5355 0 3.5355 -2.8284 0 2.8284 -1.5308 0 3.6956 -1.9135 0 4.6195

4 16 -4.6195 0 1.9135 -3.6956 0 1.5308 -2.8284 0 2.8284 -3.5355 0 3.5355

4 16 -5 0 0 -4 0 0 -3.6956 0 1.5308 -4.6195 0 1.9135

4 16 -4.6195 0 -1.9135 -3.6956 0 -1.5308 -4 0 0 -5 0 0

4 16 -3.5355 0 -3.5355 -2.8284 0 -2.8284 -3.6956 0 -1.5308 -4.6195 0 -1.9135

4 16 -1.9135 0 -4.6195 -1.5308 0 -3.6956 -2.8284 0 -2.8284 -3.5355 0 -3.5355

4 16 0 0 -5 0 0 -4 -1.5308 0 -3.6956 -1.9135 0 -4.6195

4 16 1.9135 0 -4.6195 1.5308 0 -3.6956 0 0 -4 0 0 -5

4 16 3.5355 0 -3.5355 2.8284 0 -2.8284 1.5308 0 -3.6956 1.9135 0 -4.6195

4 16 4.6195 0 -1.9135 3.6956 0 -1.5308 2.8284 0 -2.8284 3.5355 0 -3.5355

4 16 5 0 0 4 0 0 3.6956 0 -1.5308 4.6195 0 -1.9135

4 16 4.6195 0 1.9135 3.6956 0 1.5308 4 0 0 5 0 0

4 16 3.5355 0 3.5355 2.8284 0 2.8284 3.6956 0 1.5308 4.6195 0 1.9135

4 16 1.9135 0 4.6195 1.5308 0 3.6956 2.8284 0 2.8284 3.5355 0 3.5355

4 16 0 0 5 0 0 4 1.5308 0 3.6956 1.9135 0 4.6195

0

0 NOFILE

0 FILE 47905.dat
0 Brick  1 x  1 with Studs on Two Opposite Sides

0 Name: 47905.dat

0 Author: Sven Moritz Hein [smhltec]

0 !LDRAW_ORG Part UPDATE 2025-09

0 !LICENSE Licensed under CC BY 2.0 and CC BY 4.0 : see CAreadme.txt



0 BFC CERTIFY CCW



0 !HISTORY 2004-03-30 [mkennedy] Made BFC compliant

0 !HISTORY 2004-09-15 [PTadmin] Official Update 2004-03

0 !HISTORY 2007-07-09 [PTadmin] Header formatted for Contributor Agreement

0 !HISTORY 2008-07-01 [PTadmin] Official Update 2008-01

0 !HISTORY 2025-09-27 [OrionP] Changed winding to CCW

0 !HISTORY 2025-09-29 [OrionP] Official Update 2025-09



2 24 6 24 6 -6 24 6

2 24 -6 24 -6 6 24 -6

2 24 6 4 6 -6 4 6

2 24 -6 4 -6 6 4 -6

2 24 10 24 10 -10 24 10

2 24 -10 24 -10 10 24 -10

2 24 10 0 10 -10 0 10

2 24 -10 0 -10 10 0 -10

0

0 BFC INVERTNEXT

1 16 0 10 10 0 0 4 4 0 0 0 -4 0 4-4cyli.dat

1 16 0 10 6 0 0 4 4 0 0 0 1 0 4-4edge.dat

1 16 0 10 10 0 0 6 6 0 0 0 1 0 4-4edge.dat

1 16 0 10 6 0 0 4 4 0 0 0 1 0 4-4ndis.dat

1 16 0 10 10 0 0 6 6 0 0 0 -1 0 4-4ndis.dat

0 BFC INVERTNEXT

1 16 0 10 -10 0 0 4 4 0 0 0 4 0 4-4cyli.dat

1 16 0 10 -6 0 0 4 4 0 0 0 1 0 4-4edge.dat

1 16 0 10 -10 0 0 6 6 0 0 0 1 0 4-4edge.dat

1 16 0 10 -6 0 0 4 4 0 0 0 -1 0 4-4ndis.dat

1 16 0 10 -10 0 0 6 6 0 0 0 1 0 4-4ndis.dat

0

4 16 10 24 10 10 24 -10 6 24 -6 6 24 6

4 16 -10 24 10 10 24 10 6 24 6 -6 24 6

4 16 -10 24 -10 -10 24 10 -6 24 6 -6 24 -6

4 16 10 24 -10 -10 24 -10 -6 24 -6 6 24 -6

0

4 16 -10 24 -10 10 24 -10 6 16 -10 -6 16 -10

4 16 -10 0 -10 -10 24 -10 -6 16 -10 -6 4 -10

4 16 10 0 -10 -10 0 -10 -6 4 -10 6 4 -10

4 16 10 24 -10 10 0 -10 6 4 -10 6 16 -10

0

4 16 -6 24 -6 -4 14 -6 4 14 -6 6 24 -6

4 16 -6 4 -6 -4 6 -6 -4 14 -6 -6 24 -6

4 16 6 4 -6 4 6 -6 -4 6 -6 -6 4 -6

4 16 6 24 -6 4 14 -6 4 6 -6 6 4 -6

0

4 16 -6 24 6 6 24 6 4 14 6 -4 14 6

4 16 -6 4 6 -6 24 6 -4 14 6 -4 6 6

4 16 6 4 6 -6 4 6 -4 6 6 4 6 6

4 16 6 24 6 6 4 6 4 6 6 4 14 6

0

4 16 -10 24 10 -6 16 10 6 16 10 10 24 10

4 16 -10 0 10 -6 4 10 -6 16 10 -10 24 10

4 16 10 0 10 6 4 10 -6 4 10 -10 0 10

4 16 10 24 10 6 16 10 6 4 10 10 0 10

0 BFC INVERTNEXT

1 16 0 24 0 0 0 6 0 -20 0 6 0 0 box3u2p.dat

1 16 0 24 0 0 0 10 0 -24 0 10 0 0 box3u2p.dat

0

1 16 0 0 0 0 0 1 0 1 0 -1 0 0 stud.dat

1 16 0 10 -10 0 0 1 1 0 0 0 1 0 stud2a.dat

1 16 0 10 10 0 0 1 1 0 0 0 -1 0 stud2a.dat

0
0 NOFILE

0 FILE box3u2p.dat
0 Box with 3 Faces without 2 Parallel Edges

0 Name: box3u2p.dat

0 Author: Niels Karsdorp [nielsk]

0 !LDRAW_ORG Primitive UPDATE 2012-01

0 !LICENSE Licensed under CC BY 4.0 : see CAreadme.txt



0 BFC CERTIFY CCW



0 !HISTORY 2003-03-12 [PTadmin] Official Update 2003-01

0 !HISTORY 2007-06-24 [PTadmin] Header formatted for Contributor Agreement

0 !HISTORY 2008-07-01 [PTadmin] Official Update 2008-01

0 !HISTORY 2012-02-16 [Philo] Changed to CCW

0 !HISTORY 2012-03-30 [PTadmin] Official Update 2012-01





2 24 1 1 1 -1 1 1

2 24 -1 1 -1 1 1 -1

2 24 1 0 1 -1 0 1

2 24 -1 0 -1 1 0 -1

2 24 1 1 1 1 1 -1

2 24 -1 1 1 -1 1 -1

2 24 1 1 1 1 0 1

2 24 1 1 -1 1 0 -1

2 24 -1 1 1 -1 0 1

2 24 -1 1 -1 -1 0 -1

4 16 -1 1 -1 -1 1 1 1 1 1 1 1 -1

4 16 -1 1 1 -1 0 1 1 0 1 1 1 1

4 16 1 1 -1 1 0 -1 -1 0 -1 -1 1 -1

0 NOFILE

0 FILE 61409.dat
0 ~Slope Brick 18  2 x  1 x  0.667 Grille (Obsolete)

0 Name: 61409.dat

0 Author: Tim Gould [timgould]

0 !LDRAW_ORG Part UPDATE 2025-02

0 !LICENSE Licensed under CC BY 4.0 : see CAreadme.txt



0 BFC CERTIFY CCW



0 !CATEGORY Obsolete

0 !KEYWORDS grille



0 !HISTORY 2008-12-06 [gregteft] Updated geometry to include raised surface

0 !HISTORY 2009-03-30 [gregteft] Updated origin to bottom center

0 !HISTORY 2009-09-03 [PTadmin] Official Update 2009-02

0 !HISTORY 2017-08-08 [cwdee] Updated description

0 !HISTORY 2017-12-30 [PTadmin] Official Update 2017-01

0 !HISTORY 2025-02-12 [MagFors] Obsoleted due to bad geometry

0 !HISTORY 2025-02-27 [OrionP] Official Update 2025-02



1 16 0 -1 0 0 0 -9 0 1 0 19 0 0 box4.dat

1 16 0 -5.6 16 -6 0 0 0 0 5.6 0 1 0 rect.dat

1 16 0 -13 15 -6 0 0 0 .555556 1.8 0 1 -1 rect.dat

1 16 0 -10.9 10 -6 0 0 0 0 -2.1 0 -1 0 rect.dat

1 16 0 -10.6 7 -6 0 0 0 .555556 1.8 0 1 -1 rect.dat

1 16 0 -8.5 2 -6 0 0 0 0 -2.1 0 -1 0 rect.dat

1 16 0 -8.2 -1 -6 0 0 0 .555556 1.8 0 1 -1 rect.dat

1 16 0 -6.1 -6 -6 0 0 0 0 -2.1 0 -1 0 rect.dat

1 16 0 -5.8 -9 -6 0 0 0 .555556 1.8 0 1 -1 rect.dat

1 16 0 -4.9 -14 -6 0 0 0 0 -.9 0 -1 0 rect.dat

1 16 0 -2 -16 -6 0 0 0 0 -2 0 -1 0 rect.dat

1 16 0 -8.24 20 10 0 0 0 0 7.24 0 -1 0 rect.dat

1 16 0 -2.24 -20 10 0 0 0 0 -1.24 0 1 0 rect.dat

1 16 0 -11.2 15 0 0 6 0 -1 0 1 0 0 rect2p.dat

1 16 0 -8.8 8 0 0 6 0 -1 0 2 0 0 rect2p.dat

1 16 0 -6.4 0 0 0 6 0 -1 0 2 0 0 rect2p.dat

1 16 0 -4 -8 0 0 6 0 -1 0 2 0 0 rect2p.dat

1 16 0 -4 -15 0 0 6 0 -1 0 1 0 0 rect2p.dat

2 24 6 0 -16 6 0 16

2 24 -6 0 -16 -6 0 16

2 24 10 -1 -20 10 -1 20

2 24 -10 -1 -20 -10 -1 20

2 24 6 -5.8 -14 6 -7.6 -8

2 24 6 -8.2 -6 6 -10 0

2 24 6 -10.6 2 6 -12.4 8

2 24 6 -13 10 6 -14.8 16

2 24 -6 -5.8 -14 -6 -7.6 -8

2 24 -6 -8.2 -6 -6 -10 0

2 24 -6 -10.6 2 -6 -12.4 8

2 24 -6 -13 10 -6 -14.8 16

2 24 7.5 -4.7 -17.66 -7.5 -4.7 -17.66

2 24 7.5 -15.21 17.38 -7.5 -15.21 17.38

2 24 7.5 -4.7 -17.66 7.5 -15.21 17.38

2 24 -7.5 -4.7 -17.66 -7.5 -15.21 17.38

2 24 8 -14.88 18 -8 -14.88 18

2 24 8 -4.08 -18 8 -14.88 18

2 24 8 -4.08 -18 -8 -4.08 -18

2 24 -8 -4.08 -18 -8 -14.88 18

2 24 8 -14.88 18 7.5 -15.21 17.38

2 24 -8 -14.88 18 -7.5 -15.21 17.38

2 24 8 -4.08 -18 7.5 -4.7 -17.66

2 24 -8 -4.08 -18 -7.5 -4.7 -17.66

2 24 10 -3.48 -20 10 -15.48 20

2 24 -10 -3.48 -20 -10 -15.48 20

4 16 6 0 16 -6 0 16 -9 0 19 9 0 19

4 16 -6 0 -16 6 0 -16 9 0 -19 -9 0 -19

4 16 6 0 -16 6 0 16 9 0 19 9 0 -19

4 16 -6 0 16 -6 0 -16 -9 0 -19 -9 0 19

4 16 9 -1 19 -9 -1 19 -10 -1 20 10 -1 20

4 16 -9 -1 -19 9 -1 -19 10 -1 -20 -10 -1 -20

4 16 9 -1 -19 9 -1 19 10 -1 20 10 -1 -20

4 16 -9 -1 19 -9 -1 -19 -10 -1 -20 -10 -1 20

4 16 6 0 -16 6 -4 -16 6 -4 -6 6 0 -6

4 16 6 0 -6 6 -6.4 -6 6 -6.4 2 6 0 2

4 16 6 0 2 6 -8.8 2 6 -8.8 10 6 0 10

4 16 6 0 10 6 -11.2 10 6 -11.2 16 6 0 16

4 16 6 -4 -14 6 -5.8 -14 6 -7.6 -8 6 -4 -10

4 16 6 -6.4 -6 6 -8.2 -6 6 -10 0 6 -6.4 -2

4 16 6 -8.8 2 6 -10.6 2 6 -12.4 8 6 -8.8 6

4 16 6 -11.2 10 6 -13 10 6 -14.8 16 6 -11.2 14

4 16 -6 0 -6 -6 -4 -6 -6 -4 -16 -6 0 -16

4 16 -6 0 2 -6 -6.4 2 -6 -6.4 -6 -6 0 -6

4 16 -6 0 10 -6 -8.8 10 -6 -8.8 2 -6 0 2

4 16 -6 0 16 -6 -11.2 16 -6 -11.2 10 -6 0 10

4 16 -6 -4 -10 -6 -7.6 -8 -6 -5.8 -14 -6 -4 -14

4 16 -6 -6.4 -2 -6 -10 0 -6 -8.2 -6 -6 -6.4 -6

4 16 -6 -8.8 6 -6 -12.4 8 -6 -10.6 2 -6 -8.8 2

4 16 -6 -11.2 14 -6 -14.8 16 -6 -13 10 -6 -11.2 10

4 16 6 -13 10 -6 -13 10 -6 -12.4 8 6 -12.4 8

4 16 6 -10.6 2 -6 -10.6 2 -6 -10 0 6 -10 0

4 16 6 -8.2 -6 -6 -8.2 -6 -6 -7.6 -8 6 -7.6 -8

4 16 7.5 -15.21 17.38 -7.5 -15.21 17.38 -6 -14.8 16 6 -14.8 16

4 16 7.5 -4.7 -17.66 7.5 -15.21 17.38 6 -14.8 16 6 -5.8 -14

4 16 -7.5 -4.7 -17.66 7.5 -4.7 -17.66 6 -5.8 -14 -6 -5.8 -14

4 16 -6 -5.8 -14 -6 -14.8 16 -7.5 -15.21 17.38 -7.5 -4.7 -17.66

4 16 8 -14.88 18 -8 -14.88 18 -7.5 -15.21 17.38 7.5 -15.21 17.38

4 16 8 -4.08 -18 8 -14.88 18 7.5 -15.21 17.38 7.5 -4.7 -17.66

4 16 -7.5 -4.7 -17.66 -7.5 -15.21 17.38 -8 -14.88 18 -8 -4.08 -18

4 16 -8 -4.08 -18 8 -4.08 -18 7.5 -4.7 -17.66 -7.5 -4.7 -17.66

4 16 10 -15.48 20 -10 -15.48 20 -8 -14.88 18 8 -14.88 18

4 16 10 -3.48 -20 10 -15.48 20 8 -14.88 18 8 -4.08 -18

4 16 -8 -4.08 -18 -8 -14.88 18 -10 -15.48 20 -10 -3.48 -20

4 16 -10 -3.48 -20 10 -3.48 -20 8 -4.08 -18 -8 -4.08 -18

4 16 10 -1 -20 10 -1 20 10 -15.48 20 10 -3.48 -20

4 16 -10 -3.48 -20 -10 -15.48 20 -10 -1 20 -10 -1 -20

0

0 NOFILE

0 FILE box4.dat
0 Box with 4 Faces (2 Parallel Pairs) and All Edges

0 Name: box4.dat

0 Author: James Jessiman

0 !LDRAW_ORG Primitive UPDATE 2012-01

0 !LICENSE Licensed under CC BY 4.0 : see CAreadme.txt



0 BFC CERTIFY CCW



0 !HISTORY 2002-04-03 [sbliss] Modified for BFC compliance

0 !HISTORY 2002-04-25 [PTadmin] Official Update 2002-02

0 !HISTORY 2007-06-24 [PTadmin] Header formatted for Contributor Agreement

0 !HISTORY 2008-07-01 [PTadmin] Official Update 2008-01

0 !HISTORY 2012-02-16 [Philo] Changed to CCW

0 !HISTORY 2012-03-30 [PTadmin] Official Update 2012-01





2 24 1 1 1 -1 1 1

2 24 -1 1 1 -1 1 -1

2 24 -1 1 -1 1 1 -1

2 24 1 1 -1 1 1 1

2 24 1 0 1 -1 0 1

2 24 -1 0 1 -1 0 -1

2 24 -1 0 -1 1 0 -1

2 24 1 0 -1 1 0 1

2 24 1 0 1 1 1 1

2 24 -1 0 1 -1 1 1

2 24 1 0 -1 1 1 -1

2 24 -1 0 -1 -1 1 -1

4 16 -1 1 1 -1 0 1 1 0 1 1 1 1

4 16 -1 1 -1 -1 0 -1 -1 0 1 -1 1 1

4 16 1 1 -1 1 0 -1 -1 0 -1 -1 1 -1

4 16 1 1 1 1 0 1 1 0 -1 1 1 -1

0 NOFILE

0 FILE 32828.dat
0 Plate  1 x  1 Round with Bar

0 Name: 32828.dat

0 Author: Magnus Forsberg [MagFors]

0 !LDRAW_ORG Part UPDATE 2019-01

0 !LICENSE Licensed under CC BY 4.0 : see CAreadme.txt



0 BFC CERTIFY CCW



0 !KEYWORDS espresso, handle



0 !HISTORY 2018-12-08 [PTadmin] Official Update 2018-02

0 !HISTORY 2019-06-03 [MagFors] Reworked transition from plate to bar

0 !HISTORY 2019-06-28 [PTadmin] Official Update 2019-01





1 16 0 3 0 -1 0 0 0 -1.25 0 0 0 1 stud4o.dat

1 16 0 3 0 1.41421 0 -1.41421 0 -1 0 -1.41421 0 -1.41421 3-4ring4.dat

1 16 0 0 0 7.07107 0 -7.07107 0 1 0 7.07107 0 7.07107 3-4edge.dat

1 16 0 3 0 7.07107 0 -7.07107 0 1 0 7.07107 0 7.07107 3-4edge.dat

1 16 0 0 0 7.07107 0 -7.07107 0 3 0 7.07107 0 7.07107 3-4cyli.dat

1 16 0 0 0 6 0 0 0 1 0 0 0 6 4-4edge.dat

1 16 0 0 0 7.07107 0 -7.07107 0 1 0 7.07107 0 7.07107 3-4chrd.dat

1 16 0 0 0 1 0 0 0 1 0 0 0 1 stud2.dat

1 16 0 3 0 5.65685 0 -5.65685 0 5 0 5.65685 0 5.65685 3-4cylo.dat

1 16 30 2 0 0 1 0 0 0 -4 -4 0 0 4-4edge.dat

1 16 30 2 0 0 -12.1421 0 0 0 -4 -4 0 0 4-4cyli.dat

0 BFC INVERTNEXT

1 16 20 2 0 0 10 0 0 0 -2 -2 0 0 4-4cylc.dat

1 16 30 2 0 0 -1 0 0 0 -2 -2 0 0 4-4ring1.dat



1 16 12.7 7.5 0 0 0 2.3 0 -1 0 -2.3 0 0 2-4edge.dat

1 16 12.7 7.5 0 0 0 2.3 0 -2.318 0 -2.3 0 0 2-4cyli.dat

1 16 12.7 7.5 0 0 0 2.3 0 -1 0 -2.3 0 0 2-4chrd.dat



1 16 11.1132 6.34075 2.3 0 0 -1.5868 1.15925 0 0 0 -1 0 rect3.dat

2 24 9.4177 4.8284 2.8284 9.5264 5.1815 2.3

2 24 12.7035 5.182 2.2993 13.5802 5.2985 2.125

2 24 14.3263 5.6316 1.6263 13.5802 5.2985 2.125

2 24 14.3902 5.6955 1.5307 14.3263 5.6316 1.6263

2 24 14.3902 5.6955 1.5307 14.825 5.8249 0.8802

2 24 15 6.0001 0 14.825 5.8249 0.8802

2 24 9.2391 3.5238 3.6956 9.4177 4.8284 2.8284

2 24 10 7.5 0 9.5264 7.5 2.3

4 16 9.5264 7.5 2.3 10 7.5 0 10 8 0 9.2391 8 3.6956

4 16 9.5264 5.1815 2.3 9.5264 7.5 2.3 9.2391 8 3.6956 9.2391 3.5238 3.6956



1 16 11.1132 6.34075 -2.3 0 0 -1.5868 -1.15925 0 0 0 1 0 rect3.dat

2 24 9.4177 4.8284 -2.8284 9.5264 5.1815 -2.3

2 24 12.7035 5.182 -2.2993 13.5802 5.2985 -2.125

2 24 14.3263 5.6316 -1.6263 13.5802 5.2985 -2.125

2 24 14.3902 5.6955 -1.5307 14.3263 5.6316 -1.6263

2 24 14.3902 5.6955 -1.5307 14.825 5.8249 -0.8802

2 24 15 6.0001 0 14.825 5.8249 -0.8802

2 24 9.2391 3.5308 -3.6956 9.4177 4.8284 -2.8284

2 24 10 7.5 0 9.5264 7.5 -2.3

4 16 10 8 0 10 7.5 0 9.5264 7.5 -2.3 9.2391 8 -3.6956

4 16 9.2391 8 -3.6956 9.5264 7.5 -2.3 9.5264 5.1815 -2.3 9.2391 3.5308 -3.6956

4 16 9.5264 7.5 2.3 12.7 7.5 2.3 12.7 7.5 -2.3 9.5264 7.5 -2.3



1 16 17.8579 2 0 0 -8.8579 0 -1.53072 0 3.69548 3.69548 0 1.53072 5-8cyli.dat

1 16 17.8579 2 0 0 -3.716 0 -4 0 0 0 0 4 1-8cyls.dat

1 16 17.8579 2 0 0 -3.716 0 -4 0 0 0 0 -4 1-8cyls.dat

1 16 14.1419 2 0 3.716 1 0 -4 0 0 0 0 4 1-8edge.dat

1 16 14.1419 2 0 3.716 1 0 -4 0 0 0 0 -4 1-8edge.dat

1 16 14.1419 2 0 3.716 1 0 -4 0 0 0 0 4 1-8chrd.dat

1 16 14.1419 2 0 3.716 1 0 -4 0 0 0 0 -4 1-8chrd.dat



4 16 8.0162 8 -5.6568 9.2391 8 -3.6956 9.2391 3.5308 -3.6956 7.9767 3 -5.6569

2 24 16.7695 -0.8284 -2.8284 16 0 -3.392

2 24 7.9767 3 -5.6569 5.6569 3 -5.6569

2 24 5.6569 3 -5.6569 5.6568 8 -5.6568

2 24 5.6568 8 -5.6568 8.0162 8 -5.6568

2 24 8.0162 8 -5.6568 7.9767 3 -5.6569

4 16 5.6569 3 -5.6569 5.6568 8 -5.6568 8.0162 8 -5.6568 7.9767 3 -5.6569



4 16 9.2391 8 -3.6956 8.0162 8 -5.6568 5.6568 8 -5.6568 7.3912 8 -3.0616

4 16 9.2391 8 -3.6956 7.3912 8 -3.0616 8 8 0 10 8 0

2 24 9.3275 0 -3.382 9.2391 0.4692 -3.6956

2 24 16 0 -3.392 9.3275 0 -3.382

2 24 9.0378 2 -4 9.2391 3.5308 -3.6956

2 24 9.2391 0.4692 -3.6956 9.0378 2 -4

2 24 9.2391 0 -3.6956 9.3275 0 -3.382

2 24 7.0711 0 -7.0711 9.2391 0 -3.6956

2 24 7.0711 3 -7.0711 7.9767 3 -5.6569

2 24 8.0162 8 -5.6568 9.2391 8 -3.6956

2 24 9.2391 8 -3.6956 10 8 0

3 16 7.0711 3 -7.0711 5.6569 3 -5.6569 7.9767 3 -5.6569

3 16 7.9767 3 -5.6569 9.2391 3.5308 -3.6956 9.0378 2 -4

4 16 7.0711 3 -7.0711 7.9767 3 -5.6569 9.2391 0 -3.6956 7.0711 0 -7.0711

4 16 9.0378 2 -4 9.2391 0.4692 -3.6956 9.2391 0 -3.6956 7.9767 3 -5.6569

3 16 9.2391 0 -3.6956 9.2391 0.4692 -3.6956 9.3275 0 -3.382

3 16 9.2391 0.4692 -3.6956 17.8579 0.4692 -3.6956 16 0 -3.392

3 16 16 0 -3.392 9.3275 0 -3.382 9.2391 0.4692 -3.6956

4 16 17.8579 -0.8284 -2.8284 16.7695 -0.8284 -2.8284 16 0 -3.392 17.8579 0.4692 -3.6956

3 16 7.0711 0 -7.0711 9.2391 0 -3.6956 9.3275 0 -3.382

5 24 9.2391 0.4692 -3.6956 17.8579 0.4692 -3.6956 9.0378 2 -4 16 0 -3.392

5 24 9.2391 0 -3.6956 9.2391 0.4692 -3.6956 9.3275 0 -3.382 7.9767 3 -5.6569

5 24 9.2391 3.5308 -3.6956 9.2391 8 -3.6956 9.4176 4.8284 -2.8284 7.9767 3 -5.6569

5 24 7.0711 0 -7.0711 7.0711 3 -7.0711 3.8269 0 -9.2391 9.2391 0 -3.6956

5 24 10 7.5 0 10 8 0 9.5264 7.5 -2.3 9.5264 7.5 2.3



0 // other side

4 16 9.2391 3.5238 3.6956 9.2391 8 3.6956 8.0162 8 5.6568 7.9767 3 5.6569

2 24 16.7695 -0.8284 2.8284 16 0 3.392

2 24 5.657 8 5.6568 5.6569 3 5.6569

2 24 5.6569 3 5.6569 7.9767 3 5.6569

2 24 7.9767 3 5.6569 8.0162 8 5.6568

2 24 8.0162 8 5.6568 5.657 8 5.6568

4 16 5.6569 3 5.6569 7.9767 3 5.6569 8.0162 8 5.6568 5.657 8 5.6568



4 16 5.6568 8 5.6568 8.0162 8 5.6568 9.2391 8 3.6956 7.3912 8 3.0616

4 16 8 8 0 7.3912 8 3.0616 9.2391 8 3.6956 10 8 0

2 24 9.3275 0 3.382 9.2391 0.4692 3.6956

2 24 16 0 3.392 9.3275 0 3.382

2 24 9.0378 2 4 9.2391 3.5238 3.6956

2 24 9.2391 0.4692 3.6956 9.0378 2 4

2 24 9.2391 0 3.6956 9.3275 0 3.382

2 24 7.0711 0 7.0711 9.2391 0 3.6956

2 24 7.0711 3 7.0711 7.9767 3 5.6569

2 24 8.0162 8 5.6568 9.2391 8 3.6956

2 24 9.2391 8 3.6956 10 8 0

3 16 5.6569 3 5.6569 7.0711 3 7.0711 7.9767 3 5.6569

3 16 9.2391 3.5238 3.6956 7.9767 3 5.6569 9.0378 2 4

4 16 9.0378 2 4 7.9767 3 5.6569 9.2391 0 3.6956 9.2391 0.4692 3.6956

4 16 7.0711 3 7.0711 7.0711 0 7.0711 9.2391 0 3.6956 7.9767 3 5.6569

3 16 9.2391 0.4692 3.6956 9.2391 0 3.6956 9.3275 0 3.382

3 16 17.8579 0.4692 3.6956 9.2391 0.4692 3.6956 16 0 3.392

3 16 9.3275 0 3.382 16 0 3.392 9.2391 0.4692 3.6956

4 16 16 0 3.392 16.7695 -0.8284 2.8284 17.8579 -0.8284 2.8284 17.8579 0.4692 3.6956

3 16 9.2391 0 3.6956 7.0711 0 7.0711 9.3275 0 3.382

5 24 9.2391 0.4692 3.6956 17.8579 0.4692 3.6956 9.0378 2 4 16 0 3.392

5 24 9.2391 0 3.6956 9.2391 0.4692 3.6956 9.3275 0 3.382 7.9767 3 5.6569

5 24 9.2391 3.5238 3.6956 9.2391 8 3.6956 9.4177 4.8284 2.8284 7.9767 3 5.6569

5 24 7.0711 0 7.0711 7.0711 3 7.0711 3.8269 0 9.2391 9.2391 0 3.6956



3 16 17.8579 -2 0 16.7695 -0.8284 2.8284 16.7695 -0.8284 -2.8284

4 16 16.7695 -0.8284 -2.8284 16.7695 -0.8284 2.8284 16 0 3.392 16 0 -3.392

4 16 7.0711 0 -7.0711 9.3275 0 -3.382 9.3275 0 3.382 7.0711 0 7.0711

2 24 16 0 3.392 16 0 -3.392

5 24 9.2391 0.4692 -3.6956 16 0 -3.392 17.8579 0.4692 -3.6956 9.3275 0 -3.382

5 24 17.8579 0.4692 -3.6956 16 0 -3.392 17.8579 -0.8284 -2.8284 9.2391 0.4692 -3.6956

5 24 9.2391 .4692 3.6956 16 0 3.392 17.8579 .4692 3.6956 9.3275 0 3.382

5 24 17.8579 .4692 3.6956 16 0 3.392 9.2391 .4692 3.6956 17.8579 -.8284 2.8284



0 BFC INVERTNEXT

1 16 13.5 0 0 0 0 1.5 0 2 0 -1.5 0 0 8__2-4cylo.dat

0 BFC INVERTNEXT

1 16 11.5 0 0 0 0 -1.5 0 2 0 -1.5 0 0 8__2-4cylo.dat

1 16 13.5 0 0 0 0 1.5 0 1 0 -1.5 0 0 8__2-4ndis.dat

1 16 11.5 0 0 0 0 -1.5 0 1 0 -1.5 0 0 8__2-4ndis.dat

1 16 13.5 2 0 0 0 1.5 0 1 0 -1.5 0 0 8__2-4chrd.dat

1 16 11.5 2 0 0 0 -1.5 0 1 0 -1.5 0 0 8__2-4chrd.dat

0 BFC INVERTNEXT

1 16 12.5 0 0 1 0 0 0 2 0 0 0 -1.5 box3u8p.dat

4 16 9.3275 0 -3.382 16 0 -3.392 15 0 -1.5 10 0 -1.5

4 16 9.3275 0 -3.382 10 0 -1.5 10 0 1.5 9.3275 0 3.382

4 16 9.3275 0 3.382 10 0 1.5 15 0 1.5 16 0 3.392

4 16 16 0 3.392 15 0 1.5 15 0 -1.5 16 0 -3.392

0 NOFILE

0 FILE box3u8p.dat
0 Box with 3 Faces and 4 Parallel Edges

0 Name: box3u8p.dat

0 Author: James Jessiman

0 !LDRAW_ORG Primitive UPDATE 2012-01

0 !LICENSE Licensed under CC BY 4.0 : see CAreadme.txt



0 BFC CERTIFY CCW



0 !HISTORY 2002-12-13 [hafhead] Made BFC compliant

0 !HISTORY 2003-08-01 [PTadmin] Official Update 2003-02

0 !HISTORY 2007-06-24 [PTadmin] Header formatted for Contributor Agreement

0 !HISTORY 2008-07-01 [PTadmin] Official Update 2008-01

0 !HISTORY 2012-02-16 [Philo] Changed to CCW

0 !HISTORY 2012-03-30 [PTadmin] Official Update 2012-01





2 24 1 1 1 -1 1 1

2 24 -1 1 -1 1 1 -1

2 24 1 0 1 -1 0 1

2 24 -1 0 -1 1 0 -1

4 16 1 1 -1 -1 1 -1 -1 1 1 1 1 1

4 16 -1 1 1 -1 0 1 1 0 1 1 1 1

4 16 1 1 -1 1 0 -1 -1 0 -1 -1 1 -1

0 NOFILE

0 FILE 8__2-4chrd.dat
0 Chord 0.5

0 Name: 8\2-4chrd.dat

0 Author: Magnus Forsberg [MagFors]

0 !LDRAW_ORG 8_Primitive UPDATE 2017-01

0 !LICENSE Licensed under CC BY 4.0 : see CAreadme.txt



0 BFC CERTIFY CCW



0 !HISTORY 2017-12-30 [PTadmin] Official Update 2017-01





3 16 .7071 0 .7071 0 0 1 -.7071 0 .7071

4 16 .7071 0 .7071 -.7071 0 .7071 -1 0 0 1 0 0

0 NOFILE

0 FILE 8__2-4ndis.dat
0 Lo-Res Disc Negative 0.5

0 Name: 8\2-4ndis.dat

0 Author: Magnus Forsberg [MagFors]

0 !LDRAW_ORG 8_Primitive UPDATE 2018-02

0 !LICENSE Licensed under CC BY 4.0 : see CAreadme.txt



0 BFC CERTIFY CCW



0 !HISTORY 2018-12-08 [PTadmin] Official Update 2018-02





3 16 1 0 1 0.7071 0 0.7071 1 0 0

3 16 1 0 1 0 0 1 0.7071 0 0.7071

3 16 -1 0 1 -0.7071 0 0.7071 0 0 1

3 16 -1 0 1 -1 0 0 -0.7071 0 0.7071

0 // Build by Primitive Generator 2

0 NOFILE

0 FILE 8__2-4cylo.dat
0 Cylinder Open 0.5

0 Name: 8\2-4cylo.dat

0 Author: Magnus Forsberg [MagFors]

0 !LDRAW_ORG 8_Primitive UPDATE 2017-01

0 !LICENSE Licensed under CC BY 4.0 : see CAreadme.txt



0 BFC CERTIFY CCW



0 !HISTORY 2017-12-30 [PTadmin] Official Update 2017-01





1 16 0 0 0 1 0 0 0 1 0 0 0 1 8__2-4edge.dat

1 16 0 0 0 1 0 0 0 1 0 0 0 1 8__2-4cyli.dat

1 16 0 1 0 1 0 0 0 1 0 0 0 1 8__2-4edge.dat

0 NOFILE

0 FILE 8__2-4cyli.dat
0 Cylinder 0.5

0 Name: 8\2-4cyli.dat

0 Author: Philippe Hurbain [Philo]

0 !LDRAW_ORG 8_Primitive UPDATE 2016-01

0 !LICENSE Licensed under CC BY 4.0 : see CAreadme.txt



0 BFC CERTIFY CCW



0 !HISTORY 2016-12-31 [PTadmin] Official Update 2016-01





4 16 0.7071 0 0.7071 1 0 0 1 1 0 0.7071 1 0.7071

4 16 0 0 1 0.7071 0 0.7071 0.7071 1 0.7071 0 1 1

4 16 -0.7071 0 0.7071 0 0 1 0 1 1 -0.7071 1 0.7071

4 16 -1 0 0 -0.7071 0 0.7071 -0.7071 1 0.7071 -1 1 0

0 // conditional lines

5 24 1 1 0 1 0 0 1 1 -1 0.7071 1 0.7071

5 24 0.7071 1 0.7071 0.7071 0 0.7071 1 1 0 0 1 1

5 24 0 1 1 0 0 1 0.7071 1 0.7071 -0.7071 1 0.7071

5 24 -0.7071 1 0.7071 -0.7071 0 0.7071 0 1 1 -1 1 0

5 24 -1 1 0 -1 0 0 -0.7071 1 0.7071 -1 1 -1

0 // Build by Primitive Generator 2

0 NOFILE

0 FILE 8__2-4edge.dat
0 Circle 0.5

0 Name: 8\2-4edge.dat

0 Author: Philippe Hurbain [Philo]

0 !LDRAW_ORG 8_Primitive UPDATE 2016-01

0 !LICENSE Licensed under CC BY 4.0 : see CAreadme.txt



0 BFC CERTIFY CCW



0 !HISTORY 2016-12-31 [PTadmin] Official Update 2016-01





2 24 1 0 0 0.7071 0 0.7071

2 24 0.7071 0 0.7071 0 0 1

2 24 0 0 1 -0.7071 0 0.7071

2 24 -0.7071 0 0.7071 -1 0 0

0 // Build by Primitive Generator 2

0 NOFILE

0 FILE 1-8chrd.dat
0 Chord 0.125

0 Name: 1-8chrd.dat

0 Author: Orion Pobursky [OrionP]

0 !LDRAW_ORG Primitive UPDATE 2023-05

0 !LICENSE Licensed under CC BY 4.0 : see CAreadme.txt



0 BFC CERTIFY CCW



0 !HISTORY 2004-04-22 [PTadmin] Official Update 2004-02

0 !HISTORY 2007-06-22 [PTadmin] Header formatted for Contributor Agreement

0 !HISTORY 2008-07-01 [PTadmin] Official Update 2008-01

0 !HISTORY 2023-10-27 [OrionP] Rebuilt with PrimGen2, original author westrate

0 !HISTORY 2023-10-31 [OrionP] Official Update 2023-05



3 16 1 0 0 0.9239 0 0.3827 0.7071 0 0.7071

0 NOFILE

0 FILE 1-8edge.dat
0 Circle 0.125

0 Name: 1-8edge.dat

0 Author: James Jessiman

0 !LDRAW_ORG Primitive UPDATE 2017-01

0 !LICENSE Licensed under CC BY 4.0 : see CAreadme.txt



0 BFC CERTIFY CCW



0 !HISTORY 2007-06-22 [PTadmin] Header formatted for Contributor Agreement

0 !HISTORY 2008-07-01 [PTadmin] Official Update 2008-01

0 !HISTORY 2017-01-15 [Steffen] BFCed

0 !HISTORY 2017-12-30 [PTadmin] Official Update 2017-01





2 24 1 0 0 0.9239 0 0.3827

2 24 0.9239 0 0.3827 0.7071 0 0.7071

0 NOFILE

0 FILE 1-8cyls.dat
0 Cylinder Sloped 0.125

0 Name: 1-8cyls.dat

0 Author: Willy Tschager [Holly-Wood]

0 !LDRAW_ORG Primitive UPDATE 2024-05

0 !LICENSE Licensed under CC BY 4.0 : see CAreadme.txt



0 BFC CERTIFY CCW



0 !HISTORY 2005-12-28 [PTadmin] Official Update 2005-01

0 !HISTORY 2007-06-22 [PTadmin] Header formatted for Contributor Agreement

0 !HISTORY 2008-07-01 [PTadmin] Official Update 2008-01

0 !HISTORY 2012-02-16 [Philo] Changed to CCW

0 !HISTORY 2012-03-30 [PTadmin] Official Update 2012-01

0 !HISTORY 2024-01-14 [Holly-Wood] Complete re-write, original by guyvivan

0 !HISTORY 2024-01-29 [OrionP] Official Update 2024-01

0 !HISTORY 2024-06-06 [Philo] Changed last condline control point to match tangent plane

0 !HISTORY 2024-06-30 [OrionP] Official Update 2024-05



3 16 1 0 0 0.9239 0.0761 0.3827 0.9239 0 0.3827

5 24 0.9239 0 0.3827 0.9239 0.0761 0.3827 0.7071 0 0.7071 1 0 0

4 16 0.9239 0.0761 0.3827 0.7071 0.2929 0.7071 0.7071 0 0.7071 0.9239 0 0.3827

5 24 0.7071 0 0.7071 0.7071 0.2929 0.7071 0.4142 0 1 0.9239 0 0.3827

0 NOFILE

0 FILE 5-8cyli.dat
0 Cylinder 0.625

0 Name: 5-8cyli.dat

0 Author: Mark Kennedy [mkennedy]

0 !LDRAW_ORG Primitive UPDATE 2005-01

0 !LICENSE Licensed under CC BY 4.0 : see CAreadme.txt



0 BFC CERTIFY CCW



0 !HISTORY 2004-04-22 [PTadmin] Official Update 2004-02

0 !HISTORY 2004-12-11 [nielsk] Recreated using Primitive Generator, Edge lines fixed, BFC changed to CCW

0 !HISTORY 2005-12-28 [PTadmin] Official Update 2005-01

0 !HISTORY 2007-06-24 [PTadmin] Header formatted for Contributor Agreement

0 !HISTORY 2008-07-01 [PTadmin] Official Update 2008-01





4 16 .9239 1 .3827 .9239 0 .3827 1 0 0 1 1 0

4 16 .7071 1 .7071 .7071 0 .7071 .9239 0 .3827 .9239 1 .3827

4 16 .3827 1 .9239 .3827 0 .9239 .7071 0 .7071 .7071 1 .7071

4 16 0 1 1 0 0 1 .3827 0 .9239 .3827 1 .9239

4 16 -.3827 1 .9239 -.3827 0 .9239 0 0 1 0 1 1

4 16 -.7071 1 .7071 -.7071 0 .7071 -.3827 0 .9239 -.3827 1 .9239

4 16 -.9239 1 .3827 -.9239 0 .3827 -.7071 0 .7071 -.7071 1 .7071

4 16 -1 1 0 -1 0 0 -.9239 0 .3827 -.9239 1 .3827

4 16 -.9239 1 -.3827 -.9239 0 -.3827 -1 0 0 -1 1 0

4 16 -.7071 1 -.7071 -.7071 0 -.7071 -.9239 0 -.3827 -.9239 1 -.3827

0

5 24 1 1 0 1 0 0 1 1 -.4142 .9239 1 .3827

5 24 .9239 1 .3827 .9239 0 .3827 1 1 0 .7071 1 .7071

5 24 .7071 1 .7071 .7071 0 .7071 .9239 1 .3827 .3827 1 .9239

5 24 .3827 1 .9239 .3827 0 .9239 .7071 1 .7071 0 1 1

5 24 0 1 1 0 0 1 .3827 1 .9239 -.3827 1 .9239

5 24 -.3827 1 .9239 -.3827 0 .9239 0 1 1 -.7071 1 .7071

5 24 -.7071 1 .7071 -.7071 0 .7071 -.3827 1 .9239 -.9239 1 .3827

5 24 -.9239 1 .3827 -.9239 0 .3827 -.7071 1 .7071 -1 1 0

5 24 -1 1 0 -1 0 0 -.9239 1 .3827 -.9239 1 -.3827

5 24 -.9239 1 -.3827 -.9239 0 -.3827 -1 1 0 -.7071 1 -.7071

5 24 -.7071 1 -.7071 -.7071 0 -.7071 -.9239 1 -.3827 -.4142 1 -1

0

0 NOFILE

0 FILE 2-4chrd.dat
0 Chord 0.5

0 Name: 2-4chrd.dat

0 Author: Philippe Hurbain [Philo]

0 !LDRAW_ORG Primitive UPDATE 2014-01

0 !LICENSE Licensed under CC BY 4.0 : see CAreadme.txt



0 BFC CERTIFY CCW



0 !HISTORY 2014-06-21 [PTadmin] Official Update 2014-01





4 16 0.9239 0 0.3827 -0.9239 0 0.3827 -1 0 0 1 0 0

4 16 0.7071 0 0.7071 -0.7071 0 0.7071 -0.9239 0 0.3827 0.9239 0 0.3827

4 16 0.3827 0 0.9239 -0.3827 0 0.9239 -0.7071 0 0.7071 0.7071 0 0.7071

3 16 0 0 1 -0.3827 0 0.9239 0.3827 0 0.9239

0 NOFILE

0 FILE 4-4ring1.dat
0 Ring  1 x 1.0

0 Name: 4-4ring1.dat

0 Author: James Jessiman

0 !LDRAW_ORG Primitive UPDATE 2009-01

0 !LICENSE Licensed under CC BY 4.0 : see CAreadme.txt



0 BFC CERTIFY CCW



0 !HISTORY 1998-12-15 [PTadmin] Official Update 1998-10

0 !HISTORY 2002-04-08 [BrickCaster] Modified for BFC compliance

0 !HISTORY 2002-04-25 [PTadmin] Official Update 2002-02

0 !HISTORY 2007-06-24 [PTadmin] Header formatted for Contributor Agreement

0 !HISTORY 2008-07-01 [PTadmin] Official Update 2008-01

0 !HISTORY 2008-08-26 [cwdee] Switch polygon winding and rename

0 !HISTORY 2009-05-02 [PTadmin] Official Update 2009-01





4 16 -0.7654 0 1.8478 -0.3827 0 0.9239 0 0 1 0 0 2

4 16 -1.4142 0 1.4142 -0.7071 0 0.7071 -0.3827 0 0.9239 -0.7654 0 1.8478

4 16 -1.8478 0 0.7654 -0.9239 0 0.3827 -0.7071 0 0.7071 -1.4142 0 1.41420

4 16 -2 0 0 -1 0 0 -0.9239 0 0.3827 -1.8478 0 0.7654

4 16 -1.8478 0 -0.7654 -0.9239 0 -0.3827 -1 0 0 -2 0 0

4 16 -1.4142 0 -1.4142 -0.7071 0 -0.7071 -0.9239 0 -0.3827 -1.8478 0 -0.7654

4 16 -0.7654 0 -1.8478 -0.3827 0 -0.9239 -0.7071 0 -0.7071 -1.4142 0 -1.4142

4 16 0 0 -2 0 0 -1 -0.3827 0 -0.9239 -0.7654 0 -1.8478

4 16 0.7654 0 -1.8478 0.3827 0 -0.9239 0 0 -1 0 0 -2

4 16 1.4142 0 -1.4142 0.7071 0 -0.7071 0.3827 0 -0.9239 0.7654 0 -1.8478

4 16 1.8478 0 -0.7654 0.9239 0 -0.3827 0.7071 0 -0.7071 1.4142 0 -1.4142

4 16 2 0 0 1 0 0 0.9239 0 -0.3827 1.8478 0 -0.7654

4 16 1.8478 0 0.7654 0.9239 0 0.3827 1 0 0 2 0 0

4 16 1.4142 0 1.4142 0.7071 0 0.7071 0.9239 0 0.3827 1.8478 0 0.7654

4 16 0.7654 0 1.8478 0.3827 0 0.9239 0.7071 0 0.7071 1.4142 0 1.4142

4 16 0 0 2 0 0 1 0.3827 0 0.9239 0.7654 0 1.8478

0

0 NOFILE

0 FILE 4-4cylc.dat
0 Cylinder Closed 1.0

0 Name: 4-4cylc.dat

0 Author: Alex Taylor [anathema]

0 !LDRAW_ORG Primitive UPDATE 2009-02

0 !LICENSE Licensed under CC BY 4.0 : see CAreadme.txt



0 BFC CERTIFY CCW



0 !HISTORY 2008-12-29 [cwdee] Removed one disc

0 !HISTORY 2009-09-03 [PTadmin] Official Update 2009-02





1 16 0 0 0 1 0 0 0 1 0 0 0 1 4-4edge.dat

1 16 0 1 0 1 0 0 0 1 0 0 0 1 4-4edge.dat

1 16 0 0 0 1 0 0 0 1 0 0 0 1 4-4disc.dat

1 16 0 0 0 1 0 0 0 1 0 0 0 1 4-4cyli.dat

0

0 NOFILE

0 FILE 3-4cylo.dat
0 Cylinder Open 0.75

0 Name: 3-4cylo.dat

0 Author: Philippe Hurbain [Philo]

0 !LDRAW_ORG Primitive UPDATE 2011-02

0 !LICENSE Licensed under CC BY 4.0 : see CAreadme.txt



0 BFC CERTIFY CCW



0 !HISTORY 2011-12-29 [PTadmin] Official Update 2011-02





1 16 0 0 0 1 0 0 0 1 0 0 0 1 3-4edge.dat

1 16 0 1 0 1 0 0 0 1 0 0 0 1 3-4edge.dat

1 16 0 0 0 1 0 0 0 1 0 0 0 1 3-4cyli.dat

0 NOFILE

0 FILE 3-4chrd.dat
0 Chord 0.75

0 Name: 3-4chrd.dat

0 Author: Philippe Hurbain [Philo]

0 !LDRAW_ORG Primitive UPDATE 2015-02

0 !LICENSE Licensed under CC BY 4.0 : see CAreadme.txt



0 BFC CERTIFY CCW



0 !HISTORY 2015-12-30 [PTadmin] Official Update 2015-02





3 16 1 0 0 0.9239 0 0.3827 0.7071 0 0.7071

3 16 1 0 0 0.7071 0 0.7071 0.3827 0 0.9239

3 16 1 0 0 0.3827 0 0.9239 0 0 1

3 16 1 0 0 0 0 1 -0.3827 0 0.9239

3 16 1 0 0 -0.3827 0 0.9239 -0.7071 0 0.7071

3 16 1 0 0 -0.7071 0 0.7071 -0.9239 0 0.3827

3 16 1 0 0 -0.9239 0 0.3827 -1 0 0

3 16 1 0 0 -1 0 0 -0.9239 0 -0.3827

3 16 1 0 0 -0.9239 0 -0.3827 -0.7071 0 -0.7071

3 16 1 0 0 -0.7071 0 -0.7071 -0.3827 0 -0.9239

3 16 1 0 0 -0.3827 0 -0.9239 0 0 -1

0 // Build by Primitive Generator 2

0 NOFILE

0 FILE 3-4cyli.dat
0 Cylinder 0.75

0 Name: 3-4cyli.dat

0 Author: James Jessiman

0 !LDRAW_ORG Primitive UPDATE 2005-01

0 !LICENSE Licensed under CC BY 4.0 : see CAreadme.txt



0 BFC CERTIFY CCW



0 !HISTORY 2002-03-23 [sbliss] Added BFC statement; compacted code

0 !HISTORY 2002-04-25 [PTadmin] Official Update 2002-02

0 !HISTORY 2004-12-11 [nielsk] Recreated using Primitive Generator, Edge lines fixed, BFC changed to CCW

0 !HISTORY 2005-12-28 [PTadmin] Official Update 2005-01

0 !HISTORY 2007-06-24 [PTadmin] Header formatted for Contributor Agreement

0 !HISTORY 2008-07-01 [PTadmin] Official Update 2008-01





4 16 .9239 1 .3827 .9239 0 .3827 1 0 0 1 1 0

4 16 .7071 1 .7071 .7071 0 .7071 .9239 0 .3827 .9239 1 .3827

4 16 .3827 1 .9239 .3827 0 .9239 .7071 0 .7071 .7071 1 .7071

4 16 0 1 1 0 0 1 .3827 0 .9239 .3827 1 .9239

4 16 -.3827 1 .9239 -.3827 0 .9239 0 0 1 0 1 1

4 16 -.7071 1 .7071 -.7071 0 .7071 -.3827 0 .9239 -.3827 1 .9239

4 16 -.9239 1 .3827 -.9239 0 .3827 -.7071 0 .7071 -.7071 1 .7071

4 16 -1 1 0 -1 0 0 -.9239 0 .3827 -.9239 1 .3827

4 16 -.9239 1 -.3827 -.9239 0 -.3827 -1 0 0 -1 1 0

4 16 -.7071 1 -.7071 -.7071 0 -.7071 -.9239 0 -.3827 -.9239 1 -.3827

4 16 -.3827 1 -.9239 -.3827 0 -.9239 -.7071 0 -.7071 -.7071 1 -.7071

4 16 0 1 -1 0 0 -1 -.3827 0 -.9239 -.3827 1 -.9239

5 24 1 1 0 1 0 0 1 1 -.4142 .9239 1 .3827

5 24 .9239 1 .3827 .9239 0 .3827 1 1 0 .7071 1 .7071

5 24 .7071 1 .7071 .7071 0 .7071 .9239 1 .3827 .3827 1 .9239

5 24 .3827 1 .9239 .3827 0 .9239 .7071 1 .7071 0 1 1

5 24 0 1 1 0 0 1 .3827 1 .9239 -.3827 1 .9239

5 24 -.3827 1 .9239 -.3827 0 .9239 0 1 1 -.7071 1 .7071

5 24 -.7071 1 .7071 -.7071 0 .7071 -.3827 1 .9239 -.9239 1 .3827

5 24 -.9239 1 .3827 -.9239 0 .3827 -.7071 1 .7071 -1 1 0

5 24 -1 1 0 -1 0 0 -.9239 1 .3827 -.9239 1 -.3827

5 24 -.9239 1 -.3827 -.9239 0 -.3827 -1 1 0 -.7071 1 -.7071

5 24 -.7071 1 -.7071 -.7071 0 -.7071 -.9239 1 -.3827 -.3827 1 -.9239

5 24 -.3827 1 -.9239 -.3827 0 -.9239 -.7071 1 -.7071 0 1 -1

5 24 0 1 -1 0 0 -1 -.3827 1 -.9239 .4142 1 -1

0

0 NOFILE

0 FILE 3-4ring4.dat
0 Ring  4 x 0.75

0 Name: 3-4ring4.dat

0 Author: Willy Tschager [Holly-Wood]

0 !LDRAW_ORG Primitive UPDATE 2024-01

0 !LICENSE Licensed under CC BY 4.0 : see CAreadme.txt



0 BFC CERTIFY CCW



0 !HISTORY 2009-05-02 [PTadmin] Official Update 2009-01

0 !HISTORY 2024-01-22 [Holly-Wood] Complete regeneration, original by guyvivan

0 !HISTORY 2024-01-29 [OrionP] Official Update 2024-01



4 16 5 0 0 4.6195 0 1.9135 3.6956 0 1.5308 4 0 0

4 16 4.6195 0 1.9135 3.5355 0 3.5355 2.8284 0 2.8284 3.6956 0 1.5308

4 16 3.5355 0 3.5355 1.9135 0 4.6195 1.5308 0 3.6956 2.8284 0 2.8284

4 16 1.9135 0 4.6195 0 0 5 0 0 4 1.5308 0 3.6956

4 16 0 0 5 -1.9135 0 4.6195 -1.5308 0 3.6956 0 0 4

4 16 -1.9135 0 4.6195 -3.5355 0 3.5355 -2.8284 0 2.8284 -1.5308 0 3.6956

4 16 -3.5355 0 3.5355 -4.6195 0 1.9135 -3.6956 0 1.5308 -2.8284 0 2.8284

4 16 -4.6195 0 1.9135 -5 0 0 -4 0 0 -3.6956 0 1.5308

4 16 -5 0 0 -4.6195 0 -1.9135 -3.6956 0 -1.5308 -4 0 0

4 16 -4.6195 0 -1.9135 -3.5355 0 -3.5355 -2.8284 0 -2.8284 -3.6956 0 -1.5308

4 16 -3.5355 0 -3.5355 -1.9135 0 -4.6195 -1.5308 0 -3.6956 -2.8284 0 -2.8284

4 16 -1.9135 0 -4.6195 0 0 -5 0 0 -4 -1.5308 0 -3.6956

0 // Build by LDPartEditor (PrimGen 2.X)

0 NOFILE

0 FILE stud4o.dat
0 Stud Tube Open without Outer Cylinder

0 Name: stud4o.dat

0 Author: Magnus Forsberg [MagFors]

0 !LDRAW_ORG Primitive UPDATE 2011-02

0 !LICENSE Licensed under CC BY 4.0 : see CAreadme.txt



0 !HELP This stud is a "antistud" to be used like a underside stud,

0 !HELP but without the outer cylinder.

0 !HELP 1 47 0 0 0 1 0 0 0 1 0 0 0 1 stud4.dat



0 BFC CERTIFY CCW



0 !HISTORY 2011-12-29 [PTadmin] Official Update 2011-02





1 16 0 -4 0 2 0 0 0 1 0 0 0 2 4-4ring3.dat

0 BFC INVERTNEXT

1 16 0 0 0 -6 0 0 0 -4 0 0 0 6 4-4cylc.dat

0 NOFILE

0 FILE 4595.dat
0 Brick  1 x  2 x  0.667 with Studs on Sides

0 Name: 4595.dat

0 Author: James Jessiman

0 !LDRAW_ORG Part UPDATE 2012-01

0 !LICENSE Licensed under CC BY 4.0 : see CAreadme.txt



0 BFC CERTIFY CCW



0 !KEYWORDS camera, minifig accessory



0 !HISTORY 1998-06-20 [PTadmin] Official Update 1998-06

0 !HISTORY 2007-07-08 [PTadmin] Header formatted for Contributor Agreement

0 !HISTORY 2008-07-01 [PTadmin] Official Update 2008-01

0 !HISTORY 2012-03-14 [Steffen] Modified with WINDZ for BFC compliance

0 !HISTORY 2012-03-19 [Philo] Used stud4a and ring primitives, improved description, removed now obsolete cmdline

0 !HISTORY 2012-03-30 [PTadmin] Official Update 2012-01





1 16 0 4 0 1 0 0 0 -3 0 0 0 1 stud3.dat

2 24 6 16 16 6 16 -16

2 24 6 16 16 -6 16 16

2 24 6 16 -16 -6 16 -16

2 24 -6 16 16 -6 16 -16

2 24 10 16 20 10 16 -20

2 24 10 16 20 -10 16 20

2 24 10 16 -20 -10 16 -20

2 24 -10 16 20 -10 16 -20

2 24 6 4 16 6 4 -16

2 24 6 4 16 -6 4 16

2 24 6 4 -16 -6 4 -16

2 24 -6 4 16 -6 4 -16

2 24 6 4 16 6 16 16

2 24 6 4 -16 6 16 -16

2 24 -6 4 16 -6 16 16

2 24 -6 4 -16 -6 16 -16

2 24 10 0 20 10 16 20

2 24 10 0 -20 10 16 -20

2 24 -10 0 20 -10 16 20

2 24 -10 0 -20 -10 16 -20

2 24 10 0 20 10 0 -20

2 24 10 0 20 -10 0 20

2 24 10 0 -20 -10 0 -20

2 24 -10 0 20 -10 0 -20

1 16 0 4 10 4 0 0 0 1 0 0 0 4 4-4edge.dat

1 16 0 4 -10 4 0 0 0 1 0 0 0 4 4-4edge.dat

1 16 0 0 10 6 0 0 0 1 0 0 0 6 4-4edge.dat

1 16 0 0 -10 6 0 0 0 1 0 0 0 6 4-4edge.dat

1 16 10 10 10 0 1 0 6 0 0 0 0 6 4-4edge.dat

1 16 10 10 -10 0 1 0 6 0 0 0 0 6 4-4edge.dat

1 16 6 10 10 0 1 0 4 0 0 0 0 4 4-4edge.dat

1 16 6 10 -10 0 1 0 4 0 0 0 0 4 4-4edge.dat

1 16 -6 10 10 0 1 0 4 0 0 0 0 4 4-4edge.dat

1 16 -6 10 -10 0 1 0 4 0 0 0 0 4 4-4edge.dat

1 16 -10 10 10 0 1 0 6 0 0 0 0 6 4-4edge.dat

1 16 -10 10 -10 0 1 0 6 0 0 0 0 6 4-4edge.dat

1 16 0 10 20 6 0 0 0 0 6 0 1 0 4-4edge.dat

1 16 0 10 16 4 0 0 0 0 4 0 1 0 4-4edge.dat

1 16 0 10 -16 4 0 0 0 0 4 0 1 0 4-4edge.dat

1 16 0 10 -20 6 0 0 0 0 6 0 1 0 4-4edge.dat

1 16 0 10 -28 6 0 0 0 0 6 0 1 0 4-4edge.dat

1 16 0 10 -28 8 0 0 0 0 8 0 1 0 4-4edge.dat

1 16 0 10 -28 -2 0 0 0 0 2 0 -1 0 4-4ring3.dat

1 16 0 10 -30 2 0 0 0 0 2 0 1 0 4-4ring2.dat

1 16 0 10 -30 4 0 0 0 0 4 0 1 0 4-4edge.dat

1 16 0 10 -30 6 0 0 0 0 6 0 1 0 4-4edge.dat

4 16 10 16 20 6 16 16 -6 16 16 -10 16 20

4 16 -10 16 20 -6 16 16 -6 16 -16 -10 16 -20

4 16 -10 16 -20 -6 16 -16 6 16 -16 10 16 -20

4 16 10 16 -20 6 16 -16 6 16 16 10 16 20

1 16 0 4 10 4 0 0 0 -1 0 0 0 -4 4-4ndis.dat

1 16 0 4 -10 4 0 0 0 -1 0 0 0 -4 4-4ndis.dat

4 16 4 4 6 4 4 -6 -4 4 -6 -4 4 6

4 16 6 4 16 4 4 14 -4 4 14 -6 4 16

4 16 -6 4 16 -4 4 14 -4 4 -14 -6 4 -16

4 16 -6 4 -16 -4 4 -14 4 4 -14 6 4 -16

4 16 6 4 -16 4 4 -14 4 4 14 6 4 16

1 16 0 0 10 6 0 0 0 1 0 0 0 6 4-4ndis.dat

1 16 0 0 -10 6 0 0 0 1 0 0 0 6 4-4ndis.dat

4 16 6 0 4 -6 0 4 -6 0 -4 6 0 -4

4 16 10 0 20 -10 0 20 -6 0 16 6 0 16

4 16 -10 0 20 -10 0 -20 -6 0 -16 -6 0 16

4 16 -10 0 -20 10 0 -20 6 0 -16 -6 0 -16

4 16 10 0 -20 10 0 20 6 0 16 6 0 -16

1 16 10 10 10 0 -1 0 6 0 0 0 0 6 4-4ndis.dat

1 16 10 10 -10 0 -1 0 6 0 0 0 0 6 4-4ndis.dat

4 16 10 16 4 10 4 4 10 4 -4 10 16 -4

4 16 10 16 20 10 0 20 10 4 16 10 16 16

4 16 10 0 20 10 0 -20 10 4 -16 10 4 16

4 16 10 0 -20 10 16 -20 10 16 -16 10 4 -16

1 16 6 10 10 0 1 0 4 0 0 0 0 4 4-4ndis.dat

1 16 6 10 -10 0 1 0 4 0 0 0 0 4 4-4ndis.dat

4 16 6 14 6 6 14 -6 6 6 -6 6 6 6

4 16 6 16 16 6 14 14 6 6 14 6 4 16

4 16 6 4 16 6 6 14 6 6 -14 6 4 -16

4 16 6 4 -16 6 6 -14 6 14 -14 6 16 -16

4 16 6 16 -16 6 14 -14 6 14 14 6 16 16

1 16 -6 10 10 0 -1 0 4 0 0 0 0 -4 4-4ndis.dat

1 16 -6 10 -10 0 -1 0 4 0 0 0 0 -4 4-4ndis.dat

4 16 -6 14 6 -6 6 6 -6 6 -6 -6 14 -6

4 16 -6 16 16 -6 4 16 -6 6 14 -6 14 14

4 16 -6 4 16 -6 4 -16 -6 6 -14 -6 6 14

4 16 -6 4 -16 -6 16 -16 -6 14 -14 -6 6 -14

4 16 -6 16 -16 -6 16 16 -6 14 14 -6 14 -14

1 16 -10 10 10 0 1 0 6 0 0 0 0 6 4-4ndis.dat

1 16 -10 10 -10 0 1 0 6 0 0 0 0 6 4-4ndis.dat

4 16 -10 16 4 -10 16 -4 -10 4 -4 -10 4 4

4 16 -10 16 20 -10 16 16 -10 4 16 -10 0 20

4 16 -10 0 20 -10 4 16 -10 4 -16 -10 0 -20

4 16 -10 0 -20 -10 4 -16 -10 16 -16 -10 16 -20

1 16 0 10 20 6 0 0 0 0 6 0 -1 0 4-4ndis.dat

4 16 10 16 20 6 16 20 6 4 20 10 0 20

4 16 10 0 20 6 4 20 -6 4 20 -10 0 20

4 16 -10 0 20 -6 4 20 -6 16 20 -10 16 20

1 16 0 10 16 4 0 0 0 0 4 0 1 0 4-4ndis.dat

4 16 6 16 16 6 4 16 4 6 16 4 14 16

4 16 6 4 16 -6 4 16 -4 6 16 4 6 16

4 16 -6 4 16 -6 16 16 -4 14 16 -4 6 16

4 16 -6 16 16 6 16 16 4 14 16 -4 14 16

1 16 0 10 -16 -4 0 0 0 0 4 0 -1 0 4-4ndis.dat

4 16 6 16 -16 4 14 -16 4 6 -16 6 4 -16

4 16 6 4 -16 4 6 -16 -4 6 -16 -6 4 -16

4 16 -6 4 -16 -4 6 -16 -4 14 -16 -6 16 -16

4 16 -6 16 -16 -4 14 -16 4 14 -16 6 16 -16

1 16 0 10 -20 -6 0 0 0 0 6 0 1 0 4-4ndis.dat

4 16 10 16 -20 10 0 -20 6 4 -20 6 16 -20

4 16 10 0 -20 -10 0 -20 -6 4 -20 6 4 -20

4 16 -10 0 -20 -10 16 -20 -6 16 -20 -6 4 -20

0 BFC INVERTNEXT

1 16 0 0 10 4 0 0 0 4 0 0 0 4 4-4cyli.dat

0 BFC INVERTNEXT

1 16 0 0 -10 4 0 0 0 4 0 0 0 4 4-4cyli.dat

0 BFC INVERTNEXT

1 16 10 10 10 0 -4 0 4 0 0 0 0 4 4-4cyli.dat

0 BFC INVERTNEXT

1 16 10 10 -10 0 -4 0 4 0 0 0 0 4 4-4cyli.dat

0 BFC INVERTNEXT

1 16 -10 10 10 0 4 0 4 0 0 0 0 4 4-4cyli.dat

0 BFC INVERTNEXT

1 16 -10 10 -10 0 4 0 4 0 0 0 0 4 4-4cyli.dat

0 BFC INVERTNEXT

1 16 0 10 16 4 0 0 0 0 4 0 4 0 4-4cyli.dat

0 BFC INVERTNEXT

1 16 0 10 -30 4 0 0 0 0 4 0 14 0 4-4cyli.dat

1 16 0 10 -28 6 0 0 0 0 6 0 8 0 4-4cyli.dat

0 BFC INVERTNEXT

1 16 0 10 -32 6 0 0 0 0 6 0 2 0 4-4cyli.dat

1 16 0 10 -32 8 0 0 0 0 8 0 4 0 4-4cyli.dat

1 16 0 0 10 1 0 0 0 1 0 0 0 1 stud2a.dat

1 16 0 0 -10 1 0 0 0 1 0 0 0 1 stud2a.dat

1 16 10 10 10 0 -1 0 1 0 0 0 0 1 stud2a.dat

1 16 10 10 -10 0 -1 0 1 0 0 0 0 1 stud2a.dat

1 16 -10 10 10 0 1 0 1 0 0 0 0 1 stud2a.dat

1 16 -10 10 -10 0 1 0 1 0 0 0 0 1 stud2a.dat

1 16 0 10 20 1 0 0 0 0 1 0 -1 0 stud2a.dat

1 16 0 10 -32 1 0 0 0 0 -1 0 1 0 stud4a.dat

0 NOFILE

0 FILE stud4a.dat
0 Stud Tube Open without Base Edges

0 Name: stud4a.dat

0 Author: James Jessiman

0 !LDRAW_ORG Primitive UPDATE 2009-02

0 !LICENSE Licensed under CC BY 4.0 : see CAreadme.txt



0 BFC CERTIFY CCW



0 !HISTORY 1999-07-05 [PTadmin] Official Update 1999-05

0 !HISTORY 2002-04-04 [sbliss] Modified for BFC compliance

0 !HISTORY 2002-04-25 [PTadmin] Official Update 2002-02

0 !HISTORY 2007-06-24 [PTadmin] Header formatted for Contributor Agreement

0 !HISTORY 2008-07-01 [PTadmin] Official Update 2008-01

0 !HISTORY 2009-06-21 [cwdee] Update ring references to 4-4ring

0 !HISTORY 2009-09-03 [PTadmin] Official Update 2009-02





1 16 0 -4 0 6 0 0 0 1 0 0 0 6 4-4edge.dat

1 16 0 -4 0 8 0 0 0 1 0 0 0 8 4-4edge.dat

0 BFC INVERTNEXT

1 16 0 -4 0 6 0 0 0 4 0 0 0 6 4-4cyli.dat

1 16 0 -4 0 8 0 0 0 4 0 0 0 8 4-4cyli.dat

1 16 0 -4 0 2 0 0 0 1 0 0 0 2 4-4ring3.dat

0

0 NOFILE

0 FILE 6141.dat
0 Plate  1 x  1 Round

0 Name: 6141.dat

0 Author: James Jessiman

0 !LDRAW_ORG Part UPDATE 2015-01

0 !LICENSE Licensed under CC BY 4.0 : see CAreadme.txt



0 BFC CERTIFY CCW



0 !KEYWORDS BrickLink 4073



0 !HISTORY 1998-06-20 [PTadmin] Official Update 1998-06

0 !HISTORY 2003-01-29 [sbliss] Completed header; BFC'ed; misc cleanup

0 !HISTORY 2003-08-01 [PTadmin] Official Update 2003-02

0 !HISTORY 2007-10-26 [PTadmin] Header formatted for Contributor Agreement

0 !HISTORY 2008-07-01 [PTadmin] Official Update 2008-01

0 !HISTORY 2014-11-29 [Steffen] Renamed from 4073

0 !HISTORY 2014-12-28 [MagFors] Primitive substitution

0 !HISTORY 2015-10-11 [PTadmin] Official Update 2015-01





1 16 0 3 0 -1 0 0 0 -1.25 0 0 0 1 stud4.dat

1 16 0 3 0 -6 0 0 0 -1 0 0 0 6 4-4disc.dat

1 16 0 3 0 -2 0 0 0 -1 0 0 0 2 4-4ring4.dat

1 16 0 0 0 10 0 0 0 3 0 0 0 10 4-4cylo.dat

1 16 0 0 0 2 0 0 0 1 0 0 0 2 4-4ring4.dat

1 16 0 0 0 2 0 0 0 1 0 0 0 2 4-4ring3.dat

1 16 0 0 0 1 0 0 0 1 0 0 0 1 stud.dat

0 NOFILE

0 FILE 4-4cylo.dat
0 Cylinder Open 1.0

0 Name: 4-4cylo.dat

0 Author: Mark Kennedy [mkennedy]

0 !LDRAW_ORG Primitive UPDATE 2010-01

0 !LICENSE Licensed under CC BY 4.0 : see CAreadme.txt



0 BFC CERTIFY CCW



0 !HISTORY 2010-04-05 [PTadmin] Official Update 2010-01





1 16 0 0 0 1 0 0 0 1 0 0 0 1 4-4edge.dat

1 16 0 1 0 1 0 0 0 1 0 0 0 1 4-4edge.dat

1 16 0 0 0 1 0 0 0 1 0 0 0 1 4-4cyli.dat

0
0 NOFILE

0 FILE 18674.dat
0 Plate  2 x  2 Round with  1 Centre Stud

0 Name: 18674.dat

0 Author: Philippe Hurbain [Philo]

0 !LDRAW_ORG Part UPDATE 2015-01

0 !LICENSE Licensed under CC BY 4.0 : see CAreadme.txt



0 BFC CERTIFY CCW



0 !KEYWORDS jumper, offset, spacer, tile



0 !HISTORY 2015-10-11 [PTadmin] Official Update 2015-01





1 16 0 0 0 1 0 0 0 1 0 0 0 1 s__15535s02.dat

1 16 0 0 0 0 0 1 0 1 0 -1 0 0 s__15535s02.dat

1 16 0 0 0 -1 0 0 0 1 0 0 0 -1 s__15535s02.dat

1 16 0 0 0 0 0 -1 0 1 0 1 0 0 s__15535s02.dat

1 16 0 4 0 1 0 0 0 -1 0 0 0 -1 stud4.dat

1 16 0 0 0 1 0 0 0 1 0 0 0 1 stud2a.dat

0 BFC INVERTNEXT

1 16 0 0 0 4 0 0 0 4 0 0 0 4 4-4cyli.dat

1 16 0 4 0 4 0 0 0 1 0 0 0 4 4-4edge.dat

1 16 0 0 0 6 0 0 0 1 0 0 0 6 4-4edge.dat

1 16 0 4 0 2 0 0 0 -1 0 0 0 2 4-4ring2.dat

1 16 0 0 0 6 0 0 0 1 0 0 0 6 4-4ring1.dat

1 16 0 0 0 4 0 0 0 1 0 0 0 4 4-4ring3.dat

1 16 0 0 0 4 0 0 0 1 0 0 0 4 4-4ring4.dat

0 NOFILE

0 FILE s__15535s02.dat
0 ~Tile  2 x  2 Round with Hole - 1/4

0 Name: s\15535s02.dat

0 Author: Max Martin Richter [MMR1988]

0 !LDRAW_ORG Subpart UPDATE 2024-02

0 !LICENSE Licensed under CC BY 4.0 : see CAreadme.txt



0 BFC CERTIFY CCW



0 !HISTORY 2013-12-23 [PTadmin] Official Update 2013-02

0 !HISTORY 2024-03-23 [OrionP] Updated ring primitives

0 !HISTORY 2024-03-24 [OrionP] Official Update 2024-02



1 16 15.08907 6 -7.02397 0.45433 1 0 0 0 2 -0.67982 0 0 rect2p.dat

4 16 15.54341 4 -7.7038 15.54341 8 -7.7038 15.9382 8 -9.68919 15.9382 7 -9.68919

3 16 15.9382 7 -9.68919 15.9382 4 -9.68919 15.54341 4 -7.7038

1 16 15.9691 5.5 -9.8446 0.0309 1 0 0 0 1.5 -0.1554 0 0 rect2p.dat

1 16 15.80725 5.5 -10.96935 0.19275 1 0 0 0 -1.5 0.96935 0 0 rect2p.dat

5 24 16 7 -10 16 4 -10 15.5434 7 -12.2962 15.5434 7 -7.7038

5 24 15.5434 8 -7.7038 15.5434 4 -7.7038 16 8 -10 14.2426 8 -5.7574

2 24 15.9382 8 -9.68919 15.54341 8 -7.7038

2 24 15.54341 4 -7.7038 15.9382 4 -9.68919



1 16 14.70834 6 6.23351 0 1 -0.07361 -2 0 0 0 0 0.110643 rect3.dat

0 BFC INVERTNEXT

1 16 0 4 0 14.78207 0 6.12293 0 4 0 -6.12293 0 14.78207 1-8cylo.dat

1 16 14.70834 6 -6.23351 0 1 -0.07361 -2 0 0 0 0 -0.110643 rect3.dat

5 24 14.7824 8 6.1232 14.7824 4 6.1232 16 8 0 11.3136 8 11.3136

5 24 14.7824 8 -6.1232 14.7824 4 -6.1232 16 8 0 11.3136 8 -11.3136



1 16 16.74585 7.5 8.48008 0 -1 -0.80765 0.5 0 0 0 0 1.20911 rect3.dat

1 16 0 7 0 17.55371 0 7.27099 0 1 0 -7.27099 0 17.55371 1-8cylo.dat

1 16 16.74585 7.5 -8.48008 0 -1 -0.80765 0.5 0 0 0 0 -1.20911 rect3.dat

5 24 17.5541 8 7.2713 17.5541 7 7.2713 19 8 0 13.4349 8 13.4349

5 24 17.5541 8 -7.2713 17.5541 7 -7.2713 19 8 0 13.4349 8 -13.4349



1 16 14.87825 2 13.04035 0 -1 -0.73624 2 0 0 0 0 1.10165 rect1.dat

3 16 15.6145 7 11.9387 15.6145 4 11.9387 18.47737 7 7.65365

4 16 18.47741 0 7.65359 18.47737 7 7.65365 15.6145 4 11.9387 15.6145 0 11.9387

1 16 0 0 0 18.47759 0 7.65367 0 7 0 -7.65367 0 18.47759 1-8cyli.dat

1 16 0 7 0 18.47759 0 7.65367 0 7 0 -7.65367 0 18.47759 1-8edge.dat

4 16 15.6145 0 -11.9387 15.6145 4 -11.9387 18.4776 7 -7.6536 18.47759 0 -7.65367

3 16 18.4776 7 -7.6536 15.6145 4 -11.9387 15.6145 7 -11.9387

1 16 14.87825 2 -13.04035 0 -1 -0.73624 2 0 0 0 0 -1.10165 rect1.dat

5 24 18.478 7 7.654 18.478 0 7.654 20 7 0 14.142 7 14.142

5 24 18.478 7 -7.654 18.478 0 -7.654 20 7 0 14.142 7 -14.142

2 24 18.4776 7 -7.6536 15.6145 7 -11.9387

2 24 15.6145 4 -11.9387 15.6145 7 -11.9387

2 24 18.4776 7 7.6536 15.6145 7 11.9387

2 24 15.6145 4 11.9387 15.6145 7 11.9387



1 16 15.80725 5.5 10.96935 0.19275 1 0 0 0 -1.5 -0.96935 0 0 rect2p.dat

1 16 15.9691 5.5 9.8446 0.0309 1 0 0 0 1.5 0.1554 0 0 rect2p.dat

3 16 15.54341 4 7.7038 15.9382 4 9.68919 15.9382 7 9.68919

4 16 15.9382 7 9.68919 15.9382 8 9.68919 15.54341 8 7.7038 15.54341 4 7.7038

1 16 15.08907 6 7.02397 0.45433 1 0 0 0 2 0.67982 0 0 rect2p.dat

5 24 16 7 10 16 4 10 15.5434 7 12.2962 15.5434 7 7.7038

5 24 15.5434 8 7.7038 15.5434 4 7.7038 16 8 10 14.2426 8 5.7574

2 24 15.9382 8 9.68919 15.54341 8 7.7038

2 24 15.54341 4 7.7038 15.9382 4 9.689191



4 16 15.54341 8 -7.7038 16.62984 8 -6.88833 17.5535 8 -7.27097 15.9382 8 -9.68919

4 16 14.63473 8 -6.34415 14.78196 8 -6.12287 16.62984 8 -6.88833 15.54341 8 -7.7038

1 16 0 8 0 1.84776 0 0.76537 0 -1 0 -0.76537 0 1.84776 1-8ring8.dat

1 16 0 8 0 0.92388 0 0.38268 0 -1 0 -0.38268 0 0.92388 1-8ring18.dat

4 16 15.54341 8 7.7038 16.6297 8 6.88822 14.78196 8 6.12286 14.63474 8 6.34415

4 16 15.9382 8 9.68919 17.5535 8 7.27097 16.6297 8 6.88822 15.54341 8 7.7038



3 16 15.6145 7 -11.9387 16 7 -10 18.4776 7 -7.6536

4 16 16 7 -10 15.9382 7 -9.68919 17.5535 7 -7.27097 18.4776 7 -7.6536

1 16 0 7 0 0.92388 0 0.38268 0 -1 0 -0.38268 0 0.92388 1-8ring19.dat

4 16 18.47737 7 7.65365 17.5535 7 7.27097 15.9382 7 9.68919 16.00001 7 10

3 16 18.47737 7 7.65365 16.00001 7 10 15.6145 7 11.9387



4 16 16 4 10 5.65686 4 5.65686 14.142 4 14.142 15.61449 4 11.9387

4 16 16 4 10 15.5434 4 7.7038 14.63473 4 6.34415 5.65686 4 5.65686

4 16 14.63473 4 6.34415 14.78193 4 6.12288 16 4 0 5.65686 4 5.65686

3 16 5.65686 4 5.65686 16 4 0 11.31372 4 0

3 16 11.31372 4 0 16 4 0 5.65686 4 -5.65686

4 16 5.65686 4 -5.65686 16 4 0 14.78193 4 -6.12288 14.63473 4 -6.34415

4 16 5.65686 4 -5.65686 14.63473 4 -6.34415 15.5434 4 -7.7038 16 4 -10

4 16 15.61449 4 -11.9387 14.142 4 -14.142 5.65686 4 -5.65686 16 4 -10



5 24 14.142 0 14.142 14.142 4 14.142 7.654 0 18.478 18.478 0 7.654

1 16 0 0 0 14.14214 0 14.14214 0 1 0 -14.14214 0 14.14214 1-4edge.dat



1 16 0 4 0 5.65686 0 5.65686 0 -1 0 -5.65686 0 5.65686 1-4ndis.dat



0 NOFILE

0 FILE 1-4ndis.dat
0 Disc Negative 0.25

0 Name: 1-4ndis.dat

0 Author: James Jessiman

0 !LDRAW_ORG Primitive UPDATE 2012-01

0 !LICENSE Licensed under CC BY 4.0 : see CAreadme.txt



0 BFC CERTIFY CCW



0 !HISTORY 2002-03-23 [sbliss] Added BFC Statement

0 !HISTORY 2002-04-25 [PTadmin] Official Update 2002-02

0 !HISTORY 2007-06-22 [PTadmin] Header formatted for Contributor Agreement

0 !HISTORY 2008-07-01 [PTadmin] Official Update 2008-01

0 !HISTORY 2012-02-16 [Philo] Changed to CCW

0 !HISTORY 2012-03-30 [PTadmin] Official Update 2012-01





3 16 0.9239 0 0.3827 1 0 0 1 0 1

3 16 0.7071 0 0.7071 0.9239 0 0.3827 1 0 1

3 16 0.3827 0 0.9239 0.7071 0 0.7071 1 0 1

3 16 0 0 1 0.3827 0 0.9239 1 0 1

0 NOFILE

0 FILE 1-8ring19.dat
0 Ring 19 x 0.125

0 Name: 1-8ring19.dat

0 Author: Willy Tschager [Holly-Wood]

0 !LDRAW_ORG Primitive UPDATE 2024-02

0 !LICENSE Licensed under CC BY 4.0 : see CAreadme.txt



0 BFC CERTIFY CCW



0 !HISTORY 2003-06-13 [pneaster] Fixed part

0 !HISTORY 2009-12-29 [PTadmin] Official Update 2009-03

0 !HISTORY 2012-02-16 [Philo] Changed to CCW

0 !HISTORY 2012-03-30 [PTadmin] Official Update 2012-01

0 !HISTORY 2024-01-30 [Holly-Wood] Complete regeneration, original by jriley

0 !HISTORY 2024-03-24 [OrionP] Official Update 2024-02



4 16 20 0 0 18.478 0 7.654 17.5541 0 7.2713 19 0 0

4 16 18.478 0 7.654 14.142 0 14.142 13.4349 0 13.4349 17.5541 0 7.2713

0 // Build by LDPartEditor (PrimGen 2.X)

0 NOFILE

0 FILE 1-8ring18.dat
0 Ring 18 x 0.125

0 Name: 1-8ring18.dat

0 Author: Willy Tschager [Holly-Wood]

0 !LDRAW_ORG Primitive UPDATE 2024-02

0 !LICENSE Licensed under CC BY 4.0 : see CAreadme.txt



0 BFC CERTIFY CCW



0 !HISTORY 2003-06-13 [pneaster] Fixed part

0 !HISTORY 2010-07-05 [PTadmin] Official Update 2010-02

0 !HISTORY 2012-02-16 [Philo] Changed to CCW

0 !HISTORY 2012-03-30 [PTadmin] Official Update 2012-01

0 !HISTORY 2024-02-06 [Holly-Wood] Complete regeneration, original by jriley

0 !HISTORY 2024-03-24 [OrionP] Official Update 2024-02



4 16 19 0 0 17.5541 0 7.2713 16.6302 0 6.8886 18 0 0

4 16 17.5541 0 7.2713 13.4349 0 13.4349 12.7278 0 12.7278 16.6302 0 6.8886

0 // Build by LDPartEditor (PrimGen 2.X)

0 NOFILE

0 FILE 1-8ring8.dat
0 Ring  8 x 0.125

0 Name: 1-8ring8.dat

0 Author: Paul Easter [pneaster]

0 !LDRAW_ORG Primitive UPDATE 2012-01

0 !LICENSE Licensed under CC BY 4.0 : see CAreadme.txt



0 BFC CERTIFY CCW



0 !HISTORY 2004-04-22 [PTadmin] Official Update 2004-02

0 !HISTORY 2007-06-22 [PTadmin] Header formatted for Contributor Agreement

0 !HISTORY 2008-07-01 [PTadmin] Official Update 2008-01

0 !HISTORY 2012-02-16 [Philo] Changed to CCW

0 !HISTORY 2012-03-30 [PTadmin] Official Update 2012-01





4 16 9 0 0 8.3151 0 3.4443 7.3912 0 3.0616 8 0 0

4 16 8.3151 0 3.4443 6.3639 0 6.3639 5.6568 0 5.6568 7.3912 0 3.0616

0 NOFILE

0 FILE 1-8cylo.dat
0 Cylinder Open 0.125

0 Name: 1-8cylo.dat

0 Author: Tim Gould [timgould]

0 !LDRAW_ORG Primitive UPDATE 2012-03

0 !LICENSE Licensed under CC BY 4.0 : see CAreadme.txt



0 BFC CERTIFY CCW



0 !HISTORY 2012-12-28 [PTadmin] Official Update 2012-03





1 16 0 0 0 1 0 0 0 1 0 0 0 1 1-8edge.dat

1 16 0 1 0 1 0 0 0 1 0 0 0 1 1-8edge.dat

1 16 0 0 0 1 0 0 0 1 0 0 0 1 1-8cyli.dat

0 NOFILE

0 FILE 4032a.dat
0 Plate  2 x  2 Round with Axlehole

0 Name: 4032a.dat

0 Author: James Jessiman

0 !LDRAW_ORG Part UPDATE 2022-02

0 !LICENSE Licensed under CC BY 4.0 : see CAreadme.txt



0 BFC CERTIFY CCW



0 !KEYWORDS BrickLink 4032



0 !HISTORY 2004-03-25 [westrate] Added stud10, replaced quads with primitives, BFCed

0 !HISTORY 2004-11-06 [PTadmin] Official Update 2004-04

0 !HISTORY 2007-06-30 [PTadmin] Header formatted for Contributor Agreement

0 !HISTORY 2008-07-01 [PTadmin] Official Update 2008-01

0 !HISTORY 2010-01-30 [mikeheide] optimized axlehole

0 !HISTORY 2010-01-31 [PTadmin] Renamed from 4032

0 !HISTORY 2010-12-31 [PTadmin] Official Update 2010-03

0 !HISTORY 2022-01-02 [MagFors] Reshaped axlehole, removed surface bleeding

0 !HISTORY 2022-03-06 [PTadmin] Official Update 2022-02





1 16 0 0 0 1 0 0 0 1 0 0 0 1 s__4032s01.dat

1 16 0 0 0 0 0 1 0 1 0 -1 0 0 s__4032s01.dat

1 16 0 0 0 -1 0 0 0 1 0 0 0 -1 s__4032s01.dat

1 16 0 0 0 0 0 -1 0 1 0 1 0 0 s__4032s01.dat

1 16 0 4 0 1 0 0 0 -1 0 0 0 1 stud4a.dat

1 16 0 4 0 8 0 0 0 1 0 0 0 8 4-4edge.dat

1 16 0 4 0 8 0 0 0 -1 0 0 0 8 4-4ndis.dat

1 16 0 4 0 1 0 0 0 1 0 0 0 1 axlehol3.dat

1 16 0 0 0 1 0 0 0 4 0 0 0 1 axl5hol8.dat

1 16 0 0 0 1 0 0 0 1 0 0 0 1 axl5ho10.dat

1 16 0 4 0 0 0 1 0 -1 0 1 0 0 axl5ho10.dat

1 16 0 0 0 1 0 0 0 1 0 0 0 1 axlehol2.dat

1 16 0 0 0 1 0 0 0 1 0 0 0 1 axl5hol9.dat

1 16 0 4 0 1 0 0 0 1 0 0 0 1 axl5hol9.dat

1 16 0 0 0 6 0 0 0 1 0 0 0 6 4-4ndis.dat

1 16 0 0 0 1 0 0 0 1 0 0 0 1 stug10-2x2.dat

0 NOFILE

0 FILE stug10-2x2.dat
0 Stud Group Truncated Laterally Curved 40D for Round 2 x 2 Parts

0 Name: stug10-2x2.dat

0 Author: Magnus Forsberg [MagFors]

0 !LDRAW_ORG Primitive UPDATE 2020-01

0 !LICENSE Licensed under CC BY 4.0 : see CAreadme.txt



0 BFC CERTIFY CCW



0 !HISTORY 2019-06-28 [PTadmin] Official Update 2019-01

0 !HISTORY 2020-06-28 [PTadmin] Official Update 2020-01





0 // activate next lines to add logos on studs

0 // 1 16 10 -4 10 1 0 0 0 1 0 0 0 1 logo5.dat

0 // 1 16 -10 -4 10 1 0 0 0 1 0 0 0 1 logo5.dat

0 // 1 16 -10 -4 -10 1 0 0 0 1 0 0 0 1 logo5.dat

0 // 1 16 10 -4 -10 1 0 0 0 1 0 0 0 1 logo5.dat



1 16 10 0 10 1 0 0 0 1 0 0 0 1 stud10.dat

1 16 -10 0 10 0 0 -1 0 1 0 1 0 0 stud10.dat

1 16 10 0 -10 0 0 1 0 1 0 -1 0 0 stud10.dat

1 16 -10 0 -10 -1 0 0 0 1 0 0 0 -1 stud10.dat

0 NOFILE

0 FILE stud10.dat
0 Stud Truncated Laterally Curved 40D for Round  2 x  2 Parts

0 Name: stud10.dat

0 Author: Orion Pobursky [OrionP]

0 !LDRAW_ORG Primitive UPDATE 2020-01

0 !LICENSE Licensed under CC BY 4.0 : see CAreadme.txt



0 BFC CERTIFY CCW



0 !HISTORY 2004-01-06 [Steffen] Fixed Header

0 !HISTORY 2004-04-22 [PTadmin] Official Update 2004-02

0 !HISTORY 2007-06-24 [PTadmin] Header formatted for Contributor Agreement

0 !HISTORY 2008-07-01 [PTadmin] Official Update 2008-01

0 !HISTORY 2012-02-16 [Philo] Changed to CCW

0 !HISTORY 2012-03-30 [PTadmin] Official Update 2012-01

0 !HISTORY 2018-02-25 [MagFors] Corrected and added cond-lines

0 !HISTORY 2019-06-28 [PTadmin] Official Update 2019-01

0 !HISTORY 2020-06-28 [PTadmin] Official Update 2020-01





2 24 6 0 0 5.6145 0 1.9397

2 24 1.9387 0 5.6145 0 0 6

2 24 5.6145 -4 1.9397 5.6145 0 1.9397

2 24 6 -4 0 5.6145 -4 1.9397

2 24 5.6145 -4 1.9397 4.142 -4 4.142

2 24 4.142 -4 4.142 1.9397 -4 5.6145

2 24 1.9397 -4 5.6145 0 -4 6

2 24 1.9397 -4 5.6145 1.9387 0 5.6145



5 24 4.142 -4 4.142 4.142 0 4.142 1.9397 -4 5.6145 5.6145 -4 1.9397

5 24 6 -4 0 6 0 0 5.5434 -4 -2.2962 5.6145 -4 1.9397

5 24 0 -4 6 0 0 6 1.9397 -4 5.6145 -2.2962 -4 5.5434



1 16 0 -4 0 0 0 -6 0 4 0 6 0 0 3-4cyli.dat

1 16 0 0 0 0 0 -6 0 1 0 6 0 0 3-4edge.dat

1 16 0 -4 0 0 0 -6 0 1 0 6 0 0 3-4edge.dat

1 16 0 -4 0 0 0 -6 0 1 0 6 0 0 3-4disc.dat

3 16 6 -4 0 5.6145 -4 1.9397 0 -4 0

3 16 5.6145 -4 1.9397 4.142 -4 4.142 0 -4 0

3 16 4.142 -4 4.142 1.9397 -4 5.6145 0 -4 0

3 16 1.9397 -4 5.6145 0 -4 6 0 -4 0

4 16 6 0 0 5.6145 0 1.9397 5.6145 -4 1.9397 6 -4 0

4 16 5.6145 0 1.9397 4.142 0 4.142 4.142 -4 4.142 5.6145 -4 1.9397

4 16 4.142 0 4.142 1.9387 0 5.6145 1.9397 -4 5.6145 4.142 -4 4.142

4 16 1.9387 0 5.6145 0 0 6 0 -4 6 1.9397 -4 5.6145

0 NOFILE

0 FILE 3-4disc.dat
0 Disc 0.75

0 Name: 3-4disc.dat

0 Author: James Jessiman

0 !LDRAW_ORG Primitive UPDATE 2002-02

0 !LICENSE Licensed under CC BY 4.0 : see CAreadme.txt



0 BFC CERTIFY CCW



0 !HISTORY 2002-03-23 [sbliss] Added BFC statement

0 !HISTORY 2002-04-25 [PTadmin] Official Update 2002-02

0 !HISTORY 2007-06-24 [PTadmin] Header formatted for Contributor Agreement

0 !HISTORY 2008-07-01 [PTadmin] Official Update 2008-01





3 16 0 0 0 1 0 0 0.9239 0 0.3827

3 16 0 0 0 0.9239 0 0.3827 0.7071 0 0.7071

3 16 0 0 0 0.7071 0 0.7071 0.3827 0 0.9239

3 16 0 0 0 0.3827 0 0.9239 0 0 1

3 16 0 0 0 0 0 1 -0.3827 0 0.9239

3 16 0 0 0 -0.3827 0 0.9239 -0.7071 0 0.7071

3 16 0 0 0 -0.7071 0 0.7071 -0.9239 0 0.3827

3 16 0 0 0 -0.9239 0 0.3827 -1 0 0

3 16 0 0 0 -1 0 0 -0.9239 0 -0.3827

3 16 0 0 0 -0.9239 0 -0.3827 -0.7071 0 -0.7071

3 16 0 0 0 -0.7071 0 -0.7071 -0.3827 0 -0.9239

3 16 0 0 0 -0.3827 0 -0.9239 0 0 -1

0

0 NOFILE

0 FILE axl5hol9.dat
0 Technic Axle Hole Rounded Tooth Outer Edges

0 Name: axl5hol9.dat

0 Author: Magnus Forsberg [MagFors]

0 !LDRAW_ORG Primitive UPDATE 2022-01

0 !LICENSE Licensed under CC BY 4.0 : see CAreadme.txt



0 BFC CERTIFY CCW



0 !HISTORY 2022-01-14 [PTadmin] Official Update 2022-01





2 24 5.6023 0 2 4 0 2

2 24 4 0 2 2.5 0 2.5

2 24 2.5 0 2.5 2 0 4

2 24 2 0 4 2 0 5.6023

2 24 -2 0 5.6023 -2 0 4

2 24 -2 0 4 -2.5 0 2.5

2 24 -2.5 0 2.5 -4 0 2

2 24 -4 0 2 -5.6023 0 2

2 24 -5.6023 0 -2 -4 0 -2

2 24 -4 0 -2 -2.5 0 -2.5

2 24 -2.5 0 -2.5 -2 0 -4

2 24 -2 0 -4 -2 0 -5.6023

2 24 2 0 -5.6023 2 0 -4

2 24 2 0 -4 2.5 0 -2.5

2 24 2.5 0 -2.5 4 0 -2

2 24 4 0 -2 5.6023 0 -2

0 NOFILE

0 FILE axlehol2.dat
0 Technic Axle Hole Side Edges

0 Name: axlehol2.dat

0 Author: James Jessiman

0 !LDRAW_ORG Primitive UPDATE 2022-02

0 !LICENSE Licensed under CC BY 4.0 : see CAreadme.txt



0 BFC CERTIFY CCW



0 !HISTORY 2002-11-08 [OrionP] Adjusted fit and precision

0 !HISTORY 2003-03-12 [PTadmin] Official Update 2003-01

0 !HISTORY 2007-06-24 [PTadmin] Header formatted for Contributor Agreement

0 !HISTORY 2008-07-01 [PTadmin] Official Update 2008-01

0 !HISTORY 2021-12-24 [MagFors] rounded to four decimals

0 !HISTORY 2022-03-06 [PTadmin] Official Update 2022-02





2 24 6 0 0 5.6023 0 2

2 24 2 0 5.6023 0 0 6

2 24 -6 0 0 -5.6023 0 2

2 24 -2 0 5.6023 0 0 6

2 24 6 0 0 5.6023 0 -2

2 24 2 0 -5.6023 0 0 -6

2 24 -6 0 0 -5.6023 0 -2

2 24 -2 0 -5.6023 0 0 -6

0 NOFILE

0 FILE axl5ho10.dat
0 Technic Axle Hole Rounded Tooth Surface
0 Name: axl5ho10.dat
0 Author: Magnus Forsberg [MagFors]
0 !LDRAW_ORG Primitive UPDATE 2022-01
0 !LICENSE Licensed under CC BY 4.0 : see CAreadme.txt

0 BFC CERTIFY CCW

0 !HISTORY 2022-01-14 [PTadmin] Official Update 2022-01


1 16 0 0 0 5.54328 0 -2.2961 0 1 0 2.2961 0 5.54328 1-8chrd.dat
1 16 0 0 0 -2.2961 0 -5.54328 0 1 0 5.54328 0 -2.2961 1-8chrd.dat
1 16 0 0 0 -5.54328 0 2.2961 0 1 0 -2.2961 0 -5.54328 1-8chrd.dat
1 16 0 0 0 2.2961 0 5.54328 0 1 0 -5.54328 0 2.2961 1-8chrd.dat
3 16 5.5433 0 2.2961 2.2961 0 5.5433 2.5 0 2.5
4 16 2.5 0 2.5 4 0 2 5.6023 0 2 5.5433 0 2.2961
4 16 2 0 4 2.5 0 2.5 2.2961 0 5.5433 2 0 5.6023
3 16 -2.5 0 2.5 -2.2961 0 5.5433 -5.5433 0 2.2961
4 16 -2.5 0 2.5 -2 0 4 -2 0 5.6023 -2.2961 0 5.5433
4 16 -5.6023 0 2 -4 0 2 -2.5 0 2.5 -5.5433 0 2.2961
4 16 -4 0 -2 -5.6023 0 -2 -5.5433 0 -2.2961 -2.5 0 -2.5
3 16 -5.5433 0 -2.2961 -2.2961 0 -5.5433 -2.5 0 -2.5
4 16 -2.2961 0 -5.5433 -2 0 -5.6023 -2 0 -4 -2.5 0 -2.5
3 16 2.2961 0 -5.5433 5.5433 0 -2.2961 2.5 0 -2.5
4 16 2 0 -5.6023 2.2961 0 -5.5433 2.5 0 -2.5 2 0 -4
4 16 4 0 -2 2.5 0 -2.5 5.5433 0 -2.2961 5.6023 0 -2
0 NOFILE

0 FILE axl5hol8.dat
0 Technic Axle Hole Rounded Perimeter
0 Name: axl5hol8.dat
0 Author: Magnus Forsberg [MagFors]
0 !LDRAW_ORG Primitive UPDATE 2022-01
0 !LICENSE Licensed under CC BY 4.0 : see CAreadme.txt

0 BFC CERTIFY CCW

0 !HISTORY 2022-01-14 [PTadmin] Official Update 2022-01


4 16 6 1 0 6 0 0 5.6023 0 2 5.6023 1 2
4 16 4 1 2 5.6023 1 2 5.6023 0 2 4 0 2
4 16 4 1 2 4 0 2 2.5 0 2.5 2.5 1 2.5
4 16 2.5 1 2.5 2.5 0 2.5 2 0 4 2 1 4
4 16 2 1 4 2 0 4 2 0 5.6023 2 1 5.6023
4 16 2 0 5.6023 0 0 6 0 1 6 2 1 5.6023
4 16 0 1 6 0 0 6 -2 0 5.6023 -2 1 5.6023
4 16 -2 1 4 -2 1 5.6023 -2 0 5.6023 -2 0 4
4 16 -2 1 4 -2 0 4 -2.5 0 2.5 -2.5 1 2.5
4 16 -2.5 1 2.5 -2.5 0 2.5 -4 0 2 -4 1 2
4 16 -4 1 2 -4 0 2 -5.6023 0 2 -5.6023 1 2
4 16 -5.6023 1 2 -5.6023 0 2 -6 0 0 -6 1 0
4 16 -6 1 0 -6 0 0 -5.6023 0 -2 -5.6023 1 -2
4 16 -5.6023 1 -2 -5.6023 0 -2 -4 0 -2 -4 1 -2
4 16 -4 1 -2 -4 0 -2 -2.5 0 -2.5 -2.5 1 -2.5
4 16 -2.5 1 -2.5 -2.5 0 -2.5 -2 0 -4 -2 1 -4
4 16 -2 1 -4 -2 0 -4 -2 0 -5.6023 -2 1 -5.6023
4 16 -2 0 -5.6023 0 0 -6 0 1 -6 -2 1 -5.6023
4 16 0 1 -6 0 0 -6 2 0 -5.6023 2 1 -5.6023
4 16 2 1 -5.6023 2 0 -5.6023 2 0 -4 2 1 -4
4 16 2 1 -4 2 0 -4 2.5 0 -2.5 2.5 1 -2.5
4 16 2.5 1 -2.5 2.5 0 -2.5 4 0 -2 4 1 -2
4 16 4 1 -2 4 0 -2 5.6023 0 -2 5.6023 1 -2
4 16 5.6023 1 -2 5.6023 0 -2 6 0 0 6 1 0

2 24 5.6023 1 2 5.6023 0 2
2 24 2 1 5.6023 2 0 5.6023
2 24 -2 1 5.6023 -2 0 5.6023
2 24 -5.6023 1 2 -5.6023 0 2
2 24 -5.6023 1 -2 -5.6023 0 -2
2 24 -2 1 -5.6023 -2 0 -5.6023
2 24 2 1 -5.6023 2 0 -5.6023
2 24 5.6023 1 -2 5.6023 0 -2

5 24 6 1 0 6 0 0 5.6023 1 2 5.6023 1 -2
5 24 4 1 2 4 0 2 5.6023 1 2 2.5 1 2.5
5 24 2.5 1 2.5 2.5 0 2.5 2 1 4 4 1 2
5 24 2 1 4 2 0 4 2.5 1 2.5 2 1 5.6023
5 24 0 1 6 0 0 6 2 1 5.6023 -2 1 5.6023
5 24 -2 1 4 -2 0 4 -2 1 5.6023 -2.5 1 2.5
5 24 -2.5 1 2.5 -2.5 0 2.5 -2 1 4 -4 1 2
5 24 -4 1 2 -4 0 2 -2.5 1 2.5 -5.6023 1 2
5 24 -6 1 0 -6 0 0 -5.6023 1 2 -5.6023 1 -2
5 24 -4 1 -2 -4 0 -2 -5.6023 1 -2 -2.5 1 -2.5
5 24 -2.5 1 -2.5 -2.5 0 -2.5 -4 1 -2 -2 1 -4
5 24 -2 1 -4 -2 0 -4 -2.5 1 -2.5 -2 1 -5.6023
5 24 0 1 -6 0 0 -6 -2 1 -5.6023 2 1 -5.6023
5 24 2 1 -4 2 0 -4 2 1 -5.6023 2.5 1 -2.5
5 24 2.5 1 -2.5 2.5 0 -2.5 4 1 -2 2 1 -4
5 24 4 1 -2 4 0 -2 5.6023 1 -2 2.5 1 -2.5
0 NOFILE

0 FILE axlehol3.dat
0 Technic Axle Hole Tooth Outer Edges

0 Name: axlehol3.dat

0 Author: James Jessiman

0 !LDRAW_ORG Primitive UPDATE 2022-02

0 !LICENSE Licensed under CC BY 4.0 : see CAreadme.txt



0 BFC CERTIFY CCW



0 !HISTORY 2002-11-08 [OrionP] Adjusted fit and precision

0 !HISTORY 2003-03-12 [PTadmin] Official Update 2003-01

0 !HISTORY 2007-06-24 [PTadmin] Header formatted for Contributor Agreement

0 !HISTORY 2008-07-01 [PTadmin] Official Update 2008-01

0 !HISTORY 2021-12-24 [MagFors] rounded to four decimals

0 !HISTORY 2022-03-06 [PTadmin] Official Update 2022-02





1 16 0 0 0 5.54328 0 -2.2961 0 1 0 2.2961 0 5.54328 1-8edge.dat

2 24 5.6023 0 2 5.5433 0 2.2961

2 24 2.2961 0 5.5433 2 0 5.6023

1 16 0 0 0 2.2961 0 5.54328 0 1 0 -5.54328 0 2.2961 1-8edge.dat

2 24 2 0 -5.6023 2.2961 0 -5.5433

2 24 5.5433 0 -2.2961 5.6023 0 -2

1 16 0 0 0 -5.54328 0 2.2961 0 1 0 -2.2961 0 -5.54328 1-8edge.dat

2 24 -5.6023 0 -2 -5.5433 0 -2.2961

2 24 -2.2961 0 -5.5433 -2 0 -5.6023

1 16 0 0 0 -2.2961 0 -5.54328 0 1 0 5.54328 0 -2.2961 1-8edge.dat

2 24 -2 0 5.6023 -2.2961 0 5.5433

2 24 -5.5433 0 2.2961 -5.6023 0 2

0 NOFILE

0 FILE s__4032s01.dat
0 ~Plate  2 x  2 Round with Axlehole - Quarter

0 Name: s\4032s01.dat

0 Author: Magnus Forsberg [MagFors]

0 !LDRAW_ORG Subpart UPDATE 2022-02

0 !LICENSE Licensed under CC BY 4.0 : see CAreadme.txt



0 BFC CERTIFY CCW



0 !HISTORY 2022-03-06 [PTadmin] Official Update 2022-02





4 16 8 4 8 16 4 11.36 16 4 -11.36 8 4 -8

4 16 16 4 -11.36 14.142 4 -14.142 11.36 4 -16 8 4 -8

1 16 16 6 0 0 1 0 0 0 -2 11.36 0 0 rect.dat

4 16 18.4774 8 7.6536 18.4776 8 -7.6537 16 8 -11.36 16 8 11.36

1 16 0 8 0 18.4776 0 7.6537 0 -1 0 -7.6537 0 18.4776 1-8chrd.dat

1 16 0 8 0 18.4776 0 7.6537 0 -8 0 -7.6537 0 18.4776 1-8cylo.dat

1 16 0 0 0 18.4776 0 7.6537 0 1 0 -7.6537 0 18.4776 1-8chrd.dat

4 16 18.4774 0 7.6536 18.4774 8 7.6536 16 8 11.36 16 4 11.36

4 16 18.4776 8 -7.6537 18.4776 0 -7.6537 16 4 -11.36 16 8 -11.36

2 24 18.4774 0 7.6536 15.6145 0 11.9397

2 24 18.4776 0 -7.6537 15.6145 0 -11.9387

2 24 18.4774 8 7.6536 16 8 11.36

2 24 18.4776 8 -7.6537 16 8 -11.36

2 24 16 4 -11.36 14.142 4 -14.142

2 24 14.142 4 -14.142 11.36 4 -16

4 16 15.6145 0 -11.9387 15.6145 0 11.9397 6 0 6 6 0 -6

4 16 15.6145 0 -11.9387 18.4776 0 -7.6537 18.4774 0 7.6536 15.6145 0 11.9397

4 16 15.6145 0 -11.9387 14.142 0 -14.142 14.142 4 -14.142 16 4 -11.36

3 16 15.6145 0 -11.9387 16 4 -11.36 18.4776 0 -7.6537

3 16 18.4774 0 7.6536 16 4 11.36 15.6145 0 11.9397

4 16 16 4 11.36 14.142 4 14.142 14.142 0 14.142 15.6145 0 11.9397

5 24 18.4774 0 7.6536 18.4774 8 7.6536 14.142 0 14.142 20.0005 0 .0001

5 24 18.4776 0 -7.6537 18.4776 8 -7.6537 20.0005 0 .0001 14.142 0 -14.142

5 24 14.142 0 14.142 14.142 4 14.142 18.4774 0 7.6536 7.6537 0 18.4776

0 NOFILE

0 FILE 98138.dat
0 Tile  1 x  1 Round with Groove

0 Name: 98138.dat

0 Author: Magnus Forsberg [MagFors]

0 !LDRAW_ORG Part UPDATE 2011-02

0 !LICENSE Licensed under CC BY 4.0 : see CAreadme.txt



0 BFC CERTIFY CCW



0 !HISTORY 2011-12-29 [PTadmin] Official Update 2011-02





1 16 0 0 0 1 0 0 0 1 0 0 0 1 s__98138s01.dat

1 16 0 0 0 9 0 0 0 1 0 0 0 9 4-4disc.dat



0 NOFILE

0 FILE s__98138s01.dat
0 ~Tile  1 x  1 Round with Groove with Partial Top Face

0 Name: s\98138s01.dat

0 Author: Magnus Forsberg [MagFors]

0 !LDRAW_ORG Subpart UPDATE 2020-01

0 !LICENSE Licensed under CC BY 4.0 : see CAreadme.txt



0 BFC CERTIFY CCW



0 !HISTORY 2011-12-29 [PTadmin] Official Update 2011-02

0 !HISTORY 2016-06-17 [MagFors] Reduced the rounded edge to 0.5 ldu

0 !HISTORY 2016-12-31 [PTadmin] Official Update 2016-01

0 !HISTORY 2019-06-17 [MagFors] Removed the rounded edge

0 !HISTORY 2019-07-19 [MagFors] Subfiled without top surface

0 !HISTORY 2020-06-28 [PTadmin] Official Update 2020-01





1 16 0 0 0 1 0 0 0 1 0 0 0 1 s__98138s02.dat

1 16 0 0 0 1 0 0 0 1 0 0 0 1 4-4ring9.dat

0 NOFILE

0 FILE 4-4ring9.dat
0 Ring  9 x 1.0

0 Name: 4-4ring9.dat

0 Author: Magnus Forsberg [MagFors]

0 !LDRAW_ORG Primitive UPDATE 2024-01

0 !LICENSE Licensed under CC BY 4.0 : see CAreadme.txt



0 BFC CERTIFY CCW



0 !HISTORY 2004-04-22 [PTadmin] Official Update 2004-02

0 !HISTORY 2007-06-24 [PTadmin] Header formatted for Contributor Agreement

0 !HISTORY 2008-07-01 [PTadmin] Official Update 2008-01

0 !HISTORY 2024-01-04 [MagFors] Complete regeneration, original by jriley

0 !HISTORY 2024-01-29 [OrionP] Official Update 2024-01



4 16 10 0 0 9.239 0 3.827 8.3151 0 3.4443 9 0 0

4 16 9.239 0 3.827 7.071 0 7.071 6.3639 0 6.3639 8.3151 0 3.4443

4 16 7.071 0 7.071 3.827 0 9.239 3.4443 0 8.3151 6.3639 0 6.3639

4 16 3.827 0 9.239 0 0 10 0 0 9 3.4443 0 8.3151

4 16 0 0 10 -3.827 0 9.239 -3.4443 0 8.3151 0 0 9

4 16 -3.827 0 9.239 -7.071 0 7.071 -6.3639 0 6.3639 -3.4443 0 8.3151

4 16 -7.071 0 7.071 -9.239 0 3.827 -8.3151 0 3.4443 -6.3639 0 6.3639

4 16 -9.239 0 3.827 -10 0 0 -9 0 0 -8.3151 0 3.4443

4 16 -10 0 0 -9.239 0 -3.827 -8.3151 0 -3.4443 -9 0 0

4 16 -9.239 0 -3.827 -7.071 0 -7.071 -6.3639 0 -6.3639 -8.3151 0 -3.4443

4 16 -7.071 0 -7.071 -3.827 0 -9.239 -3.4443 0 -8.3151 -6.3639 0 -6.3639

4 16 -3.827 0 -9.239 0 0 -10 0 0 -9 -3.4443 0 -8.3151

4 16 0 0 -10 3.827 0 -9.239 3.4443 0 -8.3151 0 0 -9

4 16 3.827 0 -9.239 7.071 0 -7.071 6.3639 0 -6.3639 3.4443 0 -8.3151

4 16 7.071 0 -7.071 9.239 0 -3.827 8.3151 0 -3.4443 6.3639 0 -6.3639

4 16 9.239 0 -3.827 10 0 0 9 0 0 8.3151 0 -3.4443

0 // Build by LDPartEditor (PrimGen 2.X)
0 NOFILE

0 FILE s__98138s02.dat
0 ~Tile  1 x  1 Round with Groove without Complete Top Face

0 Name: s\98138s02.dat

0 Author: Magnus Forsberg [MagFors]

0 !LDRAW_ORG Subpart UPDATE 2020-01

0 !LICENSE Licensed under CC BY 4.0 : see CAreadme.txt



0 BFC CERTIFY CCW



0 !HISTORY 2020-06-28 [PTadmin] Official Update 2020-01





1 16 0 4 0 1 0 0 0 -1 0 0 0 1 stud4o.dat

1 16 0 8 0 -1 0 0 0 -1 0 0 0 1 4-4ring8.dat

1 16 0 7 0 9 0 0 0 1 0 0 0 9 4-4cylo.dat

1 16 0 7 0 -1 0 0 0 -1 0 0 0 1 4-4ring9.dat

1 16 0 0 0 10 0 0 0 7 0 0 0 10 4-4cylo.dat

0 NOFILE

0 FILE 3794b.dat
0 Plate  1 x  2 with Groove with 1 Centre Stud

0 Name: 3794b.dat

0 Author: Magnus Forsberg [MagFors]

0 !LDRAW_ORG Part UPDATE 2011-02

0 !LICENSE Licensed under CC BY 4.0 : see CAreadme.txt



0 BFC CERTIFY CCW



0 !KEYWORDS jumper, offset, spacer, tile



0 !HISTORY 2011-12-29 [PTadmin] Official Update 2011-02





1 16 0 4 0 1 0 0 0 -1 0 0 0 1 stud3.dat

0 BFC INVERTNEXT

1 16 0 8 0 16 0 0 0 -4 0 0 0 6 box5.dat

4 16 19 8 9 16 8 6 -16 8 6 -19 8 9

4 16 -19 8 9 -16 8 6 -16 8 -6 -19 8 -9

4 16 -19 8 -9 -16 8 -6 16 8 -6 19 8 -9

4 16 19 8 -9 16 8 -6 16 8 6 19 8 9

1 16 0 8 0 19 0 0 0 -1 0 0 0 9 box4.dat

4 16 20 7 10 19 7 9 -19 7 9 -20 7 10

4 16 -20 7 10 -19 7 9 -19 7 -9 -20 7 -10

4 16 -20 7 -10 -19 7 -9 19 7 -9 20 7 -10

4 16 20 7 -10 19 7 -9 19 7 9 20 7 10

1 16 0 7 0 20 0 0 0 -7 0 0 0 10 box5.dat

1 16 0 0 0 1 0 0 0 1 0 0 0 1 stud2.dat

0 NOFILE

0 FILE 30176.dat
0 Plant Brick  1 x  1 Round with 3 Bamboo Leaves

0 Name: 30176.dat

0 Author: Tore Eriksson [Tore_Eriksson]

0 !LDRAW_ORG Part UPDATE 2010-03

0 !LICENSE Licensed under CC BY 4.0 : see CAreadme.txt



0 BFC CERTIFY CCW



0 !HISTORY 2010-02-26 [Philo] Updated to use Lego Universe Team leaf

0 !HISTORY 2010-12-31 [PTadmin] Official Update 2010-03





1 16 0 0 0 1 0 0 0 1 0 0 0 1 3062b.dat

1 16 0 8 0 0.643 0 0.766 0 1 0 -0.766 0 0.643 s__30176s01.dat

1 16 0 8 0 0.643 0 -0.766 0 1 0 -0.766 0 -0.643 s__30176s01.dat

1 16 0 12 0 1 0 0 0 1 0 0 0 1 s__30176s01.dat

1 16 0 12 0 1 0 0 0 1 0 0 0 -1 s__30176s01.dat

1 16 0 4 0 0.643 0 -0.766 0 1 0 0.766 0 0.643 s__30176s01.dat

1 16 0 4 0 0.643 0 0.766 0 1 0 0.766 0 -0.643 s__30176s01.dat

2 24 9.855 13.755 0.727 9.733 13.343 1.343

2 24 9.651 12.727 1.755 9.733 13.343 1.343

2 24 9.622 12 1.9 9.651 12.727 1.755

2 24 9.651 11.273 1.755 9.622 12 1.9

2 24 9.733 10.657 1.343 9.651 11.273 1.755

2 24 10 13.9 0 9.855 13.755 0.727

2 24 9.855 10.245 0.727 9.733 10.657 1.343

2 24 10 10.1 0 9.855 10.245 0.727

2 24 7.345 5.343 6.661 7.071 5.66 7.071

2 24 7.584 4.727 6.304 7.345 5.343 6.661

2 24 7.667 4 6.179 7.584 4.727 6.304

2 24 7.345 2.657 6.661 7.584 3.273 6.304

2 24 7.345 2.657 6.661 7.071 2.34 7.071

2 24 7.584 3.273 6.304 7.667 4 6.179

2 24 5.735 5.755 7.964 6.344 5.9 7.557

2 24 5.22 5.343 8.308 5.735 5.755 7.964

2 24 4.875 4.727 8.538 5.22 5.343 8.308

2 24 4.754 4 8.619 4.875 4.727 8.538

2 24 4.875 3.273 8.538 4.754 4 8.619

2 24 5.22 2.657 8.308 4.875 3.273 8.538

2 24 5.22 2.657 8.308 5.735 2.245 7.964

2 24 5.735 2.245 7.964 6.344 2.1 7.557

2 24 6.344 5.9 7.557 6.952 5.755 7.151

2 24 6.952 5.755 7.151 7.071 5.66 7.071

2 24 6.952 2.245 7.151 7.071 2.34 7.071

2 24 6.344 2.1 7.557 6.952 2.245 7.151

2 24 6.344 9.9 -7.557 6.952 9.755 -7.151

2 24 6.952 9.755 -7.151 7.071 9.66 -7.071

2 24 6.952 6.245 -7.151 7.071 6.34 -7.071

2 24 6.344 6.1 -7.557 6.952 6.245 -7.151

2 24 5.735 9.755 -7.964 6.344 9.9 -7.557

2 24 5.22 9.343 -8.308 5.735 9.755 -7.964

2 24 5.735 6.245 -7.964 6.344 6.1 -7.557

2 24 4.875 8.727 -8.538 5.22 9.343 -8.308

2 24 4.754 8 -8.619 4.875 8.727 -8.538

2 24 4.875 7.273 -8.538 4.754 8 -8.619

2 24 5.22 6.657 -8.308 4.875 7.273 -8.538

2 24 5.22 6.657 -8.308 5.735 6.245 -7.964

2 24 7.071 9.66 -7.071 7.345 9.343 -6.661

2 24 7.584 8.727 -6.304 7.345 9.343 -6.661

2 24 7.667 8 -6.179 7.584 8.727 -6.304

2 24 7.584 7.273 -6.304 7.667 8 -6.179

2 24 7.345 6.657 -6.661 7.584 7.273 -6.304

2 24 7.071 6.34 -7.071 7.345 6.657 -6.661

2 24 9.855 13.755 -0.727 10 13.9 0

2 24 9.733 13.343 -1.343 9.855 13.755 -0.727

2 24 9.651 12.727 -1.755 9.733 13.343 -1.343

2 24 9.622 12 -1.9 9.651 12.727 -1.755

2 24 9.651 11.273 -1.755 9.622 12 -1.9

2 24 9.733 10.657 -1.343 9.651 11.273 -1.755

2 24 9.733 10.657 -1.343 9.855 10.245 -0.727

2 24 9.855 10.245 -0.727 10 10.1 0

0 NOFILE

0 FILE s__30176s01.dat
0 ~Bamboo Leaf

0 Name: s\30176s01.dat

0 Author: Philippe Hurbain [Philo]

0 !LDRAW_ORG Subpart UPDATE 2010-03

0 !LICENSE Licensed under CC BY 4.0 : see CAreadme.txt



0 BFC CERTIFY CCW



0 !HISTORY 2009-10-13 {LEGO Universe Team} Original part shape

0 !HISTORY 2010-02-26 [Philo] File preparation for LDraw Parts Tracker

0 !HISTORY 2010-12-31 [PTadmin] Official Update 2010-03





1 16 19.5 0 0 0 -10 0 1.9 0 0 0 0 1.9 2-4cyli.dat

1 16 19.5 0 0 0 1.9 0 1.9 0 0 0 0 1.9 2-8sphe.dat

4 16 45.4 4.27 1.858 45.5 3.65 2.998 47.28 4.78 1.888 47.54 5.93 0

4 16 20.05 -1.25 5.59 20.05 -1.74 5.59 25.36 -1.61 5.603 25.35 -1.13 5.603

4 16 25.35 -1.13 5.603 25.33 -0.68 5.5 20.06 -0.8 5.487 20.05 -1.25 5.59

4 16 25.33 -0.68 5.5 25.31 -0.33 5.207 20.06 -0.45 5.194 20.06 -0.8 5.487

4 16 25.31 -0.33 5.207 25.29 -0.14 4.787 20.06 -0.27 4.776 20.06 -0.45 5.194

4 16 25.42 -2.6 4.518 25.41 -2.42 5.188 20.04 -2.55 5.174 20.04 -2.74 4.502

4 16 25.41 -2.42 5.188 25.39 -2.06 5.493 20.05 -2.2 5.48 20.04 -2.55 5.174

4 16 25.39 -2.06 5.493 25.36 -1.61 5.603 20.05 -1.74 5.59 20.05 -2.2 5.48

4 16 30.64 -0.68 5.479 25.35 -1.13 5.603 25.36 -1.61 5.603 30.67 -1.12 5.478

4 16 41.06 0.92 4.578 41.05 1.23 4.579 35.89 0.09 5.112 35.92 -0.3 5.11

4 16 17.83 -0.67 4.284 17.4 -0.42 3.082 17.31 -0.76 3.111 17.76 -1.04 4.362

3 16 45.92 1.59 2.231 45.92 2.35 0.653 47.53 2.77 0.824

3 16 45.92 1.59 2.231 41.18 -0.04 3.371 41.19 0.35 1.938

4 16 30.74 -0.92 0.644 30.74 -1.58 1.932 25.44 -2.06 1.93 25.44 -1.4 0.641

4 16 30.74 -1.58 1.932 30.74 -1.93 3.354 25.44 -2.41 3.351 25.44 -2.06 1.93

3 16 41.18 -0.04 3.371 36 -1.27 3.967 36.02 -1.13 3.357

4 16 25.44 -2.06 1.93 25.44 -2.41 3.351 19.96 -2.53 3.348 19.88 -2.19 1.927

3 16 18.18 -2.44 2.984 18.96 -2.54 3.347 17.89 -2.28 3.538

4 16 18.97 -2.19 1.926 19.88 -2.19 1.927 19.96 -2.53 3.348 18.96 -2.54 3.347

4 16 19.8 -1.47 0.738 25.44 -1.4 0.641 19.88 -2.19 1.927 18.97 -2.19 1.926

3 16 20.06 -0.27 4.776 25.29 -0.14 4.787 25.29 0.61 1.847

3 16 19.8 0.6 1.666 20.06 -0.27 4.776 25.29 0.61 1.847

3 16 30.49 0.3 4.681 35.65 1.05 4.366 35.62 1.85 1.852

3 16 30.48 1.05 1.85 30.49 0.3 4.681 35.62 1.85 1.852

4 16 25.29 -0.14 4.787 30.49 0.3 4.681 30.48 1.05 1.85 25.29 0.61 1.847

3 16 40.7 3.92 0 35.62 1.85 1.852 40.7 2.9 1.855

3 16 35.62 2.81 0 35.62 1.85 1.852 40.7 3.92 0

3 16 40.74 2.15 3.907 45.5 3.65 2.998 45.4 4.27 1.858

3 16 40.7 2.9 1.855 40.74 2.15 3.907 45.4 4.27 1.858

4 16 19.8 0.6 1.666 25.29 0.61 1.847 25.3 1.57 0 19.8 1.47 0

4 16 30.48 2.02 0 25.3 1.57 0 25.29 0.61 1.847 30.48 1.05 1.85

4 16 35.62 2.81 0 30.48 2.02 0 30.48 1.05 1.85 35.62 1.85 1.852

3 16 40.7 2.9 1.855 45.4 4.27 1.858 45.4 5.25 0

3 16 40.7 3.92 0 40.7 2.9 1.855 45.4 5.25 0

3 16 45.4 5.25 0 45.4 4.27 1.858 47.54 5.93 0

3 16 48.06 3.98 1.862 47.9 4.33 1.975 45.94 3.16 3.401

3 16 46.11 2.8 3.405 48.06 3.98 1.862 45.94 3.16 3.401

3 16 47.9 4.33 1.975 47.64 4.61 1.982 45.72 3.45 3.258

3 16 45.94 3.16 3.401 47.9 4.33 1.975 45.72 3.45 3.258

3 16 46.05 2.51 3.434 46.17 2.07 3.248 48.17 3.31 1.529

3 16 48.12 3.72 1.745 46.05 2.51 3.434 48.17 3.31 1.529

3 16 46.17 2.07 3.248 46.16 1.74 2.891 48.03 2.97 1.244

3 16 48.17 3.31 1.529 46.17 2.07 3.248 48.03 2.97 1.244

3 16 46.16 1.74 2.891 45.92 1.59 2.231 47.53 2.77 0.824

3 16 48.03 2.97 1.244 46.16 1.74 2.891 47.53 2.77 0.824

3 16 48.12 3.72 1.745 48.06 3.98 1.862 46.11 2.8 3.405

3 16 46.05 2.51 3.434 48.12 3.72 1.745 46.11 2.8 3.405

3 16 47.64 4.61 1.982 47.28 4.78 1.888 45.5 3.65 2.998

3 16 45.72 3.45 3.258 47.64 4.61 1.982 45.5 3.65 2.998

3 16 48.12 3.72 1.745 48.17 3.31 1.529 48.79 4.44 0

3 16 48.88 5 0 48.12 3.72 1.745 48.79 4.44 0

3 16 48.84 5.26 0 47.9 4.33 1.975 48.06 3.98 1.862

3 16 48.56 5.72 0 47.9 4.33 1.975 48.84 5.26 0

3 16 46.11 2.8 3.405 45.94 3.16 3.401 40.94 1.62 4.495

3 16 41.05 1.23 4.579 46.11 2.8 3.405 40.94 1.62 4.495

3 16 47.64 4.61 1.982 47.9 4.33 1.975 48.56 5.72 0

3 16 48.07 5.97 0 47.64 4.61 1.982 48.56 5.72 0

3 16 45.94 3.16 3.401 45.72 3.45 3.258 40.83 1.95 4.26

3 16 40.94 1.62 4.495 45.94 3.16 3.401 40.83 1.95 4.26

4 16 35.81 0.51 5.022 35.89 0.09 5.112 41.05 1.23 4.579 40.94 1.62 4.495

3 16 40.94 1.62 4.495 40.83 1.95 4.26 35.72 0.85 4.756

3 16 35.81 0.51 5.022 40.94 1.62 4.495 35.72 0.85 4.756

3 16 48.07 5.97 0 47.54 5.93 0 47.28 4.78 1.888

3 16 47.64 4.61 1.982 48.07 5.97 0 47.28 4.78 1.888

3 16 45.72 3.45 3.258 45.5 3.65 2.998 40.74 2.15 3.907

3 16 40.83 1.95 4.26 45.72 3.45 3.258 40.74 2.15 3.907

3 16 40.83 1.95 4.26 40.74 2.15 3.907 35.65 1.05 4.366

3 16 35.72 0.85 4.756 40.83 1.95 4.26 35.65 1.05 4.366

3 16 30.59 -0.24 5.38 35.89 0.09 5.112 35.81 0.51 5.022

3 16 30.64 -0.68 5.479 35.89 0.09 5.112 30.59 -0.24 5.38

4 16 30.64 -0.68 5.479 30.59 -0.24 5.38 25.33 -0.68 5.5 25.35 -1.13 5.603

3 16 35.81 0.51 5.022 35.72 0.85 4.756 30.54 0.11 5.093

3 16 30.59 -0.24 5.38 35.81 0.51 5.022 30.54 0.11 5.093

4 16 30.59 -0.24 5.38 30.54 0.11 5.093 25.31 -0.33 5.207 25.33 -0.68 5.5

3 16 35.72 0.85 4.756 35.65 1.05 4.366 30.49 0.3 4.681

3 16 30.54 0.11 5.093 35.72 0.85 4.756 30.49 0.3 4.681

3 16 30.54 0.11 5.093 30.49 0.3 4.681 25.29 -0.14 4.787

3 16 25.31 -0.33 5.207 30.54 0.11 5.093 25.29 -0.14 4.787

3 16 47.91 3.48 0 48.54 3.96 0 48.03 2.97 1.244

3 16 47.53 2.77 0.824 47.91 3.48 0 48.03 2.97 1.244

3 16 41.23 0.09 4.087 41.18 -0.04 3.371 45.92 1.59 2.231

3 16 46.16 1.74 2.891 41.23 0.09 4.087 45.92 1.59 2.231

3 16 48.17 3.31 1.529 48.03 2.97 1.244 48.54 3.96 0

3 16 48.79 4.44 0 48.17 3.31 1.529 48.54 3.96 0

3 16 41.17 0.45 4.434 41.23 0.09 4.087 46.16 1.74 2.891

3 16 46.17 2.07 3.248 41.17 0.45 4.434 46.16 1.74 2.891

3 16 41.18 -0.04 3.371 41.23 0.09 4.087 36.03 -1.11 4.66

3 16 36 -1.27 3.967 41.18 -0.04 3.371 36.03 -1.11 4.66

3 16 41.23 0.09 4.087 41.17 0.45 4.434 35.99 -0.76 4.986

3 16 36.03 -1.11 4.66 41.23 0.09 4.087 35.99 -0.76 4.986

3 16 46.17 2.07 3.248 46.05 2.51 3.434 41.06 0.92 4.578

3 16 41.17 0.45 4.434 46.17 2.07 3.248 41.06 0.92 4.578

3 16 35.92 -0.3 5.11 41.17 0.45 4.434 41.06 0.92 4.578

3 16 35.99 -0.76 4.986 41.17 0.45 4.434 35.92 -0.3 5.11

3 16 36 -1.27 3.967 36.03 -1.11 4.66 30.74 -1.93 5.054

3 16 30.74 -2.11 4.377 36 -1.27 3.967 30.74 -1.93 5.054

3 16 25.41 -2.42 5.188 25.42 -2.6 4.518 30.74 -2.11 4.377

3 16 30.74 -1.93 5.054 25.41 -2.42 5.188 30.74 -2.11 4.377

3 16 36.03 -1.11 4.66 35.99 -0.76 4.986 30.72 -1.58 5.364

3 16 30.74 -1.93 5.054 36.03 -1.11 4.66 30.72 -1.58 5.364

4 16 25.39 -2.06 5.493 25.41 -2.42 5.188 30.74 -1.93 5.054 30.72 -1.58 5.364

3 16 35.99 -0.76 4.986 35.92 -0.3 5.11 30.67 -1.12 5.478

3 16 30.72 -1.58 5.364 35.99 -0.76 4.986 30.67 -1.12 5.478

4 16 30.72 -1.58 5.364 30.67 -1.12 5.478 25.36 -1.61 5.603 25.39 -2.06 5.493

4 16 35.89 0.09 5.112 30.64 -0.68 5.479 30.67 -1.12 5.478 35.92 -0.3 5.11

3 16 41.05 1.23 4.579 41.06 0.92 4.578 46.05 2.51 3.434

3 16 46.11 2.8 3.405 41.05 1.23 4.579 46.05 2.51 3.434

3 16 17.3 -1.51 2.71 17.31 -0.76 3.111 17.46 -0.2 1.754

3 16 17.78 -1.23 1.326 17.3 -1.51 2.71 17.46 -0.2 1.754

3 16 17.31 -0.76 3.111 17.4 -0.42 3.082 17.55 0.1 1.875

3 16 17.46 -0.2 1.754 17.31 -0.76 3.111 17.55 0.1 1.875

3 16 17.72 0.34 1.773 17.4 -0.42 3.082 17.57 -0.14 2.976

3 16 17.55 0.1 1.875 17.4 -0.42 3.082 17.72 0.34 1.773

3 16 17.83 -0.67 4.284 17.96 -0.38 4.102 17.57 -0.14 2.976

3 16 17.4 -0.42 3.082 17.83 -0.67 4.284 17.57 -0.14 2.976

3 16 17.57 -0.14 2.976 17.82 0.04 2.82 18.01 0.52 1.698

3 16 17.72 0.34 1.773 17.57 -0.14 2.976 18.01 0.52 1.698

3 16 17.96 -0.38 4.102 18.15 -0.2 3.84 17.82 0.04 2.82

3 16 17.57 -0.14 2.976 17.96 -0.38 4.102 17.82 0.04 2.82

4 16 17.83 -0.67 4.284 17.76 -1.04 4.362 18.75 -1.18 5.264 18.79 -0.78 5.154

3 16 18.79 -0.78 5.154 20.05 -1.25 5.59 20.06 -0.8 5.487

3 16 18.75 -1.18 5.264 20.05 -1.25 5.59 18.79 -0.78 5.154

3 16 18.79 -0.78 5.154 18.88 -0.46 4.907 17.96 -0.38 4.102

3 16 17.83 -0.67 4.284 18.79 -0.78 5.154 17.96 -0.38 4.102

4 16 20.06 -0.8 5.487 20.06 -0.45 5.194 18.88 -0.46 4.907 18.79 -0.78 5.154

4 16 18.88 -0.46 4.907 18.98 -0.26 4.549 18.15 -0.2 3.84 17.96 -0.38 4.102

3 16 18.01 0.52 1.698 17.82 0.04 2.82 19.8 0.6 1.666

3 16 19.8 0.6 1.666 17.82 0.04 2.82 18.15 -0.2 3.84

3 16 19.8 0.6 1.666 18.15 -0.2 3.84 18.98 -0.26 4.549

3 16 19.8 0.6 1.666 18.98 -0.26 4.549 20.06 -0.27 4.776

3 16 18.98 -0.26 4.549 20.06 -0.45 5.194 20.06 -0.27 4.776

3 16 18.88 -0.46 4.907 20.06 -0.45 5.194 18.98 -0.26 4.549

3 16 17.62 -1.68 4.129 17.76 -1.04 4.362 17.31 -0.76 3.111

3 16 17.3 -1.51 2.71 17.62 -1.68 4.129 17.31 -0.76 3.111

3 16 18.63 -1.73 5.192 18.75 -1.18 5.264 17.76 -1.04 4.362

3 16 17.62 -1.68 4.129 18.63 -1.73 5.192 17.76 -1.04 4.362

3 16 20.05 -1.74 5.59 20.05 -1.25 5.59 18.75 -1.18 5.264

3 16 18.63 -1.73 5.192 20.05 -1.74 5.59 18.75 -1.18 5.264

3 16 18.66 -2.14 5.002 18.72 -2.46 4.684 20.04 -2.55 5.174

3 16 20.05 -2.2 5.48 18.66 -2.14 5.002 20.04 -2.55 5.174

3 16 18.72 -2.46 4.684 18.84 -2.67 4.05 20.04 -2.74 4.502

3 16 20.04 -2.55 5.174 18.72 -2.46 4.684 20.04 -2.74 4.502

3 16 18.84 -2.67 4.05 17.89 -2.28 3.538 18.96 -2.54 3.347

3 16 18.72 -2.46 4.684 17.89 -2.28 3.538 18.84 -2.67 4.05

3 16 17.76 -1.96 2.147 18.24 -2.07 1.762 18.18 -2.44 2.984

4 16 17.89 -2.28 3.538 17.5 -1.78 2.432 17.76 -1.96 2.147 18.18 -2.44 2.984

3 16 18.28 -1.41 0.891 18.89 -1.47 0.749 18.24 -2.07 1.762

3 16 18.24 -2.07 1.762 17.93 -1.32 1.118 18.28 -1.41 0.891

3 16 25.44 -1.4 0.641 25.44 -2.06 1.93 19.88 -2.19 1.927

3 16 20.04 -2.74 4.502 25.44 -2.41 3.351 25.42 -2.6 4.518

3 16 19.96 -2.53 3.348 25.44 -2.41 3.351 20.04 -2.74 4.502

3 16 47.91 3.48 0 47.53 2.77 0.824 45.92 2.35 0.653

3 16 45.92 2.83 0 47.91 3.48 0 45.92 2.35 0.653

3 16 41.19 0.35 1.938 41.19 1.02 0.65 45.92 2.35 0.653

3 16 45.92 1.59 2.231 41.19 0.35 1.938 45.92 2.35 0.653

4 16 41.19 1.02 0.65 41.19 1.49 0 45.92 2.83 0 45.92 2.35 0.653

4 16 36.02 -0.78 1.935 36.02 -0.11 0.647 41.19 1.02 0.65 41.19 0.35 1.938

4 16 41.19 1.02 0.65 36.02 -0.11 0.647 36.02 0.35 0 41.19 1.49 0

3 16 36.02 0.35 0 36.02 -0.11 0.647 30.74 -0.92 0.644

3 16 30.74 -0.48 0 36.02 0.35 0 30.74 -0.92 0.644

3 16 25.42 -2.6 4.518 25.44 -2.41 3.351 30.74 -1.93 3.354

3 16 30.74 -2.11 4.377 25.42 -2.6 4.518 30.74 -1.93 3.354

4 16 25.44 -1.4 0.641 25.44 -0.95 0 30.74 -0.48 0 30.74 -0.92 0.644

3 16 19.8 -1.47 0.738 25.44 -0.95 0 25.44 -1.4 0.641

3 16 19.8 -0.99 0 25.44 -0.95 0 19.8 -1.47 0.738

3 16 41.19 0.35 1.938 41.18 -0.04 3.371 36.02 -1.13 3.357

3 16 36.02 -0.78 1.935 41.19 0.35 1.938 36.02 -1.13 3.357

4 16 36.02 -0.11 0.647 36.02 -0.78 1.935 30.74 -1.58 1.932 30.74 -0.92 0.644

4 16 36.02 -0.78 1.935 36.02 -1.13 3.357 30.74 -1.93 3.354 30.74 -1.58 1.932

3 16 18.18 -2.44 2.984 18.24 -2.07 1.762 18.97 -2.19 1.926

3 16 18.96 -2.54 3.347 18.18 -2.44 2.984 18.97 -2.19 1.926

3 16 30.74 -2.11 4.377 30.74 -1.93 3.354 36.02 -1.13 3.357

3 16 36 -1.27 3.967 30.74 -2.11 4.377 36.02 -1.13 3.357

3 16 18.63 -1.73 5.192 18.66 -2.14 5.002 20.05 -2.2 5.48

3 16 20.05 -1.74 5.59 18.63 -1.73 5.192 20.05 -2.2 5.48

3 16 18.66 -2.14 5.002 18.63 -1.73 5.192 17.62 -1.68 4.129

3 16 17.73 -2.02 3.867 18.66 -2.14 5.002 17.62 -1.68 4.129

3 16 17.73 -2.02 3.867 17.62 -1.68 4.129 17.3 -1.51 2.71

3 16 17.5 -1.78 2.432 17.73 -2.02 3.867 17.3 -1.51 2.71

3 16 17.5 -1.78 2.432 17.3 -1.51 2.71 17.78 -1.23 1.326

3 16 17.93 -1.32 1.118 17.5 -1.78 2.432 17.78 -1.23 1.326

3 16 17.73 -2.02 3.867 17.89 -2.28 3.538 18.72 -2.46 4.684

3 16 18.66 -2.14 5.002 17.73 -2.02 3.867 18.72 -2.46 4.684

3 16 17.73 -2.02 3.867 17.5 -1.78 2.432 17.89 -2.28 3.538

3 16 17.76 -1.96 2.147 17.5 -1.78 2.432 17.93 -1.32 1.118

3 16 17.93 -1.32 1.118 18.24 -2.07 1.762 17.76 -1.96 2.147

3 16 48.88 5 0 48.06 3.98 1.862 48.12 3.72 1.745

3 16 48.84 5.26 0 48.06 3.98 1.862 48.88 5 0

4 16 19.96 -2.53 3.348 20.04 -2.74 4.502 18.84 -2.67 4.05 18.96 -2.54 3.347

3 16 35.65 1.05 4.366 40.74 2.15 3.907 40.7 2.9 1.855

3 16 35.62 1.85 1.852 35.65 1.05 4.366 40.7 2.9 1.855

3 16 18.24 -2.07 1.762 18.89 -1.47 0.749 18.97 -2.19 1.926

3 16 19.8 -1.47 0.738 18.97 -2.19 1.926 18.89 -1.47 0.749

2 24 20.227 -1.526 0.831 20.422 -1.462 0.727

2 24 19.811 -1.568 0.9 20.227 -1.526 0.831

2 24 19.669 -1.584 0.925 19.757 -1.574 0.909

2 24 19.757 -1.574 0.909 19.811 -1.568 0.9

2 24 19.805 0.585 1.72 20.007 0.6 1.673

2 24 20.286 0.657 1.573 20.397 0.705 1.485

2 24 20.227 0.633 1.618 20.286 0.657 1.573

2 24 20.007 0.6 1.673 20.227 0.633 1.618

2 24 20.79 1.29 0.379 20.817 1.165 0.619

2 24 20.817 1.165 0.619 20.833 1.109 0.727

2 24 20.632 1.485 0 20.704 1.401 0.164

2 24 20.704 1.401 0.164 20.79 1.29 0.379

2 24 20.833 1.109 0.727 20.741 0.961 1.007

2 24 20.741 0.961 1.007 20.631 0.837 1.241

2 24 20.397 0.705 1.485 20.447 0.727 1.445

2 24 20.631 0.837 1.241 20.447 0.727 1.445

2 24 17.446 -0.314 1.837 17.449 -0.241 1.852

2 24 17.54 -0.727 1.755 17.446 -0.314 1.837

2 24 17.751 -1.247 1.408 17.54 -0.727 1.755

2 24 17.549 0.096 1.881 17.549 0.098 1.881

2 24 17.521 0 1.9 17.549 0.096 1.881

2 24 17.449 -0.241 1.852 17.521 0 1.9

2 24 17.704 0.301 1.84 17.712 0.314 1.838

2 24 17.549 0.098 1.881 17.704 0.301 1.84

2 24 17.972 0.463 1.808 17.992 0.474 1.806

2 24 17.712 0.314 1.838 17.972 0.463 1.808

2 24 17.992 0.474 1.806 19.5 0.535 1.794

2 24 19.5 0.535 1.794 19.632 0.553 1.764

2 24 19.668 0.559 1.755 19.748 0.575 1.735

2 24 19.632 0.553 1.764 19.668 0.559 1.755

2 24 19.748 0.575 1.735 19.783 0.582 1.725

2 24 19.783 0.582 1.725 19.805 0.585 1.72

2 24 18.272 -1.535 1.056 18.752 -1.597 0.964

2 24 17.976 -1.431 1.213 18.272 -1.535 1.056

2 24 20.423 -1.462 0.727 20.539 -1.402 0.641

2 24 21.086 -0.981 0 20.779 -1.279 0.455

2 24 20.539 -1.402 0.641 20.779 -1.279 0.455

2 24 17.762 -1.265 1.396 17.751 -1.247 1.408

2 24 17.828 -1.343 1.343 17.762 -1.265 1.396

2 24 17.874 -1.38 1.289 17.828 -1.343 1.343

2 24 17.908 -1.404 1.253 17.874 -1.38 1.289

2 24 17.908 -1.404 1.253 17.976 -1.431 1.213

2 24 18.752 -1.597 0.964 18.904 -1.599 0.961

2 24 18.904 -1.599 0.961 19.5 -1.602 0.957

2 24 19.5 -1.602 0.957 19.669 -1.584 0.925

2 24 40.7 3.92 0 35.62 2.81 0

2 24 25.3 1.57 0 19.8 1.47 0

2 24 30.48 2.02 0 25.3 1.57 0

2 24 35.62 2.81 0 30.48 2.02 0

2 24 45.4 5.25 0 40.7 3.92 0

2 24 47.54 5.93 0 45.4 5.25 0

2 24 48.79 4.44 0 48.88 5 0

2 24 48.84 5.26 0 48.56 5.72 0

2 24 48.56 5.72 0 48.07 5.97 0

2 24 48.07 5.97 0 47.54 5.93 0

2 24 47.91 3.48 0 48.54 3.96 0

2 24 48.54 3.96 0 48.79 4.44 0

2 24 45.92 2.83 0 47.91 3.48 0

2 24 41.19 1.49 0 45.92 2.83 0

2 24 36.02 0.35 0 41.19 1.49 0

2 24 30.74 -0.48 0 36.02 0.35 0

2 24 25.44 -0.95 0 30.74 -0.48 0

2 24 19.8 -0.99 0 25.44 -0.95 0

2 24 48.88 5 0 48.84 5.26 0

5 24 45.4 4.27 1.858 45.5 3.65 2.998 47.28 4.78 1.888 40.74 2.15 3.907

5 24 45.5 3.65 2.998 47.28 4.78 1.888 45.4 4.27 1.858 47.64 4.61 1.982

5 24 47.28 4.78 1.888 47.54 5.93 0 45.4 4.27 1.858 48.07 5.97 0

5 24 47.54 5.93 0 45.4 4.27 1.858 45.5 3.65 2.998 45.4 5.25 0

5 24 20.05 -1.25 5.59 20.05 -1.74 5.59 25.36 -1.61 5.603 18.75 -1.18 5.264

5 24 20.05 -1.74 5.59 25.36 -1.61 5.603 20.05 -1.25 5.59 25.39 -2.06 5.493

5 24 25.36 -1.61 5.603 25.35 -1.13 5.603 20.05 -1.25 5.59 30.64 -0.68 5.479

5 24 25.35 -1.13 5.603 20.05 -1.25 5.59 20.05 -1.74 5.59 25.33 -0.68 5.5

5 24 25.35 -1.13 5.603 25.33 -0.68 5.5 20.06 -0.8 5.487 30.64 -0.68 5.479

5 24 25.33 -0.68 5.5 20.06 -0.8 5.487 25.35 -1.13 5.603 25.31 -0.33 5.207

5 24 20.06 -0.8 5.487 20.05 -1.25 5.59 25.35 -1.13 5.603 18.79 -0.78 5.154

5 24 25.33 -0.68 5.5 25.31 -0.33 5.207 20.06 -0.45 5.194 30.59 -0.24 5.38

5 24 25.31 -0.33 5.207 20.06 -0.45 5.194 25.33 -0.68 5.5 25.29 -0.14 4.787

5 24 20.06 -0.45 5.194 20.06 -0.8 5.487 25.33 -0.68 5.5 18.88 -0.46 4.907

5 24 25.31 -0.33 5.207 25.29 -0.14 4.787 20.06 -0.27 4.776 30.54 0.11 5.093

5 24 25.29 -0.14 4.787 20.06 -0.27 4.776 25.31 -0.33 5.207 25.29 0.61 1.847

5 24 20.06 -0.27 4.776 20.06 -0.45 5.194 25.31 -0.33 5.207 18.98 -0.26 4.549

5 24 25.42 -2.6 4.518 25.41 -2.42 5.188 20.04 -2.55 5.174 30.74 -2.11 4.377

5 24 25.41 -2.42 5.188 20.04 -2.55 5.174 25.42 -2.6 4.518 25.39 -2.06 5.493

5 24 20.04 -2.55 5.174 20.04 -2.74 4.502 25.42 -2.6 4.518 18.72 -2.46 4.684

5 24 20.04 -2.74 4.502 25.42 -2.6 4.518 25.41 -2.42 5.188 25.44 -2.41 3.351

5 24 25.41 -2.42 5.188 25.39 -2.06 5.493 20.05 -2.2 5.48 30.74 -1.93 5.054

5 24 25.39 -2.06 5.493 20.05 -2.2 5.48 25.41 -2.42 5.188 25.36 -1.61 5.603

5 24 20.05 -2.2 5.48 20.04 -2.55 5.174 25.41 -2.42 5.188 18.66 -2.14 5.002

5 24 25.39 -2.06 5.493 25.36 -1.61 5.603 20.05 -1.74 5.59 30.72 -1.58 5.364

5 24 20.05 -1.74 5.59 20.05 -2.2 5.48 25.39 -2.06 5.493 18.63 -1.73 5.192

5 24 30.64 -0.68 5.479 25.35 -1.13 5.603 25.36 -1.61 5.603 30.59 -0.24 5.38

5 24 25.36 -1.61 5.603 30.67 -1.12 5.478 30.64 -0.68 5.479 30.72 -1.58 5.364

5 24 30.67 -1.12 5.478 30.64 -0.68 5.479 25.35 -1.13 5.603 35.89 0.09 5.112

5 24 41.06 0.92 4.578 41.05 1.23 4.579 35.89 0.09 5.112 46.05 2.51 3.434

5 24 41.05 1.23 4.579 35.89 0.09 5.112 41.06 0.92 4.578 35.81 0.51 5.022

5 24 35.89 0.09 5.112 35.92 -0.3 5.11 41.06 0.92 4.578 30.64 -0.68 5.479

5 24 35.92 -0.3 5.11 41.06 0.92 4.578 41.05 1.23 4.579 41.17 0.45 4.434

5 24 17.83 -0.67 4.284 17.4 -0.42 3.082 17.31 -0.76 3.111 17.57 -0.14 2.976

5 24 17.4 -0.42 3.082 17.31 -0.76 3.111 17.83 -0.67 4.284 17.55 0.1 1.875

5 24 17.31 -0.76 3.111 17.76 -1.04 4.362 17.83 -0.67 4.284 17.62 -1.68 4.129

5 24 17.76 -1.04 4.362 17.83 -0.67 4.284 17.4 -0.42 3.082 18.75 -1.18 5.264

5 24 45.92 1.59 2.231 45.92 2.35 0.653 47.53 2.77 0.824 41.19 0.35 1.938

5 24 45.92 2.35 0.653 47.53 2.77 0.824 45.92 1.59 2.231 47.91 3.48 0

5 24 47.53 2.77 0.824 45.92 1.59 2.231 45.92 2.35 0.653 46.16 1.74 2.891

5 24 45.92 1.59 2.231 41.18 -0.04 3.371 41.19 0.35 1.938 41.23 0.09 4.087

5 24 41.18 -0.04 3.371 41.19 0.35 1.938 45.92 1.59 2.231 36.02 -1.13 3.357

5 24 41.19 0.35 1.938 45.92 1.59 2.231 41.18 -0.04 3.371 45.92 2.35 0.653

5 24 30.74 -0.92 0.644 30.74 -1.58 1.932 25.44 -2.06 1.93 36.02 -0.11 0.647

5 24 30.74 -1.58 1.932 25.44 -2.06 1.93 30.74 -0.92 0.644 30.74 -1.93 3.354

5 24 25.44 -2.06 1.93 25.44 -1.4 0.641 30.74 -0.92 0.644 19.88 -2.19 1.927

5 24 25.44 -1.4 0.641 30.74 -0.92 0.644 30.74 -1.58 1.932 25.44 -0.95 0

5 24 30.74 -1.58 1.932 30.74 -1.93 3.354 25.44 -2.41 3.351 36.02 -0.78 1.935

5 24 30.74 -1.93 3.354 25.44 -2.41 3.351 30.74 -1.58 1.932 25.42 -2.6 4.518

5 24 25.44 -2.41 3.351 25.44 -2.06 1.93 30.74 -1.58 1.932 19.96 -2.53 3.348

5 24 41.18 -0.04 3.371 36 -1.27 3.967 36.02 -1.13 3.357 36.03 -1.11 4.66

5 24 36 -1.27 3.967 36.02 -1.13 3.357 41.18 -0.04 3.371 30.74 -2.11 4.377

5 24 36.02 -1.13 3.357 41.18 -0.04 3.371 36 -1.27 3.967 41.19 0.35 1.938

5 24 25.44 -2.41 3.351 19.96 -2.53 3.348 25.44 -2.06 1.93 20.04 -2.74 4.502

5 24 19.96 -2.53 3.348 19.88 -2.19 1.927 25.44 -2.06 1.93 18.97 -2.19 1.926

5 24 19.88 -2.19 1.927 25.44 -2.06 1.93 25.44 -2.41 3.351 25.44 -1.4 0.641

5 24 18.18 -2.44 2.984 18.96 -2.54 3.347 17.89 -2.28 3.538 18.97 -2.19 1.926

5 24 18.96 -2.54 3.347 17.89 -2.28 3.538 18.18 -2.44 2.984 18.84 -2.67 4.05

5 24 17.89 -2.28 3.538 18.18 -2.44 2.984 18.96 -2.54 3.347 17.5 -1.78 2.432

5 24 18.97 -2.19 1.926 19.88 -2.19 1.927 19.96 -2.53 3.348 19.8 -1.47 0.738

5 24 19.96 -2.53 3.348 18.96 -2.54 3.347 18.97 -2.19 1.926 20.04 -2.74 4.502

5 24 18.96 -2.54 3.347 18.97 -2.19 1.926 19.88 -2.19 1.927 18.18 -2.44 2.984

5 24 19.8 -1.47 0.738 25.44 -1.4 0.641 19.88 -2.19 1.927 25.44 -0.95 0

5 24 25.44 -1.4 0.641 19.88 -2.19 1.927 19.8 -1.47 0.738 25.44 -2.06 1.93

5 24 18.97 -2.19 1.926 19.8 -1.47 0.738 25.44 -1.4 0.641 18.89 -1.47 0.749

5 24 25.29 -0.14 4.787 25.29 0.61 1.847 20.06 -0.27 4.776 30.49 0.3 4.681

5 24 25.29 0.61 1.847 20.06 -0.27 4.776 25.29 -0.14 4.787 19.8 0.6 1.666

5 24 19.8 0.6 1.666 20.06 -0.27 4.776 25.29 0.61 1.847 18.98 -0.26 4.549

5 24 25.29 0.61 1.847 19.8 0.6 1.666 20.06 -0.27 4.776 25.3 1.57 0

5 24 30.49 0.3 4.681 35.65 1.05 4.366 35.62 1.85 1.852 35.72 0.85 4.756

5 24 35.65 1.05 4.366 35.62 1.85 1.852 30.49 0.3 4.681 40.7 2.9 1.855

5 24 35.62 1.85 1.852 30.49 0.3 4.681 35.65 1.05 4.366 30.48 1.05 1.85

5 24 30.48 1.05 1.85 30.49 0.3 4.681 35.62 1.85 1.852 25.29 -0.14 4.787

5 24 35.62 1.85 1.852 30.48 1.05 1.85 30.49 0.3 4.681 35.62 2.81 0

5 24 25.29 -0.14 4.787 30.49 0.3 4.681 30.48 1.05 1.85 30.54 0.11 5.093

5 24 30.48 1.05 1.85 25.29 0.61 1.847 25.29 -0.14 4.787 30.48 2.02 0

5 24 40.7 3.92 0 35.62 1.85 1.852 40.7 2.9 1.855 35.62 2.81 0

5 24 35.62 1.85 1.852 40.7 2.9 1.855 40.7 3.92 0 35.65 1.05 4.366

5 24 40.7 2.9 1.855 40.7 3.92 0 35.62 1.85 1.852 45.4 5.25 0

5 24 35.62 2.81 0 35.62 1.85 1.852 40.7 3.92 0 30.48 2.02 0

5 24 40.74 2.15 3.907 45.5 3.65 2.998 45.4 4.27 1.858 45.72 3.45 3.258

5 24 45.4 4.27 1.858 40.74 2.15 3.907 45.5 3.65 2.998 40.7 2.9 1.855

5 24 40.7 2.9 1.855 40.74 2.15 3.907 45.4 4.27 1.858 35.65 1.05 4.366

5 24 45.4 4.27 1.858 40.7 2.9 1.855 40.74 2.15 3.907 45.4 5.25 0

5 24 25.29 0.61 1.847 25.3 1.57 0 19.8 0.6 1.666 30.48 2.02 0

5 24 30.48 1.05 1.85 30.48 2.02 0 25.3 1.57 0 35.62 2.81 0

5 24 45.4 4.27 1.858 45.4 5.25 0 40.7 2.9 1.855 47.54 5.93 0

5 24 45.4 5.25 0 40.7 2.9 1.855 45.4 4.27 1.858 40.7 3.92 0

5 24 48.06 3.98 1.862 47.9 4.33 1.975 45.94 3.16 3.401 48.84 5.26 0

5 24 47.9 4.33 1.975 45.94 3.16 3.401 48.06 3.98 1.862 45.72 3.45 3.258

5 24 45.94 3.16 3.401 48.06 3.98 1.862 47.9 4.33 1.975 46.11 2.8 3.405

5 24 46.11 2.8 3.405 48.06 3.98 1.862 45.94 3.16 3.401 48.12 3.72 1.745

5 24 45.94 3.16 3.401 46.11 2.8 3.405 48.06 3.98 1.862 40.94 1.62 4.495

5 24 47.9 4.33 1.975 47.64 4.61 1.982 45.72 3.45 3.258 48.56 5.72 0

5 24 47.64 4.61 1.982 45.72 3.45 3.258 47.9 4.33 1.975 45.5 3.65 2.998

5 24 45.72 3.45 3.258 47.9 4.33 1.975 47.64 4.61 1.982 45.94 3.16 3.401

5 24 45.72 3.45 3.258 45.94 3.16 3.401 47.9 4.33 1.975 40.83 1.95 4.26

5 24 46.05 2.51 3.434 46.17 2.07 3.248 48.17 3.31 1.529 41.06 0.92 4.578

5 24 46.17 2.07 3.248 48.17 3.31 1.529 46.05 2.51 3.434 48.03 2.97 1.244

5 24 48.17 3.31 1.529 46.05 2.51 3.434 46.17 2.07 3.248 48.12 3.72 1.745

5 24 48.12 3.72 1.745 46.05 2.51 3.434 48.17 3.31 1.529 46.11 2.8 3.405

5 24 48.17 3.31 1.529 48.12 3.72 1.745 46.05 2.51 3.434 48.79 4.44 0

5 24 46.17 2.07 3.248 46.16 1.74 2.891 48.03 2.97 1.244 41.17 0.45 4.434

5 24 46.16 1.74 2.891 48.03 2.97 1.244 46.17 2.07 3.248 47.53 2.77 0.824

5 24 48.03 2.97 1.244 46.17 2.07 3.248 46.16 1.74 2.891 48.17 3.31 1.529

5 24 48.03 2.97 1.244 48.17 3.31 1.529 46.17 2.07 3.248 48.54 3.96 0

5 24 46.16 1.74 2.891 45.92 1.59 2.231 47.53 2.77 0.824 41.23 0.09 4.087

5 24 47.53 2.77 0.824 46.16 1.74 2.891 45.92 1.59 2.231 48.03 2.97 1.244

5 24 47.53 2.77 0.824 48.03 2.97 1.244 46.16 1.74 2.891 47.91 3.48 0

5 24 48.12 3.72 1.745 48.06 3.98 1.862 46.11 2.8 3.405 48.88 5 0

5 24 46.11 2.8 3.405 48.12 3.72 1.745 48.06 3.98 1.862 46.05 2.51 3.434

5 24 46.11 2.8 3.405 46.05 2.51 3.434 48.12 3.72 1.745 41.05 1.23 4.579

5 24 47.64 4.61 1.982 47.28 4.78 1.888 45.5 3.65 2.998 48.07 5.97 0

5 24 45.5 3.65 2.998 47.64 4.61 1.982 47.28 4.78 1.888 45.72 3.45 3.258

5 24 45.5 3.65 2.998 45.72 3.45 3.258 47.64 4.61 1.982 40.74 2.15 3.907

5 24 48.17 3.31 1.529 48.79 4.44 0 48.12 3.72 1.745 48.54 3.96 0

5 24 48.79 4.44 0 48.12 3.72 1.745 48.17 3.31 1.529 48.88 5 0

5 24 48.88 5 0 48.12 3.72 1.745 48.79 4.44 0 48.06 3.98 1.862

5 24 48.84 5.26 0 47.9 4.33 1.975 48.06 3.98 1.862 48.56 5.72 0

5 24 48.06 3.98 1.862 48.84 5.26 0 47.9 4.33 1.975 48.88 5 0

5 24 48.56 5.72 0 47.9 4.33 1.975 48.84 5.26 0 47.64 4.61 1.982

5 24 45.94 3.16 3.401 40.94 1.62 4.495 46.11 2.8 3.405 40.83 1.95 4.26

5 24 40.94 1.62 4.495 46.11 2.8 3.405 45.94 3.16 3.401 41.05 1.23 4.579

5 24 41.05 1.23 4.579 46.11 2.8 3.405 40.94 1.62 4.495 46.05 2.51 3.434

5 24 40.94 1.62 4.495 41.05 1.23 4.579 46.11 2.8 3.405 35.81 0.51 5.022

5 24 48.56 5.72 0 47.64 4.61 1.982 47.9 4.33 1.975 48.07 5.97 0

5 24 48.07 5.97 0 47.64 4.61 1.982 48.56 5.72 0 47.28 4.78 1.888

5 24 45.72 3.45 3.258 40.83 1.95 4.26 45.94 3.16 3.401 40.74 2.15 3.907

5 24 40.83 1.95 4.26 45.94 3.16 3.401 45.72 3.45 3.258 40.94 1.62 4.495

5 24 40.83 1.95 4.26 40.94 1.62 4.495 45.94 3.16 3.401 35.72 0.85 4.756

5 24 35.81 0.51 5.022 35.89 0.09 5.112 41.05 1.23 4.579 30.59 -0.24 5.38

5 24 40.94 1.62 4.495 35.81 0.51 5.022 35.89 0.09 5.112 35.72 0.85 4.756

5 24 40.83 1.95 4.26 35.72 0.85 4.756 40.94 1.62 4.495 35.65 1.05 4.366

5 24 35.72 0.85 4.756 40.94 1.62 4.495 40.83 1.95 4.26 35.81 0.51 5.022

5 24 35.72 0.85 4.756 35.81 0.51 5.022 40.94 1.62 4.495 30.54 0.11 5.093

5 24 47.28 4.78 1.888 48.07 5.97 0 47.54 5.93 0 47.64 4.61 1.982

5 24 40.74 2.15 3.907 45.72 3.45 3.258 45.5 3.65 2.998 40.83 1.95 4.26

5 24 40.74 2.15 3.907 40.83 1.95 4.26 45.72 3.45 3.258 35.65 1.05 4.366

5 24 40.74 2.15 3.907 35.65 1.05 4.366 40.83 1.95 4.26 40.7 2.9 1.855

5 24 35.65 1.05 4.366 40.83 1.95 4.26 40.74 2.15 3.907 35.72 0.85 4.756

5 24 35.65 1.05 4.366 35.72 0.85 4.756 40.83 1.95 4.26 30.49 0.3 4.681

5 24 30.59 -0.24 5.38 35.89 0.09 5.112 35.81 0.51 5.022 30.64 -0.68 5.479

5 24 35.81 0.51 5.022 30.59 -0.24 5.38 35.89 0.09 5.112 30.54 0.11 5.093

5 24 30.64 -0.68 5.479 35.89 0.09 5.112 30.59 -0.24 5.38 30.67 -1.12 5.478

5 24 30.59 -0.24 5.38 30.64 -0.68 5.479 35.89 0.09 5.112 25.33 -0.68 5.5

5 24 30.59 -0.24 5.38 25.33 -0.68 5.5 30.64 -0.68 5.479 30.54 0.11 5.093

5 24 35.72 0.85 4.756 30.54 0.11 5.093 35.81 0.51 5.022 30.49 0.3 4.681

5 24 30.54 0.11 5.093 35.81 0.51 5.022 35.72 0.85 4.756 30.59 -0.24 5.38

5 24 30.54 0.11 5.093 25.31 -0.33 5.207 30.59 -0.24 5.38 25.29 -0.14 4.787

5 24 30.49 0.3 4.681 35.72 0.85 4.756 35.65 1.05 4.366 30.54 0.11 5.093

5 24 30.49 0.3 4.681 30.54 0.11 5.093 35.72 0.85 4.756 25.29 -0.14 4.787

5 24 25.29 -0.14 4.787 30.54 0.11 5.093 30.49 0.3 4.681 25.31 -0.33 5.207

5 24 48.54 3.96 0 48.03 2.97 1.244 47.91 3.48 0 48.17 3.31 1.529

5 24 48.03 2.97 1.244 47.91 3.48 0 48.54 3.96 0 47.53 2.77 0.824

5 24 47.53 2.77 0.824 47.91 3.48 0 48.03 2.97 1.244 45.92 2.35 0.653

5 24 41.23 0.09 4.087 41.18 -0.04 3.371 45.92 1.59 2.231 36.03 -1.11 4.66

5 24 45.92 1.59 2.231 41.23 0.09 4.087 41.18 -0.04 3.371 46.16 1.74 2.891

5 24 46.16 1.74 2.891 41.23 0.09 4.087 45.92 1.59 2.231 41.17 0.45 4.434

5 24 48.54 3.96 0 48.17 3.31 1.529 48.03 2.97 1.244 48.79 4.44 0

5 24 41.17 0.45 4.434 41.23 0.09 4.087 46.16 1.74 2.891 35.99 -0.76 4.986

5 24 46.16 1.74 2.891 41.17 0.45 4.434 41.23 0.09 4.087 46.17 2.07 3.248

5 24 46.17 2.07 3.248 41.17 0.45 4.434 46.16 1.74 2.891 41.06 0.92 4.578

5 24 41.23 0.09 4.087 36.03 -1.11 4.66 41.18 -0.04 3.371 35.99 -0.76 4.986

5 24 36.03 -1.11 4.66 41.18 -0.04 3.371 41.23 0.09 4.087 36 -1.27 3.967

5 24 36.03 -1.11 4.66 36 -1.27 3.967 41.18 -0.04 3.371 30.74 -1.93 5.054

5 24 41.17 0.45 4.434 35.99 -0.76 4.986 41.23 0.09 4.087 35.92 -0.3 5.11

5 24 35.99 -0.76 4.986 41.23 0.09 4.087 41.17 0.45 4.434 36.03 -1.11 4.66

5 24 35.99 -0.76 4.986 36.03 -1.11 4.66 41.23 0.09 4.087 30.72 -1.58 5.364

5 24 46.05 2.51 3.434 41.06 0.92 4.578 46.17 2.07 3.248 41.05 1.23 4.579

5 24 41.06 0.92 4.578 46.17 2.07 3.248 46.05 2.51 3.434 41.17 0.45 4.434

5 24 41.06 0.92 4.578 41.17 0.45 4.434 46.17 2.07 3.248 35.92 -0.3 5.11

5 24 35.92 -0.3 5.11 41.17 0.45 4.434 41.06 0.92 4.578 35.99 -0.76 4.986

5 24 35.92 -0.3 5.11 35.99 -0.76 4.986 41.17 0.45 4.434 30.67 -1.12 5.478

5 24 36.03 -1.11 4.66 30.74 -1.93 5.054 36 -1.27 3.967 30.72 -1.58 5.364

5 24 30.74 -1.93 5.054 36 -1.27 3.967 36.03 -1.11 4.66 30.74 -2.11 4.377

5 24 30.74 -2.11 4.377 36 -1.27 3.967 30.74 -1.93 5.054 36.02 -1.13 3.357

5 24 30.74 -1.93 5.054 30.74 -2.11 4.377 36 -1.27 3.967 25.41 -2.42 5.188

5 24 25.42 -2.6 4.518 30.74 -2.11 4.377 25.41 -2.42 5.188 30.74 -1.93 3.354

5 24 30.74 -2.11 4.377 25.41 -2.42 5.188 25.42 -2.6 4.518 30.74 -1.93 5.054

5 24 30.74 -1.93 5.054 25.41 -2.42 5.188 30.74 -2.11 4.377 25.39 -2.06 5.493

5 24 35.99 -0.76 4.986 30.72 -1.58 5.364 36.03 -1.11 4.66 30.67 -1.12 5.478

5 24 30.72 -1.58 5.364 36.03 -1.11 4.66 35.99 -0.76 4.986 30.74 -1.93 5.054

5 24 30.72 -1.58 5.364 30.74 -1.93 5.054 36.03 -1.11 4.66 25.39 -2.06 5.493

5 24 30.72 -1.58 5.364 25.39 -2.06 5.493 25.41 -2.42 5.188 30.67 -1.12 5.478

5 24 35.92 -0.3 5.11 30.67 -1.12 5.478 35.99 -0.76 4.986 35.89 0.09 5.112

5 24 30.67 -1.12 5.478 35.99 -0.76 4.986 35.92 -0.3 5.11 30.72 -1.58 5.364

5 24 30.67 -1.12 5.478 30.72 -1.58 5.364 35.99 -0.76 4.986 25.36 -1.61 5.603

5 24 46.05 2.51 3.434 41.05 1.23 4.579 41.06 0.92 4.578 46.11 2.8 3.405

5 24 17.3 -1.51 2.71 17.31 -0.76 3.111 17.46 -0.2 1.754 17.62 -1.68 4.129

5 24 17.31 -0.76 3.111 17.46 -0.2 1.754 17.3 -1.51 2.71 17.55 0.1 1.875

5 24 17.46 -0.2 1.754 17.3 -1.51 2.71 17.31 -0.76 3.111 17.78 -1.23 1.326

5 24 17.78 -1.23 1.326 17.3 -1.51 2.71 17.46 -0.2 1.754 17.5 -1.78 2.432

5 24 17.4 -0.42 3.082 17.55 0.1 1.875 17.31 -0.76 3.111 17.72 0.34 1.773

5 24 17.55 0.1 1.875 17.31 -0.76 3.111 17.4 -0.42 3.082 17.46 -0.2 1.754

5 24 17.72 0.34 1.773 17.4 -0.42 3.082 17.57 -0.14 2.976 17.55 0.1 1.875

5 24 17.4 -0.42 3.082 17.57 -0.14 2.976 17.72 0.34 1.773 17.83 -0.67 4.284

5 24 17.57 -0.14 2.976 17.72 0.34 1.773 17.4 -0.42 3.082 18.01 0.52 1.698

5 24 17.83 -0.67 4.284 17.96 -0.38 4.102 17.57 -0.14 2.976 18.79 -0.78 5.154

5 24 17.96 -0.38 4.102 17.57 -0.14 2.976 17.83 -0.67 4.284 17.82 0.04 2.82

5 24 17.57 -0.14 2.976 17.83 -0.67 4.284 17.96 -0.38 4.102 17.4 -0.42 3.082

5 24 17.57 -0.14 2.976 17.82 0.04 2.82 18.01 0.52 1.698 17.96 -0.38 4.102

5 24 17.82 0.04 2.82 18.01 0.52 1.698 17.57 -0.14 2.976 19.8 0.6 1.666

5 24 18.01 0.52 1.698 17.57 -0.14 2.976 17.82 0.04 2.82 17.72 0.34 1.773

5 24 17.96 -0.38 4.102 18.15 -0.2 3.84 17.82 0.04 2.82 18.88 -0.46 4.907

5 24 18.15 -0.2 3.84 17.82 0.04 2.82 17.96 -0.38 4.102 19.8 0.6 1.666

5 24 17.82 0.04 2.82 17.96 -0.38 4.102 18.15 -0.2 3.84 17.57 -0.14 2.976

5 24 17.76 -1.04 4.362 18.75 -1.18 5.264 17.83 -0.67 4.284 18.63 -1.73 5.192

5 24 18.75 -1.18 5.264 18.79 -0.78 5.154 17.83 -0.67 4.284 20.05 -1.25 5.59

5 24 18.79 -0.78 5.154 17.83 -0.67 4.284 17.76 -1.04 4.362 17.96 -0.38 4.102

5 24 18.79 -0.78 5.154 20.05 -1.25 5.59 20.06 -0.8 5.487 18.75 -1.18 5.264

5 24 20.06 -0.8 5.487 18.79 -0.78 5.154 20.05 -1.25 5.59 20.06 -0.45 5.194

5 24 18.75 -1.18 5.264 20.05 -1.25 5.59 18.79 -0.78 5.154 20.05 -1.74 5.59

5 24 18.79 -0.78 5.154 18.88 -0.46 4.907 17.96 -0.38 4.102 20.06 -0.8 5.487

5 24 18.88 -0.46 4.907 17.96 -0.38 4.102 18.79 -0.78 5.154 18.98 -0.26 4.549

5 24 17.96 -0.38 4.102 18.79 -0.78 5.154 18.88 -0.46 4.907 17.83 -0.67 4.284

5 24 20.06 -0.45 5.194 18.88 -0.46 4.907 20.06 -0.8 5.487 18.98 -0.26 4.549

5 24 18.88 -0.46 4.907 18.98 -0.26 4.549 18.15 -0.2 3.84 20.06 -0.45 5.194

5 24 18.98 -0.26 4.549 18.15 -0.2 3.84 18.88 -0.46 4.907 19.8 0.6 1.666

5 24 17.82 0.04 2.82 19.8 0.6 1.666 18.01 0.52 1.698 18.15 -0.2 3.84

5 24 18.15 -0.2 3.84 19.8 0.6 1.666 17.82 0.04 2.82 18.98 -0.26 4.549

5 24 18.98 -0.26 4.549 19.8 0.6 1.666 18.15 -0.2 3.84 20.06 -0.27 4.776

5 24 18.98 -0.26 4.549 20.06 -0.27 4.776 19.8 0.6 1.666 20.06 -0.45 5.194

5 24 18.98 -0.26 4.549 20.06 -0.45 5.194 20.06 -0.27 4.776 18.88 -0.46 4.907

5 24 17.62 -1.68 4.129 17.76 -1.04 4.362 17.31 -0.76 3.111 18.63 -1.73 5.192

5 24 17.31 -0.76 3.111 17.62 -1.68 4.129 17.76 -1.04 4.362 17.3 -1.51 2.71

5 24 17.3 -1.51 2.71 17.62 -1.68 4.129 17.31 -0.76 3.111 17.73 -2.02 3.867

5 24 18.63 -1.73 5.192 18.75 -1.18 5.264 17.76 -1.04 4.362 20.05 -1.74 5.59

5 24 17.76 -1.04 4.362 18.63 -1.73 5.192 18.75 -1.18 5.264 17.62 -1.68 4.129

5 24 17.62 -1.68 4.129 18.63 -1.73 5.192 17.76 -1.04 4.362 18.66 -2.14 5.002

5 24 18.75 -1.18 5.264 20.05 -1.74 5.59 20.05 -1.25 5.59 18.63 -1.73 5.192

5 24 18.63 -1.73 5.192 20.05 -1.74 5.59 18.75 -1.18 5.264 20.05 -2.2 5.48

5 24 18.66 -2.14 5.002 18.72 -2.46 4.684 20.04 -2.55 5.174 17.73 -2.02 3.867

5 24 18.72 -2.46 4.684 20.04 -2.55 5.174 18.66 -2.14 5.002 20.04 -2.74 4.502

5 24 20.04 -2.55 5.174 18.66 -2.14 5.002 18.72 -2.46 4.684 20.05 -2.2 5.48

5 24 20.05 -2.2 5.48 18.66 -2.14 5.002 20.04 -2.55 5.174 18.63 -1.73 5.192

5 24 18.72 -2.46 4.684 18.84 -2.67 4.05 20.04 -2.74 4.502 17.89 -2.28 3.538

5 24 18.84 -2.67 4.05 20.04 -2.74 4.502 18.72 -2.46 4.684 19.96 -2.53 3.348

5 24 20.04 -2.74 4.502 18.72 -2.46 4.684 18.84 -2.67 4.05 20.04 -2.55 5.174

5 24 18.84 -2.67 4.05 17.89 -2.28 3.538 18.96 -2.54 3.347 18.72 -2.46 4.684

5 24 18.96 -2.54 3.347 18.84 -2.67 4.05 17.89 -2.28 3.538 19.96 -2.53 3.348

5 24 18.72 -2.46 4.684 17.89 -2.28 3.538 18.84 -2.67 4.05 17.73 -2.02 3.867

5 24 17.76 -1.96 2.147 18.24 -2.07 1.762 18.18 -2.44 2.984 17.93 -1.32 1.118

5 24 18.24 -2.07 1.762 18.18 -2.44 2.984 17.76 -1.96 2.147 18.97 -2.19 1.926

5 24 18.18 -2.44 2.984 17.76 -1.96 2.147 18.24 -2.07 1.762 17.89 -2.28 3.538

5 24 17.89 -2.28 3.538 17.5 -1.78 2.432 17.76 -1.96 2.147 17.73 -2.02 3.867

5 24 17.5 -1.78 2.432 17.76 -1.96 2.147 17.89 -2.28 3.538 17.93 -1.32 1.118

5 24 18.89 -1.47 0.749 18.24 -2.07 1.762 18.28 -1.41 0.891 18.97 -2.19 1.926

5 24 18.24 -2.07 1.762 18.28 -1.41 0.891 18.89 -1.47 0.749 17.93 -1.32 1.118

5 24 18.24 -2.07 1.762 17.93 -1.32 1.118 18.28 -1.41 0.891 17.76 -1.96 2.147

5 24 20.04 -2.74 4.502 25.44 -2.41 3.351 25.42 -2.6 4.518 19.96 -2.53 3.348

5 24 25.44 -2.41 3.351 25.42 -2.6 4.518 20.04 -2.74 4.502 30.74 -1.93 3.354

5 24 20.04 -2.74 4.502 19.96 -2.53 3.348 25.44 -2.41 3.351 18.84 -2.67 4.05

5 24 45.92 2.35 0.653 47.91 3.48 0 47.53 2.77 0.824 45.92 2.83 0

5 24 45.92 2.35 0.653 45.92 2.83 0 47.91 3.48 0 41.19 1.02 0.65

5 24 41.19 0.35 1.938 41.19 1.02 0.65 45.92 2.35 0.653 36.02 -0.78 1.935

5 24 41.19 1.02 0.65 45.92 2.35 0.653 41.19 0.35 1.938 41.19 1.49 0

5 24 45.92 2.35 0.653 41.19 0.35 1.938 41.19 1.02 0.65 45.92 1.59 2.231

5 24 41.19 1.02 0.65 41.19 1.49 0 45.92 2.83 0 36.02 -0.11 0.647

5 24 36.02 -0.78 1.935 36.02 -0.11 0.647 41.19 1.02 0.65 30.74 -1.58 1.932

5 24 36.02 -0.11 0.647 41.19 1.02 0.65 36.02 -0.78 1.935 36.02 0.35 0

5 24 41.19 0.35 1.938 36.02 -0.78 1.935 36.02 -0.11 0.647 36.02 -1.13 3.357

5 24 36.02 -0.11 0.647 36.02 0.35 0 41.19 1.02 0.65 30.74 -0.92 0.644

5 24 36.02 -0.11 0.647 30.74 -0.92 0.644 36.02 0.35 0 36.02 -0.78 1.935

5 24 30.74 -0.92 0.644 36.02 0.35 0 36.02 -0.11 0.647 30.74 -0.48 0

5 24 30.74 -0.92 0.644 30.74 -0.48 0 36.02 0.35 0 25.44 -1.4 0.641

5 24 30.74 -1.93 3.354 25.42 -2.6 4.518 25.44 -2.41 3.351 30.74 -2.11 4.377

5 24 30.74 -1.93 3.354 30.74 -2.11 4.377 25.42 -2.6 4.518 36.02 -1.13 3.357

5 24 25.44 -1.4 0.641 25.44 -0.95 0 30.74 -0.48 0 19.8 -1.47 0.738

5 24 19.8 -1.47 0.738 25.44 -0.95 0 25.44 -1.4 0.641 19.8 -0.99 0

5 24 36.02 -1.13 3.357 41.19 0.35 1.938 41.18 -0.04 3.371 36.02 -0.78 1.935

5 24 36.02 -1.13 3.357 36.02 -0.78 1.935 41.19 0.35 1.938 30.74 -1.93 3.354

5 24 36.02 -0.78 1.935 30.74 -1.58 1.932 36.02 -0.11 0.647 36.02 -1.13 3.357

5 24 36.02 -1.13 3.357 30.74 -1.93 3.354 36.02 -0.78 1.935 30.74 -2.11 4.377

5 24 18.24 -2.07 1.762 18.97 -2.19 1.926 18.18 -2.44 2.984 18.89 -1.47 0.749

5 24 18.97 -2.19 1.926 18.18 -2.44 2.984 18.24 -2.07 1.762 18.96 -2.54 3.347

5 24 36.02 -1.13 3.357 30.74 -2.11 4.377 30.74 -1.93 3.354 36 -1.27 3.967

5 24 18.63 -1.73 5.192 18.66 -2.14 5.002 20.05 -2.2 5.48 17.62 -1.68 4.129

5 24 20.05 -2.2 5.48 18.63 -1.73 5.192 18.66 -2.14 5.002 20.05 -1.74 5.59

5 24 17.62 -1.68 4.129 18.66 -2.14 5.002 18.63 -1.73 5.192 17.73 -2.02 3.867

5 24 17.73 -2.02 3.867 18.66 -2.14 5.002 17.62 -1.68 4.129 18.72 -2.46 4.684

5 24 17.62 -1.68 4.129 17.73 -2.02 3.867 18.66 -2.14 5.002 17.3 -1.51 2.71

5 24 17.3 -1.51 2.71 17.73 -2.02 3.867 17.62 -1.68 4.129 17.5 -1.78 2.432

5 24 17.5 -1.78 2.432 17.73 -2.02 3.867 17.3 -1.51 2.71 17.89 -2.28 3.538

5 24 17.3 -1.51 2.71 17.5 -1.78 2.432 17.73 -2.02 3.867 17.78 -1.23 1.326

5 24 17.78 -1.23 1.326 17.5 -1.78 2.432 17.3 -1.51 2.71 17.93 -1.32 1.118

5 24 17.93 -1.32 1.118 17.5 -1.78 2.432 17.78 -1.23 1.326 17.76 -1.96 2.147

5 24 17.73 -2.02 3.867 17.89 -2.28 3.538 18.72 -2.46 4.684 17.5 -1.78 2.432

5 24 18.72 -2.46 4.684 17.73 -2.02 3.867 17.89 -2.28 3.538 18.66 -2.14 5.002

5 24 17.93 -1.32 1.118 17.76 -1.96 2.147 17.5 -1.78 2.432 18.24 -2.07 1.762

5 24 48.88 5 0 48.06 3.98 1.862 48.12 3.72 1.745 48.84 5.26 0

5 24 40.7 2.9 1.855 35.65 1.05 4.366 40.74 2.15 3.907 35.62 1.85 1.852

5 24 18.89 -1.47 0.749 18.97 -2.19 1.926 18.24 -2.07 1.762 19.8 -1.47 0.738

0 NOFILE

0 FILE 2-8sphe.dat
0 Sphere 0.25

0 Name: 2-8sphe.dat

0 Author: James Jessiman

0 !LDRAW_ORG Primitive UPDATE 2003-02

0 !LICENSE Licensed under CC BY 4.0 : see CAreadme.txt



0 BFC CERTIFY CCW



0 !HISTORY 2002-08-31 [izanette] Modified with WINDZ for BFC compliance

0 !HISTORY 2003-08-01 [PTadmin] Official Update 2003-02

0 !HISTORY 2007-06-24 [PTadmin] Header formatted for Contributor Agreement

0 !HISTORY 2008-07-01 [PTadmin] Official Update 2008-01





1 16 0 0 0 1 0 0 0 1 0 0 0 1 1-8sphe.dat

1 16 0 0 0 -1 0 0 0 1 0 0 0 1 1-8sphe.dat

0



0 NOFILE

0 FILE 1-8sphe.dat
0 Sphere 0.125

0 Name: 1-8sphe.dat

0 Author: James Jessiman

0 !LDRAW_ORG Primitive UPDATE 2012-03

0 !LICENSE Licensed under CC BY 4.0 : see CAreadme.txt



0 BFC CERTIFY CCW



0 !HISTORY 2000-08-01 {Axel Poque} fixes to resolve L3P error messages.

0 !HISTORY 2000-08-01 {Manfred Moolhuysen} fixes to resolve L3P error messages.

0 !HISTORY 2000-09-30 [PTadmin] Official Update 2000-02

0 !HISTORY 2002-03-28 [hafhead] Made BFC compliant

0 !HISTORY 2002-04-25 [PTadmin] Official Update 2002-02

0 !HISTORY 2007-06-22 [PTadmin] Header formatted for Contributor Agreement

0 !HISTORY 2008-07-01 [PTadmin] Official Update 2008-01

0 !HISTORY 2010-09-12 [MagFors] Changed winding, removed duplicated cond-line, optimized filesize

0 !HISTORY 2010-12-31 [PTadmin] Official Update 2010-03

0 !HISTORY 2012-07-01 [tcobbs] Replaced with geometry from LDView

0 !HISTORY 2012-12-28 [PTadmin] Official Update 2012-03





3 16 1 0 0 0.9239 0.3827 0 0.9239 0 0.3827

3 16 0.9239 0.3827 0 0.7836 0.4393 0.4393 0.9239 0 0.3827

3 16 0.9239 0 0.3827 0.7836 0.4393 0.4393 0.7071 0 0.7071

3 16 0.7836 0.4393 0.4393 0.4393 0.4393 0.7836 0.7071 0 0.7071

3 16 0.7071 0 0.7071 0.4393 0.4393 0.7836 0.3827 0 0.9239

3 16 0.4393 0.4393 0.7836 0 0.3827 0.9239 0.3827 0 0.9239

3 16 0.3827 0 0.9239 0 0.3827 0.9239 0 0 1

3 16 0.9239 0.3827 0 0.7071 0.7071 0 0.7836 0.4393 0.4393

3 16 0.7071 0.7071 0 0.4393 0.7836 0.4393 0.7836 0.4393 0.4393

3 16 0.7836 0.4393 0.4393 0.4393 0.7836 0.4393 0.4393 0.4393 0.7836

3 16 0.4393 0.7836 0.4393 0 0.7071 0.7071 0.4393 0.4393 0.7836

3 16 0.4393 0.4393 0.7836 0 0.7071 0.7071 0 0.3827 0.9239

3 16 0.7071 0.7071 0 0.3827 0.9239 0 0.4393 0.7836 0.4393

3 16 0.3827 0.9239 0 0 0.9239 0.3827 0.4393 0.7836 0.4393

3 16 0.4393 0.7836 0.4393 0 0.9239 0.3827 0 0.7071 0.7071

3 16 0.3827 0.9239 0 0 1 0 0 0.9239 0.3827



5 24 1 0 0 0.9239 0.3827 0 1 0 -0.1 0.9239 0 0.3827

5 24 0.9239 0.3827 0 0.9239 0 0.3827 1 0 0 0.7836 0.4393 0.4393

5 24 1 0 0 0.9239 0 0.3827 0.9239 0.3827 0 1 -0.1 0

5 24 0.9239 0 0.3827 0.7836 0.4393 0.4393 0.9239 0.3827 0 0.7071 0 0.7071

5 24 0.7836 0.4393 0.4393 0.7071 0 0.7071 0.9239 0 0.3827 0.4393 0.4393 0.7836

5 24 0.9239 0 0.3827 0.7071 0 0.7071 0.7836 0.4393 0.4393 0.9239 -0.1 0.3827

5 24 0.7071 0 0.7071 0.4393 0.4393 0.7836 0.7836 0.4393 0.4393 0.3827 0 0.9239

5 24 0.4393 0.4393 0.7836 0.3827 0 0.9239 0.7071 0 0.7071 0 0.3827 0.9239

5 24 0.7071 0 0.7071 0.3827 0 0.9239 0.4393 0.4393 0.7836 0.7071 -0.1 0.7071

5 24 0.3827 0 0.9239 0 0.3827 0.9239 0.4393 0.4393 0.7836 0 0 1

5 24 0 0.3827 0.9239 0 0 1 0.3827 0 0.9239 -0.1 0.3827 0.9239

5 24 0.3827 0 0.9239 0 0 1 0 0.3827 0.9239 0.3827 -0.1 0.9239

5 24 0.9239 0.3827 0 0.7071 0.7071 0 0.9239 0.3827 -0.1 0.7836 0.4393 0.4393

5 24 0.7071 0.7071 0 0.7836 0.4393 0.4393 0.9239 0.3827 0 0.4393 0.7836 0.4393

5 24 0.9239 0.3827 0 0.7836 0.4393 0.4393 0.7071 0.7071 0 0.9239 0 0.3827

5 24 0.7836 0.4393 0.4393 0.4393 0.7836 0.4393 0.7071 0.7071 0 0.4393 0.4393 0.7836

5 24 0.4393 0.7836 0.4393 0.4393 0.4393 0.7836 0.7836 0.4393 0.4393 0 0.7071 0.7071

5 24 0.7836 0.4393 0.4393 0.4393 0.4393 0.7836 0.4393 0.7836 0.4393 0.7071 0 0.7071

5 24 0.4393 0.4393 0.7836 0 0.7071 0.7071 0.4393 0.7836 0.4393 0 0.3827 0.9239

5 24 0 0.7071 0.7071 0 0.3827 0.9239 0.4393 0.4393 0.7836 -0.1 0.7071 0.7071

5 24 0.4393 0.4393 0.7836 0 0.3827 0.9239 0 0.7071 0.7071 0.3827 0 0.9239

5 24 0.7071 0.7071 0 0.3827 0.9239 0 0.7071 0.7071 -0.1 0.4393 0.7836 0.4393

5 24 0.3827 0.9239 0 0.4393 0.7836 0.4393 0.7071 0.7071 0 0 0.9239 0.3827

5 24 0.7071 0.7071 0 0.4393 0.7836 0.4393 0.3827 0.9239 0 0.7836 0.4393 0.4393

5 24 0.4393 0.7836 0.4393 0 0.9239 0.3827 0.3827 0.9239 0 0 0.7071 0.7071

5 24 0 0.9239 0.3827 0 0.7071 0.7071 0.4393 0.7836 0.4393 -0.1 0.9239 0.3827

5 24 0.4393 0.7836 0.4393 0 0.7071 0.7071 0 0.9239 0.3827 0.4393 0.4393 0.7836

5 24 0.3827 0.9239 0 0 1 0 0.3827 0.9239 -0.1 0 0.9239 0.3827

5 24 0 1 0 0 0.9239 0.3827 0.3827 0.9239 0 -0.1 1 0

5 24 0.3827 0.9239 0 0 0.9239 0.3827 0 1 0 0.4393 0.7836 0.4393

0 NOFILE

0 FILE 3062b.dat
0 Brick  1 x  1 Round with Hollow Stud

0 Name: 3062b.dat

0 Author: James Jessiman

0 !LDRAW_ORG Part UPDATE 2022-02

0 !LICENSE Licensed under CC BY 4.0 : see CAreadme.txt



0 BFC CERTIFY CCW



0 !KEYWORDS BrickLink 3062



0 !HISTORY 1998-06-20 [PTadmin] Official Update 1998-06

0 !HISTORY 2003-08-02 [OrionP] Made some primitive subs

0 !HISTORY 2003-08-04 [Steffen] replaced peghole.dat by stud4a.dat

0 !HISTORY 2003-12-19 [PTadmin] Official Update 2003-03

0 !HISTORY 2007-06-10 [PTadmin] Header formatted for Contributor Agreement

0 !HISTORY 2008-07-01 [PTadmin] Official Update 2008-01

0 !HISTORY 2009-03-19 [tchang] Add missing <CR>

0 !HISTORY 2009-09-03 [PTadmin] Official Update 2009-02

0 !HISTORY 2020-12-12 [RainbowDolphin] Subparted for patterns

0 !HISTORY 2022-03-06 [PTadmin] Official Update 2022-02





1 16 0 0 0 1 0 0 0 1 0 0 0 1 s__3062bs01.dat

1 16 0 0 0 10 0 0 0 19 0 0 0 10 4-4cyli.dat

0 NOFILE

0 FILE s__3062bs01.dat
0 ~Brick  1 x  1 Round with Hollow Stud without Outer Surface

0 Name: s\3062bs01.dat

0 Author: Takeshi Takahashi [RainbowDolphin]

0 !LDRAW_ORG Subpart UPDATE 2022-02

0 !LICENSE Licensed under CC BY 4.0 : see CAreadme.txt



0 BFC CERTIFY CCW



0 !HISTORY 2022-03-06 [PTadmin] Official Update 2022-02





1 16 0 4 0 4 0 0 0 1 0 0 0 4 4-4edge.dat

1 16 0 19 0 10 0 0 0 1 0 0 0 10 4-4edge.dat

1 16 0 0 0 10 0 0 0 1 0 0 0 10 4-4edge.dat

1 16 0 0 0 6 0 0 0 1 0 0 0 6 4-4edge.dat

0 BFC INVERTNEXT

1 16 0 0 0 4 0 0 0 4 0 0 0 4 4-4cyli.dat

1 16 0 0 0 1 0 0 0 1 0 0 0 1 stud2a.dat

1 16 0 0 0 2 0 0 0 1 0 0 0 2 4-4ring3.dat

1 16 0 4 0 2 0 0 0 -1 0 0 0 2 4-4ring2.dat

1 16 0 0 0 2 0 0 0 1 0 0 0 2 4-4ring4.dat

1 16 0 19 0 2 0 0 0 -1 0 0 0 2 4-4ring4.dat

1 16 0 19 0 8 0 0 0 5 0 0 0 8 4-4cylo.dat

1 16 0 4 0 1 0 0 0 -5 0 0 0 -1 stud4od.dat

0 NOFILE

0 FILE stud4od.dat
0 Stud Tube Open without Outer Cylinder and Top Surface

0 Name: stud4od.dat

0 Author: Philippe Hurbain [Philo]

0 !LDRAW_ORG Primitive UPDATE 2013-02

0 !LICENSE Licensed under CC BY 4.0 : see CAreadme.txt



0 !HELP This stud is a "antistud" to be used like a underside stud,

0 !HELP but without the outer cylinder.

0 !HELP 1 47 0 0 0 1 0 0 0 1 0 0 0 1 stud4.dat



0 BFC CERTIFY CCW



0 !HISTORY 2013-12-23 [PTadmin] Official Update 2013-02





1 16 0 -4 0 2 0 0 0 1 0 0 0 2 4-4ring3.dat

0 BFC INVERTNEXT

1 16 0 0 0 -6 0 0 0 -4 0 0 0 6 4-4cylo.dat

0 NOFILE

0 FILE 3710.dat
0 Plate  1 x  4

0 Name: 3710.dat

0 Author: James Jessiman

0 !LDRAW_ORG Part UPDATE 2023-06

0 !LICENSE Licensed under CC BY 4.0 : see CAreadme.txt



0 BFC CERTIFY CCW



0 !HISTORY 2004-07-25 [guyvivan] Made BFC Compliant

0 !HISTORY 2004-11-06 [PTadmin] Official Update 2004-04

0 !HISTORY 2007-06-29 [PTadmin] Header formatted for Contributor Agreement

0 !HISTORY 2008-07-01 [PTadmin] Official Update 2008-01

0 !HISTORY 2023-03-28 [Sirio] Introduced use of subpart

0 !HISTORY 2023-11-19 [OrionP] Official Update 2023-06





1 16 0 0 0 1 0 0 0 1 0 0 0 1 s__3710s01.dat

4 16 -40 0 -10 -40 8 -10 40 8 -10 40 0 -10

0 NOFILE

0 FILE s__3710s01.dat
0 ~Plate  1 x  4 without Front Face

0 Name: s\3710s01.dat

0 Author: Massimo Maso [Sirio]

0 !LDRAW_ORG Subpart UPDATE 2023-06

0 !LICENSE Licensed under CC BY 4.0 : see CAreadme.txt



0 BFC CERTIFY CCW



0 !HISTORY 2023-11-19 [OrionP] Official Update 2023-06





1 16 0 4 0 1 0 0 0 -1 0 0 0 1 stug3-1x3.dat

0 BFC INVERTNEXT

1 16 0 8 0 36 0 0 0 -4 0 0 0 6 box5.dat

4 16 40 8 10 36 8 6 -36 8 6 -40 8 10

4 16 -40 8 10 -36 8 6 -36 8 -6 -40 8 -10

4 16 -40 8 -10 -36 8 -6 36 8 -6 40 8 -10

4 16 40 8 -10 36 8 -6 36 8 6 40 8 10

1 16 0 8 0 40 0 0 0 -8 0 0 0 10 box4t.dat

1 16 0 0 0 1 0 0 0 1 0 0 0 1 stug-1x4.dat

0 NOFILE

0 FILE stug-1x4.dat
0 Stud Group  1 x  4

0 Name: stug-1x4.dat

0 Author: Steffen [Steffen]

0 !LDRAW_ORG Primitive UPDATE 2011-01

0 !LICENSE Licensed under CC BY 4.0 : see CAreadme.txt



0 BFC CERTIFY CCW



0 !HISTORY 2011-07-25 [PTadmin] Official Update 2011-01





1 16 -30 0 0 1 0 0 0 1 0 0 0 1 stud.dat

1 16 -10 0 0 1 0 0 0 1 0 0 0 1 stud.dat

1 16 10 0 0 1 0 0 0 1 0 0 0 1 stud.dat

1 16 30 0 0 1 0 0 0 1 0 0 0 1 stud.dat

0 NOFILE

0 FILE stug3-1x3.dat
0 Stud Tube Solid Group  1 x  3

0 Name: stug3-1x3.dat

0 Author: Steffen [Steffen]

0 !LDRAW_ORG Primitive UPDATE 2012-02

0 !LICENSE Licensed under CC BY 4.0 : see CAreadme.txt



0 BFC CERTIFY CCW



0 !HISTORY 2012-08-09 [PTadmin] Official Update 2012-02





1 16 -20 0 0 1 0 0 0 1 0 0 0 1 stud3.dat

1 16 0 0 0 1 0 0 0 1 0 0 0 1 stud3.dat

1 16 20 0 0 1 0 0 0 1 0 0 0 1 stud3.dat

0 NOFILE

0 FILE 3795.dat
0 Plate  2 x  6

0 Name: 3795.dat

0 Author: James Jessiman

0 !LDRAW_ORG Part UPDATE 2025-09

0 !LICENSE Licensed under CC BY 4.0 : see CAreadme.txt



0 BFC CERTIFY CCW



0 !HISTORY 2003-08-01 [Steffen] BFCed

0 !HISTORY 2003-12-19 [PTadmin] Official Update 2003-03

0 !HISTORY 2007-06-29 [PTadmin] Header formatted for Contributor Agreement

0 !HISTORY 2008-07-01 [PTadmin] Official Update 2008-01

0 !HISTORY 2025-09-27 [OrionP] Changed winding to CCW

0 !HISTORY 2025-09-29 [OrionP] Official Update 2025-09



1 16 40 4 0 1 0 0 0 -1 0 0 0 1 stud4.dat

1 16 20 4 0 1 0 0 0 -1 0 0 0 1 stud4.dat

1 16 0 4 0 1 0 0 0 -1 0 0 0 1 stud4.dat

1 16 -20 4 0 1 0 0 0 -1 0 0 0 1 stud4.dat

1 16 -40 4 0 1 0 0 0 -1 0 0 0 1 stud4.dat

0 BFC INVERTNEXT

1 16 0 8 0 56 0 0 0 -4 0 0 0 16 box5.dat

4 16 60 8 20 56 8 16 -56 8 16 -60 8 20

4 16 -60 8 -20 -56 8 -16 56 8 -16 60 8 -20

4 16 60 8 -20 56 8 -16 56 8 16 60 8 20

4 16 -60 8 20 -56 8 16 -56 8 -16 -60 8 -20

1 16 0 8 0 60 0 0 0 -8 0 0 0 20 box5.dat

1 16 50 0 10 1 0 0 0 1 0 0 0 1 stud.dat

1 16 30 0 10 1 0 0 0 1 0 0 0 1 stud.dat

1 16 10 0 10 1 0 0 0 1 0 0 0 1 stud.dat

1 16 -10 0 10 1 0 0 0 1 0 0 0 1 stud.dat

1 16 -30 0 10 1 0 0 0 1 0 0 0 1 stud.dat

1 16 -50 0 10 1 0 0 0 1 0 0 0 1 stud.dat

1 16 50 0 -10 1 0 0 0 1 0 0 0 1 stud.dat

1 16 30 0 -10 1 0 0 0 1 0 0 0 1 stud.dat

1 16 10 0 -10 1 0 0 0 1 0 0 0 1 stud.dat

1 16 -10 0 -10 1 0 0 0 1 0 0 0 1 stud.dat

1 16 -30 0 -10 1 0 0 0 1 0 0 0 1 stud.dat

1 16 -50 0 -10 1 0 0 0 1 0 0 0 1 stud.dat

0
0 NOFILE

0 FILE 3022.dat
0 Plate  2 x  2

0 Name: 3022.dat

0 Author: James Jessiman

0 !LDRAW_ORG Part UPDATE 2002-03

0 !LICENSE Licensed under CC BY 4.0 : see CAreadme.txt



0 BFC CERTIFY CCW



0 !HISTORY 2001-10-26 [PTadmin] Official Update 2001-01

0 !HISTORY 2002-05-07 {unknown} BFC Certification

0 !HISTORY 2002-06-11 [PTadmin] Official Update 2002-03

0 !HISTORY 2007-06-07 [PTadmin] Header formatted for Contributor Agreement

0 !HISTORY 2008-07-01 [PTadmin] Official Update 2008-01





1 16 0 4 0 1 0 0 0 -1 0 0 0 1 stud4.dat



0 BFC INVERTNEXT

1 16 0 8 0 16 0 0 0 -4 0 0 0 16 box5.dat



4 16 20 8 20 16 8 16 -16 8 16 -20 8 20

0 // Next Line was 4 16 20 8 -20 16 8 -16 -16 8 -16 -20 8 -20

4 16 -20 8 -20 -16 8 -16 16 8 -16 20 8 -20

0 // Next Line was 4 16 20 8 20 16 8 16 16 8 -16 20 8 -20

4 16 20 8 -20 16 8 -16 16 8 16 20 8 20

4 16 -20 8 20 -16 8 16 -16 8 -16 -20 8 -20



1 16 0 8 0 20 0 0 0 -8 0 0 0 20 box5.dat



1 16 10 0 10 1 0 0 0 1 0 0 0 1 stud.dat

1 16 -10 0 10 1 0 0 0 1 0 0 0 1 stud.dat

1 16 10 0 -10 1 0 0 0 1 0 0 0 1 stud.dat

1 16 -10 0 -10 1 0 0 0 1 0 0 0 1 stud.dat

0

0 NOFILE

0 FILE 3034.dat
0 Plate  2 x  8

0 Name: 3034.dat

0 Author: James Jessiman

0 !LDRAW_ORG Part UPDATE 2003-03

0 !LICENSE Licensed under CC BY 4.0 : see CAreadme.txt



0 BFC CERTIFY CCW



0 !HISTORY 2001-10-26 [PTadmin] Official Update 2001-01

0 !HISTORY 2003-08-07 [jriley] BFCed

0 !HISTORY 2003-12-19 [PTadmin] Official Update 2003-03

0 !HISTORY 2007-06-07 [PTadmin] Header formatted for Contributor Agreement

0 !HISTORY 2008-07-01 [PTadmin] Official Update 2008-01





1 16 60 4 0 1 0 0 0 -1 0 0 0 1 stud4.dat

1 16 40 4 0 1 0 0 0 -1 0 0 0 1 stud4.dat

1 16 20 4 0 1 0 0 0 -1 0 0 0 1 stud4.dat

1 16 0 4 0 1 0 0 0 -1 0 0 0 1 stud4.dat

1 16 -20 4 0 1 0 0 0 -1 0 0 0 1 stud4.dat

1 16 -40 4 0 1 0 0 0 -1 0 0 0 1 stud4.dat

1 16 -60 4 0 1 0 0 0 -1 0 0 0 1 stud4.dat

0 BFC INVERTNEXT

1 16 0 8 0 76 0 0 0 -4 0 0 0 16 box5.dat

4 16 80 8 20 76 8 16 -76 8 16 -80 8 20

4 16 80 8 -20 -80 8 -20 -76 8 -16 76 8 -16

4 16 80 8 20 80 8 -20 76 8 -16 76 8 16

4 16 -80 8 20 -76 8 16 -76 8 -16 -80 8 -20

1 16 0 8 0 80 0 0 0 -8 0 0 0 20 box5.dat

1 16 70 0 10 1 0 0 0 1 0 0 0 1 stud.dat

1 16 50 0 10 1 0 0 0 1 0 0 0 1 stud.dat

1 16 30 0 10 1 0 0 0 1 0 0 0 1 stud.dat

1 16 10 0 10 1 0 0 0 1 0 0 0 1 stud.dat

1 16 -10 0 10 1 0 0 0 1 0 0 0 1 stud.dat

1 16 -30 0 10 1 0 0 0 1 0 0 0 1 stud.dat

1 16 -50 0 10 1 0 0 0 1 0 0 0 1 stud.dat

1 16 -70 0 10 1 0 0 0 1 0 0 0 1 stud.dat

1 16 70 0 -10 1 0 0 0 1 0 0 0 1 stud.dat

1 16 50 0 -10 1 0 0 0 1 0 0 0 1 stud.dat

1 16 30 0 -10 1 0 0 0 1 0 0 0 1 stud.dat

1 16 10 0 -10 1 0 0 0 1 0 0 0 1 stud.dat

1 16 -10 0 -10 1 0 0 0 1 0 0 0 1 stud.dat

1 16 -30 0 -10 1 0 0 0 1 0 0 0 1 stud.dat

1 16 -50 0 -10 1 0 0 0 1 0 0 0 1 stud.dat

1 16 -70 0 -10 1 0 0 0 1 0 0 0 1 stud.dat

0

0 NOFILE

0 FILE 3666.dat
0 Plate  1 x  6

0 Name: 3666.dat

0 Author: James Jessiman

0 !LDRAW_ORG Part UPDATE 2023-02

0 !LICENSE Licensed under CC BY 4.0 : see CAreadme.txt



0 BFC CERTIFY CCW



0 !HISTORY 2004-07-25 [guyvivan] Made BFC Compliant

0 !HISTORY 2004-11-06 [PTadmin] Official Update 2004-04

0 !HISTORY 2007-06-29 [PTadmin] Header formatted for Contributor Agreement

0 !HISTORY 2008-07-01 [PTadmin] Official Update 2008-01

0 !HISTORY 2023-03-22 [Sirio] Introduced use of subpart

0 !HISTORY 2023-04-17 [OrionP] Official Update 2023-02





1 16 0 0 0 1 0 0 0 1 0 0 0 1 s__3666s01.dat

4 16 -60 8 -10 60 8 -10 60 0 -10 -60 0 -10

0 NOFILE

0 FILE s__3666s01.dat
0 ~Plate  1 x  6 without Front Face

0 Name: s\3666s01.dat

0 Author: Massimo Maso [Sirio]

0 !LDRAW_ORG Subpart UPDATE 2023-02

0 !LICENSE Licensed under CC BY 4.0 : see CAreadme.txt



0 BFC CERTIFY CCW



0 !HISTORY 2023-04-17 [OrionP] Official Update 2023-02





1 16 0 4 0 1 0 0 0 -1 0 0 0 1 stug3-1x5.dat

0 BFC INVERTNEXT

1 16 0 8 0 56 0 0 0 -4 0 0 0 6 box5.dat

4 16 60 8 10 56 8 6 -56 8 6 -60 8 10

4 16 -60 8 10 -56 8 6 -56 8 -6 -60 8 -10

4 16 -60 8 -10 -56 8 -6 56 8 -6 60 8 -10

4 16 60 8 -10 56 8 -6 56 8 6 60 8 10

1 16 0 8 0 60 0 0 0 -8 0 0 0 10 box4t.dat

1 16 0 0 0 1 0 0 0 1 0 0 0 1 stug-1x6.dat

0 NOFILE

0 FILE stug-1x6.dat
0 Stud Group  1 x  6

0 Name: stug-1x6.dat

0 Author: Steffen [Steffen]

0 !LDRAW_ORG Primitive UPDATE 2011-01

0 !LICENSE Licensed under CC BY 4.0 : see CAreadme.txt



0 BFC CERTIFY CCW



0 !HISTORY 2011-07-25 [PTadmin] Official Update 2011-01





1 16 -50 0 0 1 0 0 0 1 0 0 0 1 stud.dat

1 16 -30 0 0 1 0 0 0 1 0 0 0 1 stud.dat

1 16 -10 0 0 1 0 0 0 1 0 0 0 1 stud.dat

1 16 10 0 0 1 0 0 0 1 0 0 0 1 stud.dat

1 16 30 0 0 1 0 0 0 1 0 0 0 1 stud.dat

1 16 50 0 0 1 0 0 0 1 0 0 0 1 stud.dat

0 NOFILE

0 FILE stug3-1x5.dat
0 Stud Tube Solid Group  1 x  5

0 Name: stug3-1x5.dat

0 Author: Steffen [Steffen]

0 !LDRAW_ORG Primitive UPDATE 2013-01

0 !LICENSE Licensed under CC BY 4.0 : see CAreadme.txt



0 BFC CERTIFY CCW



0 !HISTORY 2013-07-21 [PTadmin] Official Update 2013-01





1 16 -40 0 0 1 0 0 0 1 0 0 0 1 stud3.dat

1 16 -20 0 0 1 0 0 0 1 0 0 0 1 stud3.dat

1 16 0 0 0 1 0 0 0 1 0 0 0 1 stud3.dat

1 16 20 0 0 1 0 0 0 1 0 0 0 1 stud3.dat

1 16 40 0 0 1 0 0 0 1 0 0 0 1 stud3.dat

0 NOFILE

0 FILE 3020.dat
0 Plate  2 x  4

0 Name: 3020.dat

0 Author: James Jessiman

0 !LDRAW_ORG Part UPDATE 2002-03

0 !LICENSE Licensed under CC BY 4.0 : see CAreadme.txt



0 BFC CERTIFY CCW



0 !HISTORY 2001-10-26 [PTadmin] Official Update 2001-01

0 !HISTORY 2002-05-07 {unknown} BFC Certification

0 !HISTORY 2002-06-11 [PTadmin] Official Update 2002-03

0 !HISTORY 2007-06-07 [PTadmin] Header formatted for Contributor Agreement

0 !HISTORY 2008-07-01 [PTadmin] Official Update 2008-01





1 16 20 4 0 1 0 0 0 -1 0 0 0 1 stud4.dat

1 16 0 4 0 1 0 0 0 -1 0 0 0 1 stud4.dat

1 16 -20 4 0 1 0 0 0 -1 0 0 0 1 stud4.dat



0 BFC INVERTNEXT

1 16 0 8 0 36 0 0 0 -4 0 0 0 16 box5.dat



4 16 40 8 20 36 8 16 -36 8 16 -40 8 20

0 // Next Line was 4 16 40 8 -20 36 8 -16 -36 8 -16 -40 8 -20

4 16 -40 8 -20 -36 8 -16 36 8 -16 40 8 -20

0 // Next Line was 4 16 40 8 20 36 8 16 36 8 -16 40 8 -20

4 16 40 8 -20 36 8 -16 36 8 16 40 8 20

4 16 -40 8 20 -36 8 16 -36 8 -16 -40 8 -20



1 16 0 8 0 40 0 0 0 -8 0 0 0 20 box5.dat



1 16 30 0 10 1 0 0 0 1 0 0 0 1 stud.dat

1 16 10 0 10 1 0 0 0 1 0 0 0 1 stud.dat

1 16 -10 0 10 1 0 0 0 1 0 0 0 1 stud.dat

1 16 -30 0 10 1 0 0 0 1 0 0 0 1 stud.dat

1 16 30 0 -10 1 0 0 0 1 0 0 0 1 stud.dat

1 16 10 0 -10 1 0 0 0 1 0 0 0 1 stud.dat

1 16 -10 0 -10 1 0 0 0 1 0 0 0 1 stud.dat

1 16 -30 0 -10 1 0 0 0 1 0 0 0 1 stud.dat

0

0 NOFILE

0 FILE 3623.dat
0 Plate  1 x  3

0 Name: 3623.dat

0 Author: James Jessiman

0 !LDRAW_ORG Part UPDATE 2017-01

0 !LICENSE Licensed under CC BY 4.0 : see CAreadme.txt



0 BFC CERTIFY CCW



0 !HISTORY 2003-06-08 [jriley] BFC compliant

0 !HISTORY 2003-12-19 [PTadmin] Official Update 2003-03

0 !HISTORY 2007-06-25 [PTadmin] Header formatted for Contributor Agreement

0 !HISTORY 2008-07-01 [PTadmin] Official Update 2008-01

0 !HISTORY 2017-04-02 [Sirio] Introduced use of subpart

0 !HISTORY 2017-12-30 [PTadmin] Official Update 2017-01





1 16 0 0 0 1 0 0 0 1 0 0 0 1 s__3623s01.dat

4 16 -30 8 -10 30 8 -10 30 0 -10 -30 0 -10

0 NOFILE

0 FILE s__3623s01.dat
0 ~Plate  1 x  3 without Front Face

0 Name: s\3623s01.dat

0 Author: Massimo Maso [Sirio]

0 !LDRAW_ORG Subpart UPDATE 2017-01

0 !LICENSE Licensed under CC BY 4.0 : see CAreadme.txt



0 BFC CERTIFY CCW



0 !HISTORY 2017-12-30 [PTadmin] Official Update 2017-01





1 16 10 4 0 1 0 0 0 -1 0 0 0 1 stud3.dat

1 16 -10 4 0 1 0 0 0 -1 0 0 0 1 stud3.dat

0 BFC INVERTNEXT

1 16 0 8 0 26 0 0 0 -4 0 0 0 6 box5.dat

4 16 30 8 10 26 8 6 -26 8 6 -30 8 10

4 16 -30 8 10 -26 8 6 -26 8 -6 -30 8 -10

4 16 -30 8 -10 -26 8 -6 26 8 -6 30 8 -10

4 16 30 8 -10 26 8 -6 26 8 6 30 8 10

1 16 0 8 0 30 0 0 0 -8 0 0 0 10 box4t.dat

1 16 0 0 0 1 0 0 0 1 0 0 0 1 stug-1x3.dat

0 NOFILE

0 FILE stug-1x3.dat
0 Stud Group  1 x  3

0 Name: stug-1x3.dat

0 Author: Steffen [Steffen]

0 !LDRAW_ORG Primitive UPDATE 2012-01

0 !LICENSE Licensed under CC BY 4.0 : see CAreadme.txt



0 BFC CERTIFY CCW



0 !HISTORY 2012-03-30 [PTadmin] Official Update 2012-01





1 16 -20 0 0 1 0 0 0 1 0 0 0 1 stud.dat

1 16 0 0 0 1 0 0 0 1 0 0 0 1 stud.dat

1 16 20 0 0 1 0 0 0 1 0 0 0 1 stud.dat

0 NOFILE

0 FILE 3021.dat
0 Plate  2 x  3

0 Name: 3021.dat

0 Author: James Jessiman

0 !LDRAW_ORG Part UPDATE 2002-03

0 !LICENSE Licensed under CC BY 4.0 : see CAreadme.txt



0 BFC CERTIFY CCW



0 !HISTORY 2001-10-26 [PTadmin] Official Update 2001-01

0 !HISTORY 2002-05-07 {unknown} BFC Certification

0 !HISTORY 2002-06-11 [PTadmin] Official Update 2002-03

0 !HISTORY 2007-06-07 [PTadmin] Header formatted for Contributor Agreement

0 !HISTORY 2008-07-01 [PTadmin] Official Update 2008-01





1 16 10 4 0 1 0 0 0 -1 0 0 0 1 stud4.dat

1 16 -10 4 0 1 0 0 0 -1 0 0 0 1 stud4.dat



0 BFC INVERTNEXT

1 16 0 8 0 26 0 0 0 -4 0 0 0 16 box5.dat



4 16 30 8 20 26 8 16 -26 8 16 -30 8 20

0 // Next Line was 4 16 30 8 -20 26 8 -16 -26 8 -16 -30 8 -20

4 16 -30 8 -20 -26 8 -16 26 8 -16 30 8 -20

0 // Next Line was 4 16 30 8 20 26 8 16 26 8 -16 30 8 -20

4 16 30 8 -20 26 8 -16 26 8 16 30 8 20

4 16 -30 8 20 -26 8 16 -26 8 -16 -30 8 -20



1 16 0 8 0 30 0 0 0 -8 0 0 0 20 box5.dat



1 16 20 0 10 1 0 0 0 1 0 0 0 1 stud.dat

1 16 0 0 10 1 0 0 0 1 0 0 0 1 stud.dat

1 16 -20 0 10 1 0 0 0 1 0 0 0 1 stud.dat

1 16 20 0 -10 1 0 0 0 1 0 0 0 1 stud.dat

1 16 0 0 -10 1 0 0 0 1 0 0 0 1 stud.dat

1 16 -20 0 -10 1 0 0 0 1 0 0 0 1 stud.dat

0

0 NOFILE

0 FILE 26601.dat
0 Plate  2 x  2 without Corner

0 Name: 26601.dat

0 Author: Magnus Forsberg [MagFors]

0 !LDRAW_ORG Part UPDATE 2024-03

0 !LICENSE Licensed under CC BY 4.0 : see CAreadme.txt



0 BFC CERTIFY CCW



0 !KEYWORDS Wing



0 !HISTORY 2017-12-30 [PTadmin] Official Update 2017-01

0 !HISTORY 2024-04-12 [Holly-Wood] Added keyword

0 !HISTORY 2024-04-28 [OrionP] Official Update 2024-03



1 16 0 4 0 1 0 0 0 -1 0 0 0 1 stud4.dat

2 24 -16 4 16 -16 8 16

0 BFC INVERTNEXT

1 16 -16 8 -16 14.3432 0 0 0 -4 0 0 0 32 tri3a4.dat

0 BFC INVERTNEXT

1 16 16 8 16 0 0 -32 0 -4 0 -14.3432 0 0 tri3a4.dat

1 16 15.1213 6 -2.0503 0 -2.2929 -1.4142 2 0 0 0 -2.2929 1.4142 box2-5.dat

1 16 2.0503 6 -15.1213 0 2.2929 -1.4142 2 0 0 0 2.2929 1.4142 box2-5.dat

1 16 8.5858 4 -8.5858 1.4142 0 -4.2426 0 -1 0 -1.4142 0 -4.2426 rect1.dat

3 16 -16 4 16 16 4 1.6568 11.4142 4 -2.929

3 16 -16 4 16 11.4142 4 -2.929 2.929 4 -11.4142

3 16 -16 4 16 2.929 4 -11.4142 -1.6568 4 -16



4 16 20 8 20 16 8 16 -16 8 16 -20 8 20

4 16 20 8 0 16 8 1.6568 16 8 16 20 8 20

4 16 11.4142 8 -2.929 16 8 1.6568 20 8 0 14.2426 8 -5.7574

4 16 2.929 8 -11.4142 5.7574 8 -14.2426 0 8 -20 -1.6568 8 -16

4 16 -20 8 -20 -16 8 -16 -1.6568 8 -16 0 8 -20

4 16 -20 8 20 -16 8 16 -16 8 -16 -20 8 -20



2 24 20 8 0 14.2426 8 -5.7574

2 24 5.7574 8 -14.2426 0 8 -20

1 16 10 4 -10 10 -1 0 0 0 -4 10 0 0 recte3.dat

4 16 20 0 0 0 0 -20 5.7574 4 -14.2426 14.2426 4 -5.7574

4 16 14.2426 4 -5.7574 14.2426 8 -5.7574 20 8 0 20 0 0

4 16 0 0 -20 0 8 -20 5.7574 8 -14.2426 5.7574 4 -14.2426

2 24 -20 0 20 -20 8 20

3 16 0 0 -20 20 0 0 -20 0 20

1 16 -20 8 -20 20 0 0 0 -8 0 0 0 40 tri3a4.dat

1 16 20 8 20 0 0 -40 0 -8 0 -20 0 0 tri3a4.dat



1 16 10 0 10 1 0 0 0 1 0 0 0 1 stud.dat

1 16 -10 0 10 1 0 0 0 1 0 0 0 1 stud.dat

1 16 -10 0 -10 1 0 0 0 1 0 0 0 1 stud.dat

0 NOFILE

0 FILE box2-5.dat
0 Box with 2 Faces without 5 Edges

0 Name: box2-5.dat

0 Author: Steffen [Steffen]

0 !LDRAW_ORG Primitive UPDATE 2003-03

0 !LICENSE Licensed under CC BY 4.0 : see CAreadme.txt



0 BFC CERTIFY CCW



0 !HISTORY 2003-12-19 [PTadmin] Official Update 2003-03

0 !HISTORY 2007-06-24 [PTadmin] Header formatted for Contributor Agreement

0 !HISTORY 2008-07-01 [PTadmin] Official Update 2008-01





2 24 1 1 1 -1 1 1

2 24 1 1 -1 -1 1 -1

2 24 1 -1 1 -1 -1 1

2 24 -1 -1 1 -1 1 1

2 24 1 -1 1 1 1 1

2 24 -1 1 -1 -1 1 1

2 24 1 1 -1 1 1 1

4 16 1 1 1 1 1 -1 -1 1 -1 -1 1 1

4 16 1 1 1 -1 1 1 -1 -1 1 1 -1 1

0

0 NOFILE

0 FILE tri3a4.dat
0 Triangular Prism with 3 Adjacent Faces without 4 Edges

0 Name: tri3a4.dat

0 Author: Magnus Forsberg [MagFors]

0 !LDRAW_ORG Primitive UPDATE 2017-01

0 !LICENSE Licensed under CC BY 4.0 : see CAreadme.txt



0 BFC CERTIFY CCW



0 !HISTORY 2017-12-30 [PTadmin] Official Update 2017-01





2 24 0 1 1 0 1 0

2 24 0 1 0 1 1 0

2 24 0 0 1 0 0 0

2 24 0 0 0 1 0 0

2 24 0 0 0 0 1 0

4 16 0 1 1 0 1 0 0 0 0 0 0 1

4 16 0 1 0 1 1 0 1 0 0 0 0 0

3 16 0 1 0 0 1 1 1 1 0

0 NOFILE

0 FILE 2431.dat
0 Tile  1 x  4 with Groove

0 Name: 2431.dat

0 Author: Santeri Piippo [arezey]

0 !LDRAW_ORG Part UPDATE 2010-02

0 !LICENSE Licensed under CC BY 4.0 : see CAreadme.txt



0 BFC CERTIFY CCW



0 !HISTORY 2010-07-05 [PTadmin] Official Update 2010-02





1 16 0 0 0 1 0 0 0 1 0 0 0 1 s__2431s01.dat

4 16 40 0 -10 40 0 10 -40 0 10 -40 0 -10

0 //

0 NOFILE

0 FILE s__2431s01.dat
0 ~Tile  1 x  4 with Groove without Top Face

0 Name: s\2431s01.dat

0 Author: Santeri Piippo [arezey]

0 !LDRAW_ORG Subpart UPDATE 2010-02

0 !LICENSE Licensed under CC BY 4.0 : see CAreadme.txt



0 BFC CERTIFY CCW



0 !HISTORY 2010-07-05 [PTadmin] Official Update 2010-02





1 16 0 0 0 40 0 0 0 7 0 0 0 10 box4.dat

1 16 0 7 0 39 0 0 0 1 0 0 0 9 box4.dat

0 BFC INVERTNEXT

1 16 0 8 0 36 0 0 0 -4 0 0 0 6 box5.dat

4 16 -39 8 9 -36 8 6 -36 8 -6 -39 8 -9

4 16 39 8 -9 36 8 -6 36 8 6 39 8 9

4 16 39 8 9 36 8 6 -36 8 6 -39 8 9

4 16 -39 8 -9 -36 8 -6 36 8 -6 39 8 -9

4 16 -40 7 10 -39 7 9 -39 7 -9 -40 7 -10

4 16 40 7 -10 39 7 -9 39 7 9 40 7 10

4 16 40 7 10 39 7 9 -39 7 9 -40 7 10

4 16 -40 7 -10 -39 7 -9 39 7 -9 40 7 -10

1 16 0 4 0 1 0 0 0 -1 0 0 0 1 stud3.dat

1 16 -20 4 0 1 0 0 0 -1 0 0 0 1 stud3.dat

1 16 20 4 0 1 0 0 0 -1 0 0 0 1 stud3.dat

0 //

0 NOFILE

0 FILE 27263.dat
0 Tile  2 x  2 Corner without Corner

0 Name: 27263.dat

0 Author: Magnus Forsberg [MagFors]

0 !LDRAW_ORG Part UPDATE 2017-01

0 !LICENSE Licensed under CC BY 4.0 : see CAreadme.txt



0 BFC CERTIFY CCW



0 !HISTORY 2017-12-30 [PTadmin] Official Update 2017-01





2 24 6 4 6 6 8 6

0 BFC INVERTNEXT

1 16 20 8 0 -6 0 0 0 -4 0 0 0 6 box5.dat

0 BFC INVERTNEXT

1 16 0 8 20 -6 0 0 0 -4 0 0 0 6 box5.dat

0 BFC INVERTNEXT

1 16 10 8 6 -4 0 0 0 -4 0 0 0 -10 tri3a4.dat

0 BFC INVERTNEXT

1 16 6 8 10 0 0 -10 0 -4 0 -4 0 0 tri3a4.dat

1 16 -2.6213 6 8.6213 -1.3787 0 0 0 0 -2 1.3787 -1 0 rect.dat

1 16 8.6213 6 -2.6213 0 -1 1.3787 -2 0 0 0 0 -1.3787 rect.dat



4 16 6 8 14 6 8 10 -4 8 10 -6 8 14

4 16 -3.5355 8 4.9497 -9 8 10.4142 -6 8 14 -4 8 10

3 16 -4 8 10 -1.2426 8 7.2426 -3.5355 8 4.9497

4 16 -9 8 29 -6 8 26 -6 8 14 -9 8 10.4142

4 16 9 8 29 6 8 26 -6 8 26 -9 8 29

4 16 9 8 9 6 8 14 6 8 26 9 8 29

3 16 6 8 14 9 8 9 6 8 10

4 16 9 8 9 10 8 6 6 8 6 6 8 10

3 16 9 8 9 14 8 6 10 8 6

4 16 29 8 9 26 8 6 14 8 6 9 8 9

4 16 29 8 -9 26 8 -6 26 8 6 29 8 9

4 16 10.4142 8 -9 14 8 -6 26 8 -6 29 8 -9

3 16 7.2426 8 -1.2426 10 8 -4 4.9497 8 -3.5355

4 16 14 8 -6 10.4142 8 -9 4.9497 8 -3.5355 10 8 -4

4 16 14 8 6 14 8 -6 10 8 -4 10 8 6



3 16 -1.2426 4 7.2426 -4 4 10 6 4 6

3 16 -1.2426 4 7.2426 6 4 6 7.2426 4 -1.2426

3 16 7.2426 4 -1.2426 6 4 6 10 4 -4



1 16 7.682 7.5 -6.2677 0 1 2.73225 -0.5 0 0 0 0 -2.73225 rect.dat

1 16 -6.2678 7.5 7.682 2.73225 0 0 0 0 0.5 -2.73225 1 0 rect.dat

1 16 0 7.5 19.7071 0 0 -9 0.5 0 0 0 9.2929 0 box2-7.dat

0 BFC INVERTNEXT

1 16 19 7.5 19 0 -10 0 0.5 0 0 0 0 -10 box2-5.dat

1 16 19.7071 7.5 0 0 0 9.2929 0.5 0 0 0 -9 0 box2-7.dat



2 24 4.9497 7 -3.5355 4.2426 7 -4.2426

2 24 -3.5355 7 4.9497 -4.2426 7 4.2426

2 24 4.2426 7 -4.2426 4.2426 4 -4.2426

2 24 -4.2426 4 4.2426 -4.2426 7 4.2426

2 24 -1.2426 8 7.2426 -3.5355 8 4.9497

2 24 4.9497 8 -3.5355 7.2426 8 -1.2426

3 16 7.2426 8 -1.2426 4.9497 8 -3.5355 4.9497 7 -3.5355

4 16 7.2426 8 -1.2426 4.9497 7 -3.5355 4.2426 4 -4.2426 7.2426 4 -1.2426

3 16 4.9497 7 -3.5355 4.2426 7 -4.2426 4.2426 4 -4.2426

3 16 -4.2426 4 4.2426 -4.2426 7 4.2426 -3.5355 7 4.9497

4 16 -4.2426 4 4.2426 -3.5355 7 4.9497 -1.2426 8 7.2426 -1.2426 4 7.2426

3 16 -3.5355 7 4.9497 -3.5355 8 4.9497 -1.2426 8 7.2426

1 16 1.5 4 1.5 4.2426 0 -1.5 0 -1 0 -4.2426 0 -1.5 rect3.dat



2 24 10 7 -10 4.2426 7 -4.2426

2 24 -4.2426 7 4.2426 -10 7 10

4 16 9 7 9 10 7 10 30 7 10 29 7 9

4 16 29 7 9 30 7 10 30 7 -10 29 7 -9

4 16 29 7 -9 30 7 -10 10 7 -10 10.4142 7 -9

4 16 4.9497 7 -3.5355 10.4142 7 -9 10 7 -10 4.2426 7 -4.2426

4 16 -9 7 10.4142 -3.5355 7 4.9497 -4.2426 7 4.2426 -10 7 10

4 16 -9 7 10.4142 -10 7 10 -10 7 30 -9 7 29

4 16 -9 7 29 -10 7 30 10 7 30 9 7 29

4 16 9 7 29 10 7 30 10 7 10 9 7 9



1 16 20 3.5 0 0 0 10 3.5 0 0 0 -10 0 box2-5.dat

0 BFC INVERTNEXT

1 16 20 3.5 20 0 -10 0 3.5 0 0 0 0 -10 box2-7.dat

1 16 0 3.5 20 0 0 -10 3.5 0 0 0 10 0 box2-5.dat

4 16 4.2426 7 -4.2426 10 7 -10 10 0 -10 4.2426 4 -4.2426

4 16 -10 0 10 -10 7 10 -4.2426 7 4.2426 -4.2426 4 4.2426

4 16 -4.2426 4 4.2426 4.2426 4 -4.2426 10 0 -10 -10 0 10

2 24 -10 0 10 10 0 -10



0 // Top Surface

4 16 30 0 10 10 0 10 10 0 -10 30 0 -10

4 16 10 0 10 10 0 30 -10 0 30 -10 0 10

3 16 10 0 10 -10 0 10 10 0 -10

0 NOFILE

0 FILE 3675.dat
0 Slope Brick 33  3 x  3 Double Convex

0 Name: 3675.dat

0 Author: James Jessiman

0 !LDRAW_ORG Part UPDATE 2012-01

0 !LICENSE Licensed under CC BY 4.0 : see CAreadme.txt



0 BFC CERTIFY CCW



0 !HISTORY 1998-06-20 [PTadmin] Official Update 1998-06

0 !HISTORY 2003-01-31 [sbliss] Completed header; BFC'ed

0 !HISTORY 2004-11-27 [guyvivan] Fixed underside studs

0 !HISTORY 2005-12-28 [PTadmin] Official Update 2005-01

0 !HISTORY 2007-06-29 [PTadmin] Header formatted for Contributor Agreement

0 !HISTORY 2008-07-01 [PTadmin] Official Update 2008-01

0 !HISTORY 2012-01-27 [jpouellet] Added underside ledge

0 !HISTORY 2012-03-30 [PTadmin] Official Update 2012-01





1 16 10 8 -10 1 0 0 0 -4 0 0 0 1 stud4a.dat

1 16 10 18 -30 1 0 0 0 -1.5 0 0 0 1 stud4a.dat

1 16 30 18 -30 1 0 0 0 -1.5 0 0 0 1 stud4a.dat

1 16 10 4 -10 -6 0 0 0 1 0 0 0 6 1-4edge.dat

1 16 10 4 -10 -6 0 0 0 1 3 0 0 -6 3-8edge.dat

1 16 10 4 -10 0 0 6 0 1 3 6 0 0 3-8edge.dat

1 16 10 4 -10 -8 0 0 0 1 0 0 0 8 1-4edge.dat

1 16 10 4 -10 -8 0 0 -0 1 4 0 0 -8 3-8edge.dat

1 16 10 4 -10 0 0 8 0 1 4 8 0 0 3-8edge.dat

0 BFC INVERTNEXT

1 16 10 7 -10 0 0 -6 0 -3 0 -6 0 0 1-4cyls.dat

0 BFC INVERTNEXT

1 16 10 7 -10 6 0 0 0 -3 0 0 0 -6 1-8cyls.dat

0 BFC INVERTNEXT

1 16 10 7 -10 0 0 6 0 -3 0 -6 0 0 1-8cyls.dat

0 BFC INVERTNEXT

1 16 10 7 -10 6 0 0 0 -3 0 0 0 6 1-4cyls.dat

0 BFC INVERTNEXT

1 16 10 4 -10 -6 0 0 0 3 0 0 0 6 1-4cyli.dat

0 BFC INVERTNEXT

1 16 10 7 -10 -6 0 0 0 1 0 0 0 -6 4-4cyli.dat

1 16 10 8 -10 0 0 -8 0 -4 0 -8 0 0 1-4cyls.dat

1 16 10 8 -10 8 0 0 0 -4 0 0 0 8 1-4cyls.dat

1 16 10 8 -10 0 0 8 0 -4 0 -8 0 0 1-8cyls.dat

1 16 10 8 -10 8 0 0 0 -4 0 0 0 -8 1-8cyls.dat

1 16 10 4 -10 -8 0 0 0 4 0 0 0 8 1-4cyli.dat

1 16 30 14 -30 -6 0 0 0 1 -3 0 0 6 1-8edge.dat

1 16 30 14 -30 0 0 -6 0 1 -3 6 0 0 1-8edge.dat

1 16 30 14 -30 -6 0 0 0 1 3 0 0 -6 3-8edge.dat

1 16 30 14 -30 0 0 6 0 1 3 6 0 0 3-8edge.dat

1 16 30 14 -30 -8 0 0 0 1 -4 0 0 8 1-8edge.dat

1 16 30 14 -30 0 0 -8 0 1 -4 8 0 0 1-8edge.dat

1 16 30 14 -30 -8 0 0 -0 1 4 0 0 -8 3-8edge.dat

1 16 30 14 -30 0 0 8 0 1 4 8 0 0 3-8edge.dat

0 BFC INVERTNEXT

1 16 30 17 -30 0 0 -6 0 -3 0 -6 0 0 1-4cyls.dat

0 BFC INVERTNEXT

1 16 30 17 -30 6 0 0 0 -3 0 0 0 -6 1-8cyls.dat

0 BFC INVERTNEXT

1 16 30 14 -30 0 0 -6 0 -3 0 -6 0 0 1-8cyls2.dat

0 BFC INVERTNEXT

1 16 30 14 -30 6 0 0 0 -3 0 0 0 6 1-8cyls2.dat

0 BFC INVERTNEXT

1 16 30 17 -30 0 0 6 0 -3 0 -6 0 0 1-8cyls.dat

0 BFC INVERTNEXT

1 16 30 17 -30 6 0 0 0 -3 0 0 0 6 1-4cyls.dat

0 BFC INVERTNEXT

1 16 30 14 -30 -6 0 0 0 3 0 0 0 6 1-4cyli.dat

0 BFC INVERTNEXT

1 16 30 17 -30 -6 0 0 0 1 0 0 0 -6 4-4cyli.dat

0 BFC INVERTNEXT

1 16 10 17 -30 -6 0 0 0 1 0 0 0 -6 4-4cyli.dat

1 16 30 18 -10 0 0 -1 0 -1.5 0 1 0 0 stud4a.dat

0 BFC INVERTNEXT

1 16 30 17 -10 0 0 6 0 1 0 -6 0 0 4-4cyli.dat

1 16 30 14 -10 0 0 6 0 1 3 6 0 0 4-4edge.dat

1 16 30 14 -10 0 0 8 0 1 4 8 0 0 4-4edge.dat

0 BFC INVERTNEXT

1 16 30 17 -10 6 0 0 0 -3 0 0 0 6 2-4cyls.dat

0 BFC INVERTNEXT

1 16 30 17 -10 6 0 0 0 -3 0 0 0 -6 2-4cyls.dat

1 16 30 18 -10 8 0 0 0 -4 0 0 0 8 2-4cyls.dat

1 16 30 18 -10 8 0 0 0 -4 0 0 0 -8 2-4cyls.dat

1 16 30 18 -30 0 0 -8 0 -4 0 -8 0 0 1-4cyls.dat

1 16 30 18 -30 8 0 0 0 -4 0 0 0 8 1-4cyls.dat

1 16 30 18 -30 0 0 8 0 -4 0 -8 0 0 1-8cyls.dat

1 16 30 18 -30 8 0 0 0 -4 0 0 0 -8 1-8cyls.dat

1 16 30 14 -30 0 0 -8 0 -4 0 -8 0 0 1-8cyls2.dat

1 16 30 14 -30 8 0 0 0 -4 0 0 0 8 1-8cyls2.dat

1 16 30 14 -30 -8 0 0 0 4 0 0 0 8 1-4cyli.dat

1 16 10 14 -30 6 0 0 0 1 3 0 0 -6 4-4edge.dat

1 16 10 14 -30 8 0 0 0 1 4 0 0 -8 4-4edge.dat

0 BFC INVERTNEXT

1 16 10 17 -30 0 0 6 0 -3 0 -6 0 0 2-4cyls.dat

0 BFC INVERTNEXT

1 16 10 17 -30 0 0 -6 0 -3 0 -6 0 0 2-4cyls.dat

1 16 10 18 -30 0 0 8 0 -4 0 -8 0 0 2-4cyls.dat

1 16 10 18 -30 0 0 -8 0 -4 0 -8 0 0 2-4cyls.dat

2 24 46 24 6 -6 24 6

2 24 -6 24 6 -6 24 -46

2 24 -6 24 -46 46 24 -46

2 24 46 24 -46 46 24 6

2 24 50 24 10 -10 24 10

2 24 -10 24 10 -10 24 -50

2 24 -10 24 -50 50 24 -50

2 24 50 24 -50 50 24 10

2 24 46 20 -46 -6 20 -46

2 24 46 20 6 46 20 -46

2 24 50 20 -50 -10 20 -50

2 24 50 20 10 50 20 -50

2 24 10 4 -10 -6 4 -10

2 24 -6 4 -10 -6 4 6

2 24 -6 4 6 10 4 6

2 24 10 4 6 10 4 -10

2 24 10 0 -10 -10 0 -10

2 24 -10 0 -10 -10 0 10

2 24 -10 0 10 10 0 10

2 24 10 0 10 10 0 -10

2 24 46 20 -46 46 24 -46

2 24 46 20 6 46 24 6

2 24 -6 20 -46 -6 24 -46

2 24 50 20 -50 50 24 -50

2 24 50 20 10 50 24 10

2 24 -10 20 -50 -10 24 -50

2 24 10 4 -10 42 20 -42

2 24 -6 4 -10 -6 20 -42

2 24 -6 4 6 -6 24 6

2 24 10 4 6 42 20 6

2 24 10 0 -10 50 20 -50

2 24 -10 0 -10 -10 20 -50

2 24 -10 0 10 -10 24 10

2 24 10 0 10 50 20 10

4 16 50 24 10 46 24 6 -6 24 6 -10 24 10

4 16 -10 24 10 -6 24 6 -6 24 -46 -10 24 -50

4 16 -10 24 -50 -6 24 -46 46 24 -46 50 24 -50

4 16 50 24 -50 46 24 -46 46 24 6 50 24 10

4 16 10 4 -10 -6 4 -10 -6 4 6 10 4 6

4 16 -10 0 10 -10 0 -10 10 0 -10 10 0 10

4 16 46 20 -46 46 20 6 46 24 6 46 24 -46

4 16 -6 24 -46 -6 20 -46 46 20 -46 46 24 -46

4 16 50 24 10 50 20 10 50 20 -50 50 24 -50

4 16 50 20 -50 -10 20 -50 -10 24 -50 50 24 -50

4 16 10 4 -10 42 20 -42 -6 20 -42 -6 4 -10

4 16 -6 4 -10 -6 20 -42 -6 24 6 -6 4 6

4 16 -6 20 -46 -6 24 -46 -6 24 6 -6 20 -42

4 16 -6 4 6 -6 24 6 42 20 6 10 4 6

4 16 42 20 6 -6 24 6 46 24 6 46 20 6

4 16 10 4 6 42 20 6 42 20 -42 10 4 -10

4 16 -10 20 -50 50 20 -50 10 0 -10 -10 0 -10

3 16 -10 24 -50 -10 20 -50 -10 0 -10

4 16 -10 24 10 -10 24 -50 -10 0 -10 -10 0 10

4 16 50 24 10 -10 24 10 -10 0 10 10 0 10

3 16 10 0 10 50 20 10 50 24 10

4 16 50 20 -50 50 20 10 10 0 10 10 0 -10

1 16 0 0 0 1 0 0 0 1 0 0 0 1 stud.dat

0

4 16 -6 20 -42 42 20 -42 46 20 -46 -6 20 -46

2 24 -6 20 -42 42 20 -42

2 24 -6 20 -42 -6 20 -46

4 16 42 20 6 46 20 6 46 20 -46 42 20 -42

2 24 42 20 6 42 20 -42

2 24 42 20 6 46 20 6

0

0 NOFILE

0 FILE 2-4cyls.dat
0 Cylinder Sloped 0.5

0 Name: 2-4cyls.dat

0 Author: James Jessiman

0 !LDRAW_ORG Primitive UPDATE 2012-01

0 !LICENSE Licensed under CC BY 4.0 : see CAreadme.txt



0 BFC CERTIFY CCW



0 !HISTORY 1998-12-15 [PTadmin] Official Update 1998-10

0 !HISTORY 2002-05-08 [OrionP] Made BFC Compliant

0 !HISTORY 2002-08-18 [PTadmin] Official Update 2002-04

0 !HISTORY 2007-06-24 [PTadmin] Header formatted for Contributor Agreement

0 !HISTORY 2008-07-01 [PTadmin] Official Update 2008-01

0 !HISTORY 2012-02-16 [Philo] Changed to CCW

0 !HISTORY 2012-03-30 [PTadmin] Official Update 2012-01





3 16 0.9239 0.0761 0.3827 0.9239 0 0.3827 1 0 0

4 16 0.9239 0.0761 0.3827 0.7071 0.2929 0.7071 0.7071 0 0.7071 0.9239 0 0.3827

4 16 0.7071 0.2929 0.7071 0.3827 0.6173 0.9239 0.3827 0 0.9239 0.7071 0 0.7071

4 16 0.3827 0.6173 0.9239 0 1 1 0 0 1 0.3827 0 0.9239

4 16 0 1 1 -0.3827 1.3827 0.9239 -0.3827 0 0.9239 0 0 1

4 16 -0.3827 1.3827 0.9239 -0.7071 1.7071 0.7071 -0.7071 0 0.7071 -0.3827 0 0.9239

4 16 -0.7071 1.7071 0.7071 -0.9239 1.9239 0.3827 -0.9239 0 0.3827 -0.7071 0 0.7071

4 16 -0.9239 1.9239 0.3827 -1 2 0 -1 0 0 -0.9239 0 0.3827



5 24 0.9239 0 0.3827 0.9239 0.0761 0.3827 0.7071 0 0.7071 1 0 0

5 24 0.7071 0 0.7071 0.7071 0.2929 0.7071 0.3827 0 0.9239 0.9239 0 0.3827

5 24 0.3827 0 0.9239 0.3827 0.6173 0.9239 0 0 1 0.7071 0 0.7071

5 24 0 0 1 0 1 1 -0.3827 0 0.9239 0.3827 0 0.9239

5 24 -0.3827 0 0.9239 -0.3827 1.3827 0.9239 -0.7071 0 0.7071 0 0 1

5 24 -0.7071 0 0.7071 -0.7071 1.7071 0.7071 -0.9239 0 0.3827 -0.3827 0 0.9239

5 24 -0.9239 0 0.3827 -0.9239 1.9239 0.3827 -1 0 0 -0.7071 0 0.7071

5 24 -1 0 0 -1 2 0 -1 0 -1 -0.9239 0 0.3827

0 NOFILE

0 FILE 1-8cyls2.dat
0 Cylinder Sloped 0.125 Convex

0 Name: 1-8cyls2.dat

0 Author: Paul Easter [pneaster]

0 !LDRAW_ORG Primitive UPDATE 2024-05

0 !LICENSE Licensed under CC BY 4.0 : see CAreadme.txt



0 BFC CERTIFY CCW



0 !HISTORY 2004-11-06 [PTadmin] Official Update 2004-04

0 !HISTORY 2007-06-22 [PTadmin] Header formatted for Contributor Agreement

0 !HISTORY 2008-07-01 [PTadmin] Official Update 2008-01

0 !HISTORY 2012-02-16 [Philo] Changed to CCW

0 !HISTORY 2012-03-30 [PTadmin] Official Update 2012-01

0 !HISTORY 2024-06-06 [Philo] Changed last condline control point to match tangent plane

0 !HISTORY 2024-06-30 [OrionP] Official Update 2024-05



3 16 -0.3827 0.3827 0.9239 -0.3827 0 0.9239 0 0 1

4 16 -0.3827 0.3827 0.9239 -0.7071 0.7071 0.7071 -0.7071 0 0.7071 -0.3827 0 0.9239



5 24 -0.3827 0 0.9239 -0.3827 0.3827 0.9239 -0.7071 0 0.7071 0 0 1

5 24 -0.7071 0 0.7071 -0.7071 0.7071 0.7071 -1 0 0.4142 -0.3827 0 0.9239

0 NOFILE

0 FILE 1-4cyls.dat
0 Cylinder Sloped 0.25

0 Name: 1-4cyls.dat

0 Author: James Jessiman

0 !LDRAW_ORG Primitive UPDATE 2012-01

0 !LICENSE Licensed under CC BY 4.0 : see CAreadme.txt



0 BFC CERTIFY CCW



0 !HISTORY 1998-12-15 [PTadmin] Official Update 1998-10

0 !HISTORY 2002-07-03 [sbliss] Added BFC statement

0 !HISTORY 2002-08-18 [PTadmin] Official Update 2002-04

0 !HISTORY 2007-06-22 [PTadmin] Header formatted for Contributor Agreement

0 !HISTORY 2008-07-01 [PTadmin] Official Update 2008-01

0 !HISTORY 2012-02-16 [Philo] Changed to CCW

0 !HISTORY 2012-03-30 [PTadmin] Official Update 2012-01





3 16 0.9239 0.0761 0.3827 0.9239 0 0.3827 1 0 0

4 16 0.9239 0.0761 0.3827 0.7071 0.2929 0.7071 0.7071 0 0.7071 0.9239 0 0.3827

4 16 0.7071 0.2929 0.7071 0.3827 0.6173 0.9239 0.3827 0 0.9239 0.7071 0 0.7071

4 16 0.3827 0.6173 0.9239 0 1 1 0 0 1 0.3827 0 0.9239



5 24 0.9239 0 0.3827 0.9239 0.0761 0.3827 0.7071 0 0.7071 1 0 0

5 24 0.7071 0 0.7071 0.7071 0.2929 0.7071 0.3827 0 0.9239 0.9239 0 0.3827

5 24 0.3827 0 0.9239 0.3827 0.6173 0.9239 0 0 1 0.7071 0 0.7071

5 24 0 0 1 0 1 1 0.3827 0 0.9239 -1 0 1

0 NOFILE

0 FILE 3-8edge.dat
0 Circle 0.375

0 Name: 3-8edge.dat

0 Author: James Jessiman

0 !LDRAW_ORG Primitive UPDATE 2017-01

0 !LICENSE Licensed under CC BY 4.0 : see CAreadme.txt



0 BFC CERTIFY CCW



0 !HISTORY 2007-06-24 [PTadmin] Header formatted for Contributor Agreement

0 !HISTORY 2008-07-01 [PTadmin] Official Update 2008-01

0 !HISTORY 2017-01-15 [Steffen] BFCed

0 !HISTORY 2017-12-30 [PTadmin] Official Update 2017-01





2 24 1 0 0 0.9239 0 0.3827

2 24 0.9239 0 0.3827 0.7071 0 0.7071

2 24 0.7071 0 0.7071 0.3827 0 0.9239

2 24 0.3827 0 0.9239 0 0 1

2 24 0 0 1 -0.3827 0 0.9239

2 24 -0.3827 0 0.9239 -0.7071 0 0.7071

0 NOFILE

0 FILE 2435.dat
0 Plant Tree Pyramidal  3 x  3 x  4

0 Name: 2435.dat

0 Author: Ildefonso Zanette [izanette]

0 !LDRAW_ORG Part UPDATE 2012-01

0 !LICENSE Licensed under CC BY 2.0 and CC BY 4.0 : see CAreadme.txt



0 BFC CERTIFY CCW



0 !KEYWORDS Christmas, cone



0 !CMDLINE -c2



0 !HISTORY 2003-10-04 [OrionP] Replaced base quads with torus primitives

0 !HISTORY 2004-04-22 [PTadmin] Official Update 2004-02

0 !HISTORY 2007-05-08 [PTadmin] Header formatted for Contributor Agreement

0 !HISTORY 2008-07-01 [PTadmin] Official Update 2008-01

0 !HISTORY 2011-02-02 [Philo] Rectified, used same baseplate as other trees

0 !HISTORY 2012-03-30 [PTadmin] Official Update 2012-01





1 16 0 -82 0 5 0 0 0 1 0 0 0 5 4-4edge.dat

1 16 0 -82 0 5 0 0 0 6 0 0 0 5 4-4cyli.dat

1 16 0 -76 0 5 0 0 0 1 0 0 0 5 4-4edge.dat

1 16 0 -82 0 6 0 0 0 1 0 0 0 6 4-4edge.dat

1 16 0 -82 0 6 0 0 0 -1 0 0 0 6 4-4disc.dat

1 16 0 -88 0 6 0 0 0 6 0 0 0 6 4-4cyli.dat

1 16 0 -88 0 6 0 0 0 -3 0 0 0 6 4-8sphe.dat

0 // 1st level

1 16 0 -70 0 0 0 6 0 -1 0 2 0 0 rect2p.dat

1 16 0 -76 0 0 0 6 0 1 0 -2 0 0 rect2p.dat

1 16 6 -73 0 0 -1 0 -3 0 0 0 0 -2 rect2p.dat

1 16 -6 -73 0 0 1 0 3 0 0 0 0 -2 rect2p.dat

4 16 -8.48 -70 8.48 8.48 -70 8.48 11.83 -70 2 -11.83 -70 2

4 16 11.83 -70 -2 8.48 -70 -8.48 -8.48 -70 -8.48 -11.83 -70 -2

4 16 -4.59 -70 11.09 4.59 -70 11.09 8.48 -70 8.48 -8.48 -70 8.48

4 16 8.48 -70 -8.48 4.59 -70 -11.09 -4.59 -70 -11.09 -8.48 -70 -8.48

3 16 4.59 -70 11.09 -4.59 -70 11.09 0 -70 12

3 16 0 -70 -12 -4.59 -70 -11.09 4.59 -70 -11.09

4 16 9.69 -76 2 7.07 -76 7.07 -7.07 -76 7.07 -9.69 -76 2

4 16 -7.07 -76 -7.07 7.07 -76 -7.07 9.69 -76 -2 -9.69 -76 -2

4 16 7.07 -76 7.07 3.83 -76 9.24 -3.83 -76 9.24 -7.07 -76 7.07

4 16 -3.83 -76 -9.24 3.83 -76 -9.24 7.07 -76 -7.07 -7.07 -76 -7.07

3 16 0 -76 10 -3.83 -76 9.24 3.83 -76 9.24

3 16 3.83 -76 -9.24 -3.83 -76 -9.24 0 -76 -10

2 24 6 -70 2 11.83 -70 2

2 24 -6 -70 2 -11.83 -70 2

2 24 6 -70 -2 11.83 -70 -2

2 24 -6 -70 -2 -11.83 -70 -2

2 24 11.83 -70 2 8.48 -70 8.48

2 24 -11.83 -70 2 -8.48 -70 8.48

2 24 11.83 -70 -2 8.48 -70 -8.48

2 24 -11.83 -70 -2 -8.48 -70 -8.48

2 24 8.48 -70 8.48 4.59 -70 11.09

2 24 -8.48 -70 8.48 -4.59 -70 11.09

2 24 8.48 -70 -8.48 4.59 -70 -11.09

2 24 -8.48 -70 -8.48 -4.59 -70 -11.09

2 24 4.59 -70 11.09 0 -70 12

2 24 -4.59 -70 11.09 0 -70 12

2 24 4.59 -70 -11.09 0 -70 -12

2 24 -4.59 -70 -11.09 0 -70 -12

2 24 6 -76 2 9.69 -76 2

2 24 -6 -76 2 -9.69 -76 2

2 24 6 -76 -2 9.69 -76 -2

2 24 -6 -76 -2 -9.69 -76 -2

2 24 9.69 -76 2 7.07 -76 7.07

2 24 -9.69 -76 2 -7.07 -76 7.07

2 24 9.69 -76 -2 7.07 -76 -7.07

2 24 -9.69 -76 -2 -7.07 -76 -7.07

2 24 7.07 -76 7.07 3.83 -76 9.24

2 24 -7.07 -76 7.07 -3.83 -76 9.24

2 24 7.07 -76 -7.07 3.83 -76 -9.24

2 24 -7.07 -76 -7.07 -3.83 -76 -9.24

2 24 3.83 -76 9.24 0 -76 10

2 24 -3.83 -76 9.24 0 -76 10

2 24 3.83 -76 -9.24 0 -76 -10

2 24 -3.83 -76 -9.24 0 -76 -10

4 16 6 -70 2 11.83 -70 2 9.69 -76 2 6 -76 2

4 16 -9.69 -76 2 -11.83 -70 2 -6 -70 2 -6 -76 2

4 16 9.69 -76 -2 11.83 -70 -2 6 -70 -2 6 -76 -2

4 16 -6 -70 -2 -11.83 -70 -2 -9.69 -76 -2 -6 -76 -2

4 16 11.83 -70 2 8.48 -70 8.48 7.07 -76 7.07 9.69 -76 2

4 16 -7.07 -76 7.07 -8.48 -70 8.48 -11.83 -70 2 -9.69 -76 2

4 16 7.07 -76 -7.07 8.48 -70 -8.48 11.83 -70 -2 9.69 -76 -2

4 16 -11.83 -70 -2 -8.48 -70 -8.48 -7.07 -76 -7.07 -9.69 -76 -2

4 16 8.48 -70 8.48 4.59 -70 11.09 3.83 -76 9.24 7.07 -76 7.07

4 16 -3.83 -76 9.24 -4.59 -70 11.09 -8.48 -70 8.48 -7.07 -76 7.07

4 16 3.83 -76 -9.24 4.59 -70 -11.09 8.48 -70 -8.48 7.07 -76 -7.07

4 16 -8.48 -70 -8.48 -4.59 -70 -11.09 -3.83 -76 -9.24 -7.07 -76 -7.07

4 16 4.59 -70 11.09 0 -70 12 0 -76 10 3.83 -76 9.24

4 16 0 -76 10 0 -70 12 -4.59 -70 11.09 -3.83 -76 9.24

4 16 0 -76 -10 0 -70 -12 4.59 -70 -11.09 3.83 -76 -9.24

4 16 -4.59 -70 -11.09 0 -70 -12 0 -76 -10 -3.83 -76 -9.24

2 24 11.83 -70 2 9.69 -76 2

2 24 -11.83 -70 2 -9.69 -76 2

2 24 11.83 -70 -2 9.69 -76 -2

2 24 -11.83 -70 -2 -9.69 -76 -2

5 24 8.48 -70 8.48 7.07 -76 7.07 11.83 -70 2 4.59 -70 11.09

5 24 -8.48 -70 8.48 -7.07 -76 7.07 -11.83 -70 2 -4.59 -70 11.09

5 24 8.48 -70 -8.48 7.07 -76 -7.07 11.83 -70 -2 4.59 -70 -11.09

5 24 -8.48 -70 -8.48 -7.07 -76 -7.07 -11.83 -70 -2 -4.59 -70 -11.09

5 24 4.59 -70 11.09 3.83 -76 9.24 8.48 -70 8.48 0 -70 12

5 24 -4.59 -70 11.09 -3.83 -76 9.24 -8.48 -70 8.48 0 -70 12

5 24 4.59 -70 -11.09 3.83 -76 -9.24 8.48 -70 -8.48 0 -70 -12

5 24 -4.59 -70 -11.09 -3.83 -76 -9.24 -8.48 -70 -8.48 0 -70 -12

5 24 0 -70 12 0 -76 10 4.59 -70 11.09 -4.59 -70 11.09

5 24 0 -70 -12 0 -76 -10 4.59 -70 -11.09 -4.59 -70 -11.09

1 16 0 -70 0 5.5 0 0 0 1 0 0 0 5.5 4-4edge.dat

1 16 0 -70 0 5.5 0 0 0 6 0 0 0 5.5 4-4cyli.dat

1 16 0 -64 0 5.5 0 0 0 1 0 0 0 5.5 4-4edge.dat

0 // 2nd level

1 16 0 -58 0 0 0 10 0 -1 0 2 0 0 rect2p.dat

1 16 0 -64 0 0 0 10 0 1 0 -2 0 0 rect2p.dat

1 16 10 -61 0 0 -1 0 -3 0 0 0 0 -2 rect2p.dat

1 16 -10 -61 0 0 1 0 3 0 0 0 0 -2 rect2p.dat

4 16 -10.58 -58 12 10.58 -58 12 15.87 -58 2 -15.87 -58 2

4 16 15.87 -58 -2 10.58 -58 -12 -10.58 -58 -12 -15.87 -58 -2

1 16 0 -58 13.415 0 0 -6 0 -1.02909 0 -1.415 0 0 rect2p.dat

1 16 0 -58 -13.415 0 0 -6 0 -1.02909 0 -1.415 0 0 rect2p.dat

3 16 6 -58 14.83 -6 -58 14.83 0 -58 16.18

3 16 0 -58 -16.18 -6 -58 -14.83 6 -58 -14.83

4 16 13.86 -64 2 8.57 -64 12 -8.57 -64 12 -13.86 -64 2

4 16 -8.57 -64 -12 8.57 -64 -12 13.86 -64 -2 -13.86 -64 -2

1 16 0 -64 12.325 0 0 -6 0 7.8 0 0.325 0 0 rect2p.dat

1 16 0 -64 -12.325 0 0 -6 0 7.8 0 0.325 0 0 rect2p.dat

3 16 0 -64 14 -6 -64 12.65 6 -64 12.65

3 16 6 -64 -12.65 -6 -64 -12.65 0 -64 -14

2 24 10 -58 2 15.87 -58 2

2 24 -10 -58 2 -15.87 -58 2

2 24 10 -58 -2 15.87 -58 -2

2 24 -10 -58 -2 -15.87 -58 -2

2 24 10.58 -58 12 6 -58 12

2 24 -10.58 -58 12 -6 -58 12

2 24 10.58 -58 -12 6 -58 -12

2 24 -10.58 -58 -12 -6 -58 -12

2 24 10 -64 2 13.86 -64 2

2 24 -10 -64 2 -13.86 -64 2

2 24 10 -64 -2 13.86 -64 -2

2 24 -10 -64 -2 -13.86 -64 -2

2 24 8.57 -64 12 6 -64 12

2 24 -8.57 -64 12 -6 -64 12

2 24 8.57 -64 -12 6 -64 -12

2 24 -8.57 -64 -12 -6 -64 -12

4 16 10 -58 2 15.87 -58 2 13.86 -64 2 10 -64 2

4 16 -13.86 -64 2 -15.87 -58 2 -10 -58 2 -10 -64 2

4 16 13.86 -64 -2 15.87 -58 -2 10 -58 -2 10 -64 -2

4 16 -10 -58 -2 -15.87 -58 -2 -13.86 -64 -2 -10 -64 -2

1 16 12.22 -61 7 -2.645 -0.84756 -1.005 0 0.53501 -3 5 -1 0 rect.dat

1 16 -12.22 -61 7 -1.005 0.84756 -2.645 3 0.53501 0 0 -1 -5 rect.dat

1 16 12.22 -61 -7 1.005 -0.84756 2.645 3 0.53501 0 0 1 5 rect.dat

1 16 -12.22 -61 -7 2.645 0.84756 1.005 0 0.53501 -3 -5 1 0 rect.dat

4 16 10.58 -58 12 6 -58 12 6 -64 12 8.57 -64 12

4 16 -6 -64 12 -6 -58 12 -10.58 -58 12 -8.57 -64 12

4 16 6 -64 -12 6 -58 -12 10.58 -58 -12 8.57 -64 -12

4 16 -10.58 -58 -12 -6 -58 -12 -6 -64 -12 -8.57 -64 -12

4 16 6 -58 12 6 -58 14.83 6 -64 12.65 6 -64 12

4 16 -6 -64 12.65 -6 -58 14.83 -6 -58 12 -6 -64 12

4 16 6 -64 -12.65 6 -58 -14.83 6 -58 -12 6 -64 -12

4 16 -6 -58 -12 -6 -58 -14.83 -6 -64 -12.65 -6 -64 -12

1 16 3 -61 14.415 0 -0.2069 3 -3 0.34149 0 -1.09 -1 -0.675 rect3.dat

1 16 -3 -61 14.415 0 0.2069 -3 3 0.34149 0 1.09 -1 -0.675 rect3.dat

1 16 3 -61 -14.415 0 -0.2069 3 3 0.34149 0 -1.09 1 0.675 rect3.dat

1 16 -3 -61 -14.415 0 0.2069 -3 -3 0.34149 0 1.09 1 0.675 rect3.dat

2 24 6 -58 12 6 -64 12

2 24 -6 -58 12 -6 -64 12

2 24 6 -58 -12 6 -64 -12

2 24 -6 -58 -12 -6 -64 -12

5 24 0 -58 16.18 0 -64 14 6 -58 14.83 -6 -58 14.83

5 24 0 -58 -16.18 0 -64 -14 6 -58 -14.83 -6 -58 -14.83

1 16 0 -58 0 5.5 0 0 0 1 0 0 0 5.5 4-4edge.dat

1 16 0 -58 0 5.5 0 0 0 6 0 0 0 5.5 4-4cyli.dat

1 16 0 -52 0 5.5 0 0 0 1 0 0 0 5.5 4-4edge.dat

0 // 3rd level

1 16 0 -46 0 0 0 10 0 -1 0 2 0 0 rect2p.dat

1 16 0 -52 0 0 0 10 0 1 0 -2 0 0 rect2p.dat

1 16 10 -49 0 0 -1 0 -3 0 0 0 0 -2 rect2p.dat

1 16 -10 -49 0 0 1 0 3 0 0 0 0 -2 rect2p.dat

4 16 -16 -46 12 16 -46 12 19.9 -46 2 -19.9 -46 2

4 16 19.9 -46 -2 16 -46 -12 -16 -46 -12 -19.9 -46 -2

1 16 0 -46 15.505 0 0 -6 0 -1.00143 0 -3.505 0 0 rect2p.dat

1 16 0 -46 -15.505 0 0 -6 0 -1.00143 0 -3.505 0 0 rect2p.dat

3 16 6 -46 19.01 -6 -46 19.01 0 -46 20.01

3 16 0 -46 -20.01 -6 -46 -19.01 6 -46 -19.01

4 16 17.9 -52 2 14 -52 12 -14 -52 12 -17.9 -52 2

4 16 -14 -52 -12 14 -52 -12 17.9 -52 -2 -17.9 -52 -2

1 16 0 -52 14.5 0 0 -6 0 1 0 2.5 0 0 rect2p.dat

1 16 0 -52 -14.5 0 0 -6 0 1 0 2.5 0 0 rect2p.dat

3 16 0 -52 18 -6 -52 17 6 -52 17

3 16 6 -52 -17 -6 -52 -17 0 -52 -18

2 24 10 -46 2 19.9 -46 2

2 24 -10 -46 2 -19.9 -46 2

2 24 10 -46 -2 19.9 -46 -2

2 24 -10 -46 -2 -19.9 -46 -2

2 24 16 -46 12 6 -46 12

2 24 -16 -46 12 -6 -46 12

2 24 16 -46 -12 6 -46 -12

2 24 -16 -46 -12 -6 -46 -12

2 24 10 -52 2 17.9 -52 2

2 24 -10 -52 2 -17.9 -52 2

2 24 10 -52 -2 17.9 -52 -2

2 24 -10 -52 -2 -17.9 -52 -2

2 24 14 -52 12 6 -52 12

2 24 -14 -52 12 -6 -52 12

2 24 14 -52 -12 6 -52 -12

2 24 -14 -52 -12 -6 -52 -12

4 16 10 -46 2 19.9 -46 2 17.9 -52 2 10 -52 2

4 16 -17.9 -52 2 -19.9 -46 2 -10 -46 2 -10 -52 2

4 16 17.9 -52 -2 19.9 -46 -2 10 -46 -2 10 -52 -2

4 16 -10 -46 -2 -19.9 -46 -2 -17.9 -52 -2 -10 -52 -2

1 16 16.95 -49 7 -1.95 -60 -1 0 20 -3 5 -23.4 0 rect.dat

1 16 -16.95 -49 7 -1 60 -1.95 3 20 0 0 -23.4 -5 rect.dat

1 16 16.95 -49 -7 1 -0.88974 1.95 3 0.64972 0 0 1 5 rect.dat

1 16 -16.95 -49 -7 1.95 0.88974 1 0 0.64972 -3 -5 1 0 rect.dat

4 16 16 -46 12 6 -46 12 6 -52 12 14 -52 12

4 16 -6 -52 12 -6 -46 12 -16 -46 12 -14 -52 12

4 16 6 -52 -12 6 -46 -12 16 -46 -12 14 -52 -12

4 16 -16 -46 -12 -6 -46 -12 -6 -52 -12 -14 -52 -12

4 16 6 -46 12 6 -46 19.01 6 -52 17 6 -52 12

4 16 -6 -52 17 -6 -46 19.01 -6 -46 12 -6 -52 12

4 16 6 -52 -17 6 -46 -19.01 6 -46 -12 6 -52 -12

4 16 -6 -46 -12 -6 -46 -19.01 -6 -52 -17 -6 -52 -12

1 16 3 -49 18.505 0 -1 3 -3 2.01 0 -1.005 -6 -0.5 rect3.dat

1 16 -3 -49 18.505 0 1 -3 3 2.01 0 1.005 -6 -0.5 rect3.dat

1 16 3 -49 -18.505 0 -1 3 3 2.01 0 -1.005 6 0.5 rect3.dat

1 16 -3 -49 -18.505 0 1 -3 -3 2.01 0 1.005 6 0.5 rect3.dat

2 24 6 -46 12 6 -52 12

2 24 -6 -46 12 -6 -52 12

2 24 6 -46 -12 6 -52 -12

2 24 -6 -46 -12 -6 -52 -12

5 24 0 -46 20.01 0 -52 18 6 -46 19.01 -6 -46 19.01

5 24 0 -46 -20.01 0 -52 -18 6 -46 -19.01 -6 -46 -19.01

1 16 0 -46 0 5.5 0 0 0 1 0 0 0 5.5 4-4edge.dat

1 16 0 -46 0 5.5 0 0 0 6 0 0 0 5.5 4-4cyli.dat

1 16 0 -40 0 5.5 0 0 0 1 0 0 0 5.5 4-4edge.dat

0 // 4th level

1 16 0 -34 0 0 0 10 0 -1 0 2 0 0 rect2p.dat

1 16 0 -40 0 0 0 10 0 1 0 -2 0 0 rect2p.dat

1 16 10 -37 0 0 -1 0 -3 0 0 0 0 -2 rect2p.dat

1 16 -10 -37 0 0 1 0 3 0 0 0 0 -2 rect2p.dat

4 16 -20.78 -34 12 20.78 -34 12 23.92 -34 2 -23.92 -34 2

4 16 23.92 -34 -2 20.78 -34 -12 -20.78 -34 -12 -23.92 -34 -2

1 16 0 -34 15 0 0 -8 0 -1 0 -3 0 0 rect2p.dat

1 16 0 -34 -15 0 0 -8 0 -1 0 -3 0 0 rect2p.dat

4 16 -9.18 -34 22.17 9.18 -34 22.17 16.82 -34 18 -16.82 -34 18

4 16 16.82 -34 -18 9.18 -34 -22.17 -9.18 -34 -22.17 -16.82 -34 -18

3 16 9.18 -34 22.17 -9.18 -34 22.17 0 -34 24

3 16 0 -34 -24 -9.18 -34 -22.17 9.18 -34 -22.17

4 16 21.91 -40 2 18.77 -40 12 -18.77 -40 12 -21.91 -40 2

4 16 -18.77 -40 -12 18.77 -40 -12 21.91 -40 -2 -21.91 -40 -2

1 16 0 -40 15 0 0 -8 0 1 0 3 0 0 rect2p.dat

1 16 0 -40 -15 0 0 -8 0 1 0 3 0 0 rect2p.dat

4 16 12.65 -40 18 8.38 -40 20.33 -8.38 -40 20.33 -12.65 -40 18

4 16 -8.38 -40 -20.33 8.38 -40 -20.33 12.65 -40 -18 -12.65 -40 -18

3 16 0 -40 22 -8.38 -40 20.33 8.38 -40 20.33

3 16 8.38 -40 -20.33 -8.38 -40 -20.33 0 -40 -22

2 24 10 -34 2 23.92 -34 2

2 24 -10 -34 2 -23.92 -34 2

2 24 10 -34 -2 23.92 -34 -2

2 24 -10 -34 -2 -23.92 -34 -2

2 24 20.78 -34 12 8 -34 12

2 24 -20.78 -34 12 -8 -34 12

2 24 20.78 -34 -12 8 -34 -12

2 24 -20.78 -34 -12 -8 -34 -12

2 24 8 -34 18 16.82 -34 18

2 24 -8 -34 18 -16.82 -34 18

2 24 8 -34 -18 16.82 -34 -18

2 24 -8 -34 -18 -16.82 -34 -18

2 24 16.82 -34 18 9.18 -34 22.17

2 24 -16.82 -34 18 -9.18 -34 22.17

2 24 16.82 -34 -18 9.18 -34 -22.17

2 24 -16.82 -34 -18 -9.18 -34 -22.17

2 24 9.18 -34 22.17 0 -34 24

2 24 -9.18 -34 22.17 0 -34 24

2 24 9.18 -34 -22.17 0 -34 -24

2 24 -9.18 -34 -22.17 0 -34 -24

2 24 10 -40 2 21.91 -40 2

2 24 -10 -40 2 -21.91 -40 2

2 24 10 -40 -2 21.91 -40 -2

2 24 -10 -40 -2 -21.91 -40 -2

2 24 18.77 -40 12 8 -40 12

2 24 -18.77 -40 12 -8 -40 12

2 24 18.77 -40 -12 8 -40 -12

2 24 -18.77 -40 -12 -8 -40 -12

2 24 8 -40 18 12.65 -40 18

2 24 -8 -40 18 -12.65 -40 18

2 24 8 -40 -18 12.65 -40 -18

2 24 -8 -40 -18 -12.65 -40 -18

2 24 12.65 -40 18 8.38 -40 20.33

2 24 -12.65 -40 18 -8.38 -40 20.33

2 24 12.65 -40 -18 8.38 -40 -20.33

2 24 -12.65 -40 -18 -8.38 -40 -20.33

2 24 8.38 -40 20.33 0 -40 22

2 24 -8.38 -40 20.33 0 -40 22

2 24 8.38 -40 -20.33 0 -40 -22

2 24 -8.38 -40 -20.33 0 -40 -22

4 16 10 -34 2 23.92 -34 2 21.91 -40 2 10 -40 2

4 16 -21.91 -40 2 -23.92 -34 2 -10 -34 2 -10 -40 2

4 16 21.91 -40 -2 23.92 -34 -2 10 -34 -2 10 -40 -2

4 16 -10 -34 -2 -23.92 -34 -2 -21.91 -40 -2 -10 -40 -2

1 16 21.345 -37 7 -1.57 -10 -1.005 0 3.35 -3 5 -3.14 0 rect.dat

1 16 -21.345 -37 7 -1.005 10 -1.57 3 3.35 0 0 -3.14 -5 rect.dat

1 16 21.345 -37 -7 1.005 -10 1.57 3 3.35 0 0 3.14 5 rect.dat

1 16 -21.345 -37 -7 1.57 10 1.005 0 3.35 -3 -5 3.14 0 rect.dat

4 16 20.78 -34 12 8 -34 12 8 -40 12 18.77 -40 12

4 16 -8 -40 12 -8 -34 12 -20.78 -34 12 -18.77 -40 12

4 16 8 -40 -12 8 -34 -12 20.78 -34 -12 18.77 -40 -12

4 16 -20.78 -34 -12 -8 -34 -12 -8 -40 -12 -18.77 -40 -12

1 16 8 -37 15 0 -1 0 -3 0 0 0 0 -3 rect2p.dat

1 16 -8 -37 15 0 1 0 3 0 0 0 0 -3 rect2p.dat

1 16 8 -37 -15 0 -1 0 3 0 0 0 0 3 rect2p.dat

1 16 -8 -37 -15 0 1 0 -3 0 0 0 0 3 rect2p.dat

4 16 8 -34 18 16.82 -34 18 12.65 -40 18 8 -40 18

4 16 -12.65 -40 18 -16.82 -34 18 -8 -34 18 -8 -40 18

4 16 12.65 -40 -18 16.82 -34 -18 8 -34 -18 8 -40 -18

4 16 -8 -34 -18 -16.82 -34 -18 -12.65 -40 -18 -8 -40 -18

4 16 16.82 -34 18 9.18 -34 22.17 8.38 -40 20.33 12.65 -40 18

4 16 -8.38 -40 20.33 -9.18 -34 22.17 -16.82 -34 18 -12.65 -40 18

4 16 8.38 -40 -20.33 9.18 -34 -22.17 16.82 -34 -18 12.65 -40 -18

4 16 -16.82 -34 -18 -9.18 -34 -22.17 -8.38 -40 -20.33 -12.65 -40 -18

4 16 9.18 -34 22.17 0 -34 24 0 -40 22 8.38 -40 20.33

4 16 0 -40 22 0 -34 24 -9.18 -34 22.17 -8.38 -40 20.33

4 16 0 -40 -22 0 -34 -24 9.18 -34 -22.17 8.38 -40 -20.33

4 16 -9.18 -34 -22.17 0 -34 -24 0 -40 -22 -8.38 -40 -20.33

2 24 16.82 -34 18 12.65 -40 18

2 24 -16.82 -34 18 -12.65 -40 18

2 24 16.82 -34 -18 12.65 -40 -18

2 24 -16.82 -34 -18 -12.65 -40 -18

5 24 9.18 -34 22.17 8.38 -40 20.33 16.82 -34 18 0 -34 24

5 24 -9.18 -34 22.17 -8.38 -40 20.33 -16.82 -34 18 0 -34 24

5 24 9.18 -34 -22.17 8.38 -40 -20.33 16.82 -34 -18 0 -34 -24

5 24 -9.18 -34 -22.17 -8.38 -40 -20.33 -16.82 -34 -18 0 -34 -24

5 24 0 -34 24 0 -40 22 9.18 -34 22.17 -9.18 -34 22.17

5 24 0 -34 -24 0 -40 -22 9.18 -34 -22.17 -9.18 -34 -22.17

1 16 0 -34 0 5.5 0 0 0 1 0 0 0 5.5 4-4edge.dat

1 16 0 -34 0 5.5 0 0 0 6 0 0 0 5.5 4-4cyli.dat

1 16 0 -28 0 5.5 0 0 0 1 0 0 0 5.5 4-4edge.dat

0 // 5th level

1 16 0 -22 0 0 0 10 0 -1 0 2 0 0 rect2p.dat

1 16 0 -28 0 0 0 10 0 1 0 -2 0 0 rect2p.dat

1 16 10 -25 0 0 -1 0 -3 0 0 0 0 -2 rect2p.dat

1 16 -10 -25 0 0 1 0 3 0 0 0 0 -2 rect2p.dat

4 16 -25.3 -22 12 25.3 -22 12 27.94 -22 2 -27.94 -22 2

4 16 27.94 -22 -2 25.3 -22 -12 -25.3 -22 -12 -27.94 -22 -2

1 16 0 -22 15 0 0 -8 0 -1 0 -3 0 0 rect2p.dat

1 16 0 -22 -15 0 0 -8 0 -1 0 -3 0 0 rect2p.dat

4 16 -19.8 -22 19.8 19.8 -22 19.8 21.6 -22 18 -21.6 -22 18

4 16 21.6 -22 -18 19.8 -22 -19.8 -19.8 -22 -19.8 -21.6 -22 -18

4 16 10.72 -22 25.87 19.8 -22 19.8 -19.8 -22 19.8 -10.72 -22 25.87

4 16 -19.8 -22 -19.8 19.8 -22 -19.8 10.72 -22 -25.87 -10.72 -22 -25.87

3 16 10.72 -22 25.87 -10.72 -22 25.87 0 -22 28

3 16 0 -22 -28 -10.72 -22 -25.87 10.72 -22 -25.87

4 16 25.92 -28 2 23.28 -28 12 -23.28 -28 12 -25.92 -28 2

4 16 -23.28 -28 -12 23.28 -28 -12 25.92 -28 -2 -25.92 -28 -2

1 16 0 -28 15 0 0 -8 0 1 0 3 0 0 rect2p.dat

1 16 0 -28 -15 0 0 -8 0 1 0 3 0 0 rect2p.dat

4 16 18.76 -28 18 18.38 -28 18.38 -18.38 -28 18.38 -18.76 -28 18

4 16 -18.38 -28 -18.38 18.38 -28 -18.38 18.76 -28 -18 -18.76 -28 -18

4 16 -18.38 -28 18.38 18.38 -28 18.38 9.95 -28 24.02 -9.95 -28 24.02

4 16 9.95 -28 -24.02 18.38 -28 -18.38 -18.38 -28 -18.38 -9.95 -28 -24.02

3 16 0 -28 26 -9.95 -28 24.02 9.95 -28 24.02

3 16 9.95 -28 -24.02 -9.95 -28 -24.02 0 -28 -26

2 24 10 -22 2 27.94 -22 2

2 24 -10 -22 2 -27.94 -22 2

2 24 10 -22 -2 27.94 -22 -2

2 24 -10 -22 -2 -27.94 -22 -2

2 24 25.3 -22 12 8 -22 12

2 24 -25.3 -22 12 -8 -22 12

2 24 25.3 -22 -12 8 -22 -12

2 24 -25.3 -22 -12 -8 -22 -12

2 24 8 -22 18 21.6 -22 18

2 24 -8 -22 18 -21.6 -22 18

2 24 8 -22 -18 21.6 -22 -18

2 24 -8 -22 -18 -21.6 -22 -18

2 24 21.6 -22 18 19.8 -22 19.8

2 24 -21.6 -22 18 -19.8 -22 19.8

2 24 21.6 -22 -18 19.8 -22 -19.8

2 24 -21.6 -22 -18 -19.8 -22 -19.8

2 24 19.8 -22 19.8 10.72 -22 25.87

2 24 -19.8 -22 19.8 -10.72 -22 25.87

2 24 19.8 -22 -19.8 10.72 -22 -25.87

2 24 -19.8 -22 -19.8 -10.72 -22 -25.87

2 24 10.72 -22 25.87 0 -22 28

2 24 -10.72 -22 25.87 0 -22 28

2 24 10.72 -22 -25.87 0 -22 -28

2 24 -10.72 -22 -25.87 0 -22 -28

2 24 10 -28 2 25.92 -28 2

2 24 -10 -28 2 -25.92 -28 2

2 24 10 -28 -2 25.92 -28 -2

2 24 -10 -28 -2 -25.92 -28 -2

2 24 23.28 -28 12 8 -28 12

2 24 -23.28 -28 12 -8 -28 12

2 24 23.28 -28 -12 8 -28 -12

2 24 -23.28 -28 -12 -8 -28 -12

2 24 8 -28 18 18.76 -28 18

2 24 -8 -28 18 -18.76 -28 18

2 24 8 -28 -18 18.76 -28 -18

2 24 -8 -28 -18 -18.76 -28 -18

2 24 18.76 -28 18 18.38 -28 18.38

2 24 -18.76 -28 18 -18.38 -28 18.38

2 24 18.76 -28 -18 18.38 -28 -18.38

2 24 -18.76 -28 -18 -18.38 -28 -18.38

2 24 18.38 -28 18.38 9.95 -28 24.02

2 24 -18.38 -28 18.38 -9.95 -28 24.02

2 24 18.38 -28 -18.38 9.95 -28 -24.02

2 24 -18.38 -28 -18.38 -9.95 -28 -24.02

2 24 9.95 -28 24.02 0 -28 26

2 24 -9.95 -28 24.02 0 -28 26

2 24 9.95 -28 -24.02 0 -28 -26

2 24 -9.95 -28 -24.02 0 -28 -26

4 16 10 -22 2 27.94 -22 2 25.92 -28 2 10 -28 2

4 16 -25.92 -28 2 -27.94 -22 2 -10 -22 2 -10 -28 2

4 16 25.92 -28 -2 27.94 -22 -2 10 -22 -2 10 -28 -2

4 16 -10 -22 -2 -27.94 -22 -2 -25.92 -28 -2 -10 -28 -2

1 16 25.61 -25 7 -1.32 -0.91939 -1.01 0 0.78691 -3 5 -1 0 rect.dat

1 16 -25.61 -25 7 -1.01 0.91939 -1.32 3 0.78691 0 0 -1 -5 rect.dat

1 16 25.61 -25 -7 1.01 -0.91939 1.32 3 0.78691 0 0 1 5 rect.dat

1 16 -25.61 -25 -7 1.32 0.91939 1.01 0 0.78691 -3 -5 1 0 rect.dat

4 16 25.3 -22 12 8 -22 12 8 -28 12 23.28 -28 12

4 16 -8 -28 12 -8 -22 12 -25.3 -22 12 -23.28 -28 12

4 16 8 -28 -12 8 -22 -12 25.3 -22 -12 23.28 -28 -12

4 16 -25.3 -22 -12 -8 -22 -12 -8 -28 -12 -23.28 -28 -12

1 16 8 -25 15 0 -1 0 -3 0 0 0 0 -3 rect2p.dat

1 16 -8 -25 15 0 1 0 3 0 0 0 0 -3 rect2p.dat

1 16 8 -25 -15 0 -1 0 3 0 0 0 0 3 rect2p.dat

1 16 -8 -25 -15 0 1 0 -3 0 0 0 0 3 rect2p.dat

4 16 8 -22 18 21.6 -22 18 18.76 -28 18 8 -28 18

4 16 -18.76 -28 18 -21.6 -22 18 -8 -22 18 -8 -28 18

4 16 18.76 -28 -18 21.6 -22 -18 8 -22 -18 8 -28 -18

4 16 -8 -22 -18 -21.6 -22 -18 -18.76 -28 -18 -8 -28 -18

4 16 21.6 -22 18 19.8 -22 19.8 18.38 -28 18.38 18.76 -28 18

4 16 -18.38 -28 18.38 -19.8 -22 19.8 -21.6 -22 18 -18.76 -28 18

4 16 18.38 -28 -18.38 19.8 -22 -19.8 21.6 -22 -18 18.76 -28 -18

4 16 -21.6 -22 -18 -19.8 -22 -19.8 -18.38 -28 -18.38 -18.76 -28 -18

4 16 19.8 -22 19.8 10.72 -22 25.87 9.95 -28 24.02 18.38 -28 18.38

4 16 -9.95 -28 24.02 -10.72 -22 25.87 -19.8 -22 19.8 -18.38 -28 18.38

4 16 9.95 -28 -24.02 10.72 -22 -25.87 19.8 -22 -19.8 18.38 -28 -18.38

4 16 -19.8 -22 -19.8 -10.72 -22 -25.87 -9.95 -28 -24.02 -18.38 -28 -18.38

4 16 10.72 -22 25.87 0 -22 28 0 -28 26 9.95 -28 24.02

4 16 0 -28 26 0 -22 28 -10.72 -22 25.87 -9.95 -28 24.02

4 16 0 -28 -26 0 -22 -28 10.72 -22 -25.87 9.95 -28 -24.02

4 16 -10.72 -22 -25.87 0 -22 -28 0 -28 -26 -9.95 -28 -24.02

2 24 21.6 -22 18 18.76 -28 18

2 24 -21.6 -22 18 -18.76 -28 18

2 24 21.6 -22 -18 18.76 -28 -18

2 24 -21.6 -22 -18 -18.76 -28 -18

5 24 19.8 -22 19.8 18.38 -28 18.38 21.6 -22 18 10.72 -22 25.87

5 24 -19.8 -22 19.8 -18.38 -28 18.38 -21.6 -22 18 -10.72 -22 25.87

5 24 19.8 -22 -19.8 18.38 -28 -18.38 21.6 -22 -18 10.72 -22 -25.87

5 24 -19.8 -22 -19.8 -18.38 -28 -18.38 -21.6 -22 -18 -10.72 -22 -25.87

5 24 10.72 -22 25.87 9.95 -28 24.02 19.8 -22 19.8 0 -22 28

5 24 -10.72 -22 25.87 -9.95 -28 24.02 -19.8 -22 19.8 0 -22 28

5 24 10.72 -22 -25.87 9.95 -28 -24.02 19.8 -22 -19.8 0 -22 -28

5 24 -10.72 -22 -25.87 -9.95 -28 -24.02 -19.8 -22 -19.8 0 -22 -28

5 24 0 -22 28 0 -28 26 10.72 -22 25.87 -10.72 -22 25.87

5 24 0 -22 -28 0 -28 -26 10.72 -22 -25.87 -10.72 -22 -25.87

1 16 0 -22 0 5.5 0 0 0 1 0 0 0 5.5 4-4edge.dat

1 16 0 -22 0 5.5 0 0 0 6 0 0 0 5.5 4-4cyli.dat

1 16 0 -16 0 5.5 0 0 0 1 0 0 0 5.5 4-4edge.dat

0 // 6th level

1 16 0 -10 0 0 0 10 0 -1 0 2 0 0 rect2p.dat

1 16 0 -16 0 0 0 10 0 1 0 -2 0 0 rect2p.dat

1 16 10 -13 0 0 -1 0 -3 0 0 0 0 -2 rect2p.dat

1 16 -10 -13 0 0 1 0 3 0 0 0 0 -2 rect2p.dat

4 16 -29.66 -10 12 29.66 -10 12 31.94 -10 2 -31.94 -10 2

4 16 31.94 -10 -2 29.66 -10 -12 -29.66 -10 -12 -31.94 -10 -2

1 16 0 -10 15 0 0 -8 0 -1 0 -3 0 0 rect2p.dat

1 16 0 -10 -15 0 0 -8 0 -1 0 -3 0 0 rect2p.dat

4 16 -13.23 -10 28 13.23 -10 28 26.46 -10 18 -26.46 -10 18

4 16 26.46 -10 -18 13.23 -10 -28 -13.23 -10 -28 -26.46 -10 -18

1 16 0 -10 29.715 0 0 -6 0 -1.0039 0 -1.715 0 0 rect2p.dat

1 16 0 -10 -29.715 0 0 -6 0 -1.0039 0 -1.715 0 0 rect2p.dat

3 16 6 -10 31.43 -6 -10 31.43 0 -10 32.04

3 16 0 -10 -32.04 -6 -10 -31.43 6 -10 -31.43

4 16 29.93 -16 2 27.65 -16 12 -27.65 -16 12 -29.93 -16 2

4 16 -27.65 -16 -12 27.65 -16 -12 29.93 -16 -2 -29.93 -16 -2

1 16 0 -16 15 0 0 -8 0 1 0 3 0 0 rect2p.dat

1 16 0 -16 -15 0 0 -8 0 1 0 3 0 0 rect2p.dat

4 16 24 -16 18 10.77 -16 28 -10.77 -16 28 -24 -16 18

4 16 -10.77 -16 -28 10.77 -16 -28 24 -16 -18 -24 -16 -18

1 16 0 -16 28.695 0 0 -6 0 1 0 0.695 0 0 rect2p.dat

1 16 0 -16 -28.695 0 0 -6 0 1 0 0.695 0 0 rect2p.dat

3 16 0 -16 30 -6 -16 29.39 6 -16 29.39

3 16 6 -16 -29.39 -6 -16 -29.39 0 -16 -30

2 24 10 -10 2 31.94 -10 2

2 24 -10 -10 2 -31.94 -10 2

2 24 10 -10 -2 31.94 -10 -2

2 24 -10 -10 -2 -31.94 -10 -2

2 24 29.66 -10 12 8 -10 12

2 24 -29.66 -10 12 -8 -10 12

2 24 29.66 -10 -12 8 -10 -12

2 24 -29.66 -10 -12 -8 -10 -12

2 24 8 -10 18 26.46 -10 18

2 24 -8 -10 18 -26.46 -10 18

2 24 8 -10 -18 26.46 -10 -18

2 24 -8 -10 -18 -26.46 -10 -18

2 24 13.23 -10 28 6 -10 28

2 24 -13.23 -10 28 -6 -10 28

2 24 13.23 -10 -28 6 -10 -28

2 24 -13.23 -10 -28 -6 -10 -28

2 24 10 -16 2 29.93 -16 2

2 24 -10 -16 2 -29.93 -16 2

2 24 10 -16 -2 29.93 -16 -2

2 24 -10 -16 -2 -29.93 -16 -2

2 24 27.65 -16 12 8 -16 12

2 24 -27.65 -16 12 -8 -16 12

2 24 27.65 -16 -12 8 -16 -12

2 24 -27.65 -16 -12 -8 -16 -12

2 24 8 -16 18 24 -16 18

2 24 -8 -16 18 -24 -16 18

2 24 8 -16 -18 24 -16 -18

2 24 -8 -16 -18 -24 -16 -18

2 24 10.77 -16 28 6 -16 28

2 24 -10.77 -16 28 -6 -16 28

2 24 10.77 -16 -28 6 -16 -28

2 24 -10.77 -16 -28 -6 -16 -28

4 16 10 -10 2 31.94 -10 2 29.93 -16 2 10 -16 2

4 16 -29.93 -16 2 -31.94 -10 2 -10 -10 2 -10 -16 2

4 16 29.93 -16 -2 31.94 -10 -2 10 -10 -2 10 -16 -2

4 16 -10 -10 -2 -31.94 -10 -2 -29.93 -16 -2 -10 -16 -2

1 16 29.795 -13 7 -1.14 -10 -1.005 0 3.35 -3 5 -2.28 0 rect.dat

1 16 -29.795 -13 7 -1.005 10 -1.14 3 3.35 0 0 -2.28 -5 rect.dat

1 16 29.795 -13 -7 1.005 -10 1.14 3 3.35 0 0 2.28 5 rect.dat

1 16 -29.795 -13 -7 1.14 10 1.005 0 3.35 -3 -5 2.28 0 rect.dat

4 16 29.66 -10 12 8 -10 12 8 -16 12 27.65 -16 12

4 16 -8 -16 12 -8 -10 12 -29.66 -10 12 -27.65 -16 12

4 16 8 -16 -12 8 -10 -12 29.66 -10 -12 27.65 -16 -12

4 16 -29.66 -10 -12 -8 -10 -12 -8 -16 -12 -27.65 -16 -12

1 16 8 -13 15 0 -1 0 -3 0 0 0 0 -3 rect2p.dat

1 16 -8 -13 15 0 1 0 3 0 0 0 0 -3 rect2p.dat

1 16 8 -13 -15 0 -1 0 3 0 0 0 0 3 rect2p.dat

1 16 -8 -13 -15 0 1 0 -3 0 0 0 0 3 rect2p.dat

4 16 8 -10 18 26.46 -10 18 24 -16 18 8 -16 18

4 16 -24 -16 18 -26.46 -10 18 -8 -10 18 -8 -16 18

4 16 24 -16 -18 26.46 -10 -18 8 -10 -18 8 -16 -18

4 16 -8 -10 -18 -26.46 -10 -18 -24 -16 -18 -8 -16 -18

1 16 18.615 -13 23 -6.615 -10 -1.23 0 4.1 -3 5 -13.23 0 rect.dat

1 16 -18.615 -13 23 -1.23 10 -6.615 3 4.1 0 0 -13.23 -5 rect.dat

1 16 18.615 -13 -23 1.23 -10 6.615 3 4.1 0 0 13.23 5 rect.dat

1 16 -18.615 -13 -23 6.615 10 1.23 0 4.1 -3 -5 13.23 0 rect.dat

4 16 13.23 -10 28 6 -10 28 6 -16 28 10.77 -16 28

4 16 -6 -16 28 -6 -10 28 -13.23 -10 28 -10.77 -16 28

4 16 6 -16 -28 6 -10 -28 13.23 -10 -28 10.77 -16 -28

4 16 -13.23 -10 -28 -6 -10 -28 -6 -16 -28 -10.77 -16 -28

4 16 6 -10 28 6 -10 31.43 6 -16 29.39 6 -16 28

4 16 -6 -16 29.39 -6 -10 31.43 -6 -10 28 -6 -16 28

4 16 6 -16 -29.39 6 -10 -31.43 6 -10 -28 6 -16 -28

4 16 -6 -10 -28 -6 -10 -31.43 -6 -16 -29.39 -6 -16 -28

1 16 3 -13 30.715 0 -0.09581 3 -3 0.3219 0 -1.02 -1 -0.305 rect3.dat

1 16 -3 -13 30.715 0 0.09581 -3 3 0.3219 0 1.02 -1 -0.305 rect3.dat

1 16 3 -13 -30.715 0 -0.09581 3 3 0.3219 0 -1.02 1 0.305 rect3.dat

1 16 -3 -13 -30.715 0 0.09581 -3 -3 0.3219 0 1.02 1 0.305 rect3.dat

2 24 6 -10 28 6 -16 28

2 24 -6 -10 28 -6 -16 28

2 24 6 -10 -28 6 -16 -28

2 24 -6 -10 -28 -6 -16 -28

5 24 0 -10 32.04 0 -16 30 6 -10 31.43 -6 -10 31.43

5 24 0 -10 -32.04 0 -16 -30 6 -10 -31.43 -6 -10 -31.43

1 16 0 -10 0 6 0 0 0 1 0 0 0 6 4-4edge.dat

1 16 0 -10 0 6 0 0 0 7 0 0 0 6 4-4cyli.dat

0 // base

0 // base plate

1 16 0 4 0 1 0 0 0 -1 0 0 0 -1 stud4.dat

1 16 0 8 0 24 0 0 0 1 0 0 0 24 4-4edge.dat

1 16 0 8 0 4 0 0 0 -1 0 0 0 4 4-4ring5.dat

0 BFC INVERTNEXT

1 16 0 4 0 20 0 0 0 4 0 0 0 20 4-4cylc.dat

1 16 0 4 0 24 0 0 0 4 0 0 0 24 4-4cyli.dat

1 16 0 0 0 10 0 0 0 1 0 0 0 10 4-4ring1.dat

0 BFC INVERTNEXT

1 16 0 -4 0 10 0 0 0 10 0 0 0 10 t02i4000.dat

0 BFC INVERTNEXT

1 16 0 -4 0 -10 0 0 0 10 0 0 0 -10 t02i4000.dat

1 16 0 4 0 20 0 0 0 -20 0 0 0 20 t04o2000.dat

1 16 0 4 0 0 0 -20 0 -20 0 20 0 0 t04o2000.dat

1 16 0 4 0 -20 0 0 0 -20 0 0 0 -20 t04o2000.dat

1 16 0 4 0 0 0 20 0 -20 0 -20 0 0 t04o2000.dat

0 NOFILE

0 FILE t04o2000.dat
0 Torus Outside  1 x 0.2000 x 0.25

0 Name: t04o2000.dat

0 Author: Paul Easter [pneaster]

0 !LDRAW_ORG Primitive UPDATE 2011-01

0 !LICENSE Licensed under CC BY 4.0 : see CAreadme.txt



0 BFC CERTIFY CCW



0 !HISTORY 2004-09-15 [PTadmin] Official Update 2004-03

0 !HISTORY 2007-12-20 [PTadmin] Header formatted for Contributor Agreement

0 !HISTORY 2008-07-01 [PTadmin] Official Update 2008-01

0 !HISTORY 2010-02-07 [mikeheide] changed winding to CCW

0 !HISTORY 2011-02-03 [Philo] Rebuilt with Primgen2

0 !HISTORY 2011-07-25 [PTadmin] Official Update 2011-01





0 // Major Radius: 5

0 // Tube(Minor) Radius: 1

0 // Segments(Sweep): 4/16 = 0.25

0 // 1 9 0 0 0 1 0 0 0 1 0 0 0 1 4-4edge.dat

0 // 1 12 1 0 0 0.2000 0 0 0 0 0.2000 0 1 0 4-4edge.dat



4 16 1 0.2 0 0.9239 0.2 0.3827 0.9946 0.1848 0.412 1.0765 0.1848 0

4 16 1.0765 0.1848 0 0.9946 0.1848 0.412 1.0546 0.1414 0.4368 1.1414 0.1414 0

4 16 1.1414 0.1414 0 1.0546 0.1414 0.4368 1.0946 0.0765 0.4534 1.1848 0.0765 0

4 16 1.1848 0.0765 0 1.0946 0.0765 0.4534 1.1087 0 0.4592 1.2 0 0

4 16 0.9239 0.2 0.3827 0.7071 0.2 0.7071 0.7612 0.1848 0.7612 0.9946 0.1848 0.412

4 16 0.9946 0.1848 0.412 0.7612 0.1848 0.7612 0.8071 0.1414 0.8071 1.0546 0.1414 0.4368

4 16 1.0546 0.1414 0.4368 0.8071 0.1414 0.8071 0.8378 0.0765 0.8378 1.0946 0.0765 0.4534

4 16 1.0946 0.0765 0.4534 0.8378 0.0765 0.8378 0.8485 0 0.8485 1.1087 0 0.4592

4 16 0.7071 0.2 0.7071 0.3827 0.2 0.9239 0.412 0.1848 0.9946 0.7612 0.1848 0.7612

4 16 0.7612 0.1848 0.7612 0.412 0.1848 0.9946 0.4368 0.1414 1.0546 0.8071 0.1414 0.8071

4 16 0.8071 0.1414 0.8071 0.4368 0.1414 1.0546 0.4534 0.0765 1.0946 0.8378 0.0765 0.8378

4 16 0.8378 0.0765 0.8378 0.4534 0.0765 1.0946 0.4592 0 1.1087 0.8485 0 0.8485

4 16 0.3827 0.2 0.9239 0 0.2 1 0 0.1848 1.0765 0.412 0.1848 0.9946

4 16 0.412 0.1848 0.9946 0 0.1848 1.0765 0 0.1414 1.1414 0.4368 0.1414 1.0546

4 16 0.4368 0.1414 1.0546 0 0.1414 1.1414 0 0.0765 1.1848 0.4534 0.0765 1.0946

4 16 0.4534 0.0765 1.0946 0 0.0765 1.1848 0 0 1.2 0.4592 0 1.1087



0 // conditional lines

5 24 1 0.2 0 0.9239 0.2 0.3827 1.0765 0.1848 0 0.9172 0.2 0

5 24 1 0.2 0 1.0765 0.1848 0 0.9239 0.2 0.3827 1 0.2 -0.4142

5 24 1.0765 0.1848 0 0.9946 0.1848 0.412 1.1414 0.1414 0 1 0.2 0

5 24 1.0765 0.1848 0 1.1414 0.1414 0 0.9946 0.1848 0.412 1.0765 0.1848 -0.4459

5 24 1.1414 0.1414 0 1.0546 0.1414 0.4368 1.1848 0.0765 0 1.0765 0.1848 0

5 24 1.1414 0.1414 0 1.1848 0.0765 0 1.0546 0.1414 0.4368 1.1414 0.1414 -0.4728

5 24 1.1848 0.0765 0 1.0946 0.0765 0.4534 1.2 0 0 1.1414 0.1414 0

5 24 1.1848 0.0765 0 1.2 0 0 1.0946 0.0765 0.4534 1.1848 0.0765 -0.4907

5 24 1.2 0 0 1.1087 0 0.4592 1.2 -0.0828 0 1.1848 0.0765 0

5 24 0.9239 0.2 0.3827 0.7071 0.2 0.7071 0.9946 0.1848 0.412 0.8474 0.2 0.351

5 24 0.9239 0.2 0.3827 0.9946 0.1848 0.412 0.7071 0.2 0.7071 1 0.2 0

5 24 0.9946 0.1848 0.412 0.7612 0.1848 0.7612 1.0546 0.1414 0.4368 0.9239 0.2 0.3827

5 24 0.9946 0.1848 0.412 1.0546 0.1414 0.4368 0.7612 0.1848 0.7612 1.0765 0.1848 0

5 24 1.0546 0.1414 0.4368 0.8071 0.1414 0.8071 1.0946 0.0765 0.4534 0.9946 0.1848 0.412

5 24 1.0546 0.1414 0.4368 1.0946 0.0765 0.4534 0.8071 0.1414 0.8071 1.1414 0.1414 0

5 24 1.0946 0.0765 0.4534 0.8378 0.0765 0.8378 1.1087 0 0.4592 1.0546 0.1414 0.4368

5 24 1.0946 0.0765 0.4534 1.1087 0 0.4592 0.8378 0.0765 0.8378 1.1848 0.0765 0

5 24 1.1087 0 0.4592 0.8485 0 0.8485 1.1087 -0.0828 0.4592 1.0946 0.0765 0.4534

5 24 0.7071 0.2 0.7071 0.3827 0.2 0.9239 0.7612 0.1848 0.7612 0.6485 0.2 0.6485

5 24 0.7071 0.2 0.7071 0.7612 0.1848 0.7612 0.3827 0.2 0.9239 0.9239 0.2 0.3827

5 24 0.7612 0.1848 0.7612 0.412 0.1848 0.9946 0.8071 0.1414 0.8071 0.7071 0.2 0.7071

5 24 0.7612 0.1848 0.7612 0.8071 0.1414 0.8071 0.412 0.1848 0.9946 0.9946 0.1848 0.412

5 24 0.8071 0.1414 0.8071 0.4368 0.1414 1.0546 0.8378 0.0765 0.8378 0.7612 0.1848 0.7612

5 24 0.8071 0.1414 0.8071 0.8378 0.0765 0.8378 0.4368 0.1414 1.0546 1.0546 0.1414 0.4368

5 24 0.8378 0.0765 0.8378 0.4534 0.0765 1.0946 0.8485 0 0.8485 0.8071 0.1414 0.8071

5 24 0.8378 0.0765 0.8378 0.8485 0 0.8485 0.4534 0.0765 1.0946 1.0946 0.0765 0.4534

5 24 0.8485 0 0.8485 0.4592 0 1.1087 0.8485 -0.0828 0.8485 0.8378 0.0765 0.8378

5 24 0.3827 0.2 0.9239 0 0.2 1 0.412 0.1848 0.9946 0.351 0.2 0.8474

5 24 0.3827 0.2 0.9239 0.412 0.1848 0.9946 0 0.2 1 0.7071 0.2 0.7071

5 24 0.412 0.1848 0.9946 0 0.1848 1.0765 0.4368 0.1414 1.0546 0.3827 0.2 0.9239

5 24 0.412 0.1848 0.9946 0.4368 0.1414 1.0546 0 0.1848 1.0765 0.7612 0.1848 0.7612

5 24 0.4368 0.1414 1.0546 0 0.1414 1.1414 0.4534 0.0765 1.0946 0.412 0.1848 0.9946

5 24 0.4368 0.1414 1.0546 0.4534 0.0765 1.0946 0 0.1414 1.1414 0.8071 0.1414 0.8071

5 24 0.4534 0.0765 1.0946 0 0.0765 1.1848 0.4592 0 1.1087 0.4368 0.1414 1.0546

5 24 0.4534 0.0765 1.0946 0.4592 0 1.1087 0 0.0765 1.1848 0.8378 0.0765 0.8378

5 24 0.4592 0 1.1087 0 0 1.2 0.4592 -0.0828 1.1087 0.4534 0.0765 1.0946

5 24 0 0.2 1 0 0.1848 1.0765 -0.4142 0.2 1 0.3827 0.2 0.9239

5 24 0 0.1848 1.0765 0 0.1414 1.1414 -0.4459 0.1848 1.0765 0.412 0.1848 0.9946

5 24 0 0.1414 1.1414 0 0.0765 1.1848 -0.4728 0.1414 1.1414 0.4368 0.1414 1.0546

5 24 0 0.0765 1.1848 0 0 1.2 -0.4907 0.0765 1.1848 0.4534 0.0765 1.0946

0 // Build by Primitive Generator 2

0 NOFILE

0 FILE t02i4000.dat
0 Torus Inside  1 x 0.4000 x 0.5

0 Name: t02i4000.dat

0 Author: Michael Heidemann [mikeheide]

0 !LDRAW_ORG Primitive UPDATE 2012-01

0 !LICENSE Licensed under CC BY 4.0 : see CAreadme.txt



0 BFC CERTIFY CCW



0 !HISTORY 2012-03-30 [PTadmin] Official Update 2012-01





0 // Major Radius: 10

0 // Tube(Minor) Radius: 4

0 // Segments(Sweep): 8/16 = 0.5

0 // 1 9 0 0 0 1 0 0 0 1 0 0 0 1 4-4edge.dat

0 // 1 12 1 0 0 0.4000 0 0 0 0 0.4000 0 1 0 4-4edge.dat



4 16 0.6 0 0 0.5543 0 0.2296 0.5825 0.1531 0.2413 0.6304 0.1531 0

4 16 0.6304 0.1531 0 0.5825 0.1531 0.2413 0.6626 0.2828 0.2745 0.7172 0.2828 0

4 16 0.7172 0.2828 0 0.6626 0.2828 0.2745 0.7825 0.3696 0.3241 0.8469 0.3696 0

4 16 0.8469 0.3696 0 0.7825 0.3696 0.3241 0.9239 0.4 0.3827 1 0.4 0

4 16 0.5543 0 0.2296 0.4243 0 0.4243 0.4458 0.1531 0.4458 0.5825 0.1531 0.2413

4 16 0.5825 0.1531 0.2413 0.4458 0.1531 0.4458 0.5071 0.2828 0.5071 0.6626 0.2828 0.2745

4 16 0.6626 0.2828 0.2745 0.5071 0.2828 0.5071 0.5989 0.3696 0.5989 0.7825 0.3696 0.3241

4 16 0.7825 0.3696 0.3241 0.5989 0.3696 0.5989 0.7071 0.4 0.7071 0.9239 0.4 0.3827

4 16 0.4243 0 0.4243 0.2296 0 0.5543 0.2413 0.1531 0.5825 0.4458 0.1531 0.4458

4 16 0.4458 0.1531 0.4458 0.2413 0.1531 0.5825 0.2745 0.2828 0.6626 0.5071 0.2828 0.5071

4 16 0.5071 0.2828 0.5071 0.2745 0.2828 0.6626 0.3241 0.3696 0.7825 0.5989 0.3696 0.5989

4 16 0.5989 0.3696 0.5989 0.3241 0.3696 0.7825 0.3827 0.4 0.9239 0.7071 0.4 0.7071

4 16 0.2296 0 0.5543 0 0 0.6 0 0.1531 0.6304 0.2413 0.1531 0.5825

4 16 0.2413 0.1531 0.5825 0 0.1531 0.6304 0 0.2828 0.7172 0.2745 0.2828 0.6626

4 16 0.2745 0.2828 0.6626 0 0.2828 0.7172 0 0.3696 0.8469 0.3241 0.3696 0.7825

4 16 0.3241 0.3696 0.7825 0 0.3696 0.8469 0 0.4 1 0.3827 0.4 0.9239

4 16 0 0 0.6 -0.2296 0 0.5543 -0.2413 0.1531 0.5825 0 0.1531 0.6304

4 16 0 0.1531 0.6304 -0.2413 0.1531 0.5825 -0.2745 0.2828 0.6626 0 0.2828 0.7172

4 16 0 0.2828 0.7172 -0.2745 0.2828 0.6626 -0.3241 0.3696 0.7825 0 0.3696 0.8469

4 16 0 0.3696 0.8469 -0.3241 0.3696 0.7825 -0.3827 0.4 0.9239 0 0.4 1

4 16 -0.2296 0 0.5543 -0.4243 0 0.4243 -0.4458 0.1531 0.4458 -0.2413 0.1531 0.5825

4 16 -0.2413 0.1531 0.5825 -0.4458 0.1531 0.4458 -0.5071 0.2828 0.5071 -0.2745 0.2828 0.6626

4 16 -0.2745 0.2828 0.6626 -0.5071 0.2828 0.5071 -0.5989 0.3696 0.5989 -0.3241 0.3696 0.7825

4 16 -0.3241 0.3696 0.7825 -0.5989 0.3696 0.5989 -0.7071 0.4 0.7071 -0.3827 0.4 0.9239

4 16 -0.4243 0 0.4243 -0.5543 0 0.2296 -0.5825 0.1531 0.2413 -0.4458 0.1531 0.4458

4 16 -0.4458 0.1531 0.4458 -0.5825 0.1531 0.2413 -0.6626 0.2828 0.2745 -0.5071 0.2828 0.5071

4 16 -0.5071 0.2828 0.5071 -0.6626 0.2828 0.2745 -0.7825 0.3696 0.3241 -0.5989 0.3696 0.5989

4 16 -0.5989 0.3696 0.5989 -0.7825 0.3696 0.3241 -0.9239 0.4 0.3827 -0.7071 0.4 0.7071

4 16 -0.5543 0 0.2296 -0.6 0 0 -0.6304 0.1531 0 -0.5825 0.1531 0.2413

4 16 -0.5825 0.1531 0.2413 -0.6304 0.1531 0 -0.7172 0.2828 0 -0.6626 0.2828 0.2745

4 16 -0.6626 0.2828 0.2745 -0.7172 0.2828 0 -0.8469 0.3696 0 -0.7825 0.3696 0.3241

4 16 -0.7825 0.3696 0.3241 -0.8469 0.3696 0 -1 0.4 0 -0.9239 0.4 0.3827



0 // conditional lines

5 24 0.6 0 0 0.5543 0 0.2296 0.6304 0.1531 0 0.6 -0.1657 0

5 24 0.6 0 0 0.6304 0.1531 0 0.5543 0 0.2296 0.6 0 -0.2485

5 24 0.6304 0.1531 0 0.5825 0.1531 0.2413 0.7172 0.2828 0 0.6 0 0

5 24 0.6304 0.1531 0 0.7172 0.2828 0 0.5825 0.1531 0.2413 0.6304 0.1531 -0.2611

5 24 0.7172 0.2828 0 0.6626 0.2828 0.2745 0.8469 0.3696 0 0.6304 0.1531 0

5 24 0.7172 0.2828 0 0.8469 0.3696 0 0.6626 0.2828 0.2745 0.7172 0.2828 -0.297

5 24 0.8469 0.3696 0 0.7825 0.3696 0.3241 1 0.4 0 0.7172 0.2828 0

5 24 0.8469 0.3696 0 1 0.4 0 0.7825 0.3696 0.3241 0.8469 0.3696 -0.3508

5 24 1 0.4 0 0.9239 0.4 0.3827 1.1657 0.4 0 0.8469 0.3696 0

5 24 0.5543 0 0.2296 0.4243 0 0.4243 0.5825 0.1531 0.2413 0.5543 -0.1657 0.2296

5 24 0.5543 0 0.2296 0.5825 0.1531 0.2413 0.4243 0 0.4243 0.6 0 0

5 24 0.5825 0.1531 0.2413 0.4458 0.1531 0.4458 0.6626 0.2828 0.2745 0.5543 0 0.2296

5 24 0.5825 0.1531 0.2413 0.6626 0.2828 0.2745 0.4458 0.1531 0.4458 0.6304 0.1531 0

5 24 0.6626 0.2828 0.2745 0.5071 0.2828 0.5071 0.7825 0.3696 0.3241 0.5825 0.1531 0.2413

5 24 0.6626 0.2828 0.2745 0.7825 0.3696 0.3241 0.5071 0.2828 0.5071 0.7172 0.2828 0

5 24 0.7825 0.3696 0.3241 0.5989 0.3696 0.5989 0.9239 0.4 0.3827 0.6626 0.2828 0.2745

5 24 0.7825 0.3696 0.3241 0.9239 0.4 0.3827 0.5989 0.3696 0.5989 0.8469 0.3696 0

5 24 0.9239 0.4 0.3827 0.7071 0.4 0.7071 1.077 0.4 0.4461 0.7825 0.3696 0.3241

5 24 0.4243 0 0.4243 0.2296 0 0.5543 0.4458 0.1531 0.4458 0.4243 -0.1657 0.4243

5 24 0.4243 0 0.4243 0.4458 0.1531 0.4458 0.2296 0 0.5543 0.5543 0 0.2296

5 24 0.4458 0.1531 0.4458 0.2413 0.1531 0.5825 0.5071 0.2828 0.5071 0.4243 0 0.4243

5 24 0.4458 0.1531 0.4458 0.5071 0.2828 0.5071 0.2413 0.1531 0.5825 0.5825 0.1531 0.2413

5 24 0.5071 0.2828 0.5071 0.2745 0.2828 0.6626 0.5989 0.3696 0.5989 0.4458 0.1531 0.4458

5 24 0.5071 0.2828 0.5071 0.5989 0.3696 0.5989 0.2745 0.2828 0.6626 0.6626 0.2828 0.2745

5 24 0.5989 0.3696 0.5989 0.3241 0.3696 0.7825 0.7071 0.4 0.7071 0.5071 0.2828 0.5071

5 24 0.5989 0.3696 0.5989 0.7071 0.4 0.7071 0.3241 0.3696 0.7825 0.7825 0.3696 0.3241

5 24 0.7071 0.4 0.7071 0.3827 0.4 0.9239 0.8243 0.4 0.8243 0.5989 0.3696 0.5989

5 24 0.2296 0 0.5543 0 0 0.6 0.2413 0.1531 0.5825 0.2296 -0.1657 0.5543

5 24 0.2296 0 0.5543 0.2413 0.1531 0.5825 0 0 0.6 0.4243 0 0.4243

5 24 0.2413 0.1531 0.5825 0 0.1531 0.6304 0.2745 0.2828 0.6626 0.2296 0 0.5543

5 24 0.2413 0.1531 0.5825 0.2745 0.2828 0.6626 0 0.1531 0.6304 0.4458 0.1531 0.4458

5 24 0.2745 0.2828 0.6626 0 0.2828 0.7172 0.3241 0.3696 0.7825 0.2413 0.1531 0.5825

5 24 0.2745 0.2828 0.6626 0.3241 0.3696 0.7825 0 0.2828 0.7172 0.5071 0.2828 0.5071

5 24 0.3241 0.3696 0.7825 0 0.3696 0.8469 0.3827 0.4 0.9239 0.2745 0.2828 0.6626

5 24 0.3241 0.3696 0.7825 0.3827 0.4 0.9239 0 0.3696 0.8469 0.5989 0.3696 0.5989

5 24 0.3827 0.4 0.9239 0 0.4 1 0.4461 0.4 1.077 0.3241 0.3696 0.7825

5 24 0 0 0.6 -0.2296 0 0.5543 0 0.1531 0.6304 0 -0.1657 0.6

5 24 0 0 0.6 0 0.1531 0.6304 -0.2296 0 0.5543 0.2296 0 0.5543

5 24 0 0.1531 0.6304 -0.2413 0.1531 0.5825 0 0.2828 0.7172 0 0 0.6

5 24 0 0.1531 0.6304 0 0.2828 0.7172 -0.2413 0.1531 0.5825 0.2413 0.1531 0.5825

5 24 0 0.2828 0.7172 -0.2745 0.2828 0.6626 0 0.3696 0.8469 0 0.1531 0.6304

5 24 0 0.2828 0.7172 0 0.3696 0.8469 -0.2745 0.2828 0.6626 0.2745 0.2828 0.6626

5 24 0 0.3696 0.8469 -0.3241 0.3696 0.7825 0 0.4 1 0 0.2828 0.7172

5 24 0 0.3696 0.8469 0 0.4 1 -0.3241 0.3696 0.7825 0.3241 0.3696 0.7825

5 24 0 0.4 1 -0.3827 0.4 0.9239 0 0.4 1.1657 0 0.3696 0.8469

5 24 -0.2296 0 0.5543 -0.4243 0 0.4243 -0.2413 0.1531 0.5825 -0.2296 -0.1657 0.5543

5 24 -0.2296 0 0.5543 -0.2413 0.1531 0.5825 -0.4243 0 0.4243 0 0 0.6

5 24 -0.2413 0.1531 0.5825 -0.4458 0.1531 0.4458 -0.2745 0.2828 0.6626 -0.2296 0 0.5543

5 24 -0.2413 0.1531 0.5825 -0.2745 0.2828 0.6626 -0.4458 0.1531 0.4458 0 0.1531 0.6304

5 24 -0.2745 0.2828 0.6626 -0.5071 0.2828 0.5071 -0.3241 0.3696 0.7825 -0.2413 0.1531 0.5825

5 24 -0.2745 0.2828 0.6626 -0.3241 0.3696 0.7825 -0.5071 0.2828 0.5071 0 0.2828 0.7172

5 24 -0.3241 0.3696 0.7825 -0.5989 0.3696 0.5989 -0.3827 0.4 0.9239 -0.2745 0.2828 0.6626

5 24 -0.3241 0.3696 0.7825 -0.3827 0.4 0.9239 -0.5989 0.3696 0.5989 0 0.3696 0.8469

5 24 -0.3827 0.4 0.9239 -0.7071 0.4 0.7071 -0.4461 0.4 1.077 -0.3241 0.3696 0.7825

5 24 -0.4243 0 0.4243 -0.5543 0 0.2296 -0.4458 0.1531 0.4458 -0.4243 -0.1657 0.4243

5 24 -0.4243 0 0.4243 -0.4458 0.1531 0.4458 -0.5543 0 0.2296 -0.2296 0 0.5543

5 24 -0.4458 0.1531 0.4458 -0.5825 0.1531 0.2413 -0.5071 0.2828 0.5071 -0.4243 0 0.4243

5 24 -0.4458 0.1531 0.4458 -0.5071 0.2828 0.5071 -0.5825 0.1531 0.2413 -0.2413 0.1531 0.5825

5 24 -0.5071 0.2828 0.5071 -0.6626 0.2828 0.2745 -0.5989 0.3696 0.5989 -0.4458 0.1531 0.4458

5 24 -0.5071 0.2828 0.5071 -0.5989 0.3696 0.5989 -0.6626 0.2828 0.2745 -0.2745 0.2828 0.6626

5 24 -0.5989 0.3696 0.5989 -0.7825 0.3696 0.3241 -0.7071 0.4 0.7071 -0.5071 0.2828 0.5071

5 24 -0.5989 0.3696 0.5989 -0.7071 0.4 0.7071 -0.7825 0.3696 0.3241 -0.3241 0.3696 0.7825

5 24 -0.7071 0.4 0.7071 -0.9239 0.4 0.3827 -0.8243 0.4 0.8243 -0.5989 0.3696 0.5989

5 24 -0.5543 0 0.2296 -0.6 0 0 -0.5825 0.1531 0.2413 -0.5543 -0.1657 0.2296

5 24 -0.5543 0 0.2296 -0.5825 0.1531 0.2413 -0.6 0 0 -0.4243 0 0.4243

5 24 -0.5825 0.1531 0.2413 -0.6304 0.1531 0 -0.6626 0.2828 0.2745 -0.5543 0 0.2296

5 24 -0.5825 0.1531 0.2413 -0.6626 0.2828 0.2745 -0.6304 0.1531 0 -0.4458 0.1531 0.4458

5 24 -0.6626 0.2828 0.2745 -0.7172 0.2828 0 -0.7825 0.3696 0.3241 -0.5825 0.1531 0.2413

5 24 -0.6626 0.2828 0.2745 -0.7825 0.3696 0.3241 -0.7172 0.2828 0 -0.5071 0.2828 0.5071

5 24 -0.7825 0.3696 0.3241 -0.8469 0.3696 0 -0.9239 0.4 0.3827 -0.6626 0.2828 0.2745

5 24 -0.7825 0.3696 0.3241 -0.9239 0.4 0.3827 -0.8469 0.3696 0 -0.5989 0.3696 0.5989

5 24 -0.9239 0.4 0.3827 -1 0.4 0 -1.077 0.4 0.4461 -0.7825 0.3696 0.3241

5 24 -0.6 0 0 -0.6304 0.1531 0 -0.6 0 -0.2485 -0.5543 0 0.2296

5 24 -0.6304 0.1531 0 -0.7172 0.2828 0 -0.6304 0.1531 -0.2611 -0.5825 0.1531 0.2413

5 24 -0.7172 0.2828 0 -0.8469 0.3696 0 -0.7172 0.2828 -0.297 -0.6626 0.2828 0.2745

5 24 -0.8469 0.3696 0 -1 0.4 0 -0.8469 0.3696 -0.3508 -0.7825 0.3696 0.3241

0 // Build by Primitive Generator 2

0 NOFILE

0 FILE 4-4ring5.dat
0 Ring  5 x 1.0

0 Name: 4-4ring5.dat

0 Author: Mark Kennedy [mkennedy]

0 !LDRAW_ORG Primitive UPDATE 2025-01

0 !LICENSE Licensed under CC BY 4.0 : see CAreadme.txt



0 BFC CERTIFY CCW



0 !HISTORY 2001-10-23 [pneaster] resequenced quads, corrected winding.

0 !HISTORY 2001-12-29 [pneaster] Added BFC.

0 !HISTORY 2002-04-25 [PTadmin] Official Update 2002-02

0 !HISTORY 2007-06-24 [PTadmin] Header formatted for Contributor Agreement

0 !HISTORY 2008-07-01 [PTadmin] Official Update 2008-01

0 !HISTORY 2012-02-16 [Philo] Changed to CCW

0 !HISTORY 2012-03-30 [PTadmin] Official Update 2012-01

0 !HISTORY 2024-12-30 [MagFors] Recreated using PrimGen

0 !HISTORY 2025-01-20 [OrionP] Official Update 2025-01



4 16 6 0 0 5.5434 0 2.2962 4.6195 0 1.9135 5 0 0

4 16 5.5434 0 2.2962 4.2426 0 4.2426 3.5355 0 3.5355 4.6195 0 1.9135

4 16 4.2426 0 4.2426 2.2962 0 5.5434 1.9135 0 4.6195 3.5355 0 3.5355

4 16 2.2962 0 5.5434 0 0 6 0 0 5 1.9135 0 4.6195

4 16 0 0 6 -2.2962 0 5.5434 -1.9135 0 4.6195 0 0 5

4 16 -2.2962 0 5.5434 -4.2426 0 4.2426 -3.5355 0 3.5355 -1.9135 0 4.6195

4 16 -4.2426 0 4.2426 -5.5434 0 2.2962 -4.6195 0 1.9135 -3.5355 0 3.5355

4 16 -5.5434 0 2.2962 -6 0 0 -5 0 0 -4.6195 0 1.9135

4 16 -6 0 0 -5.5434 0 -2.2962 -4.6195 0 -1.9135 -5 0 0

4 16 -5.5434 0 -2.2962 -4.2426 0 -4.2426 -3.5355 0 -3.5355 -4.6195 0 -1.9135

4 16 -4.2426 0 -4.2426 -2.2962 0 -5.5434 -1.9135 0 -4.6195 -3.5355 0 -3.5355

4 16 -2.2962 0 -5.5434 0 0 -6 0 0 -5 -1.9135 0 -4.6195

4 16 0 0 -6 2.2962 0 -5.5434 1.9135 0 -4.6195 0 0 -5

4 16 2.2962 0 -5.5434 4.2426 0 -4.2426 3.5355 0 -3.5355 1.9135 0 -4.6195

4 16 4.2426 0 -4.2426 5.5434 0 -2.2962 4.6195 0 -1.9135 3.5355 0 -3.5355

4 16 5.5434 0 -2.2962 6 0 0 5 0 0 4.6195 0 -1.9135

0 // Build by LDPartEditor (PrimGen 2.X)
0 NOFILE

0 FILE 4-8sphe.dat
0 Sphere 0.5

0 Name: 4-8sphe.dat

0 Author: James Jessiman

0 !LDRAW_ORG Primitive UPDATE 2003-02

0 !LICENSE Licensed under CC BY 4.0 : see CAreadme.txt



0 BFC CERTIFY CCW



0 !HISTORY 2002-08-31 [izanette] Modified with WINDZ for BFC compliance

0 !HISTORY 2003-08-01 [PTadmin] Official Update 2003-02

0 !HISTORY 2007-06-24 [PTadmin] Header formatted for Contributor Agreement

0 !HISTORY 2008-07-01 [PTadmin] Official Update 2008-01





1 16 0 0 0 1 0 0 0 1 0 0 0 1 1-8sphe.dat

1 16 0 0 0 1 0 0 0 1 0 0 0 -1 1-8sphe.dat

1 16 0 0 0 -1 0 0 0 1 0 0 0 1 1-8sphe.dat

1 16 0 0 0 -1 0 0 0 1 0 0 0 -1 1-8sphe.dat

0



0 NOFILE

0 FILE 4727.dat
0 Plant Flower  2 x  2 Leaves

0 Name: 4727.dat

0 Author: Tore Eriksson [Tore_Eriksson]

0 !LDRAW_ORG Part UPDATE 2015-01

0 !LICENSE Licensed under CC BY 4.0 : see CAreadme.txt



0 BFC CERTIFY CCW



0 !CMDLINE -c2



0 !HISTORY 1999-12-31 [PTadmin] Official Update 1999-06

0 !HISTORY 2000-05-07 [PTadmin] Official Update 2000-01

0 !HISTORY 2007-07-08 [PTadmin] Header formatted for Contributor Agreement

0 !HISTORY 2008-07-01 [PTadmin] Official Update 2008-01

0 !HISTORY 2014-11-21 [roland] Auto-corrected with libfix version of LDCad 1.4

0 !HISTORY 2014-12-28 [Philo] BFCed, minor improvements

0 !HISTORY 2015-10-11 [PTadmin] Official Update 2015-01





5 24 8 0 20 8 8 20 0 0 10 18 0 20

5 24 -8 0 20 -8 8 20 0 0 10 -18 0 20

5 24 8 0 -20 8 8 -20 0 0 -10 18 0 -20

5 24 -8 0 -20 -8 8 -20 0 0 -10 -18 0 -20

5 24 20 0 8 20 8 8 10 0 0 20 0 18

5 24 -20 0 8 -20 8 8 -10 0 0 -20 0 18

5 24 20 0 -8 20 8 -8 10 0 0 20 0 -18

5 24 -20 0 -8 -20 8 -8 -10 0 0 -20 0 -18

1 16 18 0 18 2 0 0 0 8 0 0 0 2 1-4cylc.dat

1 16 -18 0 18 -2 0 0 0 8 0 0 0 2 1-4cylc.dat

1 16 18 0 -18 2 0 0 0 8 0 0 0 -2 1-4cylc.dat

1 16 -18 0 -18 -2 0 0 0 8 0 0 0 -2 1-4cylc.dat

1 16 18 8 18 2 0 0 0 -1 0 0 0 2 1-4disc.dat

1 16 -18 8 18 -2 0 0 0 -1 0 0 0 2 1-4disc.dat

1 16 18 8 -18 2 0 0 0 -1 0 0 0 -2 1-4disc.dat

1 16 -18 8 -18 -2 0 0 0 -1 0 0 0 -2 1-4disc.dat

2 24 18 0 20 8 0 20

2 24 -18 0 20 -8 0 20

2 24 18 0 -20 8 0 -20

2 24 -18 0 -20 -8 0 -20

2 24 18 8 20 8 8 20

4 16 18 0 20 18 8 20 8 8 20 8 0 20

2 24 -18 8 20 -8 8 20

4 16 -18 0 20 -8 0 20 -8 8 20 -18 8 20

2 24 18 8 -20 8 8 -20

4 16 18 0 -20 8 0 -20 8 8 -20 18 8 -20

2 24 -18 8 -20 -8 8 -20

4 16 -18 0 -20 -18 8 -20 -8 8 -20 -8 0 -20

2 24 8 0 20 0 0 10

2 24 -8 0 20 0 0 10

2 24 8 0 -20 0 0 -10

2 24 -8 0 -20 0 0 -10

2 24 8 8 20 0 8 10

4 16 8 0 20 8 8 20 0 8 10 0 0 10

2 24 -8 8 20 0 8 10

4 16 -8 0 20 0 0 10 0 8 10 -8 8 20

2 24 8 8 -20 0 8 -10

4 16 8 0 -20 0 0 -10 0 8 -10 8 8 -20

2 24 -8 8 -20 0 8 -10

4 16 -8 0 -20 -8 8 -20 0 8 -10 0 0 -10

2 24 0 0 10 0 8 10

2 24 0 0 -10 0 8 -10

2 24 20 0 18 20 0 8

2 24 -20 0 18 -20 0 8

2 24 20 0 -18 20 0 -8

2 24 -20 0 -18 -20 0 -8

2 24 20 8 18 20 8 8

4 16 20 0 18 20 0 8 20 8 8 20 8 18

2 24 -20 8 18 -20 8 8

4 16 -20 0 18 -20 8 18 -20 8 8 -20 0 8

2 24 20 8 -18 20 8 -8

4 16 20 0 -18 20 8 -18 20 8 -8 20 0 -8

2 24 -20 8 -18 -20 8 -8

4 16 -20 0 -18 -20 0 -8 -20 8 -8 -20 8 -18

2 24 20 0 8 10 0 0

2 24 -20 0 8 -10 0 0

2 24 20 0 -8 10 0 0

2 24 -20 0 -8 -10 0 0

2 24 20 8 8 10 8 0

4 16 20 0 8 10 0 0 10 8 0 20 8 8

2 24 -20 8 8 -10 8 0

4 16 -20 0 8 -20 8 8 -10 8 0 -10 0 0

2 24 20 8 -8 10 8 0

4 16 20 0 -8 20 8 -8 10 8 0 10 0 0

2 24 -20 8 -8 -10 8 0

4 16 -20 0 -8 -10 0 0 -10 8 0 -20 8 -8

2 24 10 0 0 10 8 0

2 24 -10 0 0 -10 8 0

1 16 13 6 16 -3 0 0 0 0 2 0 1 0 rect.dat

1 16 -13 6 16 0 0 3 2 0 0 0 1 0 rect.dat

1 16 13 6 -16 0 0 -3 2 0 0 0 -1 0 rect.dat

1 16 -13 6 -16 3 0 0 0 0 2 0 -1 0 rect.dat

1 16 6.915 6 12.62 0 -1 -3.085 -2 0 0 0 0 -3.38 rect3.dat

1 16 -6.915 6 12.62 0 1 3.085 2 0 0 0 0 -3.38 rect3.dat

1 16 6.915 6 -12.62 0 -1 -3.085 2 0 0 0 0 3.38 rect3.dat

1 16 -6.915 6 -12.62 0 1 3.085 -2 0 0 0 0 3.38 rect3.dat

1 16 16 6 13 0 1 0 2 0 0 0 0 -3 rect3.dat

1 16 -16 6 13 0 -1 0 -2 0 0 0 0 -3 rect3.dat

1 16 16 6 -13 0 1 0 -2 0 0 0 0 3 rect3.dat

1 16 -16 6 -13 0 -1 0 2 0 0 0 0 3 rect3.dat

1 16 12.62 6 6.915 0 0 -3.38 2 0 0 0 -1 -3.085 rect3.dat

1 16 -12.62 6 6.915 0 0 3.38 -2 0 0 0 -1 -3.085 rect3.dat

1 16 12.62 6 -6.915 0 0 -3.38 -2 0 0 0 1 3.085 rect3.dat

1 16 -12.62 6 -6.915 0 0 3.38 2 0 0 0 1 3.085 rect3.dat

4 16 6 0 6 18 0 18 18 0 20 8 0 20

4 16 -6 0 6 -8 0 20 -18 0 20 -18 0 18

4 16 6 0 -6 8 0 -20 18 0 -20 18 0 -18

4 16 -6 0 -6 -18 0 -18 -18 0 -20 -8 0 -20

4 16 6 0 6 8 0 20 0 0 10 0 0 6

4 16 -6 0 6 0 0 6 0 0 10 -8 0 20

4 16 6 0 -6 0 0 -6 0 0 -10 8 0 -20

4 16 -6 0 -6 -8 0 -20 0 0 -10 0 0 -6

4 16 6 0 6 20 0 8 20 0 18 18 0 18

4 16 -6 0 6 -18 0 18 -20 0 18 -20 0 8

4 16 6 0 -6 18 0 -18 20 0 -18 20 0 -8

4 16 -6 0 -6 -20 0 -8 -20 0 -18 -18 0 -18

4 16 6 0 6 6 0 0 10 0 0 20 0 8

4 16 -6 0 6 -20 0 8 -10 0 0 -6 0 0

4 16 6 0 -6 20 0 -8 10 0 0 6 0 0

4 16 -6 0 -6 -6 0 0 -10 0 0 -20 0 -8

2 24 3.83 4 9.24 7.07 4 7.07

2 24 -3.83 4 9.24 -7.07 4 7.07

2 24 3.83 4 -9.24 7.07 4 -7.07

2 24 -3.83 4 -9.24 -7.07 4 -7.07

2 24 7.07 4 7.07 9.24 4 3.83

2 24 -7.07 4 7.07 -9.24 4 3.83

2 24 7.07 4 -7.07 9.24 4 -3.83

2 24 -7.07 4 -7.07 -9.24 4 -3.83

2 24 10 8 0 9.24 8 3.83

2 24 -10 8 0 -9.24 8 3.83

2 24 10 8 0 9.24 8 -3.83

2 24 -10 8 0 -9.24 8 -3.83

2 24 0 8 10 3.83 8 9.24

2 24 0 8 10 -3.83 8 9.24

2 24 0 8 -10 3.83 8 -9.24

2 24 0 8 -10 -3.83 8 -9.24

4 16 7.0711 4 -7.0711 9.24 4 -3.83 16 4 -10 16 4 -16

4 16 7.0711 4 -7.0711 16 4 -16 10 4 -16 3.83 4 -9.24

4 16 -7.0711 4 -7.0711 -3.83 4 -9.24 -10 4 -16 -16 4 -16

4 16 -7.0711 4 -7.0711 -16 4 -16 -16 4 -10 -9.24 4 -3.83

4 16 -7.0711 4 7.0711 -9.24 4 3.83 -16 4 10 -16 4 16

4 16 -7.0711 4 7.0711 -16 4 16 -10 4 16 -3.83 4 9.24

4 16 7.0711 4 7.0711 3.83 4 9.24 10 4 16 16 4 16

4 16 7.0711 4 7.0711 16 4 16 16 4 10 9.24 4 3.83

4 16 10 8 16 3.83 8 9.24 0 8 10 8 8 20

4 16 -10 8 16 -8 8 20 0 8 10 -3.83 8 9.24

4 16 10 8 -16 8 8 -20 0 8 -10 3.83 8 -9.24

4 16 -10 8 -16 -3.83 8 -9.24 0 8 -10 -8 8 -20

4 16 10 8 16 18 8 20 18 8 18 16 8 16

4 16 -10 8 16 -16 8 16 -18 8 18 -18 8 20

4 16 10 8 -16 16 8 -16 18 8 -18 18 8 -20

4 16 -10 8 -16 -18 8 -20 -18 8 -18 -16 8 -16

3 16 10 8 16 8 8 20 18 8 20

3 16 -10 8 16 -18 8 20 -8 8 20

3 16 10 8 -16 18 8 -20 8 8 -20

3 16 -10 8 -16 -8 8 -20 -18 8 -20

3 16 16 8 10 20 8 18 20 8 8

3 16 -16 8 10 -20 8 8 -20 8 18

3 16 16 8 -10 20 8 -8 20 8 -18

3 16 -16 8 -10 -20 8 -18 -20 8 -8

4 16 16 8 10 16 8 16 18 8 18 20 8 18

4 16 -16 8 10 -20 8 18 -18 8 18 -16 8 16

4 16 16 8 -10 20 8 -18 18 8 -18 16 8 -16

4 16 -16 8 -10 -16 8 -16 -18 8 -18 -20 8 -18

4 16 16 8 10 20 8 8 10 8 0 9.24 8 3.83

4 16 -16 8 10 -9.24 8 3.83 -10 8 0 -20 8 8

4 16 16 8 -10 9.24 8 -3.83 10 8 0 20 8 -8

4 16 -16 8 -10 -20 8 -8 -10 8 0 -9.24 8 -3.83

1 16 0 0 0 6 0 0 0 1 0 0 0 6 4-4ndis.dat

1 16 0 19 0 1 0 0 0 -1.25 0 0 0 1 stud4a.dat

0 BFC INVERTNEXT

1 16 0 4 0 6 0 0 0 15 0 0 0 6 4-4cyli.dat

1 16 0 4 0 6 0 0 0 1 0 0 0 6 4-4edge.dat

1 16 0 4 0 4 0 0 0 1 0 0 0 4 4-4edge.dat

1 16 0 19 0 8 0 0 0 1 0 0 0 8 4-4edge.dat

1 16 0 19 0 10 0 0 0 1 0 0 0 10 4-4edge.dat

1 16 0 4 0 10 0 0 0 15 0 0 0 10 4-4cyli.dat

1 16 0 0 0 6 0 0 0 1 0 0 0 6 4-4edge.dat

0 BFC INVERTNEXT

1 16 0 0 0 4 0 0 0 4 0 0 0 4 4-4cyli.dat

1 16 0 0 0 1 0 0 0 1 0 0 0 1 stud2a.dat

1 16 0 19 0 2 0 0 0 -1 0 0 0 -2 4-4ring4.dat

1 16 0 4 0 2 0 0 0 -1 0 0 0 -2 4-4ring2.dat

0 NOFILE

0 FILE 1-4disc.dat
0 Disc 0.25

0 Name: 1-4disc.dat

0 Author: James Jessiman

0 !LDRAW_ORG Primitive UPDATE 2002-02

0 !LICENSE Licensed under CC BY 4.0 : see CAreadme.txt



0 BFC CERTIFY CCW



0 !HISTORY 2002-03-23 [sbliss] Added BFC statement.

0 !HISTORY 2002-04-25 [PTadmin] Official Update 2002-02

0 !HISTORY 2007-06-22 [PTadmin] Header formatted for Contributor Agreement

0 !HISTORY 2008-07-01 [PTadmin] Official Update 2008-01





3 16 0 0 0 1 0 0 0.9239 0 0.3827

3 16 0 0 0 0.9239 0 0.3827 0.7071 0 0.7071

3 16 0 0 0 0.7071 0 0.7071 0.3827 0 0.9239

3 16 0 0 0 0.3827 0 0.9239 0 0 1

0

0 NOFILE

0 FILE 1-4cylc.dat
0 Cylinder Closed 0.25

0 Name: 1-4cylc.dat

0 Author: Mark Kennedy [mkennedy]

0 !LDRAW_ORG Primitive UPDATE 2010-01

0 !LICENSE Licensed under CC BY 4.0 : see CAreadme.txt



0 BFC CERTIFY CCW



0 !HISTORY 2010-04-05 [PTadmin] Official Update 2010-01





1 16 0 0 0 1 0 0 0 1 0 0 0 1 1-4edge.dat

1 16 0 1 0 1 0 0 0 1 0 0 0 1 1-4edge.dat

1 16 0 0 0 1 0 0 0 1 0 0 0 1 1-4disc.dat

1 16 0 0 0 1 0 0 0 1 0 0 0 1 1-4cyli.dat

0

0 NOFILE

0 FILE 87580.dat
0 Plate  2 x  2 with Groove with 1 Centre Stud

0 Name: 87580.dat

0 Author: Joerg Sommerer [Brickaneer]

0 !LDRAW_ORG Part UPDATE 2017-01

0 !LICENSE Licensed under CC BY 2.0 and CC BY 4.0 : see CAreadme.txt



0 BFC CERTIFY CCW



0 !KEYWORDS jumper, offset, spacer, tile



0 !HISTORY 2009-12-29 [PTadmin] Official Update 2009-03

0 !HISTORY 2011-12-05 [MagFors] Retitled, was "Tile 2 x 2 with Groove and 1 Stud"

0 !HISTORY 2011-12-29 [PTadmin] Official Update 2011-02

0 !HISTORY 2017-08-19 [cwdee] Correct spelling

0 !HISTORY 2017-12-30 [PTadmin] Official Update 2017-01





1 16 0 0 0 1 0 0 0 1 0 0 0 1 3068b.dat

1 16 0 0 0 1 0 0 0 1 0 0 0 1 stud2.dat



0 NOFILE

0 FILE 4286.dat
0 Slope Brick 33  3 x  1

0 Name: 4286.dat

0 Author: James Jessiman

0 !LDRAW_ORG Part UPDATE 2026-04

0 !LICENSE Licensed under CC BY 4.0 : see CAreadme.txt



0 BFC CERTIFY CCW



0 !KEYWORDS Brickowl 226993



0 !HISTORY 1998-06-20 [PTadmin] Official Update 1998-06

0 !HISTORY 2003-02-03 [sbliss] Completed header; BFC'ed

0 !HISTORY 2003-08-01 [PTadmin] Official Update 2003-02

0 !HISTORY 2007-07-04 [PTadmin] Header formatted for Contributor Agreement

0 !HISTORY 2008-07-01 [PTadmin] Official Update 2008-01

0 !HISTORY 2026-02-28 [KnightOfTarenta] Sub-Filed for Pattern

0 !HISTORY 2026-04-27 [OrionP] Official Update 2026-04



1 16 0 0 0 1 0 0 0 1 0 0 0 1 s__4286s01.dat



0 // Sloped Face

4 16 10 20 -50 10 0 -10 -10 0 -10 -10 20 -50



0 // Left Side

3 16 10 0 10 10 0 -10 10 20 -50

4 16 10 24 10 10 0 10 10 20 -50 10 24 -50



0 // Right Side

3 16 -10 20 -50 -10 0 -10 -10 0 10

4 16 -10 20 -50 -10 0 10 -10 24 10 -10 24 -50
0 NOFILE

0 FILE s__4286s01.dat
0 ~Slope Brick 33  3 x  1 without Front and Side Faces

0 Name: s\4286s01.dat

0 Author: Chris Böhnke [KnightOfTarenta]

0 !LDRAW_ORG Subpart UPDATE 2026-04

0 !LICENSE Licensed under CC BY 4.0 : see CAreadme.txt



0 BFC CERTIFY CCW



0 !HISTORY 2026-04-27 [OrionP] Official Update 2026-04



0 // Top Stud

1 16 0 0 0 1 0 0 0 1 0 0 0 1 stud.dat



0 // Outer Faces

1 16 0 12 0 10 0 0 0 -12 0 0 0 10 box2-5.dat

1 16 0 22 -50 0 0 -10 -2 0 0 0 1 0 rect.dat

2 24 10 20 -50 10 0 -10

2 24 -10 20 -50 -10 0 -10



0 // Bottom

3 16 -6 24 6 -6 24 -6 -10 24 10

3 16 -10 24 10 -6 24 -6 -6 24 -10

3 16 6 24 -6 6 24 6 10 24 10

3 16 6 24 -6 10 24 10 6 24 -10

3 16 -6 24 -10 -6 24 -6 -2 24 -10

3 16 2 24 -10 6 24 -6 6 24 -10

4 16 -10 24 10 -6 24 -10 -6 24 -46 -10 24 -50

4 16 6 24 -46 6 24 -10 10 24 10 10 24 -50

4 16 6 24 -6 2 24 -10 -2 24 -10 -6 24 -6

4 16 10 24 10 6 24 6 -6 24 6 -10 24 10

4 16 -10 24 -50 -6 24 -46 6 24 -46 10 24 -50

2 24 -10 24 10 -10 24 -50

2 24 10 24 -50 10 24 10

2 24 -6 24 -10 -6 24 -46

2 24 6 24 -46 6 24 -10



0 // Back Cavity

0 BFC INVERTNEXT

1 16 0 24 0 -6 0 0 0 -20 0 0 0 6 box5.dat



0 // Front Cavity

0 BFC INVERTNEXT

1 16 0 22 -44 -6 0 0 0 -2 0 0 0 -2 box2-5.dat

1 16 4 14 -10 0 0 -2 -10 0 0 0 1 0 rect.dat

1 16 -4 14 -10 -2 0 0 0 0 10 0 1 0 rect.dat

1 16 0 15 -12 2 0 0 0 0 9 0 -2 0 box2-7.dat

1 16 0 5 -12 2 0 0 0 -2 1 0 0 -2 recte3.dat

3 16 6 20 -42 6 24 -46 6 20 -46

3 16 -6 24 -46 -6 20 -42 -6 20 -46

4 16 2 24 -10 2 4 -10 2 6 -14 2 24 -14

4 16 -2 6 -14 -2 4 -10 -2 24 -10 -2 24 -14

4 16 6 24 -46 6 20 -42 6 4 -10 6 24 -10

4 16 -6 24 -46 -6 24 -10 -6 4 -10 -6 20 -42

4 16 6 20 -42 2 6 -14 2 4 -10 6 4 -10

4 16 6 20 -42 -6 20 -42 -2 6 -14 2 6 -14

4 16 -6 20 -42 -6 4 -10 -2 4 -10 -2 6 -14

2 24 -6 20 -42 -6 4 -10

2 24 6 4 -10 6 20 -42



0 // Bottom Tube

1 16 0 16 -30 0 0 -4 0 -2 0 -4 0 0 4-4cylse.dat

1 16 0 16 -30 0 0 -4 0 4 0 -4 0 0 4-4cyli.dat

1 16 0 20 -30 -1 0 0 0 -1 0 0 0 1 stud3a.dat
0 NOFILE

0 FILE stud3a.dat
0 Stud Tube Solid without Base Edges

0 Name: stud3a.dat

0 Author: James Jessiman

0 !LDRAW_ORG Primitive UPDATE 2003-02

0 !LICENSE Licensed under CC BY 4.0 : see CAreadme.txt



0 BFC CERTIFY CCW



0 !HISTORY 2002-08-31 [izanette] Modified with WINDZ for BFC compliance

0 !HISTORY 2003-08-01 [PTadmin] Official Update 2003-02

0 !HISTORY 2007-06-24 [PTadmin] Header formatted for Contributor Agreement

0 !HISTORY 2008-07-01 [PTadmin] Official Update 2008-01





1 16 0 -4 0 4 0 0 0 1 0 0 0 4 4-4edge.dat

1 16 0 -4 0 4 0 0 0 1 0 0 0 4 4-4disc.dat

1 16 0 -4 0 4 0 0 0 4 0 0 0 4 4-4cyli.dat

0



0 NOFILE

0 FILE 4-4cylse.dat
0 Cylinder Sloped 1.0 with Edge

0 Name: 4-4cylse.dat

0 Author: Willy Tschager [Holly-Wood]

0 !LDRAW_ORG Primitive UPDATE 2024-01

0 !LICENSE Licensed under CC BY 4.0 : see CAreadme.txt



0 BFC CERTIFY CCW



0 !HISTORY 2010-07-05 [PTadmin] Official Update 2010-02

0 !HISTORY 2022-12-04 [SwampKryakwa] Combination of cyls and edge instead of pure geometry

0 !HISTORY 2023-03-05 [OrionP] Official Update 2023-01

0 !HISTORY 2024-01-14 [Holly-Wood] Complete re-write, original by Brickaneer

0 !HISTORY 2024-01-29 [OrionP] Official Update 2024-01



1 16 0 1 0 1 0 0 -1 1 0 0 0 1 4-4edge.dat

1 16 0 0 0 1 0 0 0 1 0 0 0 1 4-4cyls.dat

0 NOFILE

0 FILE 4-4cyls.dat
0 Cylinder Sloped 1.0

0 Name: 4-4cyls.dat

0 Author: Donald Sutter [technog]

0 !LDRAW_ORG Primitive UPDATE 2012-01

0 !LICENSE Licensed under CC BY 4.0 : see CAreadme.txt



0 BFC CERTIFY CCW



0 !HISTORY 2003-08-01 [PTadmin] Official Update 2003-02

0 !HISTORY 2007-06-24 [PTadmin] Header formatted for Contributor Agreement

0 !HISTORY 2008-07-01 [PTadmin] Official Update 2008-01

0 !HISTORY 2012-02-16 [Philo] Changed to CCW

0 !HISTORY 2012-03-30 [PTadmin] Official Update 2012-01





3 16 0.9239 0.0761 0.3827 0.9239 0 0.3827 1 0 0

5 24 0.9239 0 0.3827 0.9239 0.0761 0.3827 0.7071 0 0.7071 1 0 0

4 16 0.9239 0.0761 0.3827 0.7071 0.2929 0.7071 0.7071 0 0.7071 0.9239 0 0.3827

5 24 0.7071 0 0.7071 0.7071 0.2929 0.7071 0.3827 0 0.9239 0.9239 0 0.3827

4 16 0.7071 0.2929 0.7071 0.3827 0.6173 0.9239 0.3827 0 0.9239 0.7071 0 0.7071

5 24 0.3827 0 0.9239 0.3827 0.6173 0.9239 0 0 1 0.7071 0 0.7071

4 16 0.3827 0.6173 0.9239 0 1 1 0 0 1 0.3827 0 0.9239

5 24 0 0 1 0 1 1 -0.3827 0 0.9239 0.3827 0 0.9239

4 16 0 1 1 -0.3827 1.3827 0.9239 -0.3827 0 0.9239 0 0 1

5 24 -0.3827 0 0.9239 -0.3827 1.3827 0.9239 -0.7071 0 0.7071 0 0 1

4 16 -0.3827 1.3827 0.9239 -0.7071 1.7071 0.7071 -0.7071 0 0.7071 -0.3827 0 0.9239

5 24 -0.7071 0 0.7071 -0.7071 1.7071 0.7071 -0.9239 0 0.3827 -0.3827 0 0.9239

4 16 -0.7071 1.7071 0.7071 -0.9239 1.9239 0.3827 -0.9239 0 0.3827 -0.7071 0 0.7071

5 24 -0.9239 0 0.3827 -0.9239 1.9239 0.3827 -1 0 0 -0.7071 0 0.7071

4 16 -0.9239 1.9239 0.3827 -1 2 0 -1 0 0 -0.9239 0 0.3827

5 24 -1 0 0 -1 2 0 -0.9239 0 -0.3827 -0.9239 0 0.3827

4 16 -1 2 0 -0.9239 1.9239 -0.3827 -0.9239 0 -0.3827 -1 0 0

5 24 -0.9239 0 -0.3827 -0.9239 1.9239 -0.3827 -1 0 0 -0.7071 0 -0.7071

4 16 -0.9239 1.9239 -0.3827 -0.7071 1.7071 -0.7071 -0.7071 0 -0.7071 -0.9239 0 -0.3827

5 24 -0.7071 0 -0.7071 -0.7071 1.7071 -0.7071 -0.9239 0 -0.3827 -0.3827 0 -0.9239

4 16 -0.7071 1.7071 -0.7071 -0.3827 1.3827 -0.9239 -0.3827 0 -0.9239 -0.7071 0 -0.7071

5 24 -0.3827 0 -0.9239 -0.3827 1.3827 -0.9239 -0.7071 0 -0.7071 0 0 -1

4 16 -0.3827 1.3827 -0.9239 0 1 -1 0 0 -1 -0.3827 0 -0.9239

5 24 0 0 -1 0 1 -1 -0.3827 0 -0.9239 0.3827 0 -0.9239

4 16 0 1 -1 0.3827 0.6173 -0.9239 0.3827 0 -0.9239 0 0 -1

5 24 0.3827 0 -0.9239 0.3827 0.6173 -0.9239 0 0 -1 0.7071 0 -0.7071

4 16 0.3827 0.6173 -0.9239 0.7071 0.2929 -0.7071 0.7071 0 -0.7071 0.3827 0 -0.9239

5 24 0.7071 0 -0.7071 0.7071 0.2929 -0.7071 0.3827 0 -0.9239 0.9239 0 -0.3827

4 16 0.7071 0.2929 -0.7071 0.9239 0.0761 -0.3827 0.9239 0 -0.3827 0.7071 0 -0.7071

5 24 0.9239 0 -0.3827 0.9239 0.0761 -0.3827 0.7071 0 -0.7071 1 0 0

3 16 0.9239 0 -0.3827 0.9239 0.0761 -0.3827 1 0 0

0 NOFILE

0 FILE 30363.dat
0 Slope Brick 18  4 x  2

0 Name: 30363.dat

0 Author: John Van Zwieten [jvan]

0 !LDRAW_ORG Part UPDATE 2004-04

0 !LICENSE Licensed under CC BY 2.0 and CC BY 4.0 : see CAreadme.txt



0 BFC CERTIFY CCW



0 !HISTORY 1999-12-31 [PTadmin] Official Update 1999-06

0 !HISTORY 2003-07-22 [jriley] Subfiled most of part

0 !HISTORY 2004-11-06 [PTadmin] Official Update 2004-04

0 !HISTORY 2007-06-07 [PTadmin] Header formatted for Contributor Agreement

0 !HISTORY 2008-07-01 [PTadmin] Official Update 2008-01





1 16 0 0 0 1 0 0 0 1 0 0 0 1 s__30363s01.dat

4 16 20 0 -10 -20 0 -10 -20 20 -70 20 20 -70

0

0 NOFILE

0 FILE s__30363s01.dat
0 ~Slope Brick 18  4 x  2 without Top Face

0 Name: s\30363s01.dat

0 Author: John Riley [jriley]

0 !LDRAW_ORG Subpart UPDATE 2025-09

0 !LICENSE Licensed under CC BY 2.0 and CC BY 4.0 : see CAreadme.txt



0 BFC CERTIFY CCW



0 !HISTORY 2003-06-30 [jriley] Separated subpart out for use with patterned pieces

0 !HISTORY 2004-11-06 [PTadmin] Official Update 2004-04

0 !HISTORY 2007-08-30 [PTadmin] Header formatted for Contributor Agreement

0 !HISTORY 2008-07-01 [PTadmin] Official Update 2008-01

0 !HISTORY 2008-09-24 [mkennedy] Used stud4s primitives, boxes, and rects

0 !HISTORY 2008-11-28 [tchang] Add 2 lines

0 !HISTORY 2009-12-29 [PTadmin] Official Update 2009-03

0 !HISTORY 2025-09-27 [OrionP] Changed winding to CCW

0 !HISTORY 2025-09-29 [OrionP] Official Update 2025-09



1 16 0 6.667 -10 1 0 0 0 -4.333 0 0 0 1 stud4a.dat

1 16 0 4 -10 6 0 0 0 1 0 0 0 6 2-4edge.dat

1 16 0 4 -10 6 0 0 0 1 2 0 0 -6 2-4edge.dat

1 16 0 4 -10 8 0 0 0 1 0 0 0 8 2-4edge.dat

1 16 0 4 -10 8 0 0 0 1 2.667 0 0 -8 2-4edge.dat

0 BFC INVERTNEXT

1 16 0 6 -10 0 0 6 0 -2 0 -6 0 0 1-4cyls.dat

0 BFC INVERTNEXT

1 16 0 6 -10 0 0 -6 0 -2 0 -6 0 0 1-4cyls.dat

0 BFC INVERTNEXT

1 16 0 4 -10 6 0 0 0 2 0 0 0 6 2-4cyli.dat

0 BFC INVERTNEXT

1 16 0 6 -10 6 0 0 0 .667 0 0 0 6 4-4cyli.dat

1 16 0 6.667 -10 0 0 8 0 -2.667 0 -8 0 0 1-4cyls.dat

1 16 0 6.667 -10 0 0 -8 0 -2.667 0 -8 0 0 1-4cyls.dat

1 16 0 4 -10 8 0 0 0 2.667 0 0 0 8 2-4cyli.dat

1 16 0 13.334 -30 0 0 1 0 2.667 0 -1 0 0 stud4s.dat

1 16 0 13.344 -30 1 0 0 0 -2.656 0 0 0 1 stud4a.dat

1 16 0 20 -50 0 0 1 0 2.667 0 -1 0 0 stud4s.dat

1 16 0 20 -50 1 0 0 0 -1 0 0 0 1 stud4a.dat

2 24 -16 24 6 -16 24 -66

2 24 16 24 -66 16 24 6

2 24 -20 24 10 -20 24 -70

2 24 20 24 -70 20 24 10

4 16 20 24 10 16 24 6 -16 24 6 -20 24 10

4 16 -20 24 10 -16 24 6 -16 24 -66 -20 24 -70

4 16 -20 24 -70 -16 24 -66 16 24 -66 20 24 -70

4 16 20 24 -70 16 24 -66 16 24 6 20 24 10

1 16 0 12 0 20 0 0 0 -12 0 0 0 10 box2-5.dat

0 BFC INVERTNEXT

1 16 0 14 -2 16 0 0 0 -10 0 0 0 8 box2-5.dat

1 16 0 22 -70 20 0 0 0 0 2 0 1 0 rect.dat

4 16 20 24 10 20 0 10 20 20 -70 20 24 -70

3 16 20 0 10 20 0 -10 20 20 -70

4 16 -20 24 10 -20 24 -70 -20 20 -70 -20 0 10

3 16 -20 0 10 -20 20 -70 -20 0 -10

4 16 16 24 6 16 20 -58 16 4 -10 16 4 6

4 16 16 20 -58 16 24 6 16 24 -66 16 20 -66

4 16 -16 4 6 -16 4 -10 -16 20 -58 -16 24 6

4 16 -16 20 -66 -16 24 -66 -16 24 6 -16 20 -58

0 BFC INVERTNEXT

1 16 0 22 -66 16 0 0 0 0 2 0 1 0 rect.dat

1 16 0 12 -38 16 0 0 0 8 0 0 -24 4 box2-7.dat

1 16 -10 0 0 0 0 1 0 1 0 -1 0 0 stud.dat

1 16 10 0 0 0 0 1 0 1 0 -1 0 0 stud.dat

0

2 24 20 0 -10 20 20 -70

2 24 -20 0 -10 -20 20 -70

0
0 NOFILE

0 FILE stud4s.dat
0 Stud Tube Open Sloped

0 Name: stud4s.dat

0 Author: Willy Tschager [Holly-Wood]

0 !LDRAW_ORG Primitive UPDATE 2024-01

0 !LICENSE Licensed under CC BY 4.0 : see CAreadme.txt



0 !HELP For use between a stud4a and a sloped surface. It is enough

0 !HELP to know coordinates Y of the centre and that of the outside

0 !HELP circle. The difference of both coordinates is the height of

0 !HELP the primitive to be applied. Finally, this primitive can be

0 !HELP used with all the parts sloped using a STUD4A. H = Y center

0 !HELP sloped - Y common border.



0 BFC CERTIFY CCW



0 !HISTORY 2009-09-03 [PTadmin] Official Update 2009-02

0 !HISTORY 2024-01-18 [Holly-Wood] Complete rewrite, original by guyvivan

0 !HISTORY 2024-01-29 [OrionP] Official Update 2024-01



0 // Edges

1 16 0 -1 0 6 0 0 0.75 1 0 0 0 6 4-4edge.dat

1 16 0 -1 0 8 0 0 1 1 0 0 0 8 4-4edge.dat



0 // Faces

0 BFC INVERTNEXT

1 16 0 0 0 6 0 0 0 -0.25 0 0 0 6 4-4cyli.dat

0 BFC INVERTNEXT

1 16 0 -0.25 0 6 0 0 0 -0.75 0 0 0 6 4-4cyls.dat

1 16 0 0 0 8 0 0 0 -1 0 0 0 8 4-4cyls.dat

0 NOFILE

0 FILE 43708.dat
0 Slope Brick 18  4 x  4 Corner

0 Name: 43708.dat

0 Author: Guy Vivan [guyvivan]

0 !LDRAW_ORG Part UPDATE 2015-01

0 !LICENSE Licensed under CC BY 2.0 and CC BY 4.0 : see CAreadme.txt



0 BFC CERTIFY CCW



0 !HISTORY 2009-09-03 [PTadmin] Official Update 2009-02

0 !HISTORY 2014-11-21 [roland] Auto-corrected with libfix version of LDCad 1.4

0 !HISTORY 2015-10-11 [PTadmin] Official Update 2015-01





1 16 0 0 0 10 0 0 0 1 0 0 0 10 rect.dat

1 16 1.5 4 -1.5 7.5 0 0 0 -1 0 0 0 7.5 rect.dat

1 16 70 22 0 0 -1 0 2 0 0 0 0 10 rect.dat

1 16 0 22 -70 0 0 10 2 0 0 0 1 0 rect.dat

1 16 0 0 0 0 0 1 0 1 0 -1 0 0 stud.dat

1 16 10 14.451 -30 0 0 1 0 -2.3872 0 -1 0 0 stud4a.dat

1 16 30 14.451 -10 0 0 1 0 -2.3872 0 -1 0 0 stud4a.dat

1 16 10 8.176 -10 0 0 1 0 -3.956 0 -1 0 0 stud4a.dat

1 16 30 20.725 -30 0 0 1 0 -0.8187 0 -1 0 0 stud4a.dat

1 16 10 20.725 -50 0 0 1 0 -0.8187 0 -1 0 0 stud4a.dat

1 16 50 20.725 -10 0 0 1 0 -0.8187 0 -1 0 0 stud4a.dat

2 24 -10 0 10 -10 24 10

2 24 70 24 10 -10 24 10

2 24 -10 24 10 -10 24 -70

2 24 70 20 10 10 0 10

2 24 70 20 -10 10 0 -10

4 16 70 20 10 10 0 10 10 0 -10 70 20 -10

4 16 10 20 -70 10 0 -10 -10 0 -10 -10 20 -70

2 24 10 20 -70 10 0 -10

2 24 -10 20 -70 -10 0 -10

2 24 -6 24 6 66 24 6

2 24 -6 4 6 -6 24 6

2 24 -6 24 6 -6 24 -66

2 24 9 4 6 66 21.882 6

4 16 9 4 6 60 20 6 60 20 -9 9 4 -9

4 16 9 4 -9 9 20 -60 -6 20 -60 -6 4 -9

3 16 9 20 -60 9 4 -9 60 20 -9

2 24 9 4 -9 66 21.882 -9

2 24 -6 4 -9 -6 21.882 -66

2 24 9 4 -9 9 21.882 -66

1 16 66 22.941 -1.5 0 1 0 1.059 0 0 0 0 7.5 rect.dat

1 16 1.5 22.941 -66 0 0 7.5 1.059 0 0 0 -1 0 rect.dat

4 16 -10 24 10 -10 0 10 10 0 10 70 24 10

4 16 -10 24 -70 -10 0 -10 -10 0 10 -10 24 10

3 16 10 0 10 70 20 10 70 24 10

3 16 -10 0 -10 -10 24 -70 -10 20 -70

4 16 -6 4 6 -6 24 6 66 24 6 9 4 6

4 16 -6 24 6 -6 4 6 -6 4 -9 -6 24 -66

3 16 9 4 6 66 24 6 66 21.882 6

3 16 -6 4 -9 -6 21.882 -66 -6 24 -66

4 16 -10 24 -70 -10 24 10 -6 24 6 -6 24 -66

4 16 -10 24 10 70 24 10 66 24 6 -6 24 6

4 16 70 24 10 70 24 -10 66 24 -9 66 24 6

4 16 10 24 -70 -10 24 -70 -6 24 -66 9 24 -66

1 16 0 20 -60 6 0 0 0 1 0 0 0 -6 2-4edge.dat

0 BFC INVERTNEXT

1 16 0 20 -60 0 0 6 0 1.882 0 6 0 0 1-4cyls2.dat

0 BFC INVERTNEXT

1 16 0 20 -60 0 0 -6 0 1.882 0 6 0 0 1-4cyls2.dat

1 16 0 20 -60 6 0 0 0 1 1.882 0 0 -6 2-4edge.dat

1 16 0 20 -60 6 0 0 0 -1 1.882 0 0 -6 2-4ndis.dat

1 16 0 20 -60 6 0 0 0 -1 0 0 0 -6 2-4disc.dat

2 24 6 20 -60 -6 20 -60

4 16 9 20 -60 9 21.882 -66 6 21.882 -66 6 20 -60

1 16 60 20 0 0 0 6 0 1 0 6 0 0 2-4edge.dat

0 BFC INVERTNEXT

1 16 60 20 0 -6 0 0 0 1.882 0 0 0 6 1-4cyls2.dat

0 BFC INVERTNEXT

1 16 60 20 0 -6 0 0 0 1.882 0 0 0 -6 1-4cyls2.dat

1 16 60 20 0 0 0 6 0 1 1.882 6 0 0 2-4edge.dat

1 16 60 20 0 0 0 6 0 -1 1.882 6 0 0 2-4ndis.dat

1 16 60 20 0 0 0 6 0 -1 0 6 0 0 2-4disc.dat

2 24 60 20 6 60 20 -6

4 16 60 20 -6 66 21.882 -6 66 21.882 -9 60 20 -9

2 24 10 24 -70 15.5 24 -64.5

4 16 15.5 24 -64.5 10 24 -70 9 24 -66 13 24 -62

4 16 10 24 -70 15.5 24 -64.5 15.5 20 -64.5 10 20 -70

2 24 10 20 -70 15.5 20 -64.5

2 24 15.5 20 -64.5 15.5 24 -64.5

2 24 13 24 -62 15.5 24 -64.5

4 16 13 20 -62 15.5 20 -64.5 15.5 24 -64.5 13 24 -62

2 24 13 24 -62 9 24 -66

4 16 13 24 -62 9 24 -66 9 21.882 -66 13 21.882 -62

2 24 14.166 21.882 -60.834 9 21.882 -66

3 16 14.166 21.882 -60.834 9 21.882 -66 9 20 -60

2 24 13 20 -62 13 24 -62

2 24 70 24 -10 64.5 24 -15.5

4 16 70 24 -10 64.5 24 -15.5 62 24 -13 66 24 -9

4 16 70 20 -10 64.5 20 -15.5 64.5 24 -15.5 70 24 -10

2 24 70 20 -10 64.5 20 -15.5

2 24 64.5 20 -15.5 64.5 24 -15.5

2 24 62 24 -13 64.5 24 -15.5

4 16 62 24 -13 64.5 24 -15.5 64.5 20 -15.5 62 20 -13

2 24 62 24 -13 66 24 -9

4 16 62 21.882 -13 66 21.882 -9 66 24 -9 62 24 -13

2 24 60.834 21.882 -14.166 66 21.882 -9

3 16 66 21.882 -9 60.834 21.882 -14.166 60 20 -9

2 24 62 20 -13 62 24 -13

2 24 24.5 24 -55.5 35.5 24 -44.5

4 16 24.5 24 -55.5 35.5 24 -44.5 35.5 20 -44.5 24.5 20 -55.5

2 24 24.5 20 -55.5 35.5 20 -44.5

2 24 24.5 20 -55.5 24.5 24 -55.5

2 24 35.5 20 -44.5 35.5 24 -44.5

4 16 33 24 -42 22 24 -53 22 21.882 -53 33 21.882 -42

2 24 20.834 21.882 -54.166 34.166 21.882 -40.834

2 24 40.834 21.882 -34.166 54.166 21.882 -20.834

2 24 22 20 -53 22 24 -53

2 24 33 20 -42 33 24 -42

2 24 24.5 24 -55.5 22 24 -53

4 16 24.5 20 -55.5 22 20 -53 22 24 -53 24.5 24 -55.5

2 24 35.5 24 -44.5 33 24 -42

4 16 35.5 24 -44.5 33 24 -42 33 20 -42 35.5 20 -44.5

4 16 35.5 24 -44.5 24.5 24 -55.5 22 24 -53 33 24 -42

2 24 44.5 24 -35.5 55.5 24 -24.5

4 16 44.5 24 -35.5 55.5 24 -24.5 55.5 20 -24.5 44.5 20 -35.5

2 24 44.5 20 -35.5 55.5 20 -24.5

2 24 44.5 20 -35.5 44.5 24 -35.5

2 24 55.5 20 -24.5 55.5 24 -24.5

4 16 53 24 -22 42 24 -33 42 21.882 -33 53 21.882 -22

2 24 42 20 -33 42 24 -33

2 24 53 20 -22 53 24 -22

2 24 44.5 24 -35.5 42 24 -33

4 16 44.5 20 -35.5 42 20 -33 42 24 -33 44.5 24 -35.5

2 24 55.5 24 -24.5 53 24 -22

4 16 55.5 24 -24.5 53 24 -22 53 20 -22 55.5 20 -24.5

4 16 55.5 24 -24.5 44.5 24 -35.5 42 24 -33 53 24 -22

3 16 10 0 -10 10 19 -67 67 19 -10

2 24 63 19 -14 54 19 -23

2 24 63 20 -14 54 20 -23

4 16 63 19 -14 54 19 -23 54 20 -23 63 20 -14

2 24 63 19 -14 64.5 20 -15.5

3 16 63 20 -14 64.5 20 -15.5 63 19 -14

2 24 63 19 -14 63 20 -14

2 24 62 20 -13 63 20 -14

2 24 55.5 20 -24.5 54 19 -23

3 16 55.5 20 -24.5 54 20 -23 54 19 -23

2 24 54 20 -23 54 19 -23

2 24 54 20 -23 53 20 -22

2 24 43 19 -34 34 19 -43

2 24 43 20 -34 34 20 -43

4 16 43 19 -34 34 19 -43 34 20 -43 43 20 -34

2 24 43 19 -34 44.5 20 -35.5

3 16 43 20 -34 44.5 20 -35.5 43 19 -34

2 24 43 19 -34 43 20 -34

2 24 42 20 -33 43 20 -34

2 24 35.5 20 -44.5 34 19 -43

3 16 35.5 20 -44.5 34 20 -43 34 19 -43

2 24 34 20 -43 34 19 -43

2 24 34 20 -43 33 20 -42

2 24 23 19 -54 14 19 -63

2 24 23 20 -54 14 20 -63

4 16 23 19 -54 14 19 -63 14 20 -63 23 20 -54

2 24 23 19 -54 24.5 20 -55.5

3 16 23 20 -54 24.5 20 -55.5 23 19 -54

2 24 23 19 -54 23 20 -54

2 24 22 20 -53 23 20 -54

2 24 15.5 20 -64.5 14 19 -63

3 16 15.5 20 -64.5 14 20 -63 14 19 -63

2 24 14 20 -63 14 19 -63

2 24 14 20 -63 13 20 -62

4 16 63 19 -14 64.5 20 -15.5 70 20 -10 67 19 -10

4 16 43 19 -34 44.5 20 -35.5 55.5 20 -24.5 54 19 -23

4 16 23 19 -54 24.5 20 -55.5 35.5 20 -44.5 34 19 -43

4 16 10 19 -67 10 20 -70 15.5 20 -64.5 14 19 -63

1 16 20 20 -60 0 0 -6 0 1 0 6 0 0 1-4edge.dat

2 24 14 20 -60 14.166 20 -60.834

1 16 20 20 -60 2.2961 0 -5.54328 0 -1 0 5.54328 0 2.2961 3-8chrd.dat

2 24 20 20 -54 20.834 20 -54.166

4 16 23 20 -54 14 20 -63 14.456 20 -62.298 22.298 20 -54.456

4 16 14.456 20 -62.298 14 20 -63 13 20 -62 14.166 20 -60.834

4 16 20.834 20 -54.166 22 20 -53 23 20 -54 22.298 20 -54.456

2 24 14.166 20 -60.834 13 20 -62

4 16 14.166 20 -60.834 13 20 -62 13 21.882 -62 14.166 21.882 -60.834

2 24 14.166 20 -60.834 14.166 21.882 -60.834

2 24 20.834 20 -54.166 22 20 -53

4 16 20.834 21.882 -54.166 22 21.882 -53 22 20 -53 20.834 20 -54.166

2 24 20.834 20 -54.166 20.834 21.882 -54.166

1 16 40 20 -40 0 0 -6 0 1 0 6 0 0 1-4edge.dat

2 24 34 20 -40 34.166 20 -40.834

1 16 40 20 -40 2.2961 0 -5.54328 0 -1 0 5.54328 0 2.2961 3-8chrd.dat

2 24 40 20 -34 40.834 20 -34.166

4 16 43 20 -34 34 20 -43 34.456 20 -42.298 42.298 20 -34.456

4 16 34.456 20 -42.298 34 20 -43 33 20 -42 34.166 20 -40.834

4 16 40.834 20 -34.166 42 20 -33 43 20 -34 42.298 20 -34.456

2 24 34.166 20 -40.834 33 20 -42

4 16 34.166 20 -40.834 33 20 -42 33 21.882 -42 34.166 21.882 -40.834

2 24 34.166 20 -40.834 34.166 21.882 -40.834

2 24 40.834 20 -34.166 42 20 -33

4 16 40.834 21.882 -34.166 42 21.882 -33 42 20 -33 40.834 20 -34.166

2 24 40.834 20 -34.166 40.834 21.882 -34.166

1 16 60 20 -20 0 0 -6 0 1 0 6 0 0 1-4edge.dat

2 24 54 20 -20 54.166 20 -20.834

1 16 60 20 -20 2.2961 0 -5.54328 0 -1 0 5.54328 0 2.2961 3-8chrd.dat

2 24 60 20 -14 60.834 20 -14.166

4 16 63 20 -14 54 20 -23 54.456 20 -22.298 62.298 20 -14.456

4 16 54.456 20 -22.298 54 20 -23 53 20 -22 54.166 20 -20.834

4 16 60.834 20 -14.166 62 20 -13 63 20 -14 62.298 20 -14.456

2 24 54.166 20 -20.834 53 20 -22

4 16 54.166 20 -20.834 53 20 -22 53 21.882 -22 54.166 21.882 -20.834

2 24 54.166 20 -20.834 54.166 21.882 -20.834

2 24 60.834 20 -14.166 62 20 -13

4 16 60.834 21.882 -14.166 62 21.882 -13 62 20 -13 60.834 20 -14.166

2 24 60.834 20 -14.166 60.834 21.882 -14.166

2 24 14.166 21.882 -60.834 14 21.569 -60

2 24 14 21.569 -60 14.456 20.991 -57.702

2 24 14.456 20.991 -57.702 15.758 20.789 -55.758

2 24 15.758 20.789 -55.758 17.702 20.991 -54.456

2 24 17.702 20.991 -54.456 20 21.569 -54

2 24 20 21.569 -54 20.834 21.882 -54.166

2 24 34.166 21.882 -40.834 34 21.569 -40

2 24 34 21.569 -40 34.456 20.991 -37.702

2 24 34.456 20.991 -37.702 35.758 20.789 -35.758

2 24 35.758 20.789 -35.758 37.702 20.991 -34.456

2 24 37.702 20.991 -34.456 40 21.569 -34

2 24 40 21.569 -34 40.834 21.882 -34.166

2 24 54.166 21.882 -20.834 54 21.569 -20

2 24 54 21.569 -20 54.456 20.991 -17.702

2 24 54.456 20.991 -17.702 55.758 20.789 -15.758

2 24 55.758 20.789 -15.758 57.702 20.991 -14.456

2 24 57.702 20.991 -14.456 60 21.569 -14

2 24 60 21.569 -14 60.834 21.882 -14.166

4 16 14.166 21.882 -60.834 14 21.569 -60 14 20 -60 14.166 20 -60.834

4 16 14 21.569 -60 14.456 20.991 -57.702 14.456 20 -57.702 14 20 -60

4 16 14.456 20.991 -57.702 15.758 20.789 -55.758 15.758 20 -55.758 14.456 20 -57.702

4 16 15.758 20.789 -55.758 17.702 20.991 -54.456 17.702 20 -54.456 15.758 20 -55.758

4 16 17.702 20.991 -54.456 20 21.569 -54 20 20 -54 17.702 20 -54.456

4 16 20 21.569 -54 20.834 21.882 -54.166 20.834 20 -54.166 20 20 -54

4 16 34.166 21.882 -40.834 34 21.569 -40 34 20 -40 34.166 20 -40.834

4 16 34 21.569 -40 34.456 20.991 -37.702 34.456 20 -37.702 34 20 -40

4 16 34.456 20.991 -37.702 35.758 20.789 -35.758 35.758 20 -35.758 34.456 20 -37.702

4 16 35.758 20.789 -35.758 37.702 20.991 -34.456 37.702 20 -34.456 35.758 20 -35.758

4 16 37.702 20.991 -34.456 40 21.569 -34 40 20 -34 37.702 20 -34.456

4 16 40 21.569 -34 40.834 21.882 -34.166 40.834 20 -34.166 40 20 -34

4 16 54.166 21.882 -20.834 54 21.569 -20 54 20 -20 54.166 20 -20.834

4 16 54 21.569 -20 54.456 20.991 -17.702 54.456 20 -17.702 54 20 -20

4 16 54.456 20.991 -17.702 55.758 20.789 -15.758 55.758 20 -15.758 54.456 20 -17.702

4 16 55.758 20.789 -15.758 57.702 20.991 -14.456 57.702 20 -14.456 55.758 20 -15.758

4 16 57.702 20.991 -14.456 60 21.569 -14 60 20 -14 57.702 20 -14.456

4 16 60 21.569 -14 60.834 21.882 -14.166 60.834 20 -14.166 60 20 -14

5 24 14 20 -60 14 21.569 -60 14.456 20 -57.702 14.166 20 -60.834

5 24 14.456 20 -57.702 14.456 20.991 -57.702 14 20 -60 15.758 20 -55.758

5 24 15.758 20 -55.758 15.758 20.789 -55.758 14.456 20 -57.702 17.702 20 -54.456

5 24 17.702 20 -54.456 17.702 20.991 -54.456 15.758 20 -55.758 20 20 -54

5 24 20 20 -54 20 21.569 -54 17.702 20 -54.456 20.834 20 -54.166

5 24 34 20 -40 34 21.569 -40 34.456 20 -37.702 34.166 20 -40.834

5 24 34.456 20 -37.702 34.456 20.991 -37.702 34 20 -40 35.758 20 -35.758

5 24 35.758 20 -35.758 35.758 20.789 -35.758 34.456 20 -37.702 37.702 20 -34.456

5 24 37.702 20 -34.456 37.702 20.991 -34.456 35.758 20 -35.758 40 20 -34

5 24 40 20 -34 40 21.569 -34 37.702 20 -34.456 40.834 20 -34.166

5 24 54 20 -20 54 21.569 -20 54.456 20 -17.702 54.166 20 -20.834

5 24 54.456 20 -17.702 54.456 20.991 -17.702 54 20 -20 55.758 20 -15.758

5 24 55.758 20 -15.758 55.758 20.789 -15.758 54.456 20 -17.702 57.702 20 -14.456

5 24 57.702 20 -14.456 57.702 20.991 -14.456 55.758 20 -15.758 60 20 -14

5 24 60 20 -14 60 21.569 -14 57.702 20 -14.456 60.834 20 -14.166

3 16 14 21.569 -60 14.166 21.882 -60.834 9 20 -60

3 16 14.456 20.991 -57.702 14 21.569 -60 9 20 -60

3 16 15.758 20.789 -55.758 14.456 20.991 -57.702 9 20 -60

3 16 60 20 -9 60.834 21.882 -14.166 60 21.569 -14

3 16 57.702 20.991 -14.456 60 20 -9 60 21.569 -14

3 16 55.758 20.789 -15.758 60 20 -9 57.702 20.991 -14.456

4 16 15.758 20.789 -55.758 9 20 -60 60 20 -9 55.758 20.789 -15.758

4 16 34 21.569 -40 34.166 21.882 -40.834 20.834 21.882 -54.166 20 21.569 -54

4 16 54 21.569 -20 54.166 21.882 -20.834 40.834 21.882 -34.166 40 21.569 -34

4 16 34.456 20.991 -37.702 34 21.569 -40 20 21.569 -54 17.702 20.991 -54.456

4 16 54.456 20.991 -17.702 54 21.569 -20 40 21.569 -34 37.702 20.991 -34.456

4 16 35.758 20.789 -35.758 34.456 20.991 -37.702 17.702 20.991 -54.456 15.758 20.789 -55.758

4 16 55.758 20.789 -15.758 54.456 20.991 -17.702 37.702 20.991 -34.456 35.758 20.789 -35.758

1 16 30 17.176 -30 -4.24264 0 4.24264 0 1 2.662 -4.24264 0 -4.24264 4-4edge.dat

1 16 30 17.176 -30 -5.65685 0 5.65685 0 1 3.549 -5.65685 0 -5.65685 4-4edge.dat

1 16 30 20.725 -30 5.65685 0 5.65685 0 -3.549 0 -5.65685 0 5.65685 2-4cyls.dat

1 16 30 20.725 -30 5.65685 0 -5.65685 0 -3.549 0 -5.65685 0 -5.65685 2-4cyls.dat

0 BFC INVERTNEXT

1 16 30 19.838 -30 4.24264 0 4.24264 0 -2.662 0 -4.24264 0 4.24264 2-4cyls.dat

0 BFC INVERTNEXT

1 16 30 19.838 -30 4.24264 0 -4.24264 0 -2.662 0 -4.24264 0 -4.24264 2-4cyls.dat

0 BFC INVERTNEXT

1 16 30 19.838 -30 6 0 0 0 0.887 0 0 0 6 4-4cyli.dat

2 24 18 7.137 -10 17.802 6.761 -9

4 16 18 8.176 -10 17.802 8.176 -9 17.802 6.761 -9 18 7.137 -10

2 24 17.802 6.761 -9 17.392 6.633 -6.936

4 16 17.392 6.633 -6.936 17.802 6.761 -9 17.802 8.176 -9 17.392 8.176 -6.936

2 24 17.392 6.633 -6.936 15.656 6.088 -4.344

4 16 15.656 6.088 -4.344 17.392 6.633 -6.936 17.392 8.176 -6.936 15.656 8.176 -4.344

2 24 15.656 6.088 -4.344 13.064 5.275 -2.608

4 16 13.064 5.275 -2.608 15.656 6.088 -4.344 15.656 8.176 -4.344 13.064 8.176 -2.608

2 24 13.064 5.275 -2.608 10 4.314 -2

4 16 10 4.314 -2 13.064 5.275 -2.608 13.064 8.176 -2.608 10 8.176 -2

2 24 10 4.314 -2 9 4 -2.198

4 16 9 4 -2.198 10 4.314 -2 10 8.176 -2 9 8.176 -2.198

2 24 9 4 -2.198 6.936 4 -2.608

4 16 6.936 4 -2.608 9 4 -2.198 9 8.176 -2.198 6.936 8.176 -2.608

2 24 6.936 4 -2.608 4.344 4 -4.344

4 16 4.344 4 -4.344 6.936 4 -2.608 6.936 8.176 -2.608 4.344 8.176 -4.344

2 24 4.344 4 -4.344 2.608 4 -6.936

4 16 2.608 4 -6.936 4.344 4 -4.344 4.344 8.176 -4.344 2.608 8.176 -6.936

2 24 2.608 4 -6.936 2.198 4 -9

4 16 2.198 4 -9 2.608 4 -6.936 2.608 8.176 -6.936 2.198 8.176 -9

2 24 2.198 4 -9 2 4.314 -10

4 16 2 4.314 -10 2.198 4 -9 2.198 8.176 -9 2 8.176 -10

2 24 2 4.314 -10 2.608 5.275 -13.064

4 16 2.608 5.275 -13.064 2 4.314 -10 2 8.176 -10 2.608 8.176 -13.064

2 24 2.608 5.275 -13.064 4.344 6.088 -15.656

4 16 4.344 6.088 -15.656 2.608 5.275 -13.064 2.608 8.176 -13.064 4.344 8.176 -15.656

2 24 4.344 6.088 -15.656 6.936 6.633 -17.392

4 16 6.936 6.633 -17.392 4.344 6.088 -15.656 4.344 8.176 -15.656 6.936 8.176 -17.392

2 24 6.936 6.633 -17.392 9 6.761 -17.802

4 16 9 6.761 -17.802 6.936 6.633 -17.392 6.936 8.176 -17.392 9 8.176 -17.802

2 24 9 6.761 -17.802 10 7.137 -18

4 16 10 7.137 -18 9 6.761 -17.802 9 8.176 -17.802 10 8.176 -18

2 24 10 7.137 -18 13.064 7.908 -17.392

4 16 13.064 7.908 -17.392 10 7.137 -18 10 8.176 -18 13.064 8.176 -17.392

2 24 13.064 7.908 -17.392 15.656 8.176 -15.656

3 16 15.656 8.176 -15.656 13.064 7.908 -17.392 13.064 8.176 -17.392

2 24 15.656 8.176 -15.656 17.392 7.908 -13.064

3 16 17.392 7.908 -13.064 15.656 8.176 -15.656 17.392 8.176 -13.064

2 24 17.392 7.908 -13.064 18 7.137 -10

4 16 18 7.137 -10 17.392 7.908 -13.064 17.392 8.176 -13.064 18 8.176 -10

2 24 16 6.51 -10 15.802 6.134 -9

4 16 16 6.51 -10 15.802 6.134 -9 15.802 8.176 -9 16 8.176 -10

2 24 15.802 6.134 -9 15.544 6.053 -7.702

4 16 15.802 6.134 -9 15.544 6.053 -7.702 15.544 8.176 -7.702 15.802 8.176 -9

2 24 15.544 6.053 -7.702 14.242 5.645 -5.758

4 16 15.544 6.053 -7.702 14.242 5.645 -5.758 14.242 8.176 -5.758 15.544 8.176 -7.702

2 24 14.242 5.645 -5.758 12.298 5.035 -4.456

4 16 14.242 5.645 -5.758 12.298 5.035 -4.456 12.298 8.176 -4.456 14.242 8.176 -5.758

2 24 12.298 5.035 -4.456 10 4.314 -4

4 16 12.298 5.035 -4.456 10 4.314 -4 10 8.176 -4 12.298 8.176 -4.456

2 24 10 4.314 -4 9 4 -4.198

4 16 9 8.176 -4.198 10 8.176 -4 10 4.314 -4 9 4 -4.198

2 24 9 4 -4.198 7.702 4 -4.456

4 16 9 4 -4.198 7.702 4 -4.456 7.702 8.176 -4.456 9 8.176 -4.198

2 24 7.702 4 -4.456 5.758 4 -5.758

4 16 7.702 4 -4.456 5.758 4 -5.758 5.758 8.176 -5.758 7.702 8.176 -4.456

2 24 5.758 4 -5.758 4.456 4 -7.702

4 16 5.758 4 -5.758 4.456 4 -7.702 4.456 8.176 -7.702 5.758 8.176 -5.758

2 24 4.456 4 -7.702 4.198 4 -9

4 16 4.456 4 -7.702 4.198 4 -9 4.198 8.176 -9 4.456 8.176 -7.702

2 24 4.198 4 -9 4 4.314 -10

4 16 4.198 4 -9 4 4.134 -10 4 8.176 -10 4.198 8.176 -9

2 24 4 4.314 -10 4.456 5.035 -12.298

4 16 4 4.134 -10 4.456 5.035 -12.298 4.456 8.176 -12.298 4 8.176 -10

2 24 4.456 5.035 -12.298 5.758 5.645 -14.242

4 16 4.456 5.035 -12.298 5.758 5.645 -14.242 5.758 8.176 -14.242 4.456 8.176 -12.298

2 24 5.758 5.645 -14.242 7.702 6.053 -15.544

4 16 5.758 5.645 -14.242 7.702 6.053 -15.544 7.702 8.176 -15.544 5.758 8.176 -14.242

2 24 7.702 6.053 -15.544 9 6.134 -15.802

4 16 7.702 6.053 -15.544 9 6.134 -15.802 9 8.176 -15.802 7.702 8.176 -15.544

2 24 9 6.134 -15.802 10 6.51 -16

4 16 9 6.134 -15.802 10 6.51 -16 10 8.176 -16 9 8.176 -15.802

2 24 10 6.51 -16 12.298 7.088 -15.544

4 16 10 6.51 -16 12.298 7.088 -15.544 12.298 8.176 -15.544 10 8.176 -16

2 24 12.298 7.088 -15.544 14.242 7.289 -14.242

4 16 12.298 7.088 -15.544 14.242 7.289 -14.242 14.242 8.176 -14.242 12.298 8.176 -15.544

2 24 14.242 7.289 -14.242 15.544 7.088 -12.298

4 16 14.242 7.289 -14.242 15.544 7.088 -12.298 15.544 8.176 -12.298 14.242 8.176 -14.242

2 24 15.544 7.088 -12.298 16 6.51 -10

4 16 15.544 7.088 -12.298 16 6.51 -10 16 8.176 -10 15.544 8.176 -12.298

2 24 18 13.412 -30 17.392 12.26 -26.936

4 16 17.392 12.26 -26.936 18 13.412 -30 18 14.451 -30 17.392 14.451 -26.936

2 24 17.392 12.26 -26.936 15.656 10.902 -24.344

4 16 15.656 10.902 -24.344 17.392 12.26 -26.936 17.392 14.451 -26.936 15.656 14.451 -24.344

2 24 15.656 10.902 -24.344 13.064 9.544 -22.608

4 16 13.064 9.544 -22.608 15.656 10.902 -24.344 15.656 14.451 -24.344 13.064 14.451 -22.608

2 24 13.064 9.544 -22.608 10 8.392 -22

4 16 10 8.392 -22 13.064 9.544 -22.608 13.064 14.451 -22.608 10 14.451 -22

2 24 10 8.392 -22 9 8.14 -22.198

4 16 9 8.14 -22.198 10 8.392 -22 10 14.451 -22 9 14.451 -22.198

2 24 9 8.14 -22.198 6.936 8.269 -22.608

4 16 6.936 8.269 -22.608 9 8.14 -22.198 9 14.451 -22.198 6.936 14.451 -22.608

2 24 6.936 8.269 -22.608 4.344 8.814 -24.344

4 16 4.344 8.814 -24.344 6.936 8.269 -22.608 6.936 14.451 -22.608 4.344 14.451 -24.344

2 24 4.344 8.814 -24.344 2.608 9.627 -26.936

4 16 2.608 9.627 -26.936 4.344 8.814 -24.344 4.344 14.451 -24.344 2.608 14.451 -26.936

2 24 2.608 9.627 -26.936 2 10.588 -30

4 16 2 10.588 -30 2.608 9.627 -26.936 2.608 14.451 -26.936 2 14.451 -30

2 24 2 10.588 -30 2.608 11.549 -33.064

4 16 2.608 11.549 -33.064 2 10.588 -30 2 14.451 -30 2.608 14.451 -33.064

2 24 2.608 11.549 -33.064 4.344 12.363 -35.656

4 16 4.344 12.363 -35.656 2.608 11.549 -33.064 2.608 14.451 -33.064 4.344 14.451 -35.656

2 24 4.344 12.363 -35.656 6.936 12.907 -37.392

4 16 6.936 12.907 -37.392 4.344 12.363 -35.656 4.344 14.451 -35.656 6.936 14.451 -37.392

2 24 6.936 12.907 -37.392 9 13.036 -37.802

4 16 9 13.036 -37.802 6.936 12.907 -37.392 6.936 14.451 -37.392 9 14.451 -37.802

2 24 9 13.036 -37.802 10 13.412 -38

4 16 10 13.412 -38 9 13.036 -37.802 9 14.451 -37.802 10 14.451 -38

2 24 10 13.412 -38 13.064 14.182 -37.392

4 16 13.064 14.182 -37.392 10 13.412 -38 10 14.451 -38 13.064 14.451 -37.392

2 24 13.064 14.182 -37.392 15.656 14.451 -35.656

3 16 15.656 14.451 -35.656 13.064 14.182 -37.392 13.064 14.451 -37.392

2 24 15.656 14.451 -35.656 17.392 14.182 -33.064

3 16 17.392 14.182 -33.064 15.656 14.451 -35.656 17.392 14.451 -33.064

2 24 17.392 14.182 -33.064 18 13.412 -30

4 16 18 13.412 -30 17.392 14.182 -33.064 17.392 14.451 -33.064 18 14.451 -30

2 24 16 12.784 -30 15.544 11.92 -27.702

4 16 16 12.784 -30 15.544 11.92 -27.702 15.544 14.451 -27.702 16 14.451 -30

2 24 15.544 11.92 -27.702 14.242 10.902 -25.758

4 16 15.544 11.92 -27.702 14.242 10.902 -25.758 14.242 14.451 -25.758 15.544 14.451 -27.702

2 24 14.242 10.902 -25.758 12.298 9.884 -24.456

4 16 14.242 10.902 -25.758 12.298 9.884 -24.456 12.298 14.451 -24.456 14.242 14.451 -25.758

2 24 12.298 9.884 -24.456 10 9.02 -24

4 16 12.298 9.884 -24.456 10 9.02 -24 10 14.451 -24 12.298 14.451 -24.456

2 24 10 9.02 -24 9 8.768 -24.198

4 16 10 9.02 -24 9 8.768 -24.198 9 14.451 -24.198 10 14.451 -24

2 24 9 8.7684 -24.198 7.702 8.849 -24.456

4 16 9 8.7684 -24.198 7.702 8.849 -24.456 7.702 14.451 -24.456 9 14.451 -24.198

2 24 7.702 8.849 -24.456 5.758 9.257 -25.758

4 16 7.702 8.849 -24.456 5.758 9.257 -25.758 5.758 14.451 -25.758 7.702 14.451 -24.456

2 24 5.758 9.257 -25.758 4.456 9.867 -27.702

4 16 5.758 9.257 -25.758 4.456 9.867 -27.702 4.456 14.451 -27.702 5.758 14.451 -25.758

2 24 4.456 9.867 -27.702 4 10.588 -30

4 16 4.456 9.867 -27.702 4 10.588 -30 4 14.451 -30 4.456 14.451 -27.702

2 24 4 10.588 -30 4.456 11.309 -32.298

4 16 4 10.588 -30 4.456 11.309 -32.298 4.456 14.451 -32.298 4 14.451 -30

2 24 4.456 11.309 -32.298 5.758 11.919 -34.242

4 16 4.456 11.309 -32.298 5.758 11.919 -34.242 5.758 14.451 -34.242 4.456 14.451 -32.298

2 24 5.758 11.919 -34.242 7.702 12.327 -35.544

4 16 5.758 11.919 -34.242 7.702 12.327 -35.544 7.702 14.451 -35.544 5.758 14.451 -34.242

2 24 7.702 12.327 -35.544 9 12.408 -35.802

4 16 7.702 12.327 -35.544 9 12.408 -35.802 9 14.451 -35.802 7.702 14.451 -35.544

2 24 9 12.408 -35.802 10 12.784 -36

4 16 9 12.408 -35.802 10 12.784 -36 10 14.451 -36 9 14.451 -35.802

2 24 10 12.784 -36 12.298 13.362 -35.544

4 16 10 12.784 -36 12.298 13.362 -35.544 12.298 14.451 -35.544 10 14.451 -36

2 24 12.298 13.362 -35.544 14.242 13.564 -34.242

4 16 12.298 13.362 -35.544 14.242 13.564 -34.242 14.242 14.451 -34.242 12.298 14.451 -35.544

2 24 14.242 13.564 -34.242 15.544 13.362 -32.298

4 16 14.242 13.564 -34.242 15.544 13.362 -32.298 15.544 14.451 -32.298 14.242 14.451 -34.242

2 24 15.544 13.362 -32.298 16 12.784 -30

4 16 15.544 13.362 -32.298 16 12.784 -30 16 14.451 -30 15.544 14.451 -32.298

2 24 18 19.686 -50 17.392 18.534 -46.936

4 16 17.392 18.534 -46.936 18 19.686 -50 18 20.725 -50 17.392 20.725 -46.936

2 24 17.392 18.534 -46.936 15.656 17.176 -44.344

4 16 15.656 17.176 -44.344 17.392 18.534 -46.936 17.392 20.725 -46.936 15.656 20.725 -44.344

2 24 15.656 17.176 -44.344 13.064 15.819 -42.608

4 16 13.064 15.819 -42.608 15.656 17.176 -44.344 15.656 20.725 -44.344 13.064 20.725 -42.608

2 24 13.064 15.819 -42.608 10 14.667 -42

4 16 10 14.667 -42 13.064 15.819 -42.608 13.064 20.725 -42.608 10 20.725 -42

2 24 10 14.667 -42 9 14.415 -42.198

4 16 9 14.415 -42.198 10 14.667 -42 10 20.725 -42 9 20.725 -42.198

2 24 9 14.415 -42.198 6.936 14.543 -42.608

4 16 6.936 14.543 -42.608 9 14.415 -42.198 9 20.725 -42.198 6.936 20.725 -42.608

2 24 6.936 14.543 -42.608 4.344 15.088 -44.344

4 16 4.344 15.088 -44.344 6.936 14.543 -42.608 6.936 20.725 -42.608 4.344 20.725 -44.344

2 24 4.344 15.088 -44.344 2.608 15.901 -46.936

4 16 2.608 15.901 -46.936 4.344 15.088 -44.344 4.344 20.725 -44.344 2.608 20.725 -46.936

2 24 2.608 15.901 -46.936 2 16.862 -50

4 16 2 16.862 -50 2.608 15.901 -46.936 2.608 20.725 -46.936 2 20.725 -50

2 24 2 16.862 -50 2.608 17.824 -53.064

4 16 2.608 17.824 -53.064 2 16.862 -50 2 20.725 -50 2.608 20.725 -53.064

2 24 2.608 17.824 -53.064 4.344 18.637 -55.656

4 16 4.344 18.637 -55.656 2.608 17.824 -53.064 2.608 20.725 -53.064 4.344 20.725 -55.656

2 24 4.344 18.637 -55.656 6.936 19.182 -57.392

4 16 6.936 19.182 -57.392 4.344 18.637 -55.656 4.344 20.725 -55.656 6.936 20.725 -57.392

2 24 6.936 19.182 -57.392 9 19.31 -57.802

4 16 9 19.31 -57.802 6.936 19.182 -57.392 6.936 20.725 -57.392 9 20.725 -57.802

2 24 9 19.31 -57.802 10 19.686 -58

4 16 10 19.686 -58 9 19.31 -57.802 9 20.725 -57.802 10 20.725 -58

2 24 10 19.686 -58 13.064 20.457 -57.392

4 16 13.064 20.457 -57.392 10 19.686 -58 10 20.725 -58 13.064 20.725 -57.392

2 24 13.064 20.457 -57.392 15.656 20.725 -55.656

3 16 15.656 20.725 -55.656 13.064 20.457 -57.392 13.064 20.725 -57.392

2 24 15.656 20.725 -55.656 17.392 20.457 -53.064

3 16 17.392 20.457 -53.064 15.656 20.725 -55.656 17.392 20.725 -53.064

2 24 17.392 20.457 -53.064 18 19.686 -50

4 16 18 19.686 -50 17.392 20.457 -53.064 17.392 20.725 -53.064 18 20.725 -50

2 24 16 19.059 -50 15.544 18.195 -47.702

4 16 16 19.059 -50 15.544 18.195 -47.702 15.544 20.725 -47.702 16 20.725 -50

2 24 15.544 18.195 -47.702 14.242 17.176 -45.758

4 16 15.544 18.195 -47.702 14.242 17.176 -45.758 14.242 20.725 -45.758 15.544 20.725 -47.702

2 24 14.242 17.176 -45.758 12.298 16.158 -44.456

4 16 14.242 17.176 -45.758 12.298 16.158 -44.456 12.298 20.725 -44.456 14.242 20.725 -45.758

2 24 12.298 16.158 -44.456 10 15.294 -44

4 16 12.298 16.158 -44.456 10 15.294 -44 10 20.725 -44 12.298 20.725 -44.456

2 24 10 15.294 -44 9 15.043 -44.198

4 16 10 15.294 -44 9 15.043 -44.198 9 20.725 -44.198 10 20.725 -44

2 24 9 15.043 -44.198 7.702 15.123 -44.456

4 16 9 15.043 -44.198 7.702 15.123 -44.456 7.702 20.725 -44.456 9 20.725 -44.198

2 24 7.702 15.123 -44.456 5.758 15.532 -45.758

4 16 7.702 15.123 -44.456 5.758 15.532 -45.758 5.758 20.725 -45.758 7.702 20.725 -44.456

2 24 5.758 15.532 -45.758 4.456 16.142 -47.702

4 16 5.758 15.532 -45.758 4.456 16.142 -47.702 4.456 20.725 -47.702 5.758 20.725 -45.758

2 24 4.456 16.142 -47.702 4 16.862 -50

4 16 4.456 16.142 -47.702 4 16.862 -50 4 20.725 -50 4.456 20.725 -47.702

2 24 4 16.862 -50 4.456 17.583 -52.298

4 16 4 16.862 -50 4.456 17.583 -52.298 4.456 20.725 -52.298 4 20.725 -50

2 24 4.456 17.583 -52.298 5.758 18.193 -54.242

4 16 4.456 17.583 -52.298 5.758 18.193 -54.242 5.758 20.725 -54.242 4.456 20.725 -52.298

2 24 5.758 18.193 -54.242 7.702 18.602 -55.544

4 16 5.758 18.193 -54.242 7.702 18.602 -55.544 7.702 20.725 -55.544 5.758 20.725 -54.242

2 24 7.702 18.602 -55.544 9 18.683 -55.802

4 16 7.702 18.602 -55.544 9 18.683 -55.802 9 20.725 -55.802 7.702 20.725 -55.544

2 24 9 18.683 -55.802 10 19.059 -56

4 16 9 18.683 -55.802 10 19.059 -56 10 20.725 -56 9 20.725 -55.802

2 24 10 19.059 -56 12.298 19.637 -55.544

4 16 10 19.059 -56 12.298 19.637 -55.544 12.298 20.725 -55.544 10 20.725 -56

2 24 12.298 19.637 -55.544 14.242 19.838 -54.242

4 16 12.298 19.637 -55.544 14.242 19.838 -54.242 14.242 20.725 -54.242 12.298 20.725 -55.544

2 24 14.242 19.838 -54.242 15.544 19.637 -52.298

4 16 14.242 19.838 -54.242 15.544 19.637 -52.298 15.544 20.725 -52.298 14.242 20.725 -54.242

2 24 15.544 19.637 -52.298 16 19.059 -50

4 16 15.544 19.637 -52.298 16 19.059 -50 16 20.725 -50 15.544 20.725 -52.298

2 24 30 13.412 -18 26.936 12.26 -17.392

4 16 26.936 14.451 -17.392 30 14.451 -18 30 13.412 -18 26.936 12.26 -17.392

2 24 26.936 12.26 -17.392 24.344 10.902 -15.656

4 16 24.344 14.451 -15.656 26.936 14.451 -17.392 26.936 12.26 -17.392 24.344 10.902 -15.656

2 24 24.344 10.902 -15.656 22.608 9.544 -13.064

4 16 22.608 14.451 -13.064 24.344 14.451 -15.656 24.344 10.902 -15.656 22.608 9.544 -13.064

2 24 22.608 9.544 -13.064 22 8.392 -10

4 16 22 14.451 -10 22.608 14.451 -13.064 22.608 9.544 -13.064 22 8.392 -10

2 24 22 8.392 -10 22.198 8.14 -9

4 16 22.198 14.451 -9 22 14.451 -10 22 8.392 -10 22.198 8.14 -9

2 24 22.198 8.14 -9 22.608 8.269 -6.936

4 16 22.608 14.451 -6.936 22.198 14.451 -9 22.198 8.14 -9 22.608 8.269 -6.936

2 24 22.608 8.269 -6.936 24.344 8.814 -4.344

4 16 24.344 14.451 -4.344 22.608 14.451 -6.936 22.608 8.269 -6.936 24.344 8.814 -4.344

2 24 24.344 8.814 -4.344 26.936 9.627 -2.608

4 16 26.936 14.451 -2.608 24.344 14.451 -4.344 24.344 8.814 -4.344 26.936 9.627 -2.608

2 24 26.936 9.627 -2.608 30 10.588 -2

4 16 30 14.451 -2 26.936 14.451 -2.608 26.936 9.627 -2.608 30 10.588 -2

2 24 30 10.588 -2 33.064 11.549 -2.608

4 16 33.064 14.451 -2.608 30 14.451 -2 30 10.588 -2 33.064 11.549 -2.608

2 24 33.064 11.549 -2.608 35.656 12.363 -4.344

4 16 35.656 14.451 -4.344 33.064 14.451 -2.608 33.064 11.549 -2.608 35.656 12.363 -4.344

2 24 35.656 12.363 -4.344 37.392 12.907 -6.936

4 16 37.392 14.451 -6.936 35.656 14.451 -4.344 35.656 12.363 -4.344 37.392 12.907 -6.936

2 24 37.392 12.907 -6.936 37.802 13.036 -9

4 16 37.802 14.451 -9 37.392 14.451 -6.936 37.392 12.907 -6.936 37.802 13.036 -9

2 24 37.802 13.036 -9 38 13.412 -10

4 16 38 14.451 -10 37.802 14.451 -9 37.802 13.036 -9 38 13.412 -10

2 24 38 13.412 -10 37.392 14.182 -13.064

4 16 37.392 14.451 -13.064 38 14.451 -10 38 13.412 -10 37.392 14.182 -13.064

2 24 37.392 14.182 -13.064 35.656 14.451 -15.656

3 16 37.392 14.451 -13.064 37.392 14.182 -13.064 35.656 14.451 -15.656

2 24 35.656 14.451 -15.656 33.064 14.182 -17.392

3 16 33.064 14.451 -17.392 35.656 14.451 -15.656 33.064 14.182 -17.392

2 24 33.064 14.182 -17.392 30 13.412 -18

4 16 30 14.451 -18 33.064 14.451 -17.392 33.064 14.182 -17.392 30 13.412 -18

2 24 30 12.784 -16 27.702 11.92 -15.544

4 16 30 14.451 -16 27.702 14.451 -15.544 27.702 11.92 -15.544 30 12.784 -16

2 24 27.702 11.92 -15.544 25.758 10.902 -14.242

4 16 27.702 14.451 -15.544 25.758 14.451 -14.242 25.758 10.902 -14.242 27.702 11.92 -15.544

2 24 25.758 10.902 -14.242 24.456 9.884 -12.298

4 16 25.758 14.451 -14.242 24.456 14.451 -12.298 24.456 9.884 -12.298 25.758 10.902 -14.242

2 24 24.456 9.884 -12.298 24 9.02 -10

4 16 24.456 14.451 -12.298 24 14.451 -10 24 9.02 -10 24.456 9.884 -12.298

2 24 24 9.02 -10 24.198 8.768 -9

4 16 24 14.451 -10 24.198 14.451 -9 24.198 8.768 -9 24 9.02 -10

2 24 24.198 8.7684 -9 24.456 8.849 -7.702

4 16 24.198 14.451 -9 24.456 14.451 -7.702 24.456 8.849 -7.702 24.198 8.7684 -9

2 24 24.456 8.849 -7.702 25.758 9.257 -5.758

4 16 24.456 14.451 -7.702 25.758 14.451 -5.758 25.758 9.257 -5.758 24.456 8.849 -7.702

2 24 25.758 9.257 -5.758 27.702 9.867 -4.456

4 16 25.758 14.451 -5.758 27.702 14.451 -4.456 27.702 9.867 -4.456 25.758 9.257 -5.758

2 24 27.702 9.867 -4.456 30 10.588 -4

4 16 27.702 14.451 -4.456 30 14.451 -4 30 10.588 -4 27.702 9.867 -4.456

2 24 30 10.588 -4 32.298 11.309 -4.456

4 16 30 14.451 -4 32.298 14.451 -4.456 32.298 11.309 -4.456 30 10.588 -4

2 24 32.298 11.309 -4.456 34.242 11.919 -5.758

4 16 32.298 14.451 -4.456 34.242 14.451 -5.758 34.242 11.919 -5.758 32.298 11.309 -4.456

2 24 34.242 11.919 -5.758 35.544 12.327 -7.702

4 16 34.242 14.451 -5.758 35.544 14.451 -7.702 35.544 12.327 -7.702 34.242 11.919 -5.758

2 24 35.544 12.327 -7.702 35.802 12.408 -9

4 16 35.544 14.451 -7.702 35.802 14.451 -9 35.802 12.408 -9 35.544 12.327 -7.702

2 24 35.802 12.408 -9 36 12.784 -10

4 16 35.802 14.451 -9 36 14.451 -10 36 12.784 -10 35.802 12.408 -9

2 24 36 12.784 -10 35.544 13.362 -12.298

4 16 36 14.451 -10 35.544 14.451 -12.298 35.544 13.362 -12.298 36 12.784 -10

2 24 35.544 13.362 -12.298 34.242 13.564 -14.242

4 16 35.544 14.451 -12.298 34.242 14.451 -14.242 34.242 13.564 -14.242 35.544 13.362 -12.298

2 24 34.242 13.564 -14.242 32.298 13.362 -15.544

4 16 34.242 14.451 -14.242 32.298 14.451 -15.544 32.298 13.362 -15.544 34.242 13.564 -14.242

2 24 32.298 13.362 -15.544 30 12.784 -16

4 16 32.298 14.451 -15.544 30 14.451 -16 30 12.784 -16 32.298 13.362 -15.544

2 24 50 19.686 -18 46.936 18.534 -17.392

4 16 46.936 20.725 -17.392 50 20.725 -18 50 19.686 -18 46.936 18.534 -17.392

2 24 46.936 18.534 -17.392 44.344 17.176 -15.656

4 16 44.344 20.725 -15.656 46.936 20.725 -17.392 46.936 18.534 -17.392 44.344 17.176 -15.656

2 24 44.344 17.176 -15.656 42.608 15.819 -13.064

4 16 42.608 20.725 -13.064 44.344 20.725 -15.656 44.344 17.176 -15.656 42.608 15.819 -13.064

2 24 42.608 15.819 -13.064 42 14.667 -10

4 16 42 20.725 -10 42.608 20.725 -13.064 42.608 15.819 -13.064 42 14.667 -10

2 24 42 14.667 -10 42.198 14.415 -9

4 16 42.198 20.725 -9 42 20.725 -10 42 14.667 -10 42.198 14.415 -9

2 24 42.198 14.415 -9 42.608 14.543 -6.936

4 16 42.608 20.725 -6.936 42.198 20.725 -9 42.198 14.415 -9 42.608 14.543 -6.936

2 24 42.608 14.543 -6.936 44.344 15.088 -4.344

4 16 44.344 20.725 -4.344 42.608 20.725 -6.936 42.608 14.543 -6.936 44.344 15.088 -4.344

2 24 44.344 15.088 -4.344 46.936 15.901 -2.608

4 16 46.936 20.725 -2.608 44.344 20.725 -4.344 44.344 15.088 -4.344 46.936 15.901 -2.608

2 24 46.936 15.901 -2.608 50 16.862 -2

4 16 50 20.725 -2 46.936 20.725 -2.608 46.936 15.901 -2.608 50 16.862 -2

2 24 50 16.862 -2 53.064 17.824 -2.608

4 16 53.064 20.725 -2.608 50 20.725 -2 50 16.862 -2 53.064 17.824 -2.608

2 24 53.064 17.824 -2.608 55.656 18.637 -4.344

4 16 55.656 20.725 -4.344 53.064 20.725 -2.608 53.064 17.824 -2.608 55.656 18.637 -4.344

2 24 55.656 18.637 -4.344 57.392 19.182 -6.936

4 16 57.392 20.725 -6.936 55.656 20.725 -4.344 55.656 18.637 -4.344 57.392 19.182 -6.936

2 24 57.392 19.182 -6.936 57.802 19.31 -9

4 16 57.802 20.725 -9 57.392 20.725 -6.936 57.392 19.182 -6.936 57.802 19.31 -9

2 24 57.802 19.31 -9 58 19.686 -10

4 16 58 20.725 -10 57.802 20.725 -9 57.802 19.31 -9 58 19.686 -10

2 24 58 19.686 -10 57.392 20.457 -13.064

4 16 57.392 20.725 -13.064 58 20.725 -10 58 19.686 -10 57.392 20.457 -13.064

2 24 57.392 20.457 -13.064 55.656 20.725 -15.656

3 16 57.392 20.725 -13.064 57.392 20.457 -13.064 55.656 20.725 -15.656

2 24 55.656 20.725 -15.656 53.064 20.457 -17.392

3 16 53.064 20.725 -17.392 55.656 20.725 -15.656 53.064 20.457 -17.392

2 24 53.064 20.457 -17.392 50 19.686 -18

4 16 50 20.725 -18 53.064 20.725 -17.392 53.064 20.457 -17.392 50 19.686 -18

2 24 50 19.059 -16 47.702 18.195 -15.544

4 16 50 20.725 -16 47.702 20.725 -15.544 47.702 18.195 -15.544 50 19.059 -16

2 24 47.702 18.195 -15.544 45.758 17.176 -14.242

4 16 47.702 20.725 -15.544 45.758 20.725 -14.242 45.758 17.176 -14.242 47.702 18.195 -15.544

2 24 45.758 17.176 -14.242 44.456 16.158 -12.298

4 16 45.758 20.725 -14.242 44.456 20.725 -12.298 44.456 16.158 -12.298 45.758 17.176 -14.242

2 24 44.456 16.158 -12.298 44 15.294 -10

4 16 44.456 20.725 -12.298 44 20.725 -10 44 15.294 -10 44.456 16.158 -12.298

2 24 44 15.294 -10 44.198 15.043 -9

4 16 44 20.725 -10 44.198 20.725 -9 44.198 15.043 -9 44 15.294 -10

2 24 44.198 15.043 -9 44.456 15.123 -7.702

4 16 44.198 20.725 -9 44.456 20.725 -7.702 44.456 15.123 -7.702 44.198 15.043 -9

2 24 44.456 15.123 -7.702 45.758 15.532 -5.758

4 16 44.456 20.725 -7.702 45.758 20.725 -5.758 45.758 15.532 -5.758 44.456 15.123 -7.702

2 24 45.758 15.532 -5.758 47.702 16.142 -4.456

4 16 45.758 20.725 -5.758 47.702 20.725 -4.456 47.702 16.142 -4.456 45.758 15.532 -5.758

2 24 47.702 16.142 -4.456 50 16.862 -4

4 16 47.702 20.725 -4.456 50 20.725 -4 50 16.862 -4 47.702 16.142 -4.456

2 24 50 16.862 -4 52.298 17.583 -4.456

4 16 50 20.725 -4 52.298 20.725 -4.456 52.298 17.583 -4.456 50 16.862 -4

2 24 52.298 17.583 -4.456 54.242 18.193 -5.758

4 16 52.298 20.725 -4.456 54.242 20.725 -5.758 54.242 18.193 -5.758 52.298 17.583 -4.456

2 24 54.242 18.193 -5.758 55.544 18.602 -7.702

4 16 54.242 20.725 -5.758 55.544 20.725 -7.702 55.544 18.602 -7.702 54.242 18.193 -5.758

2 24 55.544 18.602 -7.702 55.802 18.683 -9

4 16 55.544 20.725 -7.702 55.802 20.725 -9 55.802 18.683 -9 55.544 18.602 -7.702

2 24 55.802 18.683 -9 56 19.059 -10

4 16 55.802 20.725 -9 56 20.725 -10 56 19.059 -10 55.802 18.683 -9

2 24 56 19.059 -10 55.544 19.637 -12.298

4 16 56 20.725 -10 55.544 20.725 -12.298 55.544 19.637 -12.298 56 19.059 -10

2 24 55.544 19.637 -12.298 54.242 19.838 -14.242

4 16 55.544 20.725 -12.298 54.242 20.725 -14.242 54.242 19.838 -14.242 55.544 19.637 -12.298

2 24 54.242 19.838 -14.242 52.298 19.637 -15.544

4 16 54.242 20.725 -14.242 52.298 20.725 -15.544 52.298 19.637 -15.544 54.242 19.838 -14.242

2 24 52.298 19.637 -15.544 50 19.059 -16

4 16 52.298 20.725 -15.544 50 20.725 -16 50 19.059 -16 52.298 19.637 -15.544

5 24 17.802 8.176 -9 17.802 6.761 -9 18 8.176 -10 17.392 8.176 -6.936

5 24 17.392 8.176 -6.936 17.392 6.633 -6.936 17.802 8.176 -9 15.656 8.176 -4.344

5 24 15.656 8.176 -4.344 15.656 6.088 -4.344 17.392 8.176 -6.936 13.064 8.176 -2.608

5 24 13.064 8.176 -2.608 13.064 5.275 -2.608 15.656 8.176 -4.344 10 8.176 -2

5 24 10 8.176 -2 10 4.314 -2 13.064 8.176 -2.608 9 8.176 -2.198

5 24 9 8.176 -2.198 9 4 -2.198 10 8.176 -2 6.936 8.176 -2.608

5 24 6.936 8.176 -2.608 6.936 4 -2.608 9 8.176 -2.198 4.344 8.176 -4.344

5 24 4.344 8.176 -4.344 4.344 4 -4.344 6.936 8.176 -2.608 2.608 8.176 -6.936

5 24 2.608 8.176 -6.936 2.608 4 -6.936 4.344 8.176 -4.344 2.198 8.176 -9

5 24 2.198 8.176 -9 2.198 4 -9 2.608 8.176 -6.936 2 8.176 -10

5 24 2 8.176 -10 2 4.314 -10 2.198 8.176 -9 2.608 8.176 -13.064

5 24 2.608 8.176 -13.064 2.608 5.275 -13.064 2 8.176 -10 4.344 8.176 -15.656

5 24 4.344 8.176 -15.656 4.344 6.088 -15.656 2.608 8.176 -13.064 6.936 8.176 -17.392

5 24 6.936 8.176 -17.392 6.936 6.633 -17.392 4.344 8.176 -15.656 9 8.176 -17.802

5 24 9 8.176 -17.802 9 6.761 -17.802 6.936 8.176 -17.392 10 8.176 -18

5 24 10 8.176 -18 10 7.137 -18 9 8.176 -17.802 13.064 8.176 -17.392

5 24 13.064 8.176 -17.392 13.064 7.908 -17.392 10 8.176 -18 15.656 8.176 -15.656

5 24 17.392 8.176 -13.064 17.392 7.908 -13.064 15.656 8.176 -15.656 18 8.176 -10

5 24 18 8.176 -10 18 7.137 -10 17.392 8.176 -13.064 17.802 8.176 -9

5 24 15.802 8.176 -9 15.802 6.134 -9 16 8.176 -10 15.544 8.176 -7.702

5 24 15.544 8.176 -7.702 15.544 6.053 -7.702 15.802 8.176 -9 14.242 8.176 -5.758

5 24 14.242 8.176 -5.758 14.242 5.645 -5.758 15.544 8.176 -7.702 12.298 8.176 -4.456

5 24 12.298 8.176 -4.456 12.298 5.035 -4.456 14.242 8.176 -5.758 10 8.176 -4

5 24 10 8.176 -4 10 4.314 -4 12.298 8.176 -4.456 9 8.176 -4.198

5 24 9 8.176 -4.198 9 4 -4.198 10 8.176 -4 7.702 8.176 -4.456

5 24 7.702 8.176 -4.456 7.702 4 -4.456 9 8.176 -4.198 5.758 8.176 -5.758

5 24 5.758 8.176 -5.758 5.758 4 -5.758 7.702 8.176 -4.456 4.456 8.176 -7.702

5 24 4.456 8.176 -7.702 4.456 4 -7.702 5.758 8.176 -5.758 4.198 8.176 -9

5 24 4.198 8.176 -9 4.198 4 -9 4.456 8.176 -7.702 4 8.176 -10

5 24 4 8.176 -10 4 4.134 -10 4.198 8.176 -9 4.456 8.176 -12.298

5 24 4.456 8.176 -12.298 4.456 5.035 -12.298 4 8.176 -10 5.758 8.176 -14.242

5 24 5.758 8.176 -14.242 5.758 5.645 -14.242 4.456 8.176 -12.298 7.702 8.176 -15.544

5 24 7.702 8.176 -15.544 7.702 6.053 -15.544 5.758 8.176 -14.242 9 8.176 -15.802

5 24 9 8.176 -15.802 9 6.134 -15.802 7.702 8.176 -15.544 10 8.176 -16

5 24 10 8.176 -16 10 6.51 -16 9 8.176 -15.802 12.298 8.176 -15.544

5 24 12.298 8.176 -15.544 12.298 7.088 -15.544 10 8.176 -16 14.242 8.176 -14.242

5 24 14.242 8.176 -14.242 14.242 7.289 -14.242 12.298 8.176 -15.544 15.544 8.176 -12.298

5 24 15.544 8.176 -12.298 15.544 7.088 -12.298 14.242 8.176 -14.242 16 8.176 -10

5 24 16 8.176 -10 16 6.51 -10 15.544 8.176 -12.298 15.802 8.176 -9

5 24 17.392 14.451 -26.936 17.392 12.26 -26.936 18 14.451 -30 15.656 14.451 -24.344

5 24 15.656 14.451 -24.344 15.656 10.902 -24.344 17.392 14.451 -26.936 13.064 14.451 -22.608

5 24 13.064 14.451 -22.608 13.064 9.544 -22.608 15.656 14.451 -24.344 10 14.451 -22

5 24 10 14.451 -22 10 8.392 -22 13.064 14.451 -22.608 9 14.451 -22.198

5 24 9 14.451 -22.198 9 8.14 -22.198 10 14.451 -22 6.936 14.451 -22.608

5 24 6.936 14.451 -22.608 6.936 8.269 -22.608 9 14.451 -22.198 4.344 14.451 -24.344

5 24 4.344 14.451 -24.344 4.344 8.814 -24.344 6.936 14.451 -22.608 2.608 14.451 -26.936

5 24 2.608 14.451 -26.936 2.608 9.627 -26.936 4.344 14.451 -24.344 2 14.451 -30

5 24 2 14.451 -30 2 10.588 -30 2.608 14.451 -26.936 2.608 14.451 -33.064

5 24 2.608 14.451 -33.064 2.608 11.549 -33.064 2 14.451 -30 4.344 14.451 -35.656

5 24 4.344 14.451 -35.656 4.344 12.363 -35.656 2.608 14.451 -33.064 6.936 14.451 -37.392

5 24 6.936 14.451 -37.392 6.936 12.907 -37.392 4.344 14.451 -35.656 9 14.451 -37.802

5 24 9 14.451 -37.802 9 13.036 -37.802 6.936 14.451 -37.392 10 14.451 -38

5 24 10 14.451 -38 10 13.412 -38 9 14.451 -37.802 13.064 14.451 -37.392

5 24 13.064 14.451 -37.392 13.064 14.182 -37.392 10 14.451 -38 15.656 14.451 -35.656

5 24 17.392 14.451 -33.064 17.392 14.182 -33.064 15.656 14.451 -35.656 18 14.451 -30

5 24 18 14.451 -30 18 13.412 -30 17.392 14.451 -33.064 17.392 14.451 -26.936

5 24 15.544 14.451 -27.702 15.544 11.92 -27.702 16 14.451 -30 14.242 14.451 -25.758

5 24 14.242 14.451 -25.758 14.242 10.902 -25.758 15.544 14.451 -27.702 12.298 14.451 -24.456

5 24 12.298 14.451 -24.456 12.298 9.884 -24.456 14.242 14.451 -25.758 10 14.451 -24

5 24 10 14.451 -24 10 9.02 -24 12.298 14.451 -24.456 9 14.451 -24.198

5 24 9 14.451 -24.198 9 8.768 -24.198 10 14.451 -24 7.702 14.451 -24.456

5 24 7.702 14.451 -24.456 7.702 8.849 -24.456 9 14.451 -24.198 5.758 14.451 -25.758

5 24 5.758 14.451 -25.758 5.758 9.257 -25.758 7.702 14.451 -24.456 4.456 14.451 -27.702

5 24 4.456 14.451 -27.702 4.456 9.867 -27.702 5.758 14.451 -25.758 4 14.451 -30

5 24 4 14.451 -30 4 10.588 -30 4.456 14.451 -27.702 4.456 14.451 -32.298

5 24 4.456 14.451 -32.298 4.456 11.309 -32.298 4 14.451 -30 5.758 14.451 -34.242

5 24 5.758 14.451 -34.242 5.758 11.919 -34.242 4.456 14.451 -32.298 7.702 14.451 -35.544

5 24 7.702 14.451 -35.544 7.702 12.327 -35.544 5.758 14.451 -34.242 9 14.451 -35.802

5 24 9 14.451 -35.802 9 12.408 -35.802 7.702 14.451 -35.544 10 14.451 -36

5 24 10 14.451 -36 10 12.784 -36 9 14.451 -35.802 12.298 14.451 -35.544

5 24 12.298 14.451 -35.544 12.298 13.362 -35.544 10 14.451 -36 14.242 14.451 -34.242

5 24 14.242 14.451 -34.242 14.242 13.564 -34.242 12.298 14.451 -35.544 15.544 14.451 -32.298

5 24 15.544 14.451 -32.298 15.544 13.362 -32.298 14.242 14.451 -34.242 16 14.451 -30

5 24 16 14.451 -30 16 12.784 -30 15.544 14.451 -32.298 15.544 14.451 -27.702

5 24 17.392 20.725 -46.936 17.392 18.534 -46.936 18 20.725 -50 15.656 20.725 -44.344

5 24 15.656 20.725 -44.344 15.656 17.176 -44.344 17.392 20.725 -46.936 13.064 20.725 -42.608

5 24 13.064 20.725 -42.608 13.064 15.819 -42.608 15.656 20.725 -44.344 10 20.725 -42

5 24 10 20.725 -42 10 14.667 -42 13.064 20.725 -42.608 9 20.725 -42.198

5 24 9 20.725 -42.198 9 14.415 -42.198 10 20.725 -42 6.936 20.725 -42.608

5 24 6.936 20.725 -42.608 6.936 14.543 -42.608 9 20.725 -42.198 4.344 20.725 -44.344

5 24 4.344 20.725 -44.344 4.344 15.088 -44.344 6.936 20.725 -42.608 2.608 20.725 -46.936

5 24 2.608 20.725 -46.936 2.608 15.901 -46.936 4.344 20.725 -44.344 2 20.725 -50

5 24 2 20.725 -50 2 16.862 -50 2.608 20.725 -46.936 2.608 20.725 -53.064

5 24 2.608 20.725 -53.064 2.608 17.824 -53.064 2 20.725 -50 4.344 20.725 -55.656

5 24 4.344 20.725 -55.656 4.344 18.637 -55.656 2.608 20.725 -53.064 6.936 20.725 -57.392

5 24 6.936 20.725 -57.392 6.936 19.182 -57.392 4.344 20.725 -55.656 9 20.725 -57.802

5 24 9 20.725 -57.802 9 19.31 -57.802 6.936 20.725 -57.392 10 20.725 -58

5 24 10 20.725 -58 10 19.686 -58 9 20.725 -57.802 13.064 20.725 -57.392

5 24 13.064 20.725 -57.392 13.064 20.457 -57.392 10 20.725 -58 15.656 20.725 -55.656

5 24 17.392 20.725 -53.064 17.392 20.457 -53.064 15.656 20.725 -55.656 18 20.725 -50

5 24 18 20.725 -50 18 19.686 -50 17.392 20.725 -53.064 17.392 20.725 -46.936

5 24 15.544 20.725 -47.702 15.544 18.195 -47.702 16 20.725 -50 14.242 20.725 -45.758

5 24 14.242 20.725 -45.758 14.242 17.176 -45.758 15.544 20.725 -47.702 12.298 20.725 -44.456

5 24 12.298 20.725 -44.456 12.298 16.158 -44.456 14.242 20.725 -45.758 10 20.725 -44

5 24 10 20.725 -44 10 15.294 -44 12.298 20.725 -44.456 9 20.725 -44.198

5 24 9 20.725 -44.198 9 15.043 -44.198 10 20.725 -44 7.702 20.725 -44.456

5 24 7.702 20.725 -44.456 7.702 15.123 -44.456 9 20.725 -44.198 5.758 20.725 -45.758

5 24 5.758 20.725 -45.758 5.758 15.532 -45.758 7.702 20.725 -44.456 4.456 20.725 -47.702

5 24 4.456 20.725 -47.702 4.456 16.142 -47.702 5.758 20.725 -45.758 4 20.725 -50

5 24 4 20.725 -50 4 16.862 -50 4.456 20.725 -47.702 4.456 20.725 -52.298

5 24 4.456 20.725 -52.298 4.456 17.583 -52.298 4 20.725 -50 5.758 20.725 -54.242

5 24 5.758 20.725 -54.242 5.758 18.193 -54.242 4.456 20.725 -52.298 7.702 20.725 -55.544

5 24 7.702 20.725 -55.544 7.702 18.602 -55.544 5.758 20.725 -54.242 9 20.725 -55.802

5 24 9 20.725 -55.802 9 18.683 -55.802 7.702 20.725 -55.544 10 20.725 -56

5 24 10 20.725 -56 10 19.059 -56 9 20.725 -55.802 12.298 20.725 -55.544

5 24 12.298 20.725 -55.544 12.298 19.637 -55.544 10 20.725 -56 14.242 20.725 -54.242

5 24 14.242 20.725 -54.242 14.242 19.838 -54.242 12.298 20.725 -55.544 15.544 20.725 -52.298

5 24 15.544 20.725 -52.298 15.544 19.637 -52.298 14.242 20.725 -54.242 16 20.725 -50

5 24 16 20.725 -50 16 19.059 -50 15.544 20.725 -52.298 15.544 20.725 -47.702

5 24 26.936 14.451 -17.392 26.936 12.26 -17.392 30 14.451 -18 24.344 14.451 -15.656

5 24 24.344 14.451 -15.656 24.344 10.902 -15.656 26.936 14.451 -17.392 22.608 14.451 -13.064

5 24 22.608 14.451 -13.064 22.608 9.544 -13.064 24.344 14.451 -15.656 22 14.451 -10

5 24 22 14.451 -10 22 8.392 -10 22.608 14.451 -13.064 22.198 14.451 -9

5 24 22.198 14.451 -9 22.198 8.14 -9 22 14.451 -10 22.608 14.451 -6.936

5 24 22.608 14.451 -6.936 22.608 8.269 -6.936 22.198 14.451 -9 24.344 14.451 -4.344

5 24 24.344 14.451 -4.344 24.344 8.814 -4.344 22.608 14.451 -6.936 26.936 14.451 -2.608

5 24 26.936 14.451 -2.608 26.936 9.627 -2.608 24.344 14.451 -4.344 30 14.451 -2

5 24 30 14.451 -2 30 10.588 -2 26.936 14.451 -2.608 33.064 14.451 -2.608

5 24 33.064 14.451 -2.608 33.064 11.549 -2.608 30 14.451 -2 35.656 14.451 -4.344

5 24 35.656 14.451 -4.344 35.656 12.363 -4.344 33.064 14.451 -2.608 37.392 14.451 -6.936

5 24 37.392 14.451 -6.936 37.392 12.907 -6.936 35.656 14.451 -4.344 37.802 14.451 -9

5 24 37.802 14.451 -9 37.802 13.036 -9 37.392 14.451 -6.936 38 14.451 -10

5 24 38 14.451 -10 38 13.412 -10 37.802 14.451 -9 37.392 14.451 -13.064

2 24 37.392 14.451 -13.064 37.392 14.182 -13.064

5 24 33.064 14.451 -17.392 33.064 14.182 -17.392 35.656 14.451 -15.656 30 14.451 -18

5 24 30 14.451 -18 30 13.412 -18 33.064 14.451 -17.392 26.936 14.451 -17.392

5 24 27.702 14.451 -15.544 27.702 11.92 -15.544 30 14.451 -16 25.758 14.451 -14.242

5 24 25.758 14.451 -14.242 25.758 10.902 -14.242 27.702 14.451 -15.544 24.456 14.451 -12.298

5 24 24.456 14.451 -12.298 24.456 9.884 -12.298 25.758 14.451 -14.242 24 14.451 -10

5 24 24 14.451 -10 24 9.02 -10 24.456 14.451 -12.298 24.198 14.451 -9

5 24 24.198 14.451 -9 24.198 8.768 -9 24 14.451 -10 24.456 14.451 -7.702

5 24 24.456 14.451 -7.702 24.456 8.849 -7.702 24.198 14.451 -9 25.758 14.451 -5.758

5 24 25.758 14.451 -5.758 25.758 9.257 -5.758 24.456 14.451 -7.702 27.702 14.451 -4.456

5 24 27.702 14.451 -4.456 27.702 9.867 -4.456 25.758 14.451 -5.758 30 14.451 -4

5 24 30 14.451 -4 30 10.588 -4 27.702 14.451 -4.456 32.298 14.451 -4.456

5 24 32.298 14.451 -4.456 32.298 11.309 -4.456 30 14.451 -4 34.242 14.451 -5.758

5 24 34.242 14.451 -5.758 34.242 11.919 -5.758 32.298 14.451 -4.456 35.544 14.451 -7.702

5 24 35.544 14.451 -7.702 35.544 12.327 -7.702 34.242 14.451 -5.758 35.802 14.451 -9

5 24 35.802 14.451 -9 35.802 12.408 -9 35.544 14.451 -7.702 36 14.451 -10

5 24 36 14.451 -10 36 12.784 -10 35.802 14.451 -9 35.544 14.451 -12.298

5 24 35.544 14.451 -12.298 35.544 13.362 -12.298 36 14.451 -10 34.242 14.451 -14.242

5 24 34.242 14.451 -14.242 34.242 13.564 -14.242 35.544 14.451 -12.298 32.298 14.451 -15.544

5 24 32.298 14.451 -15.544 32.298 13.362 -15.544 34.242 14.451 -14.242 30 14.451 -16

5 24 30 14.451 -16 30 12.784 -16 32.298 14.451 -15.544 27.702 14.451 -15.544

5 24 46.936 20.725 -17.392 46.936 18.534 -17.392 50 20.725 -18 44.344 20.725 -15.656

5 24 44.344 20.725 -15.656 44.344 17.176 -15.656 46.936 20.725 -17.392 42.608 20.725 -13.064

5 24 42.608 20.725 -13.064 42.608 15.819 -13.064 44.344 20.725 -15.656 42 20.725 -10

5 24 42 20.725 -10 42 14.667 -10 42.608 20.725 -13.064 42.198 20.725 -9

5 24 42.198 20.725 -9 42.198 14.415 -9 42 20.725 -10 42.608 20.725 -6.936

5 24 42.608 20.725 -6.936 42.608 14.543 -6.936 42.198 20.725 -9 44.344 20.725 -4.344

5 24 44.344 20.725 -4.344 44.344 15.088 -4.344 42.608 20.725 -6.936 46.936 20.725 -2.608

5 24 46.936 20.725 -2.608 46.936 15.901 -2.608 44.344 20.725 -4.344 50 20.725 -2

5 24 50 20.725 -2 50 16.862 -2 46.936 20.725 -2.608 53.064 20.725 -2.608

5 24 53.064 20.725 -2.608 53.064 17.824 -2.608 50 20.725 -2 55.656 20.725 -4.344

5 24 55.656 20.725 -4.344 55.656 18.637 -4.344 53.064 20.725 -2.608 57.392 20.725 -6.936

5 24 57.392 20.725 -6.936 57.392 19.182 -6.936 55.656 20.725 -4.344 57.802 20.725 -9

5 24 57.802 20.725 -9 57.802 19.31 -9 57.392 20.725 -6.936 58 20.725 -10

5 24 58 20.725 -10 58 19.686 -10 57.802 20.725 -9 57.392 20.725 -13.064

2 24 57.392 20.725 -13.064 57.392 20.457 -13.064

5 24 53.064 20.725 -17.392 53.064 20.457 -17.392 55.656 20.725 -15.656 50 20.725 -18

5 24 50 20.725 -18 50 19.686 -18 53.064 20.725 -17.392 46.936 20.725 -17.392

5 24 47.702 20.725 -15.544 47.702 18.195 -15.544 50 20.725 -16 45.758 20.725 -14.242

5 24 45.758 20.725 -14.242 45.758 17.176 -14.242 47.702 20.725 -15.544 44.456 20.725 -12.298

5 24 44.456 20.725 -12.298 44.456 16.158 -12.298 45.758 20.725 -14.242 44 20.725 -10

5 24 44 20.725 -10 44 15.294 -10 44.456 20.725 -12.298 44.198 20.725 -9

5 24 44.198 20.725 -9 44.198 15.043 -9 44 20.725 -10 44.456 20.725 -7.702

5 24 44.456 20.725 -7.702 44.456 15.123 -7.702 44.198 20.725 -9 45.758 20.725 -5.758

5 24 45.758 20.725 -5.758 45.758 15.532 -5.758 44.456 20.725 -7.702 47.702 20.725 -4.456

5 24 47.702 20.725 -4.456 47.702 16.142 -4.456 45.758 20.725 -5.758 50 20.725 -4

5 24 50 20.725 -4 50 16.862 -4 47.702 20.725 -4.456 52.298 20.725 -4.456

5 24 52.298 20.725 -4.456 52.298 17.583 -4.456 50 20.725 -4 54.242 20.725 -5.758

5 24 54.242 20.725 -5.758 54.242 18.193 -5.758 52.298 20.725 -4.456 55.544 20.725 -7.702

5 24 55.544 20.725 -7.702 55.544 18.602 -7.702 54.242 20.725 -5.758 55.802 20.725 -9

5 24 55.802 20.725 -9 55.802 18.683 -9 55.544 20.725 -7.702 56 20.725 -10

5 24 56 20.725 -10 56 19.059 -10 55.802 20.725 -9 55.544 20.725 -12.298

5 24 55.544 20.725 -12.298 55.544 19.637 -12.298 56 20.725 -10 54.242 20.725 -14.242

5 24 54.242 20.725 -14.242 54.242 19.838 -14.242 55.544 20.725 -12.298 52.298 20.725 -15.544

5 24 52.298 20.725 -15.544 52.298 19.637 -15.544 54.242 20.725 -14.242 50 20.725 -16

5 24 50 20.725 -16 50 19.059 -16 52.298 20.725 -15.544 47.702 20.725 -15.544

2 24 23.242 24 -45.242 26.5 24 -48.5

4 16 25.242 24 -43.242 28.5 24 -46.5 26.5 24 -48.5 23.242 24 -45.242

2 24 23.242 24 -45.242 23.242 19.838 -45.242

2 24 26.5 21.882 -48.5 26.5 24 -48.5

2 24 25.242 24 -43.242 28.5 24 -46.5

2 24 25.242 24 -43.242 25.242 19.838 -43.242

2 24 25.242 19.838 -43.242 23.242 19.838 -45.242

2 24 28.5 21.882 -46.5 28.5 24 -46.5

2 24 25.242 24 -43.242 23.242 24 -45.242

4 16 25.242 24 -43.242 23.242 24 -45.242 23.242 19.838 -45.242 25.242 19.838 -43.242

2 24 25.242 19.838 -43.242 28.5 21.882 -46.5

4 16 25.242 19.838 -43.242 28.5 21.882 -46.5 28.5 24 -46.5 25.242 24 -43.242

4 16 23.242 24 -45.242 26.5 24 -48.5 26.5 21.882 -48.5 23.242 19.838 -45.242

2 24 23.242 19.838 -45.242 26.5 21.882 -48.5

2 24 22 24 -53 26.5 24 -48.5

2 24 28.5 24 -46.5 33 24 -42

2 24 43.242 24 -25.242 46.5 24 -28.5

4 16 45.242 24 -23.242 48.5 24 -26.5 46.5 24 -28.5 43.242 24 -25.242

2 24 43.242 24 -25.242 43.242 19.838 -25.242

2 24 46.5 21.882 -28.5 46.5 24 -28.5

2 24 45.242 24 -23.242 48.5 24 -26.5

2 24 45.242 24 -23.242 45.242 19.838 -23.242

2 24 45.242 19.838 -23.242 43.242 19.838 -25.242

2 24 48.5 21.882 -26.5 48.5 24 -26.5

2 24 45.242 24 -23.242 43.242 24 -25.242

4 16 45.242 24 -23.242 43.242 24 -25.242 43.242 19.838 -25.242 45.242 19.838 -23.242

2 24 45.242 19.838 -23.242 48.5 21.882 -26.5

4 16 45.242 19.838 -23.242 48.5 21.882 -26.5 48.5 24 -26.5 45.242 24 -23.242

4 16 43.242 24 -25.242 46.5 24 -28.5 46.5 21.882 -28.5 43.242 19.838 -25.242

2 24 43.242 19.838 -25.242 46.5 21.882 -28.5

2 24 42 24 -33 46.5 24 -28.5

2 24 48.5 24 -26.5 53 24 -22

0

0 NOFILE

0 FILE 3-8chrd.dat
0 Chord 0.375

0 Name: 3-8chrd.dat

0 Author: Donald Sutter [technog]

0 !LDRAW_ORG Primitive UPDATE 2005-01

0 !LICENSE Licensed under CC BY 4.0 : see CAreadme.txt



0 BFC CERTIFY CCW



0 !HISTORY 2004-01-07 [Steffen] added primitive code for POVray

0 !HISTORY 2004-03-18 [mkennedy] removed pov code and rearanged polygons.

0 !HISTORY 2004-09-12 [cwdee] reversed winding and standardised precision

0 !HISTORY 2005-12-28 [PTadmin] Official Update 2005-01

0 !HISTORY 2007-06-24 [PTadmin] Header formatted for Contributor Agreement

0 !HISTORY 2008-07-01 [PTadmin] Official Update 2008-01





3 16 0.7071 0 0.7071 0.3827 0 0.9239 0 0 1

4 16 0.9239 0 0.3827 -0.3827 0 0.9239 -0.7071 0 0.7071 1 0 0

4 16 0.7071 0 0.7071 0 0 1 -0.3827 0 0.9239 0.9239 0 0.3827

0

0 NOFILE

0 FILE 2-4disc.dat
0 Disc 0.5

0 Name: 2-4disc.dat

0 Author: James Jessiman

0 !LDRAW_ORG Primitive UPDATE 2002-02

0 !LICENSE Licensed under CC BY 4.0 : see CAreadme.txt



0 BFC CERTIFY CCW



0 !HISTORY 1998-12-15 [PTadmin] Official Update 1998-10

0 !HISTORY 2002-03-23 [sbliss] Added BFC statement

0 !HISTORY 2002-04-25 [PTadmin] Official Update 2002-02

0 !HISTORY 2007-06-24 [PTadmin] Header formatted for Contributor Agreement

0 !HISTORY 2008-07-01 [PTadmin] Official Update 2008-01





3 16 0 0 0 1 0 0 0.9239 0 0.3827

3 16 0 0 0 0.9239 0 0.3827 0.7071 0 0.7071

3 16 0 0 0 0.7071 0 0.7071 0.3827 0 0.9239

3 16 0 0 0 0.3827 0 0.9239 0 0 1

3 16 0 0 0 0 0 1 -0.3827 0 0.9239

3 16 0 0 0 -0.3827 0 0.9239 -0.7071 0 0.7071

3 16 0 0 0 -0.7071 0 0.7071 -0.9239 0 0.3827

3 16 0 0 0 -0.9239 0 0.3827 -1 0 -0

0

0 NOFILE

0 FILE 1-4cyls2.dat
0 Cylinder Sloped 0.25 Convex

0 Name: 1-4cyls2.dat

0 Author: Chris Dee [cwdee]

0 !LDRAW_ORG Primitive UPDATE 2012-01

0 !LICENSE Licensed under CC BY 4.0 : see CAreadme.txt



0 BFC CERTIFY CCW



0 !HISTORY 1999-02-01 [PTadmin] Official Update 1999-01

0 !HISTORY 2002-07-03 [sbliss] Added BFC statement, reformatted title to fit 0.27 convention

0 !HISTORY 2002-08-18 [PTadmin] Official Update 2002-04

0 !HISTORY 2007-06-22 [PTadmin] Header formatted for Contributor Agreement

0 !HISTORY 2008-07-01 [PTadmin] Official Update 2008-01

0 !HISTORY 2012-02-16 [Philo] Changed to CCW

0 !HISTORY 2012-03-30 [PTadmin] Official Update 2012-01





3 16 -0.3827 0.3827 0.9239 -0.3827 0 0.9239 0 0 1

4 16 -0.3827 0.3827 0.9239 -0.7071 0.7071 0.7071 -0.7071 0 0.7071 -0.3827 0 0.9239

4 16 -0.7071 0.7071 0.7071 -0.9239 0.9239 0.3827 -0.9239 0 0.3827 -0.7071 0 0.7071

4 16 -0.9239 0.9239 0.3827 -1 1 0 -1 0 0 -0.9239 0 0.3827



5 24 -0.3827 0 0.9239 -0.3827 0.3827 0.9239 -0.7071 0 0.7071 0 0 1

5 24 -0.7071 0 0.7071 -0.7071 0.7071 0.7071 -0.9239 0 0.3827 -0.3827 0 0.9239

5 24 -0.9239 0 0.3827 -0.9239 0.9239 0.3827 -1 0 0 -0.7071 0 0.7071

5 24 -1 0 0 -1 1 0 -1 0 -1 -0.9239 0 0.3827

0 NOFILE

0 FILE 3045.dat
0 Slope Brick 45  2 x  2 Double Convex

0 Name: 3045.dat

0 Author: James Jessiman

0 !LDRAW_ORG Part UPDATE 2005-01

0 !LICENSE Licensed under CC BY 4.0 : see CAreadme.txt



0 BFC CERTIFY CCW



0 !HISTORY 1998-06-20 [PTadmin] Official Update 1998-06

0 !HISTORY 2002-09-13 [izanette] Modified with WINDZ for BFC compliance

0 !HISTORY 2004-11-27 [guyvivan] Add 1-8cyls.dat

0 !HISTORY 2005-12-28 [PTadmin] Official Update 2005-01

0 !HISTORY 2007-06-09 [PTadmin] Header formatted for Contributor Agreement

0 !HISTORY 2008-07-01 [PTadmin] Official Update 2008-01





1 16 10 20 -10 1 0 0 0 -1 0 0 0 1 stud4a.dat

1 16 10 4 -10 -6 0 0 0 1 0 0 0 6 1-4edge.dat

1 16 10 4 -10 -6 0 0 0 0.707 6 0 0.707 -6 3-8edge.dat

1 16 10 4 -10 0 -0.707 6 0 0.707 6 6 0 0 3-8edge.dat

1 16 10 4 -10 -8 0 0 0 1 0 0 0 8 1-4edge.dat

1 16 10 4 -10 -8 0 0 0 0.707 8 0 0.707 -8 3-8edge.dat

1 16 10 4 -10 0 -0.707 8 0 0.707 8 8 0 0 3-8edge.dat

0 BFC INVERTNEXT

1 16 10 10 -10 0 0 -6 0 -6 0 -6 0 0 1-4cyls.dat

0 BFC INVERTNEXT

1 16 10 10 -10 6 0 0 0 -6 0 0 0 -6 1-8cyls.dat

0 BFC INVERTNEXT

1 16 10 10 -10 0 0 6 0 -6 0 -6 0 0 1-8cyls.dat

0 BFC INVERTNEXT

1 16 10 10 -10 6 0 0 0 -6 0 0 0 6 1-4cyls.dat

0 BFC INVERTNEXT

1 16 10 4 -10 -6 0 0 0 16 0 0 0 6 1-4cyli.dat

0 BFC INVERTNEXT

1 16 10 10 -10 -6 0 0 0 10 0 0 0 -6 3-4cyli.dat

1 16 10 12 -10 0 0 -8 0 -8 0 -8 0 0 1-4cyls.dat

1 16 10 12 -10 8 0 0 0 -8 0 0 0 -8 1-8cyls.dat

1 16 10 12 -10 0 0 8 0 -8 0 -8 0 0 1-8cyls.dat

1 16 10 12 -10 8 0 0 0 -8 0 0 0 8 1-4cyls.dat

1 16 10 4 -10 -8 0 0 0 16 0 0 0 8 1-4cyli.dat

1 16 10 12 -10 -8 0 0 0 8 0 0 0 -8 3-4cyli.dat

2 24 26 24 6 -6 24 6

2 24 -6 24 6 -6 24 -26

2 24 -6 24 -26 26 24 -26

2 24 26 24 -26 26 24 6

2 24 30 24 10 -10 24 10

2 24 -10 24 10 -10 24 -30

2 24 -10 24 -30 30 24 -30

2 24 30 24 -30 30 24 10

2 24 26 20 -26 -6 20 -26

2 24 26 20 6 26 20 -26

2 24 30 20 -30 -10 20 -30

2 24 30 20 10 30 20 -30

2 24 10 4 -10 -6 4 -10

2 24 -6 4 -10 -6 4 6

2 24 -6 4 6 10 4 6

2 24 10 4 6 10 4 -10

2 24 10 0 -10 -10 0 -10

2 24 -10 0 -10 -10 0 10

2 24 -10 0 10 10 0 10

2 24 10 0 10 10 0 -10

2 24 26 20 -26 26 24 -26

2 24 26 20 6 26 24 6

2 24 -6 20 -26 -6 24 -26

2 24 30 20 -30 30 24 -30

2 24 30 20 10 30 24 10

2 24 -10 20 -30 -10 24 -30

2 24 10 4 -10 26 20 -26

2 24 -6 4 -10 -6 20 -26

2 24 -6 4 6 -6 24 6

2 24 10 4 6 26 20 6

2 24 10 0 -10 30 20 -30

2 24 -10 0 -10 -10 20 -30

2 24 -10 0 10 -10 24 10

2 24 10 0 10 30 20 10

4 16 30 24 10 26 24 6 -6 24 6 -10 24 10

4 16 -10 24 10 -6 24 6 -6 24 -26 -10 24 -30

4 16 -10 24 -30 -6 24 -26 26 24 -26 30 24 -30

4 16 30 24 -30 26 24 -26 26 24 6 30 24 10

4 16 10 4 -10 -6 4 -10 -6 4 6 10 4 6

4 16 10 0 -10 10 0 10 -10 0 10 -10 0 -10

4 16 26 20 -26 26 20 6 26 24 6 26 24 -26

4 16 26 20 -26 26 24 -26 -6 24 -26 -6 20 -26

4 16 30 20 -30 30 24 -30 30 24 10 30 20 10

4 16 30 20 -30 -10 20 -30 -10 24 -30 30 24 -30

4 16 10 4 -10 26 20 -26 -6 20 -26 -6 4 -10

3 16 -6 4 -10 -6 20 -26 -6 24 -26

4 16 -6 4 -10 -6 24 -26 -6 24 6 -6 4 6

4 16 -6 4 6 -6 24 6 26 24 6 10 4 6

3 16 10 4 6 26 24 6 26 20 6

4 16 10 4 6 26 20 6 26 20 -26 10 4 -10

4 16 10 0 -10 -10 0 -10 -10 20 -30 30 20 -30

3 16 -10 0 -10 -10 24 -30 -10 20 -30

4 16 -10 0 -10 -10 0 10 -10 24 10 -10 24 -30

4 16 -10 0 10 10 0 10 30 24 10 -10 24 10

3 16 10 0 10 30 20 10 30 24 10

4 16 10 0 10 10 0 -10 30 20 -30 30 20 10

1 16 0 0 0 1 0 0 0 1 0 0 0 1 stud.dat

0

0 NOFILE

0 FILE 3005.dat
0 Brick  1 x  1

0 Name: 3005.dat

0 Author: James Jessiman

0 !LDRAW_ORG Part UPDATE 2022-05

0 !LICENSE Licensed under CC BY 4.0 : see CAreadme.txt



0 BFC CERTIFY CCW



0 !HISTORY 2001-10-26 [PTadmin] Official Update 2001-01

0 !HISTORY 2002-05-07 {unknown} BFC Certification

0 !HISTORY 2002-06-11 [PTadmin] Official Update 2002-03

0 !HISTORY 2007-05-07 [PTadmin] Header formatted for Contributor Agreement

0 !HISTORY 2008-07-01 [PTadmin] Official Update 2008-01

0 !HISTORY 2022-08-04 [MagFors] Using subfile

0 !HISTORY 2022-09-15 [PTadmin] Official Update 2022-05





1 16 0 0 0 1 0 0 0 1 0 0 0 1 s__3005s01.dat

4 16 -10 24 -10 10 24 -10 10 0 -10 -10 0 -10

0 NOFILE

0 FILE s__3005s01.dat
0 ~Brick  1 x  1 without Front Face

0 Name: s\3005s01.dat

0 Author: Willy Tschager [Holly-Wood]

0 !LDRAW_ORG Subpart UPDATE 2024-04

0 !LICENSE Licensed under CC BY 4.0 : see CAreadme.txt



0 BFC CERTIFY CCW



0 !HISTORY 2003-09-07 [jriley] BFCed & Subfiled

0 !HISTORY 2004-03-02 [PTadmin] Official Update 2004-01

0 !HISTORY 2007-08-29 [PTadmin] Header formatted for Contributor Agreement

0 !HISTORY 2008-07-01 [PTadmin] Official Update 2008-01

0 !HISTORY 2024-03-15 [Holly-Wood] Complete re-write, original by jriley

0 !HISTORY 2024-05-28 [OrionP] Official Update 2024-04



1 16 0 0 0 0 0 1 0 1 0 -1 0 0 stud.dat

1 16 0 24 0 -10 0 0 0 -24 0 0 0 10 box4t.dat

0 BFC INVERTNEXT

1 16 0 24 0 -6 0 0 0 -20 0 0 0 6 box5.dat



4 16 -6 24 -6 6 24 -6 10 24 -10 -10 24 -10

4 16 10 24 -10 6 24 -6 6 24 6 10 24 10

4 16 6 24 6 -6 24 6 -10 24 10 10 24 10

4 16 -10 24 10 -6 24 6 -6 24 -6 -10 24 -10

0 NOFILE

0 FILE 63864.dat
0 Tile  1 x  3

0 Name: 63864.dat

0 Author: Tim Gould [timgould]

0 !LDRAW_ORG Part UPDATE 2019-01

0 !LICENSE Licensed under CC BY 4.0 : see CAreadme.txt



0 BFC CERTIFY CCW



0 !HISTORY 2010-04-05 [PTadmin] Official Update 2010-01

0 !HISTORY 2019-06-28 [PTadmin] Official Update 2019-01

0 !HISTORY 2019-07-03 [UR] Subpart Integration





4 16 -30 0 -10 30 0 -10 30 0 10 -30 0 10

1 16 0 0 0 1 0 0 0 1 0 0 0 1 s__63864s01.dat

0 NOFILE

0 FILE s__63864s01.dat
0 ~Tile  1 x  3 without Top Face

0 Name: s\63864s01.dat

0 Author: Ulrich Röder [UR]

0 !LDRAW_ORG Subpart UPDATE 2019-01

0 !LICENSE Licensed under CC BY 4.0 : see CAreadme.txt



0 BFC CERTIFY CCW



0 !HISTORY 2019-06-28 [PTadmin] Official Update 2019-01





1 16 0 0 0 30 0 0 0 7 0 0 0 10 box4.dat

1 16 0 7 0 29 0 0 0 1 0 0 0 9 box4.dat

0 BFC INVERTNEXT

1 16 0 8 0 -26 0 0 0 -4 0 0 0 6 box5.dat

1 16 10 4 0 1 0 0 0 -1 0 0 0 1 stud3.dat

1 16 -10 4 0 1 0 0 0 -1 0 0 0 1 stud3.dat

4 16 -30 7 -10 -29 7 -9 29 7 -9 30 7 -10

4 16 30 7 10 29 7 9 -29 7 9 -30 7 10

4 16 -30 7 -10 -30 7 10 -29 7 9 -29 7 -9

4 16 30 7 10 30 7 -10 29 7 -9 29 7 9

4 16 -29 8 -9 -26 8 -6 26 8 -6 29 8 -9

4 16 29 8 9 26 8 6 -26 8 6 -29 8 9

4 16 -29 8 -9 -29 8 9 -26 8 6 -26 8 -6

4 16 29 8 9 29 8 -9 26 8 -6 26 8 6

0 NOFILE

0 FILE 3068b.dat
0 Tile  2 x  2 with Groove

0 Name: 3068b.dat

0 Author: Takeshi Takahashi [RainbowDolphin]

0 !LDRAW_ORG Part UPDATE 2024-06

0 !LICENSE Licensed under CC BY 4.0 : see CAreadme.txt



0 BFC CERTIFY CCW



0 !KEYWORDS BrickLink 3068



0 !HISTORY 2002-04-25 [PTadmin] Official Update 2002-02

0 !HISTORY 2004-07-26 [guyvivan] Made BFC Compliant

0 !HISTORY 2004-11-06 [PTadmin] Official Update 2004-04

0 !HISTORY 2007-06-13 [PTadmin] Header formatted for Contributor Agreement

0 !HISTORY 2008-07-01 [PTadmin] Official Update 2008-01

0 !HISTORY 2024-05-29 [RainbowDolphin] Total rewrite, original by Damien Guichard [BrickCaster]

0 !HISTORY 2024-07-29 [OrionP] Official Update 2024-06



1 16 0 0 0 1 0 0 0 1 0 0 0 1 s__3068bs01.dat

0 // Patternable surface

4 16 -20 0 -20 20 0 -20 20 0 20 -20 0 20

0 NOFILE

0 FILE s__3068bs01.dat
0 ~Tile  2 x  2 with Groove without Face

0 Name: s\3068bs01.dat

0 Author: Willy Tschager [Holly-Wood]

0 !LDRAW_ORG Subpart UPDATE 2024-03

0 !LICENSE Licensed under CC BY 4.0 : see CAreadme.txt



0 BFC CERTIFY CCW



0 !HISTORY 2002-04-02 [sbliss] Modified for BFC compliance

0 !HISTORY 2002-04-25 [PTadmin] Official Update 2002-02

0 !HISTORY 2007-08-30 [PTadmin] Header formatted for Contributor Agreement

0 !HISTORY 2008-07-01 [PTadmin] Official Update 2008-01

0 !HISTORY 2024-03-07 [Holly-Wood] Complete re-write, original by BrickCaster

0 !HISTORY 2024-04-28 [OrionP] Official Update 2024-03



1 16 0 0 0 20 0 0 0 7 0 0 0 20 box4.dat

1 16 0 7 0 19 0 0 0 1 0 0 0 19 box4.dat

0 BFC INVERTNEXT

1 16 0 4 0 16 0 0 0 4 0 0 0 16 box4.dat

1 16 0 4 0 1 0 0 0 -1 0 0 0 1 stud4.dat

1 16 0 4 0 6 0 0 0 -1 0 0 0 6 4-4disc.dat

1 16 0 4 0 8 0 0 0 -1 0 0 0 8 4-4ndis.dat



4 16 -19 7 -19 19 7 -19 20 7 -20 -20 7 -20

4 16 20 7 -20 19 7 -19 19 7 19 20 7 20

4 16 20 7 20 19 7 19 -19 7 19 -20 7 20

4 16 -20 7 20 -19 7 19 -19 7 -19 -20 7 -20



4 16 -16 8 -16 16 8 -16 19 8 -19 -19 8 -19

4 16 19 8 -19 16 8 -16 16 8 16 19 8 19

4 16 19 8 19 16 8 16 -16 8 16 -19 8 19

4 16 -19 8 19 -16 8 16 -16 8 -16 -19 8 -19



4 16 -8 4 -8 8 4 -8 16 4 -16 -16 4 -16

4 16 16 4 -16 8 4 -8 8 4 8 16 4 16

4 16 16 4 16 8 4 8 -8 4 8 -16 4 16

4 16 -16 4 16 -8 4 8 -8 4 -8 -16 4 -16

0 NOFILE

0 FILE 3069b.dat
0 Tile  1 x  2 with Groove

0 Name: 3069b.dat

0 Author: Santeri Piippo [arezey]

0 !LDRAW_ORG Part UPDATE 2010-02

0 !LICENSE Licensed under CC BY 4.0 : see CAreadme.txt



0 BFC CERTIFY CCW



0 !KEYWORDS BrickLink 3069



0 !HISTORY 2010-07-05 [PTadmin] Official Update 2010-02





4 16 20 0 -10 20 0 10 -20 0 10 -20 0 -10

1 16 0 0 0 1 0 0 0 1 0 0 0 1 s__3069bs01.dat

0 //

0 NOFILE

0 FILE s__3069bs01.dat
0 ~Tile  1 x  2 with Groove without Top Face

0 Name: s\3069bs01.dat

0 Author: Santeri Piippo [arezey]

0 !LDRAW_ORG Subpart UPDATE 2010-02

0 !LICENSE Licensed under CC BY 4.0 : see CAreadme.txt



0 BFC CERTIFY CCW



0 !HISTORY 2010-07-05 [PTadmin] Official Update 2010-02





1 16 0 0 0 20 0 0 0 7 0 0 0 10 box4.dat

1 16 0 7 0 19 0 0 0 1 0 0 0 9 box4.dat

0 BFC INVERTNEXT

1 16 0 8 0 16 0 0 0 -4 0 0 0 6 box5.dat

4 16 -19 8 9 -16 8 6 -16 8 -6 -19 8 -9

4 16 19 8 -9 16 8 -6 16 8 6 19 8 9

4 16 19 8 9 16 8 6 -16 8 6 -19 8 9

4 16 -19 8 -9 -16 8 -6 16 8 -6 19 8 -9

4 16 -20 7 10 -19 7 9 -19 7 -9 -20 7 -10

4 16 20 7 -10 19 7 -9 19 7 9 20 7 10

4 16 20 7 10 19 7 9 -19 7 9 -20 7 10

4 16 -20 7 -10 -19 7 -9 19 7 -9 20 7 -10

0 //

0 NOFILE

0 FILE 87079.dat
0 Tile  2 x  4

0 Name: 87079.dat

0 Author: Tim Gould [timgould]

0 !LDRAW_ORG Part UPDATE 2025-04

0 !LICENSE Licensed under CC BY 4.0 : see CAreadme.txt



0 BFC CERTIFY CCW



0 !KEYWORDS with Groove



0 !HISTORY 2010-04-05 [PTadmin] Official Update 2010-01

0 !HISTORY 2012-09-30 [Philo] Subparted for patterns

0 !HISTORY 2012-12-28 [PTadmin] Official Update 2012-03

0 !HISTORY 2025-04-25 [MagFors] Update description

0 !HISTORY 2025-04-27 [OrionP] Official Update 2025-04



4 16 -40 0 -20 40 0 -20 40 0 20 -40 0 20

1 16 0 0 0 1 0 0 0 1 0 0 0 1 s__87079s01.dat
0 NOFILE

0 FILE s__87079s01.dat
0 ~Tile  2 x  4 without Top Surface

0 Name: s\87079s01.dat

0 Author: Philippe Hurbain [Philo]

0 !LDRAW_ORG Subpart UPDATE 2025-04

0 !LICENSE Licensed under CC BY 4.0 : see CAreadme.txt



0 BFC CERTIFY CCW



0 !HISTORY 2012-09-30 [Philo] Subparted from Tim Gould's original design

0 !HISTORY 2012-12-28 [PTadmin] Official Update 2012-03

0 !HISTORY 2025-04-25 [MagFors] Update description

0 !HISTORY 2025-04-27 [OrionP] Official Update 2025-04



1 16 0 0 0 40 0 0 0 7 0 0 0 20 box4.dat

1 16 0 7 0 39 0 0 0 1 0 0 0 19 box4.dat

0 BFC INVERTNEXT

1 16 0 8 0 -36 0 0 0 -4 0 0 0 16 box5.dat

4 16 -40 7 -20 -39 7 -19 39 7 -19 40 7 -20

4 16 40 7 20 39 7 19 -39 7 19 -40 7 20

4 16 -40 7 -20 -40 7 20 -39 7 19 -39 7 -19

4 16 40 7 20 40 7 -20 39 7 -19 39 7 19

4 16 -39 8 -19 -36 8 -16 36 8 -16 39 8 -19

4 16 39 8 19 36 8 16 -36 8 16 -39 8 19

4 16 -39 8 -19 -39 8 19 -36 8 16 -36 8 -16

4 16 39 8 19 39 8 -19 36 8 -16 36 8 16

1 16 0 4 0 1 0 0 0 -1 0 0 0 1 stud4.dat

1 16 20 4 0 1 0 0 0 -1 0 0 0 1 stud4.dat

1 16 -20 4 0 1 0 0 0 -1 0 0 0 1 stud4.dat
0 NOFILE

0 FILE 26603.dat
0 Tile  2 x  3

0 Name: 26603.dat

0 Author: Philippe Hurbain [Philo]

0 !LDRAW_ORG Part UPDATE 2016-01

0 !LICENSE Licensed under CC BY 4.0 : see CAreadme.txt



0 BFC CERTIFY CCW



0 !HISTORY 2016-12-31 [PTadmin] Official Update 2016-01





1 16 0 0 0 1 0 0 0 1 0 0 0 1 s__26603s01.dat

4 16 30 0 20 -30 0 20 -30 0 -20 30 0 -20

0 NOFILE

0 FILE s__26603s01.dat
0 ~Tile  2 x  3 without Top

0 Name: s\26603s01.dat

0 Author: Philippe Hurbain [Philo]

0 !LDRAW_ORG Subpart UPDATE 2016-01

0 !LICENSE Licensed under CC BY 4.0 : see CAreadme.txt



0 BFC CERTIFY CCW



0 !HISTORY 2016-12-31 [PTadmin] Official Update 2016-01





1 16 0 0 0 30 0 0 0 7 0 0 0 20 box4.dat

1 16 0 7 0 29 0 0 0 1 0 0 0 19 box4.dat

0 BFC INVERTNEXT

1 16 0 8 0 -26 0 0 0 -4 0 0 0 16 box5.dat

4 16 -30 7 -20 -29 7 -19 29 7 -19 30 7 -20

4 16 30 7 20 29 7 19 -29 7 19 -30 7 20

4 16 -30 7 -20 -30 7 20 -29 7 19 -29 7 -19

4 16 30 7 20 30 7 -20 29 7 -19 29 7 19

4 16 -29 8 -19 -26 8 -16 26 8 -16 29 8 -19

4 16 29 8 19 26 8 16 -26 8 16 -29 8 19

4 16 -29 8 -19 -29 8 19 -26 8 16 -26 8 -16

4 16 29 8 19 29 8 -19 26 8 -16 26 8 16

1 16 0 4 0 1 0 0 0 -1 0 0 0 1 stug4-1x2.dat

0 NOFILE

0 FILE stug4-1x2.dat
0 Stud Tube Open Group  1 x  2

0 Name: stug4-1x2.dat

0 Author: Steffen [Steffen]

0 !LDRAW_ORG Primitive UPDATE 2011-01

0 !LICENSE Licensed under CC BY 4.0 : see CAreadme.txt



0 BFC CERTIFY CCW



0 !HISTORY 2011-07-25 [PTadmin] Official Update 2011-01





1 16 -10 0 0 1 0 0 0 1 0 0 0 1 stud4.dat

1 16 10 0 0 1 0 0 0 1 0 0 0 1 stud4.dat

0 NOFILE

0 FILE 14719.dat
0 Tile  2 x  2 Corner

0 Name: 14719.dat

0 Author: Max Martin Richter [MMR1988]

0 !LDRAW_ORG Part UPDATE 2015-02

0 !LICENSE Licensed under CC BY 4.0 : see CAreadme.txt



0 BFC CERTIFY CCW



0 !HISTORY 2015-12-30 [PTadmin] Official Update 2015-02





1 16 0 0 0 1 0 0 0 1 0 0 0 1 s__14719s01.dat



4 16 30 0 10 10 0 10 -10 0 -10 30 0 -10

4 16 10 0 10 10 0 30 -10 0 30 -10 0 -10

0 NOFILE

0 FILE s__14719s01.dat
0 ~Tile  2 x  2 Corner without Top Face

0 Name: s\14719s01.dat

0 Author: Max Martin Richter [MMR1988]

0 !LDRAW_ORG Subpart UPDATE 2015-02

0 !LICENSE Licensed under CC BY 4.0 : see CAreadme.txt



0 BFC CERTIFY CCW



0 !HISTORY 2015-12-30 [PTadmin] Official Update 2015-02





1 16 0 4 10 1 0 0 0 -1 0 0 0 1 stud3.dat

1 16 10 4 0 1 0 0 0 -1 0 0 0 1 stud3.dat



4 16 26 4 -6 -6 4 -6 6 4 6 26 4 6

4 16 6 4 26 6 4 6 -6 4 -6 -6 4 26



0 BFC INVERTNEXT

1 16 0 6 16 0 6 0 2 0 0 0 0 10 box2-7.dat

0 BFC INVERTNEXT

1 16 16 6 0 0 10 0 2 0 0 0 0 6 box2-7.dat

0 BFC INVERTNEXT

1 16 10 6 10 0 -16 0 2 0 0 0 0 -16 box2-5.dat

2 24 6 8 6 6 4 6



4 16 29 8 9 26 8 6 6 8 6 9 8 9

4 16 29 8 -9 26 8 -6 26 8 6 29 8 9

4 16 -9 8 -9 -6 8 -6 26 8 -6 29 8 -9

4 16 -9 8 29 -6 8 26 -6 8 -6 -9 8 -9

4 16 9 8 29 6 8 26 -6 8 26 -9 8 29

4 16 9 8 9 6 8 6 6 8 26 9 8 29



1 16 10 7.5 10 0 -19 0 0.5 0 0 0 0 -19 box2-5.dat

1 16 19 7.5 0 0 10 0 0.5 0 0 0 0 9 box2-7.dat

1 16 0 7.5 19 0 9 0 0.5 0 0 0 0 10 box2-7.dat

2 24 9 8 9 9 7 9



4 16 9 7 9 10 7 10 30 7 10 29 7 9

4 16 29 7 9 30 7 10 30 7 -10 29 7 -9

4 16 29 7 -9 30 7 -10 -10 7 -10 -9 7 -9

4 16 -9 7 -9 -10 7 -10 -10 7 30 -9 7 29

4 16 -9 7 29 -10 7 30 10 7 30 9 7 29

4 16 9 7 29 10 7 30 10 7 10 9 7 9



1 16 10 3.5 10 0 -20 0 3.5 0 0 0 0 -20 box2-5.dat

1 16 20 3.5 0 0 10 0 3.5 0 0 0 0 10 box2-7.dat

1 16 0 3.5 20 0 10 0 3.5 0 0 0 0 10 box2-7.dat

2 24 10 7 10 10 0 10

0 NOFILE

0 FILE 60477.dat
0 Slope Brick 18  4 x  1

0 Name: 60477.dat

0 Author: J.C. Tchang [tchang]

0 !LDRAW_ORG Part UPDATE 2010-02

0 !LICENSE Licensed under CC BY 4.0 : see CAreadme.txt



0 BFC CERTIFY CCW



0 !HISTORY 2010-07-05 [PTadmin] Official Update 2010-02





1 16 0 0 0 1 0 0 0 1 0 0 0 1 s__60477s01.dat

4 16 10 0 -10 -10 0 -10 -10 20 -70 10 20 -70

0

0 NOFILE

0 FILE s__60477s01.dat
0 ~Slope Brick 18  4 x  1 without Front Face

0 Name: s\60477s01.dat

0 Author: J.C. Tchang [tchang]

0 !LDRAW_ORG Subpart UPDATE 2025-09

0 !LICENSE Licensed under CC BY 4.0 : see CAreadme.txt



0 BFC CERTIFY CCW



0 !HISTORY 2010-07-05 [PTadmin] Official Update 2010-02

0 !HISTORY 2025-09-27 [OrionP] Changed winding to CCW

0 !HISTORY 2025-09-29 [OrionP] Official Update 2025-09



2 24 -6 24 6 -6 24 -66

2 24 6 24 -66 6 24 6

2 24 -10 24 10 -10 24 -70

2 24 10 24 -70 10 24 10

4 16 -10 24 10 -6 24 6 -6 24 -66 -10 24 -70

4 16 10 24 -70 6 24 -66 6 24 6 10 24 10

4 16 10 24 10 6 24 6 -6 24 6 -10 24 10

4 16 -10 24 -70 -6 24 -66 6 24 -66 10 24 -70

0 //

0 BFC INVERTNEXT

1 16 0 14 -2 6 0 0 0 -10 0 0 0 8 box2-5.dat

0 BFC INVERTNEXT

1 16 0 22 -62 6 0 0 0 -2 0 0 0 -4 box2-5.dat

1 16 0 12 -34 0 0 6 -8 -1 0 24 0 0 rect2p.dat

0 //

1 16 0 5.3333 -10 -1 0 0 0 -4.6666 0 0 0 1 stud3a.dat

1 16 0 4 -10 -4 0 0 0 1.3333 0 0 0 4 2-4cyli.dat

1 16 0 5.3333 -10 0 0 4 0 -1.3333 0 -4 0 0 1-4cyls.dat

1 16 0 5.3333 -10 0 0 -4 0 -1.3333 0 -4 0 0 1-4cyls.dat

1 16 0 4 -10 4 0 0 0 1 1.3333 0 0 -4 2-4edge.dat

1 16 0 4 -10 4 0 0 0 1 0 0 0 4 2-4edge.dat

1 16 0 12 -30 -1 0 0 0 -3 0 0 0 1 stud3a.dat

1 16 0 12 -30 0 0 -4 0 -1.3333 0 -4 0 0 4-4cyls.dat

1 16 0 10.6667 -30 4 0 0 0 1 1.3333 0 0 -4 4-4edge.dat

1 16 0 18.6667 -50 -1 0 0 0 -1.3333 0 0 0 1 stud3a.dat

1 16 0 18.6667 -50 0 0 -4 0 -1.3333 0 -4 0 0 4-4cyls.dat

1 16 0 17.3333 -50 4 0 0 0 1 1.3333 0 0 -4 4-4edge.dat

4 16 6 20 -58 6 24 6 6 24 -66 6 20 -66

4 16 6 24 6 6 20 -58 6 4 -10 6 4 6

4 16 -6 20 -66 -6 24 -66 -6 24 6 -6 20 -58

4 16 -6 4 6 -6 4 -10 -6 20 -58 -6 24 6

0 //

1 16 0 12 0 10 0 0 0 -12 0 0 0 10 box2-5.dat

1 16 0 22 -70 10 0 0 0 0 2 0 1 0 rect.dat

2 24 -10 0 -10 -10 20 -70

2 24 10 0 -10 10 20 -70

4 16 10 24 10 10 0 10 10 20 -70 10 24 -70

3 16 10 0 10 10 0 -10 10 20 -70

4 16 -10 24 10 -10 24 -70 -10 20 -70 -10 0 10

3 16 -10 0 10 -10 20 -70 -10 0 -10

1 16 0 0 0 0 0 1 0 1 0 -1 0 0 stud.dat

0 //
0 NOFILE

0 FILE 3298.dat
0 Slope Brick 33  3 x  2

0 Name: 3298.dat

0 Author: James Jessiman

0 !LDRAW_ORG Part UPDATE 2004-02

0 !LICENSE Licensed under CC BY 4.0 : see CAreadme.txt



0 BFC CERTIFY CCW



0 !HISTORY 2002-09-13 [izanette] Modified with WINDZ for BFC compliance

0 !HISTORY 2003-07-04 [OrionP] Moved guts to subpart

0 !HISTORY 2004-04-22 [PTadmin] Official Update 2004-02

0 !HISTORY 2007-06-25 [PTadmin] Header formatted for Contributor Agreement

0 !HISTORY 2008-07-01 [PTadmin] Official Update 2008-01





1 16 0 0 0 1 0 0 0 1 0 0 0 1 s__3298s01.dat

4 16 20 20 -50 20 0 -10 -20 0 -10 -20 20 -50

0

0 NOFILE

0 FILE s__3298s01.dat
0 ~Slope Brick 33  3 x  2 without Front Face

0 Name: s\3298s01.dat

0 Author: Mark Kennedy [mkennedy]

0 !LDRAW_ORG Subpart UPDATE 2025-09

0 !LICENSE Licensed under CC BY 4.0 : see CAreadme.txt



0 BFC CERTIFY CCW



0 !HISTORY 2003-03-08 [OrionP] Made BFC complient

0 !HISTORY 2004-04-22 [PTadmin] Official Update 2004-02

0 !HISTORY 2007-08-31 [PTadmin] Header formatted for Contributor Agreement

0 !HISTORY 2008-07-01 [PTadmin] Official Update 2008-01

0 !HISTORY 2008-10-06 [mkennedy] Used stud4s primitive, replaced some rects with boxes

0 !HISTORY 2009-09-03 [PTadmin] Official Update 2009-02

0 !HISTORY 2025-09-27 [OrionP] Changed winding to CCW

0 !HISTORY 2025-09-29 [OrionP] Official Update 2025-09



1 16 0 8 -10 1 0 0 0 -4 0 0 0 1 stud4a.dat

1 16 0 4 -10 6 0 0 0 1 0 0 0 6 2-4edge.dat

1 16 0 4 -10 6 1 0 0 1 3 0 0 -6 2-4edge.dat

1 16 0 4 -10 8 0 0 0 1 0 0 0 8 2-4edge.dat

1 16 0 4 -10 8 1 0 0 1 4 0 0 -8 2-4edge.dat

1 16 0 8 -10 0 0 8 0 -4 0 -8 0 0 1-4cyls.dat

1 16 0 8 -10 0 0 -8 0 -4 0 -8 0 0 1-4cyls.dat

1 16 0 4 -10 8 0 0 0 4 0 0 0 8 2-4cyli.dat

0 BFC INVERTNEXT

1 16 0 7 -10 0 0 6 0 -3 0 -6 0 0 1-4cyls.dat

0 BFC INVERTNEXT

1 16 0 7 -10 0 0 -6 0 -3 0 -6 0 0 1-4cyls.dat

0 BFC INVERTNEXT

1 16 0 4 -10 6 0 0 0 3 0 0 0 6 2-4cyli.dat

0 BFC INVERTNEXT

1 16 0 7 -10 6 0 0 0 1 0 0 0 6 4-4cyli.dat

0

1 16 0 18 -30 1 0 0 0 -1.50 0 0 0 1 stud4a.dat

1 16 0 18 -30 0 0 1 0 4 0 -1 0 0 stud4s.dat

0

0 BFC INVERTNEXT

1 16 0 14 -2 16 0 0 0 -10 0 0 0 8 box2-5.dat

1 16 0 12 -28 16 0 0 0 8 0 0 -16 2 box2-7.dat

1 16 0 22 -46 16 0 0 0 0 2 0 -1 0 rect.dat

1 16 0 12 0 20 0 0 0 -12 0 0 0 10 box2-5.dat

1 16 0 22 -50 20 0 0 0 1 2 0 1 0 rect.dat

0

1 16 -10 0 0 1 0 0 0 1 0 0 0 1 stud.dat

1 16 10 0 0 1 0 0 0 1 0 0 0 1 stud.dat

0

2 24 -16 24 6 -16 24 -46

2 24 16 24 -46 16 24 6

0

2 24 -20 24 10 -20 24 -50

2 24 20 24 -50 20 24 10

0

2 24 20 20 -50 20 0 -10

2 24 -20 20 -50 -20 0 -10

4 16 20 24 10 16 24 6 -16 24 6 -20 24 10

4 16 -20 24 10 -16 24 6 -16 24 -46 -20 24 -50

4 16 -20 24 -50 -16 24 -46 16 24 -46 20 24 -50

4 16 20 24 -50 16 24 -46 16 24 6 20 24 10

4 16 20 24 10 20 0 10 20 20 -50 20 24 -50

3 16 20 0 10 20 0 -10 20 20 -50

4 16 16 24 -46 16 20 -46 16 20 -42 16 24 6

4 16 16 24 6 16 20 -42 16 4 -10 16 4 6

4 16 -16 24 6 -16 20 -42 -16 20 -46 -16 24 -46

4 16 -16 20 -42 -16 24 6 -16 4 6 -16 4 -10

4 16 -20 24 -50 -20 20 -50 -20 0 10 -20 24 10

3 16 -20 20 -50 -20 0 -10 -20 0 10

0
0 NOFILE

0 FILE 2357.dat
0 Brick  2 x  2 Corner

0 Name: 2357.dat

0 Author: James Jessiman

0 !LDRAW_ORG Part UPDATE 2020-01

0 !LICENSE Licensed under CC BY 4.0 : see CAreadme.txt



0 BFC CERTIFY CCW



0 !HISTORY 2001-10-26 [PTadmin] Official Update 2001-01

0 !HISTORY 2003-09-08 [jriley] BFC compliancy

0 !HISTORY 2003-12-19 [PTadmin] Official Update 2003-03

0 !HISTORY 2007-05-07 [PTadmin] Header formatted for Contributor Agreement

0 !HISTORY 2008-07-01 [PTadmin] Official Update 2008-01

0 !HISTORY 2019-09-10 [GeraldLasser] Added Support at Inside Corner

0 !HISTORY 2020-06-28 [PTadmin] Official Update 2020-01





1 16 0 4 10 1 0 0 0 -5 0 0 0 1 stud3.dat

1 16 10 4 0 1 0 0 0 -5 0 0 0 1 stud3.dat

4 16 10 24 30 6 24 26 -6 24 26 -10 24 30

4 16 -10 24 30 -6 24 26 -6 24 -6 -10 24 -10

4 16 -10 24 -10 -6 24 -6 26 24 -6 30 24 -10



4 16 30 24 -10 26 24 -6 26 24 6 30 24 10

4 16 30 24 10 26 24 6 6 24 6 10 24 10

4 16 10 24 10 6 24 6 6 24 26 10 24 30

4 16 6 4 6 26 4 6 26 4 -6 -6 4 -6

4 16 6 4 26 6 4 6 -6 4 -6 -6 4 26

4 16 30 0 10 10 0 10 -10 0 -10 30 0 -10

4 16 -10 0 30 -10 0 -10 10 0 10 10 0 30

1 16 20 12 0 0 10 0 12 0 0 0 0 10 box2-5.dat

1 16 0 12 20 0 10 0 12 0 0 0 0 10 box2-5.dat



1 16 6.7071 13.75 6.7071 0 -2.464479 .707107 -9.75 0 0 0 -2.464479 -.707107 box3u2p.dat

2 24 6 23.5 7.4142 6 23.5 6

2 24 6 23.5 6 7.4142 23.5 6

3 16 4.9497 23.5 3.5355 3.5355 23.5 4.9497 6 23.5 6

3 16 4.9497 23.5 3.5355 6 23.5 6 7.4142 23.5 6

3 16 3.5355 23.5 4.9497 6 23.5 7.4142 6 23.5 6



1 16 10 12 10 0 -20 0 12 0 0 0 0 -20 box2-5.dat

1 16 0 0 0 1 0 0 0 1 0 0 0 1 stud.dat

1 16 20 0 0 1 0 0 0 1 0 0 0 1 stud.dat

1 16 0 0 20 1 0 0 0 1 0 0 0 1 stud.dat

0 BFC INVERTNEXT

1 16 0 14 16 0 6 0 10 0 0 0 0 10 box2-5.dat

0 BFC INVERTNEXT

1 16 16 14 0 0 10 0 10 0 0 0 0 6 box2-5.dat

0 BFC INVERTNEXT

1 16 10 14 10 0 -16 0 10 0 0 0 0 -16 box2-5.dat

0

0 NOFILE

0 FILE 13548.dat
0 Slope Brick 45  2 x  2 Double Convex with 45 Corner

0 Name: 13548.dat

0 Author: Philippe Hurbain [Philo]

0 !LDRAW_ORG Part UPDATE 2022-04

0 !LICENSE Licensed under CC BY 4.0 : see CAreadme.txt



0 BFC CERTIFY CCW



0 !HISTORY 2013-07-21 [PTadmin] Official Update 2013-01

0 !HISTORY 2020-08-26 [Cheenzo] Subparted for patterns

0 !HISTORY 2022-07-18 [PTadmin] Official Update 2022-04





1 16 0 0 0 1 0 0 0 1 0 0 0 1 s__13548s01.dat



3 16 10 0 -10 10 20 -30 30 20 -10

4 16 -10 0 -10 -10 20 -30 10 20 -30 10 0 -10

4 16 10 0 10 10 0 -10 30 20 -10 30 20 10

0 NOFILE

0 FILE s__13548s01.dat
0 ~Slope Brick 45  2 x  2 Double Convex with 45 Corner without Patterned Faces

0 Name: s\13548s01.dat

0 Author: Vincent Messenet [Cheenzo]

0 !LDRAW_ORG Subpart UPDATE 2022-04

0 !LICENSE Licensed under CC BY 4.0 : see CAreadme.txt



0 BFC CERTIFY CCW



0 !HISTORY 2022-07-18 [PTadmin] Official Update 2022-04





1 16 0 0 0 1 0 0 0 1 0 0 0 1 stud.dat

1 16 10 14 -10 1 0 0 0 -2.5 0 0 0 1 stud4a.dat

1 16 10 4 -10 -8 0 0 0 10 0 0 0 8 1-4cyli.dat

1 16 10 14 -10 0 0 -8 0 -10 0 -8 0 0 1-4cyls.dat

1 16 10 14 -10 8 0 0 0 -10 0 0 0 8 1-4cyls.dat

0 BFC INVERTNEXT

1 16 10 4 -10 -6 0 0 0 8 0 0 0 6 1-4cyli.dat

0 BFC INVERTNEXT

1 16 10 12 -10 0 0 -6 0 -8 0 -6 0 0 1-4cyls.dat

0 BFC INVERTNEXT

1 16 10 12 -10 6 0 0 0 -8 0 0 0 6 1-4cyls.dat

0 BFC INVERTNEXT

1 16 10 12 -10 -6 0 0 0 2 0 0 0 6 9-16cyli.dat

0 BFC INVERTNEXT

1 16 10 12 -10 -6 0 0 0 2 0 0 0 -6 5-16cyli.dat

4 16 30 24 10 26 24 6 -6 24 6 -10 24 10

4 16 -10 24 10 -6 24 6 -6 24 -26 -10 24 -30

4 16 -10 24 -30 -6 24 -26 9 24 -26 10 24 -30

4 16 30 24 -10 26 24 -9 26 24 6 30 24 10

1 16 0 0 0 0 0 -10 0 1 0 10 0 0 rect.dat

1 16 26 22 -1.5 0 1 0 0 0 2 7.5 0 0 rect.dat

1 16 1.5 22 -26 0 0 -7.5 2 0 0 0 -1 0 rect.dat

1 16 30 22 0 0 -1 0 2 0 0 0 0 10 rect.dat

1 16 0 22 -30 -10 0 0 0 0 2 0 1 0 rect.dat

1 16 1.5 20 -25 -7.5 0 0 0 -1 0 0 0 1 rect2a.dat

1 16 25 20 -1.5 -1 0 0 0 -1 0 0 0 7.5 rect2a.dat

4 16 -6 4 -8 -6 20 -24 -6 24 6 -6 4 6

4 16 -6 24 -26 -6 24 6 -6 20 -24 -6 20 -26

4 16 -6 4 6 -6 24 6 24 20 6 8 4 6

4 16 26 20 6 24 20 6 -6 24 6 26 24 6

3 16 -10 0 -10 -10 24 -30 -10 20 -30

3 16 8 4 -8 9 5 -9 9 20 -24

3 16 24 20 -9 9 5 -9 8 4 -8

4 16 -10 0 -10 -10 0 10 -10 24 10 -10 24 -30

4 16 -10 0 10 10 0 10 30 24 10 -10 24 10

3 16 10 0 10 30 20 10 30 24 10

4 16 21.743 24 -13.257 26 24 -9 30 24 -10 24.243 24 -15.757

4 16 9 24 -26 13.257 24 -21.743 15.757 24 -24.243 10 24 -30

1 16 18.75 20 -18.75 4.243 0 1.25 0 -1 0 4.243 0 -1.25 rect3.dat

4 16 9 20 -24 24 20 -9 21.743 20 -13.257 13.257 20 -21.743

3 16 24 20 -9 26 20 -9 21.743 20 -13.257

3 16 9 20 -26 9 20 -24 13.257 20 -21.743

1 16 11.1285 22 -23.8715 0 1 2.1285 -2 0 0 0 0 2.1285 rect3.dat

1 16 23.8715 22 -11.1285 0 0 -2.1285 2 0 0 0 -1 -2.1285 rect3.dat

1 16 27.1215 22 -12.8785 -2.8785 0 0 0 0 2 -2.8785 1 0 rect2a.dat

1 16 12.8785 22 -27.1215 0 -1 2.8785 2 0 0 0 0 2.8785 rect2a.dat

1 16 14.507 22 -22.993 0 -1 -1.25 2 0 0 0 0 1.25 rect1.dat

1 16 22.993 22 -14.507 0 1 1.25 2 0 0 0 0 -1.25 rect1.dat

4 16 8 4 -8 9 20 -24 -6 20 -24 -6 4 -8

4 16 8 4 6 24 20 6 24 20 -9 8 4 -8

3 16 24 20 -9 9 20 -24 9 5 -9

1 16 1 4 -1 7 0 0 0 -1 0 0 0 -7 rect.dat

2 24 26 24 6 -6 24 6

2 24 -6 24 6 -6 24 -26

2 24 24 20 -9 9 20 -24

2 24 30 24 10 -10 24 10

2 24 -10 24 10 -10 24 -30

2 24 10 20 -30 30 20 -10

2 24 9 5 -9 9 20 -24

2 24 9 5 -9 24 20 -9

2 24 9 5 -9 8 4 -8

2 24 -6 4 -8 -6 20 -24

2 24 -6 4 6 -6 24 6

2 24 8 4 6 24 20 6

2 24 -10 0 10 -10 24 10

2 24 2 6 -10 2.398 4 -8

2 24 6.938 13.391 -17.391 9 13.801 -17.801

2 24 6.938 13.391 -17.391 4.343 11.657 -15.657

2 24 4.343 11.657 -15.657 2.609 9.062 -13.062

2 24 2.609 9.062 -13.062 2 6 -10

2 24 10 6 -2 8 4 -2.398

2 24 10 6 -2 13.062 9.062 -2.609

2 24 13.062 9.062 -2.609 15.657 11.657 -4.343

2 24 15.657 11.657 -4.343 17.391 13.391 -6.938

2 24 17.391 13.391 -6.938 17.801 13.801 -9

2 24 18 15 -10 17.801 13.801 -9

2 24 18 15 -10 17.391 17.453 -13.062

2 24 17.391 17.453 -13.062 15.657 18.314 -15.657

2 24 15.657 18.314 -15.657 13.062 17.453 -17.391

2 24 13.062 17.453 -17.391 10 15 -18

2 24 10 15 -18 9 13.801 -17.801

2 24 2.609 4 -6.938 2.398 4 -8

2 24 2.609 4 -6.938 4.343 4 -4.343

2 24 4.343 4 -4.343 6.938 4 -2.609

2 24 6.938 4 -2.609 8 4 -2.398

2 24 4 6 -10 4.398 4 -8

2 24 7.704 11.543 -15.543 9 11.801 -15.801

2 24 7.704 11.543 -15.543 5.757 10.243 -14.243

2 24 5.757 10.243 -14.243 4.457 8.296 -12.296

2 24 4.457 8.296 -12.296 4 6 -10

2 24 10 6 -4 8 4 -4.398

2 24 10 6 -4 12.296 8.296 -4.457

2 24 12.296 8.296 -4.457 14.243 10.243 -5.757

2 24 14.243 10.243 -5.757 15.543 11.543 -7.704

2 24 15.543 11.543 -7.704 15.801 11.801 -9

2 24 16 13 -10 15.801 11.801 -9

2 24 16 13 -10 15.543 14.84 -12.296

2 24 15.543 14.84 -12.296 14.243 15.485 -14.243

2 24 14.243 15.485 -14.243 12.296 14.84 -15.543

2 24 12.296 14.84 -15.543 10 13 -16

2 24 10 13 -16 9 11.801 -15.801

2 24 4.457 4 -7.704 4.398 4 -8

2 24 4.457 4 -7.704 5.757 4 -5.757

2 24 5.757 4 -5.757 7.704 4 -4.457

2 24 7.704 4 -4.457 8 4 -4.398

2 24 -10 0 -10 -10 20 -30

2 24 10 0 -10 10 20 -30

2 24 10 0 -10 30 20 -10

2 24 10 0 10 30 20 10

0 NOFILE

0 FILE rect2a.dat
0 Rectangle with 2 Adjacent Edges

0 Name: rect2a.dat

0 Author: Chris Dee [cwdee]

0 !LDRAW_ORG Primitive UPDATE 2010-01

0 !LICENSE Licensed under CC BY 4.0 : see CAreadme.txt



0 BFC CERTIFY CCW



0 !HISTORY 2003-12-19 [PTadmin] Official Update 2003-03

0 !HISTORY 2007-06-24 [PTadmin] Header formatted for Contributor Agreement

0 !HISTORY 2008-07-01 [PTadmin] Official Update 2008-01

0 !HISTORY 2010-01-17 [mikeheide] changed winding to CCW

0 !HISTORY 2010-04-05 [PTadmin] Official Update 2010-01





2 24 1 0 1 -1 0 1

2 24 1 0 -1 1 0 1

4 16 -1 0 1 -1 0 -1 1 0 -1 1 0 1

0

0 NOFILE

0 FILE 9-16cyli.dat
0 Cylinder 0.5625

0 Name: 9-16cyli.dat

0 Author: Santeri Piippo [arezey]

0 !LDRAW_ORG Primitive UPDATE 2020-03

0 !LICENSE Licensed under CC BY 4.0 : see CAreadme.txt



0 BFC CERTIFY CCW



0 !HISTORY 2020-12-29 [PTadmin] Official Update 2020-03





4 16 0.9239 0 0.3827 1 0 0 1 1 0 0.9239 1 0.3827

4 16 0.7071 0 0.7071 0.9239 0 0.3827 0.9239 1 0.3827 0.7071 1 0.7071

4 16 0.3827 0 0.9239 0.7071 0 0.7071 0.7071 1 0.7071 0.3827 1 0.9239

4 16 0 0 1 0.3827 0 0.9239 0.3827 1 0.9239 0 1 1

4 16 -0.3827 0 0.9239 0 0 1 0 1 1 -0.3827 1 0.9239

4 16 -0.7071 0 0.7071 -0.3827 0 0.9239 -0.3827 1 0.9239 -0.7071 1 0.7071

4 16 -0.9239 0 0.3827 -0.7071 0 0.7071 -0.7071 1 0.7071 -0.9239 1 0.3827

4 16 -1 0 0 -0.9239 0 0.3827 -0.9239 1 0.3827 -1 1 0

4 16 -0.9239 0 -0.3827 -1 0 0 -1 1 0 -0.9239 1 -0.3827

0 // conditional lines

5 24 1 1 0 1 0 0 1 1 -0.4142 0.9239 1 0.3827

5 24 0.9239 1 0.3827 0.9239 0 0.3827 1 1 0 0.7071 1 0.7071

5 24 0.7071 1 0.7071 0.7071 0 0.7071 0.9239 1 0.3827 0.3827 1 0.9239

5 24 0.3827 1 0.9239 0.3827 0 0.9239 0.7071 1 0.7071 0 1 1

5 24 0 1 1 0 0 1 0.3827 1 0.9239 -0.3827 1 0.9239

5 24 -0.3827 1 0.9239 -0.3827 0 0.9239 0 1 1 -0.7071 1 0.7071

5 24 -0.7071 1 0.7071 -0.7071 0 0.7071 -0.3827 1 0.9239 -0.9239 1 0.3827

5 24 -0.9239 1 0.3827 -0.9239 0 0.3827 -0.7071 1 0.7071 -1 1 0

5 24 -1 1 0 -1 0 0 -0.9239 1 0.3827 -0.9239 1 -0.3827

5 24 -0.9239 1 -0.3827 -0.9239 0 -0.3827 -1 1 0 -0.7654 1 -0.7654

0 // Build by Primitive Generator 2

0 NOFILE

0 FILE 3070b.dat
0 Tile  1 x  1 with Groove

0 Name: 3070b.dat

0 Author: Chris Dee [cwdee]

0 !LDRAW_ORG Part UPDATE 2025-09

0 !LICENSE Licensed under CC BY 4.0 : see CAreadme.txt



0 BFC CERTIFY CCW



0 !KEYWORDS BrickLink 3070



0 !HISTORY 2009-09-03 [PTadmin] Official Update 2009-02

0 !HISTORY 2025-09-27 [OrionP] Changed winding to CCW

0 !HISTORY 2025-09-29 [OrionP] Official Update 2025-09



1 16 0 0 0 1 0 0 0 1 0 0 0 1 s__3070bs01.dat

4 16 -10 0 10 -10 0 -10 10 0 -10 10 0 10

0
0 NOFILE

0 FILE s__3070bs01.dat
0 ~Tile  1 x  1 with Groove without Top Face

0 Name: s\3070bs01.dat

0 Author: Chris Dee [cwdee]

0 !LDRAW_ORG Subpart UPDATE 2009-02

0 !LICENSE Licensed under CC BY 4.0 : see CAreadme.txt



0 BFC CERTIFY CCW



0 !HISTORY 2009-09-03 [PTadmin] Official Update 2009-02





1 16 0 0 0 10 0 0 0 7 0 0 0 10 box4.dat

0 BFC INVERTNEXT

1 16 0 8 0 6 0 0 0 -4 0 0 0 6 box5.dat

1 16 0 7 0 9 0 0 0 1 0 0 0 9 box4.dat



4 16 9 8 9 6 8 6 -6 8 6 -9 8 9

4 16 -9 8 9 -6 8 6 -6 8 -6 -9 8 -9

4 16 -9 8 -9 -6 8 -6 6 8 -6 9 8 -9

4 16 9 8 -9 6 8 -6 6 8 6 9 8 9



4 16 10 7 10 9 7 9 -9 7 9 -10 7 10

4 16 -10 7 10 -9 7 9 -9 7 -9 -10 7 -10

4 16 -10 7 -10 -9 7 -9 9 7 -9 10 7 -10

4 16 10 7 -10 9 7 -9 9 7 9 10 7 10

0

0 NOFILE

0 FILE 78886.dat
0 Slope Brick 65  2 x  2 x  2 Double Convex with 45 Corner

0 Name: 78886.dat

0 Author: Gerald Lasser [GeraldLasser]

0 !LDRAW_ORG Part UPDATE 2022-06

0 !LICENSE Licensed under CC BY 4.0 : see CAreadme.txt



0 BFC CERTIFY CCW



0 !HISTORY 2021-07-02 [GeraldLasser] Based on 13548 by [Philo]

0 !HISTORY 2022-12-20 [PTadmin] Official Update 2022-06





1 16 0 0 0 1 0 0 0 1 0 0 0 1 stud.dat

1 16 10 44 -10 1 0 0 0 -1 0 0 0 1 stud4a.dat

2 24 26 48 6 -6 48 6

2 24 -6 48 6 -6 48 -26

2 24 24 44 -9 9 44 -24

2 24 30 48 10 -10 48 10

2 24 -10 48 10 -10 48 -30

2 24 10 44 -30 30 44 -10

2 24 8 4 -8 9 44 -24

2 24 8 4 -8 24 44 -9

2 24 -6 4 -8 -6 44 -24

2 24 -6 4 6 -6 48 6

2 24 8 4 6 24 44 6

2 24 -10 0 10 -10 48 10

4 16 30 48 10 26 48 6 -6 48 6 -10 48 10

4 16 -10 48 10 -6 48 6 -6 48 -26 -10 48 -30

4 16 -10 48 -30 -6 48 -26 9 48 -26 10 48 -30

4 16 30 48 -10 26 48 -9 26 48 6 30 48 10

1 16 0 0 0 0 0 -10 0 1 0 10 0 0 rect.dat

1 16 26 46 -1.5 0 1 0 0 0 2 7.5 0 0 rect.dat

1 16 1.5 46 -26 0 0 -7.5 2 0 0 0 -1 0 rect.dat

1 16 30 46 0 0 -1 0 2 0 0 0 0 10 rect.dat

1 16 0 46 -30 -10 0 0 0 0 2 0 1 0 rect.dat

1 16 1.5 44 -25 -7.5 0 0 0 -1 0 0 0 1 rect2a.dat

1 16 25 44 -1.5 -1 0 0 0 -1 0 0 0 7.5 rect2a.dat

4 16 -6 4 -8 -6 44 -24 -6 48 6 -6 4 6

4 16 -6 48 -26 -6 48 6 -6 44 -24 -6 44 -26

4 16 -6 4 6 -6 48 6 24 44 6 8 4 6

4 16 26 44 6 24 44 6 -6 48 6 26 48 6

1 16 0 22 -20 0 0 10 22 1 0 -10 0 0 rect2p.dat

3 16 -10 0 -10 -10 48 -30 -10 44 -30

4 16 -10 0 -10 -10 0 10 -10 48 10 -10 48 -30

4 16 -10 0 10 10 0 10 30 48 10 -10 48 10

3 16 10 0 10 30 44 10 30 48 10

1 16 20 22 0 10 -1 0 22 0 0 0 0 10 rect2p.dat

3 16 10 0 -10 10 44 -30 30 44 -10

4 16 21.743 48 -13.257 26 48 -9 30 48 -10 24.243 48 -15.757

4 16 9 48 -26 13.257 48 -21.743 15.757 48 -24.243 10 48 -30

1 16 18.75 44 -18.75 4.243 0 1.25 0 -1 0 4.243 0 -1.25 rect3.dat

4 16 9 44 -24 24 44 -9 21.743 44 -13.257 13.257 44 -21.743

3 16 24 44 -9 26 44 -9 21.743 44 -13.257

3 16 9 44 -26 9 44 -24 13.257 44 -21.743

1 16 11.1285 46 -23.8715 0 1 2.1285 -2 0 0 0 0 2.1285 rect3.dat

1 16 23.8715 46 -11.1285 0 0 -2.1285 2 0 0 0 -1 -2.1285 rect3.dat

1 16 27.1215 46 -12.8785 -2.8785 0 0 0 0 2 -2.8785 1 0 rect2a.dat

1 16 12.8785 46 -27.1215 0 -1 2.8785 2 0 0 0 0 2.8785 rect2a.dat

1 16 14.507 46 -22.993 0 -1 -1.25 2 0 0 0 0 1.25 rect1.dat

1 16 22.993 46 -14.507 0 1 1.25 2 0 0 0 0 -1.25 rect1.dat

4 16 8 4 -8 9 44 -24 -6 44 -24 -6 4 -8

4 16 8 4 6 24 44 6 24 44 -9 8 4 -8

3 16 24 44 -9 9 44 -24 8 4 -8

1 16 1 4 -1 7 0 0 0 -1 0 0 0 -7 rect.dat

4 16 2.398 4 -8 2.6088 44 -6.9384 2 44 -10 2 9 -10

3 16 2.609 4 -6.938 2.6088 44 -6.9384 2.398 4 -8

4 16 4.343 4 -4.343 4.3432 44 -4.3432 2.6088 44 -6.9384 2.609 4 -6.938

4 16 6.938 4 -2.609 6.9384 44 -2.6088 4.3432 44 -4.3432 4.343 4 -4.343

4 16 10 9 -2 6.9384 44 -2.6088 6.938 4 -2.609 8 4 -2.398

3 16 10 44 -2 6.9384 44 -2.6088 10 9 -2

4 16 13.0616 44 -2.6088 10 44 -2 10 9 -2 13.0619 16.6548 -2.609

4 16 15.6568 44 -4.3432 13.0616 44 -2.6088 13.0619 16.6548 -2.609 15.6569 23.1423 -4.3431

4 16 17.3912 44 -6.9384 15.6568 44 -4.3432 15.6569 23.1423 -4.3431 17.3911 27.4777 -6.9382

4 16 18 44 -10 17.3912 44 -6.9384 17.3911 27.4777 -6.9382 17.7231 28.3077 -8.6077

3 16 18 32.2353 -10 18 44 -10 17.7231 28.3077 -8.6077

4 16 17.3912 44 -13.0616 18 44 -10 18 32.2353 -10 17.3912 38.0067 -13.0617

4 16 15.6568 44 -15.6568 17.3912 44 -13.0616 17.3912 38.0067 -13.0617 15.6568 40.0321 -15.6568

4 16 13.0617 38.0067 -17.3912 13.0616 44 -17.3912 15.6568 44 -15.6568 15.6568 40.0321 -15.6568

4 16 10 32.2353 -18 10 44 -18 13.0616 44 -17.3912 13.0617 38.0067 -17.3912

4 16 6.9384 44 -17.3912 10 44 -18 10 32.2353 -18 8.6077 28.3079 -17.7231

3 16 6.9382 27.4777 -17.3911 6.9384 44 -17.3912 8.6077 28.3079 -17.7231

4 16 4.3431 23.1423 -15.6569 4.3432 44 -15.6568 6.9384 44 -17.3912 6.9382 27.4777 -17.3911

4 16 2.609 16.6548 -13.0619 2.6088 44 -13.0616 4.3432 44 -15.6568 4.3431 23.1423 -15.6569

4 16 2 9 -10 2 44 -10 2.6088 44 -13.0616 2.609 16.6548 -13.0619

5 24 2.6088 44 -6.9384 2.609 4 -6.938 2.398 4 -8 4.3432 44 -4.3432

5 24 4.3432 44 -4.3432 4.343 4 -4.343 2.609 4 -6.938 6.9384 44 -2.6088

5 24 6.9384 44 -2.6088 6.938 4 -2.609 4.343 4 -4.343 8 4 -2.398

5 24 10 9 -2 10 44 -2 6.9384 44 -2.6088 13.0619 16.6548 -2.609

5 24 13.0619 16.6548 -2.609 13.0616 44 -2.6088 10 44 -2 15.6569 23.1423 -4.3431

5 24 15.6569 23.1423 -4.3431 15.6568 44 -4.3432 13.0616 44 -2.6088 17.3911 27.4777 -6.9382

5 24 17.3911 27.4777 -6.9382 17.3912 44 -6.9384 15.6568 44 -4.3432 17.7231 28.3077 -8.6077

5 24 18 44 -10 18 32.2353 -10 17.7231 28.3077 -8.6077 17.3912 38.0067 -13.0617

5 24 17.3912 38.0067 -13.0617 17.3912 44 -13.0616 18 44 -10 15.6568 40.0321 -15.6568

5 24 15.6568 40.0321 -15.6568 15.6568 44 -15.6568 17.3912 44 -13.0616 13.0616 44 -17.3912

5 24 13.0616 44 -17.3912 13.0617 38.0067 -17.3912 15.6568 40.0321 -15.6568 10 44 -18

5 24 10 44 -18 10 32.2353 -18 13.0617 38.0067 -17.3912 8.6077 28.3079 -17.7231

5 24 6.9384 44 -17.3912 6.9382 27.4777 -17.3911 8.6077 28.3079 -17.7231 4.3432 44 -15.6568

5 24 4.3432 44 -15.6568 4.3431 23.1423 -15.6569 6.9382 27.4777 -17.3911 2.6088 44 -13.0616

5 24 2.6088 44 -13.0616 2.609 16.6548 -13.0619 4.3431 23.1423 -15.6569 2 44 -10

5 24 2 44 -10 2 9 -10 2.609 16.6548 -13.0619 2.6088 44 -6.9384

2 24 2 9 -10 2.398 4 -8

2 24 6.9382 27.4777 -17.3911 8.6077 28.3079 -17.7231

2 24 6.9382 27.4777 -17.3911 4.3431 23.1423 -15.6569

2 24 4.3431 23.1423 -15.6569 2.609 16.6548 -13.0619

2 24 2.609 16.6548 -13.0619 2 9 -10

2 24 10 9 -2 8 4 -2.398

2 24 10 9 -2 13.0619 16.6548 -2.609

2 24 13.0619 16.6548 -2.609 15.6569 23.1423 -4.3431

2 24 15.6569 23.1423 -4.3431 17.3911 27.4777 -6.9382

2 24 17.3911 27.4777 -6.9382 17.7231 28.3077 -8.6077

2 24 18 32.2353 -10 17.7231 28.3077 -8.6077

2 24 18 32.2353 -10 17.3912 38.0067 -13.0617

2 24 17.3912 38.0067 -13.0617 15.6568 40.0321 -15.6568

2 24 15.6568 40.0321 -15.6568 13.0617 38.0067 -17.3912

2 24 13.0617 38.0067 -17.3912 10 32.2353 -18

2 24 10 32.2353 -18 8.6077 28.3079 -17.7231

2 24 2.609 4 -6.938 2.398 4 -8

2 24 2.609 4 -6.938 4.343 4 -4.343

2 24 4.343 4 -4.343 6.938 4 -2.609

2 24 6.938 4 -2.609 8 4 -2.398

4 16 4 9 -10 4 44 -10 4.4566 44 -7.7038 4.398 4 -8

3 16 4.398 4 -8 4.4566 44 -7.7038 4.457 4 -7.704

4 16 4.457 4 -7.704 4.4566 44 -7.7038 5.7574 44 -5.7574 5.757 4 -5.757

4 16 5.757 4 -5.757 5.7574 44 -5.7574 7.7038 44 -4.4566 7.704 4 -4.457

4 16 8 4 -4.398 7.704 4 -4.457 7.7038 44 -4.4566 10 9 -4

3 16 10 9 -4 7.7038 44 -4.4566 10 44 -4

4 16 12.296 14.7401 -4.4569 10 9 -4 10 44 -4 12.2962 44 -4.4566

4 16 14.2429 19.6072 -5.7571 12.296 14.7401 -4.4569 12.2962 44 -4.4566 14.2426 44 -5.7574

4 16 15.5431 22.8578 -7.7039 14.2429 19.6072 -5.7571 14.2426 44 -5.7574 15.5434 44 -7.7038

4 16 15.6979 23.2447 -8.4811 15.5431 22.8578 -7.7039 15.5434 44 -7.7038 16 44 -10

3 16 15.6979 23.2447 -8.4811 16 44 -10 16 27.5294 -10

4 16 15.5432 31.8573 -12.2961 16 27.5294 -10 16 44 -10 15.5434 44 -12.2962

4 16 14.2427 33.3776 -14.2427 15.5432 31.8573 -12.2961 15.5434 44 -12.2962 14.2426 44 -14.2426

4 16 14.2427 33.3776 -14.2427 14.2426 44 -14.2426 12.2962 44 -15.5434 12.2961 31.8573 -15.5432

4 16 12.2961 31.8573 -15.5432 12.2962 44 -15.5434 10 44 -16 10 27.5294 -16

4 16 8.4811 23.2447 -15.6979 10 27.5294 -16 10 44 -16 7.7038 44 -15.5434

3 16 8.4811 23.2447 -15.6979 7.7038 44 -15.5434 7.7039 22.8578 -15.5431

4 16 7.7039 22.8578 -15.5431 7.7038 44 -15.5434 5.7574 44 -14.2426 5.7571 19.6072 -14.2429

4 16 5.7571 19.6072 -14.2429 5.7574 44 -14.2426 4.4566 44 -12.2962 4.4569 14.7401 -12.296

4 16 4.4569 14.7401 -12.296 4.4566 44 -12.2962 4 44 -10 4 9 -10

5 24 4.4566 44 -7.7038 4.457 4 -7.704 4.398 4 -8 5.7574 44 -5.7574

5 24 5.7574 44 -5.7574 5.757 4 -5.757 4.457 4 -7.704 7.7038 44 -4.4566

5 24 7.7038 44 -4.4566 7.704 4 -4.457 5.757 4 -5.757 8 4 -4.398

5 24 10 9 -4 10 44 -4 7.7038 44 -4.4566 12.296 14.7401 -4.4569

5 24 12.296 14.7401 -4.4569 12.2962 44 -4.4566 10 44 -4 14.2429 19.6072 -5.7571

5 24 14.2429 19.6072 -5.7571 14.2426 44 -5.7574 12.2962 44 -4.4566 15.5431 22.8578 -7.7039

5 24 15.5431 22.8578 -7.7039 15.5434 44 -7.7038 14.2426 44 -5.7574 15.6979 23.2447 -8.4811

5 24 16 44 -10 16 27.5294 -10 15.6979 23.2447 -8.4811 15.5432 31.8573 -12.2961

5 24 15.5432 31.8573 -12.2961 15.5434 44 -12.2962 16 44 -10 14.2427 33.3776 -14.2427

5 24 14.2427 33.3776 -14.2427 14.2426 44 -14.2426 15.5434 44 -12.2962 12.2962 44 -15.5434

5 24 12.2962 44 -15.5434 12.2961 31.8573 -15.5432 14.2427 33.3776 -14.2427 10 44 -16

5 24 10 44 -16 10 27.5294 -16 12.2961 31.8573 -15.5432 8.4811 23.2447 -15.6979

5 24 7.7038 44 -15.5434 7.7039 22.8578 -15.5431 8.4811 23.2447 -15.6979 5.7574 44 -14.2426

5 24 5.7574 44 -14.2426 5.7571 19.6072 -14.2429 7.7039 22.8578 -15.5431 4.4566 44 -12.2962

5 24 4.4566 44 -12.2962 4.4569 14.7401 -12.296 5.7571 19.6072 -14.2429 4 44 -10

5 24 4 44 -10 4 9 -10 4.4569 14.7401 -12.296 4.4566 44 -7.7038

2 24 4 9 -10 4.398 4 -8

2 24 7.7039 22.8578 -15.5431 8.4811 23.2447 -15.6979

2 24 7.7039 22.8578 -15.5431 5.7571 19.6072 -14.2429

2 24 5.7571 19.6072 -14.2429 4.4569 14.7401 -12.296

2 24 4.4569 14.7401 -12.296 4 9 -10

2 24 10 9 -4 8 4 -4.398

2 24 10 9 -4 12.296 14.7401 -4.4569

2 24 12.296 14.7401 -4.4569 14.2429 19.6072 -5.7571

2 24 14.2429 19.6072 -5.7571 15.5431 22.8578 -7.7039

2 24 15.5431 22.8578 -7.7039 15.6979 23.2447 -8.4811

2 24 16 27.5294 -10 15.6979 23.2447 -8.4811

2 24 16 27.5294 -10 15.5432 31.8573 -12.2961

2 24 15.5432 31.8573 -12.2961 14.2427 33.3776 -14.2427

2 24 14.2427 33.3776 -14.2427 12.2961 31.8573 -15.5432

2 24 12.2961 31.8573 -15.5432 10 27.5294 -16

2 24 10 27.5294 -16 8.4811 23.2447 -15.6979

2 24 4.457 4 -7.704 4.398 4 -8

2 24 4.457 4 -7.704 5.757 4 -5.757

2 24 5.757 4 -5.757 7.704 4 -4.457

2 24 7.704 4 -4.457 8 4 -4.398

0 NOFILE

0 FILE 3622.dat
0 Brick  1 x  3

0 Name: 3622.dat

0 Author: James Jessiman

0 !LDRAW_ORG Part UPDATE 2004-02

0 !LICENSE Licensed under CC BY 4.0 : see CAreadme.txt



0 BFC CERTIFY CCW



0 !HISTORY 2003-10-15 [westrate] Subfiled, BFC'd

0 !HISTORY 2004-04-22 [PTadmin] Official Update 2004-02

0 !HISTORY 2007-06-25 [PTadmin] Header formatted for Contributor Agreement

0 !HISTORY 2008-07-01 [PTadmin] Official Update 2008-01





1 16 0 0 0 1 0 0 0 1 0 0 0 1 s__3622s01.dat

4 16 30 0 -10 -30 0 -10 -30 24 -10 30 24 -10

0

0 NOFILE

0 FILE s__3622s01.dat
0 ~Brick  1 x  3 without Front Face

0 Name: s\3622s01.dat

0 Author: Takeshi Takahashi [RainbowDolphin]

0 !LDRAW_ORG Subpart UPDATE 2024-05

0 !LICENSE Licensed under CC BY 4.0 : see CAreadme.txt



0 BFC CERTIFY CCW



0 !HISTORY 2003-10-14 [westrate] Subfiled, BFC'd

0 !HISTORY 2004-04-22 [PTadmin] Official Update 2004-02

0 !HISTORY 2007-08-31 [PTadmin] Header formatted for Contributor Agreement

0 !HISTORY 2008-07-01 [PTadmin] Official Update 2008-01

0 !HISTORY 2024-05-28 [RainbowDolphin] Total rewrite, original by Andy Westrate [westrate]

0 !HISTORY 2024-06-30 [OrionP] Official Update 2024-05



1 16 0 0 0 1 0 0 0 1 0 0 0 1 stug-1x3.dat

1 16 0 4 0 1 0 0 0 -5 0 0 0 1 stug3-1x2.dat

1 16 0 24 0 30 0 0 0 -24 0 0 0 10 box4t.dat

0 BFC INVERTNEXT

1 16 0 24 0 26 0 0 0 -20 0 0 0 6 box5.dat



4 16 30 24 10 26 24 6 -26 24 6 -30 24 10

4 16 -30 24 10 -26 24 6 -26 24 -6 -30 24 -10

4 16 -30 24 -10 -26 24 -6 26 24 -6 30 24 -10

4 16 30 24 -10 26 24 -6 26 24 6 30 24 10

0 NOFILE

0 FILE stug3-1x2.dat
0 Stud Tube Solid Group  1 x  2

0 Name: stug3-1x2.dat

0 Author: Steffen [Steffen]

0 !LDRAW_ORG Primitive UPDATE 2013-02

0 !LICENSE Licensed under CC BY 4.0 : see CAreadme.txt



0 BFC CERTIFY CCW



0 !HISTORY 2013-12-23 [PTadmin] Official Update 2013-02





1 16 -10 0 0 1 0 0 0 1 0 0 0 1 stud3.dat

1 16 10 0 0 1 0 0 0 1 0 0 0 1 stud3.dat

0 NOFILE

0 FILE 3678b.dat
0 Slope Brick 65  2 x  2 x  2 with Centre Tube

0 Name: 3678b.dat

0 Author: Andy Westrate [westrate]

0 !LDRAW_ORG Part UPDATE 2010-02

0 !LICENSE Licensed under CC BY 4.0 : see CAreadme.txt



0 BFC CERTIFY CCW



0 !PREVIEW 16 0 0 0 -1 0 0 0 1 0 0 0 -1



0 !HISTORY 2010-07-05 [PTadmin] Official Update 2010-02





4 16 20 44 -30 20 0 -10 -20 0 -10 -20 44 -30

4 16 20 48 10 -20 48 10 -20 0 10 20 0 10

1 16 0 0 0 1 0 0 0 1 0 0 0 1 s__3678bs01.dat

0

0 NOFILE

0 FILE s__3678bs01.dat
0 ~Slope Brick 65  2 x  2 x  2 with Centre Tube without Front and Back

0 Name: s\3678bs01.dat

0 Author: Andy Westrate [westrate]

0 !LDRAW_ORG Subpart UPDATE 2014-02

0 !LICENSE Licensed under CC BY 4.0 : see CAreadme.txt



0 !HELP Uncomment for front face

0 !HELP 4 16 20 44 -30 20 0 -10 -20 0 -10 -20 44 -30

0 !HELP Uncomment for back face

0 !HELP 4 16 20 48 10 20 0 10 -20 0 10 -20 48 10



0 BFC CERTIFY CCW



0 !HISTORY 2010-07-05 [PTadmin] Official Update 2010-02

0 !HISTORY 2014-11-26 [MMR1988] Used more prims, changed underside stud to stud4

0 !HISTORY 2014-12-23 [PTadmin] Official Update 2014-02





1 16 0 0 0 0 0 20 0 1 0 10 0 0 rect2p.dat

0 BFC INVERTNEXT

1 16 0 26 -1 16 0 0 0 0 -22 0 7 0 box2-5.dat

1 16 0 46 -30 20 0 0 0 0 2 0 1 0 rect3.dat

0 BFC INVERTNEXT

1 16 0 26 -17 16 0 0 0 20 -2 0 -9 0 box2-7.dat

1 16 0 48 -10 16 0 0 0 1 0 0 0 -16 recte3.dat

1 16 0 48 -10 20 0 0 0 1 0 0 0 20 recte3.dat

1 16 0 22 -20 -20 0 0 0 1 -22 0 0 10 recte4.dat

1 16 0 24 10 20 0 0 0 0 -24 0 1 0 recte3.dat

1 16 0 0 0 1 0 0 0 1 0 0 0 1 stug-1x2.dat



4 16 20 48 10 16 48 6 -16 48 6 -20 48 10

4 16 -20 48 10 -16 48 6 -16 48 -26 -20 48 -30

4 16 -20 48 -30 -16 48 -26 16 48 -26 20 48 -30

4 16 20 48 -30 16 48 -26 16 48 6 20 48 10

4 16 20 48 10 20 0 10 20 44 -30 20 48 -30

3 16 20 0 10 20 0 -10 20 44 -30

4 16 -20 48 -30 -20 44 -30 -20 0 10 -20 48 10

3 16 -20 44 -30 -20 0 -10 -20 0 10

4 16 16 48 -26 16 44 -26 16 4 6 16 48 6

3 16 16 44 -26 16 4 -8 16 4 6

4 16 -16 48 6 -16 4 6 -16 44 -26 -16 48 -26

3 16 -16 4 6 -16 4 -8 -16 44 -26



1 16 0 44 -10 1 0 0 0 -1 0 0 0 1 stud4a.dat

1 16 0 8.44444 -10 8 0 0 0 -4.44444 0 0 0 8 2-4cyli.dat

1 16 0 26.22222 -10 8 0 0 0 -17.77778 0 0 0 8 2-4cyli.dat

1 16 0 44 -10 -8 0 0 0 -17.77778 0 0 0 -8 4-4cyli.dat

1 16 0 26.22222 -10 0 0 -8 0 -17.77778 0 -8 0 0 1-4cyls.dat

1 16 0 26.22222 -10 0 0 8 0 -17.77778 0 -8 0 0 1-4cyls.dat

1 16 0 8.44444 -10 -8 0 0 0 1 17.77778 0 0 -8 2-4edge.dat

1 16 0 4 -10 -8 0 0 0 1 0 0 0 8 2-4edge.dat

2 24 8 8.44444 -10 7.6023 4 -8

2 24 -8 8.44444 -10 -7.6023 4 -8



0 BFC INVERTNEXT

1 16 0 8.44444 -10 6 0 0 0 -4.44444 0 0 0 6 2-4cyli.dat

0 BFC INVERTNEXT

1 16 0 21.77778 -10 6 0 0 0 -13.33333 0 0 0 6 2-4cyli.dat

0 BFC INVERTNEXT

1 16 0 44 -10 -6 0 0 0 -22.22222 0 0 0 -6 4-4cyli.dat

0 BFC INVERTNEXT

1 16 0 21.77778 -10 0 0 -6 0 -13.33333 0 -6 0 0 1-4cyls.dat

0 BFC INVERTNEXT

1 16 0 21.77778 -10 0 0 6 0 -13.33333 0 -6 0 0 1-4cyls.dat

1 16 0 8.44444 -10 -6 0 0 0 1 13.33333 0 0 -6 2-4edge.dat

1 16 0 4 -10 -6 0 0 0 1 0 0 0 6 2-4edge.dat

2 24 5.6 4 -8 6 8.44 -10

2 24 -5.6 4 -8 -6 8.44 -10

0 NOFILE

0 FILE 60481.dat
0 ~Moved to 60481a

0 Name: 60481.dat

0 Author: Orion Pobursky [OrionP]

0 !LDRAW_ORG Part UPDATE 2024-01

0 !LICENSE Licensed under CC BY 4.0 : see CAreadme.txt



0 BFC CERTIFY CCW



0 !HISTORY 2024-01-29 [OrionP] Official Update 2024-01





0 // Slope Brick 65 2 x 1 x 2 with Symmetric Stud Holder

1 16 0 0 0 1 0 0 0 1 0 0 0 1 60481a.dat

0 NOFILE

0 FILE 60481a.dat
0 Slope Brick 65  2 x  1 x  2 with Symmetric Stud Holder

0 Name: 60481a.dat

0 Author: J.C. Tchang [tchang]

0 !LDRAW_ORG Part UPDATE 2024-01

0 !LICENSE Licensed under CC BY 4.0 : see CAreadme.txt



0 BFC CERTIFY CCW



0 !KEYWORDS BrickLink 60481, Rebrickable 60481



0 !HISTORY 2010-07-05 [PTadmin] Official Update 2010-02

0 !HISTORY 2022-09-16 [ejboer] Moved side faces to main file for patterns

0 !HISTORY 2022-09-27 [OrionP] Moved from 60481a.dat

0 !HISTORY 2024-01-29 [OrionP] Official Update 2024-01





1 16 0 0 0 1 0 0 0 1 0 0 0 1 s__60481as01.dat



4 16 10 44 -30 10 0 -10 -10 0 -10 -10 44 -30

4 16 10 48 10 -10 48 10 -10 0 10 10 0 10

4 16 10 48 10 10 0 10 10 44 -30 10 48 -30

3 16 10 0 10 10 0 -10 10 44 -30

4 16 -10 48 -30 -10 44 -30 -10 0 10 -10 48 10

3 16 -10 44 -30 -10 0 -10 -10 0 10

0 NOFILE

0 FILE s__60481as01.dat
0 ~Slope Brick 65  2 x  1 x  2 with Symmetric Stud Holder without Outside Faces

0 Name: s\60481as01.dat

0 Author: J.C. Tchang [tchang]

0 !LDRAW_ORG Subpart UPDATE 2024-01

0 !LICENSE Licensed under CC BY 4.0 : see CAreadme.txt



0 BFC CERTIFY CCW



0 !HISTORY 2010-07-05 [PTadmin] Official Update 2010-02

0 !HISTORY 2022-09-16 [ejboer] Moved side faces to main file for patterns

0 !HISTORY 2022-09-21 [MagFors] Used primitives, added missing inside supports

0 !HISTORY 2024-01-29 [OrionP] Official Update 2024-01





1 16 0 48 -10 6 0 0 0 1 0 0 0 -16 recte3.dat

1 16 0 48 -10 10 0 0 0 1 0 0 0 20 recte4.dat

1 16 0 46 -30 10 0 0 0 0 -2 0 1 0 rect3.dat

2 24 10 48 10 10 0 10

2 24 -10 48 10 -10 0 10

2 24 10 44 -30 10 0 -10

2 24 -10 44 -30 -10 0 -10

1 16 0 0 0 0 0 10 0 1 0 -10 0 0 rect.dat

4 16 10 48 10 6 48 6 -6 48 6 -10 48 10

4 16 -10 48 10 -6 48 6 -6 48 -26 -10 48 -30

4 16 -10 48 -30 -6 48 -26 6 48 -26 10 48 -30

4 16 10 48 -30 6 48 -26 6 48 6 10 48 10

0 BFC INVERTNEXT

1 16 0 26 -1 -6 0 0 0 -22 0 0 0 7 box2-5.dat

4 16 6 48 -26 6 44 -26 6 4 6 6 48 6

3 16 6 44 -26 6 4 -8 6 4 6

4 16 -6 48 6 -6 4 6 -6 44 -26 -6 48 -26

3 16 -6 4 6 -6 4 -8 -6 44 -26

0 BFC INVERTNEXT

1 16 0 26 -17 6 0 0 0 -2 20 0 0 -9 box2-7.dat

1 16 0 0 0 0 0 1 0 1 0 -1 0 0 stud.dat



1 16 6 25.95 -5 0 -1 0 0 0 21.95 1.5 0 0 recte3.dat

1 16 5.5 4 -5 -.5 0 0 0 43.9 0 0 0 1.5 box3u6.dat

1 16 3.5 4 -5 1.5 0 1.5 0 43.9 0 -1.5 0 1.5 tri3a4.dat

1 16 -6 25.95 -5 0 1 0 0 0 21.95 -1.5 0 0 recte3.dat

1 16 -5.5 4 -5 .5 0 0 0 43.9 0 0 0 -1.5 box3u6.dat

1 16 -3.5 4 -5 -1.5 0 -1.5 0 43.9 0 1.5 0 -1.5 tri3a4.dat



1 16 5.5 47.9 -15 0 0 .5 0 -1 0 1.5 0 0 rect3.dat

1 16 5.5 32.0611 -13.5 -.5 0 0 0 0 -15.83889 0 -1 0 rect3.dat

1 16 5.5 35.3944 -16.5 .5 0 0 0 0 -12.50556 0 1 0 rect3.dat

2 24 5 47.9 -13.5 3.5 47.9 -15

2 24 3.5 47.9 -15 5 47.9 -16.5

2 24 5 16.2222 -13.5 3.5 19.5556 -15

2 24 3.5 19.5556 -15 5 22.8889 -16.5

2 24 3.5 19.5556 -15 3.5 47.9 -15

4 16 5 47.9 -13.5 3.5 47.9 -15 3.5 19.5556 -15 5 16.2222 -13.5

4 16 3.5 47.9 -15 5 47.9 -16.5 5 22.8889 -16.5 3.5 19.5556 -15

3 16 3.5 47.9 -15 5 47.9 -13.5 5 47.9 -16.5

1 16 -5.5 47.9 -15 -.5 0 0 0 -1 0 0 0 1.5 rect2a.dat

1 16 -5.5 35.3944 -16.5 .5 0 0 0 0 -12.50556 0 1 0 rect.dat

1 16 -5.5 32.0611 -13.5 -.5 0 0 0 0 -15.83889 0 -1 0 rect3.dat

2 24 -5 47.9 -16.5 -3.5 47.9 -15

2 24 -3.5 47.9 -15 -5 47.9 -13.5

2 24 -5 22.8889 -16.5 -3.5 19.5556 -15

2 24 -3.5 19.5556 -15 -5 16.2222 -13.5

2 24 -3.5 19.5556 -15 -3.5 47.9 -15

4 16 -5 47.9 -16.5 -3.5 47.9 -15 -3.5 19.5556 -15 -5 22.8889 -16.5

4 16 -3.5 47.9 -15 -5 47.9 -13.5 -5 16.2222 -13.5 -3.5 19.5556 -15

3 16 -3.5 47.9 -15 -5 47.9 -16.5 -5 47.9 -13.5

0 NOFILE

0 FILE box3u6.dat
0 Box with  3 Faces without  6 Edges

0 Name: box3u6.dat

0 Author: Willy Tschager [Holly-Wood]

0 !LDRAW_ORG Primitive UPDATE 2024-01

0 !LICENSE Licensed under CC BY 4.0 : see CAreadme.txt



0 BFC CERTIFY CCW



0 !HISTORY 2011-07-25 [PTadmin] Official Update 2011-01

0 !HISTORY 2024-01-04 [Holly-Wood] Complete re-write, original by WilliamH

0 !HISTORY 2024-01-29 [OrionP] Official Update 2024-01



2 24 -1 1 1 1 1 1

2 24 1 1 -1 -1 1 -1

4 16 1 1 -1 -1 1 -1 -1 1 1 1 1 1



2 24 1 0 1 1 1 1

2 24 -1 0 1 1 0 1

4 16 1 1 1 -1 1 1 -1 0 1 1 0 1



2 24 1 0 -1 1 1 -1

2 24 1 0 -1 -1 0 -1

4 16 -1 1 -1 1 1 -1 1 0 -1 -1 0 -1

0 NOFILE

0 FILE 3040b.dat
0 Slope Brick 45  2 x  1

0 Name: 3040b.dat

0 Author: James Jessiman

0 !LDRAW_ORG Part UPDATE 2004-04

0 !LICENSE Licensed under CC BY 4.0 : see CAreadme.txt



0 BFC CERTIFY CCW



0 !KEYWORDS BrickLink 3040



0 !HISTORY 2002-09-13 [izanette] modified with WINDZ for BFC compliance

0 !HISTORY 2003-07-11 [Steffen] made use of existing subfile

0 !HISTORY 2004-11-06 [PTadmin] Official Update 2004-04

0 !HISTORY 2007-06-09 [PTadmin] Header formatted for Contributor Agreement

0 !HISTORY 2008-07-01 [PTadmin] Official Update 2008-01





1 16 0 0 0 1 0 0 0 1 0 0 0 1 s__3040s01.dat

4 16 10 20 -30 10 0 -10 -10 0 -10 -10 20 -30

0

0 NOFILE

0 FILE s__3040s01.dat
0 ~Slope Brick 45  2 x  1 without Front Face

0 Name: s\3040s01.dat

0 Author: Orion Pobursky [OrionP]

0 !LDRAW_ORG Subpart UPDATE 2004-01

0 !LICENSE Licensed under CC BY 4.0 : see CAreadme.txt



0 BFC CERTIFY CCW



0 !HISTORY 2003-07-02 [Steffen] BFCed; removed matrix all zero "errors"

0 !HISTORY 2004-03-02 [PTadmin] Official Update 2004-01

0 !HISTORY 2007-08-30 [PTadmin] Header formatted for Contributor Agreement

0 !HISTORY 2008-07-01 [PTadmin] Official Update 2008-01





0 // Uncomment for front face

0 // 4 16 10 20 -30 10 0 -10 -10 0 -10 -10 20 -30



1 16 0 20 -10 1 0 0 0 -1 0 0 0 1 stud3a.dat

1 16 0 4 -10 4 0 0 0 4 0 0 0 4 2-4edge.dat

1 16 0 4 -10 4 0 0 0 99 4 0 0 -4 2-4edge.dat

1 16 0 8 -10 0 0 4 0 -4 0 -4 0 0 1-4cyls.dat

1 16 0 8 -10 0 0 -4 0 -4 0 -4 0 0 1-4cyls.dat

1 16 0 4 -10 4 0 0 0 16 0 0 0 4 2-4cyli.dat

1 16 0 8 -10 4 0 0 0 12 0 0 0 -4 2-4cyli.dat

2 24 6 24 6 -6 24 6

2 24 -6 24 6 -6 24 -26

2 24 -6 24 -26 6 24 -26

2 24 6 24 -26 6 24 6

2 24 10 24 10 -10 24 10

2 24 -10 24 10 -10 24 -30

2 24 -10 24 -30 10 24 -30

2 24 10 24 -30 10 24 10

2 24 6 24 6 6 4 6

2 24 -6 24 6 -6 4 6

2 24 6 24 -26 6 20 -26

2 24 -6 24 -26 -6 20 -26

2 24 6 4 6 -6 4 6

2 24 6 4 -10 -6 4 -10

2 24 6 20 -26 -6 20 -26

2 24 6 4 6 6 4 -10

2 24 -6 4 6 -6 4 -10

2 24 6 20 -26 6 4 -10

2 24 -6 20 -26 -6 4 -10

2 24 10 24 10 10 0 10

2 24 -10 24 10 -10 0 10

2 24 10 24 -30 10 20 -30

2 24 -10 24 -30 -10 20 -30

2 24 10 0 10 -10 0 10

2 24 10 0 -10 -10 0 -10

2 24 10 20 -30 -10 20 -30

2 24 10 0 10 10 0 -10

2 24 -10 0 10 -10 0 -10

2 24 10 20 -30 10 0 -10

2 24 -10 20 -30 -10 0 -10

4 16 10 24 10 6 24 6 -6 24 6 -10 24 10

4 16 -10 24 10 -6 24 6 -6 24 -26 -10 24 -30

4 16 -10 24 -30 -6 24 -26 6 24 -26 10 24 -30

4 16 10 24 -30 6 24 -26 6 24 6 10 24 10

4 16 6 4 6 6 4 -10 -6 4 -10 -6 4 6

4 16 10 0 -10 10 0 10 -10 0 10 -10 0 -10

4 16 -10 24 10 -10 0 10 10 0 10 10 24 10

4 16 6 24 6 6 4 6 -6 4 6 -6 24 6

4 16 6 20 -26 6 24 -26 -6 24 -26 -6 20 -26

4 16 10 24 -30 10 20 -30 -10 20 -30 -10 24 -30

4 16 10 24 10 10 0 10 10 20 -30 10 24 -30

3 16 10 0 10 10 0 -10 10 20 -30

4 16 6 20 -26 6 4 6 6 24 6 6 24 -26

3 16 6 20 -26 6 4 -10 6 4 6

4 16 -6 24 6 -6 4 6 -6 20 -26 -6 24 -26

3 16 -6 4 6 -6 4 -10 -6 20 -26

4 16 -10 20 -30 -10 0 10 -10 24 10 -10 24 -30

3 16 -10 20 -30 -10 0 -10 -10 0 10

4 16 -6 4 -10 6 4 -10 6 20 -26 -6 20 -26

1 16 0 0 0 1 0 0 0 1 0 0 0 1 stud.dat

0

0 NOFILE

0 FILE 3046.dat
0 Slope Brick 45  2 x  2 Double Concave

0 Name: 3046.dat

0 Author: James Jessiman

0 !LDRAW_ORG Part UPDATE 2025-09

0 !LICENSE Licensed under CC BY 4.0 : see CAreadme.txt



0 BFC CERTIFY CCW



0 !KEYWORDS Rebrickable 3046a



0 !HISTORY 1998-06-20 [PTadmin] Official Update 1998-06

0 !HISTORY 2001-11-11 [larschassing] Identical vertices problem fixed

0 !HISTORY 2002-02-18 [PTadmin] Official Update 2002-01

0 !HISTORY 2007-06-09 [PTadmin] Header formatted for Contributor Agreement

0 !HISTORY 2008-07-01 [PTadmin] Official Update 2008-01

0 !HISTORY 2008-07-08 [tchang] Add BFC (2008-02-08)

0 !HISTORY 2009-05-16 [Eldar] Fixed stud orientation

0 !HISTORY 2009-09-03 [PTadmin] Official Update 2009-02

0 !HISTORY 2012-01-27 [jpouellet] Removed 2 T-junctions

0 !HISTORY 2012-03-30 [PTadmin] Official Update 2012-01

0 !HISTORY 2025-09-27 [OrionP] Changed winding to CCW

0 !HISTORY 2025-09-29 [OrionP] Official Update 2025-09



1 16 10 10 -10 1 0 0 0 -3.5 0 0 0 1 stud4a.dat

0

1 16 10 4 -10 6 0 0 0 1 0 0 0 6 3-4edge.dat

1 16 10 4 -10 6 0 0 0 1 6 0 0 -6 1-8edge.dat

1 16 10 4 -10 0 0 6 0 1 6 -6 0 0 1-8edge.dat

4 16 14.2426 8.2426 -14.2426 15.5434 6.2962 -12.2962 15.5434 10 -12.2962 14.2426 10 -14.2426

4 16 15.5434 6.2962 -12.2962 16 4 -10 16 10 -10 15.5434 10 -12.2962

4 16 14.2426 10 -14.2426 12.2962 10 -15.5434 12.2962 6.2962 -15.5434 14.2426 8.2426 -14.2426

4 16 12.2962 10 -15.5434 10 10 -16 10 4 -16 12.2962 6.2962 -15.5434

5 24 14.2426 10 -14.2426 14.2426 8.2426 -14.2426 15.5434 10 -12.2962 12.2962 10 -15.5434

5 24 15.5434 10 -12.2962 15.5434 6.2962 -12.2962 16 10 -10 14.2426 10 -14.2426

5 24 12.2962 10 -15.5434 12.2962 6.2962 -15.5434 10 10 -16 14.2426 10 -14.2426

0 BFC INVERTNEXT

1 16 10 4 -10 6 0 0 0 6 0 0 0 6 3-4cyli.dat

0

1 16 10 4 -10 8 0 0 0 1 0 0 0 8 3-4edge.dat

1 16 10 4 -10 8 0 0 0 1 8 0 0 -8 1-8edge.dat

1 16 10 4 -10 0 0 8 0 1 8 -8 0 0 1-8edge.dat

0

4 16 15.6568 10 -15.6568 17.3912 10 -13.0616 17.3912 7.0616 -13.0616 15.6568 9.6568 -15.6568

4 16 17.3912 10 -13.0616 18 10 -10 18 4 -10 17.3912 7.0616 -13.0616

4 16 15.6568 9.6568 -15.6568 13.0616 7.0616 -17.3912 13.0616 10 -17.3912 15.6568 10 -15.6568

4 16 13.0616 7.0616 -17.3912 10 4 -18 10 10 -18 13.0616 10 -17.3912

5 24 15.6568 10 -15.6568 15.6568 9.6568 -15.6568 17.3912 10 -13.0616 13.0616 10 -17.3912

5 24 17.3912 10 -13.0616 17.3912 7.0616 -13.0616 18 10 -10 15.6568 10 -15.6568

5 24 13.0616 10 -17.3912 13.0616 7.0616 -17.3912 10 10 -18 15.6568 10 -15.6568

1 16 10 4 -10 8 0 0 0 6 0 0 0 8 3-4cyli.dat

0

2 24 26 24 6 -6 24 6

2 24 -6 24 6 -6 24 -26

2 24 -6 24 -26 26 24 -26

2 24 26 24 -26 26 24 6

0

2 24 30 24 10 -10 24 10

2 24 -10 24 10 -10 24 -30

2 24 -10 24 -30 30 24 -30

2 24 30 24 -30 30 24 10

0

2 24 26 4 -10 26 4 6

2 24 26 4 -10 10 4 -10

2 24 10 4 -26 10 4 -10

2 24 10 4 -26 -6 4 -26

2 24 26 4 6 -6 4 6

2 24 -6 4 -26 -6 4 6

0

2 24 26 4 -10 26 20 -26

2 24 26 20 -26 26 24 -26

2 24 26 4 6 26 24 6

2 24 10 4 -26 26 20 -26

2 24 10 4 -10 26 20 -26

2 24 -6 4 -26 -6 24 -26

2 24 -6 4 6 -6 24 6

0

2 24 30 0 -10 30 0 10

2 24 30 0 -10 10 0 -10

2 24 10 0 -30 10 0 -10

2 24 10 0 -30 -10 0 -30

2 24 30 0 10 -10 0 10

2 24 -10 0 -30 -10 0 10

0

2 24 30 0 -10 30 20 -30

2 24 30 20 -30 30 24 -30

2 24 30 0 10 30 24 10

2 24 10 0 -30 30 20 -30

2 24 10 0 -10 30 20 -30

2 24 -10 0 -30 -10 24 -30

2 24 -10 0 10 -10 24 10

0

4 16 30 24 10 26 24 6 -6 24 6 -10 24 10

4 16 -10 24 10 -6 24 6 -6 24 -26 -10 24 -30

4 16 -10 24 -30 -6 24 -26 26 24 -26 30 24 -30

4 16 30 24 -30 26 24 -26 26 24 6 30 24 10

0

4 16 10 4 -10 -6 4 6 26 4 6 26 4 -10

4 16 10 4 -10 10 4 -26 -6 4 -26 -6 4 6

3 16 26 4 -10 26 20 -26 10 4 -10

3 16 10 4 -10 26 20 -26 10 4 -26

4 16 30 0 -10 30 0 10 -10 0 10 10 0 -10

4 16 -10 0 10 -10 0 -30 10 0 -30 10 0 -10

3 16 10 0 -10 30 20 -30 30 0 -10

3 16 10 0 -30 30 20 -30 10 0 -10

0

4 16 26 24 -26 26 4 -10 26 4 6 26 24 6

4 16 -6 24 -26 -6 4 -26 10 4 -26 26 24 -26

4 16 26 24 6 26 4 6 -6 4 6 -6 24 6

4 16 -6 24 6 -6 4 6 -6 4 -26 -6 24 -26

3 16 26 24 -26 26 20 -26 26 4 -10

3 16 10 4 -26 26 20 -26 26 24 -26

4 16 30 24 10 30 0 10 30 0 -10 30 24 -30

4 16 30 24 -30 10 0 -30 -10 0 -30 -10 24 -30

4 16 -10 24 10 -10 0 10 30 0 10 30 24 10

4 16 -10 24 -30 -10 0 -30 -10 0 10 -10 24 10

3 16 30 0 -10 30 20 -30 30 24 -30

3 16 30 24 -30 30 20 -30 10 0 -30

0

1 16 20 0 0 -1 0 0 0 1 0 0 0 -1 stud.dat

1 16 0 0 0 -1 0 0 0 1 0 0 0 -1 stud.dat

1 16 0 0 -20 -1 0 0 0 1 0 0 0 -1 stud.dat

0
0 NOFILE

0 FILE 3024.dat
0 Plate  1 x  1

0 Name: 3024.dat

0 Author: James Jessiman

0 !LDRAW_ORG Part UPDATE 2022-05

0 !LICENSE Licensed under CC BY 4.0 : see CAreadme.txt



0 BFC CERTIFY CCW



0 !HISTORY 2001-10-26 [PTadmin] Official Update 2001-01

0 !HISTORY 2002-05-07 {unknown} BFC Certification

0 !HISTORY 2002-06-11 [PTadmin] Official Update 2002-03

0 !HISTORY 2007-06-07 [PTadmin] Header formatted for Contributor Agreement

0 !HISTORY 2008-07-01 [PTadmin] Official Update 2008-01

0 !HISTORY 2022-08-04 [MagFors] Using subfile

0 !HISTORY 2022-09-15 [PTadmin] Official Update 2022-05





1 16 0 0 0 1 0 0 0 1 0 0 0 1 s__3024s01.dat

4 16 -10 8 -10 10 8 -10 10 0 -10 -10 0 -10

0 NOFILE

0 FILE s__3024s01.dat
0 ~Plate  1 x  1 without Front Face

0 Name: s\3024s01.dat

0 Author: Tore Eriksson [Tore_Eriksson]

0 !LDRAW_ORG Subpart UPDATE 2012-03

0 !LICENSE Licensed under CC BY 4.0 : see CAreadme.txt



0 BFC CERTIFY CCW



0 !HISTORY 2012-12-28 [PTadmin] Official Update 2012-03





0 BFC INVERTNEXT

1 16 0 8 0 0 0 6 0 -4 0 -6 0 0 box5.dat

4 16 10 8 -10 6 8 -6 6 8 6 10 8 10

4 16 10 8 10 6 8 6 -6 8 6 -10 8 10

4 16 -10 8 10 -6 8 6 -6 8 -6 -10 8 -10

4 16 -10 8 -10 -6 8 -6 6 8 -6 10 8 -10

1 16 0 8 0 10 0 0 0 -8 0 0 0 10 box4t.dat

1 16 0 0 0 0 0 1 0 1 0 -1 0 0 stud.dat

0 NOFILE

0 FILE 54200.dat
0 Slope Brick 31  1 x  1 x  0.667

0 Name: 54200.dat

0 Author: Orion Pobursky [OrionP]

0 !LDRAW_ORG Part UPDATE 2022-04

0 !LICENSE Licensed under CC BY 4.0 : see CAreadme.txt



0 BFC CERTIFY CCW



0 !KEYWORDS cheese



0 !HISTORY 2006-01-14 [cwdee] Rotated to match other slope bricks

0 !HISTORY 2009-09-03 [PTadmin] Official Update 2009-02

0 !HISTORY 2013-08-04 [cwdee] Description change

0 !HISTORY 2013-12-23 [PTadmin] Official Update 2013-02

0 !HISTORY 2014-11-21 [roland] Auto-corrected with libfix version of LDCad 1.4

0 !HISTORY 2015-10-11 [PTadmin] Official Update 2015-01

0 !HISTORY 2019-06-03 [Philo] Rounded corners and flattened top.

0 !HISTORY 2019-06-28 [PTadmin] Official Update 2019-01

0 !HISTORY 2021-05-21 [OrionP] Subfiled for patterns

0 !HISTORY 2022-05-07 [PTadmin] Official Update 2022-03

0 !HISTORY 2022-07-13 [Jaco] added keyword Cheese

0 !HISTORY 2022-07-18 [PTadmin] Official Update 2022-04





1 16 0 0 0 1 0 0 0 1 0 0 0 1 s__54200s01.dat



3 16 9.41 -15.01 8.35 8 -15.6 9.3333 10 -13.6 6

4 16 -8 -15.6 9.3333 -10 -13.6 6 10 -13.6 6 8 -15.6 9.3333

3 16 -8 -15.6 9.3333 -9.41 -15.01 8.35 -10 -13.6 6

4 16 -10 -4 -10 10 -4 -10 10 -13.6 6 -10 -13.6 6

0 NOFILE

0 FILE s__54200s01.dat
0 ~Slope Brick 31  1 x  1 x  0.667 without Sloped Face

0 Name: s\54200s01.dat

0 Author: Orion Pobursky [OrionP]

0 !LDRAW_ORG Subpart UPDATE 2022-03

0 !LICENSE Licensed under CC BY 4.0 : see CAreadme.txt



0 BFC CERTIFY CCW



0 !HISTORY 2022-05-07 [PTadmin] Official Update 2022-03





2 24 10 -1 10 10 -1 -10

2 24 -10 -1 10 -10 -1 -10

1 16 0 -5.3 6 -6 0 0 0 0 5.3 0 1 0 rect.dat

1 16 0 -1.7 -6 0 0 -6 1.7 0 0 0 -1 0 rect.dat

1 16 0 -2.5 -10 -10 0 0 0 0 1.5 0 1 0 rect.dat

2 24 9 0 9 -9 0 9

2 24 9 0 -9 -9 0 -9

1 16 0 -1 0 0 0 9 0 1 0 -9 0 0 box4.dat

4 16 10 -1 -10 9 -1 -9 9 -1 9 10 -1 10

4 16 -10 -1 10 -9 -1 9 -9 -1 -9 -10 -1 -10

4 16 10 -1 10 9 -1 9 -9 -1 9 -10 -1 10

4 16 -10 -1 -10 -9 -1 -9 9 -1 -9 10 -1 -10

4 16 6 0 -6 6 0 6 9 0 9 9 0 -9

4 16 -6 0 6 -6 0 -6 -9 0 -9 -9 0 9

4 16 -6 0 -6 6 0 -6 9 0 -9 -9 0 -9

4 16 6 0 6 -6 0 6 -9 0 9 9 0 9

4 16 6 -10.6 6 6 0 6 6 0 -6 6 -3.4 -6

4 16 -6 -10.6 6 -6 -3.4 -6 -6 0 -6 -6 0 6

2 24 6 0 -6 6 0 6

2 24 -6 0 -6 -6 0 6

2 24 6 -3.4 -6 6 -10.6 6

2 24 -6 -3.4 -6 -6 -10.6 6

3 16 -3.1092 -4 -5 -2.2961 -4 -5.5434 -2.2961 -3.674 -5.5434

5 24 -2.2961 -4 -5.5434 -2.2961 -3.674 -5.5434 -3.1092 -4 -5 0 -4 -6

4 16 -2.2961 -4 -5.5434 0 -4 -6 0 -3.4 -6 -2.2961 -3.674 -5.5434

5 24 0 -4 -6 0 -3.4 -6 -2.2961 -4 -5.5434 2.2961 -4 -5.5434

4 16 0 -4 -6 2.2961 -4 -5.5434 2.2961 -3.674 -5.5434 0 -3.4 -6

5 24 2.2961 -4 -5.5434 2.2961 -3.674 -5.5434 0 -4 -6 3.1092 -4 -5

3 16 3.1092 -4 -5 2.2961 -3.674 -5.5434 2.2961 -4 -5.5434

2 24 -3.1092 -4 -5 -2.2961 -4 -5.5434

2 24 -2.2961 -4 -5.5434 0 -4 -6

2 24 2.2961 -4 -5.5434 0 -4 -6

2 24 3.1092 -4 -5 2.2961 -4 -5.5434

2 24 -3.1092 -4 -5 -2.2961 -3.674 -5.5434

2 24 -2.2961 -3.674 -5.5434 0 -3.4 -6

2 24 2.2961 -3.674 -5.5434 0 -3.4 -6

2 24 3.1092 -4 -5 2.2961 -3.674 -5.5434

2 24 -3.1092 -4 -5 3.1092 -4 -5

3 16 -3.1092 -4 -5 -2.2961 -3.674 -5.5434 -6 -3.4 -6

3 16 -6 -3.4 -6 -2.2961 -3.674 -5.5434 0 -3.4 -6

3 16 3.1092 -4 -5 6 -3.4 -6 2.2961 -3.674 -5.5434

3 16 6 -3.4 -6 0 -3.4 -6 2.2961 -3.674 -5.5434

2 24 9.41 -15.01 8.35 10 -13.6 6

2 24 9.41 -15.01 10 10 -13.6 10

2 24 8 -15.6 9.3333 9.41 -15.01 8.35

2 24 9.41 -15.01 10 8 -15.6 10

2 24 -9.41 -15.01 8.35 -10 -13.6 6

2 24 -9.41 -15.01 10 -10 -13.6 10

2 24 -8 -15.6 9.3333 -9.41 -15.01 8.35

2 24 -9.41 -15.01 10 -8 -15.6 10

4 16 8 -15.6 10 8 -15.6 9.3333 9.41 -15.01 8.35 9.41 -15.01 10

4 16 9.41 -15.01 10 9.41 -15.01 8.35 10 -13.6 6 10 -13.6 10

4 16 10 -1 10 10 -13.6 10 10 -13.6 6 10 -4 -10

3 16 10 -4 -10 10 -1 -10 10 -1 10

3 16 8 -15.6 10 9.41 -15.01 10 10 -13.6 10

4 16 -9.41 -15.01 8.35 -8 -15.6 9.3333 -8 -15.6 10 -9.41 -15.01 10

4 16 -10 -13.6 6 -9.41 -15.01 8.35 -9.41 -15.01 10 -10 -13.6 10

4 16 -10 -13.6 6 -10 -13.6 10 -10 -1 10 -10 -4 -10

3 16 -10 -1 -10 -10 -4 -10 -10 -1 10

3 16 -9.41 -15.01 10 -8 -15.6 10 -10 -13.6 10

2 24 -8 -15.6 10 8 -15.6 10

2 24 -8 -15.6 9.3333 8 -15.6 9.3333

4 16 -8 -15.6 10 -8 -15.6 9.3333 8 -15.6 9.3333 8 -15.6 10

4 16 -10 -13.6 10 -8 -15.6 10 8 -15.6 10 10 -13.6 10

1 16 0 -7.3 10 10 0 0 0 0 6.3 0 -1 0 rect3.dat

5 24 -9.41 -15.01 10 -9.41 -15.01 8.35 -8 -15.6 9.3333 -10 -13.6 10

5 24 9.41 -15.01 8.35 9.41 -15.01 10 8 -15.6 10 10 -13.6 6

5 24 -10 -13.6 6 -10 -13.6 10 -9.41 -15.01 8.35 -10 -1 10

5 24 10 -13.6 10 10 -13.6 6 9.41 -15.01 10 10 -4 -10

5 24 8 -15.6 9.3333 8 -15.6 10 9.41 -15.01 8.35 -8 -15.6 10

5 24 -8 -15.6 9.3333 -8 -15.6 10 -9.41 -15.01 10 8 -15.6 9.3333

3 16 0 -4 -6 -2.2961 -4 -5.5434 2.2961 -4 -5.5434

4 16 -3.1092 -4 -5 3.1092 -4 -5 2.2961 -4 -5.5434 -2.2961 -4 -5.5434

3 16 -3.1092 -4 -5 -6 -3.4 -6 -6 -10.6 6

3 16 6 -3.4 -6 3.1092 -4 -5 6 -10.6 6

4 16 -3.1092 -4 -5 -6 -10.6 6 6 -10.6 6 3.1092 -4 -5

2 24 -10 -13.6 6 -10 -4 -10

2 24 10 -4 -10 10 -13.6 6

0 NOFILE

0 FILE 2420.dat
0 Plate  2 x  2 Corner

0 Name: 2420.dat

0 Author: James Jessiman

0 !LDRAW_ORG Part UPDATE 2003-03

0 !LICENSE Licensed under CC BY 4.0 : see CAreadme.txt



0 BFC CERTIFY CCW



0 !HISTORY 2003-09-08 [jriley] BFC compliant

0 !HISTORY 2003-12-19 [PTadmin] Official Update 2003-03

0 !HISTORY 2007-05-08 [PTadmin] Header formatted for Contributor Agreement

0 !HISTORY 2008-07-01 [PTadmin] Official Update 2008-01





1 16 0 4 10 1 0 0 0 -1 0 0 0 1 stud3.dat

1 16 10 4 0 1 0 0 0 -1 0 0 0 1 stud3.dat

4 16 10 8 30 6 8 26 -6 8 26 -10 8 30

4 16 -10 8 30 -6 8 26 -6 8 -6 -10 8 -10

4 16 -10 8 -10 -6 8 -6 26 8 -6 30 8 -10

4 16 30 8 -10 26 8 -6 26 8 6 30 8 10

4 16 30 8 10 26 8 6 6 8 6 10 8 10

4 16 10 8 10 6 8 6 6 8 26 10 8 30

4 16 26 4 -6 -6 4 -6 6 4 6 26 4 6

4 16 6 4 26 6 4 6 -6 4 -6 -6 4 26

4 16 30 0 10 10 0 10 -10 0 -10 30 0 -10

4 16 10 0 10 10 0 30 -10 0 30 -10 0 -10

1 16 20 4 0 0 10 0 4 0 0 0 0 10 box2-5.dat

1 16 0 4 20 0 10 0 4 0 0 0 0 10 box2-5.dat

1 16 10 4 10 0 -20 0 4 0 0 0 0 -20 box2-5.dat

1 16 0 0 0 1 0 0 0 1 0 0 0 1 stud.dat

1 16 20 0 0 1 0 0 0 1 0 0 0 1 stud.dat

1 16 0 0 20 1 0 0 0 1 0 0 0 1 stud.dat

0 BFC INVERTNEXT

1 16 0 6 16 0 6 0 2 0 0 0 0 10 box2-5.dat

0 BFC INVERTNEXT

1 16 16 6 0 0 10 0 2 0 0 0 0 6 box2-5.dat

0 BFC INVERTNEXT

1 16 10 6 10 0 -16 0 2 0 0 0 0 -16 box2-5.dat

0

0 NOFILE

0 FILE 3039.dat
0 Slope Brick 45  2 x  2

0 Name: 3039.dat

0 Author: James Jessiman

0 !LDRAW_ORG Part UPDATE 2003-03

0 !LICENSE Licensed under CC BY 4.0 : see CAreadme.txt



0 BFC CERTIFY CCW



0 !HISTORY 2003-07-02 [Steffen] BFCed; re-worked part to use s\3039s01.dat

0 !HISTORY 2003-12-19 [PTadmin] Official Update 2003-03

0 !HISTORY 2007-06-09 [PTadmin] Header formatted for Contributor Agreement

0 !HISTORY 2008-07-01 [PTadmin] Official Update 2008-01





1 16 0 0 0 1 0 0 0 1 0 0 0 1 s__3039s01.dat

4 16 20 20 -30 20 0 -10 -20 0 -10 -20 20 -30

0

0 NOFILE

0 FILE s__3039s01.dat
0 ~Slope Brick 45  2 x  2 without Front Face

0 Name: s\3039s01.dat

0 Author: Willy Tschager [Holly-Wood]

0 !LDRAW_ORG Subpart UPDATE 2024-02

0 !LICENSE Licensed under CC BY 4.0 : see CAreadme.txt



0 BFC CERTIFY CCW



0 !HISTORY 1999-12-31 [PTadmin] Official Update 1999-06

0 !HISTORY 2003-07-02 [Steffen] BFCed; change in part name: "w/o" --> "without"

0 !HISTORY 2003-12-19 [PTadmin] Official Update 2003-03

0 !HISTORY 2007-08-30 [PTadmin] Header formatted for Contributor Agreement

0 !HISTORY 2008-07-01 [PTadmin] Official Update 2008-01

0 !HISTORY 2024-03-14 [Holly-Wood] Complete re-write, original by jvan

0 !HISTORY 2024-03-24 [OrionP] Official Update 2024-02



1 16 0 0 0 1 0 0 0 1 0 0 0 1 stug-1x2.dat



1 16 0 12 -10 -1 0 0 0 -3 0 0 0 1 stud4a.dat



0 BFC INVERTNEXT

1 16 0 4 -10 6 0 0 0 8 0 0 0 6 2-4cyli.dat

0 BFC INVERTNEXT

1 16 0 10 -10 6 0 0 0 2 0 0 0 -6 2-4cyli.dat



0 BFC INVERTNEXT

1 16 0 10 -10 0 0 6 0 -6 0 -6 0 0 1-4cyls.dat

0 BFC INVERTNEXT

1 16 0 10 -10 0 0 -6 0 -6 0 -6 0 0 1-4cyls.dat



1 16 0 4 -10 8 0 0 0 8 0 0 0 8 2-4cyli.dat



1 16 0 12 -10 0 0 8 0 -8 0 -8 0 0 1-4cyls.dat

1 16 0 12 -10 0 0 -8 0 -8 0 -8 0 0 1-4cyls.dat



1 16 0 4 -10 6 0 0 0 1 0 0 0 6 2-4edge.dat

1 16 0 4 -10 6 0 0 0 1 6 0 0 -6 2-4edge.dat



1 16 0 4 -10 8 0 0 0 1 0 0 0 8 2-4edge.dat

1 16 0 4 -10 8 0 0 0 1 8 0 0 -8 2-4edge.dat



1 16 0 4 -10 6 0 0 0 -1 0 0 0 6 2-4chrd.dat

1 16 0 4 -10 8 0 0 0 -1 0 0 0 8 2-4ndis.dat



1 16 0 4 -10 6 0 0 0 -1 6 0 0 -6 2-4chrd.dat

1 16 0 4 -10 8 0 0 0 -1 8 0 0 -8 2-4ndis.dat



0 BFC INVERTNEXT

1 16 0 14 -10 0 0 16 10 0 0 0 16 0 box3u4a.dat



4 16 -8 4 -2 -8 4 -10 -16 4 -10 -16 4 6

4 16 8 4 -10 8 4 -2 16 4 6 16 4 -10

4 16 16 4 6 8 4 -2 0 4 -2 -16 4 6

3 16 -8 4 -2 -16 4 6 0 4 -2



1 16 0 22 -26 0 0 16 -2 0 0 0 -1 0 rect.dat



4 16 8 12 -18 8 4 -10 16 4 -10 16 20 -26

4 16 0 12 -18 8 12 -18 16 20 -26 -16 20 -26

3 16 0 12 -18 -16 20 -26 -8 12 -18

4 16 -16 20 -26 -16 4 -10 -8 4 -10 -8 12 -18

4 16 16 4 -10 16 24 -10 16 24 -26 16 20 -26

4 16 -16 24 -26 -16 24 -10 -16 4 -10 -16 20 -26



2 24 -16 4 -10 -8 4 -10

2 24 8 4 -10 16 4 -10

2 24 -6 4 -10 6 4 -10

2 24 -16 24 -10 -16 24 -26

2 24 -16 4 -10 -16 20 -26

2 24 16 24 -10 16 24 -26

2 24 16 4 -10 16 20 -26



1 16 0 24 0 20 0 0 0 -24 0 0 0 10 box4-4a.dat



1 16 0 22 -30 0 0 -20 -2 0 0 0 1 0 rect.dat



4 16 20 24 -10 20 0 -10 20 20 -30 20 24 -30

4 16 -20 20 -30 -20 0 -10 -20 24 -10 -20 24 -30



2 24 -20 24 -10 -20 24 -30

2 24 20 24 -10 20 24 -30

2 24 -20 0 -10 -20 20 -30

2 24 20 0 -10 20 20 -30

2 24 -20 0 -10 20 0 -10



4 16 -20 24 -30 -16 24 -26 16 24 -26 20 24 -30

4 16 20 24 -30 16 24 -26 16 24 -10 20 24 -10

4 16 20 24 -10 16 24 -10 16 24 6 20 24 10

4 16 -20 24 -10 -16 24 -10 -16 24 -26 -20 24 -30

4 16 -16 24 6 -16 24 -10 -20 24 -10 -20 24 10

4 16 16 24 6 -16 24 6 -20 24 10 20 24 10

0 NOFILE

0 FILE box3u4a.dat
0 Box with 3 Faces without 4 Adjacent Edges

0 Name: box3u4a.dat

0 Author: Niels Karsdorp [nielsk]

0 !LDRAW_ORG Primitive UPDATE 2009-01

0 !LICENSE Licensed under CC BY 4.0 : see CAreadme.txt



0 BFC CERTIFY CCW



0 !HISTORY 2009-05-02 [PTadmin] Official Update 2009-01





2 24 1 1 1 -1 1 1

2 24 -1 1 -1 1 1 -1

2 24 1 1 1 1 1 -1

2 24 -1 1 1 -1 1 -1

2 24 1 1 1 1 0 1

2 24 1 1 -1 1 0 -1

2 24 -1 1 1 -1 0 1

2 24 -1 1 -1 -1 0 -1

4 16 -1 1 -1 -1 1 1 1 1 1 1 1 -1

4 16 -1 1 1 -1 0 1 1 0 1 1 1 1

4 16 1 1 -1 1 0 -1 -1 0 -1 -1 1 -1

0

0 NOFILE

0 FILE 3010.dat
0 Brick  1 x  4

0 Name: 3010.dat

0 Author: James Jessiman

0 !LDRAW_ORG Part UPDATE 2025-09

0 !LICENSE Licensed under CC BY 4.0 : see CAreadme.txt



0 BFC CERTIFY CCW



0 !HISTORY 2001-10-26 [PTadmin] Official Update 2001-01

0 !HISTORY 2002-05-07 {unknown} BFC Certification

0 !HISTORY 2002-06-11 [PTadmin] Official Update 2002-03

0 !HISTORY 2002-12-12 [hafhead] New subparted version

0 !HISTORY 2003-08-01 [PTadmin] Official Update 2003-02

0 !HISTORY 2007-06-06 [PTadmin] Header formatted for Contributor Agreement

0 !HISTORY 2008-07-01 [PTadmin] Official Update 2008-01

0 !HISTORY 2025-09-27 [OrionP] Changed winding to CCW

0 !HISTORY 2025-09-29 [OrionP] Official Update 2025-09



1 16 0 0 0 1 0 0 0 1 0 0 0 1 s__3010s01.dat

4 16 -40 24 -10 40 24 -10 40 0 -10 -40 0 -10

0
0 NOFILE

0 FILE s__3010s01.dat
0 ~Brick  1 x  4 without Front Face

0 Name: s\3010s01.dat

0 Author: Willy Tschager [Holly-Wood]

0 !LDRAW_ORG Subpart UPDATE 2024-03

0 !LICENSE Licensed under CC BY 4.0 : see CAreadme.txt



0 BFC CERTIFY CCW



0 !HISTORY 2003-08-01 [PTadmin] Official Update 2003-02

0 !HISTORY 2007-08-29 [PTadmin] Header formatted for Contributor Agreement

0 !HISTORY 2008-07-01 [PTadmin] Official Update 2008-01

0 !HISTORY 2024-03-15 [Holly-Wood] Complete re-write, original by hafhead

0 !HISTORY 2024-04-28 [OrionP] Official Update 2024-03



1 16 0 0 0 1 0 0 0 1 0 0 0 1 stug-1x4.dat

1 16 0 4 0 1 0 0 0 -5 0 0 0 1 stug3-1x3.dat



1 16 0 24 0 -40 0 0 0 -24 0 0 0 10 box4t.dat

0 BFC INVERTNEXT

1 16 0 24 0 -36 0 0 0 -20 0 0 0 6 box5.dat



4 16 -36 24 -6 36 24 -6 40 24 -10 -40 24 -10

4 16 40 24 -10 36 24 -6 36 24 6 40 24 10

4 16 40 24 10 36 24 6 -36 24 6 -40 24 10

4 16 -40 24 10 -36 24 6 -36 24 -6 -40 24 -10

0 NOFILE

0 FILE 3008.dat
0 Brick  1 x  8

0 Name: 3008.dat

0 Author: James Jessiman

0 !LDRAW_ORG Part UPDATE 2004-03

0 !LICENSE Licensed under CC BY 4.0 : see CAreadme.txt



0 BFC CERTIFY CCW



0 !HISTORY 2001-10-26 [PTadmin] Official Update 2001-01

0 !HISTORY 2002-05-07 {unknown} BFC Certification

0 !HISTORY 2002-06-11 [PTadmin] Official Update 2002-03

0 !HISTORY 2004-03-11 [westrate] Used subfile

0 !HISTORY 2004-09-15 [PTadmin] Official Update 2004-03

0 !HISTORY 2007-05-11 [PTadmin] Header formatted for Contributor Agreement

0 !HISTORY 2008-07-01 [PTadmin] Official Update 2008-01





1 16 0 0 0 1 0 0 0 1 0 0 0 1 s__3008s01.dat

4 16 80 0 -10 -80 0 -10 -80 24 -10 80 24 -10

0

0 NOFILE

0 FILE s__3008s01.dat
0 ~Brick  1 x  8 without Front Face

0 Name: s\3008s01.dat

0 Author: Takeshi Takahashi [RainbowDolphin]

0 !LDRAW_ORG Subpart UPDATE 2024-05

0 !LICENSE Licensed under CC BY 4.0 : see CAreadme.txt



0 BFC CERTIFY CCW



0 !HISTORY 2002-05-07 {unknown} BFC Certification

0 !HISTORY 2003-10-28 [westrate] Created subfile

0 !HISTORY 2004-09-15 [PTadmin] Official Update 2004-03

0 !HISTORY 2007-08-29 [PTadmin] Header formatted for Contributor Agreement

0 !HISTORY 2008-07-01 [PTadmin] Official Update 2008-01

0 !HISTORY 2024-05-28 [RainbowDolphin] Total rewrite, original by Andy Westrate [westrate]

0 !HISTORY 2024-06-30 [OrionP] Official Update 2024-05



1 16 0 4 0 1 0 0 0 -5 0 0 0 1 stug3-1x7.dat

1 16 0 0 0 1 0 0 0 1 0 0 0 1 stug-1x8.dat

1 16 0 24 0 80 0 0 0 -24 0 0 0 10 box4t.dat

0 BFC INVERTNEXT

1 16 0 24 0 76 0 0 0 -20 0 0 0 6 box5.dat



4 16 80 24 10 76 24 6 -76 24 6 -80 24 10

4 16 -80 24 10 -76 24 6 -76 24 -6 -80 24 -10

4 16 -80 24 -10 -76 24 -6 76 24 -6 80 24 -10

4 16 80 24 -10 76 24 -6 76 24 6 80 24 10

0 NOFILE

0 FILE stug-1x8.dat
0 Stud Group  1 x  8

0 Name: stug-1x8.dat

0 Author: Steffen [Steffen]

0 !LDRAW_ORG Primitive UPDATE 2011-01

0 !LICENSE Licensed under CC BY 4.0 : see CAreadme.txt



0 BFC CERTIFY CCW



0 !HISTORY 2011-07-25 [PTadmin] Official Update 2011-01





1 16 -70 0 0 1 0 0 0 1 0 0 0 1 stud.dat

1 16 -50 0 0 1 0 0 0 1 0 0 0 1 stud.dat

1 16 -30 0 0 1 0 0 0 1 0 0 0 1 stud.dat

1 16 -10 0 0 1 0 0 0 1 0 0 0 1 stud.dat

1 16 10 0 0 1 0 0 0 1 0 0 0 1 stud.dat

1 16 30 0 0 1 0 0 0 1 0 0 0 1 stud.dat

1 16 50 0 0 1 0 0 0 1 0 0 0 1 stud.dat

1 16 70 0 0 1 0 0 0 1 0 0 0 1 stud.dat

0 NOFILE

0 FILE stug3-1x7.dat
0 Stud Tube Solid Group  1 x  7

0 Name: stug3-1x7.dat

0 Author: Steffen [Steffen]

0 !LDRAW_ORG Primitive UPDATE 2012-01

0 !LICENSE Licensed under CC BY 4.0 : see CAreadme.txt



0 BFC CERTIFY CCW



0 !HISTORY 2012-03-30 [PTadmin] Official Update 2012-01





1 16 -60 0 0 1 0 0 0 1 0 0 0 1 stud3.dat

1 16 -40 0 0 1 0 0 0 1 0 0 0 1 stud3.dat

1 16 -20 0 0 1 0 0 0 1 0 0 0 1 stud3.dat

1 16 0 0 0 1 0 0 0 1 0 0 0 1 stud3.dat

1 16 20 0 0 1 0 0 0 1 0 0 0 1 stud3.dat

1 16 40 0 0 1 0 0 0 1 0 0 0 1 stud3.dat

1 16 60 0 0 1 0 0 0 1 0 0 0 1 stud3.dat

0 NOFILE

0 FILE 3004.dat
0 Brick  1 x  2

0 Name: 3004.dat

0 Author: James Jessiman

0 !LDRAW_ORG Part UPDATE 2022-05

0 !LICENSE Licensed under CC BY 4.0 : see CAreadme.txt



0 BFC CERTIFY CCW



0 !HISTORY 2001-10-26 [PTadmin] Official Update 2001-01

0 !HISTORY 2002-05-07 {unknown} BFC Certification

0 !HISTORY 2002-06-11 [PTadmin] Official Update 2002-03

0 !HISTORY 2007-05-07 [PTadmin] Header formatted for Contributor Agreement

0 !HISTORY 2008-07-01 [PTadmin] Official Update 2008-01

0 !HISTORY 2022-08-04 [MagFors] Using subfile

0 !HISTORY 2022-09-15 [PTadmin] Official Update 2022-05





1 16 0 0 0 1 0 0 0 1 0 0 0 1 s__3004s01.dat

4 16 -20 24 -10 20 24 -10 20 0 -10 -20 0 -10

0 NOFILE

0 FILE s__3004s01.dat
0 ~Brick  1 x  2 without Front Face

0 Name: s\3004s01.dat

0 Author: James Jessiman

0 !LDRAW_ORG Subpart UPDATE 2003-03

0 !LICENSE Licensed under CC BY 4.0 : see CAreadme.txt



0 BFC CERTIFY CCW



0 !HISTORY 2003-09-07 [jriley] Subfiling, BFC

0 !HISTORY 2003-12-19 [PTadmin] Official Update 2003-03

0 !HISTORY 2007-08-29 [PTadmin] Header formatted for Contributor Agreement

0 !HISTORY 2008-07-01 [PTadmin] Official Update 2008-01





1 16 0 4 0 1 0 0 0 -5 0 0 0 1 stud3.dat

0 BFC INVERTNEXT

1 16 0 24 0 16 0 0 0 -20 0 0 0 6 box5.dat

4 16 20 24 10 16 24 6 -16 24 6 -20 24 10

4 16 -20 24 10 -16 24 6 -16 24 -6 -20 24 -10

4 16 -20 24 -10 -16 24 -6 16 24 -6 20 24 -10

4 16 20 24 -10 16 24 -6 16 24 6 20 24 10

1 16 0 24 0 20 0 0 0 -24 0 0 0 10 box4t.dat

1 16 10 0 0 1 0 0 0 1 0 0 0 1 stud.dat

1 16 -10 0 0 1 0 0 0 1 0 0 0 1 stud.dat

0

0 NOFILE

0 FILE 3009.dat
0 Brick  1 x  6

0 Name: 3009.dat

0 Author: James Jessiman

0 !LDRAW_ORG Part UPDATE 2003-03

0 !LICENSE Licensed under CC BY 4.0 : see CAreadme.txt



0 BFC CERTIFY CCW



0 !HISTORY 2001-10-26 [PTadmin] Official Update 2001-01

0 !HISTORY 2002-05-07 {unknown} BFC Certification

0 !HISTORY 2002-06-11 [PTadmin] Official Update 2002-03

0 !HISTORY 2003-07-03 [Steffen] Subfiled for patterning

0 !HISTORY 2003-12-19 [PTadmin] Official Update 2003-03

0 !HISTORY 2007-06-06 [PTadmin] Header formatted for Contributor Agreement

0 !HISTORY 2008-07-01 [PTadmin] Official Update 2008-01





1 16 0 0 0 1 0 0 0 1 0 0 0 1 s__3009s01.dat

4 16 -60 0 -10 -60 24 -10 60 24 -10 60 0 -10

0

0 NOFILE

0 FILE s__3009s01.dat
0 ~Brick  1 x  6 without Front Face

0 Name: s\3009s01.dat

0 Author: James Jessiman

0 !LDRAW_ORG Subpart UPDATE 2003-03

0 !LICENSE Licensed under CC BY 4.0 : see CAreadme.txt



0 BFC CERTIFY CCW



0 !HISTORY 2002-05-07 {unknown} BFC Certification

0 !HISTORY 2003-07-03 [Steffen] Subfiled for patterning

0 !HISTORY 2003-12-19 [PTadmin] Official Update 2003-03

0 !HISTORY 2007-08-29 [PTadmin] Header formatted for Contributor Agreement

0 !HISTORY 2008-07-01 [PTadmin] Official Update 2008-01





1 16 40 4 0 1 0 0 0 -5 0 0 0 1 stud3.dat

1 16 20 4 0 1 0 0 0 -5 0 0 0 1 stud3.dat

1 16 0 4 0 1 0 0 0 -5 0 0 0 1 stud3.dat

1 16 -20 4 0 1 0 0 0 -5 0 0 0 1 stud3.dat

1 16 -40 4 0 1 0 0 0 -5 0 0 0 1 stud3.dat

0 BFC INVERTNEXT

1 16 0 24 0 56 0 0 0 -20 0 0 0 6 box5.dat

4 16 60 24 10 56 24 6 -56 24 6 -60 24 10

4 16 -60 24 10 -56 24 6 -56 24 -6 -60 24 -10

4 16 -60 24 -10 -56 24 -6 56 24 -6 60 24 -10

4 16 60 24 -10 56 24 -6 56 24 6 60 24 10

2 24 60 0 10 -60 0 10

2 24 -60 0 10 -60 0 -10

2 24 -60 0 -10 60 0 -10

2 24 60 0 -10 60 0 10

2 24 60 24 10 -60 24 10

2 24 -60 24 10 -60 24 -10

2 24 -60 24 -10 60 24 -10

2 24 60 24 -10 60 24 10

2 24 60 24 10 60 0 10

2 24 -60 24 10 -60 0 10

2 24 60 24 -10 60 0 -10

2 24 -60 24 -10 -60 0 -10

4 16 -60 0 -10 60 0 -10 60 0 10 -60 0 10

4 16 -60 0 10 -60 24 10 -60 24 -10 -60 0 -10

4 16 60 0 10 60 24 10 -60 24 10 -60 0 10

4 16 60 0 -10 60 24 -10 60 24 10 60 0 10

1 16 50 0 0 1 0 0 0 1 0 0 0 1 stud.dat

1 16 30 0 0 1 0 0 0 1 0 0 0 1 stud.dat

1 16 10 0 0 1 0 0 0 1 0 0 0 1 stud.dat

1 16 -10 0 0 1 0 0 0 1 0 0 0 1 stud.dat

1 16 -30 0 0 1 0 0 0 1 0 0 0 1 stud.dat

1 16 -50 0 0 1 0 0 0 1 0 0 0 1 stud.dat

0

0 NOFILE

0 FILE 3002.dat
0 Brick  2 x  3

0 Name: 3002.dat

0 Author: James Jessiman

0 !LDRAW_ORG Part UPDATE 2003-03

0 !LICENSE Licensed under CC BY 4.0 : see CAreadme.txt



0 BFC CERTIFY CCW



0 !HISTORY 2001-10-26 [PTadmin] Official Update 2001-01

0 !HISTORY 2002-05-07 {unknown} BFC Certification

0 !HISTORY 2002-06-11 [PTadmin] Official Update 2002-03

0 !HISTORY 2003-07-03 [Steffen] Subfiled for patterns

0 !HISTORY 2003-12-19 [PTadmin] Official Update 2003-03

0 !HISTORY 2007-05-07 [PTadmin] Header formatted for Contributor Agreement

0 !HISTORY 2008-07-01 [PTadmin] Official Update 2008-01





1 16 0 0 0 1 0 0 0 1 0 0 0 1 s__3002s01.dat

4 16 -30 0 -20 -30 24 -20 30 24 -20 30 0 -20

0

0 NOFILE

0 FILE s__3002s01.dat
0 ~Brick  2 x  3 without Front Face

0 Name: s\3002s01.dat

0 Author: James Jessiman

0 !LDRAW_ORG Subpart UPDATE 2003-03

0 !LICENSE Licensed under CC BY 4.0 : see CAreadme.txt



0 BFC CERTIFY CCW



0 !HISTORY 2002-05-07 {unknown} BFC Certification

0 !HISTORY 2003-07-03 [Steffen] Subfiled for patterns

0 !HISTORY 2003-12-19 [PTadmin] Official Update 2003-03

0 !HISTORY 2007-08-29 [PTadmin] Header formatted for Contributor Agreement

0 !HISTORY 2008-07-01 [PTadmin] Official Update 2008-01





1 16 10 4 0 1 0 0 0 -5 0 0 0 1 stud4.dat

1 16 -10 4 0 1 0 0 0 -5 0 0 0 1 stud4.dat

0 BFC INVERTNEXT

1 16 0 24 0 26 0 0 0 -20 0 0 0 16 box5.dat

4 16 30 24 20 26 24 16 -26 24 16 -30 24 20

4 16 -30 24 20 -26 24 16 -26 24 -16 -30 24 -20

4 16 -30 24 -20 -26 24 -16 26 24 -16 30 24 -20

4 16 30 24 -20 26 24 -16 26 24 16 30 24 20

2 24 30 0 20 -30 0 20

2 24 -30 0 20 -30 0 -20

2 24 -30 0 -20 30 0 -20

2 24 30 0 -20 30 0 20

2 24 30 24 20 -30 24 20

2 24 -30 24 20 -30 24 -20

2 24 -30 24 -20 30 24 -20

2 24 30 24 -20 30 24 20

2 24 30 24 20 30 0 20

2 24 -30 24 20 -30 0 20

2 24 30 24 -20 30 0 -20

2 24 -30 24 -20 -30 0 -20

4 16 -30 0 -20 30 0 -20 30 0 20 -30 0 20

4 16 30 0 20 30 24 20 -30 24 20 -30 0 20

4 16 -30 0 20 -30 24 20 -30 24 -20 -30 0 -20

4 16 30 0 -20 30 24 -20 30 24 20 30 0 20

1 16 20 0 10 1 0 0 0 1 0 0 0 1 stud.dat

1 16 0 0 10 1 0 0 0 1 0 0 0 1 stud.dat

1 16 -20 0 10 1 0 0 0 1 0 0 0 1 stud.dat

1 16 20 0 -10 1 0 0 0 1 0 0 0 1 stud.dat

1 16 0 0 -10 1 0 0 0 1 0 0 0 1 stud.dat

1 16 -20 0 -10 1 0 0 0 1 0 0 0 1 stud.dat

0

0 NOFILE

0 FILE 3003.dat
0 Brick  2 x  2

0 Name: 3003.dat

0 Author: James Jessiman

0 !LDRAW_ORG Part UPDATE 2022-05

0 !LICENSE Licensed under CC BY 4.0 : see CAreadme.txt



0 BFC CERTIFY CCW



0 !HISTORY 2001-10-26 [PTadmin] Official Update 2001-01

0 !HISTORY 2002-05-07 {unknown} BFC Certification

0 !HISTORY 2002-06-11 [PTadmin] Official Update 2002-03

0 !HISTORY 2007-05-07 [PTadmin] Header formatted for Contributor Agreement

0 !HISTORY 2008-07-01 [PTadmin] Official Update 2008-01

0 !HISTORY 2022-08-04 [MagFors] Using subfile

0 !HISTORY 2022-09-15 [PTadmin] Official Update 2022-05





1 16 0 0 0 1 0 0 0 1 0 0 0 1 s__3003s01.dat

4 16 -20 24 -20 20 24 -20 20 0 -20 -20 0 -20

0 NOFILE

0 FILE s__3003s01.dat
0 ~Brick  2 x  2 without Front Face

0 Name: s\3003s01.dat

0 Author: Steffen [Steffen]

0 !LDRAW_ORG Subpart UPDATE 2013-02

0 !LICENSE Licensed under CC BY 4.0 : see CAreadme.txt



0 BFC CERTIFY CCW



0 !HISTORY 2009-05-02 [PTadmin] Official Update 2009-01

0 !HISTORY 2013-04-02 [Steffen] used s\3003s02.dat

0 !HISTORY 2013-12-23 [PTadmin] Official Update 2013-02





1 16 0 0 0 1 0 0 0 1 0 0 0 1 s__3003s02.dat

4 16 20 24 20 -20 24 20 -20 0 20 20 0 20

0 NOFILE

0 FILE s__3003s02.dat
0 ~Brick  2 x  2 without Front and Back Faces

0 Name: s\3003s02.dat

0 Author: Owen Burgoyne [C3POwen]

0 !LDRAW_ORG Subpart UPDATE 2013-02

0 !LICENSE Licensed under CC BY 4.0 : see CAreadme.txt



0 BFC CERTIFY CCW



0 !HISTORY 2013-12-23 [PTadmin] Official Update 2013-02





1 16 0 4 0 1 0 0 0 -5 0 0 0 1 stud4.dat

0 BFC INVERTNEXT

1 16 0 24 0 16 0 0 0 -20 0 0 0 16 box5.dat

4 16 20 24 20 16 24 16 -16 24 16 -20 24 20

4 16 -20 24 20 -16 24 16 -16 24 -16 -20 24 -20

4 16 -20 24 -20 -16 24 -16 16 24 -16 20 24 -20

4 16 20 24 -20 16 24 -16 16 24 16 20 24 20

2 24 20 24 20 -20 24 20

2 24 20 24 -20 -20 24 -20

1 16 0 24 0 0 0 20 0 -24 0 -20 0 0 box3u2p.dat

1 16 0 0 0 1 0 0 0 1 0 0 0 1 stug-2x2.dat

0 NOFILE

0 FILE stug-2x2.dat
0 Stud Group  2 x  2

0 Name: stug-2x2.dat

0 Author: Steffen [Steffen]

0 !LDRAW_ORG Primitive UPDATE 2012-01

0 !LICENSE Licensed under CC BY 4.0 : see CAreadme.txt



0 BFC CERTIFY CCW



0 !HISTORY 2005-12-28 [PTadmin] Official Update 2005-01

0 !HISTORY 2007-05-04 [PTadmin] Header formatted for Contributor Agreement

0 !HISTORY 2008-07-01 [PTadmin] Official Update 2008-01

0 !HISTORY 2011-07-01 [PTadmin] Renamed from stug2

0 !HISTORY 2011-07-25 [PTadmin] Official Update 2011-01

0 !HISTORY 2012-02-16 [Philo] Changed to CCW

0 !HISTORY 2012-03-30 [PTadmin] Official Update 2012-01





1 16 -10 0 -10 1 0 0 0 1 0 0 0 1 stud.dat

1 16 10 0 -10 1 0 0 0 1 0 0 0 1 stud.dat

1 16 -10 0 10 1 0 0 0 1 0 0 0 1 stud.dat

1 16 10 0 10 1 0 0 0 1 0 0 0 1 stud.dat

0 NOFILE

0 FILE 2456.dat
0 Brick  2 x  6

0 Name: 2456.dat

0 Author: James Jessiman

0 !LDRAW_ORG Part UPDATE 2009-02

0 !LICENSE Licensed under CC BY 4.0 : see CAreadme.txt



0 BFC CERTIFY CCW



0 !HISTORY 2007-12-20 [PTadmin] Header formatted for Contributor Agreement

0 !HISTORY 2008-07-01 [PTadmin] Official Update 2008-01

0 !HISTORY 2009-04-05 [tchang] Add BFC, file DOS format

0 !HISTORY 2009-09-03 [PTadmin] Official Update 2009-02





1 16 40 4 0 1 0 0 0 -5 0 0 0 1 stud4.dat

1 16 20 4 0 1 0 0 0 -5 0 0 0 1 stud4.dat

1 16 0 4 0 1 0 0 0 -5 0 0 0 1 stud4.dat

1 16 -20 4 0 1 0 0 0 -5 0 0 0 1 stud4.dat

1 16 -40 4 0 1 0 0 0 -5 0 0 0 1 stud4.dat



0 BFC INVERTNEXT

1 16 0 24 0 56 0 0 0 -20 0 0 0 16 box5.dat



4 16 60 24 20 56 24 16 -56 24 16 -60 24 20

4 16 -60 24 20 -56 24 16 -56 24 -16 -60 24 -20

4 16 -60 24 -20 -56 24 -16 56 24 -16 60 24 -20

4 16 60 24 -20 56 24 -16 56 24 16 60 24 20



1 16 0 24 0 60 0 0 0 -24 0 0 0 20 box5.dat



1 16 50 0 10 1 0 0 0 1 0 0 0 1 stud.dat

1 16 30 0 10 1 0 0 0 1 0 0 0 1 stud.dat

1 16 10 0 10 1 0 0 0 1 0 0 0 1 stud.dat

1 16 -10 0 10 1 0 0 0 1 0 0 0 1 stud.dat

1 16 -30 0 10 1 0 0 0 1 0 0 0 1 stud.dat

1 16 -50 0 10 1 0 0 0 1 0 0 0 1 stud.dat

1 16 50 0 -10 1 0 0 0 1 0 0 0 1 stud.dat

1 16 30 0 -10 1 0 0 0 1 0 0 0 1 stud.dat

1 16 10 0 -10 1 0 0 0 1 0 0 0 1 stud.dat

1 16 -10 0 -10 1 0 0 0 1 0 0 0 1 stud.dat

1 16 -30 0 -10 1 0 0 0 1 0 0 0 1 stud.dat

1 16 -50 0 -10 1 0 0 0 1 0 0 0 1 stud.dat

0 NOFILE

0 FILE 3001.dat
0 Brick  2 x  4

0 Name: 3001.dat

0 Author: James Jessiman

0 !LDRAW_ORG Part UPDATE 2004-03

0 !LICENSE Licensed under CC BY 4.0 : see CAreadme.txt



0 BFC CERTIFY CCW



0 !HISTORY 2002-05-07 {unknown} BFC Certification

0 !HISTORY 2002-06-11 [PTadmin] Official Update 2002-03

0 !HISTORY 2004-02-08 [Steffen] used s\3001s01.dat

0 !HISTORY 2004-09-15 [PTadmin] Official Update 2004-03

0 !HISTORY 2007-05-07 [PTadmin] Header formatted for Contributor Agreement

0 !HISTORY 2008-07-01 [PTadmin] Official Update 2008-01





1 16 0 0 0 1 0 0 0 1 0 0 0 1 s__3001s01.dat

4 16 -40 0 -20 -40 24 -20 40 24 -20 40 0 -20

4 16 40 0 20 40 24 20 -40 24 20 -40 0 20

0

0 NOFILE

0 FILE s__3001s01.dat
0 ~Brick  2 x  4 without Front and Back Faces

0 Name: s\3001s01.dat

0 Author: James Jessiman

0 !LDRAW_ORG Subpart UPDATE 2004-03

0 !LICENSE Licensed under CC BY 4.0 : see CAreadme.txt



0 BFC CERTIFY CCW



0 !HISTORY 2002-05-07 {unknown} BFC certification

0 !HISTORY 2002-05-07 [westrate] Unknown change

0 !HISTORY 2004-09-15 [PTadmin] Official Update 2004-03

0 !HISTORY 2007-08-29 [PTadmin] Header formatted for Contributor Agreement

0 !HISTORY 2008-07-01 [PTadmin] Official Update 2008-01





0 // Uncomment for front and back faces:

0 // 4 16 40 0 -20 -40 0 -20 -40 24 -20 40 24 -20

0 // 4 16 40 0 20 -40 0 20 -40 24 20 40 24



1 16 20 4 0 1 0 0 0 -5 0 0 0 1 stud4.dat

1 16 0 4 0 1 0 0 0 -5 0 0 0 1 stud4.dat

1 16 -20 4 0 1 0 0 0 -5 0 0 0 1 stud4.dat

0 BFC INVERTNEXT

1 16 0 24 0 36 0 0 0 -20 0 0 0 16 box5.dat

4 16 40 24 20 36 24 16 -36 24 16 -40 24 20

4 16 -40 24 20 -36 24 16 -36 24 -16 -40 24 -20

4 16 -40 24 -20 -36 24 -16 36 24 -16 40 24 -20

4 16 40 24 -20 36 24 -16 36 24 16 40 24 20

1 16 0 24 0 0 0 40 0 -24 0 -20 0 0 box3u2p.dat

2 24 -40 24 -20 40 24 -20

2 24 -40 24 20 40 24 20

1 16 30 0 10 1 0 0 0 1 0 0 0 1 stud.dat

1 16 10 0 10 1 0 0 0 1 0 0 0 1 stud.dat

1 16 -10 0 10 1 0 0 0 1 0 0 0 1 stud.dat

1 16 -30 0 10 1 0 0 0 1 0 0 0 1 stud.dat

1 16 30 0 -10 1 0 0 0 1 0 0 0 1 stud.dat

1 16 10 0 -10 1 0 0 0 1 0 0 0 1 stud.dat

1 16 -10 0 -10 1 0 0 0 1 0 0 0 1 stud.dat

1 16 -30 0 -10 1 0 0 0 1 0 0 0 1 stud.dat

0

0 NOFILE

0 FILE 4460b.dat
0 Slope Brick 75  2 x  1 x  3 with Hollow Stud

0 Name: 4460b.dat

0 Author: Max Martin Richter [MMR1988]

0 !LDRAW_ORG Part UPDATE 2013-02

0 !LICENSE Licensed under CC BY 4.0 : see CAreadme.txt



0 BFC CERTIFY CCW



0 !HISTORY 2013-12-23 [PTadmin] Official Update 2013-02





1 16 0 0 0 1 0 0 0 1 0 0 0 1 s__4460s01.dat



1 16 0 0 0 1 0 0 0 1 0 0 0 1 stud2.dat

4 16 -6 4 -8 -6 4 6 6 4 6 6 4 -8

4 16 10 0 10 -10 0 10 -10 0 -10 10 0 -10

0 NOFILE

0 FILE s__4460s01.dat
0 ~Slope Brick 75  2 x  1 x  3 without Top Faces

0 Name: s\4460s01.dat

0 Author: James Jessiman

0 !LDRAW_ORG Subpart UPDATE 2013-02

0 !LICENSE Licensed under CC BY 4.0 : see CAreadme.txt



0 BFC CERTIFY CCW



0 !HISTORY 2013-12-18 [MMR1988] Subpart creation

0 !HISTORY 2013-12-23 [PTadmin] Official Update 2013-02





1 16 0 36 -20 10 0 0 0 -2 34 0 0 -10 box2-5.dat

1 16 0 36 10 0 0 -10 36 0 0 0 -1 0 rect2p.dat

1 16 0 0 0 10 0 0 0 1 0 0 0 10 recte3.dat

1 16 0 72 -10 10 0 0 0 1 0 0 0 20 recte3.dat



4 16 10 72 -30 10 72 10 10 0 10 10 0 -10

3 16 10 72 -30 10 0 -10 10 68 -30

4 16 -10 0 -10 -10 0 10 -10 72 10 -10 72 -30

3 16 -10 68 -30 -10 0 -10 -10 72 -30



0 BFC INVERTNEXT

1 16 0 38 -17 6 0 0 0 -2.5 31.5 0 0 -9 box2-7.dat

1 16 0 72 -21.5 6 0 0 0 1 0 0 0 -4.5 recte3.dat

1 16 0 4 -7.5 6 0 0 0 1 0 0 0 -0.5 recte3.dat



0 BFC INVERTNEXT

1 16 0 38 -3 0 0 6 34 0 0 0 9 0 box3u4a.dat



1 16 -6 38 -5 0 1 1 34 0 0 0 1 -1 box2-5.dat

1 16 6 38 -5 0 -1 -1 34 0 0 0 -1 1 box2-5.dat



4 16 6 21.5 -13 6 4 -8 6 72 -7 6 72 -13

3 16 6 4 -8 6 4 -7 6 72 -7

4 16 -6 72 -13 -6 72 -7 -6 4 -8 -6 21.5 -13

3 16 -6 72 -7 -6 4 -7 -6 4 -8

2 24 6 72 -7 6 72 -13

2 24 -6 72 -7 -6 72 -13



4 16 -6 21.5 -13 -4 28.5 -15 -4 72 -15 -6 72 -13

4 16 -4 72 -15 -4 28.5 -15 -6 35.5 -17 -6 72 -17

4 16 6 72 -13 4 72 -15 4 28.5 -15 6 21.5 -13

4 16 6 35.5 -17 4 28.5 -15 4 72 -15 6 72 -17

2 24 -6 72 -17 -6 35.5 -17

2 24 6 72 -17 6 35.5 -17

2 24 4 72 -15 4 28.5 -15

2 24 -4 72 -15 -4 28.5 -15

2 24 -6 72 -13 -6 21.5 -13

2 24 6 72 -13 6 21.5 -13

2 24 6 72 -13 4 72 -15

2 24 -6 72 -17 -4 72 -15

2 24 -6 72 -13 -4 72 -15

2 24 6 72 -17 4 72 -15

2 24 -6 21.5 -13 -4 28.5 -15

2 24 -4 28.5 -15 -6 35.5 -17

2 24 6 21.5 -13 4 28.5 -15

2 24 4 28.5 -15 6 35.5 -17



4 16 -6 35.5 -17 -6 67 -26 -6 72 -26 -6 72 -17

4 16 6 67 -26 6 35.5 -17 6 72 -17 6 72 -26



3 16 6 72 -3 6 72 -7 4 72 -5

3 16 -6 72 -3 -4 72 -5 -6 72 -7

3 16 6 72 -13 6 72 -17 4 72 -15

3 16 -6 72 -13 -4 72 -15 -6 72 -17

4 16 10 72 10 6 72 6 -6 72 6 -10 72 10

4 16 -10 72 -30 -6 72 -26 6 72 -26 10 72 -30

3 16 -10 72 10 -6 72 6 -6 72 -3

3 16 -10 72 10 -6 72 -3 -6 72 -7

4 16 -10 72 10 -6 72 -7 -6 72 -13 -10 72 -30

3 16 -6 72 -17 -10 72 -30 -6 72 -13

3 16 -10 72 -30 -6 72 -17 -6 72 -26

3 16 6 72 -3 6 72 6 10 72 10

3 16 6 72 -7 6 72 -3 10 72 10

4 16 10 72 -30 6 72 -13 6 72 -7 10 72 10

3 16 6 72 -13 10 72 -30 6 72 -17

3 16 6 72 -26 6 72 -17 10 72 -30

0 NOFILE

0 FILE 3684a.dat
0 Slope Brick 75  2 x  2 x  3 with Hollow Studs

0 Name: 3684a.dat

0 Author: James Jessiman

0 !LDRAW_ORG Part UPDATE 2016-01

0 !LICENSE Licensed under CC BY 4.0 : see CAreadme.txt



0 BFC CERTIFY CCW



0 !KEYWORDS Rebrickable 3684



0 !HISTORY 1998-06-20 [PTadmin] Official Update 1998-06

0 !HISTORY 2002-09-13 [izanette] modified with WINDZ for BFC compliance

0 !HISTORY 2003-11-11 [fwcain] subfiled.

0 !HISTORY 2004-09-15 [PTadmin] Official Update 2004-03

0 !HISTORY 2007-06-29 [PTadmin] Header formatted for Contributor Agreement

0 !HISTORY 2008-07-01 [PTadmin] Official Update 2008-01

0 !HISTORY 2016-12-26 [PTadmin] Renamed from 3684

0 !HISTORY 2016-12-27 [RabbiT_CZ] Updated for subfile without studs

0 !HISTORY 2016-12-31 [PTadmin] Official Update 2016-01





1 16 0 0 0 1 0 0 0 1 0 0 0 1 s__3684s01.dat

1 16 10 0 0 1 0 0 0 1 0 0 0 1 stud2.dat

1 16 -10 0 0 1 0 0 0 1 0 0 0 1 stud2.dat



4 16 20 0 -10 -20 0 -10 -20 68 -30 20 68 -30

4 16 20 72 10 -20 72 10 -20 0 10 20 0 10



0 // end of file

0 NOFILE

0 FILE s__3684s01.dat
0 ~Slope Brick 75  2 x  2 x  3 without Front and Back Surfaces and Studs

0 Name: s\3684s01.dat

0 Author: Franklin W. Cain [fwcain]

0 !LDRAW_ORG Subpart UPDATE 2016-01

0 !LICENSE Licensed under CC BY 4.0 : see CAreadme.txt



0 !HELP un-comment for front and back faces...

0 !HELP 4 16 20 72 10 -20 72 10 -20 0 10 20 0 10

0 !HELP 4 16 20 0 -10 -20 0 -10 -20 68 -30 20 68 -30



0 BFC CERTIFY CCW



0 !HISTORY 2004-01-31 [OrionP] Fixed error in BFC, Fixed L3P errors

0 !HISTORY 2004-09-15 [PTadmin] Official Update 2004-03

0 !HISTORY 2007-08-31 [PTadmin] Header formatted for Contributor Agreement

0 !HISTORY 2008-07-01 [PTadmin] Official Update 2008-01

0 !HISTORY 2016-12-27 [RabbiT_CZ] Fixed overlapping primitives, used more primitives

0 !HISTORY 2016-12-31 [PTadmin] Official Update 2016-01





1 16 0 11 -10 6 0 0 0 1 21 0 0 -6 2-4edge.dat

1 16 0 11 -10 8 0 0 0 1 28 0 0 -8 2-4edge.dat



1 16 0 39 -10 0 0 -8 0 -28 0 -8 0 0 1-4cyls.dat

1 16 0 39 -10 0 0 8 0 -28 0 -8 0 0 1-4cyls.dat



0 BFC INVERTNEXT

1 16 0 32 -10 0 0 -6 0 -21 0 -6 0 0 1-4cyls.dat

0 BFC INVERTNEXT

1 16 0 32 -10 0 0 6 0 -21 0 -6 0 0 1-4cyls.dat

0 BFC INVERTNEXT

1 16 0 32 -10 6 0 0 0 7 0 0 0 -6 4-4cyli.dat



1 16 0 4 -10 8 0 0 0 35 0 0 0 8 2-4cyli.dat



0 BFC INVERTNEXT

1 16 0 4 -10 6 0 0 0 28 0 0 0 6 2-4cyli.dat



1 16 0 4 -10 6 0 0 0 1 0 0 0 6 2-4edge.dat

1 16 0 4 -10 8 0 0 0 1 0 0 0 8 2-4edge.dat



2 24 8 11 -10 7.6023 4 -8

2 24 -8 11 -10 -7.6023 4 -8



2 24 6 11 -10 5.6 4 -8

2 24 -6 11 -10 -5.6 4 -8



1 16 0 39 -10 1 0 0 0 -8.25 0 0 0 1 stud4a.dat



2 24 -16 72 6 -16 72 -26

2 24 16 72 -26 16 72 6

2 24 20 72 10 -20 72 10

2 24 -20 72 10 -20 72 -30

2 24 20 72 -30 20 72 10



2 24 20 0 -10 20 68 -30

2 24 20 0 10 20 72 10

2 24 -20 0 -10 -20 68 -30

2 24 -20 0 10 -20 72 10



4 16 20 72 10 16 72 6 -16 72 6 -20 72 10

4 16 -20 72 -30 -16 72 -26 16 72 -26 20 72 -30



4 16 -16 72 -26 -20 72 -30 -20 72 10 -16 72 6

4 16 20 72 10 20 72 -30 16 72 -26 16 72 6



1 16 0 38 6 -16 0 0 0 0 34 0 1 0 rect.dat

1 16 0 69.5 -26 16 0 0 0 0 2.5 0 -1 0 rect.dat

1 16 0 70 -30 0 0 -20 -2 0 0 0 1 0 rect.dat

1 16 0 0 0 -20 0 0 0 1 0 0 0 -10 rect.dat

1 16 0 35.5 -17 16 0 0 0 -1 -31.5 0 0 9 rect3.dat

1 16 0 4 -1 0 0 16 0 -1 0 7 0 0 rect2p.dat



3 16 -16 4 6 -16 4 -8 -16 72 6

4 16 -16 4 -8 -16 67 -26 -16 72 -26 -16 72 6

4 16 16 67 -26 16 4 -8 16 72 6 16 72 -26

3 16 16 4 -8 16 4 6 16 72 6



4 16 20 72 10 20 0 10 20 0 -10 20 68 -30

3 16 20 72 -30 20 72 10 20 68 -30



4 16 -20 0 -10 -20 0 10 -20 72 10 -20 68 -30

3 16 -20 68 -30 -20 72 10 -20 72 -30



0 NOFILE

0 FILE 3685.dat
0 Slope Brick 75  2 x  2 x  3 Double Convex

0 Name: 3685.dat

0 Author: James Jessiman

0 !LDRAW_ORG Part UPDATE 2004-02

0 !LICENSE Licensed under CC BY 4.0 : see CAreadme.txt



0 BFC CERTIFY CCW



0 !HISTORY 1998-06-20 [PTadmin] Official Update 1998-06

0 !HISTORY 2002-09-13 [izanette] Modified with WINDZ for BFC compliance

0 !HISTORY 2004-04-08 [OrionP] Fix L3P -check erorrs

0 !HISTORY 2004-04-22 [PTadmin] Official Update 2004-02

0 !HISTORY 2007-06-29 [PTadmin] Header formatted for Contributor Agreement

0 !HISTORY 2008-07-01 [PTadmin] Official Update 2008-01





2 24 10 11 -4 8 4 -4.42

2 24 8 4 -4.42 7.72 4 -4.48

2 24 7.72 4 -4.48 5.8 4 -5.8

1 16 10 11 -10 6 0 0 21 1 0 0 0 6 1-4edge.dat

1 16 10 11 -10 6 0 0 21 1 0 0 0 -6 1-8edge.dat

2 24 5.8 4 -5.8 4.48 4 -7.72

2 24 4.48 4 -7.72 4.42 4 -8

2 24 4.42 4 -8 4 11 -10

1 16 10 11 -10 -6 0 0 0 1 21 0 0 -6 1-4edge.dat

1 16 10 11 -10 0 0 6 21 1 0 -6 0 0 1-8edge.dat



2 24 10 11 -2 8 4 -3.11

2 24 8 4 -3.11 6.96 4 -2.64

2 24 6.96 4 -2.64 4.4 4 -4.4

1 16 10 11 -10 8 0 0 28 1 0 0 0 8 1-4edge.dat

1 16 10 11 -10 8 0 0 28 1 0 0 0 -8 1-8edge.dat

2 24 4.4 4 -4.4 2.64 4 -6.96

2 24 2.64 4 -6.96 3.11 4 -8

2 24 3.11 4 -8 2 11 -10

1 16 10 11 -10 -8 0 0 0 1 28 0 0 -8 1-4edge.dat

1 16 10 11 -10 0 0 8 28 1 0 -8 0 0 1-8edge.dat



0 BFC INVERTNEXT

1 16 10 4 -10 -6 0 0 0 36 0 0 0 6 1-4cyli.dat

0 BFC INVERTNEXT

1 16 10 11 -10 -6 0 0 0 29 21 0 0 -6 1-4cyli.dat

0 BFC INVERTNEXT

1 16 10 11 -10 6 0 0 21 29 0 0 0 6 1-4cyli.dat

0 BFC INVERTNEXT

1 16 10 11 -10 6 0 0 21 29 0 0 0 -6 1-8cyli.dat

0 BFC INVERTNEXT

1 16 10 11 -10 0 0 6 21 29 0 -6 0 0 1-8cyli.dat

1 16 10 4 -10 -8 0 0 0 36 0 0 0 8 1-4cyli.dat

1 16 10 11 -10 -8 0 0 0 29 28 0 0 -8 1-4cyli.dat

1 16 10 11 -10 8 0 0 28 29 0 0 0 8 1-4cyli.dat

1 16 10 11 -10 8 0 0 28 29 0 0 0 -8 1-8cyli.dat

1 16 10 11 -10 0 0 8 28 29 0 -8 0 0 1-8cyli.dat



1 16 10 40 -10 1 0 0 0 -8 0 0 0 1 stud4a.dat



2 24 26 72 6 -6 72 6

2 24 -6 72 6 -6 72 -26

2 24 -6 72 -26 26 72 -26

2 24 26 72 -26 26 72 6



2 24 30 72 10 -10 72 10

2 24 -10 72 10 -10 72 -30

2 24 -10 72 -30 30 72 -30

2 24 30 72 -30 30 72 10



2 24 26 67 -26 -6 67 -26

2 24 26 67 6 26 67 -26



2 24 30 68 -30 -10 68 -30

2 24 30 68 10 30 68 -30



2 24 8 4 -8 -6 4 -8

2 24 -6 4 -8 -6 4 6

2 24 -6 4 6 8 4 6

2 24 8 4 6 8 4 -8



2 24 10 0 -10 -10 0 -10

2 24 -10 0 -10 -10 0 10

2 24 -10 0 10 10 0 10

2 24 10 0 10 10 0 -10



2 24 26 67 -26 26 72 -26

2 24 26 67 6 26 72 6

2 24 -6 67 -26 -6 72 -26



2 24 30 68 -30 30 72 -30

2 24 30 68 10 30 72 10

2 24 -10 68 -30 -10 72 -30



2 24 8 4 -8 26 67 -26

2 24 -6 4 -8 -6 67 -26

2 24 -6 4 6 -6 72 6

2 24 8 4 6 26 67 6



2 24 10 0 -10 30 68 -30

2 24 -10 0 -10 -10 68 -30

2 24 -10 0 10 -10 72 10

2 24 10 0 10 30 68 10



4 16 30 72 10 26 72 6 -6 72 6 -10 72 10

4 16 -10 72 10 -6 72 6 -6 72 -26 -10 72 -30

4 16 -10 72 -30 -6 72 -26 26 72 -26 30 72 -30

4 16 30 72 -30 26 72 -26 26 72 6 30 72 10



4 16 8 4 -8 -6 4 -8 -6 4 6 8 4 6



4 16 10 0 -10 10 0 10 -10 0 10 -10 0 -10



4 16 26 67 -26 26 67 6 26 72 6 26 72 -26

4 16 26 67 -26 26 72 -26 -6 72 -26 -6 67 -26



4 16 30 68 -30 30 72 -30 30 72 10 30 68 10

4 16 30 68 -30 -10 68 -30 -10 72 -30 30 72 -30



4 16 8 4 -8 26 67 -26 -6 67 -26 -6 4 -8

3 16 -6 4 -8 -6 67 -26 -6 72 -26

4 16 -6 4 -8 -6 72 -26 -6 72 6 -6 4 6

4 16 -6 4 6 -6 72 6 26 72 6 8 4 6

3 16 8 4 6 26 72 6 26 67 6

4 16 8 4 6 26 67 6 26 67 -26 8 4 -8



4 16 10 0 -10 -10 0 -10 -10 68 -30 30 68 -30

3 16 -10 0 -10 -10 72 -30 -10 68 -30

4 16 -10 0 -10 -10 0 10 -10 72 10 -10 72 -30

4 16 -10 0 10 10 0 10 30 72 10 -10 72 10

3 16 10 0 10 30 68 10 30 72 10

4 16 10 0 10 10 0 -10 30 68 -30 30 68 10



1 16 0 0 0 1 0 0 0 1 0 0 0 1 stud2.dat

0 NOFILE

0 FILE 3811.dat
0 Baseplate 32 x 32

0 Name: 3811.dat

0 Author: James Jessiman

0 !LDRAW_ORG Part UPDATE 2025-09

0 !LICENSE Licensed under CC BY 4.0 : see CAreadme.txt



0 BFC CERTIFY CCW



0 !HISTORY 1998-06-20 [PTadmin] Official Update 1998-06

0 !HISTORY 2004-12-06 [mkennedy] Used 3811 subpart and studgroups

0 !HISTORY 2005-12-28 [PTadmin] Official Update 2005-01

0 !HISTORY 2007-06-29 [PTadmin] Header formatted for Contributor Agreement

0 !HISTORY 2008-07-01 [PTadmin] Official Update 2008-01

0 !HISTORY 2025-09-27 [OrionP] Changed winding to CCW

0 !HISTORY 2025-09-29 [OrionP] Official Update 2025-09



1 16 0 0 0 1 0 0 0 1 0 0 0 1 s__3811s01.dat

0

1 16 316 0 316 4 0 0 0 1 0 0 0 4 1-4disc.dat

1 16 -316 0 316 -4 0 0 0 1 0 0 0 4 1-4disc.dat

1 16 -316 0 -316 -4 0 0 0 1 0 0 0 -4 1-4disc.dat

1 16 316 0 -316 4 0 0 0 1 0 0 0 -4 1-4disc.dat

0

4 16 316 0 316 316 0 320 -316 0 320 -316 0 316

4 16 -316 0 -316 -316 0 -320 316 0 -320 316 0 -316

4 16 320 0 316 -320 0 316 -320 0 -316 320 0 -316

0

1 16 -240 0 240 1 0 0 0 1 0 0 0 1 stug8.dat

1 16 -240 0 80 1 0 0 0 1 0 0 0 1 stug8.dat

1 16 -240 0 -80 1 0 0 0 1 0 0 0 1 stug8.dat

1 16 -240 0 -240 1 0 0 0 1 0 0 0 1 stug8.dat

1 16 -80 0 240 1 0 0 0 1 0 0 0 1 stug8.dat

1 16 -80 0 80 1 0 0 0 1 0 0 0 1 stug8.dat

1 16 -80 0 -80 1 0 0 0 1 0 0 0 1 stug8.dat

1 16 -80 0 -240 1 0 0 0 1 0 0 0 1 stug8.dat

1 16 80 0 240 1 0 0 0 1 0 0 0 1 stug8.dat

1 16 80 0 80 1 0 0 0 1 0 0 0 1 stug8.dat

1 16 80 0 -80 1 0 0 0 1 0 0 0 1 stug8.dat

1 16 80 0 -240 1 0 0 0 1 0 0 0 1 stug8.dat

1 16 240 0 240 1 0 0 0 1 0 0 0 1 stug8.dat

1 16 240 0 80 1 0 0 0 1 0 0 0 1 stug8.dat

1 16 240 0 -80 1 0 0 0 1 0 0 0 1 stug8.dat

1 16 240 0 -240 1 0 0 0 1 0 0 0 1 stug8.dat

0
0 NOFILE

0 FILE stug8.dat
0 ~Moved to stug-8x8

0 Name: stug8.dat

0 Author: [PTadmin]

0 !LDRAW_ORG Primitive UPDATE 2011-01

0 !LICENSE Licensed under CC BY 4.0 : see CAreadme.txt



0 BFC CERTIFY CCW



0 !HISTORY 2011-07-25 [PTadmin] Official Update 2011-01





0 // Stud Group 8 x 8

1 16 0 0 0 1 0 0 0 1 0 0 0 1 stug-8x8.dat

0 NOFILE

0 FILE stug-8x8.dat
0 Stud Group  8 x  8

0 Name: stug-8x8.dat

0 Author: Tore Eriksson [Tore_Eriksson]

0 !LDRAW_ORG Primitive UPDATE 2011-01

0 !LICENSE Licensed under CC BY 4.0 : see CAreadme.txt



0 BFC CERTIFY CCW



0 !HISTORY 2005-12-28 [PTadmin] Official Update 2005-01

0 !HISTORY 2007-05-04 [PTadmin] Header formatted for Contributor Agreement

0 !HISTORY 2008-07-01 [PTadmin] Official Update 2008-01

0 !HISTORY 2011-07-01 [PTadmin] Renamed from stug8

0 !HISTORY 2011-07-25 [PTadmin] Official Update 2011-01





1 16 -40 0 -40 1 0 0 0 1 0 0 0 1 stug-4x4.dat

1 16 -40 0 40 1 0 0 0 1 0 0 0 1 stug-4x4.dat

1 16 40 0 -40 1 0 0 0 1 0 0 0 1 stug-4x4.dat

1 16 40 0 40 1 0 0 0 1 0 0 0 1 stug-4x4.dat

0

0 NOFILE

0 FILE stug-4x4.dat
0 Stud Group  4 x  4

0 Name: stug-4x4.dat

0 Author: Tore Eriksson [Tore_Eriksson]

0 !LDRAW_ORG Primitive UPDATE 2011-01

0 !LICENSE Licensed under CC BY 4.0 : see CAreadme.txt



0 BFC CERTIFY CCW



0 !HISTORY 2004-10-31 [Steffen] used stug2.dat

0 !HISTORY 2005-12-28 [PTadmin] Official Update 2005-01

0 !HISTORY 2007-05-04 [PTadmin] Header formatted for Contributor Agreement

0 !HISTORY 2008-07-01 [PTadmin] Official Update 2008-01

0 !HISTORY 2011-07-01 [PTadmin] Renamed from stug4

0 !HISTORY 2011-07-25 [PTadmin] Official Update 2011-01





1 16 -20 0 -20 1 0 0 0 1 0 0 0 1 stug-2x2.dat

1 16 -20 0 20 1 0 0 0 1 0 0 0 1 stug-2x2.dat

1 16 20 0 20 1 0 0 0 1 0 0 0 1 stug-2x2.dat

1 16 20 0 -20 1 0 0 0 1 0 0 0 1 stug-2x2.dat

0

0 NOFILE

0 FILE s__3811s01.dat
0 ~Baseplate 32 x 32 without Top Surface

0 Name: s\3811s01.dat

0 Author: Mark Kennedy [mkennedy]

0 !LDRAW_ORG Subpart UPDATE 2025-09

0 !LICENSE Licensed under CC BY 4.0 : see CAreadme.txt



0 BFC CERTIFY CCW



0 !HISTORY 2004-04-22 [PTadmin] Official Update 2004-02

0 !HISTORY 2007-08-31 [PTadmin] Header formatted for Contributor Agreement

0 !HISTORY 2008-07-01 [PTadmin] Official Update 2008-01

0 !HISTORY 2025-09-27 [OrionP] Changed winding to CCW

0 !HISTORY 2025-09-29 [OrionP] Official Update 2025-09



1 16 0 2 320 316 0 0 0 0 2 0 -1 0 rect2p.dat

1 16 320 2 0 0 -1 0 0 0 2 316 0 0 rect2p.dat

1 16 0 2 -320 316 0 0 0 0 2 0 1 0 rect2p.dat

1 16 -320 2 0 0 1 0 0 0 2 316 0 0 rect2p.dat

1 16 316 4 316 4 0 0 0 1 0 0 0 4 1-4edge.dat

1 16 -316 4 316 -4 0 0 0 1 0 0 0 4 1-4edge.dat

1 16 -316 4 -316 -4 0 0 0 1 0 0 0 -4 1-4edge.dat

1 16 316 4 -316 4 0 0 0 1 0 0 0 -4 1-4edge.dat

1 16 316 0 316 4 0 0 0 1 0 0 0 4 1-4edge.dat

1 16 -316 0 316 -4 0 0 0 1 0 0 0 4 1-4edge.dat

1 16 -316 0 -316 -4 0 0 0 1 0 0 0 -4 1-4edge.dat

1 16 316 0 -316 4 0 0 0 1 0 0 0 -4 1-4edge.dat

1 16 316 4 316 4 0 0 0 -1 0 0 0 4 1-4disc.dat

1 16 -316 4 316 -4 0 0 0 -1 0 0 0 4 1-4disc.dat

1 16 -316 4 -316 -4 0 0 0 -1 0 0 0 -4 1-4disc.dat

1 16 316 4 -316 4 0 0 0 -1 0 0 0 -4 1-4disc.dat

4 16 -316 4 316 -316 4 320 316 4 320 316 4 316

4 16 316 4 -316 316 4 -320 -316 4 -320 -316 4 -316

4 16 320 4 -316 -320 4 -316 -320 4 316 320 4 316

1 16 316 0 316 4 0 0 0 4 0 0 0 4 1-4cyli.dat

1 16 -316 0 316 -4 0 0 0 4 0 0 0 4 1-4cyli.dat

1 16 -316 0 -316 -4 0 0 0 4 0 0 0 -4 1-4cyli.dat

1 16 316 0 -316 4 0 0 0 4 0 0 0 -4 1-4cyli.dat

0
0 NOFILE
