0 FILE tinsel-griffin-isdf-v3-main.ldr
0 
0 Name:  Tinsel-Griffin[ISDF]V3
0 Author:  
0 CustomBrick
0 FlexibleBrickControlPointUnitLength -1
0 FlexibleBrickLockedControlPoint 
1 8 10.000000 -24.000000 -10.000000 1.000000 0.000000 0.000000 0.000000 1.000000 0.000000 0.000000 0.000000 1.000000 47905.dat
1 0 10.000000 -14.000000 26.000000 0.000000 0.000000 -1.000000 -1.000000 0.000000 0.000000 0.000000 1.000000 0.000000 32523.dat
1 0 10.000000 -14.000000 -46.000000 0.000000 0.000000 -1.000000 -1.000000 0.000000 0.000000 0.000000 1.000000 0.000000 32523.dat
1 10 10.000000 -32.000000 -10.000000 1.000000 0.000000 0.000000 0.000000 1.000000 0.000000 0.000000 0.000000 1.000000 3022.dat
1 8 20.000000 -40.000000 -10.000000 0.000000 0.000000 -1.000000 0.000000 1.000000 0.000000 1.000000 0.000000 0.000000 3794b.dat
1 10 0.000000 -56.000000 -10.000000 0.000000 0.000000 -1.000000 0.000000 1.000000 0.000000 1.000000 0.000000 0.000000 3070b.dat
1 8 0.000000 -40.000000 -10.000000 0.000000 0.000000 -1.000000 0.000000 1.000000 0.000000 1.000000 0.000000 0.000000 3794b.dat
1 10 0.000000 -48.000000 -10.000000 0.000000 0.000000 1.000000 0.000000 1.000000 0.000000 -1.000000 0.000000 0.000000 36841.dat
1 10 -22.000000 -38.000000 -10.000000 0.000000 1.000000 0.000000 0.000000 0.000000 1.000000 1.000000 0.000000 0.000000 4081b.dat
1 10 -20.000000 -58.000000 2.000000 1.000000 0.000000 0.000000 0.000000 0.000000 1.000000 0.000000 -1.000000 0.000000 85861.dat
1 10 -20.000000 -58.000000 -22.000000 -1.000000 0.000000 0.000000 0.000000 0.000000 1.000000 0.000000 1.000000 0.000000 85861.dat
1 10 -11.808480 -63.735780 10.000000 0.819152 0.000000 0.573577 -0.573577 0.000000 0.819152 0.000000 -1.000000 0.000000 35480.dat
1 10 -11.808480 -63.735780 -30.000000 -0.819153 0.000000 0.573577 0.573577 0.000000 0.819152 0.000000 1.000000 0.000000 35480.dat
1 10 -30.000000 -38.000000 -10.000000 0.000000 1.000000 0.000000 0.000000 0.000000 1.000000 1.000000 0.000000 0.000000 3069b.dat
1 0 -3.616970 -69.471530 34.000000 1.000000 0.000000 0.000002 -0.000002 0.000000 1.000000 0.000000 -1.000000 0.000000 4733.dat
1 0 6.383060 -51.471550 24.000000 1.000000 0.000000 0.000000 0.000000 -1.000000 0.000000 0.000000 0.000000 -1.000000 3069b.dat
1 0 14.383030 -69.471560 24.000000 0.000000 -1.000000 0.000000 0.000000 0.000000 1.000000 -1.000000 0.000000 0.000000 3070b.dat
1 0 -3.616950 -69.471530 -54.000000 1.000000 0.000000 -0.000001 -0.000001 0.000000 -1.000000 0.000000 1.000000 0.000000 4733.dat
1 0 6.383070 -51.471530 -44.000000 1.000000 -0.000001 0.000000 -0.000001 -1.000000 0.000000 0.000000 0.000000 -1.000000 3069b.dat
1 0 14.383050 -69.471550 -44.000000 0.000000 -1.000000 0.000000 0.000000 0.000000 -1.000000 1.000000 0.000000 0.000000 3070b.dat
1 40 20.000000 -40.000000 -10.000000 0.000000 0.000000 -1.000000 0.000000 1.000000 0.000000 1.000000 0.000000 0.000000 54200.dat
1 8 10.000000 -14.000000 8.000000 1.000000 0.000000 0.000000 0.000000 0.000000 1.000000 0.000000 -1.000000 0.000000 35480.dat
1 8 10.000000 -14.000000 16.000000 1.000000 0.000000 0.000000 0.000000 0.000000 1.000000 0.000000 -1.000000 0.000000 3794b.dat
1 8 10.000000 -14.000000 -28.000000 1.000000 0.000000 0.000000 0.000000 0.000000 -1.000000 0.000000 1.000000 0.000000 35480.dat
1 8 10.000000 -14.000000 -36.000000 1.000000 0.000000 0.000000 0.000000 0.000000 -1.000000 0.000000 1.000000 0.000000 3794b.dat
1 0 6.383060 -69.471530 -62.000000 1.000000 0.000000 0.000000 0.000000 0.000000 -1.000000 0.000000 1.000000 0.000000 3794b.dat
1 0 6.383030 -69.471530 42.000000 1.000000 0.000000 0.000000 0.000000 0.000000 1.000000 0.000000 -1.000000 0.000000 3794b.dat
1 0 6.383010 -87.471530 24.000000 1.000000 0.000000 0.000000 0.000000 1.000000 0.000000 0.000000 0.000000 1.000000 3794b.dat
1 0 6.383040 -87.471530 -44.000000 1.000000 0.000000 0.000000 0.000000 1.000000 0.000000 0.000000 0.000000 1.000000 3794b.dat
1 4 6.383040 -87.471530 -34.000000 1.000000 0.000000 0.000000 0.000000 1.000000 0.000000 0.000000 0.000000 1.000000 11477.dat
1 4 6.383010 -87.471530 14.000000 -1.000000 0.000000 0.000000 0.000000 1.000000 0.000000 0.000000 0.000000 -1.000000 11477.dat
1 4 6.383060 -69.471530 -69.999970 1.000000 0.000000 0.000000 0.000000 0.000000 -1.000000 0.000000 1.000000 0.000000 14769.dat
1 4 6.383030 -69.471530 50.000060 -1.000000 0.000000 0.000000 0.000000 0.000000 -1.000000 0.000000 -1.000000 0.000000 14769.dat
0 NOFILE

0 FILE 14769.dat
0 Tile  2 x  2 Round with Round Underside Stud

0 Name: 14769.dat

0 Author: Max Martin Richter [MMR1988]

0 !LDRAW_ORG Part UPDATE 2014-02

0 !LICENSE Licensed under CC BY 4.0 : see CAreadme.txt



0 BFC CERTIFY CCW



0 !HISTORY 2014-12-23 [PTadmin] Official Update 2014-02





1 16 0 0 0 1 0 0 0 1 0 0 0 1 s__14769s01.dat

1 16 0 0 0 20 0 0 0 1 0 0 0 20 4-4disc.dat

0 NOFILE

0 FILE 4-4disc.dat
0 Disc 1.0

0 Name: 4-4disc.dat

0 Author: James Jessiman

0 !LDRAW_ORG Primitive UPDATE 2002-02

0 !LICENSE Licensed under CC BY 4.0 : see CAreadme.txt



0 BFC CERTIFY CCW



0 !HISTORY 1998-12-15 [PTadmin] Official Update 1998-10

0 !HISTORY 2002-03-23 [sbliss] Added BFC statement

0 !HISTORY 2002-04-25 [PTadmin] Official Update 2002-02

0 !HISTORY 2007-06-24 [PTadmin] Header formatted for Contributor Agreement

0 !HISTORY 2008-07-01 [PTadmin] Official Update 2008-01





3 16 0 0 0 1 0 0 0.9239 0 0.3827

3 16 0 0 0 0.9239 0 0.3827 0.7071 0 0.7071

3 16 0 0 0 0.7071 0 0.7071 0.3827 0 0.9239

3 16 0 0 0 0.3827 0 0.9239 0 0 1

3 16 0 0 0 0 0 1 -0.3827 0 0.9239

3 16 0 0 0 -0.3827 0 0.9239 -0.7071 0 0.7071

3 16 0 0 0 -0.7071 0 0.7071 -0.9239 0 0.3827

3 16 0 0 0 -0.9239 0 0.3827 -1 0 -0

3 16 0 0 0 -1 0 -0 -0.9239 0 -0.3827

3 16 0 0 0 -0.9239 0 -0.3827 -0.7071 0 -0.7071

3 16 0 0 0 -0.7071 0 -0.7071 -0.3827 0 -0.9239

3 16 0 0 0 -0.3827 0 -0.9239 0 0 -1

3 16 0 0 0 0 0 -1 0.3827 0 -0.9239

3 16 0 0 0 0.3827 0 -0.9239 0.7071 0 -0.7071

3 16 0 0 0 0.7071 0 -0.7071 0.9239 0 -0.3827

3 16 0 0 0 0.9239 0 -0.3827 1 0 0

0

0 NOFILE

0 FILE s__14769s01.dat
0 ~Tile  2 x  2 Round with Round Underside Stud without Top Face

0 Name: s\14769s01.dat

0 Author: Max Martin Richter [MMR1988]

0 !LDRAW_ORG Subpart UPDATE 2014-02

0 !LICENSE Licensed under CC BY 4.0 : see CAreadme.txt



0 BFC CERTIFY CCW



0 !HISTORY 2014-12-23 [PTadmin] Official Update 2014-02





1 16 0 0 0 1 0 0 0 1 0 0 0 1 s__15535s02.dat

1 16 0 0 0 0 0 -1 0 1 0 1 0 0 s__15535s02.dat

1 16 0 0 0 -1 0 0 0 1 0 0 0 -1 s__15535s02.dat

1 16 0 0 0 0 0 1 0 1 0 -1 0 0 s__15535s02.dat

1 16 0 4 0 6 0 0 0 -1 0 0 0 6 4-4disc.dat



1 16 0 4 0 1 0 0 0 -1 0 0 0 1 stud4.dat

0 NOFILE

0 FILE stud4.dat
0 Stud Tube Open

0 Name: stud4.dat

0 Author: James Jessiman

0 !LDRAW_ORG Primitive UPDATE 2009-02

0 !LICENSE Licensed under CC BY 4.0 : see CAreadme.txt



0 BFC CERTIFY CCW



0 !HISTORY 1999-07-05 [PTadmin] Official Update 1999-05

0 !HISTORY 2002-04-04 [sbliss] Modified for BFC compliance

0 !HISTORY 2002-04-25 [PTadmin] Official Update 2002-02

0 !HISTORY 2007-06-24 [PTadmin] Header formatted for Contributor Agreement

0 !HISTORY 2008-07-01 [PTadmin] Official Update 2008-01

0 !HISTORY 2009-06-21 [cwdee] Update ring references to 4-4ring

0 !HISTORY 2009-09-03 [PTadmin] Official Update 2009-02





1 16 0 -4 0 6 0 0 0 1 0 0 0 6 4-4edge.dat

1 16 0 -4 0 8 0 0 0 1 0 0 0 8 4-4edge.dat

1 16 0 0 0 6 0 0 0 1 0 0 0 6 4-4edge.dat

1 16 0 0 0 8 0 0 0 1 0 0 0 8 4-4edge.dat

0 BFC INVERTNEXT

1 16 0 -4 0 6 0 0 0 4 0 0 0 6 4-4cyli.dat

1 16 0 -4 0 8 0 0 0 4 0 0 0 8 4-4cyli.dat

1 16 0 -4 0 2 0 0 0 1 0 0 0 2 4-4ring3.dat

0

0 NOFILE

0 FILE 4-4ring3.dat
0 Ring  3 x 1.0

0 Name: 4-4ring3.dat

0 Author: James Jessiman

0 !LDRAW_ORG Primitive UPDATE 2009-01

0 !LICENSE Licensed under CC BY 4.0 : see CAreadme.txt



0 BFC CERTIFY CCW



0 !HISTORY 1998-12-15 [PTadmin] Official Update 1998-10

0 !HISTORY 2002-04-05 [hafhead] Added BFC statement

0 !HISTORY 2002-04-25 [PTadmin] Official Update 2002-02

0 !HISTORY 2007-06-24 [PTadmin] Header formatted for Contributor Agreement

0 !HISTORY 2008-07-01 [PTadmin] Official Update 2008-01

0 !HISTORY 2008-08-26 [cwdee] Switch polygon winding and rename

0 !HISTORY 2009-05-02 [PTadmin] Official Update 2009-01





4 16 -1.5308 0 3.6956 -1.1481 0 2.7717 0 0 3 0 0 4

4 16 -2.8284 0 2.8284 -2.1213 0 2.1213 -1.1481 0 2.7717 -1.5308 0 3.6956

4 16 -3.6956 0 1.5308 -2.7717 0 1.1481 -2.1213 0 2.1213 -2.8284 0 2.8284

4 16 -4 0 0 -3 0 0 -2.7717 0 1.1481 -3.6956 0 1.5308

4 16 -3.6956 0 -1.5308 -2.7717 0 -1.1481 -3 0 0 -4 0 0

4 16 -2.8284 0 -2.8284 -2.1213 0 -2.1213 -2.7717 0 -1.1481 -3.6956 0 -1.5308

4 16 -1.5308 0 -3.6956 -1.1481 0 -2.7717 -2.1213 0 -2.1213 -2.8284 0 -2.8284

4 16 0 0 -4 0 0 -3 -1.1481 0 -2.7717 -1.5308 0 -3.6956

4 16 1.5308 0 -3.6956 1.1481 0 -2.7717 0 0 -3 0 0 -4

4 16 2.8284 0 -2.8284 2.1213 0 -2.1213 1.1481 0 -2.7717 1.5308 0 -3.6956

4 16 3.6956 0 -1.5308 2.7717 0 -1.1481 2.1213 0 -2.1213 2.8284 0 -2.8284

4 16 4 0 0 3 0 0 2.7717 0 -1.1481 3.6956 0 -1.5308

4 16 3.6956 0 1.5308 2.7717 0 1.1481 3 0 0 4 0 0

4 16 2.8284 0 2.8284 2.1213 0 2.1213 2.7717 0 1.1481 3.6956 0 1.5308

4 16 1.5308 0 3.6956 1.1481 0 2.7717 2.1213 0 2.1213 2.8284 0 2.8284

4 16 0 0 4 0 0 3 1.1481 0 2.7717 1.5308 0 3.6956

0

0 NOFILE

0 FILE 4-4cyli.dat
0 Cylinder 1.0

0 Name: 4-4cyli.dat

0 Author: James Jessiman

0 !LDRAW_ORG Primitive UPDATE 2005-01

0 !LICENSE Licensed under CC BY 4.0 : see CAreadme.txt



0 BFC CERTIFY CCW



0 !HISTORY 1998-12-15 [PTadmin] Official Update 1998-10

0 !HISTORY 2002-03-23 [sbliss] Added BFC statement; merged headers from files in distributions LDraw 0.27 and Complete.

0 !HISTORY 2002-04-25 [PTadmin] Official Update 2002-02

0 !HISTORY 2004-12-14 [guyvivan] BFC CCW

0 !HISTORY 2005-12-28 [PTadmin] Official Update 2005-01

0 !HISTORY 2007-06-24 [PTadmin] Header formatted for Contributor Agreement

0 !HISTORY 2008-07-01 [PTadmin] Official Update 2008-01





4 16 1 1 0 0.9239 1 0.3827 0.9239 0 0.3827 1 0 0

5 24 1 0 0 1 1 0 0.9239 0 0.3827 0.9239 0 -0.3827

4 16 0.9239 1 0.3827 0.7071 1 0.7071 0.7071 0 0.7071 0.9239 0 0.3827

5 24 0.9239 0 0.3827 0.9239 1 0.3827 0.7071 0 0.7071 1 0 0

4 16 0.7071 1 0.7071 0.3827 1 0.9239 0.3827 0 0.9239 0.7071 0 0.7071

5 24 0.7071 0 0.7071 0.7071 1 0.7071 0.3827 0 0.9239 0.9239 0 0.3827

4 16 0.3827 1 0.9239 0 1 1 0 0 1 0.3827 0 0.9239

5 24 0.3827 0 0.9239 0.3827 1 0.9239 0 0 1 0.7071 0 0.7071

4 16 0 1 1 -0.3827 1 0.9239 -0.3827 0 0.9239 0 0 1

5 24 0 0 1 0 1 1 -0.3827 0 0.9239 0.3827 0 0.9239

4 16 -0.3827 1 0.9239 -0.7071 1 0.7071 -0.7071 0 0.7071 -0.3827 0 0.9239

5 24 -0.3827 0 0.9239 -0.3827 1 0.9239 -0.7071 0 0.7071 0 0 1

4 16 -0.7071 1 0.7071 -0.9239 1 0.3827 -0.9239 0 0.3827 -0.7071 0 0.7071

5 24 -0.7071 0 0.7071 -0.7071 1 0.7071 -0.9239 0 0.3827 -0.3827 0 0.9239

4 16 -0.9239 1 0.3827 -1 1 0 -1 0 0 -0.9239 0 0.3827

5 24 -0.9239 0 0.3827 -0.9239 1 0.3827 -1 0 0 -0.7071 0 0.7071

4 16 -1 1 0 -0.9239 1 -0.3827 -0.9239 0 -0.3827 -1 0 0

5 24 -1 0 0 -1 1 0 -0.9239 0 -0.3827 -0.9239 0 0.3827

4 16 -0.9239 1 -0.3827 -0.7071 1 -0.7071 -0.7071 0 -0.7071 -0.9239 0 -0.3827

5 24 -0.9239 0 -0.3827 -0.9239 1 -0.3827 -0.7071 0 -0.7071 -1 0 0

4 16 -0.7071 1 -0.7071 -0.3827 1 -0.9239 -0.3827 0 -0.9239 -0.7071 0 -0.7071

5 24 -0.7071 0 -0.7071 -0.7071 1 -0.7071 -0.3827 0 -0.9239 -0.9239 0 -0.3827

4 16 -0.3827 1 -0.9239 0 1 -1 0 0 -1 -0.3827 0 -0.9239

5 24 -0.3827 0 -0.9239 -0.3827 1 -0.9239 0 0 -1 -0.7071 0 -0.7071

4 16 0 1 -1 0.3827 1 -0.9239 0.3827 0 -0.9239 0 0 -1

5 24 0 0 -1 0 1 -1 0.3827 0 -0.9239 -0.3827 0 -0.9239

4 16 0.3827 1 -0.9239 0.7071 1 -0.7071 0.7071 0 -0.7071 0.3827 0 -0.9239

5 24 0.3827 0 -0.9239 0.3827 1 -0.9239 0.7071 0 -0.7071 0 0 -1

4 16 0.7071 1 -0.7071 0.9239 1 -0.3827 0.9239 0 -0.3827 0.7071 0 -0.7071

5 24 0.7071 0 -0.7071 0.7071 1 -0.7071 0.9239 0 -0.3827 0.3827 0 -0.9239

4 16 0.9239 1 -0.3827 1 1 0 1 0 0 0.9239 0 -0.3827

5 24 0.9239 0 -0.3827 0.9239 1 -0.3827 1 0 0 0.7071 0 -0.7071

0

0 NOFILE

0 FILE 4-4edge.dat
0 Circle 1.0

0 Name: 4-4edge.dat

0 Author: James Jessiman

0 !LDRAW_ORG Primitive UPDATE 2017-01

0 !LICENSE Licensed under CC BY 4.0 : see CAreadme.txt



0 BFC CERTIFY CCW



0 !HISTORY 1998-12-15 [PTadmin] Official Update 1998-10

0 !HISTORY 2005-12-28 [PTadmin] Official Update 2005-01

0 !HISTORY 2007-06-24 [PTadmin] Header formatted for Contributor Agreement

0 !HISTORY 2008-07-01 [PTadmin] Official Update 2008-01

0 !HISTORY 2017-01-15 [Steffen] BFCed

0 !HISTORY 2017-12-30 [PTadmin] Official Update 2017-01





2 24 1 0 0 0.9239 0 0.3827

2 24 0.9239 0 0.3827 0.7071 0 0.7071

2 24 0.7071 0 0.7071 0.3827 0 0.9239

2 24 0.3827 0 0.9239 0 0 1

2 24 0 0 1 -0.3827 0 0.9239

2 24 -0.3827 0 0.9239 -0.7071 0 0.7071

2 24 -0.7071 0 0.7071 -0.9239 0 0.3827

2 24 -0.9239 0 0.3827 -1 0 -0

2 24 -1 0 -0 -0.9239 0 -0.3827

2 24 -0.9239 0 -0.3827 -0.7071 0 -0.7071

2 24 -0.7071 0 -0.7071 -0.3827 0 -0.9239

2 24 -0.3827 0 -0.9239 0 0 -1

2 24 0 0 -1 0.3827 0 -0.9239

2 24 0.3827 0 -0.9239 0.7071 0 -0.7071

2 24 0.7071 0 -0.7071 0.9239 0 -0.3827

2 24 0.9239 0 -0.3827 1 0 0

0 NOFILE

0 FILE s__15535s02.dat
0 ~Tile  2 x  2 Round with Hole - 1/4

0 Name: s\15535s02.dat

0 Author: Max Martin Richter [MMR1988]

0 !LDRAW_ORG Subpart UPDATE 2024-02

0 !LICENSE Licensed under CC BY 4.0 : see CAreadme.txt



0 BFC CERTIFY CCW



0 !HISTORY 2013-12-23 [PTadmin] Official Update 2013-02

0 !HISTORY 2024-03-23 [OrionP] Updated ring primitives

0 !HISTORY 2024-03-24 [OrionP] Official Update 2024-02



1 16 15.08907 6 -7.02397 0.45433 1 0 0 0 2 -0.67982 0 0 rect2p.dat

4 16 15.54341 4 -7.7038 15.54341 8 -7.7038 15.9382 8 -9.68919 15.9382 7 -9.68919

3 16 15.9382 7 -9.68919 15.9382 4 -9.68919 15.54341 4 -7.7038

1 16 15.9691 5.5 -9.8446 0.0309 1 0 0 0 1.5 -0.1554 0 0 rect2p.dat

1 16 15.80725 5.5 -10.96935 0.19275 1 0 0 0 -1.5 0.96935 0 0 rect2p.dat

5 24 16 7 -10 16 4 -10 15.5434 7 -12.2962 15.5434 7 -7.7038

5 24 15.5434 8 -7.7038 15.5434 4 -7.7038 16 8 -10 14.2426 8 -5.7574

2 24 15.9382 8 -9.68919 15.54341 8 -7.7038

2 24 15.54341 4 -7.7038 15.9382 4 -9.68919



1 16 14.70834 6 6.23351 0 1 -0.07361 -2 0 0 0 0 0.110643 rect3.dat

0 BFC INVERTNEXT

1 16 0 4 0 14.78207 0 6.12293 0 4 0 -6.12293 0 14.78207 1-8cylo.dat

1 16 14.70834 6 -6.23351 0 1 -0.07361 -2 0 0 0 0 -0.110643 rect3.dat

5 24 14.7824 8 6.1232 14.7824 4 6.1232 16 8 0 11.3136 8 11.3136

5 24 14.7824 8 -6.1232 14.7824 4 -6.1232 16 8 0 11.3136 8 -11.3136



1 16 16.74585 7.5 8.48008 0 -1 -0.80765 0.5 0 0 0 0 1.20911 rect3.dat

1 16 0 7 0 17.55371 0 7.27099 0 1 0 -7.27099 0 17.55371 1-8cylo.dat

1 16 16.74585 7.5 -8.48008 0 -1 -0.80765 0.5 0 0 0 0 -1.20911 rect3.dat

5 24 17.5541 8 7.2713 17.5541 7 7.2713 19 8 0 13.4349 8 13.4349

5 24 17.5541 8 -7.2713 17.5541 7 -7.2713 19 8 0 13.4349 8 -13.4349



1 16 14.87825 2 13.04035 0 -1 -0.73624 2 0 0 0 0 1.10165 rect1.dat

3 16 15.6145 7 11.9387 15.6145 4 11.9387 18.47737 7 7.65365

4 16 18.47741 0 7.65359 18.47737 7 7.65365 15.6145 4 11.9387 15.6145 0 11.9387

1 16 0 0 0 18.47759 0 7.65367 0 7 0 -7.65367 0 18.47759 1-8cyli.dat

1 16 0 7 0 18.47759 0 7.65367 0 7 0 -7.65367 0 18.47759 1-8edge.dat

4 16 15.6145 0 -11.9387 15.6145 4 -11.9387 18.4776 7 -7.6536 18.47759 0 -7.65367

3 16 18.4776 7 -7.6536 15.6145 4 -11.9387 15.6145 7 -11.9387

1 16 14.87825 2 -13.04035 0 -1 -0.73624 2 0 0 0 0 -1.10165 rect1.dat

5 24 18.478 7 7.654 18.478 0 7.654 20 7 0 14.142 7 14.142

5 24 18.478 7 -7.654 18.478 0 -7.654 20 7 0 14.142 7 -14.142

2 24 18.4776 7 -7.6536 15.6145 7 -11.9387

2 24 15.6145 4 -11.9387 15.6145 7 -11.9387

2 24 18.4776 7 7.6536 15.6145 7 11.9387

2 24 15.6145 4 11.9387 15.6145 7 11.9387



1 16 15.80725 5.5 10.96935 0.19275 1 0 0 0 -1.5 -0.96935 0 0 rect2p.dat

1 16 15.9691 5.5 9.8446 0.0309 1 0 0 0 1.5 0.1554 0 0 rect2p.dat

3 16 15.54341 4 7.7038 15.9382 4 9.68919 15.9382 7 9.68919

4 16 15.9382 7 9.68919 15.9382 8 9.68919 15.54341 8 7.7038 15.54341 4 7.7038

1 16 15.08907 6 7.02397 0.45433 1 0 0 0 2 0.67982 0 0 rect2p.dat

5 24 16 7 10 16 4 10 15.5434 7 12.2962 15.5434 7 7.7038

5 24 15.5434 8 7.7038 15.5434 4 7.7038 16 8 10 14.2426 8 5.7574

2 24 15.9382 8 9.68919 15.54341 8 7.7038

2 24 15.54341 4 7.7038 15.9382 4 9.689191



4 16 15.54341 8 -7.7038 16.62984 8 -6.88833 17.5535 8 -7.27097 15.9382 8 -9.68919

4 16 14.63473 8 -6.34415 14.78196 8 -6.12287 16.62984 8 -6.88833 15.54341 8 -7.7038

1 16 0 8 0 1.84776 0 0.76537 0 -1 0 -0.76537 0 1.84776 1-8ring8.dat

1 16 0 8 0 0.92388 0 0.38268 0 -1 0 -0.38268 0 0.92388 1-8ring18.dat

4 16 15.54341 8 7.7038 16.6297 8 6.88822 14.78196 8 6.12286 14.63474 8 6.34415

4 16 15.9382 8 9.68919 17.5535 8 7.27097 16.6297 8 6.88822 15.54341 8 7.7038



3 16 15.6145 7 -11.9387 16 7 -10 18.4776 7 -7.6536

4 16 16 7 -10 15.9382 7 -9.68919 17.5535 7 -7.27097 18.4776 7 -7.6536

1 16 0 7 0 0.92388 0 0.38268 0 -1 0 -0.38268 0 0.92388 1-8ring19.dat

4 16 18.47737 7 7.65365 17.5535 7 7.27097 15.9382 7 9.68919 16.00001 7 10

3 16 18.47737 7 7.65365 16.00001 7 10 15.6145 7 11.9387



4 16 16 4 10 5.65686 4 5.65686 14.142 4 14.142 15.61449 4 11.9387

4 16 16 4 10 15.5434 4 7.7038 14.63473 4 6.34415 5.65686 4 5.65686

4 16 14.63473 4 6.34415 14.78193 4 6.12288 16 4 0 5.65686 4 5.65686

3 16 5.65686 4 5.65686 16 4 0 11.31372 4 0

3 16 11.31372 4 0 16 4 0 5.65686 4 -5.65686

4 16 5.65686 4 -5.65686 16 4 0 14.78193 4 -6.12288 14.63473 4 -6.34415

4 16 5.65686 4 -5.65686 14.63473 4 -6.34415 15.5434 4 -7.7038 16 4 -10

4 16 15.61449 4 -11.9387 14.142 4 -14.142 5.65686 4 -5.65686 16 4 -10



5 24 14.142 0 14.142 14.142 4 14.142 7.654 0 18.478 18.478 0 7.654

1 16 0 0 0 14.14214 0 14.14214 0 1 0 -14.14214 0 14.14214 1-4edge.dat



1 16 0 4 0 5.65686 0 5.65686 0 -1 0 -5.65686 0 5.65686 1-4ndis.dat



0 NOFILE

0 FILE 1-4ndis.dat
0 Disc Negative 0.25

0 Name: 1-4ndis.dat

0 Author: James Jessiman

0 !LDRAW_ORG Primitive UPDATE 2012-01

0 !LICENSE Licensed under CC BY 4.0 : see CAreadme.txt



0 BFC CERTIFY CCW



0 !HISTORY 2002-03-23 [sbliss] Added BFC Statement

0 !HISTORY 2002-04-25 [PTadmin] Official Update 2002-02

0 !HISTORY 2007-06-22 [PTadmin] Header formatted for Contributor Agreement

0 !HISTORY 2008-07-01 [PTadmin] Official Update 2008-01

0 !HISTORY 2012-02-16 [Philo] Changed to CCW

0 !HISTORY 2012-03-30 [PTadmin] Official Update 2012-01





3 16 0.9239 0 0.3827 1 0 0 1 0 1

3 16 0.7071 0 0.7071 0.9239 0 0.3827 1 0 1

3 16 0.3827 0 0.9239 0.7071 0 0.7071 1 0 1

3 16 0 0 1 0.3827 0 0.9239 1 0 1

0 NOFILE

0 FILE 1-4edge.dat
0 Circle 0.25

0 Name: 1-4edge.dat

0 Author: James Jessiman

0 !LDRAW_ORG Primitive UPDATE 2017-01

0 !LICENSE Licensed under CC BY 4.0 : see CAreadme.txt



0 BFC CERTIFY CCW



0 !HISTORY 2007-06-22 [PTadmin] Header formatted for Contributor Agreement

0 !HISTORY 2008-07-01 [PTadmin] Official Update 2008-01

0 !HISTORY 2017-01-15 [Steffen] BFCed

0 !HISTORY 2017-12-30 [PTadmin] Official Update 2017-01





2 24 1 0 0 0.9239 0 0.3827

2 24 0.9239 0 0.3827 0.7071 0 0.7071

2 24 0.7071 0 0.7071 0.3827 0 0.9239

2 24 0.3827 0 0.9239 0 0 1

0 NOFILE

0 FILE 1-8ring19.dat
0 Ring 19 x 0.125

0 Name: 1-8ring19.dat

0 Author: Willy Tschager [Holly-Wood]

0 !LDRAW_ORG Primitive UPDATE 2024-02

0 !LICENSE Licensed under CC BY 4.0 : see CAreadme.txt



0 BFC CERTIFY CCW



0 !HISTORY 2003-06-13 [pneaster] Fixed part

0 !HISTORY 2009-12-29 [PTadmin] Official Update 2009-03

0 !HISTORY 2012-02-16 [Philo] Changed to CCW

0 !HISTORY 2012-03-30 [PTadmin] Official Update 2012-01

0 !HISTORY 2024-01-30 [Holly-Wood] Complete regeneration, original by jriley

0 !HISTORY 2024-03-24 [OrionP] Official Update 2024-02



4 16 20 0 0 18.478 0 7.654 17.5541 0 7.2713 19 0 0

4 16 18.478 0 7.654 14.142 0 14.142 13.4349 0 13.4349 17.5541 0 7.2713

0 // Build by LDPartEditor (PrimGen 2.X)

0 NOFILE

0 FILE 1-8ring18.dat
0 Ring 18 x 0.125

0 Name: 1-8ring18.dat

0 Author: Willy Tschager [Holly-Wood]

0 !LDRAW_ORG Primitive UPDATE 2024-02

0 !LICENSE Licensed under CC BY 4.0 : see CAreadme.txt



0 BFC CERTIFY CCW



0 !HISTORY 2003-06-13 [pneaster] Fixed part

0 !HISTORY 2010-07-05 [PTadmin] Official Update 2010-02

0 !HISTORY 2012-02-16 [Philo] Changed to CCW

0 !HISTORY 2012-03-30 [PTadmin] Official Update 2012-01

0 !HISTORY 2024-02-06 [Holly-Wood] Complete regeneration, original by jriley

0 !HISTORY 2024-03-24 [OrionP] Official Update 2024-02



4 16 19 0 0 17.5541 0 7.2713 16.6302 0 6.8886 18 0 0

4 16 17.5541 0 7.2713 13.4349 0 13.4349 12.7278 0 12.7278 16.6302 0 6.8886

0 // Build by LDPartEditor (PrimGen 2.X)

0 NOFILE

0 FILE 1-8ring8.dat
0 Ring  8 x 0.125

0 Name: 1-8ring8.dat

0 Author: Paul Easter [pneaster]

0 !LDRAW_ORG Primitive UPDATE 2012-01

0 !LICENSE Licensed under CC BY 4.0 : see CAreadme.txt



0 BFC CERTIFY CCW



0 !HISTORY 2004-04-22 [PTadmin] Official Update 2004-02

0 !HISTORY 2007-06-22 [PTadmin] Header formatted for Contributor Agreement

0 !HISTORY 2008-07-01 [PTadmin] Official Update 2008-01

0 !HISTORY 2012-02-16 [Philo] Changed to CCW

0 !HISTORY 2012-03-30 [PTadmin] Official Update 2012-01





4 16 9 0 0 8.3151 0 3.4443 7.3912 0 3.0616 8 0 0

4 16 8.3151 0 3.4443 6.3639 0 6.3639 5.6568 0 5.6568 7.3912 0 3.0616

0 NOFILE

0 FILE 1-8edge.dat
0 Circle 0.125

0 Name: 1-8edge.dat

0 Author: James Jessiman

0 !LDRAW_ORG Primitive UPDATE 2017-01

0 !LICENSE Licensed under CC BY 4.0 : see CAreadme.txt



0 BFC CERTIFY CCW



0 !HISTORY 2007-06-22 [PTadmin] Header formatted for Contributor Agreement

0 !HISTORY 2008-07-01 [PTadmin] Official Update 2008-01

0 !HISTORY 2017-01-15 [Steffen] BFCed

0 !HISTORY 2017-12-30 [PTadmin] Official Update 2017-01





2 24 1 0 0 0.9239 0 0.3827

2 24 0.9239 0 0.3827 0.7071 0 0.7071

0 NOFILE

0 FILE 1-8cyli.dat
0 Cylinder 0.125

0 Name: 1-8cyli.dat

0 Author: James Jessiman

0 !LDRAW_ORG Primitive UPDATE 2005-01

0 !LICENSE Licensed under CC BY 4.0 : see CAreadme.txt



0 BFC CERTIFY CCW



0 !HISTORY 2002-04-25 [PTadmin] Official Update 2002-02

0 !HISTORY 2004-12-11 [nielsk] Recreated using Primitive Generator, Edge lines fixed, BFC changed to CCW

0 !HISTORY 2005-12-28 [PTadmin] Official Update 2005-01

0 !HISTORY 2007-06-22 [PTadmin] Header formatted for Contributor Agreement

0 !HISTORY 2008-07-01 [PTadmin] Official Update 2008-01





4 16 .9239 1 .3827 .9239 0 .3827 1 0 0 1 1 0

4 16 .7071 1 .7071 .7071 0 .7071 .9239 0 .3827 .9239 1 .3827

5 24 1 1 0 1 0 0 1 1 -.4142 .9239 1 .3827

5 24 .9239 1 .3827 .9239 0 .3827 1 1 0 .7071 1 .7071

5 24 .7071 1 .7071 .7071 0 .7071 .9239 1 .3827 .4142 1 1

0

0 NOFILE

0 FILE rect1.dat
0 Rectangle with 1 Edge

0 Name: rect1.dat

0 Author: Chris Dee [cwdee]

0 !LDRAW_ORG Primitive UPDATE 2010-01

0 !LICENSE Licensed under CC BY 4.0 : see CAreadme.txt



0 BFC CERTIFY CCW



0 !HISTORY 2003-12-19 [PTadmin] Official Update 2003-03

0 !HISTORY 2007-06-24 [PTadmin] Header formatted for Contributor Agreement

0 !HISTORY 2008-07-01 [PTadmin] Official Update 2008-01

0 !HISTORY 2010-01-17 [mikeheide] changed winding to CCW

0 !HISTORY 2010-04-05 [PTadmin] Official Update 2010-01





2 24 1 0 -1 1 0 1

4 16 -1 0 1 -1 0 -1 1 0 -1 1 0 1

0

0 NOFILE

0 FILE 1-8cylo.dat
0 Cylinder Open 0.125

0 Name: 1-8cylo.dat

0 Author: Tim Gould [timgould]

0 !LDRAW_ORG Primitive UPDATE 2012-03

0 !LICENSE Licensed under CC BY 4.0 : see CAreadme.txt



0 BFC CERTIFY CCW



0 !HISTORY 2012-12-28 [PTadmin] Official Update 2012-03





1 16 0 0 0 1 0 0 0 1 0 0 0 1 1-8edge.dat

1 16 0 1 0 1 0 0 0 1 0 0 0 1 1-8edge.dat

1 16 0 0 0 1 0 0 0 1 0 0 0 1 1-8cyli.dat

0 NOFILE

0 FILE rect3.dat
0 Rectangle with 3 Edges

0 Name: rect3.dat

0 Author: Mark Kennedy [mkennedy]

0 !LDRAW_ORG Primitive UPDATE 2010-01

0 !LICENSE Licensed under CC BY 4.0 : see CAreadme.txt



0 BFC CERTIFY CCW



0 !HISTORY 2003-08-01 [PTadmin] Official Update 2003-02

0 !HISTORY 2007-06-24 [PTadmin] Header formatted for Contributor Agreement

0 !HISTORY 2008-07-01 [PTadmin] Official Update 2008-01

0 !HISTORY 2010-01-17 [mikeheide] Change winding to CCW

0 !HISTORY 2010-04-05 [PTadmin] Official Update 2010-01





2 24 1 0 1 -1 0 1

2 24 1 0 1 1 0 -1

2 24 -1 0 1 -1 0 -1

4 16 -1 0 1 -1 0 -1 1 0 -1 1 0 1

0 //

0 NOFILE

0 FILE rect2p.dat
0 Rectangle with 2 Parallel Edges

0 Name: rect2p.dat

0 Author: Donald Sutter [technog]

0 !LDRAW_ORG Primitive UPDATE 2010-01

0 !LICENSE Licensed under CC BY 4.0 : see CAreadme.txt



0 BFC CERTIFY CCW



0 !HISTORY 2003-08-01 [PTadmin] Official Update 2003-02

0 !HISTORY 2007-06-24 [PTadmin] Header formatted for Contributor Agreement

0 !HISTORY 2008-07-01 [PTadmin] Official Update 2008-01

0 !HISTORY 2010-01-17 [mikeheide] changed winding to CCW

0 !HISTORY 2010-04-05 [PTadmin] Official Update 2010-01





2 24 1 0 1 -1 0 1

2 24 -1 0 -1 1 0 -1

4 16 -1 0 1 -1 0 -1 1 0 -1 1 0 1

0

0 NOFILE

0 FILE 11477.dat
0 Slope Brick Curved  2 x  1

0 Name: 11477.dat

0 Author: Owen Burgoyne [C3POwen]

0 !LDRAW_ORG Part UPDATE 2013-01

0 !LICENSE Licensed under CC BY 4.0 : see CAreadme.txt



0 BFC CERTIFY CCW



0 !HISTORY 2013-07-21 [PTadmin] Official Update 2013-01





1 16 0 0 0 1 0 0 0 1 0 0 0 1 s__11477s01.dat

1 16 10 24.972 20 0 -20 0 -28.9719 0 -28.9719 -40 0 40 48__1-8cyli.dat

0 NOFILE

0 FILE 48__1-8cyli.dat
0 Hi-Res Cylinder 0.125

0 Name: 48\1-8cyli.dat

0 Author: Steve Bliss [sbliss]

0 !LDRAW_ORG 48_Primitive UPDATE 2004-04

0 !LICENSE Licensed under CC BY 4.0 : see CAreadme.txt



0 BFC CERTIFY CCW



0 !HISTORY 2000-05-07 [PTadmin] Official Update 2000-01

0 !HISTORY 2004-10-12 [sbliss] fixed title, BFC'ed

0 !HISTORY 2004-11-06 [PTadmin] Official Update 2004-04

0 !HISTORY 2007-06-24 [PTadmin] Header formatted for Contributor Agreement

0 !HISTORY 2008-07-01 [PTadmin] Official Update 2008-01





5 24 1 0 0 1 1 0 0.9914 0 0.1305 1 0 -1

5 24 0.9914 0 0.1305 0.9914 1 0.1305 0.9659 0 0.2588 1 0 0

5 24 0.9659 0 0.2588 0.9659 1 0.2588 0.9239 0 0.3827 0.9914 0 0.1305

5 24 0.9239 0 0.3827 0.9239 1 0.3827 0.8660 0 0.5000 0.9659 0 0.2588

5 24 0.8660 0 0.5000 0.8660 1 0.5000 0.7934 0 0.6088 0.9239 0 0.3827

5 24 0.7934 0 0.6088 0.7934 1 0.6088 0.7071 0 0.7071 0.8660 0 0.5000

5 24 0.7071 0 0.7071 0.7071 1 0.7071 0.6088 0 0.7934 0.7934 0 0.6088



4 16 0.9914 1 0.1305 0.9914 0 0.1305 1 0 0 1 1 0

4 16 0.9659 1 0.2588 0.9659 0 0.2588 0.9914 0 0.1305 0.9914 1 0.1305

4 16 0.9239 1 0.3827 0.9239 0 0.3827 0.9659 0 0.2588 0.9659 1 0.2588

4 16 0.8660 1 0.5000 0.8660 0 0.5000 0.9239 0 0.3827 0.9239 1 0.3827

4 16 0.7934 1 0.6088 0.7934 0 0.6088 0.8660 0 0.5000 0.8660 1 0.5000

4 16 0.7071 1 0.7071 0.7071 0 0.7071 0.7934 0 0.6088 0.7934 1 0.6088

0

0 NOFILE

0 FILE s__11477s01.dat
0 ~Slope Brick Curved  2 x  1 without Top Surface

0 Name: s\11477s01.dat

0 Author: Owen Burgoyne [C3POwen]

0 !LDRAW_ORG Subpart UPDATE 2023-01

0 !LICENSE Licensed under CC BY 4.0 : see CAreadme.txt



0 BFC CERTIFY CCW



0 !HISTORY 2013-07-21 [PTadmin] Official Update 2013-01

0 !HISTORY 2022-04-09 [MagFors] Unified left and right side, closed gap

0 !HISTORY 2023-03-05 [OrionP] Official Update 2023-01





1 16 0 -12 20 -10 0 0 0 0 -4 0 -1 0 rect.dat

4 16 6 -8 16 -6 -8 16 -10 -8 20 10 -8 20

4 16 -6 -8 16 -6 -8 0 -10 -8 0 -10 -8 20

4 16 10 -8 20 10 -8 0 6 -8 0 6 -8 16

2 24 -10 -8 20 -10 -8 0

2 24 10 -8 20 10 -8 0

2 24 -10 -8 0 -6 -8 0

2 24 10 -8 0 6 -8 0

0 BFC INVERTNEXT

1 16 0 -10 13 -6 0 0 0 -2 0 0 0 3 box2-7.dat

1 16 0 -8 8 -6 0 0 0 -1 0 0 0 8 recte3.dat

4 16 -6 -12 10 -6 -10 4 -6 -8 16 -6 -12 16

4 16 -6 -10 0 -6 -8 0 -6 -8 16 -6 -10 4

4 16 6 -8 16 6 -10 4 6 -12 10 6 -12 16

4 16 6 -10 4 6 -8 16 6 -8 0 6 -10 0

0 BFC INVERTNEXT

1 16 0 -12 10 0 0 -6 0 2 0 6 0 0 1-4cyls2.dat

0 BFC INVERTNEXT

1 16 0 -12 10 0 0 6 0 2 0 6 0 0 1-4cyls2.dat

1 16 0 -12 10 -6 0 0 0 -1 0 0 0 -6 2-4edge.dat

1 16 0 -12 10 -6 0 0 0 -1 0 0 0 -6 2-4chrd.dat

1 16 0 -12 10 -6 0 0 0 -1 2 0 0 -6 2-4edge.dat

1 16 0 -12 10 -6 0 0 0 -1 2 0 0 -6 2-4ndis.dat

2 24 -6 -12 10 -6 -10 4

2 24 6 -12 10 6 -10 4

2 24 -1.5 -10 4 -6 -10 4

2 24 1.5 -10 4 6 -10 4

0 BFC INVERTNEXT

1 16 -3.75 -9 2 -2.25 0 0 0 -1 0 0 0 -2 box2-9.dat

1 16 0 -10 2 1.5 0 0 0 2 0 0 0 2 box4-1.dat

0 BFC INVERTNEXT

1 16 3.75 -9 2 2.25 0 0 0 -1 0 0 0 -2 box2-9.dat

1 16 0 -4 0 10 0 0 0 0 4 0 -1 0 recte3.dat

3 16 -10 -8 0 -6 -8 0 -10 0 0

3 16 -10 0 0 -6 -8 0 -1.5 -8 0

3 16 1.5 -8 0 6 -8 0 10 0 0

4 16 -1.5 -8 0 1.5 -8 0 10 0 0 -10 0 0

3 16 10 0 0 6 -8 0 10 -8 0

4 16 -6 0 -4 -10 0 0 10 0 0 6 0 -4

4 16 -6 0 -16 -10 0 -20 -10 0 0 -6 0 -4

4 16 6 0 -16 10 0 -20 -10 0 -20 -6 0 -16

4 16 6 0 -4 10 0 0 10 0 -20 6 0 -16

1 16 0 0 -10 6 0 0 0 -1 0 0 0 -6 recte3.dat

1 16 0 0 -10 10 0 0 0 -1 0 0 0 -10 recte3.dat

3 16 -6 0 -4 -6 -7 -4 -6 -4 -10

3 16 6 -4 -10 6 -7 -4 6 0 -4

4 16 -6 0 -4 -6 -4 -10 -6 -2 -16 -6 0 -16

4 16 6 0 -16 6 -2 -16 6 -4 -10 6 0 -4

0 BFC INVERTNEXT

1 16 0 -2 -7 6 0 0 0 -1.5 -3.5 0 3 0 box2-5.dat

0 BFC INVERTNEXT

1 16 0 -4 -10 0 0 -6 0 2 0 6 0 0 1-4cyls2.dat

0 BFC INVERTNEXT

1 16 0 -4 -10 0 0 6 0 2 0 6 0 0 1-4cyls2.dat

1 16 0 -4 -10 -6 0 0 0 -1 0 0 0 -6 2-4edge.dat

1 16 0 -4 -10 -6 0 0 0 -1 0 0 0 -6 2-4chrd.dat

1 16 0 -4 -10 -6 0 0 0 -1 2 0 0 -6 2-4edge.dat

1 16 0 -4 -10 -6 0 0 0 -1 2 0 0 -6 2-4ndis.dat

2 24 -6 -2 -16 -6 -4 -10

2 24 6 -2 -16 6 -4 -10

1 16 0 -1 -16 -6 0 0 0 0 -1 0 -1 0 rect3.dat

1 16 0 -2 -20 10 0 0 0 0 -2 0 1 0 rect3.dat



0 // Sides

3 16 -10 -16 20 -10 -8 20 -10 -8 0

3 16 10 -16 20 10 -8 0 10 -8 20

4 16 -10 0 -20 -10 -4 -20 -10 -8 0 -10 0 0

4 16 10 0 0 10 -8 0 10 -4 -20 10 0 -20

3 16 -10 -4 -20 -10 -16 20 -10 -8 0

3 16 10 -8 0 10 -16 20 10 -4 -20

1 16 -10 24.972 20 0 1 0 -28.9719 0 -28.9719 -40 0 40 48__1-8chrd.dat

1 16 10 24.972 20 0 -1 0 -28.9719 0 -28.9719 -40 0 40 48__1-8chrd.dat

1 16 -10 24.972 20 0 1 0 -28.9719 0 -28.9719 -40 0 40 48__1-8edge.dat

1 16 10 24.972 20 0 1 0 -28.9719 0 -28.9719 -40 0 40 48__1-8edge.dat

0 NOFILE

0 FILE 48__1-8edge.dat
0 Hi-Res Circle 0.125

0 Name: 48\1-8edge.dat

0 Author: [PTadmin]

0 !LDRAW_ORG 48_Primitive UPDATE 2017-01

0 !LICENSE Licensed under CC BY 4.0 : see CAreadme.txt



0 BFC CERTIFY CCW



0 !HISTORY 2000-09-30 [PTadmin] Official Update 2000-02

0 !HISTORY 2007-10-13 [PTadmin] Header formatted for Contributor Agreement

0 !HISTORY 2008-07-01 [PTadmin] Official Update 2008-01

0 !HISTORY 2017-01-17 [Steffen] added BFC CERTIFY statement

0 !HISTORY 2017-12-30 [PTadmin] Official Update 2017-01





2 24 1 0 0 0.9914 0 0.1305

2 24 0.9914 0 0.1305 0.9659 0 0.2588

2 24 0.9659 0 0.2588 0.9239 0 0.3827

2 24 0.9239 0 0.3827 0.866 0 0.5

2 24 0.866 0 0.5 0.7934 0 0.6088

2 24 0.7934 0 0.6088 0.7071 0 0.7071

0 NOFILE

0 FILE 48__1-8chrd.dat
0 Hi-Res Chord 0.125

0 Name: 48\1-8chrd.dat

0 Author: Willy Tschager [Holly-Wood]

0 !LDRAW_ORG 48_Primitive UPDATE 2024-01

0 !LICENSE Licensed under CC BY 4.0 : see CAreadme.txt



0 BFC CERTIFY CCW



0 !HISTORY 2009-05-02 [PTadmin] Official Update 2009-01

0 !HISTORY 2024-01-04 [Holly-Wood] Complete re-write, original by guyvivan

0 !HISTORY 2024-01-29 [OrionP] Official Update 2024-01



0 // Vertices calculated by LDPartEditor (PrimGen 2.X)



4 16 .7071 0 .7071 1 0 0 .9914 0 .1305 .7934 0 .6088

4 16 .7934 0 .6088 .9914 0 .1305 .9659 0 .2588 .866 0 .5

3 16 .866 0 .5 .9659 0 .2588 .9239 0 .3827

0 NOFILE

0 FILE box2-5.dat
0 Box with 2 Faces without 5 Edges

0 Name: box2-5.dat

0 Author: Steffen [Steffen]

0 !LDRAW_ORG Primitive UPDATE 2003-03

0 !LICENSE Licensed under CC BY 4.0 : see CAreadme.txt



0 BFC CERTIFY CCW



0 !HISTORY 2003-12-19 [PTadmin] Official Update 2003-03

0 !HISTORY 2007-06-24 [PTadmin] Header formatted for Contributor Agreement

0 !HISTORY 2008-07-01 [PTadmin] Official Update 2008-01





2 24 1 1 1 -1 1 1

2 24 1 1 -1 -1 1 -1

2 24 1 -1 1 -1 -1 1

2 24 -1 -1 1 -1 1 1

2 24 1 -1 1 1 1 1

2 24 -1 1 -1 -1 1 1

2 24 1 1 -1 1 1 1

4 16 1 1 1 1 1 -1 -1 1 -1 -1 1 1

4 16 1 1 1 -1 1 1 -1 -1 1 1 -1 1

0

0 NOFILE

0 FILE box4-1.dat
0 Box with 4 Faces without 1 Edge

0 Name: box4-1.dat

0 Author: Tore Eriksson [Tore_Eriksson]

0 !LDRAW_ORG Primitive UPDATE 2012-01

0 !LICENSE Licensed under CC BY 4.0 : see CAreadme.txt



0 BFC CERTIFY CCW



0 !HISTORY 1998-07-15 [PTadmin] Official Update 1998-07

0 !HISTORY 2002-04-05 [hafhead] Made BFC compliant

0 !HISTORY 2002-04-25 [PTadmin] Official Update 2002-02

0 !HISTORY 2007-06-24 [PTadmin] Header formatted for Contributor Agreement

0 !HISTORY 2008-07-01 [PTadmin] Official Update 2008-01

0 !HISTORY 2012-02-16 [Philo] Changed to CCW

0 !HISTORY 2012-03-30 [PTadmin] Official Update 2012-01





2 24 1 1 1 -1 1 1

2 24 -1 1 1 -1 1 -1

2 24 -1 1 -1 1 1 -1

2 24 1 1 -1 1 1 1

2 24 1 0 1 -1 0 1

2 24 -1 0 1 -1 0 -1

2 24 1 0 -1 1 0 1

2 24 1 0 1 1 1 1

2 24 -1 0 1 -1 1 1

2 24 1 0 -1 1 1 -1

2 24 -1 0 -1 -1 1 -1

4 16 -1 1 1 1 1 1 1 1 -1 -1 1 -1

4 16 -1 1 1 -1 0 1 1 0 1 1 1 1

4 16 -1 1 -1 -1 0 -1 -1 0 1 -1 1 1

4 16 1 1 1 1 0 1 1 0 -1 1 1 -1

0 NOFILE

0 FILE box2-9.dat
0 Box with 2 Faces without 9 Edges

0 Name: box2-9.dat

0 Author: Mark Kennedy [mkennedy]

0 !LDRAW_ORG Primitive UPDATE 2010-01

0 !LICENSE Licensed under CC BY 4.0 : see CAreadme.txt



0 BFC CERTIFY CCW



0 !HISTORY 2010-04-05 [PTadmin] Official Update 2010-01





2 24 1 1 1 -1 1 1

2 24 1 -1 1 1 1 1

2 24 1 1 -1 1 1 1

4 16 1 1 1 1 1 -1 -1 1 -1 -1 1 1

4 16 1 1 1 -1 1 1 -1 -1 1 1 -1 1

0

0 NOFILE

0 FILE 2-4ndis.dat
0 Disc Negative 0.5

0 Name: 2-4ndis.dat

0 Author: James Jessiman

0 !LDRAW_ORG Primitive UPDATE 2012-01

0 !LICENSE Licensed under CC BY 4.0 : see CAreadme.txt



0 BFC CERTIFY CCW



0 !HISTORY 2002-03-23 [sbliss] Added BFC statement; compacted code

0 !HISTORY 2002-04-25 [PTadmin] Official Update 2002-02

0 !HISTORY 2007-06-24 [PTadmin] Header formatted for Contributor Agreement

0 !HISTORY 2008-07-01 [PTadmin] Official Update 2008-01

0 !HISTORY 2012-02-16 [Philo] Changed to CCW

0 !HISTORY 2012-03-30 [PTadmin] Official Update 2012-01





3 16 0.9239 0 0.3827 1 0 0 1 0 1

3 16 0.7071 0 0.7071 0.9239 0 0.3827 1 0 1

3 16 0.3827 0 0.9239 0.7071 0 0.7071 1 0 1

3 16 0 0 1 0.3827 0 0.9239 1 0 1

3 16 -0.3827 0 0.9239 0 0 1 -1 0 1

3 16 -0.7071 0 0.7071 -0.3827 0 0.9239 -1 0 1

3 16 -0.9239 0 0.3827 -0.7071 0 0.7071 -1 0 1

3 16 -1 0 0 -0.9239 0 0.3827 -1 0 1

0 NOFILE

0 FILE 2-4chrd.dat
0 Chord 0.5

0 Name: 2-4chrd.dat

0 Author: Philippe Hurbain [Philo]

0 !LDRAW_ORG Primitive UPDATE 2014-01

0 !LICENSE Licensed under CC BY 4.0 : see CAreadme.txt



0 BFC CERTIFY CCW



0 !HISTORY 2014-06-21 [PTadmin] Official Update 2014-01





4 16 0.9239 0 0.3827 -0.9239 0 0.3827 -1 0 0 1 0 0

4 16 0.7071 0 0.7071 -0.7071 0 0.7071 -0.9239 0 0.3827 0.9239 0 0.3827

4 16 0.3827 0 0.9239 -0.3827 0 0.9239 -0.7071 0 0.7071 0.7071 0 0.7071

3 16 0 0 1 -0.3827 0 0.9239 0.3827 0 0.9239

0 NOFILE

0 FILE 2-4edge.dat
0 Circle 0.5

0 Name: 2-4edge.dat

0 Author: James Jessiman

0 !LDRAW_ORG Primitive UPDATE 2017-01

0 !LICENSE Licensed under CC BY 4.0 : see CAreadme.txt



0 BFC CERTIFY CCW



0 !HISTORY 2007-06-24 [PTadmin] Header formatted for Contributor Agreement

0 !HISTORY 2008-07-01 [PTadmin] Official Update 2008-01

0 !HISTORY 2017-01-15 [Steffen] BFCed

0 !HISTORY 2017-12-30 [PTadmin] Official Update 2017-01





2 24 1 0 0 0.9239 0 0.3827

2 24 0.9239 0 0.3827 0.7071 0 0.7071

2 24 0.7071 0 0.7071 0.3827 0 0.9239

2 24 0.3827 0 0.9239 0 0 1

2 24 0 0 1 -0.3827 0 0.9239

2 24 -0.3827 0 0.9239 -0.7071 0 0.7071

2 24 -0.7071 0 0.7071 -0.9239 0 0.3827

2 24 -0.9239 0 0.3827 -1 0 0

0 NOFILE

0 FILE 1-4cyls2.dat
0 Cylinder Sloped 0.25 Convex

0 Name: 1-4cyls2.dat

0 Author: Chris Dee [cwdee]

0 !LDRAW_ORG Primitive UPDATE 2012-01

0 !LICENSE Licensed under CC BY 4.0 : see CAreadme.txt



0 BFC CERTIFY CCW



0 !HISTORY 1999-02-01 [PTadmin] Official Update 1999-01

0 !HISTORY 2002-07-03 [sbliss] Added BFC statement, reformatted title to fit 0.27 convention

0 !HISTORY 2002-08-18 [PTadmin] Official Update 2002-04

0 !HISTORY 2007-06-22 [PTadmin] Header formatted for Contributor Agreement

0 !HISTORY 2008-07-01 [PTadmin] Official Update 2008-01

0 !HISTORY 2012-02-16 [Philo] Changed to CCW

0 !HISTORY 2012-03-30 [PTadmin] Official Update 2012-01





3 16 -0.3827 0.3827 0.9239 -0.3827 0 0.9239 0 0 1

4 16 -0.3827 0.3827 0.9239 -0.7071 0.7071 0.7071 -0.7071 0 0.7071 -0.3827 0 0.9239

4 16 -0.7071 0.7071 0.7071 -0.9239 0.9239 0.3827 -0.9239 0 0.3827 -0.7071 0 0.7071

4 16 -0.9239 0.9239 0.3827 -1 1 0 -1 0 0 -0.9239 0 0.3827



5 24 -0.3827 0 0.9239 -0.3827 0.3827 0.9239 -0.7071 0 0.7071 0 0 1

5 24 -0.7071 0 0.7071 -0.7071 0.7071 0.7071 -0.9239 0 0.3827 -0.3827 0 0.9239

5 24 -0.9239 0 0.3827 -0.9239 0.9239 0.3827 -1 0 0 -0.7071 0 0.7071

5 24 -1 0 0 -1 1 0 -1 0 -1 -0.9239 0 0.3827

0 NOFILE

0 FILE recte3.dat
0 Rectangle Empty with 3 Edges

0 Name: recte3.dat

0 Author: Steffen [Steffen]

0 !LDRAW_ORG Primitive UPDATE 2011-01

0 !LICENSE Licensed under CC BY 4.0 : see CAreadme.txt



0 BFC CERTIFY CCW



0 !HISTORY 2011-07-25 [PTadmin] Official Update 2011-01





2 24 1 0 1 -1 0 1

2 24 -1 0 1 -1 0 -1

2 24 1 0 -1 1 0 1

0 NOFILE

0 FILE box2-7.dat
0 Box with  2 Faces without  7 Edges

0 Name: box2-7.dat

0 Author: Willy Tschager [Holly-Wood]

0 !LDRAW_ORG Primitive UPDATE 2024-01

0 !LICENSE Licensed under CC BY 4.0 : see CAreadme.txt



0 BFC CERTIFY CCW



0 !HISTORY 2009-05-02 [PTadmin] Official Update 2009-01

0 !HISTORY 2024-01-02 [Holly-Wood] Complete re-write, original by guyvivan

0 !HISTORY 2024-01-29 [OrionP] Official Update 2024-01



2 24 -1 1 -1 -1 1 1

2 24 1 1 1 1 1 -1

4 16 -1 1 1 1 1 1 1 1 -1 -1 1 -1



2 24 -1 1 1 -1 -1 1

2 24 1 1 1 1 -1 1

4 16 1 -1 1 1 1 1 -1 1 1 -1 -1 1



2 24 -1 1 1 1 1 1

0 NOFILE

0 FILE rect.dat
0 Rectangle

0 Name: rect.dat

0 Author: James Jessiman

0 !LDRAW_ORG Primitive UPDATE 2010-01

0 !LICENSE Licensed under CC BY 4.0 : see CAreadme.txt



0 BFC CERTIFY CCW



0 !HISTORY 2002-04-05 [hafhead] Added BFC statement

0 !HISTORY 2002-04-25 [PTadmin] Official Update 2002-02

0 !HISTORY 2007-06-24 [PTadmin] Header formatted for Contributor Agreement

0 !HISTORY 2008-07-01 [PTadmin] Official Update 2008-01

0 !HISTORY 2010-01-17 [mikeheide] changed winding to CCW

0 !HISTORY 2010-04-05 [PTadmin] Official Update 2010-01





2 24 1 0 1 -1 0 1

2 24 -1 0 1 -1 0 -1

2 24 -1 0 -1 1 0 -1

2 24 1 0 -1 1 0 1

4 16 -1 0 1 -1 0 -1 1 0 -1 1 0 1

0

0 NOFILE

0 FILE 54200.dat
0 Slope Brick 31  1 x  1 x  0.667

0 Name: 54200.dat

0 Author: Orion Pobursky [OrionP]

0 !LDRAW_ORG Part UPDATE 2022-04

0 !LICENSE Licensed under CC BY 4.0 : see CAreadme.txt



0 BFC CERTIFY CCW



0 !KEYWORDS cheese



0 !HISTORY 2006-01-14 [cwdee] Rotated to match other slope bricks

0 !HISTORY 2009-09-03 [PTadmin] Official Update 2009-02

0 !HISTORY 2013-08-04 [cwdee] Description change

0 !HISTORY 2013-12-23 [PTadmin] Official Update 2013-02

0 !HISTORY 2014-11-21 [roland] Auto-corrected with libfix version of LDCad 1.4

0 !HISTORY 2015-10-11 [PTadmin] Official Update 2015-01

0 !HISTORY 2019-06-03 [Philo] Rounded corners and flattened top.

0 !HISTORY 2019-06-28 [PTadmin] Official Update 2019-01

0 !HISTORY 2021-05-21 [OrionP] Subfiled for patterns

0 !HISTORY 2022-05-07 [PTadmin] Official Update 2022-03

0 !HISTORY 2022-07-13 [Jaco] added keyword Cheese

0 !HISTORY 2022-07-18 [PTadmin] Official Update 2022-04





1 16 0 0 0 1 0 0 0 1 0 0 0 1 s__54200s01.dat



3 16 9.41 -15.01 8.35 8 -15.6 9.3333 10 -13.6 6

4 16 -8 -15.6 9.3333 -10 -13.6 6 10 -13.6 6 8 -15.6 9.3333

3 16 -8 -15.6 9.3333 -9.41 -15.01 8.35 -10 -13.6 6

4 16 -10 -4 -10 10 -4 -10 10 -13.6 6 -10 -13.6 6

0 NOFILE

0 FILE s__54200s01.dat
0 ~Slope Brick 31  1 x  1 x  0.667 without Sloped Face

0 Name: s\54200s01.dat

0 Author: Orion Pobursky [OrionP]

0 !LDRAW_ORG Subpart UPDATE 2022-03

0 !LICENSE Licensed under CC BY 4.0 : see CAreadme.txt



0 BFC CERTIFY CCW



0 !HISTORY 2022-05-07 [PTadmin] Official Update 2022-03





2 24 10 -1 10 10 -1 -10

2 24 -10 -1 10 -10 -1 -10

1 16 0 -5.3 6 -6 0 0 0 0 5.3 0 1 0 rect.dat

1 16 0 -1.7 -6 0 0 -6 1.7 0 0 0 -1 0 rect.dat

1 16 0 -2.5 -10 -10 0 0 0 0 1.5 0 1 0 rect.dat

2 24 9 0 9 -9 0 9

2 24 9 0 -9 -9 0 -9

1 16 0 -1 0 0 0 9 0 1 0 -9 0 0 box4.dat

4 16 10 -1 -10 9 -1 -9 9 -1 9 10 -1 10

4 16 -10 -1 10 -9 -1 9 -9 -1 -9 -10 -1 -10

4 16 10 -1 10 9 -1 9 -9 -1 9 -10 -1 10

4 16 -10 -1 -10 -9 -1 -9 9 -1 -9 10 -1 -10

4 16 6 0 -6 6 0 6 9 0 9 9 0 -9

4 16 -6 0 6 -6 0 -6 -9 0 -9 -9 0 9

4 16 -6 0 -6 6 0 -6 9 0 -9 -9 0 -9

4 16 6 0 6 -6 0 6 -9 0 9 9 0 9

4 16 6 -10.6 6 6 0 6 6 0 -6 6 -3.4 -6

4 16 -6 -10.6 6 -6 -3.4 -6 -6 0 -6 -6 0 6

2 24 6 0 -6 6 0 6

2 24 -6 0 -6 -6 0 6

2 24 6 -3.4 -6 6 -10.6 6

2 24 -6 -3.4 -6 -6 -10.6 6

3 16 -3.1092 -4 -5 -2.2961 -4 -5.5434 -2.2961 -3.674 -5.5434

5 24 -2.2961 -4 -5.5434 -2.2961 -3.674 -5.5434 -3.1092 -4 -5 0 -4 -6

4 16 -2.2961 -4 -5.5434 0 -4 -6 0 -3.4 -6 -2.2961 -3.674 -5.5434

5 24 0 -4 -6 0 -3.4 -6 -2.2961 -4 -5.5434 2.2961 -4 -5.5434

4 16 0 -4 -6 2.2961 -4 -5.5434 2.2961 -3.674 -5.5434 0 -3.4 -6

5 24 2.2961 -4 -5.5434 2.2961 -3.674 -5.5434 0 -4 -6 3.1092 -4 -5

3 16 3.1092 -4 -5 2.2961 -3.674 -5.5434 2.2961 -4 -5.5434

2 24 -3.1092 -4 -5 -2.2961 -4 -5.5434

2 24 -2.2961 -4 -5.5434 0 -4 -6

2 24 2.2961 -4 -5.5434 0 -4 -6

2 24 3.1092 -4 -5 2.2961 -4 -5.5434

2 24 -3.1092 -4 -5 -2.2961 -3.674 -5.5434

2 24 -2.2961 -3.674 -5.5434 0 -3.4 -6

2 24 2.2961 -3.674 -5.5434 0 -3.4 -6

2 24 3.1092 -4 -5 2.2961 -3.674 -5.5434

2 24 -3.1092 -4 -5 3.1092 -4 -5

3 16 -3.1092 -4 -5 -2.2961 -3.674 -5.5434 -6 -3.4 -6

3 16 -6 -3.4 -6 -2.2961 -3.674 -5.5434 0 -3.4 -6

3 16 3.1092 -4 -5 6 -3.4 -6 2.2961 -3.674 -5.5434

3 16 6 -3.4 -6 0 -3.4 -6 2.2961 -3.674 -5.5434

2 24 9.41 -15.01 8.35 10 -13.6 6

2 24 9.41 -15.01 10 10 -13.6 10

2 24 8 -15.6 9.3333 9.41 -15.01 8.35

2 24 9.41 -15.01 10 8 -15.6 10

2 24 -9.41 -15.01 8.35 -10 -13.6 6

2 24 -9.41 -15.01 10 -10 -13.6 10

2 24 -8 -15.6 9.3333 -9.41 -15.01 8.35

2 24 -9.41 -15.01 10 -8 -15.6 10

4 16 8 -15.6 10 8 -15.6 9.3333 9.41 -15.01 8.35 9.41 -15.01 10

4 16 9.41 -15.01 10 9.41 -15.01 8.35 10 -13.6 6 10 -13.6 10

4 16 10 -1 10 10 -13.6 10 10 -13.6 6 10 -4 -10

3 16 10 -4 -10 10 -1 -10 10 -1 10

3 16 8 -15.6 10 9.41 -15.01 10 10 -13.6 10

4 16 -9.41 -15.01 8.35 -8 -15.6 9.3333 -8 -15.6 10 -9.41 -15.01 10

4 16 -10 -13.6 6 -9.41 -15.01 8.35 -9.41 -15.01 10 -10 -13.6 10

4 16 -10 -13.6 6 -10 -13.6 10 -10 -1 10 -10 -4 -10

3 16 -10 -1 -10 -10 -4 -10 -10 -1 10

3 16 -9.41 -15.01 10 -8 -15.6 10 -10 -13.6 10

2 24 -8 -15.6 10 8 -15.6 10

2 24 -8 -15.6 9.3333 8 -15.6 9.3333

4 16 -8 -15.6 10 -8 -15.6 9.3333 8 -15.6 9.3333 8 -15.6 10

4 16 -10 -13.6 10 -8 -15.6 10 8 -15.6 10 10 -13.6 10

1 16 0 -7.3 10 10 0 0 0 0 6.3 0 -1 0 rect3.dat

5 24 -9.41 -15.01 10 -9.41 -15.01 8.35 -8 -15.6 9.3333 -10 -13.6 10

5 24 9.41 -15.01 8.35 9.41 -15.01 10 8 -15.6 10 10 -13.6 6

5 24 -10 -13.6 6 -10 -13.6 10 -9.41 -15.01 8.35 -10 -1 10

5 24 10 -13.6 10 10 -13.6 6 9.41 -15.01 10 10 -4 -10

5 24 8 -15.6 9.3333 8 -15.6 10 9.41 -15.01 8.35 -8 -15.6 10

5 24 -8 -15.6 9.3333 -8 -15.6 10 -9.41 -15.01 10 8 -15.6 9.3333

3 16 0 -4 -6 -2.2961 -4 -5.5434 2.2961 -4 -5.5434

4 16 -3.1092 -4 -5 3.1092 -4 -5 2.2961 -4 -5.5434 -2.2961 -4 -5.5434

3 16 -3.1092 -4 -5 -6 -3.4 -6 -6 -10.6 6

3 16 6 -3.4 -6 3.1092 -4 -5 6 -10.6 6

4 16 -3.1092 -4 -5 -6 -10.6 6 6 -10.6 6 3.1092 -4 -5

2 24 -10 -13.6 6 -10 -4 -10

2 24 10 -4 -10 10 -13.6 6

0 NOFILE

0 FILE box4.dat
0 Box with 4 Faces (2 Parallel Pairs) and All Edges

0 Name: box4.dat

0 Author: James Jessiman

0 !LDRAW_ORG Primitive UPDATE 2012-01

0 !LICENSE Licensed under CC BY 4.0 : see CAreadme.txt



0 BFC CERTIFY CCW



0 !HISTORY 2002-04-03 [sbliss] Modified for BFC compliance

0 !HISTORY 2002-04-25 [PTadmin] Official Update 2002-02

0 !HISTORY 2007-06-24 [PTadmin] Header formatted for Contributor Agreement

0 !HISTORY 2008-07-01 [PTadmin] Official Update 2008-01

0 !HISTORY 2012-02-16 [Philo] Changed to CCW

0 !HISTORY 2012-03-30 [PTadmin] Official Update 2012-01





2 24 1 1 1 -1 1 1

2 24 -1 1 1 -1 1 -1

2 24 -1 1 -1 1 1 -1

2 24 1 1 -1 1 1 1

2 24 1 0 1 -1 0 1

2 24 -1 0 1 -1 0 -1

2 24 -1 0 -1 1 0 -1

2 24 1 0 -1 1 0 1

2 24 1 0 1 1 1 1

2 24 -1 0 1 -1 1 1

2 24 1 0 -1 1 1 -1

2 24 -1 0 -1 -1 1 -1

4 16 -1 1 1 -1 0 1 1 0 1 1 1 1

4 16 -1 1 -1 -1 0 -1 -1 0 1 -1 1 1

4 16 1 1 -1 1 0 -1 -1 0 -1 -1 1 -1

4 16 1 1 1 1 0 1 1 0 -1 1 1 -1

0 NOFILE

0 FILE 4733.dat
0 Brick  1 x  1 with Studs on Four Sides

0 Name: 4733.dat

0 Author: James Jessiman

0 !LDRAW_ORG Part UPDATE 2024-01

0 !LICENSE Licensed under CC BY 4.0 : see CAreadme.txt



0 BFC CERTIFY CCW



0 !KEYWORDS Travis Brick



0 !HISTORY 1998-06-20 [PTadmin] Official Update 1998-06

0 !HISTORY 2003-06-08 [jriley] BFC compliant

0 !HISTORY 2003-12-19 [PTadmin] Official Update 2003-03

0 !HISTORY 2004-07-24 [cwdee] Add "Four" to part title

0 !HISTORY 2004-11-06 [PTadmin] Official Update 2004-04

0 !HISTORY 2007-07-08 [PTadmin] Header formatted for Contributor Agreement

0 !HISTORY 2008-07-01 [PTadmin] Official Update 2008-01

0 !HISTORY 2023-04-08 [MagFors] Unmirrored stud primitives

0 !HISTORY 2024-01-29 [OrionP] Official Update 2024-01



1 16 0 12 0 10 0 0 0 12 0 0 0 10 box0.dat

1 16 0 14 0 6 0 0 0 10 0 0 0 6 box0.dat



1 16 0 4 0 4 0 0 0 -1 0 0 0 4 4-4edge.dat

1 16 6 10 0 0 -1 0 4 0 0 0 0 4 4-4edge.dat

1 16 0 10 -6 4 0 0 0 0 4 0 -1 0 4-4edge.dat

1 16 -6 10 0 0 1 0 4 0 0 0 0 4 4-4edge.dat

1 16 0 10 6 4 0 0 0 0 4 0 1 0 4-4edge.dat



1 16 0 0 0 6 0 0 0 1 0 0 0 6 4-4edge.dat

1 16 10 10 0 0 1 0 6 0 0 0 0 6 4-4edge.dat

1 16 0 10 -10 6 0 0 0 0 6 0 1 0 4-4edge.dat

1 16 -10 10 0 0 1 0 6 0 0 0 0 6 4-4edge.dat

1 16 0 10 10 6 0 0 0 0 6 0 1 0 4-4edge.dat



1 16 0 4 0 4 0 0 0 -1 0 0 0 4 4-4ndis.dat

1 16 6 10 0 0 1 0 4 0 0 0 0 4 4-4ndis.dat

1 16 0 10 -6 -4 0 0 0 0 4 0 -1 0 4-4ndis.dat

1 16 -6 10 0 0 -1 0 4 0 0 0 0 -4 4-4ndis.dat

1 16 0 10 6 4 0 0 0 0 4 0 1 0 4-4ndis.dat



1 16 0 0 0 6 0 0 0 1 0 0 0 6 4-4ndis.dat

1 16 10 10 0 0 -1 0 6 0 0 0 0 -6 4-4ndis.dat

1 16 0 10 -10 6 0 0 0 0 6 0 1 0 4-4ndis.dat

1 16 -10 10 0 0 1 0 6 0 0 0 0 6 4-4ndis.dat

1 16 0 10 10 -6 0 0 0 0 6 0 -1 0 4-4ndis.dat



0 BFC INVERTNEXT

1 16 0 0 0 4 0 0 0 4 0 0 0 4 4-4cyli.dat

0 BFC INVERTNEXT

1 16 10 10 0 0 -4 0 4 0 0 0 0 4 4-4cyli.dat

0 BFC INVERTNEXT

1 16 0 10 -10 4 0 0 0 0 4 0 4 0 4-4cyli.dat

0 BFC INVERTNEXT

1 16 -10 10 0 0 4 0 4 0 0 0 0 4 4-4cyli.dat

0 BFC INVERTNEXT

1 16 0 10 10 4 0 0 0 0 4 0 -4 0 4-4cyli.dat



4 16 10 24 10 6 24 6 -6 24 6 -10 24 10

4 16 -10 24 10 -6 24 6 -6 24 -6 -10 24 -10

4 16 -10 24 -10 -6 24 -6 6 24 -6 10 24 -10

4 16 10 24 -10 6 24 -6 6 24 6 10 24 10

4 16 6 4 6 4 4 4 -4 4 4 -6 4 6

4 16 -6 4 6 -4 4 4 -4 4 -4 -6 4 -6

4 16 -6 4 -6 -4 4 -4 4 4 -4 6 4 -6

4 16 6 4 -6 4 4 -4 4 4 4 6 4 6

4 16 -10 0 10 -6 0 6 6 0 6 10 0 10

4 16 -10 0 -10 -6 0 -6 -6 0 6 -10 0 10

4 16 10 0 -10 6 0 -6 -6 0 -6 -10 0 -10

4 16 10 0 10 6 0 6 6 0 -6 10 0 -10

4 16 -10 24 10 -6 16 10 6 16 10 10 24 10

4 16 -10 24 10 -10 0 10 -6 4 10 -6 16 10

4 16 10 0 10 6 4 10 -6 4 10 -10 0 10

4 16 10 0 10 10 24 10 6 16 10 6 4 10

4 16 6 24 6 4 14 6 -4 14 6 -6 24 6

4 16 -6 24 6 -4 14 6 -4 6 6 -6 4 6

4 16 -6 4 6 -4 6 6 4 6 6 6 4 6

4 16 6 4 6 4 6 6 4 14 6 6 24 6

4 16 -6 24 -6 -4 14 -6 4 14 -6 6 24 -6

4 16 6 24 -6 4 14 -6 4 6 -6 6 4 -6

4 16 6 4 -6 4 6 -6 -4 6 -6 -6 4 -6

4 16 -6 4 -6 -4 6 -6 -4 14 -6 -6 24 -6

4 16 10 24 -10 6 16 -10 -6 16 -10 -10 24 -10

4 16 -10 24 -10 -6 16 -10 -6 4 -10 -10 0 -10

4 16 -10 0 -10 -6 4 -10 6 4 -10 10 0 -10

4 16 10 0 -10 6 4 -10 6 16 -10 10 24 -10

4 16 10 24 10 10 16 6 10 16 -6 10 24 -10

4 16 10 24 -10 10 16 -6 10 4 -6 10 0 -10

4 16 10 0 -10 10 4 -6 10 4 6 10 0 10

4 16 10 0 10 10 4 6 10 16 6 10 24 10

4 16 6 24 -6 6 14 -4 6 14 4 6 24 6

4 16 6 24 6 6 14 4 6 6 4 6 4 6

4 16 6 4 6 6 6 4 6 6 -4 6 4 -6

4 16 6 4 -6 6 6 -4 6 14 -4 6 24 -6

4 16 -6 24 6 -6 14 4 -6 14 -4 -6 24 -6

4 16 -6 24 -6 -6 14 -4 -6 6 -4 -6 4 -6

4 16 -6 4 -6 -6 6 -4 -6 6 4 -6 4 6

4 16 -6 4 6 -6 6 4 -6 14 4 -6 24 6

4 16 -10 24 -10 -10 16 -6 -10 16 6 -10 24 10

4 16 -10 24 -10 -10 0 -10 -10 4 -6 -10 16 -6

4 16 -10 0 10 -10 4 6 -10 4 -6 -10 0 -10

4 16 -10 0 10 -10 24 10 -10 16 6 -10 4 6



1 16 0 0 0 1 0 0 0 1 0 0 0 1 stud2a.dat

1 16 10 10 0 0 -1 0 1 0 0 0 0 1 stud2a.dat

1 16 0 10 -10 0 0 1 1 0 0 0 1 0 stud2a.dat

1 16 -10 10 0 0 1 0 1 0 0 0 0 -1 stud2a.dat

1 16 0 10 10 0 0 -1 1 0 0 0 -1 0 stud2a.dat

0 NOFILE

0 FILE stud2a.dat
0 Stud Open without Base Edges

0 Name: stud2a.dat

0 Author: James Jessiman

0 !LDRAW_ORG Primitive UPDATE 2009-02

0 !LICENSE Licensed under CC BY 4.0 : see CAreadme.txt



0 BFC CERTIFY CCW



0 !HISTORY 1999-07-05 [PTadmin] Official Update 1999-05

0 !HISTORY 2002-04-04 [sbliss] Modified for BFC compliance

0 !HISTORY 2002-04-25 [PTadmin] Official Update 2002-02

0 !HISTORY 2007-06-24 [PTadmin] Header formatted for Contributor Agreement

0 !HISTORY 2008-07-01 [PTadmin] Official Update 2008-01

0 !HISTORY 2009-06-21 [cwdee] Update ring references to 4-4ring

0 !HISTORY 2009-09-03 [PTadmin] Official Update 2009-02





1 16 0 -4 0 4 0 0 0 1 0 0 0 4 4-4edge.dat

1 16 0 -4 0 6 0 0 0 1 0 0 0 6 4-4edge.dat

0 BFC INVERTNEXT

1 16 0 -4 0 4 0 0 0 4 0 0 0 4 4-4cyli.dat

1 16 0 -4 0 6 0 0 0 4 0 0 0 6 4-4cyli.dat

1 16 0 -4 0 2 0 0 0 1 0 0 0 2 4-4ring2.dat

0

0 NOFILE

0 FILE 4-4ring2.dat
0 Ring  2 x 1.0

0 Name: 4-4ring2.dat

0 Author: James Jessiman

0 !LDRAW_ORG Primitive UPDATE 2009-01

0 !LICENSE Licensed under CC BY 4.0 : see CAreadme.txt



0 BFC CERTIFY CCW



0 !HISTORY 1998-12-15 [PTadmin] Official Update 1998-10

0 !HISTORY 2002-04-05 [hafhead] Added BFC statement

0 !HISTORY 2002-04-25 [PTadmin] Official Update 2002-02

0 !HISTORY 2007-06-24 [PTadmin] Header formatted for Contributor Agreement

0 !HISTORY 2008-07-01 [PTadmin] Official Update 2008-01

0 !HISTORY 2008-08-26 [cwdee] Switch polygon winding and rename

0 !HISTORY 2009-05-02 [PTadmin] Official Update 2009-01





4 16 -1.1481 0 2.7717 -0.7654 0 1.8478 0 0 2 0 0 3

4 16 -2.1213 0 2.1213 -1.4142 0 1.4142 -0.7654 0 1.8478 -1.1481 0 2.7717

4 16 -2.7717 0 1.1481 -1.8478 0 0.7654 -1.4142 0 1.4142 -2.1213 0 2.1213

4 16 -3 0 0 -2 0 0 -1.8478 0 0.7654 -2.7717 0 1.1481

4 16 -2.7717 0 -1.1481 -1.8478 0 -0.7654 -2 0 0 -3 0 0

4 16 -2.1213 0 -2.1213 -1.4142 0 -1.4142 -1.8478 0 -0.7654 -2.7717 0 -1.1481

4 16 -1.1481 0 -2.7717 -0.7654 0 -1.8478 -1.4142 0 -1.4142 -2.1213 0 -2.1213

4 16 0 0 -3 0 0 -2 -0.7654 0 -1.8478 -1.1481 0 -2.7717

4 16 1.1481 0 -2.7717 0.7654 0 -1.8478 0 0 -2 0 0 -3

4 16 2.1213 0 -2.1213 1.4142 0 -1.4142 0.7654 0 -1.8478 1.1481 0 -2.7717

4 16 2.7717 0 -1.1481 1.8478 0 -0.7654 1.4142 0 -1.4142 2.1213 0 -2.1213

4 16 3 0 0 2 0 0 1.8478 0 -0.7654 2.7717 0 -1.1481

4 16 2.7717 0 1.1481 1.8478 0 0.7654 2 0 0 3 0 0

4 16 2.1213 0 2.1213 1.4142 0 1.4142 1.8478 0 0.7654 2.7717 0 1.1481

4 16 1.1481 0 2.7717 0.7654 0 1.8478 1.4142 0 1.4142 2.1213 0 2.1213

4 16 0 0 3 0 0 2 0.7654 0 1.8478 1.1481 0 2.7717

0

0 NOFILE

0 FILE 4-4ndis.dat
0 Disc Negative 1.0

0 Name: 4-4ndis.dat

0 Author: James Jessiman

0 !LDRAW_ORG Primitive UPDATE 2012-01

0 !LICENSE Licensed under CC BY 4.0 : see CAreadme.txt



0 BFC CERTIFY CCW



0 !HISTORY 2002-03-23 [sbliss] Added BFC statement; compacted code

0 !HISTORY 2002-04-25 [PTadmin] Official Update 2002-02

0 !HISTORY 2007-06-24 [PTadmin] Header formatted for Contributor Agreement

0 !HISTORY 2008-07-01 [PTadmin] Official Update 2008-01

0 !HISTORY 2012-02-16 [Philo] Changed to CCW

0 !HISTORY 2012-03-30 [PTadmin] Official Update 2012-01





3 16 0.9239 0 0.3827 1 0 0 1 0 1

3 16 0.7071 0 0.7071 0.9239 0 0.3827 1 0 1

3 16 0.3827 0 0.9239 0.7071 0 0.7071 1 0 1

3 16 0 0 1 0.3827 0 0.9239 1 0 1

3 16 -0.3827 0 0.9239 0 0 1 -1 0 1

3 16 -0.7071 0 0.7071 -0.3827 0 0.9239 -1 0 1

3 16 -0.9239 0 0.3827 -0.7071 0 0.7071 -1 0 1

3 16 -1 0 0 -0.9239 0 0.3827 -1 0 1

3 16 -0.9239 0 -0.3827 -1 0 0 -1 0 -1

3 16 -0.7071 0 -0.7071 -0.9239 0 -0.3827 -1 0 -1

3 16 -0.3827 0 -0.9239 -0.7071 0 -0.7071 -1 0 -1

3 16 0 0 -1 -0.3827 0 -0.9239 -1 0 -1

3 16 0.3827 0 -0.9239 0 0 -1 1 0 -1

3 16 0.7071 0 -0.7071 0.3827 0 -0.9239 1 0 -1

3 16 0.9239 0 -0.3827 0.7071 0 -0.7071 1 0 -1

3 16 1 0 0 0.9239 0 -0.3827 1 0 -1

0 NOFILE

0 FILE box0.dat
0 Box with 0 Faces and All Edges

0 Name: box0.dat

0 Author: Santeri Piippo [arezey]

0 !LDRAW_ORG Primitive UPDATE 2010-02

0 !LICENSE Licensed under CC BY 4.0 : see CAreadme.txt



0 BFC CERTIFY CCW



0 !HISTORY 2010-07-05 [PTadmin] Official Update 2010-02





2 24 -1 1 -1 1 1 -1

2 24 -1 -1 -1 1 -1 -1

2 24 1 1 1 1 1 -1

2 24 1 -1 1 1 -1 -1

2 24 -1 1 1 -1 1 -1

2 24 -1 -1 1 -1 -1 -1

2 24 1 1 1 -1 1 1

2 24 1 -1 1 -1 -1 1

2 24 1 -1 1 1 1 1

2 24 -1 -1 1 -1 1 1

2 24 -1 -1 -1 -1 1 -1

2 24 1 -1 -1 1 1 -1

0 //

0 NOFILE

0 FILE 3069b.dat
0 Tile  1 x  2 with Groove

0 Name: 3069b.dat

0 Author: Santeri Piippo [arezey]

0 !LDRAW_ORG Part UPDATE 2010-02

0 !LICENSE Licensed under CC BY 4.0 : see CAreadme.txt



0 BFC CERTIFY CCW



0 !KEYWORDS BrickLink 3069



0 !HISTORY 2010-07-05 [PTadmin] Official Update 2010-02





4 16 20 0 -10 20 0 10 -20 0 10 -20 0 -10

1 16 0 0 0 1 0 0 0 1 0 0 0 1 s__3069bs01.dat

0 //

0 NOFILE

0 FILE s__3069bs01.dat
0 ~Tile  1 x  2 with Groove without Top Face

0 Name: s\3069bs01.dat

0 Author: Santeri Piippo [arezey]

0 !LDRAW_ORG Subpart UPDATE 2010-02

0 !LICENSE Licensed under CC BY 4.0 : see CAreadme.txt



0 BFC CERTIFY CCW



0 !HISTORY 2010-07-05 [PTadmin] Official Update 2010-02





1 16 0 0 0 20 0 0 0 7 0 0 0 10 box4.dat

1 16 0 7 0 19 0 0 0 1 0 0 0 9 box4.dat

0 BFC INVERTNEXT

1 16 0 8 0 16 0 0 0 -4 0 0 0 6 box5.dat

4 16 -19 8 9 -16 8 6 -16 8 -6 -19 8 -9

4 16 19 8 -9 16 8 -6 16 8 6 19 8 9

4 16 19 8 9 16 8 6 -16 8 6 -19 8 9

4 16 -19 8 -9 -16 8 -6 16 8 -6 19 8 -9

4 16 -20 7 10 -19 7 9 -19 7 -9 -20 7 -10

4 16 20 7 -10 19 7 -9 19 7 9 20 7 10

4 16 20 7 10 19 7 9 -19 7 9 -20 7 10

4 16 -20 7 -10 -19 7 -9 19 7 -9 20 7 -10

0 //

0 NOFILE

0 FILE box5.dat
0 Box with 5 Faces and All Edges

0 Name: box5.dat

0 Author: James Jessiman

0 !LDRAW_ORG Primitive UPDATE 2012-01

0 !LICENSE Licensed under CC BY 4.0 : see CAreadme.txt



0 BFC CERTIFY CCW



0 !HISTORY 2002-04-03 [sbliss] Modified for BFC compliance

0 !HISTORY 2002-04-25 [PTadmin] Official Update 2002-02

0 !HISTORY 2007-06-24 [PTadmin] Header formatted for Contributor Agreement

0 !HISTORY 2008-07-01 [PTadmin] Official Update 2008-01

0 !HISTORY 2012-02-16 [Philo] Changed to CCW

0 !HISTORY 2012-03-30 [PTadmin] Official Update 2012-01





2 24 1 1 1 -1 1 1

2 24 -1 1 1 -1 1 -1

2 24 -1 1 -1 1 1 -1

2 24 1 1 -1 1 1 1

2 24 1 0 1 -1 0 1

2 24 -1 0 1 -1 0 -1

2 24 -1 0 -1 1 0 -1

2 24 1 0 -1 1 0 1

2 24 1 0 1 1 1 1

2 24 -1 0 1 -1 1 1

2 24 1 0 -1 1 1 -1

2 24 -1 0 -1 -1 1 -1

4 16 -1 1 1 1 1 1 1 1 -1 -1 1 -1

4 16 -1 1 1 -1 0 1 1 0 1 1 1 1

4 16 -1 1 -1 -1 0 -1 -1 0 1 -1 1 1

4 16 1 1 -1 1 0 -1 -1 0 -1 -1 1 -1

4 16 1 1 1 1 0 1 1 0 -1 1 1 -1

0 NOFILE

0 FILE 35480.dat
0 Plate  1 x  2 with Round Ends and 2 Open Studs

0 Name: 35480.dat

0 Author: Magnus Forsberg [MagFors]

0 !LDRAW_ORG Part UPDATE 2018-01

0 !LICENSE Licensed under CC BY 4.0 : see CAreadme.txt



0 BFC CERTIFY CCW



0 !HISTORY 2018-01-30 [PTadmin] Official Update 2018-01





1 16 0 4 0 0 0 1 0 -1 0 -1 0 0 stud3.dat

1 16 10 8 0 0 0 2 0 -1 0 -2 0 0 2-4ring3.dat

1 16 10 8 0 0 0 2 0 -1 0 -2 0 0 2-4ring4.dat

0 BFC INVERTNEXT

1 16 10 4 0 0 0 6 0 4 0 -6 0 0 2-4cylo.dat

1 16 10 4 0 0 0 2 0 -1 0 -2 0 0 2-4ring2.dat

1 16 10 4 0 0 0 -4 0 -1 0 -4 0 0 2-4ndis.dat

1 16 10 4 0 0 0 4 0 1 0 -4 0 0 4-4edge.dat

0 BFC INVERTNEXT

1 16 10 4 0 0 0 4 0 -4 0 -4 0 0 4-4cyli.dat

1 16 10 0 0 0 0 10 0 8 0 -10 0 0 2-4cylo.dat

1 16 10 0 0 0 0 2 0 1 0 -2 0 0 2-4ring4.dat

1 16 10 0 0 0 0 2 0 1 0 -2 0 0 2-4ring3.dat

1 16 10 0 0 0 0 6 0 1 0 -6 0 0 4-4edge.dat

1 16 10 0 0 0 0 -6 0 1 0 -6 0 0 2-4ndis.dat

1 16 10 0 0 0 0 1 0 1 0 -1 0 0 stud2a.dat

3 16 6 4 -4 10 4 -4 10 4 -6

3 16 10 4 4 6 4 4 10 4 6

3 16 10 0 -6 4 0 -6 10 0 -8

3 16 4 0 6 10 0 6 10 0 8

2 24 10 4 -6 -10 4 -6

4 16 -4 0 -6 4 0 -6 4 0 0 -4 0 0

4 16 10 0 -8 4 0 -6 -4 0 -6 -10 0 -8

4 16 10 4 -6 -10 4 -6 -6 4 -4 6 4 -4

4 16 6 4 0 6 4 -4 -6 4 -4 -6 4 0

1 16 0 4 -8 -10 0 0 0 0 -4 0 -2 0 box3u10p.dat

1 16 0 6 -7 -10 0 0 0 0 2 0 1 0 box2-11.dat



1 16 -10 8 0 0 0 -2 0 -1 0 2 0 0 2-4ring3.dat

1 16 -10 8 0 0 0 -2 0 -1 0 2 0 0 2-4ring4.dat

0 BFC INVERTNEXT

1 16 -10 4 0 0 0 -6 0 4 0 6 0 0 2-4cylo.dat

1 16 -10 4 0 0 0 -2 0 -1 0 2 0 0 2-4ring2.dat

1 16 -10 4 0 0 0 4 0 -1 0 4 0 0 2-4ndis.dat

1 16 -10 4 0 0 0 -4 0 1 0 4 0 0 4-4edge.dat

0 BFC INVERTNEXT

1 16 -10 4 0 0 0 -4 0 -4 0 4 0 0 4-4cyli.dat

1 16 -10 0 0 0 0 -10 0 8 0 10 0 0 2-4cylo.dat

1 16 -10 0 0 0 0 -2 0 1 0 2 0 0 2-4ring4.dat

1 16 -10 0 0 0 0 -2 0 1 0 2 0 0 2-4ring3.dat

1 16 -10 0 0 0 0 -6 0 1 0 6 0 0 4-4edge.dat

1 16 -10 0 0 0 0 6 0 1 0 6 0 0 2-4ndis.dat

1 16 -10 0 0 0 0 -1 0 1 0 1 0 0 stud2a.dat

3 16 -6 4 4 -10 4 4 -10 4 6

3 16 -10 4 -4 -6 4 -4 -10 4 -6

3 16 -10 0 6 -4 0 6 -10 0 8

3 16 -4 0 -6 -10 0 -6 -10 0 -8

2 24 -10 4 6 10 4 6

4 16 4 0 6 -4 0 6 -4 0 0 4 0 0

4 16 -10 0 8 -4 0 6 4 0 6 10 0 8

4 16 -10 4 6 10 4 6 6 4 4 -6 4 4

4 16 -6 4 0 -6 4 4 6 4 4 6 4 0

1 16 0 4 8 10 0 0 0 0 -4 0 2 0 box3u10p.dat

1 16 0 6 7 10 0 0 0 0 2 0 -1 0 box2-11.dat

0 NOFILE

0 FILE box2-11.dat
0 Box with 2 Faces without 11 Edges

0 Name: box2-11.dat

0 Author: Steffen [Steffen]

0 !LDRAW_ORG Primitive UPDATE 2005-01

0 !LICENSE Licensed under CC BY 4.0 : see CAreadme.txt



0 BFC CERTIFY CCW



0 !HISTORY 2005-12-28 [PTadmin] Official Update 2005-01

0 !HISTORY 2007-06-24 [PTadmin] Header formatted for Contributor Agreement

0 !HISTORY 2008-07-01 [PTadmin] Official Update 2008-01





2 24 1 1 1 -1 1 1

4 16 1 1 1 1 1 -1 -1 1 -1 -1 1 1

4 16 1 1 1 -1 1 1 -1 -1 1 1 -1 1

0

0 NOFILE

0 FILE box3u10p.dat
0 Box with 3 Faces without 10 Parallel Edges

0 Name: box3u10p.dat

0 Author: Owen Burgoyne [C3POwen]

0 !LDRAW_ORG Primitive UPDATE 2014-01

0 !LICENSE Licensed under CC BY 4.0 : see CAreadme.txt



0 BFC CERTIFY CCW



0 !HISTORY 2014-06-21 [PTadmin] Official Update 2014-01





4 16 1 1 -1 -1 1 -1 -1 1 1 1 1 1

4 16 -1 1 1 -1 0 1 1 0 1 1 1 1

4 16 1 1 -1 1 0 -1 -1 0 -1 -1 1 -1

2 24 1 1 1 -1 1 1

2 24 -1 1 -1 1 1 -1

0 NOFILE

0 FILE 2-4ring2.dat
0 Ring  2 x 0.5

0 Name: 2-4ring2.dat

0 Author: Chris Dee [cwdee]

0 !LDRAW_ORG Primitive UPDATE 2012-01

0 !LICENSE Licensed under CC BY 4.0 : see CAreadme.txt



0 BFC CERTIFY CCW



0 !HISTORY 2001-10-26 [PTadmin] Official Update 2001-01

0 !HISTORY 2007-06-24 [PTadmin] Header formatted for Contributor Agreement

0 !HISTORY 2008-07-01 [PTadmin] Official Update 2008-01

0 !HISTORY 2012-02-16 [Philo] Changed to CCW

0 !HISTORY 2012-03-30 [PTadmin] Official Update 2012-01





4 16 3 0 0 2.7717 0 1.1481 1.8478 0 0.7654 2 0 0

4 16 2.7717 0 1.1481 2.1213 0 2.1213 1.4142 0 1.4142 1.8478 0 0.7654

4 16 2.1213 0 2.1213 1.1481 0 2.7717 0.7654 0 1.8478 1.4142 0 1.4142

4 16 1.1481 0 2.7717 0 0 3 0 0 2 0.7654 0 1.8478

4 16 0 0 3 -1.1481 0 2.7717 -0.7654 0 1.8478 0 0 2

4 16 -1.1481 0 2.7717 -2.1213 0 2.1213 -1.4142 0 1.4142 -0.7654 0 1.8478

4 16 -2.1213 0 2.1213 -2.7717 0 1.1481 -1.8478 0 0.7654 -1.4142 0 1.4142

4 16 -2.7717 0 1.1481 -3 0 0 -2 0 0 -1.8478 0 0.7654

0 NOFILE

0 FILE 2-4cylo.dat
0 Cylinder Open 0.5

0 Name: 2-4cylo.dat

0 Author: Max Martin Richter [MMR1988]

0 !LDRAW_ORG Primitive UPDATE 2010-03

0 !LICENSE Licensed under CC BY 4.0 : see CAreadme.txt



0 BFC CERTIFY CCW



0 !HISTORY 2010-12-31 [PTadmin] Official Update 2010-03





1 16 0 0 0 1 0 0 0 1 0 0 0 1 2-4edge.dat

1 16 0 1 0 1 0 0 0 1 0 0 0 1 2-4edge.dat

1 16 0 0 0 1 0 0 0 1 0 0 0 1 2-4cyli.dat

0 NOFILE

0 FILE 2-4cyli.dat
0 Cylinder 0.5

0 Name: 2-4cyli.dat

0 Author: James Jessiman

0 !LDRAW_ORG Primitive UPDATE 2005-01

0 !LICENSE Licensed under CC BY 4.0 : see CAreadme.txt



0 BFC CERTIFY CCW



0 !HISTORY 2002-03-23 [sbliss] Added BFC statement; compacted code

0 !HISTORY 2002-04-25 [PTadmin] Official Update 2002-02

0 !HISTORY 2004-12-11 [nielsk] Recreated using Primitive Generator, Edge lines fixed, BFC changed to CCW

0 !HISTORY 2005-12-28 [PTadmin] Official Update 2005-01

0 !HISTORY 2007-06-24 [PTadmin] Header formatted for Contributor Agreement

0 !HISTORY 2008-07-01 [PTadmin] Official Update 2008-01





4 16 .9239 1 .3827 .9239 0 .3827 1 0 0 1 1 0

4 16 .7071 1 .7071 .7071 0 .7071 .9239 0 .3827 .9239 1 .3827

4 16 .3827 1 .9239 .3827 0 .9239 .7071 0 .7071 .7071 1 .7071

4 16 0 1 1 0 0 1 .3827 0 .9239 .3827 1 .9239

4 16 -.3827 1 .9239 -.3827 0 .9239 0 0 1 0 1 1

4 16 -.7071 1 .7071 -.7071 0 .7071 -.3827 0 .9239 -.3827 1 .9239

4 16 -.9239 1 .3827 -.9239 0 .3827 -.7071 0 .7071 -.7071 1 .7071

4 16 -1 1 0 -1 0 0 -.9239 0 .3827 -.9239 1 .3827

5 24 1 1 0 1 0 0 1 1 -.4142 .9239 1 .3827

5 24 .9239 1 .3827 .9239 0 .3827 1 1 0 .7071 1 .7071

5 24 .7071 1 .7071 .7071 0 .7071 .9239 1 .3827 .3827 1 .9239

5 24 .3827 1 .9239 .3827 0 .9239 .7071 1 .7071 0 1 1

5 24 0 1 1 0 0 1 .3827 1 .9239 -.3827 1 .9239

5 24 -.3827 1 .9239 -.3827 0 .9239 0 1 1 -.7071 1 .7071

5 24 -.7071 1 .7071 -.7071 0 .7071 -.3827 1 .9239 -.9239 1 .3827

5 24 -.9239 1 .3827 -.9239 0 .3827 -.7071 1 .7071 -1 1 0

5 24 -1 1 0 -1 0 0 -.9239 1 .3827 -1 1 -.4142

0

0 NOFILE

0 FILE 2-4ring4.dat
0 Ring  4 x 0.5

0 Name: 2-4ring4.dat

0 Author: Paul Easter [pneaster]

0 !LDRAW_ORG Primitive UPDATE 2012-01

0 !LICENSE Licensed under CC BY 4.0 : see CAreadme.txt



0 BFC CERTIFY CCW



0 !HISTORY 2000-09-30 [PTadmin] Official Update 2000-02

0 !HISTORY 2003-06-11 [pneaster] Corrected Values

0 !HISTORY 2003-08-01 [PTadmin] Official Update 2003-02

0 !HISTORY 2007-06-24 [PTadmin] Header formatted for Contributor Agreement

0 !HISTORY 2008-07-01 [PTadmin] Official Update 2008-01

0 !HISTORY 2012-02-16 [Philo] Changed to CCW

0 !HISTORY 2012-03-30 [PTadmin] Official Update 2012-01





4 16 5 0 0 4.6195 0 1.9135 3.6956 0 1.5308 4 0 0

4 16 4.6195 0 1.9135 3.5355 0 3.5355 2.8284 0 2.8284 3.6956 0 1.5308

4 16 3.5355 0 3.5355 1.9135 0 4.6195 1.5308 0 3.6956 2.8284 0 2.8284

4 16 1.9135 0 4.6195 0 0 5 0 0 4 1.5308 0 3.6956

4 16 0 0 5 -1.9135 0 4.6195 -1.5308 0 3.6956 0 0 4

4 16 -1.9135 0 4.6195 -3.5355 0 3.5355 -2.8284 0 2.8284 -1.5308 0 3.6956

4 16 -3.5355 0 3.5355 -4.6195 0 1.9135 -3.6956 0 1.5308 -2.8284 0 2.8284

4 16 -4.6195 0 1.9135 -5 0 0 -4 0 0 -3.6956 0 1.5308

0 NOFILE

0 FILE 2-4ring3.dat
0 Ring  3 x 0.5

0 Name: 2-4ring3.dat

0 Author: James Jessiman

0 !LDRAW_ORG Primitive UPDATE 2012-01

0 !LICENSE Licensed under CC BY 4.0 : see CAreadme.txt



0 BFC CERTIFY CCW



0 !HISTORY 1998-12-15 [PTadmin] Official Update 1998-10

0 !HISTORY 2003-01-21 [cavehop] Update Added BFC and some header info

0 !HISTORY 2003-03-12 [PTadmin] Official Update 2003-01

0 !HISTORY 2003-08-01 [PTadmin] Official Update 2003-02

0 !HISTORY 2007-06-24 [PTadmin] Header formatted for Contributor Agreement

0 !HISTORY 2008-07-01 [PTadmin] Official Update 2008-01

0 !HISTORY 2012-02-16 [Philo] Changed to CCW

0 !HISTORY 2012-03-30 [PTadmin] Official Update 2012-01





4 16 4 0 0 3.6956 0 1.5308 2.7717 0 1.1481 3 0 0

4 16 3.6956 0 1.5308 2.8284 0 2.8284 2.1213 0 2.1213 2.7717 0 1.1481

4 16 2.8284 0 2.8284 1.5308 0 3.6956 1.1481 0 2.7717 2.1213 0 2.1213

4 16 1.5308 0 3.6956 0 0 4 0 0 3 1.1481 0 2.7717

4 16 0 0 4 -1.5308 0 3.6956 -1.1481 0 2.7717 0 0 3

4 16 -1.5308 0 3.6956 -2.8284 0 2.8284 -2.1213 0 2.1213 -1.1481 0 2.7717

4 16 -2.8284 0 2.8284 -3.6956 0 1.5308 -2.7717 0 1.1481 -2.1213 0 2.1213

4 16 -3.6956 0 1.5308 -4 0 0 -3 0 0 -2.7717 0 1.1481

0 NOFILE

0 FILE stud3.dat
0 Stud Tube Solid

0 Name: stud3.dat

0 Author: James Jessiman

0 !LDRAW_ORG Primitive UPDATE 2012-01

0 !LICENSE Licensed under CC BY 4.0 : see CAreadme.txt



0 BFC CERTIFY CCW



0 !HISTORY 2002-04-04 [sbliss] Modified for BFC compliance

0 !HISTORY 2002-04-25 [PTadmin] Official Update 2002-02

0 !HISTORY 2007-06-24 [PTadmin] Header formatted for Contributor Agreement

0 !HISTORY 2008-07-01 [PTadmin] Official Update 2008-01

0 !HISTORY 2012-02-16 [Philo] Changed to CCW

0 !HISTORY 2012-03-30 [PTadmin] Official Update 2012-01





1 16 0 -4 0 4 0 0 0 1 0 0 0 4 4-4edge.dat

1 16 0 0 0 4 0 0 0 1 0 0 0 4 4-4edge.dat

1 16 0 -4 0 4 0 0 0 1 0 0 0 4 4-4disc.dat

1 16 0 -4 0 4 0 0 0 4 0 0 0 4 4-4cyli.dat

0 NOFILE

0 FILE 85861.dat
0 Plate  1 x  1 Round with Open Stud

0 Name: 85861.dat

0 Author: Magnus Forsberg [MagFors]

0 !LDRAW_ORG Part UPDATE 2025-09

0 !LICENSE Licensed under CC BY 4.0 : see CAreadme.txt



0 BFC CERTIFY CCW



0 !HISTORY 2010-04-05 [PTadmin] Official Update 2010-01

0 !HISTORY 2025-09-27 [OrionP] Changed winding to CCW

0 !HISTORY 2025-09-29 [OrionP] Official Update 2025-09



1 16 0 3 0 -1 0 0 0 -1.25 0 0 0 1 stud4.dat

1 16 0 3 0 4 0 0 0 1 0 0 0 4 4-4edge.dat

1 16 0 3 0 -2 0 0 0 -1 0 0 0 2 4-4ring2.dat

1 16 0 3 0 10 0 0 0 1 0 0 0 10 4-4edge.dat

1 16 0 3 0 -2 0 0 0 -1 0 0 0 2 4-4ring4.dat

1 16 0 0 0 10 0 0 0 1 0 0 0 10 4-4edge.dat

1 16 0 0 0 10 0 0 0 3 0 0 0 10 4-4cyli.dat

1 16 0 0 0 6 0 0 0 1 0 0 0 6 4-4edge.dat

1 16 0 0 0 2 0 0 0 1 0 0 0 2 4-4ring4.dat

1 16 0 0 0 2 0 0 0 1 0 0 0 2 4-4ring3.dat

0 BFC INVERTNEXT

1 16 0 0 0 4 0 0 0 3 0 0 0 4 4-4cyli.dat

1 16 0 0 0 1 0 0 0 1 0 0 0 1 stud2a.dat
0 NOFILE

0 FILE 4-4ring4.dat
0 Ring  4 x 1.0

0 Name: 4-4ring4.dat

0 Author: James Jessiman

0 !LDRAW_ORG Primitive UPDATE 2009-01

0 !LICENSE Licensed under CC BY 4.0 : see CAreadme.txt



0 BFC CERTIFY CCW



0 !HISTORY 1998-12-15 [PTadmin] Official Update 1998-10

0 !HISTORY 2002-04-08 [BrickCaster] Modified for BFC compliance

0 !HISTORY 2002-04-25 [PTadmin] Official Update 2002-02

0 !HISTORY 2007-06-24 [PTadmin] Header formatted for Contributor Agreement

0 !HISTORY 2008-07-01 [PTadmin] Official Update 2008-01

0 !HISTORY 2008-08-26 [cwdee] Switch polygon winding and rename

0 !HISTORY 2009-05-02 [PTadmin] Official Update 2009-01





4 16 -1.9135 0 4.6195 -1.5308 0 3.6956 0 0 4 0 0 5

4 16 -3.5355 0 3.5355 -2.8284 0 2.8284 -1.5308 0 3.6956 -1.9135 0 4.6195

4 16 -4.6195 0 1.9135 -3.6956 0 1.5308 -2.8284 0 2.8284 -3.5355 0 3.5355

4 16 -5 0 0 -4 0 0 -3.6956 0 1.5308 -4.6195 0 1.9135

4 16 -4.6195 0 -1.9135 -3.6956 0 -1.5308 -4 0 0 -5 0 0

4 16 -3.5355 0 -3.5355 -2.8284 0 -2.8284 -3.6956 0 -1.5308 -4.6195 0 -1.9135

4 16 -1.9135 0 -4.6195 -1.5308 0 -3.6956 -2.8284 0 -2.8284 -3.5355 0 -3.5355

4 16 0 0 -5 0 0 -4 -1.5308 0 -3.6956 -1.9135 0 -4.6195

4 16 1.9135 0 -4.6195 1.5308 0 -3.6956 0 0 -4 0 0 -5

4 16 3.5355 0 -3.5355 2.8284 0 -2.8284 1.5308 0 -3.6956 1.9135 0 -4.6195

4 16 4.6195 0 -1.9135 3.6956 0 -1.5308 2.8284 0 -2.8284 3.5355 0 -3.5355

4 16 5 0 0 4 0 0 3.6956 0 -1.5308 4.6195 0 -1.9135

4 16 4.6195 0 1.9135 3.6956 0 1.5308 4 0 0 5 0 0

4 16 3.5355 0 3.5355 2.8284 0 2.8284 3.6956 0 1.5308 4.6195 0 1.9135

4 16 1.9135 0 4.6195 1.5308 0 3.6956 2.8284 0 2.8284 3.5355 0 3.5355

4 16 0 0 5 0 0 4 1.5308 0 3.6956 1.9135 0 4.6195

0

0 NOFILE

0 FILE 4081b.dat
0 Plate  1 x  1 with Clip Light Type 2

0 Name: 4081b.dat

0 Author: James Jessiman

0 !LDRAW_ORG Part UPDATE 2024-02

0 !LICENSE Licensed under CC BY 4.0 : see CAreadme.txt



0 BFC CERTIFY CCW



0 !HISTORY 2001-10-25 [cwdee] Rewrite

0 !HISTORY 2001-10-26 [PTadmin] Official Update 2001-01

0 !HISTORY 2003-01-28 [sbliss] Completed header; BFC'ed

0 !HISTORY 2003-12-19 [PTadmin] Official Update 2003-03

0 !HISTORY 2004-03-02 [PTadmin] Official Update 2004-01

0 !HISTORY 2007-10-26 [PTadmin] Header formatted for Contributor Agreement

0 !HISTORY 2008-07-01 [PTadmin] Official Update 2008-01

0 !HISTORY 2020-06-04 [Sirio] Updated the use of primitives

0 !HISTORY 2021-10-30 [MagFors] Removed unwanted edges and surface bleeding

0 !HISTORY 2022-01-14 [PTadmin] Official Update 2022-01

0 !HISTORY 2024-03-23 [OrionP] Updated ring primitives

0 !HISTORY 2024-03-24 [OrionP] Official Update 2024-02



1 16 0 4 -10 -10 0 0 0 0 -4 0 20 0 box4-2p.dat

0 BFC INVERTNEXT

1 16 0 8 0 6 0 0 0 -4 0 0 0 6 box5.dat

4 16 6 8 -6 6 8 6 10 8 10 10 8 -10

4 16 -6 8 -6 6 8 -6 10 8 -10 -10 8 -10

4 16 -6 8 6 -6 8 -6 -10 8 -10 -10 8 10

4 16 6 8 6 -6 8 6 -10 8 10 10 8 10

1 16 0 0 0 1 0 0 0 1 0 0 0 1 stud.dat



1 16 6.5 4 -10 0 0 -3.5 -4 0 0 0 1 0 rect3.dat

1 16 -6.5 4 -10 0 0 3.5 4 0 0 0 1 0 rect3.dat

1 16 0 4 -10 0 0 -3 4 0 0 0 -3 0 box4o8a.dat



1 16 4 2 -20 0 -1 0 1 0 0 0 0 1 stud2a.dat

1 16 -4 2 -20 0 1 0 1 0 0 0 0 1 stud2a.dat

1 16 4 2 -20 0 1 0 6 0 0 0 0 6 4-4edge.dat

1 16 -4 2 -20 0 1 0 6 0 0 0 0 6 4-4edge.dat

0 BFC INVERTNEXT

1 16 4 2 -20 0 -8 0 4 0 0 0 0 4 4-4cyli.dat



1 16 4 2 -20 0 -1 0 -2 0 0 0 0 2 3-16ring3.dat

1 16 4 2 -20 0 -1 0 0 0 2 -2 0 0 5-16ring3.dat

1 16 4 2 -20 0 -1 0 0 0 -2 -2 0 0 1-4ring3.dat

1 16 -4 2 -20 0 1 0 -2 0 0 0 0 2 3-16ring3.dat

1 16 -4 2 -20 0 1 0 0 0 2 -2 0 0 5-16ring3.dat

1 16 -4 2 -20 0 1 0 0 0 -2 -2 0 0 1-4ring3.dat

1 16 4 2 -20 0 -8 0 -8 0 0 0 0 -8 1-4cylo.dat

1 16 4 2 -20 0 -8 0 0 0 8 -8 0 0 5-16cylo.dat

1 16 4 2 -20 0 -8 0 -8 0 0 0 0 8 3-16cylo.dat



1 16 0 8.6956 -15.8977 -4 0 0 0 -1 -.6956 0 0 1.0407 rect3.dat

2 24 3 0 -12.398 -3 0 -12.398

4 16 4 8 -14.857 -4 8 -14.857 -3 8 -13 3 8 -13

4 16 3 0 -12.398 -3 0 -12.398 -4 -1.0616 -12.6088 4 -1.0616 -12.6088

5 24 -4 -1.0616 -12.6088 4 -1.0616 -12.6088 -3 0 -12.398 -4 -3.6568 -14.3432

5 24 -4 9.3912 -16.9384 4 9.3912 -16.9384 -4 8 -14.857 -4 10 -20



1 16 3.5 6.8235 -13 -.5 0 0 0 0 -1.1765 0 -1 0 rect.dat

1 16 3.5 5.3545 -12.8045 0 0 .5 -.2925 -1 0 .1955 0 0 rect2p.dat

1 16 3.5 3.531 -12.3045 0 0 .5 -1.531 -1 0 .3045 0 0 rect2p.dat

2 24 4 -1.0616 -12.6088 4 2 -12

2 24 4 8 -14.857 4 8 -13

2 24 3 2 -12 3 0 -12.398

3 16 3 8 -13 4 8 -13 4 8 -14.857

4 16 4 8 -14.857 4 6.2426 -15.7574 4 7.5434 -17.7038 4 9.3912 -16.9384

4 16 4 6.2426 -15.7574 4 8 -14.857 4 8 -13 4 5.647 -13

4 16 4 4.2962 -14.4566 4 6.2426 -15.7574 4 5.647 -13 4 5.062 -12.609

4 16 4 -1.0616 -12.6088 4 -0.2962 -14.4566 4 2 -14 4 2 -12

4 16 4 5.062 -12.609 4 2 -12 4 2 -14 4 4.2962 -14.4566

4 16 3 0 -12.398 4 -1.0616 -12.6088 4 2 -12 3 2 -12

5 24 4 5.062 -12.609 3 5.062 -12.609 4 5.647 -13 4 2 -12

5 24 4 2 -12 3 2 -12 4 5.062 -12.609 4 -1.0616 -12.6088



1 16 -3.5 3.531 -12.3045 0 0 .5 -1.531 -1 0 .3045 0 0 rect2p.dat

1 16 -3.5 6.8235 -13 0 0 .5 -1.1765 0 0 0 -1 0 rect.dat

1 16 -3.5 5.3545 -12.8045 0 0 -.5 .2925 -1 0 -.1955 0 0 rect2p.dat

2 24 -4 8 -14.857 -4 8 -13

2 24 -4 2 -12 -4 -1.0616 -12.6088

2 24 -3 0 -12.398 -3 2 -12

3 16 -4 8 -14.857 -4 8 -13 -3 8 -13

4 16 -3 0 -12.398 -3 2 -12 -4 2 -12 -4 -1.0616 -12.6088

4 16 -4 7.5434 -17.7038 -4 6.2426 -15.7574 -4 8 -14.857 -4 9.3912 -16.9384

4 16 -4 8 -13 -4 8 -14.857 -4 6.2426 -15.7574 -4 5.647 -13

4 16 -4 5.647 -13 -4 6.2426 -15.7574 -4 4.2962 -14.4566 -4 5.062 -12.609

4 16 -4 -1.0616 -12.6088 -4 2 -12 -4 2 -14 -4 -0.2962 -14.4566

4 16 -4 4.2962 -14.4566 -4 2 -14 -4 2 -12 -4 5.062 -12.609

5 24 -4 5.062 -12.609 -3 5.062 -12.609 -4 5.647 -13 -4 2 -12

5 24 -4 2 -12 -3 2 -12 -4 5.062 -12.609 -4 -1.0616 -12.6088

0 NOFILE

0 FILE 3-16cylo.dat
0 Cylinder Open 0.1875

0 Name: 3-16cylo.dat

0 Author: J.C. Tchang [tchang]

0 !LDRAW_ORG Primitive UPDATE 2013-01

0 !LICENSE Licensed under CC BY 4.0 : see CAreadme.txt



0 BFC CERTIFY CCW



0 !HISTORY 2013-07-21 [PTadmin] Official Update 2013-01





1 16 0 0 0 1 0 0 0 1 0 0 0 1 3-16edge.dat

1 16 0 1 0 1 0 0 0 1 0 0 0 1 3-16edge.dat

1 16 0 0 0 1 0 0 0 1 0 0 0 1 3-16cyli.dat

0 NOFILE

0 FILE 3-16cyli.dat
0 Cylinder 0.1875

0 Name: 3-16cyli.dat

0 Author: Mark Kennedy [mkennedy]

0 !LDRAW_ORG Primitive UPDATE 2005-01

0 !LICENSE Licensed under CC BY 4.0 : see CAreadme.txt



0 BFC CERTIFY CCW



0 !HISTORY 2004-03-02 [PTadmin] Official Update 2004-01

0 !HISTORY 2004-12-11 [nielsk] Recreated using Primitive Generator, Edge lines fixed, BFC changed to CCW

0 !HISTORY 2005-12-28 [PTadmin] Official Update 2005-01

0 !HISTORY 2007-06-24 [PTadmin] Header formatted for Contributor Agreement

0 !HISTORY 2008-07-01 [PTadmin] Official Update 2008-01





4 16 .9239 1 .3827 .9239 0 .3827 1 0 0 1 1 0

4 16 .7071 1 .7071 .7071 0 .7071 .9239 0 .3827 .9239 1 .3827

4 16 .3827 1 .9239 .3827 0 .9239 .7071 0 .7071 .7071 1 .7071

5 24 1 1 0 1 0 0 1 1 -.4142 .9239 1 .3827

5 24 .9239 1 .3827 .9239 0 .3827 1 1 0 .7071 1 .7071

5 24 .7071 1 .7071 .7071 0 .7071 .9239 1 .3827 .3827 1 .9239

5 24 .3827 1 .9239 .3827 0 .9239 .7071 1 .7071 0 1 1.0824

0

0 NOFILE

0 FILE 3-16edge.dat
0 Circle 0.1875

0 Name: 3-16edge.dat

0 Author: Donald Sutter [technog]

0 !LDRAW_ORG Primitive UPDATE 2017-01

0 !LICENSE Licensed under CC BY 4.0 : see CAreadme.txt



0 BFC CERTIFY CCW



0 !HISTORY 2004-03-02 [PTadmin] Official Update 2004-01

0 !HISTORY 2007-06-24 [PTadmin] Header formatted for Contributor Agreement

0 !HISTORY 2008-07-01 [PTadmin] Official Update 2008-01

0 !HISTORY 2017-01-15 [Steffen] BFCed

0 !HISTORY 2017-12-30 [PTadmin] Official Update 2017-01





2 24 1 0 0 0.9239 0 0.3827

2 24 0.9239 0 0.3827 0.7071 0 0.7071

2 24 0.7071 0 0.7071 0.3827 0 0.9239

0 NOFILE

0 FILE 5-16cylo.dat
0 Cylinder Open 0.3125

0 Name: 5-16cylo.dat

0 Author: Max Martin Richter [MMR1988]

0 !LDRAW_ORG Primitive UPDATE 2013-01

0 !LICENSE Licensed under CC BY 4.0 : see CAreadme.txt



0 BFC CERTIFY CCW



0 !HISTORY 2013-07-21 [PTadmin] Official Update 2013-01





1 16 0 0 0 1 0 0 0 1 0 0 0 1 5-16cyli.dat

1 16 0 0 0 1 0 0 0 1 0 0 0 1 5-16edge.dat

1 16 0 1 0 1 0 0 0 1 0 0 0 1 5-16edge.dat

0 NOFILE

0 FILE 5-16edge.dat
0 Circle 0.3125

0 Name: 5-16edge.dat

0 Author: Philippe Hurbain [Philo]

0 !LDRAW_ORG Primitive UPDATE 2009-03

0 !LICENSE Licensed under CC BY 4.0 : see CAreadme.txt



0 BFC CERTIFY CCW



0 !HISTORY 2009-12-29 [PTadmin] Official Update 2009-03





2 24 1 0 0 0.9239 0 0.3827

2 24 0.9239 0 0.3827 0.7071 0 0.7071

2 24 0.7071 0 0.7071 0.3827 0 0.9239

2 24 0.3827 0 0.9239 0 0 1

2 24 0 0 1 -0.3827 0 0.9239



0 // end of file



0 NOFILE

0 FILE 5-16cyli.dat
0 Cylinder 0.3125

0 Name: 5-16cyli.dat

0 Author: Philippe Hurbain [Philo]

0 !LDRAW_ORG Primitive UPDATE 2009-03

0 !LICENSE Licensed under CC BY 4.0 : see CAreadme.txt



0 BFC CERTIFY CCW



0 !HISTORY 2009-12-29 [PTadmin] Official Update 2009-03





4 16 0.9239 0 0.3827 1 0 0 1 1 0 0.9239 1 0.3827

4 16 0.7071 0 0.7071 0.9239 0 0.3827 0.9239 1 0.3827 0.7071 1 0.7071

4 16 0.3827 0 0.9239 0.7071 0 0.7071 0.7071 1 0.7071 0.3827 1 0.9239

4 16 0 0 1 0.3827 0 0.9239 0.3827 1 0.9239 0 1 1

4 16 -0.3827 0 0.9239 0 0 1 0 1 1 -0.3827 1 0.9239



0 // conditional lines

5 24 1 1 0 1 0 0 1 1 -0.4142 0.9239 1 0.3827

5 24 0.9239 1 0.3827 0.9239 0 0.3827 1 1 0 0.7071 1 0.7071

5 24 0.7071 1 0.7071 0.7071 0 0.7071 0.9239 1 0.3827 0.3827 1 0.9239

5 24 0.3827 1 0.9239 0.3827 0 0.9239 0.7071 1 0.7071 0 1 1

5 24 0 1 1 0 0 1 0.3827 1 0.9239 -0.3827 1 0.9239

5 24 -0.3827 1 0.9239 -0.3827 0 0.9239 0 1 1 -0.7654 1 0.7654



0 // end of file



0 NOFILE

0 FILE 1-4cylo.dat
0 Cylinder Open 0.25

0 Name: 1-4cylo.dat

0 Author: Max Martin Richter [MMR1988]

0 !LDRAW_ORG Primitive UPDATE 2010-03

0 !LICENSE Licensed under CC BY 4.0 : see CAreadme.txt



0 BFC CERTIFY CCW



0 !HISTORY 2010-12-31 [PTadmin] Official Update 2010-03





1 16 0 0 0 1 0 0 0 1 0 0 0 1 1-4edge.dat

1 16 0 1 0 1 0 0 0 1 0 0 0 1 1-4edge.dat

1 16 0 0 0 1 0 0 0 1 0 0 0 1 1-4cyli.dat

0 NOFILE

0 FILE 1-4cyli.dat
0 Cylinder 0.25

0 Name: 1-4cyli.dat

0 Author: James Jessiman

0 !LDRAW_ORG Primitive UPDATE 2012-01

0 !LICENSE Licensed under CC BY 4.0 : see CAreadme.txt



0 BFC CERTIFY CCW



0 !HISTORY 2002-03-23 [sbliss] Added BFC statement.

0 !HISTORY 2002-04-25 [PTadmin] Official Update 2002-02

0 !HISTORY 2007-06-22 [PTadmin] Header formatted for Contributor Agreement

0 !HISTORY 2008-07-01 [PTadmin] Official Update 2008-01

0 !HISTORY 2012-02-16 [Philo] Changed to CCW

0 !HISTORY 2012-03-30 [PTadmin] Official Update 2012-01





4 16 1 1 0 0.9239 1 0.3827 0.9239 0 0.3827 1 0 0

5 24 1 0 0 1 1 0 0.9239 0 0.3827 1 0 -1

4 16 0.9239 1 0.3827 0.7071 1 0.7071 0.7071 0 0.7071 0.9239 0 0.3827

5 24 0.9239 0 0.3827 0.9239 1 0.3827 0.7071 0 0.7071 1 0 0

4 16 0.7071 1 0.7071 0.3827 1 0.9239 0.3827 0 0.9239 0.7071 0 0.7071

5 24 0.7071 0 0.7071 0.7071 1 0.7071 0.3827 0 0.9239 0.9239 0 0.3827

4 16 0.3827 1 0.9239 0 1 1 0 0 1 0.3827 0 0.9239

5 24 0.3827 0 0.9239 0.3827 1 0.9239 0 0 1 0.7071 0 0.7071

5 24 0 0 1 0 1 1 0.3827 0 0.9239 -1 0 1

0 NOFILE

0 FILE 1-4ring3.dat
0 Ring  3 x 0.25

0 Name: 1-4ring3.dat

0 Author: Willy Tschager [Holly-Wood]

0 !LDRAW_ORG Primitive UPDATE 2024-01

0 !LICENSE Licensed under CC BY 4.0 : see CAreadme.txt



0 BFC CERTIFY CCW



0 !HISTORY 1999-07-05 [PTadmin] Official Update 1999-05

0 !HISTORY 2003-01-21 [cavehop] Update Added BFC and 1 digit of significance

0 !HISTORY 2003-05-21 [cavehop] Corrected values as indicated by pneaster

0 !HISTORY 2003-06-12 [cavehop] Re-corrected values as indicated by pneaster

0 !HISTORY 2003-08-01 [PTadmin] Official Update 2003-02

0 !HISTORY 2007-06-22 [PTadmin] Header formatted for Contributor Agreement

0 !HISTORY 2008-07-01 [PTadmin] Official Update 2008-01

0 !HISTORY 2012-02-16 [Philo] Changed to CCW

0 !HISTORY 2012-03-30 [PTadmin] Official Update 2012-01

0 !HISTORY 2024-01-04 [Holly-Wood] Complete re-write, original by Karim Nassar

0 !HISTORY 2024-01-29 [OrionP] Official Update 2024-01



4 16 4 0 0 3.6956 0 1.5308 2.7717 0 1.1481 3 0 0

4 16 3.6956 0 1.5308 2.8284 0 2.8284 2.1213 0 2.1213 2.7717 0 1.1481

4 16 2.8284 0 2.8284 1.5308 0 3.6956 1.1481 0 2.7717 2.1213 0 2.1213

4 16 1.5308 0 3.6956 0 0 4 0 0 3 1.1481 0 2.7717

0 // Build by LDPartEditor (PrimGen 2.X)

0 NOFILE

0 FILE 5-16ring3.dat
0 Ring  3 x 0.3125

0 Name: 5-16ring3.dat

0 Author: Willy Tschager [Holly-Wood]

0 !LDRAW_ORG Primitive UPDATE 2024-02

0 !LICENSE Licensed under CC BY 4.0 : see CAreadme.txt



0 BFC CERTIFY CCW



0 !HISTORY 2017-12-30 [PTadmin] Official Update 2017-01

0 !HISTORY 2024-02-03 [Holly-Wood] Complete regeneration, original by KROACH

0 !HISTORY 2024-03-24 [OrionP] Official Update 2024-02



4 16 4 0 0 3.6956 0 1.5308 2.7717 0 1.1481 3 0 0

4 16 3.6956 0 1.5308 2.8284 0 2.8284 2.1213 0 2.1213 2.7717 0 1.1481

4 16 2.8284 0 2.8284 1.5308 0 3.6956 1.1481 0 2.7717 2.1213 0 2.1213

4 16 1.5308 0 3.6956 0 0 4 0 0 3 1.1481 0 2.7717

4 16 0 0 4 -1.5308 0 3.6956 -1.1481 0 2.7717 0 0 3

0 // Build by LDPartEditor (PrimGen 2.X)

0 NOFILE

0 FILE 3-16ring3.dat
0 Ring  3 x 0.1875

0 Name: 3-16ring3.dat

0 Author: Philippe Hurbain [Philo]

0 !LDRAW_ORG Primitive UPDATE 2024-02

0 !LICENSE Licensed under CC BY 4.0 : see CAreadme.txt



0 BFC CERTIFY CCW



0 !HISTORY 2010-04-05 [PTadmin] Official Update 2010-01

0 !HISTORY 2024-03-23 [OrionP] Moved from 3-16rin3.dat

0 !HISTORY 2024-03-24 [OrionP] Official Update 2024-02



4 16 3 0 0 4 0 0 3.6956 0 1.5308 2.7717 0 1.1481

4 16 2.7717 0 1.1481 3.6956 0 1.5308 2.8284 0 2.8284 2.1213 0 2.1213

4 16 2.1213 0 2.1213 2.8284 0 2.8284 1.5308 0 3.6956 1.1481 0 2.7717



0 // end of file



0 NOFILE

0 FILE box4o8a.dat
0 Box with 4 Faces (2 Parallel Pairs) without Top and Bottom Edges

0 Name: box4o8a.dat

0 Author: Steffen [Steffen]

0 !LDRAW_ORG Primitive UPDATE 2012-01

0 !LICENSE Licensed under CC BY 4.0 : see CAreadme.txt



0 BFC CERTIFY CCW



0 !HISTORY 2004-04-22 [PTadmin] Official Update 2004-02

0 !HISTORY 2007-06-24 [PTadmin] Header formatted for Contributor Agreement

0 !HISTORY 2008-07-01 [PTadmin] Official Update 2008-01

0 !HISTORY 2012-02-16 [Philo] Changed to CCW

0 !HISTORY 2012-03-30 [PTadmin] Official Update 2012-01





2 24 1 0 1 1 1 1

2 24 -1 0 1 -1 1 1

2 24 1 0 -1 1 1 -1

2 24 -1 0 -1 -1 1 -1

4 16 -1 1 1 -1 0 1 1 0 1 1 1 1

4 16 -1 1 -1 -1 0 -1 -1 0 1 -1 1 1

4 16 1 1 -1 1 0 -1 -1 0 -1 -1 1 -1

4 16 1 1 1 1 0 1 1 0 -1 1 1 -1

0 NOFILE

0 FILE stud.dat
0 Stud

0 Name: stud.dat

0 Author: James Jessiman

0 !LDRAW_ORG Primitive UPDATE 2012-01

0 !LICENSE Licensed under CC BY 4.0 : see CAreadme.txt



0 BFC CERTIFY CCW



0 !HISTORY 2002-04-04 [sbliss] Modified for BFC compliance

0 !HISTORY 2002-04-25 [PTadmin] Official Update 2002-02

0 !HISTORY 2007-06-24 [PTadmin] Header formatted for Contributor Agreement

0 !HISTORY 2008-07-01 [PTadmin] Official Update 2008-01

0 !HISTORY 2012-02-16 [Philo] Changed to CCW

0 !HISTORY 2012-03-30 [PTadmin] Official Update 2012-01





1 16 0 0 0 6 0 0 0 1 0 0 0 6 4-4edge.dat

1 16 0 -4 0 6 0 0 0 1 0 0 0 6 4-4edge.dat

1 16 0 0 0 6 0 0 0 -4 0 0 0 6 4-4cyli.dat

1 16 0 -4 0 6 0 0 0 1 0 0 0 6 4-4disc.dat

0 NOFILE

0 FILE box4-2p.dat
0 Box with  4 Faces without  2 Parallel Edges

0 Name: box4-2p.dat

0 Author: Willy Tschager [Holly-Wood]

0 !LDRAW_ORG Primitive UPDATE 2024-01

0 !LICENSE Licensed under CC BY 4.0 : see CAreadme.txt



0 BFC CERTIFY CCW



0 !HISTORY 2009-05-02 [PTadmin] Official Update 2009-01

0 !HISTORY 2024-01-03 [Holly-Wood] Complete re-write, original by guyvivan

0 !HISTORY 2024-01-29 [OrionP] Official Update 2024-01



2 24 -1 1 -1 -1 1 1

2 24 1 1 1 1 1 -1

2 24 -1 1 1 1 1 1

2 24 -1 1 -1 1 1 -1

4 16 1 1 1 1 1 -1 -1 1 -1 -1 1 1



2 24 -1 0 -1 -1 1 -1

2 24 -1 0 -1 -1 0 1

4 16 -1 1 1 -1 1 -1 -1 0 -1 -1 0 1



2 24 1 0 -1 1 1 -1

2 24 1 0 1 1 0 -1

4 16 1 1 -1 1 1 1 1 0 1 1 0 -1



2 24 1 1 1 1 0 1

2 24 -1 1 1 -1 0 1

4 16 1 1 1 -1 1 1 -1 0 1 1 0 1

0 NOFILE

0 FILE 36841.dat
0 Bracket  1 x  1 -  1 x  1 Down

0 Name: 36841.dat

0 Author: Magnus Forsberg [MagFors]

0 !LDRAW_ORG Part UPDATE 2019-01

0 !LICENSE Licensed under CC BY 4.0 : see CAreadme.txt



0 BFC CERTIFY CCW



0 !HISTORY 2019-06-28 [PTadmin] Official Update 2019-01





1 16 0 6 -10 -1.5 0 0 0 0 2 0 4 0 box4-1.dat

0 BFC INVERTNEXT

1 16 0 8 -2 6 0 0 0 -4 0 0 0 8 box5-1.dat

1 16 0 8 0 10 0 0 0 1 0 0 0 10 recte3.dat

4 16 10 8 10 6 8 6 -6 8 6 -10 8 10

4 16 -10 8 10 -6 8 6 -6 8 -10 -10 8 -10

4 16 10 8 -10 6 8 -10 6 8 6 10 8 10

2 24 -10 8 -10 -6 8 -10

2 24 10 8 -10 6 8 -10

2 24 10 8 -10 10 18 -10

2 24 -10 8 -10 -10 18 -10

4 16 8 20 -10 6 8 -10 10 8 -10 10 18 -10

4 16 8 20 -10 -8 20 -10 -6 8 -10 6 8 -10

4 16 -10 18 -14 -10 0 -14 -10 8 -10 -10 18 -10

1 16 0 4 10 -10 0 0 0 0 -4 0 -1 0 rect3.dat

4 16 10 18 -10 10 8 -10 10 0 -14 10 18 -14

4 16 10 8 10 10 0 10 10 0 -14 10 8 -10

4 16 -10 8 10 -10 8 -10 -10 0 -14 -10 0 10

1 16 0 9 -2 -10 0 0 0 -9 0 0 0 -12 box2-7.dat



1 16 -8 18 -14 -2 0 0 0 0 2 0 4 0 1-4cylo.dat

1 16 8 18 -14 0 0 2 2 0 0 0 4 0 1-4cylo.dat

1 16 -8 18 -10 -2 0 0 0 0 2 0 -1 0 1-4chrd.dat

1 16 8 18 -10 0 0 2 2 0 0 0 -1 0 1-4chrd.dat

1 16 -8 18 -14 -2 0 0 0 0 2 0 1 0 1-4chrd.dat

1 16 8 18 -14 0 0 2 2 0 0 0 1 0 1-4chrd.dat

1 16 0 20 -12 8 0 0 0 -1 0 0 0 -2 rect2p.dat

4 16 10 18 -14 -10 18 -14 -8 20 -14 8 20 -14

4 16 -10 8 -10 -6 8 -10 -8 20 -10 -10 18 -10



1 16 0 0 0 0 0 -1 0 1 0 1 0 0 stud.dat

1 16 0 10 -14 0 0 1 1 0 0 0 1 0 stud2.dat

0 NOFILE

0 FILE stud2.dat
0 Stud Open

0 Name: stud2.dat

0 Author: James Jessiman

0 !LDRAW_ORG Primitive UPDATE 2009-02

0 !LICENSE Licensed under CC BY 4.0 : see CAreadme.txt



0 BFC CERTIFY CCW



0 !HISTORY 1999-07-05 [PTadmin] Official Update 1999-05

0 !HISTORY 2002-04-04 [sbliss] Modified for BFC compliance

0 !HISTORY 2002-04-25 [PTadmin] Official Update 2002-02

0 !HISTORY 2007-06-24 [PTadmin] Header formatted for Contributor Agreement

0 !HISTORY 2008-07-01 [PTadmin] Official Update 2008-01

0 !HISTORY 2009-06-21 [cwdee] Update ring references to 4-4ring

0 !HISTORY 2009-09-03 [PTadmin] Official Update 2009-02





1 16 0 0 0 4 0 0 0 1 0 0 0 4 4-4edge.dat

1 16 0 0 0 6 0 0 0 1 0 0 0 6 4-4edge.dat

1 16 0 -4 0 4 0 0 0 1 0 0 0 4 4-4edge.dat

1 16 0 -4 0 6 0 0 0 1 0 0 0 6 4-4edge.dat

0 BFC INVERTNEXT

1 16 0 -4 0 4 0 0 0 4 0 0 0 4 4-4cyli.dat

1 16 0 -4 0 6 0 0 0 4 0 0 0 6 4-4cyli.dat

1 16 0 -4 0 2 0 0 0 1 0 0 0 2 4-4ring2.dat

0

0 NOFILE

0 FILE 1-4chrd.dat
0 Chord 0.25

0 Name: 1-4chrd.dat

0 Author: Max Martin Richter [MMR1988]

0 !LDRAW_ORG Primitive UPDATE 2023-05

0 !LICENSE Licensed under CC BY 4.0 : see CAreadme.txt



0 BFC CERTIFY CCW



0 !HISTORY 2004-04-22 [PTadmin] Official Update 2004-02

0 !HISTORY 2007-10-09 [PTadmin] Header formatted for Contributor Agreement

0 !HISTORY 2008-07-01 [PTadmin] Official Update 2008-01

0 !HISTORY 2012-08-02 [MMR1988] Re-creation with PrimGen2 and Rectifier

0 !HISTORY 2012-08-09 [PTadmin] Official Update 2012-02

0 !HISTORY 2023-10-27 [OrionP] Change author to MMR1988 from hafhead

0 !HISTORY 2023-10-31 [OrionP] Official Update 2023-05



4 16 0.9239 0 0.3827 0.3827 0 0.9239 0 0 1 1 0 0

3 16 0.7071 0 0.7071 0.3827 0 0.9239 0.9239 0 0.3827
0 NOFILE

0 FILE box5-1.dat
0 Box with 5 Faces without 1 Edge

0 Name: box5-1.dat

0 Author: J.C. Tchang [tchang]

0 !LDRAW_ORG Primitive UPDATE 2014-01

0 !LICENSE Licensed under CC BY 4.0 : see CAreadme.txt



0 BFC CERTIFY CCW



0 !HISTORY 2014-06-21 [PTadmin] Official Update 2014-01





2 24 1 1 1 -1 1 1

2 24 -1 1 1 -1 1 -1

2 24 -1 1 -1 1 1 -1

2 24 1 1 -1 1 1 1

2 24 1 0 1 -1 0 1

2 24 -1 0 1 -1 0 -1

2 24 1 0 -1 1 0 1

2 24 1 0 1 1 1 1

2 24 -1 0 1 -1 1 1

2 24 1 0 -1 1 1 -1

2 24 -1 0 -1 -1 1 -1

4 16 -1 1 1 1 1 1 1 1 -1 -1 1 -1

4 16 -1 1 1 -1 0 1 1 0 1 1 1 1

4 16 -1 1 -1 -1 0 -1 -1 0 1 -1 1 1

4 16 1 1 -1 1 0 -1 -1 0 -1 -1 1 -1

4 16 1 1 1 1 0 1 1 0 -1 1 1 -1

0 NOFILE

0 FILE 3070b.dat
0 Tile  1 x  1 with Groove

0 Name: 3070b.dat

0 Author: Chris Dee [cwdee]

0 !LDRAW_ORG Part UPDATE 2025-09

0 !LICENSE Licensed under CC BY 4.0 : see CAreadme.txt



0 BFC CERTIFY CCW



0 !KEYWORDS BrickLink 3070



0 !HISTORY 2009-09-03 [PTadmin] Official Update 2009-02

0 !HISTORY 2025-09-27 [OrionP] Changed winding to CCW

0 !HISTORY 2025-09-29 [OrionP] Official Update 2025-09



1 16 0 0 0 1 0 0 0 1 0 0 0 1 s__3070bs01.dat

4 16 -10 0 10 -10 0 -10 10 0 -10 10 0 10

0
0 NOFILE

0 FILE s__3070bs01.dat
0 ~Tile  1 x  1 with Groove without Top Face

0 Name: s\3070bs01.dat

0 Author: Chris Dee [cwdee]

0 !LDRAW_ORG Subpart UPDATE 2009-02

0 !LICENSE Licensed under CC BY 4.0 : see CAreadme.txt



0 BFC CERTIFY CCW



0 !HISTORY 2009-09-03 [PTadmin] Official Update 2009-02





1 16 0 0 0 10 0 0 0 7 0 0 0 10 box4.dat

0 BFC INVERTNEXT

1 16 0 8 0 6 0 0 0 -4 0 0 0 6 box5.dat

1 16 0 7 0 9 0 0 0 1 0 0 0 9 box4.dat



4 16 9 8 9 6 8 6 -6 8 6 -9 8 9

4 16 -9 8 9 -6 8 6 -6 8 -6 -9 8 -9

4 16 -9 8 -9 -6 8 -6 6 8 -6 9 8 -9

4 16 9 8 -9 6 8 -6 6 8 6 9 8 9



4 16 10 7 10 9 7 9 -9 7 9 -10 7 10

4 16 -10 7 10 -9 7 9 -9 7 -9 -10 7 -10

4 16 -10 7 -10 -9 7 -9 9 7 -9 10 7 -10

4 16 10 7 -10 9 7 -9 9 7 9 10 7 10

0

0 NOFILE

0 FILE 3794b.dat
0 Plate  1 x  2 with Groove with 1 Centre Stud

0 Name: 3794b.dat

0 Author: Magnus Forsberg [MagFors]

0 !LDRAW_ORG Part UPDATE 2011-02

0 !LICENSE Licensed under CC BY 4.0 : see CAreadme.txt



0 BFC CERTIFY CCW



0 !KEYWORDS jumper, offset, spacer, tile



0 !HISTORY 2011-12-29 [PTadmin] Official Update 2011-02





1 16 0 4 0 1 0 0 0 -1 0 0 0 1 stud3.dat

0 BFC INVERTNEXT

1 16 0 8 0 16 0 0 0 -4 0 0 0 6 box5.dat

4 16 19 8 9 16 8 6 -16 8 6 -19 8 9

4 16 -19 8 9 -16 8 6 -16 8 -6 -19 8 -9

4 16 -19 8 -9 -16 8 -6 16 8 -6 19 8 -9

4 16 19 8 -9 16 8 -6 16 8 6 19 8 9

1 16 0 8 0 19 0 0 0 -1 0 0 0 9 box4.dat

4 16 20 7 10 19 7 9 -19 7 9 -20 7 10

4 16 -20 7 10 -19 7 9 -19 7 -9 -20 7 -10

4 16 -20 7 -10 -19 7 -9 19 7 -9 20 7 -10

4 16 20 7 -10 19 7 -9 19 7 9 20 7 10

1 16 0 7 0 20 0 0 0 -7 0 0 0 10 box5.dat

1 16 0 0 0 1 0 0 0 1 0 0 0 1 stud2.dat

0 NOFILE

0 FILE 3022.dat
0 Plate  2 x  2

0 Name: 3022.dat

0 Author: James Jessiman

0 !LDRAW_ORG Part UPDATE 2002-03

0 !LICENSE Licensed under CC BY 4.0 : see CAreadme.txt



0 BFC CERTIFY CCW



0 !HISTORY 2001-10-26 [PTadmin] Official Update 2001-01

0 !HISTORY 2002-05-07 {unknown} BFC Certification

0 !HISTORY 2002-06-11 [PTadmin] Official Update 2002-03

0 !HISTORY 2007-06-07 [PTadmin] Header formatted for Contributor Agreement

0 !HISTORY 2008-07-01 [PTadmin] Official Update 2008-01





1 16 0 4 0 1 0 0 0 -1 0 0 0 1 stud4.dat



0 BFC INVERTNEXT

1 16 0 8 0 16 0 0 0 -4 0 0 0 16 box5.dat



4 16 20 8 20 16 8 16 -16 8 16 -20 8 20

0 // Next Line was 4 16 20 8 -20 16 8 -16 -16 8 -16 -20 8 -20

4 16 -20 8 -20 -16 8 -16 16 8 -16 20 8 -20

0 // Next Line was 4 16 20 8 20 16 8 16 16 8 -16 20 8 -20

4 16 20 8 -20 16 8 -16 16 8 16 20 8 20

4 16 -20 8 20 -16 8 16 -16 8 -16 -20 8 -20



1 16 0 8 0 20 0 0 0 -8 0 0 0 20 box5.dat



1 16 10 0 10 1 0 0 0 1 0 0 0 1 stud.dat

1 16 -10 0 10 1 0 0 0 1 0 0 0 1 stud.dat

1 16 10 0 -10 1 0 0 0 1 0 0 0 1 stud.dat

1 16 -10 0 -10 1 0 0 0 1 0 0 0 1 stud.dat

0

0 NOFILE

0 FILE 32523.dat
0 Technic Beam  3

0 Name: 32523.dat

0 Author: Tim Gould [timgould]

0 !LDRAW_ORG Part UPDATE 2022-02

0 !LICENSE Licensed under CC BY 4.0 : see CAreadme.txt



0 BFC CERTIFY CCW



0 !HISTORY 2009-09-03 [PTadmin] Official Update 2009-02

0 !HISTORY 2020-12-05 [Philo] Used subpart

0 !HISTORY 2022-03-06 [PTadmin] Official Update 2022-02





1 16 0 0 0 1 0 0 0 1 0 0 0 1 s__32523s01.dat

4 16 9 10 20 9 -10 20 9 -10 -20 9 10 -20

0 NOFILE

0 FILE s__32523s01.dat
0 ~Technic Beam  3 without Side

0 Name: s\32523s01.dat

0 Author: Philippe Hurbain [Philo]

0 !LDRAW_ORG Subpart UPDATE 2022-02

0 !LICENSE Licensed under CC BY 4.0 : see CAreadme.txt



0 BFC CERTIFY CCW



0 !HISTORY 2020-12-05 [Philo] Subparted from Tim Gould 32523

0 !HISTORY 2022-03-06 [PTadmin] Official Update 2022-02





1 16 0 0 0 1 0 0 0 1 0 0 0 1 beamhole.dat

1 16 0 0 -20 1 0 0 0 1 0 0 0 1 beamhole.dat

1 16 0 0 20 1 0 0 0 1 0 0 0 1 connhole.dat

0 // Sides and edges

1 16 0 -10 20 9 0 0 0 20 0 0 0 9 2-4cyli.dat

1 16 0 -10 20 9 0 0 0 1 0 0 0 9 2-4edge.dat

1 16 0 10 20 -9 0 0 0 -1 0 0 0 9 2-4edge.dat

1 16 0 -10 -20 -9 0 0 0 20 0 0 0 -9 2-4cyli.dat

1 16 0 -10 -20 -9 0 0 0 1 0 0 0 -9 2-4edge.dat

1 16 0 10 -20 9 0 0 0 -1 0 0 0 -9 2-4edge.dat

2 24 9 10 -20 9 10 20

2 24 9 -10 20 9 -10 -20

1 16 -9 0 0 0 1 0 0 0 10 20 0 0 rect2p.dat

0 NOFILE

0 FILE connhole.dat
0 Technic Connector Hole Long

0 Name: connhole.dat

0 Author: Magnus Forsberg [MagFors]

0 !LDRAW_ORG Primitive UPDATE 2024-01

0 !LICENSE Licensed under CC BY 4.0 : see CAreadme.txt



0 BFC CERTIFY CCW



0 !HISTORY 2005-07-09 [mikeheide] use 4-4ring8 primitive

0 !HISTORY 2009-09-03 [PTadmin] Official Update 2009-02

0 !HISTORY 2024-01-05 [MagFors] Complete rewrite, original by t.woelk

0 !HISTORY 2024-01-29 [OrionP] Official Update 2024-01



1 16 0 10 0 1 0 0 0 -1 0 0 0 1 peghole.dat

1 16 0 10 0 1 0 0 0 -1 0 0 0 -1 4-4ring8.dat

0 BFC INVERTNEXT

1 16 0 -8 0 6 0 0 0 16 0 0 0 6 4-4cyli.dat

1 16 0 -10 0 1 0 0 0 1 0 0 0 1 4-4ring8.dat

1 16 0 -10 0 1 0 0 0 1 0 0 0 1 peghole.dat

0 NOFILE

0 FILE 4-4ring8.dat
0 Ring  8 x 1.0

0 Name: 4-4ring8.dat

0 Author: Steffen [Steffen]

0 !LDRAW_ORG Primitive UPDATE 2012-01

0 !LICENSE Licensed under CC BY 4.0 : see CAreadme.txt



0 BFC CERTIFY CCW



0 !HISTORY 2003-12-19 [PTadmin] Official Update 2003-03

0 !HISTORY 2007-06-24 [PTadmin] Header formatted for Contributor Agreement

0 !HISTORY 2008-07-01 [PTadmin] Official Update 2008-01

0 !HISTORY 2012-02-16 [Philo] Changed to CCW

0 !HISTORY 2012-03-30 [PTadmin] Official Update 2012-01





4 16 9 0 0 8.3151 0 3.4443 7.3912 0 3.0616 8 0 0

4 16 8.3151 0 3.4443 6.3639 0 6.3639 5.6568 0 5.6568 7.3912 0 3.0616

4 16 6.3639 0 6.3639 3.4443 0 8.3151 3.0616 0 7.3912 5.6568 0 5.6568

4 16 3.4443 0 8.3151 0 0 9 0 0 8 3.0616 0 7.3912

4 16 0 0 9 -3.4443 0 8.3151 -3.0616 0 7.3912 0 0 8

4 16 -3.4443 0 8.3151 -6.3639 0 6.3639 -5.6568 0 5.6568 -3.0616 0 7.3912

4 16 -6.3639 0 6.3639 -8.3151 0 3.4443 -7.3912 0 3.0616 -5.6568 0 5.6568

4 16 -8.3151 0 3.4443 -9 0 0 -8 0 0 -7.3912 0 3.0616

4 16 -9 0 0 -8.3151 0 -3.4443 -7.3912 0 -3.0616 -8 0 0

4 16 -8.3151 0 -3.4443 -6.3639 0 -6.3639 -5.6568 0 -5.6568 -7.3912 0 -3.0616

4 16 -6.3639 0 -6.3639 -3.4443 0 -8.3151 -3.0616 0 -7.3912 -5.6568 0 -5.6568

4 16 -3.4443 0 -8.3151 0 0 -9 0 0 -8 -3.0616 0 -7.3912

4 16 0 0 -9 3.4443 0 -8.3151 3.0616 0 -7.3912 0 0 -8

4 16 3.4443 0 -8.3151 6.3639 0 -6.3639 5.6568 0 -5.6568 3.0616 0 -7.3912

4 16 6.3639 0 -6.3639 8.3151 0 -3.4443 7.3912 0 -3.0616 5.6568 0 -5.6568

4 16 8.3151 0 -3.4443 9 0 0 8 0 0 7.3912 0 -3.0616

0 NOFILE

0 FILE peghole.dat
0 Peg Hole End

0 Name: peghole.dat

0 Author: James Jessiman

0 !LDRAW_ORG Primitive UPDATE 2010-01

0 !LICENSE Licensed under CC BY 4.0 : see CAreadme.txt



0 BFC CERTIFY CCW



0 !HISTORY 2002-05-01 [mkennedy] replace code with ring3

0 !HISTORY 2002-05-01 [sbliss] BFC

0 !HISTORY 2002-06-11 [PTadmin] Official Update 2002-03

0 !HISTORY 2007-06-24 [PTadmin] Header formatted for Contributor Agreement

0 !HISTORY 2008-07-01 [PTadmin] Official Update 2008-01

0 !HISTORY 2010-01-14 [cwdee] Update ring3 to 4-4ring3

0 !HISTORY 2010-04-05 [PTadmin] Official Update 2010-01





1 16 0 0 0 8 0 0 0 1 0 0 0 8 4-4edge.dat

1 16 0 2 0 8 0 0 0 1 0 0 0 8 4-4edge.dat

1 16 0 2 0 6 0 0 0 1 0 0 0 6 4-4edge.dat

1 16 0 2 0 2 0 0 0 1 0 0 0 2 4-4ring3.dat

0 BFC INVERTNEXT

1 16 0 0 0 8 0 0 0 2 0 0 0 8 4-4cyli.dat

0

0 NOFILE

0 FILE beamhole.dat
0 Technic Beam Hole 1.0 with Adjacent Hole Negative

0 Name: beamhole.dat

0 Author: Willy Tschager [Holly-Wood]

0 !LDRAW_ORG Primitive UPDATE 2024-01

0 !LICENSE Licensed under CC BY 4.0 : see CAreadme.txt



0 BFC CERTIFY CCW



0 !HISTORY 2005-12-28 [PTadmin] Official Update 2005-01

0 !HISTORY 2007-06-24 [PTadmin] Header formatted for Contributor Agreement

0 !HISTORY 2008-07-01 [PTadmin] Official Update 2008-01

0 !HISTORY 2024-01-11 [Holly-Wood] Complete rewrite, original by guyvivan

0 !HISTORY 2024-01-29 [OrionP] Official Update 2024-01



0 // Top

1 16 0 -10 0 1 0 0 0 1 0 0 0 1 4-4ring8.dat

1 16 0 -10 10 1 0 0 0 8 0 0 0 1 npeghol2.dat

1 16 0 -10 0 1 0 0 0 1 0 0 0 1 peghole.dat



0 // Center

0 BFC INVERTNEXT

1 16 0 -8 0 6 0 0 0 16 0 0 0 6 4-4cyli.dat



0 // Bottom

1 16 0 10 0 1 0 0 0 -1 0 0 0 1 peghole.dat

1 16 0 10 10 1 0 0 0 -8 0 0 0 1 npeghol2.dat

1 16 0 10 0 1 0 0 0 -1 0 0 0 1 4-4ring8.dat

0 NOFILE

0 FILE npeghol2.dat
0 Technic Peg Hole Negative with Top Surface Extensions

0 Name: npeghol2.dat

0 Author: Orion Pobursky [OrionP]

0 !LDRAW_ORG Primitive UPDATE 2023-01

0 !LICENSE Licensed under CC BY 4.0 : see CAreadme.txt



0 BFC CERTIFY CCW



0 !HISTORY 2005-12-28 [PTadmin] Official Update 2005-01

0 !HISTORY 2007-06-24 [PTadmin] Header formatted for Contributor Agreement

0 !HISTORY 2008-07-01 [PTadmin] Official Update 2008-01

0 !HISTORY 2012-03-14 [Philo] Changed to CCW, used 1-8ndis to avoid overlaps

0 !HISTORY 2012-03-30 [PTadmin] Official Update 2012-01

0 !HISTORY 2021-03-18 [kuramapika1] Change cyli to cylo and adjusted to correct rounding errors

0 !HISTORY 2022-01-14 [PTadmin] Official Update 2022-01

0 !HISTORY 2022-07-08 [SwampKryakwa] New primitive shape - corners of npegholes are now smoothed similar to the actual lego parts

0 !HISTORY 2023-03-05 [OrionP] Official Update 2023-01





1 16 0 0 0 1 0 0 0 1 0 0 0 1 npeghol7a.dat

1 16 0 0 0 1 0 0 0 1 0 0 0 -1 npeghol7a.dat

0 NOFILE

0 FILE npeghol7a.dat
0 Technic Peg Hole Negative 0.5 with Top Surface Extensions

0 Name: npeghol7a.dat

0 Author: Max Murtazin [SwampKryakwa]

0 !LDRAW_ORG Primitive UPDATE 2024-02

0 !LICENSE Licensed under CC BY 4.0 : see CAreadme.txt



0 BFC CERTIFY CCW



0 !HISTORY 2018-04-02 [MagFors] adapted to four digit decimals

0 !HISTORY 2020-09-05 [PTadmin] Official Update 2020-02

0 !HISTORY 2022-07-08 [SwampKryakwa] New primitive shape - corners of npegholes are now smoothed similar to the actual lego parts

0 !HISTORY 2023-03-05 [OrionP] Official Update 2023-01

0 !HISTORY 2024-02-29 [OrionP] Update author to Max Murtazin

0 !HISTORY 2024-03-24 [OrionP] Official Update 2024-02



1 16 0 0 0 1 0 0 0 1 0 0 0 1 npeghol7.dat

1 16 0 0 10 9 0 0 0 1 0 0 0 -9 1-8ndis.dat

1 16 0 0 10 -9 0 0 0 1 0 0 0 -9 1-8ndis.dat



3 16 9 0 1 6.3639 0 3.6361 6.3639 0 1.5321

4 16 9 0 1 6.3639 0 1.5321 6.3639 0 0 9 0 0

3 16 -9 0 1 -6.3639 0 1.5321 -6.3639 0 3.6361

4 16 -9 0 1 -9 0 0 -6.3639 0 0 -6.3639 0 1.5321

0 NOFILE

0 FILE 1-8ndis.dat
0 Disc Negative 0.125

0 Name: 1-8ndis.dat

0 Author: James Jessiman

0 !LDRAW_ORG Primitive UPDATE 2012-01

0 !LICENSE Licensed under CC BY 4.0 : see CAreadme.txt



0 BFC CERTIFY CCW



0 !HISTORY 2002-03-23 [sbliss] Added BFC statement

0 !HISTORY 2002-04-25 [PTadmin] Official Update 2002-02

0 !HISTORY 2007-06-22 [PTadmin] Header formatted for Contributor Agreement

0 !HISTORY 2008-07-01 [PTadmin] Official Update 2008-01

0 !HISTORY 2012-02-16 [Philo] Changed to CCW

0 !HISTORY 2012-03-30 [PTadmin] Official Update 2012-01





3 16 0.9239 0 0.3827 1 0 0 1 0 1

3 16 0.7071 0 0.7071 0.9239 0 0.3827 1 0 1

0 NOFILE

0 FILE npeghol7.dat
0 Technic Peg Hole Negative 0.5 without Top Surface Extensions

0 Name: npeghol7.dat

0 Author: Max Murtazin [SwampKryakwa]

0 !LDRAW_ORG Primitive UPDATE 2024-02

0 !LICENSE Licensed under CC BY 4.0 : see CAreadme.txt



0 BFC CERTIFY CCW



0 !HISTORY 2009-05-02 [PTadmin] Official Update 2009-01

0 !HISTORY 2022-07-08 [SwampKryakwa] New primitive shape - corners of npegholes are now smoothed similar to the actual lego parts

0 !HISTORY 2023-03-05 [OrionP] Official Update 2023-01

0 !HISTORY 2024-02-29 [OrionP] Update author to Max Murtazin

0 !HISTORY 2024-03-24 [OrionP] Official Update 2024-02



1 16 0 0 10 0 0 9 0 1 0 -9 0 0 1-16cylo.dat



1 16 6.3639 .5 .76606 0 1 0 0 0 .5 .76606 0 0 rect2p.dat

3 16 3.4442 1 1.6851 0 1 1 6.3639 1 0

0 BFC INVERTNEXT

1 16 5.58171 0 1.7 .78219 0 .09843 0 1 0 -.16788 0 .78 8__3-8cylo.dat

1 16 5.58171 1 1.7 .78219 0 .09843 0 1 0 -.16788 0 .78 8__3-8chrd.dat

5 24 6.3639 1 1.5321 6.3639 0 1.5321 6.2044 0 2.13283 6.3639 1 -1.5321

5 24 3.4443 1 1.6849 3.4443 0 1.6849 0 0 1 5.09822 0 2.37024

5 24 5.09822 1 2.37024 5.09822 0 2.37024 3.4443 0 1.6849 5.68014 0 2.48

1 16 0 0 10 6.36396 0 -6.36397 0 1 0 -6.36397 0 -6.36396 1-16tang.dat

3 16 5.09822 0 2.37025 5.68014 0 2.48 6.3639 0 3.6361

3 16 6.3639 0 3.6361 5.68014 0 2.48 6.2044 0 2.13283

3 16 6.3639 0 3.6361 6.2044 0 2.13283 6.3639 0 1.5321



1 16 0 0 10 0 0 -9 0 1 0 -9 0 0 1-16cylo.dat



1 16 -6.3639 .5 .76606 0 -1 0 0 0 .5 .76606 0 0 rect2p.dat

4 16 -6.3639 1 1.5321 -6.3639 1 0 -3.4442 1 1.6851 -5.09817 1 2.37024

0 BFC INVERTNEXT

1 16 -5.58171 0 1.7 -.78219 0 -.09843 0 1 0 -.16788 0 .78 8__3-8cylo.dat

1 16 -5.58171 1 1.7 -.78219 0 -.09843 0 1 0 -.16788 0 .78 8__3-8chrd.dat

5 24 -6.3639 1 1.5321 -6.3639 0 1.5321 -6.2044 0 2.13283 -6.3639 1 -1.5321

5 24 -3.4443 1 1.6849 -3.4443 0 1.6849 0 0 1 -5.09822 0 2.37024

5 24 -5.09822 1 2.37024 -5.09822 0 2.37024 -3.4443 0 1.6849 -5.68014 0 2.48

1 16 0 0 10 -6.36396 0 6.36397 0 1 0 -6.36397 0 -6.36396 1-16tang.dat

3 16 -5.68014 0 2.48 -5.09822 0 2.37025 -6.3639 0 3.6361

3 16 -5.68014 0 2.48 -6.3639 0 3.6361 -6.2044 0 2.13283

3 16 -6.2044 0 2.13283 -6.3639 0 3.6361 -6.3639 0 1.5321

4 16 6.3639 1 1.5321 5.09817 1 2.37024 3.4442 1 1.6851 6.3639 1 0

3 16 -3.4443 1 1.6849 -6.3639 1 0 0 1 1

3 16 0 1 1 -6.3639 1 0 6.3639 1 0

4 16 5.09817 0 2.37024 3.44417 0 1.68484 3.4442 1 1.6851 5.09817 1 2.37024

4 16 -3.4443 0 1.6849 -5.09822 0 2.37024 -5.09822 1 2.37024 -3.4443 1 1.6849

2 24 -5.09822 0 2.37024 -3.4443 0 1.6849

2 24 -5.09822 1 2.37024 -3.4443 1 1.6849

2 24 3.44417 0 1.68484 5.09817 0 2.37024

2 24 3.4442 1 1.6851 5.09817 1 2.37024

0 NOFILE

0 FILE 1-16tang.dat
0 Disc Negative Tangent 0.0625

0 Name: 1-16tang.dat

0 Author: Gerald Lasser [GeraldLasser]

0 !LDRAW_ORG Primitive UPDATE 2020-02

0 !LICENSE Licensed under CC BY 4.0 : see CAreadme.txt



0 BFC CERTIFY CCW



0 !HISTORY 2020-09-05 [PTadmin] Official Update 2020-02





3 16 1 0 0 1 0 .1989 .9239 0 .3827

0 NOFILE

0 FILE 8__3-8chrd.dat
0 Lo-Res Chord 0.375

0 Name: 8\3-8chrd.dat

0 Author: Philippe Hurbain [Philo]

0 !LDRAW_ORG 8_Primitive UPDATE 2020-01

0 !LICENSE Licensed under CC BY 4.0 : see CAreadme.txt



0 BFC CERTIFY CCW



0 !HISTORY 2020-06-28 [PTadmin] Official Update 2020-01





4 16 .7071 0 .7071 0 0 1 -.7071 0 .7071 1 0 0

0 // Build by LDPartEditor (PrimGen 2.X)

0 NOFILE

0 FILE 8__3-8cylo.dat
0 Lo-Res Cylinder Open 0.375

0 Name: 8\3-8cylo.dat

0 Author: Philippe Hurbain [Philo]

0 !LDRAW_ORG 8_Primitive UPDATE 2020-01

0 !LICENSE Licensed under CC BY 4.0 : see CAreadme.txt



0 BFC CERTIFY CCW



0 !HISTORY 2020-06-28 [PTadmin] Official Update 2020-01





1 16 0 0 0 1 0 0 0 1 0 0 0 1 8__3-8edge.dat

1 16 0 0 0 1 0 0 0 1 0 0 0 1 8__3-8cyli.dat

1 16 0 1 0 1 0 0 0 1 0 0 0 1 8__3-8edge.dat

0 NOFILE

0 FILE 8__3-8cyli.dat
0 Lo-Res Cylinder 0.375

0 Name: 8\3-8cyli.dat

0 Author: Philippe Hurbain [Philo]

0 !LDRAW_ORG 8_Primitive UPDATE 2020-01

0 !LICENSE Licensed under CC BY 4.0 : see CAreadme.txt



0 BFC CERTIFY CCW



0 !HISTORY 2020-06-28 [PTadmin] Official Update 2020-01





4 16 0.7071 0 0.7071 1 0 0 1 1 0 0.7071 1 0.7071

4 16 0 0 1 0.7071 0 0.7071 0.7071 1 0.7071 0 1 1

4 16 -0.7071 0 0.7071 0 0 1 0 1 1 -0.7071 1 0.7071

0 // conditional lines

5 24 1 1 0 1 0 0 1 1 -1 0.7071 1 0.7071

5 24 0.7071 1 0.7071 0.7071 0 0.7071 1 1 0 0 1 1

5 24 0 1 1 0 0 1 0.7071 1 0.7071 -0.7071 1 0.7071

5 24 -0.7071 1 0.7071 -0.7071 0 0.7071 0 1 1 -1.4142 1 0

0 // Build by LDPartEditor (PrimGen 2.X)

0 NOFILE

0 FILE 8__3-8edge.dat
0 Lo-Res Circle 0.375

0 Name: 8\3-8edge.dat

0 Author: Philippe Hurbain [Philo]

0 !LDRAW_ORG 8_Primitive UPDATE 2020-01

0 !LICENSE Licensed under CC BY 4.0 : see CAreadme.txt



0 BFC CERTIFY CCW



0 !HISTORY 2020-06-28 [PTadmin] Official Update 2020-01





2 24 1 0 0 0.7071 0 0.7071

2 24 0.7071 0 0.7071 0 0 1

2 24 0 0 1 -0.7071 0 0.7071

0 // Build by LDPartEditor (PrimGen 2.X)

0 NOFILE

0 FILE 1-16cylo.dat
0 Cylinder Open 0.0625

0 Name: 1-16cylo.dat

0 Author: Max Martin Richter [MMR1988]

0 !LDRAW_ORG Primitive UPDATE 2014-01

0 !LICENSE Licensed under CC BY 4.0 : see CAreadme.txt



0 BFC CERTIFY CCW



0 !HISTORY 2014-06-21 [PTadmin] Official Update 2014-01





1 16 0 0 0 1 0 0 0 1 0 0 0 1 1-16cyli.dat

1 16 0 0 0 1 0 0 0 1 0 0 0 1 1-16edge.dat

1 16 0 1 0 1 0 0 0 1 0 0 0 1 1-16edge.dat

0 NOFILE

0 FILE 1-16edge.dat
0 Circle 0.0625

0 Name: 1-16edge.dat

0 Author: Marc Klein [marckl]

0 !LDRAW_ORG Primitive UPDATE 2017-01

0 !LICENSE Licensed under CC BY 4.0 : see CAreadme.txt



0 BFC CERTIFY CCW



0 !HISTORY 2004-03-02 [PTadmin] Official Update 2004-01

0 !HISTORY 2007-06-22 [PTadmin] Header formatted for Contributor Agreement

0 !HISTORY 2008-07-01 [PTadmin] Official Update 2008-01

0 !HISTORY 2017-01-15 [Steffen] BFCed

0 !HISTORY 2017-12-30 [PTadmin] Official Update 2017-01





2 24 1 0 0 0.9239 0 0.3827

0 NOFILE

0 FILE 1-16cyli.dat
0 Cylinder 0.0625

0 Name: 1-16cyli.dat

0 Author: Marc Klein [marckl]

0 !LDRAW_ORG Primitive UPDATE 2005-01

0 !LICENSE Licensed under CC BY 4.0 : see CAreadme.txt



0 BFC CERTIFY CCW



0 !HISTORY 2004-03-02 [PTadmin] Official Update 2004-01

0 !HISTORY 2004-12-11 [nielsk] Recreated using Primitive Generator, Edge lines fixed, BFC changed to CCW

0 !HISTORY 2005-12-28 [PTadmin] Official Update 2005-01

0 !HISTORY 2007-06-22 [PTadmin] Header formatted for Contributor Agreement

0 !HISTORY 2008-07-01 [PTadmin] Official Update 2008-01





4 16 .9239 1 .3827 .9239 0 .3827 1 0 0 1 1 0

5 24 1 1 0 1 0 0 1 1 -.4142 .9239 1 .3827

5 24 .9239 1 .3827 .9239 0 .3827 1 1 0 .7654 1 .7654

0

0 NOFILE

0 FILE 47905.dat
0 Brick  1 x  1 with Studs on Two Opposite Sides

0 Name: 47905.dat

0 Author: Sven Moritz Hein [smhltec]

0 !LDRAW_ORG Part UPDATE 2025-09

0 !LICENSE Licensed under CC BY 2.0 and CC BY 4.0 : see CAreadme.txt



0 BFC CERTIFY CCW



0 !HISTORY 2004-03-30 [mkennedy] Made BFC compliant

0 !HISTORY 2004-09-15 [PTadmin] Official Update 2004-03

0 !HISTORY 2007-07-09 [PTadmin] Header formatted for Contributor Agreement

0 !HISTORY 2008-07-01 [PTadmin] Official Update 2008-01

0 !HISTORY 2025-09-27 [OrionP] Changed winding to CCW

0 !HISTORY 2025-09-29 [OrionP] Official Update 2025-09



2 24 6 24 6 -6 24 6

2 24 -6 24 -6 6 24 -6

2 24 6 4 6 -6 4 6

2 24 -6 4 -6 6 4 -6

2 24 10 24 10 -10 24 10

2 24 -10 24 -10 10 24 -10

2 24 10 0 10 -10 0 10

2 24 -10 0 -10 10 0 -10

0

0 BFC INVERTNEXT

1 16 0 10 10 0 0 4 4 0 0 0 -4 0 4-4cyli.dat

1 16 0 10 6 0 0 4 4 0 0 0 1 0 4-4edge.dat

1 16 0 10 10 0 0 6 6 0 0 0 1 0 4-4edge.dat

1 16 0 10 6 0 0 4 4 0 0 0 1 0 4-4ndis.dat

1 16 0 10 10 0 0 6 6 0 0 0 -1 0 4-4ndis.dat

0 BFC INVERTNEXT

1 16 0 10 -10 0 0 4 4 0 0 0 4 0 4-4cyli.dat

1 16 0 10 -6 0 0 4 4 0 0 0 1 0 4-4edge.dat

1 16 0 10 -10 0 0 6 6 0 0 0 1 0 4-4edge.dat

1 16 0 10 -6 0 0 4 4 0 0 0 -1 0 4-4ndis.dat

1 16 0 10 -10 0 0 6 6 0 0 0 1 0 4-4ndis.dat

0

4 16 10 24 10 10 24 -10 6 24 -6 6 24 6

4 16 -10 24 10 10 24 10 6 24 6 -6 24 6

4 16 -10 24 -10 -10 24 10 -6 24 6 -6 24 -6

4 16 10 24 -10 -10 24 -10 -6 24 -6 6 24 -6

0

4 16 -10 24 -10 10 24 -10 6 16 -10 -6 16 -10

4 16 -10 0 -10 -10 24 -10 -6 16 -10 -6 4 -10

4 16 10 0 -10 -10 0 -10 -6 4 -10 6 4 -10

4 16 10 24 -10 10 0 -10 6 4 -10 6 16 -10

0

4 16 -6 24 -6 -4 14 -6 4 14 -6 6 24 -6

4 16 -6 4 -6 -4 6 -6 -4 14 -6 -6 24 -6

4 16 6 4 -6 4 6 -6 -4 6 -6 -6 4 -6

4 16 6 24 -6 4 14 -6 4 6 -6 6 4 -6

0

4 16 -6 24 6 6 24 6 4 14 6 -4 14 6

4 16 -6 4 6 -6 24 6 -4 14 6 -4 6 6

4 16 6 4 6 -6 4 6 -4 6 6 4 6 6

4 16 6 24 6 6 4 6 4 6 6 4 14 6

0

4 16 -10 24 10 -6 16 10 6 16 10 10 24 10

4 16 -10 0 10 -6 4 10 -6 16 10 -10 24 10

4 16 10 0 10 6 4 10 -6 4 10 -10 0 10

4 16 10 24 10 6 16 10 6 4 10 10 0 10

0 BFC INVERTNEXT

1 16 0 24 0 0 0 6 0 -20 0 6 0 0 box3u2p.dat

1 16 0 24 0 0 0 10 0 -24 0 10 0 0 box3u2p.dat

0

1 16 0 0 0 0 0 1 0 1 0 -1 0 0 stud.dat

1 16 0 10 -10 0 0 1 1 0 0 0 1 0 stud2a.dat

1 16 0 10 10 0 0 1 1 0 0 0 -1 0 stud2a.dat

0
0 NOFILE

0 FILE box3u2p.dat
0 Box with 3 Faces without 2 Parallel Edges

0 Name: box3u2p.dat

0 Author: Niels Karsdorp [nielsk]

0 !LDRAW_ORG Primitive UPDATE 2012-01

0 !LICENSE Licensed under CC BY 4.0 : see CAreadme.txt



0 BFC CERTIFY CCW



0 !HISTORY 2003-03-12 [PTadmin] Official Update 2003-01

0 !HISTORY 2007-06-24 [PTadmin] Header formatted for Contributor Agreement

0 !HISTORY 2008-07-01 [PTadmin] Official Update 2008-01

0 !HISTORY 2012-02-16 [Philo] Changed to CCW

0 !HISTORY 2012-03-30 [PTadmin] Official Update 2012-01





2 24 1 1 1 -1 1 1

2 24 -1 1 -1 1 1 -1

2 24 1 0 1 -1 0 1

2 24 -1 0 -1 1 0 -1

2 24 1 1 1 1 1 -1

2 24 -1 1 1 -1 1 -1

2 24 1 1 1 1 0 1

2 24 1 1 -1 1 0 -1

2 24 -1 1 1 -1 0 1

2 24 -1 1 -1 -1 0 -1

4 16 -1 1 -1 -1 1 1 1 1 1 1 1 -1

4 16 -1 1 1 -1 0 1 1 0 1 1 1 1

4 16 1 1 -1 1 0 -1 -1 0 -1 -1 1 -1

0 NOFILE
