0 FILE specials-cannons-isdf-main.ldr
0 
0 Name:  Specials-Cannons[ISDF]
0 Author:  
0 CustomBrick
0 FlexibleBrickControlPointUnitLength -1
1 227 60.000040 -22.000020 -75.076900 1.000000 0.000000 0.000000 0.000000 0.000000 -1.000000 0.000000 1.000000 0.000000 58176.dat
1 23 -79.999980 -20.000000 -99.076900 1.000000 0.000000 0.000000 0.000000 0.000000 -1.000000 0.000000 1.000000 0.000000 51809.dat
1 0 0.000050 -26.000010 90.000000 -1.000000 0.000000 0.000000 0.000000 1.000000 0.000000 0.000000 0.000000 -1.000000 4595.dat
1 25 0.000050 -42.000020 80.000010 0.000000 0.000000 1.000000 0.000000 1.000000 0.000000 -1.000000 0.000000 0.000000 32828.dat
1 8 0.000050 -26.000010 100.000000 -1.000000 0.000000 0.000000 0.000000 1.000000 0.000000 0.000000 0.000000 -1.000000 54200.dat
1 227 60.000040 -22.000020 -83.076900 1.000000 0.000000 0.000000 0.000000 0.000000 -1.000000 0.000000 1.000000 0.000000 11610.dat
1 484 20.000050 -20.000010 -99.076900 1.000000 0.000000 0.000000 0.000000 0.000000 -1.000000 0.000000 1.000000 0.000000 51809.dat
1 22 -29.999950 -20.000010 -99.076900 1.000000 0.000000 0.000000 0.000000 0.000000 -1.000000 0.000000 1.000000 0.000000 51809.dat
1 8 0.000050 -34.000020 80.000010 -1.000000 0.000000 0.000000 0.000000 1.000000 0.000000 0.000000 0.000000 -1.000000 3024.dat
1 25 10.000050 -16.000010 70.000000 0.000000 -1.000000 0.000000 -1.000000 0.000000 0.000000 0.000000 0.000000 -1.000000 61409.dat
1 25 10.000050 -16.000010 100.000000 0.000000 -1.000000 0.000000 1.000000 0.000000 0.000000 0.000000 0.000000 1.000000 54200.dat
1 25 -9.999949 -16.000010 70.000000 0.000000 1.000000 0.000000 1.000000 0.000000 0.000000 0.000000 0.000000 -1.000000 61409.dat
1 41 -79.999980 -20.000000 -91.076900 1.000000 0.000000 0.000000 0.000000 0.000000 -1.000000 0.000000 1.000000 0.000000 55525.dat
1 38 20.000050 -20.000010 -91.076900 1.000000 0.000000 0.000000 0.000000 0.000000 -1.000000 0.000000 1.000000 0.000000 55525.dat
1 44 -29.999950 -20.000010 -83.076900 1.000000 0.000000 0.000000 0.000000 0.000000 -1.000000 0.000000 1.000000 0.000000 55525.dat
1 25 -9.999949 -16.000010 100.000000 0.000000 1.000000 0.000000 -1.000000 0.000000 0.000000 0.000000 0.000000 1.000000 54200.dat
1 40 0.000050 -16.000010 62.000000 -1.000000 0.000000 0.000000 0.000000 0.000000 1.000000 0.000000 1.000000 0.000000 3024.dat
1 40 0.000050 -16.000010 54.000000 -1.000000 0.000000 0.000000 0.000000 0.000000 1.000000 0.000000 1.000000 0.000000 3024.dat
1 8 0.000050 -16.000010 30.000000 0.000000 0.000000 1.000000 1.000000 0.000000 0.000000 0.000000 1.000000 0.000000 47905.dat
1 25 10.000050 -16.000010 40.000000 0.000000 -1.000000 0.000000 1.000000 0.000000 0.000000 0.000000 0.000000 1.000000 54200.dat
1 25 -10.000000 -16.000010 40.000000 0.000000 1.000000 0.000000 -1.000000 0.000000 0.000000 0.000000 0.000000 1.000000 54200.dat
1 44 -29.999950 -20.000010 -91.076900 1.000000 0.000000 0.000000 0.000000 0.000000 -1.000000 0.000000 1.000000 0.000000 4740.dat
1 47 110.000000 -10.000020 -70.000000 1.000000 0.000000 0.000000 0.000000 0.000000 -1.000000 0.000000 1.000000 0.000000 4095.dat
1 227 110.000000 -10.000000 -61.999930 1.000000 0.000000 0.000000 0.000000 0.000000 -1.000000 0.000000 1.000000 0.000000 85861.dat
1 227 110.000000 -9.999990 -142.000000 1.000000 0.000000 0.000000 0.000000 0.000000 -1.000000 0.000000 1.000000 0.000000 3062b.dat
1 227 110.000000 -9.999990 -166.000000 1.000000 0.000000 0.000000 0.000000 0.000000 -1.000000 0.000000 1.000000 0.000000 3062b.dat
1 227 110.000000 -9.999980 -190.000000 1.000000 0.000000 0.000000 0.000000 0.000000 -1.000000 0.000000 1.000000 0.000000 3062b.dat
1 227 110.000000 -9.999990 -116.000000 1.000000 0.000000 0.000000 0.000000 0.000000 -1.000000 0.000000 1.000000 0.000000 3062b.dat
1 227 110.000000 -10.000000 -91.999980 1.000000 0.000000 0.000000 0.000000 0.000000 -1.000000 0.000000 1.000000 0.000000 3062b.dat
0 NOFILE

0 FILE 3062b.dat
0 Brick  1 x  1 Round with Hollow Stud

0 Name: 3062b.dat

0 Author: James Jessiman

0 !LDRAW_ORG Part UPDATE 2022-02

0 !LICENSE Licensed under CC BY 4.0 : see CAreadme.txt



0 BFC CERTIFY CCW



0 !KEYWORDS BrickLink 3062



0 !HISTORY 1998-06-20 [PTadmin] Official Update 1998-06

0 !HISTORY 2003-08-02 [OrionP] Made some primitive subs

0 !HISTORY 2003-08-04 [Steffen] replaced peghole.dat by stud4a.dat

0 !HISTORY 2003-12-19 [PTadmin] Official Update 2003-03

0 !HISTORY 2007-06-10 [PTadmin] Header formatted for Contributor Agreement

0 !HISTORY 2008-07-01 [PTadmin] Official Update 2008-01

0 !HISTORY 2009-03-19 [tchang] Add missing <CR>

0 !HISTORY 2009-09-03 [PTadmin] Official Update 2009-02

0 !HISTORY 2020-12-12 [RainbowDolphin] Subparted for patterns

0 !HISTORY 2022-03-06 [PTadmin] Official Update 2022-02





1 16 0 0 0 1 0 0 0 1 0 0 0 1 s__3062bs01.dat

1 16 0 0 0 10 0 0 0 19 0 0 0 10 4-4cyli.dat

0 NOFILE

0 FILE 4-4cyli.dat
0 Cylinder 1.0

0 Name: 4-4cyli.dat

0 Author: James Jessiman

0 !LDRAW_ORG Primitive UPDATE 2005-01

0 !LICENSE Licensed under CC BY 4.0 : see CAreadme.txt



0 BFC CERTIFY CCW



0 !HISTORY 1998-12-15 [PTadmin] Official Update 1998-10

0 !HISTORY 2002-03-23 [sbliss] Added BFC statement; merged headers from files in distributions LDraw 0.27 and Complete.

0 !HISTORY 2002-04-25 [PTadmin] Official Update 2002-02

0 !HISTORY 2004-12-14 [guyvivan] BFC CCW

0 !HISTORY 2005-12-28 [PTadmin] Official Update 2005-01

0 !HISTORY 2007-06-24 [PTadmin] Header formatted for Contributor Agreement

0 !HISTORY 2008-07-01 [PTadmin] Official Update 2008-01





4 16 1 1 0 0.9239 1 0.3827 0.9239 0 0.3827 1 0 0

5 24 1 0 0 1 1 0 0.9239 0 0.3827 0.9239 0 -0.3827

4 16 0.9239 1 0.3827 0.7071 1 0.7071 0.7071 0 0.7071 0.9239 0 0.3827

5 24 0.9239 0 0.3827 0.9239 1 0.3827 0.7071 0 0.7071 1 0 0

4 16 0.7071 1 0.7071 0.3827 1 0.9239 0.3827 0 0.9239 0.7071 0 0.7071

5 24 0.7071 0 0.7071 0.7071 1 0.7071 0.3827 0 0.9239 0.9239 0 0.3827

4 16 0.3827 1 0.9239 0 1 1 0 0 1 0.3827 0 0.9239

5 24 0.3827 0 0.9239 0.3827 1 0.9239 0 0 1 0.7071 0 0.7071

4 16 0 1 1 -0.3827 1 0.9239 -0.3827 0 0.9239 0 0 1

5 24 0 0 1 0 1 1 -0.3827 0 0.9239 0.3827 0 0.9239

4 16 -0.3827 1 0.9239 -0.7071 1 0.7071 -0.7071 0 0.7071 -0.3827 0 0.9239

5 24 -0.3827 0 0.9239 -0.3827 1 0.9239 -0.7071 0 0.7071 0 0 1

4 16 -0.7071 1 0.7071 -0.9239 1 0.3827 -0.9239 0 0.3827 -0.7071 0 0.7071

5 24 -0.7071 0 0.7071 -0.7071 1 0.7071 -0.9239 0 0.3827 -0.3827 0 0.9239

4 16 -0.9239 1 0.3827 -1 1 0 -1 0 0 -0.9239 0 0.3827

5 24 -0.9239 0 0.3827 -0.9239 1 0.3827 -1 0 0 -0.7071 0 0.7071

4 16 -1 1 0 -0.9239 1 -0.3827 -0.9239 0 -0.3827 -1 0 0

5 24 -1 0 0 -1 1 0 -0.9239 0 -0.3827 -0.9239 0 0.3827

4 16 -0.9239 1 -0.3827 -0.7071 1 -0.7071 -0.7071 0 -0.7071 -0.9239 0 -0.3827

5 24 -0.9239 0 -0.3827 -0.9239 1 -0.3827 -0.7071 0 -0.7071 -1 0 0

4 16 -0.7071 1 -0.7071 -0.3827 1 -0.9239 -0.3827 0 -0.9239 -0.7071 0 -0.7071

5 24 -0.7071 0 -0.7071 -0.7071 1 -0.7071 -0.3827 0 -0.9239 -0.9239 0 -0.3827

4 16 -0.3827 1 -0.9239 0 1 -1 0 0 -1 -0.3827 0 -0.9239

5 24 -0.3827 0 -0.9239 -0.3827 1 -0.9239 0 0 -1 -0.7071 0 -0.7071

4 16 0 1 -1 0.3827 1 -0.9239 0.3827 0 -0.9239 0 0 -1

5 24 0 0 -1 0 1 -1 0.3827 0 -0.9239 -0.3827 0 -0.9239

4 16 0.3827 1 -0.9239 0.7071 1 -0.7071 0.7071 0 -0.7071 0.3827 0 -0.9239

5 24 0.3827 0 -0.9239 0.3827 1 -0.9239 0.7071 0 -0.7071 0 0 -1

4 16 0.7071 1 -0.7071 0.9239 1 -0.3827 0.9239 0 -0.3827 0.7071 0 -0.7071

5 24 0.7071 0 -0.7071 0.7071 1 -0.7071 0.9239 0 -0.3827 0.3827 0 -0.9239

4 16 0.9239 1 -0.3827 1 1 0 1 0 0 0.9239 0 -0.3827

5 24 0.9239 0 -0.3827 0.9239 1 -0.3827 1 0 0 0.7071 0 -0.7071

0

0 NOFILE

0 FILE s__3062bs01.dat
0 ~Brick  1 x  1 Round with Hollow Stud without Outer Surface

0 Name: s\3062bs01.dat

0 Author: Takeshi Takahashi [RainbowDolphin]

0 !LDRAW_ORG Subpart UPDATE 2022-02

0 !LICENSE Licensed under CC BY 4.0 : see CAreadme.txt



0 BFC CERTIFY CCW



0 !HISTORY 2022-03-06 [PTadmin] Official Update 2022-02





1 16 0 4 0 4 0 0 0 1 0 0 0 4 4-4edge.dat

1 16 0 19 0 10 0 0 0 1 0 0 0 10 4-4edge.dat

1 16 0 0 0 10 0 0 0 1 0 0 0 10 4-4edge.dat

1 16 0 0 0 6 0 0 0 1 0 0 0 6 4-4edge.dat

0 BFC INVERTNEXT

1 16 0 0 0 4 0 0 0 4 0 0 0 4 4-4cyli.dat

1 16 0 0 0 1 0 0 0 1 0 0 0 1 stud2a.dat

1 16 0 0 0 2 0 0 0 1 0 0 0 2 4-4ring3.dat

1 16 0 4 0 2 0 0 0 -1 0 0 0 2 4-4ring2.dat

1 16 0 0 0 2 0 0 0 1 0 0 0 2 4-4ring4.dat

1 16 0 19 0 2 0 0 0 -1 0 0 0 2 4-4ring4.dat

1 16 0 19 0 8 0 0 0 5 0 0 0 8 4-4cylo.dat

1 16 0 4 0 1 0 0 0 -5 0 0 0 -1 stud4od.dat

0 NOFILE

0 FILE stud4od.dat
0 Stud Tube Open without Outer Cylinder and Top Surface

0 Name: stud4od.dat

0 Author: Philippe Hurbain [Philo]

0 !LDRAW_ORG Primitive UPDATE 2013-02

0 !LICENSE Licensed under CC BY 4.0 : see CAreadme.txt



0 !HELP This stud is a "antistud" to be used like a underside stud,

0 !HELP but without the outer cylinder.

0 !HELP 1 47 0 0 0 1 0 0 0 1 0 0 0 1 stud4.dat



0 BFC CERTIFY CCW



0 !HISTORY 2013-12-23 [PTadmin] Official Update 2013-02





1 16 0 -4 0 2 0 0 0 1 0 0 0 2 4-4ring3.dat

0 BFC INVERTNEXT

1 16 0 0 0 -6 0 0 0 -4 0 0 0 6 4-4cylo.dat

0 NOFILE

0 FILE 4-4cylo.dat
0 Cylinder Open 1.0

0 Name: 4-4cylo.dat

0 Author: Mark Kennedy [mkennedy]

0 !LDRAW_ORG Primitive UPDATE 2010-01

0 !LICENSE Licensed under CC BY 4.0 : see CAreadme.txt



0 BFC CERTIFY CCW



0 !HISTORY 2010-04-05 [PTadmin] Official Update 2010-01





1 16 0 0 0 1 0 0 0 1 0 0 0 1 4-4edge.dat

1 16 0 1 0 1 0 0 0 1 0 0 0 1 4-4edge.dat

1 16 0 0 0 1 0 0 0 1 0 0 0 1 4-4cyli.dat

0
0 NOFILE

0 FILE 4-4ring4.dat
0 Ring  4 x 1.0

0 Name: 4-4ring4.dat

0 Author: James Jessiman

0 !LDRAW_ORG Primitive UPDATE 2009-01

0 !LICENSE Licensed under CC BY 4.0 : see CAreadme.txt



0 BFC CERTIFY CCW



0 !HISTORY 1998-12-15 [PTadmin] Official Update 1998-10

0 !HISTORY 2002-04-08 [BrickCaster] Modified for BFC compliance

0 !HISTORY 2002-04-25 [PTadmin] Official Update 2002-02

0 !HISTORY 2007-06-24 [PTadmin] Header formatted for Contributor Agreement

0 !HISTORY 2008-07-01 [PTadmin] Official Update 2008-01

0 !HISTORY 2008-08-26 [cwdee] Switch polygon winding and rename

0 !HISTORY 2009-05-02 [PTadmin] Official Update 2009-01





4 16 -1.9135 0 4.6195 -1.5308 0 3.6956 0 0 4 0 0 5

4 16 -3.5355 0 3.5355 -2.8284 0 2.8284 -1.5308 0 3.6956 -1.9135 0 4.6195

4 16 -4.6195 0 1.9135 -3.6956 0 1.5308 -2.8284 0 2.8284 -3.5355 0 3.5355

4 16 -5 0 0 -4 0 0 -3.6956 0 1.5308 -4.6195 0 1.9135

4 16 -4.6195 0 -1.9135 -3.6956 0 -1.5308 -4 0 0 -5 0 0

4 16 -3.5355 0 -3.5355 -2.8284 0 -2.8284 -3.6956 0 -1.5308 -4.6195 0 -1.9135

4 16 -1.9135 0 -4.6195 -1.5308 0 -3.6956 -2.8284 0 -2.8284 -3.5355 0 -3.5355

4 16 0 0 -5 0 0 -4 -1.5308 0 -3.6956 -1.9135 0 -4.6195

4 16 1.9135 0 -4.6195 1.5308 0 -3.6956 0 0 -4 0 0 -5

4 16 3.5355 0 -3.5355 2.8284 0 -2.8284 1.5308 0 -3.6956 1.9135 0 -4.6195

4 16 4.6195 0 -1.9135 3.6956 0 -1.5308 2.8284 0 -2.8284 3.5355 0 -3.5355

4 16 5 0 0 4 0 0 3.6956 0 -1.5308 4.6195 0 -1.9135

4 16 4.6195 0 1.9135 3.6956 0 1.5308 4 0 0 5 0 0

4 16 3.5355 0 3.5355 2.8284 0 2.8284 3.6956 0 1.5308 4.6195 0 1.9135

4 16 1.9135 0 4.6195 1.5308 0 3.6956 2.8284 0 2.8284 3.5355 0 3.5355

4 16 0 0 5 0 0 4 1.5308 0 3.6956 1.9135 0 4.6195

0

0 NOFILE

0 FILE 4-4ring2.dat
0 Ring  2 x 1.0

0 Name: 4-4ring2.dat

0 Author: James Jessiman

0 !LDRAW_ORG Primitive UPDATE 2009-01

0 !LICENSE Licensed under CC BY 4.0 : see CAreadme.txt



0 BFC CERTIFY CCW



0 !HISTORY 1998-12-15 [PTadmin] Official Update 1998-10

0 !HISTORY 2002-04-05 [hafhead] Added BFC statement

0 !HISTORY 2002-04-25 [PTadmin] Official Update 2002-02

0 !HISTORY 2007-06-24 [PTadmin] Header formatted for Contributor Agreement

0 !HISTORY 2008-07-01 [PTadmin] Official Update 2008-01

0 !HISTORY 2008-08-26 [cwdee] Switch polygon winding and rename

0 !HISTORY 2009-05-02 [PTadmin] Official Update 2009-01





4 16 -1.1481 0 2.7717 -0.7654 0 1.8478 0 0 2 0 0 3

4 16 -2.1213 0 2.1213 -1.4142 0 1.4142 -0.7654 0 1.8478 -1.1481 0 2.7717

4 16 -2.7717 0 1.1481 -1.8478 0 0.7654 -1.4142 0 1.4142 -2.1213 0 2.1213

4 16 -3 0 0 -2 0 0 -1.8478 0 0.7654 -2.7717 0 1.1481

4 16 -2.7717 0 -1.1481 -1.8478 0 -0.7654 -2 0 0 -3 0 0

4 16 -2.1213 0 -2.1213 -1.4142 0 -1.4142 -1.8478 0 -0.7654 -2.7717 0 -1.1481

4 16 -1.1481 0 -2.7717 -0.7654 0 -1.8478 -1.4142 0 -1.4142 -2.1213 0 -2.1213

4 16 0 0 -3 0 0 -2 -0.7654 0 -1.8478 -1.1481 0 -2.7717

4 16 1.1481 0 -2.7717 0.7654 0 -1.8478 0 0 -2 0 0 -3

4 16 2.1213 0 -2.1213 1.4142 0 -1.4142 0.7654 0 -1.8478 1.1481 0 -2.7717

4 16 2.7717 0 -1.1481 1.8478 0 -0.7654 1.4142 0 -1.4142 2.1213 0 -2.1213

4 16 3 0 0 2 0 0 1.8478 0 -0.7654 2.7717 0 -1.1481

4 16 2.7717 0 1.1481 1.8478 0 0.7654 2 0 0 3 0 0

4 16 2.1213 0 2.1213 1.4142 0 1.4142 1.8478 0 0.7654 2.7717 0 1.1481

4 16 1.1481 0 2.7717 0.7654 0 1.8478 1.4142 0 1.4142 2.1213 0 2.1213

4 16 0 0 3 0 0 2 0.7654 0 1.8478 1.1481 0 2.7717

0

0 NOFILE

0 FILE 4-4ring3.dat
0 Ring  3 x 1.0

0 Name: 4-4ring3.dat

0 Author: James Jessiman

0 !LDRAW_ORG Primitive UPDATE 2009-01

0 !LICENSE Licensed under CC BY 4.0 : see CAreadme.txt



0 BFC CERTIFY CCW



0 !HISTORY 1998-12-15 [PTadmin] Official Update 1998-10

0 !HISTORY 2002-04-05 [hafhead] Added BFC statement

0 !HISTORY 2002-04-25 [PTadmin] Official Update 2002-02

0 !HISTORY 2007-06-24 [PTadmin] Header formatted for Contributor Agreement

0 !HISTORY 2008-07-01 [PTadmin] Official Update 2008-01

0 !HISTORY 2008-08-26 [cwdee] Switch polygon winding and rename

0 !HISTORY 2009-05-02 [PTadmin] Official Update 2009-01





4 16 -1.5308 0 3.6956 -1.1481 0 2.7717 0 0 3 0 0 4

4 16 -2.8284 0 2.8284 -2.1213 0 2.1213 -1.1481 0 2.7717 -1.5308 0 3.6956

4 16 -3.6956 0 1.5308 -2.7717 0 1.1481 -2.1213 0 2.1213 -2.8284 0 2.8284

4 16 -4 0 0 -3 0 0 -2.7717 0 1.1481 -3.6956 0 1.5308

4 16 -3.6956 0 -1.5308 -2.7717 0 -1.1481 -3 0 0 -4 0 0

4 16 -2.8284 0 -2.8284 -2.1213 0 -2.1213 -2.7717 0 -1.1481 -3.6956 0 -1.5308

4 16 -1.5308 0 -3.6956 -1.1481 0 -2.7717 -2.1213 0 -2.1213 -2.8284 0 -2.8284

4 16 0 0 -4 0 0 -3 -1.1481 0 -2.7717 -1.5308 0 -3.6956

4 16 1.5308 0 -3.6956 1.1481 0 -2.7717 0 0 -3 0 0 -4

4 16 2.8284 0 -2.8284 2.1213 0 -2.1213 1.1481 0 -2.7717 1.5308 0 -3.6956

4 16 3.6956 0 -1.5308 2.7717 0 -1.1481 2.1213 0 -2.1213 2.8284 0 -2.8284

4 16 4 0 0 3 0 0 2.7717 0 -1.1481 3.6956 0 -1.5308

4 16 3.6956 0 1.5308 2.7717 0 1.1481 3 0 0 4 0 0

4 16 2.8284 0 2.8284 2.1213 0 2.1213 2.7717 0 1.1481 3.6956 0 1.5308

4 16 1.5308 0 3.6956 1.1481 0 2.7717 2.1213 0 2.1213 2.8284 0 2.8284

4 16 0 0 4 0 0 3 1.1481 0 2.7717 1.5308 0 3.6956

0

0 NOFILE

0 FILE stud2a.dat
0 Stud Open without Base Edges

0 Name: stud2a.dat

0 Author: James Jessiman

0 !LDRAW_ORG Primitive UPDATE 2009-02

0 !LICENSE Licensed under CC BY 4.0 : see CAreadme.txt



0 BFC CERTIFY CCW



0 !HISTORY 1999-07-05 [PTadmin] Official Update 1999-05

0 !HISTORY 2002-04-04 [sbliss] Modified for BFC compliance

0 !HISTORY 2002-04-25 [PTadmin] Official Update 2002-02

0 !HISTORY 2007-06-24 [PTadmin] Header formatted for Contributor Agreement

0 !HISTORY 2008-07-01 [PTadmin] Official Update 2008-01

0 !HISTORY 2009-06-21 [cwdee] Update ring references to 4-4ring

0 !HISTORY 2009-09-03 [PTadmin] Official Update 2009-02





1 16 0 -4 0 4 0 0 0 1 0 0 0 4 4-4edge.dat

1 16 0 -4 0 6 0 0 0 1 0 0 0 6 4-4edge.dat

0 BFC INVERTNEXT

1 16 0 -4 0 4 0 0 0 4 0 0 0 4 4-4cyli.dat

1 16 0 -4 0 6 0 0 0 4 0 0 0 6 4-4cyli.dat

1 16 0 -4 0 2 0 0 0 1 0 0 0 2 4-4ring2.dat

0

0 NOFILE

0 FILE 4-4edge.dat
0 Circle 1.0

0 Name: 4-4edge.dat

0 Author: James Jessiman

0 !LDRAW_ORG Primitive UPDATE 2017-01

0 !LICENSE Licensed under CC BY 4.0 : see CAreadme.txt



0 BFC CERTIFY CCW



0 !HISTORY 1998-12-15 [PTadmin] Official Update 1998-10

0 !HISTORY 2005-12-28 [PTadmin] Official Update 2005-01

0 !HISTORY 2007-06-24 [PTadmin] Header formatted for Contributor Agreement

0 !HISTORY 2008-07-01 [PTadmin] Official Update 2008-01

0 !HISTORY 2017-01-15 [Steffen] BFCed

0 !HISTORY 2017-12-30 [PTadmin] Official Update 2017-01





2 24 1 0 0 0.9239 0 0.3827

2 24 0.9239 0 0.3827 0.7071 0 0.7071

2 24 0.7071 0 0.7071 0.3827 0 0.9239

2 24 0.3827 0 0.9239 0 0 1

2 24 0 0 1 -0.3827 0 0.9239

2 24 -0.3827 0 0.9239 -0.7071 0 0.7071

2 24 -0.7071 0 0.7071 -0.9239 0 0.3827

2 24 -0.9239 0 0.3827 -1 0 -0

2 24 -1 0 -0 -0.9239 0 -0.3827

2 24 -0.9239 0 -0.3827 -0.7071 0 -0.7071

2 24 -0.7071 0 -0.7071 -0.3827 0 -0.9239

2 24 -0.3827 0 -0.9239 0 0 -1

2 24 0 0 -1 0.3827 0 -0.9239

2 24 0.3827 0 -0.9239 0.7071 0 -0.7071

2 24 0.7071 0 -0.7071 0.9239 0 -0.3827

2 24 0.9239 0 -0.3827 1 0 0

0 NOFILE

0 FILE 85861.dat
0 Plate  1 x  1 Round with Open Stud

0 Name: 85861.dat

0 Author: Magnus Forsberg [MagFors]

0 !LDRAW_ORG Part UPDATE 2025-09

0 !LICENSE Licensed under CC BY 4.0 : see CAreadme.txt



0 BFC CERTIFY CCW



0 !HISTORY 2010-04-05 [PTadmin] Official Update 2010-01

0 !HISTORY 2025-09-27 [OrionP] Changed winding to CCW

0 !HISTORY 2025-09-29 [OrionP] Official Update 2025-09



1 16 0 3 0 -1 0 0 0 -1.25 0 0 0 1 stud4.dat

1 16 0 3 0 4 0 0 0 1 0 0 0 4 4-4edge.dat

1 16 0 3 0 -2 0 0 0 -1 0 0 0 2 4-4ring2.dat

1 16 0 3 0 10 0 0 0 1 0 0 0 10 4-4edge.dat

1 16 0 3 0 -2 0 0 0 -1 0 0 0 2 4-4ring4.dat

1 16 0 0 0 10 0 0 0 1 0 0 0 10 4-4edge.dat

1 16 0 0 0 10 0 0 0 3 0 0 0 10 4-4cyli.dat

1 16 0 0 0 6 0 0 0 1 0 0 0 6 4-4edge.dat

1 16 0 0 0 2 0 0 0 1 0 0 0 2 4-4ring4.dat

1 16 0 0 0 2 0 0 0 1 0 0 0 2 4-4ring3.dat

0 BFC INVERTNEXT

1 16 0 0 0 4 0 0 0 3 0 0 0 4 4-4cyli.dat

1 16 0 0 0 1 0 0 0 1 0 0 0 1 stud2a.dat
0 NOFILE

0 FILE stud4.dat
0 Stud Tube Open

0 Name: stud4.dat

0 Author: James Jessiman

0 !LDRAW_ORG Primitive UPDATE 2009-02

0 !LICENSE Licensed under CC BY 4.0 : see CAreadme.txt



0 BFC CERTIFY CCW



0 !HISTORY 1999-07-05 [PTadmin] Official Update 1999-05

0 !HISTORY 2002-04-04 [sbliss] Modified for BFC compliance

0 !HISTORY 2002-04-25 [PTadmin] Official Update 2002-02

0 !HISTORY 2007-06-24 [PTadmin] Header formatted for Contributor Agreement

0 !HISTORY 2008-07-01 [PTadmin] Official Update 2008-01

0 !HISTORY 2009-06-21 [cwdee] Update ring references to 4-4ring

0 !HISTORY 2009-09-03 [PTadmin] Official Update 2009-02





1 16 0 -4 0 6 0 0 0 1 0 0 0 6 4-4edge.dat

1 16 0 -4 0 8 0 0 0 1 0 0 0 8 4-4edge.dat

1 16 0 0 0 6 0 0 0 1 0 0 0 6 4-4edge.dat

1 16 0 0 0 8 0 0 0 1 0 0 0 8 4-4edge.dat

0 BFC INVERTNEXT

1 16 0 -4 0 6 0 0 0 4 0 0 0 6 4-4cyli.dat

1 16 0 -4 0 8 0 0 0 4 0 0 0 8 4-4cyli.dat

1 16 0 -4 0 2 0 0 0 1 0 0 0 2 4-4ring3.dat

0

0 NOFILE

0 FILE 4095.dat
0 Bar  6.6L with Stop

0 Name: 4095.dat

0 Author: James Jessiman

0 !LDRAW_ORG Part UPDATE 2010-03

0 !LICENSE Licensed under CC BY 4.0 : see CAreadme.txt



0 BFC CERTIFY CCW



0 !KEYWORDS pole, rod, Small, stand, town, umbrella



0 !HISTORY 2010-10-21 [westrate] CA rewrite; use cylc, cylo, and ring primitives

0 !HISTORY 2010-12-31 [PTadmin] Official Update 2010-03





1 16 0 12 0 4 0 0 0 -12 0 0 0 4 4-4cylc.dat

1 16 0 -120 0 4 0 0 0 116 0 0 0 4 4-4cylc.dat

1 16 0 0 0 6 0 0 0 -4 0 0 0 6 4-4cylo.dat

1 16 0 0 0 2 0 0 0 -1 0 0 0 2 4-4ring2.dat

1 16 0 -4 0 2 0 0 0 1 0 0 0 2 4-4ring2.dat

0

0 NOFILE

0 FILE 4-4cylc.dat
0 Cylinder Closed 1.0

0 Name: 4-4cylc.dat

0 Author: Alex Taylor [anathema]

0 !LDRAW_ORG Primitive UPDATE 2009-02

0 !LICENSE Licensed under CC BY 4.0 : see CAreadme.txt



0 BFC CERTIFY CCW



0 !HISTORY 2008-12-29 [cwdee] Removed one disc

0 !HISTORY 2009-09-03 [PTadmin] Official Update 2009-02





1 16 0 0 0 1 0 0 0 1 0 0 0 1 4-4edge.dat

1 16 0 1 0 1 0 0 0 1 0 0 0 1 4-4edge.dat

1 16 0 0 0 1 0 0 0 1 0 0 0 1 4-4disc.dat

1 16 0 0 0 1 0 0 0 1 0 0 0 1 4-4cyli.dat

0

0 NOFILE

0 FILE 4-4disc.dat
0 Disc 1.0

0 Name: 4-4disc.dat

0 Author: James Jessiman

0 !LDRAW_ORG Primitive UPDATE 2002-02

0 !LICENSE Licensed under CC BY 4.0 : see CAreadme.txt



0 BFC CERTIFY CCW



0 !HISTORY 1998-12-15 [PTadmin] Official Update 1998-10

0 !HISTORY 2002-03-23 [sbliss] Added BFC statement

0 !HISTORY 2002-04-25 [PTadmin] Official Update 2002-02

0 !HISTORY 2007-06-24 [PTadmin] Header formatted for Contributor Agreement

0 !HISTORY 2008-07-01 [PTadmin] Official Update 2008-01





3 16 0 0 0 1 0 0 0.9239 0 0.3827

3 16 0 0 0 0.9239 0 0.3827 0.7071 0 0.7071

3 16 0 0 0 0.7071 0 0.7071 0.3827 0 0.9239

3 16 0 0 0 0.3827 0 0.9239 0 0 1

3 16 0 0 0 0 0 1 -0.3827 0 0.9239

3 16 0 0 0 -0.3827 0 0.9239 -0.7071 0 0.7071

3 16 0 0 0 -0.7071 0 0.7071 -0.9239 0 0.3827

3 16 0 0 0 -0.9239 0 0.3827 -1 0 -0

3 16 0 0 0 -1 0 -0 -0.9239 0 -0.3827

3 16 0 0 0 -0.9239 0 -0.3827 -0.7071 0 -0.7071

3 16 0 0 0 -0.7071 0 -0.7071 -0.3827 0 -0.9239

3 16 0 0 0 -0.3827 0 -0.9239 0 0 -1

3 16 0 0 0 0 0 -1 0.3827 0 -0.9239

3 16 0 0 0 0.3827 0 -0.9239 0.7071 0 -0.7071

3 16 0 0 0 0.7071 0 -0.7071 0.9239 0 -0.3827

3 16 0 0 0 0.9239 0 -0.3827 1 0 0

0

0 NOFILE

0 FILE 4740.dat
0 Dish  2 x  2 Inverted

0 Name: 4740.dat

0 Author: James Jessiman

0 !LDRAW_ORG Part UPDATE 2014-02

0 !LICENSE Licensed under CC BY 4.0 : see CAreadme.txt



0 BFC CERTIFY CCW



0 !KEYWORDS Radar Dish, Round, Space



0 !HISTORY 1998-06-20 [PTadmin] Official Update 1998-06

0 !HISTORY 2003-06-08 [jriley] BFC compliant, cone & ring substitutions

0 !HISTORY 2003-12-19 [PTadmin] Official Update 2003-03

0 !HISTORY 2004-09-15 [PTadmin] Official Update 2004-03

0 !HISTORY 2007-07-08 [PTadmin] Header formatted for Contributor Agreement

0 !HISTORY 2008-07-01 [PTadmin] Official Update 2008-01

0 !HISTORY 2010-05-09 [cwdee] Remove CATEGORY Round

0 !HISTORY 2010-07-05 [PTadmin] Official Update 2010-02

0 !HISTORY 2014-09-03 [Philo] Improved part shape, subparted for patterns

0 !HISTORY 2014-12-23 [PTadmin] Official Update 2014-02





1 16 0 0 0 1 0 0 0 1 0 0 0 1 s__4740s01.dat

1 16 0 1.7 0 6 0 0 0 -1.7 0 0 0 6 4-4con1.dat

1 16 0 3.3 0 4 0 0 0 -1.6 0 0 0 4 4-4con3.dat

1 16 0 5.6 0 4 0 0 0 -2.3 0 0 0 4 4-4con4.dat

5 24 12 1.7 0 11.0868 1.7 4.5924 5.5434 0 2.2962 14.7824 3.3 6.1232

5 24 11.0868 1.7 4.5924 8.4852 1.7 8.4852 4.2426 0 4.2426 11.3136 3.3 11.3136

5 24 8.4852 1.7 8.4852 4.5924 1.7 11.0868 2.2962 0 5.5434 6.1232 3.3 14.7824

5 24 4.5924 1.7 11.0868 0 1.7 12 0 0 6 0 3.3 16

5 24 0 1.7 12 -4.5924 1.7 11.0868 -2.2962 0 5.5434 -6.1232 3.3 14.7824

5 24 -4.5924 1.7 11.0868 -8.4852 1.7 8.4852 -4.2426 0 4.2426 -11.3136 3.3 11.3136

5 24 -8.4852 1.7 8.4852 -11.0868 1.7 4.5924 -5.5434 0 2.2962 -14.7824 3.3 6.1232

5 24 -11.0868 1.7 4.5924 -12 1.7 0 -6 0 0 -16 3.3 0

5 24 -12 1.7 0 -11.0868 1.7 -4.5924 -5.5434 0 -2.2962 -14.7824 3.3 -6.1232

5 24 -11.0868 1.7 -4.5924 -8.4852 1.7 -8.4852 -4.2426 0 -4.2426 -11.3136 3.3 -11.3136

5 24 -8.4852 1.7 -8.4852 -4.5924 1.7 -11.0868 -2.2962 0 -5.5434 -6.1232 3.3 -14.7824

5 24 -4.5924 1.7 -11.0868 0 1.7 -12 0 0 -6 0 3.3 -16

5 24 0 1.7 -12 4.5924 1.7 -11.0868 2.2962 0 -5.5434 6.1232 3.3 -14.7824

5 24 4.5924 1.7 -11.0868 8.4852 1.7 -8.4852 4.2426 0 -4.2426 11.3136 3.3 -11.3136

5 24 8.4852 1.7 -8.4852 11.0868 1.7 -4.5924 5.5434 0 -2.2962 14.7824 3.3 -6.1232

5 24 11.0868 1.7 -4.5924 12 1.7 0 6 0 0 16 3.3 0

5 24 16 3.3 0 14.7824 3.3 6.1232 11.0868 1.7 4.5924 20 5.6 0

5 24 14.7824 3.3 6.1232 11.3136 3.3 11.3136 8.4852 1.7 8.4852 18.478 5.6 7.654

5 24 11.3136 3.3 11.3136 6.1232 3.3 14.7824 4.5924 1.7 11.0868 14.142 5.6 14.142

5 24 6.1232 3.3 14.7824 0 3.3 16 0 1.7 12 7.654 5.6 18.478

5 24 0 3.3 16 -6.1232 3.3 14.7824 -4.5924 1.7 11.0868 0 5.6 20

5 24 -6.1232 3.3 14.7824 -11.3136 3.3 11.3136 -8.4852 1.7 8.4852 -7.654 5.6 18.478

5 24 -11.3136 3.3 11.3136 -14.7824 3.3 6.1232 -11.0868 1.7 4.5924 -14.142 5.6 14.142

5 24 -14.7824 3.3 6.1232 -16 3.3 0 -12 1.7 0 -18.478 5.6 7.654

5 24 -16 3.3 0 -14.7824 3.3 -6.1232 -11.0868 1.7 -4.5924 -20 5.6 0

5 24 -14.7824 3.3 -6.1232 -11.3136 3.3 -11.3136 -8.4852 1.7 -8.4852 -18.478 5.6 -7.654

5 24 -11.3136 3.3 -11.3136 -6.1232 3.3 -14.7824 -4.5924 1.7 -11.0868 -14.142 5.6 -14.142

5 24 -6.1232 3.3 -14.7824 0 3.3 -16 0 1.7 -12 -7.654 5.6 -18.478

5 24 0 3.3 -16 6.1232 3.3 -14.7824 4.5924 1.7 -11.0868 0 5.6 -20

5 24 6.1232 3.3 -14.7824 11.3136 3.3 -11.3136 8.4852 1.7 -8.4852 7.654 5.6 -18.478

5 24 11.3136 3.3 -11.3136 14.7824 3.3 -6.1232 11.0868 1.7 -4.5924 14.142 5.6 -14.142

5 24 14.7824 3.3 -6.1232 16 3.3 0 12 1.7 0 18.478 5.6 -7.654

0 NOFILE

0 FILE 4-4con4.dat
0 Cone  4 x 1.0

0 Name: 4-4con4.dat

0 Author: Willy Tschager [Holly-Wood]

0 !LDRAW_ORG Primitive UPDATE 2024-01

0 !LICENSE Licensed under CC BY 4.0 : see CAreadme.txt



0 BFC CERTIFY CCW



0 !HISTORY 2003-08-01 [PTadmin] Official Update 2003-02

0 !HISTORY 2007-06-24 [PTadmin] Header formatted for Contributor Agreement

0 !HISTORY 2008-07-01 [PTadmin] Official Update 2008-01

0 !HISTORY 2012-02-16 [Philo] Changed to CCW

0 !HISTORY 2012-03-30 [PTadmin] Official Update 2012-01

0 !HISTORY 2024-01-07 [Holly-Wood] Complete regeneration, original by jriley

0 !HISTORY 2024-01-29 [OrionP] Official Update 2024-01



4 16 4 1 0 3.6956 1 1.5308 4.6195 0 1.9135 5 0 0

4 16 3.6956 1 1.5308 2.8284 1 2.8284 3.5355 0 3.5355 4.6195 0 1.9135

4 16 2.8284 1 2.8284 1.5308 1 3.6956 1.9135 0 4.6195 3.5355 0 3.5355

4 16 1.5308 1 3.6956 0 1 4 0 0 5 1.9135 0 4.6195

4 16 0 1 4 -1.5308 1 3.6956 -1.9135 0 4.6195 0 0 5

4 16 -1.5308 1 3.6956 -2.8284 1 2.8284 -3.5355 0 3.5355 -1.9135 0 4.6195

4 16 -2.8284 1 2.8284 -3.6956 1 1.5308 -4.6195 0 1.9135 -3.5355 0 3.5355

4 16 -3.6956 1 1.5308 -4 1 0 -5 0 0 -4.6195 0 1.9135

4 16 -4 1 0 -3.6956 1 -1.5308 -4.6195 0 -1.9135 -5 0 0

4 16 -3.6956 1 -1.5308 -2.8284 1 -2.8284 -3.5355 0 -3.5355 -4.6195 0 -1.9135

4 16 -2.8284 1 -2.8284 -1.5308 1 -3.6956 -1.9135 0 -4.6195 -3.5355 0 -3.5355

4 16 -1.5308 1 -3.6956 0 1 -4 0 0 -5 -1.9135 0 -4.6195

4 16 0 1 -4 1.5308 1 -3.6956 1.9135 0 -4.6195 0 0 -5

4 16 1.5308 1 -3.6956 2.8284 1 -2.8284 3.5355 0 -3.5355 1.9135 0 -4.6195

4 16 2.8284 1 -2.8284 3.6956 1 -1.5308 4.6195 0 -1.9135 3.5355 0 -3.5355

4 16 3.6956 1 -1.5308 4 1 0 5 0 0 4.6195 0 -1.9135

0 // conditional lines

5 24 4 1 0 5 0 0 3.6956 1 -1.5308 3.6956 1 1.5308

5 24 3.6956 1 1.5308 4.6195 0 1.9135 4 1 0 2.8284 1 2.8284

5 24 2.8284 1 2.8284 3.5355 0 3.5355 3.6956 1 1.5308 1.5308 1 3.6956

5 24 1.5308 1 3.6956 1.9135 0 4.6195 2.8284 1 2.8284 0 1 4

5 24 0 1 4 0 0 5 1.5308 1 3.6956 -1.5308 1 3.6956

5 24 -1.5308 1 3.6956 -1.9135 0 4.6195 0 1 4 -2.8284 1 2.8284

5 24 -2.8284 1 2.8284 -3.5355 0 3.5355 -1.5308 1 3.6956 -3.6956 1 1.5308

5 24 -3.6956 1 1.5308 -4.6195 0 1.9135 -2.8284 1 2.8284 -4 1 0

5 24 -4 1 0 -5 0 0 -3.6956 1 1.5308 -3.6956 1 -1.5308

5 24 -3.6956 1 -1.5308 -4.6195 0 -1.9135 -4 1 0 -2.8284 1 -2.8284

5 24 -2.8284 1 -2.8284 -3.5355 0 -3.5355 -3.6956 1 -1.5308 -1.5308 1 -3.6956

5 24 -1.5308 1 -3.6956 -1.9135 0 -4.6195 -2.8284 1 -2.8284 0 1 -4

5 24 0 1 -4 0 0 -5 -1.5308 1 -3.6956 1.5308 1 -3.6956

5 24 1.5308 1 -3.6956 1.9135 0 -4.6195 0 1 -4 2.8284 1 -2.8284

5 24 2.8284 1 -2.8284 3.5355 0 -3.5355 1.5308 1 -3.6956 3.6956 1 -1.5308

5 24 3.6956 1 -1.5308 4.6195 0 -1.9135 2.8284 1 -2.8284 4 1 0

0 // Build by LDPartEditor (PrimGen 2.X)

0 NOFILE

0 FILE 4-4con3.dat
0 Cone  3 x 1.0

0 Name: 4-4con3.dat

0 Author: Niels Karsdorp [nielsk]

0 !LDRAW_ORG Primitive UPDATE 2003-02

0 !LICENSE Licensed under CC BY 4.0 : see CAreadme.txt



0 BFC CERTIFY CCW



0 !HISTORY 2003-08-01 [PTadmin] Official Update 2003-02

0 !HISTORY 2007-06-24 [PTadmin] Header formatted for Contributor Agreement

0 !HISTORY 2008-07-01 [PTadmin] Official Update 2008-01





5 24 3 1 0 4 0 0 2.7717 1 1.1481 2.7717 1 -1.1481

5 24 2.7717 1 1.1481 3.6956 0 1.5308 2.1213 1 2.1213 3 1 0

5 24 2.1213 1 2.1213 2.8284 0 2.8284 1.1481 1 2.7717 2.7717 1 1.1481

5 24 1.1481 1 2.7717 1.5308 0 3.6956 0 1 3 2.1213 1 2.1213

5 24 0 1 3 0 0 4 -1.1481 1 2.7717 1.1481 1 2.7717

5 24 -1.1481 1 2.7717 -1.5308 0 3.6956 -2.1213 1 2.1213 0 1 3

5 24 -2.1213 1 2.1213 -2.8284 0 2.8284 -2.7717 1 1.1481 -1.1481 1 2.7717

5 24 -2.7717 1 1.1481 -3.6956 0 1.5308 -3 1 0 -2.1213 1 2.1213

5 24 -3 1 0 -4 0 0 -2.7717 1 -1.1481 -2.7717 1 1.1481

5 24 -2.7717 1 -1.1481 -3.6956 0 -1.5308 -2.1213 1 -2.1213 -3 1 0

5 24 -2.1213 1 -2.1213 -2.8284 0 -2.8284 -1.1481 1 -2.7717 -2.7717 1 -1.1481

5 24 -1.1481 1 -2.7717 -1.5308 0 -3.6956 0 1 -3 -2.1213 1 -2.1213

5 24 0 1 -3 0 0 -4 1.1481 1 -2.7717 -1.1481 1 -2.7717

5 24 1.1481 1 -2.7717 1.5308 0 -3.6956 2.1213 1 -2.1213 0 1 -3

5 24 2.1213 1 -2.1213 2.8284 0 -2.8284 2.7717 1 -1.1481 1.1481 1 -2.7717

5 24 2.7717 1 -1.1481 3.6956 0 -1.5308 3 1 0 2.1213 1 -2.1213



4 16 3 1 0 2.7717 1 1.1481 3.6956 0 1.5308 4 0 0

4 16 2.7717 1 1.1481 2.1213 1 2.1213 2.8284 0 2.8284 3.6956 0 1.5308

4 16 2.1213 1 2.1213 1.1481 1 2.7717 1.5308 0 3.6956 2.8284 0 2.8284

4 16 1.1481 1 2.7717 0 1 3 0 0 4 1.5308 0 3.6956

4 16 0 1 3 -1.1481 1 2.7717 -1.5308 0 3.6956 0 0 4

4 16 -1.1481 1 2.7717 -2.1213 1 2.1213 -2.8284 0 2.8284 -1.5308 0 3.6956

4 16 -2.1213 1 2.1213 -2.7717 1 1.1481 -3.6956 0 1.5308 -2.8284 0 2.8284

4 16 -2.7717 1 1.1481 -3 1 0 -4 0 0 -3.6956 0 1.5308

4 16 -3 1 0 -2.7717 1 -1.1481 -3.6956 0 -1.5308 -4 0 0

4 16 -2.7717 1 -1.1481 -2.1213 1 -2.1213 -2.8284 0 -2.8284 -3.6956 0 -1.5308

4 16 -2.1213 1 -2.1213 -1.1481 1 -2.7717 -1.5308 0 -3.6956 -2.8284 0 -2.8284

4 16 -1.1481 1 -2.7717 0 1 -3 0 0 -4 -1.5308 0 -3.6956

4 16 0 1 -3 1.1481 1 -2.7717 1.5308 0 -3.6956 0 0 -4

4 16 1.1481 1 -2.7717 2.1213 1 -2.1213 2.8284 0 -2.8284 1.5308 0 -3.6956

4 16 2.1213 1 -2.1213 2.7717 1 -1.1481 3.6956 0 -1.5308 2.8284 0 -2.8284

4 16 2.7717 1 -1.1481 3 1 0 4 0 0 3.6956 0 -1.5308



0



0 NOFILE

0 FILE 4-4con1.dat
0 Cone  1 x 1.0

0 Name: 4-4con1.dat

0 Author: Steve Bliss [sbliss]

0 !LDRAW_ORG Primitive UPDATE 2012-01

0 !LICENSE Licensed under CC BY 4.0 : see CAreadme.txt



0 BFC CERTIFY CCW



0 !HISTORY 1999-08-19 [sbliss] Renamed 4-4con12.dat to 4-4con1.dat, Moved all conditional lines before quads

0 !HISTORY 2000-05-07 [PTadmin] Official Update 2000-01

0 !HISTORY 2002-12-11 [cwdee] Standardised title and made BFC compliant

0 !HISTORY 2003-08-01 [PTadmin] Official Update 2003-02

0 !HISTORY 2007-06-24 [PTadmin] Header formatted for Contributor Agreement

0 !HISTORY 2008-07-01 [PTadmin] Official Update 2008-01

0 !HISTORY 2012-02-16 [Philo] Changed to CCW, reordered

0 !HISTORY 2012-03-30 [PTadmin] Official Update 2012-01





5 24 1 1 0 2 0 0 0.9239 1 -0.3827 0.9239 1 0.3827

5 24 0.9239 1 0.3827 1.8478 0 0.7654 1 1 0 0.7071 1 0.7071

5 24 0.7071 1 0.7071 1.4142 0 1.4142 0.9239 1 0.3827 0.3827 1 0.9239

5 24 0.3827 1 0.9239 0.7654 0 1.8478 0.7071 1 0.7071 0 1 1

5 24 0 1 1 0 0 2 0.3827 1 0.9239 -0.3827 1 0.9239

5 24 -0.3827 1 0.9239 -0.7654 0 1.8478 0 1 1 -0.7071 1 0.7071

5 24 -0.7071 1 0.7071 -1.4142 0 1.4142 -0.3827 1 0.9239 -0.9239 1 0.3827

5 24 -0.9239 1 0.3827 -1.8478 0 0.7654 -0.7071 1 0.7071 -1 1 0

5 24 -1 1 0 -2 0 0 -0.9239 1 0.3827 -0.9239 1 -0.3827

5 24 -0.9239 1 -0.3827 -1.8478 0 -0.7654 -1 1 0 -0.7071 1 -0.7071

5 24 -0.7071 1 -0.7071 -1.4142 0 -1.4142 -0.9239 1 -0.3827 -0.3827 1 -0.9239

5 24 -0.3827 1 -0.9239 -0.7654 0 -1.8478 -0.7071 1 -0.7071 0 1 -1

5 24 0 1 -1 0 0 -2 -0.3827 1 -0.9239 0.3827 1 -0.9239

5 24 0.3827 1 -0.9239 0.7654 0 -1.8478 0 1 -1 0.7071 1 -0.7071

5 24 0.7071 1 -0.7071 1.4142 0 -1.4142 0.3827 1 -0.9239 0.9239 1 -0.3827

5 24 0.9239 1 -0.3827 1.8478 0 -0.7654 0.7071 1 -0.7071 1 1 0



4 16 2 0 0 1 1 0 0.9239 1 0.3827 1.8478 0 0.7654

4 16 1.8478 0 0.7654 0.9239 1 0.3827 0.7071 1 0.7071 1.4142 0 1.4142

4 16 1.4142 0 1.4142 0.7071 1 0.7071 0.3827 1 0.9239 0.7654 0 1.8478

4 16 0.7654 0 1.8478 0.3827 1 0.9239 0 1 1 0 0 2

4 16 0 0 2 0 1 1 -0.3827 1 0.9239 -0.7654 0 1.8478

4 16 -0.7654 0 1.8478 -0.3827 1 0.9239 -0.7071 1 0.7071 -1.4142 0 1.4142

4 16 -1.4142 0 1.4142 -0.7071 1 0.7071 -0.9239 1 0.3827 -1.8478 0 0.7654

4 16 -1.8478 0 0.7654 -0.9239 1 0.3827 -1 1 0 -2 0 0

4 16 -2 0 0 -1 1 0 -0.9239 1 -0.3827 -1.8478 0 -0.7654

4 16 -1.8478 0 -0.7654 -0.9239 1 -0.3827 -0.7071 1 -0.7071 -1.4142 0 -1.4142

4 16 -1.4142 0 -1.4142 -0.7071 1 -0.7071 -0.3827 1 -0.9239 -0.7654 0 -1.8478

4 16 -0.7654 0 -1.8478 -0.3827 1 -0.9239 0 1 -1 0 0 -2

4 16 0 0 -2 0 1 -1 0.3827 1 -0.9239 0.7654 0 -1.8478

4 16 0.7654 0 -1.8478 0.3827 1 -0.9239 0.7071 1 -0.7071 1.4142 0 -1.4142

4 16 1.4142 0 -1.4142 0.7071 1 -0.7071 0.9239 1 -0.3827 1.8478 0 -0.7654

4 16 1.8478 0 -0.7654 0.9239 1 -0.3827 1 1 0 2 0 0

0 NOFILE

0 FILE s__4740s01.dat
0 ~Dish  2 x  2 Inverted without Convex Surface

0 Name: s\4740s01.dat

0 Author: Philippe Hurbain [Philo]

0 !LDRAW_ORG Subpart UPDATE 2014-02

0 !LICENSE Licensed under CC BY 4.0 : see CAreadme.txt



0 BFC CERTIFY CCW



0 !HISTORY 2014-12-23 [PTadmin] Official Update 2014-02





1 16 0 0 0 1 0 0 0 1 0 0 0 1 stud2a.dat

1 16 0 4 0 1 0 0 0 -1 0 0 0 1 stud4a.dat

1 16 0 0 0 6 0 0 0 1 0 0 0 6 4-4edge.dat

1 16 0 5.6 0 20 0 0 0 2.4 0 0 0 20 4-4cylo.dat

0 BFC INVERTNEXT

1 16 0 0 0 4 0 0 0 2.7 0 0 0 4 4-4cyli.dat

0 BFC INVERTNEXT

1 16 0 4 0 6 0 0 0 -1.3 0 0 0 6 4-4cyli.dat

1 16 0 4 0 8 0 0 0 -1.3 0 0 0 8 4-4cyli.dat

1 16 0 2.7 0 4 0 0 0 1 0 0 0 4 4-4edge.dat

1 16 0 2.7 0 6 0 0 0 1 0 0 0 6 4-4edge.dat

1 16 0 2.7 0 8 0 0 0 1 0 0 0 8 4-4edge.dat

1 16 0 2.7 0 2 0 0 0 -1 0 0 0 2 4-4ring2.dat

0 BFC INVERTNEXT

1 16 0 5.8 0 8 0 0 0 -3.1 0 0 0 8 4-4con1.dat

0 BFC INVERTNEXT

1 16 0 8 0 4 0 0 0 -2.2 0 0 0 4 4-4con4.dat

5 24 14.7824 5.8 6.1232 16 5.8 0 8 2.7 0 18.478 8 7.654

5 24 11.3136 5.8 11.3136 14.7824 5.8 6.1232 7.3912 2.7 3.0616 14.142 8 14.142

5 24 6.1232 5.8 14.7824 11.3136 5.8 11.3136 5.6568 2.7 5.6568 7.654 8 18.478

5 24 0 5.8 16 6.1232 5.8 14.7824 3.0616 2.7 7.3912 0 8 20

5 24 -6.1232 5.8 14.7824 0 5.8 16 0 2.7 8 -7.654 8 18.478

5 24 -11.3136 5.8 11.3136 -6.1232 5.8 14.7824 -3.0616 2.7 7.3912 -14.142 8 14.142

5 24 -14.7824 5.8 6.1232 -11.3136 5.8 11.3136 -5.6568 2.7 5.6568 -18.478 8 7.654

5 24 -16 5.8 0 -14.7824 5.8 6.1232 -7.3912 2.7 3.0616 -20 8 0

5 24 -14.7824 5.8 -6.1232 -16 5.8 0 -8 2.7 0 -18.478 8 -7.654

5 24 -11.3136 5.8 -11.3136 -14.7824 5.8 -6.1232 -7.3912 2.7 -3.0616 -14.142 8 -14.142

5 24 -6.1232 5.8 -14.7824 -11.3136 5.8 -11.3136 -5.6568 2.7 -5.6568 -7.654 8 -18.478

5 24 0 5.8 -16 -6.1232 5.8 -14.7824 -3.0616 2.7 -7.3912 0 8 -20

5 24 6.1232 5.8 -14.7824 0 5.8 -16 0 2.7 -8 7.654 8 -18.478

5 24 11.3136 5.8 -11.3136 6.1232 5.8 -14.7824 3.0616 2.7 -7.3912 14.142 8 -14.142

5 24 14.7824 5.8 -6.1232 11.3136 5.8 -11.3136 5.6568 2.7 -5.6568 18.478 8 -7.654

5 24 16 5.8 0 14.7824 5.8 -6.1232 7.3912 2.7 -3.0616 20 8 0

0 NOFILE

0 FILE stud4a.dat
0 Stud Tube Open without Base Edges

0 Name: stud4a.dat

0 Author: James Jessiman

0 !LDRAW_ORG Primitive UPDATE 2009-02

0 !LICENSE Licensed under CC BY 4.0 : see CAreadme.txt



0 BFC CERTIFY CCW



0 !HISTORY 1999-07-05 [PTadmin] Official Update 1999-05

0 !HISTORY 2002-04-04 [sbliss] Modified for BFC compliance

0 !HISTORY 2002-04-25 [PTadmin] Official Update 2002-02

0 !HISTORY 2007-06-24 [PTadmin] Header formatted for Contributor Agreement

0 !HISTORY 2008-07-01 [PTadmin] Official Update 2008-01

0 !HISTORY 2009-06-21 [cwdee] Update ring references to 4-4ring

0 !HISTORY 2009-09-03 [PTadmin] Official Update 2009-02





1 16 0 -4 0 6 0 0 0 1 0 0 0 6 4-4edge.dat

1 16 0 -4 0 8 0 0 0 1 0 0 0 8 4-4edge.dat

0 BFC INVERTNEXT

1 16 0 -4 0 6 0 0 0 4 0 0 0 6 4-4cyli.dat

1 16 0 -4 0 8 0 0 0 4 0 0 0 8 4-4cyli.dat

1 16 0 -4 0 2 0 0 0 1 0 0 0 2 4-4ring3.dat

0

0 NOFILE

0 FILE 47905.dat
0 Brick  1 x  1 with Studs on Two Opposite Sides

0 Name: 47905.dat

0 Author: Sven Moritz Hein [smhltec]

0 !LDRAW_ORG Part UPDATE 2025-09

0 !LICENSE Licensed under CC BY 2.0 and CC BY 4.0 : see CAreadme.txt



0 BFC CERTIFY CCW



0 !HISTORY 2004-03-30 [mkennedy] Made BFC compliant

0 !HISTORY 2004-09-15 [PTadmin] Official Update 2004-03

0 !HISTORY 2007-07-09 [PTadmin] Header formatted for Contributor Agreement

0 !HISTORY 2008-07-01 [PTadmin] Official Update 2008-01

0 !HISTORY 2025-09-27 [OrionP] Changed winding to CCW

0 !HISTORY 2025-09-29 [OrionP] Official Update 2025-09



2 24 6 24 6 -6 24 6

2 24 -6 24 -6 6 24 -6

2 24 6 4 6 -6 4 6

2 24 -6 4 -6 6 4 -6

2 24 10 24 10 -10 24 10

2 24 -10 24 -10 10 24 -10

2 24 10 0 10 -10 0 10

2 24 -10 0 -10 10 0 -10

0

0 BFC INVERTNEXT

1 16 0 10 10 0 0 4 4 0 0 0 -4 0 4-4cyli.dat

1 16 0 10 6 0 0 4 4 0 0 0 1 0 4-4edge.dat

1 16 0 10 10 0 0 6 6 0 0 0 1 0 4-4edge.dat

1 16 0 10 6 0 0 4 4 0 0 0 1 0 4-4ndis.dat

1 16 0 10 10 0 0 6 6 0 0 0 -1 0 4-4ndis.dat

0 BFC INVERTNEXT

1 16 0 10 -10 0 0 4 4 0 0 0 4 0 4-4cyli.dat

1 16 0 10 -6 0 0 4 4 0 0 0 1 0 4-4edge.dat

1 16 0 10 -10 0 0 6 6 0 0 0 1 0 4-4edge.dat

1 16 0 10 -6 0 0 4 4 0 0 0 -1 0 4-4ndis.dat

1 16 0 10 -10 0 0 6 6 0 0 0 1 0 4-4ndis.dat

0

4 16 10 24 10 10 24 -10 6 24 -6 6 24 6

4 16 -10 24 10 10 24 10 6 24 6 -6 24 6

4 16 -10 24 -10 -10 24 10 -6 24 6 -6 24 -6

4 16 10 24 -10 -10 24 -10 -6 24 -6 6 24 -6

0

4 16 -10 24 -10 10 24 -10 6 16 -10 -6 16 -10

4 16 -10 0 -10 -10 24 -10 -6 16 -10 -6 4 -10

4 16 10 0 -10 -10 0 -10 -6 4 -10 6 4 -10

4 16 10 24 -10 10 0 -10 6 4 -10 6 16 -10

0

4 16 -6 24 -6 -4 14 -6 4 14 -6 6 24 -6

4 16 -6 4 -6 -4 6 -6 -4 14 -6 -6 24 -6

4 16 6 4 -6 4 6 -6 -4 6 -6 -6 4 -6

4 16 6 24 -6 4 14 -6 4 6 -6 6 4 -6

0

4 16 -6 24 6 6 24 6 4 14 6 -4 14 6

4 16 -6 4 6 -6 24 6 -4 14 6 -4 6 6

4 16 6 4 6 -6 4 6 -4 6 6 4 6 6

4 16 6 24 6 6 4 6 4 6 6 4 14 6

0

4 16 -10 24 10 -6 16 10 6 16 10 10 24 10

4 16 -10 0 10 -6 4 10 -6 16 10 -10 24 10

4 16 10 0 10 6 4 10 -6 4 10 -10 0 10

4 16 10 24 10 6 16 10 6 4 10 10 0 10

0 BFC INVERTNEXT

1 16 0 24 0 0 0 6 0 -20 0 6 0 0 box3u2p.dat

1 16 0 24 0 0 0 10 0 -24 0 10 0 0 box3u2p.dat

0

1 16 0 0 0 0 0 1 0 1 0 -1 0 0 stud.dat

1 16 0 10 -10 0 0 1 1 0 0 0 1 0 stud2a.dat

1 16 0 10 10 0 0 1 1 0 0 0 -1 0 stud2a.dat

0
0 NOFILE

0 FILE stud.dat
0 Stud

0 Name: stud.dat

0 Author: James Jessiman

0 !LDRAW_ORG Primitive UPDATE 2012-01

0 !LICENSE Licensed under CC BY 4.0 : see CAreadme.txt



0 BFC CERTIFY CCW



0 !HISTORY 2002-04-04 [sbliss] Modified for BFC compliance

0 !HISTORY 2002-04-25 [PTadmin] Official Update 2002-02

0 !HISTORY 2007-06-24 [PTadmin] Header formatted for Contributor Agreement

0 !HISTORY 2008-07-01 [PTadmin] Official Update 2008-01

0 !HISTORY 2012-02-16 [Philo] Changed to CCW

0 !HISTORY 2012-03-30 [PTadmin] Official Update 2012-01





1 16 0 0 0 6 0 0 0 1 0 0 0 6 4-4edge.dat

1 16 0 -4 0 6 0 0 0 1 0 0 0 6 4-4edge.dat

1 16 0 0 0 6 0 0 0 -4 0 0 0 6 4-4cyli.dat

1 16 0 -4 0 6 0 0 0 1 0 0 0 6 4-4disc.dat

0 NOFILE

0 FILE box3u2p.dat
0 Box with 3 Faces without 2 Parallel Edges

0 Name: box3u2p.dat

0 Author: Niels Karsdorp [nielsk]

0 !LDRAW_ORG Primitive UPDATE 2012-01

0 !LICENSE Licensed under CC BY 4.0 : see CAreadme.txt



0 BFC CERTIFY CCW



0 !HISTORY 2003-03-12 [PTadmin] Official Update 2003-01

0 !HISTORY 2007-06-24 [PTadmin] Header formatted for Contributor Agreement

0 !HISTORY 2008-07-01 [PTadmin] Official Update 2008-01

0 !HISTORY 2012-02-16 [Philo] Changed to CCW

0 !HISTORY 2012-03-30 [PTadmin] Official Update 2012-01





2 24 1 1 1 -1 1 1

2 24 -1 1 -1 1 1 -1

2 24 1 0 1 -1 0 1

2 24 -1 0 -1 1 0 -1

2 24 1 1 1 1 1 -1

2 24 -1 1 1 -1 1 -1

2 24 1 1 1 1 0 1

2 24 1 1 -1 1 0 -1

2 24 -1 1 1 -1 0 1

2 24 -1 1 -1 -1 0 -1

4 16 -1 1 -1 -1 1 1 1 1 1 1 1 -1

4 16 -1 1 1 -1 0 1 1 0 1 1 1 1

4 16 1 1 -1 1 0 -1 -1 0 -1 -1 1 -1

0 NOFILE

0 FILE 4-4ndis.dat
0 Disc Negative 1.0

0 Name: 4-4ndis.dat

0 Author: James Jessiman

0 !LDRAW_ORG Primitive UPDATE 2012-01

0 !LICENSE Licensed under CC BY 4.0 : see CAreadme.txt



0 BFC CERTIFY CCW



0 !HISTORY 2002-03-23 [sbliss] Added BFC statement; compacted code

0 !HISTORY 2002-04-25 [PTadmin] Official Update 2002-02

0 !HISTORY 2007-06-24 [PTadmin] Header formatted for Contributor Agreement

0 !HISTORY 2008-07-01 [PTadmin] Official Update 2008-01

0 !HISTORY 2012-02-16 [Philo] Changed to CCW

0 !HISTORY 2012-03-30 [PTadmin] Official Update 2012-01





3 16 0.9239 0 0.3827 1 0 0 1 0 1

3 16 0.7071 0 0.7071 0.9239 0 0.3827 1 0 1

3 16 0.3827 0 0.9239 0.7071 0 0.7071 1 0 1

3 16 0 0 1 0.3827 0 0.9239 1 0 1

3 16 -0.3827 0 0.9239 0 0 1 -1 0 1

3 16 -0.7071 0 0.7071 -0.3827 0 0.9239 -1 0 1

3 16 -0.9239 0 0.3827 -0.7071 0 0.7071 -1 0 1

3 16 -1 0 0 -0.9239 0 0.3827 -1 0 1

3 16 -0.9239 0 -0.3827 -1 0 0 -1 0 -1

3 16 -0.7071 0 -0.7071 -0.9239 0 -0.3827 -1 0 -1

3 16 -0.3827 0 -0.9239 -0.7071 0 -0.7071 -1 0 -1

3 16 0 0 -1 -0.3827 0 -0.9239 -1 0 -1

3 16 0.3827 0 -0.9239 0 0 -1 1 0 -1

3 16 0.7071 0 -0.7071 0.3827 0 -0.9239 1 0 -1

3 16 0.9239 0 -0.3827 0.7071 0 -0.7071 1 0 -1

3 16 1 0 0 0.9239 0 -0.3827 1 0 -1

0 NOFILE

0 FILE 55525.dat
0 =Cone  1 x  1

0 Name: 55525.dat

0 Author: Rolf Osterthun [Rolf]

0 !LDRAW_ORG Part Alias UPDATE 2013-02

0 !LICENSE Licensed under CC BY 4.0 : see CAreadme.txt



0 BFC CERTIFY CCW



0 !HISTORY 2013-12-23 [PTadmin] Official Update 2013-02





0 // Alias of 4589

0 // Part 55525 is the metallic lacquered counterpart of 4589



1 16 0 0 0 1 0 0 0 1 0 0 0 1 4589.dat

0 NOFILE

0 FILE 4589.dat
0 Cone  1 x  1

0 Name: 4589.dat

0 Author: James Jessiman

0 !LDRAW_ORG Part UPDATE 2010-03

0 !LICENSE Licensed under CC BY 4.0 : see CAreadme.txt



0 BFC CERTIFY CCW



0 !KEYWORDS 299.dat, pylon, Round



0 !HISTORY 1997-12-05 [PTadmin] Official Update 1997-17

0 !HISTORY 1999-03-01 [sbliss] Replaced conic code with primitives. Cleaned up format.

0 !HISTORY 2000-05-07 [PTadmin] Official Update 2000-01

0 !HISTORY 2003-08-07 [jriley] BFC compliant

0 !HISTORY 2003-12-19 [PTadmin] Official Update 2003-03

0 !HISTORY 2007-07-08 [PTadmin] Header formatted for Contributor Agreement

0 !HISTORY 2008-07-01 [PTadmin] Official Update 2008-01

0 !HISTORY 2010-09-12 [mikeheide] changed references

0 !HISTORY 2010-12-31 [PTadmin] Official Update 2010-03





1 16 0 19 0 8 0 0 0 2.5 0 0 0 8 4-4edge.dat

1 16 0 24 0 8 0 0 0 2.5 0 0 0 8 4-4edge.dat

1 16 0 24 0 6 0 0 0 2.5 0 0 0 6 4-4edge.dat

1 16 0 24 0 2 0 0 0 -2.5 0 0 0 2 4-4ring3.dat

1 16 0 19 0 8 0 0 0 5 0 0 0 8 4-4cyli.dat

0 BFC INVERTNEXT

1 16 0 24 0 -6 0 0 0 -5 0 0 0 6 4-4cyli.dat

0 BFC INVERTNEXT

1 16 0 18 0 6 0 0 0 1 0 0 0 6 4-4cyli.dat

1 16 0 12 0 1 0 0 0 6 0 0 0 1 axlehole.dat

1 16 0 12 0 1 0 0 0 1 0 0 0 1 axlehol2.dat

1 16 0 18 0 1 0 0 0 1 0 0 0 1 axlehol3.dat

1 16 0 12 0 4 0 0 0 1 0 0 0 4 4-4edge.dat

1 16 0 19 0 10 0 0 0 1 0 0 0 10 4-4edge.dat

1 16 0 0 0 6 0 0 0 1 0 0 0 6 4-4edge.dat

0 BFC INVERTNEXT

1 16 0 0 0 4 0 0 0 12 0 0 0 4 4-4cyli.dat

1 16 0 0 0 1 0 0 0 1 0 0 0 1 stud2a.dat

1 16 0 19 0 -2 0 0 0 -1 0 0 0 2 4-4ring4.dat

1 16 0 12 0 -2 0 0 0 -1 0 0 0 2 4-4ring2.dat

1 16 0 9.5 0 -2 0 0 0 -9.5 0 0 0 2 4-4con3.dat

1 16 0 19 0 0 0 -2 0 -9.5 0 -2 0 0 4-4con4.dat

0 //

0 NOFILE

0 FILE axlehol3.dat
0 Technic Axle Hole Tooth Outer Edges

0 Name: axlehol3.dat

0 Author: James Jessiman

0 !LDRAW_ORG Primitive UPDATE 2022-02

0 !LICENSE Licensed under CC BY 4.0 : see CAreadme.txt



0 BFC CERTIFY CCW



0 !HISTORY 2002-11-08 [OrionP] Adjusted fit and precision

0 !HISTORY 2003-03-12 [PTadmin] Official Update 2003-01

0 !HISTORY 2007-06-24 [PTadmin] Header formatted for Contributor Agreement

0 !HISTORY 2008-07-01 [PTadmin] Official Update 2008-01

0 !HISTORY 2021-12-24 [MagFors] rounded to four decimals

0 !HISTORY 2022-03-06 [PTadmin] Official Update 2022-02





1 16 0 0 0 5.54328 0 -2.2961 0 1 0 2.2961 0 5.54328 1-8edge.dat

2 24 5.6023 0 2 5.5433 0 2.2961

2 24 2.2961 0 5.5433 2 0 5.6023

1 16 0 0 0 2.2961 0 5.54328 0 1 0 -5.54328 0 2.2961 1-8edge.dat

2 24 2 0 -5.6023 2.2961 0 -5.5433

2 24 5.5433 0 -2.2961 5.6023 0 -2

1 16 0 0 0 -5.54328 0 2.2961 0 1 0 -2.2961 0 -5.54328 1-8edge.dat

2 24 -5.6023 0 -2 -5.5433 0 -2.2961

2 24 -2.2961 0 -5.5433 -2 0 -5.6023

1 16 0 0 0 -2.2961 0 -5.54328 0 1 0 5.54328 0 -2.2961 1-8edge.dat

2 24 -2 0 5.6023 -2.2961 0 5.5433

2 24 -5.5433 0 2.2961 -5.6023 0 2

0 NOFILE

0 FILE 1-8edge.dat
0 Circle 0.125

0 Name: 1-8edge.dat

0 Author: James Jessiman

0 !LDRAW_ORG Primitive UPDATE 2017-01

0 !LICENSE Licensed under CC BY 4.0 : see CAreadme.txt



0 BFC CERTIFY CCW



0 !HISTORY 2007-06-22 [PTadmin] Header formatted for Contributor Agreement

0 !HISTORY 2008-07-01 [PTadmin] Official Update 2008-01

0 !HISTORY 2017-01-15 [Steffen] BFCed

0 !HISTORY 2017-12-30 [PTadmin] Official Update 2017-01





2 24 1 0 0 0.9239 0 0.3827

2 24 0.9239 0 0.3827 0.7071 0 0.7071

0 NOFILE

0 FILE axlehol2.dat
0 Technic Axle Hole Side Edges

0 Name: axlehol2.dat

0 Author: James Jessiman

0 !LDRAW_ORG Primitive UPDATE 2022-02

0 !LICENSE Licensed under CC BY 4.0 : see CAreadme.txt



0 BFC CERTIFY CCW



0 !HISTORY 2002-11-08 [OrionP] Adjusted fit and precision

0 !HISTORY 2003-03-12 [PTadmin] Official Update 2003-01

0 !HISTORY 2007-06-24 [PTadmin] Header formatted for Contributor Agreement

0 !HISTORY 2008-07-01 [PTadmin] Official Update 2008-01

0 !HISTORY 2021-12-24 [MagFors] rounded to four decimals

0 !HISTORY 2022-03-06 [PTadmin] Official Update 2022-02





2 24 6 0 0 5.6023 0 2

2 24 2 0 5.6023 0 0 6

2 24 -6 0 0 -5.6023 0 2

2 24 -2 0 5.6023 0 0 6

2 24 6 0 0 5.6023 0 -2

2 24 2 0 -5.6023 0 0 -6

2 24 -6 0 0 -5.6023 0 -2

2 24 -2 0 -5.6023 0 0 -6

0 NOFILE

0 FILE axlehole.dat
0 Technic Axle Hole Closed

0 Name: axlehole.dat

0 Author: James Jessiman

0 !LDRAW_ORG Primitive UPDATE 2022-02

0 !LICENSE Licensed under CC BY 4.0 : see CAreadme.txt



0 BFC CERTIFY CCW



0 !HISTORY 2000-04-23 [sbliss] Added conditional edges along outermost diameters

0 !HISTORY 2000-05-07 [PTadmin] Official Update 2000-01

0 !HISTORY 2002-05-08 [OrionP] Made BFC compliant

0 !HISTORY 2002-08-18 [PTadmin] Official Update 2002-04

0 !HISTORY 2002-11-08 [OrionP] Adjusted fit and precision

0 !HISTORY 2003-03-12 [PTadmin] Official Update 2003-01

0 !HISTORY 2005-05-15 [guyvivan] Use 1-8chrd.dat primitive and made BFC'ed CCW

0 !HISTORY 2005-12-28 [PTadmin] Official Update 2005-01

0 !HISTORY 2007-06-24 [PTadmin] Header formatted for Contributor Agreement

0 !HISTORY 2008-07-01 [PTadmin] Official Update 2008-01

0 !HISTORY 2021-03-25 [Sirio] Added adapter rings and rounded to four decimals

0 !HISTORY 2021-12-20 [MagFors] Reshaped the hole

0 !HISTORY 2022-03-06 [PTadmin] Official Update 2022-02





1 16 0 0 0 1 0 0 0 1 0 0 0 1 axl5hol9.dat

1 16 0 1 0 1 0 0 0 1 0 0 0 1 axl5hol9.dat

1 16 0 0 0 1 0 0 0 1 0 0 0 1 axl5ho10.dat

1 16 0 1 0 1 0 0 0 -1 0 0 0 -1 axl5ho10.dat



1 16 0 0 0 1 0 0 0 1 0 0 0 1 axl5hol8.dat



0 // Adapter rings

1 16 0 0 0 6 0 0 0 1 0 0 0 6 1-16chrd.dat

1 16 0 0 0 0 0 6 0 1 0 6 0 0 1-16chrd.dat

1 16 0 0 0 0 0 -6 0 1 0 6 0 0 1-16chrd.dat

1 16 0 0 0 -6 0 0 0 1 0 0 0 6 1-16chrd.dat

1 16 0 0 0 -6 0 0 0 1 0 0 0 -6 1-16chrd.dat

1 16 0 0 0 0 0 -6 0 1 0 -6 0 0 1-16chrd.dat

1 16 0 0 0 0 0 6 0 1 0 -6 0 0 1-16chrd.dat

1 16 0 0 0 6 0 0 0 1 0 0 0 -6 1-16chrd.dat



1 16 0 1 0 6 0 0 0 -1 0 0 0 6 1-16chrd.dat

1 16 0 1 0 0 0 6 0 -1 0 6 0 0 1-16chrd.dat

1 16 0 1 0 0 0 -6 0 -1 0 6 0 0 1-16chrd.dat

1 16 0 1 0 -6 0 0 0 -1 0 0 0 6 1-16chrd.dat

1 16 0 1 0 -6 0 0 0 -1 0 0 0 -6 1-16chrd.dat

1 16 0 1 0 0 0 -6 0 -1 0 -6 0 0 1-16chrd.dat

1 16 0 1 0 0 0 6 0 -1 0 -6 0 0 1-16chrd.dat

1 16 0 1 0 6 0 0 0 -1 0 0 0 -6 1-16chrd.dat

0 NOFILE

0 FILE 1-16chrd.dat
0 Chord 0.0625

0 Name: 1-16chrd.dat

0 Author: Philippe Hurbain [Philo]

0 !LDRAW_ORG Primitive UPDATE 2015-01

0 !LICENSE Licensed under CC BY 4.0 : see CAreadme.txt



0 BFC CERTIFY CCW



0 !HISTORY 2015-10-11 [PTadmin] Official Update 2015-01





0 // This file is intentionally empty because at the current \P resolution,

0 // an 1-16chrd is actually empty. However, this file still is present

0 // to allow tools to do primitives substition and fill in a real chrd here,

0 // or, if desired, to substitute this with the hi-res 48\1-16chrd.



0 // This file is based on an idea by Darats at http://forums.ldraw.org/read.php?19,14500,14500#msg-14500



1 16 0 0 0 1 0 0 0 1 0 0 0 1 empty.dat
0 NOFILE

0 FILE empty.dat
0 Empty

0 Name: empty.dat

0 Author: Steffen [Steffen]

0 !LDRAW_ORG Primitive UPDATE 2025-08

0 !LICENSE Licensed under CC BY 4.0 : see CAreadme.txt



0 BFC CERTIFY CCW



0 !HISTORY 2015-10-11 [PTadmin] Official Update 2015-01

0 !HISTORY 2025-08-13 [OrionP] Fix comments

0 !HISTORY 2025-08-31 [OrionP] Official Update 2025-08



0 // Tool MLCad cannot handle really empty files. This file is used as a workaround.

0 // It exceptionally contains forbidden non-LDRAW standard syntax to satisfy MLCad

0 // until it is fixed OR a different editor has become the de-facto LDRAW standard.

0 // The line being used here is an "impossible" conditional line which never should be visible,

0 // additionally hidden by a syntax explicitly hiding it from displaying.



0 MLCAD HIDE 5 24 0 0 0 0.0001 0 0 0.0001 -0.0001 0 0 0 0
0 NOFILE

0 FILE axl5hol8.dat
0 Technic Axle Hole Rounded Perimeter

0 Name: axl5hol8.dat

0 Author: Magnus Forsberg [MagFors]

0 !LDRAW_ORG Primitive UPDATE 2022-01

0 !LICENSE Licensed under CC BY 4.0 : see CAreadme.txt



0 BFC CERTIFY CCW



0 !HISTORY 2022-01-14 [PTadmin] Official Update 2022-01





4 16 6 1 0 6 0 0 5.6023 0 2 5.6023 1 2

4 16 4 1 2 5.6023 1 2 5.6023 0 2 4 0 2

4 16 4 1 2 4 0 2 2.5 0 2.5 2.5 1 2.5

4 16 2.5 1 2.5 2.5 0 2.5 2 0 4 2 1 4

4 16 2 1 4 2 0 4 2 0 5.6023 2 1 5.6023

4 16 2 0 5.6023 0 0 6 0 1 6 2 1 5.6023

4 16 0 1 6 0 0 6 -2 0 5.6023 -2 1 5.6023

4 16 -2 1 4 -2 1 5.6023 -2 0 5.6023 -2 0 4

4 16 -2 1 4 -2 0 4 -2.5 0 2.5 -2.5 1 2.5

4 16 -2.5 1 2.5 -2.5 0 2.5 -4 0 2 -4 1 2

4 16 -4 1 2 -4 0 2 -5.6023 0 2 -5.6023 1 2

4 16 -5.6023 1 2 -5.6023 0 2 -6 0 0 -6 1 0

4 16 -6 1 0 -6 0 0 -5.6023 0 -2 -5.6023 1 -2

4 16 -5.6023 1 -2 -5.6023 0 -2 -4 0 -2 -4 1 -2

4 16 -4 1 -2 -4 0 -2 -2.5 0 -2.5 -2.5 1 -2.5

4 16 -2.5 1 -2.5 -2.5 0 -2.5 -2 0 -4 -2 1 -4

4 16 -2 1 -4 -2 0 -4 -2 0 -5.6023 -2 1 -5.6023

4 16 -2 0 -5.6023 0 0 -6 0 1 -6 -2 1 -5.6023

4 16 0 1 -6 0 0 -6 2 0 -5.6023 2 1 -5.6023

4 16 2 1 -5.6023 2 0 -5.6023 2 0 -4 2 1 -4

4 16 2 1 -4 2 0 -4 2.5 0 -2.5 2.5 1 -2.5

4 16 2.5 1 -2.5 2.5 0 -2.5 4 0 -2 4 1 -2

4 16 4 1 -2 4 0 -2 5.6023 0 -2 5.6023 1 -2

4 16 5.6023 1 -2 5.6023 0 -2 6 0 0 6 1 0



2 24 5.6023 1 2 5.6023 0 2

2 24 2 1 5.6023 2 0 5.6023

2 24 -2 1 5.6023 -2 0 5.6023

2 24 -5.6023 1 2 -5.6023 0 2

2 24 -5.6023 1 -2 -5.6023 0 -2

2 24 -2 1 -5.6023 -2 0 -5.6023

2 24 2 1 -5.6023 2 0 -5.6023

2 24 5.6023 1 -2 5.6023 0 -2



5 24 6 1 0 6 0 0 5.6023 1 2 5.6023 1 -2

5 24 4 1 2 4 0 2 5.6023 1 2 2.5 1 2.5

5 24 2.5 1 2.5 2.5 0 2.5 2 1 4 4 1 2

5 24 2 1 4 2 0 4 2.5 1 2.5 2 1 5.6023

5 24 0 1 6 0 0 6 2 1 5.6023 -2 1 5.6023

5 24 -2 1 4 -2 0 4 -2 1 5.6023 -2.5 1 2.5

5 24 -2.5 1 2.5 -2.5 0 2.5 -2 1 4 -4 1 2

5 24 -4 1 2 -4 0 2 -2.5 1 2.5 -5.6023 1 2

5 24 -6 1 0 -6 0 0 -5.6023 1 2 -5.6023 1 -2

5 24 -4 1 -2 -4 0 -2 -5.6023 1 -2 -2.5 1 -2.5

5 24 -2.5 1 -2.5 -2.5 0 -2.5 -4 1 -2 -2 1 -4

5 24 -2 1 -4 -2 0 -4 -2.5 1 -2.5 -2 1 -5.6023

5 24 0 1 -6 0 0 -6 -2 1 -5.6023 2 1 -5.6023

5 24 2 1 -4 2 0 -4 2 1 -5.6023 2.5 1 -2.5

5 24 2.5 1 -2.5 2.5 0 -2.5 4 1 -2 2 1 -4

5 24 4 1 -2 4 0 -2 5.6023 1 -2 2.5 1 -2.5

0 NOFILE

0 FILE axl5ho10.dat
0 Technic Axle Hole Rounded Tooth Surface

0 Name: axl5ho10.dat

0 Author: Magnus Forsberg [MagFors]

0 !LDRAW_ORG Primitive UPDATE 2022-01

0 !LICENSE Licensed under CC BY 4.0 : see CAreadme.txt



0 BFC CERTIFY CCW



0 !HISTORY 2022-01-14 [PTadmin] Official Update 2022-01





1 16 0 0 0 5.54328 0 -2.2961 0 1 0 2.2961 0 5.54328 1-8chrd.dat

1 16 0 0 0 -2.2961 0 -5.54328 0 1 0 5.54328 0 -2.2961 1-8chrd.dat

1 16 0 0 0 -5.54328 0 2.2961 0 1 0 -2.2961 0 -5.54328 1-8chrd.dat

1 16 0 0 0 2.2961 0 5.54328 0 1 0 -5.54328 0 2.2961 1-8chrd.dat

3 16 5.5433 0 2.2961 2.2961 0 5.5433 2.5 0 2.5

4 16 2.5 0 2.5 4 0 2 5.6023 0 2 5.5433 0 2.2961

4 16 2 0 4 2.5 0 2.5 2.2961 0 5.5433 2 0 5.6023

3 16 -2.5 0 2.5 -2.2961 0 5.5433 -5.5433 0 2.2961

4 16 -2.5 0 2.5 -2 0 4 -2 0 5.6023 -2.2961 0 5.5433

4 16 -5.6023 0 2 -4 0 2 -2.5 0 2.5 -5.5433 0 2.2961

4 16 -4 0 -2 -5.6023 0 -2 -5.5433 0 -2.2961 -2.5 0 -2.5

3 16 -5.5433 0 -2.2961 -2.2961 0 -5.5433 -2.5 0 -2.5

4 16 -2.2961 0 -5.5433 -2 0 -5.6023 -2 0 -4 -2.5 0 -2.5

3 16 2.2961 0 -5.5433 5.5433 0 -2.2961 2.5 0 -2.5

4 16 2 0 -5.6023 2.2961 0 -5.5433 2.5 0 -2.5 2 0 -4

4 16 4 0 -2 2.5 0 -2.5 5.5433 0 -2.2961 5.6023 0 -2

0 NOFILE

0 FILE 1-8chrd.dat
0 Chord 0.125

0 Name: 1-8chrd.dat

0 Author: Orion Pobursky [OrionP]

0 !LDRAW_ORG Primitive UPDATE 2023-05

0 !LICENSE Licensed under CC BY 4.0 : see CAreadme.txt



0 BFC CERTIFY CCW



0 !HISTORY 2004-04-22 [PTadmin] Official Update 2004-02

0 !HISTORY 2007-06-22 [PTadmin] Header formatted for Contributor Agreement

0 !HISTORY 2008-07-01 [PTadmin] Official Update 2008-01

0 !HISTORY 2023-10-27 [OrionP] Rebuilt with PrimGen2, original author westrate

0 !HISTORY 2023-10-31 [OrionP] Official Update 2023-05



3 16 1 0 0 0.9239 0 0.3827 0.7071 0 0.7071

0 NOFILE

0 FILE axl5hol9.dat
0 Technic Axle Hole Rounded Tooth Outer Edges

0 Name: axl5hol9.dat

0 Author: Magnus Forsberg [MagFors]

0 !LDRAW_ORG Primitive UPDATE 2022-01

0 !LICENSE Licensed under CC BY 4.0 : see CAreadme.txt



0 BFC CERTIFY CCW



0 !HISTORY 2022-01-14 [PTadmin] Official Update 2022-01





2 24 5.6023 0 2 4 0 2

2 24 4 0 2 2.5 0 2.5

2 24 2.5 0 2.5 2 0 4

2 24 2 0 4 2 0 5.6023

2 24 -2 0 5.6023 -2 0 4

2 24 -2 0 4 -2.5 0 2.5

2 24 -2.5 0 2.5 -4 0 2

2 24 -4 0 2 -5.6023 0 2

2 24 -5.6023 0 -2 -4 0 -2

2 24 -4 0 -2 -2.5 0 -2.5

2 24 -2.5 0 -2.5 -2 0 -4

2 24 -2 0 -4 -2 0 -5.6023

2 24 2 0 -5.6023 2 0 -4

2 24 2 0 -4 2.5 0 -2.5

2 24 2.5 0 -2.5 4 0 -2

2 24 4 0 -2 5.6023 0 -2

0 NOFILE

0 FILE 61409.dat
0 ~Slope Brick 18  2 x  1 x  0.667 Grille (Obsolete)

0 Name: 61409.dat

0 Author: Tim Gould [timgould]

0 !LDRAW_ORG Part UPDATE 2025-02

0 !LICENSE Licensed under CC BY 4.0 : see CAreadme.txt



0 BFC CERTIFY CCW



0 !CATEGORY Obsolete

0 !KEYWORDS grille



0 !HISTORY 2008-12-06 [gregteft] Updated geometry to include raised surface

0 !HISTORY 2009-03-30 [gregteft] Updated origin to bottom center

0 !HISTORY 2009-09-03 [PTadmin] Official Update 2009-02

0 !HISTORY 2017-08-08 [cwdee] Updated description

0 !HISTORY 2017-12-30 [PTadmin] Official Update 2017-01

0 !HISTORY 2025-02-12 [MagFors] Obsoleted due to bad geometry

0 !HISTORY 2025-02-27 [OrionP] Official Update 2025-02



1 16 0 -1 0 0 0 -9 0 1 0 19 0 0 box4.dat

1 16 0 -5.6 16 -6 0 0 0 0 5.6 0 1 0 rect.dat

1 16 0 -13 15 -6 0 0 0 .555556 1.8 0 1 -1 rect.dat

1 16 0 -10.9 10 -6 0 0 0 0 -2.1 0 -1 0 rect.dat

1 16 0 -10.6 7 -6 0 0 0 .555556 1.8 0 1 -1 rect.dat

1 16 0 -8.5 2 -6 0 0 0 0 -2.1 0 -1 0 rect.dat

1 16 0 -8.2 -1 -6 0 0 0 .555556 1.8 0 1 -1 rect.dat

1 16 0 -6.1 -6 -6 0 0 0 0 -2.1 0 -1 0 rect.dat

1 16 0 -5.8 -9 -6 0 0 0 .555556 1.8 0 1 -1 rect.dat

1 16 0 -4.9 -14 -6 0 0 0 0 -.9 0 -1 0 rect.dat

1 16 0 -2 -16 -6 0 0 0 0 -2 0 -1 0 rect.dat

1 16 0 -8.24 20 10 0 0 0 0 7.24 0 -1 0 rect.dat

1 16 0 -2.24 -20 10 0 0 0 0 -1.24 0 1 0 rect.dat

1 16 0 -11.2 15 0 0 6 0 -1 0 1 0 0 rect2p.dat

1 16 0 -8.8 8 0 0 6 0 -1 0 2 0 0 rect2p.dat

1 16 0 -6.4 0 0 0 6 0 -1 0 2 0 0 rect2p.dat

1 16 0 -4 -8 0 0 6 0 -1 0 2 0 0 rect2p.dat

1 16 0 -4 -15 0 0 6 0 -1 0 1 0 0 rect2p.dat

2 24 6 0 -16 6 0 16

2 24 -6 0 -16 -6 0 16

2 24 10 -1 -20 10 -1 20

2 24 -10 -1 -20 -10 -1 20

2 24 6 -5.8 -14 6 -7.6 -8

2 24 6 -8.2 -6 6 -10 0

2 24 6 -10.6 2 6 -12.4 8

2 24 6 -13 10 6 -14.8 16

2 24 -6 -5.8 -14 -6 -7.6 -8

2 24 -6 -8.2 -6 -6 -10 0

2 24 -6 -10.6 2 -6 -12.4 8

2 24 -6 -13 10 -6 -14.8 16

2 24 7.5 -4.7 -17.66 -7.5 -4.7 -17.66

2 24 7.5 -15.21 17.38 -7.5 -15.21 17.38

2 24 7.5 -4.7 -17.66 7.5 -15.21 17.38

2 24 -7.5 -4.7 -17.66 -7.5 -15.21 17.38

2 24 8 -14.88 18 -8 -14.88 18

2 24 8 -4.08 -18 8 -14.88 18

2 24 8 -4.08 -18 -8 -4.08 -18

2 24 -8 -4.08 -18 -8 -14.88 18

2 24 8 -14.88 18 7.5 -15.21 17.38

2 24 -8 -14.88 18 -7.5 -15.21 17.38

2 24 8 -4.08 -18 7.5 -4.7 -17.66

2 24 -8 -4.08 -18 -7.5 -4.7 -17.66

2 24 10 -3.48 -20 10 -15.48 20

2 24 -10 -3.48 -20 -10 -15.48 20

4 16 6 0 16 -6 0 16 -9 0 19 9 0 19

4 16 -6 0 -16 6 0 -16 9 0 -19 -9 0 -19

4 16 6 0 -16 6 0 16 9 0 19 9 0 -19

4 16 -6 0 16 -6 0 -16 -9 0 -19 -9 0 19

4 16 9 -1 19 -9 -1 19 -10 -1 20 10 -1 20

4 16 -9 -1 -19 9 -1 -19 10 -1 -20 -10 -1 -20

4 16 9 -1 -19 9 -1 19 10 -1 20 10 -1 -20

4 16 -9 -1 19 -9 -1 -19 -10 -1 -20 -10 -1 20

4 16 6 0 -16 6 -4 -16 6 -4 -6 6 0 -6

4 16 6 0 -6 6 -6.4 -6 6 -6.4 2 6 0 2

4 16 6 0 2 6 -8.8 2 6 -8.8 10 6 0 10

4 16 6 0 10 6 -11.2 10 6 -11.2 16 6 0 16

4 16 6 -4 -14 6 -5.8 -14 6 -7.6 -8 6 -4 -10

4 16 6 -6.4 -6 6 -8.2 -6 6 -10 0 6 -6.4 -2

4 16 6 -8.8 2 6 -10.6 2 6 -12.4 8 6 -8.8 6

4 16 6 -11.2 10 6 -13 10 6 -14.8 16 6 -11.2 14

4 16 -6 0 -6 -6 -4 -6 -6 -4 -16 -6 0 -16

4 16 -6 0 2 -6 -6.4 2 -6 -6.4 -6 -6 0 -6

4 16 -6 0 10 -6 -8.8 10 -6 -8.8 2 -6 0 2

4 16 -6 0 16 -6 -11.2 16 -6 -11.2 10 -6 0 10

4 16 -6 -4 -10 -6 -7.6 -8 -6 -5.8 -14 -6 -4 -14

4 16 -6 -6.4 -2 -6 -10 0 -6 -8.2 -6 -6 -6.4 -6

4 16 -6 -8.8 6 -6 -12.4 8 -6 -10.6 2 -6 -8.8 2

4 16 -6 -11.2 14 -6 -14.8 16 -6 -13 10 -6 -11.2 10

4 16 6 -13 10 -6 -13 10 -6 -12.4 8 6 -12.4 8

4 16 6 -10.6 2 -6 -10.6 2 -6 -10 0 6 -10 0

4 16 6 -8.2 -6 -6 -8.2 -6 -6 -7.6 -8 6 -7.6 -8

4 16 7.5 -15.21 17.38 -7.5 -15.21 17.38 -6 -14.8 16 6 -14.8 16

4 16 7.5 -4.7 -17.66 7.5 -15.21 17.38 6 -14.8 16 6 -5.8 -14

4 16 -7.5 -4.7 -17.66 7.5 -4.7 -17.66 6 -5.8 -14 -6 -5.8 -14

4 16 -6 -5.8 -14 -6 -14.8 16 -7.5 -15.21 17.38 -7.5 -4.7 -17.66

4 16 8 -14.88 18 -8 -14.88 18 -7.5 -15.21 17.38 7.5 -15.21 17.38

4 16 8 -4.08 -18 8 -14.88 18 7.5 -15.21 17.38 7.5 -4.7 -17.66

4 16 -7.5 -4.7 -17.66 -7.5 -15.21 17.38 -8 -14.88 18 -8 -4.08 -18

4 16 -8 -4.08 -18 8 -4.08 -18 7.5 -4.7 -17.66 -7.5 -4.7 -17.66

4 16 10 -15.48 20 -10 -15.48 20 -8 -14.88 18 8 -14.88 18

4 16 10 -3.48 -20 10 -15.48 20 8 -14.88 18 8 -4.08 -18

4 16 -8 -4.08 -18 -8 -14.88 18 -10 -15.48 20 -10 -3.48 -20

4 16 -10 -3.48 -20 10 -3.48 -20 8 -4.08 -18 -8 -4.08 -18

4 16 10 -1 -20 10 -1 20 10 -15.48 20 10 -3.48 -20

4 16 -10 -3.48 -20 -10 -15.48 20 -10 -1 20 -10 -1 -20

0

0 NOFILE

0 FILE rect2p.dat
0 Rectangle with 2 Parallel Edges

0 Name: rect2p.dat

0 Author: Donald Sutter [technog]

0 !LDRAW_ORG Primitive UPDATE 2010-01

0 !LICENSE Licensed under CC BY 4.0 : see CAreadme.txt



0 BFC CERTIFY CCW



0 !HISTORY 2003-08-01 [PTadmin] Official Update 2003-02

0 !HISTORY 2007-06-24 [PTadmin] Header formatted for Contributor Agreement

0 !HISTORY 2008-07-01 [PTadmin] Official Update 2008-01

0 !HISTORY 2010-01-17 [mikeheide] changed winding to CCW

0 !HISTORY 2010-04-05 [PTadmin] Official Update 2010-01





2 24 1 0 1 -1 0 1

2 24 -1 0 -1 1 0 -1

4 16 -1 0 1 -1 0 -1 1 0 -1 1 0 1

0

0 NOFILE

0 FILE rect.dat
0 Rectangle

0 Name: rect.dat

0 Author: James Jessiman

0 !LDRAW_ORG Primitive UPDATE 2010-01

0 !LICENSE Licensed under CC BY 4.0 : see CAreadme.txt



0 BFC CERTIFY CCW



0 !HISTORY 2002-04-05 [hafhead] Added BFC statement

0 !HISTORY 2002-04-25 [PTadmin] Official Update 2002-02

0 !HISTORY 2007-06-24 [PTadmin] Header formatted for Contributor Agreement

0 !HISTORY 2008-07-01 [PTadmin] Official Update 2008-01

0 !HISTORY 2010-01-17 [mikeheide] changed winding to CCW

0 !HISTORY 2010-04-05 [PTadmin] Official Update 2010-01





2 24 1 0 1 -1 0 1

2 24 -1 0 1 -1 0 -1

2 24 -1 0 -1 1 0 -1

2 24 1 0 -1 1 0 1

4 16 -1 0 1 -1 0 -1 1 0 -1 1 0 1

0

0 NOFILE

0 FILE box4.dat
0 Box with 4 Faces (2 Parallel Pairs) and All Edges

0 Name: box4.dat

0 Author: James Jessiman

0 !LDRAW_ORG Primitive UPDATE 2012-01

0 !LICENSE Licensed under CC BY 4.0 : see CAreadme.txt



0 BFC CERTIFY CCW



0 !HISTORY 2002-04-03 [sbliss] Modified for BFC compliance

0 !HISTORY 2002-04-25 [PTadmin] Official Update 2002-02

0 !HISTORY 2007-06-24 [PTadmin] Header formatted for Contributor Agreement

0 !HISTORY 2008-07-01 [PTadmin] Official Update 2008-01

0 !HISTORY 2012-02-16 [Philo] Changed to CCW

0 !HISTORY 2012-03-30 [PTadmin] Official Update 2012-01





2 24 1 1 1 -1 1 1

2 24 -1 1 1 -1 1 -1

2 24 -1 1 -1 1 1 -1

2 24 1 1 -1 1 1 1

2 24 1 0 1 -1 0 1

2 24 -1 0 1 -1 0 -1

2 24 -1 0 -1 1 0 -1

2 24 1 0 -1 1 0 1

2 24 1 0 1 1 1 1

2 24 -1 0 1 -1 1 1

2 24 1 0 -1 1 1 -1

2 24 -1 0 -1 -1 1 -1

4 16 -1 1 1 -1 0 1 1 0 1 1 1 1

4 16 -1 1 -1 -1 0 -1 -1 0 1 -1 1 1

4 16 1 1 -1 1 0 -1 -1 0 -1 -1 1 -1

4 16 1 1 1 1 0 1 1 0 -1 1 1 -1

0 NOFILE

0 FILE 3024.dat
0 Plate  1 x  1

0 Name: 3024.dat

0 Author: James Jessiman

0 !LDRAW_ORG Part UPDATE 2022-05

0 !LICENSE Licensed under CC BY 4.0 : see CAreadme.txt



0 BFC CERTIFY CCW



0 !HISTORY 2001-10-26 [PTadmin] Official Update 2001-01

0 !HISTORY 2002-05-07 {unknown} BFC Certification

0 !HISTORY 2002-06-11 [PTadmin] Official Update 2002-03

0 !HISTORY 2007-06-07 [PTadmin] Header formatted for Contributor Agreement

0 !HISTORY 2008-07-01 [PTadmin] Official Update 2008-01

0 !HISTORY 2022-08-04 [MagFors] Using subfile

0 !HISTORY 2022-09-15 [PTadmin] Official Update 2022-05





1 16 0 0 0 1 0 0 0 1 0 0 0 1 s__3024s01.dat

4 16 -10 8 -10 10 8 -10 10 0 -10 -10 0 -10

0 NOFILE

0 FILE s__3024s01.dat
0 ~Plate  1 x  1 without Front Face

0 Name: s\3024s01.dat

0 Author: Tore Eriksson [Tore_Eriksson]

0 !LDRAW_ORG Subpart UPDATE 2012-03

0 !LICENSE Licensed under CC BY 4.0 : see CAreadme.txt



0 BFC CERTIFY CCW



0 !HISTORY 2012-12-28 [PTadmin] Official Update 2012-03





0 BFC INVERTNEXT

1 16 0 8 0 0 0 6 0 -4 0 -6 0 0 box5.dat

4 16 10 8 -10 6 8 -6 6 8 6 10 8 10

4 16 10 8 10 6 8 6 -6 8 6 -10 8 10

4 16 -10 8 10 -6 8 6 -6 8 -6 -10 8 -10

4 16 -10 8 -10 -6 8 -6 6 8 -6 10 8 -10

1 16 0 8 0 10 0 0 0 -8 0 0 0 10 box4t.dat

1 16 0 0 0 0 0 1 0 1 0 -1 0 0 stud.dat

0 NOFILE

0 FILE box4t.dat
0 Box with 4 Adjacent Faces and All Edges

0 Name: box4t.dat

0 Author: Tore Eriksson [Tore_Eriksson]

0 !LDRAW_ORG Primitive UPDATE 2003-02

0 !LICENSE Licensed under CC BY 4.0 : see CAreadme.txt



0 BFC CERTIFY CCW



0 !HISTORY 1997-09-29 [PTadmin] Official Update 1997-15

0 !HISTORY 2002-08-31 [izanette] Modified with WINDZ for BFC compliance

0 !HISTORY 2003-08-01 [PTadmin] Official Update 2003-02

0 !HISTORY 2007-06-24 [PTadmin] Header formatted for Contributor Agreement

0 !HISTORY 2008-07-01 [PTadmin] Official Update 2008-01





2 24 1 1 1 -1 1 1

2 24 -1 1 1 -1 1 -1

2 24 -1 1 -1 1 1 -1

2 24 1 1 -1 1 1 1

2 24 1 0 1 -1 0 1

2 24 -1 0 1 -1 0 -1

2 24 -1 0 -1 1 0 -1

2 24 1 0 -1 1 0 1

2 24 1 0 1 1 1 1

2 24 -1 0 1 -1 1 1

2 24 1 0 -1 1 1 -1

2 24 -1 0 -1 -1 1 -1

4 16 1 1 1 1 1 -1 -1 1 -1 -1 1 1

4 16 1 1 1 -1 1 1 -1 0 1 1 0 1

4 16 -1 1 1 -1 1 -1 -1 0 -1 -1 0 1

0 // 4 16 -1 1 -1 -1 0 -1 1 0 -1 1 1 -1

4 16 1 1 -1 1 1 1 1 0 1 1 0 -1

0

0 NOFILE

0 FILE box5.dat
0 Box with 5 Faces and All Edges

0 Name: box5.dat

0 Author: James Jessiman

0 !LDRAW_ORG Primitive UPDATE 2012-01

0 !LICENSE Licensed under CC BY 4.0 : see CAreadme.txt



0 BFC CERTIFY CCW



0 !HISTORY 2002-04-03 [sbliss] Modified for BFC compliance

0 !HISTORY 2002-04-25 [PTadmin] Official Update 2002-02

0 !HISTORY 2007-06-24 [PTadmin] Header formatted for Contributor Agreement

0 !HISTORY 2008-07-01 [PTadmin] Official Update 2008-01

0 !HISTORY 2012-02-16 [Philo] Changed to CCW

0 !HISTORY 2012-03-30 [PTadmin] Official Update 2012-01





2 24 1 1 1 -1 1 1

2 24 -1 1 1 -1 1 -1

2 24 -1 1 -1 1 1 -1

2 24 1 1 -1 1 1 1

2 24 1 0 1 -1 0 1

2 24 -1 0 1 -1 0 -1

2 24 -1 0 -1 1 0 -1

2 24 1 0 -1 1 0 1

2 24 1 0 1 1 1 1

2 24 -1 0 1 -1 1 1

2 24 1 0 -1 1 1 -1

2 24 -1 0 -1 -1 1 -1

4 16 -1 1 1 1 1 1 1 1 -1 -1 1 -1

4 16 -1 1 1 -1 0 1 1 0 1 1 1 1

4 16 -1 1 -1 -1 0 -1 -1 0 1 -1 1 1

4 16 1 1 -1 1 0 -1 -1 0 -1 -1 1 -1

4 16 1 1 1 1 0 1 1 0 -1 1 1 -1

0 NOFILE

0 FILE 11610.dat
0 Cone  1 x  1 Inverted with Shaft

0 Name: 11610.dat

0 Author: Owen Burgoyne [C3POwen]

0 !LDRAW_ORG Part UPDATE 2013-01

0 !LICENSE Licensed under CC BY 4.0 : see CAreadme.txt



0 !HELP Centre of shaft at +Y 26

0 !HELP Central hole narrows at +Y 14.5



0 BFC CERTIFY CCW



0 !KEYWORDS Friends, ice cream cone



0 !HISTORY 2013-07-21 [PTadmin] Official Update 2013-01





1 16 0 32.5 0 4 0 0 0 -13 0 0 0 -4 4-4cylc.dat

1 16 0 19.5 0 1 0 0 0 -1 0 0 0 -1 4-4ring4.dat

1 16 0 19.5 0 5 0 0 0 1 0 0 0 5 4-4edge.dat

1 16 0 19.5 0 1 0 0 0 1 0 0 0 1 4-4disc.dat

1 16 0 19.5 0 1 0 0 0 1 0 0 0 1 4-4edge.dat

0 BFC INVERTNEXT

1 16 0 18.5 0 0.5 0 0 0 1 0 0 0 0.5 4-4con2.dat

0 BFC INVERTNEXT

1 16 0 15.5 0 1.5 0 0 0 3 0 0 0 1.5 4-4con1.dat

0 BFC INVERTNEXT

1 16 0 14.5 0 0.5 0 0 0 1 0 0 0 0.5 4-4con6.dat

1 16 0 14.5 0 3.5 0 0 0 1 0 0 0 3.5 4-4edge.dat

0 BFC INVERTNEXT

1 16 0 0 0 3.5 0 0 0 14.5 0 0 0 3.5 4-4cyli.dat

1 16 0 0 0 3.5 0 0 0 1 0 0 0 3.5 4-4edge.dat

1 16 0 0 0 5 0 0 0 19.5 0 0 0 5 4-4con1.dat

1 16 0 0 0 10 0 0 0 1 0 0 0 10 4-4edge.dat

1 16 0 0 0 0.5 0 0 0 1 0 0 0 0.5 4-4ring7.dat

1 16 0 0 0 2 0 0 0 1 0 0 0 2 4-4ring3.dat

1 16 0 0 0 2 0 0 0 1 0 0 0 2 4-4ring4.dat

1 16 0 0 0 1 0 0 0 1 0 0 0 1 stud2a.dat

1 16 0 0 0 4 0 0 0 1 0 0 0 4 4-4edge.dat

1 16 0 0 0 6 0 0 0 1 0 0 0 6 4-4edge.dat

0 NOFILE

0 FILE 4-4ring7.dat
0 Ring  7 x 1.0

0 Name: 4-4ring7.dat

0 Author: James Jessiman

0 !LDRAW_ORG Primitive UPDATE 2009-01

0 !LICENSE Licensed under CC BY 4.0 : see CAreadme.txt



0 BFC CERTIFY CCW



0 !HISTORY 1998-12-15 [PTadmin] Official Update 1998-10

0 !HISTORY 2002-04-05 [hafhead] Added BFC statement

0 !HISTORY 2002-04-25 [PTadmin] Official Update 2002-02

0 !HISTORY 2007-06-24 [PTadmin] Header formatted for Contributor Agreement

0 !HISTORY 2008-07-01 [PTadmin] Official Update 2008-01

0 !HISTORY 2008-08-26 [cwdee] Switch polygon winding and rename

0 !HISTORY 2009-05-02 [PTadmin] Official Update 2009-01





4 16 -3.0616 0 7.3912 -2.6789 0 6.4673 0 0 7 0 0 8

4 16 -5.6568 0 5.6568 -4.9497 0 4.9497 -2.6789 0 6.4673 -3.0616 0 7.3912

4 16 -7.3912 0 3.0616 -6.4673 0 2.6789 -4.9497 0 4.9497 -5.6568 0 5.6568

4 16 -8 0 0 -7 0 0 -6.4673 0 2.6789 -7.3912 0 3.0616

4 16 -7.3912 0 -3.0616 -6.4673 0 -2.6789 -7 0 0 -8 0 0

4 16 -5.6568 0 -5.6568 -4.9497 0 -4.9497 -6.4673 0 -2.6789 -7.3912 0 -3.0616

4 16 -3.0616 0 -7.3912 -2.6789 0 -6.4673 -4.9497 0 -4.9497 -5.6568 0 -5.6568

4 16 0 0 -8 0 0 -7 -2.6789 0 -6.4673 -3.0616 0 -7.3912

4 16 3.0616 0 -7.3912 2.6789 0 -6.4673 0 0 -7 0 0 -8

4 16 5.6568 0 -5.6568 4.9497 0 -4.9497 2.6789 0 -6.4673 3.0616 0 -7.3912

4 16 7.3912 0 -3.0616 6.4673 0 -2.6789 4.9497 0 -4.9497 5.6568 0 -5.6568

4 16 8 0 0 7 0 0 6.4673 0 -2.6789 7.3912 0 -3.0616

4 16 7.3912 0 3.0616 6.4673 0 2.6789 7 0 0 8 0 0

4 16 5.6568 0 5.6568 4.9497 0 4.9497 6.4673 0 2.6789 7.3912 0 3.0616

4 16 3.0616 0 7.3912 2.6789 0 6.4673 4.9497 0 4.9497 5.6568 0 5.6568

4 16 0 0 8 0 0 7 2.6789 0 6.4673 3.0616 0 7.3912

0

0 NOFILE

0 FILE 4-4con6.dat
0 Cone  6 x 1.0

0 Name: 4-4con6.dat

0 Author: Niels Karsdorp [nielsk]

0 !LDRAW_ORG Primitive UPDATE 2004-04

0 !LICENSE Licensed under CC BY 4.0 : see CAreadme.txt



0 BFC CERTIFY CCW



0 !HISTORY 2004-11-06 [PTadmin] Official Update 2004-04

0 !HISTORY 2007-06-24 [PTadmin] Header formatted for Contributor Agreement

0 !HISTORY 2008-07-01 [PTadmin] Official Update 2008-01





5 24 6 1 0 7 0 0 5.5434 1 2.2962 5.5434 1 -2.2962

5 24 5.5434 1 2.2962 6.4673 0 2.6789 4.2426 1 4.2426 6 1 0

5 24 4.2426 1 4.2426 4.9497 0 4.9497 2.2962 1 5.5434 5.5434 1 2.2962

5 24 2.2962 1 5.5434 2.6789 0 6.4673 0 1 6 4.2426 1 4.2426

5 24 0 1 6 0 0 7 -2.2962 1 5.5434 2.2962 1 5.5434

5 24 -2.2962 1 5.5434 -2.6789 0 6.4673 -4.2426 1 4.2426 0 1 6

5 24 -4.2426 1 4.2426 -4.9497 0 4.9497 -5.5434 1 2.2962 -2.2962 1 5.5434

5 24 -5.5434 1 2.2962 -6.4673 0 2.6789 -6 1 0 -4.2426 1 4.2426

5 24 -6 1 0 -7 0 0 -5.5434 1 -2.2962 -5.5434 1 2.2962

5 24 -5.5434 1 -2.2962 -6.4673 0 -2.6789 -4.2426 1 -4.2426 -6 1 0

5 24 -4.2426 1 -4.2426 -4.9497 0 -4.9497 -2.2962 1 -5.5434 -5.5434 1 -2.2962

5 24 -2.2962 1 -5.5434 -2.6789 0 -6.4673 0 1 -6 -4.2426 1 -4.2426

5 24 0 1 -6 0 0 -7 2.2962 1 -5.5434 -2.2962 1 -5.5434

5 24 2.2962 1 -5.5434 2.6789 0 -6.4673 4.2426 1 -4.2426 0 1 -6

5 24 4.2426 1 -4.2426 4.9497 0 -4.9497 5.5434 1 -2.2962 2.2962 1 -5.5434

5 24 5.5434 1 -2.2962 6.4673 0 -2.6789 6 1 0 4.2426 1 -4.2426



4 16 6 1 0 5.5434 1 2.2962 6.4673 0 2.6789 7 0 0

4 16 5.5434 1 2.2962 4.2426 1 4.2426 4.9497 0 4.9497 6.4673 0 2.6789

4 16 4.2426 1 4.2426 2.2962 1 5.5434 2.6789 0 6.4673 4.9497 0 4.9497

4 16 2.2962 1 5.5434 0 1 6 0 0 7 2.6789 0 6.4673

4 16 0 1 6 -2.2962 1 5.5434 -2.6789 0 6.4673 0 0 7

4 16 -2.2962 1 5.5434 -4.2426 1 4.2426 -4.9497 0 4.9497 -2.6789 0 6.4673

4 16 -4.2426 1 4.2426 -5.5434 1 2.2962 -6.4673 0 2.6789 -4.9497 0 4.9497

4 16 -5.5434 1 2.2962 -6 1 0 -7 0 0 -6.4673 0 2.6789

4 16 -6 1 0 -5.5434 1 -2.2962 -6.4673 0 -2.6789 -7 0 0

4 16 -5.5434 1 -2.2962 -4.2426 1 -4.2426 -4.9497 0 -4.9497 -6.4673 0 -2.6789

4 16 -4.2426 1 -4.2426 -2.2962 1 -5.5434 -2.6789 0 -6.4673 -4.9497 0 -4.9497

4 16 -2.2962 1 -5.5434 0 1 -6 0 0 -7 -2.6789 0 -6.4673

4 16 0 1 -6 2.2962 1 -5.5434 2.6789 0 -6.4673 0 0 -7

4 16 2.2962 1 -5.5434 4.2426 1 -4.2426 4.9497 0 -4.9497 2.6789 0 -6.4673

4 16 4.2426 1 -4.2426 5.5434 1 -2.2962 6.4673 0 -2.6789 4.9497 0 -4.9497

4 16 5.5434 1 -2.2962 6 1 0 7 0 0 6.4673 0 -2.6789



0



0 NOFILE

0 FILE 4-4con2.dat
0 Cone  2 x 1.0

0 Name: 4-4con2.dat

0 Author: Willy Tschager [Holly-Wood]

0 !LDRAW_ORG Primitive UPDATE 2024-01

0 !LICENSE Licensed under CC BY 4.0 : see CAreadme.txt



0 BFC CERTIFY CCW



0 !HISTORY 2004-03-02 [PTadmin] Official Update 2004-01

0 !HISTORY 2007-06-24 [PTadmin] Header formatted for Contributor Agreement

0 !HISTORY 2008-07-01 [PTadmin] Official Update 2008-01

0 !HISTORY 2012-02-16 [Philo] Changed to CCW

0 !HISTORY 2012-03-30 [PTadmin] Official Update 2012-01

0 !HISTORY 2024-01-04 [Holly-Wood] Complete regeneration, original by jriley

0 !HISTORY 2024-01-29 [OrionP] Official Update 2024-01



4 16 2 1 0 1.8478 1 0.7654 2.7717 0 1.1481 3 0 0

4 16 1.8478 1 0.7654 1.4142 1 1.4142 2.1213 0 2.1213 2.7717 0 1.1481

4 16 1.4142 1 1.4142 0.7654 1 1.8478 1.1481 0 2.7717 2.1213 0 2.1213

4 16 0.7654 1 1.8478 0 1 2 0 0 3 1.1481 0 2.7717

4 16 0 1 2 -0.7654 1 1.8478 -1.1481 0 2.7717 0 0 3

4 16 -0.7654 1 1.8478 -1.4142 1 1.4142 -2.1213 0 2.1213 -1.1481 0 2.7717

4 16 -1.4142 1 1.4142 -1.8478 1 0.7654 -2.7717 0 1.1481 -2.1213 0 2.1213

4 16 -1.8478 1 0.7654 -2 1 0 -3 0 0 -2.7717 0 1.1481

4 16 -2 1 0 -1.8478 1 -0.7654 -2.7717 0 -1.1481 -3 0 0

4 16 -1.8478 1 -0.7654 -1.4142 1 -1.4142 -2.1213 0 -2.1213 -2.7717 0 -1.1481

4 16 -1.4142 1 -1.4142 -0.7654 1 -1.8478 -1.1481 0 -2.7717 -2.1213 0 -2.1213

4 16 -0.7654 1 -1.8478 0 1 -2 0 0 -3 -1.1481 0 -2.7717

4 16 0 1 -2 0.7654 1 -1.8478 1.1481 0 -2.7717 0 0 -3

4 16 0.7654 1 -1.8478 1.4142 1 -1.4142 2.1213 0 -2.1213 1.1481 0 -2.7717

4 16 1.4142 1 -1.4142 1.8478 1 -0.7654 2.7717 0 -1.1481 2.1213 0 -2.1213

4 16 1.8478 1 -0.7654 2 1 0 3 0 0 2.7717 0 -1.1481

0 // conditional lines

5 24 2 1 0 3 0 0 1.8478 1 -0.7654 1.8478 1 0.7654

5 24 1.8478 1 0.7654 2.7717 0 1.1481 2 1 0 1.4142 1 1.4142

5 24 1.4142 1 1.4142 2.1213 0 2.1213 1.8478 1 0.7654 0.7654 1 1.8478

5 24 0.7654 1 1.8478 1.1481 0 2.7717 1.4142 1 1.4142 0 1 2

5 24 0 1 2 0 0 3 0.7654 1 1.8478 -0.7654 1 1.8478

5 24 -0.7654 1 1.8478 -1.1481 0 2.7717 0 1 2 -1.4142 1 1.4142

5 24 -1.4142 1 1.4142 -2.1213 0 2.1213 -0.7654 1 1.8478 -1.8478 1 0.7654

5 24 -1.8478 1 0.7654 -2.7717 0 1.1481 -1.4142 1 1.4142 -2 1 0

5 24 -2 1 0 -3 0 0 -1.8478 1 0.7654 -1.8478 1 -0.7654

5 24 -1.8478 1 -0.7654 -2.7717 0 -1.1481 -2 1 0 -1.4142 1 -1.4142

5 24 -1.4142 1 -1.4142 -2.1213 0 -2.1213 -1.8478 1 -0.7654 -0.7654 1 -1.8478

5 24 -0.7654 1 -1.8478 -1.1481 0 -2.7717 -1.4142 1 -1.4142 0 1 -2

5 24 0 1 -2 0 0 -3 -0.7654 1 -1.8478 0.7654 1 -1.8478

5 24 0.7654 1 -1.8478 1.1481 0 -2.7717 0 1 -2 1.4142 1 -1.4142

5 24 1.4142 1 -1.4142 2.1213 0 -2.1213 0.7654 1 -1.8478 1.8478 1 -0.7654

5 24 1.8478 1 -0.7654 2.7717 0 -1.1481 1.4142 1 -1.4142 2 1 0

0 // Build by LDPartEditor (PrimGen 2.X)

0 NOFILE

0 FILE 54200.dat
0 Slope Brick 31  1 x  1 x  0.667

0 Name: 54200.dat

0 Author: Orion Pobursky [OrionP]

0 !LDRAW_ORG Part UPDATE 2022-04

0 !LICENSE Licensed under CC BY 4.0 : see CAreadme.txt



0 BFC CERTIFY CCW



0 !KEYWORDS cheese



0 !HISTORY 2006-01-14 [cwdee] Rotated to match other slope bricks

0 !HISTORY 2009-09-03 [PTadmin] Official Update 2009-02

0 !HISTORY 2013-08-04 [cwdee] Description change

0 !HISTORY 2013-12-23 [PTadmin] Official Update 2013-02

0 !HISTORY 2014-11-21 [roland] Auto-corrected with libfix version of LDCad 1.4

0 !HISTORY 2015-10-11 [PTadmin] Official Update 2015-01

0 !HISTORY 2019-06-03 [Philo] Rounded corners and flattened top.

0 !HISTORY 2019-06-28 [PTadmin] Official Update 2019-01

0 !HISTORY 2021-05-21 [OrionP] Subfiled for patterns

0 !HISTORY 2022-05-07 [PTadmin] Official Update 2022-03

0 !HISTORY 2022-07-13 [Jaco] added keyword Cheese

0 !HISTORY 2022-07-18 [PTadmin] Official Update 2022-04





1 16 0 0 0 1 0 0 0 1 0 0 0 1 s__54200s01.dat



3 16 9.41 -15.01 8.35 8 -15.6 9.3333 10 -13.6 6

4 16 -8 -15.6 9.3333 -10 -13.6 6 10 -13.6 6 8 -15.6 9.3333

3 16 -8 -15.6 9.3333 -9.41 -15.01 8.35 -10 -13.6 6

4 16 -10 -4 -10 10 -4 -10 10 -13.6 6 -10 -13.6 6

0 NOFILE

0 FILE s__54200s01.dat
0 ~Slope Brick 31  1 x  1 x  0.667 without Sloped Face

0 Name: s\54200s01.dat

0 Author: Orion Pobursky [OrionP]

0 !LDRAW_ORG Subpart UPDATE 2022-03

0 !LICENSE Licensed under CC BY 4.0 : see CAreadme.txt



0 BFC CERTIFY CCW



0 !HISTORY 2022-05-07 [PTadmin] Official Update 2022-03





2 24 10 -1 10 10 -1 -10

2 24 -10 -1 10 -10 -1 -10

1 16 0 -5.3 6 -6 0 0 0 0 5.3 0 1 0 rect.dat

1 16 0 -1.7 -6 0 0 -6 1.7 0 0 0 -1 0 rect.dat

1 16 0 -2.5 -10 -10 0 0 0 0 1.5 0 1 0 rect.dat

2 24 9 0 9 -9 0 9

2 24 9 0 -9 -9 0 -9

1 16 0 -1 0 0 0 9 0 1 0 -9 0 0 box4.dat

4 16 10 -1 -10 9 -1 -9 9 -1 9 10 -1 10

4 16 -10 -1 10 -9 -1 9 -9 -1 -9 -10 -1 -10

4 16 10 -1 10 9 -1 9 -9 -1 9 -10 -1 10

4 16 -10 -1 -10 -9 -1 -9 9 -1 -9 10 -1 -10

4 16 6 0 -6 6 0 6 9 0 9 9 0 -9

4 16 -6 0 6 -6 0 -6 -9 0 -9 -9 0 9

4 16 -6 0 -6 6 0 -6 9 0 -9 -9 0 -9

4 16 6 0 6 -6 0 6 -9 0 9 9 0 9

4 16 6 -10.6 6 6 0 6 6 0 -6 6 -3.4 -6

4 16 -6 -10.6 6 -6 -3.4 -6 -6 0 -6 -6 0 6

2 24 6 0 -6 6 0 6

2 24 -6 0 -6 -6 0 6

2 24 6 -3.4 -6 6 -10.6 6

2 24 -6 -3.4 -6 -6 -10.6 6

3 16 -3.1092 -4 -5 -2.2961 -4 -5.5434 -2.2961 -3.674 -5.5434

5 24 -2.2961 -4 -5.5434 -2.2961 -3.674 -5.5434 -3.1092 -4 -5 0 -4 -6

4 16 -2.2961 -4 -5.5434 0 -4 -6 0 -3.4 -6 -2.2961 -3.674 -5.5434

5 24 0 -4 -6 0 -3.4 -6 -2.2961 -4 -5.5434 2.2961 -4 -5.5434

4 16 0 -4 -6 2.2961 -4 -5.5434 2.2961 -3.674 -5.5434 0 -3.4 -6

5 24 2.2961 -4 -5.5434 2.2961 -3.674 -5.5434 0 -4 -6 3.1092 -4 -5

3 16 3.1092 -4 -5 2.2961 -3.674 -5.5434 2.2961 -4 -5.5434

2 24 -3.1092 -4 -5 -2.2961 -4 -5.5434

2 24 -2.2961 -4 -5.5434 0 -4 -6

2 24 2.2961 -4 -5.5434 0 -4 -6

2 24 3.1092 -4 -5 2.2961 -4 -5.5434

2 24 -3.1092 -4 -5 -2.2961 -3.674 -5.5434

2 24 -2.2961 -3.674 -5.5434 0 -3.4 -6

2 24 2.2961 -3.674 -5.5434 0 -3.4 -6

2 24 3.1092 -4 -5 2.2961 -3.674 -5.5434

2 24 -3.1092 -4 -5 3.1092 -4 -5

3 16 -3.1092 -4 -5 -2.2961 -3.674 -5.5434 -6 -3.4 -6

3 16 -6 -3.4 -6 -2.2961 -3.674 -5.5434 0 -3.4 -6

3 16 3.1092 -4 -5 6 -3.4 -6 2.2961 -3.674 -5.5434

3 16 6 -3.4 -6 0 -3.4 -6 2.2961 -3.674 -5.5434

2 24 9.41 -15.01 8.35 10 -13.6 6

2 24 9.41 -15.01 10 10 -13.6 10

2 24 8 -15.6 9.3333 9.41 -15.01 8.35

2 24 9.41 -15.01 10 8 -15.6 10

2 24 -9.41 -15.01 8.35 -10 -13.6 6

2 24 -9.41 -15.01 10 -10 -13.6 10

2 24 -8 -15.6 9.3333 -9.41 -15.01 8.35

2 24 -9.41 -15.01 10 -8 -15.6 10

4 16 8 -15.6 10 8 -15.6 9.3333 9.41 -15.01 8.35 9.41 -15.01 10

4 16 9.41 -15.01 10 9.41 -15.01 8.35 10 -13.6 6 10 -13.6 10

4 16 10 -1 10 10 -13.6 10 10 -13.6 6 10 -4 -10

3 16 10 -4 -10 10 -1 -10 10 -1 10

3 16 8 -15.6 10 9.41 -15.01 10 10 -13.6 10

4 16 -9.41 -15.01 8.35 -8 -15.6 9.3333 -8 -15.6 10 -9.41 -15.01 10

4 16 -10 -13.6 6 -9.41 -15.01 8.35 -9.41 -15.01 10 -10 -13.6 10

4 16 -10 -13.6 6 -10 -13.6 10 -10 -1 10 -10 -4 -10

3 16 -10 -1 -10 -10 -4 -10 -10 -1 10

3 16 -9.41 -15.01 10 -8 -15.6 10 -10 -13.6 10

2 24 -8 -15.6 10 8 -15.6 10

2 24 -8 -15.6 9.3333 8 -15.6 9.3333

4 16 -8 -15.6 10 -8 -15.6 9.3333 8 -15.6 9.3333 8 -15.6 10

4 16 -10 -13.6 10 -8 -15.6 10 8 -15.6 10 10 -13.6 10

1 16 0 -7.3 10 10 0 0 0 0 6.3 0 -1 0 rect3.dat

5 24 -9.41 -15.01 10 -9.41 -15.01 8.35 -8 -15.6 9.3333 -10 -13.6 10

5 24 9.41 -15.01 8.35 9.41 -15.01 10 8 -15.6 10 10 -13.6 6

5 24 -10 -13.6 6 -10 -13.6 10 -9.41 -15.01 8.35 -10 -1 10

5 24 10 -13.6 10 10 -13.6 6 9.41 -15.01 10 10 -4 -10

5 24 8 -15.6 9.3333 8 -15.6 10 9.41 -15.01 8.35 -8 -15.6 10

5 24 -8 -15.6 9.3333 -8 -15.6 10 -9.41 -15.01 10 8 -15.6 9.3333

3 16 0 -4 -6 -2.2961 -4 -5.5434 2.2961 -4 -5.5434

4 16 -3.1092 -4 -5 3.1092 -4 -5 2.2961 -4 -5.5434 -2.2961 -4 -5.5434

3 16 -3.1092 -4 -5 -6 -3.4 -6 -6 -10.6 6

3 16 6 -3.4 -6 3.1092 -4 -5 6 -10.6 6

4 16 -3.1092 -4 -5 -6 -10.6 6 6 -10.6 6 3.1092 -4 -5

2 24 -10 -13.6 6 -10 -4 -10

2 24 10 -4 -10 10 -13.6 6

0 NOFILE

0 FILE rect3.dat
0 Rectangle with 3 Edges

0 Name: rect3.dat

0 Author: Mark Kennedy [mkennedy]

0 !LDRAW_ORG Primitive UPDATE 2010-01

0 !LICENSE Licensed under CC BY 4.0 : see CAreadme.txt



0 BFC CERTIFY CCW



0 !HISTORY 2003-08-01 [PTadmin] Official Update 2003-02

0 !HISTORY 2007-06-24 [PTadmin] Header formatted for Contributor Agreement

0 !HISTORY 2008-07-01 [PTadmin] Official Update 2008-01

0 !HISTORY 2010-01-17 [mikeheide] Change winding to CCW

0 !HISTORY 2010-04-05 [PTadmin] Official Update 2010-01





2 24 1 0 1 -1 0 1

2 24 1 0 1 1 0 -1

2 24 -1 0 1 -1 0 -1

4 16 -1 0 1 -1 0 -1 1 0 -1 1 0 1

0 //

0 NOFILE

0 FILE 32828.dat
0 Plate  1 x  1 Round with Bar

0 Name: 32828.dat

0 Author: Magnus Forsberg [MagFors]

0 !LDRAW_ORG Part UPDATE 2019-01

0 !LICENSE Licensed under CC BY 4.0 : see CAreadme.txt



0 BFC CERTIFY CCW



0 !KEYWORDS espresso, handle



0 !HISTORY 2018-12-08 [PTadmin] Official Update 2018-02

0 !HISTORY 2019-06-03 [MagFors] Reworked transition from plate to bar

0 !HISTORY 2019-06-28 [PTadmin] Official Update 2019-01





1 16 0 3 0 -1 0 0 0 -1.25 0 0 0 1 stud4o.dat

1 16 0 3 0 1.41421 0 -1.41421 0 -1 0 -1.41421 0 -1.41421 3-4ring4.dat

1 16 0 0 0 7.07107 0 -7.07107 0 1 0 7.07107 0 7.07107 3-4edge.dat

1 16 0 3 0 7.07107 0 -7.07107 0 1 0 7.07107 0 7.07107 3-4edge.dat

1 16 0 0 0 7.07107 0 -7.07107 0 3 0 7.07107 0 7.07107 3-4cyli.dat

1 16 0 0 0 6 0 0 0 1 0 0 0 6 4-4edge.dat

1 16 0 0 0 7.07107 0 -7.07107 0 1 0 7.07107 0 7.07107 3-4chrd.dat

1 16 0 0 0 1 0 0 0 1 0 0 0 1 stud2.dat

1 16 0 3 0 5.65685 0 -5.65685 0 5 0 5.65685 0 5.65685 3-4cylo.dat

1 16 30 2 0 0 1 0 0 0 -4 -4 0 0 4-4edge.dat

1 16 30 2 0 0 -12.1421 0 0 0 -4 -4 0 0 4-4cyli.dat

0 BFC INVERTNEXT

1 16 20 2 0 0 10 0 0 0 -2 -2 0 0 4-4cylc.dat

1 16 30 2 0 0 -1 0 0 0 -2 -2 0 0 4-4ring1.dat



1 16 12.7 7.5 0 0 0 2.3 0 -1 0 -2.3 0 0 2-4edge.dat

1 16 12.7 7.5 0 0 0 2.3 0 -2.318 0 -2.3 0 0 2-4cyli.dat

1 16 12.7 7.5 0 0 0 2.3 0 -1 0 -2.3 0 0 2-4chrd.dat



1 16 11.1132 6.34075 2.3 0 0 -1.5868 1.15925 0 0 0 -1 0 rect3.dat

2 24 9.4177 4.8284 2.8284 9.5264 5.1815 2.3

2 24 12.7035 5.182 2.2993 13.5802 5.2985 2.125

2 24 14.3263 5.6316 1.6263 13.5802 5.2985 2.125

2 24 14.3902 5.6955 1.5307 14.3263 5.6316 1.6263

2 24 14.3902 5.6955 1.5307 14.825 5.8249 0.8802

2 24 15 6.0001 0 14.825 5.8249 0.8802

2 24 9.2391 3.5238 3.6956 9.4177 4.8284 2.8284

2 24 10 7.5 0 9.5264 7.5 2.3

4 16 9.5264 7.5 2.3 10 7.5 0 10 8 0 9.2391 8 3.6956

4 16 9.5264 5.1815 2.3 9.5264 7.5 2.3 9.2391 8 3.6956 9.2391 3.5238 3.6956



1 16 11.1132 6.34075 -2.3 0 0 -1.5868 -1.15925 0 0 0 1 0 rect3.dat

2 24 9.4177 4.8284 -2.8284 9.5264 5.1815 -2.3

2 24 12.7035 5.182 -2.2993 13.5802 5.2985 -2.125

2 24 14.3263 5.6316 -1.6263 13.5802 5.2985 -2.125

2 24 14.3902 5.6955 -1.5307 14.3263 5.6316 -1.6263

2 24 14.3902 5.6955 -1.5307 14.825 5.8249 -0.8802

2 24 15 6.0001 0 14.825 5.8249 -0.8802

2 24 9.2391 3.5308 -3.6956 9.4177 4.8284 -2.8284

2 24 10 7.5 0 9.5264 7.5 -2.3

4 16 10 8 0 10 7.5 0 9.5264 7.5 -2.3 9.2391 8 -3.6956

4 16 9.2391 8 -3.6956 9.5264 7.5 -2.3 9.5264 5.1815 -2.3 9.2391 3.5308 -3.6956

4 16 9.5264 7.5 2.3 12.7 7.5 2.3 12.7 7.5 -2.3 9.5264 7.5 -2.3



1 16 17.8579 2 0 0 -8.8579 0 -1.53072 0 3.69548 3.69548 0 1.53072 5-8cyli.dat

1 16 17.8579 2 0 0 -3.716 0 -4 0 0 0 0 4 1-8cyls.dat

1 16 17.8579 2 0 0 -3.716 0 -4 0 0 0 0 -4 1-8cyls.dat

1 16 14.1419 2 0 3.716 1 0 -4 0 0 0 0 4 1-8edge.dat

1 16 14.1419 2 0 3.716 1 0 -4 0 0 0 0 -4 1-8edge.dat

1 16 14.1419 2 0 3.716 1 0 -4 0 0 0 0 4 1-8chrd.dat

1 16 14.1419 2 0 3.716 1 0 -4 0 0 0 0 -4 1-8chrd.dat



4 16 8.0162 8 -5.6568 9.2391 8 -3.6956 9.2391 3.5308 -3.6956 7.9767 3 -5.6569

2 24 16.7695 -0.8284 -2.8284 16 0 -3.392

2 24 7.9767 3 -5.6569 5.6569 3 -5.6569

2 24 5.6569 3 -5.6569 5.6568 8 -5.6568

2 24 5.6568 8 -5.6568 8.0162 8 -5.6568

2 24 8.0162 8 -5.6568 7.9767 3 -5.6569

4 16 5.6569 3 -5.6569 5.6568 8 -5.6568 8.0162 8 -5.6568 7.9767 3 -5.6569



4 16 9.2391 8 -3.6956 8.0162 8 -5.6568 5.6568 8 -5.6568 7.3912 8 -3.0616

4 16 9.2391 8 -3.6956 7.3912 8 -3.0616 8 8 0 10 8 0

2 24 9.3275 0 -3.382 9.2391 0.4692 -3.6956

2 24 16 0 -3.392 9.3275 0 -3.382

2 24 9.0378 2 -4 9.2391 3.5308 -3.6956

2 24 9.2391 0.4692 -3.6956 9.0378 2 -4

2 24 9.2391 0 -3.6956 9.3275 0 -3.382

2 24 7.0711 0 -7.0711 9.2391 0 -3.6956

2 24 7.0711 3 -7.0711 7.9767 3 -5.6569

2 24 8.0162 8 -5.6568 9.2391 8 -3.6956

2 24 9.2391 8 -3.6956 10 8 0

3 16 7.0711 3 -7.0711 5.6569 3 -5.6569 7.9767 3 -5.6569

3 16 7.9767 3 -5.6569 9.2391 3.5308 -3.6956 9.0378 2 -4

4 16 7.0711 3 -7.0711 7.9767 3 -5.6569 9.2391 0 -3.6956 7.0711 0 -7.0711

4 16 9.0378 2 -4 9.2391 0.4692 -3.6956 9.2391 0 -3.6956 7.9767 3 -5.6569

3 16 9.2391 0 -3.6956 9.2391 0.4692 -3.6956 9.3275 0 -3.382

3 16 9.2391 0.4692 -3.6956 17.8579 0.4692 -3.6956 16 0 -3.392

3 16 16 0 -3.392 9.3275 0 -3.382 9.2391 0.4692 -3.6956

4 16 17.8579 -0.8284 -2.8284 16.7695 -0.8284 -2.8284 16 0 -3.392 17.8579 0.4692 -3.6956

3 16 7.0711 0 -7.0711 9.2391 0 -3.6956 9.3275 0 -3.382

5 24 9.2391 0.4692 -3.6956 17.8579 0.4692 -3.6956 9.0378 2 -4 16 0 -3.392

5 24 9.2391 0 -3.6956 9.2391 0.4692 -3.6956 9.3275 0 -3.382 7.9767 3 -5.6569

5 24 9.2391 3.5308 -3.6956 9.2391 8 -3.6956 9.4176 4.8284 -2.8284 7.9767 3 -5.6569

5 24 7.0711 0 -7.0711 7.0711 3 -7.0711 3.8269 0 -9.2391 9.2391 0 -3.6956

5 24 10 7.5 0 10 8 0 9.5264 7.5 -2.3 9.5264 7.5 2.3



0 // other side

4 16 9.2391 3.5238 3.6956 9.2391 8 3.6956 8.0162 8 5.6568 7.9767 3 5.6569

2 24 16.7695 -0.8284 2.8284 16 0 3.392

2 24 5.657 8 5.6568 5.6569 3 5.6569

2 24 5.6569 3 5.6569 7.9767 3 5.6569

2 24 7.9767 3 5.6569 8.0162 8 5.6568

2 24 8.0162 8 5.6568 5.657 8 5.6568

4 16 5.6569 3 5.6569 7.9767 3 5.6569 8.0162 8 5.6568 5.657 8 5.6568



4 16 5.6568 8 5.6568 8.0162 8 5.6568 9.2391 8 3.6956 7.3912 8 3.0616

4 16 8 8 0 7.3912 8 3.0616 9.2391 8 3.6956 10 8 0

2 24 9.3275 0 3.382 9.2391 0.4692 3.6956

2 24 16 0 3.392 9.3275 0 3.382

2 24 9.0378 2 4 9.2391 3.5238 3.6956

2 24 9.2391 0.4692 3.6956 9.0378 2 4

2 24 9.2391 0 3.6956 9.3275 0 3.382

2 24 7.0711 0 7.0711 9.2391 0 3.6956

2 24 7.0711 3 7.0711 7.9767 3 5.6569

2 24 8.0162 8 5.6568 9.2391 8 3.6956

2 24 9.2391 8 3.6956 10 8 0

3 16 5.6569 3 5.6569 7.0711 3 7.0711 7.9767 3 5.6569

3 16 9.2391 3.5238 3.6956 7.9767 3 5.6569 9.0378 2 4

4 16 9.0378 2 4 7.9767 3 5.6569 9.2391 0 3.6956 9.2391 0.4692 3.6956

4 16 7.0711 3 7.0711 7.0711 0 7.0711 9.2391 0 3.6956 7.9767 3 5.6569

3 16 9.2391 0.4692 3.6956 9.2391 0 3.6956 9.3275 0 3.382

3 16 17.8579 0.4692 3.6956 9.2391 0.4692 3.6956 16 0 3.392

3 16 9.3275 0 3.382 16 0 3.392 9.2391 0.4692 3.6956

4 16 16 0 3.392 16.7695 -0.8284 2.8284 17.8579 -0.8284 2.8284 17.8579 0.4692 3.6956

3 16 9.2391 0 3.6956 7.0711 0 7.0711 9.3275 0 3.382

5 24 9.2391 0.4692 3.6956 17.8579 0.4692 3.6956 9.0378 2 4 16 0 3.392

5 24 9.2391 0 3.6956 9.2391 0.4692 3.6956 9.3275 0 3.382 7.9767 3 5.6569

5 24 9.2391 3.5238 3.6956 9.2391 8 3.6956 9.4177 4.8284 2.8284 7.9767 3 5.6569

5 24 7.0711 0 7.0711 7.0711 3 7.0711 3.8269 0 9.2391 9.2391 0 3.6956



3 16 17.8579 -2 0 16.7695 -0.8284 2.8284 16.7695 -0.8284 -2.8284

4 16 16.7695 -0.8284 -2.8284 16.7695 -0.8284 2.8284 16 0 3.392 16 0 -3.392

4 16 7.0711 0 -7.0711 9.3275 0 -3.382 9.3275 0 3.382 7.0711 0 7.0711

2 24 16 0 3.392 16 0 -3.392

5 24 9.2391 0.4692 -3.6956 16 0 -3.392 17.8579 0.4692 -3.6956 9.3275 0 -3.382

5 24 17.8579 0.4692 -3.6956 16 0 -3.392 17.8579 -0.8284 -2.8284 9.2391 0.4692 -3.6956

5 24 9.2391 .4692 3.6956 16 0 3.392 17.8579 .4692 3.6956 9.3275 0 3.382

5 24 17.8579 .4692 3.6956 16 0 3.392 9.2391 .4692 3.6956 17.8579 -.8284 2.8284



0 BFC INVERTNEXT

1 16 13.5 0 0 0 0 1.5 0 2 0 -1.5 0 0 8__2-4cylo.dat

0 BFC INVERTNEXT

1 16 11.5 0 0 0 0 -1.5 0 2 0 -1.5 0 0 8__2-4cylo.dat

1 16 13.5 0 0 0 0 1.5 0 1 0 -1.5 0 0 8__2-4ndis.dat

1 16 11.5 0 0 0 0 -1.5 0 1 0 -1.5 0 0 8__2-4ndis.dat

1 16 13.5 2 0 0 0 1.5 0 1 0 -1.5 0 0 8__2-4chrd.dat

1 16 11.5 2 0 0 0 -1.5 0 1 0 -1.5 0 0 8__2-4chrd.dat

0 BFC INVERTNEXT

1 16 12.5 0 0 1 0 0 0 2 0 0 0 -1.5 box3u8p.dat

4 16 9.3275 0 -3.382 16 0 -3.392 15 0 -1.5 10 0 -1.5

4 16 9.3275 0 -3.382 10 0 -1.5 10 0 1.5 9.3275 0 3.382

4 16 9.3275 0 3.382 10 0 1.5 15 0 1.5 16 0 3.392

4 16 16 0 3.392 15 0 1.5 15 0 -1.5 16 0 -3.392

0 NOFILE

0 FILE box3u8p.dat
0 Box with 3 Faces and 4 Parallel Edges

0 Name: box3u8p.dat

0 Author: James Jessiman

0 !LDRAW_ORG Primitive UPDATE 2012-01

0 !LICENSE Licensed under CC BY 4.0 : see CAreadme.txt



0 BFC CERTIFY CCW



0 !HISTORY 2002-12-13 [hafhead] Made BFC compliant

0 !HISTORY 2003-08-01 [PTadmin] Official Update 2003-02

0 !HISTORY 2007-06-24 [PTadmin] Header formatted for Contributor Agreement

0 !HISTORY 2008-07-01 [PTadmin] Official Update 2008-01

0 !HISTORY 2012-02-16 [Philo] Changed to CCW

0 !HISTORY 2012-03-30 [PTadmin] Official Update 2012-01





2 24 1 1 1 -1 1 1

2 24 -1 1 -1 1 1 -1

2 24 1 0 1 -1 0 1

2 24 -1 0 -1 1 0 -1

4 16 1 1 -1 -1 1 -1 -1 1 1 1 1 1

4 16 -1 1 1 -1 0 1 1 0 1 1 1 1

4 16 1 1 -1 1 0 -1 -1 0 -1 -1 1 -1

0 NOFILE

0 FILE 8__2-4chrd.dat
0 Chord 0.5

0 Name: 8\2-4chrd.dat

0 Author: Magnus Forsberg [MagFors]

0 !LDRAW_ORG 8_Primitive UPDATE 2017-01

0 !LICENSE Licensed under CC BY 4.0 : see CAreadme.txt



0 BFC CERTIFY CCW



0 !HISTORY 2017-12-30 [PTadmin] Official Update 2017-01





3 16 .7071 0 .7071 0 0 1 -.7071 0 .7071

4 16 .7071 0 .7071 -.7071 0 .7071 -1 0 0 1 0 0

0 NOFILE

0 FILE 8__2-4ndis.dat
0 Lo-Res Disc Negative 0.5

0 Name: 8\2-4ndis.dat

0 Author: Magnus Forsberg [MagFors]

0 !LDRAW_ORG 8_Primitive UPDATE 2018-02

0 !LICENSE Licensed under CC BY 4.0 : see CAreadme.txt



0 BFC CERTIFY CCW



0 !HISTORY 2018-12-08 [PTadmin] Official Update 2018-02





3 16 1 0 1 0.7071 0 0.7071 1 0 0

3 16 1 0 1 0 0 1 0.7071 0 0.7071

3 16 -1 0 1 -0.7071 0 0.7071 0 0 1

3 16 -1 0 1 -1 0 0 -0.7071 0 0.7071

0 // Build by Primitive Generator 2

0 NOFILE

0 FILE 8__2-4cylo.dat
0 Cylinder Open 0.5

0 Name: 8\2-4cylo.dat

0 Author: Magnus Forsberg [MagFors]

0 !LDRAW_ORG 8_Primitive UPDATE 2017-01

0 !LICENSE Licensed under CC BY 4.0 : see CAreadme.txt



0 BFC CERTIFY CCW



0 !HISTORY 2017-12-30 [PTadmin] Official Update 2017-01





1 16 0 0 0 1 0 0 0 1 0 0 0 1 8__2-4edge.dat

1 16 0 0 0 1 0 0 0 1 0 0 0 1 8__2-4cyli.dat

1 16 0 1 0 1 0 0 0 1 0 0 0 1 8__2-4edge.dat

0 NOFILE

0 FILE 8__2-4cyli.dat
0 Cylinder 0.5

0 Name: 8\2-4cyli.dat

0 Author: Philippe Hurbain [Philo]

0 !LDRAW_ORG 8_Primitive UPDATE 2016-01

0 !LICENSE Licensed under CC BY 4.0 : see CAreadme.txt



0 BFC CERTIFY CCW



0 !HISTORY 2016-12-31 [PTadmin] Official Update 2016-01





4 16 0.7071 0 0.7071 1 0 0 1 1 0 0.7071 1 0.7071

4 16 0 0 1 0.7071 0 0.7071 0.7071 1 0.7071 0 1 1

4 16 -0.7071 0 0.7071 0 0 1 0 1 1 -0.7071 1 0.7071

4 16 -1 0 0 -0.7071 0 0.7071 -0.7071 1 0.7071 -1 1 0

0 // conditional lines

5 24 1 1 0 1 0 0 1 1 -1 0.7071 1 0.7071

5 24 0.7071 1 0.7071 0.7071 0 0.7071 1 1 0 0 1 1

5 24 0 1 1 0 0 1 0.7071 1 0.7071 -0.7071 1 0.7071

5 24 -0.7071 1 0.7071 -0.7071 0 0.7071 0 1 1 -1 1 0

5 24 -1 1 0 -1 0 0 -0.7071 1 0.7071 -1 1 -1

0 // Build by Primitive Generator 2

0 NOFILE

0 FILE 8__2-4edge.dat
0 Circle 0.5

0 Name: 8\2-4edge.dat

0 Author: Philippe Hurbain [Philo]

0 !LDRAW_ORG 8_Primitive UPDATE 2016-01

0 !LICENSE Licensed under CC BY 4.0 : see CAreadme.txt



0 BFC CERTIFY CCW



0 !HISTORY 2016-12-31 [PTadmin] Official Update 2016-01





2 24 1 0 0 0.7071 0 0.7071

2 24 0.7071 0 0.7071 0 0 1

2 24 0 0 1 -0.7071 0 0.7071

2 24 -0.7071 0 0.7071 -1 0 0

0 // Build by Primitive Generator 2

0 NOFILE

0 FILE 1-8cyls.dat
0 Cylinder Sloped 0.125

0 Name: 1-8cyls.dat

0 Author: Willy Tschager [Holly-Wood]

0 !LDRAW_ORG Primitive UPDATE 2024-05

0 !LICENSE Licensed under CC BY 4.0 : see CAreadme.txt



0 BFC CERTIFY CCW



0 !HISTORY 2005-12-28 [PTadmin] Official Update 2005-01

0 !HISTORY 2007-06-22 [PTadmin] Header formatted for Contributor Agreement

0 !HISTORY 2008-07-01 [PTadmin] Official Update 2008-01

0 !HISTORY 2012-02-16 [Philo] Changed to CCW

0 !HISTORY 2012-03-30 [PTadmin] Official Update 2012-01

0 !HISTORY 2024-01-14 [Holly-Wood] Complete re-write, original by guyvivan

0 !HISTORY 2024-01-29 [OrionP] Official Update 2024-01

0 !HISTORY 2024-06-06 [Philo] Changed last condline control point to match tangent plane

0 !HISTORY 2024-06-30 [OrionP] Official Update 2024-05



3 16 1 0 0 0.9239 0.0761 0.3827 0.9239 0 0.3827

5 24 0.9239 0 0.3827 0.9239 0.0761 0.3827 0.7071 0 0.7071 1 0 0

4 16 0.9239 0.0761 0.3827 0.7071 0.2929 0.7071 0.7071 0 0.7071 0.9239 0 0.3827

5 24 0.7071 0 0.7071 0.7071 0.2929 0.7071 0.4142 0 1 0.9239 0 0.3827

0 NOFILE

0 FILE 5-8cyli.dat
0 Cylinder 0.625

0 Name: 5-8cyli.dat

0 Author: Mark Kennedy [mkennedy]

0 !LDRAW_ORG Primitive UPDATE 2005-01

0 !LICENSE Licensed under CC BY 4.0 : see CAreadme.txt



0 BFC CERTIFY CCW



0 !HISTORY 2004-04-22 [PTadmin] Official Update 2004-02

0 !HISTORY 2004-12-11 [nielsk] Recreated using Primitive Generator, Edge lines fixed, BFC changed to CCW

0 !HISTORY 2005-12-28 [PTadmin] Official Update 2005-01

0 !HISTORY 2007-06-24 [PTadmin] Header formatted for Contributor Agreement

0 !HISTORY 2008-07-01 [PTadmin] Official Update 2008-01





4 16 .9239 1 .3827 .9239 0 .3827 1 0 0 1 1 0

4 16 .7071 1 .7071 .7071 0 .7071 .9239 0 .3827 .9239 1 .3827

4 16 .3827 1 .9239 .3827 0 .9239 .7071 0 .7071 .7071 1 .7071

4 16 0 1 1 0 0 1 .3827 0 .9239 .3827 1 .9239

4 16 -.3827 1 .9239 -.3827 0 .9239 0 0 1 0 1 1

4 16 -.7071 1 .7071 -.7071 0 .7071 -.3827 0 .9239 -.3827 1 .9239

4 16 -.9239 1 .3827 -.9239 0 .3827 -.7071 0 .7071 -.7071 1 .7071

4 16 -1 1 0 -1 0 0 -.9239 0 .3827 -.9239 1 .3827

4 16 -.9239 1 -.3827 -.9239 0 -.3827 -1 0 0 -1 1 0

4 16 -.7071 1 -.7071 -.7071 0 -.7071 -.9239 0 -.3827 -.9239 1 -.3827

0

5 24 1 1 0 1 0 0 1 1 -.4142 .9239 1 .3827

5 24 .9239 1 .3827 .9239 0 .3827 1 1 0 .7071 1 .7071

5 24 .7071 1 .7071 .7071 0 .7071 .9239 1 .3827 .3827 1 .9239

5 24 .3827 1 .9239 .3827 0 .9239 .7071 1 .7071 0 1 1

5 24 0 1 1 0 0 1 .3827 1 .9239 -.3827 1 .9239

5 24 -.3827 1 .9239 -.3827 0 .9239 0 1 1 -.7071 1 .7071

5 24 -.7071 1 .7071 -.7071 0 .7071 -.3827 1 .9239 -.9239 1 .3827

5 24 -.9239 1 .3827 -.9239 0 .3827 -.7071 1 .7071 -1 1 0

5 24 -1 1 0 -1 0 0 -.9239 1 .3827 -.9239 1 -.3827

5 24 -.9239 1 -.3827 -.9239 0 -.3827 -1 1 0 -.7071 1 -.7071

5 24 -.7071 1 -.7071 -.7071 0 -.7071 -.9239 1 -.3827 -.4142 1 -1

0

0 NOFILE

0 FILE 2-4chrd.dat
0 Chord 0.5

0 Name: 2-4chrd.dat

0 Author: Philippe Hurbain [Philo]

0 !LDRAW_ORG Primitive UPDATE 2014-01

0 !LICENSE Licensed under CC BY 4.0 : see CAreadme.txt



0 BFC CERTIFY CCW



0 !HISTORY 2014-06-21 [PTadmin] Official Update 2014-01





4 16 0.9239 0 0.3827 -0.9239 0 0.3827 -1 0 0 1 0 0

4 16 0.7071 0 0.7071 -0.7071 0 0.7071 -0.9239 0 0.3827 0.9239 0 0.3827

4 16 0.3827 0 0.9239 -0.3827 0 0.9239 -0.7071 0 0.7071 0.7071 0 0.7071

3 16 0 0 1 -0.3827 0 0.9239 0.3827 0 0.9239

0 NOFILE

0 FILE 2-4cyli.dat
0 Cylinder 0.5

0 Name: 2-4cyli.dat

0 Author: James Jessiman

0 !LDRAW_ORG Primitive UPDATE 2005-01

0 !LICENSE Licensed under CC BY 4.0 : see CAreadme.txt



0 BFC CERTIFY CCW



0 !HISTORY 2002-03-23 [sbliss] Added BFC statement; compacted code

0 !HISTORY 2002-04-25 [PTadmin] Official Update 2002-02

0 !HISTORY 2004-12-11 [nielsk] Recreated using Primitive Generator, Edge lines fixed, BFC changed to CCW

0 !HISTORY 2005-12-28 [PTadmin] Official Update 2005-01

0 !HISTORY 2007-06-24 [PTadmin] Header formatted for Contributor Agreement

0 !HISTORY 2008-07-01 [PTadmin] Official Update 2008-01





4 16 .9239 1 .3827 .9239 0 .3827 1 0 0 1 1 0

4 16 .7071 1 .7071 .7071 0 .7071 .9239 0 .3827 .9239 1 .3827

4 16 .3827 1 .9239 .3827 0 .9239 .7071 0 .7071 .7071 1 .7071

4 16 0 1 1 0 0 1 .3827 0 .9239 .3827 1 .9239

4 16 -.3827 1 .9239 -.3827 0 .9239 0 0 1 0 1 1

4 16 -.7071 1 .7071 -.7071 0 .7071 -.3827 0 .9239 -.3827 1 .9239

4 16 -.9239 1 .3827 -.9239 0 .3827 -.7071 0 .7071 -.7071 1 .7071

4 16 -1 1 0 -1 0 0 -.9239 0 .3827 -.9239 1 .3827

5 24 1 1 0 1 0 0 1 1 -.4142 .9239 1 .3827

5 24 .9239 1 .3827 .9239 0 .3827 1 1 0 .7071 1 .7071

5 24 .7071 1 .7071 .7071 0 .7071 .9239 1 .3827 .3827 1 .9239

5 24 .3827 1 .9239 .3827 0 .9239 .7071 1 .7071 0 1 1

5 24 0 1 1 0 0 1 .3827 1 .9239 -.3827 1 .9239

5 24 -.3827 1 .9239 -.3827 0 .9239 0 1 1 -.7071 1 .7071

5 24 -.7071 1 .7071 -.7071 0 .7071 -.3827 1 .9239 -.9239 1 .3827

5 24 -.9239 1 .3827 -.9239 0 .3827 -.7071 1 .7071 -1 1 0

5 24 -1 1 0 -1 0 0 -.9239 1 .3827 -1 1 -.4142

0

0 NOFILE

0 FILE 2-4edge.dat
0 Circle 0.5

0 Name: 2-4edge.dat

0 Author: James Jessiman

0 !LDRAW_ORG Primitive UPDATE 2017-01

0 !LICENSE Licensed under CC BY 4.0 : see CAreadme.txt



0 BFC CERTIFY CCW



0 !HISTORY 2007-06-24 [PTadmin] Header formatted for Contributor Agreement

0 !HISTORY 2008-07-01 [PTadmin] Official Update 2008-01

0 !HISTORY 2017-01-15 [Steffen] BFCed

0 !HISTORY 2017-12-30 [PTadmin] Official Update 2017-01





2 24 1 0 0 0.9239 0 0.3827

2 24 0.9239 0 0.3827 0.7071 0 0.7071

2 24 0.7071 0 0.7071 0.3827 0 0.9239

2 24 0.3827 0 0.9239 0 0 1

2 24 0 0 1 -0.3827 0 0.9239

2 24 -0.3827 0 0.9239 -0.7071 0 0.7071

2 24 -0.7071 0 0.7071 -0.9239 0 0.3827

2 24 -0.9239 0 0.3827 -1 0 0

0 NOFILE

0 FILE 4-4ring1.dat
0 Ring  1 x 1.0

0 Name: 4-4ring1.dat

0 Author: James Jessiman

0 !LDRAW_ORG Primitive UPDATE 2009-01

0 !LICENSE Licensed under CC BY 4.0 : see CAreadme.txt



0 BFC CERTIFY CCW



0 !HISTORY 1998-12-15 [PTadmin] Official Update 1998-10

0 !HISTORY 2002-04-08 [BrickCaster] Modified for BFC compliance

0 !HISTORY 2002-04-25 [PTadmin] Official Update 2002-02

0 !HISTORY 2007-06-24 [PTadmin] Header formatted for Contributor Agreement

0 !HISTORY 2008-07-01 [PTadmin] Official Update 2008-01

0 !HISTORY 2008-08-26 [cwdee] Switch polygon winding and rename

0 !HISTORY 2009-05-02 [PTadmin] Official Update 2009-01





4 16 -0.7654 0 1.8478 -0.3827 0 0.9239 0 0 1 0 0 2

4 16 -1.4142 0 1.4142 -0.7071 0 0.7071 -0.3827 0 0.9239 -0.7654 0 1.8478

4 16 -1.8478 0 0.7654 -0.9239 0 0.3827 -0.7071 0 0.7071 -1.4142 0 1.41420

4 16 -2 0 0 -1 0 0 -0.9239 0 0.3827 -1.8478 0 0.7654

4 16 -1.8478 0 -0.7654 -0.9239 0 -0.3827 -1 0 0 -2 0 0

4 16 -1.4142 0 -1.4142 -0.7071 0 -0.7071 -0.9239 0 -0.3827 -1.8478 0 -0.7654

4 16 -0.7654 0 -1.8478 -0.3827 0 -0.9239 -0.7071 0 -0.7071 -1.4142 0 -1.4142

4 16 0 0 -2 0 0 -1 -0.3827 0 -0.9239 -0.7654 0 -1.8478

4 16 0.7654 0 -1.8478 0.3827 0 -0.9239 0 0 -1 0 0 -2

4 16 1.4142 0 -1.4142 0.7071 0 -0.7071 0.3827 0 -0.9239 0.7654 0 -1.8478

4 16 1.8478 0 -0.7654 0.9239 0 -0.3827 0.7071 0 -0.7071 1.4142 0 -1.4142

4 16 2 0 0 1 0 0 0.9239 0 -0.3827 1.8478 0 -0.7654

4 16 1.8478 0 0.7654 0.9239 0 0.3827 1 0 0 2 0 0

4 16 1.4142 0 1.4142 0.7071 0 0.7071 0.9239 0 0.3827 1.8478 0 0.7654

4 16 0.7654 0 1.8478 0.3827 0 0.9239 0.7071 0 0.7071 1.4142 0 1.4142

4 16 0 0 2 0 0 1 0.3827 0 0.9239 0.7654 0 1.8478

0

0 NOFILE

0 FILE 3-4cylo.dat
0 Cylinder Open 0.75

0 Name: 3-4cylo.dat

0 Author: Philippe Hurbain [Philo]

0 !LDRAW_ORG Primitive UPDATE 2011-02

0 !LICENSE Licensed under CC BY 4.0 : see CAreadme.txt



0 BFC CERTIFY CCW



0 !HISTORY 2011-12-29 [PTadmin] Official Update 2011-02





1 16 0 0 0 1 0 0 0 1 0 0 0 1 3-4edge.dat

1 16 0 1 0 1 0 0 0 1 0 0 0 1 3-4edge.dat

1 16 0 0 0 1 0 0 0 1 0 0 0 1 3-4cyli.dat

0 NOFILE

0 FILE stud2.dat
0 Stud Open

0 Name: stud2.dat

0 Author: James Jessiman

0 !LDRAW_ORG Primitive UPDATE 2009-02

0 !LICENSE Licensed under CC BY 4.0 : see CAreadme.txt



0 BFC CERTIFY CCW



0 !HISTORY 1999-07-05 [PTadmin] Official Update 1999-05

0 !HISTORY 2002-04-04 [sbliss] Modified for BFC compliance

0 !HISTORY 2002-04-25 [PTadmin] Official Update 2002-02

0 !HISTORY 2007-06-24 [PTadmin] Header formatted for Contributor Agreement

0 !HISTORY 2008-07-01 [PTadmin] Official Update 2008-01

0 !HISTORY 2009-06-21 [cwdee] Update ring references to 4-4ring

0 !HISTORY 2009-09-03 [PTadmin] Official Update 2009-02





1 16 0 0 0 4 0 0 0 1 0 0 0 4 4-4edge.dat

1 16 0 0 0 6 0 0 0 1 0 0 0 6 4-4edge.dat

1 16 0 -4 0 4 0 0 0 1 0 0 0 4 4-4edge.dat

1 16 0 -4 0 6 0 0 0 1 0 0 0 6 4-4edge.dat

0 BFC INVERTNEXT

1 16 0 -4 0 4 0 0 0 4 0 0 0 4 4-4cyli.dat

1 16 0 -4 0 6 0 0 0 4 0 0 0 6 4-4cyli.dat

1 16 0 -4 0 2 0 0 0 1 0 0 0 2 4-4ring2.dat

0

0 NOFILE

0 FILE 3-4chrd.dat
0 Chord 0.75

0 Name: 3-4chrd.dat

0 Author: Philippe Hurbain [Philo]

0 !LDRAW_ORG Primitive UPDATE 2015-02

0 !LICENSE Licensed under CC BY 4.0 : see CAreadme.txt



0 BFC CERTIFY CCW



0 !HISTORY 2015-12-30 [PTadmin] Official Update 2015-02





3 16 1 0 0 0.9239 0 0.3827 0.7071 0 0.7071

3 16 1 0 0 0.7071 0 0.7071 0.3827 0 0.9239

3 16 1 0 0 0.3827 0 0.9239 0 0 1

3 16 1 0 0 0 0 1 -0.3827 0 0.9239

3 16 1 0 0 -0.3827 0 0.9239 -0.7071 0 0.7071

3 16 1 0 0 -0.7071 0 0.7071 -0.9239 0 0.3827

3 16 1 0 0 -0.9239 0 0.3827 -1 0 0

3 16 1 0 0 -1 0 0 -0.9239 0 -0.3827

3 16 1 0 0 -0.9239 0 -0.3827 -0.7071 0 -0.7071

3 16 1 0 0 -0.7071 0 -0.7071 -0.3827 0 -0.9239

3 16 1 0 0 -0.3827 0 -0.9239 0 0 -1

0 // Build by Primitive Generator 2

0 NOFILE

0 FILE 3-4cyli.dat
0 Cylinder 0.75

0 Name: 3-4cyli.dat

0 Author: James Jessiman

0 !LDRAW_ORG Primitive UPDATE 2005-01

0 !LICENSE Licensed under CC BY 4.0 : see CAreadme.txt



0 BFC CERTIFY CCW



0 !HISTORY 2002-03-23 [sbliss] Added BFC statement; compacted code

0 !HISTORY 2002-04-25 [PTadmin] Official Update 2002-02

0 !HISTORY 2004-12-11 [nielsk] Recreated using Primitive Generator, Edge lines fixed, BFC changed to CCW

0 !HISTORY 2005-12-28 [PTadmin] Official Update 2005-01

0 !HISTORY 2007-06-24 [PTadmin] Header formatted for Contributor Agreement

0 !HISTORY 2008-07-01 [PTadmin] Official Update 2008-01





4 16 .9239 1 .3827 .9239 0 .3827 1 0 0 1 1 0

4 16 .7071 1 .7071 .7071 0 .7071 .9239 0 .3827 .9239 1 .3827

4 16 .3827 1 .9239 .3827 0 .9239 .7071 0 .7071 .7071 1 .7071

4 16 0 1 1 0 0 1 .3827 0 .9239 .3827 1 .9239

4 16 -.3827 1 .9239 -.3827 0 .9239 0 0 1 0 1 1

4 16 -.7071 1 .7071 -.7071 0 .7071 -.3827 0 .9239 -.3827 1 .9239

4 16 -.9239 1 .3827 -.9239 0 .3827 -.7071 0 .7071 -.7071 1 .7071

4 16 -1 1 0 -1 0 0 -.9239 0 .3827 -.9239 1 .3827

4 16 -.9239 1 -.3827 -.9239 0 -.3827 -1 0 0 -1 1 0

4 16 -.7071 1 -.7071 -.7071 0 -.7071 -.9239 0 -.3827 -.9239 1 -.3827

4 16 -.3827 1 -.9239 -.3827 0 -.9239 -.7071 0 -.7071 -.7071 1 -.7071

4 16 0 1 -1 0 0 -1 -.3827 0 -.9239 -.3827 1 -.9239

5 24 1 1 0 1 0 0 1 1 -.4142 .9239 1 .3827

5 24 .9239 1 .3827 .9239 0 .3827 1 1 0 .7071 1 .7071

5 24 .7071 1 .7071 .7071 0 .7071 .9239 1 .3827 .3827 1 .9239

5 24 .3827 1 .9239 .3827 0 .9239 .7071 1 .7071 0 1 1

5 24 0 1 1 0 0 1 .3827 1 .9239 -.3827 1 .9239

5 24 -.3827 1 .9239 -.3827 0 .9239 0 1 1 -.7071 1 .7071

5 24 -.7071 1 .7071 -.7071 0 .7071 -.3827 1 .9239 -.9239 1 .3827

5 24 -.9239 1 .3827 -.9239 0 .3827 -.7071 1 .7071 -1 1 0

5 24 -1 1 0 -1 0 0 -.9239 1 .3827 -.9239 1 -.3827

5 24 -.9239 1 -.3827 -.9239 0 -.3827 -1 1 0 -.7071 1 -.7071

5 24 -.7071 1 -.7071 -.7071 0 -.7071 -.9239 1 -.3827 -.3827 1 -.9239

5 24 -.3827 1 -.9239 -.3827 0 -.9239 -.7071 1 -.7071 0 1 -1

5 24 0 1 -1 0 0 -1 -.3827 1 -.9239 .4142 1 -1

0

0 NOFILE

0 FILE 3-4edge.dat
0 Circle 0.75

0 Name: 3-4edge.dat

0 Author: James Jessiman

0 !LDRAW_ORG Primitive UPDATE 2017-01

0 !LICENSE Licensed under CC BY 4.0 : see CAreadme.txt



0 BFC CERTIFY CCW



0 !HISTORY 2007-06-24 [PTadmin] Header formatted for Contributor Agreement

0 !HISTORY 2008-07-01 [PTadmin] Official Update 2008-01

0 !HISTORY 2017-01-15 [Steffen] BFCed

0 !HISTORY 2017-12-30 [PTadmin] Official Update 2017-01





2 24 1 0 0 0.9239 0 0.3827

2 24 0.9239 0 0.3827 0.7071 0 0.7071

2 24 0.7071 0 0.7071 0.3827 0 0.9239

2 24 0.3827 0 0.9239 0 0 1

2 24 0 0 1 -0.3827 0 0.9239

2 24 -0.3827 0 0.9239 -0.7071 0 0.7071

2 24 -0.7071 0 0.7071 -0.9239 0 0.3827

2 24 -0.9239 0 0.3827 -1 0 0

2 24 -1 0 -0 -0.9239 0 -0.3827

2 24 -0.9239 0 -0.3827 -0.7071 0 -0.7071

2 24 -0.7071 0 -0.7071 -0.3827 0 -0.9239

2 24 -0.3827 0 -0.9239 0 0 -1

0 NOFILE

0 FILE 3-4ring4.dat
0 Ring  4 x 0.75

0 Name: 3-4ring4.dat

0 Author: Willy Tschager [Holly-Wood]

0 !LDRAW_ORG Primitive UPDATE 2024-01

0 !LICENSE Licensed under CC BY 4.0 : see CAreadme.txt



0 BFC CERTIFY CCW



0 !HISTORY 2009-05-02 [PTadmin] Official Update 2009-01

0 !HISTORY 2024-01-22 [Holly-Wood] Complete regeneration, original by guyvivan

0 !HISTORY 2024-01-29 [OrionP] Official Update 2024-01



4 16 5 0 0 4.6195 0 1.9135 3.6956 0 1.5308 4 0 0

4 16 4.6195 0 1.9135 3.5355 0 3.5355 2.8284 0 2.8284 3.6956 0 1.5308

4 16 3.5355 0 3.5355 1.9135 0 4.6195 1.5308 0 3.6956 2.8284 0 2.8284

4 16 1.9135 0 4.6195 0 0 5 0 0 4 1.5308 0 3.6956

4 16 0 0 5 -1.9135 0 4.6195 -1.5308 0 3.6956 0 0 4

4 16 -1.9135 0 4.6195 -3.5355 0 3.5355 -2.8284 0 2.8284 -1.5308 0 3.6956

4 16 -3.5355 0 3.5355 -4.6195 0 1.9135 -3.6956 0 1.5308 -2.8284 0 2.8284

4 16 -4.6195 0 1.9135 -5 0 0 -4 0 0 -3.6956 0 1.5308

4 16 -5 0 0 -4.6195 0 -1.9135 -3.6956 0 -1.5308 -4 0 0

4 16 -4.6195 0 -1.9135 -3.5355 0 -3.5355 -2.8284 0 -2.8284 -3.6956 0 -1.5308

4 16 -3.5355 0 -3.5355 -1.9135 0 -4.6195 -1.5308 0 -3.6956 -2.8284 0 -2.8284

4 16 -1.9135 0 -4.6195 0 0 -5 0 0 -4 -1.5308 0 -3.6956

0 // Build by LDPartEditor (PrimGen 2.X)

0 NOFILE

0 FILE stud4o.dat
0 Stud Tube Open without Outer Cylinder

0 Name: stud4o.dat

0 Author: Magnus Forsberg [MagFors]

0 !LDRAW_ORG Primitive UPDATE 2011-02

0 !LICENSE Licensed under CC BY 4.0 : see CAreadme.txt



0 !HELP This stud is a "antistud" to be used like a underside stud,

0 !HELP but without the outer cylinder.

0 !HELP 1 47 0 0 0 1 0 0 0 1 0 0 0 1 stud4.dat



0 BFC CERTIFY CCW



0 !HISTORY 2011-12-29 [PTadmin] Official Update 2011-02





1 16 0 -4 0 2 0 0 0 1 0 0 0 2 4-4ring3.dat

0 BFC INVERTNEXT

1 16 0 0 0 -6 0 0 0 -4 0 0 0 6 4-4cylc.dat

0 NOFILE

0 FILE 4595.dat
0 Brick  1 x  2 x  0.667 with Studs on Sides

0 Name: 4595.dat

0 Author: James Jessiman

0 !LDRAW_ORG Part UPDATE 2012-01

0 !LICENSE Licensed under CC BY 4.0 : see CAreadme.txt



0 BFC CERTIFY CCW



0 !KEYWORDS camera, minifig accessory



0 !HISTORY 1998-06-20 [PTadmin] Official Update 1998-06

0 !HISTORY 2007-07-08 [PTadmin] Header formatted for Contributor Agreement

0 !HISTORY 2008-07-01 [PTadmin] Official Update 2008-01

0 !HISTORY 2012-03-14 [Steffen] Modified with WINDZ for BFC compliance

0 !HISTORY 2012-03-19 [Philo] Used stud4a and ring primitives, improved description, removed now obsolete cmdline

0 !HISTORY 2012-03-30 [PTadmin] Official Update 2012-01





1 16 0 4 0 1 0 0 0 -3 0 0 0 1 stud3.dat

2 24 6 16 16 6 16 -16

2 24 6 16 16 -6 16 16

2 24 6 16 -16 -6 16 -16

2 24 -6 16 16 -6 16 -16

2 24 10 16 20 10 16 -20

2 24 10 16 20 -10 16 20

2 24 10 16 -20 -10 16 -20

2 24 -10 16 20 -10 16 -20

2 24 6 4 16 6 4 -16

2 24 6 4 16 -6 4 16

2 24 6 4 -16 -6 4 -16

2 24 -6 4 16 -6 4 -16

2 24 6 4 16 6 16 16

2 24 6 4 -16 6 16 -16

2 24 -6 4 16 -6 16 16

2 24 -6 4 -16 -6 16 -16

2 24 10 0 20 10 16 20

2 24 10 0 -20 10 16 -20

2 24 -10 0 20 -10 16 20

2 24 -10 0 -20 -10 16 -20

2 24 10 0 20 10 0 -20

2 24 10 0 20 -10 0 20

2 24 10 0 -20 -10 0 -20

2 24 -10 0 20 -10 0 -20

1 16 0 4 10 4 0 0 0 1 0 0 0 4 4-4edge.dat

1 16 0 4 -10 4 0 0 0 1 0 0 0 4 4-4edge.dat

1 16 0 0 10 6 0 0 0 1 0 0 0 6 4-4edge.dat

1 16 0 0 -10 6 0 0 0 1 0 0 0 6 4-4edge.dat

1 16 10 10 10 0 1 0 6 0 0 0 0 6 4-4edge.dat

1 16 10 10 -10 0 1 0 6 0 0 0 0 6 4-4edge.dat

1 16 6 10 10 0 1 0 4 0 0 0 0 4 4-4edge.dat

1 16 6 10 -10 0 1 0 4 0 0 0 0 4 4-4edge.dat

1 16 -6 10 10 0 1 0 4 0 0 0 0 4 4-4edge.dat

1 16 -6 10 -10 0 1 0 4 0 0 0 0 4 4-4edge.dat

1 16 -10 10 10 0 1 0 6 0 0 0 0 6 4-4edge.dat

1 16 -10 10 -10 0 1 0 6 0 0 0 0 6 4-4edge.dat

1 16 0 10 20 6 0 0 0 0 6 0 1 0 4-4edge.dat

1 16 0 10 16 4 0 0 0 0 4 0 1 0 4-4edge.dat

1 16 0 10 -16 4 0 0 0 0 4 0 1 0 4-4edge.dat

1 16 0 10 -20 6 0 0 0 0 6 0 1 0 4-4edge.dat

1 16 0 10 -28 6 0 0 0 0 6 0 1 0 4-4edge.dat

1 16 0 10 -28 8 0 0 0 0 8 0 1 0 4-4edge.dat

1 16 0 10 -28 -2 0 0 0 0 2 0 -1 0 4-4ring3.dat

1 16 0 10 -30 2 0 0 0 0 2 0 1 0 4-4ring2.dat

1 16 0 10 -30 4 0 0 0 0 4 0 1 0 4-4edge.dat

1 16 0 10 -30 6 0 0 0 0 6 0 1 0 4-4edge.dat

4 16 10 16 20 6 16 16 -6 16 16 -10 16 20

4 16 -10 16 20 -6 16 16 -6 16 -16 -10 16 -20

4 16 -10 16 -20 -6 16 -16 6 16 -16 10 16 -20

4 16 10 16 -20 6 16 -16 6 16 16 10 16 20

1 16 0 4 10 4 0 0 0 -1 0 0 0 -4 4-4ndis.dat

1 16 0 4 -10 4 0 0 0 -1 0 0 0 -4 4-4ndis.dat

4 16 4 4 6 4 4 -6 -4 4 -6 -4 4 6

4 16 6 4 16 4 4 14 -4 4 14 -6 4 16

4 16 -6 4 16 -4 4 14 -4 4 -14 -6 4 -16

4 16 -6 4 -16 -4 4 -14 4 4 -14 6 4 -16

4 16 6 4 -16 4 4 -14 4 4 14 6 4 16

1 16 0 0 10 6 0 0 0 1 0 0 0 6 4-4ndis.dat

1 16 0 0 -10 6 0 0 0 1 0 0 0 6 4-4ndis.dat

4 16 6 0 4 -6 0 4 -6 0 -4 6 0 -4

4 16 10 0 20 -10 0 20 -6 0 16 6 0 16

4 16 -10 0 20 -10 0 -20 -6 0 -16 -6 0 16

4 16 -10 0 -20 10 0 -20 6 0 -16 -6 0 -16

4 16 10 0 -20 10 0 20 6 0 16 6 0 -16

1 16 10 10 10 0 -1 0 6 0 0 0 0 6 4-4ndis.dat

1 16 10 10 -10 0 -1 0 6 0 0 0 0 6 4-4ndis.dat

4 16 10 16 4 10 4 4 10 4 -4 10 16 -4

4 16 10 16 20 10 0 20 10 4 16 10 16 16

4 16 10 0 20 10 0 -20 10 4 -16 10 4 16

4 16 10 0 -20 10 16 -20 10 16 -16 10 4 -16

1 16 6 10 10 0 1 0 4 0 0 0 0 4 4-4ndis.dat

1 16 6 10 -10 0 1 0 4 0 0 0 0 4 4-4ndis.dat

4 16 6 14 6 6 14 -6 6 6 -6 6 6 6

4 16 6 16 16 6 14 14 6 6 14 6 4 16

4 16 6 4 16 6 6 14 6 6 -14 6 4 -16

4 16 6 4 -16 6 6 -14 6 14 -14 6 16 -16

4 16 6 16 -16 6 14 -14 6 14 14 6 16 16

1 16 -6 10 10 0 -1 0 4 0 0 0 0 -4 4-4ndis.dat

1 16 -6 10 -10 0 -1 0 4 0 0 0 0 -4 4-4ndis.dat

4 16 -6 14 6 -6 6 6 -6 6 -6 -6 14 -6

4 16 -6 16 16 -6 4 16 -6 6 14 -6 14 14

4 16 -6 4 16 -6 4 -16 -6 6 -14 -6 6 14

4 16 -6 4 -16 -6 16 -16 -6 14 -14 -6 6 -14

4 16 -6 16 -16 -6 16 16 -6 14 14 -6 14 -14

1 16 -10 10 10 0 1 0 6 0 0 0 0 6 4-4ndis.dat

1 16 -10 10 -10 0 1 0 6 0 0 0 0 6 4-4ndis.dat

4 16 -10 16 4 -10 16 -4 -10 4 -4 -10 4 4

4 16 -10 16 20 -10 16 16 -10 4 16 -10 0 20

4 16 -10 0 20 -10 4 16 -10 4 -16 -10 0 -20

4 16 -10 0 -20 -10 4 -16 -10 16 -16 -10 16 -20

1 16 0 10 20 6 0 0 0 0 6 0 -1 0 4-4ndis.dat

4 16 10 16 20 6 16 20 6 4 20 10 0 20

4 16 10 0 20 6 4 20 -6 4 20 -10 0 20

4 16 -10 0 20 -6 4 20 -6 16 20 -10 16 20

1 16 0 10 16 4 0 0 0 0 4 0 1 0 4-4ndis.dat

4 16 6 16 16 6 4 16 4 6 16 4 14 16

4 16 6 4 16 -6 4 16 -4 6 16 4 6 16

4 16 -6 4 16 -6 16 16 -4 14 16 -4 6 16

4 16 -6 16 16 6 16 16 4 14 16 -4 14 16

1 16 0 10 -16 -4 0 0 0 0 4 0 -1 0 4-4ndis.dat

4 16 6 16 -16 4 14 -16 4 6 -16 6 4 -16

4 16 6 4 -16 4 6 -16 -4 6 -16 -6 4 -16

4 16 -6 4 -16 -4 6 -16 -4 14 -16 -6 16 -16

4 16 -6 16 -16 -4 14 -16 4 14 -16 6 16 -16

1 16 0 10 -20 -6 0 0 0 0 6 0 1 0 4-4ndis.dat

4 16 10 16 -20 10 0 -20 6 4 -20 6 16 -20

4 16 10 0 -20 -10 0 -20 -6 4 -20 6 4 -20

4 16 -10 0 -20 -10 16 -20 -6 16 -20 -6 4 -20

0 BFC INVERTNEXT

1 16 0 0 10 4 0 0 0 4 0 0 0 4 4-4cyli.dat

0 BFC INVERTNEXT

1 16 0 0 -10 4 0 0 0 4 0 0 0 4 4-4cyli.dat

0 BFC INVERTNEXT

1 16 10 10 10 0 -4 0 4 0 0 0 0 4 4-4cyli.dat

0 BFC INVERTNEXT

1 16 10 10 -10 0 -4 0 4 0 0 0 0 4 4-4cyli.dat

0 BFC INVERTNEXT

1 16 -10 10 10 0 4 0 4 0 0 0 0 4 4-4cyli.dat

0 BFC INVERTNEXT

1 16 -10 10 -10 0 4 0 4 0 0 0 0 4 4-4cyli.dat

0 BFC INVERTNEXT

1 16 0 10 16 4 0 0 0 0 4 0 4 0 4-4cyli.dat

0 BFC INVERTNEXT

1 16 0 10 -30 4 0 0 0 0 4 0 14 0 4-4cyli.dat

1 16 0 10 -28 6 0 0 0 0 6 0 8 0 4-4cyli.dat

0 BFC INVERTNEXT

1 16 0 10 -32 6 0 0 0 0 6 0 2 0 4-4cyli.dat

1 16 0 10 -32 8 0 0 0 0 8 0 4 0 4-4cyli.dat

1 16 0 0 10 1 0 0 0 1 0 0 0 1 stud2a.dat

1 16 0 0 -10 1 0 0 0 1 0 0 0 1 stud2a.dat

1 16 10 10 10 0 -1 0 1 0 0 0 0 1 stud2a.dat

1 16 10 10 -10 0 -1 0 1 0 0 0 0 1 stud2a.dat

1 16 -10 10 10 0 1 0 1 0 0 0 0 1 stud2a.dat

1 16 -10 10 -10 0 1 0 1 0 0 0 0 1 stud2a.dat

1 16 0 10 20 1 0 0 0 0 1 0 -1 0 stud2a.dat

1 16 0 10 -32 1 0 0 0 0 -1 0 1 0 stud4a.dat

0 NOFILE

0 FILE stud3.dat
0 Stud Tube Solid

0 Name: stud3.dat

0 Author: James Jessiman

0 !LDRAW_ORG Primitive UPDATE 2012-01

0 !LICENSE Licensed under CC BY 4.0 : see CAreadme.txt



0 BFC CERTIFY CCW



0 !HISTORY 2002-04-04 [sbliss] Modified for BFC compliance

0 !HISTORY 2002-04-25 [PTadmin] Official Update 2002-02

0 !HISTORY 2007-06-24 [PTadmin] Header formatted for Contributor Agreement

0 !HISTORY 2008-07-01 [PTadmin] Official Update 2008-01

0 !HISTORY 2012-02-16 [Philo] Changed to CCW

0 !HISTORY 2012-03-30 [PTadmin] Official Update 2012-01





1 16 0 -4 0 4 0 0 0 1 0 0 0 4 4-4edge.dat

1 16 0 0 0 4 0 0 0 1 0 0 0 4 4-4edge.dat

1 16 0 -4 0 4 0 0 0 1 0 0 0 4 4-4disc.dat

1 16 0 -4 0 4 0 0 0 4 0 0 0 4 4-4cyli.dat

0 NOFILE

0 FILE 51809.dat
0 =Plate  1 x  1 Round
0 Name: 51809.dat
0 Author: Rolf Osterthun [Rolf]
0 !LDRAW_ORG Part Alias UPDATE 2015-01
0 !LICENSE Licensed under CC BY 4.0 : see CAreadme.txt

0 BFC CERTIFY CCW

0 !HISTORY 2015-10-11 [PTadmin] Official Update 2015-01


0 // Alias of 6141
0 // Part 51809 is the metallic lacquered counterpart of 6141

1 16 0 0 0 1 0 0 0 1 0 0 0 1 6141.dat
0 NOFILE

0 FILE 6141.dat
0 Plate  1 x  1 Round

0 Name: 6141.dat

0 Author: James Jessiman

0 !LDRAW_ORG Part UPDATE 2015-01

0 !LICENSE Licensed under CC BY 4.0 : see CAreadme.txt



0 BFC CERTIFY CCW



0 !KEYWORDS BrickLink 4073



0 !HISTORY 1998-06-20 [PTadmin] Official Update 1998-06

0 !HISTORY 2003-01-29 [sbliss] Completed header; BFC'ed; misc cleanup

0 !HISTORY 2003-08-01 [PTadmin] Official Update 2003-02

0 !HISTORY 2007-10-26 [PTadmin] Header formatted for Contributor Agreement

0 !HISTORY 2008-07-01 [PTadmin] Official Update 2008-01

0 !HISTORY 2014-11-29 [Steffen] Renamed from 4073

0 !HISTORY 2014-12-28 [MagFors] Primitive substitution

0 !HISTORY 2015-10-11 [PTadmin] Official Update 2015-01





1 16 0 3 0 -1 0 0 0 -1.25 0 0 0 1 stud4.dat

1 16 0 3 0 -6 0 0 0 -1 0 0 0 6 4-4disc.dat

1 16 0 3 0 -2 0 0 0 -1 0 0 0 2 4-4ring4.dat

1 16 0 0 0 10 0 0 0 3 0 0 0 10 4-4cylo.dat

1 16 0 0 0 2 0 0 0 1 0 0 0 2 4-4ring4.dat

1 16 0 0 0 2 0 0 0 1 0 0 0 2 4-4ring3.dat

1 16 0 0 0 1 0 0 0 1 0 0 0 1 stud.dat

0 NOFILE

0 FILE 58176.dat
0 Cylinder Domed  1 x  1 x  1.667 with Bar

0 Name: 58176.dat

0 Author: Michael Heidemann [mikeheide]

0 !LDRAW_ORG Part UPDATE 2025-09

0 !LICENSE Licensed under CC BY 4.0 : see CAreadme.txt



0 BFC CERTIFY CCW



0 !HISTORY 2010-07-05 [PTadmin] Official Update 2010-02

0 !HISTORY 2025-09-27 [OrionP] Changed winding to CCW

0 !HISTORY 2025-09-29 [OrionP] Official Update 2025-09



1 16 0 0 0 4 0 0 0 1 0 0 0 4 4-4edge.dat

1 16 0 -24 0 4 0 0 0 1 0 0 0 4 4-4edge.dat

1 16 0 -12 0 8 0 0 0 1 0 0 0 8 4-4edge.dat

1 16 0 -12 0 7 0 0 0 1 0 0 0 7 4-4edge.dat

1 16 0 -9 0 7 0 0 0 1 0 0 0 7 4-4edge.dat

1 16 0 -9 0 6 0 0 0 1 0 0 0 6 4-4edge.dat

1 16 0 -20 0 6 0 0 0 1 0 0 0 6 4-4edge.dat

1 16 0 -20 0 8 0 0 0 -8 0 0 0 8 4-8sphe.dat

0 BFC INVERTNEXT

1 16 0 -20 0 6 0 0 0 -6 0 0 0 6 4-8sphe.dat

1 16 0 -12 0 1 0 0 0 -1 0 0 0 -1 4-4ring7.dat

1 16 0 -9 0 1 0 0 0 -1 0 0 0 -1 4-4ring6.dat

1 16 0 0 0 4 0 0 0 -24 0 0 0 4 4-4cyli.dat

1 16 0 0 0 0 0 -4 0 -1 0 -4 0 0 4-4disc.dat

1 16 0 -9 0 7 0 0 0 -3 0 0 0 7 4-4cyli.dat

1 16 0 -20 0 8 0 0 0 8 0 0 0 8 4-4cyli.dat

0 BFC INVERTNEXT

1 16 0 -9 0 6 0 0 0 -11 0 0 0 6 4-4cyli.dat

0 //
0 NOFILE

0 FILE 4-4ring6.dat
0 Ring  6 x 1.0

0 Name: 4-4ring6.dat

0 Author: Mark Kennedy [mkennedy]

0 !LDRAW_ORG Primitive UPDATE 2012-01

0 !LICENSE Licensed under CC BY 4.0 : see CAreadme.txt



0 BFC CERTIFY CCW



0 !HISTORY 2001-10-23 [pneaster] resequenced quads, corrected winding.

0 !HISTORY 2001-11-30 [PTadmin] Official Update 2001-02

0 !HISTORY 2007-06-24 [PTadmin] Header formatted for Contributor Agreement

0 !HISTORY 2008-07-01 [PTadmin] Official Update 2008-01

0 !HISTORY 2012-02-16 [Philo] Changed to CCW

0 !HISTORY 2012-03-30 [PTadmin] Official Update 2012-01





4 16 7 0 0 6.4672 0 2.6788 5.5433 0 2.2961 6 0 0

4 16 6.4672 0 2.6788 4.9497 0 4.9497 4.2426 0 4.2426 5.5433 0 2.2961

4 16 4.9497 0 4.9497 2.6788 0 6.4672 2.2961 0 5.5433 4.2426 0 4.2426

4 16 2.6788 0 6.4672 0 0 7 0 0 6 2.2961 0 5.5433

4 16 0 0 7 -2.6788 0 6.4672 -2.2961 0 5.5433 0 0 6

4 16 -2.6788 0 6.4672 -4.9497 0 4.9497 -4.2426 0 4.2426 -2.2961 0 5.5433

4 16 -4.9497 0 4.9497 -6.4672 0 2.6788 -5.5433 0 2.2961 -4.2426 0 4.2426

4 16 -6.4672 0 2.6788 -7 0 0 -6 0 0 -5.5433 0 2.2961

4 16 -7 0 0 -6.4672 0 -2.6788 -5.5433 0 -2.2961 -6 0 0

4 16 -6.4672 0 -2.6788 -4.9497 0 -4.9497 -4.2426 0 -4.2426 -5.5433 0 -2.2961

4 16 -4.9497 0 -4.9497 -2.6788 0 -6.4672 -2.2961 0 -5.5433 -4.2426 0 -4.2426

4 16 -2.6788 0 -6.4672 0 0 -7 0 0 -6 -2.2961 0 -5.5433

4 16 0 0 -7 2.6788 0 -6.4672 2.2961 0 -5.5433 0 0 -6

4 16 2.6788 0 -6.4672 4.9497 0 -4.9497 4.2426 0 -4.2426 2.2961 0 -5.5433

4 16 4.9497 0 -4.9497 6.4672 0 -2.6788 5.5433 0 -2.2961 4.2426 0 -4.2426

4 16 6.4672 0 -2.6788 7 0 0 6 0 0 5.5433 0 -2.2961

0 NOFILE

0 FILE 4-8sphe.dat
0 Sphere 0.5

0 Name: 4-8sphe.dat

0 Author: James Jessiman

0 !LDRAW_ORG Primitive UPDATE 2003-02

0 !LICENSE Licensed under CC BY 4.0 : see CAreadme.txt



0 BFC CERTIFY CCW



0 !HISTORY 2002-08-31 [izanette] Modified with WINDZ for BFC compliance

0 !HISTORY 2003-08-01 [PTadmin] Official Update 2003-02

0 !HISTORY 2007-06-24 [PTadmin] Header formatted for Contributor Agreement

0 !HISTORY 2008-07-01 [PTadmin] Official Update 2008-01





1 16 0 0 0 1 0 0 0 1 0 0 0 1 1-8sphe.dat

1 16 0 0 0 1 0 0 0 1 0 0 0 -1 1-8sphe.dat

1 16 0 0 0 -1 0 0 0 1 0 0 0 1 1-8sphe.dat

1 16 0 0 0 -1 0 0 0 1 0 0 0 -1 1-8sphe.dat

0



0 NOFILE

0 FILE 1-8sphe.dat
0 Sphere 0.125

0 Name: 1-8sphe.dat

0 Author: James Jessiman

0 !LDRAW_ORG Primitive UPDATE 2012-03

0 !LICENSE Licensed under CC BY 4.0 : see CAreadme.txt



0 BFC CERTIFY CCW



0 !HISTORY 2000-08-01 {Axel Poque} fixes to resolve L3P error messages.

0 !HISTORY 2000-08-01 {Manfred Moolhuysen} fixes to resolve L3P error messages.

0 !HISTORY 2000-09-30 [PTadmin] Official Update 2000-02

0 !HISTORY 2002-03-28 [hafhead] Made BFC compliant

0 !HISTORY 2002-04-25 [PTadmin] Official Update 2002-02

0 !HISTORY 2007-06-22 [PTadmin] Header formatted for Contributor Agreement

0 !HISTORY 2008-07-01 [PTadmin] Official Update 2008-01

0 !HISTORY 2010-09-12 [MagFors] Changed winding, removed duplicated cond-line, optimized filesize

0 !HISTORY 2010-12-31 [PTadmin] Official Update 2010-03

0 !HISTORY 2012-07-01 [tcobbs] Replaced with geometry from LDView

0 !HISTORY 2012-12-28 [PTadmin] Official Update 2012-03





3 16 1 0 0 0.9239 0.3827 0 0.9239 0 0.3827

3 16 0.9239 0.3827 0 0.7836 0.4393 0.4393 0.9239 0 0.3827

3 16 0.9239 0 0.3827 0.7836 0.4393 0.4393 0.7071 0 0.7071

3 16 0.7836 0.4393 0.4393 0.4393 0.4393 0.7836 0.7071 0 0.7071

3 16 0.7071 0 0.7071 0.4393 0.4393 0.7836 0.3827 0 0.9239

3 16 0.4393 0.4393 0.7836 0 0.3827 0.9239 0.3827 0 0.9239

3 16 0.3827 0 0.9239 0 0.3827 0.9239 0 0 1

3 16 0.9239 0.3827 0 0.7071 0.7071 0 0.7836 0.4393 0.4393

3 16 0.7071 0.7071 0 0.4393 0.7836 0.4393 0.7836 0.4393 0.4393

3 16 0.7836 0.4393 0.4393 0.4393 0.7836 0.4393 0.4393 0.4393 0.7836

3 16 0.4393 0.7836 0.4393 0 0.7071 0.7071 0.4393 0.4393 0.7836

3 16 0.4393 0.4393 0.7836 0 0.7071 0.7071 0 0.3827 0.9239

3 16 0.7071 0.7071 0 0.3827 0.9239 0 0.4393 0.7836 0.4393

3 16 0.3827 0.9239 0 0 0.9239 0.3827 0.4393 0.7836 0.4393

3 16 0.4393 0.7836 0.4393 0 0.9239 0.3827 0 0.7071 0.7071

3 16 0.3827 0.9239 0 0 1 0 0 0.9239 0.3827



5 24 1 0 0 0.9239 0.3827 0 1 0 -0.1 0.9239 0 0.3827

5 24 0.9239 0.3827 0 0.9239 0 0.3827 1 0 0 0.7836 0.4393 0.4393

5 24 1 0 0 0.9239 0 0.3827 0.9239 0.3827 0 1 -0.1 0

5 24 0.9239 0 0.3827 0.7836 0.4393 0.4393 0.9239 0.3827 0 0.7071 0 0.7071

5 24 0.7836 0.4393 0.4393 0.7071 0 0.7071 0.9239 0 0.3827 0.4393 0.4393 0.7836

5 24 0.9239 0 0.3827 0.7071 0 0.7071 0.7836 0.4393 0.4393 0.9239 -0.1 0.3827

5 24 0.7071 0 0.7071 0.4393 0.4393 0.7836 0.7836 0.4393 0.4393 0.3827 0 0.9239

5 24 0.4393 0.4393 0.7836 0.3827 0 0.9239 0.7071 0 0.7071 0 0.3827 0.9239

5 24 0.7071 0 0.7071 0.3827 0 0.9239 0.4393 0.4393 0.7836 0.7071 -0.1 0.7071

5 24 0.3827 0 0.9239 0 0.3827 0.9239 0.4393 0.4393 0.7836 0 0 1

5 24 0 0.3827 0.9239 0 0 1 0.3827 0 0.9239 -0.1 0.3827 0.9239

5 24 0.3827 0 0.9239 0 0 1 0 0.3827 0.9239 0.3827 -0.1 0.9239

5 24 0.9239 0.3827 0 0.7071 0.7071 0 0.9239 0.3827 -0.1 0.7836 0.4393 0.4393

5 24 0.7071 0.7071 0 0.7836 0.4393 0.4393 0.9239 0.3827 0 0.4393 0.7836 0.4393

5 24 0.9239 0.3827 0 0.7836 0.4393 0.4393 0.7071 0.7071 0 0.9239 0 0.3827

5 24 0.7836 0.4393 0.4393 0.4393 0.7836 0.4393 0.7071 0.7071 0 0.4393 0.4393 0.7836

5 24 0.4393 0.7836 0.4393 0.4393 0.4393 0.7836 0.7836 0.4393 0.4393 0 0.7071 0.7071

5 24 0.7836 0.4393 0.4393 0.4393 0.4393 0.7836 0.4393 0.7836 0.4393 0.7071 0 0.7071

5 24 0.4393 0.4393 0.7836 0 0.7071 0.7071 0.4393 0.7836 0.4393 0 0.3827 0.9239

5 24 0 0.7071 0.7071 0 0.3827 0.9239 0.4393 0.4393 0.7836 -0.1 0.7071 0.7071

5 24 0.4393 0.4393 0.7836 0 0.3827 0.9239 0 0.7071 0.7071 0.3827 0 0.9239

5 24 0.7071 0.7071 0 0.3827 0.9239 0 0.7071 0.7071 -0.1 0.4393 0.7836 0.4393

5 24 0.3827 0.9239 0 0.4393 0.7836 0.4393 0.7071 0.7071 0 0 0.9239 0.3827

5 24 0.7071 0.7071 0 0.4393 0.7836 0.4393 0.3827 0.9239 0 0.7836 0.4393 0.4393

5 24 0.4393 0.7836 0.4393 0 0.9239 0.3827 0.3827 0.9239 0 0 0.7071 0.7071

5 24 0 0.9239 0.3827 0 0.7071 0.7071 0.4393 0.7836 0.4393 -0.1 0.9239 0.3827

5 24 0.4393 0.7836 0.4393 0 0.7071 0.7071 0 0.9239 0.3827 0.4393 0.4393 0.7836

5 24 0.3827 0.9239 0 0 1 0 0.3827 0.9239 -0.1 0 0.9239 0.3827

5 24 0 1 0 0 0.9239 0.3827 0.3827 0.9239 0 -0.1 1 0

5 24 0.3827 0.9239 0 0 0.9239 0.3827 0 1 0 0.4393 0.7836 0.4393

0 NOFILE
