0 FILE archer-scion-v2-copy-main.ldr
0 
0 Name:  Archer[SCION]V2_Copy
0 Author:  
0 CustomBrick
0 FlexibleBrickControlPointUnitLength -1
0 FlexibleBrickLockedControlPoint 
0 NumOfBricks:  8
1 0 10.000000 -24.000000 10.000000 1.000000 0.000000 0.000000 0.000000 1.000000 0.000000 0.000000 0.000000 1.000000 4733.dat
0 STEP
1 0 -4.196600 -14.000000 10.000000 0.000000 1.000000 0.000000 0.000000 0.000000 -1.000000 -1.000000 0.000000 0.000000 87747.dat
0 STEP
1 0 10.000000 -14.000000 24.196600 -1.000000 0.000000 0.000000 0.000000 0.000000 -1.000000 0.000000 -1.000000 0.000000 87747.dat
0 STEP
1 0 10.000000 -14.000000 -4.196600 1.000000 0.000000 0.000000 0.000000 0.000000 -1.000000 0.000000 1.000000 0.000000 87747.dat
0 STEP
1 0 24.196600 -14.000000 10.000000 0.000000 -1.000000 0.000000 0.000000 0.000000 -1.000000 1.000000 0.000000 0.000000 87747.dat
0 STEP
1 47 10.000000 -38.100010 10.000000 1.000000 0.000000 0.000000 0.000000 1.000000 0.000000 0.000000 0.000000 1.000000 48729b.dat
0 STEP
1 47 10.000000 -48.100000 10.210000 0.000000 0.000000 -1.000000 0.000000 1.000000 0.000000 1.000000 0.000000 0.000000 79194.dat
0 STEP
1 0 10.000000 -48.100000 10.210000 1.000000 0.000000 0.000000 0.000000 1.000000 0.000000 0.000000 0.000000 1.000000 20401.dat
0 STEP
0 STEP
0 NOFILE

0 FILE 20401.dat
0 Decoration Ball 11.3

0 Name: 20401.dat

0 Author: Magnus Forsberg [MagFors]

0 !LDRAW_ORG Part UPDATE 2024-02

0 !LICENSE Licensed under CC BY 4.0 : see CAreadme.txt



0 BFC CERTIFY CCW



0 !CATEGORY Sphere



0 !HISTORY 2018-12-08 [PTadmin] Official Update 2018-02

0 !HISTORY 2024-03-23 [OrionP] Updated ring primitives

0 !HISTORY 2024-03-24 [OrionP] Official Update 2024-02



1 16 0 -4 0 1 0 0 0 -1 0 0 0 1 stud4od.dat

1 16 0 -4 0 0.5 0 0 0 -1 0 0 0 -0.5 4-4ring11.dat

1 16 0 -4 0 5.5 0 0 0 1 0 0 0 5.5 4-4edge.dat

0 BFC INVERTNEXT

1 16 0 -11 0 5.5 0 0 0 7 0 0 0 5.5 4-4cyli.dat

0 BFC INVERTNEXT

1 16 0 -11 0 5.5 0 0 0 -5.5 0 0 0 -5.5 4-8sphe.dat

1 16 0 0 0 8.8 0 0 0 1 0 0 0 8.8 4-4edge.dat

1 16 0 0 0 0.8 0 0 0 -1 0 0 0 -0.8 4-4ring10.dat

1 16 0 -11 0 0 1.1 0 0 0 1.1 1.1 0 0 s__90617s02.dat

1 16 0 -11 0 -1.1 0 0 0 0 1.1 0 1.1 0 s__90617s02.dat

1 16 0 -11 0 0 -1.1 0 0 0 1.1 -1.1 0 0 s__90617s02.dat

1 16 0 -11 0 1.1 0 0 0 0 1.1 0 -1.1 0 s__90617s02.dat

1 16 0 -11 0 14.091 0 0 0 -14.091 0 0 0 -14.091 4-8sphe.dat

0 NOFILE

0 FILE s__90617s02.dat
0 ~Constraction Ball Quarter with 1 Circular Cutout

0 Name: s\90617s02.dat

0 Author: Magnus Forsberg [MagFors]

0 !LDRAW_ORG Subpart UPDATE 2018-02

0 !LICENSE Licensed under CC BY 4.0 : see CAreadme.txt



0 BFC CERTIFY CCW



0 !HISTORY 2018-12-08 [PTadmin] Official Update 2018-02





3 16 12.81 0 0 11.8352 4.9024 0 11.8352 0 4.9024

3 16 11.8352 4.9024 0 10.0379 5.6274 5.6274 11.8352 0 4.9024

3 16 11.8352 0 4.9024 10.0379 5.6274 5.6274 9.058 0 9.058

3 16 11.8352 4.9024 0 9.058 9.058 0 10.0379 5.6274 5.6274

3 16 9.058 9.058 0 5.6274 10.0379 5.6274 10.0379 5.6274 5.6274

3 16 9.058 9.058 0 4.9024 11.8352 0 5.6274 10.0379 5.6274

3 16 4.9024 11.8352 0 0 11.8352 4.9024 5.6274 10.0379 5.6274

3 16 5.6274 10.0379 5.6274 0 11.8352 4.9024 0 9.058 9.058

3 16 4.9024 11.8352 0 0 12.81 0 0 11.8352 4.9024

3 16 10.0379 5.6274 5.6274 5.6274 10.0379 5.6274 5.6568 5.6568 10

3 16 8 0 10 9.058 0 9.058 7.3912 3.0616 10

3 16 0 9.058 9.058 0 8 10 3.0616 7.3912 10

3 16 10.0379 5.6274 5.6274 7.3912 3.0616 10 9.058 0 9.058

3 16 7.3912 3.0616 10 10.0379 5.6274 5.6274 5.6568 5.6568 10

3 16 5.6274 10.0379 5.6274 3.0616 7.3912 10 5.6568 5.6568 10

3 16 3.0616 7.3912 10 5.6274 10.0379 5.6274 0 9.058 9.058



5 24 12.81 0 0 11.8352 4.9024 0 12.81 0 -1.281 11.8352 0 4.9024

5 24 11.8352 4.9024 0 11.8352 0 4.9024 12.81 0 0 10.0379 5.6274 5.6274

5 24 12.81 0 0 11.8352 0 4.9024 11.8352 4.9024 0 12.81 -1.281 0

5 24 11.8352 0 4.9024 10.0379 5.6274 5.6274 11.8352 4.9024 0 9.058 0 9.058

5 24 10.0379 5.6274 5.6274 9.058 0 9.058 7.3912 3.0616 10 11.8352 0 4.9024

5 24 11.8352 0 4.9024 9.058 0 9.058 10.0379 5.6274 5.6274 11.8352 -1.281 4.9024

5 24 11.8352 4.9024 0 9.058 9.058 0 11.8352 4.9024 -1.281 10.0379 5.6274 5.6274

5 24 11.8352 4.9024 0 10.0379 5.6274 5.6274 9.058 9.058 0 11.8352 0 4.9024

5 24 10.0379 5.6274 5.6274 5.6568 5.6568 10 7.3912 3.0616 10 5.6274 10.0379 5.6274

5 24 9.058 0 9.058 7.3912 3.0616 10 10.0379 5.6274 5.6274 8 0 10

5 24 7.3912 3.0616 10 10.0379 5.6274 5.6274 5.6568 5.6568 10 9.058 0 9.058

5 24 9.058 9.058 0 5.6274 10.0379 5.6274 10.0379 5.6274 5.6274 4.9024 11.8352 0

5 24 5.6274 10.0379 5.6274 3.0616 7.3912 10 5.6568 5.6568 10 0 9.058 9.058

5 24 5.6274 10.0379 5.6274 0 9.058 9.058 0 11.8352 4.9024 3.0616 7.3912 10

5 24 4.9024 11.8352 0 5.6274 10.0379 5.6274 9.058 9.058 0 0 11.8352 4.9024

5 24 4.9024 11.8352 0 0 11.8352 4.9024 0 12.81 0 5.6274 10.0379 5.6274

5 24 0 11.8352 4.9024 5.6274 10.0379 5.6274 4.9024 11.8352 0 0 9.058 9.058

5 24 9.058 9.058 0 10.0379 5.6274 5.6274 11.8352 4.9024 0 5.6274 10.0379 5.6274

5 24 9.058 9.058 0 4.9024 11.8352 0 9.058 9.058 -1.281 5.6274 10.0379 5.6274

5 24 0 11.8352 4.9024 0 9.058 9.058 5.6274 10.0379 5.6274 -1.281 11.8352 4.9024

5 24 4.9024 11.8352 0 0 12.81 0 4.9024 11.8352 -1.281 0 11.8352 4.9024

5 24 0 12.81 0 0 11.8352 4.9024 4.9024 11.8352 0 -1.281 12.81 0

5 24 9.058 0 9.058 8 0 10 7.3912 3.0616 10 9.058 -1.281 9.058

5 24 0 9.058 9.058 0 8 10 3.0616 7.3912 10 -1.281 9.058 9.058

5 24 0 9.058 9.058 3.0616 7.3912 10 5.6274 10.0379 5.6274 0 8 10

5 24 0 12.81 0 4.9024 11.8352 0 0 12.81 -1.281 0 11.8352 4.9024

5 24 5.6274 10.0379 5.6274 10.0379 5.6274 5.6274 9.058 9.058 0 5.6568 5.6568 10

5 24 5.6274 10.0379 5.6274 5.6568 5.6568 10 10.0379 5.6274 5.6274 3.0616 7.3912 10

0 NOFILE

0 FILE 4-4ring10.dat
0 Ring 10 x 1.0

0 Name: 4-4ring10.dat

0 Author: Paul Easter [pneaster]

0 !LDRAW_ORG Primitive UPDATE 2024-02

0 !LICENSE Licensed under CC BY 4.0 : see CAreadme.txt



0 BFC CERTIFY CCW



0 !HISTORY 2004-04-22 [PTadmin] Official Update 2004-02

0 !HISTORY 2007-06-24 [PTadmin] Header formatted for Contributor Agreement

0 !HISTORY 2008-07-01 [PTadmin] Official Update 2008-01

0 !HISTORY 2010-12-19 [MagFors] Corrected with Primitive Generator 2

0 !HISTORY 2010-12-31 [PTadmin] Official Update 2010-03

0 !HISTORY 2024-03-23 [OrionP] Moved from 4-4rin10.dat

0 !HISTORY 2024-03-24 [OrionP] Official Update 2024-02



4 16 11 0 0 10.1629 0 4.2097 9.239 0 3.827 10 0 0

4 16 10.1629 0 4.2097 7.7781 0 7.7781 7.071 0 7.071 9.239 0 3.827

4 16 7.7781 0 7.7781 4.2097 0 10.1629 3.827 0 9.239 7.071 0 7.071

4 16 4.2097 0 10.1629 0 0 11 0 0 10 3.827 0 9.239

4 16 0 0 11 -4.2097 0 10.1629 -3.827 0 9.239 0 0 10

4 16 -4.2097 0 10.1629 -7.7781 0 7.7781 -7.071 0 7.071 -3.827 0 9.239

4 16 -7.7781 0 7.7781 -10.1629 0 4.2097 -9.239 0 3.827 -7.071 0 7.071

4 16 -10.1629 0 4.2097 -11 0 0 -10 0 0 -9.239 0 3.827

4 16 -11 0 0 -10.1629 0 -4.2097 -9.239 0 -3.827 -10 0 0

4 16 -10.1629 0 -4.2097 -7.7781 0 -7.7781 -7.071 0 -7.071 -9.239 0 -3.827

4 16 -7.7781 0 -7.7781 -4.2097 0 -10.1629 -3.827 0 -9.239 -7.071 0 -7.071

4 16 -4.2097 0 -10.1629 0 0 -11 0 0 -10 -3.827 0 -9.239

4 16 0 0 -11 4.2097 0 -10.1629 3.827 0 -9.239 0 0 -10

4 16 4.2097 0 -10.1629 7.7781 0 -7.7781 7.071 0 -7.071 3.827 0 -9.239

4 16 7.7781 0 -7.7781 10.1629 0 -4.2097 9.239 0 -3.827 7.071 0 -7.071

4 16 10.1629 0 -4.2097 11 0 0 10 0 0 9.239 0 -3.827

0 // Build by Primitive Generator 2



0 NOFILE

0 FILE 4-8sphe.dat
0 Sphere 0.5

0 Name: 4-8sphe.dat

0 Author: James Jessiman

0 !LDRAW_ORG Primitive UPDATE 2003-02

0 !LICENSE Licensed under CC BY 4.0 : see CAreadme.txt



0 BFC CERTIFY CCW



0 !HISTORY 2002-08-31 [izanette] Modified with WINDZ for BFC compliance

0 !HISTORY 2003-08-01 [PTadmin] Official Update 2003-02

0 !HISTORY 2007-06-24 [PTadmin] Header formatted for Contributor Agreement

0 !HISTORY 2008-07-01 [PTadmin] Official Update 2008-01





1 16 0 0 0 1 0 0 0 1 0 0 0 1 1-8sphe.dat

1 16 0 0 0 1 0 0 0 1 0 0 0 -1 1-8sphe.dat

1 16 0 0 0 -1 0 0 0 1 0 0 0 1 1-8sphe.dat

1 16 0 0 0 -1 0 0 0 1 0 0 0 -1 1-8sphe.dat

0



0 NOFILE

0 FILE 1-8sphe.dat
0 Sphere 0.125

0 Name: 1-8sphe.dat

0 Author: James Jessiman

0 !LDRAW_ORG Primitive UPDATE 2012-03

0 !LICENSE Licensed under CC BY 4.0 : see CAreadme.txt



0 BFC CERTIFY CCW



0 !HISTORY 2000-08-01 {Axel Poque} fixes to resolve L3P error messages.

0 !HISTORY 2000-08-01 {Manfred Moolhuysen} fixes to resolve L3P error messages.

0 !HISTORY 2000-09-30 [PTadmin] Official Update 2000-02

0 !HISTORY 2002-03-28 [hafhead] Made BFC compliant

0 !HISTORY 2002-04-25 [PTadmin] Official Update 2002-02

0 !HISTORY 2007-06-22 [PTadmin] Header formatted for Contributor Agreement

0 !HISTORY 2008-07-01 [PTadmin] Official Update 2008-01

0 !HISTORY 2010-09-12 [MagFors] Changed winding, removed duplicated cond-line, optimized filesize

0 !HISTORY 2010-12-31 [PTadmin] Official Update 2010-03

0 !HISTORY 2012-07-01 [tcobbs] Replaced with geometry from LDView

0 !HISTORY 2012-12-28 [PTadmin] Official Update 2012-03





3 16 1 0 0 0.9239 0.3827 0 0.9239 0 0.3827

3 16 0.9239 0.3827 0 0.7836 0.4393 0.4393 0.9239 0 0.3827

3 16 0.9239 0 0.3827 0.7836 0.4393 0.4393 0.7071 0 0.7071

3 16 0.7836 0.4393 0.4393 0.4393 0.4393 0.7836 0.7071 0 0.7071

3 16 0.7071 0 0.7071 0.4393 0.4393 0.7836 0.3827 0 0.9239

3 16 0.4393 0.4393 0.7836 0 0.3827 0.9239 0.3827 0 0.9239

3 16 0.3827 0 0.9239 0 0.3827 0.9239 0 0 1

3 16 0.9239 0.3827 0 0.7071 0.7071 0 0.7836 0.4393 0.4393

3 16 0.7071 0.7071 0 0.4393 0.7836 0.4393 0.7836 0.4393 0.4393

3 16 0.7836 0.4393 0.4393 0.4393 0.7836 0.4393 0.4393 0.4393 0.7836

3 16 0.4393 0.7836 0.4393 0 0.7071 0.7071 0.4393 0.4393 0.7836

3 16 0.4393 0.4393 0.7836 0 0.7071 0.7071 0 0.3827 0.9239

3 16 0.7071 0.7071 0 0.3827 0.9239 0 0.4393 0.7836 0.4393

3 16 0.3827 0.9239 0 0 0.9239 0.3827 0.4393 0.7836 0.4393

3 16 0.4393 0.7836 0.4393 0 0.9239 0.3827 0 0.7071 0.7071

3 16 0.3827 0.9239 0 0 1 0 0 0.9239 0.3827



5 24 1 0 0 0.9239 0.3827 0 1 0 -0.1 0.9239 0 0.3827

5 24 0.9239 0.3827 0 0.9239 0 0.3827 1 0 0 0.7836 0.4393 0.4393

5 24 1 0 0 0.9239 0 0.3827 0.9239 0.3827 0 1 -0.1 0

5 24 0.9239 0 0.3827 0.7836 0.4393 0.4393 0.9239 0.3827 0 0.7071 0 0.7071

5 24 0.7836 0.4393 0.4393 0.7071 0 0.7071 0.9239 0 0.3827 0.4393 0.4393 0.7836

5 24 0.9239 0 0.3827 0.7071 0 0.7071 0.7836 0.4393 0.4393 0.9239 -0.1 0.3827

5 24 0.7071 0 0.7071 0.4393 0.4393 0.7836 0.7836 0.4393 0.4393 0.3827 0 0.9239

5 24 0.4393 0.4393 0.7836 0.3827 0 0.9239 0.7071 0 0.7071 0 0.3827 0.9239

5 24 0.7071 0 0.7071 0.3827 0 0.9239 0.4393 0.4393 0.7836 0.7071 -0.1 0.7071

5 24 0.3827 0 0.9239 0 0.3827 0.9239 0.4393 0.4393 0.7836 0 0 1

5 24 0 0.3827 0.9239 0 0 1 0.3827 0 0.9239 -0.1 0.3827 0.9239

5 24 0.3827 0 0.9239 0 0 1 0 0.3827 0.9239 0.3827 -0.1 0.9239

5 24 0.9239 0.3827 0 0.7071 0.7071 0 0.9239 0.3827 -0.1 0.7836 0.4393 0.4393

5 24 0.7071 0.7071 0 0.7836 0.4393 0.4393 0.9239 0.3827 0 0.4393 0.7836 0.4393

5 24 0.9239 0.3827 0 0.7836 0.4393 0.4393 0.7071 0.7071 0 0.9239 0 0.3827

5 24 0.7836 0.4393 0.4393 0.4393 0.7836 0.4393 0.7071 0.7071 0 0.4393 0.4393 0.7836

5 24 0.4393 0.7836 0.4393 0.4393 0.4393 0.7836 0.7836 0.4393 0.4393 0 0.7071 0.7071

5 24 0.7836 0.4393 0.4393 0.4393 0.4393 0.7836 0.4393 0.7836 0.4393 0.7071 0 0.7071

5 24 0.4393 0.4393 0.7836 0 0.7071 0.7071 0.4393 0.7836 0.4393 0 0.3827 0.9239

5 24 0 0.7071 0.7071 0 0.3827 0.9239 0.4393 0.4393 0.7836 -0.1 0.7071 0.7071

5 24 0.4393 0.4393 0.7836 0 0.3827 0.9239 0 0.7071 0.7071 0.3827 0 0.9239

5 24 0.7071 0.7071 0 0.3827 0.9239 0 0.7071 0.7071 -0.1 0.4393 0.7836 0.4393

5 24 0.3827 0.9239 0 0.4393 0.7836 0.4393 0.7071 0.7071 0 0 0.9239 0.3827

5 24 0.7071 0.7071 0 0.4393 0.7836 0.4393 0.3827 0.9239 0 0.7836 0.4393 0.4393

5 24 0.4393 0.7836 0.4393 0 0.9239 0.3827 0.3827 0.9239 0 0 0.7071 0.7071

5 24 0 0.9239 0.3827 0 0.7071 0.7071 0.4393 0.7836 0.4393 -0.1 0.9239 0.3827

5 24 0.4393 0.7836 0.4393 0 0.7071 0.7071 0 0.9239 0.3827 0.4393 0.4393 0.7836

5 24 0.3827 0.9239 0 0 1 0 0.3827 0.9239 -0.1 0 0.9239 0.3827

5 24 0 1 0 0 0.9239 0.3827 0.3827 0.9239 0 -0.1 1 0

5 24 0.3827 0.9239 0 0 0.9239 0.3827 0 1 0 0.4393 0.7836 0.4393

0 NOFILE

0 FILE 4-4cyli.dat
0 Cylinder 1.0

0 Name: 4-4cyli.dat

0 Author: James Jessiman

0 !LDRAW_ORG Primitive UPDATE 2005-01

0 !LICENSE Licensed under CC BY 4.0 : see CAreadme.txt



0 BFC CERTIFY CCW



0 !HISTORY 1998-12-15 [PTadmin] Official Update 1998-10

0 !HISTORY 2002-03-23 [sbliss] Added BFC statement; merged headers from files in distributions LDraw 0.27 and Complete.

0 !HISTORY 2002-04-25 [PTadmin] Official Update 2002-02

0 !HISTORY 2004-12-14 [guyvivan] BFC CCW

0 !HISTORY 2005-12-28 [PTadmin] Official Update 2005-01

0 !HISTORY 2007-06-24 [PTadmin] Header formatted for Contributor Agreement

0 !HISTORY 2008-07-01 [PTadmin] Official Update 2008-01





4 16 1 1 0 0.9239 1 0.3827 0.9239 0 0.3827 1 0 0

5 24 1 0 0 1 1 0 0.9239 0 0.3827 0.9239 0 -0.3827

4 16 0.9239 1 0.3827 0.7071 1 0.7071 0.7071 0 0.7071 0.9239 0 0.3827

5 24 0.9239 0 0.3827 0.9239 1 0.3827 0.7071 0 0.7071 1 0 0

4 16 0.7071 1 0.7071 0.3827 1 0.9239 0.3827 0 0.9239 0.7071 0 0.7071

5 24 0.7071 0 0.7071 0.7071 1 0.7071 0.3827 0 0.9239 0.9239 0 0.3827

4 16 0.3827 1 0.9239 0 1 1 0 0 1 0.3827 0 0.9239

5 24 0.3827 0 0.9239 0.3827 1 0.9239 0 0 1 0.7071 0 0.7071

4 16 0 1 1 -0.3827 1 0.9239 -0.3827 0 0.9239 0 0 1

5 24 0 0 1 0 1 1 -0.3827 0 0.9239 0.3827 0 0.9239

4 16 -0.3827 1 0.9239 -0.7071 1 0.7071 -0.7071 0 0.7071 -0.3827 0 0.9239

5 24 -0.3827 0 0.9239 -0.3827 1 0.9239 -0.7071 0 0.7071 0 0 1

4 16 -0.7071 1 0.7071 -0.9239 1 0.3827 -0.9239 0 0.3827 -0.7071 0 0.7071

5 24 -0.7071 0 0.7071 -0.7071 1 0.7071 -0.9239 0 0.3827 -0.3827 0 0.9239

4 16 -0.9239 1 0.3827 -1 1 0 -1 0 0 -0.9239 0 0.3827

5 24 -0.9239 0 0.3827 -0.9239 1 0.3827 -1 0 0 -0.7071 0 0.7071

4 16 -1 1 0 -0.9239 1 -0.3827 -0.9239 0 -0.3827 -1 0 0

5 24 -1 0 0 -1 1 0 -0.9239 0 -0.3827 -0.9239 0 0.3827

4 16 -0.9239 1 -0.3827 -0.7071 1 -0.7071 -0.7071 0 -0.7071 -0.9239 0 -0.3827

5 24 -0.9239 0 -0.3827 -0.9239 1 -0.3827 -0.7071 0 -0.7071 -1 0 0

4 16 -0.7071 1 -0.7071 -0.3827 1 -0.9239 -0.3827 0 -0.9239 -0.7071 0 -0.7071

5 24 -0.7071 0 -0.7071 -0.7071 1 -0.7071 -0.3827 0 -0.9239 -0.9239 0 -0.3827

4 16 -0.3827 1 -0.9239 0 1 -1 0 0 -1 -0.3827 0 -0.9239

5 24 -0.3827 0 -0.9239 -0.3827 1 -0.9239 0 0 -1 -0.7071 0 -0.7071

4 16 0 1 -1 0.3827 1 -0.9239 0.3827 0 -0.9239 0 0 -1

5 24 0 0 -1 0 1 -1 0.3827 0 -0.9239 -0.3827 0 -0.9239

4 16 0.3827 1 -0.9239 0.7071 1 -0.7071 0.7071 0 -0.7071 0.3827 0 -0.9239

5 24 0.3827 0 -0.9239 0.3827 1 -0.9239 0.7071 0 -0.7071 0 0 -1

4 16 0.7071 1 -0.7071 0.9239 1 -0.3827 0.9239 0 -0.3827 0.7071 0 -0.7071

5 24 0.7071 0 -0.7071 0.7071 1 -0.7071 0.9239 0 -0.3827 0.3827 0 -0.9239

4 16 0.9239 1 -0.3827 1 1 0 1 0 0 0.9239 0 -0.3827

5 24 0.9239 0 -0.3827 0.9239 1 -0.3827 1 0 0 0.7071 0 -0.7071

0

0 NOFILE

0 FILE 4-4edge.dat
0 Circle 1.0

0 Name: 4-4edge.dat

0 Author: James Jessiman

0 !LDRAW_ORG Primitive UPDATE 2017-01

0 !LICENSE Licensed under CC BY 4.0 : see CAreadme.txt



0 BFC CERTIFY CCW



0 !HISTORY 1998-12-15 [PTadmin] Official Update 1998-10

0 !HISTORY 2005-12-28 [PTadmin] Official Update 2005-01

0 !HISTORY 2007-06-24 [PTadmin] Header formatted for Contributor Agreement

0 !HISTORY 2008-07-01 [PTadmin] Official Update 2008-01

0 !HISTORY 2017-01-15 [Steffen] BFCed

0 !HISTORY 2017-12-30 [PTadmin] Official Update 2017-01





2 24 1 0 0 0.9239 0 0.3827

2 24 0.9239 0 0.3827 0.7071 0 0.7071

2 24 0.7071 0 0.7071 0.3827 0 0.9239

2 24 0.3827 0 0.9239 0 0 1

2 24 0 0 1 -0.3827 0 0.9239

2 24 -0.3827 0 0.9239 -0.7071 0 0.7071

2 24 -0.7071 0 0.7071 -0.9239 0 0.3827

2 24 -0.9239 0 0.3827 -1 0 -0

2 24 -1 0 -0 -0.9239 0 -0.3827

2 24 -0.9239 0 -0.3827 -0.7071 0 -0.7071

2 24 -0.7071 0 -0.7071 -0.3827 0 -0.9239

2 24 -0.3827 0 -0.9239 0 0 -1

2 24 0 0 -1 0.3827 0 -0.9239

2 24 0.3827 0 -0.9239 0.7071 0 -0.7071

2 24 0.7071 0 -0.7071 0.9239 0 -0.3827

2 24 0.9239 0 -0.3827 1 0 0

0 NOFILE

0 FILE 4-4ring11.dat
0 Ring 11 x  1.0

0 Name: 4-4ring11.dat

0 Author: Willy Tschager [Holly-Wood]

0 !LDRAW_ORG Primitive UPDATE 2024-02

0 !LICENSE Licensed under CC BY 4.0 : see CAreadme.txt



0 BFC CERTIFY CCW



0 !HISTORY 2003-12-19 [PTadmin] Official Update 2003-03

0 !HISTORY 2007-06-24 [PTadmin] Header formatted for Contributor Agreement

0 !HISTORY 2008-07-01 [PTadmin] Official Update 2008-01

0 !HISTORY 2024-01-07 [Holly-Wood] Complete regeneration, original by jriley

0 !HISTORY 2024-03-24 [OrionP] Official Update 2024-02



4 16 12 0 0 11.0868 0 4.5924 10.1629 0 4.2097 11 0 0

4 16 11.0868 0 4.5924 8.4852 0 8.4852 7.7781 0 7.7781 10.1629 0 4.2097

4 16 8.4852 0 8.4852 4.5924 0 11.0868 4.2097 0 10.1629 7.7781 0 7.7781

4 16 4.5924 0 11.0868 0 0 12 0 0 11 4.2097 0 10.1629

4 16 0 0 12 -4.5924 0 11.0868 -4.2097 0 10.1629 0 0 11

4 16 -4.5924 0 11.0868 -8.4852 0 8.4852 -7.7781 0 7.7781 -4.2097 0 10.1629

4 16 -8.4852 0 8.4852 -11.0868 0 4.5924 -10.1629 0 4.2097 -7.7781 0 7.7781

4 16 -11.0868 0 4.5924 -12 0 0 -11 0 0 -10.1629 0 4.2097

4 16 -12 0 0 -11.0868 0 -4.5924 -10.1629 0 -4.2097 -11 0 0

4 16 -11.0868 0 -4.5924 -8.4852 0 -8.4852 -7.7781 0 -7.7781 -10.1629 0 -4.2097

4 16 -8.4852 0 -8.4852 -4.5924 0 -11.0868 -4.2097 0 -10.1629 -7.7781 0 -7.7781

4 16 -4.5924 0 -11.0868 0 0 -12 0 0 -11 -4.2097 0 -10.1629

4 16 0 0 -12 4.5924 0 -11.0868 4.2097 0 -10.1629 0 0 -11

4 16 4.5924 0 -11.0868 8.4852 0 -8.4852 7.7781 0 -7.7781 4.2097 0 -10.1629

4 16 8.4852 0 -8.4852 11.0868 0 -4.5924 10.1629 0 -4.2097 7.7781 0 -7.7781

4 16 11.0868 0 -4.5924 12 0 0 11 0 0 10.1629 0 -4.2097

0 // Build by LDPartEditor (PrimGen 2.X)

0 NOFILE

0 FILE stud4od.dat
0 Stud Tube Open without Outer Cylinder and Top Surface

0 Name: stud4od.dat

0 Author: Philippe Hurbain [Philo]

0 !LDRAW_ORG Primitive UPDATE 2013-02

0 !LICENSE Licensed under CC BY 4.0 : see CAreadme.txt



0 !HELP This stud is a "antistud" to be used like a underside stud,

0 !HELP but without the outer cylinder.

0 !HELP 1 47 0 0 0 1 0 0 0 1 0 0 0 1 stud4.dat



0 BFC CERTIFY CCW



0 !HISTORY 2013-12-23 [PTadmin] Official Update 2013-02





1 16 0 -4 0 2 0 0 0 1 0 0 0 2 4-4ring3.dat

0 BFC INVERTNEXT

1 16 0 0 0 -6 0 0 0 -4 0 0 0 6 4-4cylo.dat

0 NOFILE

0 FILE 4-4cylo.dat
0 Cylinder Open 1.0

0 Name: 4-4cylo.dat

0 Author: Mark Kennedy [mkennedy]

0 !LDRAW_ORG Primitive UPDATE 2010-01

0 !LICENSE Licensed under CC BY 4.0 : see CAreadme.txt



0 BFC CERTIFY CCW



0 !HISTORY 2010-04-05 [PTadmin] Official Update 2010-01





1 16 0 0 0 1 0 0 0 1 0 0 0 1 4-4edge.dat

1 16 0 1 0 1 0 0 0 1 0 0 0 1 4-4edge.dat

1 16 0 0 0 1 0 0 0 1 0 0 0 1 4-4cyli.dat

0
0 NOFILE

0 FILE 4-4ring3.dat
0 Ring  3 x 1.0

0 Name: 4-4ring3.dat

0 Author: James Jessiman

0 !LDRAW_ORG Primitive UPDATE 2009-01

0 !LICENSE Licensed under CC BY 4.0 : see CAreadme.txt



0 BFC CERTIFY CCW



0 !HISTORY 1998-12-15 [PTadmin] Official Update 1998-10

0 !HISTORY 2002-04-05 [hafhead] Added BFC statement

0 !HISTORY 2002-04-25 [PTadmin] Official Update 2002-02

0 !HISTORY 2007-06-24 [PTadmin] Header formatted for Contributor Agreement

0 !HISTORY 2008-07-01 [PTadmin] Official Update 2008-01

0 !HISTORY 2008-08-26 [cwdee] Switch polygon winding and rename

0 !HISTORY 2009-05-02 [PTadmin] Official Update 2009-01





4 16 -1.5308 0 3.6956 -1.1481 0 2.7717 0 0 3 0 0 4

4 16 -2.8284 0 2.8284 -2.1213 0 2.1213 -1.1481 0 2.7717 -1.5308 0 3.6956

4 16 -3.6956 0 1.5308 -2.7717 0 1.1481 -2.1213 0 2.1213 -2.8284 0 2.8284

4 16 -4 0 0 -3 0 0 -2.7717 0 1.1481 -3.6956 0 1.5308

4 16 -3.6956 0 -1.5308 -2.7717 0 -1.1481 -3 0 0 -4 0 0

4 16 -2.8284 0 -2.8284 -2.1213 0 -2.1213 -2.7717 0 -1.1481 -3.6956 0 -1.5308

4 16 -1.5308 0 -3.6956 -1.1481 0 -2.7717 -2.1213 0 -2.1213 -2.8284 0 -2.8284

4 16 0 0 -4 0 0 -3 -1.1481 0 -2.7717 -1.5308 0 -3.6956

4 16 1.5308 0 -3.6956 1.1481 0 -2.7717 0 0 -3 0 0 -4

4 16 2.8284 0 -2.8284 2.1213 0 -2.1213 1.1481 0 -2.7717 1.5308 0 -3.6956

4 16 3.6956 0 -1.5308 2.7717 0 -1.1481 2.1213 0 -2.1213 2.8284 0 -2.8284

4 16 4 0 0 3 0 0 2.7717 0 -1.1481 3.6956 0 -1.5308

4 16 3.6956 0 1.5308 2.7717 0 1.1481 3 0 0 4 0 0

4 16 2.8284 0 2.8284 2.1213 0 2.1213 2.7717 0 1.1481 3.6956 0 1.5308

4 16 1.5308 0 3.6956 1.1481 0 2.7717 2.1213 0 2.1213 2.8284 0 2.8284

4 16 0 0 4 0 0 3 1.1481 0 2.7717 1.5308 0 3.6956

0

0 NOFILE

0 FILE 79194.dat
0 Plate  1 x  1 Round with Bar Handle on Long Stem

0 Name: 79194.dat

0 Author: Magnus Forsberg [MagFors]

0 !LDRAW_ORG Part UPDATE 2022-04

0 !LICENSE Licensed under CC BY 4.0 : see CAreadme.txt



0 BFC CERTIFY CCW



0 !HISTORY 2022-07-18 [PTadmin] Official Update 2022-04





1 16 0 3 0 10 0 0 0 -3 0 0 0 10 4-4cylc.dat

1 16 0 0 0 2 0 0 0 1 0 0 0 2 4-4ring4.dat

1 16 0 0 0 2 0 0 0 1 0 0 0 2 4-4ring3.dat

1 16 0 0 0 4 0 0 0 1 0 0 0 4 4-4disc.dat

1 16 0 0 0 4 0 0 0 1 0 0 0 4 4-4edge.dat

1 16 0 0 0 6 0 0 0 1 0 0 0 6 4-4edge.dat

1 16 0 0 0 1 0 0 0 1 0 0 0 1 stud2a.dat

1 16 -10 10 0 0 20 0 -4 0 0 0 0 4 4-4cylc.dat

1 16 10 10 0 0 -1 0 -4 0 0 0 0 -4 4-4disc.dat

1 16 0 3 0 9.5 0 0 0 3.9521 0 0 0 2.5 box4o4a.dat

2 24 -9.5 6.9521 -2.5 9.5 6.9521 -2.5

2 24 -9.5 6.9521 2.5 9.5 6.9521 2.5

2 24 9.5 6.3044 1.5308 9.5 6 0

2 24 9.5 6.3044 1.5308 9.5 6.9521 2.5

2 24 9.5 6.3044 -1.5308 9.5 6 0

2 24 9.5 6.9521 -2.5 9.5 6.3044 -1.5308

2 24 -9.5 6.3044 1.5308 -9.5 6 0

2 24 -9.5 6.3044 1.5308 -9.5 6.9521 2.5

2 24 -9.5 6.3044 -1.5308 -9.5 6 0

2 24 -9.5 6.9521 -2.5 -9.5 6.3044 -1.5308

0 NOFILE

0 FILE box4o4a.dat
0 Box with 4 Faces (2 Parallel Pairs) without Bottom Edges

0 Name: box4o4a.dat

0 Author: Donald Sutter [technog]

0 !LDRAW_ORG Primitive UPDATE 2012-01

0 !LICENSE Licensed under CC BY 4.0 : see CAreadme.txt



0 BFC CERTIFY CCW



0 !HISTORY 2003-08-01 [PTadmin] Official Update 2003-02

0 !HISTORY 2007-06-24 [PTadmin] Header formatted for Contributor Agreement

0 !HISTORY 2008-07-01 [PTadmin] Official Update 2008-01

0 !HISTORY 2012-02-16 [Philo] Changed to CCW

0 !HISTORY 2012-03-30 [PTadmin] Official Update 2012-01





2 24 1 0 1 -1 0 1

2 24 -1 0 1 -1 0 -1

2 24 -1 0 -1 1 0 -1

2 24 1 0 -1 1 0 1

2 24 1 0 1 1 1 1

2 24 -1 0 1 -1 1 1

2 24 1 0 -1 1 1 -1

2 24 -1 0 -1 -1 1 -1

4 16 -1 1 1 -1 0 1 1 0 1 1 1 1

4 16 -1 1 -1 -1 0 -1 -1 0 1 -1 1 1

4 16 1 1 -1 1 0 -1 -1 0 -1 -1 1 -1

4 16 1 1 1 1 0 1 1 0 -1 1 1 -1

0 NOFILE

0 FILE stud2a.dat
0 Stud Open without Base Edges

0 Name: stud2a.dat

0 Author: James Jessiman

0 !LDRAW_ORG Primitive UPDATE 2009-02

0 !LICENSE Licensed under CC BY 4.0 : see CAreadme.txt



0 BFC CERTIFY CCW



0 !HISTORY 1999-07-05 [PTadmin] Official Update 1999-05

0 !HISTORY 2002-04-04 [sbliss] Modified for BFC compliance

0 !HISTORY 2002-04-25 [PTadmin] Official Update 2002-02

0 !HISTORY 2007-06-24 [PTadmin] Header formatted for Contributor Agreement

0 !HISTORY 2008-07-01 [PTadmin] Official Update 2008-01

0 !HISTORY 2009-06-21 [cwdee] Update ring references to 4-4ring

0 !HISTORY 2009-09-03 [PTadmin] Official Update 2009-02





1 16 0 -4 0 4 0 0 0 1 0 0 0 4 4-4edge.dat

1 16 0 -4 0 6 0 0 0 1 0 0 0 6 4-4edge.dat

0 BFC INVERTNEXT

1 16 0 -4 0 4 0 0 0 4 0 0 0 4 4-4cyli.dat

1 16 0 -4 0 6 0 0 0 4 0 0 0 6 4-4cyli.dat

1 16 0 -4 0 2 0 0 0 1 0 0 0 2 4-4ring2.dat

0

0 NOFILE

0 FILE 4-4ring2.dat
0 Ring  2 x 1.0

0 Name: 4-4ring2.dat

0 Author: James Jessiman

0 !LDRAW_ORG Primitive UPDATE 2009-01

0 !LICENSE Licensed under CC BY 4.0 : see CAreadme.txt



0 BFC CERTIFY CCW



0 !HISTORY 1998-12-15 [PTadmin] Official Update 1998-10

0 !HISTORY 2002-04-05 [hafhead] Added BFC statement

0 !HISTORY 2002-04-25 [PTadmin] Official Update 2002-02

0 !HISTORY 2007-06-24 [PTadmin] Header formatted for Contributor Agreement

0 !HISTORY 2008-07-01 [PTadmin] Official Update 2008-01

0 !HISTORY 2008-08-26 [cwdee] Switch polygon winding and rename

0 !HISTORY 2009-05-02 [PTadmin] Official Update 2009-01





4 16 -1.1481 0 2.7717 -0.7654 0 1.8478 0 0 2 0 0 3

4 16 -2.1213 0 2.1213 -1.4142 0 1.4142 -0.7654 0 1.8478 -1.1481 0 2.7717

4 16 -2.7717 0 1.1481 -1.8478 0 0.7654 -1.4142 0 1.4142 -2.1213 0 2.1213

4 16 -3 0 0 -2 0 0 -1.8478 0 0.7654 -2.7717 0 1.1481

4 16 -2.7717 0 -1.1481 -1.8478 0 -0.7654 -2 0 0 -3 0 0

4 16 -2.1213 0 -2.1213 -1.4142 0 -1.4142 -1.8478 0 -0.7654 -2.7717 0 -1.1481

4 16 -1.1481 0 -2.7717 -0.7654 0 -1.8478 -1.4142 0 -1.4142 -2.1213 0 -2.1213

4 16 0 0 -3 0 0 -2 -0.7654 0 -1.8478 -1.1481 0 -2.7717

4 16 1.1481 0 -2.7717 0.7654 0 -1.8478 0 0 -2 0 0 -3

4 16 2.1213 0 -2.1213 1.4142 0 -1.4142 0.7654 0 -1.8478 1.1481 0 -2.7717

4 16 2.7717 0 -1.1481 1.8478 0 -0.7654 1.4142 0 -1.4142 2.1213 0 -2.1213

4 16 3 0 0 2 0 0 1.8478 0 -0.7654 2.7717 0 -1.1481

4 16 2.7717 0 1.1481 1.8478 0 0.7654 2 0 0 3 0 0

4 16 2.1213 0 2.1213 1.4142 0 1.4142 1.8478 0 0.7654 2.7717 0 1.1481

4 16 1.1481 0 2.7717 0.7654 0 1.8478 1.4142 0 1.4142 2.1213 0 2.1213

4 16 0 0 3 0 0 2 0.7654 0 1.8478 1.1481 0 2.7717

0

0 NOFILE

0 FILE 4-4disc.dat
0 Disc 1.0

0 Name: 4-4disc.dat

0 Author: James Jessiman

0 !LDRAW_ORG Primitive UPDATE 2002-02

0 !LICENSE Licensed under CC BY 4.0 : see CAreadme.txt



0 BFC CERTIFY CCW



0 !HISTORY 1998-12-15 [PTadmin] Official Update 1998-10

0 !HISTORY 2002-03-23 [sbliss] Added BFC statement

0 !HISTORY 2002-04-25 [PTadmin] Official Update 2002-02

0 !HISTORY 2007-06-24 [PTadmin] Header formatted for Contributor Agreement

0 !HISTORY 2008-07-01 [PTadmin] Official Update 2008-01





3 16 0 0 0 1 0 0 0.9239 0 0.3827

3 16 0 0 0 0.9239 0 0.3827 0.7071 0 0.7071

3 16 0 0 0 0.7071 0 0.7071 0.3827 0 0.9239

3 16 0 0 0 0.3827 0 0.9239 0 0 1

3 16 0 0 0 0 0 1 -0.3827 0 0.9239

3 16 0 0 0 -0.3827 0 0.9239 -0.7071 0 0.7071

3 16 0 0 0 -0.7071 0 0.7071 -0.9239 0 0.3827

3 16 0 0 0 -0.9239 0 0.3827 -1 0 -0

3 16 0 0 0 -1 0 -0 -0.9239 0 -0.3827

3 16 0 0 0 -0.9239 0 -0.3827 -0.7071 0 -0.7071

3 16 0 0 0 -0.7071 0 -0.7071 -0.3827 0 -0.9239

3 16 0 0 0 -0.3827 0 -0.9239 0 0 -1

3 16 0 0 0 0 0 -1 0.3827 0 -0.9239

3 16 0 0 0 0.3827 0 -0.9239 0.7071 0 -0.7071

3 16 0 0 0 0.7071 0 -0.7071 0.9239 0 -0.3827

3 16 0 0 0 0.9239 0 -0.3827 1 0 0

0

0 NOFILE

0 FILE 4-4ring4.dat
0 Ring  4 x 1.0

0 Name: 4-4ring4.dat

0 Author: James Jessiman

0 !LDRAW_ORG Primitive UPDATE 2009-01

0 !LICENSE Licensed under CC BY 4.0 : see CAreadme.txt



0 BFC CERTIFY CCW



0 !HISTORY 1998-12-15 [PTadmin] Official Update 1998-10

0 !HISTORY 2002-04-08 [BrickCaster] Modified for BFC compliance

0 !HISTORY 2002-04-25 [PTadmin] Official Update 2002-02

0 !HISTORY 2007-06-24 [PTadmin] Header formatted for Contributor Agreement

0 !HISTORY 2008-07-01 [PTadmin] Official Update 2008-01

0 !HISTORY 2008-08-26 [cwdee] Switch polygon winding and rename

0 !HISTORY 2009-05-02 [PTadmin] Official Update 2009-01





4 16 -1.9135 0 4.6195 -1.5308 0 3.6956 0 0 4 0 0 5

4 16 -3.5355 0 3.5355 -2.8284 0 2.8284 -1.5308 0 3.6956 -1.9135 0 4.6195

4 16 -4.6195 0 1.9135 -3.6956 0 1.5308 -2.8284 0 2.8284 -3.5355 0 3.5355

4 16 -5 0 0 -4 0 0 -3.6956 0 1.5308 -4.6195 0 1.9135

4 16 -4.6195 0 -1.9135 -3.6956 0 -1.5308 -4 0 0 -5 0 0

4 16 -3.5355 0 -3.5355 -2.8284 0 -2.8284 -3.6956 0 -1.5308 -4.6195 0 -1.9135

4 16 -1.9135 0 -4.6195 -1.5308 0 -3.6956 -2.8284 0 -2.8284 -3.5355 0 -3.5355

4 16 0 0 -5 0 0 -4 -1.5308 0 -3.6956 -1.9135 0 -4.6195

4 16 1.9135 0 -4.6195 1.5308 0 -3.6956 0 0 -4 0 0 -5

4 16 3.5355 0 -3.5355 2.8284 0 -2.8284 1.5308 0 -3.6956 1.9135 0 -4.6195

4 16 4.6195 0 -1.9135 3.6956 0 -1.5308 2.8284 0 -2.8284 3.5355 0 -3.5355

4 16 5 0 0 4 0 0 3.6956 0 -1.5308 4.6195 0 -1.9135

4 16 4.6195 0 1.9135 3.6956 0 1.5308 4 0 0 5 0 0

4 16 3.5355 0 3.5355 2.8284 0 2.8284 3.6956 0 1.5308 4.6195 0 1.9135

4 16 1.9135 0 4.6195 1.5308 0 3.6956 2.8284 0 2.8284 3.5355 0 3.5355

4 16 0 0 5 0 0 4 1.5308 0 3.6956 1.9135 0 4.6195

0

0 NOFILE

0 FILE 4-4cylc.dat
0 Cylinder Closed 1.0

0 Name: 4-4cylc.dat

0 Author: Alex Taylor [anathema]

0 !LDRAW_ORG Primitive UPDATE 2009-02

0 !LICENSE Licensed under CC BY 4.0 : see CAreadme.txt



0 BFC CERTIFY CCW



0 !HISTORY 2008-12-29 [cwdee] Removed one disc

0 !HISTORY 2009-09-03 [PTadmin] Official Update 2009-02





1 16 0 0 0 1 0 0 0 1 0 0 0 1 4-4edge.dat

1 16 0 1 0 1 0 0 0 1 0 0 0 1 4-4edge.dat

1 16 0 0 0 1 0 0 0 1 0 0 0 1 4-4disc.dat

1 16 0 0 0 1 0 0 0 1 0 0 0 1 4-4cyli.dat

0

0 NOFILE

0 FILE 48729b.dat
0 Bar  1.5L with Clip with Truncated Sides and Hole in Shaft

0 Name: 48729b.dat

0 Author: Willy Tschager [Holly-Wood]

0 !LDRAW_ORG Part UPDATE 2016-01

0 !LICENSE Licensed under CC BY 4.0 : see CAreadme.txt



0 BFC CERTIFY CCW



0 !KEYWORDS Claw hand, Mechanical



0 !HISTORY 2016-12-31 [PTadmin] Official Update 2016-01





0 // Claw



2 24 -3.516 9.982 1.8 -7 6 1.8

2 24 -7 6 1.8 -6.2 6 1.8

2 24 -3.5 6.435 1.8 -6.2 6 1.8

2 24 -3.5 6.435 1.8 -3.516 9.982 1.8

2 24 -3.516 9.982 -1.8 -7 6 -1.8

2 24 -7 6 -1.8 -6.2 6 -1.8

2 24 -3.5 6.435 -1.8 -6.2 6 -1.8

2 24 -3.516 9.982 -1.8 -3.5 6.435 -1.8

2 24 -7 6 -1.8 -7 6 1.8

2 24 0 7 4 -1.531 6.753 3.696

2 24 -1.531 6.753 3.696 -2.828 6.544 2.828

2 24 -3.5 6.435 1.8 -2.828 6.544 2.828

2 24 -2.828 6.544 -2.828 -3.5 6.435 -1.8

2 24 -1.531 6.753 -3.696 -2.828 6.544 -2.828

2 24 -1.531 6.753 -3.696 0 7 -4

2 24 -3.696 9.776 1.531 -3.516 9.982 1.8

2 24 -4 9.429 0 -3.696 9.776 1.531

2 24 -4 9.429 0 -3.696 9.776 -1.531

2 24 -3.696 9.776 -1.531 -3.516 9.982 -1.8

2 24 -6.2 6 4 0 7 4

2 24 -6.2 6 -4 0 7 -4

2 24 -10 6 4 -6.2 6 4

2 24 -10 6 -4 -6.2 6 -4

2 24 -8.949 -1.791 4.002 -10 0 4

2 24 -8.948 -1.787 -3.998 -10 0 -4

2 24 -7.538 -3.787 4.002 -8.949 -1.791 4.002

2 24 -7.537 -3.782 -3.998 -8.948 -1.787 -3.998

2 24 -6.159 -5.383 4.001 -7.538 -3.787 4.002

2 24 -6.158 -5.379 -3.999 -7.537 -3.782 -3.998

2 24 -4.53 -6.961 4 -6.159 -5.383 4.001

2 24 -4.529 -6.956 -4 -6.158 -5.379 -3.999

2 24 -3.801 -7.304 4 -4.53 -6.961 4

2 24 -3.8 -7.3 -4 -4.529 -6.956 -4

2 24 -3.4 -7 4 -3.801 -7.304 4

2 24 -3.4 -7 -4 -3.8 -7.3 -4

2 24 -3.4 -2.1 4 -3.4 -7 4

2 24 -3.4 -2.1 -4 -3.4 -7 -4

2 24 -4 0 4 -3.4 -2.1 4

2 24 -4 0 -4 -3.4 -2.1 -4

2 24 -3.46 2 4 -4 0 4

2 24 -3.46 2 -4 -4 0 -4

2 24 -2 3.46 4 -3.46 2 4

2 24 -2 3.46 -4 -3.46 2 -4

2 24 -1.45 3.8 4 -2 3.46 4

2 24 -1.45 3.8 -4 -2 3.46 -4

2 24 -1.1 4.6 4 -1.45 3.8 4

2 24 -1.1 4.6 -4 -1.45 3.8 -4

2 24 -1.1 5.6 4 -1.1 4.6 4

2 24 -1.1 5.6 -4 -1.1 4.6 -4

2 24 -.6 6.4 4 -1.1 5.6 4

2 24 -.6 6.4 -4 -1.1 5.6 -4

2 24 -.6 6.4 -4 0 6.45 -4

2 24 -.6 6.4 4 0 6.45 4

2 24 -6.2 6 4 -6.2 6 1.8

2 24 -6.2 6 -1.8 -6.2 6 -4



1 16 -10 3 0 0 1 0 -3 0 0 0 0 4 rect.dat

4 16 -10 0 4 -10 0 -4 -8.948 -1.787 -3.998 -8.949 -1.791 4.002

4 16 -8.948 -1.787 -3.998 -7.537 -3.782 -3.998 -7.538 -3.787 4.002 -8.949 -1.791 4.002

4 16 -7.537 -3.782 -3.998 -6.158 -5.379 -3.999 -6.159 -5.383 4.001 -7.538 -3.787 4.002

4 16 -6.158 -5.379 -3.999 -4.529 -6.956 -4 -4.53 -6.961 4 -6.159 -5.383 4.001

4 16 -4.529 -6.956 -4 -3.8 -7.3 -4 -3.801 -7.304 4 -4.53 -6.961 4

4 16 -3.8 -7.3 -4 -3.4 -7 -4 -3.4 -7 4 -3.801 -7.304 4

4 16 -3.4 -7 -4 -3.4 -2.1 -4 -3.4 -2.1 4 -3.4 -7 4

4 16 -3.4 -2.1 -4 -4 0 -4 -4 0 4 -3.4 -2.1 4

4 16 -4 0 -4 -3.46 2 -4 -3.46 2 4 -4 0 4

4 16 -3.46 2 -4 -2 3.46 -4 -2 3.46 4 -3.46 2 4

4 16 -2 3.46 -4 -1.45 3.8 -4 -1.45 3.8 4 -2 3.46 4

4 16 -1.45 3.8 -4 -1.1 4.6 -4 -1.1 4.6 4 -1.45 3.8 4

4 16 -1.1 4.6 -4 -1.1 5.6 -4 -1.1 5.6 4 -1.1 4.6 4

4 16 -1.1 5.6 -4 -.6 6.4 -4 -.6 6.4 4 -1.1 5.6 4

4 16 0 6.45 4 -.6 6.4 4 -.6 6.4 -4 0 6.45 -4



3 16 0 7 -4 0 6.45 -4 -.6 6.4 -4

3 16 0 7 -4 -.6 6.4 -4 -6.2 6 -4

3 16 -6.2 6 -4 -.6 6.4 -4 -1.1 5.6 -4

4 16 -1.45 3.8 -4 -6.2 6 -4 -1.1 5.6 -4 -1.1 4.6 -4

3 16 -6.2 6 -4 -1.45 3.8 -4 -2 3.46 -4

4 16 -2 3.46 -4 -3.46 2 -4 -10 6 -4 -6.2 6 -4

4 16 -8.948 -1.787 -3.998 -10 0 -4 -10 6 -4 -3.46 2 -4

3 16 -8.948 -1.787 -3.998 -3.46 2 -4 -4 0 -4

4 16 -3.4 -2.1 -4 -7.537 -3.782 -3.998 -8.948 -1.787 -3.998 -4 0 -4

3 16 -7.537 -3.782 -3.998 -3.4 -2.1 -4 -6.158 -5.379 -3.999

4 16 -3.4 -7 -4 -4.529 -6.956 -4 -6.158 -5.379 -3.999 -3.4 -2.1 -4

3 16 -4.529 -6.956 -4 -3.4 -7 -4 -3.8 -7.3 -4



3 16 -.6 6.4 4 0 6.435 4 0 7 4

3 16 -.6 6.4 4 0 7 4 -6.2 6 4

3 16 -.6 6.4 4 -6.2 6 4 -1.1 5.6 4

4 16 -1.1 5.6 4 -6.2 6 4 -1.45 3.8 4 -1.1 4.6 4

3 16 -1.45 3.8 4 -6.2 6 4 -2 3.46 4

4 16 -10 6 4 -3.46 2 4 -2 3.46 4 -6.2 6 4

4 16 -10 6 4 -10 0 4 -8.948 -1.787 4.002 -3.46 2 4

3 16 -3.46 2 4 -8.948 -1.787 4.002 -4 0 4

4 16 -8.948 -1.787 4.002 -7.537 -3.782 4.002 -3.4 -2.1 4 -4 0 4

3 16 -3.4 -2.1 4 -7.537 -3.782 4.002 -6.158 -5.379 4.001

4 16 -6.158 -5.379 4.001 -4.529 -6.956 4 -3.4 -7 4 -3.4 -2.1 4

3 16 -3.4 -7 4 -4.529 -6.956 4 -3.8 -7.3 4



4 16 -6.2 6 4 -6.2 6 1.8 -7 6 1.8 -10 6 4

4 16 -10 6 4 -7 6 1.8 -7 6 -1.8 -10 6 -4

4 16 -7 6 -1.8 -6.2 6 -1.8 -6.2 6 -4 -10 6 -4

3 16 -6.2 6 4 0 7 4 -1.531 6.753 3.696

3 16 -6.2 6 4 -1.531 6.753 3.696 -2.828 6.544 2.828

4 16 -2.828 6.544 2.828 -3.5 6.435 1.8 -6.2 6 1.8 -6.2 6 4

3 16 -1.531 6.753 -3.696 0 7 -4 -6.2 6 -4

3 16 -6.2 6 -4 -2.828 6.544 -2.828 -1.531 6.753 -3.696

4 16 -6.2 6 -1.8 -3.5 6.435 -1.8 -2.828 6.544 -2.828 -6.2 6 -4

4 16 -7 6 1.8 -6.2 6 1.8 -3.5 6.435 1.8 -3.516 9.982 1.8

4 16 -3.5 6.435 -1.8 -6.2 6 -1.8 -7 6 -1.8 -3.516 9.982 -1.8

3 16 -3.516 9.982 1.8 -3.696 9.776 1.531 -7 6 1.8

3 16 -7 6 1.8 -3.696 9.776 1.531 -4 9.429 0

4 16 -7 6 1.8 -4 9.429 0 -3.696 9.776 -1.531 -7 6 -1.8

3 16 -7 6 -1.8 -3.696 9.776 -1.531 -3.516 9.982 -1.8

3 16 0 6.435 4 0 6.45 4 -.6 6.4 4



5 24 -8.949 -1.791 4.002 -8.948 -1.787 -3.998 -7.538 -3.787 4.002 -10 0 4

5 24 -7.537 -3.782 -3.998 -7.538 -3.787 4.002 -8.948 -1.787 -3.998 -6.159 -5.383 4.001

5 24 -6.158 -5.379 -3.999 -6.159 -5.383 4.001 -7.537 -3.782 -3.998 -4.53 -6.961 4

5 24 -4.529 -6.956 -4 -4.53 -6.961 4 -6.158 -5.379 -3.999 -3.801 -7.304 4

5 24 -3.801 -7.304 4 -3.8 -7.3 -4 -4.53 -6.961 4 -3.4 -7 -4

5 24 -3.4 -7 -4 -3.4 -7 4 -3.8 -7.3 -4 -3.4 -2.1 4

5 24 -3.4 -2.1 -4 -3.4 -2.1 4 -3.4 -7 -4 -4 0 4

5 24 -4 0 -4 -4 0 4 -3.4 -2.1 -4 -3.46 2 4

5 24 -3.46 2 -4 -3.46 2 4 -4 0 -4 -2 3.46 4

5 24 -2 3.46 -4 -2 3.46 4 -1.45 3.8 4 -3.46 2 -4

5 24 -1.45 3.8 -4 -1.45 3.8 4 -1.1 4.6 4 -2 3.46 -4

5 24 -1.1 4.6 -4 -1.1 4.6 4 -1.45 3.8 -4 -1.1 5.6 4

5 24 -1.1 5.6 -4 -1.1 5.6 4 -1.1 4.6 -4 -.6 6.4 4

5 24 -.6 6.4 4 -.6 6.4 -4 -1.1 5.6 -4 0 6.45 4



2 24 3.516 9.982 1.8 7 6 1.8

2 24 7 6 1.8 6.2 6 1.8

2 24 3.5 6.435 1.8 6.2 6 1.8

2 24 3.5 6.435 1.8 3.516 9.982 1.8

2 24 3.516 9.982 -1.8 7 6 -1.8

2 24 7 6 -1.8 6.2 6 -1.8

2 24 3.5 6.435 -1.8 6.2 6 -1.8

2 24 3.516 9.982 -1.8 3.5 6.435 -1.8

2 24 7 6 -1.8 7 6 1.8

2 24 0 7 4 1.531 6.753 3.696

2 24 1.531 6.753 3.696 2.828 6.544 2.828

2 24 3.5 6.435 1.8 2.828 6.544 2.828

2 24 2.828 6.544 -2.828 3.5 6.435 -1.8

2 24 1.531 6.753 -3.695 2.828 6.544 -2.828

2 24 1.531 6.753 -3.695 0 7 -4

2 24 3.696 9.776 1.531 3.516 9.982 1.8

2 24 4 9.429 0 3.696 9.776 1.531

2 24 4 9.429 0 3.696 9.776 -1.531

2 24 3.696 9.776 -1.531 3.516 9.982 -1.8

2 24 6.2 6 4 0 7 4

2 24 6.2 6 -4 0 7 -4

2 24 10 6 4 6.2 6 4

2 24 10 6 -4 6.2 6 -4

2 24 8.949 -1.791 4.002 10 0 4

2 24 8.948 -1.787 -3.998 10 0 -4

2 24 7.538 -3.787 4.002 8.949 -1.791 4.002

2 24 7.537 -3.782 -3.998 8.948 -1.787 -3.998

2 24 6.159 -5.383 4.001 7.538 -3.787 4.002

2 24 6.158 -5.379 -3.999 7.537 -3.782 -3.998

2 24 4.53 -6.961 4 6.159 -5.383 4.001

2 24 4.529 -6.956 -4 6.158 -5.379 -3.999

2 24 3.801 -7.304 4 4.53 -6.961 4

2 24 3.8 -7.3 -4 4.529 -6.956 -4

2 24 3.4 -7 4 3.801 -7.304 4

2 24 3.4 -7 -4 3.8 -7.3 -4

2 24 3.4 -2.1 4 3.4 -7 4

2 24 3.4 -2.1 -4 3.4 -7 -4

2 24 4 0 4 3.4 -2.1 4

2 24 4 0 -4 3.4 -2.1 -4

2 24 3.46 2 4 4 0 4

2 24 3.46 2 -4 4 0 -4

2 24 2 3.46 4 3.46 2 4

2 24 2 3.46 -4 3.46 2 -4

2 24 1.45 3.8 4 2 3.46 4

2 24 1.45 3.8 -4 2 3.46 -4

2 24 1.1 4.6 4 1.45 3.8 4

2 24 1.1 4.6 -4 1.45 3.8 -4

2 24 1.1 5.6 4 1.1 4.6 4

2 24 1.1 5.6 -4 1.1 4.6 -4

2 24 .6 6.4 4 1.1 5.6 4

2 24 .6 6.4 -4 1.1 5.6 -4

2 24 .6 6.4 -4 0 6.45 -4

2 24 .6 6.4 4 0 6.45 4

2 24 6.2 6 4 6.2 6 1.8

2 24 6.2 6 -1.8 6.2 6 -4



1 16 10 3 0 0 -1 0 0 0 3 -4 0 0 rect.dat

4 16 8.948 -1.787 -3.998 10 0 -4 10 0 4 8.949 -1.791 4.002

4 16 7.538 -3.787 4.002 7.537 -3.782 -3.998 8.948 -1.787 -3.998 8.949 -1.791 4.002

4 16 6.159 -5.383 4.001 6.158 -5.379 -3.999 7.537 -3.782 -3.998 7.538 -3.787 4.002

4 16 4.53 -6.961 4 4.529 -6.956 -4 6.158 -5.379 -3.999 6.159 -5.383 4.001

4 16 3.801 -7.304 4 3.8 -7.3 -4 4.529 -6.956 -4 4.53 -6.961 4

4 16 3.4 -7 4 3.4 -7 -4 3.8 -7.3 -4 3.801 -7.304 4

4 16 3.4 -2.1 4 3.4 -2.1 -4 3.4 -7 -4 3.4 -7 4

4 16 4 0 4 4 0 -4 3.4 -2.1 -4 3.4 -2.1 4

4 16 3.46 2 4 3.46 2 -4 4 0 -4 4 0 4

4 16 2 3.46 4 2 3.46 -4 3.46 2 -4 3.46 2 4

4 16 1.45 3.8 4 1.45 3.8 -4 2 3.46 -4 2 3.46 4

4 16 1.1 4.6 4 1.1 4.6 -4 1.45 3.8 -4 1.45 3.8 4

4 16 1.1 5.6 4 1.1 5.6 -4 1.1 4.6 -4 1.1 4.6 4

4 16 .6 6.4 4 .6 6.4 -4 1.1 5.6 -4 1.1 5.6 4

4 16 .6 6.4 -4 .6 6.4 4 0 6.45 4 0 6.45 -4



3 16 .6 6.4 -4 0 6.45 -4 0 7 -4

3 16 .6 6.4 -4 0 7 -4 6.2 6 -4

3 16 .6 6.4 -4 6.2 6 -4 1.1 5.6 -4

4 16 1.1 5.6 -4 6.2 6 -4 1.45 3.8 -4 1.1 4.6 -4

3 16 1.45 3.8 -4 6.2 6 -4 2 3.46 -4

4 16 10 6 -4 3.46 2 -4 2 3.46 -4 6.2 6 -4

4 16 10 6 -4 10 0 -4 8.948 -1.787 -3.998 3.46 2 -4

3 16 3.46 2 -4 8.948 -1.787 -3.998 4 0 -4

4 16 8.948 -1.787 -3.998 7.537 -3.782 -3.998 3.4 -2.1 -4 4 0 -4

3 16 3.4 -2.1 -4 7.537 -3.782 -3.998 6.158 -5.379 -3.999

4 16 6.158 -5.379 -3.999 4.529 -6.956 -4 3.4 -7 -4 3.4 -2.1 -4

3 16 3.4 -7 -4 4.529 -6.956 -4 3.8 -7.3 -4



3 16 0 6.45 4 .6 6.4 4 6.2 6 4

3 16 6.2 6 4 .6 6.4 4 1.1 5.6 4

3 16 0 7 4 .6 6.4 4 6.2 6 4

3 16 0 7 4 0 6.435 4 .6 6.4 4

4 16 1.45 3.8 4 6.2 6 4 1.1 5.6 4 1.1 4.6 4

3 16 6.2 6 4 1.45 3.8 4 2 3.46 4

4 16 2 3.46 4 3.46 2 4 10 6 4 6.2 6 4

4 16 8.948 -1.787 4.002 10 0 4 10 6 4 3.46 2 4

3 16 8.948 -1.787 4.002 3.46 2 4 4 0 4

4 16 3.4 -2.1 4 7.537 -3.782 4.002 8.948 -1.787 4.002 4 0 4

3 16 7.537 -3.782 4.002 3.4 -2.1 4 6.158 -5.379 4.001

4 16 3.4 -7 4 4.529 -6.956 4 6.158 -5.379 4.001 3.4 -2.1 4

3 16 4.529 -6.956 4 3.4 -7 4 3.8 -7.3 4



4 16 7 6 1.8 6.2 6 1.8 6.2 6 4 10 6 4

4 16 7 6 -1.8 7 6 1.8 10 6 4 10 6 -4

4 16 6.2 6 -4 6.2 6 -1.8 7 6 -1.8 10 6 -4

3 16 0 7 4 6.2 6 4 1.531 6.753 3.696

3 16 1.531 6.753 3.696 6.2 6 4 2.828 6.544 2.828

4 16 6.2 6 1.8 3.5 6.435 1.8 2.828 6.544 2.828 6.2 6 4

3 16 0 7 -4 1.531 6.753 -3.695 6.2 6 -4

3 16 6.2 6 -4 1.531 6.753 -3.695 2.828 6.544 -2.828

4 16 2.828 6.544 -2.828 3.5 6.435 -1.8 6.2 6 -1.8 6.2 6 -4

4 16 3.5 6.435 1.8 6.2 6 1.8 7 6 1.8 3.516 9.982 1.8

4 16 7 6 -1.8 6.2 6 -1.8 3.5 6.435 -1.8 3.516 9.982 -1.8

3 16 3.696 9.776 1.531 3.516 9.982 1.8 7 6 1.8

3 16 3.696 9.776 1.531 7 6 1.8 4 9.429 0

4 16 3.696 9.776 -1.531 4 9.429 0 7 6 1.8 7 6 -1.8

3 16 3.696 9.776 -1.531 7 6 -1.8 3.516 9.982 -1.8



5 24 8.949 -1.791 4.002 8.948 -1.787 -3.998 7.538 -3.787 4.002 10 0 4

5 24 7.537 -3.782 -3.998 7.538 -3.787 4.002 8.948 -1.787 -3.998 6.159 -5.383 4.001

5 24 6.158 -5.379 -3.999 6.159 -5.383 4.001 7.537 -3.782 -3.998 4.53 -6.961 4

5 24 4.529 -6.956 -4 4.53 -6.961 4 6.158 -5.379 -3.999 3.801 -7.304 4

5 24 3.801 -7.304 4 3.8 -7.3 -4 4.53 -6.961 4 3.4 -7 -4

5 24 3.4 -7 -4 3.4 -7 4 3.8 -7.3 -4 3.4 -2.1 4

5 24 3.4 -2.1 -4 3.4 -2.1 4 3.4 -7 -4 4 0 4

5 24 4 0 -4 4 0 4 3.4 -2.1 -4 3.46 2 4

5 24 3.46 2 -4 3.46 2 4 4 0 -4 2 3.46 4

5 24 2 3.46 -4 2 3.46 4 1.45 3.8 4 3.46 2 -4

5 24 1.45 3.8 -4 1.45 3.8 4 1.1 4.6 4 2 3.46 -4

5 24 1.1 4.6 -4 1.1 4.6 4 1.45 3.8 -4 1.1 5.6 4

5 24 1.1 5.6 -4 1.1 5.6 4 1.1 4.6 -4 .6 6.4 4

5 24 .6 6.4 4 .6 6.4 -4 1.1 5.6 -4 0 6.45 4



0 // Handle

1 16 0 6.435 0 2.82842 0 2.82843 0 22.565 0 -2.82843 0 2.82842 3-4cyli.dat



1 16 0 13 1 2 0 0 0 0 2 0 -1 0 4-4edge.dat

1 16 0 13 1 2 0 0 0 0 2 0 1 0 4-4disc.dat

1 16 0 29 0 4 0 0 0 2 0 0 0 4 4-8sphe.dat



2 24 0 11 -4 -.765 11.152 -3.848

2 24 -.765 11.152 -3.848 -1.414 11.586 -3.719

2 24 -1.414 11.586 -3.719 -1.531 11.76 -3.696

2 24 -1.531 11.76 -3.696 -1.848 12.235 -3.484

2 24 -1.848 12.235 -3.484 -2 13 -3.382

2 24 -2 13 -3.382 -1.848 13.765 -3.484

2 24 -1.848 13.765 -3.484 -1.531 14.24 -3.696

2 24 -1.531 14.24 -3.696 -1.414 14.414 -3.719

2 24 -1.414 14.414 -3.719 -.765 14.848 -3.848

2 24 -.765 14.848 -3.848 0 15 -4

2 24 0 15 -4 .765 14.848 -3.848

2 24 .765 14.848 -3.848 1.414 14.414 -3.719

2 24 1.414 14.414 -3.719 1.531 14.24 -3.696

2 24 1.531 14.24 -3.696 1.848 13.765 -3.484

2 24 1.848 13.765 -3.484 2 13 -3.382

2 24 2 13 -3.382 1.848 12.235 -3.484

2 24 1.848 12.235 -3.484 1.531 11.76 -3.696

2 24 1.531 11.76 -3.696 1.414 11.586 -3.719

2 24 1.414 11.586 -3.719 .765 11.152 -3.848

2 24 .765 11.152 -3.848 0 11 -4



3 16 -1.414 11.586 -3.719 -1.531 11.76 -3.696 -1.414 11.586 1

4 16 -1.531 11.76 -3.696 -1.848 12.235 -3.484 -1.848 12.235 1 -1.414 11.586 1

4 16 -1.848 12.235 -3.484 -2 13 -3.382 -2 13 1 -1.848 12.235 1

4 16 -1.414 14.414 -3.719 -.765 14.848 -3.848 -.765 14.848 1 -1.414 14.414 1

4 16 0 15 1 -.765 14.848 1 -.765 14.848 -3.848 0 15 -4

3 16 1.414 14.414 1 1.414 14.414 -3.719 1.531 14.24 -3.696

4 16 1.848 13.765 1 1.414 14.414 1 1.531 14.24 -3.696 1.848 13.765 -3.484

3 16 1.848 12.235 -3.484 1.531 11.76 -3.696 1.848 12.235 1

4 16 1.531 11.76 -3.696 1.414 11.586 -3.719 1.414 11.586 1 1.848 12.235 1

4 16 -.765 11.152 -3.848 -1.414 11.586 -3.719 -1.414 11.586 1 -.765 11.152 1

4 16 .765 11.152 -3.848 0 11 -4 0 11 1 .765 11.152 1

3 16 -1.848 13.765 1 -1.848 13.765 -3.484 -1.531 14.24 -3.696

4 16 -1.414 14.414 1 -1.848 13.765 1 -1.531 14.24 -3.696 -1.414 14.414 -3.719

4 16 .765 14.848 -3.848 1.414 14.414 -3.719 1.414 14.414 1 .765 14.848 1

4 16 2 13 1 1.848 13.765 1 1.848 13.765 -3.484 2 13 -3.382

4 16 -2 13 -3.382 -1.848 13.765 -3.484 -1.848 13.765 1 -2 13 1

4 16 2 13 -3.382 1.848 12.235 -3.484 1.848 12.235 1 2 13 1

4 16 1.414 11.586 -3.719 .765 11.152 -3.848 .765 11.152 1 1.414 11.586 1

4 16 0 15 1 0 15 -4 .765 14.848 -3.848 .765 14.848 1

4 16 0 11 1 0 11 -4 -.765 11.152 -3.848 -.765 11.152 1



5 24 0 11 1 0 11 -4 -.765 11.152 1 .765 11.152 1

5 24 1.414 11.586 1 1.414 11.586 -3.719 .765 11.152 1 1.848 12.235 1

5 24 -2 13 1 -2 13 -3.382 -1.848 13.765 1 -1.848 12.235 1

5 24 -1.414 14.414 1 -1.414 14.414 -3.719 -.765 14.848 1 -1.848 13.765 1

5 24 .765 11.152 1 .765 11.152 -3.848 0 11 1 1.414 11.586 1

5 24 .765 14.848 1 .765 14.848 -3.848 1.414 14.414 1 0 15 1

5 24 1.848 13.765 1 1.848 13.765 -3.484 2 13 1 1.414 14.414 1

5 24 -1.414 11.586 1 -1.414 11.586 -3.719 -1.848 12.235 1 -.765 11.152 1

5 24 0 15 1 0 15 -4 .765 14.848 1 -.765 14.848 1

5 24 -.765 11.152 1 -.765 11.152 -3.848 -1.414 11.586 1 0 11 1

5 24 -1.848 13.765 1 -1.848 13.765 -3.484 -1.414 14.414 1 -2 13 1

5 24 1.848 12.235 1 1.848 12.235 -3.484 1.414 11.586 1 2 13 1

5 24 -.765 14.848 1 -.765 14.848 -3.848 0 15 1 -1.414 14.414 1

5 24 -1.848 12.235 1 -1.848 12.235 -3.484 -2 13 1 -1.414 11.586 1

5 24 2 13 1 2 13 -3.382 1.848 12.235 1 1.848 13.765 1

5 24 1.414 14.414 1 1.414 14.414 -3.719 1.848 13.765 1 .765 14.848 1



4 16 -1.531 29 -3.696 0 29 -4 0 15 -4 -.765 14.848 -3.848

3 16 -1.531 29 -3.696 -.765 14.848 -3.848 -1.414 14.414 -3.719

3 16 -1.531 29 -3.696 -1.414 14.414 -3.719 -1.531 14.24 -3.696

4 16 -1.531 29 -3.696 -1.531 14.24 -3.696 -1.848 13.765 -3.484 -2.828 29 -2.828

3 16 -2.828 29 -2.828 -1.848 13.765 -3.484 -2 13 -3.382

3 16 -2.828 29 -2.828 -2 13 -3.382 -2.828 6.544 -2.828

3 16 -2.828 6.544 -2.828 -2 13 -3.382 -1.848 12.235 -3.484

4 16 -1.848 12.235 -3.484 -1.531 11.76 -3.696 -1.531 6.753 -3.696 -2.828 6.544 -2.828

3 16 -1.531 11.76 -3.696 -1.414 11.586 -3.719 -1.531 6.753 -3.696

3 16 -1.531 6.753 -3.696 -1.414 11.586 -3.719 -.765 11.152 -3.848

4 16 0 11 -4 0 7 -4 -1.531 6.753 -3.696 -.765 11.152 -3.848

4 16 0 11 -4 .765 11.152 -3.848 1.531 6.753 -3.695 0 7 -4

3 16 1.531 6.753 -3.695 .765 11.152 -3.848 1.414 11.586 -3.719

3 16 1.531 6.753 -3.695 1.414 11.586 -3.719 1.531 11.76 -3.696

4 16 1.531 6.753 -3.695 1.531 11.76 -3.696 1.848 12.235 -3.484 2.828 6.544 -2.828

3 16 2.828 6.544 -2.828 1.848 12.235 -3.484 2 13 -3.382

3 16 2.828 6.544 -2.828 2 13 -3.382 2.828 29 -2.828

3 16 2.828 29 -2.828 2 13 -3.382 1.848 13.765 -3.484

4 16 1.848 13.765 -3.484 1.531 14.24 -3.696 1.531 29 -3.696 2.828 29 -2.828

3 16 1.531 29 -3.696 1.531 14.24 -3.696 1.414 14.414 -3.719

3 16 1.531 29 -3.696 1.414 14.414 -3.719 .765 14.848 -3.848

4 16 1.531 29 -3.696 .765 14.848 -3.848 0 15 -4 0 29 -4



5 24 0 6.435 4 0 6.45 4 0 6.45 -4 -.6 6.4 -4

5 24 0 6.45 4 0 6.45 -4 -.6 6.4 -4 .6 6.4 -4

5 24 -2.828 6.544 -2.828 -2.8284 29 -2.8284 -1.531 6.753 -3.696 -3.5 6.435 -1.8

5 24 -1.531 11.76 -3.696 -1.531 6.753 -3.696 -2.828 6.544 -2.828 0 7 -4

5 24 0 11 -4 0 7 -4 -1.531 6.753 -3.696 1.531 6.753 -3.695

5 24 1.531 11.76 -3.696 1.531 6.753 -3.695 0 7 -4 2.828 6.544 -2.828

5 24 2.828 29 -2.828 2.828 6.544 -2.828 3.5 6.435 -1.8 1.531 6.753 -3.695

5 24 1.5308 29 -3.6956 1.531 14.24 -3.696 2.828 29 -2.828 0 29 -4

5 24 0 29 -4 0 15 -4 1.5308 29 -3.6956 -1.531 29 -3.696

5 24 -1.531 29 -3.696 -1.414 14.414 -3.719 -2.8284 29 -2.8284 0 29 -4

5 24 -2.828 6.544 -2.828 -2 13 -3.382 -1.848 12.235 -3.484 -2.8284 29 -2.8284

5 24 -2.828 6.544 -2.828 -1.848 12.235 -3.484 -1.531 11.76 -3.696 -2 13 -3.382

5 24 -1.531 6.753 -3.696 -1.414 11.586 -3.719 -1.531 11.76 -3.696 -.765 11.152 -3.848

5 24 -1.531 6.753 -3.696 -.765 11.152 -3.848 -1.414 11.586 -3.719 0 11 -4

5 24 1.531 6.753 -3.695 .765 11.152 -3.848 0 11 -4 1.414 11.586 -3.719

5 24 1.531 6.753 -3.695 1.414 11.586 -3.719 1.531 11.76 -3.696 .765 11.152 -3.848

5 24 2.828 6.544 -2.828 1.848 12.235 -3.484 1.531 11.76 -3.696 2 13 -3.382

5 24 2.828 6.544 -2.828 2 13 -3.382 1.848 12.235 -3.484 2.828 29 -2.828

5 24 2.828 29 -2.828 2 13 -3.382 2.828 6.544 -2.828 1.848 13.765 -3.484

5 24 2.828 29 -2.828 1.848 13.765 -3.484 2 13 -3.382 1.531 14.24 -3.696

5 24 1.5308 29 -3.6956 1.414 14.414 -3.719 .765 14.848 -3.848 1.531 14.24 -3.696

5 24 1.5308 29 -3.6956 .765 14.848 -3.848 1.414 14.414 -3.719 0 15 -4

5 24 -1.531 29 -3.696 -.765 14.848 -3.848 0 15 -4 -1.414 14.414 -3.719

5 24 -1.531 29 -3.696 -1.531 14.24 -3.696 -1.414 14.414 -3.719 -1.848 13.765 -3.484

5 24 -2.8284 29 -2.8284 -1.848 13.765 -3.484 -1.531 14.24 -3.696 -2 13 -3.382

5 24 -2.8284 29 -2.8284 -2 13 -3.382 -1.848 13.765 -3.484 -2.828 6.544 -2.828

0 NOFILE

0 FILE 3-4cyli.dat
0 Cylinder 0.75

0 Name: 3-4cyli.dat

0 Author: James Jessiman

0 !LDRAW_ORG Primitive UPDATE 2005-01

0 !LICENSE Licensed under CC BY 4.0 : see CAreadme.txt



0 BFC CERTIFY CCW



0 !HISTORY 2002-03-23 [sbliss] Added BFC statement; compacted code

0 !HISTORY 2002-04-25 [PTadmin] Official Update 2002-02

0 !HISTORY 2004-12-11 [nielsk] Recreated using Primitive Generator, Edge lines fixed, BFC changed to CCW

0 !HISTORY 2005-12-28 [PTadmin] Official Update 2005-01

0 !HISTORY 2007-06-24 [PTadmin] Header formatted for Contributor Agreement

0 !HISTORY 2008-07-01 [PTadmin] Official Update 2008-01





4 16 .9239 1 .3827 .9239 0 .3827 1 0 0 1 1 0

4 16 .7071 1 .7071 .7071 0 .7071 .9239 0 .3827 .9239 1 .3827

4 16 .3827 1 .9239 .3827 0 .9239 .7071 0 .7071 .7071 1 .7071

4 16 0 1 1 0 0 1 .3827 0 .9239 .3827 1 .9239

4 16 -.3827 1 .9239 -.3827 0 .9239 0 0 1 0 1 1

4 16 -.7071 1 .7071 -.7071 0 .7071 -.3827 0 .9239 -.3827 1 .9239

4 16 -.9239 1 .3827 -.9239 0 .3827 -.7071 0 .7071 -.7071 1 .7071

4 16 -1 1 0 -1 0 0 -.9239 0 .3827 -.9239 1 .3827

4 16 -.9239 1 -.3827 -.9239 0 -.3827 -1 0 0 -1 1 0

4 16 -.7071 1 -.7071 -.7071 0 -.7071 -.9239 0 -.3827 -.9239 1 -.3827

4 16 -.3827 1 -.9239 -.3827 0 -.9239 -.7071 0 -.7071 -.7071 1 -.7071

4 16 0 1 -1 0 0 -1 -.3827 0 -.9239 -.3827 1 -.9239

5 24 1 1 0 1 0 0 1 1 -.4142 .9239 1 .3827

5 24 .9239 1 .3827 .9239 0 .3827 1 1 0 .7071 1 .7071

5 24 .7071 1 .7071 .7071 0 .7071 .9239 1 .3827 .3827 1 .9239

5 24 .3827 1 .9239 .3827 0 .9239 .7071 1 .7071 0 1 1

5 24 0 1 1 0 0 1 .3827 1 .9239 -.3827 1 .9239

5 24 -.3827 1 .9239 -.3827 0 .9239 0 1 1 -.7071 1 .7071

5 24 -.7071 1 .7071 -.7071 0 .7071 -.3827 1 .9239 -.9239 1 .3827

5 24 -.9239 1 .3827 -.9239 0 .3827 -.7071 1 .7071 -1 1 0

5 24 -1 1 0 -1 0 0 -.9239 1 .3827 -.9239 1 -.3827

5 24 -.9239 1 -.3827 -.9239 0 -.3827 -1 1 0 -.7071 1 -.7071

5 24 -.7071 1 -.7071 -.7071 0 -.7071 -.9239 1 -.3827 -.3827 1 -.9239

5 24 -.3827 1 -.9239 -.3827 0 -.9239 -.7071 1 -.7071 0 1 -1

5 24 0 1 -1 0 0 -1 -.3827 1 -.9239 .4142 1 -1

0

0 NOFILE

0 FILE rect.dat
0 Rectangle

0 Name: rect.dat

0 Author: James Jessiman

0 !LDRAW_ORG Primitive UPDATE 2010-01

0 !LICENSE Licensed under CC BY 4.0 : see CAreadme.txt



0 BFC CERTIFY CCW



0 !HISTORY 2002-04-05 [hafhead] Added BFC statement

0 !HISTORY 2002-04-25 [PTadmin] Official Update 2002-02

0 !HISTORY 2007-06-24 [PTadmin] Header formatted for Contributor Agreement

0 !HISTORY 2008-07-01 [PTadmin] Official Update 2008-01

0 !HISTORY 2010-01-17 [mikeheide] changed winding to CCW

0 !HISTORY 2010-04-05 [PTadmin] Official Update 2010-01





2 24 1 0 1 -1 0 1

2 24 -1 0 1 -1 0 -1

2 24 -1 0 -1 1 0 -1

2 24 1 0 -1 1 0 1

4 16 -1 0 1 -1 0 -1 1 0 -1 1 0 1

0

0 NOFILE

0 FILE 87747.dat
0 Bar  0.5L with Curved Blade 2L

0 Name: 87747.dat

0 Author: Joerg Sommerer [Brickaneer]

0 !LDRAW_ORG Part UPDATE 2011-02

0 !LICENSE Licensed under CC BY 2.0 and CC BY 4.0 : see CAreadme.txt



0 BFC CERTIFY CCW



0 !CATEGORY Minifig Accessory

0 !KEYWORDS Claw, Horn



0 !HISTORY 2011-12-29 [PTadmin] Official Update 2011-02





2 24 0 -39.84 18.8 0 -39.89 17.346

2 24 0 -39.89 17.346 0 -37.8 12.36

2 24 0 -38.81 19.83 0 -39.84 18.8

2 24 0 -37.86 19.99 0 -38.81 19.83

2 24 0 -36.94 19.7 0 -37.86 19.99

2 24 0 -37.8 12.36 0 -35.09 7.69

2 24 0 -35.276 18.659 0 -36.94 19.7

2 24 0 -33.609 17.621 0 -35.276 18.659

2 24 0 -35.09 7.69 0 -31.79 3.41

2 24 0 -30.276 15.544 0 -33.609 17.621

2 24 0 -31.79 3.41 0 -27.98 -0.42

2 24 0 -26.943 13.467 0 -30.276 15.544

2 24 0 -27.98 -0.42 0 -24.21 -3.38

2 24 0 -25.28 12.43 0 -26.943 13.467

2 24 0 -23.61 11.39 0 -25.28 12.43

2 24 0 -24.21 -3.38 0 -20.13 -5.89

2 24 0 -22.07 10.58 0 -23.61 11.39

2 24 0 -20.44 9.98 0 -22.07 10.58

2 24 0 -18.74 9.62 0 -20.44 9.98

2 24 0 -20.13 -5.89 0 -17.03 -7.4

2 24 0 -17 9.5 0 -18.74 9.62

2 24 0 -17.03 -7.4 0 -13.8 -8.56

2 24 0 -12 9.5 0 -17 9.5

2 24 0 -13.8 -8.56 0 -10.43 -9.27

2 24 0 -7 9.5 0 -12 9.5

2 24 0 -10.43 -9.27 0 -7 -9.5

1 16 0 0 0 0 0 1 0 -1 0 -1 0 0 s__87747s00.dat

1 16 0 0 0 0 0 -1 0 -1 0 -1 0 0 s__87747s00.dat

5 24 0 0 10 0 -7 10 0.89 0 9.79 -0.89 -7 9.79

5 24 0 -7 -10 0 0 -10 0.89 0 -9.79 -0.89 -7 -9.79

3 16 -0.89 0 9.79 0 0 10 0.89 0 9.79

4 16 -1.6 0 9.2 -0.89 0 9.79 0.89 0 9.79 1.6 0 9.2

4 16 -6.7 0 2.4 -1.6 0 9.2 1.6 0 9.2 6.7 0 2.4

4 16 -7.295 0 1.265 -6.7 0 2.4 6.7 0 2.4 7.295 0 1.265

4 16 -7.5 0 0 -7.295 0 1.265 7.295 0 1.265 7.5 0 0

4 16 -7.295 0 -1.265 -7.5 0 0 7.5 0 0 7.295 0 -1.265

4 16 -6.7 0 -2.4 -7.295 0 -1.265 7.295 0 -1.265 6.7 0 -2.4

4 16 -1.6 0 -9.2 -6.7 0 -2.4 6.7 0 -2.4 1.6 0 -9.2

4 16 -0.89 0 -9.79 -1.6 0 -9.2 1.6 0 -9.2 0.89 0 -9.79

3 16 -0.89 0 -9.79 0.89 0 -9.79 0 0 -10

1 16 0 10 0 0 0 -4 0 -10 0 -4 0 0 4-4cylc.dat

0 NOFILE

0 FILE s__87747s00.dat
0 ~Bar  0.5L with Curved Blade 2L - Half

0 Name: s\87747s00.dat

0 Author: Joerg Sommerer [Brickaneer]

0 !LDRAW_ORG Subpart UPDATE 2011-02

0 !LICENSE Licensed under CC BY 2.0 and CC BY 4.0 : see CAreadme.txt



0 BFC CERTIFY CCW



0 !HISTORY 2011-12-29 [PTadmin] Official Update 2011-02





2 24 -10 7 0 -9.79 7 -0.84

2 24 -9.79 7 -0.84 -9.2 7 -1.49

2 24 -9.409 7 -0.43 -9.5 7 0

2 24 -9.26 7 -0.69 -9.409 7 -0.43

2 24 -8.81 7 -1.18 -9.26 7 -0.69

2 24 -9.2 7 -1.49 -2.4 7 -6.23

2 24 -7.9 7 -1.836 -8.81 7 -1.18

2 24 -5.933 7 -3.196 -7.9 7 -1.836

2 24 -3.34 7 -4.99 -5.933 7 -3.196

2 24 -2.08 7 -5.84 -3.34 7 -4.99

2 24 -2.4 7 -6.23 -1.265 7 -6.802

2 24 -0.71 7 -6.41 -2.08 7 -5.84

2 24 0 7 -7 -1.265 7 -6.802

2 24 0 7 -6.5 -0.71 7 -6.41

2 24 1.265 7 -6.802 0 7 -7

2 24 0.71 7 -6.41 0 7 -6.5

2 24 2.08 7 -5.84 0.71 7 -6.41

2 24 2.4 7 -6.23 1.265 7 -6.802

2 24 3.34 7 -4.99 2.08 7 -5.84

2 24 9.2 7 -1.49 2.4 7 -6.23

2 24 5.9364 7 -3.1964 3.34 7 -4.99

2 24 7.9 7 -1.84 5.9364 7 -3.1964

2 24 8.81 7 -1.18 7.9 7 -1.84

2 24 9.26 7 -0.69 8.81 7 -1.18

2 24 9.2 7 -1.49 9.79 7 -0.84

2 24 9.41 7 -0.43 9.26 7 -0.69

2 24 9.5 7 0 9.41 7 -0.43

2 24 10 7 0 9.79 7 -0.84

2 24 -9.79 0 -0.89 -10 0 0

2 24 -9.2 0 -1.6 -9.79 0 -0.89

2 24 -2.4 0 -6.7 -9.2 0 -1.6

2 24 -1.265 0 -7.295 -2.4 0 -6.7

2 24 0 0 -7.5 -1.265 0 -7.295

2 24 1.265 0 -7.295 0 0 -7.5

2 24 2.4 0 -6.7 1.265 0 -7.295

2 24 9.2 0 -1.6 2.4 0 -6.7

2 24 9.79 0 -0.89 9.2 0 -1.6

2 24 10 0 0 9.79 0 -0.89

3 16 -17.346 39.89 0 -17.493 38.914 -0.37 -18.232 38.869 -0.365

3 16 -18.232 38.869 -0.365 -18.887 39.143 -0.247 -17.346 39.89 0

3 16 -17.346 39.89 0 -18.887 39.143 -0.247 -18.8 39.84 0

3 16 -14.94 38.66 -0.15 -17.493 38.914 -0.37 -17.346 39.89 0

3 16 -17.346 39.89 0 -12.52 37.78 -0.05 -14.94 38.66 -0.15

3 16 -12.36 37.8 0 -12.52 37.78 -0.05 -17.346 39.89 0

3 16 -19.44 38.64 -0.28 -19.83 38.81 0 -18.8 39.84 0

3 16 -19.44 38.64 -0.28 -18.8 39.84 0 -18.887 39.143 -0.247

3 16 -18.887 39.143 -0.247 -18.7 38.44 -0.44 -19.44 38.64 -0.28

3 16 -18.887 39.143 -0.247 -18.232 38.869 -0.365 -18.7 38.44 -0.44

3 16 -18 38 -0.5 -18.232 38.869 -0.365 -17.493 38.914 -0.37

4 16 -18 38 -0.5 -17.493 38.914 -0.37 -15.246 38.024 -0.359 -16.093 37.034 -0.504

3 16 -17.493 38.914 -0.37 -14.94 38.66 -0.15 -15.246 38.024 -0.359

3 16 -18 38 -0.5 -18.7 38.44 -0.44 -18.232 38.869 -0.365

3 16 -19.99 37.86 0 -19.83 38.81 0 -19.44 38.64 -0.28

3 16 -14.94 38.66 -0.15 -13.09 36.94 -0.351 -15.246 38.024 -0.359

3 16 -12.61 37.58 -0.15 -13.09 36.94 -0.351 -14.94 38.66 -0.15

3 16 -14.94 38.66 -0.15 -12.52 37.78 -0.05 -12.61 37.58 -0.15

3 16 -19.44 38.64 -0.28 -19.48 38.03 -0.22 -19.99 37.86 0

3 16 -18.78 37.3 -0.37 -19.48 38.03 -0.22 -19.44 38.64 -0.28

3 16 -19.44 38.64 -0.28 -18.7 38.44 -0.44 -18.78 37.3 -0.37

3 16 -18.78 37.3 -0.37 -18.7 38.44 -0.44 -18 38 -0.5

3 16 -19.99 37.86 0 -19.48 38.03 -0.22 -19.7 36.94 0

3 16 -19.7 36.94 0 -19.48 38.03 -0.22 -18.78 37.3 -0.37

4 16 -15.246 38.024 -0.359 -13.09 36.94 -0.351 -14.278 35.877 -0.519 -16.093 37.034 -0.504

3 16 -18 38 -0.5 -17.317 36.047 -0.359 -18.78 37.3 -0.37

3 16 -16.093 37.034 -0.504 -17.317 36.047 -0.359 -18 38 -0.5

3 16 -12.52 37.78 -0.05 -12.36 37.8 0 -10.89 36.92 -0.06

3 16 -7.69 35.09 0 -10.89 36.92 -0.06 -12.36 37.8 0

3 16 -12.52 37.78 -0.05 -11.01 36.72 -0.15 -12.61 37.58 -0.15

3 16 -10.89 36.92 -0.06 -11.01 36.72 -0.15 -12.52 37.78 -0.05

3 16 -12.61 37.58 -0.15 -11.628 36.063 -0.347 -13.09 36.94 -0.351

3 16 -11.01 36.72 -0.15 -11.628 36.063 -0.347 -12.61 37.58 -0.15

3 16 -18.24 35.51 -0.15 -19.7 36.94 0 -18.78 37.3 -0.37

3 16 -18.24 35.51 -0.15 -18.78 37.3 -0.37 -17.317 36.047 -0.359

4 16 -17.317 36.047 -0.359 -16.093 37.034 -0.504 -14.278 35.877 -0.519 -15.91 34.678 -0.351

3 16 -18.24 35.51 -0.15 -18.659 35.276 0 -19.7 36.94 0

4 16 -13.09 36.94 -0.351 -11.628 36.063 -0.347 -13.055 34.952 -0.537 -14.278 35.877 -0.519

3 16 -10.89 36.92 -0.06 -7.941 34.774 -0.155 -11.01 36.72 -0.15

3 16 -7.75 34.99 -0.06 -7.941 34.774 -0.155 -10.89 36.92 -0.06

3 16 -10.89 36.92 -0.06 -7.69 35.09 0 -7.75 34.99 -0.06

3 16 -11.01 36.72 -0.15 -8.855 34.048 -0.352 -11.628 36.063 -0.347

3 16 -7.941 34.774 -0.155 -8.855 34.048 -0.352 -11.01 36.72 -0.15

3 16 -10.039 33.281 -0.553 -13.055 34.952 -0.537 -11.628 36.063 -0.347

4 16 -11.628 36.063 -0.347 -8.855 34.048 -0.352 -8.321 31.513 -0.618 -10.039 33.281 -0.553

3 16 -17.317 36.047 -0.359 -17.114 33.965 -0.148 -18.24 35.51 -0.15

3 16 -15.91 34.678 -0.351 -17.114 33.965 -0.148 -17.317 36.047 -0.359

4 16 -14.278 35.877 -0.519 -13.055 34.952 -0.537 -14.954 33.648 -0.347 -15.91 34.678 -0.351

3 16 -17.114 33.965 -0.148 -18.659 35.276 0 -18.24 35.51 -0.15

3 16 -18.659 35.276 0 -17.114 33.965 -0.148 -17.621 33.609 0

3 16 -7.69 35.09 0 -5.51 33.36 -0.07 -7.75 34.99 -0.06

3 16 -3.41 31.79 0 -5.51 33.36 -0.07 -7.69 35.09 0

3 16 -7.75 34.99 -0.06 -5.766 33.121 -0.164 -7.941 34.774 -0.155

3 16 -5.51 33.36 -0.07 -5.766 33.121 -0.164 -7.75 34.99 -0.06

3 16 -11.515 32.381 -0.553 -14.954 33.648 -0.347 -13.055 34.952 -0.537

4 16 -10.749 32.847 -0.601 -13.055 34.952 -0.537 -10.039 33.281 -0.553 -8.321 31.513 -0.618

3 16 -11.515 32.381 -0.553 -13.055 34.952 -0.537 -10.749 32.847 -0.601

4 16 -7.941 34.774 -0.155 -6.914 32.324 -0.372 -8.321 31.513 -0.618 -8.855 34.048 -0.352

3 16 -5.766 33.121 -0.164 -6.914 32.324 -0.372 -7.941 34.774 -0.155

3 16 -15.91 34.678 -0.351 -16.335 32.853 -0.149 -17.114 33.965 -0.148

3 16 -14.954 33.648 -0.347 -16.335 32.853 -0.149 -15.91 34.678 -0.351

3 16 -16.335 32.853 -0.149 -17.621 33.609 0 -17.114 33.965 -0.148

3 16 -14.954 33.648 -0.347 -14.81 30.58 -0.155 -16.335 32.853 -0.149

4 16 -14.81 30.58 -0.155 -14.954 33.648 -0.347 -11.515 32.381 -0.553 -11.826 29.668 -0.371

3 16 -17.621 33.609 0 -16.335 32.853 -0.149 -15.544 30.276 0

4 16 -5.766 33.121 -0.164 -5.51 33.36 -0.07 -3.389 31.583 -0.074 -3.708 31.315 -0.181

3 16 -5.51 33.36 -0.07 -3.41 31.79 0 -3.389 31.583 -0.074

4 16 -6.914 32.324 -0.372 -5.766 33.121 -0.164 -3.708 31.315 -0.181 -5.099 30.436 -0.412

3 16 -15.544 30.276 0 -16.335 32.853 -0.149 -14.81 30.58 -0.155

4 16 -10.749 32.847 -0.601 -9.146 31.067 -0.681 -10.024 30.594 -0.618 -11.515 32.381 -0.553

3 16 -10.749 32.847 -0.601 -8.321 31.513 -0.618 -9.146 31.067 -0.681

4 16 -10.595 27.809 -0.412 -11.826 29.668 -0.371 -11.515 32.381 -0.553 -10.024 30.594 -0.618

3 16 -6.914 32.324 -0.372 -6.724 29.586 -0.717 -8.321 31.513 -0.618

3 16 -5.099 30.436 -0.412 -6.724 29.586 -0.717 -6.914 32.324 -0.372

3 16 0.42 27.98 0 -0.887 29.141 -0.089 -3.41 31.79 0

3 16 -3.41 31.79 0 -0.887 29.141 -0.089 -1.698 29.978 -0.083

3 16 -3.41 31.79 0 -1.698 29.978 -0.083 -3.389 31.583 -0.074

4 16 -3.389 31.583 -0.074 -1.698 29.978 -0.083 -2.075 29.686 -0.202 -3.708 31.315 -0.181

4 16 -9.146 31.067 -0.681 -8.321 31.513 -0.618 -6.724 29.586 -0.717 -7.657 29.136 -0.797

4 16 -5.099 30.436 -0.412 -3.708 31.315 -0.181 -2.075 29.686 -0.202 -3.676 28.737 -0.467

4 16 -7.657 29.136 -0.797 -8.634 28.675 -0.717 -10.024 30.594 -0.618 -9.146 31.067 -0.681

4 16 -8.634 28.675 -0.717 -9.611 26.191 -0.467 -10.595 27.809 -0.412 -10.024 30.594 -0.618

4 16 -13.467 26.943 0 -15.544 30.276 0 -14.81 30.58 -0.155 -13.695 28.836 -0.164

3 16 -11.826 29.668 -0.371 -13.695 28.836 -0.164 -14.81 30.58 -0.155

3 16 -5.099 30.436 -0.412 -5.478 27.859 -0.834 -6.724 29.586 -0.717

3 16 -3.676 28.737 -0.467 -5.478 27.859 -0.834 -5.099 30.436 -0.412

4 16 -1.698 29.978 -0.083 -0.887 29.141 -0.089 -1.293 28.836 -0.216 -2.075 29.686 -0.202

4 16 -3.676 28.737 -0.467 -2.075 29.686 -0.202 -1.293 28.836 -0.216 -3 27.853 -0.504

3 16 -11.826 29.668 -0.371 -12.604 27.064 -0.181 -13.695 28.836 -0.164

4 16 -11.706 25.557 -0.202 -12.604 27.064 -0.181 -11.826 29.668 -0.371 -10.595 27.809 -0.412

4 16 -7.657 29.136 -0.797 -6.724 29.586 -0.717 -5.478 27.859 -0.834 -6.494 27.414 -0.931

4 16 -0.887 29.141 -0.089 0.286 27.843 -0.099 -0.165 27.52 -0.241 -1.293 28.836 -0.216

3 16 -0.887 29.141 -0.089 0.42 27.98 0 0.286 27.843 -0.099

4 16 -8.634 28.675 -0.717 -7.657 29.136 -0.797 -6.494 27.414 -0.931 -7.545 26.973 -0.833

4 16 -12.291 25.435 -0.083 -13.181 26.899 -0.074 -13.695 28.836 -0.164 -12.604 27.064 -0.181

3 16 -13.467 26.943 0 -13.695 28.836 -0.164 -13.181 26.899 -0.074

4 16 -2.034 26.491 -0.572 -3 27.853 -0.504 -1.293 28.836 -0.216 -0.165 27.52 -0.241

3 16 -3.676 28.737 -0.467 -4.889 26.965 -0.905 -5.478 27.859 -0.834

3 16 -3 27.853 -0.504 -4.889 26.965 -0.905 -3.676 28.737 -0.467

3 16 -7.545 26.973 -0.833 -9.611 26.191 -0.467 -8.634 28.675 -0.717

3 16 0.42 27.98 0 1.801 25.997 -0.114 0.286 27.843 -0.099

3 16 3.38 24.21 0 1.801 25.997 -0.114 0.42 27.98 0

4 16 -5.478 27.859 -0.834 -4.889 26.965 -0.905 -5.945 26.525 -1.011 -6.494 27.414 -0.931

3 16 -3 27.853 -0.504 -4.05 25.59 -1.03 -4.889 26.965 -0.905

3 16 -2.034 26.491 -0.572 -4.05 25.59 -1.03 -3 27.853 -0.504

3 16 0.286 27.843 -0.099 1.287 25.663 -0.282 -0.165 27.52 -0.241

3 16 1.801 25.997 -0.114 1.287 25.663 -0.282 0.286 27.843 -0.099

4 16 -9.611 26.191 -0.467 -11.264 24.799 -0.216 -11.706 25.557 -0.202 -10.595 27.809 -0.412

3 16 -0.165 27.52 -0.241 -0.81 24.61 -0.68 -2.034 26.491 -0.572

3 16 1.287 25.663 -0.282 -0.81 24.61 -0.68 -0.165 27.52 -0.241

4 16 -6.494 27.414 -0.931 -5.945 26.525 -1.011 -7.029 26.098 -0.905 -7.545 26.973 -0.833

3 16 -11.706 25.557 -0.202 -12.291 25.435 -0.083 -12.604 27.064 -0.181

3 16 -7.545 26.973 -0.833 -9.14 25.37 -0.5 -9.611 26.191 -0.467

3 16 -7.029 26.098 -0.905 -9.14 25.37 -0.5 -7.545 26.973 -0.833

3 16 -4.889 26.965 -0.905 -5.162 25.162 -1.153 -5.945 26.525 -1.011

3 16 -4.05 25.59 -1.03 -5.162 25.162 -1.153 -4.889 26.965 -0.905

3 16 -13.467 26.943 0 -12.291 25.435 -0.083 -12.43 25.28 0

3 16 -12.291 25.435 -0.083 -13.467 26.943 0 -13.181 26.899 -0.074

4 16 -7.029 26.098 -0.905 -5.945 26.525 -1.011 -5.162 25.162 -1.153 -6.292 24.762 -1.032

3 16 -2.034 26.491 -0.572 -3.01 23.72 -1.24 -4.05 25.59 -1.03

3 16 -0.81 24.61 -0.68 -3.01 23.72 -1.24 -2.034 26.491 -0.572

3 16 -9.14 25.37 -0.5 -11.264 24.799 -0.216 -9.611 26.191 -0.467

3 16 -7.029 26.098 -0.905 -8.451 24.117 -0.571 -9.14 25.37 -0.5

3 16 -6.292 24.762 -1.032 -8.451 24.117 -0.571 -7.029 26.098 -0.905

3 16 1.801 25.997 -0.114 2.638 23.75 -0.331 1.287 25.663 -0.282

3 16 3.213 24.07 -0.134 2.638 23.75 -0.331 1.801 25.997 -0.114

3 16 1.801 25.997 -0.114 3.38 24.21 0 3.213 24.07 -0.134

3 16 1.287 25.663 -0.282 0.304 22.715 -0.819 -0.81 24.61 -0.68

4 16 2.639 21.26 -0.672 0.304 22.715 -0.819 1.287 25.663 -0.282 2.638 23.75 -0.331

4 16 -5.162 25.162 -1.153 -4.05 25.59 -1.03 -3.01 23.72 -1.24 -4.2 23.31 -1.38

3 16 -11.706 25.557 -0.202 -11.85 24.7 -0.089 -12.291 25.435 -0.083

3 16 -11.264 24.799 -0.216 -11.85 24.7 -0.089 -11.706 25.557 -0.202

3 16 -11.85 24.7 -0.089 -12.43 25.28 0 -12.291 25.435 -0.083

3 16 -9.14 25.37 -0.5 -10.609 23.657 -0.241 -11.264 24.799 -0.216

3 16 -8.451 24.117 -0.571 -10.609 23.657 -0.241 -9.14 25.37 -0.5

3 16 -12.43 25.28 0 -11.85 24.7 -0.089 -11.39 23.61 0

4 16 -6.292 24.762 -1.032 -5.162 25.162 -1.153 -4.2 23.31 -1.38 -5.391 22.943 -1.238

3 16 -11.264 24.799 -0.216 -11.187 23.599 -0.099 -11.85 24.7 -0.089

4 16 -11.264 24.799 -0.216 -10.609 23.657 -0.241 -10.392 22.041 -0.114 -11.187 23.599 -0.099

3 16 -6.292 24.762 -1.032 -7.619 22.4 -0.683 -8.451 24.117 -0.571

4 16 -6.948 20.667 -0.818 -7.619 22.4 -0.683 -6.292 24.762 -1.032 -5.391 22.943 -1.238

3 16 -11.39 23.61 0 -11.85 24.7 -0.089 -11.187 23.599 -0.099

3 16 -0.81 24.61 -0.68 -2.08 21.86 -1.49 -3.01 23.72 -1.24

3 16 0.304 22.715 -0.819 -2.08 21.86 -1.49 -0.81 24.61 -0.68

4 16 3.213 24.07 -0.134 3.38 24.21 0 4.648 22.165 -0.056 4.518 22.076 -0.157

3 16 4.648 22.165 -0.056 3.38 24.21 0 5.89 20.13 0

3 16 -8.451 24.117 -0.571 -9.822 22.058 -0.282 -10.609 23.657 -0.241

4 16 -8.451 24.117 -0.571 -7.619 22.4 -0.683 -8.117 20.5 -0.56 -9.822 22.058 -0.282

3 16 3.213 24.07 -0.134 3.89 21.77 -0.393 2.638 23.75 -0.331

3 16 3.213 24.07 -0.134 4.518 22.076 -0.157 3.89 21.77 -0.393

3 16 2.639 21.26 -0.672 2.638 23.75 -0.331 3.89 21.77 -0.393

3 16 -3.01 23.72 -1.24 -3.35 21.48 -1.66 -4.2 23.31 -1.38

3 16 -2.08 21.86 -1.49 -3.35 21.48 -1.66 -3.01 23.72 -1.24

3 16 -9.822 22.058 -0.282 -10.392 22.041 -0.114 -10.609 23.657 -0.241

3 16 -11.187 23.599 -0.099 -10.58 22.07 0 -11.39 23.61 0

3 16 -10.392 22.041 -0.114 -10.58 22.07 0 -11.187 23.599 -0.099

4 16 -5.391 22.943 -1.238 -4.2 23.31 -1.38 -3.35 21.48 -1.66 -4.62 21.14 -1.49

3 16 -4.62 21.14 -1.49 -6.948 20.667 -0.818 -5.391 22.943 -1.238

3 16 0.068 20.366 -1.385 -2.08 21.86 -1.49 0.304 22.715 -0.819

3 16 0.068 20.366 -1.385 0.304 22.715 -0.819 1.336 20.786 -0.988

3 16 0.304 22.715 -0.819 2.639 21.26 -0.672 1.336 20.786 -0.988

3 16 -8.117 20.5 -0.56 -7.619 22.4 -0.683 -6.948 20.667 -0.818

3 16 4.648 22.165 -0.056 5.76 20.04 -0.15 4.518 22.076 -0.157

3 16 5.76 20.04 -0.15 4.648 22.165 -0.056 5.89 20.13 0

3 16 4.518 22.076 -0.157 5.276 19.816 -0.393 3.89 21.77 -0.393

3 16 5.276 19.816 -0.393 4.518 22.076 -0.157 5.63 19.97 -0.24

3 16 5.63 19.97 -0.24 4.518 22.076 -0.157 5.76 20.04 -0.15

4 16 -9.81 20.4 -0.13 -9.94 20.42 -0.05 -10.58 22.07 0 -10.392 22.041 -0.114

3 16 -10.58 22.07 0 -9.94 20.42 -0.05 -9.98 20.44 0

4 16 -9.24 20.393 -0.331 -9.65 20.385 -0.208 -10.392 22.041 -0.114 -9.822 22.058 -0.282

3 16 -9.822 22.058 -0.282 -8.117 20.5 -0.56 -9.24 20.393 -0.331

3 16 -10.392 22.041 -0.114 -9.65 20.385 -0.208 -9.81 20.4 -0.13

3 16 -2.08 21.86 -1.49 -2.6 19.63 -1.99 -3.35 21.48 -1.66

3 16 -1.23 19.98 -1.79 -2.6 19.63 -1.99 -2.08 21.86 -1.49

3 16 -2.08 21.86 -1.49 0.068 20.366 -1.385 -1.23 19.98 -1.79

3 16 4.616 19.57 -0.587 2.639 21.26 -0.672 3.89 21.77 -0.393

3 16 4.616 19.57 -0.587 3.89 21.77 -0.393 5.276 19.816 -0.393

4 16 -4.62 21.14 -1.49 -3.35 21.48 -1.66 -2.6 19.63 -1.99 -3.957 19.323 -1.787

4 16 4.616 19.57 -0.587 3.122 19.08 -0.955 1.336 20.786 -0.988 2.639 21.26 -0.672

3 16 -5.213 19.086 -1.384 -6.948 20.667 -0.818 -4.62 21.14 -1.49

3 16 -5.213 19.086 -1.384 -4.62 21.14 -1.49 -3.957 19.323 -1.787

4 16 3.122 19.08 -0.955 1.47 18.58 -1.474 0.068 20.366 -1.385 1.336 20.786 -0.988

3 16 -6.948 20.667 -0.818 -7.67 18.763 -0.672 -8.117 20.5 -0.56

3 16 -6.427 18.905 -0.988 -7.67 18.763 -0.672 -6.948 20.667 -0.818

3 16 -6.948 20.667 -0.818 -5.213 19.086 -1.384 -6.427 18.905 -0.988

3 16 -8.117 20.5 -0.56 -8.87 18.68 -0.39 -9.24 20.393 -0.331

3 16 -7.67 18.763 -0.672 -8.87 18.68 -0.39 -8.117 20.5 -0.56

3 16 -9.94 20.42 -0.05 -9.62 18.74 0 -9.98 20.44 0

3 16 -9.81 20.4 -0.13 -9.58 18.72 -0.06 -9.94 20.42 -0.05

3 16 -9.58 18.72 -0.06 -9.62 18.74 0 -9.94 20.42 -0.05

3 16 -9.65 20.385 -0.208 -9.46 18.69 -0.16 -9.81 20.4 -0.13

3 16 -9.46 18.69 -0.16 -9.58 18.72 -0.06 -9.81 20.4 -0.13

3 16 -9.24 20.393 -0.331 -9.29 18.68 -0.24 -9.65 20.385 -0.208

3 16 -8.87 18.68 -0.39 -9.29 18.68 -0.24 -9.24 20.393 -0.331

3 16 -9.29 18.68 -0.24 -9.46 18.69 -0.16 -9.65 20.385 -0.208

3 16 0.068 20.366 -1.385 -0.17 18.16 -2.06 -1.23 19.98 -1.79

3 16 1.47 18.58 -1.474 -0.17 18.16 -2.06 0.068 20.366 -1.385

4 16 7.22 16.93 -0.24 5.76 20.04 -0.15 5.89 20.13 0 7.36 17 -0.09

3 16 7.36 17 -0.09 5.89 20.13 0 7.4 17.03 0

3 16 5.76 20.04 -0.15 7.03 16.85 -0.38 5.63 19.97 -0.24

3 16 7.22 16.93 -0.24 7.03 16.85 -0.38 5.76 20.04 -0.15

3 16 -1.33 17.89 -2.34 -2.6 19.63 -1.99 -1.23 19.98 -1.79

3 16 -1.33 17.89 -2.34 -1.23 19.98 -1.79 -0.17 18.16 -2.06

3 16 5.63 19.97 -0.24 6.504 16.682 -0.614 5.276 19.816 -0.393

3 16 7.03 16.85 -0.38 6.504 16.682 -0.614 5.63 19.97 -0.24

3 16 6.504 16.682 -0.614 4.616 19.57 -0.587 5.276 19.816 -0.393

3 16 -2.53 17.65 -2.34 -3.957 19.323 -1.787 -2.6 19.63 -1.99

3 16 -2.6 19.63 -1.99 -1.33 17.89 -2.34 -1.93 17.77 -2.39

3 16 -2.53 17.65 -2.34 -2.6 19.63 -1.99 -1.93 17.77 -2.39

3 16 4.616 19.57 -0.587 5.015 16.275 -1.081 3.122 19.08 -0.955

3 16 5.015 16.275 -1.081 4.616 19.57 -0.587 6.504 16.682 -0.614

4 16 -5.213 19.086 -1.384 -3.957 19.323 -1.787 -5.267 17.214 -1.474 -6.856 17.048 -0.955

3 16 -3.67 17.44 -2.06 -5.267 17.214 -1.474 -3.957 19.323 -1.787

3 16 -3.957 19.323 -1.787 -2.53 17.65 -2.34 -3.67 17.44 -2.06

3 16 -6.856 17.048 -0.955 -6.427 18.905 -0.988 -5.213 19.086 -1.384

3 16 3.478 15.9 -1.597 1.47 18.58 -1.474 3.122 19.08 -0.955

3 16 3.478 15.9 -1.597 3.122 19.08 -0.955 5.015 16.275 -1.081

4 16 -8.291 16.947 -0.587 -7.67 18.763 -0.672 -6.427 18.905 -0.988 -6.856 17.048 -0.955

3 16 -8.291 16.947 -0.587 -8.87 18.68 -0.39 -7.67 18.763 -0.672

3 16 -9.58 18.72 -0.06 -9.5 17 0 -9.62 18.74 0

3 16 -9.46 18.69 -0.16 -9.47 16.98 -0.05 -9.58 18.72 -0.06

3 16 -9.47 16.98 -0.05 -9.5 17 0 -9.58 18.72 -0.06

3 16 -9.38 16.959 -0.152 -9.47 16.98 -0.05 -9.46 18.69 -0.16

3 16 -9.29 18.68 -0.24 -9.38 16.959 -0.152 -9.46 18.69 -0.16

3 16 -9.255 16.943 -0.24 -9.38 16.959 -0.152 -9.29 18.68 -0.24

3 16 -8.87 18.68 -0.39 -9.255 16.943 -0.24 -9.29 18.68 -0.24

3 16 -8.923 16.93 -0.393 -9.255 16.943 -0.24 -8.87 18.68 -0.39

3 16 -8.87 18.68 -0.39 -8.291 16.947 -0.587 -8.923 16.93 -0.393

3 16 1.47 18.58 -1.474 0.5 15.28 -2.82 -0.17 18.16 -2.06

3 16 2.01 15.57 -2.21 0.5 15.28 -2.82 1.47 18.58 -1.474

3 16 1.47 18.58 -1.474 3.478 15.9 -1.597 2.01 15.57 -2.21

3 16 0.5 15.28 -2.82 -1.33 17.89 -2.34 -0.17 18.16 -2.06

3 16 -1.33 17.89 -2.34 -1.12 15.01 -3.12 -1.93 17.77 -2.39

3 16 -1.12 15.01 -3.12 -1.33 17.89 -2.34 0.5 15.28 -2.82

3 16 -1.12 15.01 -3.12 -2.53 17.65 -2.34 -1.93 17.77 -2.39

3 16 -2.53 17.65 -2.34 -2.73 14.79 -2.82 -3.67 17.44 -2.06

3 16 -2.73 14.79 -2.82 -2.53 17.65 -2.34 -1.12 15.01 -3.12

3 16 -3.67 17.44 -2.06 -4.22 14.63 -2.21 -5.267 17.214 -1.474

3 16 -2.73 14.79 -2.82 -4.22 14.63 -2.21 -3.67 17.44 -2.06

4 16 -5.267 17.214 -1.474 -5.662 14.526 -1.596 -7.677 14.43 -0.926 -6.856 17.048 -0.955

3 16 -4.22 14.63 -2.21 -5.662 14.526 -1.596 -5.267 17.214 -1.474

3 16 -6.856 17.048 -0.955 -7.677 14.43 -0.926 -8.291 16.947 -0.587

3 16 7.4 17.03 0 8.52 13.77 -0.11 7.36 17 -0.09

3 16 8.56 13.8 0 8.52 13.77 -0.11 7.4 17.03 0

3 16 -9.5 17 0 -9.46 14.48 -0.09 -9.5 12 0

3 16 -9.46 14.48 -0.09 -9.5 17 0 -9.47 16.98 -0.05

3 16 7.36 17 -0.09 8.39 13.71 -0.31 7.22 16.93 -0.24

3 16 8.52 13.77 -0.11 8.39 13.71 -0.31 7.36 17 -0.09

3 16 -9.38 16.959 -0.152 -9.46 14.48 -0.09 -9.47 16.98 -0.05

3 16 -9.334 14.449 -0.239 -9.46 14.48 -0.09 -9.38 16.959 -0.152

4 16 -9.255 16.943 -0.24 -9.143 14.429 -0.376 -9.334 14.449 -0.239 -9.38 16.959 -0.152

3 16 -8.291 16.947 -0.587 -8.63 14.414 -0.614 -8.923 16.93 -0.393

3 16 -7.677 14.43 -0.926 -8.63 14.414 -0.614 -8.291 16.947 -0.587

4 16 -8.923 16.93 -0.393 -8.63 14.414 -0.614 -9.143 14.429 -0.376 -9.255 16.943 -0.24

3 16 7.22 16.93 -0.24 8.19 13.65 -0.49 7.03 16.85 -0.38

3 16 8.39 13.71 -0.31 8.19 13.65 -0.49 7.22 16.93 -0.24

4 16 7.03 16.85 -0.38 7.634 13.514 -0.808 6.589 13.298 -1.235 6.504 16.682 -0.614

3 16 8.19 13.65 -0.49 7.634 13.514 -0.808 7.03 16.85 -0.38

3 16 6.504 16.682 -0.614 6.589 13.298 -1.235 5.015 16.275 -1.081

3 16 5.015 16.275 -1.081 4.39 12.89 -2.13 3.478 15.9 -1.597

3 16 6.589 13.298 -1.235 4.39 12.89 -2.13 5.015 16.275 -1.081

3 16 3.478 15.9 -1.597 2.82 12.64 -2.93 2.01 15.57 -2.21

3 16 4.39 12.89 -2.13 2.82 12.64 -2.93 3.478 15.9 -1.597

3 16 2.01 15.57 -2.21 1.23 12.41 -3.68 0.5 15.28 -2.82

3 16 2.82 12.64 -2.93 1.23 12.41 -3.68 2.01 15.57 -2.21

3 16 0.38 12.31 -3.95 -1.12 15.01 -3.12 0.5 15.28 -2.82

3 16 0.38 12.31 -3.95 0.5 15.28 -2.82 1.23 12.41 -3.68

3 16 -1.38 12.14 -3.94 -2.73 14.79 -2.82 -1.12 15.01 -3.12

3 16 -1.38 12.14 -3.94 -1.12 15.01 -3.12 -0.5 12.22 -4.05

3 16 -1.12 15.01 -3.12 0.38 12.31 -3.95 -0.5 12.22 -4.05

3 16 -2.73 14.79 -2.82 -3.818 11.976 -2.926 -4.22 14.63 -2.21

3 16 -2.23 12.07 -3.68 -3.818 11.976 -2.926 -2.73 14.79 -2.82

3 16 -2.73 14.79 -2.82 -1.38 12.14 -3.94 -2.23 12.07 -3.68

3 16 -4.22 14.63 -2.21 -5.368 11.922 -2.134 -5.662 14.526 -1.596

3 16 -3.818 11.976 -2.926 -5.368 11.922 -2.134 -4.22 14.63 -2.21

3 16 -5.662 14.526 -1.596 -7.552 11.893 -1.235 -7.677 14.43 -0.926

3 16 -5.368 11.922 -2.134 -7.552 11.893 -1.235 -5.662 14.526 -1.596

3 16 -9.5 12 0 -9.46 14.48 -0.09 -9.468 11.982 -0.109

3 16 -9.334 14.449 -0.239 -9.468 11.982 -0.109 -9.46 14.48 -0.09

3 16 -9.34 11.951 -0.309 -9.468 11.982 -0.109 -9.334 14.449 -0.239

3 16 -9.143 14.429 -0.376 -9.34 11.951 -0.309 -9.334 14.449 -0.239

3 16 -7.677 14.43 -0.926 -8.589 11.903 -0.808 -8.63 14.414 -0.614

4 16 -7.552 11.893 -1.235 -8.515 9.427 -1.09 -8.589 11.903 -0.808 -7.677 14.43 -0.926

3 16 -9.141 11.929 -0.489 -9.34 11.951 -0.309 -9.143 14.429 -0.376

3 16 -8.63 14.414 -0.614 -9.141 11.929 -0.489 -9.143 14.429 -0.376

3 16 -8.589 11.903 -0.808 -9.141 11.929 -0.489 -8.63 14.414 -0.614

3 16 8.56 13.8 0 9.24 10.42 -0.14 8.52 13.77 -0.11

3 16 9.27 10.43 0 9.24 10.42 -0.14 8.56 13.8 0

3 16 8.52 13.77 -0.11 9.11 10.38 -0.4 8.39 13.71 -0.31

3 16 9.24 10.42 -0.14 9.11 10.38 -0.4 8.52 13.77 -0.11

3 16 8.39 13.71 -0.31 8.9 10.35 -0.64 8.19 13.65 -0.49

3 16 9.11 10.38 -0.4 8.9 10.35 -0.64 8.39 13.71 -0.31

3 16 8.19 13.65 -0.49 8.31 10.26 -1.07 7.634 13.514 -0.808

3 16 8.9 10.35 -0.64 8.31 10.26 -1.07 8.19 13.65 -0.49

3 16 7.634 13.514 -0.808 7.217 10.138 -1.64 6.589 13.298 -1.235

3 16 8.31 10.26 -1.07 7.217 10.138 -1.64 7.634 13.514 -0.808

3 16 6.589 13.298 -1.235 4.94 9.91 -2.81 4.39 12.89 -2.13

3 16 7.217 10.138 -1.64 4.94 9.91 -2.81 6.589 13.298 -1.235

3 16 4.94 9.91 -2.81 2.82 9.72 -4.13 4.39 12.89 -2.13

3 16 4.39 12.89 -2.13 2.82 9.72 -4.13 2.82 12.64 -2.93

3 16 2.82 12.64 -2.93 1.72 9.64 -4.71 1.23 12.41 -3.68

3 16 2.82 9.72 -4.13 1.72 9.64 -4.71 2.82 12.64 -2.93

3 16 1.23 12.41 -3.68 0.82 9.58 -5.05 0.38 12.31 -3.95

3 16 1.72 9.64 -4.71 0.82 9.58 -5.05 1.23 12.41 -3.68

3 16 0.38 12.31 -3.95 -0.13 9.53 -5.18 -0.5 12.22 -4.05

3 16 0.82 9.58 -5.05 -0.13 9.53 -5.18 0.38 12.31 -3.95

4 16 -0.5 12.22 -4.05 -0.13 9.53 -5.18 -1.08 9.49 -5.04 -1.38 12.14 -3.94

3 16 -1.38 12.14 -3.94 -2 9.46 -4.7 -2.23 12.07 -3.68

3 16 -1.08 9.49 -5.04 -2 9.46 -4.7 -1.38 12.14 -3.94

3 16 -2.23 12.07 -3.68 -3.61 9.414 -3.789 -3.818 11.976 -2.926

3 16 -2 9.46 -4.7 -3.61 9.414 -3.789 -2.23 12.07 -3.68

3 16 -9.474 9.487 -0.144 -9.5 12 0 -9.468 11.982 -0.109

3 16 -9.5 12 0 -9.474 9.487 -0.144 -9.5 7 0

3 16 -9.34 11.951 -0.309 -9.474 9.487 -0.144 -9.468 11.982 -0.109

4 16 -7.435 9.41 -1.65 -5.368 11.922 -2.134 -3.818 11.976 -2.926 -5.187 9.403 -2.812

3 16 -3.61 9.414 -3.789 -5.187 9.403 -2.812 -3.818 11.976 -2.926

3 16 -9.344 9.466 -0.41 -9.474 9.487 -0.144 -9.34 11.951 -0.309

3 16 -9.141 11.929 -0.489 -9.344 9.466 -0.41 -9.34 11.951 -0.309

3 16 -9.128 9.45 -0.654 -9.344 9.466 -0.41 -9.141 11.929 -0.489

3 16 -8.589 11.903 -0.808 -9.128 9.45 -0.654 -9.141 11.929 -0.489

3 16 -5.368 11.922 -2.134 -7.435 9.41 -1.65 -7.552 11.893 -1.235

3 16 -8.515 9.427 -1.09 -9.128 9.45 -0.654 -8.589 11.903 -0.808

3 16 -7.435 9.41 -1.65 -8.515 9.427 -1.09 -7.552 11.893 -1.235

4 16 9.41 7 -0.43 9.24 10.42 -0.14 9.27 10.43 0 9.5 7 0

3 16 9.24 10.42 -0.14 9.41 7 -0.43 9.11 10.38 -0.4

4 16 8.9 10.35 -0.64 9.11 10.38 -0.4 9.26 7 -0.69 8.81 7 -1.18

3 16 9.41 7 -0.43 9.26 7 -0.69 9.11 10.38 -0.4

4 16 8.9 10.35 -0.64 8.81 7 -1.18 7.9 7 -1.84 8.31 10.26 -1.07

3 16 8.31 10.26 -1.07 7.9 7 -1.84 7.217 10.138 -1.64

3 16 7.217 10.138 -1.64 5.9364 7 -3.1964 4.94 9.91 -2.81

3 16 7.9 7 -1.84 5.9364 7 -3.1964 7.217 10.138 -1.64

3 16 4.94 9.91 -2.81 3.34 7 -4.99 2.82 9.72 -4.13

3 16 5.9364 7 -3.1964 3.34 7 -4.99 4.94 9.91 -2.81

3 16 2.82 9.72 -4.13 2.08 7 -5.84 1.72 9.64 -4.71

3 16 3.34 7 -4.99 2.08 7 -5.84 2.82 9.72 -4.13

3 16 2.08 7 -5.84 0.71 7 -6.41 1.72 9.64 -4.71

3 16 1.72 9.64 -4.71 0.71 7 -6.41 0.82 9.58 -5.05

4 16 0.82 9.58 -5.05 0.71 7 -6.41 0 7 -6.5 -0.13 9.53 -5.18

3 16 -0.13 9.53 -5.18 -0.71 7 -6.41 -1.08 9.49 -5.04

3 16 0 7 -6.5 -0.71 7 -6.41 -0.13 9.53 -5.18

3 16 -0.71 7 -6.41 -2.08 7 -5.84 -1.08 9.49 -5.04

3 16 -1.08 9.49 -5.04 -2.08 7 -5.84 -2 9.46 -4.7

3 16 -9.5 7 0 -9.474 9.487 -0.144 -9.409 7 -0.43

3 16 -9.409 7 -0.43 -9.474 9.487 -0.144 -9.344 9.466 -0.41

3 16 -9.128 9.45 -0.654 -9.409 7 -0.43 -9.344 9.466 -0.41

3 16 -2 9.46 -4.7 -3.34 7 -4.99 -3.61 9.414 -3.789

3 16 -2.08 7 -5.84 -3.34 7 -4.99 -2 9.46 -4.7

3 16 -9.26 7 -0.69 -9.409 7 -0.43 -9.128 9.45 -0.654

3 16 -8.515 9.427 -1.09 -9.26 7 -0.69 -9.128 9.45 -0.654

3 16 -8.81 7 -1.18 -9.26 7 -0.69 -8.515 9.427 -1.09

3 16 -7.435 9.41 -1.65 -8.81 7 -1.18 -8.515 9.427 -1.09

3 16 -3.34 7 -4.99 -5.933 7 -3.196 -3.61 9.414 -3.789

3 16 -5.933 7 -3.196 -5.187 9.403 -2.812 -3.61 9.414 -3.789

3 16 -7.9 7 -1.836 -8.81 7 -1.18 -7.435 9.41 -1.65

3 16 -5.187 9.403 -2.812 -7.9 7 -1.836 -7.435 9.41 -1.65

3 16 -7.9 7 -1.836 -5.187 9.403 -2.812 -5.933 7 -3.196

4 16 -9.5 7 0 -9.409 7 -0.43 -9.79 7 -0.84 -10 7 0

4 16 -9.2 7 -1.49 -9.79 7 -0.84 -9.409 7 -0.43 -9.26 7 -0.69

3 16 -9.2 7 -1.49 -9.26 7 -0.69 -8.81 7 -1.18

4 16 -9.2 7 -1.49 -7.9 7 -1.836 -5.933 7 -3.196 -2.4 7 -6.23

3 16 -8.81 7 -1.18 -7.9 7 -1.836 -9.2 7 -1.49

3 16 -2.4 7 -6.23 -5.933 7 -3.196 -3.34 7 -4.99

3 16 -3.34 7 -4.99 -2.08 7 -5.84 -2.4 7 -6.23

4 16 -1.265 7 -6.802 -2.4 7 -6.23 -2.08 7 -5.84 -0.71 7 -6.41

4 16 -0.71 7 -6.41 0 7 -6.5 0 7 -7 -1.265 7 -6.802

4 16 1.265 7 -6.802 0 7 -7 0 7 -6.5 0.71 7 -6.41

4 16 0.71 7 -6.41 2.08 7 -5.84 2.4 7 -6.23 1.265 7 -6.802

3 16 2.4 7 -6.23 2.08 7 -5.84 3.34 7 -4.99

3 16 3.34 7 -4.99 5.9364 7 -3.1964 2.4 7 -6.23

4 16 2.4 7 -6.23 5.9364 7 -3.1964 7.9 7 -1.84 9.2 7 -1.49

3 16 9.2 7 -1.49 7.9 7 -1.84 8.81 7 -1.18

3 16 8.81 7 -1.18 9.26 7 -0.69 9.2 7 -1.49

4 16 9.26 7 -0.69 9.41 7 -0.43 9.79 7 -0.84 9.2 7 -1.49

4 16 10 7 0 9.79 7 -0.84 9.41 7 -0.43 9.5 7 0

4 16 -9.79 0 -0.89 -10 0 0 -10 7 0 -9.79 7 -0.84

3 16 -9.2 7 -1.49 -9.2 0 -1.6 -9.79 7 -0.84

3 16 -9.79 7 -0.84 -9.2 0 -1.6 -9.79 0 -0.89

3 16 -9.2 7 -1.49 -2.4 0 -6.7 -9.2 0 -1.6

3 16 -2.4 7 -6.23 -2.4 0 -6.7 -9.2 7 -1.49

4 16 -2.4 0 -6.7 -2.4 7 -6.23 -1.265 7 -6.802 -1.265 0 -7.295

4 16 -1.265 7 -6.802 0 7 -7 0 0 -7.5 -1.265 0 -7.295

4 16 1.265 0 -7.295 0 0 -7.5 0 7 -7 1.265 7 -6.802

4 16 2.4 7 -6.23 2.4 0 -6.7 1.265 0 -7.295 1.265 7 -6.802

3 16 2.4 7 -6.23 9.2 0 -1.6 2.4 0 -6.7

3 16 9.2 7 -1.49 9.2 0 -1.6 2.4 7 -6.23

3 16 9.2 7 -1.49 9.79 0 -0.89 9.2 0 -1.6

3 16 9.79 7 -0.84 9.79 0 -0.89 9.2 7 -1.49

4 16 9.79 7 -0.84 10 7 0 10 0 0 9.79 0 -0.89

5 24 -17.346 39.89 0 -18.232 38.869 -0.365 -18.887 39.143 -0.247 -17.493 38.914 -0.37

5 24 -18.887 39.143 -0.247 -17.346 39.89 0 -18.232 38.869 -0.365 -18.8 39.84 0

5 24 -17.346 39.89 0 -17.493 38.914 -0.37 -18.232 38.869 -0.365 -14.94 38.66 -0.15

5 24 -17.346 39.89 0 -14.94 38.66 -0.15 -17.493 38.914 -0.37 -12.52 37.78 -0.05

5 24 -17.346 39.89 0 -12.52 37.78 -0.05 -14.94 38.66 -0.15 -12.36 37.8 0

5 24 -18.8 39.84 0 -19.44 38.64 -0.28 -19.83 38.81 0 -18.887 39.143 -0.247

5 24 -18.887 39.143 -0.247 -18.8 39.84 0 -17.346 39.89 0 -19.44 38.64 -0.28

5 24 -18.887 39.143 -0.247 -19.44 38.64 -0.28 -18.8 39.84 0 -18.7 38.44 -0.44

5 24 -18.887 39.143 -0.247 -18.7 38.44 -0.44 -19.44 38.64 -0.28 -18.232 38.869 -0.365

5 24 -18.232 38.869 -0.365 -18.887 39.143 -0.247 -17.346 39.89 0 -18.7 38.44 -0.44

5 24 -17.493 38.914 -0.37 -18.232 38.869 -0.365 -18.887 39.143 -0.247 -18 38 -0.5

5 24 -17.493 38.914 -0.37 -18 38 -0.5 -18.232 38.869 -0.365 -15.246 38.024 -0.359

5 24 -14.94 38.66 -0.15 -17.493 38.914 -0.37 -17.346 39.89 0 -15.246 38.024 -0.359

5 24 -17.493 38.914 -0.37 -15.246 38.024 -0.359 -18 38 -0.5 -14.94 38.66 -0.15

5 24 -18.232 38.869 -0.365 -18.7 38.44 -0.44 -18.887 39.143 -0.247 -18 38 -0.5

5 24 -18 38 -0.5 -18.232 38.869 -0.365 -17.493 38.914 -0.37 -18.7 38.44 -0.44

5 24 -19.44 38.64 -0.28 -19.83 38.81 0 -18.8 39.84 0 -19.99 37.86 0

5 24 -14.94 38.66 -0.15 -15.246 38.024 -0.359 -17.493 38.914 -0.37 -13.09 36.94 -0.351

5 24 -14.94 38.66 -0.15 -13.09 36.94 -0.351 -15.246 38.024 -0.359 -12.61 37.58 -0.15

5 24 -12.52 37.78 -0.05 -14.94 38.66 -0.15 -17.346 39.89 0 -12.61 37.58 -0.15

5 24 -14.94 38.66 -0.15 -12.61 37.58 -0.15 -13.09 36.94 -0.351 -12.52 37.78 -0.05

5 24 -19.44 38.64 -0.28 -19.99 37.86 0 -19.83 38.81 0 -19.48 38.03 -0.22

5 24 -19.44 38.64 -0.28 -19.48 38.03 -0.22 -19.99 37.86 0 -18.78 37.3 -0.37

5 24 -18.7 38.44 -0.44 -19.44 38.64 -0.28 -18.887 39.143 -0.247 -18.78 37.3 -0.37

5 24 -19.44 38.64 -0.28 -18.78 37.3 -0.37 -19.48 38.03 -0.22 -18.7 38.44 -0.44

5 24 -18.7 38.44 -0.44 -18.78 37.3 -0.37 -19.44 38.64 -0.28 -18 38 -0.5

5 24 -18 38 -0.5 -18.7 38.44 -0.44 -18.232 38.869 -0.365 -18.78 37.3 -0.37

5 24 -19.48 38.03 -0.22 -19.99 37.86 0 -19.44 38.64 -0.28 -19.7 36.94 0

5 24 -19.48 38.03 -0.22 -19.7 36.94 0 -19.99 37.86 0 -18.78 37.3 -0.37

5 24 -18.78 37.3 -0.37 -19.48 38.03 -0.22 -19.44 38.64 -0.28 -19.7 36.94 0

5 24 -15.246 38.024 -0.359 -16.093 37.034 -0.504 -18 38 -0.5 -13.09 36.94 -0.351

5 24 -13.09 36.94 -0.351 -15.246 38.024 -0.359 -14.94 38.66 -0.15 -14.278 35.877 -0.519

5 24 -18 38 -0.5 -18.78 37.3 -0.37 -18.7 38.44 -0.44 -17.317 36.047 -0.359

5 24 -16.093 37.034 -0.504 -18 38 -0.5 -17.493 38.914 -0.37 -17.317 36.047 -0.359

5 24 -18 38 -0.5 -17.317 36.047 -0.359 -18.78 37.3 -0.37 -16.093 37.034 -0.504

5 24 -12.36 37.8 0 -12.52 37.78 -0.05 -17.346 39.89 0 -10.89 36.92 -0.06

5 24 -12.36 37.8 0 -10.89 36.92 -0.06 -12.52 37.78 -0.05 -7.69 35.09 0

5 24 -12.52 37.78 -0.05 -12.61 37.58 -0.15 -14.94 38.66 -0.15 -11.01 36.72 -0.15

5 24 -12.52 37.78 -0.05 -11.01 36.72 -0.15 -12.61 37.58 -0.15 -10.89 36.92 -0.06

5 24 -10.89 36.92 -0.06 -12.52 37.78 -0.05 -12.36 37.8 0 -11.01 36.72 -0.15

5 24 -12.61 37.58 -0.15 -13.09 36.94 -0.351 -14.94 38.66 -0.15 -11.628 36.063 -0.347

5 24 -12.61 37.58 -0.15 -11.628 36.063 -0.347 -13.09 36.94 -0.351 -11.01 36.72 -0.15

5 24 -11.01 36.72 -0.15 -12.61 37.58 -0.15 -12.52 37.78 -0.05 -11.628 36.063 -0.347

5 24 -18.78 37.3 -0.37 -19.7 36.94 0 -19.48 38.03 -0.22 -18.24 35.51 -0.15

5 24 -17.317 36.047 -0.359 -18.78 37.3 -0.37 -18 38 -0.5 -18.24 35.51 -0.15

5 24 -18.78 37.3 -0.37 -18.24 35.51 -0.15 -19.7 36.94 0 -17.317 36.047 -0.359

5 24 -16.093 37.034 -0.504 -17.317 36.047 -0.359 -18 38 -0.5 -14.278 35.877 -0.519

5 24 -14.278 35.877 -0.519 -16.093 37.034 -0.504 -15.246 38.024 -0.359 -17.317 36.047 -0.359

5 24 -18.24 35.51 -0.15 -19.7 36.94 0 -18.78 37.3 -0.37 -18.659 35.276 0

5 24 -13.09 36.94 -0.351 -14.278 35.877 -0.519 -15.246 38.024 -0.359 -13.055 34.952 -0.537

5 24 -11.628 36.063 -0.347 -13.09 36.94 -0.351 -12.61 37.58 -0.15 -13.055 34.952 -0.537

5 24 -10.89 36.92 -0.06 -11.01 36.72 -0.15 -12.52 37.78 -0.05 -7.941 34.774 -0.155

5 24 -10.89 36.92 -0.06 -7.941 34.774 -0.155 -11.01 36.72 -0.15 -7.75 34.99 -0.06

5 24 -10.89 36.92 -0.06 -7.75 34.99 -0.06 -7.941 34.774 -0.155 -7.69 35.09 0

5 24 -7.69 35.09 0 -10.89 36.92 -0.06 -12.36 37.8 0 -7.75 34.99 -0.06

5 24 -11.01 36.72 -0.15 -11.628 36.063 -0.347 -12.61 37.58 -0.15 -8.855 34.048 -0.352

5 24 -11.01 36.72 -0.15 -8.855 34.048 -0.352 -11.628 36.063 -0.347 -7.941 34.774 -0.155

5 24 -7.941 34.774 -0.155 -11.01 36.72 -0.15 -10.89 36.92 -0.06 -8.855 34.048 -0.352

5 24 -11.628 36.063 -0.347 -13.055 34.952 -0.537 -13.09 36.94 -0.351 -10.039 33.281 -0.553

5 24 -11.628 36.063 -0.347 -10.039 33.281 -0.553 -13.055 34.952 -0.537 -8.855 34.048 -0.352

5 24 -8.855 34.048 -0.352 -11.628 36.063 -0.347 -11.01 36.72 -0.15 -8.321 31.513 -0.618

5 24 -17.317 36.047 -0.359 -18.24 35.51 -0.15 -18.78 37.3 -0.37 -17.114 33.965 -0.148

5 24 -15.91 34.678 -0.351 -17.317 36.047 -0.359 -16.093 37.034 -0.504 -17.114 33.965 -0.148

5 24 -17.317 36.047 -0.359 -17.114 33.965 -0.148 -18.24 35.51 -0.15 -15.91 34.678 -0.351

5 24 -14.278 35.877 -0.519 -15.91 34.678 -0.351 -17.317 36.047 -0.359 -13.055 34.952 -0.537

5 24 -13.055 34.952 -0.537 -14.278 35.877 -0.519 -13.09 36.94 -0.351 -14.954 33.648 -0.347

5 24 -18.24 35.51 -0.15 -18.659 35.276 0 -19.7 36.94 0 -17.114 33.965 -0.148

5 24 -17.114 33.965 -0.148 -18.24 35.51 -0.15 -17.317 36.047 -0.359 -18.659 35.276 0

5 24 -17.114 33.965 -0.148 -18.659 35.276 0 -18.24 35.51 -0.15 -17.621 33.609 0

5 24 -7.69 35.09 0 -7.75 34.99 -0.06 -10.89 36.92 -0.06 -5.51 33.36 -0.07

5 24 -7.69 35.09 0 -5.51 33.36 -0.07 -7.75 34.99 -0.06 -3.41 31.79 0

5 24 -7.75 34.99 -0.06 -7.941 34.774 -0.155 -10.89 36.92 -0.06 -5.766 33.121 -0.164

5 24 -7.75 34.99 -0.06 -5.766 33.121 -0.164 -7.941 34.774 -0.155 -5.51 33.36 -0.07

5 24 -5.51 33.36 -0.07 -7.75 34.99 -0.06 -7.69 35.09 0 -5.766 33.121 -0.164

5 24 -13.055 34.952 -0.537 -14.954 33.648 -0.347 -14.278 35.877 -0.519 -11.515 32.381 -0.553

5 24 -10.749 32.847 -0.601 -13.055 34.952 -0.537 -10.039 33.281 -0.553 -11.515 32.381 -0.553

5 24 -10.039 33.281 -0.553 -13.055 34.952 -0.537 -11.628 36.063 -0.347 -10.749 32.847 -0.601

5 24 -13.055 34.952 -0.537 -11.515 32.381 -0.553 -14.954 33.648 -0.347 -10.749 32.847 -0.601

5 24 -7.941 34.774 -0.155 -8.855 34.048 -0.352 -11.01 36.72 -0.15 -6.914 32.324 -0.372

5 24 -7.941 34.774 -0.155 -6.914 32.324 -0.372 -8.855 34.048 -0.352 -5.766 33.121 -0.164

5 24 -5.766 33.121 -0.164 -7.941 34.774 -0.155 -7.75 34.99 -0.06 -6.914 32.324 -0.372

5 24 -15.91 34.678 -0.351 -17.114 33.965 -0.148 -17.317 36.047 -0.359 -16.335 32.853 -0.149

5 24 -15.91 34.678 -0.351 -16.335 32.853 -0.149 -17.114 33.965 -0.148 -14.954 33.648 -0.347

5 24 -14.954 33.648 -0.347 -15.91 34.678 -0.351 -14.278 35.877 -0.519 -16.335 32.853 -0.149

5 24 -8.855 34.048 -0.352 -8.321 31.513 -0.618 -11.628 36.063 -0.347 -7.941 34.774 -0.155

5 24 -17.114 33.965 -0.148 -17.621 33.609 0 -18.659 35.276 0 -16.335 32.853 -0.149

5 24 -16.335 32.853 -0.149 -17.114 33.965 -0.148 -15.91 34.678 -0.351 -17.621 33.609 0

5 24 -14.954 33.648 -0.347 -16.335 32.853 -0.149 -15.91 34.678 -0.351 -14.81 30.58 -0.155

5 24 -11.515 32.381 -0.553 -14.954 33.648 -0.347 -13.055 34.952 -0.537 -14.81 30.58 -0.155

5 24 -14.954 33.648 -0.347 -14.81 30.58 -0.155 -16.335 32.853 -0.149 -11.515 32.381 -0.553

5 24 -16.335 32.853 -0.149 -17.621 33.609 0 -17.114 33.965 -0.148 -15.544 30.276 0

5 24 -5.51 33.36 -0.07 -5.766 33.121 -0.164 -7.75 34.99 -0.06 -3.389 31.583 -0.074

5 24 -5.51 33.36 -0.07 -3.389 31.583 -0.074 -5.766 33.121 -0.164 -3.41 31.79 0

5 24 -3.41 31.79 0 -5.51 33.36 -0.07 -7.69 35.09 0 -3.389 31.583 -0.074

5 24 -8.321 31.513 -0.618 -10.039 33.281 -0.553 -11.628 36.063 -0.347 -10.749 32.847 -0.601

5 24 -6.914 32.324 -0.372 -5.766 33.121 -0.164 -5.099 30.436 -0.412 -7.941 34.774 -0.155

5 24 -3.708 31.315 -0.181 -5.766 33.121 -0.164 -5.51 33.36 -0.07 -6.914 32.324 -0.372

5 24 -14.81 30.58 -0.155 -16.335 32.853 -0.149 -14.954 33.648 -0.347 -15.544 30.276 0

5 24 -16.335 32.853 -0.149 -15.544 30.276 0 -17.621 33.609 0 -14.81 30.58 -0.155

5 24 -10.749 32.847 -0.601 -11.515 32.381 -0.553 -13.055 34.952 -0.537 -9.146 31.067 -0.681

5 24 -10.749 32.847 -0.601 -9.146 31.067 -0.681 -10.024 30.594 -0.618 -8.321 31.513 -0.618

5 24 -8.321 31.513 -0.618 -10.749 32.847 -0.601 -13.055 34.952 -0.537 -9.146 31.067 -0.681

5 24 -11.515 32.381 -0.553 -11.826 29.668 -0.371 -14.81 30.58 -0.155 -10.595 27.809 -0.412

5 24 -10.024 30.594 -0.618 -11.515 32.381 -0.553 -10.749 32.847 -0.601 -10.595 27.809 -0.412

5 24 -6.914 32.324 -0.372 -8.321 31.513 -0.618 -7.941 34.774 -0.155 -6.724 29.586 -0.717

5 24 -6.914 32.324 -0.372 -6.724 29.586 -0.717 -8.321 31.513 -0.618 -5.099 30.436 -0.412

5 24 -5.099 30.436 -0.412 -6.914 32.324 -0.372 -5.766 33.121 -0.164 -6.724 29.586 -0.717

5 24 -0.887 29.141 -0.089 -3.41 31.79 0 0.42 27.98 0 -1.698 29.978 -0.083

5 24 -1.698 29.978 -0.083 -3.41 31.79 0 -0.887 29.141 -0.089 -3.389 31.583 -0.074

5 24 -3.41 31.79 0 -3.389 31.583 -0.074 -5.51 33.36 -0.07 -1.698 29.978 -0.083

5 24 -3.389 31.583 -0.074 -3.708 31.315 -0.181 -5.766 33.121 -0.164 -1.698 29.978 -0.083

5 24 -1.698 29.978 -0.083 -3.389 31.583 -0.074 -3.41 31.79 0 -2.075 29.686 -0.202

5 24 -9.146 31.067 -0.681 -8.321 31.513 -0.618 -6.724 29.586 -0.717 -10.749 32.847 -0.601

5 24 -6.724 29.586 -0.717 -8.321 31.513 -0.618 -6.914 32.324 -0.372 -9.146 31.067 -0.681

5 24 -3.708 31.315 -0.181 -5.099 30.436 -0.412 -6.914 32.324 -0.372 -2.075 29.686 -0.202

5 24 -2.075 29.686 -0.202 -3.708 31.315 -0.181 -3.389 31.583 -0.074 -5.099 30.436 -0.412

5 24 -9.146 31.067 -0.681 -10.024 30.594 -0.618 -10.749 32.847 -0.601 -7.657 29.136 -0.797

5 24 -7.657 29.136 -0.797 -9.146 31.067 -0.681 -8.321 31.513 -0.618 -8.634 28.675 -0.717

5 24 -10.024 30.594 -0.618 -10.595 27.809 -0.412 -11.826 29.668 -0.371 -8.634 28.675 -0.717

5 24 -8.634 28.675 -0.717 -10.024 30.594 -0.618 -7.657 29.136 -0.797 -9.611 26.191 -0.467

5 24 -15.544 30.276 0 -14.81 30.58 -0.155 -13.467 26.943 0 -16.335 32.853 -0.149

5 24 -11.826 29.668 -0.371 -14.81 30.58 -0.155 -14.954 33.648 -0.347 -13.695 28.836 -0.164

5 24 -14.81 30.58 -0.155 -13.695 28.836 -0.164 -13.467 26.943 0 -11.826 29.668 -0.371

5 24 -5.099 30.436 -0.412 -6.724 29.586 -0.717 -6.914 32.324 -0.372 -5.478 27.859 -0.834

5 24 -5.099 30.436 -0.412 -5.478 27.859 -0.834 -6.724 29.586 -0.717 -3.676 28.737 -0.467

5 24 -3.676 28.737 -0.467 -5.099 30.436 -0.412 -3.708 31.315 -0.181 -5.478 27.859 -0.834

5 24 -1.698 29.978 -0.083 -2.075 29.686 -0.202 -3.389 31.583 -0.074 -0.887 29.141 -0.089

5 24 -1.698 29.978 -0.083 -0.887 29.141 -0.089 -1.293 28.836 -0.216 -3.41 31.79 0

5 24 -3.676 28.737 -0.467 -2.075 29.686 -0.202 -1.293 28.836 -0.216 -5.099 30.436 -0.412

5 24 -1.293 28.836 -0.216 -2.075 29.686 -0.202 -1.698 29.978 -0.083 -3.676 28.737 -0.467

5 24 -11.826 29.668 -0.371 -13.695 28.836 -0.164 -14.81 30.58 -0.155 -12.604 27.064 -0.181

5 24 -11.826 29.668 -0.371 -12.604 27.064 -0.181 -13.695 28.836 -0.164 -10.595 27.809 -0.412

5 24 -10.595 27.809 -0.412 -11.826 29.668 -0.371 -11.515 32.381 -0.553 -11.706 25.557 -0.202

5 24 -6.724 29.586 -0.717 -7.657 29.136 -0.797 -9.146 31.067 -0.681 -5.478 27.859 -0.834

5 24 -5.478 27.859 -0.834 -6.724 29.586 -0.717 -5.099 30.436 -0.412 -7.657 29.136 -0.797

5 24 -0.887 29.141 -0.089 -1.293 28.836 -0.216 -1.698 29.978 -0.083 0.286 27.843 -0.099

5 24 -0.887 29.141 -0.089 0.286 27.843 -0.099 -0.165 27.52 -0.241 0.42 27.98 0

5 24 0.42 27.98 0 -0.887 29.141 -0.089 -3.41 31.79 0 0.286 27.843 -0.099

5 24 -7.657 29.136 -0.797 -8.634 28.675 -0.717 -10.024 30.594 -0.618 -6.494 27.414 -0.931

5 24 -6.494 27.414 -0.931 -7.657 29.136 -0.797 -6.724 29.586 -0.717 -8.634 28.675 -0.717

5 24 -12.604 27.064 -0.181 -13.695 28.836 -0.164 -11.826 29.668 -0.371 -12.291 25.435 -0.083

5 24 -13.181 26.899 -0.074 -13.695 28.836 -0.164 -12.291 25.435 -0.083 -13.467 26.943 0

5 24 -13.695 28.836 -0.164 -13.467 26.943 0 -15.544 30.276 0 -13.181 26.899 -0.074

5 24 -1.293 28.836 -0.216 -3 27.853 -0.504 -3.676 28.737 -0.467 -2.034 26.491 -0.572

5 24 -0.165 27.52 -0.241 -1.293 28.836 -0.216 -0.887 29.141 -0.089 -2.034 26.491 -0.572

5 24 -3.676 28.737 -0.467 -5.478 27.859 -0.834 -5.099 30.436 -0.412 -4.889 26.965 -0.905

5 24 -3.676 28.737 -0.467 -4.889 26.965 -0.905 -5.478 27.859 -0.834 -3 27.853 -0.504

5 24 -3 27.853 -0.504 -3.676 28.737 -0.467 -2.075 29.686 -0.202 -4.889 26.965 -0.905

5 24 -8.634 28.675 -0.717 -9.611 26.191 -0.467 -10.595 27.809 -0.412 -7.545 26.973 -0.833

5 24 -7.545 26.973 -0.833 -8.634 28.675 -0.717 -7.657 29.136 -0.797 -9.611 26.191 -0.467

5 24 0.42 27.98 0 0.286 27.843 -0.099 -0.887 29.141 -0.089 1.801 25.997 -0.114

5 24 0.42 27.98 0 1.801 25.997 -0.114 0.286 27.843 -0.099 3.38 24.21 0

5 24 -5.478 27.859 -0.834 -6.494 27.414 -0.931 -7.657 29.136 -0.797 -4.889 26.965 -0.905

5 24 -4.889 26.965 -0.905 -5.478 27.859 -0.834 -3.676 28.737 -0.467 -5.945 26.525 -1.011

5 24 -3 27.853 -0.504 -4.889 26.965 -0.905 -3.676 28.737 -0.467 -4.05 25.59 -1.03

5 24 -3 27.853 -0.504 -4.05 25.59 -1.03 -4.889 26.965 -0.905 -2.034 26.491 -0.572

5 24 -2.034 26.491 -0.572 -3 27.853 -0.504 -1.293 28.836 -0.216 -4.05 25.59 -1.03

5 24 0.286 27.843 -0.099 1.287 25.663 -0.282 -0.165 27.52 -0.241 1.801 25.997 -0.114

5 24 1.801 25.997 -0.114 0.286 27.843 -0.099 0.42 27.98 0 1.287 25.663 -0.282

5 24 -10.595 27.809 -0.412 -11.706 25.557 -0.202 -12.604 27.064 -0.181 -9.611 26.191 -0.467

5 24 -9.611 26.191 -0.467 -10.595 27.809 -0.412 -8.634 28.675 -0.717 -11.264 24.799 -0.216

5 24 -0.165 27.52 -0.241 -2.034 26.491 -0.572 -3 27.853 -0.504 -0.81 24.61 -0.68

5 24 -0.165 27.52 -0.241 -0.81 24.61 -0.68 -2.034 26.491 -0.572 1.287 25.663 -0.282

5 24 1.287 25.663 -0.282 -0.165 27.52 -0.241 0.286 27.843 -0.099 -0.81 24.61 -0.68

5 24 -6.494 27.414 -0.931 -7.545 26.973 -0.833 -8.634 28.675 -0.717 -5.945 26.525 -1.011

5 24 -5.945 26.525 -1.011 -6.494 27.414 -0.931 -5.478 27.859 -0.834 -7.029 26.098 -0.905

5 24 -11.706 25.557 -0.202 -12.604 27.064 -0.181 -11.826 29.668 -0.371 -12.291 25.435 -0.083

5 24 -12.604 27.064 -0.181 -12.291 25.435 -0.083 -13.181 26.899 -0.074 -11.706 25.557 -0.202

5 24 -7.545 26.973 -0.833 -9.611 26.191 -0.467 -8.634 28.675 -0.717 -9.14 25.37 -0.5

5 24 -7.545 26.973 -0.833 -9.14 25.37 -0.5 -9.611 26.191 -0.467 -7.029 26.098 -0.905

5 24 -7.029 26.098 -0.905 -7.545 26.973 -0.833 -6.494 27.414 -0.931 -9.14 25.37 -0.5

5 24 -4.889 26.965 -0.905 -5.945 26.525 -1.011 -5.478 27.859 -0.834 -5.162 25.162 -1.153

5 24 -4.889 26.965 -0.905 -5.162 25.162 -1.153 -5.945 26.525 -1.011 -4.05 25.59 -1.03

5 24 -4.05 25.59 -1.03 -4.889 26.965 -0.905 -3 27.853 -0.504 -5.162 25.162 -1.153

5 24 -13.467 26.943 0 -12.291 25.435 -0.083 -12.43 25.28 0 -13.181 26.899 -0.074

5 24 -13.181 26.899 -0.074 -13.467 26.943 0 -13.695 28.836 -0.164 -12.291 25.435 -0.083

5 24 -12.291 25.435 -0.083 -13.181 26.899 -0.074 -13.695 28.836 -0.164 -13.467 26.943 0

5 24 -5.945 26.525 -1.011 -7.029 26.098 -0.905 -6.494 27.414 -0.931 -5.162 25.162 -1.153

5 24 -5.162 25.162 -1.153 -5.945 26.525 -1.011 -4.889 26.965 -0.905 -7.029 26.098 -0.905

5 24 -2.034 26.491 -0.572 -4.05 25.59 -1.03 -3 27.853 -0.504 -3.01 23.72 -1.24

5 24 -2.034 26.491 -0.572 -3.01 23.72 -1.24 -4.05 25.59 -1.03 -0.81 24.61 -0.68

5 24 -0.81 24.61 -0.68 -2.034 26.491 -0.572 -0.165 27.52 -0.241 -3.01 23.72 -1.24

5 24 -9.611 26.191 -0.467 -11.264 24.799 -0.216 -11.706 25.557 -0.202 -9.14 25.37 -0.5

5 24 -9.14 25.37 -0.5 -9.611 26.191 -0.467 -7.545 26.973 -0.833 -11.264 24.799 -0.216

5 24 -7.029 26.098 -0.905 -9.14 25.37 -0.5 -7.545 26.973 -0.833 -8.451 24.117 -0.571

5 24 -7.029 26.098 -0.905 -8.451 24.117 -0.571 -9.14 25.37 -0.5 -6.292 24.762 -1.032

5 24 -6.292 24.762 -1.032 -7.029 26.098 -0.905 -5.945 26.525 -1.011 -8.451 24.117 -0.571

5 24 1.801 25.997 -0.114 1.287 25.663 -0.282 0.286 27.843 -0.099 2.638 23.75 -0.331

5 24 1.801 25.997 -0.114 2.638 23.75 -0.331 1.287 25.663 -0.282 3.213 24.07 -0.134

5 24 1.801 25.997 -0.114 3.213 24.07 -0.134 2.638 23.75 -0.331 3.38 24.21 0

5 24 3.38 24.21 0 1.801 25.997 -0.114 0.42 27.98 0 3.213 24.07 -0.134

5 24 1.287 25.663 -0.282 -0.81 24.61 -0.68 -0.165 27.52 -0.241 0.304 22.715 -0.819

5 24 1.287 25.663 -0.282 0.304 22.715 -0.819 -0.81 24.61 -0.68 2.639 21.26 -0.672

5 24 2.638 23.75 -0.331 1.287 25.663 -0.282 1.801 25.997 -0.114 2.639 21.26 -0.672

5 24 -4.05 25.59 -1.03 -5.162 25.162 -1.153 -4.889 26.965 -0.905 -3.01 23.72 -1.24

5 24 -3.01 23.72 -1.24 -4.05 25.59 -1.03 -2.034 26.491 -0.572 -5.162 25.162 -1.153

5 24 -11.706 25.557 -0.202 -11.85 24.7 -0.089 -12.291 25.435 -0.083 -11.264 24.799 -0.216

5 24 -11.264 24.799 -0.216 -11.706 25.557 -0.202 -9.611 26.191 -0.467 -11.85 24.7 -0.089

5 24 -12.291 25.435 -0.083 -12.43 25.28 0 -13.467 26.943 0 -11.85 24.7 -0.089

5 24 -11.85 24.7 -0.089 -12.291 25.435 -0.083 -11.706 25.557 -0.202 -12.43 25.28 0

5 24 -9.14 25.37 -0.5 -11.264 24.799 -0.216 -9.611 26.191 -0.467 -10.609 23.657 -0.241

5 24 -9.14 25.37 -0.5 -10.609 23.657 -0.241 -11.264 24.799 -0.216 -8.451 24.117 -0.571

5 24 -8.451 24.117 -0.571 -9.14 25.37 -0.5 -7.029 26.098 -0.905 -10.609 23.657 -0.241

5 24 -11.85 24.7 -0.089 -12.43 25.28 0 -12.291 25.435 -0.083 -11.39 23.61 0

5 24 -5.162 25.162 -1.153 -6.292 24.762 -1.032 -7.029 26.098 -0.905 -4.2 23.31 -1.38

5 24 -4.2 23.31 -1.38 -5.162 25.162 -1.153 -4.05 25.59 -1.03 -6.292 24.762 -1.032

5 24 -11.264 24.799 -0.216 -11.85 24.7 -0.089 -11.706 25.557 -0.202 -11.187 23.599 -0.099

5 24 -10.609 23.657 -0.241 -11.264 24.799 -0.216 -9.14 25.37 -0.5 -10.392 22.041 -0.114

5 24 -11.264 24.799 -0.216 -11.187 23.599 -0.099 -11.85 24.7 -0.089 -10.609 23.657 -0.241

5 24 -6.292 24.762 -1.032 -8.451 24.117 -0.571 -7.029 26.098 -0.905 -7.619 22.4 -0.683

5 24 -6.292 24.762 -1.032 -7.619 22.4 -0.683 -8.451 24.117 -0.571 -6.948 20.667 -0.818

5 24 -5.391 22.943 -1.238 -6.292 24.762 -1.032 -5.162 25.162 -1.153 -6.948 20.667 -0.818

5 24 -11.187 23.599 -0.099 -11.85 24.7 -0.089 -11.264 24.799 -0.216 -11.39 23.61 0

5 24 -11.85 24.7 -0.089 -11.39 23.61 0 -12.43 25.28 0 -11.187 23.599 -0.099

5 24 -0.81 24.61 -0.68 -3.01 23.72 -1.24 -2.034 26.491 -0.572 -2.08 21.86 -1.49

5 24 -0.81 24.61 -0.68 -2.08 21.86 -1.49 -3.01 23.72 -1.24 0.304 22.715 -0.819

5 24 0.304 22.715 -0.819 -0.81 24.61 -0.68 1.287 25.663 -0.282 -2.08 21.86 -1.49

5 24 3.38 24.21 0 3.213 24.07 -0.134 1.801 25.997 -0.114 4.648 22.165 -0.056

5 24 4.648 22.165 -0.056 3.38 24.21 0 5.89 20.13 0 3.213 24.07 -0.134

5 24 -8.451 24.117 -0.571 -10.609 23.657 -0.241 -9.14 25.37 -0.5 -9.822 22.058 -0.282

5 24 -8.451 24.117 -0.571 -9.822 22.058 -0.282 -10.609 23.657 -0.241 -7.619 22.4 -0.683

5 24 -7.619 22.4 -0.683 -8.451 24.117 -0.571 -6.292 24.762 -1.032 -8.117 20.5 -0.56

5 24 3.213 24.07 -0.134 2.638 23.75 -0.331 1.801 25.997 -0.114 3.89 21.77 -0.393

5 24 3.213 24.07 -0.134 3.89 21.77 -0.393 2.638 23.75 -0.331 4.518 22.076 -0.157

5 24 4.518 22.076 -0.157 3.213 24.07 -0.134 3.38 24.21 0 3.89 21.77 -0.393

5 24 2.638 23.75 -0.331 2.639 21.26 -0.672 0.304 22.715 -0.819 3.89 21.77 -0.393

5 24 3.89 21.77 -0.393 2.638 23.75 -0.331 3.213 24.07 -0.134 2.639 21.26 -0.672

5 24 -3.01 23.72 -1.24 -4.2 23.31 -1.38 -5.162 25.162 -1.153 -3.35 21.48 -1.66

5 24 -3.01 23.72 -1.24 -3.35 21.48 -1.66 -4.2 23.31 -1.38 -2.08 21.86 -1.49

5 24 -2.08 21.86 -1.49 -3.01 23.72 -1.24 -0.81 24.61 -0.68 -3.35 21.48 -1.66

5 24 -9.822 22.058 -0.282 -10.609 23.657 -0.241 -8.451 24.117 -0.571 -10.392 22.041 -0.114

5 24 -10.609 23.657 -0.241 -10.392 22.041 -0.114 -11.264 24.799 -0.216 -9.822 22.058 -0.282

5 24 -11.187 23.599 -0.099 -11.39 23.61 0 -11.85 24.7 -0.089 -10.58 22.07 0

5 24 -10.392 22.041 -0.114 -11.187 23.599 -0.099 -11.264 24.799 -0.216 -10.58 22.07 0

5 24 -11.187 23.599 -0.099 -10.58 22.07 0 -11.39 23.61 0 -10.392 22.041 -0.114

5 24 -4.2 23.31 -1.38 -5.391 22.943 -1.238 -6.292 24.762 -1.032 -3.35 21.48 -1.66

5 24 -3.35 21.48 -1.66 -4.2 23.31 -1.38 -3.01 23.72 -1.24 -5.391 22.943 -1.238

5 24 -5.391 22.943 -1.238 -6.948 20.667 -0.818 -7.619 22.4 -0.683 -4.62 21.14 -1.49

5 24 -4.62 21.14 -1.49 -5.391 22.943 -1.238 -4.2 23.31 -1.38 -6.948 20.667 -0.818

5 24 0.304 22.715 -0.819 -2.08 21.86 -1.49 -0.81 24.61 -0.68 0.068 20.366 -1.385

5 24 0.304 22.715 -0.819 0.068 20.366 -1.385 -2.08 21.86 -1.49 1.336 20.786 -0.988

5 24 0.304 22.715 -0.819 1.336 20.786 -0.988 0.068 20.366 -1.385 2.639 21.26 -0.672

5 24 2.639 21.26 -0.672 0.304 22.715 -0.819 1.287 25.663 -0.282 1.336 20.786 -0.988

5 24 -7.619 22.4 -0.683 -8.117 20.5 -0.56 -8.451 24.117 -0.571 -6.948 20.667 -0.818

5 24 -6.948 20.667 -0.818 -7.619 22.4 -0.683 -6.292 24.762 -1.032 -8.117 20.5 -0.56

5 24 4.648 22.165 -0.056 4.518 22.076 -0.157 3.213 24.07 -0.134 5.76 20.04 -0.15

5 24 4.648 22.165 -0.056 5.76 20.04 -0.15 4.518 22.076 -0.157 5.89 20.13 0

5 24 4.648 22.165 -0.056 5.89 20.13 0 5.76 20.04 -0.15 3.38 24.21 0

5 24 4.518 22.076 -0.157 3.89 21.77 -0.393 5.276 19.816 -0.393 3.213 24.07 -0.134

5 24 4.518 22.076 -0.157 5.276 19.816 -0.393 3.89 21.77 -0.393 5.63 19.97 -0.24

5 24 4.518 22.076 -0.157 5.63 19.97 -0.24 5.276 19.816 -0.393 5.76 20.04 -0.15

5 24 5.76 20.04 -0.15 4.518 22.076 -0.157 4.648 22.165 -0.056 5.63 19.97 -0.24

5 24 -10.392 22.041 -0.114 -10.58 22.07 0 -11.187 23.599 -0.099 -9.81 20.4 -0.13

5 24 -9.94 20.42 -0.05 -10.58 22.07 0 -9.81 20.4 -0.13 -9.98 20.44 0

5 24 -9.822 22.058 -0.282 -10.392 22.041 -0.114 -10.609 23.657 -0.241 -9.24 20.393 -0.331

5 24 -8.117 20.5 -0.56 -9.822 22.058 -0.282 -8.451 24.117 -0.571 -9.24 20.393 -0.331

5 24 -9.822 22.058 -0.282 -9.24 20.393 -0.331 -9.65 20.385 -0.208 -8.117 20.5 -0.56

5 24 -9.65 20.385 -0.208 -10.392 22.041 -0.114 -9.24 20.393 -0.331 -9.81 20.4 -0.13

5 24 -10.392 22.041 -0.114 -9.81 20.4 -0.13 -9.94 20.42 -0.05 -9.65 20.385 -0.208

5 24 -2.08 21.86 -1.49 -3.35 21.48 -1.66 -3.01 23.72 -1.24 -2.6 19.63 -1.99

5 24 -2.08 21.86 -1.49 -2.6 19.63 -1.99 -3.35 21.48 -1.66 -1.23 19.98 -1.79

5 24 -2.08 21.86 -1.49 -1.23 19.98 -1.79 -2.6 19.63 -1.99 0.068 20.366 -1.385

5 24 0.068 20.366 -1.385 -2.08 21.86 -1.49 0.304 22.715 -0.819 -1.23 19.98 -1.79

5 24 2.639 21.26 -0.672 3.89 21.77 -0.393 2.638 23.75 -0.331 4.616 19.57 -0.587

5 24 3.89 21.77 -0.393 4.616 19.57 -0.587 2.639 21.26 -0.672 5.276 19.816 -0.393

5 24 5.276 19.816 -0.393 3.89 21.77 -0.393 4.518 22.076 -0.157 4.616 19.57 -0.587

5 24 -3.35 21.48 -1.66 -4.62 21.14 -1.49 -5.391 22.943 -1.238 -2.6 19.63 -1.99

5 24 -2.6 19.63 -1.99 -3.35 21.48 -1.66 -2.08 21.86 -1.49 -4.62 21.14 -1.49

5 24 2.639 21.26 -0.672 1.336 20.786 -0.988 0.304 22.715 -0.819 4.616 19.57 -0.587

5 24 4.616 19.57 -0.587 2.639 21.26 -0.672 3.89 21.77 -0.393 3.122 19.08 -0.955

5 24 -4.62 21.14 -1.49 -6.948 20.667 -0.818 -5.391 22.943 -1.238 -5.213 19.086 -1.384

5 24 -4.62 21.14 -1.49 -5.213 19.086 -1.384 -6.948 20.667 -0.818 -3.957 19.323 -1.787

5 24 -3.957 19.323 -1.787 -4.62 21.14 -1.49 -3.35 21.48 -1.66 -5.213 19.086 -1.384

5 24 1.336 20.786 -0.988 0.068 20.366 -1.385 0.304 22.715 -0.819 3.122 19.08 -0.955

5 24 3.122 19.08 -0.955 1.336 20.786 -0.988 4.616 19.57 -0.587 1.47 18.58 -1.474

5 24 -6.948 20.667 -0.818 -8.117 20.5 -0.56 -7.619 22.4 -0.683 -7.67 18.763 -0.672

5 24 -6.948 20.667 -0.818 -7.67 18.763 -0.672 -8.117 20.5 -0.56 -6.427 18.905 -0.988

5 24 -5.213 19.086 -1.384 -6.948 20.667 -0.818 -4.62 21.14 -1.49 -6.427 18.905 -0.988

5 24 -6.948 20.667 -0.818 -6.427 18.905 -0.988 -7.67 18.763 -0.672 -5.213 19.086 -1.384

5 24 -8.117 20.5 -0.56 -9.24 20.393 -0.331 -9.822 22.058 -0.282 -8.87 18.68 -0.39

5 24 -8.117 20.5 -0.56 -8.87 18.68 -0.39 -9.24 20.393 -0.331 -7.67 18.763 -0.672

5 24 -7.67 18.763 -0.672 -8.117 20.5 -0.56 -6.948 20.667 -0.818 -8.87 18.68 -0.39

5 24 -9.94 20.42 -0.05 -9.98 20.44 0 -10.58 22.07 0 -9.62 18.74 0

5 24 -9.81 20.4 -0.13 -9.94 20.42 -0.05 -10.58 22.07 0 -9.58 18.72 -0.06

5 24 -9.58 18.72 -0.06 -9.94 20.42 -0.05 -9.81 20.4 -0.13 -9.62 18.74 0

5 24 -9.94 20.42 -0.05 -9.62 18.74 0 -9.98 20.44 0 -9.58 18.72 -0.06

5 24 -9.65 20.385 -0.208 -9.81 20.4 -0.13 -10.392 22.041 -0.114 -9.46 18.69 -0.16

5 24 -9.46 18.69 -0.16 -9.81 20.4 -0.13 -9.65 20.385 -0.208 -9.58 18.72 -0.06

5 24 -9.81 20.4 -0.13 -9.58 18.72 -0.06 -9.94 20.42 -0.05 -9.46 18.69 -0.16

5 24 -9.24 20.393 -0.331 -9.65 20.385 -0.208 -10.392 22.041 -0.114 -9.29 18.68 -0.24

5 24 -9.24 20.393 -0.331 -9.29 18.68 -0.24 -9.65 20.385 -0.208 -8.87 18.68 -0.39

5 24 -8.87 18.68 -0.39 -9.24 20.393 -0.331 -8.117 20.5 -0.56 -9.29 18.68 -0.24

5 24 -9.29 18.68 -0.24 -9.65 20.385 -0.208 -9.24 20.393 -0.331 -9.46 18.69 -0.16

5 24 -9.65 20.385 -0.208 -9.46 18.69 -0.16 -9.81 20.4 -0.13 -9.29 18.68 -0.24

5 24 0.068 20.366 -1.385 -1.23 19.98 -1.79 -2.08 21.86 -1.49 -0.17 18.16 -2.06

5 24 0.068 20.366 -1.385 -0.17 18.16 -2.06 -1.23 19.98 -1.79 1.47 18.58 -1.474

5 24 1.47 18.58 -1.474 0.068 20.366 -1.385 3.122 19.08 -0.955 -0.17 18.16 -2.06

5 24 5.89 20.13 0 5.76 20.04 -0.15 4.648 22.165 -0.056 7.22 16.93 -0.24

5 24 5.89 20.13 0 7.36 17 -0.09 7.22 16.93 -0.24 7.4 17.03 0

5 24 5.76 20.04 -0.15 5.63 19.97 -0.24 4.518 22.076 -0.157 7.03 16.85 -0.38

5 24 5.76 20.04 -0.15 7.03 16.85 -0.38 5.63 19.97 -0.24 7.22 16.93 -0.24

5 24 7.22 16.93 -0.24 5.76 20.04 -0.15 5.89 20.13 0 7.03 16.85 -0.38

5 24 -1.23 19.98 -1.79 -2.6 19.63 -1.99 -2.08 21.86 -1.49 -1.33 17.89 -2.34

5 24 -1.23 19.98 -1.79 -1.33 17.89 -2.34 -2.6 19.63 -1.99 -0.17 18.16 -2.06

5 24 -0.17 18.16 -2.06 -1.23 19.98 -1.79 0.068 20.366 -1.385 -1.33 17.89 -2.34

5 24 5.63 19.97 -0.24 5.276 19.816 -0.393 4.518 22.076 -0.157 6.504 16.682 -0.614

5 24 5.63 19.97 -0.24 6.504 16.682 -0.614 5.276 19.816 -0.393 7.03 16.85 -0.38

5 24 7.03 16.85 -0.38 5.63 19.97 -0.24 5.76 20.04 -0.15 6.504 16.682 -0.614

5 24 4.616 19.57 -0.587 5.276 19.816 -0.393 3.89 21.77 -0.393 6.504 16.682 -0.614

5 24 6.504 16.682 -0.614 5.276 19.816 -0.393 5.63 19.97 -0.24 4.616 19.57 -0.587

5 24 -2.6 19.63 -1.99 -3.957 19.323 -1.787 -4.62 21.14 -1.49 -2.53 17.65 -2.34

5 24 -2.6 19.63 -1.99 -1.93 17.77 -2.39 -2.53 17.65 -2.34 -1.33 17.89 -2.34

5 24 -2.6 19.63 -1.99 -2.53 17.65 -2.34 -3.957 19.323 -1.787 -1.93 17.77 -2.39

5 24 -1.33 17.89 -2.34 -2.6 19.63 -1.99 -1.23 19.98 -1.79 -1.93 17.77 -2.39

5 24 4.616 19.57 -0.587 3.122 19.08 -0.955 5.015 16.275 -1.081 2.639 21.26 -0.672

5 24 4.616 19.57 -0.587 5.015 16.275 -1.081 3.122 19.08 -0.955 6.504 16.682 -0.614

5 24 6.504 16.682 -0.614 4.616 19.57 -0.587 5.276 19.816 -0.393 5.015 16.275 -1.081

5 24 -3.957 19.323 -1.787 -5.267 17.214 -1.474 -5.213 19.086 -1.384 -3.67 17.44 -2.06

5 24 -3.957 19.323 -1.787 -5.213 19.086 -1.384 -4.62 21.14 -1.49 -5.267 17.214 -1.474

5 24 -2.53 17.65 -2.34 -3.957 19.323 -1.787 -2.6 19.63 -1.99 -3.67 17.44 -2.06

5 24 -3.957 19.323 -1.787 -3.67 17.44 -2.06 -5.267 17.214 -1.474 -2.53 17.65 -2.34

5 24 -6.856 17.048 -0.955 -5.213 19.086 -1.384 -6.427 18.905 -0.988 -5.267 17.214 -1.474

5 24 -5.213 19.086 -1.384 -6.427 18.905 -0.988 -6.948 20.667 -0.818 -6.856 17.048 -0.955

5 24 3.122 19.08 -0.955 1.47 18.58 -1.474 0.068 20.366 -1.385 3.478 15.9 -1.597

5 24 3.122 19.08 -0.955 3.478 15.9 -1.597 1.47 18.58 -1.474 5.015 16.275 -1.081

5 24 5.015 16.275 -1.081 3.122 19.08 -0.955 4.616 19.57 -0.587 3.478 15.9 -1.597

5 24 -6.427 18.905 -0.988 -7.67 18.763 -0.672 -6.948 20.667 -0.818 -8.291 16.947 -0.587

5 24 -6.856 17.048 -0.955 -6.427 18.905 -0.988 -5.213 19.086 -1.384 -8.291 16.947 -0.587

5 24 -7.67 18.763 -0.672 -8.87 18.68 -0.39 -8.117 20.5 -0.56 -8.291 16.947 -0.587

5 24 -8.291 16.947 -0.587 -7.67 18.763 -0.672 -6.427 18.905 -0.988 -8.87 18.68 -0.39

5 24 -9.58 18.72 -0.06 -9.62 18.74 0 -9.94 20.42 -0.05 -9.5 17 0

5 24 -9.46 18.69 -0.16 -9.58 18.72 -0.06 -9.81 20.4 -0.13 -9.47 16.98 -0.05

5 24 -9.58 18.72 -0.06 -9.5 17 0 -9.62 18.74 0 -9.47 16.98 -0.05

5 24 -9.47 16.98 -0.05 -9.58 18.72 -0.06 -9.46 18.69 -0.16 -9.5 17 0

5 24 -9.46 18.69 -0.16 -9.47 16.98 -0.05 -9.58 18.72 -0.06 -9.38 16.959 -0.152

5 24 -9.29 18.68 -0.24 -9.46 18.69 -0.16 -9.65 20.385 -0.208 -9.38 16.959 -0.152

5 24 -9.46 18.69 -0.16 -9.38 16.959 -0.152 -9.47 16.98 -0.05 -9.29 18.68 -0.24

5 24 -9.29 18.68 -0.24 -9.38 16.959 -0.152 -9.46 18.69 -0.16 -9.255 16.943 -0.24

5 24 -8.87 18.68 -0.39 -9.29 18.68 -0.24 -9.24 20.393 -0.331 -9.255 16.943 -0.24

5 24 -9.29 18.68 -0.24 -9.255 16.943 -0.24 -9.38 16.959 -0.152 -8.87 18.68 -0.39

5 24 -8.87 18.68 -0.39 -9.255 16.943 -0.24 -9.29 18.68 -0.24 -8.923 16.93 -0.393

5 24 -8.87 18.68 -0.39 -8.923 16.93 -0.393 -9.255 16.943 -0.24 -8.291 16.947 -0.587

5 24 -8.291 16.947 -0.587 -8.87 18.68 -0.39 -7.67 18.763 -0.672 -8.923 16.93 -0.393

5 24 1.47 18.58 -1.474 -0.17 18.16 -2.06 0.068 20.366 -1.385 0.5 15.28 -2.82

5 24 1.47 18.58 -1.474 0.5 15.28 -2.82 -0.17 18.16 -2.06 2.01 15.57 -2.21

5 24 3.478 15.9 -1.597 1.47 18.58 -1.474 3.122 19.08 -0.955 2.01 15.57 -2.21

5 24 -0.17 18.16 -2.06 -1.33 17.89 -2.34 -1.23 19.98 -1.79 0.5 15.28 -2.82

5 24 0.5 15.28 -2.82 -0.17 18.16 -2.06 1.47 18.58 -1.474 -1.33 17.89 -2.34

5 24 -1.33 17.89 -2.34 -1.93 17.77 -2.39 -2.6 19.63 -1.99 -1.12 15.01 -3.12

5 24 -1.33 17.89 -2.34 -1.12 15.01 -3.12 -1.93 17.77 -2.39 0.5 15.28 -2.82

5 24 0.5 15.28 -2.82 -1.33 17.89 -2.34 -0.17 18.16 -2.06 -1.12 15.01 -3.12

5 24 -1.93 17.77 -2.39 -2.53 17.65 -2.34 -2.6 19.63 -1.99 -1.12 15.01 -3.12

5 24 -1.12 15.01 -3.12 -1.93 17.77 -2.39 -1.33 17.89 -2.34 -2.53 17.65 -2.34

5 24 -2.53 17.65 -2.34 -3.67 17.44 -2.06 -3.957 19.323 -1.787 -2.73 14.79 -2.82

5 24 -2.53 17.65 -2.34 -2.73 14.79 -2.82 -3.67 17.44 -2.06 -1.12 15.01 -3.12

5 24 -1.12 15.01 -3.12 -2.53 17.65 -2.34 -1.93 17.77 -2.39 -2.73 14.79 -2.82

5 24 -3.67 17.44 -2.06 -5.267 17.214 -1.474 -3.957 19.323 -1.787 -4.22 14.63 -2.21

5 24 -3.67 17.44 -2.06 -4.22 14.63 -2.21 -5.267 17.214 -1.474 -2.73 14.79 -2.82

5 24 -2.73 14.79 -2.82 -3.67 17.44 -2.06 -2.53 17.65 -2.34 -4.22 14.63 -2.21

5 24 -5.267 17.214 -1.474 -6.856 17.048 -0.955 -5.213 19.086 -1.384 -5.662 14.526 -1.596

5 24 -5.267 17.214 -1.474 -5.662 14.526 -1.596 -7.677 14.43 -0.926 -4.22 14.63 -2.21

5 24 -4.22 14.63 -2.21 -5.267 17.214 -1.474 -3.67 17.44 -2.06 -5.662 14.526 -1.596

5 24 -6.856 17.048 -0.955 -8.291 16.947 -0.587 -7.67 18.763 -0.672 -7.677 14.43 -0.926

5 24 -7.677 14.43 -0.926 -6.856 17.048 -0.955 -5.267 17.214 -1.474 -8.291 16.947 -0.587

5 24 7.4 17.03 0 7.36 17 -0.09 5.89 20.13 0 8.52 13.77 -0.11

5 24 7.4 17.03 0 8.52 13.77 -0.11 7.36 17 -0.09 8.56 13.8 0

5 24 -9.46 14.48 -0.09 -9.5 17 0 -9.47 16.98 -0.05 -9.5 12 0

5 24 -9.47 16.98 -0.05 -9.5 17 0 -9.58 18.72 -0.06 -9.46 14.48 -0.09

5 24 7.36 17 -0.09 7.22 16.93 -0.24 5.76 20.04 -0.15 8.39 13.71 -0.31

5 24 7.36 17 -0.09 8.39 13.71 -0.31 7.22 16.93 -0.24 8.52 13.77 -0.11

5 24 8.52 13.77 -0.11 7.36 17 -0.09 7.4 17.03 0 8.39 13.71 -0.31

5 24 -9.38 16.959 -0.152 -9.47 16.98 -0.05 -9.46 18.69 -0.16 -9.46 14.48 -0.09

5 24 -9.47 16.98 -0.05 -9.46 14.48 -0.09 -9.5 17 0 -9.38 16.959 -0.152

5 24 -9.38 16.959 -0.152 -9.46 14.48 -0.09 -9.47 16.98 -0.05 -9.334 14.449 -0.239

5 24 -9.255 16.943 -0.24 -9.38 16.959 -0.152 -9.29 18.68 -0.24 -9.143 14.429 -0.376

5 24 -9.38 16.959 -0.152 -9.334 14.449 -0.239 -9.46 14.48 -0.09 -9.255 16.943 -0.24

5 24 -8.291 16.947 -0.587 -8.923 16.93 -0.393 -8.87 18.68 -0.39 -8.63 14.414 -0.614

5 24 -8.291 16.947 -0.587 -8.63 14.414 -0.614 -8.923 16.93 -0.393 -7.677 14.43 -0.926

5 24 -7.677 14.43 -0.926 -8.291 16.947 -0.587 -6.856 17.048 -0.955 -8.63 14.414 -0.614

5 24 -8.923 16.93 -0.393 -9.255 16.943 -0.24 -8.87 18.68 -0.39 -8.63 14.414 -0.614

5 24 -9.255 16.943 -0.24 -9.143 14.429 -0.376 -9.334 14.449 -0.239 -8.923 16.93 -0.393

5 24 -8.63 14.414 -0.614 -8.923 16.93 -0.393 -8.291 16.947 -0.587 -9.143 14.429 -0.376

5 24 7.22 16.93 -0.24 7.03 16.85 -0.38 5.76 20.04 -0.15 8.19 13.65 -0.49

5 24 7.22 16.93 -0.24 8.19 13.65 -0.49 7.03 16.85 -0.38 8.39 13.71 -0.31

5 24 8.39 13.71 -0.31 7.22 16.93 -0.24 7.36 17 -0.09 8.19 13.65 -0.49

5 24 7.03 16.85 -0.38 6.504 16.682 -0.614 5.63 19.97 -0.24 7.634 13.514 -0.808

5 24 7.03 16.85 -0.38 7.634 13.514 -0.808 6.589 13.298 -1.235 8.19 13.65 -0.49

5 24 8.19 13.65 -0.49 7.03 16.85 -0.38 7.22 16.93 -0.24 7.634 13.514 -0.808

5 24 6.589 13.298 -1.235 6.504 16.682 -0.614 7.03 16.85 -0.38 5.015 16.275 -1.081

5 24 5.015 16.275 -1.081 3.478 15.9 -1.597 3.122 19.08 -0.955 4.39 12.89 -2.13

5 24 5.015 16.275 -1.081 4.39 12.89 -2.13 3.478 15.9 -1.597 6.589 13.298 -1.235

5 24 6.589 13.298 -1.235 5.015 16.275 -1.081 6.504 16.682 -0.614 4.39 12.89 -2.13

5 24 3.478 15.9 -1.597 2.01 15.57 -2.21 1.47 18.58 -1.474 2.82 12.64 -2.93

5 24 3.478 15.9 -1.597 2.82 12.64 -2.93 2.01 15.57 -2.21 4.39 12.89 -2.13

5 24 4.39 12.89 -2.13 3.478 15.9 -1.597 5.015 16.275 -1.081 2.82 12.64 -2.93

5 24 2.01 15.57 -2.21 0.5 15.28 -2.82 1.47 18.58 -1.474 1.23 12.41 -3.68

5 24 2.01 15.57 -2.21 1.23 12.41 -3.68 0.5 15.28 -2.82 2.82 12.64 -2.93

5 24 2.82 12.64 -2.93 2.01 15.57 -2.21 3.478 15.9 -1.597 1.23 12.41 -3.68

5 24 0.5 15.28 -2.82 -1.12 15.01 -3.12 -1.33 17.89 -2.34 0.38 12.31 -3.95

5 24 0.5 15.28 -2.82 0.38 12.31 -3.95 -1.12 15.01 -3.12 1.23 12.41 -3.68

5 24 1.23 12.41 -3.68 0.5 15.28 -2.82 2.01 15.57 -2.21 0.38 12.31 -3.95

5 24 -1.12 15.01 -3.12 -2.73 14.79 -2.82 -2.53 17.65 -2.34 -1.38 12.14 -3.94

5 24 -1.12 15.01 -3.12 -1.38 12.14 -3.94 -2.73 14.79 -2.82 -0.5 12.22 -4.05

5 24 -1.12 15.01 -3.12 -0.5 12.22 -4.05 -1.38 12.14 -3.94 0.38 12.31 -3.95

5 24 0.38 12.31 -3.95 -1.12 15.01 -3.12 0.5 15.28 -2.82 -0.5 12.22 -4.05

5 24 -2.73 14.79 -2.82 -4.22 14.63 -2.21 -3.67 17.44 -2.06 -3.818 11.976 -2.926

5 24 -2.73 14.79 -2.82 -3.818 11.976 -2.926 -4.22 14.63 -2.21 -2.23 12.07 -3.68

5 24 -1.38 12.14 -3.94 -2.73 14.79 -2.82 -1.12 15.01 -3.12 -2.23 12.07 -3.68

5 24 -2.73 14.79 -2.82 -2.23 12.07 -3.68 -3.818 11.976 -2.926 -1.38 12.14 -3.94

5 24 -4.22 14.63 -2.21 -5.662 14.526 -1.596 -5.267 17.214 -1.474 -5.368 11.922 -2.134

5 24 -4.22 14.63 -2.21 -5.368 11.922 -2.134 -5.662 14.526 -1.596 -3.818 11.976 -2.926

5 24 -3.818 11.976 -2.926 -4.22 14.63 -2.21 -2.73 14.79 -2.82 -5.368 11.922 -2.134

5 24 -5.662 14.526 -1.596 -7.677 14.43 -0.926 -5.267 17.214 -1.474 -7.552 11.893 -1.235

5 24 -5.662 14.526 -1.596 -7.552 11.893 -1.235 -7.677 14.43 -0.926 -5.368 11.922 -2.134

5 24 -5.368 11.922 -2.134 -5.662 14.526 -1.596 -4.22 14.63 -2.21 -7.552 11.893 -1.235

5 24 -9.46 14.48 -0.09 -9.5 12 0 -9.5 17 0 -9.468 11.982 -0.109

5 24 -9.46 14.48 -0.09 -9.468 11.982 -0.109 -9.5 12 0 -9.334 14.449 -0.239

5 24 -9.334 14.449 -0.239 -9.468 11.982 -0.109 -9.46 14.48 -0.09 -9.34 11.951 -0.309

5 24 -9.334 14.449 -0.239 -9.34 11.951 -0.309 -9.468 11.982 -0.109 -9.143 14.429 -0.376

5 24 -7.677 14.43 -0.926 -8.63 14.414 -0.614 -8.291 16.947 -0.587 -8.589 11.903 -0.808

5 24 -7.677 14.43 -0.926 -8.589 11.903 -0.808 -8.63 14.414 -0.614 -7.552 11.893 -1.235

5 24 -7.552 11.893 -1.235 -7.677 14.43 -0.926 -5.662 14.526 -1.596 -8.515 9.427 -1.09

5 24 -9.143 14.429 -0.376 -9.34 11.951 -0.309 -9.334 14.449 -0.239 -9.141 11.929 -0.489

5 24 -8.63 14.414 -0.614 -9.143 14.429 -0.376 -8.923 16.93 -0.393 -9.141 11.929 -0.489

5 24 -9.143 14.429 -0.376 -9.141 11.929 -0.489 -9.34 11.951 -0.309 -8.63 14.414 -0.614

5 24 -8.63 14.414 -0.614 -9.141 11.929 -0.489 -9.143 14.429 -0.376 -8.589 11.903 -0.808

5 24 -8.589 11.903 -0.808 -8.63 14.414 -0.614 -7.677 14.43 -0.926 -9.141 11.929 -0.489

5 24 8.56 13.8 0 8.52 13.77 -0.11 7.4 17.03 0 9.24 10.42 -0.14

5 24 8.56 13.8 0 9.24 10.42 -0.14 8.52 13.77 -0.11 9.27 10.43 0

5 24 8.52 13.77 -0.11 8.39 13.71 -0.31 7.36 17 -0.09 9.11 10.38 -0.4

5 24 8.52 13.77 -0.11 9.11 10.38 -0.4 8.39 13.71 -0.31 9.24 10.42 -0.14

5 24 9.24 10.42 -0.14 8.52 13.77 -0.11 8.56 13.8 0 9.11 10.38 -0.4

5 24 8.39 13.71 -0.31 8.19 13.65 -0.49 7.22 16.93 -0.24 8.9 10.35 -0.64

5 24 8.39 13.71 -0.31 8.9 10.35 -0.64 8.19 13.65 -0.49 9.11 10.38 -0.4

5 24 9.11 10.38 -0.4 8.39 13.71 -0.31 8.52 13.77 -0.11 8.9 10.35 -0.64

5 24 8.19 13.65 -0.49 7.634 13.514 -0.808 7.03 16.85 -0.38 8.31 10.26 -1.07

5 24 8.19 13.65 -0.49 8.31 10.26 -1.07 7.634 13.514 -0.808 8.9 10.35 -0.64

5 24 8.9 10.35 -0.64 8.19 13.65 -0.49 8.39 13.71 -0.31 8.31 10.26 -1.07

5 24 7.634 13.514 -0.808 6.589 13.289 -1.235 7.03 16.85 -0.38 7.217 10.138 -1.64

5 24 7.634 13.514 -0.808 7.217 10.138 -1.64 6.589 13.298 -1.235 8.31 10.26 -1.07

5 24 8.31 10.26 -1.07 7.634 13.514 -0.808 8.19 13.65 -0.49 7.217 10.138 -1.64

5 24 6.589 13.298 -1.235 4.39 12.89 -2.13 5.015 16.275 -1.081 4.94 9.91 -2.81

5 24 6.589 13.298 -1.235 4.94 9.91 -2.81 4.39 12.89 -2.13 7.217 10.138 -1.64

5 24 7.217 10.138 -1.64 6.589 13.298 -1.235 7.634 13.514 -0.808 4.94 9.91 -2.81

5 24 2.82 9.72 -4.13 4.39 12.89 -2.13 4.94 9.91 -2.81 2.82 12.64 -2.93

5 24 4.39 12.89 -2.13 2.82 12.64 -2.93 3.478 15.9 -1.597 2.82 9.72 -4.13

5 24 4.94 9.91 -2.81 4.39 12.89 -2.13 6.589 13.298 -1.235 2.82 9.72 -4.13

5 24 2.82 12.64 -2.93 1.23 12.41 -3.68 2.01 15.57 -2.21 1.72 9.64 -4.71

5 24 2.82 12.64 -2.93 1.72 9.64 -4.71 1.23 12.41 -3.68 2.82 9.72 -4.13

5 24 2.82 9.72 -4.13 2.82 12.64 -2.93 4.39 12.89 -2.13 1.72 9.64 -4.71

5 24 1.23 12.41 -3.68 0.38 12.31 -3.95 0.5 15.28 -2.82 0.82 9.58 -5.05

5 24 1.23 12.41 -3.68 0.82 9.58 -5.05 0.38 12.31 -3.95 1.72 9.64 -4.71

5 24 1.72 9.64 -4.71 1.23 12.41 -3.68 2.82 12.64 -2.93 0.82 9.58 -5.05

5 24 0.38 12.31 -3.95 -0.5 12.22 -4.05 -1.12 15.01 -3.12 -0.13 9.53 -5.18

5 24 0.38 12.31 -3.95 -0.13 9.53 -5.18 -0.5 12.22 -4.05 0.82 9.58 -5.05

5 24 0.82 9.58 -5.05 0.38 12.31 -3.95 1.23 12.41 -3.68 -0.13 9.53 -5.18

5 24 -0.5 12.22 -4.05 -1.38 12.14 -3.94 -1.12 15.01 -3.12 -0.13 9.53 -5.18

5 24 -0.13 9.53 -5.18 -0.5 12.22 -4.05 0.38 12.31 -3.95 -1.08 9.49 -5.04

5 24 -1.38 12.14 -3.94 -2.23 12.07 -3.68 -2.73 14.79 -2.82 -2 9.46 -4.7

5 24 -1.38 12.14 -3.94 -2 9.46 -4.7 -2.23 12.07 -3.68 -1.08 9.49 -5.04

5 24 -1.08 9.49 -5.04 -1.38 12.14 -3.94 -0.5 12.22 -4.05 -2 9.46 -4.7

5 24 -2.23 12.07 -3.68 -3.818 11.976 -2.926 -2.73 14.79 -2.82 -3.61 9.414 -3.789

5 24 -2.23 12.07 -3.68 -3.61 9.414 -3.789 -3.818 11.976 -2.926 -2 9.46 -4.7

5 24 -2 9.46 -4.7 -2.23 12.07 -3.68 -1.38 12.14 -3.94 -3.61 9.414 -3.789

5 24 -9.5 12 0 -9.474 9.487 -0.144 -9.5 7 0 -9.468 11.982 -0.109

5 24 -9.5 12 0 -9.468 11.982 -0.109 -9.474 9.487 -0.144 -9.46 14.48 -0.09

5 24 -9.468 11.982 -0.109 -9.474 9.487 -0.144 -9.5 12 0 -9.34 11.951 -0.309

5 24 -9.34 11.951 -0.309 -9.468 11.982 -0.109 -9.334 14.449 -0.239 -9.474 9.487 -0.144

5 24 -3.818 11.976 -2.926 -5.368 11.922 -2.134 -4.22 14.63 -2.21 -7.435 9.41 -1.65

5 24 -3.818 11.976 -2.926 -5.187 9.403 -2.812 -7.435 9.41 -1.65 -3.61 9.414 -3.789

5 24 -3.61 9.414 -3.789 -3.818 11.976 -2.926 -2.23 12.07 -3.68 -5.187 9.403 -2.812

5 24 -9.34 11.951 -0.309 -9.474 9.487 -0.144 -9.468 11.982 -0.109 -9.344 9.466 -0.41

5 24 -9.34 11.951 -0.309 -9.344 9.466 -0.41 -9.474 9.487 -0.144 -9.141 11.929 -0.489

5 24 -9.141 11.929 -0.489 -9.34 11.951 -0.309 -9.143 14.429 -0.376 -9.344 9.466 -0.41

5 24 -9.141 11.929 -0.489 -9.344 9.466 -0.41 -9.34 11.951 -0.309 -9.128 9.45 -0.654

5 24 -8.589 11.903 -0.808 -9.141 11.929 -0.489 -8.63 14.414 -0.614 -9.128 9.45 -0.654

5 24 -9.141 11.929 -0.489 -9.128 9.45 -0.654 -9.344 9.466 -0.41 -8.589 11.903 -0.808

5 24 -5.368 11.922 -2.134 -7.552 11.893 -1.235 -5.662 14.526 -1.596 -7.435 9.41 -1.65

5 24 -7.435 9.41 -1.65 -5.368 11.922 -2.134 -3.818 11.976 -2.926 -7.552 11.893 -1.235

5 24 -8.589 11.903 -0.808 -9.128 9.45 -0.654 -9.141 11.929 -0.489 -8.515 9.427 -1.09

5 24 -8.515 9.427 -1.09 -8.589 11.903 -0.808 -7.552 11.893 -1.235 -9.128 9.45 -0.654

5 24 -7.552 11.893 -1.235 -8.515 9.427 -1.09 -8.589 11.903 -0.808 -7.435 9.41 -1.65

5 24 -7.435 9.41 -1.65 -7.552 11.893 -1.235 -5.368 11.922 -2.134 -8.515 9.427 -1.09

5 24 9.27 10.43 0 9.24 10.42 -0.14 8.56 13.8 0 9.41 7 -0.43

5 24 9.24 10.42 -0.14 9.11 10.38 -0.4 8.52 13.77 -0.11 9.41 7 -0.43

5 24 9.41 7 -0.43 9.24 10.42 -0.14 9.27 10.43 0 9.11 10.38 -0.4

5 24 9.11 10.38 -0.4 8.9 10.35 -0.64 8.39 13.71 -0.31 9.26 7 -0.69

5 24 9.11 10.38 -0.4 9.26 7 -0.69 8.9 10.35 -0.64 9.41 7 -0.43

5 24 9.41 7 -0.43 9.11 10.38 -0.4 9.24 10.42 -0.14 9.26 7 -0.69

5 24 8.9 10.35 -0.64 8.31 10.26 -1.07 8.19 13.65 -0.49 8.81 7 -1.18

5 24 8.81 7 -1.18 8.9 10.35 -0.64 9.11 10.38 -0.4 7.9 7 -1.84

5 24 8.31 10.26 -1.07 7.217 10.138 -1.64 7.634 13.514 -0.808 7.9 7 -1.84

5 24 7.9 7 -1.84 8.31 10.26 -1.07 8.9 10.35 -0.64 7.217 10.138 -1.64

5 24 7.217 10.138 -1.64 4.94 9.91 -2.81 6.589 13.298 -1.235 5.9364 7 -3.1964

5 24 7.217 10.138 -1.64 5.9364 7 -3.1964 4.94 9.91 -2.81 7.9 7 -1.84

5 24 7.9 7 -1.84 7.217 10.138 -1.64 8.31 10.26 -1.07 5.9364 7 -3.1964

5 24 4.94 9.91 -2.81 2.82 9.72 -4.13 4.39 12.89 -2.13 3.34 7 -4.99

5 24 4.94 9.91 -2.81 3.34 7 -4.99 2.82 9.72 -4.13 5.9364 7 -3.1964

5 24 5.9364 7 -3.1964 4.94 9.91 -2.81 7.217 10.138 -1.64 3.34 7 -4.99

5 24 2.82 9.72 -4.13 1.72 9.64 -4.71 2.82 12.64 -2.93 2.08 7 -5.84

5 24 2.82 9.72 -4.13 2.08 7 -5.84 1.72 9.64 -4.71 3.34 7 -4.99

5 24 3.34 7 -4.99 2.82 9.72 -4.13 4.94 9.91 -2.81 2.08 7 -5.84

5 24 1.72 9.64 -4.71 0.71 7 -6.41 0.82 9.58 -5.05 2.08 7 -5.84

5 24 1.72 9.64 -4.71 0.82 9.58 -5.05 1.23 12.41 -3.68 0.71 7 -6.41

5 24 2.08 7 -5.84 1.72 9.64 -4.71 2.82 9.72 -4.13 0.71 7 -6.41

5 24 0.82 9.58 -5.05 -0.13 9.53 -5.18 0.38 12.31 -3.95 0.71 7 -6.41

5 24 0.71 7 -6.41 0.82 9.58 -5.05 1.72 9.64 -4.71 0 7 -6.5

5 24 -0.13 9.53 -5.18 -1.08 9.49 -5.04 -0.5 12.22 -4.05 -0.71 7 -6.41

5 24 -0.13 9.53 -5.18 -0.71 7 -6.41 -1.08 9.49 -5.04 0 7 -6.5

5 24 0 7 -6.5 -0.13 9.53 -5.18 0.82 9.58 -5.05 -0.71 7 -6.41

5 24 -2.08 7 -5.84 -1.08 9.49 -5.04 -0.71 7 -6.41 -2 9.46 -4.7

5 24 -1.08 9.49 -5.04 -2 9.46 -4.7 -1.38 12.14 -3.94 -2.08 7 -5.84

5 24 -0.71 7 -6.41 -1.08 9.49 -5.04 -0.13 9.53 -5.18 -2.08 7 -5.84

5 24 -9.474 9.487 -0.144 -9.5 7 0 -9.5 12 0 -9.409 7 -0.43

5 24 -9.474 9.487 -0.144 -9.409 7 -0.43 -9.5 7 0 -9.344 9.466 -0.41

5 24 -9.344 9.466 -0.41 -9.474 9.487 -0.144 -9.409 7 -0.43 -9.34 11.951 -0.309

5 24 -9.344 9.466 -0.41 -9.409 7 -0.43 -9.474 9.487 -0.144 -9.128 9.45 -0.654

5 24 -9.128 9.45 -0.654 -9.344 9.466 -0.41 -9.141 11.929 -0.489 -9.409 7 -0.43

5 24 -2 9.46 -4.7 -3.61 9.414 -3.789 -2.23 12.07 -3.68 -3.34 7 -4.99

5 24 -2 9.46 -4.7 -3.34 7 -4.99 -3.61 9.414 -3.789 -2.08 7 -5.84

5 24 -2.08 7 -5.84 -2 9.46 -4.7 -1.08 9.49 -5.04 -3.34 7 -4.99

5 24 -9.128 9.45 -0.654 -9.409 7 -0.43 -9.344 9.466 -0.41 -9.26 7 -0.69

5 24 -9.128 9.45 -0.654 -9.26 7 -0.69 -9.409 7 -0.43 -8.515 9.427 -1.09

5 24 -8.515 9.427 -1.09 -9.128 9.45 -0.654 -8.589 11.903 -0.808 -9.26 7 -0.69

5 24 -8.515 9.427 -1.09 -9.26 7 -0.69 -9.128 9.45 -0.654 -8.81 7 -1.18

5 24 -8.515 9.427 -1.09 -8.81 7 -1.18 -9.26 7 -0.69 -7.435 9.41 -1.65

5 24 -7.435 9.41 -1.65 -8.515 9.427 -1.09 -7.552 11.893 -1.235 -8.81 7 -1.18

5 24 -5.933 7 -3.196 -3.61 9.414 -3.789 -3.34 7 -4.99 -5.187 9.403 -2.812

5 24 -3.61 9.414 -3.789 -5.187 9.403 -2.812 -3.818 11.976 -2.926 -5.933 7 -3.196

5 24 -3.34 7 -4.99 -3.61 9.414 -3.789 -2 9.46 -4.7 -5.933 7 -3.196

5 24 -7.435 9.41 -1.65 -8.81 7 -1.18 -8.515 9.427 -1.09 -7.9 7 -1.836

5 24 -7.435 9.41 -1.65 -7.9 7 -1.836 -8.81 7 -1.18 -5.187 9.403 -2.812

5 24 -5.187 9.403 -2.812 -7.435 9.41 -1.65 -5.368 11.922 -2.134 -7.9 7 -1.836

5 24 -5.187 9.403 -2.812 -7.9 7 -1.836 -7.435 9.41 -1.65 -5.933 7 -3.196

5 24 -5.933 7 -3.196 -5.187 9.403 -2.812 -3.61 9.414 -3.789 -7.9 7 -1.836

5 24 -9.79 7 -0.84 -9.2 0 -1.6 -9.79 0 -0.89 -9.2 7 -1.49

5 24 -9.79 7 -0.84 -9.79 0 -0.89 -10 0 0 -9.2 0 -1.6

5 24 -2.4 0 -6.7 -9.2 7 -1.49 -2.4 7 -6.23 -9.2 0 -1.6

5 24 -9.2 7 -1.49 -9.2 0 -1.6 -9.79 7 -0.84 -2.4 0 -6.7

5 24 -2.4 7 -6.23 -2.4 0 -6.7 -9.2 7 -1.49 -1.265 7 -6.802

5 24 -1.265 7 -6.802 -1.265 0 -7.295 -2.4 0 -6.7 0 7 -7

5 24 0 7 -7 0 0 -7.5 -1.265 7 -6.802 1.265 0 -7.295

5 24 1.265 7 -6.802 1.265 0 -7.295 0 0 -7.5 2.4 7 -6.23

5 24 2.4 7 -6.23 2.4 0 -6.7 1.265 0 -7.295 9.2 0 -1.6

5 24 2.4 7 -6.23 9.2 0 -1.6 2.4 0 -6.7 9.2 7 -1.49

5 24 9.2 7 -1.49 9.2 0 -1.6 2.4 7 -6.23 9.79 0 -0.89

5 24 9.2 7 -1.49 9.79 0 -0.89 9.2 0 -1.6 9.79 7 -0.84

5 24 9.79 7 -0.84 9.79 0 -0.89 9.2 7 -1.49 10 7 0

0 NOFILE

0 FILE 4733.dat
0 Brick  1 x  1 with Studs on Four Sides

0 Name: 4733.dat

0 Author: James Jessiman

0 !LDRAW_ORG Part UPDATE 2024-01

0 !LICENSE Licensed under CC BY 4.0 : see CAreadme.txt



0 BFC CERTIFY CCW



0 !KEYWORDS Travis Brick



0 !HISTORY 1998-06-20 [PTadmin] Official Update 1998-06

0 !HISTORY 2003-06-08 [jriley] BFC compliant

0 !HISTORY 2003-12-19 [PTadmin] Official Update 2003-03

0 !HISTORY 2004-07-24 [cwdee] Add "Four" to part title

0 !HISTORY 2004-11-06 [PTadmin] Official Update 2004-04

0 !HISTORY 2007-07-08 [PTadmin] Header formatted for Contributor Agreement

0 !HISTORY 2008-07-01 [PTadmin] Official Update 2008-01

0 !HISTORY 2023-04-08 [MagFors] Unmirrored stud primitives

0 !HISTORY 2024-01-29 [OrionP] Official Update 2024-01



1 16 0 12 0 10 0 0 0 12 0 0 0 10 box0.dat

1 16 0 14 0 6 0 0 0 10 0 0 0 6 box0.dat



1 16 0 4 0 4 0 0 0 -1 0 0 0 4 4-4edge.dat

1 16 6 10 0 0 -1 0 4 0 0 0 0 4 4-4edge.dat

1 16 0 10 -6 4 0 0 0 0 4 0 -1 0 4-4edge.dat

1 16 -6 10 0 0 1 0 4 0 0 0 0 4 4-4edge.dat

1 16 0 10 6 4 0 0 0 0 4 0 1 0 4-4edge.dat



1 16 0 0 0 6 0 0 0 1 0 0 0 6 4-4edge.dat

1 16 10 10 0 0 1 0 6 0 0 0 0 6 4-4edge.dat

1 16 0 10 -10 6 0 0 0 0 6 0 1 0 4-4edge.dat

1 16 -10 10 0 0 1 0 6 0 0 0 0 6 4-4edge.dat

1 16 0 10 10 6 0 0 0 0 6 0 1 0 4-4edge.dat



1 16 0 4 0 4 0 0 0 -1 0 0 0 4 4-4ndis.dat

1 16 6 10 0 0 1 0 4 0 0 0 0 4 4-4ndis.dat

1 16 0 10 -6 -4 0 0 0 0 4 0 -1 0 4-4ndis.dat

1 16 -6 10 0 0 -1 0 4 0 0 0 0 -4 4-4ndis.dat

1 16 0 10 6 4 0 0 0 0 4 0 1 0 4-4ndis.dat



1 16 0 0 0 6 0 0 0 1 0 0 0 6 4-4ndis.dat

1 16 10 10 0 0 -1 0 6 0 0 0 0 -6 4-4ndis.dat

1 16 0 10 -10 6 0 0 0 0 6 0 1 0 4-4ndis.dat

1 16 -10 10 0 0 1 0 6 0 0 0 0 6 4-4ndis.dat

1 16 0 10 10 -6 0 0 0 0 6 0 -1 0 4-4ndis.dat



0 BFC INVERTNEXT

1 16 0 0 0 4 0 0 0 4 0 0 0 4 4-4cyli.dat

0 BFC INVERTNEXT

1 16 10 10 0 0 -4 0 4 0 0 0 0 4 4-4cyli.dat

0 BFC INVERTNEXT

1 16 0 10 -10 4 0 0 0 0 4 0 4 0 4-4cyli.dat

0 BFC INVERTNEXT

1 16 -10 10 0 0 4 0 4 0 0 0 0 4 4-4cyli.dat

0 BFC INVERTNEXT

1 16 0 10 10 4 0 0 0 0 4 0 -4 0 4-4cyli.dat



4 16 10 24 10 6 24 6 -6 24 6 -10 24 10

4 16 -10 24 10 -6 24 6 -6 24 -6 -10 24 -10

4 16 -10 24 -10 -6 24 -6 6 24 -6 10 24 -10

4 16 10 24 -10 6 24 -6 6 24 6 10 24 10

4 16 6 4 6 4 4 4 -4 4 4 -6 4 6

4 16 -6 4 6 -4 4 4 -4 4 -4 -6 4 -6

4 16 -6 4 -6 -4 4 -4 4 4 -4 6 4 -6

4 16 6 4 -6 4 4 -4 4 4 4 6 4 6

4 16 -10 0 10 -6 0 6 6 0 6 10 0 10

4 16 -10 0 -10 -6 0 -6 -6 0 6 -10 0 10

4 16 10 0 -10 6 0 -6 -6 0 -6 -10 0 -10

4 16 10 0 10 6 0 6 6 0 -6 10 0 -10

4 16 -10 24 10 -6 16 10 6 16 10 10 24 10

4 16 -10 24 10 -10 0 10 -6 4 10 -6 16 10

4 16 10 0 10 6 4 10 -6 4 10 -10 0 10

4 16 10 0 10 10 24 10 6 16 10 6 4 10

4 16 6 24 6 4 14 6 -4 14 6 -6 24 6

4 16 -6 24 6 -4 14 6 -4 6 6 -6 4 6

4 16 -6 4 6 -4 6 6 4 6 6 6 4 6

4 16 6 4 6 4 6 6 4 14 6 6 24 6

4 16 -6 24 -6 -4 14 -6 4 14 -6 6 24 -6

4 16 6 24 -6 4 14 -6 4 6 -6 6 4 -6

4 16 6 4 -6 4 6 -6 -4 6 -6 -6 4 -6

4 16 -6 4 -6 -4 6 -6 -4 14 -6 -6 24 -6

4 16 10 24 -10 6 16 -10 -6 16 -10 -10 24 -10

4 16 -10 24 -10 -6 16 -10 -6 4 -10 -10 0 -10

4 16 -10 0 -10 -6 4 -10 6 4 -10 10 0 -10

4 16 10 0 -10 6 4 -10 6 16 -10 10 24 -10

4 16 10 24 10 10 16 6 10 16 -6 10 24 -10

4 16 10 24 -10 10 16 -6 10 4 -6 10 0 -10

4 16 10 0 -10 10 4 -6 10 4 6 10 0 10

4 16 10 0 10 10 4 6 10 16 6 10 24 10

4 16 6 24 -6 6 14 -4 6 14 4 6 24 6

4 16 6 24 6 6 14 4 6 6 4 6 4 6

4 16 6 4 6 6 6 4 6 6 -4 6 4 -6

4 16 6 4 -6 6 6 -4 6 14 -4 6 24 -6

4 16 -6 24 6 -6 14 4 -6 14 -4 -6 24 -6

4 16 -6 24 -6 -6 14 -4 -6 6 -4 -6 4 -6

4 16 -6 4 -6 -6 6 -4 -6 6 4 -6 4 6

4 16 -6 4 6 -6 6 4 -6 14 4 -6 24 6

4 16 -10 24 -10 -10 16 -6 -10 16 6 -10 24 10

4 16 -10 24 -10 -10 0 -10 -10 4 -6 -10 16 -6

4 16 -10 0 10 -10 4 6 -10 4 -6 -10 0 -10

4 16 -10 0 10 -10 24 10 -10 16 6 -10 4 6



1 16 0 0 0 1 0 0 0 1 0 0 0 1 stud2a.dat

1 16 10 10 0 0 -1 0 1 0 0 0 0 1 stud2a.dat

1 16 0 10 -10 0 0 1 1 0 0 0 1 0 stud2a.dat

1 16 -10 10 0 0 1 0 1 0 0 0 0 -1 stud2a.dat

1 16 0 10 10 0 0 -1 1 0 0 0 -1 0 stud2a.dat

0 NOFILE

0 FILE 4-4ndis.dat
0 Disc Negative 1.0

0 Name: 4-4ndis.dat

0 Author: James Jessiman

0 !LDRAW_ORG Primitive UPDATE 2012-01

0 !LICENSE Licensed under CC BY 4.0 : see CAreadme.txt



0 BFC CERTIFY CCW



0 !HISTORY 2002-03-23 [sbliss] Added BFC statement; compacted code

0 !HISTORY 2002-04-25 [PTadmin] Official Update 2002-02

0 !HISTORY 2007-06-24 [PTadmin] Header formatted for Contributor Agreement

0 !HISTORY 2008-07-01 [PTadmin] Official Update 2008-01

0 !HISTORY 2012-02-16 [Philo] Changed to CCW

0 !HISTORY 2012-03-30 [PTadmin] Official Update 2012-01





3 16 0.9239 0 0.3827 1 0 0 1 0 1

3 16 0.7071 0 0.7071 0.9239 0 0.3827 1 0 1

3 16 0.3827 0 0.9239 0.7071 0 0.7071 1 0 1

3 16 0 0 1 0.3827 0 0.9239 1 0 1

3 16 -0.3827 0 0.9239 0 0 1 -1 0 1

3 16 -0.7071 0 0.7071 -0.3827 0 0.9239 -1 0 1

3 16 -0.9239 0 0.3827 -0.7071 0 0.7071 -1 0 1

3 16 -1 0 0 -0.9239 0 0.3827 -1 0 1

3 16 -0.9239 0 -0.3827 -1 0 0 -1 0 -1

3 16 -0.7071 0 -0.7071 -0.9239 0 -0.3827 -1 0 -1

3 16 -0.3827 0 -0.9239 -0.7071 0 -0.7071 -1 0 -1

3 16 0 0 -1 -0.3827 0 -0.9239 -1 0 -1

3 16 0.3827 0 -0.9239 0 0 -1 1 0 -1

3 16 0.7071 0 -0.7071 0.3827 0 -0.9239 1 0 -1

3 16 0.9239 0 -0.3827 0.7071 0 -0.7071 1 0 -1

3 16 1 0 0 0.9239 0 -0.3827 1 0 -1

0 NOFILE

0 FILE box0.dat
0 Box with 0 Faces and All Edges

0 Name: box0.dat

0 Author: Santeri Piippo [arezey]

0 !LDRAW_ORG Primitive UPDATE 2010-02

0 !LICENSE Licensed under CC BY 4.0 : see CAreadme.txt



0 BFC CERTIFY CCW



0 !HISTORY 2010-07-05 [PTadmin] Official Update 2010-02





2 24 -1 1 -1 1 1 -1

2 24 -1 -1 -1 1 -1 -1

2 24 1 1 1 1 1 -1

2 24 1 -1 1 1 -1 -1

2 24 -1 1 1 -1 1 -1

2 24 -1 -1 1 -1 -1 -1

2 24 1 1 1 -1 1 1

2 24 1 -1 1 -1 -1 1

2 24 1 -1 1 1 1 1

2 24 -1 -1 1 -1 1 1

2 24 -1 -1 -1 -1 1 -1

2 24 1 -1 -1 1 1 -1

0 //

0 NOFILE
