0 FILE cover-art-isdf-v2-main.ldr
0 Untitled Model
0 Name:  ISDF-Cover-ArtV2
0 Author:  
0 CustomBrick
0 FlexibleBrickControlPointUnitLength -1
1 8 -51.832600 -22.210640 -159.049000 -0.137445 0.000000 0.990509 0.137852 0.990268 0.019129 -0.980870 0.139173 -0.136107 3023.dat
1 8 -47.709230 -26.346210 -129.622800 0.990511 0.000000 0.137445 0.019129 0.990268 -0.137852 -0.136107 0.139173 0.980872 3794b.dat
1 25 -53.207080 -28.754240 -169.971400 -0.137445 0.000000 0.990511 0.137852 0.990268 0.019129 -0.980872 0.139173 -0.136107 3070b.dat
1 8 -47.709220 -42.190500 -131.849500 0.990511 0.000000 0.137445 0.019129 0.990268 -0.137852 -0.136107 0.139173 0.980872 3069b.dat
1 40 -50.458160 -39.433440 -151.467300 -0.137445 0.000000 0.990511 0.137852 0.990268 0.019129 -0.980872 0.139173 -0.136107 3070b.dat
1 25 -49.083720 -32.889810 -140.545100 -0.137445 0.000000 0.990511 0.137852 0.990268 0.019129 -0.980872 0.139173 -0.136107 3023.dat
1 8 131.561000 -32.784640 -91.863320 0.155839 0.013634 0.987688 -0.087155 0.996195 0.000000 -0.983930 -0.086082 0.156435 47905.dat
1 0 167.254200 -22.822700 -87.092470 -0.013634 0.987688 -0.155839 -0.996195 0.000000 0.087155 0.086082 0.156435 0.983930 32523.dat
1 0 96.140560 -22.822700 -98.355720 -0.013634 0.987688 -0.155839 -0.996195 0.000000 0.087155 0.086082 0.156435 0.983930 32523.dat
1 25 131.451900 -40.754190 -91.174640 0.573041 0.013634 0.819413 -0.078334 0.996195 0.038206 -0.815774 -0.086082 0.571929 3022.dat
1 8 137.073200 -49.507090 -98.643710 0.819413 0.013634 -0.573041 0.038206 0.996195 0.078334 0.571929 -0.086082 0.815774 3794b.dat
1 25 125.394300 -63.879520 -80.950870 0.819413 0.013634 -0.573041 0.038206 0.996195 0.078334 0.571929 -0.086082 0.815774 3070b.dat
1 8 125.612500 -47.940400 -82.328220 0.819413 0.013634 -0.573041 0.038206 0.996195 0.078334 0.571929 -0.086082 0.815774 3794b.dat
1 25 125.503400 -55.909980 -81.639540 -0.819413 0.013634 0.573041 -0.038206 0.996195 -0.078334 -0.571929 -0.086082 -0.815774 36841.dat
1 25 113.032700 -44.224640 -64.553160 0.819413 0.573041 0.013634 0.038206 -0.078334 0.996195 0.571929 -0.815774 -0.086082 4081b.dat
1 25 123.739100 -63.846760 -57.599940 0.573041 -0.819413 0.013634 -0.078334 -0.038206 0.996195 -0.815774 -0.571929 -0.086082 85861.dat
1 25 104.073100 -64.763680 -71.326250 -0.573041 0.819413 0.013634 0.078334 0.038206 0.996195 0.815774 0.571929 -0.086082 85861.dat
1 25 134.910400 -69.896740 -59.213340 0.461588 -0.819413 0.339851 -0.635562 -0.038206 0.771105 -0.618869 -0.571929 -0.538423 35480.dat
1 25 102.133900 -71.424980 -82.090550 -0.461588 0.819413 0.339851 0.635562 0.038206 0.771105 0.618869 0.571929 -0.538423 35480.dat
1 25 108.448300 -43.597980 -58.026990 0.819413 0.573041 0.013634 0.038206 -0.078334 0.996195 0.571929 -0.815774 -0.086082 3069b.dat
1 0 159.192200 -75.335440 -51.675780 0.573041 -0.819413 0.013635 -0.078336 -0.038206 0.996195 -0.815774 -0.571929 -0.086083 4733.dat
1 0 171.477800 -75.813130 -55.258110 0.573041 -0.819413 0.013634 -0.078334 -0.038206 0.996195 -0.815774 -0.571929 -0.086082 3069b.dat
1 0 156.973800 -58.569320 -67.102340 0.573041 -0.013634 -0.819413 -0.078334 -0.996195 -0.038206 -0.815774 0.086082 -0.571929 3069b.dat
1 0 156.483000 -94.432330 -64.003380 0.573041 0.013634 0.819413 -0.078334 0.996195 0.038206 -0.815774 -0.086082 0.571929 3069b.dat
1 0 161.312900 -77.127520 -72.079040 -0.819413 -0.573041 0.013634 -0.038206 0.078334 0.996195 -0.571929 0.815774 -0.086082 3070b.dat
1 0 87.083790 -78.697520 -102.005500 0.573041 0.819413 -0.013634 -0.078335 0.038206 -0.996195 -0.815774 0.571929 0.086082 4733.dat
1 0 86.258870 -79.786510 -114.738700 0.573041 0.819413 -0.013634 -0.078335 0.038206 -0.996195 -0.815774 0.571929 0.086082 3069b.dat
1 0 100.762900 -97.030290 -102.894500 0.573041 0.013634 0.819413 -0.078335 0.996195 0.038206 -0.815774 -0.086082 0.571929 3069b.dat
1 0 101.253700 -61.167300 -105.993400 0.573041 -0.013634 -0.819413 -0.078335 -0.996195 -0.038206 -0.815774 0.086082 -0.571929 3069b.dat
1 0 105.592600 -79.725520 -110.970100 0.819413 -0.573041 -0.013634 0.038206 0.078334 -0.996195 0.571929 0.815774 0.086082 3070b.dat
1 40 137.073200 -49.507090 -98.643710 0.819413 0.013634 -0.573041 0.038206 0.996195 0.078334 0.571929 -0.086082 0.815774 54200.dat
1 8 149.475800 -22.822690 -89.908240 0.155839 -0.987688 0.013634 -0.087155 0.000000 0.996195 -0.983930 -0.156435 -0.086082 35480.dat
1 8 157.377300 -22.822690 -88.656760 0.155839 -0.987688 0.013634 -0.087155 0.000000 0.996195 -0.983930 -0.156435 -0.086082 3794b.dat
1 8 113.919000 -22.822700 -95.539970 0.155839 0.987688 -0.013634 -0.087155 0.000000 -0.996195 -0.983930 0.156435 0.086082 35480.dat
1 8 106.017500 -22.822700 -96.791400 0.155839 0.987688 -0.013634 -0.087155 0.000000 -0.996195 -0.983930 0.156435 0.086082 3794b.dat
1 0 27.490310 -42.121980 -140.911700 -0.990268 -0.015996 0.138251 0.000000 0.993373 0.114937 -0.139173 0.113818 -0.983706 4595.dat
1 40 31.201300 -28.970020 -167.317200 -0.990268 -0.138251 -0.015996 0.000000 -0.114937 0.993373 -0.139173 0.983705 0.113818 3024.dat
1 40 32.307300 -28.050540 -175.186800 -0.990268 -0.138251 -0.015996 0.000000 -0.114937 0.993373 -0.139173 0.983705 0.113818 3024.dat
1 25 39.998000 -29.889530 -158.055800 0.015996 -0.990268 0.138251 -0.993373 0.000000 0.114937 -0.113818 -0.139173 -0.983705 61409.dat
1 25 35.850480 -33.337610 -128.544700 -0.015996 -0.990268 -0.138251 0.993373 0.000000 -0.114937 0.113818 -0.139173 0.983705 54200.dat
1 25 20.192610 -29.889530 -160.839200 -0.015996 0.990268 0.138251 0.993373 0.000000 0.114937 0.113818 0.139173 -0.983705 61409.dat
1 25 16.045090 -33.337620 -131.328000 0.015996 0.990268 -0.138251 -0.993373 0.000000 -0.114937 -0.113818 0.139173 0.983705 54200.dat
1 8 35.625340 -25.292070 -198.795700 -0.015996 -0.138251 0.990268 0.993373 -0.114937 0.000000 0.113818 0.983705 0.139173 47905.dat
1 25 44.145510 -26.441420 -187.567000 -0.015996 -0.990268 -0.138251 0.993373 0.000000 -0.114937 0.113818 -0.139173 0.983705 54200.dat
1 25 24.340150 -26.441420 -190.350400 0.015996 0.990268 -0.138251 -0.993373 0.000000 -0.114937 -0.113818 0.139173 0.983705 54200.dat
1 8 26.107740 -43.271360 -131.074600 -0.990268 -0.015996 0.138251 0.000000 0.993373 0.114937 -0.139173 0.113818 -0.983705 54200.dat
1 8 29.000720 -48.919600 -151.659300 -0.990268 -0.015996 0.138251 0.000000 0.993373 0.114937 -0.139173 0.113818 -0.983705 3024.dat
1 25 29.128700 -56.866580 -152.569700 0.138251 -0.015996 0.990268 0.114937 0.993373 0.000000 -0.983705 0.113818 0.139173 32828.dat
1 0 335.358100 -350.288600 1730.000000 -0.999998 0.000001 0.000000 0.000001 0.999999 0.000000 0.000000 0.000000 -1.000000 2450.dat
1 23 335.358200 -350.288600 1680.000000 0.000000 0.000001 0.999998 0.000000 0.999999 -0.000001 -1.000000 0.000000 0.000000 43723.dat
1 23 315.358200 -358.288700 1700.000000 0.000000 0.000001 0.999998 0.000000 0.999999 -0.000001 -1.000000 0.000000 0.000000 3069b.dat
1 0 325.358200 -358.288700 1740.000000 0.000000 0.000001 -0.999998 0.000000 0.999999 0.000001 1.000000 0.000000 0.000000 35787.dat
1 0 355.358200 -350.288600 1690.000000 0.999998 0.000001 0.000000 -0.000001 0.999999 0.000000 0.000000 0.000000 1.000000 54200.dat
1 0 335.358100 -350.288600 1710.000000 0.000000 0.000001 0.999998 0.000000 0.999999 -0.000001 -1.000000 0.000000 0.000000 54200.dat
1 0 335.358100 -358.288600 1690.000000 0.000000 0.000001 0.999998 0.000000 0.999999 -0.000001 -1.000000 0.000000 0.000000 3070b.dat
1 0 355.358100 -358.288700 1710.000000 -0.999998 0.000001 0.000000 0.000001 0.999999 0.000000 0.000000 0.000000 -1.000000 2555.dat
1 0 335.358100 -342.288700 1700.000000 -0.999998 0.000001 0.000000 0.000001 0.999999 0.000000 0.000000 0.000000 -1.000000 3021.dat
1 0 484.641100 -342.288600 1700.000000 -0.999998 0.000001 0.000000 0.000001 1.000003 0.000000 0.000000 0.000000 -1.000000 3021.dat
1 0 464.641000 -350.288600 1690.000000 0.999998 0.000001 0.000000 -0.000001 1.000003 0.000000 0.000000 0.000000 1.000000 54200.dat
1 0 484.641100 -350.288600 1710.000000 0.000000 0.000001 -0.999998 0.000000 1.000003 0.000001 1.000000 0.000000 0.000000 54200.dat
1 0 464.641000 -358.288600 1710.000000 -0.999998 0.000001 0.000000 0.000001 1.000003 0.000000 0.000000 0.000000 -1.000000 2555.dat
1 0 484.641100 -358.288600 1690.000000 0.000000 0.000001 0.999998 0.000000 1.000003 -0.000001 -1.000000 0.000000 0.000000 3070b.dat
1 23 504.641400 -358.288600 1700.000000 0.000000 0.000001 0.999998 0.000000 1.000003 -0.000001 -1.000000 0.000000 0.000000 3069b.dat
1 0 494.641100 -358.288600 1740.000000 0.999998 0.000001 0.000000 -0.000001 1.000003 0.000000 0.000000 0.000000 1.000000 35787.dat
1 0 484.641100 -350.288600 1730.000000 0.000000 0.000001 -0.999998 0.000000 1.000003 0.000001 1.000000 0.000000 0.000000 2450.dat
1 23 484.641100 -350.288600 1680.000000 0.000000 0.000001 -0.999998 0.000000 1.000003 0.000001 1.000000 0.000000 0.000000 43722.dat
1 0 409.999600 -399.999900 1700.000000 0.000000 0.000000 -1.000000 0.000000 1.000000 0.000000 1.000000 0.000000 0.000000 52107.dat
1 0 409.999600 -392.000000 1730.000000 -1.000000 0.000000 0.000000 0.000000 1.000000 0.000000 0.000000 0.000000 -1.000000 99780.dat
1 0 419.999600 -399.999900 1730.000000 0.000000 0.000000 -1.000000 0.000000 1.000000 0.000000 1.000000 0.000000 0.000000 36841.dat
1 0 399.999600 -399.999900 1730.000000 0.000000 0.000000 1.000000 0.000000 1.000000 0.000000 -1.000000 0.000000 0.000000 36841.dat
1 0 391.999600 -390.000000 1710.000000 0.000000 0.999998 0.000000 0.999999 0.000000 0.000000 0.000000 0.000000 -1.000000 2555.dat
1 0 427.999600 -390.000000 1710.000000 0.000000 -1.000000 0.000000 -1.000000 0.000000 0.000000 0.000000 0.000000 -1.000000 2555.dat
1 0 409.999600 -394.000000 1760.000000 -1.000000 0.000000 0.000000 0.000000 0.000000 -1.000000 0.000000 -1.000000 0.000000 3794b.dat
1 47 409.999600 -394.000000 1768.000000 -1.000000 0.000000 0.000000 0.000000 0.000000 -1.000000 0.000000 -1.000000 0.000000 98138.dat
1 0 409.999600 -400.000000 1670.000000 0.000000 0.000000 -1.000000 0.000000 1.000000 0.000000 1.000000 0.000000 0.000000 47905.dat
1 0 377.999500 -390.000000 1730.000000 0.000000 1.000000 0.000000 -1.000000 0.000000 0.000000 0.000000 0.000000 1.000000 54200.dat
1 0 441.999500 -390.000000 1730.000000 0.000000 -1.000000 0.000000 1.000000 0.000000 0.000000 0.000000 0.000000 1.000000 54200.dat
1 0 409.999600 -384.000000 1730.000000 -1.000000 0.000000 0.000000 0.000000 1.000000 0.000000 0.000000 0.000000 -1.000000 85861.dat
1 0 410.000000 -376.000000 1700.000000 0.000000 0.000000 -1.000000 0.000000 1.000000 0.000000 1.000000 0.000000 0.000000 3710.dat
1 0 409.999600 -407.999900 1710.000000 -1.000000 0.000000 0.000000 0.000000 1.000000 0.000000 0.000000 0.000000 -1.000000 3069b.dat
1 0 409.999600 -407.999900 1730.000000 -1.000000 0.000000 0.000000 0.000000 1.000000 0.000000 0.000000 0.000000 -1.000000 3069b.dat
1 0 369.393500 -378.676400 1710.000000 -0.766043 0.642787 0.000000 0.642788 0.766044 0.000000 0.000000 0.000000 -1.000000 78257.dat
1 0 450.605900 -378.676400 1710.000000 -0.766043 -0.642787 0.000000 -0.642788 0.766044 0.000000 0.000000 0.000000 -1.000000 78257.dat
1 0 455.748000 -384.804700 1710.000000 -0.766043 -0.642787 0.000000 -0.642789 0.766048 0.000000 0.000000 0.000000 -1.000000 3070b.dat
1 0 364.251300 -384.804700 1710.000000 -0.766043 0.642787 0.000000 0.642788 0.766044 0.000000 0.000000 0.000000 -1.000000 3070b.dat
1 0 377.999500 -390.000000 1730.000000 0.000000 1.000000 0.000000 1.000000 0.000000 0.000000 0.000000 0.000000 -1.000000 36840.dat
1 0 441.999500 -390.000000 1730.000000 0.000000 -1.000000 0.000000 -1.000000 0.000000 0.000000 0.000000 0.000000 -1.000000 36840.dat
1 0 375.999800 -390.000000 1744.000000 0.000000 0.000000 1.000000 -1.000000 0.000000 0.000000 0.000000 -1.000000 0.000000 54200.dat
1 0 443.999500 -390.000000 1744.000000 0.000000 0.000000 -1.000000 1.000000 0.000000 0.000000 0.000000 -1.000000 0.000000 54200.dat
1 0 409.999700 -400.000000 1650.000000 0.000000 0.000000 -1.000000 0.000000 1.000000 0.000000 1.000000 0.000000 0.000000 3024.dat
1 0 409.999800 -399.999900 1600.000000 0.000000 0.000000 -1.000000 0.000000 1.000000 0.000000 1.000000 0.000000 0.000000 3710.dat
1 0 409.999800 -392.000100 1620.000000 0.000000 0.000000 -1.000000 0.000000 1.000000 0.000000 1.000000 0.000000 0.000000 3710.dat
1 0 409.999800 -392.000000 1570.000000 0.000000 0.000000 -1.000000 0.000000 1.000000 0.000000 1.000000 0.000000 0.000000 3024.dat
1 23 409.999800 -407.999900 1570.000000 0.000000 0.000000 -1.000000 0.000000 1.000000 0.000000 1.000000 0.000000 0.000000 3070b.dat
1 23 409.999300 -407.999900 1639.999000 0.000000 0.000000 -1.000000 0.000000 1.000000 0.000000 1.000000 0.000000 0.000000 6636.dat
1 0 409.999600 -394.000000 1752.000000 1.000000 0.000000 0.000000 0.000000 0.000000 1.000000 0.000000 -1.000000 0.000000 3023b.dat
1 0 355.358000 -350.288600 1740.000000 -0.999998 0.000000 0.000000 0.000000 0.999999 0.000000 0.000000 0.000000 -1.000000 5404.dat
1 0 464.641100 -350.288600 1740.000000 -0.999998 0.000000 0.000000 0.000000 0.999999 0.000000 0.000000 0.000000 -1.000000 5404.dat
1 0 399.999600 -389.999900 1680.000000 0.000000 0.999998 -0.000001 -0.999999 0.000000 0.000000 0.000000 0.000001 1.000000 5404.dat
1 0 419.999600 -389.999900 1680.000000 0.000000 -0.999998 -0.000001 0.999999 0.000000 0.000000 0.000000 -0.000001 1.000000 5404.dat
1 23 38.238630 -319.999900 1171.769000 0.955796 0.000000 0.294041 0.000000 1.000000 0.000000 -0.294041 0.000000 0.955796 3665b.dat
1 23 35.297980 -319.999900 1162.210000 0.955796 0.000000 0.294041 0.000000 1.000000 0.000000 -0.294041 0.000000 0.955796 11477.dat
1 0 47.059600 -319.999900 1200.442000 0.294041 0.000000 -0.955796 0.000000 1.000000 0.000000 0.955796 0.000000 0.294041 52107.dat
1 0 55.880780 -319.999900 1229.116000 0.294041 0.000000 -0.955796 0.000000 1.000000 0.000000 0.955796 0.000000 0.294041 47905.dat
1 0 47.059600 -327.999900 1200.442000 0.294041 0.000000 -0.955796 0.000000 1.000000 0.000000 0.955796 0.000000 0.294041 3710.dat
1 0 73.085080 -309.999900 1223.823000 -0.294041 -0.955796 0.000000 0.000000 0.000000 1.000000 -0.955796 0.294041 0.000000 54200.dat
1 0 38.676430 -309.999900 1234.409000 0.294041 0.955796 0.000000 0.000000 0.000000 1.000000 0.955796 -0.294041 0.000000 54200.dat
1 23 38.676430 -309.999900 1234.409000 0.294041 0.955796 0.000000 0.000000 0.000000 1.000000 0.955796 -0.294041 0.000000 3024.dat
1 23 73.085080 -309.999900 1223.823000 0.294041 -0.955796 0.000000 0.000000 0.000000 -1.000000 0.955796 0.294041 0.000000 3024.dat
1 23 47.059120 -335.999900 1200.441000 0.294040 0.000000 -0.955793 0.000000 1.000000 0.000000 0.955793 0.000000 0.294040 3069b.dat
1 0 55.880780 -335.999900 1229.116000 -0.955796 0.000000 -0.294041 0.000000 1.000000 0.000000 0.294041 0.000000 -0.955796 3069b.dat
1 0 61.323500 -309.999900 1185.592000 0.294041 -0.955796 0.000000 0.000000 0.000000 -1.000000 0.955796 0.294041 0.000000 63864.dat
1 0 26.914820 -309.999900 1196.177000 0.294041 0.955796 0.000000 0.000000 0.000000 1.000000 0.955796 -0.294041 0.000000 63864.dat
1 23 166.077400 -296.000000 953.374400 0.915665 0.000000 -0.401949 0.000000 1.000000 0.000000 0.401949 0.000000 0.915665 3665b.dat
1 23 170.097300 -296.000000 944.217000 0.915665 0.000000 -0.401949 0.000000 1.000000 0.000000 0.401949 0.000000 0.915665 11477.dat
1 0 154.019400 -296.000000 980.843300 -0.401949 0.000000 -0.915665 0.000000 1.000000 0.000000 0.915665 0.000000 -0.401949 52107.dat
1 0 141.960900 -296.000000 1008.313000 -0.401949 0.000000 -0.915665 0.000000 1.000000 0.000000 0.915665 0.000000 -0.401949 47905.dat
1 0 154.019400 -304.000000 980.843300 -0.401949 0.000000 -0.915665 0.000000 1.000000 0.000000 0.915665 0.000000 -0.401949 3710.dat
1 0 158.443000 -286.000000 1015.548000 0.401949 -0.915665 0.000000 0.000000 0.000000 1.000000 -0.915665 -0.401949 0.000000 54200.dat
1 0 125.479000 -286.000000 1001.078000 -0.401949 0.915665 0.000000 0.000000 0.000000 1.000000 0.915665 0.401949 0.000000 54200.dat
1 23 125.479000 -286.000000 1001.078000 -0.401949 0.915665 0.000000 0.000000 0.000000 1.000000 0.915665 0.401949 0.000000 3024.dat
1 23 158.443000 -286.000000 1015.548000 -0.401949 -0.915665 0.000000 0.000000 0.000000 -1.000000 0.915665 -0.401949 0.000000 3024.dat
1 23 154.019900 -312.000000 980.841900 -0.401948 0.000000 -0.915662 0.000000 1.000000 0.000000 0.915662 0.000000 -0.401948 3069b.dat
1 0 141.960900 -312.000000 1008.313000 -0.915665 0.000000 0.401949 0.000000 1.000000 0.000000 -0.401949 0.000000 -0.915665 3069b.dat
1 0 174.520900 -286.000000 978.921600 -0.401949 -0.915665 0.000000 0.000000 0.000000 -1.000000 0.915665 -0.401949 0.000000 63864.dat
1 0 141.556800 -286.000000 964.451700 -0.401949 0.915665 0.000000 0.000000 0.000000 1.000000 0.915665 0.401949 0.000000 63864.dat
1 8 -74.108000 -141.530800 183.693000 -0.156433 0.000001 0.987688 0.000000 1.000000 -0.000001 -0.987686 0.000000 -0.156434 4733.dat
1 8 -56.329600 -131.530800 180.877300 -0.156433 -0.987688 0.000001 0.000000 0.000001 1.000000 -0.987686 0.156434 0.000000 3024.dat
1 8 -91.886340 -131.530800 186.508900 -0.156433 0.987688 -0.000001 0.000000 -0.000001 -1.000000 -0.987686 -0.156434 0.000000 3024.dat
1 25 -99.787860 -131.530800 187.760300 -0.156433 0.987688 -0.000001 0.000000 -0.000001 -1.000000 -0.987686 -0.156434 0.000000 3024.dat
1 25 -48.428100 -131.530800 179.625800 -0.156433 -0.987688 0.000001 0.000000 0.000001 1.000000 -0.987686 0.156434 0.000000 3024.dat
1 25 -107.689300 -131.530800 189.011900 -0.156433 0.987688 -0.000001 0.000000 -0.000001 -1.000000 -0.987686 -0.156434 0.000000 3024.dat
1 25 -40.526600 -131.530800 178.374300 -0.156433 -0.987688 0.000001 0.000000 0.000001 1.000000 -0.987686 0.156434 0.000000 3024.dat
1 25 -71.292200 -131.530800 201.471400 0.987688 -0.156433 0.000001 -0.000001 0.000000 1.000000 -0.156434 -0.987686 0.000000 3623.dat
1 25 -91.045920 -131.530800 204.600100 -0.000001 -0.156433 0.987688 -1.000000 0.000000 -0.000001 0.000000 -0.987686 -0.156434 54200.dat
1 25 -51.538440 -131.530800 198.342700 0.000001 -0.156433 -0.987688 1.000000 0.000000 0.000001 0.000000 -0.987686 0.156434 54200.dat
1 25 -70.040740 -131.530800 209.372900 0.987688 -0.156433 0.000001 -0.000001 0.000000 1.000000 -0.156434 -0.987686 0.000000 3024.dat
1 25 -68.789280 -131.530800 217.274300 0.987688 -0.156433 0.000001 -0.000001 0.000000 1.000000 -0.156434 -0.987686 0.000000 3070b.dat
1 25 -96.677490 -131.530800 169.043800 0.987688 0.156433 -0.000001 -0.000001 0.000000 -1.000000 -0.156434 0.987686 0.000000 3024.dat
1 25 -57.169980 -131.530800 162.786500 0.987688 0.156433 -0.000001 -0.000001 0.000000 -1.000000 -0.156434 0.987686 0.000000 3024.dat
1 25 -78.175190 -131.530800 158.013600 0.987688 0.156433 -0.000001 -0.000001 0.000000 -1.000000 -0.156434 0.987686 0.000000 63864.dat
1 8 -74.108000 -149.530800 183.693100 -0.156433 0.000001 0.987688 0.000000 1.000000 -0.000001 -0.987686 0.000000 -0.156434 3068b.dat
1 0 -80.365570 -89.530710 144.186100 0.987688 0.000001 0.156433 -0.000001 1.000000 0.000000 -0.156434 0.000000 0.987686 3623.dat
1 25 -81.929890 -97.530700 134.309200 0.156433 0.000001 -0.987688 0.000000 1.000000 0.000001 0.987686 0.000000 0.156434 3069b.dat
1 0 -60.611720 -97.530730 141.057400 0.987688 0.000001 0.156433 -0.000001 1.000000 0.000000 -0.156434 0.000000 0.987686 36841.dat
1 0 -100.119300 -97.530690 147.314500 0.987688 0.000001 0.156433 -0.000001 1.000000 0.000000 -0.156434 0.000000 0.987686 36841.dat
1 0 -60.611730 -105.530700 141.057400 0.987688 0.000001 0.156433 -0.000001 1.000000 0.000000 -0.156434 0.000000 0.987686 3070b.dat
1 0 -100.119200 -105.530700 147.314700 0.987688 0.000001 0.156433 -0.000001 1.000000 0.000000 -0.156434 0.000000 0.987686 3070b.dat
1 40 -83.494180 -89.530720 124.432000 0.987688 0.000001 0.156433 -0.000001 1.000000 0.000000 -0.156434 0.000000 0.987686 3024.dat
1 25 -83.494160 -81.530700 124.432000 0.987688 0.000001 0.156433 -0.000001 1.000000 0.000000 -0.156434 0.000000 0.987686 3024.dat
1 0 -63.740340 -65.530600 121.303400 0.987688 0.000001 0.156433 -0.000001 1.000000 0.000000 -0.156434 0.000000 0.987686 36840.dat
1 0 -103.247800 -65.530560 127.560700 0.987688 0.000001 0.156433 -0.000001 1.000000 0.000000 -0.156434 0.000000 0.987686 36840.dat
1 0 -67.181930 -67.530600 99.573780 0.987688 0.156433 -0.000001 -0.000001 0.000000 -1.000000 -0.156434 0.987686 0.000000 85861.dat
1 0 -106.689500 -67.530560 105.831100 0.987688 0.156433 -0.000001 -0.000001 0.000000 -1.000000 -0.156434 0.987686 0.000000 85861.dat
1 0 -68.433380 -67.530600 91.672400 0.987688 0.156433 -0.000001 -0.000001 0.000000 -1.000000 -0.156434 0.987686 0.000000 85861.dat
1 0 -107.940900 -67.530560 97.929690 0.987688 0.156433 -0.000001 -0.000001 0.000000 -1.000000 -0.156434 0.987686 0.000000 85861.dat
1 0 -80.365550 -81.530700 144.186100 -0.987688 0.000001 -0.156433 0.000001 1.000000 0.000000 0.156434 0.000000 -0.987686 36840.dat
1 0 -60.611700 -81.530720 141.057400 -0.987688 0.000001 -0.156433 0.000001 1.000000 0.000000 0.156434 0.000000 -0.987686 3024.dat
1 0 -100.119200 -81.530680 147.314700 -0.987688 0.000001 -0.156433 0.000001 1.000000 0.000000 0.156434 0.000000 -0.987686 3024.dat
1 0 -81.929860 -73.530700 134.309200 0.987688 0.000001 0.156433 -0.000001 1.000000 0.000000 -0.156434 0.000000 0.987686 3021.dat
1 0 -83.494140 -65.530580 124.432000 0.987688 0.000001 0.156433 -0.000001 1.000000 0.000000 -0.156434 0.000000 0.987686 3024.dat
1 47 -64.053220 -87.530740 119.328000 0.987688 0.156433 -0.000001 -0.000001 0.000000 -1.000000 -0.156434 0.987686 0.000000 98138.dat
1 47 -103.560900 -87.530700 125.585100 0.987688 0.156433 -0.000001 -0.000001 0.000000 -1.000000 -0.156434 0.987686 0.000000 98138.dat
1 25 -114.026500 -114.210200 200.140100 -0.078217 0.987688 0.135475 -0.866024 -0.000001 -0.500001 -0.493843 -0.156434 0.855360 3623.dat
1 25 -124.274500 -140.191000 186.576300 -0.078217 0.987688 0.135475 -0.866024 -0.000001 -0.500001 -0.493843 -0.156434 0.855360 3069b.dat
1 25 -117.155200 -148.851200 180.386400 0.135475 0.987688 0.078217 -0.500001 -0.000001 0.866024 0.855360 -0.156434 0.493843 49673.dat
1 0 -121.145800 -88.229350 206.330000 -0.078216 0.987688 -0.135476 0.866026 -0.000001 -0.500000 -0.493843 -0.156434 -0.855362 35480.dat
1 25 -129.829500 -79.569160 202.643000 -0.078216 0.987688 -0.135476 0.866026 -0.000001 -0.500000 -0.493843 -0.156434 -0.855362 63864.dat
1 0 -130.786300 -32.000000 158.246800 -0.156434 0.000001 0.987688 0.000001 1.000000 -0.000001 -0.987688 0.000001 -0.156434 4733.dat
1 25 -140.663200 -22.000270 159.811100 0.156434 0.987688 0.000001 -0.000001 -0.000001 1.000000 0.987688 -0.156434 0.000001 54200.dat
1 25 -132.350700 -22.000270 148.369800 -0.987688 0.156434 0.000001 0.000001 -0.000001 1.000000 0.156434 0.987688 0.000001 54200.dat
1 25 -129.222000 -22.000290 168.123600 0.987688 -0.156434 0.000001 -0.000001 0.000001 1.000000 -0.156434 -0.987688 0.000001 54200.dat
1 25 -120.909400 -22.000290 156.682500 -0.156434 -0.987688 0.000001 0.000001 0.000001 1.000000 -0.987688 0.156434 0.000001 54200.dat
1 25 -130.786300 -40.000000 158.246800 -0.987688 0.000001 -0.156434 0.000001 1.000000 0.000001 0.156434 0.000001 -0.987688 26047.dat
1 25 -130.786300 -40.000000 158.246800 0.987688 0.000001 0.156434 -0.000001 1.000000 -0.000001 -0.156434 0.000001 0.987688 54200.dat
1 0 -28.066620 -32.000060 141.977600 -0.156434 0.000001 0.987688 0.000001 1.000000 -0.000001 -0.987688 0.000001 -0.156434 4733.dat
1 25 -37.943570 -22.000320 143.542000 0.156434 0.987688 0.000001 -0.000001 -0.000001 1.000000 0.987688 -0.156434 0.000001 54200.dat
1 25 -29.631130 -22.000390 132.099900 -0.987688 0.156434 0.000001 0.000001 -0.000001 1.000000 0.156434 0.987688 0.000001 54200.dat
1 25 -26.502290 -22.000340 151.854500 0.987688 -0.156434 0.000001 -0.000001 0.000001 1.000000 -0.156434 -0.987688 0.000001 54200.dat
1 25 -18.189810 -22.000340 140.413400 -0.156434 -0.987688 0.000001 0.000001 0.000001 1.000000 -0.987688 0.156434 0.000001 54200.dat
1 25 -28.066680 -40.000060 141.977600 -0.987688 0.000001 -0.156434 0.000001 1.000000 0.000001 0.156434 0.000001 -0.987688 26047.dat
1 25 -28.066620 -40.000060 141.977600 0.987688 0.000001 0.156434 -0.000001 1.000000 -0.000001 -0.156434 0.000001 0.987688 54200.dat
1 25 -31.060740 -114.210300 186.999600 0.078218 -0.987688 0.135475 0.866024 0.000001 -0.500001 0.493844 0.156434 0.855360 3623.dat
1 25 -25.505740 -140.191100 170.933000 0.078217 -0.987688 0.135475 0.866024 0.000001 -0.500001 0.493843 0.156434 0.855360 3069b.dat
1 25 -34.189440 -148.851400 167.245900 -0.135475 -0.987688 0.078217 0.500001 0.000001 0.866024 -0.855360 0.156434 0.493843 49673.dat
1 0 -22.377040 -88.229520 190.686700 -0.078216 -0.987688 0.135476 0.866027 0.000001 0.500000 -0.493843 0.156434 0.855363 35480.dat
1 25 -15.257620 -79.569270 184.496700 -0.078216 -0.987688 0.135476 0.866027 0.000001 0.500000 -0.493843 0.156434 0.855363 63864.dat
1 25 -69.685020 -67.530600 83.769840 0.987688 0.156433 -0.000001 -0.000001 0.000000 -1.000000 -0.156434 0.987686 0.000000 98138.dat
1 25 -109.192400 -67.530560 90.028140 0.987688 0.156433 -0.000001 -0.000001 0.000000 -1.000000 -0.156434 0.987686 0.000000 98138.dat
1 0 -76.923730 -131.530800 165.915100 0.987688 0.156433 -0.000001 -0.000001 0.000000 -1.000000 -0.156434 0.987686 0.000000 36840.dat
1 0 -121.928000 -114.210200 201.391600 -0.135475 0.987688 -0.078217 0.500001 -0.000001 -0.866024 -0.855360 -0.156434 -0.493843 24246.dat
1 0 -23.159220 -114.210300 185.748200 0.135475 -0.987688 -0.078217 -0.500001 0.000001 -0.866024 0.855360 0.156434 -0.493843 24246.dat
1 0 -75.672310 -109.530700 173.816200 -0.156433 -0.000001 -0.987688 0.000000 -1.000000 0.000001 -0.987686 0.000000 0.156434 30383.dat
1 0 -76.923680 -83.530720 165.915100 0.987688 -0.156433 0.000001 -0.000001 0.000000 1.000000 -0.156434 -0.987686 0.000000 50340.dat
1 25 -123.492300 -62.248600 191.514700 -0.135476 0.987688 0.078216 -0.500000 -0.000001 -0.866027 -0.855363 -0.156434 0.493843 36840.dat
1 25 -24.723440 -62.248680 175.871400 0.135476 -0.987688 0.078216 0.500000 0.000001 -0.866026 0.855363 0.156434 0.493843 36840.dat
1 25 -24.468810 -43.196130 164.693900 0.135476 0.078216 0.987688 0.500000 -0.866026 -0.000001 0.855363 0.493843 -0.156434 2555.dat
1 25 -127.188400 -43.196070 180.963000 0.135476 0.078216 0.987688 0.500000 -0.866026 -0.000001 0.855363 0.493844 -0.156434 2555.dat
0 NOFILE

0 FILE 50340.dat
0 Hinge Plate  1 x  2 Locking 7-Position with Dual Finger on Side

0 Name: 50340.dat

0 Author: Philippe Hurbain [Philo]

0 !LDRAW_ORG Part UPDATE 2020-03

0 !LICENSE Licensed under CC BY 4.0 : see CAreadme.txt



0 BFC CERTIFY CCW



0 !KEYWORDS BrickLink 60471



0 !HISTORY 2020-12-29 [PTadmin] Official Update 2020-03





1 16 0 4 0 0 0 1 0 -1 0 -1 0 0 stud3.dat

1 16 0 0 0 -1 0 0 0 1 0 0 0 -1 stug-1x2.dat

0 BFC INVERTNEXT

1 16 0 8 0 -16 0 0 0 -4 0 0 0 -6 box5.dat

4 16 20 8 -10 16 8 -6 16 8 6 20 8 10

4 16 20 8 10 16 8 6 -16 8 6 -20 8 10

4 16 -20 8 10 -16 8 6 -16 8 -6 -20 8 -10

4 16 -20 8 -10 -16 8 -6 16 8 -6 20 8 -10

1 16 0 0 0 0 0 20 0 1 0 -10 0 0 rect.dat

1 16 20 4 0 0 -1 0 0 0 4 -10 0 0 rect3.dat

1 16 0 4 10 0 0 -20 4 0 0 0 -1 0 rect2a.dat

1 16 -20 4 0 0 1 0 4 0 0 0 0 -10 rect2a.dat

1 16 -14.25 4 -10 0 0 5.75 4 0 0 0 1 0 rect2a.dat

1 16 0 4 -10 -4 0 0 0 0 4 0 1 0 rect3.dat

1 16 14.25 4 -10 -5.75 0 0 0 0 4 0 1 0 rect2a.dat

1 16 0 2 -16 1 0 0 0 1 0 0 0 -1 clh10.dat

1 16 0 2 -16 -1 0 0 0 1 0 0 0 -1 clh10.dat

4 16 8.5 -4 -16 8.5 8 -16 8.5 8 -10 8.5 0 -10

3 16 8.5 -4 -16 8.5 0 -10 8.5 -4 -14

4 16 4 8 -10 4 8 -16 4 -4 -16 4 0 -10

3 16 4 -4 -14 4 0 -10 4 -4 -16

4 16 -4 -4 -16 -4 8 -16 -4 8 -10 -4 0 -10

3 16 -4 -4 -16 -4 0 -10 -4 -4 -14

4 16 -8.5 8 -10 -8.5 8 -16 -8.5 -4 -16 -8.5 0 -10

3 16 -8.5 -4 -14 -8.5 0 -10 -8.5 -4 -16

1 16 6.25 -2 -12 -2.25 0 0 0 1 -2 0 0 -2 rect3.dat

1 16 6.25 -4 -15 0 0 2.25 0 1 0 -1 0 0 rect2p.dat

1 16 6.25 8 -13 0 0 -2.25 0 -1 0 -3 0 0 rect2p.dat

1 16 -6.25 -2 -12 -2.25 0 0 0 1 -2 0 0 -2 rect3.dat

1 16 -6.25 -4 -15 0 0 2.25 0 1 0 -1 0 0 rect2p.dat

1 16 -6.25 8 -13 0 0 -2.25 0 -1 0 -3 0 0 rect2p.dat

0 NOFILE

0 FILE rect2p.dat
0 Rectangle with 2 Parallel Edges

0 Name: rect2p.dat

0 Author: Donald Sutter [technog]

0 !LDRAW_ORG Primitive UPDATE 2010-01

0 !LICENSE Licensed under CC BY 4.0 : see CAreadme.txt



0 BFC CERTIFY CCW



0 !HISTORY 2003-08-01 [PTadmin] Official Update 2003-02

0 !HISTORY 2007-06-24 [PTadmin] Header formatted for Contributor Agreement

0 !HISTORY 2008-07-01 [PTadmin] Official Update 2008-01

0 !HISTORY 2010-01-17 [mikeheide] changed winding to CCW

0 !HISTORY 2010-04-05 [PTadmin] Official Update 2010-01





2 24 1 0 1 -1 0 1

2 24 -1 0 -1 1 0 -1

4 16 -1 0 1 -1 0 -1 1 0 -1 1 0 1

0

0 NOFILE

0 FILE clh10.dat
0 Click Lock Hinge Half Dual Finger 7-Position

0 Name: clh10.dat

0 Author: Michael Heidemann [mikeheide]

0 !LDRAW_ORG Primitive UPDATE 2012-01

0 !LICENSE Licensed under CC BY 4.0 : see CAreadme.txt



0 !HELP Requires 2 halves rotated 180 degrees apart on Z-axis.

0 !HELP Placement on side of bricks; rotate pair accordingly,

0 !HELP place 10 Ldu below top surface and 6 Ldu off side surface,

0 !HELP fill as needed - box4o4a.dat's recommended.

0 !HELP Placement off side of plates and windscreens; rotate pair accordingly,

0 !HELP place center origin 2 Ldu below top surface and 6 Ldu off side surface,

0 !HELP fill as needed.



0 BFC CERTIFY CCW



0 !HISTORY 2008-07-03 [Philo] Rewrite from clh11 for homogeneity with other clh primitives

0 !HISTORY 2010-12-31 [PTadmin] Official Update 2010-03

0 !HISTORY 2012-02-16 [Philo] Changed to CCW

0 !HISTORY 2012-03-30 [PTadmin] Official Update 2012-01





1 16 8.5 0 0.9 0 -4.5 0 0 0 6 0.9 0 0 box3u8p.dat

4 16 8.5 6 0 8.5 6 1.8 8.5 -6 1.8 8.5 -6 0

4 16 8.5 -5.25 4 8.5 -4.81 1.8 8.5 4.81 1.8 8.5 5.25 4

4 16 4 -4.81 1.8 4 -5.25 4 4 5.25 4 4 4.81 1.8

1 16 8.5 0 4 0 -1 0 5.25 0 0 0 0 5.25 2-4disc.dat

1 16 4 0 4 0 1 0 5.25 0 0 0 0 5.25 2-4disc.dat

1 16 4 0 4 0 -1 0 4 0 0 0 0 4 4-4edge.dat

1 16 4 0 4 0 -1 0 1 0 0 0 0 1 4-4con3.dat

1 16 3 0 4 0 -1 0 3 0 0 0 0 3 4-4edge.dat

1 16 3 0 4 0 1 0 3 0 0 0 0 3 4-4disc.dat

1 16 6.25 5.73 1.903 -2.25 0 0 0 0 0.27 0 -1 -0.103 rect3.dat

4 16 4 4.81 1.8 4 4.89 2.18 4 5.46 2.006 4 6 1.8

4 16 8.5 4.89 2.18 8.5 4.81 1.8 8.5 6 1.8 8.5 5.46 2.006

0 BFC INVERTNEXT

1 16 4 5.641 2.88 0 4.5 0 -0.175 0 -0.59 -0.875 0 0.117 2-4cyli.dat

1 16 8.5 5.64 2.88 0 -1 0 -0.175 0 -0.59 -0.875 0 0.117 2-4ndis.dat

1 16 8.5 5.64 2.88 0 -1 0 -0.175 0 -0.59 -0.875 0 0.117 2-4edge.dat

1 16 4 5.641 2.88 0 1 0 -0.175 0 -0.59 -0.875 0 0.117 2-4ndis.dat

1 16 4 5.641 2.88 0 -1 0 -0.175 0 -0.59 -0.875 0 0.117 2-4edge.dat

1 16 4 5.81 4 0 4.5 0 0 0 0.19 -0.25 0 0 2-4cyli.dat

1 16 8.5 5.81 4 0 -1 0 0 0 0.19 -0.25 0 0 2-4disc.dat

1 16 8.5 5.81 4 0 -1 0 0 0 0.19 -0.25 0 0 2-4edge.dat

1 16 4 5.81 4 0 1 0 0 0 0.19 -0.25 0 0 2-4disc.dat

1 16 4 5.81 4 0 -1 0 0 0 0.19 -0.25 0 0 2-4edge.dat

4 16 4 5.22 3.867 4 5.22 4.133 4 5.82 4.25 4 5.82 3.75

4 16 8.5 5.22 4.133 8.5 5.22 3.867 8.5 5.82 3.75 8.5 5.82 4.25

0 BFC INVERTNEXT

1 16 4 5.641 5.12 0 4.5 0 0.175 0 -0.59 -0.875 0 -0.117 2-4cyli.dat

1 16 8.5 5.64 5.119 0 -1 0 0.175 0 -0.59 -0.875 0 -0.117 2-4ndis.dat

1 16 8.5 5.64 5.119 0 -1 0 0.175 0 -0.59 -0.875 0 -0.117 2-4edge.dat

1 16 4 5.641 5.12 0 1 0 0.175 0 -0.59 -0.875 0 -0.117 2-4ndis.dat

1 16 4 5.641 5.12 0 -1 0 0.175 0 -0.59 -0.875 0 -0.117 2-4edge.dat

1 16 4 5.368 6.224 0 4.5 0 0.097 0 0.175 -0.231 0 0.073 2-4cyli.dat

1 16 8.5 5.368 6.224 0 -1 0 0.097 0 0.175 -0.231 0 0.073 2-4disc.dat

1 16 8.5 5.368 6.224 0 -1 0 0.097 0 0.175 -0.231 0 0.073 2-4edge.dat

1 16 4 5.368 6.224 0 1 0 0.097 0 0.175 -0.231 0 0.073 2-4disc.dat

1 16 4 5.368 6.224 0 -1 0 0.097 0 0.175 -0.231 0 0.073 2-4edge.dat

4 16 4 4.874 5.875 4 4.772 6.12 4 5.281 6.458 4 5.463 5.996

4 16 8.5 4.772 6.12 8.5 4.874 5.875 8.5 5.463 5.996 8.5 5.281 6.458

0 BFC INVERTNEXT

1 16 4 4.782 7.193 0 4.5 0 0.496 0 -0.5 -0.741 0 -0.334 2-4cyli.dat

1 16 8.5 4.781 7.193 0 -1 0 0.496 0 -0.5 -0.741 0 -0.334 2-4ndis.dat

1 16 8.5 4.781 7.193 0 -1 0 0.496 0 -0.5 -0.741 0 -0.334 2-4edge.dat

1 16 4 4.782 7.193 0 1 0 0.496 0 -0.5 -0.741 0 -0.334 2-4ndis.dat

1 16 4 4.782 7.193 0 -1 0 0.496 0 -0.5 -0.741 0 -0.334 2-4edge.dat

1 16 4 4.109 8.108 0 4.5 0 0.177 0 0.134 -0.177 0 0.134 2-4cyli.dat

1 16 8.5 4.109 8.108 0 -1 0 0.177 0 0.134 -0.177 0 0.134 2-4disc.dat

1 16 8.5 4.109 8.108 0 -1 0 0.177 0 0.134 -0.177 0 0.134 2-4edge.dat

1 16 4 4.109 8.108 0 1 0 0.177 0 0.134 -0.177 0 0.134 2-4disc.dat

1 16 4 4.109 8.108 0 -1 0 0.177 0 0.134 -0.177 0 0.134 2-4edge.dat

4 16 4 3.785 7.597 4 3.597 7.785 4 3.938 8.284 4 4.284 7.938

4 16 8.5 3.597 7.785 8.5 3.785 7.597 8.5 4.284 7.938 8.5 3.938 8.284

0 BFC INVERTNEXT

1 16 4 -4.78 7.195 0 4.5 0 0.495 0 0.5 0.742 0 -0.334 2-4cyli.dat

1 16 8.5 -4.779 7.196 0 -1 0 0.495 0 0.5 0.742 0 -0.334 2-4ndis.dat

1 16 8.5 -4.779 7.196 0 -1 0 0.495 0 0.5 0.742 0 -0.334 2-4edge.dat

1 16 4 -4.78 7.195 0 1 0 0.495 0 0.5 0.742 0 -0.334 2-4ndis.dat

1 16 4 -4.78 7.195 0 -1 0 0.495 0 0.5 0.742 0 -0.334 2-4edge.dat

1 16 4 -5.368 6.224 0 4.5 0 0.097 0 -0.175 0.231 0 0.073 2-4cyli.dat

1 16 8.5 -5.368 6.225 0 -1 0 0.097 0 -0.175 0.231 0 0.073 2-4disc.dat

1 16 8.5 -5.368 6.225 0 -1 0 0.097 0 -0.175 0.231 0 0.073 2-4edge.dat

1 16 4 -5.368 6.224 0 1 0 0.097 0 -0.175 0.231 0 0.073 2-4disc.dat

1 16 4 -5.368 6.224 0 -1 0 0.097 0 -0.175 0.231 0 0.073 2-4edge.dat

4 16 4 -4.772 6.12 4 -4.874 5.875 4 -5.463 5.996 4 -5.281 6.458

4 16 8.5 -4.874 5.875 8.5 -4.772 6.12 8.5 -5.281 6.458 8.5 -5.463 5.996

0 BFC INVERTNEXT

1 16 4 -5.64 5.12 0 4.5 0 0.175 0 0.59 0.875 0 -0.117 2-4cyli.dat

1 16 8.5 -5.64 5.12 0 -1 0 0.175 0 0.59 0.875 0 -0.117 2-4ndis.dat

1 16 8.5 -5.64 5.12 0 -1 0 0.175 0 0.59 0.875 0 -0.117 2-4edge.dat

1 16 4 -5.64 5.12 0 1 0 0.175 0 0.59 0.875 0 -0.117 2-4ndis.dat

1 16 4 -5.64 5.12 0 -1 0 0.175 0 0.59 0.875 0 -0.117 2-4edge.dat

1 16 4 -5.81 4 0 4.5 0 0 0 -0.19 0.25 0 0 2-4cyli.dat

1 16 8.5 -5.81 4 0 -1 0 0 0 -0.19 0.25 0 0 2-4disc.dat

1 16 8.5 -5.81 4 0 -1 0 0 0 -0.19 0.25 0 0 2-4edge.dat

1 16 4 -5.81 4 0 1 0 0 0 -0.19 0.25 0 0 2-4disc.dat

1 16 4 -5.81 4 0 -1 0 0 0 -0.19 0.25 0 0 2-4edge.dat

4 16 4 -5.22 4.133 4 -5.22 3.867 4 -5.82 3.75 4 -5.82 4.25

4 16 8.5 -5.22 3.867 8.5 -5.22 4.133 8.5 -5.82 4.25 8.5 -5.82 3.75

0 BFC INVERTNEXT

1 16 4 3.196 8.78 0 4.5 0 0.742 0 -0.334 -0.495 0 -0.5 1-4cyli.dat

1 16 6.25 1.5 8.951 0 0 -2.25 0.51 0 0 -0.101 -1 0 rect2p.dat

5 24 8.5 2.01 8.85 4 2.01 8.85 4 0.99 9.052 8.5 2.872 8.272

1 16 6.25 2.44 8.561 0 0 -2.25 -0.432 -0.707 0 0.289 -0.707 0 rect2p.dat

1 16 8.5 3.196 8.78 0 -1 0 0.742 0 -0.334 -0.495 0 -0.5 1-4ndis.dat

1 16 8.5 3.196 8.78 0 -1 0 0.742 0 -0.334 -0.495 0 -0.5 1-4edge.dat

1 16 4 3.196 8.78 0 1 0 0.742 0 -0.334 -0.495 0 -0.5 1-4ndis.dat

1 16 4 3.196 8.78 0 -1 0 0.742 0 -0.334 -0.495 0 -0.5 1-4edge.dat

0 BFC INVERTNEXT

1 16 4 1.12 9.64 0 4.5 0 -0.875 0 -0.117 0.175 0 -0.59 1-4cyli.dat

1 16 8.5 1.12 9.64 0 -1 0 -0.875 0 -0.117 0.175 0 -0.59 1-4ndis.dat

1 16 8.5 1.12 9.64 0 -1 0 -0.875 0 -0.117 0.175 0 -0.59 1-4edge.dat

1 16 4 1.12 9.64 0 1 0 -0.875 0 -0.117 0.175 0 -0.59 1-4ndis.dat

1 16 4 1.12 9.64 0 -1 0 -0.875 0 -0.117 0.175 0 -0.59 1-4edge.dat

1 16 4 0 9.81 0 4.5 0 0.25 0 0 0 0 0.19 2-4cyli.dat

1 16 8.5 0 9.81 0 -1 0 0.25 0 0 0 0 0.19 2-4disc.dat

1 16 8.5 0 9.81 0 -1 0 0.25 0 0 0 0 0.19 2-4edge.dat

1 16 4 0 9.81 0 1 0 0.25 0 0 0 0 0.19 2-4disc.dat

1 16 4 0 9.81 0 -1 0 0.25 0 0 0 0 0.19 2-4edge.dat

4 16 4 0.133 9.22 4 -0.133 9.22 4 -0.245 9.814 4 0.245 9.814

4 16 8.5 -0.133 9.22 8.5 0.133 9.22 8.5 0.245 9.814 8.5 -0.245 9.814

0 BFC INVERTNEXT

1 16 4 -1.12 9.64 0 4.5 0 0.875 0 0.117 0.175 0 -0.59 1-4cyli.dat

1 16 8.5 -1.12 9.64 0 -1 0 0.875 0 0.117 0.175 0 -0.59 1-4ndis.dat

1 16 8.5 -1.12 9.64 0 -1 0 0.875 0 0.117 0.175 0 -0.59 1-4edge.dat

1 16 4 -1.12 9.64 0 1 0 0.875 0 0.117 0.175 0 -0.59 1-4ndis.dat

1 16 4 -1.12 9.64 0 -1 0 0.875 0 0.117 0.175 0 -0.59 1-4edge.dat

0 BFC INVERTNEXT

1 16 4 -3.196 8.78 0 4.5 0 -0.742 0 0.334 -0.495 0 -0.5 1-4cyli.dat

1 16 6.25 -2.44 8.561 0 0 -2.25 0.432 0.707 0 0.289 -0.707 0 rect2p.dat

5 24 8.5 -2.008 8.85 4 -2.008 8.85 4 -2.872 8.272 8.5 -0.99 9.052

1 16 6.25 -1.5 8.951 0 0 -2.25 -0.51 0 0 -0.101 -1 0 rect2p.dat

1 16 8.5 -3.196 8.78 0 -1 0 -0.742 0 0.334 -0.495 0 -0.5 1-4ndis.dat

1 16 8.5 -3.196 8.78 0 -1 0 -0.742 0 0.334 -0.495 0 -0.5 1-4edge.dat

1 16 4 -3.196 8.78 0 1 0 -0.742 0 0.334 -0.495 0 -0.5 1-4ndis.dat

1 16 4 -3.196 8.78 0 -1 0 -0.742 0 0.334 -0.495 0 -0.5 1-4edge.dat

1 16 4 -4.109 8.108 0 4.5 0 0.177 0 -0.134 0.177 0 0.134 2-4cyli.dat

1 16 8.5 -4.109 8.108 0 -1 0 0.177 0 -0.134 0.177 0 0.134 2-4disc.dat

1 16 8.5 -4.109 8.108 0 -1 0 0.177 0 -0.134 0.177 0 0.134 2-4edge.dat

1 16 4 -4.109 8.108 0 1 0 0.177 0 -0.134 0.177 0 0.134 2-4disc.dat

1 16 4 -4.109 8.108 0 -1 0 0.177 0 -0.134 0.177 0 0.134 2-4edge.dat

4 16 4 -3.597 7.785 4 -3.785 7.597 4 -4.292 7.939 4 -3.939 8.292

4 16 8.5 -3.785 7.597 8.5 -3.597 7.785 8.5 -3.939 8.292 8.5 -4.292 7.939

0 BFC INVERTNEXT

1 16 4 -5.641 2.88 0 4.5 0 -0.175 0 0.59 0.875 0 0.117 2-4cyli.dat

1 16 8.5 -5.64 2.88 0 -1 0 -0.175 0 0.59 0.875 0 0.117 2-4ndis.dat

1 16 8.5 -5.64 2.88 0 -1 0 -0.175 0 0.59 0.875 0 0.117 2-4edge.dat

1 16 4 -5.641 2.88 0 1 0 -0.175 0 0.59 0.875 0 0.117 2-4ndis.dat

1 16 4 -5.641 2.88 0 -1 0 -0.175 0 0.59 0.875 0 0.117 2-4edge.dat

4 16 8.5 -4.81 1.8 8.5 -4.89 2.18 8.5 -5.46 2.006 8.5 -6 1.8

4 16 4 -4.89 2.18 4 -4.81 1.8 4 -6 1.8 4 -5.46 2.006

1 16 6.25 -5.73 1.903 2.25 0 0 0 0 -0.27 0 -1 -0.103 rect3.dat

0 NOFILE

0 FILE 1-4edge.dat
0 Circle 0.25

0 Name: 1-4edge.dat

0 Author: James Jessiman

0 !LDRAW_ORG Primitive UPDATE 2017-01

0 !LICENSE Licensed under CC BY 4.0 : see CAreadme.txt



0 BFC CERTIFY CCW



0 !HISTORY 2007-06-22 [PTadmin] Header formatted for Contributor Agreement

0 !HISTORY 2008-07-01 [PTadmin] Official Update 2008-01

0 !HISTORY 2017-01-15 [Steffen] BFCed

0 !HISTORY 2017-12-30 [PTadmin] Official Update 2017-01





2 24 1 0 0 0.9239 0 0.3827

2 24 0.9239 0 0.3827 0.7071 0 0.7071

2 24 0.7071 0 0.7071 0.3827 0 0.9239

2 24 0.3827 0 0.9239 0 0 1

0 NOFILE

0 FILE 1-4ndis.dat
0 Disc Negative 0.25

0 Name: 1-4ndis.dat

0 Author: James Jessiman

0 !LDRAW_ORG Primitive UPDATE 2012-01

0 !LICENSE Licensed under CC BY 4.0 : see CAreadme.txt



0 BFC CERTIFY CCW



0 !HISTORY 2002-03-23 [sbliss] Added BFC Statement

0 !HISTORY 2002-04-25 [PTadmin] Official Update 2002-02

0 !HISTORY 2007-06-22 [PTadmin] Header formatted for Contributor Agreement

0 !HISTORY 2008-07-01 [PTadmin] Official Update 2008-01

0 !HISTORY 2012-02-16 [Philo] Changed to CCW

0 !HISTORY 2012-03-30 [PTadmin] Official Update 2012-01





3 16 0.9239 0 0.3827 1 0 0 1 0 1

3 16 0.7071 0 0.7071 0.9239 0 0.3827 1 0 1

3 16 0.3827 0 0.9239 0.7071 0 0.7071 1 0 1

3 16 0 0 1 0.3827 0 0.9239 1 0 1

0 NOFILE

0 FILE 1-4cyli.dat
0 Cylinder 0.25

0 Name: 1-4cyli.dat

0 Author: James Jessiman

0 !LDRAW_ORG Primitive UPDATE 2012-01

0 !LICENSE Licensed under CC BY 4.0 : see CAreadme.txt



0 BFC CERTIFY CCW



0 !HISTORY 2002-03-23 [sbliss] Added BFC statement.

0 !HISTORY 2002-04-25 [PTadmin] Official Update 2002-02

0 !HISTORY 2007-06-22 [PTadmin] Header formatted for Contributor Agreement

0 !HISTORY 2008-07-01 [PTadmin] Official Update 2008-01

0 !HISTORY 2012-02-16 [Philo] Changed to CCW

0 !HISTORY 2012-03-30 [PTadmin] Official Update 2012-01





4 16 1 1 0 0.9239 1 0.3827 0.9239 0 0.3827 1 0 0

5 24 1 0 0 1 1 0 0.9239 0 0.3827 1 0 -1

4 16 0.9239 1 0.3827 0.7071 1 0.7071 0.7071 0 0.7071 0.9239 0 0.3827

5 24 0.9239 0 0.3827 0.9239 1 0.3827 0.7071 0 0.7071 1 0 0

4 16 0.7071 1 0.7071 0.3827 1 0.9239 0.3827 0 0.9239 0.7071 0 0.7071

5 24 0.7071 0 0.7071 0.7071 1 0.7071 0.3827 0 0.9239 0.9239 0 0.3827

4 16 0.3827 1 0.9239 0 1 1 0 0 1 0.3827 0 0.9239

5 24 0.3827 0 0.9239 0.3827 1 0.9239 0 0 1 0.7071 0 0.7071

5 24 0 0 1 0 1 1 0.3827 0 0.9239 -1 0 1

0 NOFILE

0 FILE 2-4edge.dat
0 Circle 0.5

0 Name: 2-4edge.dat

0 Author: James Jessiman

0 !LDRAW_ORG Primitive UPDATE 2017-01

0 !LICENSE Licensed under CC BY 4.0 : see CAreadme.txt



0 BFC CERTIFY CCW



0 !HISTORY 2007-06-24 [PTadmin] Header formatted for Contributor Agreement

0 !HISTORY 2008-07-01 [PTadmin] Official Update 2008-01

0 !HISTORY 2017-01-15 [Steffen] BFCed

0 !HISTORY 2017-12-30 [PTadmin] Official Update 2017-01





2 24 1 0 0 0.9239 0 0.3827

2 24 0.9239 0 0.3827 0.7071 0 0.7071

2 24 0.7071 0 0.7071 0.3827 0 0.9239

2 24 0.3827 0 0.9239 0 0 1

2 24 0 0 1 -0.3827 0 0.9239

2 24 -0.3827 0 0.9239 -0.7071 0 0.7071

2 24 -0.7071 0 0.7071 -0.9239 0 0.3827

2 24 -0.9239 0 0.3827 -1 0 0

0 NOFILE

0 FILE 2-4ndis.dat
0 Disc Negative 0.5

0 Name: 2-4ndis.dat

0 Author: James Jessiman

0 !LDRAW_ORG Primitive UPDATE 2012-01

0 !LICENSE Licensed under CC BY 4.0 : see CAreadme.txt



0 BFC CERTIFY CCW



0 !HISTORY 2002-03-23 [sbliss] Added BFC statement; compacted code

0 !HISTORY 2002-04-25 [PTadmin] Official Update 2002-02

0 !HISTORY 2007-06-24 [PTadmin] Header formatted for Contributor Agreement

0 !HISTORY 2008-07-01 [PTadmin] Official Update 2008-01

0 !HISTORY 2012-02-16 [Philo] Changed to CCW

0 !HISTORY 2012-03-30 [PTadmin] Official Update 2012-01





3 16 0.9239 0 0.3827 1 0 0 1 0 1

3 16 0.7071 0 0.7071 0.9239 0 0.3827 1 0 1

3 16 0.3827 0 0.9239 0.7071 0 0.7071 1 0 1

3 16 0 0 1 0.3827 0 0.9239 1 0 1

3 16 -0.3827 0 0.9239 0 0 1 -1 0 1

3 16 -0.7071 0 0.7071 -0.3827 0 0.9239 -1 0 1

3 16 -0.9239 0 0.3827 -0.7071 0 0.7071 -1 0 1

3 16 -1 0 0 -0.9239 0 0.3827 -1 0 1

0 NOFILE

0 FILE 2-4cyli.dat
0 Cylinder 0.5

0 Name: 2-4cyli.dat

0 Author: James Jessiman

0 !LDRAW_ORG Primitive UPDATE 2005-01

0 !LICENSE Licensed under CC BY 4.0 : see CAreadme.txt



0 BFC CERTIFY CCW



0 !HISTORY 2002-03-23 [sbliss] Added BFC statement; compacted code

0 !HISTORY 2002-04-25 [PTadmin] Official Update 2002-02

0 !HISTORY 2004-12-11 [nielsk] Recreated using Primitive Generator, Edge lines fixed, BFC changed to CCW

0 !HISTORY 2005-12-28 [PTadmin] Official Update 2005-01

0 !HISTORY 2007-06-24 [PTadmin] Header formatted for Contributor Agreement

0 !HISTORY 2008-07-01 [PTadmin] Official Update 2008-01





4 16 .9239 1 .3827 .9239 0 .3827 1 0 0 1 1 0

4 16 .7071 1 .7071 .7071 0 .7071 .9239 0 .3827 .9239 1 .3827

4 16 .3827 1 .9239 .3827 0 .9239 .7071 0 .7071 .7071 1 .7071

4 16 0 1 1 0 0 1 .3827 0 .9239 .3827 1 .9239

4 16 -.3827 1 .9239 -.3827 0 .9239 0 0 1 0 1 1

4 16 -.7071 1 .7071 -.7071 0 .7071 -.3827 0 .9239 -.3827 1 .9239

4 16 -.9239 1 .3827 -.9239 0 .3827 -.7071 0 .7071 -.7071 1 .7071

4 16 -1 1 0 -1 0 0 -.9239 0 .3827 -.9239 1 .3827

5 24 1 1 0 1 0 0 1 1 -.4142 .9239 1 .3827

5 24 .9239 1 .3827 .9239 0 .3827 1 1 0 .7071 1 .7071

5 24 .7071 1 .7071 .7071 0 .7071 .9239 1 .3827 .3827 1 .9239

5 24 .3827 1 .9239 .3827 0 .9239 .7071 1 .7071 0 1 1

5 24 0 1 1 0 0 1 .3827 1 .9239 -.3827 1 .9239

5 24 -.3827 1 .9239 -.3827 0 .9239 0 1 1 -.7071 1 .7071

5 24 -.7071 1 .7071 -.7071 0 .7071 -.3827 1 .9239 -.9239 1 .3827

5 24 -.9239 1 .3827 -.9239 0 .3827 -.7071 1 .7071 -1 1 0

5 24 -1 1 0 -1 0 0 -.9239 1 .3827 -1 1 -.4142

0

0 NOFILE

0 FILE 4-4disc.dat
0 Disc 1.0

0 Name: 4-4disc.dat

0 Author: James Jessiman

0 !LDRAW_ORG Primitive UPDATE 2002-02

0 !LICENSE Licensed under CC BY 4.0 : see CAreadme.txt



0 BFC CERTIFY CCW



0 !HISTORY 1998-12-15 [PTadmin] Official Update 1998-10

0 !HISTORY 2002-03-23 [sbliss] Added BFC statement

0 !HISTORY 2002-04-25 [PTadmin] Official Update 2002-02

0 !HISTORY 2007-06-24 [PTadmin] Header formatted for Contributor Agreement

0 !HISTORY 2008-07-01 [PTadmin] Official Update 2008-01





3 16 0 0 0 1 0 0 0.9239 0 0.3827

3 16 0 0 0 0.9239 0 0.3827 0.7071 0 0.7071

3 16 0 0 0 0.7071 0 0.7071 0.3827 0 0.9239

3 16 0 0 0 0.3827 0 0.9239 0 0 1

3 16 0 0 0 0 0 1 -0.3827 0 0.9239

3 16 0 0 0 -0.3827 0 0.9239 -0.7071 0 0.7071

3 16 0 0 0 -0.7071 0 0.7071 -0.9239 0 0.3827

3 16 0 0 0 -0.9239 0 0.3827 -1 0 -0

3 16 0 0 0 -1 0 -0 -0.9239 0 -0.3827

3 16 0 0 0 -0.9239 0 -0.3827 -0.7071 0 -0.7071

3 16 0 0 0 -0.7071 0 -0.7071 -0.3827 0 -0.9239

3 16 0 0 0 -0.3827 0 -0.9239 0 0 -1

3 16 0 0 0 0 0 -1 0.3827 0 -0.9239

3 16 0 0 0 0.3827 0 -0.9239 0.7071 0 -0.7071

3 16 0 0 0 0.7071 0 -0.7071 0.9239 0 -0.3827

3 16 0 0 0 0.9239 0 -0.3827 1 0 0

0

0 NOFILE

0 FILE 4-4con3.dat
0 Cone  3 x 1.0

0 Name: 4-4con3.dat

0 Author: Niels Karsdorp [nielsk]

0 !LDRAW_ORG Primitive UPDATE 2003-02

0 !LICENSE Licensed under CC BY 4.0 : see CAreadme.txt



0 BFC CERTIFY CCW



0 !HISTORY 2003-08-01 [PTadmin] Official Update 2003-02

0 !HISTORY 2007-06-24 [PTadmin] Header formatted for Contributor Agreement

0 !HISTORY 2008-07-01 [PTadmin] Official Update 2008-01





5 24 3 1 0 4 0 0 2.7717 1 1.1481 2.7717 1 -1.1481

5 24 2.7717 1 1.1481 3.6956 0 1.5308 2.1213 1 2.1213 3 1 0

5 24 2.1213 1 2.1213 2.8284 0 2.8284 1.1481 1 2.7717 2.7717 1 1.1481

5 24 1.1481 1 2.7717 1.5308 0 3.6956 0 1 3 2.1213 1 2.1213

5 24 0 1 3 0 0 4 -1.1481 1 2.7717 1.1481 1 2.7717

5 24 -1.1481 1 2.7717 -1.5308 0 3.6956 -2.1213 1 2.1213 0 1 3

5 24 -2.1213 1 2.1213 -2.8284 0 2.8284 -2.7717 1 1.1481 -1.1481 1 2.7717

5 24 -2.7717 1 1.1481 -3.6956 0 1.5308 -3 1 0 -2.1213 1 2.1213

5 24 -3 1 0 -4 0 0 -2.7717 1 -1.1481 -2.7717 1 1.1481

5 24 -2.7717 1 -1.1481 -3.6956 0 -1.5308 -2.1213 1 -2.1213 -3 1 0

5 24 -2.1213 1 -2.1213 -2.8284 0 -2.8284 -1.1481 1 -2.7717 -2.7717 1 -1.1481

5 24 -1.1481 1 -2.7717 -1.5308 0 -3.6956 0 1 -3 -2.1213 1 -2.1213

5 24 0 1 -3 0 0 -4 1.1481 1 -2.7717 -1.1481 1 -2.7717

5 24 1.1481 1 -2.7717 1.5308 0 -3.6956 2.1213 1 -2.1213 0 1 -3

5 24 2.1213 1 -2.1213 2.8284 0 -2.8284 2.7717 1 -1.1481 1.1481 1 -2.7717

5 24 2.7717 1 -1.1481 3.6956 0 -1.5308 3 1 0 2.1213 1 -2.1213



4 16 3 1 0 2.7717 1 1.1481 3.6956 0 1.5308 4 0 0

4 16 2.7717 1 1.1481 2.1213 1 2.1213 2.8284 0 2.8284 3.6956 0 1.5308

4 16 2.1213 1 2.1213 1.1481 1 2.7717 1.5308 0 3.6956 2.8284 0 2.8284

4 16 1.1481 1 2.7717 0 1 3 0 0 4 1.5308 0 3.6956

4 16 0 1 3 -1.1481 1 2.7717 -1.5308 0 3.6956 0 0 4

4 16 -1.1481 1 2.7717 -2.1213 1 2.1213 -2.8284 0 2.8284 -1.5308 0 3.6956

4 16 -2.1213 1 2.1213 -2.7717 1 1.1481 -3.6956 0 1.5308 -2.8284 0 2.8284

4 16 -2.7717 1 1.1481 -3 1 0 -4 0 0 -3.6956 0 1.5308

4 16 -3 1 0 -2.7717 1 -1.1481 -3.6956 0 -1.5308 -4 0 0

4 16 -2.7717 1 -1.1481 -2.1213 1 -2.1213 -2.8284 0 -2.8284 -3.6956 0 -1.5308

4 16 -2.1213 1 -2.1213 -1.1481 1 -2.7717 -1.5308 0 -3.6956 -2.8284 0 -2.8284

4 16 -1.1481 1 -2.7717 0 1 -3 0 0 -4 -1.5308 0 -3.6956

4 16 0 1 -3 1.1481 1 -2.7717 1.5308 0 -3.6956 0 0 -4

4 16 1.1481 1 -2.7717 2.1213 1 -2.1213 2.8284 0 -2.8284 1.5308 0 -3.6956

4 16 2.1213 1 -2.1213 2.7717 1 -1.1481 3.6956 0 -1.5308 2.8284 0 -2.8284

4 16 2.7717 1 -1.1481 3 1 0 4 0 0 3.6956 0 -1.5308



0



0 NOFILE

0 FILE 4-4edge.dat
0 Circle 1.0

0 Name: 4-4edge.dat

0 Author: James Jessiman

0 !LDRAW_ORG Primitive UPDATE 2017-01

0 !LICENSE Licensed under CC BY 4.0 : see CAreadme.txt



0 BFC CERTIFY CCW



0 !HISTORY 1998-12-15 [PTadmin] Official Update 1998-10

0 !HISTORY 2005-12-28 [PTadmin] Official Update 2005-01

0 !HISTORY 2007-06-24 [PTadmin] Header formatted for Contributor Agreement

0 !HISTORY 2008-07-01 [PTadmin] Official Update 2008-01

0 !HISTORY 2017-01-15 [Steffen] BFCed

0 !HISTORY 2017-12-30 [PTadmin] Official Update 2017-01





2 24 1 0 0 0.9239 0 0.3827

2 24 0.9239 0 0.3827 0.7071 0 0.7071

2 24 0.7071 0 0.7071 0.3827 0 0.9239

2 24 0.3827 0 0.9239 0 0 1

2 24 0 0 1 -0.3827 0 0.9239

2 24 -0.3827 0 0.9239 -0.7071 0 0.7071

2 24 -0.7071 0 0.7071 -0.9239 0 0.3827

2 24 -0.9239 0 0.3827 -1 0 -0

2 24 -1 0 -0 -0.9239 0 -0.3827

2 24 -0.9239 0 -0.3827 -0.7071 0 -0.7071

2 24 -0.7071 0 -0.7071 -0.3827 0 -0.9239

2 24 -0.3827 0 -0.9239 0 0 -1

2 24 0 0 -1 0.3827 0 -0.9239

2 24 0.3827 0 -0.9239 0.7071 0 -0.7071

2 24 0.7071 0 -0.7071 0.9239 0 -0.3827

2 24 0.9239 0 -0.3827 1 0 0

0 NOFILE

0 FILE 2-4disc.dat
0 Disc 0.5

0 Name: 2-4disc.dat

0 Author: James Jessiman

0 !LDRAW_ORG Primitive UPDATE 2002-02

0 !LICENSE Licensed under CC BY 4.0 : see CAreadme.txt



0 BFC CERTIFY CCW



0 !HISTORY 1998-12-15 [PTadmin] Official Update 1998-10

0 !HISTORY 2002-03-23 [sbliss] Added BFC statement

0 !HISTORY 2002-04-25 [PTadmin] Official Update 2002-02

0 !HISTORY 2007-06-24 [PTadmin] Header formatted for Contributor Agreement

0 !HISTORY 2008-07-01 [PTadmin] Official Update 2008-01





3 16 0 0 0 1 0 0 0.9239 0 0.3827

3 16 0 0 0 0.9239 0 0.3827 0.7071 0 0.7071

3 16 0 0 0 0.7071 0 0.7071 0.3827 0 0.9239

3 16 0 0 0 0.3827 0 0.9239 0 0 1

3 16 0 0 0 0 0 1 -0.3827 0 0.9239

3 16 0 0 0 -0.3827 0 0.9239 -0.7071 0 0.7071

3 16 0 0 0 -0.7071 0 0.7071 -0.9239 0 0.3827

3 16 0 0 0 -0.9239 0 0.3827 -1 0 -0

0

0 NOFILE

0 FILE box3u8p.dat
0 Box with 3 Faces and 4 Parallel Edges

0 Name: box3u8p.dat

0 Author: James Jessiman

0 !LDRAW_ORG Primitive UPDATE 2012-01

0 !LICENSE Licensed under CC BY 4.0 : see CAreadme.txt



0 BFC CERTIFY CCW



0 !HISTORY 2002-12-13 [hafhead] Made BFC compliant

0 !HISTORY 2003-08-01 [PTadmin] Official Update 2003-02

0 !HISTORY 2007-06-24 [PTadmin] Header formatted for Contributor Agreement

0 !HISTORY 2008-07-01 [PTadmin] Official Update 2008-01

0 !HISTORY 2012-02-16 [Philo] Changed to CCW

0 !HISTORY 2012-03-30 [PTadmin] Official Update 2012-01





2 24 1 1 1 -1 1 1

2 24 -1 1 -1 1 1 -1

2 24 1 0 1 -1 0 1

2 24 -1 0 -1 1 0 -1

4 16 1 1 -1 -1 1 -1 -1 1 1 1 1 1

4 16 -1 1 1 -1 0 1 1 0 1 1 1 1

4 16 1 1 -1 1 0 -1 -1 0 -1 -1 1 -1

0 NOFILE

0 FILE rect2a.dat
0 Rectangle with 2 Adjacent Edges

0 Name: rect2a.dat

0 Author: Chris Dee [cwdee]

0 !LDRAW_ORG Primitive UPDATE 2010-01

0 !LICENSE Licensed under CC BY 4.0 : see CAreadme.txt



0 BFC CERTIFY CCW



0 !HISTORY 2003-12-19 [PTadmin] Official Update 2003-03

0 !HISTORY 2007-06-24 [PTadmin] Header formatted for Contributor Agreement

0 !HISTORY 2008-07-01 [PTadmin] Official Update 2008-01

0 !HISTORY 2010-01-17 [mikeheide] changed winding to CCW

0 !HISTORY 2010-04-05 [PTadmin] Official Update 2010-01





2 24 1 0 1 -1 0 1

2 24 1 0 -1 1 0 1

4 16 -1 0 1 -1 0 -1 1 0 -1 1 0 1

0

0 NOFILE

0 FILE rect3.dat
0 Rectangle with 3 Edges

0 Name: rect3.dat

0 Author: Mark Kennedy [mkennedy]

0 !LDRAW_ORG Primitive UPDATE 2010-01

0 !LICENSE Licensed under CC BY 4.0 : see CAreadme.txt



0 BFC CERTIFY CCW



0 !HISTORY 2003-08-01 [PTadmin] Official Update 2003-02

0 !HISTORY 2007-06-24 [PTadmin] Header formatted for Contributor Agreement

0 !HISTORY 2008-07-01 [PTadmin] Official Update 2008-01

0 !HISTORY 2010-01-17 [mikeheide] Change winding to CCW

0 !HISTORY 2010-04-05 [PTadmin] Official Update 2010-01





2 24 1 0 1 -1 0 1

2 24 1 0 1 1 0 -1

2 24 -1 0 1 -1 0 -1

4 16 -1 0 1 -1 0 -1 1 0 -1 1 0 1

0 //

0 NOFILE

0 FILE rect.dat
0 Rectangle

0 Name: rect.dat

0 Author: James Jessiman

0 !LDRAW_ORG Primitive UPDATE 2010-01

0 !LICENSE Licensed under CC BY 4.0 : see CAreadme.txt



0 BFC CERTIFY CCW



0 !HISTORY 2002-04-05 [hafhead] Added BFC statement

0 !HISTORY 2002-04-25 [PTadmin] Official Update 2002-02

0 !HISTORY 2007-06-24 [PTadmin] Header formatted for Contributor Agreement

0 !HISTORY 2008-07-01 [PTadmin] Official Update 2008-01

0 !HISTORY 2010-01-17 [mikeheide] changed winding to CCW

0 !HISTORY 2010-04-05 [PTadmin] Official Update 2010-01





2 24 1 0 1 -1 0 1

2 24 -1 0 1 -1 0 -1

2 24 -1 0 -1 1 0 -1

2 24 1 0 -1 1 0 1

4 16 -1 0 1 -1 0 -1 1 0 -1 1 0 1

0

0 NOFILE

0 FILE box5.dat
0 Box with 5 Faces and All Edges

0 Name: box5.dat

0 Author: James Jessiman

0 !LDRAW_ORG Primitive UPDATE 2012-01

0 !LICENSE Licensed under CC BY 4.0 : see CAreadme.txt



0 BFC CERTIFY CCW



0 !HISTORY 2002-04-03 [sbliss] Modified for BFC compliance

0 !HISTORY 2002-04-25 [PTadmin] Official Update 2002-02

0 !HISTORY 2007-06-24 [PTadmin] Header formatted for Contributor Agreement

0 !HISTORY 2008-07-01 [PTadmin] Official Update 2008-01

0 !HISTORY 2012-02-16 [Philo] Changed to CCW

0 !HISTORY 2012-03-30 [PTadmin] Official Update 2012-01





2 24 1 1 1 -1 1 1

2 24 -1 1 1 -1 1 -1

2 24 -1 1 -1 1 1 -1

2 24 1 1 -1 1 1 1

2 24 1 0 1 -1 0 1

2 24 -1 0 1 -1 0 -1

2 24 -1 0 -1 1 0 -1

2 24 1 0 -1 1 0 1

2 24 1 0 1 1 1 1

2 24 -1 0 1 -1 1 1

2 24 1 0 -1 1 1 -1

2 24 -1 0 -1 -1 1 -1

4 16 -1 1 1 1 1 1 1 1 -1 -1 1 -1

4 16 -1 1 1 -1 0 1 1 0 1 1 1 1

4 16 -1 1 -1 -1 0 -1 -1 0 1 -1 1 1

4 16 1 1 -1 1 0 -1 -1 0 -1 -1 1 -1

4 16 1 1 1 1 0 1 1 0 -1 1 1 -1

0 NOFILE

0 FILE stug-1x2.dat
0 Stud Group  1 x  2

0 Name: stug-1x2.dat

0 Author: Steffen [Steffen]

0 !LDRAW_ORG Primitive UPDATE 2011-01

0 !LICENSE Licensed under CC BY 4.0 : see CAreadme.txt



0 BFC CERTIFY CCW



0 !HISTORY 2011-07-25 [PTadmin] Official Update 2011-01





1 16 -10 0 0 1 0 0 0 1 0 0 0 1 stud.dat

1 16 10 0 0 1 0 0 0 1 0 0 0 1 stud.dat

0 NOFILE

0 FILE stud.dat
0 Stud

0 Name: stud.dat

0 Author: James Jessiman

0 !LDRAW_ORG Primitive UPDATE 2012-01

0 !LICENSE Licensed under CC BY 4.0 : see CAreadme.txt



0 BFC CERTIFY CCW



0 !HISTORY 2002-04-04 [sbliss] Modified for BFC compliance

0 !HISTORY 2002-04-25 [PTadmin] Official Update 2002-02

0 !HISTORY 2007-06-24 [PTadmin] Header formatted for Contributor Agreement

0 !HISTORY 2008-07-01 [PTadmin] Official Update 2008-01

0 !HISTORY 2012-02-16 [Philo] Changed to CCW

0 !HISTORY 2012-03-30 [PTadmin] Official Update 2012-01





1 16 0 0 0 6 0 0 0 1 0 0 0 6 4-4edge.dat

1 16 0 -4 0 6 0 0 0 1 0 0 0 6 4-4edge.dat

1 16 0 0 0 6 0 0 0 -4 0 0 0 6 4-4cyli.dat

1 16 0 -4 0 6 0 0 0 1 0 0 0 6 4-4disc.dat

0 NOFILE

0 FILE 4-4cyli.dat
0 Cylinder 1.0

0 Name: 4-4cyli.dat

0 Author: James Jessiman

0 !LDRAW_ORG Primitive UPDATE 2005-01

0 !LICENSE Licensed under CC BY 4.0 : see CAreadme.txt



0 BFC CERTIFY CCW



0 !HISTORY 1998-12-15 [PTadmin] Official Update 1998-10

0 !HISTORY 2002-03-23 [sbliss] Added BFC statement; merged headers from files in distributions LDraw 0.27 and Complete.

0 !HISTORY 2002-04-25 [PTadmin] Official Update 2002-02

0 !HISTORY 2004-12-14 [guyvivan] BFC CCW

0 !HISTORY 2005-12-28 [PTadmin] Official Update 2005-01

0 !HISTORY 2007-06-24 [PTadmin] Header formatted for Contributor Agreement

0 !HISTORY 2008-07-01 [PTadmin] Official Update 2008-01





4 16 1 1 0 0.9239 1 0.3827 0.9239 0 0.3827 1 0 0

5 24 1 0 0 1 1 0 0.9239 0 0.3827 0.9239 0 -0.3827

4 16 0.9239 1 0.3827 0.7071 1 0.7071 0.7071 0 0.7071 0.9239 0 0.3827

5 24 0.9239 0 0.3827 0.9239 1 0.3827 0.7071 0 0.7071 1 0 0

4 16 0.7071 1 0.7071 0.3827 1 0.9239 0.3827 0 0.9239 0.7071 0 0.7071

5 24 0.7071 0 0.7071 0.7071 1 0.7071 0.3827 0 0.9239 0.9239 0 0.3827

4 16 0.3827 1 0.9239 0 1 1 0 0 1 0.3827 0 0.9239

5 24 0.3827 0 0.9239 0.3827 1 0.9239 0 0 1 0.7071 0 0.7071

4 16 0 1 1 -0.3827 1 0.9239 -0.3827 0 0.9239 0 0 1

5 24 0 0 1 0 1 1 -0.3827 0 0.9239 0.3827 0 0.9239

4 16 -0.3827 1 0.9239 -0.7071 1 0.7071 -0.7071 0 0.7071 -0.3827 0 0.9239

5 24 -0.3827 0 0.9239 -0.3827 1 0.9239 -0.7071 0 0.7071 0 0 1

4 16 -0.7071 1 0.7071 -0.9239 1 0.3827 -0.9239 0 0.3827 -0.7071 0 0.7071

5 24 -0.7071 0 0.7071 -0.7071 1 0.7071 -0.9239 0 0.3827 -0.3827 0 0.9239

4 16 -0.9239 1 0.3827 -1 1 0 -1 0 0 -0.9239 0 0.3827

5 24 -0.9239 0 0.3827 -0.9239 1 0.3827 -1 0 0 -0.7071 0 0.7071

4 16 -1 1 0 -0.9239 1 -0.3827 -0.9239 0 -0.3827 -1 0 0

5 24 -1 0 0 -1 1 0 -0.9239 0 -0.3827 -0.9239 0 0.3827

4 16 -0.9239 1 -0.3827 -0.7071 1 -0.7071 -0.7071 0 -0.7071 -0.9239 0 -0.3827

5 24 -0.9239 0 -0.3827 -0.9239 1 -0.3827 -0.7071 0 -0.7071 -1 0 0

4 16 -0.7071 1 -0.7071 -0.3827 1 -0.9239 -0.3827 0 -0.9239 -0.7071 0 -0.7071

5 24 -0.7071 0 -0.7071 -0.7071 1 -0.7071 -0.3827 0 -0.9239 -0.9239 0 -0.3827

4 16 -0.3827 1 -0.9239 0 1 -1 0 0 -1 -0.3827 0 -0.9239

5 24 -0.3827 0 -0.9239 -0.3827 1 -0.9239 0 0 -1 -0.7071 0 -0.7071

4 16 0 1 -1 0.3827 1 -0.9239 0.3827 0 -0.9239 0 0 -1

5 24 0 0 -1 0 1 -1 0.3827 0 -0.9239 -0.3827 0 -0.9239

4 16 0.3827 1 -0.9239 0.7071 1 -0.7071 0.7071 0 -0.7071 0.3827 0 -0.9239

5 24 0.3827 0 -0.9239 0.3827 1 -0.9239 0.7071 0 -0.7071 0 0 -1

4 16 0.7071 1 -0.7071 0.9239 1 -0.3827 0.9239 0 -0.3827 0.7071 0 -0.7071

5 24 0.7071 0 -0.7071 0.7071 1 -0.7071 0.9239 0 -0.3827 0.3827 0 -0.9239

4 16 0.9239 1 -0.3827 1 1 0 1 0 0 0.9239 0 -0.3827

5 24 0.9239 0 -0.3827 0.9239 1 -0.3827 1 0 0 0.7071 0 -0.7071

0

0 NOFILE

0 FILE stud3.dat
0 Stud Tube Solid

0 Name: stud3.dat

0 Author: James Jessiman

0 !LDRAW_ORG Primitive UPDATE 2012-01

0 !LICENSE Licensed under CC BY 4.0 : see CAreadme.txt



0 BFC CERTIFY CCW



0 !HISTORY 2002-04-04 [sbliss] Modified for BFC compliance

0 !HISTORY 2002-04-25 [PTadmin] Official Update 2002-02

0 !HISTORY 2007-06-24 [PTadmin] Header formatted for Contributor Agreement

0 !HISTORY 2008-07-01 [PTadmin] Official Update 2008-01

0 !HISTORY 2012-02-16 [Philo] Changed to CCW

0 !HISTORY 2012-03-30 [PTadmin] Official Update 2012-01





1 16 0 -4 0 4 0 0 0 1 0 0 0 4 4-4edge.dat

1 16 0 0 0 4 0 0 0 1 0 0 0 4 4-4edge.dat

1 16 0 -4 0 4 0 0 0 1 0 0 0 4 4-4disc.dat

1 16 0 -4 0 4 0 0 0 4 0 0 0 4 4-4cyli.dat

0 NOFILE

0 FILE 30383.dat
0 Hinge Plate  1 x  2 Locking with Single Finger On Top

0 Name: 30383.dat

0 Author: John Van Zwieten [jvan]

0 !LDRAW_ORG Part UPDATE 2025-09

0 !LICENSE Licensed under CC BY 2.0 and CC BY 4.0 : see CAreadme.txt



0 BFC CERTIFY CCW



0 !HISTORY 1999-12-31 [PTadmin] Official Update 1999-06

0 !HISTORY 2002-12-18 [technog] created and switched to hinge finger primitive

0 !HISTORY 2003-12-19 [PTadmin] Official Update 2003-03

0 !HISTORY 2007-06-09 [PTadmin] Header formatted for Contributor Agreement

0 !HISTORY 2008-07-01 [PTadmin] Official Update 2008-01

0 !HISTORY 2025-09-27 [OrionP] Changed winding to CCW

0 !HISTORY 2025-09-29 [OrionP] Official Update 2025-09



1 16 0 4 0 1 0 0 0 -1 0 0 0 1 stud3.dat

0 BFC INVERTNEXT

1 16 0 8 0 16 0 0 0 -4 0 0 0 6 box5.dat

1 16 -10 8 0 0 0 -10 0 -8 0 10 0 0 box4-4a.dat

1 16 0 0.5 0 0 -1 0 0 0 -0.5 10 0 0 rect.dat

1 16 10 8 0 0 0 10 0 -7 0 -10 0 0 box4-4a.dat

4 16 20 8 10 16 8 6 -16 8 6 -20 8 10

4 16 20 8 -10 16 8 -6 16 8 6 20 8 10

4 16 -20 8 -10 -16 8 -6 16 8 -6 20 8 -10

4 16 -20 8 10 -16 8 6 -16 8 -6 -20 8 -10

1 16 10 1 0 0 0 1 0 1 0 -1 0 0 clh2.dat

1 16 -10 0 0 -1 0 0 0 1 0 0 0 -1 stud.dat

0
0 NOFILE

0 FILE clh2.dat
0 Click Lock Hinge Single Finger for Plate Top

0 Name: clh2.dat

0 Author: Donald Sutter [technog]

0 !LDRAW_ORG Primitive UPDATE 2012-01

0 !LICENSE Licensed under CC BY 4.0 : see CAreadme.txt



0 !HELP To use place 1 Ldu below top surface centered on stud location.



0 BFC CERTIFY CCW



0 !HISTORY 2003-12-19 [PTadmin] Official Update 2003-03

0 !HISTORY 2007-06-24 [PTadmin] Header formatted for Contributor Agreement

0 !HISTORY 2008-07-01 [PTadmin] Official Update 2008-01

0 !HISTORY 2012-02-16 [Philo] Changed to CCW

0 !HISTORY 2012-03-30 [PTadmin] Official Update 2012-01





1 16 0 -5.74 -6.87 0 0 -3.48 5.74 0 0 -0.87 1 0 rect1.dat

1 16 3.48 0 -7.22 0.52 0 0 0 1 0 0 0 -0.52 1-4edge.dat

1 16 3.48 0 -7.22 0.52 0 0 0 -11.48 0 0 1.74 -0.52 1-4cyli.dat

1 16 3.48 -11.481 -5.48 0.52 0 0 0 -0.52 0 0 0 -0.52 1-8sphe.dat

1 16 3.48 -11.481 -5.48 0 -6.96 0 -0.52 0 0 0 0 -0.52 1-4cyli.dat

1 16 -3.48 -11.481 -5.48 -0.52 0 0 0 -0.52 0 0 0 -0.52 1-8sphe.dat

1 16 -3.48 0 -7.22 -0.52 0 0 0 -11.48 0 0 1.74 -0.52 1-4cyli.dat

1 16 -3.48 0 -7.22 -0.52 0 0 0 1 0 0 0 -0.52 1-4edge.dat

1 16 0 -5.74 6.87 0 0 -3.48 5.74 0 0 0.87 -1 0 rect1.dat

1 16 3.48 0 7.22 0.52 0 0 0 1 0 0 0 0.52 1-4edge.dat

1 16 3.48 0 7.22 0.52 0 0 0 -11.48 0 0 -1.74 0.52 1-4cyli.dat

1 16 3.48 -11.481 5.48 0.52 0 0 0 -0.52 0 0 0 0.52 1-8sphe.dat

1 16 3.48 -11.481 5.48 0 -6.96 0 -0.52 0 0 0 0 0.52 1-4cyli.dat

1 16 -3.48 -11.481 5.48 -0.52 0 0 0 -0.52 0 0 0 0.52 1-8sphe.dat

1 16 -3.48 0 7.22 -0.52 0 0 0 -11.48 0 0 -1.74 0.52 1-4cyli.dat

1 16 -3.48 0 7.22 -0.52 0 0 0 1 0 0 0 0.52 1-4edge.dat

1 16 -2 -7 0 0 1 0 2.25 0 0 0 0 2.25 4-4disc.dat

1 16 -2 -7 0 0 1 0 2.25 0 0 0 0 2.25 4-4edge.dat

0 BFC INVERTNEXT

1 16 -2.25 -7 0 0 0.25 0 2.25 0 0 0 0 2.25 4-4cyli.dat

1 16 -2.25 -7 0 0 1 0 2.25 0 0 0 0 2.25 4-4edge.dat

0 BFC INVERTNEXT

1 16 -3 -7 0 0 0.75 0 0.75 0 0 0 0 0.75 4-4con3.dat

0 BFC INVERTNEXT

1 16 -4 -7 0 0 1 0 -0.707 0 0.707 -0.707 0 -0.707 1-4con3.dat

0 BFC INVERTNEXT

1 16 -4 -7 0 0 1 0 0.707 0 0.707 -0.707 0 0.707 1-4con3.dat

0 BFC INVERTNEXT

1 16 -4 -7 0 0 1 0 0.707 0 -0.707 0.707 0 0.707 1-4con3.dat

1 16 -4 -7 0 0 1 0 -2.828 0 2.828 -2.828 0 -2.828 3-4edge.dat

1 16 -4 -7 0 0 1 0 -2.82843 0 2.82843 -2.82843 0 -2.82843 1-8ndis.dat

1 16 -4 -7 0 0 1 0 0 0 4 -4 0 0 2-4ndis.dat

1 16 -4 -7 0 0 1 0 -2.82843 0 2.82843 2.82843 0 2.82843 1-8ndis.dat

1 16 2 -7 0 0 -1 0 2.25 0 0 0 0 -2.25 4-4disc.dat

1 16 2 -7 0 0 -1 0 2.25 0 0 0 0 -2.25 4-4edge.dat

0 BFC INVERTNEXT

1 16 2.25 -7 0 0 -0.25 0 2.25 0 0 0 0 -2.25 4-4cyli.dat

1 16 2.25 -7 0 0 -1 0 2.25 0 0 0 0 -2.25 4-4edge.dat

0 BFC INVERTNEXT

1 16 3 -7 0 0 -0.75 0 0.75 0 0 0 0 -0.75 4-4con3.dat

0 BFC INVERTNEXT

1 16 4 -7 0 0 -1 0 -0.707 0 0.707 0.707 0 0.707 1-4con3.dat

0 BFC INVERTNEXT

1 16 4 -7 0 0 -1 0 0.707 0 0.707 0.707 0 -0.707 1-4con3.dat

0 BFC INVERTNEXT

1 16 4 -7 0 0 -1 0 0.707 0 -0.707 -0.707 0 -0.707 1-4con3.dat

1 16 4 -7 0 0 -1 0 -2.828 0 2.828 2.828 0 2.828 3-4edge.dat

1 16 4 -7 0 0 -1 0 -2.82843 0 2.82843 -2.82843 0 -2.82843 1-8ndis.dat

1 16 4 -7 0 0 -1 0 0 0 4 4 0 0 2-4ndis.dat

1 16 4 -7 0 0 -1 0 -2.82843 0 2.82843 2.82843 0 2.82843 1-8ndis.dat

1 16 3.48 -11.481 5.48 0.52 0 0 0 -0.16 -0.52 0 -1.48 0 1-4cyli.dat

1 16 3.48 -11.64 4 0.52 0 0 0 0 -0.52 0 -1 0 1-4edge.dat

1 16 3.48 -11.64 4 0.52 0 0 0 0 -0.52 0 1 0 1-4disc.dat

1 16 3.48 -11.481 -5.48 0.52 0 0 0 -0.16 -0.52 0 1.48 0 1-4cyli.dat

1 16 3.48 -11.64 -4 0.52 0 0 0 0 -0.52 0 -1 0 1-4edge.dat

1 16 3.48 -11.64 -4 0.52 0 0 0 0 -0.52 0 -1 0 1-4disc.dat

1 16 -3.48 -11.481 -5.48 -0.52 0 0 0 -0.16 -0.52 0 1.48 0 1-4cyli.dat

1 16 -3.48 -11.64 -4 -0.52 0 0 0 0 -0.52 0 -1 0 1-4edge.dat

1 16 -3.48 -11.64 -4 -0.52 0 0 0 0 -0.52 0 -1 0 1-4disc.dat

1 16 -3.48 -11.481 5.48 -0.52 0 0 0 -0.16 -0.52 0 -1.48 0 1-4cyli.dat

1 16 -3.48 -11.64 4 -0.52 0 0 0 0 -0.52 0 -1 0 1-4edge.dat

1 16 -3.48 -11.64 4 -0.52 0 0 0 0 -0.52 0 1 0 1-4disc.dat

4 16 -3.48 -12 5.48 -3.48 -12.16 4 3.48 -12.16 4 3.48 -12 5.48

2 24 3.48 -12.16 4 3.075 -12.16 4

2 24 -3.48 -12.16 4 -3.075 -12.16 4

4 16 -3.075 -12.16 4 -3 -12.35 2.26 3 -12.35 2.26 3.075 -12.16 4

2 24 3.075 -12.16 4 3 -12.35 2.26

5 24 3 -12.35 2.26 -3 -12.35 2.26 0 -12.35 0 0 -12 5.48

2 24 -3.075 -12.16 4 -3 -12.35 2.26

4 16 -3 -12.35 2.26 -3 -12.35 -2.26 3 -12.35 -2.26 3 -12.35 2.26

2 24 3 -12.35 -2.26 3 -12.35 2.26

5 24 -3 -12.35 -2.26 3 -12.35 -2.26 0 -12.35 0 0 -12 -5.48

2 24 -3 -12.35 -2.26 -3 -12.35 2.26

4 16 3.075 -12.16 -4 3 -12.35 -2.26 -3 -12.35 -2.26 -3.075 -12.16 -4

2 24 3.075 -12.16 -4 3 -12.35 -2.26

2 24 -3.075 -12.16 -4 -3 -12.35 -2.26

4 16 3.48 -12 -5.48 3.48 -12.16 -4 -3.48 -12.16 -4 -3.48 -12 -5.48

2 24 3.48 -12.16 -4 3.075 -12.16 -4

2 24 -3.48 -12.16 -4 -3.075 -12.16 -4

4 16 4 -9.828 -2.828 3 -9.121 -2.121 3 -9.772 -1.148 3.752 -10.45 -1.446

4 16 3.752 -10.45 -1.446 3 -9.772 -1.148 3 -10 0 3.67 -10.66 0

4 16 3.67 -10.66 0 3 -10 0 3 -9.772 1.148 3.752 -10.45 1.446

4 16 3.752 -10.45 1.446 3 -9.772 1.148 3 -9.121 2.121 4 -9.828 2.828

4 16 3 -12.35 0 3.67 -10.66 0 3.752 -10.45 1.446 3 -12.35 2.26

2 24 3.752 -10.45 1.446 3.67 -10.67 0

4 16 4 -9.828 2.828 3.075 -12.16 4 3 -12.35 2.26 3.752 -10.45 1.446

2 24 4 -9.828 2.828 3.752 -10.45 1.446

3 16 4 -9.828 2.828 4 -9.828 4 3.075 -12.16 4

2 24 4 -9.828 2.828 4 -9.828 4

2 24 3.075 -12.16 4 4 -9.828 4

4 16 3.281 -11.64 4 3.48 -11.64 4 3.48 -12.16 4 3.075 -12.16 4

3 16 4 -9.828 4 4 -11.64 4 3.281 -11.64 4

2 24 4 -9.828 4 4 -11.64 4

4 16 4 -9.828 4 4 -9.828 5.73 4 -11.48 5.48 4 -11.64 4

4 16 4 -9.828 5.73 4 -9.828 2.828 4 -7 5.65 4 -7 6.159

4 16 4 0 7.22 4 -7 6.159 4 -7 4 4 -3 4

4 16 4 -3 -4 4 0 -7.22 4 0 7.22 4 -3 4

2 24 4 0 -7.22 4 0 7.22

4 16 4 -7 -6.159 4 0 -7.22 4 -3 -4 4 -7 -4

4 16 4 -9.828 -2.828 4 -9.828 -5.73 4 -7 -6.159 4 -7 -5.65

2 24 4 -9.828 -2.828 4 -9.828 -4

4 16 4 -9.828 -5.73 4 -9.828 -4 4 -11.64 -4 4 -11.48 -5.48

2 24 3.075 -12.16 -4 4 -9.828 -4

3 16 4 -9.828 -4 3.281 -11.64 -4 4 -11.64 -4

4 16 3.48 -11.64 -4 3.281 -11.64 -4 3.075 -12.16 -4 3.48 -12.16 -4

2 24 4 -9.828 -4 4 -11.64 -4

3 16 4 -9.828 -4 4 -9.828 -2.828 3.075 -12.16 -4

4 16 3.075 -12.16 -4 4 -9.828 -2.828 3.752 -10.45 -1.446 3 -12.35 -2.26

2 24 3.752 -10.45 -1.446 4 -9.828 -2.828

4 16 3.67 -10.66 0 3 -12.35 0 3 -12.35 -2.26 3.752 -10.45 -1.446

2 24 3.752 -10.45 -1.446 3.67 -10.67 0

4 16 -4 -9.828 2.828 -3 -9.121 2.121 -3 -9.772 1.148 -3.752 -10.45 1.446

4 16 -3.752 -10.45 1.446 -3 -9.772 1.148 -3 -10 0 -3.67 -10.66 0

4 16 -3.67 -10.66 0 -3 -10 0 -3 -9.772 -1.148 -3.752 -10.45 -1.446

4 16 -3.752 -10.45 -1.446 -3 -9.772 -1.148 -3 -9.121 -2.121 -4 -9.828 -2.828

4 16 -3 -12.35 0 -3.67 -10.66 0 -3.752 -10.45 -1.446 -3 -12.35 -2.26

2 24 -3.752 -10.45 -1.446 -3.67 -10.67 0

4 16 -4 -9.828 -2.828 -3.075 -12.16 -4 -3 -12.35 -2.26 -3.752 -10.45 -1.446

2 24 -4 -9.828 -2.828 -3.752 -10.45 -1.446

3 16 -4 -9.828 -2.828 -4 -9.828 -4 -3.075 -12.16 -4

2 24 -4 -9.828 -2.828 -4 -9.828 -4

2 24 -3.075 -12.16 -4 -4 -9.828 -4

4 16 -3.281 -11.64 -4 -3.48 -11.64 -4 -3.48 -12.16 -4 -3.075 -12.16 -4

3 16 -4 -9.828 -4 -4 -11.64 -4 -3.281 -11.64 -4

2 24 -4 -9.828 -4 -4 -11.64 -4

4 16 -4 -9.828 -4 -4 -9.828 -5.73 -4 -11.48 -5.48 -4 -11.64 -4

4 16 -4 -9.828 -5.73 -4 -9.828 -2.828 -4 -7 -5.65 -4 -7 -6.159

4 16 -4 0 -7.22 -4 -7 -6.159 -4 -7 -4 -4 -3 -4

4 16 -4 -3 4 -4 0 7.22 -4 0 -7.22 -4 -3 -4

2 24 -4 0 7.22 -4 0 -7.22

4 16 -4 -7 6.159 -4 0 7.22 -4 -3 4 -4 -7 4

4 16 -4 -9.828 2.828 -4 -9.828 5.73 -4 -7 6.159 -4 -7 5.65

2 24 -4 -9.828 2.828 -4 -9.828 4

4 16 -4 -9.828 5.73 -4 -9.828 4 -4 -11.64 4 -4 -11.48 5.48

2 24 -3.075 -12.16 4 -4 -9.828 4

3 16 -4 -9.828 4 -3.281 -11.64 4 -4 -11.64 4

4 16 -3.48 -11.64 4 -3.281 -11.64 4 -3.075 -12.16 4 -3.48 -12.16 4

2 24 -4 -9.828 4 -4 -11.64 4

3 16 -4 -9.828 4 -4 -9.828 2.828 -3.075 -12.16 4

4 16 -3.075 -12.16 4 -4 -9.828 2.828 -3.752 -10.45 1.446 -3 -12.35 2.26

2 24 -3.752 -10.45 1.446 -4 -9.828 2.828

4 16 -3.67 -10.66 0 -3 -12.35 0 -3 -12.35 2.26 -3.752 -10.45 1.446

2 24 -3.752 -10.45 1.446 -3.67 -10.67 0

1 16 9 -0.25 0 0 -1 0 0 0 0.25 -0.25 0 0 2-4edge.dat

0 BFC INVERTNEXT

1 16 9 -0.25 0 0 -5 0 0 0 0.25 -0.25 0 0 2-4cyli.dat

1 16 4 -0.25 0 0 -1 0 0 0 0.25 -0.25 0 0 2-4edge.dat

1 16 9 -0.25 0 0 -1 0 0 0 0.25 -0.25 0 0 2-4ndis.dat

1 16 9 -1.359 -1.133 0 -1 0 -0.176 0 -0.589 -0.883 0 0.117 2-4edge.dat

1 16 9 -1.359 -1.133 0 -5 0 -0.176 0 -0.589 -0.883 0 0.117 2-4cyli.dat

1 16 4 -1.359 -1.133 0 -1 0 -0.176 0 -0.589 -0.883 0 0.117 2-4edge.dat

1 16 9 -1.359 -1.133 0 -1 0 -0.176 0 -0.589 -0.883 0 0.117 2-4disc.dat

1 16 9 -1.359 1.133 0 -1 0 -0.176 0 -0.589 0.883 0 -0.117 2-4edge.dat

1 16 9 -1.359 1.133 0 -5 0 -0.176 0 -0.589 0.883 0 -0.117 2-4cyli.dat

1 16 4 -1.359 1.133 0 -1 0 -0.176 0 -0.589 0.883 0 -0.117 2-4edge.dat

1 16 9 -1.359 1.133 0 -1 0 -0.176 0 -0.589 0.883 0 -0.117 2-4disc.dat

1 16 6.5 -0.768 -2.257 2.5 0 0 0 0 0.767 0 1 -0.242 rect3.dat

1 16 6.5 -0.768 2.257 2.5 0 0 0 0 0.767 0 -1 0.242 rect3.dat

4 16 9 0 -0.25 9 -1.183 -0.25 9 -1.535 -2.016 9 0 -2.5

2 24 9 0 -2.5 9 0 2.5

4 16 9 -1.183 0.25 9 0 0.25 9 0 2.5 9 -1.535 2.016

1 16 6.5 -0.717 -0.25 0 0 2.5 0.467 0 0 0 -1 0 rect2p.dat

1 16 6.5 -0.717 0.25 0 0 2.5 0.467 0 0 0 1 0 rect2p.dat

1 16 -9 -0.25 0 0 1 0 0 0 0.25 0.25 0 0 2-4edge.dat

0 BFC INVERTNEXT

1 16 -9 -0.25 0 0 5 0 0 0 0.25 0.25 0 0 2-4cyli.dat

1 16 -4 -0.25 0 0 1 0 0 0 0.25 0.25 0 0 2-4edge.dat

1 16 -9 -0.25 0 0 1 0 0 0 0.25 0.25 0 0 2-4ndis.dat

1 16 -9 -1.359 1.133 0 1 0 -0.176 0 -0.589 0.883 0 -0.117 2-4edge.dat

1 16 -9 -1.359 1.133 0 5 0 -0.176 0 -0.589 0.883 0 -0.117 2-4cyli.dat

1 16 -4 -1.359 1.133 0 1 0 -0.176 0 -0.589 0.883 0 -0.117 2-4edge.dat

1 16 -9 -1.359 1.133 0 1 0 -0.176 0 -0.589 0.883 0 -0.117 2-4disc.dat

1 16 -9 -1.359 -1.133 0 1 0 -0.176 0 -0.589 -0.883 0 0.117 2-4edge.dat

1 16 -9 -1.359 -1.133 0 5 0 -0.176 0 -0.589 -0.883 0 0.117 2-4cyli.dat

1 16 -4 -1.359 -1.133 0 1 0 -0.176 0 -0.589 -0.883 0 0.117 2-4edge.dat

1 16 -9 -1.359 -1.133 0 1 0 -0.176 0 -0.589 -0.883 0 0.117 2-4disc.dat

1 16 -6.5 -0.768 2.257 -2.5 0 0 0 0 0.767 0 -1 0.242 rect3.dat

1 16 -6.5 -0.768 -2.257 -2.5 0 0 0 0 0.767 0 1 -0.242 rect3.dat

4 16 -9 0 0.25 -9 -1.183 0.25 -9 -1.535 2.016 -9 0 2.5

2 24 -9 0 2.5 -9 0 -2.5

4 16 -9 -1.183 -0.25 -9 0 -0.25 -9 0 -2.5 -9 -1.535 -2.016

1 16 -6.5 -0.717 0.25 0 0 -2.5 0.467 0 0 0 1 0 rect2p.dat

1 16 -6.5 -0.717 -0.25 0 0 -2.5 0.467 0 0 0 -1 0 rect2p.dat

5 24 3 -9.772 -1.148 3.752 -10.45 -1.446 4 -9.828 -2.828 3 -10 0

5 24 3 -10 0 3.67 -10.66 0 3.752 -10.45 -1.446 3 -9.772 1.148

5 24 3 -9.772 1.148 3.752 -10.45 1.446 3.67 -10.66 0 3 -9.121 2.121

5 24 -3 -9.772 1.148 -3.752 -10.45 1.446 -4 -9.828 2.828 -3 -10 0

5 24 -3 -10 0 -3.67 -10.66 0 -3.752 -10.45 1.446 -3 -9.772 -1.148

5 24 -3 -9.772 -1.148 -3.752 -10.45 -1.446 -3.67 -10.66 0 -3 -9.121 -2.121

0 NOFILE

0 FILE 1-4disc.dat
0 Disc 0.25

0 Name: 1-4disc.dat

0 Author: James Jessiman

0 !LDRAW_ORG Primitive UPDATE 2002-02

0 !LICENSE Licensed under CC BY 4.0 : see CAreadme.txt



0 BFC CERTIFY CCW



0 !HISTORY 2002-03-23 [sbliss] Added BFC statement.

0 !HISTORY 2002-04-25 [PTadmin] Official Update 2002-02

0 !HISTORY 2007-06-22 [PTadmin] Header formatted for Contributor Agreement

0 !HISTORY 2008-07-01 [PTadmin] Official Update 2008-01





3 16 0 0 0 1 0 0 0.9239 0 0.3827

3 16 0 0 0 0.9239 0 0.3827 0.7071 0 0.7071

3 16 0 0 0 0.7071 0 0.7071 0.3827 0 0.9239

3 16 0 0 0 0.3827 0 0.9239 0 0 1

0

0 NOFILE

0 FILE 1-8ndis.dat
0 Disc Negative 0.125

0 Name: 1-8ndis.dat

0 Author: James Jessiman

0 !LDRAW_ORG Primitive UPDATE 2012-01

0 !LICENSE Licensed under CC BY 4.0 : see CAreadme.txt



0 BFC CERTIFY CCW



0 !HISTORY 2002-03-23 [sbliss] Added BFC statement

0 !HISTORY 2002-04-25 [PTadmin] Official Update 2002-02

0 !HISTORY 2007-06-22 [PTadmin] Header formatted for Contributor Agreement

0 !HISTORY 2008-07-01 [PTadmin] Official Update 2008-01

0 !HISTORY 2012-02-16 [Philo] Changed to CCW

0 !HISTORY 2012-03-30 [PTadmin] Official Update 2012-01





3 16 0.9239 0 0.3827 1 0 0 1 0 1

3 16 0.7071 0 0.7071 0.9239 0 0.3827 1 0 1

0 NOFILE

0 FILE 3-4edge.dat
0 Circle 0.75

0 Name: 3-4edge.dat

0 Author: James Jessiman

0 !LDRAW_ORG Primitive UPDATE 2017-01

0 !LICENSE Licensed under CC BY 4.0 : see CAreadme.txt



0 BFC CERTIFY CCW



0 !HISTORY 2007-06-24 [PTadmin] Header formatted for Contributor Agreement

0 !HISTORY 2008-07-01 [PTadmin] Official Update 2008-01

0 !HISTORY 2017-01-15 [Steffen] BFCed

0 !HISTORY 2017-12-30 [PTadmin] Official Update 2017-01





2 24 1 0 0 0.9239 0 0.3827

2 24 0.9239 0 0.3827 0.7071 0 0.7071

2 24 0.7071 0 0.7071 0.3827 0 0.9239

2 24 0.3827 0 0.9239 0 0 1

2 24 0 0 1 -0.3827 0 0.9239

2 24 -0.3827 0 0.9239 -0.7071 0 0.7071

2 24 -0.7071 0 0.7071 -0.9239 0 0.3827

2 24 -0.9239 0 0.3827 -1 0 0

2 24 -1 0 -0 -0.9239 0 -0.3827

2 24 -0.9239 0 -0.3827 -0.7071 0 -0.7071

2 24 -0.7071 0 -0.7071 -0.3827 0 -0.9239

2 24 -0.3827 0 -0.9239 0 0 -1

0 NOFILE

0 FILE 1-4con3.dat
0 Cone  3 x 0.25

0 Name: 1-4con3.dat

0 Author: Steve Bliss [sbliss]

0 !LDRAW_ORG Primitive UPDATE 2012-01

0 !LICENSE Licensed under CC BY 4.0 : see CAreadme.txt



0 BFC CERTIFY CCW



0 !HISTORY 1998-12-15 [PTadmin] Official Update 1998-10

0 !HISTORY 1999-02-01 [PTadmin] Official Update 1999-01

0 !HISTORY 1999-05-17 [PTadmin] Official Update 1999-03

0 !HISTORY 2002-12-11 [cwdee] Standardised title and made BFC compliant

0 !HISTORY 2003-08-01 [PTadmin] Official Update 2003-02

0 !HISTORY 2007-06-22 [PTadmin] Header formatted for Contributor Agreement

0 !HISTORY 2008-07-01 [PTadmin] Official Update 2008-01

0 !HISTORY 2012-02-16 [Philo] Recreated CCW

0 !HISTORY 2012-03-30 [PTadmin] Official Update 2012-01





4 16 3 1 0 2.7717 1 1.1481 3.6956 0 1.5308 4 0 0

4 16 2.7717 1 1.1481 2.1213 1 2.1213 2.8284 0 2.8284 3.6956 0 1.5308

4 16 2.1213 1 2.1213 1.1481 1 2.7717 1.5308 0 3.6956 2.8284 0 2.8284

4 16 1.1481 1 2.7717 0 1 3 0 0 4 1.5308 0 3.6956

0 // conditional lines

5 24 3 1 0 4 0 0 3 1 -1.2426 2.7716 1 1.1481

5 24 2.7717 1 1.1481 3.6956 0 1.5308 3 1 0 2.1213 1 2.1213

5 24 2.1213 1 2.1213 2.8284 0 2.8284 2.7716 1 1.1481 1.1481 1 2.7716

5 24 1.1481 1 2.7717 1.5308 0 3.6956 2.1213 1 2.1213 0 1 3

5 24 0 1 3 0 0 4 1.1481 1 2.7716 -1.2426 1 3

0 // Build by Primitive Generator 2



0 NOFILE

0 FILE 1-8sphe.dat
0 Sphere 0.125

0 Name: 1-8sphe.dat

0 Author: James Jessiman

0 !LDRAW_ORG Primitive UPDATE 2012-03

0 !LICENSE Licensed under CC BY 4.0 : see CAreadme.txt



0 BFC CERTIFY CCW



0 !HISTORY 2000-08-01 {Axel Poque} fixes to resolve L3P error messages.

0 !HISTORY 2000-08-01 {Manfred Moolhuysen} fixes to resolve L3P error messages.

0 !HISTORY 2000-09-30 [PTadmin] Official Update 2000-02

0 !HISTORY 2002-03-28 [hafhead] Made BFC compliant

0 !HISTORY 2002-04-25 [PTadmin] Official Update 2002-02

0 !HISTORY 2007-06-22 [PTadmin] Header formatted for Contributor Agreement

0 !HISTORY 2008-07-01 [PTadmin] Official Update 2008-01

0 !HISTORY 2010-09-12 [MagFors] Changed winding, removed duplicated cond-line, optimized filesize

0 !HISTORY 2010-12-31 [PTadmin] Official Update 2010-03

0 !HISTORY 2012-07-01 [tcobbs] Replaced with geometry from LDView

0 !HISTORY 2012-12-28 [PTadmin] Official Update 2012-03





3 16 1 0 0 0.9239 0.3827 0 0.9239 0 0.3827

3 16 0.9239 0.3827 0 0.7836 0.4393 0.4393 0.9239 0 0.3827

3 16 0.9239 0 0.3827 0.7836 0.4393 0.4393 0.7071 0 0.7071

3 16 0.7836 0.4393 0.4393 0.4393 0.4393 0.7836 0.7071 0 0.7071

3 16 0.7071 0 0.7071 0.4393 0.4393 0.7836 0.3827 0 0.9239

3 16 0.4393 0.4393 0.7836 0 0.3827 0.9239 0.3827 0 0.9239

3 16 0.3827 0 0.9239 0 0.3827 0.9239 0 0 1

3 16 0.9239 0.3827 0 0.7071 0.7071 0 0.7836 0.4393 0.4393

3 16 0.7071 0.7071 0 0.4393 0.7836 0.4393 0.7836 0.4393 0.4393

3 16 0.7836 0.4393 0.4393 0.4393 0.7836 0.4393 0.4393 0.4393 0.7836

3 16 0.4393 0.7836 0.4393 0 0.7071 0.7071 0.4393 0.4393 0.7836

3 16 0.4393 0.4393 0.7836 0 0.7071 0.7071 0 0.3827 0.9239

3 16 0.7071 0.7071 0 0.3827 0.9239 0 0.4393 0.7836 0.4393

3 16 0.3827 0.9239 0 0 0.9239 0.3827 0.4393 0.7836 0.4393

3 16 0.4393 0.7836 0.4393 0 0.9239 0.3827 0 0.7071 0.7071

3 16 0.3827 0.9239 0 0 1 0 0 0.9239 0.3827



5 24 1 0 0 0.9239 0.3827 0 1 0 -0.1 0.9239 0 0.3827

5 24 0.9239 0.3827 0 0.9239 0 0.3827 1 0 0 0.7836 0.4393 0.4393

5 24 1 0 0 0.9239 0 0.3827 0.9239 0.3827 0 1 -0.1 0

5 24 0.9239 0 0.3827 0.7836 0.4393 0.4393 0.9239 0.3827 0 0.7071 0 0.7071

5 24 0.7836 0.4393 0.4393 0.7071 0 0.7071 0.9239 0 0.3827 0.4393 0.4393 0.7836

5 24 0.9239 0 0.3827 0.7071 0 0.7071 0.7836 0.4393 0.4393 0.9239 -0.1 0.3827

5 24 0.7071 0 0.7071 0.4393 0.4393 0.7836 0.7836 0.4393 0.4393 0.3827 0 0.9239

5 24 0.4393 0.4393 0.7836 0.3827 0 0.9239 0.7071 0 0.7071 0 0.3827 0.9239

5 24 0.7071 0 0.7071 0.3827 0 0.9239 0.4393 0.4393 0.7836 0.7071 -0.1 0.7071

5 24 0.3827 0 0.9239 0 0.3827 0.9239 0.4393 0.4393 0.7836 0 0 1

5 24 0 0.3827 0.9239 0 0 1 0.3827 0 0.9239 -0.1 0.3827 0.9239

5 24 0.3827 0 0.9239 0 0 1 0 0.3827 0.9239 0.3827 -0.1 0.9239

5 24 0.9239 0.3827 0 0.7071 0.7071 0 0.9239 0.3827 -0.1 0.7836 0.4393 0.4393

5 24 0.7071 0.7071 0 0.7836 0.4393 0.4393 0.9239 0.3827 0 0.4393 0.7836 0.4393

5 24 0.9239 0.3827 0 0.7836 0.4393 0.4393 0.7071 0.7071 0 0.9239 0 0.3827

5 24 0.7836 0.4393 0.4393 0.4393 0.7836 0.4393 0.7071 0.7071 0 0.4393 0.4393 0.7836

5 24 0.4393 0.7836 0.4393 0.4393 0.4393 0.7836 0.7836 0.4393 0.4393 0 0.7071 0.7071

5 24 0.7836 0.4393 0.4393 0.4393 0.4393 0.7836 0.4393 0.7836 0.4393 0.7071 0 0.7071

5 24 0.4393 0.4393 0.7836 0 0.7071 0.7071 0.4393 0.7836 0.4393 0 0.3827 0.9239

5 24 0 0.7071 0.7071 0 0.3827 0.9239 0.4393 0.4393 0.7836 -0.1 0.7071 0.7071

5 24 0.4393 0.4393 0.7836 0 0.3827 0.9239 0 0.7071 0.7071 0.3827 0 0.9239

5 24 0.7071 0.7071 0 0.3827 0.9239 0 0.7071 0.7071 -0.1 0.4393 0.7836 0.4393

5 24 0.3827 0.9239 0 0.4393 0.7836 0.4393 0.7071 0.7071 0 0 0.9239 0.3827

5 24 0.7071 0.7071 0 0.4393 0.7836 0.4393 0.3827 0.9239 0 0.7836 0.4393 0.4393

5 24 0.4393 0.7836 0.4393 0 0.9239 0.3827 0.3827 0.9239 0 0 0.7071 0.7071

5 24 0 0.9239 0.3827 0 0.7071 0.7071 0.4393 0.7836 0.4393 -0.1 0.9239 0.3827

5 24 0.4393 0.7836 0.4393 0 0.7071 0.7071 0 0.9239 0.3827 0.4393 0.4393 0.7836

5 24 0.3827 0.9239 0 0 1 0 0.3827 0.9239 -0.1 0 0.9239 0.3827

5 24 0 1 0 0 0.9239 0.3827 0.3827 0.9239 0 -0.1 1 0

5 24 0.3827 0.9239 0 0 0.9239 0.3827 0 1 0 0.4393 0.7836 0.4393

0 NOFILE

0 FILE rect1.dat
0 Rectangle with 1 Edge

0 Name: rect1.dat

0 Author: Chris Dee [cwdee]

0 !LDRAW_ORG Primitive UPDATE 2010-01

0 !LICENSE Licensed under CC BY 4.0 : see CAreadme.txt



0 BFC CERTIFY CCW



0 !HISTORY 2003-12-19 [PTadmin] Official Update 2003-03

0 !HISTORY 2007-06-24 [PTadmin] Header formatted for Contributor Agreement

0 !HISTORY 2008-07-01 [PTadmin] Official Update 2008-01

0 !HISTORY 2010-01-17 [mikeheide] changed winding to CCW

0 !HISTORY 2010-04-05 [PTadmin] Official Update 2010-01





2 24 1 0 -1 1 0 1

4 16 -1 0 1 -1 0 -1 1 0 -1 1 0 1

0

0 NOFILE

0 FILE box4-4a.dat
0 Box with  4 Faces without  4 Adjacent Edges

0 Name: box4-4a.dat

0 Author: Willy Tschager [Holly-Wood]

0 !LDRAW_ORG Primitive UPDATE 2024-01

0 !LICENSE Licensed under CC BY 4.0 : see CAreadme.txt



0 BFC CERTIFY CCW



0 !HISTORY 1998-07-15 [PTadmin] Official Update 1998-07

0 !HISTORY 2002-12-13 [hafhead] Made BFC compliant

0 !HISTORY 2003-03-12 [PTadmin] Official Update 2003-01

0 !HISTORY 2007-06-24 [PTadmin] Header formatted for Contributor Agreement

0 !HISTORY 2008-07-01 [PTadmin] Official Update 2008-01

0 !HISTORY 2012-02-16 [Philo] Changed to CCW

0 !HISTORY 2012-03-30 [PTadmin] Official Update 2012-01

0 !HISTORY 2024-01-03 [Holly-Wood] Complete re-write, original by Manfred Moolhuysen

0 !HISTORY 2024-01-29 [OrionP] Official Update 2024-01



2 24 -1 1 -1 -1 1 1

2 24 1 1 1 1 1 -1

2 24 -1 1 1 1 1 1

4 16 1 1 1 1 1 -1 -1 1 -1 -1 1 1



2 24 -1 0 -1 -1 0 1

4 16 -1 1 1 -1 1 -1 -1 0 -1 -1 0 1



2 24 1 0 1 1 0 -1

4 16 1 1 -1 1 1 1 1 0 1 1 0 -1



2 24 1 1 1 1 0 1

2 24 -1 1 1 -1 0 1

2 24 -1 0 1 1 0 1

4 16 1 1 1 -1 1 1 -1 0 1 1 0 1

0 NOFILE

0 FILE 24246.dat
0 Tile  1 x  1 with Rounded End

0 Name: 24246.dat

0 Author: Owen Burgoyne [C3POwen]

0 !LDRAW_ORG Part UPDATE 2016-01

0 !LICENSE Licensed under CC BY 4.0 : see CAreadme.txt



0 BFC CERTIFY CCW



0 !HISTORY 2016-12-31 [PTadmin] Official Update 2016-01





1 16 0 0 0 1 0 0 0 1 0 0 0 1 s__24246s01.dat

4 16 -10 0 10 -9.5 0 0 9.5 0 0 10 0 10

1 16 0 0 0 9.5 0 0 0 1 0 0 0 -9.5 2-4chrd.dat

0 NOFILE

0 FILE 2-4chrd.dat
0 Chord 0.5

0 Name: 2-4chrd.dat

0 Author: Philippe Hurbain [Philo]

0 !LDRAW_ORG Primitive UPDATE 2014-01

0 !LICENSE Licensed under CC BY 4.0 : see CAreadme.txt



0 BFC CERTIFY CCW



0 !HISTORY 2014-06-21 [PTadmin] Official Update 2014-01





4 16 0.9239 0 0.3827 -0.9239 0 0.3827 -1 0 0 1 0 0

4 16 0.7071 0 0.7071 -0.7071 0 0.7071 -0.9239 0 0.3827 0.9239 0 0.3827

4 16 0.3827 0 0.9239 -0.3827 0 0.9239 -0.7071 0 0.7071 0.7071 0 0.7071

3 16 0 0 1 -0.3827 0 0.9239 0.3827 0 0.9239

0 NOFILE

0 FILE s__24246s01.dat
0 ~Tile  1 x  1 with Rounded End with Partial Top Face

0 Name: s\24246s01.dat

0 Author: Owen Burgoyne [C3POwen]

0 !LDRAW_ORG Subpart UPDATE 2020-02

0 !LICENSE Licensed under CC BY 4.0 : see CAreadme.txt



0 BFC CERTIFY CCW



0 !HISTORY 2016-10-15 [MagFors] smaller topradius

0 !HISTORY 2016-12-31 [PTadmin] Official Update 2016-01

0 !HISTORY 2019-06-17 [MagFors] Removed topradius

0 !HISTORY 2019-07-19 [MagFors] Subfiled without top surface

0 !HISTORY 2020-09-05 [PTadmin] Official Update 2020-02





1 16 0 0 0 1 0 0 0 1 0 0 0 1 s__24246s02.dat

1 16 0 0 0 .5 0 0 0 1 0 0 0 -.5 2-4ring19.dat

3 16 10 0 10 9.5 0 0 10 0 0

3 16 -10 0 0 -9.5 0 0 -10 0 10

0 NOFILE

0 FILE 2-4ring19.dat
0 Ring 19 x 0.5

0 Name: 2-4ring19.dat

0 Author: Willy Tschager [Holly-Wood]

0 !LDRAW_ORG Primitive UPDATE 2024-02

0 !LICENSE Licensed under CC BY 4.0 : see CAreadme.txt



0 BFC CERTIFY CCW



0 !HISTORY 2016-12-31 [PTadmin] Official Update 2016-01

0 !HISTORY 2024-02-06 [Holly-Wood] Complete regeneration, original by KROACH

0 !HISTORY 2024-03-24 [OrionP] Official Update 2024-02



4 16 20 0 0 18.478 0 7.654 17.5541 0 7.2713 19 0 0

4 16 18.478 0 7.654 14.142 0 14.142 13.4349 0 13.4349 17.5541 0 7.2713

4 16 14.142 0 14.142 7.654 0 18.478 7.2713 0 17.5541 13.4349 0 13.4349

4 16 7.654 0 18.478 0 0 20 0 0 19 7.2713 0 17.5541

4 16 0 0 20 -7.654 0 18.478 -7.2713 0 17.5541 0 0 19

4 16 -7.654 0 18.478 -14.142 0 14.142 -13.4349 0 13.4349 -7.2713 0 17.5541

4 16 -14.142 0 14.142 -18.478 0 7.654 -17.5541 0 7.2713 -13.4349 0 13.4349

4 16 -18.478 0 7.654 -20 0 0 -19 0 0 -17.5541 0 7.2713

0 // Build by LDPartEditor (PrimGen 2.X)

0 NOFILE

0 FILE s__24246s02.dat
0 ~Tile  1 x  1 with Rounded End without Complete Top Face

0 Name: s\24246s02.dat

0 Author: Magnus Forsberg [MagFors]

0 !LDRAW_ORG Subpart UPDATE 2020-02

0 !LICENSE Licensed under CC BY 4.0 : see CAreadme.txt



0 BFC CERTIFY CCW



0 !HISTORY 2020-09-05 [PTadmin] Official Update 2020-02





4 16 -9 8 0 -9 8 9 -6 8 6 -6 8 0

4 16 -9 8 9 9 8 9 6 8 6 -6 8 6

4 16 9 8 9 9 8 0 6 8 0 6 8 6

1 16 0 8 0 3 0 0 0 -1 0 0 0 -3 2-4ring2.dat

0 BFC INVERTNEXT

1 16 0 8 3 6 0 0 0 -4 0 0 0 3 box4-4a.dat

0 BFC INVERTNEXT

1 16 0 4 0 6 0 0 0 4 0 0 0 -6 2-4cylo.dat

1 16 0 4 0 6 0 0 0 -4 0 0 0 -6 2-4chrd.dat

1 16 0 7.5 0 0 0 9 0.5 0 0 0 9 0 box3u4a.dat

1 16 0 7 0 9 0 0 0 1 0 0 0 -9 2-4cylo.dat

4 16 -10 7 0 -10 7 10 -9 7 9 -9 7 0

4 16 -10 7 10 10 7 10 9 7 9 -9 7 9

4 16 10 7 10 10 7 0 9 7 0 9 7 9

1 16 0 7 0 1 0 0 0 -1 0 0 0 -1 2-4ring9.dat

1 16 0 3.5 0 0 0 -10 -3.5 0 0 0 10 0 box3u4a.dat

1 16 0 0 0 10 0 0 0 7 0 0 0 -10 2-4cylo.dat

0 NOFILE

0 FILE 2-4ring9.dat
0 Ring  9 x 0.5

0 Name: 2-4ring9.dat

0 Author: Willy Tschager [Holly-Wood]

0 !LDRAW_ORG Primitive UPDATE 2024-01

0 !LICENSE Licensed under CC BY 4.0 : see CAreadme.txt



0 BFC CERTIFY CCW



0 !HISTORY 2009-09-03 [PTadmin] Official Update 2009-02

0 !HISTORY 2024-01-10 [Holly-Wood] Complete regeneration, original by guyvivan

0 !HISTORY 2024-01-29 [OrionP] Official Update 2024-01



4 16 10 0 0 9.239 0 3.827 8.3151 0 3.4443 9 0 0

4 16 9.239 0 3.827 7.071 0 7.071 6.3639 0 6.3639 8.3151 0 3.4443

4 16 7.071 0 7.071 3.827 0 9.239 3.4443 0 8.3151 6.3639 0 6.3639

4 16 3.827 0 9.239 0 0 10 0 0 9 3.4443 0 8.3151

4 16 0 0 10 -3.827 0 9.239 -3.4443 0 8.3151 0 0 9

4 16 -3.827 0 9.239 -7.071 0 7.071 -6.3639 0 6.3639 -3.4443 0 8.3151

4 16 -7.071 0 7.071 -9.239 0 3.827 -8.3151 0 3.4443 -6.3639 0 6.3639

4 16 -9.239 0 3.827 -10 0 0 -9 0 0 -8.3151 0 3.4443

0 // Build by LDPartEditor (PrimGen 2.X)

0 NOFILE

0 FILE box3u4a.dat
0 Box with 3 Faces without 4 Adjacent Edges

0 Name: box3u4a.dat

0 Author: Niels Karsdorp [nielsk]

0 !LDRAW_ORG Primitive UPDATE 2009-01

0 !LICENSE Licensed under CC BY 4.0 : see CAreadme.txt



0 BFC CERTIFY CCW



0 !HISTORY 2009-05-02 [PTadmin] Official Update 2009-01





2 24 1 1 1 -1 1 1

2 24 -1 1 -1 1 1 -1

2 24 1 1 1 1 1 -1

2 24 -1 1 1 -1 1 -1

2 24 1 1 1 1 0 1

2 24 1 1 -1 1 0 -1

2 24 -1 1 1 -1 0 1

2 24 -1 1 -1 -1 0 -1

4 16 -1 1 -1 -1 1 1 1 1 1 1 1 -1

4 16 -1 1 1 -1 0 1 1 0 1 1 1 1

4 16 1 1 -1 1 0 -1 -1 0 -1 -1 1 -1

0

0 NOFILE

0 FILE 2-4cylo.dat
0 Cylinder Open 0.5

0 Name: 2-4cylo.dat

0 Author: Max Martin Richter [MMR1988]

0 !LDRAW_ORG Primitive UPDATE 2010-03

0 !LICENSE Licensed under CC BY 4.0 : see CAreadme.txt



0 BFC CERTIFY CCW



0 !HISTORY 2010-12-31 [PTadmin] Official Update 2010-03





1 16 0 0 0 1 0 0 0 1 0 0 0 1 2-4edge.dat

1 16 0 1 0 1 0 0 0 1 0 0 0 1 2-4edge.dat

1 16 0 0 0 1 0 0 0 1 0 0 0 1 2-4cyli.dat

0 NOFILE

0 FILE 2-4ring2.dat
0 Ring  2 x 0.5

0 Name: 2-4ring2.dat

0 Author: Chris Dee [cwdee]

0 !LDRAW_ORG Primitive UPDATE 2012-01

0 !LICENSE Licensed under CC BY 4.0 : see CAreadme.txt



0 BFC CERTIFY CCW



0 !HISTORY 2001-10-26 [PTadmin] Official Update 2001-01

0 !HISTORY 2007-06-24 [PTadmin] Header formatted for Contributor Agreement

0 !HISTORY 2008-07-01 [PTadmin] Official Update 2008-01

0 !HISTORY 2012-02-16 [Philo] Changed to CCW

0 !HISTORY 2012-03-30 [PTadmin] Official Update 2012-01





4 16 3 0 0 2.7717 0 1.1481 1.8478 0 0.7654 2 0 0

4 16 2.7717 0 1.1481 2.1213 0 2.1213 1.4142 0 1.4142 1.8478 0 0.7654

4 16 2.1213 0 2.1213 1.1481 0 2.7717 0.7654 0 1.8478 1.4142 0 1.4142

4 16 1.1481 0 2.7717 0 0 3 0 0 2 0.7654 0 1.8478

4 16 0 0 3 -1.1481 0 2.7717 -0.7654 0 1.8478 0 0 2

4 16 -1.1481 0 2.7717 -2.1213 0 2.1213 -1.4142 0 1.4142 -0.7654 0 1.8478

4 16 -2.1213 0 2.1213 -2.7717 0 1.1481 -1.8478 0 0.7654 -1.4142 0 1.4142

4 16 -2.7717 0 1.1481 -3 0 0 -2 0 0 -1.8478 0 0.7654

0 NOFILE

0 FILE 26047.dat
0 Plate  1 x  1 Round with Horizontal Handle on Side

0 Name: 26047.dat

0 Author: Magnus Forsberg [MagFors]

0 !LDRAW_ORG Part UPDATE 2022-06

0 !LICENSE Licensed under CC BY 4.0 : see CAreadme.txt



0 BFC CERTIFY CCW



0 !HISTORY 2016-12-31 [PTadmin] Official Update 2016-01

0 !HISTORY 2021-11-03 [MagFors] used handle primitive

0 !HISTORY 2022-12-20 [PTadmin] Official Update 2022-06





1 16 0 0 0 0 0 -1 0 1 0 1 0 0 stud.dat

0 BFC INVERTNEXT

1 16 0 8 -3 6 0 0 0 -4 0 0 0 -3 box4-4a.dat

0 BFC INVERTNEXT

1 16 0 4 0 6 0 0 0 4 0 0 0 6 2-4cylo.dat

1 16 0 4 0 6 0 0 0 -1 0 0 0 6 2-4chrd.dat

1 16 0 8 0 2 0 0 0 -1 0 0 0 2 2-4ring3.dat

1 16 0 8 0 2 0 0 0 -1 0 0 0 2 2-4ring4.dat

3 16 -8 8 0 -6 8 0 -6 8 -6

4 16 -8 8 0 -6 8 -6 -10 8 -10 -10 8 0

4 16 10 8 -10 6 8 -6 8 8 0 10 8 0

3 16 6 8 0 8 8 0 6 8 -6

4 16 -4 8 -10 -6 8 -6 6 8 -6 4 8 -10

3 16 -10 8 -10 -6 8 -6 -4 8 -10

3 16 4 8 -10 6 8 -6 10 8 -10

1 16 0 0 0 10 0 0 0 8 0 0 0 10 2-4cylo.dat

1 16 0 0 0 10 0 0 0 1 0 0 0 10 2-4chrd.dat

1 16 0 4 -10 0 0 -4 4 0 0 0 1 0 rect.dat

1 16 4 2 -20 0 -8 0 4 0 0 0 0 4 4-4cylo.dat

1 16 10 4 -5 0 -1 0 0 0 -4 5 0 0 rect2p.dat

1 16 -10 4 -5 0 1 0 0 0 -4 -5 0 0 rect2p.dat

4 16 -4 0 -10 4 0 -10 10 0 0 -10 0 0

3 16 4 0 -10 10 0 -10 10 0 0

3 16 -10 0 -10 -4 0 -10 -10 0 0

1 16 -7 0 -20 1 0 0 0 1 0 0 0 1 phandle1.dat

1 16 7 0 -20 -1 0 0 0 1 0 0 0 1 phandle1.dat

0 NOFILE

0 FILE phandle1.dat
0 Bar Handle Attachment with Open Side

0 Name: phandle1.dat

0 Author: Gerald Lasser [GeraldLasser]

0 !LDRAW_ORG Primitive UPDATE 2024-02

0 !LICENSE Licensed under CC BY 4.0 : see CAreadme.txt



0 BFC CERTIFY CCW



0 !HISTORY 2022-12-20 [PTadmin] Official Update 2022-06

0 !HISTORY 2024-03-23 [OrionP] Updated ring primitives

0 !HISTORY 2024-03-24 [OrionP] Official Update 2024-02



1 16 0 -.149 5.5735 3 0 0 0 1 .149 0 0 .0295 rect3.dat

1 16 -3 2 0 0 6 0 -6 0 0 0 0 6 3-16cylo.dat

1 16 -3 2 0 0 6 0 -6 0 0 0 0 -6 2-4cylo.dat

1 16 -3 2 0 0 1 0 6 0 0 0 0 -6 2-4chrd.dat

1 16 -3 2 0 0 6 0 -6 0 0 0 0 6 3-16chrd.dat



1 16 3 2 0 0 -1 0 4 0 0 0 0 4 1-4ndis.dat

1 16 3 2 0 0 -1 0 0 0 -4 4 0 0 1-16tang.dat

1 16 3 2 0 0 -1 0 2 0 0 0 0 -2 2-4ring2.dat

1 16 3 2 0 0 -1 0 -2 0 0 0 0 2 3-16ring2.dat

1 16 0 8 5 0 0 3 0 -1 0 5 0 0 rect2p.dat

1 16 0 0 7.8015 0 0 3 0 1 0 -2.1985 0 0 rect2p.dat

4 16 -3 8 10 -3 8 0 -3 0 5.603 -3 0 10

4 16 3 8 10 3 0 10 3 2 4 3 6 4

4 16 3 8 10 3 6 4 3 6 0 3 8 0

5 24 -3 -.298 5.544 3 -.298 5.544 3 0 5.603 3 -2.2426 4.2426

4 16 -3 -.298 5.544 -3 0 5.603 -3 8 0 -3 -4 0

4 16 3 0 5.603 3 -.298 5.544 3 .4692 3.6956 3 1.2044 4

4 16 3 1.2044 4 3 2 4 3 0 10 3 0 5.603

0 NOFILE

0 FILE 3-16ring2.dat
0 Ring  2 x 0.1875

0 Name: 3-16ring2.dat

0 Author: Philippe Hurbain [Philo]

0 !LDRAW_ORG Primitive UPDATE 2024-02

0 !LICENSE Licensed under CC BY 4.0 : see CAreadme.txt



0 BFC CERTIFY CCW



0 !HISTORY 2009-12-29 [PTadmin] Official Update 2009-03

0 !HISTORY 2024-03-23 [OrionP] Moved from 3-16rin2.dat

0 !HISTORY 2024-03-24 [OrionP] Official Update 2024-02



4 16 2 0 0 3 0 0 2.7717 0 1.1481 1.8478 0 0.7654

4 16 1.8478 0 0.7654 2.7717 0 1.1481 2.1213 0 2.1213 1.4142 0 1.4142

4 16 1.4142 0 1.4142 2.1213 0 2.1213 1.1481 0 2.7717 0.7654 0 1.8478



0 // end of file



0 NOFILE

0 FILE 1-16tang.dat
0 Disc Negative Tangent 0.0625

0 Name: 1-16tang.dat

0 Author: Gerald Lasser [GeraldLasser]

0 !LDRAW_ORG Primitive UPDATE 2020-02

0 !LICENSE Licensed under CC BY 4.0 : see CAreadme.txt



0 BFC CERTIFY CCW



0 !HISTORY 2020-09-05 [PTadmin] Official Update 2020-02





3 16 1 0 0 1 0 .1989 .9239 0 .3827

0 NOFILE

0 FILE 3-16chrd.dat
0 Chord 0.1875

0 Name: 3-16chrd.dat

0 Author: Niels Karsdorp [nielsk]

0 !LDRAW_ORG Primitive UPDATE 2009-01

0 !LICENSE Licensed under CC BY 4.0 : see CAreadme.txt



0 BFC CERTIFY CCW



0 !HISTORY 2009-05-02 [PTadmin] Official Update 2009-01





4 16 1 0 0 0.9239 0 0.3827 0.7071 0 0.7071 0.3827 0 0.9239

0



0 NOFILE

0 FILE 3-16cylo.dat
0 Cylinder Open 0.1875

0 Name: 3-16cylo.dat

0 Author: J.C. Tchang [tchang]

0 !LDRAW_ORG Primitive UPDATE 2013-01

0 !LICENSE Licensed under CC BY 4.0 : see CAreadme.txt



0 BFC CERTIFY CCW



0 !HISTORY 2013-07-21 [PTadmin] Official Update 2013-01





1 16 0 0 0 1 0 0 0 1 0 0 0 1 3-16edge.dat

1 16 0 1 0 1 0 0 0 1 0 0 0 1 3-16edge.dat

1 16 0 0 0 1 0 0 0 1 0 0 0 1 3-16cyli.dat

0 NOFILE

0 FILE 3-16cyli.dat
0 Cylinder 0.1875

0 Name: 3-16cyli.dat

0 Author: Mark Kennedy [mkennedy]

0 !LDRAW_ORG Primitive UPDATE 2005-01

0 !LICENSE Licensed under CC BY 4.0 : see CAreadme.txt



0 BFC CERTIFY CCW



0 !HISTORY 2004-03-02 [PTadmin] Official Update 2004-01

0 !HISTORY 2004-12-11 [nielsk] Recreated using Primitive Generator, Edge lines fixed, BFC changed to CCW

0 !HISTORY 2005-12-28 [PTadmin] Official Update 2005-01

0 !HISTORY 2007-06-24 [PTadmin] Header formatted for Contributor Agreement

0 !HISTORY 2008-07-01 [PTadmin] Official Update 2008-01





4 16 .9239 1 .3827 .9239 0 .3827 1 0 0 1 1 0

4 16 .7071 1 .7071 .7071 0 .7071 .9239 0 .3827 .9239 1 .3827

4 16 .3827 1 .9239 .3827 0 .9239 .7071 0 .7071 .7071 1 .7071

5 24 1 1 0 1 0 0 1 1 -.4142 .9239 1 .3827

5 24 .9239 1 .3827 .9239 0 .3827 1 1 0 .7071 1 .7071

5 24 .7071 1 .7071 .7071 0 .7071 .9239 1 .3827 .3827 1 .9239

5 24 .3827 1 .9239 .3827 0 .9239 .7071 1 .7071 0 1 1.0824

0

0 NOFILE

0 FILE 3-16edge.dat
0 Circle 0.1875

0 Name: 3-16edge.dat

0 Author: Donald Sutter [technog]

0 !LDRAW_ORG Primitive UPDATE 2017-01

0 !LICENSE Licensed under CC BY 4.0 : see CAreadme.txt



0 BFC CERTIFY CCW



0 !HISTORY 2004-03-02 [PTadmin] Official Update 2004-01

0 !HISTORY 2007-06-24 [PTadmin] Header formatted for Contributor Agreement

0 !HISTORY 2008-07-01 [PTadmin] Official Update 2008-01

0 !HISTORY 2017-01-15 [Steffen] BFCed

0 !HISTORY 2017-12-30 [PTadmin] Official Update 2017-01





2 24 1 0 0 0.9239 0 0.3827

2 24 0.9239 0 0.3827 0.7071 0 0.7071

2 24 0.7071 0 0.7071 0.3827 0 0.9239

0 NOFILE

0 FILE 4-4cylo.dat
0 Cylinder Open 1.0

0 Name: 4-4cylo.dat

0 Author: Mark Kennedy [mkennedy]

0 !LDRAW_ORG Primitive UPDATE 2010-01

0 !LICENSE Licensed under CC BY 4.0 : see CAreadme.txt



0 BFC CERTIFY CCW



0 !HISTORY 2010-04-05 [PTadmin] Official Update 2010-01





1 16 0 0 0 1 0 0 0 1 0 0 0 1 4-4edge.dat

1 16 0 1 0 1 0 0 0 1 0 0 0 1 4-4edge.dat

1 16 0 0 0 1 0 0 0 1 0 0 0 1 4-4cyli.dat

0
0 NOFILE

0 FILE 2-4ring4.dat
0 Ring  4 x 0.5

0 Name: 2-4ring4.dat

0 Author: Paul Easter [pneaster]

0 !LDRAW_ORG Primitive UPDATE 2012-01

0 !LICENSE Licensed under CC BY 4.0 : see CAreadme.txt



0 BFC CERTIFY CCW



0 !HISTORY 2000-09-30 [PTadmin] Official Update 2000-02

0 !HISTORY 2003-06-11 [pneaster] Corrected Values

0 !HISTORY 2003-08-01 [PTadmin] Official Update 2003-02

0 !HISTORY 2007-06-24 [PTadmin] Header formatted for Contributor Agreement

0 !HISTORY 2008-07-01 [PTadmin] Official Update 2008-01

0 !HISTORY 2012-02-16 [Philo] Changed to CCW

0 !HISTORY 2012-03-30 [PTadmin] Official Update 2012-01





4 16 5 0 0 4.6195 0 1.9135 3.6956 0 1.5308 4 0 0

4 16 4.6195 0 1.9135 3.5355 0 3.5355 2.8284 0 2.8284 3.6956 0 1.5308

4 16 3.5355 0 3.5355 1.9135 0 4.6195 1.5308 0 3.6956 2.8284 0 2.8284

4 16 1.9135 0 4.6195 0 0 5 0 0 4 1.5308 0 3.6956

4 16 0 0 5 -1.9135 0 4.6195 -1.5308 0 3.6956 0 0 4

4 16 -1.9135 0 4.6195 -3.5355 0 3.5355 -2.8284 0 2.8284 -1.5308 0 3.6956

4 16 -3.5355 0 3.5355 -4.6195 0 1.9135 -3.6956 0 1.5308 -2.8284 0 2.8284

4 16 -4.6195 0 1.9135 -5 0 0 -4 0 0 -3.6956 0 1.5308

0 NOFILE

0 FILE 2-4ring3.dat
0 Ring  3 x 0.5

0 Name: 2-4ring3.dat

0 Author: James Jessiman

0 !LDRAW_ORG Primitive UPDATE 2012-01

0 !LICENSE Licensed under CC BY 4.0 : see CAreadme.txt



0 BFC CERTIFY CCW



0 !HISTORY 1998-12-15 [PTadmin] Official Update 1998-10

0 !HISTORY 2003-01-21 [cavehop] Update Added BFC and some header info

0 !HISTORY 2003-03-12 [PTadmin] Official Update 2003-01

0 !HISTORY 2003-08-01 [PTadmin] Official Update 2003-02

0 !HISTORY 2007-06-24 [PTadmin] Header formatted for Contributor Agreement

0 !HISTORY 2008-07-01 [PTadmin] Official Update 2008-01

0 !HISTORY 2012-02-16 [Philo] Changed to CCW

0 !HISTORY 2012-03-30 [PTadmin] Official Update 2012-01





4 16 4 0 0 3.6956 0 1.5308 2.7717 0 1.1481 3 0 0

4 16 3.6956 0 1.5308 2.8284 0 2.8284 2.1213 0 2.1213 2.7717 0 1.1481

4 16 2.8284 0 2.8284 1.5308 0 3.6956 1.1481 0 2.7717 2.1213 0 2.1213

4 16 1.5308 0 3.6956 0 0 4 0 0 3 1.1481 0 2.7717

4 16 0 0 4 -1.5308 0 3.6956 -1.1481 0 2.7717 0 0 3

4 16 -1.5308 0 3.6956 -2.8284 0 2.8284 -2.1213 0 2.1213 -1.1481 0 2.7717

4 16 -2.8284 0 2.8284 -3.6956 0 1.5308 -2.7717 0 1.1481 -2.1213 0 2.1213

4 16 -3.6956 0 1.5308 -4 0 0 -3 0 0 -2.7717 0 1.1481

0 NOFILE

0 FILE 49673.dat
0 =Plate  1 x  1 with Tooth

0 Name: 49673.dat

0 Author: Chris Dee [cwdee]

0 !LDRAW_ORG Part Alias UPDATE 2013-02

0 !LICENSE Licensed under CC BY 4.0 : see CAreadme.txt



0 BFC CERTIFY CCW



0 !HISTORY 2009-09-03 [PTadmin] Official Update 2009-02

0 !HISTORY 2013-12-14 [cwdee] Add = prefix

0 !HISTORY 2013-12-23 [PTadmin] Official Update 2013-02





1 16 0 0 0 1 0 0 0 1 0 0 0 1 49668.dat

0

0 NOFILE

0 FILE 49668.dat
0 Plate  1 x  1 with Tooth In-line

0 Name: 49668.dat

0 Author: Bernd Broich [bbroich]

0 !LDRAW_ORG Part UPDATE 2014-01

0 !LICENSE Licensed under CC BY 4.0 : see CAreadme.txt



0 BFC CERTIFY CCW



0 !HISTORY 2009-09-03 [PTadmin] Official Update 2009-02

0 !HISTORY 2014-01-29 [Philo] Subparted tooth, corrected stud orientation

0 !HISTORY 2014-06-21 [PTadmin] Official Update 2014-01





1 16 0 0 0 1 0 0 0 1 0 0 0 1 s__49668s01.dat

0 // Plate

1 16 0 0 0 0 0 -1 0 1 0 1 0 0 stud.dat

1 16 0 8 0 10 0 0 0 -8 0 0 0 10 box4-1.dat

0 BFC INVERTNEXT

1 16 0 8 0 6 0 0 0 -4 0 0 0 6 box5.dat

2 24 0 0 -10 3 0.625 -10

2 24 0 0 -10 -3 0.625 -10

2 24 10 8 -10 10 7 -10

2 24 -10 8 -10 -10 7 -10

2 24 6 2.125 -10 3 0.625 -10

2 24 -6 2.125 -10 -3 0.625 -10

2 24 6 2.125 -10 8 3.75 -10

2 24 -6 2.125 -10 -8 3.75 -10

2 24 9.625 6 -10 10 7 -10

2 24 -9.625 6 -10 -10 7 -10

2 24 9.625 6 -10 8 3.75 -10

2 24 -9.625 6 -10 -8 3.75 -10

3 16 0 0 -10 3 0.625 -10 10 0 -10

3 16 -10 0 -10 -10 7 -10 -9.625 6 -10

3 16 -10 0 -10 -3 0.625 -10 0 0 -10

3 16 10 0 -10 3 0.625 -10 6 2.125 -10

3 16 -10 0 -10 -8 3.75 -10 -6 2.125 -10

3 16 10 0 -10 8 3.75 -10 9.625 6 -10

3 16 -10 8 -10 -6 8 -6 -6 8 -10

3 16 -6 2.125 -10 -3 0.625 -10 -10 0 -10

3 16 6 2.125 -10 8 3.75 -10 10 0 -10

3 16 6 8 -10 6 8 -6 10 8 -10

3 16 9.625 6 -10 10 7 -10 10 0 -10

3 16 -9.625 6 -10 -8 3.75 -10 -10 0 -10

4 16 10 8 -10 6 8 -6 6 8 6 10 8 10

4 16 10 8 10 6 8 6 -6 8 6 -10 8 10

1 16 0 8 -8 0 0 -6 0 -1 0 -2 0 0 rect1.dat

4 16 -10 8 10 -6 8 6 -6 8 -6 -10 8 -10

0 NOFILE

0 FILE box4-1.dat
0 Box with 4 Faces without 1 Edge

0 Name: box4-1.dat

0 Author: Tore Eriksson [Tore_Eriksson]

0 !LDRAW_ORG Primitive UPDATE 2012-01

0 !LICENSE Licensed under CC BY 4.0 : see CAreadme.txt



0 BFC CERTIFY CCW



0 !HISTORY 1998-07-15 [PTadmin] Official Update 1998-07

0 !HISTORY 2002-04-05 [hafhead] Made BFC compliant

0 !HISTORY 2002-04-25 [PTadmin] Official Update 2002-02

0 !HISTORY 2007-06-24 [PTadmin] Header formatted for Contributor Agreement

0 !HISTORY 2008-07-01 [PTadmin] Official Update 2008-01

0 !HISTORY 2012-02-16 [Philo] Changed to CCW

0 !HISTORY 2012-03-30 [PTadmin] Official Update 2012-01





2 24 1 1 1 -1 1 1

2 24 -1 1 1 -1 1 -1

2 24 -1 1 -1 1 1 -1

2 24 1 1 -1 1 1 1

2 24 1 0 1 -1 0 1

2 24 -1 0 1 -1 0 -1

2 24 1 0 -1 1 0 1

2 24 1 0 1 1 1 1

2 24 -1 0 1 -1 1 1

2 24 1 0 -1 1 1 -1

2 24 -1 0 -1 -1 1 -1

4 16 -1 1 1 1 1 1 1 1 -1 -1 1 -1

4 16 -1 1 1 -1 0 1 1 0 1 1 1 1

4 16 -1 1 -1 -1 0 -1 -1 0 1 -1 1 1

4 16 1 1 1 1 0 1 1 0 -1 1 1 -1

0 NOFILE

0 FILE s__49668s01.dat
0 ~Plate  1 x  1 with Tooth, Tooth Subpart

0 Name: s\49668s01.dat

0 Author: Philippe Hurbain [Philo]

0 !LDRAW_ORG Subpart UPDATE 2014-01

0 !LICENSE Licensed under CC BY 4.0 : see CAreadme.txt



0 BFC CERTIFY CCW



0 !HISTORY 2014-01-29 [Philo] Subparted for reuse from Bernd Broich's 49668

0 !HISTORY 2014-06-21 [PTadmin] Official Update 2014-01





2 24 0 0 -10 3 0.625 -10

2 24 0 0 -10 -3 0.625 -10

2 24 10 8 -10 10 7 -10

2 24 -10 8 -10 -10 7 -10

2 24 6 2.125 -10 3 0.625 -10

2 24 -6 2.125 -10 -3 0.625 -10

2 24 6 2.125 -10 8 3.75 -10

2 24 -6 2.125 -10 -8 3.75 -10

2 24 6 8 -10 -6 8 -10

2 24 9.625 6 -10 10 7 -10

2 24 -9.625 6 -10 -10 7 -10

2 24 9.625 6 -10 8 3.75 -10

2 24 -9.625 6 -10 -8 3.75 -10



0 // Tooth outer surface

2 24 0 0 -10 0 0.625 -16

2 24 0 2.125 -22 0 0.625 -16

2 24 0 2.125 -22 0 3.75 -26

2 24 0 6 -30 0 3.75 -26

2 24 0 6 -30 1 7 -30

2 24 0 6 -30 -1 7 -30

2 24 1 7 -30 4.375 7 -26

2 24 -1 7 -30 -4.375 7 -26

2 24 1 8 -30 4.375 8 -26

2 24 -1 8 -30 -4.375 8 -26

2 24 10 7 -10 9.063 7 -16

2 24 -10 7 -10 -9.063 7 -16

2 24 10 8 -10 9.063 8 -16

2 24 -10 8 -10 -9.063 8 -16

2 24 6.813 7 -22 4.375 7 -26

2 24 -6.813 7 -22 -4.375 7 -26

2 24 6.813 7 -22 9.063 7 -16

2 24 -6.813 7 -22 -9.063 7 -16

2 24 6.813 8 -22 4.375 8 -26

2 24 -6.813 8 -22 -4.375 8 -26

2 24 6.813 8 -22 9.063 8 -16

2 24 -6.813 8 -22 -9.063 8 -16

3 16 0 0 -10 -1.125 0.625 -14.8 0 0.625 -16

3 16 0 0 -10 1.125 0.625 -14.8 1.938 0.625 -13.6

3 16 0 0 -10 -2.688 0.625 -11.8 -1.938 0.625 -13.6

3 16 0 0 -10 2.688 0.625 -11.8 3 0.625 -10

3 16 0 0.625 -16 1.125 0.625 -14.8 0 0 -10

3 16 0 6 -30 0 3.75 -26 -3 3.75 -22.8

3 16 0 6 -30 3.609 6 -26 3 3.75 -22.8

3 16 1 7 -30 0 6 -30 -1 7 -30

3 16 -1 7 -30 0 6 -30 -3.609 6 -26

3 16 1 7 -30 4.375 7 -26 3.609 6 -26

3 16 -1.938 0.625 -13.6 -1.125 0.625 -14.8 0 0 -10

3 16 1.938 0.625 -13.6 2.688 0.625 -11.8 0 0 -10

3 16 -10 7 -10 -9.063 7 -16 -8.622 6 -16

3 16 10 7 -10 9.625 6 -10 8.622 6 -16

3 16 -3 0.625 -10 -2.688 0.625 -11.8 0 0 -10

3 16 3 3.75 -22.8 0 3.75 -26 0 6 -30

3 16 -3 3.75 -22.8 -3.609 6 -26 0 6 -30

3 16 3 3.75 -22.8 3.609 6 -26 6.216 6 -22

3 16 -3 3.75 -22.8 -5.167 3.75 -19.6 -6.216 6 -22

3 16 3.609 6 -26 0 6 -30 1 7 -30

3 16 -3.609 6 -26 -4.375 7 -26 -1 7 -30

3 16 3.609 6 -26 4.375 7 -26 6.813 7 -22

3 16 -3.609 6 -26 -6.216 6 -22 -6.813 7 -22

3 16 -6.216 6 -22 -3.609 6 -26 -3 3.75 -22.8

3 16 6.216 6 -22 5.167 3.75 -19.6 3 3.75 -22.8

3 16 -6.216 6 -22 -5.167 3.75 -19.6 -7.167 3.75 -14.8

3 16 6.216 6 -22 8.622 6 -16 7.167 3.75 -14.8

3 16 -6.813 7 -22 -4.375 7 -26 -3.609 6 -26

3 16 6.813 7 -22 6.216 6 -22 3.609 6 -26

3 16 -6.813 7 -22 -6.216 6 -22 -8.622 6 -16

3 16 6.813 7 -22 9.063 7 -16 8.622 6 -16

3 16 7.167 3.75 -14.8 5.167 3.75 -19.6 6.216 6 -22

4 16 -7.167 3.75 -14.8 -8 3.75 -10 -9.625 6 -10 -8.622 6 -16

3 16 -7.167 3.75 -14.8 -8.622 6 -16 -6.216 6 -22

4 16 7.167 3.75 -14.8 8.622 6 -16 9.625 6 -10 8 3.75 -10

3 16 8.622 6 -16 6.216 6 -22 6.813 7 -22

3 16 8.622 6 -16 9.063 7 -16 10 7 -10

3 16 -8.622 6 -16 -9.063 7 -16 -6.813 7 -22

3 16 -8.622 6 -16 -9.625 6 -10 -10 7 -10

4 16 0 2.125 -22 0 0.625 -16 -1.125 0.625 -14.8 -2.25 2.125 -19.6

4 16 0 2.125 -22 2.25 2.125 -19.6 1.125 0.625 -14.8 0 0.625 -16

4 16 0 3.75 -26 0 2.125 -22 -2.25 2.125 -19.6 -3 3.75 -22.8

4 16 0 3.75 -26 3 3.75 -22.8 2.25 2.125 -19.6 0 2.125 -22

4 16 1 7 -30 1 8 -30 4.375 8 -26 4.375 7 -26

4 16 -1 7 -30 -4.375 7 -26 -4.375 8 -26 -1 8 -30

1 16 0 7.5 -30 -1 0 0 0 0 0.5 0 1 0 rect3.dat

4 16 -10 7 -10 -10 8 -10 -9.063 8 -16 -9.063 7 -16

4 16 10 7 -10 9.063 7 -16 9.063 8 -16 10 8 -10

4 16 3.875 2.125 -17.2 1.938 0.625 -13.6 1.125 0.625 -14.8 2.25 2.125 -19.6

4 16 -3.875 2.125 -17.2 -1.938 0.625 -13.6 -2.688 0.625 -11.8 -5.375 2.125 -13.6

4 16 -3.875 2.125 -17.2 -2.25 2.125 -19.6 -1.125 0.625 -14.8 -1.938 0.625 -13.6

4 16 3.875 2.125 -17.2 5.375 2.125 -13.6 2.688 0.625 -11.8 1.938 0.625 -13.6

4 16 -5.167 3.75 -19.6 -3 3.75 -22.8 -2.25 2.125 -19.6 -3.875 2.125 -17.2

4 16 5.167 3.75 -19.6 3.875 2.125 -17.2 2.25 2.125 -19.6 3 3.75 -22.8

4 16 -5.167 3.75 -19.6 -3.875 2.125 -17.2 -5.375 2.125 -13.6 -7.167 3.75 -14.8

4 16 5.167 3.75 -19.6 7.167 3.75 -14.8 5.375 2.125 -13.6 3.875 2.125 -17.2

4 16 6 2.125 -10 3 0.625 -10 2.688 0.625 -11.8 5.375 2.125 -13.6

4 16 -6 2.125 -10 -5.375 2.125 -13.6 -2.688 0.625 -11.8 -3 0.625 -10

4 16 6.813 7 -22 4.375 7 -26 4.375 8 -26 6.813 8 -22

4 16 -6.813 7 -22 -6.813 8 -22 -4.375 8 -26 -4.375 7 -26

4 16 6.813 7 -22 6.813 8 -22 9.063 8 -16 9.063 7 -16

4 16 -6.813 7 -22 -9.063 7 -16 -9.063 8 -16 -6.813 8 -22

4 16 8 3.75 -10 6 2.125 -10 5.375 2.125 -13.6 7.167 3.75 -14.8

4 16 -8 3.75 -10 -7.167 3.75 -14.8 -5.375 2.125 -13.6 -6 2.125 -10



0 // Conditional lines for outer surface

5 24 0 0 -10 -1.938 0.625 -13.6 -1.125 0.625 -14.8 -2.688 0.625 -11.8

5 24 0 0 -10 1.938 0.625 -13.6 2.688 0.625 -11.8 1.125 0.625 -14.8

5 24 0 0.625 -16 1.125 0.625 -14.8 0 0 -10 0 2.125 -22

5 24 0 2.125 -22 2.25 2.125 -19.6 1.125 0.625 -14.8 0 3.75 -26

5 24 0 3.75 -26 -3 3.75 -22.8 0 6 -30 0 2.125 -22

5 24 0 6 -30 -3 3.75 -22.8 -3.609 6 -26 0 3.75 -26

5 24 0 6 -30 3.609 6 -26 3 3.75 -22.8 1 7 -30

5 24 -1 7 -30 -3.609 6 -26 -4.375 7 -26 0 6 -30

5 24 1.125 0.625 -14.8 0 0 -10 0 0.625 -16 1.938 0.625 -13.6

5 24 -1.125 0.625 -14.8 0 0 -10 -1.938 0.625 -13.6 0 0.625 -16

5 24 -1.125 0.625 -14.8 0 0.625 -16 0 0 -10 -2.25 2.125 -19.6

5 24 1.125 0.625 -14.8 1.938 0.625 -13.6 0 0 -10 2.25 2.125 -19.6

5 24 -1.938 0.625 -13.6 -1.125 0.625 -14.8 0 0 -10 -3.875 2.125 -17.2

5 24 1.938 0.625 -13.6 2.688 0.625 -11.8 0 0 -10 3.875 2.125 -17.2

5 24 -1.938 0.625 -13.6 -3.875 2.125 -17.2 -2.25 2.125 -19.6 -2.688 0.625 -11.8

5 24 1.938 0.625 -13.6 3.875 2.125 -17.2 5.375 2.125 -13.6 1.125 0.625 -14.8

5 24 10 7 -10 8.622 6 -16 9.063 7 -16 9.625 6 -10

5 24 -2.25 2.125 -19.6 0 2.125 -22 0 0.625 -16 -3 3.75 -22.8

5 24 2.25 2.125 -19.6 1.125 0.625 -14.8 0 0.625 -16 3.875 2.125 -17.2

5 24 -2.25 2.125 -19.6 -1.125 0.625 -14.8 -1.938 0.625 -13.6 0 2.125 -22

5 24 2.25 2.125 -19.6 3.875 2.125 -17.2 1.938 0.625 -13.6 3 3.75 -22.8

5 24 2.688 0.625 -11.8 0 0 -10 1.938 0.625 -13.6 3 0.625 -10

5 24 -2.688 0.625 -11.8 0 0 -10 -3 0.625 -10 -1.938 0.625 -13.6

5 24 -2.688 0.625 -11.8 -1.938 0.625 -13.6 0 0 -10 -5.375 2.125 -13.6

5 24 2.688 0.625 -11.8 3 0.625 -10 0 0 -10 5.375 2.125 -13.6

5 24 -3 0.625 -10 -2.688 0.625 -11.8 0 0 -10 -6 2.125 -10

5 24 3 3.75 -22.8 0 3.75 -26 0 6 -30 2.25 2.125 -19.6

5 24 3 3.75 -22.8 0 6 -30 3.609 6 -26 0 3.75 -26

5 24 3 3.75 -22.8 2.25 2.125 -19.6 0 2.125 -22 5.167 3.75 -19.6

5 24 -3 3.75 -22.8 -2.25 2.125 -19.6 -3.875 2.125 -17.2 0 3.75 -26

5 24 -3 3.75 -22.8 -5.167 3.75 -19.6 -6.216 6 -22 -2.25 2.125 -19.6

5 24 3 3.75 -22.8 6.216 6 -22 5.167 3.75 -19.6 3.609 6 -26

5 24 -3.609 6 -26 0 6 -30 -3 3.75 -22.8 -1 7 -30

5 24 3.609 6 -26 1 7 -30 4.375 7 -26 0 6 -30

5 24 3.609 6 -26 3 3.75 -22.8 0 6 -30 6.216 6 -22

5 24 -3.609 6 -26 -3 3.75 -22.8 -6.216 6 -22 0 6 -30

5 24 -3.609 6 -26 -6.216 6 -22 -6.813 7 -22 -3 3.75 -22.8

5 24 3.609 6 -26 6.813 7 -22 6.216 6 -22 4.375 7 -26

5 24 -3.875 2.125 -17.2 -2.25 2.125 -19.6 -1.125 0.625 -14.8 -5.167 3.75 -19.6

5 24 -3.875 2.125 -17.2 -5.167 3.75 -19.6 -3 3.75 -22.8 -5.375 2.125 -13.6

5 24 3.875 2.125 -17.2 5.167 3.75 -19.6 7.167 3.75 -14.8 2.25 2.125 -19.6

5 24 3.875 2.125 -17.2 5.375 2.125 -13.6 2.688 0.625 -11.8 5.167 3.75 -19.6

5 24 4.375 7 -26 3.609 6 -26 1 7 -30 6.813 7 -22

5 24 -4.375 7 -26 -3.609 6 -26 -6.813 7 -22 -1 7 -30

5 24 -4.375 7 -26 -4.375 8 -26 -1 8 -30 -6.813 7 -22

5 24 4.375 7 -26 4.375 8 -26 6.813 8 -22 1 7 -30

5 24 5.167 3.75 -19.6 3 3.75 -22.8 6.216 6 -22 3.875 2.125 -17.2

5 24 -5.167 3.75 -19.6 -6.216 6 -22 -3 3.75 -22.8 -7.167 3.75 -14.8

5 24 5.167 3.75 -19.6 6.216 6 -22 7.167 3.75 -14.8 3 3.75 -22.8

5 24 -5.167 3.75 -19.6 -7.167 3.75 -14.8 -6.216 6 -22 -3.875 2.125 -17.2

5 24 5.375 2.125 -13.6 2.688 0.625 -11.8 1.938 0.625 -13.6 6 2.125 -10

5 24 -5.375 2.125 -13.6 -2.688 0.625 -11.8 -3 0.625 -10 -3.875 2.125 -17.2

5 24 -5.375 2.125 -13.6 -3.875 2.125 -17.2 -1.938 0.625 -13.6 -7.167 3.75 -14.8

5 24 5.375 2.125 -13.6 6 2.125 -10 3 0.625 -10 7.167 3.75 -14.8

5 24 -6 2.125 -10 -5.375 2.125 -13.6 -2.688 0.625 -11.8 -8 3.75 -10

5 24 -6.216 6 -22 -3 3.75 -22.8 -5.167 3.75 -19.6 -3.609 6 -26

5 24 6.216 6 -22 3.609 6 -26 6.813 7 -22 3 3.75 -22.8

5 24 -6.216 6 -22 -6.813 7 -22 -3.609 6 -26 -8.622 6 -16

5 24 6.216 6 -22 6.813 7 -22 8.622 6 -16 3.609 6 -26

5 24 -6.216 6 -22 -7.167 3.75 -14.8 -8.622 6 -16 -5.167 3.75 -19.6

5 24 6.216 6 -22 8.622 6 -16 7.167 3.75 -14.8 6.813 7 -22

5 24 -6.813 7 -22 -3.609 6 -26 -6.216 6 -22 -4.375 7 -26

5 24 -6.813 7 -22 -8.622 6 -16 -9.063 7 -16 -6.216 6 -22

5 24 6.813 8 -22 6.813 7 -22 4.375 7 -26 9.063 8 -16

5 24 -6.813 8 -22 -6.813 7 -22 -9.063 7 -16 -4.375 8 -26

5 24 7.167 3.75 -14.8 5.167 3.75 -19.6 6.216 6 -22 5.375 2.125 -13.6

5 24 7.167 3.75 -14.8 5.375 2.125 -13.6 3.875 2.125 -17.2 8 3.75 -10

5 24 -7.167 3.75 -14.8 -5.375 2.125 -13.6 -6 2.125 -10 -5.167 3.75 -19.6

5 24 7.167 3.75 -14.8 6.216 6 -22 8.622 6 -16 5.167 3.75 -19.6

5 24 -7.167 3.75 -14.8 -8 3.75 -10 -9.625 6 -10 -5.375 2.125 -13.6

5 24 8 3.75 -10 7.167 3.75 -14.8 9.625 6 -10 6 2.125 -10

5 24 -8.622 6 -16 -10 7 -10 -9.063 7 -16 -9.625 6 -10

5 24 -8.622 6 -16 -6.216 6 -22 -7.167 3.75 -14.8 -6.813 7 -22

5 24 8.622 6 -16 6.813 7 -22 9.063 7 -16 6.216 6 -22

5 24 8.622 6 -16 7.167 3.75 -14.8 6.216 6 -22 9.625 6 -10

5 24 -8.622 6 -16 -7.167 3.75 -14.8 -9.625 6 -10 -6.216 6 -22

5 24 -8.622 6 -16 -9.625 6 -10 -10 7 -10 -7.167 3.75 -14.8

5 24 -9.063 7 -16 -8.622 6 -16 -10 7 -10 -6.813 7 -22

5 24 9.063 7 -16 8.622 6 -16 6.813 7 -22 10 7 -10

5 24 9.063 7 -16 9.063 8 -16 10 8 -10 6.813 7 -22

5 24 -9.063 7 -16 -9.063 8 -16 -6.813 8 -22 -10 7 -10

5 24 9.625 6 -10 8.622 6 -16 10 7 -10 7.167 3.75 -14.8



0 // Tooth inner surface

2 24 0 5 -10 0 5.313 -14.8

2 24 0 5 -10 3.6 6.063 -10

2 24 0 5 -10 -3.6 6.063 -10

2 24 0 6.063 -19.6 0 5.313 -14.8

2 24 0 6.063 -19.6 0 6.875 -22.8

2 24 0 8 -26 0 6.875 -22.8

2 24 0 8 -26 2.25 8 -22.8

2 24 0 8 -26 -2.25 8 -22.8

2 24 3.875 8 -19.6 2.25 8 -22.8

2 24 -3.875 8 -19.6 -2.25 8 -22.8

2 24 3.875 8 -19.6 5.375 8 -14.8

2 24 -3.875 8 -19.6 -5.375 8 -14.8

2 24 6 8 -10 3.6 6.063 -10

2 24 -6 8 -10 -3.6 6.063 -10

2 24 6 8 -10 5.375 8 -14.8

2 24 -6 8 -10 -5.375 8 -14.8

3 16 0 8 -26 -2.25 8 -22.8 -1.349 7.274 -22.8

3 16 -1 8 -30 0 8 -26 1 8 -30

3 16 -1.349 7.274 -22.8 0 6.875 -22.8 0 8 -26

3 16 1.349 7.274 -22.8 2.25 8 -22.8 0 8 -26

3 16 0 5 -10 -3.6 6.063 -10 3.6 6.063 -10

3 16 0 8 -26 0 6.875 -22.8 1.349 7.274 -22.8

4 16 0 5 -10 0 5.313 -14.8 -3.225 6.265 -14.8 -3.6 6.063 -10

4 16 0 5 -10 3.6 6.063 -10 3.225 6.265 -14.8 0 5.313 -14.8

4 16 0 6.063 -19.6 0 5.313 -14.8 3.225 6.265 -14.8 2.325 6.749 -19.6

4 16 0 6.063 -19.6 0 6.875 -22.8 -1.349 7.274 -22.8 -2.325 6.749 -19.6

4 16 0 6.063 -19.6 2.325 6.749 -19.6 1.349 7.274 -22.8 0 6.875 -22.8

4 16 0 6.063 -19.6 -2.325 6.749 -19.6 -3.225 6.265 -14.8 0 5.313 -14.8

4 16 1 8 -30 0 8 -26 2.25 8 -22.8 4.375 8 -26

4 16 -1 8 -30 -4.375 8 -26 -2.25 8 -22.8 0 8 -26

4 16 -10 8 -10 -6 8 -10 -5.375 8 -14.8 -9.063 8 -16

4 16 10 8 -10 9.063 8 -16 5.375 8 -14.8 6 8 -10

4 16 3.875 8 -19.6 2.25 8 -22.8 1.349 7.274 -22.8 2.325 6.749 -19.6

4 16 -3.875 8 -19.6 -2.325 6.749 -19.6 -1.349 7.274 -22.8 -2.25 8 -22.8

4 16 3.875 8 -19.6 2.325 6.749 -19.6 3.225 6.265 -14.8 5.375 8 -14.8

4 16 -3.875 8 -19.6 -5.375 8 -14.8 -3.225 6.265 -14.8 -2.325 6.749 -19.6

4 16 -6 8 -10 -3.6 6.063 -10 -3.225 6.265 -14.8 -5.375 8 -14.8

4 16 6 8 -10 5.375 8 -14.8 3.225 6.265 -14.8 3.6 6.063 -10

4 16 -6 8 -10 6 8 -10 3.6 6.063 -10 -3.6 6.063 -10

4 16 -6.813 8 -22 -3.875 8 -19.6 -2.25 8 -22.8 -4.375 8 -26

4 16 6.813 8 -22 3.875 8 -19.6 5.375 8 -14.8 9.063 8 -16

4 16 6.813 8 -22 4.375 8 -26 2.25 8 -22.8 3.875 8 -19.6

4 16 -6.813 8 -22 -9.063 8 -16 -5.375 8 -14.8 -3.875 8 -19.6

5 24 -1.349 7.274 -22.8 0 8 -26 -2.25 8 -22.8 0 6.875 -22.8

5 24 1.349 7.274 -22.8 0 8 -26 0 6.875 -22.8 2.25 8 -22.8

5 24 3.225 6.265 -14.8 0 5.313 -14.8 0 5 -10 2.325 6.749 -19.6

5 24 -1.349 7.274 -22.8 0 6.875 -22.8 0 8 -26 -2.325 6.749 -19.6

5 24 2.325 6.749 -19.6 0 6.063 -19.6 0 5.313 -14.8 1.349 7.274 -22.8

5 24 0 6.875 -22.8 1.349 7.274 -22.8 0 8 -26 0 6.063 -19.6

5 24 -2.325 6.749 -19.6 0 6.063 -19.6 0 6.875 -22.8 -3.225 6.265 -14.8

5 24 0 5.313 -14.8 -3.225 6.265 -14.8 -3.6 6.063 -10 0 6.063 -19.6

5 24 1.349 7.274 -22.8 2.25 8 -22.8 0 8 -26 2.325 6.749 -19.6

5 24 2.325 6.749 -19.6 1.349 7.274 -22.8 0 6.875 -22.8 3.875 8 -19.6

5 24 -1.349 7.274 -22.8 -2.325 6.749 -19.6 0 6.063 -19.6 -2.25 8 -22.8

5 24 -2.25 8 -22.8 -1.349 7.274 -22.8 0 8 -26 -3.875 8 -19.6

5 24 2.325 6.749 -19.6 3.875 8 -19.6 2.25 8 -22.8 3.225 6.265 -14.8

5 24 3.225 6.265 -14.8 2.325 6.749 -19.6 0 6.063 -19.6 5.375 8 -14.8

5 24 -2.325 6.749 -19.6 -3.225 6.265 -14.8 0 5.313 -14.8 -3.875 8 -19.6

5 24 -3.875 8 -19.6 -2.325 6.749 -19.6 -1.349 7.274 -22.8 -5.375 8 -14.8

5 24 -3.225 6.265 -14.8 -3.6 6.063 -10 0 5 -10 -5.375 8 -14.8

5 24 -5.375 8 -14.8 -3.225 6.265 -14.8 -2.325 6.749 -19.6 -6 8 -10

5 24 3.225 6.265 -14.8 5.375 8 -14.8 3.875 8 -19.6 3.6 6.063 -10

5 24 3.6 6.063 -10 3.225 6.265 -14.8 0 5.313 -14.8 6 8 -10

0 NOFILE

0 FILE 3068b.dat
0 Tile  2 x  2 with Groove

0 Name: 3068b.dat

0 Author: Takeshi Takahashi [RainbowDolphin]

0 !LDRAW_ORG Part UPDATE 2024-06

0 !LICENSE Licensed under CC BY 4.0 : see CAreadme.txt



0 BFC CERTIFY CCW



0 !KEYWORDS BrickLink 3068



0 !HISTORY 2002-04-25 [PTadmin] Official Update 2002-02

0 !HISTORY 2004-07-26 [guyvivan] Made BFC Compliant

0 !HISTORY 2004-11-06 [PTadmin] Official Update 2004-04

0 !HISTORY 2007-06-13 [PTadmin] Header formatted for Contributor Agreement

0 !HISTORY 2008-07-01 [PTadmin] Official Update 2008-01

0 !HISTORY 2024-05-29 [RainbowDolphin] Total rewrite, original by Damien Guichard [BrickCaster]

0 !HISTORY 2024-07-29 [OrionP] Official Update 2024-06



1 16 0 0 0 1 0 0 0 1 0 0 0 1 s__3068bs01.dat

0 // Patternable surface

4 16 -20 0 -20 20 0 -20 20 0 20 -20 0 20

0 NOFILE

0 FILE s__3068bs01.dat
0 ~Tile  2 x  2 with Groove without Face

0 Name: s\3068bs01.dat

0 Author: Willy Tschager [Holly-Wood]

0 !LDRAW_ORG Subpart UPDATE 2024-03

0 !LICENSE Licensed under CC BY 4.0 : see CAreadme.txt



0 BFC CERTIFY CCW



0 !HISTORY 2002-04-02 [sbliss] Modified for BFC compliance

0 !HISTORY 2002-04-25 [PTadmin] Official Update 2002-02

0 !HISTORY 2007-08-30 [PTadmin] Header formatted for Contributor Agreement

0 !HISTORY 2008-07-01 [PTadmin] Official Update 2008-01

0 !HISTORY 2024-03-07 [Holly-Wood] Complete re-write, original by BrickCaster

0 !HISTORY 2024-04-28 [OrionP] Official Update 2024-03



1 16 0 0 0 20 0 0 0 7 0 0 0 20 box4.dat

1 16 0 7 0 19 0 0 0 1 0 0 0 19 box4.dat

0 BFC INVERTNEXT

1 16 0 4 0 16 0 0 0 4 0 0 0 16 box4.dat

1 16 0 4 0 1 0 0 0 -1 0 0 0 1 stud4.dat

1 16 0 4 0 6 0 0 0 -1 0 0 0 6 4-4disc.dat

1 16 0 4 0 8 0 0 0 -1 0 0 0 8 4-4ndis.dat



4 16 -19 7 -19 19 7 -19 20 7 -20 -20 7 -20

4 16 20 7 -20 19 7 -19 19 7 19 20 7 20

4 16 20 7 20 19 7 19 -19 7 19 -20 7 20

4 16 -20 7 20 -19 7 19 -19 7 -19 -20 7 -20



4 16 -16 8 -16 16 8 -16 19 8 -19 -19 8 -19

4 16 19 8 -19 16 8 -16 16 8 16 19 8 19

4 16 19 8 19 16 8 16 -16 8 16 -19 8 19

4 16 -19 8 19 -16 8 16 -16 8 -16 -19 8 -19



4 16 -8 4 -8 8 4 -8 16 4 -16 -16 4 -16

4 16 16 4 -16 8 4 -8 8 4 8 16 4 16

4 16 16 4 16 8 4 8 -8 4 8 -16 4 16

4 16 -16 4 16 -8 4 8 -8 4 -8 -16 4 -16

0 NOFILE

0 FILE 4-4ndis.dat
0 Disc Negative 1.0

0 Name: 4-4ndis.dat

0 Author: James Jessiman

0 !LDRAW_ORG Primitive UPDATE 2012-01

0 !LICENSE Licensed under CC BY 4.0 : see CAreadme.txt



0 BFC CERTIFY CCW



0 !HISTORY 2002-03-23 [sbliss] Added BFC statement; compacted code

0 !HISTORY 2002-04-25 [PTadmin] Official Update 2002-02

0 !HISTORY 2007-06-24 [PTadmin] Header formatted for Contributor Agreement

0 !HISTORY 2008-07-01 [PTadmin] Official Update 2008-01

0 !HISTORY 2012-02-16 [Philo] Changed to CCW

0 !HISTORY 2012-03-30 [PTadmin] Official Update 2012-01





3 16 0.9239 0 0.3827 1 0 0 1 0 1

3 16 0.7071 0 0.7071 0.9239 0 0.3827 1 0 1

3 16 0.3827 0 0.9239 0.7071 0 0.7071 1 0 1

3 16 0 0 1 0.3827 0 0.9239 1 0 1

3 16 -0.3827 0 0.9239 0 0 1 -1 0 1

3 16 -0.7071 0 0.7071 -0.3827 0 0.9239 -1 0 1

3 16 -0.9239 0 0.3827 -0.7071 0 0.7071 -1 0 1

3 16 -1 0 0 -0.9239 0 0.3827 -1 0 1

3 16 -0.9239 0 -0.3827 -1 0 0 -1 0 -1

3 16 -0.7071 0 -0.7071 -0.9239 0 -0.3827 -1 0 -1

3 16 -0.3827 0 -0.9239 -0.7071 0 -0.7071 -1 0 -1

3 16 0 0 -1 -0.3827 0 -0.9239 -1 0 -1

3 16 0.3827 0 -0.9239 0 0 -1 1 0 -1

3 16 0.7071 0 -0.7071 0.3827 0 -0.9239 1 0 -1

3 16 0.9239 0 -0.3827 0.7071 0 -0.7071 1 0 -1

3 16 1 0 0 0.9239 0 -0.3827 1 0 -1

0 NOFILE

0 FILE stud4.dat
0 Stud Tube Open

0 Name: stud4.dat

0 Author: James Jessiman

0 !LDRAW_ORG Primitive UPDATE 2009-02

0 !LICENSE Licensed under CC BY 4.0 : see CAreadme.txt



0 BFC CERTIFY CCW



0 !HISTORY 1999-07-05 [PTadmin] Official Update 1999-05

0 !HISTORY 2002-04-04 [sbliss] Modified for BFC compliance

0 !HISTORY 2002-04-25 [PTadmin] Official Update 2002-02

0 !HISTORY 2007-06-24 [PTadmin] Header formatted for Contributor Agreement

0 !HISTORY 2008-07-01 [PTadmin] Official Update 2008-01

0 !HISTORY 2009-06-21 [cwdee] Update ring references to 4-4ring

0 !HISTORY 2009-09-03 [PTadmin] Official Update 2009-02





1 16 0 -4 0 6 0 0 0 1 0 0 0 6 4-4edge.dat

1 16 0 -4 0 8 0 0 0 1 0 0 0 8 4-4edge.dat

1 16 0 0 0 6 0 0 0 1 0 0 0 6 4-4edge.dat

1 16 0 0 0 8 0 0 0 1 0 0 0 8 4-4edge.dat

0 BFC INVERTNEXT

1 16 0 -4 0 6 0 0 0 4 0 0 0 6 4-4cyli.dat

1 16 0 -4 0 8 0 0 0 4 0 0 0 8 4-4cyli.dat

1 16 0 -4 0 2 0 0 0 1 0 0 0 2 4-4ring3.dat

0

0 NOFILE

0 FILE 4-4ring3.dat
0 Ring  3 x 1.0

0 Name: 4-4ring3.dat

0 Author: James Jessiman

0 !LDRAW_ORG Primitive UPDATE 2009-01

0 !LICENSE Licensed under CC BY 4.0 : see CAreadme.txt



0 BFC CERTIFY CCW



0 !HISTORY 1998-12-15 [PTadmin] Official Update 1998-10

0 !HISTORY 2002-04-05 [hafhead] Added BFC statement

0 !HISTORY 2002-04-25 [PTadmin] Official Update 2002-02

0 !HISTORY 2007-06-24 [PTadmin] Header formatted for Contributor Agreement

0 !HISTORY 2008-07-01 [PTadmin] Official Update 2008-01

0 !HISTORY 2008-08-26 [cwdee] Switch polygon winding and rename

0 !HISTORY 2009-05-02 [PTadmin] Official Update 2009-01





4 16 -1.5308 0 3.6956 -1.1481 0 2.7717 0 0 3 0 0 4

4 16 -2.8284 0 2.8284 -2.1213 0 2.1213 -1.1481 0 2.7717 -1.5308 0 3.6956

4 16 -3.6956 0 1.5308 -2.7717 0 1.1481 -2.1213 0 2.1213 -2.8284 0 2.8284

4 16 -4 0 0 -3 0 0 -2.7717 0 1.1481 -3.6956 0 1.5308

4 16 -3.6956 0 -1.5308 -2.7717 0 -1.1481 -3 0 0 -4 0 0

4 16 -2.8284 0 -2.8284 -2.1213 0 -2.1213 -2.7717 0 -1.1481 -3.6956 0 -1.5308

4 16 -1.5308 0 -3.6956 -1.1481 0 -2.7717 -2.1213 0 -2.1213 -2.8284 0 -2.8284

4 16 0 0 -4 0 0 -3 -1.1481 0 -2.7717 -1.5308 0 -3.6956

4 16 1.5308 0 -3.6956 1.1481 0 -2.7717 0 0 -3 0 0 -4

4 16 2.8284 0 -2.8284 2.1213 0 -2.1213 1.1481 0 -2.7717 1.5308 0 -3.6956

4 16 3.6956 0 -1.5308 2.7717 0 -1.1481 2.1213 0 -2.1213 2.8284 0 -2.8284

4 16 4 0 0 3 0 0 2.7717 0 -1.1481 3.6956 0 -1.5308

4 16 3.6956 0 1.5308 2.7717 0 1.1481 3 0 0 4 0 0

4 16 2.8284 0 2.8284 2.1213 0 2.1213 2.7717 0 1.1481 3.6956 0 1.5308

4 16 1.5308 0 3.6956 1.1481 0 2.7717 2.1213 0 2.1213 2.8284 0 2.8284

4 16 0 0 4 0 0 3 1.1481 0 2.7717 1.5308 0 3.6956

0

0 NOFILE

0 FILE box4.dat
0 Box with 4 Faces (2 Parallel Pairs) and All Edges

0 Name: box4.dat

0 Author: James Jessiman

0 !LDRAW_ORG Primitive UPDATE 2012-01

0 !LICENSE Licensed under CC BY 4.0 : see CAreadme.txt



0 BFC CERTIFY CCW



0 !HISTORY 2002-04-03 [sbliss] Modified for BFC compliance

0 !HISTORY 2002-04-25 [PTadmin] Official Update 2002-02

0 !HISTORY 2007-06-24 [PTadmin] Header formatted for Contributor Agreement

0 !HISTORY 2008-07-01 [PTadmin] Official Update 2008-01

0 !HISTORY 2012-02-16 [Philo] Changed to CCW

0 !HISTORY 2012-03-30 [PTadmin] Official Update 2012-01





2 24 1 1 1 -1 1 1

2 24 -1 1 1 -1 1 -1

2 24 -1 1 -1 1 1 -1

2 24 1 1 -1 1 1 1

2 24 1 0 1 -1 0 1

2 24 -1 0 1 -1 0 -1

2 24 -1 0 -1 1 0 -1

2 24 1 0 -1 1 0 1

2 24 1 0 1 1 1 1

2 24 -1 0 1 -1 1 1

2 24 1 0 -1 1 1 -1

2 24 -1 0 -1 -1 1 -1

4 16 -1 1 1 -1 0 1 1 0 1 1 1 1

4 16 -1 1 -1 -1 0 -1 -1 0 1 -1 1 1

4 16 1 1 -1 1 0 -1 -1 0 -1 -1 1 -1

4 16 1 1 1 1 0 1 1 0 -1 1 1 -1

0 NOFILE

0 FILE 3623.dat
0 Plate  1 x  3

0 Name: 3623.dat

0 Author: James Jessiman

0 !LDRAW_ORG Part UPDATE 2017-01

0 !LICENSE Licensed under CC BY 4.0 : see CAreadme.txt



0 BFC CERTIFY CCW



0 !HISTORY 2003-06-08 [jriley] BFC compliant

0 !HISTORY 2003-12-19 [PTadmin] Official Update 2003-03

0 !HISTORY 2007-06-25 [PTadmin] Header formatted for Contributor Agreement

0 !HISTORY 2008-07-01 [PTadmin] Official Update 2008-01

0 !HISTORY 2017-04-02 [Sirio] Introduced use of subpart

0 !HISTORY 2017-12-30 [PTadmin] Official Update 2017-01





1 16 0 0 0 1 0 0 0 1 0 0 0 1 s__3623s01.dat

4 16 -30 8 -10 30 8 -10 30 0 -10 -30 0 -10

0 NOFILE

0 FILE s__3623s01.dat
0 ~Plate  1 x  3 without Front Face

0 Name: s\3623s01.dat

0 Author: Massimo Maso [Sirio]

0 !LDRAW_ORG Subpart UPDATE 2017-01

0 !LICENSE Licensed under CC BY 4.0 : see CAreadme.txt



0 BFC CERTIFY CCW



0 !HISTORY 2017-12-30 [PTadmin] Official Update 2017-01





1 16 10 4 0 1 0 0 0 -1 0 0 0 1 stud3.dat

1 16 -10 4 0 1 0 0 0 -1 0 0 0 1 stud3.dat

0 BFC INVERTNEXT

1 16 0 8 0 26 0 0 0 -4 0 0 0 6 box5.dat

4 16 30 8 10 26 8 6 -26 8 6 -30 8 10

4 16 -30 8 10 -26 8 6 -26 8 -6 -30 8 -10

4 16 -30 8 -10 -26 8 -6 26 8 -6 30 8 -10

4 16 30 8 -10 26 8 -6 26 8 6 30 8 10

1 16 0 8 0 30 0 0 0 -8 0 0 0 10 box4t.dat

1 16 0 0 0 1 0 0 0 1 0 0 0 1 stug-1x3.dat

0 NOFILE

0 FILE stug-1x3.dat
0 Stud Group  1 x  3

0 Name: stug-1x3.dat

0 Author: Steffen [Steffen]

0 !LDRAW_ORG Primitive UPDATE 2012-01

0 !LICENSE Licensed under CC BY 4.0 : see CAreadme.txt



0 BFC CERTIFY CCW



0 !HISTORY 2012-03-30 [PTadmin] Official Update 2012-01





1 16 -20 0 0 1 0 0 0 1 0 0 0 1 stud.dat

1 16 0 0 0 1 0 0 0 1 0 0 0 1 stud.dat

1 16 20 0 0 1 0 0 0 1 0 0 0 1 stud.dat

0 NOFILE

0 FILE box4t.dat
0 Box with 4 Adjacent Faces and All Edges

0 Name: box4t.dat

0 Author: Tore Eriksson [Tore_Eriksson]

0 !LDRAW_ORG Primitive UPDATE 2003-02

0 !LICENSE Licensed under CC BY 4.0 : see CAreadme.txt



0 BFC CERTIFY CCW



0 !HISTORY 1997-09-29 [PTadmin] Official Update 1997-15

0 !HISTORY 2002-08-31 [izanette] Modified with WINDZ for BFC compliance

0 !HISTORY 2003-08-01 [PTadmin] Official Update 2003-02

0 !HISTORY 2007-06-24 [PTadmin] Header formatted for Contributor Agreement

0 !HISTORY 2008-07-01 [PTadmin] Official Update 2008-01





2 24 1 1 1 -1 1 1

2 24 -1 1 1 -1 1 -1

2 24 -1 1 -1 1 1 -1

2 24 1 1 -1 1 1 1

2 24 1 0 1 -1 0 1

2 24 -1 0 1 -1 0 -1

2 24 -1 0 -1 1 0 -1

2 24 1 0 -1 1 0 1

2 24 1 0 1 1 1 1

2 24 -1 0 1 -1 1 1

2 24 1 0 -1 1 1 -1

2 24 -1 0 -1 -1 1 -1

4 16 1 1 1 1 1 -1 -1 1 -1 -1 1 1

4 16 1 1 1 -1 1 1 -1 0 1 1 0 1

4 16 -1 1 1 -1 1 -1 -1 0 -1 -1 0 1

0 // 4 16 -1 1 -1 -1 0 -1 1 0 -1 1 1 -1

4 16 1 1 -1 1 1 1 1 0 1 1 0 -1

0

0 NOFILE

0 FILE 63864.dat
0 Tile  1 x  3

0 Name: 63864.dat

0 Author: Tim Gould [timgould]

0 !LDRAW_ORG Part UPDATE 2019-01

0 !LICENSE Licensed under CC BY 4.0 : see CAreadme.txt



0 BFC CERTIFY CCW



0 !HISTORY 2010-04-05 [PTadmin] Official Update 2010-01

0 !HISTORY 2019-06-28 [PTadmin] Official Update 2019-01

0 !HISTORY 2019-07-03 [UR] Subpart Integration





4 16 -30 0 -10 30 0 -10 30 0 10 -30 0 10

1 16 0 0 0 1 0 0 0 1 0 0 0 1 s__63864s01.dat

0 NOFILE

0 FILE s__63864s01.dat
0 ~Tile  1 x  3 without Top Face

0 Name: s\63864s01.dat

0 Author: Ulrich Röder [UR]

0 !LDRAW_ORG Subpart UPDATE 2019-01

0 !LICENSE Licensed under CC BY 4.0 : see CAreadme.txt



0 BFC CERTIFY CCW



0 !HISTORY 2019-06-28 [PTadmin] Official Update 2019-01





1 16 0 0 0 30 0 0 0 7 0 0 0 10 box4.dat

1 16 0 7 0 29 0 0 0 1 0 0 0 9 box4.dat

0 BFC INVERTNEXT

1 16 0 8 0 -26 0 0 0 -4 0 0 0 6 box5.dat

1 16 10 4 0 1 0 0 0 -1 0 0 0 1 stud3.dat

1 16 -10 4 0 1 0 0 0 -1 0 0 0 1 stud3.dat

4 16 -30 7 -10 -29 7 -9 29 7 -9 30 7 -10

4 16 30 7 10 29 7 9 -29 7 9 -30 7 10

4 16 -30 7 -10 -30 7 10 -29 7 9 -29 7 -9

4 16 30 7 10 30 7 -10 29 7 -9 29 7 9

4 16 -29 8 -9 -26 8 -6 26 8 -6 29 8 -9

4 16 29 8 9 26 8 6 -26 8 6 -29 8 9

4 16 -29 8 -9 -29 8 9 -26 8 6 -26 8 -6

4 16 29 8 9 29 8 -9 26 8 -6 26 8 6

0 NOFILE

0 FILE 11477.dat
0 Slope Brick Curved  2 x  1

0 Name: 11477.dat

0 Author: Owen Burgoyne [C3POwen]

0 !LDRAW_ORG Part UPDATE 2013-01

0 !LICENSE Licensed under CC BY 4.0 : see CAreadme.txt



0 BFC CERTIFY CCW



0 !HISTORY 2013-07-21 [PTadmin] Official Update 2013-01





1 16 0 0 0 1 0 0 0 1 0 0 0 1 s__11477s01.dat

1 16 10 24.972 20 0 -20 0 -28.9719 0 -28.9719 -40 0 40 48__1-8cyli.dat

0 NOFILE

0 FILE 48__1-8cyli.dat
0 Hi-Res Cylinder 0.125

0 Name: 48\1-8cyli.dat

0 Author: Steve Bliss [sbliss]

0 !LDRAW_ORG 48_Primitive UPDATE 2004-04

0 !LICENSE Licensed under CC BY 4.0 : see CAreadme.txt



0 BFC CERTIFY CCW



0 !HISTORY 2000-05-07 [PTadmin] Official Update 2000-01

0 !HISTORY 2004-10-12 [sbliss] fixed title, BFC'ed

0 !HISTORY 2004-11-06 [PTadmin] Official Update 2004-04

0 !HISTORY 2007-06-24 [PTadmin] Header formatted for Contributor Agreement

0 !HISTORY 2008-07-01 [PTadmin] Official Update 2008-01





5 24 1 0 0 1 1 0 0.9914 0 0.1305 1 0 -1

5 24 0.9914 0 0.1305 0.9914 1 0.1305 0.9659 0 0.2588 1 0 0

5 24 0.9659 0 0.2588 0.9659 1 0.2588 0.9239 0 0.3827 0.9914 0 0.1305

5 24 0.9239 0 0.3827 0.9239 1 0.3827 0.8660 0 0.5000 0.9659 0 0.2588

5 24 0.8660 0 0.5000 0.8660 1 0.5000 0.7934 0 0.6088 0.9239 0 0.3827

5 24 0.7934 0 0.6088 0.7934 1 0.6088 0.7071 0 0.7071 0.8660 0 0.5000

5 24 0.7071 0 0.7071 0.7071 1 0.7071 0.6088 0 0.7934 0.7934 0 0.6088



4 16 0.9914 1 0.1305 0.9914 0 0.1305 1 0 0 1 1 0

4 16 0.9659 1 0.2588 0.9659 0 0.2588 0.9914 0 0.1305 0.9914 1 0.1305

4 16 0.9239 1 0.3827 0.9239 0 0.3827 0.9659 0 0.2588 0.9659 1 0.2588

4 16 0.8660 1 0.5000 0.8660 0 0.5000 0.9239 0 0.3827 0.9239 1 0.3827

4 16 0.7934 1 0.6088 0.7934 0 0.6088 0.8660 0 0.5000 0.8660 1 0.5000

4 16 0.7071 1 0.7071 0.7071 0 0.7071 0.7934 0 0.6088 0.7934 1 0.6088

0

0 NOFILE

0 FILE s__11477s01.dat
0 ~Slope Brick Curved  2 x  1 without Top Surface

0 Name: s\11477s01.dat

0 Author: Owen Burgoyne [C3POwen]

0 !LDRAW_ORG Subpart UPDATE 2023-01

0 !LICENSE Licensed under CC BY 4.0 : see CAreadme.txt



0 BFC CERTIFY CCW



0 !HISTORY 2013-07-21 [PTadmin] Official Update 2013-01

0 !HISTORY 2022-04-09 [MagFors] Unified left and right side, closed gap

0 !HISTORY 2023-03-05 [OrionP] Official Update 2023-01





1 16 0 -12 20 -10 0 0 0 0 -4 0 -1 0 rect.dat

4 16 6 -8 16 -6 -8 16 -10 -8 20 10 -8 20

4 16 -6 -8 16 -6 -8 0 -10 -8 0 -10 -8 20

4 16 10 -8 20 10 -8 0 6 -8 0 6 -8 16

2 24 -10 -8 20 -10 -8 0

2 24 10 -8 20 10 -8 0

2 24 -10 -8 0 -6 -8 0

2 24 10 -8 0 6 -8 0

0 BFC INVERTNEXT

1 16 0 -10 13 -6 0 0 0 -2 0 0 0 3 box2-7.dat

1 16 0 -8 8 -6 0 0 0 -1 0 0 0 8 recte3.dat

4 16 -6 -12 10 -6 -10 4 -6 -8 16 -6 -12 16

4 16 -6 -10 0 -6 -8 0 -6 -8 16 -6 -10 4

4 16 6 -8 16 6 -10 4 6 -12 10 6 -12 16

4 16 6 -10 4 6 -8 16 6 -8 0 6 -10 0

0 BFC INVERTNEXT

1 16 0 -12 10 0 0 -6 0 2 0 6 0 0 1-4cyls2.dat

0 BFC INVERTNEXT

1 16 0 -12 10 0 0 6 0 2 0 6 0 0 1-4cyls2.dat

1 16 0 -12 10 -6 0 0 0 -1 0 0 0 -6 2-4edge.dat

1 16 0 -12 10 -6 0 0 0 -1 0 0 0 -6 2-4chrd.dat

1 16 0 -12 10 -6 0 0 0 -1 2 0 0 -6 2-4edge.dat

1 16 0 -12 10 -6 0 0 0 -1 2 0 0 -6 2-4ndis.dat

2 24 -6 -12 10 -6 -10 4

2 24 6 -12 10 6 -10 4

2 24 -1.5 -10 4 -6 -10 4

2 24 1.5 -10 4 6 -10 4

0 BFC INVERTNEXT

1 16 -3.75 -9 2 -2.25 0 0 0 -1 0 0 0 -2 box2-9.dat

1 16 0 -10 2 1.5 0 0 0 2 0 0 0 2 box4-1.dat

0 BFC INVERTNEXT

1 16 3.75 -9 2 2.25 0 0 0 -1 0 0 0 -2 box2-9.dat

1 16 0 -4 0 10 0 0 0 0 4 0 -1 0 recte3.dat

3 16 -10 -8 0 -6 -8 0 -10 0 0

3 16 -10 0 0 -6 -8 0 -1.5 -8 0

3 16 1.5 -8 0 6 -8 0 10 0 0

4 16 -1.5 -8 0 1.5 -8 0 10 0 0 -10 0 0

3 16 10 0 0 6 -8 0 10 -8 0

4 16 -6 0 -4 -10 0 0 10 0 0 6 0 -4

4 16 -6 0 -16 -10 0 -20 -10 0 0 -6 0 -4

4 16 6 0 -16 10 0 -20 -10 0 -20 -6 0 -16

4 16 6 0 -4 10 0 0 10 0 -20 6 0 -16

1 16 0 0 -10 6 0 0 0 -1 0 0 0 -6 recte3.dat

1 16 0 0 -10 10 0 0 0 -1 0 0 0 -10 recte3.dat

3 16 -6 0 -4 -6 -7 -4 -6 -4 -10

3 16 6 -4 -10 6 -7 -4 6 0 -4

4 16 -6 0 -4 -6 -4 -10 -6 -2 -16 -6 0 -16

4 16 6 0 -16 6 -2 -16 6 -4 -10 6 0 -4

0 BFC INVERTNEXT

1 16 0 -2 -7 6 0 0 0 -1.5 -3.5 0 3 0 box2-5.dat

0 BFC INVERTNEXT

1 16 0 -4 -10 0 0 -6 0 2 0 6 0 0 1-4cyls2.dat

0 BFC INVERTNEXT

1 16 0 -4 -10 0 0 6 0 2 0 6 0 0 1-4cyls2.dat

1 16 0 -4 -10 -6 0 0 0 -1 0 0 0 -6 2-4edge.dat

1 16 0 -4 -10 -6 0 0 0 -1 0 0 0 -6 2-4chrd.dat

1 16 0 -4 -10 -6 0 0 0 -1 2 0 0 -6 2-4edge.dat

1 16 0 -4 -10 -6 0 0 0 -1 2 0 0 -6 2-4ndis.dat

2 24 -6 -2 -16 -6 -4 -10

2 24 6 -2 -16 6 -4 -10

1 16 0 -1 -16 -6 0 0 0 0 -1 0 -1 0 rect3.dat

1 16 0 -2 -20 10 0 0 0 0 -2 0 1 0 rect3.dat



0 // Sides

3 16 -10 -16 20 -10 -8 20 -10 -8 0

3 16 10 -16 20 10 -8 0 10 -8 20

4 16 -10 0 -20 -10 -4 -20 -10 -8 0 -10 0 0

4 16 10 0 0 10 -8 0 10 -4 -20 10 0 -20

3 16 -10 -4 -20 -10 -16 20 -10 -8 0

3 16 10 -8 0 10 -16 20 10 -4 -20

1 16 -10 24.972 20 0 1 0 -28.9719 0 -28.9719 -40 0 40 48__1-8chrd.dat

1 16 10 24.972 20 0 -1 0 -28.9719 0 -28.9719 -40 0 40 48__1-8chrd.dat

1 16 -10 24.972 20 0 1 0 -28.9719 0 -28.9719 -40 0 40 48__1-8edge.dat

1 16 10 24.972 20 0 1 0 -28.9719 0 -28.9719 -40 0 40 48__1-8edge.dat

0 NOFILE

0 FILE 48__1-8edge.dat
0 Hi-Res Circle 0.125

0 Name: 48\1-8edge.dat

0 Author: [PTadmin]

0 !LDRAW_ORG 48_Primitive UPDATE 2017-01

0 !LICENSE Licensed under CC BY 4.0 : see CAreadme.txt



0 BFC CERTIFY CCW



0 !HISTORY 2000-09-30 [PTadmin] Official Update 2000-02

0 !HISTORY 2007-10-13 [PTadmin] Header formatted for Contributor Agreement

0 !HISTORY 2008-07-01 [PTadmin] Official Update 2008-01

0 !HISTORY 2017-01-17 [Steffen] added BFC CERTIFY statement

0 !HISTORY 2017-12-30 [PTadmin] Official Update 2017-01





2 24 1 0 0 0.9914 0 0.1305

2 24 0.9914 0 0.1305 0.9659 0 0.2588

2 24 0.9659 0 0.2588 0.9239 0 0.3827

2 24 0.9239 0 0.3827 0.866 0 0.5

2 24 0.866 0 0.5 0.7934 0 0.6088

2 24 0.7934 0 0.6088 0.7071 0 0.7071

0 NOFILE

0 FILE 48__1-8chrd.dat
0 Hi-Res Chord 0.125

0 Name: 48\1-8chrd.dat

0 Author: Willy Tschager [Holly-Wood]

0 !LDRAW_ORG 48_Primitive UPDATE 2024-01

0 !LICENSE Licensed under CC BY 4.0 : see CAreadme.txt



0 BFC CERTIFY CCW



0 !HISTORY 2009-05-02 [PTadmin] Official Update 2009-01

0 !HISTORY 2024-01-04 [Holly-Wood] Complete re-write, original by guyvivan

0 !HISTORY 2024-01-29 [OrionP] Official Update 2024-01



0 // Vertices calculated by LDPartEditor (PrimGen 2.X)



4 16 .7071 0 .7071 1 0 0 .9914 0 .1305 .7934 0 .6088

4 16 .7934 0 .6088 .9914 0 .1305 .9659 0 .2588 .866 0 .5

3 16 .866 0 .5 .9659 0 .2588 .9239 0 .3827

0 NOFILE

0 FILE box2-5.dat
0 Box with 2 Faces without 5 Edges

0 Name: box2-5.dat

0 Author: Steffen [Steffen]

0 !LDRAW_ORG Primitive UPDATE 2003-03

0 !LICENSE Licensed under CC BY 4.0 : see CAreadme.txt



0 BFC CERTIFY CCW



0 !HISTORY 2003-12-19 [PTadmin] Official Update 2003-03

0 !HISTORY 2007-06-24 [PTadmin] Header formatted for Contributor Agreement

0 !HISTORY 2008-07-01 [PTadmin] Official Update 2008-01





2 24 1 1 1 -1 1 1

2 24 1 1 -1 -1 1 -1

2 24 1 -1 1 -1 -1 1

2 24 -1 -1 1 -1 1 1

2 24 1 -1 1 1 1 1

2 24 -1 1 -1 -1 1 1

2 24 1 1 -1 1 1 1

4 16 1 1 1 1 1 -1 -1 1 -1 -1 1 1

4 16 1 1 1 -1 1 1 -1 -1 1 1 -1 1

0

0 NOFILE

0 FILE box2-9.dat
0 Box with 2 Faces without 9 Edges

0 Name: box2-9.dat

0 Author: Mark Kennedy [mkennedy]

0 !LDRAW_ORG Primitive UPDATE 2010-01

0 !LICENSE Licensed under CC BY 4.0 : see CAreadme.txt



0 BFC CERTIFY CCW



0 !HISTORY 2010-04-05 [PTadmin] Official Update 2010-01





2 24 1 1 1 -1 1 1

2 24 1 -1 1 1 1 1

2 24 1 1 -1 1 1 1

4 16 1 1 1 1 1 -1 -1 1 -1 -1 1 1

4 16 1 1 1 -1 1 1 -1 -1 1 1 -1 1

0

0 NOFILE

0 FILE 1-4cyls2.dat
0 Cylinder Sloped 0.25 Convex

0 Name: 1-4cyls2.dat

0 Author: Chris Dee [cwdee]

0 !LDRAW_ORG Primitive UPDATE 2012-01

0 !LICENSE Licensed under CC BY 4.0 : see CAreadme.txt



0 BFC CERTIFY CCW



0 !HISTORY 1999-02-01 [PTadmin] Official Update 1999-01

0 !HISTORY 2002-07-03 [sbliss] Added BFC statement, reformatted title to fit 0.27 convention

0 !HISTORY 2002-08-18 [PTadmin] Official Update 2002-04

0 !HISTORY 2007-06-22 [PTadmin] Header formatted for Contributor Agreement

0 !HISTORY 2008-07-01 [PTadmin] Official Update 2008-01

0 !HISTORY 2012-02-16 [Philo] Changed to CCW

0 !HISTORY 2012-03-30 [PTadmin] Official Update 2012-01





3 16 -0.3827 0.3827 0.9239 -0.3827 0 0.9239 0 0 1

4 16 -0.3827 0.3827 0.9239 -0.7071 0.7071 0.7071 -0.7071 0 0.7071 -0.3827 0 0.9239

4 16 -0.7071 0.7071 0.7071 -0.9239 0.9239 0.3827 -0.9239 0 0.3827 -0.7071 0 0.7071

4 16 -0.9239 0.9239 0.3827 -1 1 0 -1 0 0 -0.9239 0 0.3827



5 24 -0.3827 0 0.9239 -0.3827 0.3827 0.9239 -0.7071 0 0.7071 0 0 1

5 24 -0.7071 0 0.7071 -0.7071 0.7071 0.7071 -0.9239 0 0.3827 -0.3827 0 0.9239

5 24 -0.9239 0 0.3827 -0.9239 0.9239 0.3827 -1 0 0 -0.7071 0 0.7071

5 24 -1 0 0 -1 1 0 -1 0 -1 -0.9239 0 0.3827

0 NOFILE

0 FILE recte3.dat
0 Rectangle Empty with 3 Edges

0 Name: recte3.dat

0 Author: Steffen [Steffen]

0 !LDRAW_ORG Primitive UPDATE 2011-01

0 !LICENSE Licensed under CC BY 4.0 : see CAreadme.txt



0 BFC CERTIFY CCW



0 !HISTORY 2011-07-25 [PTadmin] Official Update 2011-01





2 24 1 0 1 -1 0 1

2 24 -1 0 1 -1 0 -1

2 24 1 0 -1 1 0 1

0 NOFILE

0 FILE box2-7.dat
0 Box with  2 Faces without  7 Edges

0 Name: box2-7.dat

0 Author: Willy Tschager [Holly-Wood]

0 !LDRAW_ORG Primitive UPDATE 2024-01

0 !LICENSE Licensed under CC BY 4.0 : see CAreadme.txt



0 BFC CERTIFY CCW



0 !HISTORY 2009-05-02 [PTadmin] Official Update 2009-01

0 !HISTORY 2024-01-02 [Holly-Wood] Complete re-write, original by guyvivan

0 !HISTORY 2024-01-29 [OrionP] Official Update 2024-01



2 24 -1 1 -1 -1 1 1

2 24 1 1 1 1 1 -1

4 16 -1 1 1 1 1 1 1 1 -1 -1 1 -1



2 24 -1 1 1 -1 -1 1

2 24 1 1 1 1 -1 1

4 16 1 -1 1 1 1 1 -1 1 1 -1 -1 1



2 24 -1 1 1 1 1 1

0 NOFILE

0 FILE 3665b.dat
0 Slope Brick 45  2 x  1 Inverted with Inner Stopper Ring

0 Name: 3665b.dat

0 Author: Owen Burgoyne [C3POwen]

0 !LDRAW_ORG Part UPDATE 2018-02

0 !LICENSE Licensed under CC BY 4.0 : see CAreadme.txt



0 BFC CERTIFY CCW



0 !KEYWORDS BrickLink 3665, Rebrickable 3665



0 !HISTORY 2018-12-08 [PTadmin] Official Update 2018-02





1 16 0 0 0 1 0 0 0 1 0 0 0 1 s__3665bs01.dat

4 16 10 24 -10 10 4 -30 -10 4 -30 -10 24 -10

0 NOFILE

0 FILE s__3665bs01.dat
0 ~Slope Brick 45  2 x  1 Inverted with Inner Stopper Ring without Front Face

0 Name: s\3665bs01.dat

0 Author: Owen Burgoyne [C3POwen]

0 !LDRAW_ORG Subpart UPDATE 2018-02

0 !LICENSE Licensed under CC BY 4.0 : see CAreadme.txt



0 BFC CERTIFY CCW



0 !HISTORY 2018-12-08 [PTadmin] Official Update 2018-02





1 16 0 12 10 10 0 0 0 0 12 0 -1 0 rect3.dat

4 16 -10 24 10 -6 24 6 -6 24 -6.75 -10 24 -10

4 16 10 24 10 6 24 6 -6 24 6 -10 24 10

4 16 10 24 -10 6 24 -6.75 6 24 6 10 24 10

3 16 1.25 24 -6.75 6 24 -6.75 10 24 -10

4 16 -10 24 -10 -1.25 24 -6.75 1.25 24 -6.75 10 24 -10

3 16 -10 24 -10 -6 24 -6.75 -1.25 24 -6.75

0 BFC INVERTNEXT

1 16 0 14 -6 0 0 6 10 0 0 0 12 0 box3u4a.dat

0 BFC INVERTNEXT

1 16 -3.625 14 -6.375 0 -2.375 0 10 0 0 0 0 -0.375 box2-7.dat

1 16 0 14 -6.75 1.25 0 0 0 0 10 0 0.75 0 box4-2p.dat

0 BFC INVERTNEXT

1 16 3.625 14 -6.375 0 2.375 0 10 0 0 0 0 -0.375 box2-7.dat

4 16 -6 4 6 6 4 6 6 4 -6.75 -6 4 -6.75

1 16 0 24 0 10 0 0 0 1 0 0 0 -10 recte3.dat

4 16 -10 24 -10 -10 4 -30 -10 0 10 -10 24 10

3 16 -10 0 10 -10 4 -30 -10 0 -30

2 24 -10 4 -30 -10 24 -10

1 16 0 10 -10 0 0 -8 -10 0 0 0 1 0 rect2p.dat

4 16 -8 20 -10 -8 0 -10 -8 0 -26 -8 4 -26

0 BFC INVERTNEXT

1 16 0 10 -18 8 0 0 0 2 -8 0 0 -8 box2-5.dat

4 16 8 0 -26 8 0 -10 8 20 -10 8 4 -26

1 16 0 0 -18 8 0 0 0 1 0 0 0 8 recte3.dat

4 16 10 0 10 10 4 -30 10 24 -10 10 24 10

3 16 10 0 -30 10 4 -30 10 0 10

2 24 10 4 -30 10 24 -10

1 16 0 0 -10 10 0 0 0 1 0 0 0 20 recte3.dat

1 16 0 2 -30 10 0 0 0 0 2 0 1 0 rect.dat

4 16 -8 0 -26 -8 0 -10 -10 0 10 -10 0 -30

4 16 -8 0 -10 8 0 -10 10 0 10 -10 0 10

4 16 8 0 -10 8 0 -26 10 0 -30 10 0 10

4 16 8 0 -26 -8 0 -26 -10 0 -30 10 0 -30



1 16 0 0 0 0 0 1 0 1 0 -1 0 0 stud.dat

1 16 0 4 -20 0 0 1 0 6 0 -1 0 0 stud2s2.dat

1 16 0 0 -20 0 0 1 0 4 0 -1 0 0 stud2s2e.dat

1 16 0 0 -20 1 0 0 0 1 0 0 0 1 stud2a.dat

0 NOFILE

0 FILE stud2a.dat
0 Stud Open without Base Edges

0 Name: stud2a.dat

0 Author: James Jessiman

0 !LDRAW_ORG Primitive UPDATE 2009-02

0 !LICENSE Licensed under CC BY 4.0 : see CAreadme.txt



0 BFC CERTIFY CCW



0 !HISTORY 1999-07-05 [PTadmin] Official Update 1999-05

0 !HISTORY 2002-04-04 [sbliss] Modified for BFC compliance

0 !HISTORY 2002-04-25 [PTadmin] Official Update 2002-02

0 !HISTORY 2007-06-24 [PTadmin] Header formatted for Contributor Agreement

0 !HISTORY 2008-07-01 [PTadmin] Official Update 2008-01

0 !HISTORY 2009-06-21 [cwdee] Update ring references to 4-4ring

0 !HISTORY 2009-09-03 [PTadmin] Official Update 2009-02





1 16 0 -4 0 4 0 0 0 1 0 0 0 4 4-4edge.dat

1 16 0 -4 0 6 0 0 0 1 0 0 0 6 4-4edge.dat

0 BFC INVERTNEXT

1 16 0 -4 0 4 0 0 0 4 0 0 0 4 4-4cyli.dat

1 16 0 -4 0 6 0 0 0 4 0 0 0 6 4-4cyli.dat

1 16 0 -4 0 2 0 0 0 1 0 0 0 2 4-4ring2.dat

0

0 NOFILE

0 FILE 4-4ring2.dat
0 Ring  2 x 1.0

0 Name: 4-4ring2.dat

0 Author: James Jessiman

0 !LDRAW_ORG Primitive UPDATE 2009-01

0 !LICENSE Licensed under CC BY 4.0 : see CAreadme.txt



0 BFC CERTIFY CCW



0 !HISTORY 1998-12-15 [PTadmin] Official Update 1998-10

0 !HISTORY 2002-04-05 [hafhead] Added BFC statement

0 !HISTORY 2002-04-25 [PTadmin] Official Update 2002-02

0 !HISTORY 2007-06-24 [PTadmin] Header formatted for Contributor Agreement

0 !HISTORY 2008-07-01 [PTadmin] Official Update 2008-01

0 !HISTORY 2008-08-26 [cwdee] Switch polygon winding and rename

0 !HISTORY 2009-05-02 [PTadmin] Official Update 2009-01





4 16 -1.1481 0 2.7717 -0.7654 0 1.8478 0 0 2 0 0 3

4 16 -2.1213 0 2.1213 -1.4142 0 1.4142 -0.7654 0 1.8478 -1.1481 0 2.7717

4 16 -2.7717 0 1.1481 -1.8478 0 0.7654 -1.4142 0 1.4142 -2.1213 0 2.1213

4 16 -3 0 0 -2 0 0 -1.8478 0 0.7654 -2.7717 0 1.1481

4 16 -2.7717 0 -1.1481 -1.8478 0 -0.7654 -2 0 0 -3 0 0

4 16 -2.1213 0 -2.1213 -1.4142 0 -1.4142 -1.8478 0 -0.7654 -2.7717 0 -1.1481

4 16 -1.1481 0 -2.7717 -0.7654 0 -1.8478 -1.4142 0 -1.4142 -2.1213 0 -2.1213

4 16 0 0 -3 0 0 -2 -0.7654 0 -1.8478 -1.1481 0 -2.7717

4 16 1.1481 0 -2.7717 0.7654 0 -1.8478 0 0 -2 0 0 -3

4 16 2.1213 0 -2.1213 1.4142 0 -1.4142 0.7654 0 -1.8478 1.1481 0 -2.7717

4 16 2.7717 0 -1.1481 1.8478 0 -0.7654 1.4142 0 -1.4142 2.1213 0 -2.1213

4 16 3 0 0 2 0 0 1.8478 0 -0.7654 2.7717 0 -1.1481

4 16 2.7717 0 1.1481 1.8478 0 0.7654 2 0 0 3 0 0

4 16 2.1213 0 2.1213 1.4142 0 1.4142 1.8478 0 0.7654 2.7717 0 1.1481

4 16 1.1481 0 2.7717 0.7654 0 1.8478 1.4142 0 1.4142 2.1213 0 2.1213

4 16 0 0 3 0 0 2 0.7654 0 1.8478 1.1481 0 2.7717

0

0 NOFILE

0 FILE stud2s2e.dat
0 Open Stud Extension with 0.5 LDU Inner Stopper Ring

0 Name: stud2s2e.dat

0 Author: Owen Burgoyne [C3POwen]

0 !LDRAW_ORG Primitive UPDATE 2016-01

0 !LICENSE Licensed under CC BY 4.0 : see CAreadme.txt



0 BFC CERTIFY CCW



0 !HISTORY 2016-12-31 [PTadmin] Official Update 2016-01





0 BFC INVERTNEXT

1 16 0 0 0 3.5 0 0 0 1 0 0 0 3.5 4-4cyli.dat

1 16 0 0 0 3.5 0 0 0 1 0 0 0 3.5 4-4edge.dat

1 16 0 0 0 0.5 0 0 0 1 0 0 0 0.5 4-4ring7.dat

1 16 0 0 0 4 0 0 0 1 0 0 0 4 4-4edge.dat

1 16 0 0 0 6 0 0 0 1 0 0 0 6 4-4cyli.dat

0 NOFILE

0 FILE 4-4ring7.dat
0 Ring  7 x 1.0

0 Name: 4-4ring7.dat

0 Author: James Jessiman

0 !LDRAW_ORG Primitive UPDATE 2009-01

0 !LICENSE Licensed under CC BY 4.0 : see CAreadme.txt



0 BFC CERTIFY CCW



0 !HISTORY 1998-12-15 [PTadmin] Official Update 1998-10

0 !HISTORY 2002-04-05 [hafhead] Added BFC statement

0 !HISTORY 2002-04-25 [PTadmin] Official Update 2002-02

0 !HISTORY 2007-06-24 [PTadmin] Header formatted for Contributor Agreement

0 !HISTORY 2008-07-01 [PTadmin] Official Update 2008-01

0 !HISTORY 2008-08-26 [cwdee] Switch polygon winding and rename

0 !HISTORY 2009-05-02 [PTadmin] Official Update 2009-01





4 16 -3.0616 0 7.3912 -2.6789 0 6.4673 0 0 7 0 0 8

4 16 -5.6568 0 5.6568 -4.9497 0 4.9497 -2.6789 0 6.4673 -3.0616 0 7.3912

4 16 -7.3912 0 3.0616 -6.4673 0 2.6789 -4.9497 0 4.9497 -5.6568 0 5.6568

4 16 -8 0 0 -7 0 0 -6.4673 0 2.6789 -7.3912 0 3.0616

4 16 -7.3912 0 -3.0616 -6.4673 0 -2.6789 -7 0 0 -8 0 0

4 16 -5.6568 0 -5.6568 -4.9497 0 -4.9497 -6.4673 0 -2.6789 -7.3912 0 -3.0616

4 16 -3.0616 0 -7.3912 -2.6789 0 -6.4673 -4.9497 0 -4.9497 -5.6568 0 -5.6568

4 16 0 0 -8 0 0 -7 -2.6789 0 -6.4673 -3.0616 0 -7.3912

4 16 3.0616 0 -7.3912 2.6789 0 -6.4673 0 0 -7 0 0 -8

4 16 5.6568 0 -5.6568 4.9497 0 -4.9497 2.6789 0 -6.4673 3.0616 0 -7.3912

4 16 7.3912 0 -3.0616 6.4673 0 -2.6789 4.9497 0 -4.9497 5.6568 0 -5.6568

4 16 8 0 0 7 0 0 6.4673 0 -2.6789 7.3912 0 -3.0616

4 16 7.3912 0 3.0616 6.4673 0 2.6789 7 0 0 8 0 0

4 16 5.6568 0 5.6568 4.9497 0 4.9497 6.4673 0 2.6789 7.3912 0 3.0616

4 16 3.0616 0 7.3912 2.6789 0 6.4673 4.9497 0 4.9497 5.6568 0 5.6568

4 16 0 0 8 0 0 7 2.6789 0 6.4673 3.0616 0 7.3912

0

0 NOFILE

0 FILE stud2s2.dat
0 Stud Tube Open Sliced for Open Stud with Inner Stopper Ring

0 Name: stud2s2.dat

0 Author: Owen Burgoyne [C3POwen]

0 !LDRAW_ORG Primitive UPDATE 2016-01

0 !LICENSE Licensed under CC BY 4.0 : see CAreadme.txt



0 BFC CERTIFY CCW



0 !HISTORY 2016-12-31 [PTadmin] Official Update 2016-01





1 16 0 1 0 3.5 0 0 -0.58333 1 0 0 0 3.5 4-4edge.dat

0 BFC INVERTNEXT

1 16 0 0.41667 0 3.5 0 0 0 0.58333 0 0 0 3.5 4-4cyls.dat

0 BFC INVERTNEXT

1 16 0 0 0 3.5 0 0 0 0.41667 0 0 0 3.5 4-4cyli.dat

1 16 0 1 0 6 0 0 -1 1 0 0 0 6 4-4edge.dat

1 16 0 0 0 6 0 0 0 1 0 0 0 6 4-4cyls.dat

0 NOFILE

0 FILE 4-4cyls.dat
0 Cylinder Sloped 1.0

0 Name: 4-4cyls.dat

0 Author: Donald Sutter [technog]

0 !LDRAW_ORG Primitive UPDATE 2012-01

0 !LICENSE Licensed under CC BY 4.0 : see CAreadme.txt



0 BFC CERTIFY CCW



0 !HISTORY 2003-08-01 [PTadmin] Official Update 2003-02

0 !HISTORY 2007-06-24 [PTadmin] Header formatted for Contributor Agreement

0 !HISTORY 2008-07-01 [PTadmin] Official Update 2008-01

0 !HISTORY 2012-02-16 [Philo] Changed to CCW

0 !HISTORY 2012-03-30 [PTadmin] Official Update 2012-01





3 16 0.9239 0.0761 0.3827 0.9239 0 0.3827 1 0 0

5 24 0.9239 0 0.3827 0.9239 0.0761 0.3827 0.7071 0 0.7071 1 0 0

4 16 0.9239 0.0761 0.3827 0.7071 0.2929 0.7071 0.7071 0 0.7071 0.9239 0 0.3827

5 24 0.7071 0 0.7071 0.7071 0.2929 0.7071 0.3827 0 0.9239 0.9239 0 0.3827

4 16 0.7071 0.2929 0.7071 0.3827 0.6173 0.9239 0.3827 0 0.9239 0.7071 0 0.7071

5 24 0.3827 0 0.9239 0.3827 0.6173 0.9239 0 0 1 0.7071 0 0.7071

4 16 0.3827 0.6173 0.9239 0 1 1 0 0 1 0.3827 0 0.9239

5 24 0 0 1 0 1 1 -0.3827 0 0.9239 0.3827 0 0.9239

4 16 0 1 1 -0.3827 1.3827 0.9239 -0.3827 0 0.9239 0 0 1

5 24 -0.3827 0 0.9239 -0.3827 1.3827 0.9239 -0.7071 0 0.7071 0 0 1

4 16 -0.3827 1.3827 0.9239 -0.7071 1.7071 0.7071 -0.7071 0 0.7071 -0.3827 0 0.9239

5 24 -0.7071 0 0.7071 -0.7071 1.7071 0.7071 -0.9239 0 0.3827 -0.3827 0 0.9239

4 16 -0.7071 1.7071 0.7071 -0.9239 1.9239 0.3827 -0.9239 0 0.3827 -0.7071 0 0.7071

5 24 -0.9239 0 0.3827 -0.9239 1.9239 0.3827 -1 0 0 -0.7071 0 0.7071

4 16 -0.9239 1.9239 0.3827 -1 2 0 -1 0 0 -0.9239 0 0.3827

5 24 -1 0 0 -1 2 0 -0.9239 0 -0.3827 -0.9239 0 0.3827

4 16 -1 2 0 -0.9239 1.9239 -0.3827 -0.9239 0 -0.3827 -1 0 0

5 24 -0.9239 0 -0.3827 -0.9239 1.9239 -0.3827 -1 0 0 -0.7071 0 -0.7071

4 16 -0.9239 1.9239 -0.3827 -0.7071 1.7071 -0.7071 -0.7071 0 -0.7071 -0.9239 0 -0.3827

5 24 -0.7071 0 -0.7071 -0.7071 1.7071 -0.7071 -0.9239 0 -0.3827 -0.3827 0 -0.9239

4 16 -0.7071 1.7071 -0.7071 -0.3827 1.3827 -0.9239 -0.3827 0 -0.9239 -0.7071 0 -0.7071

5 24 -0.3827 0 -0.9239 -0.3827 1.3827 -0.9239 -0.7071 0 -0.7071 0 0 -1

4 16 -0.3827 1.3827 -0.9239 0 1 -1 0 0 -1 -0.3827 0 -0.9239

5 24 0 0 -1 0 1 -1 -0.3827 0 -0.9239 0.3827 0 -0.9239

4 16 0 1 -1 0.3827 0.6173 -0.9239 0.3827 0 -0.9239 0 0 -1

5 24 0.3827 0 -0.9239 0.3827 0.6173 -0.9239 0 0 -1 0.7071 0 -0.7071

4 16 0.3827 0.6173 -0.9239 0.7071 0.2929 -0.7071 0.7071 0 -0.7071 0.3827 0 -0.9239

5 24 0.7071 0 -0.7071 0.7071 0.2929 -0.7071 0.3827 0 -0.9239 0.9239 0 -0.3827

4 16 0.7071 0.2929 -0.7071 0.9239 0.0761 -0.3827 0.9239 0 -0.3827 0.7071 0 -0.7071

5 24 0.9239 0 -0.3827 0.9239 0.0761 -0.3827 0.7071 0 -0.7071 1 0 0

3 16 0.9239 0 -0.3827 0.9239 0.0761 -0.3827 1 0 0

0 NOFILE

0 FILE box4-2p.dat
0 Box with  4 Faces without  2 Parallel Edges

0 Name: box4-2p.dat

0 Author: Willy Tschager [Holly-Wood]

0 !LDRAW_ORG Primitive UPDATE 2024-01

0 !LICENSE Licensed under CC BY 4.0 : see CAreadme.txt



0 BFC CERTIFY CCW



0 !HISTORY 2009-05-02 [PTadmin] Official Update 2009-01

0 !HISTORY 2024-01-03 [Holly-Wood] Complete re-write, original by guyvivan

0 !HISTORY 2024-01-29 [OrionP] Official Update 2024-01



2 24 -1 1 -1 -1 1 1

2 24 1 1 1 1 1 -1

2 24 -1 1 1 1 1 1

2 24 -1 1 -1 1 1 -1

4 16 1 1 1 1 1 -1 -1 1 -1 -1 1 1



2 24 -1 0 -1 -1 1 -1

2 24 -1 0 -1 -1 0 1

4 16 -1 1 1 -1 1 -1 -1 0 -1 -1 0 1



2 24 1 0 -1 1 1 -1

2 24 1 0 1 1 0 -1

4 16 1 1 -1 1 1 1 1 0 1 1 0 -1



2 24 1 1 1 1 0 1

2 24 -1 1 1 -1 0 1

4 16 1 1 1 -1 1 1 -1 0 1 1 0 1

0 NOFILE

0 FILE 5404.dat
0 Slope Brick 18  2 x  1 x  0.667

0 Name: 5404.dat

0 Author: Gerald Lasser [GeraldLasser]

0 !LDRAW_ORG Part UPDATE 2025-09

0 !LICENSE Licensed under CC BY 4.0 : see CAreadme.txt



0 BFC CERTIFY CCW



0 !HISTORY 2024-03-04 {LEGO Instructions App} Original part shape

0 !HISTORY 2024-03-04 [GeraldLasser] File preparation for LDraw Parts Tracker

0 !HISTORY 2025-09-29 [OrionP] Official Update 2025-09



1 16 0 0 0 1 0 0 0 1 0 0 0 1 s__5404s01.dat

4 16 -10 -4 -20 10 -4 -20 10 -13.3 11 -10 -13.3 11

4 16 -7.5 -15.8 19.34 -10 -13.3 11 10 -13.3 11 7.5 -15.8 19.34
0 NOFILE

0 FILE s__5404s01.dat
0 ~Slope Brick 18  2 x  1 x  0.667 without Top Surfaces

0 Name: s\5404s01.dat

0 Author: Gerald Lasser [GeraldLasser]

0 !LDRAW_ORG Subpart UPDATE 2025-09

0 !LICENSE Licensed under CC BY 4.0 : see CAreadme.txt



0 BFC CERTIFY CCW



0 !HISTORY 2025-09-29 [OrionP] Official Update 2025-09



0 // Bottom

4 16 6 0 16 -6 0 16 -9 0 19 9 0 19

4 16 -6 0 -16 6 0 -16 9 0 -19 -9 0 -19

4 16 6 0 -16 6 0 16 9 0 19 9 0 -19

4 16 -6 0 16 -6 0 -16 -9 0 -19 -9 0 19

2 24 6 0 16 6 0 -16

2 24 -6 0 -16 -6 0 16

1 16 0 -1 0 0 0 -9 0 1 0 19 0 0 box4.dat

4 16 9 -1 19 -9 -1 19 -10 -1 20 10 -1 20

4 16 -9 -1 -19 9 -1 -19 10 -1 -20 -10 -1 -20

4 16 9 -1 -19 9 -1 19 10 -1 20 10 -1 -20

4 16 -9 -1 19 -9 -1 -19 -10 -1 -20 -10 -1 20

1 16 0 -1 0 10 0 0 0 1 0 0 0 20 recte4.dat



1 16 0 -1.68 -16 -6 0 0 0 0 -1.68 0 -1 0 rect.dat

1 16 0 -5 -10 6 0 0 0 -1 1.64 0 0 -6 2-4edge.dat

1 16 0 -5 -10 6 0 0 0 -1 1.64 0 0 -6 2-4ndis.dat

0 BFC INVERTNEXT

1 16 0 -5 -10 0 0 -6 0 1.68 0 6 0 0 1-4cyls2.dat

0 BFC INVERTNEXT

1 16 0 -5 -10 0 0 6 0 1.68 0 6 0 0 1-4cyls2.dat

1 16 0 -5 -10 6 0 0 0 -1 0 0 0 -6 2-4chrd.dat

1 16 0 -5 -10 6 0 0 0 -1 0 0 0 -6 2-4edge.dat

2 24 -6 -3.36 -16 -6 -5 -10

2 24 6 -3.36 -16 6 -5 -10

1 16 0 -8.10205 4.6422 6 0 0 0 -1 3.10205 0 0 -11.3578 rect3.dat

1 16 0 -5 -8.3578 0 0 -6 0 -1 0 -1.6422 0 0 rect2p.dat

1 16 0 -5.60205 16 0 0 6 5.60205 0 0 0 1 0 rect.dat

4 16 -6 -5 -10 -6 -3.36 -16 -6 0 -16 -6 -5 -6.7156

4 16 -6 -11.2041 16 -6 -5 -6.7156 -6 0 -16 -6 0 16

4 16 6 0 -16 6 -3.36 -16 6 -5 -10 6 -5 -6.7156

4 16 6 0 16 6 0 -16 6 -5 -6.7156 6 -11.2041 16



1 16 0 -5.7416 0 1 0 0 0 -1.4354 0 0 0 1 stud3a.dat

1 16 0 -5.7416 0 0 0 4 0 -1.0925 0 -4 0 0 4-4cyls.dat

1 16 0 -6.8342 0 0 0 4 1.0925 1 0 -4 0 0 4-4edge.dat



0 // Outside

1 16 0 -2.5 -20 10 0 0 0 0 -1.5 0 1 0 rect3.dat

4 16 10 -13.3 11 10 -4 -20 10 -1 -20 10 -1 20

3 16 10 -1 20 10 -13.3 19.34 10 -13.3 11

3 16 10 -13.3 19.34 10 -1 20 10 -13.3 20

2 24 10 -13.3 11 10 -4 -20

1 16 7.5 -13.3 19.34 0 0 2.5 -2.5 0 0 0 -8.34 0 1-4cyls.dat

1 16 7.5 -13.3 20 0 0 2.5 -2.5 0 0 0 -.66 0 1-4cyli.dat

1 16 7.5 -13.3 20 0 0 2.5 -2.5 0 0 0 -1 0 1-4edge.dat

1 16 7.5 -13.3 20 0 0 2.5 -2.5 0 0 0 -1 0 1-4chrd.dat

1 16 7.5 -13.3 11 0 0 2.5 -2.5 0 0 8.34 1 0 1-4edge.dat

1 16 7.5 -13.3 11 0 0 2.5 -2.5 0 0 8.34 1 0 1-4chrd.dat

4 16 -10 -1 -20 -10 -4 -20 -10 -13.3 11 -10 -1 20

3 16 -10 -13.3 19.34 -10 -1 20 -10 -13.3 11

3 16 -10 -1 20 -10 -13.3 19.34 -10 -13.3 20

2 24 -10 -4 -20 -10 -13.3 11

1 16 -7.5 -13.3 19.34 0 0 -2.5 -2.5 0 0 0 -8.34 0 1-4cyls.dat

1 16 -7.5 -13.3 20 0 0 -2.5 -2.5 0 0 0 -.66 0 1-4cyli.dat

1 16 -7.5 -13.3 20 0 0 -2.5 -2.5 0 0 0 -1 0 1-4edge.dat

1 16 -7.5 -13.3 20 0 0 -2.5 -2.5 0 0 0 -1 0 1-4chrd.dat

1 16 -7.5 -13.3 11 0 0 -2.5 -2.5 0 0 8.34 1 0 1-4edge.dat

1 16 -7.5 -13.3 11 0 0 -2.5 -2.5 0 0 8.34 1 0 1-4chrd.dat

4 16 10 -13.3 20 -10 -13.3 20 -7.5 -15.8 20 7.5 -15.8 20

1 16 0 -7.15 20 0 0 -10 6.15 0 0 0 -1 0 rect2p.dat

1 16 0 -15.8 19.67 -7.5 0 0 0 1 0 0 0 -.33 rect2p.dat
0 NOFILE

0 FILE 1-4chrd.dat
0 Chord 0.25

0 Name: 1-4chrd.dat

0 Author: Max Martin Richter [MMR1988]

0 !LDRAW_ORG Primitive UPDATE 2023-05

0 !LICENSE Licensed under CC BY 4.0 : see CAreadme.txt



0 BFC CERTIFY CCW



0 !HISTORY 2004-04-22 [PTadmin] Official Update 2004-02

0 !HISTORY 2007-10-09 [PTadmin] Header formatted for Contributor Agreement

0 !HISTORY 2008-07-01 [PTadmin] Official Update 2008-01

0 !HISTORY 2012-08-02 [MMR1988] Re-creation with PrimGen2 and Rectifier

0 !HISTORY 2012-08-09 [PTadmin] Official Update 2012-02

0 !HISTORY 2023-10-27 [OrionP] Change author to MMR1988 from hafhead

0 !HISTORY 2023-10-31 [OrionP] Official Update 2023-05



4 16 0.9239 0 0.3827 0.3827 0 0.9239 0 0 1 1 0 0

3 16 0.7071 0 0.7071 0.3827 0 0.9239 0.9239 0 0.3827
0 NOFILE

0 FILE 1-4cyls.dat
0 Cylinder Sloped 0.25

0 Name: 1-4cyls.dat

0 Author: James Jessiman

0 !LDRAW_ORG Primitive UPDATE 2012-01

0 !LICENSE Licensed under CC BY 4.0 : see CAreadme.txt



0 BFC CERTIFY CCW



0 !HISTORY 1998-12-15 [PTadmin] Official Update 1998-10

0 !HISTORY 2002-07-03 [sbliss] Added BFC statement

0 !HISTORY 2002-08-18 [PTadmin] Official Update 2002-04

0 !HISTORY 2007-06-22 [PTadmin] Header formatted for Contributor Agreement

0 !HISTORY 2008-07-01 [PTadmin] Official Update 2008-01

0 !HISTORY 2012-02-16 [Philo] Changed to CCW

0 !HISTORY 2012-03-30 [PTadmin] Official Update 2012-01





3 16 0.9239 0.0761 0.3827 0.9239 0 0.3827 1 0 0

4 16 0.9239 0.0761 0.3827 0.7071 0.2929 0.7071 0.7071 0 0.7071 0.9239 0 0.3827

4 16 0.7071 0.2929 0.7071 0.3827 0.6173 0.9239 0.3827 0 0.9239 0.7071 0 0.7071

4 16 0.3827 0.6173 0.9239 0 1 1 0 0 1 0.3827 0 0.9239



5 24 0.9239 0 0.3827 0.9239 0.0761 0.3827 0.7071 0 0.7071 1 0 0

5 24 0.7071 0 0.7071 0.7071 0.2929 0.7071 0.3827 0 0.9239 0.9239 0 0.3827

5 24 0.3827 0 0.9239 0.3827 0.6173 0.9239 0 0 1 0.7071 0 0.7071

5 24 0 0 1 0 1 1 0.3827 0 0.9239 -1 0 1

0 NOFILE

0 FILE stud3a.dat
0 Stud Tube Solid without Base Edges

0 Name: stud3a.dat

0 Author: James Jessiman

0 !LDRAW_ORG Primitive UPDATE 2003-02

0 !LICENSE Licensed under CC BY 4.0 : see CAreadme.txt



0 BFC CERTIFY CCW



0 !HISTORY 2002-08-31 [izanette] Modified with WINDZ for BFC compliance

0 !HISTORY 2003-08-01 [PTadmin] Official Update 2003-02

0 !HISTORY 2007-06-24 [PTadmin] Header formatted for Contributor Agreement

0 !HISTORY 2008-07-01 [PTadmin] Official Update 2008-01





1 16 0 -4 0 4 0 0 0 1 0 0 0 4 4-4edge.dat

1 16 0 -4 0 4 0 0 0 1 0 0 0 4 4-4disc.dat

1 16 0 -4 0 4 0 0 0 4 0 0 0 4 4-4cyli.dat

0



0 NOFILE

0 FILE recte4.dat
0 Rectangle Empty with 4 Edges

0 Name: recte4.dat

0 Author: Steffen [Steffen]

0 !LDRAW_ORG Primitive UPDATE 2010-03

0 !LICENSE Licensed under CC BY 4.0 : see CAreadme.txt



0 BFC CERTIFY CCW



0 !HISTORY 2010-12-31 [PTadmin] Official Update 2010-03





2 24 1 0 1 -1 0 1

2 24 -1 0 1 -1 0 -1

2 24 -1 0 -1 1 0 -1

2 24 1 0 -1 1 0 1

0 NOFILE

0 FILE 3023b.dat
0 Plate  1 x  2

0 Name: 3023b.dat

0 Author: James Jessiman

0 !LDRAW_ORG Part UPDATE 2023-03

0 !LICENSE Licensed under CC BY 4.0 : see CAreadme.txt



0 BFC CERTIFY CCW



0 !KEYWORDS BrickLink 3023, Rebrickable 3023



0 !HISTORY 2001-10-26 [PTadmin] Official Update 2001-01

0 !HISTORY 2002-05-07 {unknown} BFC Certification

0 !HISTORY 2002-06-11 [PTadmin] Official Update 2002-03

0 !HISTORY 2007-06-07 [PTadmin] Header formatted for Contributor Agreement

0 !HISTORY 2008-07-01 [PTadmin] Official Update 2008-01

0 !HISTORY 2020-03-07 [Sirio] Subparted

0 !HISTORY 2022-01-14 [PTadmin] Official Update 2022-01

0 !HISTORY 2023-05-26 [OrionP] Moved from 3023.dat

0 !HISTORY 2023-06-24 [OrionP] Official Update 2023-03





1 16 0 0 0 1 0 0 0 1 0 0 0 1 s__3023bs01.dat

4 16 -20 0 -10 -20 8 -10 20 8 -10 20 0 -10

0 NOFILE

0 FILE s__3023bs01.dat
0 ~Plate  1 x  2 without Front Face

0 Name: s\3023bs01.dat

0 Author: Massimo Maso [Sirio]

0 !LDRAW_ORG Subpart UPDATE 2023-03

0 !LICENSE Licensed under CC BY 4.0 : see CAreadme.txt



0 BFC CERTIFY CCW



0 !HISTORY 2022-01-14 [PTadmin] Official Update 2022-01

0 !HISTORY 2023-05-27 [OrionP] Moved from s\3023s01.dat

0 !HISTORY 2023-06-24 [OrionP] Official Update 2023-03





0 // Primitves

1 16 0 4 0 1 0 0 0 -1 0 0 0 1 stud3.dat

0 BFC INVERTNEXT

1 16 0 8 0 16 0 0 0 -4 0 0 0 6 box5.dat

1 16 0 8 0 20 0 0 0 -8 0 0 0 10 box4t.dat

1 16 0 0 0 1 0 0 0 1 0 0 0 1 stug-1x2.dat

0 // Faces

4 16 20 8 10 16 8 6 -16 8 6 -20 8 10

4 16 -20 8 10 -16 8 6 -16 8 -6 -20 8 -10

4 16 -20 8 -10 -16 8 -6 16 8 -6 20 8 -10

4 16 20 8 -10 16 8 -6 16 8 6 20 8 10

0 NOFILE

0 FILE 6636.dat
0 Tile  1 x  6

0 Name: 6636.dat

0 Author: James Jessiman

0 !LDRAW_ORG Part UPDATE 2009-03

0 !LICENSE Licensed under CC BY 4.0 : see CAreadme.txt



0 BFC CERTIFY CCW



0 !HISTORY 2002-02-15 [BrickCaster] groove

0 !HISTORY 2002-08-18 [PTadmin] Official Update 2002-04

0 !HISTORY 2004-07-27 [guyvivan] Made BFC Compliant

0 !HISTORY 2004-11-06 [PTadmin] Official Update 2004-04

0 !HISTORY 2007-07-18 [PTadmin] Header formatted for Contributor Agreement

0 !HISTORY 2008-07-01 [PTadmin] Official Update 2008-01

0 !HISTORY 2008-07-07 [johnny-thunder] subfiled (2006-07-01)

0 !HISTORY 2009-12-29 [PTadmin] Official Update 2009-03





1 16 0 0 0 1 0 0 0 1 0 0 0 1 s__6636s01.dat

4 16 60 0 -10 60 0 10 -60 0 10 -60 0 -10

0

0 NOFILE

0 FILE s__6636s01.dat
0 ~Tile  1 x  6 without Top Face

0 Name: s\6636s01.dat

0 Author: Takeshi Takahashi [RainbowDolphin]

0 !LDRAW_ORG Subpart UPDATE 2024-05

0 !LICENSE Licensed under CC BY 4.0 : see CAreadme.txt



0 BFC CERTIFY CCW



0 !HISTORY 2009-12-29 [PTadmin] Official Update 2009-03

0 !HISTORY 2024-05-28 [RainbowDolphin] Total rewrite, original by C.L.Rasmussen [johnny-thunder]

0 !HISTORY 2024-06-30 [OrionP] Official Update 2024-05



1 16 0 8 0 59 0 0 0 -1 0 0 0 9 box4.dat

1 16 0 7 0 60 0 0 0 -7 0 0 0 10 box4.dat

0 BFC INVERTNEXT

1 16 0 8 0 56 0 0 0 -4 0 0 0 6 box5.dat

1 16 0 4 0 1 0 0 0 -1 0 0 0 -1 stug3-1x5.dat

4 16 59 8 9 56 8 6 -56 8 6 -59 8 9

4 16 -59 8 9 -56 8 6 -56 8 -6 -59 8 -9

4 16 -59 8 -9 -56 8 -6 56 8 -6 59 8 -9

4 16 59 8 -9 56 8 -6 56 8 6 59 8 9

4 16 60 7 10 59 7 9 -59 7 9 -60 7 10

4 16 -60 7 10 -59 7 9 -59 7 -9 -60 7 -10

4 16 -60 7 -10 -59 7 -9 59 7 -9 60 7 -10

4 16 60 7 -10 59 7 -9 59 7 9 60 7 10

0 NOFILE

0 FILE stug3-1x5.dat
0 Stud Tube Solid Group  1 x  5

0 Name: stug3-1x5.dat

0 Author: Steffen [Steffen]

0 !LDRAW_ORG Primitive UPDATE 2013-01

0 !LICENSE Licensed under CC BY 4.0 : see CAreadme.txt



0 BFC CERTIFY CCW



0 !HISTORY 2013-07-21 [PTadmin] Official Update 2013-01





1 16 -40 0 0 1 0 0 0 1 0 0 0 1 stud3.dat

1 16 -20 0 0 1 0 0 0 1 0 0 0 1 stud3.dat

1 16 0 0 0 1 0 0 0 1 0 0 0 1 stud3.dat

1 16 20 0 0 1 0 0 0 1 0 0 0 1 stud3.dat

1 16 40 0 0 1 0 0 0 1 0 0 0 1 stud3.dat

0 NOFILE

0 FILE 36840.dat
0 Bracket  1 x  1 -  1 x  1 Up

0 Name: 36840.dat

0 Author: Magnus Forsberg [MagFors]

0 !LDRAW_ORG Part UPDATE 2019-01

0 !LICENSE Licensed under CC BY 4.0 : see CAreadme.txt



0 BFC CERTIFY CCW



0 !HISTORY 2019-06-28 [PTadmin] Official Update 2019-01





1 16 0 6 -10 -1.5 0 0 0 0 2 0 4 0 box4-2p.dat

1 16 -3.75 6 -10 0 0 -2.25 2 0 0 0 -1 0 rect3.dat

1 16 3.75 6 -10 0 0 2.25 -2 0 0 0 -1 0 rect3.dat

0 BFC INVERTNEXT

1 16 0 8 -2 6 0 0 0 -4 0 0 0 8 box4-4a.dat

1 16 0 8 -2 10 0 0 0 1 0 0 0 12 recte4.dat

4 16 10 8 10 6 8 6 -6 8 6 -10 8 10

4 16 -10 8 10 -6 8 6 -6 8 -10 -10 8 -14

4 16 -10 8 -14 -6 8 -10 6 8 -10 10 8 -14

4 16 10 8 -14 6 8 -10 6 8 6 10 8 10

1 16 0 -5 -10 -10 0 0 0 0 5 0 -1 0 rect3.dat

4 16 10 0 -10 10 8 -14 10 8 10 10 0 10

4 16 -10 0 10 -10 8 10 -10 8 -14 -10 0 -10

1 16 0 4 0 -10 0 0 0 -4 0 0 0 10 box2-7.dat

2 24 -8 -12 -10 8 -12 -10

4 16 -10 -10 -10 -8 -12 -10 8 -12 -10 10 -10 -10

1 16 -8 -10 -10 -2 0 0 0 0 -2 0 -1 0 1-4chrd.dat

1 16 8 -10 -10 0 0 2 -2 0 0 0 -1 0 1-4chrd.dat

1 16 -8 -10 -14 -2 0 0 0 0 -2 0 1 0 1-4chrd.dat

1 16 8 -10 -14 0 0 2 -2 0 0 0 1 0 1-4chrd.dat

1 16 8 -10 -14 2 0 0 0 0 -2 0 4 0 1-4cylo.dat

1 16 -8 -10 -14 0 0 -2 -2 0 0 0 4 0 1-4cylo.dat

1 16 0 -12 -12 -8 0 0 0 1 0 0 0 2 rect2p.dat

4 16 -8 -12 -14 -10 -10 -14 10 -10 -14 8 -12 -14



4 16 10 0 -10 10 -10 -10 10 -10 -14 10 8 -14

4 16 -10 8 -14 -10 -10 -14 -10 -10 -10 -10 0 -10

1 16 0 -1 -14 0 0 10 9 0 0 0 1 0 rect2p.dat

1 16 0 0 0 0 0 -1 0 1 0 1 0 0 stud.dat

1 16 0 -2 -14 0 0 1 1 0 0 0 1 0 stud2.dat

0 NOFILE

0 FILE stud2.dat
0 Stud Open

0 Name: stud2.dat

0 Author: James Jessiman

0 !LDRAW_ORG Primitive UPDATE 2009-02

0 !LICENSE Licensed under CC BY 4.0 : see CAreadme.txt



0 BFC CERTIFY CCW



0 !HISTORY 1999-07-05 [PTadmin] Official Update 1999-05

0 !HISTORY 2002-04-04 [sbliss] Modified for BFC compliance

0 !HISTORY 2002-04-25 [PTadmin] Official Update 2002-02

0 !HISTORY 2007-06-24 [PTadmin] Header formatted for Contributor Agreement

0 !HISTORY 2008-07-01 [PTadmin] Official Update 2008-01

0 !HISTORY 2009-06-21 [cwdee] Update ring references to 4-4ring

0 !HISTORY 2009-09-03 [PTadmin] Official Update 2009-02





1 16 0 0 0 4 0 0 0 1 0 0 0 4 4-4edge.dat

1 16 0 0 0 6 0 0 0 1 0 0 0 6 4-4edge.dat

1 16 0 -4 0 4 0 0 0 1 0 0 0 4 4-4edge.dat

1 16 0 -4 0 6 0 0 0 1 0 0 0 6 4-4edge.dat

0 BFC INVERTNEXT

1 16 0 -4 0 4 0 0 0 4 0 0 0 4 4-4cyli.dat

1 16 0 -4 0 6 0 0 0 4 0 0 0 6 4-4cyli.dat

1 16 0 -4 0 2 0 0 0 1 0 0 0 2 4-4ring2.dat

0

0 NOFILE

0 FILE 1-4cylo.dat
0 Cylinder Open 0.25

0 Name: 1-4cylo.dat

0 Author: Max Martin Richter [MMR1988]

0 !LDRAW_ORG Primitive UPDATE 2010-03

0 !LICENSE Licensed under CC BY 4.0 : see CAreadme.txt



0 BFC CERTIFY CCW



0 !HISTORY 2010-12-31 [PTadmin] Official Update 2010-03





1 16 0 0 0 1 0 0 0 1 0 0 0 1 1-4edge.dat

1 16 0 1 0 1 0 0 0 1 0 0 0 1 1-4edge.dat

1 16 0 0 0 1 0 0 0 1 0 0 0 1 1-4cyli.dat

0 NOFILE

0 FILE 78257.dat
0 Plate  1 x  1 with Handles on Opposite Ends

0 Name: 78257.dat

0 Author: Gerald Lasser [GeraldLasser]

0 !LDRAW_ORG Part UPDATE 2022-06

0 !LICENSE Licensed under CC BY 4.0 : see CAreadme.txt



0 BFC CERTIFY CCW



0 !HISTORY 2022-12-20 [PTadmin] Official Update 2022-06





3 16 -10 8 4 -10 8 10 -6 8 6

4 16 -10 8 -4 -10 8 4 -6 8 6 -6 8 -6

3 16 -10 8 -10 -10 8 -4 -6 8 -6

4 16 -10 8 -10 -6 8 -6 6 8 -6 10 8 -10

3 16 10 8 -4 10 8 -10 6 8 -6

4 16 6 8 -6 6 8 6 10 8 4 10 8 -4

3 16 10 8 10 10 8 4 6 8 6

4 16 10 8 10 6 8 6 -6 8 6 -10 8 10

0 BFC INVERTNEXT

1 16 0 8 0 0 0 -6 0 -4 0 6 0 0 box5.dat



1 16 20 0 -7 0 0 -1 0 1 0 1 0 0 phandle1.dat

1 16 20 0 7 0 0 -1 0 1 0 -1 0 0 phandle1.dat

1 16 -20 0 -7 0 0 1 0 1 0 1 0 0 phandle1.dat

1 16 -20 0 7 0 0 1 0 1 0 -1 0 0 phandle1.dat

1 16 -20 2 4 0 0 4 4 0 0 0 -8 0 4-4cylo.dat

1 16 20 2 4 0 0 4 4 0 0 0 -8 0 4-4cylo.dat



1 16 0 4 -10 10 0 0 0 0 -4 0 1 0 rect2p.dat

1 16 0 4 10 10 0 0 0 0 -4 0 -1 0 rect2p.dat

4 16 -10 0 -4 -10 0 -10 10 0 -10 10 0 -4

1 16 0 8 0 0 0 -10 0 -8 0 4 0 0 box3u4p.dat

4 16 -10 0 10 -10 0 4 10 0 4 10 0 10



1 16 0 0 0 1 0 0 0 1 0 0 0 1 stud.dat

0 NOFILE

0 FILE box3u4p.dat
0 Box with  3 Faces without  4 Parallel Edges

0 Name: box3u4p.dat

0 Author: Willy Tschager [Holly-Wood]

0 !LDRAW_ORG Primitive UPDATE 2024-01

0 !LICENSE Licensed under CC BY 4.0 : see CAreadme.txt



0 BFC CERTIFY CCW



0 !HISTORY 2009-12-29 [PTadmin] Official Update 2009-03

0 !HISTORY 2024-01-03 [Holly-Wood] Complete re-write, original by LordAdmiral

0 !HISTORY 2024-01-29 [OrionP] Official Update 2024-01



2 24 -1 1 1 1 1 1

2 24 1 1 -1 -1 1 -1

4 16 1 1 1 1 1 -1 -1 1 -1 -1 1 1



2 24 -1 0 1 1 0 1

2 24 1 1 1 1 0 1

2 24 -1 1 1 -1 0 1

4 16 1 1 1 -1 1 1 -1 0 1 1 0 1



2 24 1 0 -1 -1 0 -1

2 24 1 1 -1 1 0 -1

2 24 -1 1 -1 -1 0 -1

4 16 -1 1 -1 1 1 -1 1 0 -1 -1 0 -1

0 NOFILE

0 FILE 3710.dat
0 Plate  1 x  4

0 Name: 3710.dat

0 Author: James Jessiman

0 !LDRAW_ORG Part UPDATE 2023-06

0 !LICENSE Licensed under CC BY 4.0 : see CAreadme.txt



0 BFC CERTIFY CCW



0 !HISTORY 2004-07-25 [guyvivan] Made BFC Compliant

0 !HISTORY 2004-11-06 [PTadmin] Official Update 2004-04

0 !HISTORY 2007-06-29 [PTadmin] Header formatted for Contributor Agreement

0 !HISTORY 2008-07-01 [PTadmin] Official Update 2008-01

0 !HISTORY 2023-03-28 [Sirio] Introduced use of subpart

0 !HISTORY 2023-11-19 [OrionP] Official Update 2023-06





1 16 0 0 0 1 0 0 0 1 0 0 0 1 s__3710s01.dat

4 16 -40 0 -10 -40 8 -10 40 8 -10 40 0 -10

0 NOFILE

0 FILE s__3710s01.dat
0 ~Plate  1 x  4 without Front Face

0 Name: s\3710s01.dat

0 Author: Massimo Maso [Sirio]

0 !LDRAW_ORG Subpart UPDATE 2023-06

0 !LICENSE Licensed under CC BY 4.0 : see CAreadme.txt



0 BFC CERTIFY CCW



0 !HISTORY 2023-11-19 [OrionP] Official Update 2023-06





1 16 0 4 0 1 0 0 0 -1 0 0 0 1 stug3-1x3.dat

0 BFC INVERTNEXT

1 16 0 8 0 36 0 0 0 -4 0 0 0 6 box5.dat

4 16 40 8 10 36 8 6 -36 8 6 -40 8 10

4 16 -40 8 10 -36 8 6 -36 8 -6 -40 8 -10

4 16 -40 8 -10 -36 8 -6 36 8 -6 40 8 -10

4 16 40 8 -10 36 8 -6 36 8 6 40 8 10

1 16 0 8 0 40 0 0 0 -8 0 0 0 10 box4t.dat

1 16 0 0 0 1 0 0 0 1 0 0 0 1 stug-1x4.dat

0 NOFILE

0 FILE stug-1x4.dat
0 Stud Group  1 x  4

0 Name: stug-1x4.dat

0 Author: Steffen [Steffen]

0 !LDRAW_ORG Primitive UPDATE 2011-01

0 !LICENSE Licensed under CC BY 4.0 : see CAreadme.txt



0 BFC CERTIFY CCW



0 !HISTORY 2011-07-25 [PTadmin] Official Update 2011-01





1 16 -30 0 0 1 0 0 0 1 0 0 0 1 stud.dat

1 16 -10 0 0 1 0 0 0 1 0 0 0 1 stud.dat

1 16 10 0 0 1 0 0 0 1 0 0 0 1 stud.dat

1 16 30 0 0 1 0 0 0 1 0 0 0 1 stud.dat

0 NOFILE

0 FILE stug3-1x3.dat
0 Stud Tube Solid Group  1 x  3

0 Name: stug3-1x3.dat

0 Author: Steffen [Steffen]

0 !LDRAW_ORG Primitive UPDATE 2012-02

0 !LICENSE Licensed under CC BY 4.0 : see CAreadme.txt



0 BFC CERTIFY CCW



0 !HISTORY 2012-08-09 [PTadmin] Official Update 2012-02





1 16 -20 0 0 1 0 0 0 1 0 0 0 1 stud3.dat

1 16 0 0 0 1 0 0 0 1 0 0 0 1 stud3.dat

1 16 20 0 0 1 0 0 0 1 0 0 0 1 stud3.dat

0 NOFILE

0 FILE 98138.dat
0 Tile  1 x  1 Round with Groove

0 Name: 98138.dat

0 Author: Magnus Forsberg [MagFors]

0 !LDRAW_ORG Part UPDATE 2011-02

0 !LICENSE Licensed under CC BY 4.0 : see CAreadme.txt



0 BFC CERTIFY CCW



0 !HISTORY 2011-12-29 [PTadmin] Official Update 2011-02





1 16 0 0 0 1 0 0 0 1 0 0 0 1 s__98138s01.dat

1 16 0 0 0 9 0 0 0 1 0 0 0 9 4-4disc.dat



0 NOFILE

0 FILE s__98138s01.dat
0 ~Tile  1 x  1 Round with Groove with Partial Top Face

0 Name: s\98138s01.dat

0 Author: Magnus Forsberg [MagFors]

0 !LDRAW_ORG Subpart UPDATE 2020-01

0 !LICENSE Licensed under CC BY 4.0 : see CAreadme.txt



0 BFC CERTIFY CCW



0 !HISTORY 2011-12-29 [PTadmin] Official Update 2011-02

0 !HISTORY 2016-06-17 [MagFors] Reduced the rounded edge to 0.5 ldu

0 !HISTORY 2016-12-31 [PTadmin] Official Update 2016-01

0 !HISTORY 2019-06-17 [MagFors] Removed the rounded edge

0 !HISTORY 2019-07-19 [MagFors] Subfiled without top surface

0 !HISTORY 2020-06-28 [PTadmin] Official Update 2020-01





1 16 0 0 0 1 0 0 0 1 0 0 0 1 s__98138s02.dat

1 16 0 0 0 1 0 0 0 1 0 0 0 1 4-4ring9.dat

0 NOFILE

0 FILE 4-4ring9.dat
0 Ring  9 x 1.0

0 Name: 4-4ring9.dat

0 Author: Magnus Forsberg [MagFors]

0 !LDRAW_ORG Primitive UPDATE 2024-01

0 !LICENSE Licensed under CC BY 4.0 : see CAreadme.txt



0 BFC CERTIFY CCW



0 !HISTORY 2004-04-22 [PTadmin] Official Update 2004-02

0 !HISTORY 2007-06-24 [PTadmin] Header formatted for Contributor Agreement

0 !HISTORY 2008-07-01 [PTadmin] Official Update 2008-01

0 !HISTORY 2024-01-04 [MagFors] Complete regeneration, original by jriley

0 !HISTORY 2024-01-29 [OrionP] Official Update 2024-01



4 16 10 0 0 9.239 0 3.827 8.3151 0 3.4443 9 0 0

4 16 9.239 0 3.827 7.071 0 7.071 6.3639 0 6.3639 8.3151 0 3.4443

4 16 7.071 0 7.071 3.827 0 9.239 3.4443 0 8.3151 6.3639 0 6.3639

4 16 3.827 0 9.239 0 0 10 0 0 9 3.4443 0 8.3151

4 16 0 0 10 -3.827 0 9.239 -3.4443 0 8.3151 0 0 9

4 16 -3.827 0 9.239 -7.071 0 7.071 -6.3639 0 6.3639 -3.4443 0 8.3151

4 16 -7.071 0 7.071 -9.239 0 3.827 -8.3151 0 3.4443 -6.3639 0 6.3639

4 16 -9.239 0 3.827 -10 0 0 -9 0 0 -8.3151 0 3.4443

4 16 -10 0 0 -9.239 0 -3.827 -8.3151 0 -3.4443 -9 0 0

4 16 -9.239 0 -3.827 -7.071 0 -7.071 -6.3639 0 -6.3639 -8.3151 0 -3.4443

4 16 -7.071 0 -7.071 -3.827 0 -9.239 -3.4443 0 -8.3151 -6.3639 0 -6.3639

4 16 -3.827 0 -9.239 0 0 -10 0 0 -9 -3.4443 0 -8.3151

4 16 0 0 -10 3.827 0 -9.239 3.4443 0 -8.3151 0 0 -9

4 16 3.827 0 -9.239 7.071 0 -7.071 6.3639 0 -6.3639 3.4443 0 -8.3151

4 16 7.071 0 -7.071 9.239 0 -3.827 8.3151 0 -3.4443 6.3639 0 -6.3639

4 16 9.239 0 -3.827 10 0 0 9 0 0 8.3151 0 -3.4443

0 // Build by LDPartEditor (PrimGen 2.X)
0 NOFILE

0 FILE s__98138s02.dat
0 ~Tile  1 x  1 Round with Groove without Complete Top Face

0 Name: s\98138s02.dat

0 Author: Magnus Forsberg [MagFors]

0 !LDRAW_ORG Subpart UPDATE 2020-01

0 !LICENSE Licensed under CC BY 4.0 : see CAreadme.txt



0 BFC CERTIFY CCW



0 !HISTORY 2020-06-28 [PTadmin] Official Update 2020-01





1 16 0 4 0 1 0 0 0 -1 0 0 0 1 stud4o.dat

1 16 0 8 0 -1 0 0 0 -1 0 0 0 1 4-4ring8.dat

1 16 0 7 0 9 0 0 0 1 0 0 0 9 4-4cylo.dat

1 16 0 7 0 -1 0 0 0 -1 0 0 0 1 4-4ring9.dat

1 16 0 0 0 10 0 0 0 7 0 0 0 10 4-4cylo.dat

0 NOFILE

0 FILE 4-4ring8.dat
0 Ring  8 x 1.0

0 Name: 4-4ring8.dat

0 Author: Steffen [Steffen]

0 !LDRAW_ORG Primitive UPDATE 2012-01

0 !LICENSE Licensed under CC BY 4.0 : see CAreadme.txt



0 BFC CERTIFY CCW



0 !HISTORY 2003-12-19 [PTadmin] Official Update 2003-03

0 !HISTORY 2007-06-24 [PTadmin] Header formatted for Contributor Agreement

0 !HISTORY 2008-07-01 [PTadmin] Official Update 2008-01

0 !HISTORY 2012-02-16 [Philo] Changed to CCW

0 !HISTORY 2012-03-30 [PTadmin] Official Update 2012-01





4 16 9 0 0 8.3151 0 3.4443 7.3912 0 3.0616 8 0 0

4 16 8.3151 0 3.4443 6.3639 0 6.3639 5.6568 0 5.6568 7.3912 0 3.0616

4 16 6.3639 0 6.3639 3.4443 0 8.3151 3.0616 0 7.3912 5.6568 0 5.6568

4 16 3.4443 0 8.3151 0 0 9 0 0 8 3.0616 0 7.3912

4 16 0 0 9 -3.4443 0 8.3151 -3.0616 0 7.3912 0 0 8

4 16 -3.4443 0 8.3151 -6.3639 0 6.3639 -5.6568 0 5.6568 -3.0616 0 7.3912

4 16 -6.3639 0 6.3639 -8.3151 0 3.4443 -7.3912 0 3.0616 -5.6568 0 5.6568

4 16 -8.3151 0 3.4443 -9 0 0 -8 0 0 -7.3912 0 3.0616

4 16 -9 0 0 -8.3151 0 -3.4443 -7.3912 0 -3.0616 -8 0 0

4 16 -8.3151 0 -3.4443 -6.3639 0 -6.3639 -5.6568 0 -5.6568 -7.3912 0 -3.0616

4 16 -6.3639 0 -6.3639 -3.4443 0 -8.3151 -3.0616 0 -7.3912 -5.6568 0 -5.6568

4 16 -3.4443 0 -8.3151 0 0 -9 0 0 -8 -3.0616 0 -7.3912

4 16 0 0 -9 3.4443 0 -8.3151 3.0616 0 -7.3912 0 0 -8

4 16 3.4443 0 -8.3151 6.3639 0 -6.3639 5.6568 0 -5.6568 3.0616 0 -7.3912

4 16 6.3639 0 -6.3639 8.3151 0 -3.4443 7.3912 0 -3.0616 5.6568 0 -5.6568

4 16 8.3151 0 -3.4443 9 0 0 8 0 0 7.3912 0 -3.0616

0 NOFILE

0 FILE stud4o.dat
0 Stud Tube Open without Outer Cylinder

0 Name: stud4o.dat

0 Author: Magnus Forsberg [MagFors]

0 !LDRAW_ORG Primitive UPDATE 2011-02

0 !LICENSE Licensed under CC BY 4.0 : see CAreadme.txt



0 !HELP This stud is a "antistud" to be used like a underside stud,

0 !HELP but without the outer cylinder.

0 !HELP 1 47 0 0 0 1 0 0 0 1 0 0 0 1 stud4.dat



0 BFC CERTIFY CCW



0 !HISTORY 2011-12-29 [PTadmin] Official Update 2011-02





1 16 0 -4 0 2 0 0 0 1 0 0 0 2 4-4ring3.dat

0 BFC INVERTNEXT

1 16 0 0 0 -6 0 0 0 -4 0 0 0 6 4-4cylc.dat

0 NOFILE

0 FILE 4-4cylc.dat
0 Cylinder Closed 1.0

0 Name: 4-4cylc.dat

0 Author: Alex Taylor [anathema]

0 !LDRAW_ORG Primitive UPDATE 2009-02

0 !LICENSE Licensed under CC BY 4.0 : see CAreadme.txt



0 BFC CERTIFY CCW



0 !HISTORY 2008-12-29 [cwdee] Removed one disc

0 !HISTORY 2009-09-03 [PTadmin] Official Update 2009-02





1 16 0 0 0 1 0 0 0 1 0 0 0 1 4-4edge.dat

1 16 0 1 0 1 0 0 0 1 0 0 0 1 4-4edge.dat

1 16 0 0 0 1 0 0 0 1 0 0 0 1 4-4disc.dat

1 16 0 0 0 1 0 0 0 1 0 0 0 1 4-4cyli.dat

0

0 NOFILE

0 FILE 99780.dat
0 Bracket  1 x  2 -  1 x  2 Up

0 Name: 99780.dat

0 Author: Magnus Forsberg [MagFors]

0 !LDRAW_ORG Part UPDATE 2012-01

0 !LICENSE Licensed under CC BY 4.0 : see CAreadme.txt



0 BFC CERTIFY CCW



0 !HISTORY 2012-03-30 [PTadmin] Official Update 2012-01





1 16 0 4 0 1 0 0 0 -1 0 0 0 1 stud3.dat

1 16 0 6 -10 -1.5 0 0 0 0 2 0 4 0 box4-2p.dat

1 16 10 6 -10 -1.5 0 0 0 0 2 0 4 0 box4-2p.dat

1 16 -10 6 -10 -1.5 0 0 0 0 2 0 4 0 box4-2p.dat

1 16 -13.75 6 -10 0 0 -2.25 2 0 0 0 -1 0 rect3.dat

1 16 13.75 6 -10 0 0 2.25 -2 0 0 0 -1 0 rect3.dat

1 16 -5 6 -10 3.5 0 0 0 0 2 0 -1 0 rect2p.dat

1 16 5 6 -10 3.5 0 0 0 0 2 0 -1 0 rect2p.dat

0 BFC INVERTNEXT

1 16 0 8 -2 16 0 0 0 -4 0 0 0 8 box4-4a.dat

1 16 0 8 -2 20 0 0 0 1 0 0 0 12 recte4.dat

4 16 20 8 10 16 8 6 -16 8 6 -20 8 10

4 16 -20 8 10 -16 8 6 -16 8 -10 -20 8 -14

4 16 -20 8 -14 -16 8 -10 16 8 -10 20 8 -14

4 16 20 8 -14 16 8 -10 16 8 6 20 8 10

1 16 0 4 10 -20 0 0 0 0 -4 0 -1 0 rect3.dat

4 16 20 0 -10 20 8 -14 20 8 10 20 0 10

4 16 -20 0 10 -20 8 10 -20 8 -14 -20 0 -10

0 BFC INVERTNEXT

1 16 0 -5 0 -20 0 0 0 5 0 0 0 -10 box2-7.dat

2 24 -18 -12 -10 18 -12 -10

4 16 -20 -10 -10 -18 -12 -10 18 -12 -10 20 -10 -10

1 16 -18 -10 -10 -2 0 0 0 0 -2 0 -1 0 1-4chrd.dat

1 16 18 -10 -10 0 0 2 -2 0 0 0 -1 0 1-4chrd.dat

1 16 18 -10 -14 2 0 0 0 0 -2 0 4 0 1-4cylc.dat

1 16 -18 -10 -14 0 0 -2 -2 0 0 0 4 0 1-4cylc.dat

1 16 0 -11 -12 -18 0 0 0 0 -1 0 -2 0 box2-11.dat

2 24 20 8 -14 20 -10 -14

4 16 20 0 -10 20 -10 -10 20 -10 -14 20 8 -14

3 16 20 8 -14 20 -10 -14 18 -10 -14

2 24 -20 8 -14 -20 -10 -14

4 16 -20 8 -14 -20 -10 -14 -20 -10 -10 -20 0 -10

3 16 -18 -10 -14 -20 -10 -14 -20 8 -14

4 16 -18 -10 -14 -20 8 -14 20 8 -14 18 -10 -14

1 16 0 0 0 0 0 1 0 1 0 -1 0 0 stug-2x1.dat

1 16 0 -2 -14 -1 0 0 0 0 1 0 1 0 stug2-1x2.dat

0 NOFILE

0 FILE stug2-1x2.dat
0 Stud Open Group  1 x  2

0 Name: stug2-1x2.dat

0 Author: Steffen [Steffen]

0 !LDRAW_ORG Primitive UPDATE 2011-02

0 !LICENSE Licensed under CC BY 4.0 : see CAreadme.txt



0 BFC CERTIFY CCW



0 !HISTORY 2011-12-29 [PTadmin] Official Update 2011-02





1 16 -10 0 0 1 0 0 0 1 0 0 0 1 stud2.dat

1 16 10 0 0 1 0 0 0 1 0 0 0 1 stud2.dat

0 NOFILE

0 FILE stug-2x1.dat
0 Stud Group  2 x  1

0 Name: stug-2x1.dat

0 Author: Magnus Forsberg [MagFors]

0 !LDRAW_ORG Primitive UPDATE 2011-01

0 !LICENSE Licensed under CC BY 4.0 : see CAreadme.txt



0 BFC CERTIFY CCW



0 !HISTORY 2011-07-25 [PTadmin] Official Update 2011-01





1 16 0 0 10 1 0 0 0 1 0 0 0 1 stud.dat

1 16 0 0 -10 1 0 0 0 1 0 0 0 1 stud.dat

0 NOFILE

0 FILE box2-11.dat
0 Box with 2 Faces without 11 Edges

0 Name: box2-11.dat

0 Author: Steffen [Steffen]

0 !LDRAW_ORG Primitive UPDATE 2005-01

0 !LICENSE Licensed under CC BY 4.0 : see CAreadme.txt



0 BFC CERTIFY CCW



0 !HISTORY 2005-12-28 [PTadmin] Official Update 2005-01

0 !HISTORY 2007-06-24 [PTadmin] Header formatted for Contributor Agreement

0 !HISTORY 2008-07-01 [PTadmin] Official Update 2008-01





2 24 1 1 1 -1 1 1

4 16 1 1 1 1 1 -1 -1 1 -1 -1 1 1

4 16 1 1 1 -1 1 1 -1 -1 1 1 -1 1

0

0 NOFILE

0 FILE 1-4cylc.dat
0 Cylinder Closed 0.25

0 Name: 1-4cylc.dat

0 Author: Mark Kennedy [mkennedy]

0 !LDRAW_ORG Primitive UPDATE 2010-01

0 !LICENSE Licensed under CC BY 4.0 : see CAreadme.txt



0 BFC CERTIFY CCW



0 !HISTORY 2010-04-05 [PTadmin] Official Update 2010-01





1 16 0 0 0 1 0 0 0 1 0 0 0 1 1-4edge.dat

1 16 0 1 0 1 0 0 0 1 0 0 0 1 1-4edge.dat

1 16 0 0 0 1 0 0 0 1 0 0 0 1 1-4disc.dat

1 16 0 0 0 1 0 0 0 1 0 0 0 1 1-4cyli.dat

0

0 NOFILE

0 FILE 52107.dat
0 Brick  1 x  2 with Studs on Sides

0 Name: 52107.dat

0 Author: Chris Dee [cwdee]

0 !LDRAW_ORG Part UPDATE 2025-09

0 !LICENSE Licensed under CC BY 4.0 : see CAreadme.txt



0 BFC CERTIFY CCW



0 !HISTORY 2009-05-02 [PTadmin] Official Update 2009-01

0 !HISTORY 2025-09-27 [OrionP] Changed winding to CCW

0 !HISTORY 2025-09-29 [OrionP] Official Update 2025-09



1 16 10 0 0 1 0 0 0 1 0 0 0 1 stud.dat

1 16 -10 0 0 1 0 0 0 1 0 0 0 1 stud.dat

1 16 0 4 0 1 0 0 0 -5 0 0 0 1 stud3.dat



1 16 0 24 0 0 0 20 0 -24 0 10 0 0 box3u2p.dat

0 BFC INVERTNEXT

1 16 0 24 0 0 0 16 0 -20 0 6 0 0 box3u2p.dat



1 16 10 10 6 4 0 0 0 0 4 0 1 0 4-4ndis.dat

1 16 -10 10 6 4 0 0 0 0 4 0 1 0 4-4ndis.dat

1 16 10 10 6 4 0 0 0 0 4 0 1 0 4-4edge.dat

1 16 -10 10 6 4 0 0 0 0 4 0 1 0 4-4edge.dat

4 16 6 14 6 6 6 6 -6 6 6 -6 14 6

4 16 -14 14 6 -16 24 6 16 24 6 14 14 6

4 16 -14 6 6 -16 4 6 -16 24 6 -14 14 6

4 16 14 6 6 16 4 6 -16 4 6 -14 6 6

4 16 14 14 6 16 24 6 16 4 6 14 6 6

2 24 -16 24 6 16 24 6



1 16 -10 10 -6 -4 0 0 0 0 4 0 -1 0 4-4ndis.dat

1 16 10 10 -6 -4 0 0 0 0 4 0 -1 0 4-4ndis.dat

1 16 -10 10 -6 -4 0 0 0 0 4 0 -1 0 4-4edge.dat

1 16 10 10 -6 -4 0 0 0 0 4 0 -1 0 4-4edge.dat

4 16 -6 14 -6 -6 6 -6 6 6 -6 6 14 -6

4 16 14 14 -6 16 24 -6 -16 24 -6 -14 14 -6

4 16 14 6 -6 16 4 -6 16 24 -6 14 14 -6

4 16 -14 6 -6 -16 4 -6 16 4 -6 14 6 -6

4 16 -14 14 -6 -16 24 -6 -16 4 -6 -14 6 -6

2 24 -16 24 -6 16 24 -6



1 16 -10 10 -10 6 0 0 0 0 6 0 1 0 4-4ndis.dat

1 16 10 10 -10 6 0 0 0 0 6 0 1 0 4-4ndis.dat

1 16 -10 10 -10 6 0 0 0 0 6 0 1 0 4-4edge.dat

1 16 10 10 -10 6 0 0 0 0 6 0 1 0 4-4edge.dat

4 16 -4 4 -10 -4 16 -10 4 16 -10 4 4 -10

4 16 -16 16 -10 -20 24 -10 20 24 -10 16 16 -10

4 16 -16 4 -10 -20 0 -10 -20 24 -10 -16 16 -10

4 16 16 4 -10 20 0 -10 -20 0 -10 -16 4 -10

4 16 16 16 -10 20 24 -10 20 0 -10 16 4 -10

1 16 -10 10 -10 1 0 0 0 0 1 0 1 0 stud2a.dat

1 16 10 10 -10 1 0 0 0 0 1 0 1 0 stud2a.dat

0 BFC INVERTNEXT

1 16 -10 10 -10 4 0 0 0 0 4 0 4 0 4-4cyli.dat

0 BFC INVERTNEXT

1 16 10 10 -10 4 0 0 0 0 4 0 4 0 4-4cyli.dat

2 24 20 24 -10 -20 24 -10



1 16 10 10 10 -6 0 0 0 0 6 0 -1 0 4-4ndis.dat

1 16 -10 10 10 -6 0 0 0 0 6 0 -1 0 4-4ndis.dat

1 16 10 10 10 -6 0 0 0 0 6 0 -1 0 4-4edge.dat

1 16 -10 10 10 -6 0 0 0 0 6 0 -1 0 4-4edge.dat

4 16 4 4 10 4 16 10 -4 16 10 -4 4 10

4 16 16 16 10 20 24 10 -20 24 10 -16 16 10

4 16 16 4 10 20 0 10 20 24 10 16 16 10

4 16 -16 4 10 -20 0 10 20 0 10 16 4 10

4 16 -16 16 10 -20 24 10 -20 0 10 -16 4 10

1 16 10 10 10 -1 0 0 0 0 1 0 -1 0 stud2a.dat

1 16 -10 10 10 -1 0 0 0 0 1 0 -1 0 stud2a.dat

0 BFC INVERTNEXT

1 16 10 10 10 -4 0 0 0 0 4 0 -4 0 4-4cyli.dat

0 BFC INVERTNEXT

1 16 -10 10 10 -4 0 0 0 0 4 0 -4 0 4-4cyli.dat

2 24 20 24 10 -20 24 10



4 16 -16 24 6 -20 24 10 20 24 10 16 24 6

4 16 -16 24 -6 -20 24 -10 -20 24 10 -16 24 6

4 16 16 24 -6 20 24 -10 -20 24 -10 -16 24 -6

4 16 16 24 6 20 24 10 20 24 -10 16 24 -6

0
0 NOFILE

0 FILE box3u2p.dat
0 Box with 3 Faces without 2 Parallel Edges

0 Name: box3u2p.dat

0 Author: Niels Karsdorp [nielsk]

0 !LDRAW_ORG Primitive UPDATE 2012-01

0 !LICENSE Licensed under CC BY 4.0 : see CAreadme.txt



0 BFC CERTIFY CCW



0 !HISTORY 2003-03-12 [PTadmin] Official Update 2003-01

0 !HISTORY 2007-06-24 [PTadmin] Header formatted for Contributor Agreement

0 !HISTORY 2008-07-01 [PTadmin] Official Update 2008-01

0 !HISTORY 2012-02-16 [Philo] Changed to CCW

0 !HISTORY 2012-03-30 [PTadmin] Official Update 2012-01





2 24 1 1 1 -1 1 1

2 24 -1 1 -1 1 1 -1

2 24 1 0 1 -1 0 1

2 24 -1 0 -1 1 0 -1

2 24 1 1 1 1 1 -1

2 24 -1 1 1 -1 1 -1

2 24 1 1 1 1 0 1

2 24 1 1 -1 1 0 -1

2 24 -1 1 1 -1 0 1

2 24 -1 1 -1 -1 0 -1

4 16 -1 1 -1 -1 1 1 1 1 1 1 1 -1

4 16 -1 1 1 -1 0 1 1 0 1 1 1 1

4 16 1 1 -1 1 0 -1 -1 0 -1 -1 1 -1

0 NOFILE

0 FILE 43722.dat
0 ~Moved to 43722a

0 Name: 43722.dat

0 Author: Magnus Forsberg [MagFors]

0 !LDRAW_ORG Part UPDATE 2026-05

0 !LICENSE Licensed under CC BY 4.0 : see CAreadme.txt



0 BFC CERTIFY CCW



0 !HISTORY 2026-05-31 [OrionP] Official Update 2026-05



0 // Wing 2 x 3 Right

1 16 0 0 0 1 0 0 0 1 0 0 0 1 43722a.dat
0 NOFILE

0 FILE 43722a.dat
0 Wing  2 x  3 Right without Chamfer

0 Name: 43722a.dat

0 Author: Donald Sutter [technog]

0 !LDRAW_ORG Part UPDATE 2026-05

0 !LICENSE Licensed under CC BY 4.0 : see CAreadme.txt



0 BFC CERTIFY CCW



0 !KEYWORDS Bricklink 43722, Brickowl 97785, Brickset 43722, Rebrickable 43722

0 !KEYWORDS wedge plate



0 !HISTORY 2004-11-06 [PTadmin] Official Update 2004-04

0 !HISTORY 2007-07-04 [PTadmin] Header formatted for Contributor Agreement

0 !HISTORY 2008-07-01 [PTadmin] Official Update 2008-01

0 !HISTORY 2023-03-28 [Sirio] Modified subpart; introduced stud group

0 !HISTORY 2025-04-27 [OrionP] Official Update 2025-04

0 !HISTORY 2026-04-25 [MagFors] Renamed from 43722

0 !HISTORY 2026-05-31 [OrionP] Official Update 2026-05



1 16 0 0 0 1 0 0 0 1 0 0 0 1 s__43722as01.dat

1 16 10 0 0 0 0 -1 0 1 0 1 0 0 stug-1x3.dat

4 16 -20 0 30 0 0 -30 20 0 -30 20 0 30
0 NOFILE

0 FILE s__43722as01.dat
0 ~Wing  2 x  3 Right without Chamfer without Studs and Top Face

0 Name: s\43722as01.dat

0 Author: Donald Sutter [technog]

0 !LDRAW_ORG Subpart UPDATE 2026-05

0 !LICENSE Licensed under CC BY 4.0 : see CAreadme.txt



0 BFC CERTIFY CCW



0 !HISTORY 2004-11-06 [PTadmin] Official Update 2004-04

0 !HISTORY 2007-09-05 [PTadmin] Header formatted for Contributor Agreement

0 !HISTORY 2008-07-01 [PTadmin] Official Update 2008-01

0 !HISTORY 2023-03-28 [Sirio] Removed top patternable faces; updated description; BFC CCW

0 !HISTORY 2025-04-27 [OrionP] Official Update 2025-04

0 !HISTORY 2026-04-26 [MagFors] Renamed from s\43722s01

0 !HISTORY 2026-05-31 [OrionP] Official Update 2026-05



0 // Primitives

0 BFC INVERTNEXT

1 16 .875 6 25.13 0 -15.415 -0.29 2 0 0 0 0 0.87 box2-5.dat

1 16 16 6 0 0 1 0 0 0 2 26 0 0 rect2p.dat

0 BFC INVERTNEXT

1 16 7.905 6 -21.985 0 1.345 -6.75 2 0 0 0 -4.015 0 box2-5.dat

1 16 0 4 0 0 20 0 4 0 0 0 0 30 box2-5.dat

1 16 10 4 -30 0 0 -10 4 0 0 0 1 0 rect3.dat

0 // Faces

4 16 16 4 26 16 4 -26 2.5 4 -26 -14.83 4 26

4 16 -20 8 30 -14.83 8 26 -14.25 8 24.26 -17.73 8 23.19

4 16 -20 8 30 20 8 30 16 8 26 -14.83 8 26

4 16 20 8 -30 16 8 -26 16 8 26 20 8 30

4 16 20 8 -30 0 8 -30 2.5 8 -26 16 8 -26

4 16 -20 0 30 -20 8 30 -17.73 8 23.19 -17.73 4 23.19

3 16 -20 0 30 -17.73 4 23.19 -14.27 4 12.81

4 16 -20 0 30 -14.27 4 12.81 -11.9 4 5.7 0 0 -30

3 16 0 0 -30 -11.9 4 5.7 -7.66 4 -7.02

4 16 0 0 -30 -7.66 4 -7.02 -7.66 8 -7.02 0 8 -30

0 // Edges

2 24 -20 8 30 -17.73 8 23.19

2 24 0 8 -30 -7.66 8 -7.02

2 24 -17.73 4 23.19 -14.27 4 12.81

2 24 -20 0 30 0 0 -30

0 // Half understud

0 BFC INVERTNEXT

1 16 0 4 -10 0 0 6 0 4 0 -6 0 0 1-4cylo.dat

0 BFC INVERTNEXT

1 16 0 4 -10 6 0 0 0 4 0 0 0 6 3-8cylo.dat

1 16 0 8 -10 0 0 2 0 -1 0 -2 0 0 1-4ring3.dat

1 16 0 8 -10 2 0 0 0 -1 0 0 0 2 3-8ring3.dat

1 16 0 4 -10 0 0 8 0 4 0 -8 0 0 1-4cylo.dat

1 16 0 4 -10 8 0 0 0 4 0 0 0 8 3-8cylo.dat

0 // Complete understud

0 BFC INVERTNEXT

1 16 0 4 10 6 0 0 0 4 0 0 0 6 4-4cylo.dat

1 16 0 8 10 2 0 0 0 -1 0 0 0 -2 7-16ring3.dat

1 16 0 8 10 2 0 0 0 -1 0 0 0 2 2-4ring3.dat

1 16 0 8 10 -6 0 0 0 -1 0 0 0 -6 1-16tndis.dat

1 16 0 4 10 0 0 -8 0 4 0 -8 0 0 3-16cylo.dat

1 16 0 4 10 0 0 8 0 4 0 -8 0 0 3-4cylo.dat

0 // Complementary faces

1 16 -15.99 6 23.725 1.74 -1 0 0 0 2 .535 0 0 rect.dat

1 16 -12.55 6 13.405 1.72 1 0 0 0 2 .595 0 0 rect.dat

0 BFC INVERTNEXT

1 16 -9.415 6 12 0 -.68 .735 2 0 0 0 -.205 -2.205 box2-7.dat

1 16 -13.085 6 9.255 0 1 1.185 2 0 0 0 0 -3.555 rect1.dat

1 16 -9.6456 6 6.3192 0 -1 2.2544 2 0 0 0 0 .6192 rect.dat

1 16 -6.524 6 -5.6408 .8672 1 0 0 0 2 1.2976 0 0 rect2p.dat

1 16 -7.5256 6 -6.9792 .1344 1 0 0 0 2 .0408 0 0 rect.dat

0 BFC INVERTNEXT

1 16 -2.1213 6 -10.8787 0 -.445 1.6763 2 0 0 0 .0885 -5.0328 box2-7.dat

1 16 -.095 6 -17.985 -.095 1 0 0 0 2 .015 0 0 rect2p.dat

0 // Faces

4 16 -11.9 8 5.7 -14.27 8 12.81 -10.83 8 14 -9.36 8 9.59

4 16 -11.9 8 5.7 -9.36 8 9.59 -8 8 10 -6 8 10

3 16 -11.9 8 5.7 -6 8 10 -6 8 7.7038

4 16 -11.9 8 5.7 -6 8 7.7038 -5.5434 8 7.7038 -7.3912 8 6.9384

4 16 -.89 8 -15.823 -7.3912 8 -6.9384 -5.6568 8 -4.3432 -4.2426 8 -5.7574

4 16 -.89 8 -15.823 -.19 8 -17.97 -7.66 8 -7.02 -7.3912 8 -6.9384

4 16 -.89 8 -15.823 0 8 -16 0 8 -18 -.19 8 -17.97

4 16 0 8 -30 -7.66 8 -7.02 -.19 8 -17.97 2.5 8 -26

4 16 -14.27 4 12.81 -17.73 4 23.19 -14.25 4 24.26 -10.83 4 14

4 16 -9.36 4 9.59 -7.3912 4 -6.9384 -7.66 4 -7.02 -11.9 4 5.7

3 16 -9.36 4 9.59 -4.2426 4 -5.7574 -7.3912 4 -6.9384

0 // Edges

2 24 -8 8 10 -8 4 10

2 24 -4.2426 8 -5.7574 -4.2426 4 -5.7574

2 24 -11.9 4 5.7 -7.66 4 -7.02

0 // Conditional lines

5 24 -5.6568 8 -4.3432 -5.6568 4 -4.3432 -3.0616 8 -2.6088 -7.3912 8 -6.9384

5 24 0 8 -16 0 4 -16 2.2962 8 -15.5434 -.89 8 -15.823

5 24 0 8 -18 0 4 -18 3.0616 8 -17.3912 -.19 8 -17.97
0 NOFILE

0 FILE 3-4cylo.dat
0 Cylinder Open 0.75

0 Name: 3-4cylo.dat

0 Author: Philippe Hurbain [Philo]

0 !LDRAW_ORG Primitive UPDATE 2011-02

0 !LICENSE Licensed under CC BY 4.0 : see CAreadme.txt



0 BFC CERTIFY CCW



0 !HISTORY 2011-12-29 [PTadmin] Official Update 2011-02





1 16 0 0 0 1 0 0 0 1 0 0 0 1 3-4edge.dat

1 16 0 1 0 1 0 0 0 1 0 0 0 1 3-4edge.dat

1 16 0 0 0 1 0 0 0 1 0 0 0 1 3-4cyli.dat

0 NOFILE

0 FILE 3-4cyli.dat
0 Cylinder 0.75

0 Name: 3-4cyli.dat

0 Author: James Jessiman

0 !LDRAW_ORG Primitive UPDATE 2005-01

0 !LICENSE Licensed under CC BY 4.0 : see CAreadme.txt



0 BFC CERTIFY CCW



0 !HISTORY 2002-03-23 [sbliss] Added BFC statement; compacted code

0 !HISTORY 2002-04-25 [PTadmin] Official Update 2002-02

0 !HISTORY 2004-12-11 [nielsk] Recreated using Primitive Generator, Edge lines fixed, BFC changed to CCW

0 !HISTORY 2005-12-28 [PTadmin] Official Update 2005-01

0 !HISTORY 2007-06-24 [PTadmin] Header formatted for Contributor Agreement

0 !HISTORY 2008-07-01 [PTadmin] Official Update 2008-01





4 16 .9239 1 .3827 .9239 0 .3827 1 0 0 1 1 0

4 16 .7071 1 .7071 .7071 0 .7071 .9239 0 .3827 .9239 1 .3827

4 16 .3827 1 .9239 .3827 0 .9239 .7071 0 .7071 .7071 1 .7071

4 16 0 1 1 0 0 1 .3827 0 .9239 .3827 1 .9239

4 16 -.3827 1 .9239 -.3827 0 .9239 0 0 1 0 1 1

4 16 -.7071 1 .7071 -.7071 0 .7071 -.3827 0 .9239 -.3827 1 .9239

4 16 -.9239 1 .3827 -.9239 0 .3827 -.7071 0 .7071 -.7071 1 .7071

4 16 -1 1 0 -1 0 0 -.9239 0 .3827 -.9239 1 .3827

4 16 -.9239 1 -.3827 -.9239 0 -.3827 -1 0 0 -1 1 0

4 16 -.7071 1 -.7071 -.7071 0 -.7071 -.9239 0 -.3827 -.9239 1 -.3827

4 16 -.3827 1 -.9239 -.3827 0 -.9239 -.7071 0 -.7071 -.7071 1 -.7071

4 16 0 1 -1 0 0 -1 -.3827 0 -.9239 -.3827 1 -.9239

5 24 1 1 0 1 0 0 1 1 -.4142 .9239 1 .3827

5 24 .9239 1 .3827 .9239 0 .3827 1 1 0 .7071 1 .7071

5 24 .7071 1 .7071 .7071 0 .7071 .9239 1 .3827 .3827 1 .9239

5 24 .3827 1 .9239 .3827 0 .9239 .7071 1 .7071 0 1 1

5 24 0 1 1 0 0 1 .3827 1 .9239 -.3827 1 .9239

5 24 -.3827 1 .9239 -.3827 0 .9239 0 1 1 -.7071 1 .7071

5 24 -.7071 1 .7071 -.7071 0 .7071 -.3827 1 .9239 -.9239 1 .3827

5 24 -.9239 1 .3827 -.9239 0 .3827 -.7071 1 .7071 -1 1 0

5 24 -1 1 0 -1 0 0 -.9239 1 .3827 -.9239 1 -.3827

5 24 -.9239 1 -.3827 -.9239 0 -.3827 -1 1 0 -.7071 1 -.7071

5 24 -.7071 1 -.7071 -.7071 0 -.7071 -.9239 1 -.3827 -.3827 1 -.9239

5 24 -.3827 1 -.9239 -.3827 0 -.9239 -.7071 1 -.7071 0 1 -1

5 24 0 1 -1 0 0 -1 -.3827 1 -.9239 .4142 1 -1

0

0 NOFILE

0 FILE 1-16tndis.dat
0 Disc Negative Truncated 0.0625

0 Name: 1-16tndis.dat

0 Author: Massimo Maso [Sirio]

0 !LDRAW_ORG Primitive UPDATE 2022-03

0 !LICENSE Licensed under CC BY 4.0 : see CAreadme.txt



0 BFC CERTIFY CCW



0 !HISTORY 2022-05-07 [PTadmin] Official Update 2022-03





3 16 1 0 .3827 .9239 0 .3827 1 0 0

0 NOFILE

0 FILE 7-16ring3.dat
0 Ring  3 x 0.4375

0 Name: 7-16ring3.dat

0 Author: Alex Taylor [anathema]

0 !LDRAW_ORG Primitive UPDATE 2024-02

0 !LICENSE Licensed under CC BY 4.0 : see CAreadme.txt



0 BFC CERTIFY CCW



0 !HISTORY 2010-04-05 [PTadmin] Official Update 2010-01

0 !HISTORY 2024-03-23 [OrionP] Moved from 7-16rin3.dat

0 !HISTORY 2024-03-24 [OrionP] Official Update 2024-02



4 16 3 0 0 4 0 0 3.6956 0 1.5308 2.7717 0 1.1481

4 16 2.7717 0 1.1481 3.6956 0 1.5308 2.8284 0 2.8284 2.1213 0 2.1213

4 16 2.1213 0 2.1213 2.8284 0 2.8284 1.5308 0 3.6956 1.1481 0 2.7717

4 16 1.1481 0 2.7717 1.5308 0 3.6956 0 0 4 0 0 3

4 16 0 0 3 0 0 4 -1.5308 0 3.6956 -1.1481 0 2.7717

4 16 -1.1481 0 2.7717 -1.5308 0 3.6956 -2.8284 0 2.8284 -2.1213 0 2.1213

4 16 -2.1213 0 2.1213 -2.8284 0 2.8284 -3.6956 0 1.5308 -2.7717 0 1.1481

0

0 NOFILE

0 FILE 3-8ring3.dat
0 Ring  3 x 0.375

0 Name: 3-8ring3.dat

0 Author: Niels Karsdorp [nielsk]

0 !LDRAW_ORG Primitive UPDATE 2005-01

0 !LICENSE Licensed under CC BY 4.0 : see CAreadme.txt



0 BFC CERTIFY CCW



0 !HISTORY 2004-11-10 [nielsk] changed to CCW

0 !HISTORY 2005-12-28 [PTadmin] Official Update 2005-01

0 !HISTORY 2007-06-24 [PTadmin] Header formatted for Contributor Agreement

0 !HISTORY 2008-07-01 [PTadmin] Official Update 2008-01





4 16 4 0 0 3.6956 0 1.5308 2.7717 0 1.1481 3 0 0

4 16 3.6956 0 1.5308 2.8284 0 2.8284 2.1213 0 2.1213 2.7717 0 1.1481

4 16 2.8284 0 2.8284 1.5308 0 3.6956 1.1481 0 2.7717 2.1213 0 2.1213

4 16 1.5308 0 3.6956 0 0 4 0 0 3 1.1481 0 2.7717

4 16 0 0 4 -1.5308 0 3.6956 -1.1481 0 2.7717 0 0 3

4 16 -1.5308 0 3.6956 -2.8284 0 2.8284 -2.1213 0 2.1213 -1.1481 0 2.7717

0

0 NOFILE

0 FILE 1-4ring3.dat
0 Ring  3 x 0.25

0 Name: 1-4ring3.dat

0 Author: Willy Tschager [Holly-Wood]

0 !LDRAW_ORG Primitive UPDATE 2024-01

0 !LICENSE Licensed under CC BY 4.0 : see CAreadme.txt



0 BFC CERTIFY CCW



0 !HISTORY 1999-07-05 [PTadmin] Official Update 1999-05

0 !HISTORY 2003-01-21 [cavehop] Update Added BFC and 1 digit of significance

0 !HISTORY 2003-05-21 [cavehop] Corrected values as indicated by pneaster

0 !HISTORY 2003-06-12 [cavehop] Re-corrected values as indicated by pneaster

0 !HISTORY 2003-08-01 [PTadmin] Official Update 2003-02

0 !HISTORY 2007-06-22 [PTadmin] Header formatted for Contributor Agreement

0 !HISTORY 2008-07-01 [PTadmin] Official Update 2008-01

0 !HISTORY 2012-02-16 [Philo] Changed to CCW

0 !HISTORY 2012-03-30 [PTadmin] Official Update 2012-01

0 !HISTORY 2024-01-04 [Holly-Wood] Complete re-write, original by Karim Nassar

0 !HISTORY 2024-01-29 [OrionP] Official Update 2024-01



4 16 4 0 0 3.6956 0 1.5308 2.7717 0 1.1481 3 0 0

4 16 3.6956 0 1.5308 2.8284 0 2.8284 2.1213 0 2.1213 2.7717 0 1.1481

4 16 2.8284 0 2.8284 1.5308 0 3.6956 1.1481 0 2.7717 2.1213 0 2.1213

4 16 1.5308 0 3.6956 0 0 4 0 0 3 1.1481 0 2.7717

0 // Build by LDPartEditor (PrimGen 2.X)

0 NOFILE

0 FILE 3-8cylo.dat
0 Cylinder Open 0.375

0 Name: 3-8cylo.dat

0 Author: J.C. Tchang [tchang]

0 !LDRAW_ORG Primitive UPDATE 2013-01

0 !LICENSE Licensed under CC BY 4.0 : see CAreadme.txt



0 BFC CERTIFY CCW



0 !HISTORY 2013-07-21 [PTadmin] Official Update 2013-01





1 16 0 0 0 1 0 0 0 1 0 0 0 1 3-8edge.dat

1 16 0 1 0 1 0 0 0 1 0 0 0 1 3-8edge.dat

1 16 0 0 0 1 0 0 0 1 0 0 0 1 3-8cyli.dat

0 NOFILE

0 FILE 3-8cyli.dat
0 Cylinder 0.375

0 Name: 3-8cyli.dat

0 Author: James Jessiman

0 !LDRAW_ORG Primitive UPDATE 2005-01

0 !LICENSE Licensed under CC BY 4.0 : see CAreadme.txt



0 BFC CERTIFY CCW



0 !HISTORY 2002-05-08 [OrionP] Made BFC compliant

0 !HISTORY 2002-08-18 [PTadmin] Official Update 2002-04

0 !HISTORY 2004-12-11 [nielsk] Recreated using Primitive Generator, Edge lines fixed, BFC changed to CCW

0 !HISTORY 2005-12-28 [PTadmin] Official Update 2005-01

0 !HISTORY 2007-06-24 [PTadmin] Header formatted for Contributor Agreement

0 !HISTORY 2008-07-01 [PTadmin] Official Update 2008-01





4 16 .9239 1 .3827 .9239 0 .3827 1 0 0 1 1 0

4 16 .7071 1 .7071 .7071 0 .7071 .9239 0 .3827 .9239 1 .3827

4 16 .3827 1 .9239 .3827 0 .9239 .7071 0 .7071 .7071 1 .7071

4 16 0 1 1 0 0 1 .3827 0 .9239 .3827 1 .9239

4 16 -.3827 1 .9239 -.3827 0 .9239 0 0 1 0 1 1

4 16 -.7071 1 .7071 -.7071 0 .7071 -.3827 0 .9239 -.3827 1 .9239

5 24 1 1 0 1 0 0 1 1 -.4142 .9239 1 .3827

5 24 .9239 1 .3827 .9239 0 .3827 1 1 0 .7071 1 .7071

5 24 .7071 1 .7071 .7071 0 .7071 .9239 1 .3827 .3827 1 .9239

5 24 .3827 1 .9239 .3827 0 .9239 .7071 1 .7071 0 1 1

5 24 0 1 1 0 0 1 .3827 1 .9239 -.3827 1 .9239

5 24 -.3827 1 .9239 -.3827 0 .9239 0 1 1 -.7071 1 .7071

5 24 -.7071 1 .7071 -.7071 0 .7071 -.3827 1 .9239 -1 1 .4142

0

0 NOFILE

0 FILE 3-8edge.dat
0 Circle 0.375

0 Name: 3-8edge.dat

0 Author: James Jessiman

0 !LDRAW_ORG Primitive UPDATE 2017-01

0 !LICENSE Licensed under CC BY 4.0 : see CAreadme.txt



0 BFC CERTIFY CCW



0 !HISTORY 2007-06-24 [PTadmin] Header formatted for Contributor Agreement

0 !HISTORY 2008-07-01 [PTadmin] Official Update 2008-01

0 !HISTORY 2017-01-15 [Steffen] BFCed

0 !HISTORY 2017-12-30 [PTadmin] Official Update 2017-01





2 24 1 0 0 0.9239 0 0.3827

2 24 0.9239 0 0.3827 0.7071 0 0.7071

2 24 0.7071 0 0.7071 0.3827 0 0.9239

2 24 0.3827 0 0.9239 0 0 1

2 24 0 0 1 -0.3827 0 0.9239

2 24 -0.3827 0 0.9239 -0.7071 0 0.7071

0 NOFILE

0 FILE 3021.dat
0 Plate  2 x  3

0 Name: 3021.dat

0 Author: James Jessiman

0 !LDRAW_ORG Part UPDATE 2002-03

0 !LICENSE Licensed under CC BY 4.0 : see CAreadme.txt



0 BFC CERTIFY CCW



0 !HISTORY 2001-10-26 [PTadmin] Official Update 2001-01

0 !HISTORY 2002-05-07 {unknown} BFC Certification

0 !HISTORY 2002-06-11 [PTadmin] Official Update 2002-03

0 !HISTORY 2007-06-07 [PTadmin] Header formatted for Contributor Agreement

0 !HISTORY 2008-07-01 [PTadmin] Official Update 2008-01





1 16 10 4 0 1 0 0 0 -1 0 0 0 1 stud4.dat

1 16 -10 4 0 1 0 0 0 -1 0 0 0 1 stud4.dat



0 BFC INVERTNEXT

1 16 0 8 0 26 0 0 0 -4 0 0 0 16 box5.dat



4 16 30 8 20 26 8 16 -26 8 16 -30 8 20

0 // Next Line was 4 16 30 8 -20 26 8 -16 -26 8 -16 -30 8 -20

4 16 -30 8 -20 -26 8 -16 26 8 -16 30 8 -20

0 // Next Line was 4 16 30 8 20 26 8 16 26 8 -16 30 8 -20

4 16 30 8 -20 26 8 -16 26 8 16 30 8 20

4 16 -30 8 20 -26 8 16 -26 8 -16 -30 8 -20



1 16 0 8 0 30 0 0 0 -8 0 0 0 20 box5.dat



1 16 20 0 10 1 0 0 0 1 0 0 0 1 stud.dat

1 16 0 0 10 1 0 0 0 1 0 0 0 1 stud.dat

1 16 -20 0 10 1 0 0 0 1 0 0 0 1 stud.dat

1 16 20 0 -10 1 0 0 0 1 0 0 0 1 stud.dat

1 16 0 0 -10 1 0 0 0 1 0 0 0 1 stud.dat

1 16 -20 0 -10 1 0 0 0 1 0 0 0 1 stud.dat

0

0 NOFILE

0 FILE 2555.dat
0 Tile  1 x  1 with Clip

0 Name: 2555.dat

0 Author: James Jessiman

0 !LDRAW_ORG Part UPDATE 2025-09

0 !LICENSE Licensed under CC BY 4.0 : see CAreadme.txt



0 BFC CERTIFY CCW



0 !HISTORY 2003-11-13 [sbliss] Updated 3070 reference to 3070a

0 !HISTORY 2003-11-13 [Steffen] BFCed

0 !HISTORY 2003-12-19 [PTadmin] Official Update 2003-03

0 !HISTORY 2007-05-14 [PTadmin] Header formatted for Contributor Agreement

0 !HISTORY 2008-07-01 [PTadmin] Official Update 2008-01

0 !HISTORY 2013-12-15 [MagFors] Added edge lines inside the clip

0 !HISTORY 2013-12-23 [PTadmin] Official Update 2013-02

0 !HISTORY 2025-09-27 [OrionP] Changed winding to CCW

0 !HISTORY 2025-09-29 [OrionP] Official Update 2025-09



1 16 0 0 0 1 0 0 0 1 0 0 0 1 3070a.dat



2 24 10 0 4 -10 0 4

2 24 10 0 -4 -10 0 -4

4 16 10 0 -4 4 -2 -4 -4 -2 -4 -10 0 -4

4 16 -10 0 4 -4 -2 4 4 -2 4 10 0 4

1 16 0 -6 4 0 0 -4 4 0 0 0 -1 0 5-16ndis.dat

1 16 0 -6 4 0 0 4 4 0 0 0 -1 0 5-16ndis.dat

1 16 0 -6 -4 0 0 -4 4 0 0 0 1 0 5-16ndis.dat

1 16 0 -6 -4 0 0 4 4 0 0 0 1 0 5-16ndis.dat

0 BFC INVERTNEXT

1 16 0 -6 4 0 0 -4 4 0 0 0 -8 0 5-16cylo.dat

0 BFC INVERTNEXT

1 16 0 -6 4 0 0 4 4 0 0 0 -8 0 5-16cylo.dat

1 16 -3.8478 -8.7654 0 0 -1 -0.1522 0 0 -1.2346 -4 0 0 rect.dat

1 16 3.8478 -8.7654 0 0 1 0.1522 0 0 -1.2346 4 0 0 rect.dat

1 16 7 -5 0 0 2 -1 0 0 -5 -4 0 0 box2-7.dat

1 16 -7 -5 0 0 -2 1 0 0 -5 4 0 0 box2-7.dat

4 16 10 0 -4 8 -10 -4 4 -6 -4 4 -2 -4

3 16 4 -10 -4 4 -6 -4 8 -10 -4

4 16 -4 -2 -4 -4 -6 -4 -8 -10 -4 -10 0 -4

3 16 -8 -10 -4 -4 -6 -4 -4 -10 -4

4 16 4 -2 4 4 -6 4 8 -10 4 10 0 4

3 16 8 -10 4 4 -6 4 4 -10 4

4 16 -10 0 4 -8 -10 4 -4 -6 4 -4 -2 4

3 16 -4 -10 4 -4 -6 4 -8 -10 4
0 NOFILE

0 FILE 5-16cylo.dat
0 Cylinder Open 0.3125

0 Name: 5-16cylo.dat

0 Author: Max Martin Richter [MMR1988]

0 !LDRAW_ORG Primitive UPDATE 2013-01

0 !LICENSE Licensed under CC BY 4.0 : see CAreadme.txt



0 BFC CERTIFY CCW



0 !HISTORY 2013-07-21 [PTadmin] Official Update 2013-01





1 16 0 0 0 1 0 0 0 1 0 0 0 1 5-16cyli.dat

1 16 0 0 0 1 0 0 0 1 0 0 0 1 5-16edge.dat

1 16 0 1 0 1 0 0 0 1 0 0 0 1 5-16edge.dat

0 NOFILE

0 FILE 5-16edge.dat
0 Circle 0.3125

0 Name: 5-16edge.dat

0 Author: Philippe Hurbain [Philo]

0 !LDRAW_ORG Primitive UPDATE 2009-03

0 !LICENSE Licensed under CC BY 4.0 : see CAreadme.txt



0 BFC CERTIFY CCW



0 !HISTORY 2009-12-29 [PTadmin] Official Update 2009-03





2 24 1 0 0 0.9239 0 0.3827

2 24 0.9239 0 0.3827 0.7071 0 0.7071

2 24 0.7071 0 0.7071 0.3827 0 0.9239

2 24 0.3827 0 0.9239 0 0 1

2 24 0 0 1 -0.3827 0 0.9239



0 // end of file



0 NOFILE

0 FILE 5-16cyli.dat
0 Cylinder 0.3125

0 Name: 5-16cyli.dat

0 Author: Philippe Hurbain [Philo]

0 !LDRAW_ORG Primitive UPDATE 2009-03

0 !LICENSE Licensed under CC BY 4.0 : see CAreadme.txt



0 BFC CERTIFY CCW



0 !HISTORY 2009-12-29 [PTadmin] Official Update 2009-03





4 16 0.9239 0 0.3827 1 0 0 1 1 0 0.9239 1 0.3827

4 16 0.7071 0 0.7071 0.9239 0 0.3827 0.9239 1 0.3827 0.7071 1 0.7071

4 16 0.3827 0 0.9239 0.7071 0 0.7071 0.7071 1 0.7071 0.3827 1 0.9239

4 16 0 0 1 0.3827 0 0.9239 0.3827 1 0.9239 0 1 1

4 16 -0.3827 0 0.9239 0 0 1 0 1 1 -0.3827 1 0.9239



0 // conditional lines

5 24 1 1 0 1 0 0 1 1 -0.4142 0.9239 1 0.3827

5 24 0.9239 1 0.3827 0.9239 0 0.3827 1 1 0 0.7071 1 0.7071

5 24 0.7071 1 0.7071 0.7071 0 0.7071 0.9239 1 0.3827 0.3827 1 0.9239

5 24 0.3827 1 0.9239 0.3827 0 0.9239 0.7071 1 0.7071 0 1 1

5 24 0 1 1 0 0 1 0.3827 1 0.9239 -0.3827 1 0.9239

5 24 -0.3827 1 0.9239 -0.3827 0 0.9239 0 1 1 -0.7654 1 0.7654



0 // end of file



0 NOFILE

0 FILE 5-16ndis.dat
0 Disc Negative 0.3125

0 Name: 5-16ndis.dat

0 Author: Max Martin Richter [MMR1988]

0 !LDRAW_ORG Primitive UPDATE 2013-01

0 !LICENSE Licensed under CC BY 4.0 : see CAreadme.txt



0 BFC CERTIFY CCW



0 !HISTORY 2013-07-21 [PTadmin] Official Update 2013-01





3 16 1 0 1 0.9239 0 0.3827 1 0 0

3 16 1 0 1 0.7071 0 0.7071 0.9239 0 0.3827

3 16 1 0 1 0.3827 0 0.9239 0.7071 0 0.7071

3 16 1 0 1 0 0 1 0.3827 0 0.9239

3 16 -1 0 1 -0.3827 0 0.9239 0 0 1

0 // Build by Primitive Generator 2

0 NOFILE

0 FILE 3070a.dat
0 Tile  1 x  1 without Groove

0 Name: 3070a.dat

0 Author: James Jessiman

0 !LDRAW_ORG Part UPDATE 2025-09

0 !LICENSE Licensed under CC BY 4.0 : see CAreadme.txt



0 BFC CERTIFY CCW



0 !HISTORY 2003-07-01 [Steffen] BFCed

0 !HISTORY 2003-12-19 [PTadmin] Official Update 2003-03

0 !HISTORY 2007-10-13 [PTadmin] Header formatted for Contributor Agreement

0 !HISTORY 2008-07-01 [PTadmin] Official Update 2008-01

0 !HISTORY 2025-09-27 [OrionP] Changed winding to CCW

0 !HISTORY 2025-09-29 [OrionP] Official Update 2025-09



1 16 0 8 0 10 0 0 0 -8 0 0 0 10 box4.dat

0 BFC INVERTNEXT

1 16 0 8 0 6 0 0 0 -4 0 0 0 6 box5.dat

4 16 10 8 10 6 8 6 -6 8 6 -10 8 10

4 16 -10 8 10 -6 8 6 -6 8 -6 -10 8 -10

4 16 -10 8 -10 -6 8 -6 6 8 -6 10 8 -10

4 16 10 8 -10 6 8 -6 6 8 6 10 8 10

4 16 -10 0 -10 10 0 -10 10 0 10 -10 0 10

0
0 NOFILE

0 FILE 35787.dat
0 Tile  2 x  2 Triangular

0 Name: 35787.dat

0 Author: Gerald Lasser [GeraldLasser]

0 !LDRAW_ORG Part UPDATE 2018-02

0 !LICENSE Licensed under CC BY 4.0 : see CAreadme.txt



0 BFC CERTIFY CCW



0 !HISTORY 2018-12-08 [PTadmin] Official Update 2018-02





1 16 0 0 0 1 0 0 0 1 0 0 0 1 s__35787s01.dat

3 16 -20 0 17 -20 0 -20 17 0 -20

4 16 -17 0 17 -20 0 17 17 0 -20 17 0 -17

0 NOFILE

0 FILE s__35787s01.dat
0 ~Tile  2 x  2 Triangular without Top Surface

0 Name: s\35787s01.dat

0 Author: Gerald Lasser [GeraldLasser]

0 !LDRAW_ORG Subpart UPDATE 2026-01

0 !LICENSE Licensed under CC BY 4.0 : see CAreadme.txt



0 BFC CERTIFY CCW



0 !HISTORY 2018-12-08 [PTadmin] Official Update 2018-02

0 !HISTORY 2025-12-29 [MagFors] used truncated stud

0 !HISTORY 2026-01-29 [OrionP] Official Update 2026-01



0 // Bottom Stud

1 16 0 4 0 -1 0 0 0 -1 0 0 0 -1 2-4stud4t45.dat



0 // Tile

4 16 -19 8 -19 -16 8 -16 15 8 -16 15 8 -19

1 16 15 8 -17.5 0 0 1.5 0 -1 0 -1.5 0 0 8__2-4chrd.dat

1 16 -17.5 8 15 1.5 0 0 0 -1 0 0 0 1.5 8__2-4chrd.dat

4 16 -19 8 -19 -19 8 15 -16 8 15 -16 8 -16



1 16 -2 7.5 -2 0 0 -17 .5 0 0 0 -17 0 box2-7.dat

1 16 15 8 -17.5 0 0 1.5 0 -1 0 -1.5 0 0 8__2-4cylo.dat

1 16 -17.5 8 15 1.5 0 0 0 -1 0 0 0 1.5 8__2-4cylo.dat



4 16 -20 7 -20 -20 7 17 -19 7 15 -19 7 -19

3 16 -16 7 15 -19 7 15 -20 7 17

4 16 -20 7 17 -17 7 17 -16 7 16 -16 7 15

4 16 -20 7 -20 -19 7 -19 15 7 -19 17 7 -20

4 16 17 7 -17 17 7 -20 15 7 -19 16 7 -16

3 16 15 7 -16 16 7 -16 15 7 -19



4 16 16 4 -16 16 7 -16 15 7 -16 -16 4 -16

4 16 -16 8 -16 -16 4 -16 15 7 -16 15 8 -16

4 16 -16 7 15 -16 7 16 -16 4 16 -16 4 -16

4 16 -16 8 15 -16 7 15 -16 4 -16 -16 8 -16

2 24 15 8 -16 -16 8 -16

2 24 -16 8 -16 -16 4 -16

2 24 -16 8 -16 -16 8 15

2 24 -16 4 16 -16 7 16

2 24 -16 7 16 -16 7 15

2 24 -16 7 16 -17 7 17

2 24 15 7 -16 16 7 -16

2 24 16 4 -16 16 7 -16

2 24 17 7 -17 16 7 -16



1 16 -1.5 3.5 -1.5 0 0 -18.5 3.5 0 0 0 -18.5 0 box2-5.dat

4 16 -16 4 16 -16 7 16 -17 7 17 -17 0 17

4 16 17 7 -17 16 7 -16 16 4 -16 17 0 -17



1 16 17 3.5 -18.5 0 -1 0 3.5 0 0 0 0 1.5 rect3.dat

1 16 -18.5 3.5 17 0 0 1.5 -3.5 0 0 0 -1 0 rect3.dat

2 24 -16 4 -16 16 4 -16

2 24 -16 4 -16 -16 4 16

2 24 5.6568 4 -5.6568 16 4 -16

2 24 -16 4 16 -5.657 4 5.657



3 16 1.4664 4 -5.7084 -16 4 -16 -5.7084 4 1.4664

4 16 -16 4 -16 1.4664 4 -5.7084 5.6568 4 -5.6568 16 4 -16

4 16 -5.657 4 5.657 -5.7084 4 1.4664 -16 4 -16 -16 4 16



3 16 -16 4 16 -17 0 17 -5.657 4 5.657

3 16 17 0 -17 16 4 -16 5.6568 4 -5.6568

4 16 17 0 -17 5.6568 4 -5.6568 -5.657 4 5.657 -17 0 17

2 24 17 0 -17 -17 0 17
0 NOFILE

0 FILE 8__2-4cylo.dat
0 Cylinder Open 0.5

0 Name: 8\2-4cylo.dat

0 Author: Magnus Forsberg [MagFors]

0 !LDRAW_ORG 8_Primitive UPDATE 2017-01

0 !LICENSE Licensed under CC BY 4.0 : see CAreadme.txt



0 BFC CERTIFY CCW



0 !HISTORY 2017-12-30 [PTadmin] Official Update 2017-01





1 16 0 0 0 1 0 0 0 1 0 0 0 1 8__2-4edge.dat

1 16 0 0 0 1 0 0 0 1 0 0 0 1 8__2-4cyli.dat

1 16 0 1 0 1 0 0 0 1 0 0 0 1 8__2-4edge.dat

0 NOFILE

0 FILE 8__2-4cyli.dat
0 Cylinder 0.5

0 Name: 8\2-4cyli.dat

0 Author: Philippe Hurbain [Philo]

0 !LDRAW_ORG 8_Primitive UPDATE 2016-01

0 !LICENSE Licensed under CC BY 4.0 : see CAreadme.txt



0 BFC CERTIFY CCW



0 !HISTORY 2016-12-31 [PTadmin] Official Update 2016-01





4 16 0.7071 0 0.7071 1 0 0 1 1 0 0.7071 1 0.7071

4 16 0 0 1 0.7071 0 0.7071 0.7071 1 0.7071 0 1 1

4 16 -0.7071 0 0.7071 0 0 1 0 1 1 -0.7071 1 0.7071

4 16 -1 0 0 -0.7071 0 0.7071 -0.7071 1 0.7071 -1 1 0

0 // conditional lines

5 24 1 1 0 1 0 0 1 1 -1 0.7071 1 0.7071

5 24 0.7071 1 0.7071 0.7071 0 0.7071 1 1 0 0 1 1

5 24 0 1 1 0 0 1 0.7071 1 0.7071 -0.7071 1 0.7071

5 24 -0.7071 1 0.7071 -0.7071 0 0.7071 0 1 1 -1 1 0

5 24 -1 1 0 -1 0 0 -0.7071 1 0.7071 -1 1 -1

0 // Build by Primitive Generator 2

0 NOFILE

0 FILE 8__2-4edge.dat
0 Circle 0.5

0 Name: 8\2-4edge.dat

0 Author: Philippe Hurbain [Philo]

0 !LDRAW_ORG 8_Primitive UPDATE 2016-01

0 !LICENSE Licensed under CC BY 4.0 : see CAreadme.txt



0 BFC CERTIFY CCW



0 !HISTORY 2016-12-31 [PTadmin] Official Update 2016-01





2 24 1 0 0 0.7071 0 0.7071

2 24 0.7071 0 0.7071 0 0 1

2 24 0 0 1 -0.7071 0 0.7071

2 24 -0.7071 0 0.7071 -1 0 0

0 // Build by Primitive Generator 2

0 NOFILE

0 FILE 8__2-4chrd.dat
0 Chord 0.5

0 Name: 8\2-4chrd.dat

0 Author: Magnus Forsberg [MagFors]

0 !LDRAW_ORG 8_Primitive UPDATE 2017-01

0 !LICENSE Licensed under CC BY 4.0 : see CAreadme.txt



0 BFC CERTIFY CCW



0 !HISTORY 2017-12-30 [PTadmin] Official Update 2017-01





3 16 .7071 0 .7071 0 0 1 -.7071 0 .7071

4 16 .7071 0 .7071 -.7071 0 .7071 -1 0 0 1 0 0

0 NOFILE

0 FILE 2-4stud4t45.dat
0 Stud Tube Open with Groove for 45 Degree Plate Edges

0 Name: 2-4stud4t45.dat

0 Author: Magnus Forsberg [MagFors]

0 !LDRAW_ORG Primitive UPDATE 2026-01

0 !LICENSE Licensed under CC BY 4.0 : see CAreadme.txt



0 BFC CERTIFY CCW



0 !HISTORY 2026-01-29 [OrionP] Official Update 2026-01



1 16 0 0 0 1 0 0 0 1 0 0 0 1 1-4stud4.dat

1 16 0 -4 0 8 0 0 0 4 0 0 0 -8 1-16cylo.dat

1 16 0 -4 0 0 0 -8 0 4 0 8 0 0 1-16cylo.dat

1 16 0 -4 0 8 0 0 0 1 0 0 0 -8 1-16chrd.dat

1 16 0 -4 0 0 0 -8 0 1 0 8 0 0 1-16chrd.dat



1 16 0 -1.5 0 5.6568 0 0 0 0 -1.5 -5.6568 1 0 rect3.dat

1 16 .7071 -3.5 .7071 0 1 -5.5162 -.5 0 0 0 0 5.5162 rect.dat

1 16 2.121 -2 2.121 -3.5874 0 0 0 0 -2 3.5874 -1 0 rect.dat

1 16 5.8542 -2 -.7332 -.1458 1 0 0 0 -2 -.7332 0 0 rect2p.dat

1 16 -.7332 -2 5.8542 .7332 0 0 0 0 -2 .1458 1 0 rect2p.dat

5 24 0 0 6 0 -4 6 -1.4664 0 5.7084 2.2962 0 5.5434

5 24 6 0 0 6 -4 0 5.7084 0 -1.4664 5.5434 0 2.2962



4 16 6 -4 0 5.7084 -4 -1.4664 7.3912 -4 -3.0616 8 -4 0

4 16 0 -4 6 0 -4 8 -3.0616 -4 7.3912 -1.4664 -4 5.7084

2 24 -3.0616 -4 7.3912 -4.8091 -4 6.2233

2 24 -3.0616 0 7.3912 -5.6568 0 5.6568

2 24 -4.8091 -3 6.2233 -5.6568 -3 5.6568

2 24 7.3912 -4 -3.0616 6.2233 -4 -4.8091

2 24 7.3912 0 -3.0616 5.6568 0 -5.6568

2 24 6.2233 -3 -4.8091 5.6568 -3 -5.6568

3 16 -3.0616 -4 7.3912 -4.8091 -4 6.2233 -1.4664 -4 5.7084

3 16 5.7084 -4 -1.4664 6.2233 -4 -4.8091 7.3912 -4 -3.0616

4 16 6.2233 -4 -4.8091 5.7084 -4 -1.4664 -1.4664 -4 5.7084 -4.8091 -4 6.2233

4 16 5.6568 -3 -5.6568 6.2233 -3 -4.8091 -4.8091 -3 6.2233 -5.6568 -3 5.6568

4 16 -4.8091 -3 6.2233 -3.0616 0 7.3912 -5.6568 0 5.6568 -5.6568 -3 5.6568

4 16 -3.0616 -4 7.3912 -3.0616 0 7.3912 -4.8091 -3 6.2233 -4.8091 -4 6.2233

4 16 7.3912 -4 -3.0616 6.2233 -4 -4.8091 6.2233 -3 -4.8091 7.3912 0 -3.0616

4 16 7.3912 0 -3.0616 6.2233 -3 -4.8091 5.6568 -3 -5.6568 5.6568 0 -5.6568

5 24 7.3912 0 -3.0616 7.3912 -4 -3.0616 8 0 0 5.6568 0 -5.6568

5 24 -3.0616 0 7.3912 -3.0616 -4 7.3912 0 0 8 -5.6568 0 5.6568
0 NOFILE

0 FILE 1-16chrd.dat
0 Chord 0.0625

0 Name: 1-16chrd.dat

0 Author: Philippe Hurbain [Philo]

0 !LDRAW_ORG Primitive UPDATE 2015-01

0 !LICENSE Licensed under CC BY 4.0 : see CAreadme.txt



0 BFC CERTIFY CCW



0 !HISTORY 2015-10-11 [PTadmin] Official Update 2015-01





0 // This file is intentionally empty because at the current \P resolution,

0 // an 1-16chrd is actually empty. However, this file still is present

0 // to allow tools to do primitives substition and fill in a real chrd here,

0 // or, if desired, to substitute this with the hi-res 48\1-16chrd.



0 // This file is based on an idea by Darats at http://forums.ldraw.org/read.php?19,14500,14500#msg-14500



1 16 0 0 0 1 0 0 0 1 0 0 0 1 empty.dat
0 NOFILE

0 FILE empty.dat
0 Empty

0 Name: empty.dat

0 Author: Steffen [Steffen]

0 !LDRAW_ORG Primitive UPDATE 2025-08

0 !LICENSE Licensed under CC BY 4.0 : see CAreadme.txt



0 BFC CERTIFY CCW



0 !HISTORY 2015-10-11 [PTadmin] Official Update 2015-01

0 !HISTORY 2025-08-13 [OrionP] Fix comments

0 !HISTORY 2025-08-31 [OrionP] Official Update 2025-08



0 // Tool MLCad cannot handle really empty files. This file is used as a workaround.

0 // It exceptionally contains forbidden non-LDRAW standard syntax to satisfy MLCad

0 // until it is fixed OR a different editor has become the de-facto LDRAW standard.

0 // The line being used here is an "impossible" conditional line which never should be visible,

0 // additionally hidden by a syntax explicitly hiding it from displaying.



0 MLCAD HIDE 5 24 0 0 0 0.0001 0 0 0.0001 -0.0001 0 0 0 0
0 NOFILE

0 FILE 1-16cylo.dat
0 Cylinder Open 0.0625

0 Name: 1-16cylo.dat

0 Author: Max Martin Richter [MMR1988]

0 !LDRAW_ORG Primitive UPDATE 2014-01

0 !LICENSE Licensed under CC BY 4.0 : see CAreadme.txt



0 BFC CERTIFY CCW



0 !HISTORY 2014-06-21 [PTadmin] Official Update 2014-01





1 16 0 0 0 1 0 0 0 1 0 0 0 1 1-16cyli.dat

1 16 0 0 0 1 0 0 0 1 0 0 0 1 1-16edge.dat

1 16 0 1 0 1 0 0 0 1 0 0 0 1 1-16edge.dat

0 NOFILE

0 FILE 1-16edge.dat
0 Circle 0.0625

0 Name: 1-16edge.dat

0 Author: Marc Klein [marckl]

0 !LDRAW_ORG Primitive UPDATE 2017-01

0 !LICENSE Licensed under CC BY 4.0 : see CAreadme.txt



0 BFC CERTIFY CCW



0 !HISTORY 2004-03-02 [PTadmin] Official Update 2004-01

0 !HISTORY 2007-06-22 [PTadmin] Header formatted for Contributor Agreement

0 !HISTORY 2008-07-01 [PTadmin] Official Update 2008-01

0 !HISTORY 2017-01-15 [Steffen] BFCed

0 !HISTORY 2017-12-30 [PTadmin] Official Update 2017-01





2 24 1 0 0 0.9239 0 0.3827

0 NOFILE

0 FILE 1-16cyli.dat
0 Cylinder 0.0625

0 Name: 1-16cyli.dat

0 Author: Marc Klein [marckl]

0 !LDRAW_ORG Primitive UPDATE 2005-01

0 !LICENSE Licensed under CC BY 4.0 : see CAreadme.txt



0 BFC CERTIFY CCW



0 !HISTORY 2004-03-02 [PTadmin] Official Update 2004-01

0 !HISTORY 2004-12-11 [nielsk] Recreated using Primitive Generator, Edge lines fixed, BFC changed to CCW

0 !HISTORY 2005-12-28 [PTadmin] Official Update 2005-01

0 !HISTORY 2007-06-22 [PTadmin] Header formatted for Contributor Agreement

0 !HISTORY 2008-07-01 [PTadmin] Official Update 2008-01





4 16 .9239 1 .3827 .9239 0 .3827 1 0 0 1 1 0

5 24 1 1 0 1 0 0 1 1 -.4142 .9239 1 .3827

5 24 .9239 1 .3827 .9239 0 .3827 1 1 0 .7654 1 .7654

0

0 NOFILE

0 FILE 1-4stud4.dat
0 Stud Tube Open 0.25

0 Name: 1-4stud4.dat

0 Author: Massimo Maso [Sirio]

0 !LDRAW_ORG Primitive UPDATE 2019-01

0 !LICENSE Licensed under CC BY 4.0 : see CAreadme.txt



0 BFC CERTIFY CCW



0 !HISTORY 2019-06-28 [PTadmin] Official Update 2019-01





0 BFC INVERTNEXT

1 16 0 -4 0 6 0 0 0 4 0 0 0 6 1-4cylo.dat

1 16 0 -4 0 8 0 0 0 4 0 0 0 8 1-4cylo.dat

1 16 0 -4 0 2 0 0 0 1 0 0 0 2 1-4ring3.dat

0 NOFILE

0 FILE 43723.dat
0 ~Moved to 43723a

0 Name: 43723.dat

0 Author: Magnus Forsberg [MagFors]

0 !LDRAW_ORG Part UPDATE 2026-05

0 !LICENSE Licensed under CC BY 4.0 : see CAreadme.txt



0 BFC CERTIFY CCW



0 !HISTORY 2026-05-31 [OrionP] Official Update 2026-05



0 // Wing 2 x 3 Left

1 16 0 0 0 1 0 0 0 1 0 0 0 1 43723a.dat
0 NOFILE

0 FILE 43723a.dat
0 Wing  2 x  3 Left without Chamfer

0 Name: 43723a.dat

0 Author: Donald Sutter [technog]

0 !LDRAW_ORG Part UPDATE 2026-05

0 !LICENSE Licensed under CC BY 4.0 : see CAreadme.txt



0 BFC CERTIFY CCW



0 !KEYWORDS Bricklink 43723, Brickowl 724978, Brickset 43723, Rebrickable 43723

0 !KEYWORDS wedge plate



0 !HISTORY 2004-11-06 [PTadmin] Official Update 2004-04

0 !HISTORY 2007-07-04 [PTadmin] Header formatted for Contributor Agreement

0 !HISTORY 2008-07-01 [PTadmin] Official Update 2008-01

0 !HISTORY 2023-03-28 [Sirio] Modified subpart; introduced stud group

0 !HISTORY 2025-04-27 [OrionP] Official Update 2025-04

0 !HISTORY 2026-04-25 [MagFors] Renamed from 43723

0 !HISTORY 2026-05-31 [OrionP] Official Update 2026-05



1 16 0 0 0 -1 0 0 0 1 0 0 0 1 s__43722as01.dat

1 16 -10 0 0 0 0 -1 0 1 0 1 0 0 stug-1x3.dat

4 16 20 0 30 -20 0 30 -20 0 -30 0 0 -30
0 NOFILE

0 FILE 2450.dat
0 Plate  3 x  3 without Corner

0 Name: 2450.dat

0 Author: James Jessiman

0 !LDRAW_ORG Part UPDATE 2024-03

0 !LICENSE Licensed under CC BY 4.0 : see CAreadme.txt



0 BFC CERTIFY CCW



0 !KEYWORDS Wing



0 !HISTORY 2003-08-07 [jriley] BFC compliant

0 !HISTORY 2003-12-19 [PTadmin] Official Update 2003-03

0 !HISTORY 2007-05-13 [PTadmin] Header formatted for Contributor Agreement

0 !HISTORY 2008-07-01 [PTadmin] Official Update 2008-01

0 !HISTORY 2008-07-07 [mkennedy] Used ribt45, optimized with box2-5 and stug2, used rect1 in gaps (2006-06-29)

0 !HISTORY 2010-12-31 [PTadmin] Official Update 2010-03

0 !HISTORY 2011-03-12 [anathema] Corrected winding of triangles and quads

0 !HISTORY 2011-07-25 [PTadmin] Official Update 2011-01

0 !HISTORY 2024-04-12 [Holly-Wood] Added keyword

0 !HISTORY 2024-04-28 [OrionP] Official Update 2024-03



1 16 10 4 10 1 0 0 0 -1 0 0 0 1 stud4.dat

1 16 -10 4 10 1 0 0 0 -1 0 0 0 1 stud4.dat

1 16 -10 4 -10 1 0 0 0 -1 0 0 0 1 stud4.dat

1 16 0 4 0 0 0 -30 4 0 0 0 30 0 box2-5.dat

1 16 -20 4 -30 10 0 0 0 0 4 0 1 0 rect2p.dat

1 16 30 4 20 0 -1 0 0 0 4 10 0 0 rect2p.dat

1 16 10 4 -10 1 0 0 0 1 0 0 0 1 ribt45.dat

1 16 -1.42 4 -18.58 1.41 0 4.25 0 -1 0 -1.41 0 4.25 rect1.dat

1 16 18.58 4 1.42 1.41 0 4.25 0 -1 0 -1.41 0 4.25 rect1.dat

0 BFC INVERTNEXT

1 16 0 6 0 0 -26 0 2 0 0 0 0 26 box2-5.dat

1 16 -18.82 6 -26 -7.18 0 0 0 0 2 0 -1 0 rect2p.dat

1 16 -7.13 6 -27.13 -2.87 -1 0 0 0 2 -2.87 0 0 rect2a.dat

1 16 25.13 6 7.95 0 -1.41 -2.28 2 0 0 0 1.41 -2.28 box2-5.dat

1 16 26 6 18.82 0 1 0 0 0 2 7.18 0 0 rect2p.dat

1 16 27.13 6 7.13 2.87 -1 0 0 0 2 2.87 0 0 rect2a.dat

1 16 -7.95 6 -25.13 0 -1.41 2.28 2 0 0 0 1.41 2.28 box2-5.dat

1 16 10 2 -10 20 -1 0 0 0 -2 20 0 0 rect3.dat

4 16 26 8 26 -26 8 26 -30 8 30 30 8 30

4 16 -26 8 26 -26 8 -26 -30 8 -30 -30 8 30

4 16 -26 8 -26 -11.65 8 -26 -10 8 -30 -30 8 -30

4 16 -11.65 8 -26 -7.07 8 -21.41 -4.24 8 -24.24 -10 8 -30

4 16 21.41 8 7.07 26 8 11.65 30 8 10 24.24 8 4.24

4 16 26 8 11.65 26 8 26 30 8 30 30 8 10

4 16 26 4 11.65 -11.65 4 -26 -26 4 -26 26 4 26

3 16 26 4 26 -26 4 -26 -26 4 26

4 16 -30 0 -30 -10 0 -30 30 0 10 30 0 30

3 16 30 0 30 -30 0 30 -30 0 -30

1 16 20 0 20 0 0 -1 0 1 0 1 0 0 stud.dat

1 16 -10 0 10 0 0 -1 0 1 0 1 0 0 stug-2x2.dat

1 16 -20 0 -20 0 0 -1 0 1 0 1 0 0 stud.dat

0 NOFILE

0 FILE stug-2x2.dat
0 Stud Group  2 x  2

0 Name: stug-2x2.dat

0 Author: Steffen [Steffen]

0 !LDRAW_ORG Primitive UPDATE 2012-01

0 !LICENSE Licensed under CC BY 4.0 : see CAreadme.txt



0 BFC CERTIFY CCW



0 !HISTORY 2005-12-28 [PTadmin] Official Update 2005-01

0 !HISTORY 2007-05-04 [PTadmin] Header formatted for Contributor Agreement

0 !HISTORY 2008-07-01 [PTadmin] Official Update 2008-01

0 !HISTORY 2011-07-01 [PTadmin] Renamed from stug2

0 !HISTORY 2011-07-25 [PTadmin] Official Update 2011-01

0 !HISTORY 2012-02-16 [Philo] Changed to CCW

0 !HISTORY 2012-03-30 [PTadmin] Official Update 2012-01





1 16 -10 0 -10 1 0 0 0 1 0 0 0 1 stud.dat

1 16 10 0 -10 1 0 0 0 1 0 0 0 1 stud.dat

1 16 -10 0 10 1 0 0 0 1 0 0 0 1 stud.dat

1 16 10 0 10 1 0 0 0 1 0 0 0 1 stud.dat

0 NOFILE

0 FILE ribt45.dat
0 Rib T-Shaped for 45 Degree Plate Edges

0 Name: ribt45.dat

0 Author: Mark Kennedy [mkennedy]

0 !LDRAW_ORG Primitive UPDATE 2010-03

0 !LICENSE Licensed under CC BY 4.0 : see CAreadme.txt



0 BFC CERTIFY CCW



0 !HISTORY 2001-10-29 [jriley] Secondary author

0 !HISTORY 2009-11-19 [mkennedy] replaced box3u8P with two box2-5, split quad, moved origin

0 !HISTORY 2010-12-31 [PTadmin] Official Update 2010-03





1 16 -4.27 0 4.27 1 0 -1.45 0 4 0 1 0 1.45 box4-4a.dat

1 16 0 2 0 0 0 5.74 2 0 0 0 1 5.74 rect1.dat

1 16 1.96 2 4.78 0 2.37 -1.41 2 0 0 0 2.37 1.41 box2-5.dat

1 16 -4.78 2 -1.96 0 -1.41 -2.37 2 0 0 0 1.41 -2.37 box2-5.dat

3 16 2.92 4 8.56 5.74 4 5.74 -1.82 4 3.82

3 16 -8.56 4 -2.92 -3.82 4 1.82 -5.74 4 -5.74

4 16 -5.74 4 -5.74 -3.82 4 1.82 -1.82 4 3.82 5.74 4 5.74

0

0 NOFILE

0 FILE 32828.dat
0 Plate  1 x  1 Round with Bar

0 Name: 32828.dat

0 Author: Magnus Forsberg [MagFors]

0 !LDRAW_ORG Part UPDATE 2019-01

0 !LICENSE Licensed under CC BY 4.0 : see CAreadme.txt



0 BFC CERTIFY CCW



0 !KEYWORDS espresso, handle



0 !HISTORY 2018-12-08 [PTadmin] Official Update 2018-02

0 !HISTORY 2019-06-03 [MagFors] Reworked transition from plate to bar

0 !HISTORY 2019-06-28 [PTadmin] Official Update 2019-01





1 16 0 3 0 -1 0 0 0 -1.25 0 0 0 1 stud4o.dat

1 16 0 3 0 1.41421 0 -1.41421 0 -1 0 -1.41421 0 -1.41421 3-4ring4.dat

1 16 0 0 0 7.07107 0 -7.07107 0 1 0 7.07107 0 7.07107 3-4edge.dat

1 16 0 3 0 7.07107 0 -7.07107 0 1 0 7.07107 0 7.07107 3-4edge.dat

1 16 0 0 0 7.07107 0 -7.07107 0 3 0 7.07107 0 7.07107 3-4cyli.dat

1 16 0 0 0 6 0 0 0 1 0 0 0 6 4-4edge.dat

1 16 0 0 0 7.07107 0 -7.07107 0 1 0 7.07107 0 7.07107 3-4chrd.dat

1 16 0 0 0 1 0 0 0 1 0 0 0 1 stud2.dat

1 16 0 3 0 5.65685 0 -5.65685 0 5 0 5.65685 0 5.65685 3-4cylo.dat

1 16 30 2 0 0 1 0 0 0 -4 -4 0 0 4-4edge.dat

1 16 30 2 0 0 -12.1421 0 0 0 -4 -4 0 0 4-4cyli.dat

0 BFC INVERTNEXT

1 16 20 2 0 0 10 0 0 0 -2 -2 0 0 4-4cylc.dat

1 16 30 2 0 0 -1 0 0 0 -2 -2 0 0 4-4ring1.dat



1 16 12.7 7.5 0 0 0 2.3 0 -1 0 -2.3 0 0 2-4edge.dat

1 16 12.7 7.5 0 0 0 2.3 0 -2.318 0 -2.3 0 0 2-4cyli.dat

1 16 12.7 7.5 0 0 0 2.3 0 -1 0 -2.3 0 0 2-4chrd.dat



1 16 11.1132 6.34075 2.3 0 0 -1.5868 1.15925 0 0 0 -1 0 rect3.dat

2 24 9.4177 4.8284 2.8284 9.5264 5.1815 2.3

2 24 12.7035 5.182 2.2993 13.5802 5.2985 2.125

2 24 14.3263 5.6316 1.6263 13.5802 5.2985 2.125

2 24 14.3902 5.6955 1.5307 14.3263 5.6316 1.6263

2 24 14.3902 5.6955 1.5307 14.825 5.8249 0.8802

2 24 15 6.0001 0 14.825 5.8249 0.8802

2 24 9.2391 3.5238 3.6956 9.4177 4.8284 2.8284

2 24 10 7.5 0 9.5264 7.5 2.3

4 16 9.5264 7.5 2.3 10 7.5 0 10 8 0 9.2391 8 3.6956

4 16 9.5264 5.1815 2.3 9.5264 7.5 2.3 9.2391 8 3.6956 9.2391 3.5238 3.6956



1 16 11.1132 6.34075 -2.3 0 0 -1.5868 -1.15925 0 0 0 1 0 rect3.dat

2 24 9.4177 4.8284 -2.8284 9.5264 5.1815 -2.3

2 24 12.7035 5.182 -2.2993 13.5802 5.2985 -2.125

2 24 14.3263 5.6316 -1.6263 13.5802 5.2985 -2.125

2 24 14.3902 5.6955 -1.5307 14.3263 5.6316 -1.6263

2 24 14.3902 5.6955 -1.5307 14.825 5.8249 -0.8802

2 24 15 6.0001 0 14.825 5.8249 -0.8802

2 24 9.2391 3.5308 -3.6956 9.4177 4.8284 -2.8284

2 24 10 7.5 0 9.5264 7.5 -2.3

4 16 10 8 0 10 7.5 0 9.5264 7.5 -2.3 9.2391 8 -3.6956

4 16 9.2391 8 -3.6956 9.5264 7.5 -2.3 9.5264 5.1815 -2.3 9.2391 3.5308 -3.6956

4 16 9.5264 7.5 2.3 12.7 7.5 2.3 12.7 7.5 -2.3 9.5264 7.5 -2.3



1 16 17.8579 2 0 0 -8.8579 0 -1.53072 0 3.69548 3.69548 0 1.53072 5-8cyli.dat

1 16 17.8579 2 0 0 -3.716 0 -4 0 0 0 0 4 1-8cyls.dat

1 16 17.8579 2 0 0 -3.716 0 -4 0 0 0 0 -4 1-8cyls.dat

1 16 14.1419 2 0 3.716 1 0 -4 0 0 0 0 4 1-8edge.dat

1 16 14.1419 2 0 3.716 1 0 -4 0 0 0 0 -4 1-8edge.dat

1 16 14.1419 2 0 3.716 1 0 -4 0 0 0 0 4 1-8chrd.dat

1 16 14.1419 2 0 3.716 1 0 -4 0 0 0 0 -4 1-8chrd.dat



4 16 8.0162 8 -5.6568 9.2391 8 -3.6956 9.2391 3.5308 -3.6956 7.9767 3 -5.6569

2 24 16.7695 -0.8284 -2.8284 16 0 -3.392

2 24 7.9767 3 -5.6569 5.6569 3 -5.6569

2 24 5.6569 3 -5.6569 5.6568 8 -5.6568

2 24 5.6568 8 -5.6568 8.0162 8 -5.6568

2 24 8.0162 8 -5.6568 7.9767 3 -5.6569

4 16 5.6569 3 -5.6569 5.6568 8 -5.6568 8.0162 8 -5.6568 7.9767 3 -5.6569



4 16 9.2391 8 -3.6956 8.0162 8 -5.6568 5.6568 8 -5.6568 7.3912 8 -3.0616

4 16 9.2391 8 -3.6956 7.3912 8 -3.0616 8 8 0 10 8 0

2 24 9.3275 0 -3.382 9.2391 0.4692 -3.6956

2 24 16 0 -3.392 9.3275 0 -3.382

2 24 9.0378 2 -4 9.2391 3.5308 -3.6956

2 24 9.2391 0.4692 -3.6956 9.0378 2 -4

2 24 9.2391 0 -3.6956 9.3275 0 -3.382

2 24 7.0711 0 -7.0711 9.2391 0 -3.6956

2 24 7.0711 3 -7.0711 7.9767 3 -5.6569

2 24 8.0162 8 -5.6568 9.2391 8 -3.6956

2 24 9.2391 8 -3.6956 10 8 0

3 16 7.0711 3 -7.0711 5.6569 3 -5.6569 7.9767 3 -5.6569

3 16 7.9767 3 -5.6569 9.2391 3.5308 -3.6956 9.0378 2 -4

4 16 7.0711 3 -7.0711 7.9767 3 -5.6569 9.2391 0 -3.6956 7.0711 0 -7.0711

4 16 9.0378 2 -4 9.2391 0.4692 -3.6956 9.2391 0 -3.6956 7.9767 3 -5.6569

3 16 9.2391 0 -3.6956 9.2391 0.4692 -3.6956 9.3275 0 -3.382

3 16 9.2391 0.4692 -3.6956 17.8579 0.4692 -3.6956 16 0 -3.392

3 16 16 0 -3.392 9.3275 0 -3.382 9.2391 0.4692 -3.6956

4 16 17.8579 -0.8284 -2.8284 16.7695 -0.8284 -2.8284 16 0 -3.392 17.8579 0.4692 -3.6956

3 16 7.0711 0 -7.0711 9.2391 0 -3.6956 9.3275 0 -3.382

5 24 9.2391 0.4692 -3.6956 17.8579 0.4692 -3.6956 9.0378 2 -4 16 0 -3.392

5 24 9.2391 0 -3.6956 9.2391 0.4692 -3.6956 9.3275 0 -3.382 7.9767 3 -5.6569

5 24 9.2391 3.5308 -3.6956 9.2391 8 -3.6956 9.4176 4.8284 -2.8284 7.9767 3 -5.6569

5 24 7.0711 0 -7.0711 7.0711 3 -7.0711 3.8269 0 -9.2391 9.2391 0 -3.6956

5 24 10 7.5 0 10 8 0 9.5264 7.5 -2.3 9.5264 7.5 2.3



0 // other side

4 16 9.2391 3.5238 3.6956 9.2391 8 3.6956 8.0162 8 5.6568 7.9767 3 5.6569

2 24 16.7695 -0.8284 2.8284 16 0 3.392

2 24 5.657 8 5.6568 5.6569 3 5.6569

2 24 5.6569 3 5.6569 7.9767 3 5.6569

2 24 7.9767 3 5.6569 8.0162 8 5.6568

2 24 8.0162 8 5.6568 5.657 8 5.6568

4 16 5.6569 3 5.6569 7.9767 3 5.6569 8.0162 8 5.6568 5.657 8 5.6568



4 16 5.6568 8 5.6568 8.0162 8 5.6568 9.2391 8 3.6956 7.3912 8 3.0616

4 16 8 8 0 7.3912 8 3.0616 9.2391 8 3.6956 10 8 0

2 24 9.3275 0 3.382 9.2391 0.4692 3.6956

2 24 16 0 3.392 9.3275 0 3.382

2 24 9.0378 2 4 9.2391 3.5238 3.6956

2 24 9.2391 0.4692 3.6956 9.0378 2 4

2 24 9.2391 0 3.6956 9.3275 0 3.382

2 24 7.0711 0 7.0711 9.2391 0 3.6956

2 24 7.0711 3 7.0711 7.9767 3 5.6569

2 24 8.0162 8 5.6568 9.2391 8 3.6956

2 24 9.2391 8 3.6956 10 8 0

3 16 5.6569 3 5.6569 7.0711 3 7.0711 7.9767 3 5.6569

3 16 9.2391 3.5238 3.6956 7.9767 3 5.6569 9.0378 2 4

4 16 9.0378 2 4 7.9767 3 5.6569 9.2391 0 3.6956 9.2391 0.4692 3.6956

4 16 7.0711 3 7.0711 7.0711 0 7.0711 9.2391 0 3.6956 7.9767 3 5.6569

3 16 9.2391 0.4692 3.6956 9.2391 0 3.6956 9.3275 0 3.382

3 16 17.8579 0.4692 3.6956 9.2391 0.4692 3.6956 16 0 3.392

3 16 9.3275 0 3.382 16 0 3.392 9.2391 0.4692 3.6956

4 16 16 0 3.392 16.7695 -0.8284 2.8284 17.8579 -0.8284 2.8284 17.8579 0.4692 3.6956

3 16 9.2391 0 3.6956 7.0711 0 7.0711 9.3275 0 3.382

5 24 9.2391 0.4692 3.6956 17.8579 0.4692 3.6956 9.0378 2 4 16 0 3.392

5 24 9.2391 0 3.6956 9.2391 0.4692 3.6956 9.3275 0 3.382 7.9767 3 5.6569

5 24 9.2391 3.5238 3.6956 9.2391 8 3.6956 9.4177 4.8284 2.8284 7.9767 3 5.6569

5 24 7.0711 0 7.0711 7.0711 3 7.0711 3.8269 0 9.2391 9.2391 0 3.6956



3 16 17.8579 -2 0 16.7695 -0.8284 2.8284 16.7695 -0.8284 -2.8284

4 16 16.7695 -0.8284 -2.8284 16.7695 -0.8284 2.8284 16 0 3.392 16 0 -3.392

4 16 7.0711 0 -7.0711 9.3275 0 -3.382 9.3275 0 3.382 7.0711 0 7.0711

2 24 16 0 3.392 16 0 -3.392

5 24 9.2391 0.4692 -3.6956 16 0 -3.392 17.8579 0.4692 -3.6956 9.3275 0 -3.382

5 24 17.8579 0.4692 -3.6956 16 0 -3.392 17.8579 -0.8284 -2.8284 9.2391 0.4692 -3.6956

5 24 9.2391 .4692 3.6956 16 0 3.392 17.8579 .4692 3.6956 9.3275 0 3.382

5 24 17.8579 .4692 3.6956 16 0 3.392 9.2391 .4692 3.6956 17.8579 -.8284 2.8284



0 BFC INVERTNEXT

1 16 13.5 0 0 0 0 1.5 0 2 0 -1.5 0 0 8__2-4cylo.dat

0 BFC INVERTNEXT

1 16 11.5 0 0 0 0 -1.5 0 2 0 -1.5 0 0 8__2-4cylo.dat

1 16 13.5 0 0 0 0 1.5 0 1 0 -1.5 0 0 8__2-4ndis.dat

1 16 11.5 0 0 0 0 -1.5 0 1 0 -1.5 0 0 8__2-4ndis.dat

1 16 13.5 2 0 0 0 1.5 0 1 0 -1.5 0 0 8__2-4chrd.dat

1 16 11.5 2 0 0 0 -1.5 0 1 0 -1.5 0 0 8__2-4chrd.dat

0 BFC INVERTNEXT

1 16 12.5 0 0 1 0 0 0 2 0 0 0 -1.5 box3u8p.dat

4 16 9.3275 0 -3.382 16 0 -3.392 15 0 -1.5 10 0 -1.5

4 16 9.3275 0 -3.382 10 0 -1.5 10 0 1.5 9.3275 0 3.382

4 16 9.3275 0 3.382 10 0 1.5 15 0 1.5 16 0 3.392

4 16 16 0 3.392 15 0 1.5 15 0 -1.5 16 0 -3.392

0 NOFILE

0 FILE 8__2-4ndis.dat
0 Lo-Res Disc Negative 0.5

0 Name: 8\2-4ndis.dat

0 Author: Magnus Forsberg [MagFors]

0 !LDRAW_ORG 8_Primitive UPDATE 2018-02

0 !LICENSE Licensed under CC BY 4.0 : see CAreadme.txt



0 BFC CERTIFY CCW



0 !HISTORY 2018-12-08 [PTadmin] Official Update 2018-02





3 16 1 0 1 0.7071 0 0.7071 1 0 0

3 16 1 0 1 0 0 1 0.7071 0 0.7071

3 16 -1 0 1 -0.7071 0 0.7071 0 0 1

3 16 -1 0 1 -1 0 0 -0.7071 0 0.7071

0 // Build by Primitive Generator 2

0 NOFILE

0 FILE 1-8chrd.dat
0 Chord 0.125

0 Name: 1-8chrd.dat

0 Author: Orion Pobursky [OrionP]

0 !LDRAW_ORG Primitive UPDATE 2023-05

0 !LICENSE Licensed under CC BY 4.0 : see CAreadme.txt



0 BFC CERTIFY CCW



0 !HISTORY 2004-04-22 [PTadmin] Official Update 2004-02

0 !HISTORY 2007-06-22 [PTadmin] Header formatted for Contributor Agreement

0 !HISTORY 2008-07-01 [PTadmin] Official Update 2008-01

0 !HISTORY 2023-10-27 [OrionP] Rebuilt with PrimGen2, original author westrate

0 !HISTORY 2023-10-31 [OrionP] Official Update 2023-05



3 16 1 0 0 0.9239 0 0.3827 0.7071 0 0.7071

0 NOFILE

0 FILE 1-8edge.dat
0 Circle 0.125

0 Name: 1-8edge.dat

0 Author: James Jessiman

0 !LDRAW_ORG Primitive UPDATE 2017-01

0 !LICENSE Licensed under CC BY 4.0 : see CAreadme.txt



0 BFC CERTIFY CCW



0 !HISTORY 2007-06-22 [PTadmin] Header formatted for Contributor Agreement

0 !HISTORY 2008-07-01 [PTadmin] Official Update 2008-01

0 !HISTORY 2017-01-15 [Steffen] BFCed

0 !HISTORY 2017-12-30 [PTadmin] Official Update 2017-01





2 24 1 0 0 0.9239 0 0.3827

2 24 0.9239 0 0.3827 0.7071 0 0.7071

0 NOFILE

0 FILE 1-8cyls.dat
0 Cylinder Sloped 0.125

0 Name: 1-8cyls.dat

0 Author: Willy Tschager [Holly-Wood]

0 !LDRAW_ORG Primitive UPDATE 2024-05

0 !LICENSE Licensed under CC BY 4.0 : see CAreadme.txt



0 BFC CERTIFY CCW



0 !HISTORY 2005-12-28 [PTadmin] Official Update 2005-01

0 !HISTORY 2007-06-22 [PTadmin] Header formatted for Contributor Agreement

0 !HISTORY 2008-07-01 [PTadmin] Official Update 2008-01

0 !HISTORY 2012-02-16 [Philo] Changed to CCW

0 !HISTORY 2012-03-30 [PTadmin] Official Update 2012-01

0 !HISTORY 2024-01-14 [Holly-Wood] Complete re-write, original by guyvivan

0 !HISTORY 2024-01-29 [OrionP] Official Update 2024-01

0 !HISTORY 2024-06-06 [Philo] Changed last condline control point to match tangent plane

0 !HISTORY 2024-06-30 [OrionP] Official Update 2024-05



3 16 1 0 0 0.9239 0.0761 0.3827 0.9239 0 0.3827

5 24 0.9239 0 0.3827 0.9239 0.0761 0.3827 0.7071 0 0.7071 1 0 0

4 16 0.9239 0.0761 0.3827 0.7071 0.2929 0.7071 0.7071 0 0.7071 0.9239 0 0.3827

5 24 0.7071 0 0.7071 0.7071 0.2929 0.7071 0.4142 0 1 0.9239 0 0.3827

0 NOFILE

0 FILE 5-8cyli.dat
0 Cylinder 0.625

0 Name: 5-8cyli.dat

0 Author: Mark Kennedy [mkennedy]

0 !LDRAW_ORG Primitive UPDATE 2005-01

0 !LICENSE Licensed under CC BY 4.0 : see CAreadme.txt



0 BFC CERTIFY CCW



0 !HISTORY 2004-04-22 [PTadmin] Official Update 2004-02

0 !HISTORY 2004-12-11 [nielsk] Recreated using Primitive Generator, Edge lines fixed, BFC changed to CCW

0 !HISTORY 2005-12-28 [PTadmin] Official Update 2005-01

0 !HISTORY 2007-06-24 [PTadmin] Header formatted for Contributor Agreement

0 !HISTORY 2008-07-01 [PTadmin] Official Update 2008-01





4 16 .9239 1 .3827 .9239 0 .3827 1 0 0 1 1 0

4 16 .7071 1 .7071 .7071 0 .7071 .9239 0 .3827 .9239 1 .3827

4 16 .3827 1 .9239 .3827 0 .9239 .7071 0 .7071 .7071 1 .7071

4 16 0 1 1 0 0 1 .3827 0 .9239 .3827 1 .9239

4 16 -.3827 1 .9239 -.3827 0 .9239 0 0 1 0 1 1

4 16 -.7071 1 .7071 -.7071 0 .7071 -.3827 0 .9239 -.3827 1 .9239

4 16 -.9239 1 .3827 -.9239 0 .3827 -.7071 0 .7071 -.7071 1 .7071

4 16 -1 1 0 -1 0 0 -.9239 0 .3827 -.9239 1 .3827

4 16 -.9239 1 -.3827 -.9239 0 -.3827 -1 0 0 -1 1 0

4 16 -.7071 1 -.7071 -.7071 0 -.7071 -.9239 0 -.3827 -.9239 1 -.3827

0

5 24 1 1 0 1 0 0 1 1 -.4142 .9239 1 .3827

5 24 .9239 1 .3827 .9239 0 .3827 1 1 0 .7071 1 .7071

5 24 .7071 1 .7071 .7071 0 .7071 .9239 1 .3827 .3827 1 .9239

5 24 .3827 1 .9239 .3827 0 .9239 .7071 1 .7071 0 1 1

5 24 0 1 1 0 0 1 .3827 1 .9239 -.3827 1 .9239

5 24 -.3827 1 .9239 -.3827 0 .9239 0 1 1 -.7071 1 .7071

5 24 -.7071 1 .7071 -.7071 0 .7071 -.3827 1 .9239 -.9239 1 .3827

5 24 -.9239 1 .3827 -.9239 0 .3827 -.7071 1 .7071 -1 1 0

5 24 -1 1 0 -1 0 0 -.9239 1 .3827 -.9239 1 -.3827

5 24 -.9239 1 -.3827 -.9239 0 -.3827 -1 1 0 -.7071 1 -.7071

5 24 -.7071 1 -.7071 -.7071 0 -.7071 -.9239 1 -.3827 -.4142 1 -1

0

0 NOFILE

0 FILE 4-4ring1.dat
0 Ring  1 x 1.0

0 Name: 4-4ring1.dat

0 Author: James Jessiman

0 !LDRAW_ORG Primitive UPDATE 2009-01

0 !LICENSE Licensed under CC BY 4.0 : see CAreadme.txt



0 BFC CERTIFY CCW



0 !HISTORY 1998-12-15 [PTadmin] Official Update 1998-10

0 !HISTORY 2002-04-08 [BrickCaster] Modified for BFC compliance

0 !HISTORY 2002-04-25 [PTadmin] Official Update 2002-02

0 !HISTORY 2007-06-24 [PTadmin] Header formatted for Contributor Agreement

0 !HISTORY 2008-07-01 [PTadmin] Official Update 2008-01

0 !HISTORY 2008-08-26 [cwdee] Switch polygon winding and rename

0 !HISTORY 2009-05-02 [PTadmin] Official Update 2009-01





4 16 -0.7654 0 1.8478 -0.3827 0 0.9239 0 0 1 0 0 2

4 16 -1.4142 0 1.4142 -0.7071 0 0.7071 -0.3827 0 0.9239 -0.7654 0 1.8478

4 16 -1.8478 0 0.7654 -0.9239 0 0.3827 -0.7071 0 0.7071 -1.4142 0 1.41420

4 16 -2 0 0 -1 0 0 -0.9239 0 0.3827 -1.8478 0 0.7654

4 16 -1.8478 0 -0.7654 -0.9239 0 -0.3827 -1 0 0 -2 0 0

4 16 -1.4142 0 -1.4142 -0.7071 0 -0.7071 -0.9239 0 -0.3827 -1.8478 0 -0.7654

4 16 -0.7654 0 -1.8478 -0.3827 0 -0.9239 -0.7071 0 -0.7071 -1.4142 0 -1.4142

4 16 0 0 -2 0 0 -1 -0.3827 0 -0.9239 -0.7654 0 -1.8478

4 16 0.7654 0 -1.8478 0.3827 0 -0.9239 0 0 -1 0 0 -2

4 16 1.4142 0 -1.4142 0.7071 0 -0.7071 0.3827 0 -0.9239 0.7654 0 -1.8478

4 16 1.8478 0 -0.7654 0.9239 0 -0.3827 0.7071 0 -0.7071 1.4142 0 -1.4142

4 16 2 0 0 1 0 0 0.9239 0 -0.3827 1.8478 0 -0.7654

4 16 1.8478 0 0.7654 0.9239 0 0.3827 1 0 0 2 0 0

4 16 1.4142 0 1.4142 0.7071 0 0.7071 0.9239 0 0.3827 1.8478 0 0.7654

4 16 0.7654 0 1.8478 0.3827 0 0.9239 0.7071 0 0.7071 1.4142 0 1.4142

4 16 0 0 2 0 0 1 0.3827 0 0.9239 0.7654 0 1.8478

0

0 NOFILE

0 FILE 3-4chrd.dat
0 Chord 0.75

0 Name: 3-4chrd.dat

0 Author: Philippe Hurbain [Philo]

0 !LDRAW_ORG Primitive UPDATE 2015-02

0 !LICENSE Licensed under CC BY 4.0 : see CAreadme.txt



0 BFC CERTIFY CCW



0 !HISTORY 2015-12-30 [PTadmin] Official Update 2015-02





3 16 1 0 0 0.9239 0 0.3827 0.7071 0 0.7071

3 16 1 0 0 0.7071 0 0.7071 0.3827 0 0.9239

3 16 1 0 0 0.3827 0 0.9239 0 0 1

3 16 1 0 0 0 0 1 -0.3827 0 0.9239

3 16 1 0 0 -0.3827 0 0.9239 -0.7071 0 0.7071

3 16 1 0 0 -0.7071 0 0.7071 -0.9239 0 0.3827

3 16 1 0 0 -0.9239 0 0.3827 -1 0 0

3 16 1 0 0 -1 0 0 -0.9239 0 -0.3827

3 16 1 0 0 -0.9239 0 -0.3827 -0.7071 0 -0.7071

3 16 1 0 0 -0.7071 0 -0.7071 -0.3827 0 -0.9239

3 16 1 0 0 -0.3827 0 -0.9239 0 0 -1

0 // Build by Primitive Generator 2

0 NOFILE

0 FILE 3-4ring4.dat
0 Ring  4 x 0.75

0 Name: 3-4ring4.dat

0 Author: Willy Tschager [Holly-Wood]

0 !LDRAW_ORG Primitive UPDATE 2024-01

0 !LICENSE Licensed under CC BY 4.0 : see CAreadme.txt



0 BFC CERTIFY CCW



0 !HISTORY 2009-05-02 [PTadmin] Official Update 2009-01

0 !HISTORY 2024-01-22 [Holly-Wood] Complete regeneration, original by guyvivan

0 !HISTORY 2024-01-29 [OrionP] Official Update 2024-01



4 16 5 0 0 4.6195 0 1.9135 3.6956 0 1.5308 4 0 0

4 16 4.6195 0 1.9135 3.5355 0 3.5355 2.8284 0 2.8284 3.6956 0 1.5308

4 16 3.5355 0 3.5355 1.9135 0 4.6195 1.5308 0 3.6956 2.8284 0 2.8284

4 16 1.9135 0 4.6195 0 0 5 0 0 4 1.5308 0 3.6956

4 16 0 0 5 -1.9135 0 4.6195 -1.5308 0 3.6956 0 0 4

4 16 -1.9135 0 4.6195 -3.5355 0 3.5355 -2.8284 0 2.8284 -1.5308 0 3.6956

4 16 -3.5355 0 3.5355 -4.6195 0 1.9135 -3.6956 0 1.5308 -2.8284 0 2.8284

4 16 -4.6195 0 1.9135 -5 0 0 -4 0 0 -3.6956 0 1.5308

4 16 -5 0 0 -4.6195 0 -1.9135 -3.6956 0 -1.5308 -4 0 0

4 16 -4.6195 0 -1.9135 -3.5355 0 -3.5355 -2.8284 0 -2.8284 -3.6956 0 -1.5308

4 16 -3.5355 0 -3.5355 -1.9135 0 -4.6195 -1.5308 0 -3.6956 -2.8284 0 -2.8284

4 16 -1.9135 0 -4.6195 0 0 -5 0 0 -4 -1.5308 0 -3.6956

0 // Build by LDPartEditor (PrimGen 2.X)

0 NOFILE

0 FILE 61409.dat
0 ~Slope Brick 18  2 x  1 x  0.667 Grille (Obsolete)

0 Name: 61409.dat

0 Author: Tim Gould [timgould]

0 !LDRAW_ORG Part UPDATE 2025-02

0 !LICENSE Licensed under CC BY 4.0 : see CAreadme.txt



0 BFC CERTIFY CCW



0 !CATEGORY Obsolete

0 !KEYWORDS grille



0 !HISTORY 2008-12-06 [gregteft] Updated geometry to include raised surface

0 !HISTORY 2009-03-30 [gregteft] Updated origin to bottom center

0 !HISTORY 2009-09-03 [PTadmin] Official Update 2009-02

0 !HISTORY 2017-08-08 [cwdee] Updated description

0 !HISTORY 2017-12-30 [PTadmin] Official Update 2017-01

0 !HISTORY 2025-02-12 [MagFors] Obsoleted due to bad geometry

0 !HISTORY 2025-02-27 [OrionP] Official Update 2025-02



1 16 0 -1 0 0 0 -9 0 1 0 19 0 0 box4.dat

1 16 0 -5.6 16 -6 0 0 0 0 5.6 0 1 0 rect.dat

1 16 0 -13 15 -6 0 0 0 .555556 1.8 0 1 -1 rect.dat

1 16 0 -10.9 10 -6 0 0 0 0 -2.1 0 -1 0 rect.dat

1 16 0 -10.6 7 -6 0 0 0 .555556 1.8 0 1 -1 rect.dat

1 16 0 -8.5 2 -6 0 0 0 0 -2.1 0 -1 0 rect.dat

1 16 0 -8.2 -1 -6 0 0 0 .555556 1.8 0 1 -1 rect.dat

1 16 0 -6.1 -6 -6 0 0 0 0 -2.1 0 -1 0 rect.dat

1 16 0 -5.8 -9 -6 0 0 0 .555556 1.8 0 1 -1 rect.dat

1 16 0 -4.9 -14 -6 0 0 0 0 -.9 0 -1 0 rect.dat

1 16 0 -2 -16 -6 0 0 0 0 -2 0 -1 0 rect.dat

1 16 0 -8.24 20 10 0 0 0 0 7.24 0 -1 0 rect.dat

1 16 0 -2.24 -20 10 0 0 0 0 -1.24 0 1 0 rect.dat

1 16 0 -11.2 15 0 0 6 0 -1 0 1 0 0 rect2p.dat

1 16 0 -8.8 8 0 0 6 0 -1 0 2 0 0 rect2p.dat

1 16 0 -6.4 0 0 0 6 0 -1 0 2 0 0 rect2p.dat

1 16 0 -4 -8 0 0 6 0 -1 0 2 0 0 rect2p.dat

1 16 0 -4 -15 0 0 6 0 -1 0 1 0 0 rect2p.dat

2 24 6 0 -16 6 0 16

2 24 -6 0 -16 -6 0 16

2 24 10 -1 -20 10 -1 20

2 24 -10 -1 -20 -10 -1 20

2 24 6 -5.8 -14 6 -7.6 -8

2 24 6 -8.2 -6 6 -10 0

2 24 6 -10.6 2 6 -12.4 8

2 24 6 -13 10 6 -14.8 16

2 24 -6 -5.8 -14 -6 -7.6 -8

2 24 -6 -8.2 -6 -6 -10 0

2 24 -6 -10.6 2 -6 -12.4 8

2 24 -6 -13 10 -6 -14.8 16

2 24 7.5 -4.7 -17.66 -7.5 -4.7 -17.66

2 24 7.5 -15.21 17.38 -7.5 -15.21 17.38

2 24 7.5 -4.7 -17.66 7.5 -15.21 17.38

2 24 -7.5 -4.7 -17.66 -7.5 -15.21 17.38

2 24 8 -14.88 18 -8 -14.88 18

2 24 8 -4.08 -18 8 -14.88 18

2 24 8 -4.08 -18 -8 -4.08 -18

2 24 -8 -4.08 -18 -8 -14.88 18

2 24 8 -14.88 18 7.5 -15.21 17.38

2 24 -8 -14.88 18 -7.5 -15.21 17.38

2 24 8 -4.08 -18 7.5 -4.7 -17.66

2 24 -8 -4.08 -18 -7.5 -4.7 -17.66

2 24 10 -3.48 -20 10 -15.48 20

2 24 -10 -3.48 -20 -10 -15.48 20

4 16 6 0 16 -6 0 16 -9 0 19 9 0 19

4 16 -6 0 -16 6 0 -16 9 0 -19 -9 0 -19

4 16 6 0 -16 6 0 16 9 0 19 9 0 -19

4 16 -6 0 16 -6 0 -16 -9 0 -19 -9 0 19

4 16 9 -1 19 -9 -1 19 -10 -1 20 10 -1 20

4 16 -9 -1 -19 9 -1 -19 10 -1 -20 -10 -1 -20

4 16 9 -1 -19 9 -1 19 10 -1 20 10 -1 -20

4 16 -9 -1 19 -9 -1 -19 -10 -1 -20 -10 -1 20

4 16 6 0 -16 6 -4 -16 6 -4 -6 6 0 -6

4 16 6 0 -6 6 -6.4 -6 6 -6.4 2 6 0 2

4 16 6 0 2 6 -8.8 2 6 -8.8 10 6 0 10

4 16 6 0 10 6 -11.2 10 6 -11.2 16 6 0 16

4 16 6 -4 -14 6 -5.8 -14 6 -7.6 -8 6 -4 -10

4 16 6 -6.4 -6 6 -8.2 -6 6 -10 0 6 -6.4 -2

4 16 6 -8.8 2 6 -10.6 2 6 -12.4 8 6 -8.8 6

4 16 6 -11.2 10 6 -13 10 6 -14.8 16 6 -11.2 14

4 16 -6 0 -6 -6 -4 -6 -6 -4 -16 -6 0 -16

4 16 -6 0 2 -6 -6.4 2 -6 -6.4 -6 -6 0 -6

4 16 -6 0 10 -6 -8.8 10 -6 -8.8 2 -6 0 2

4 16 -6 0 16 -6 -11.2 16 -6 -11.2 10 -6 0 10

4 16 -6 -4 -10 -6 -7.6 -8 -6 -5.8 -14 -6 -4 -14

4 16 -6 -6.4 -2 -6 -10 0 -6 -8.2 -6 -6 -6.4 -6

4 16 -6 -8.8 6 -6 -12.4 8 -6 -10.6 2 -6 -8.8 2

4 16 -6 -11.2 14 -6 -14.8 16 -6 -13 10 -6 -11.2 10

4 16 6 -13 10 -6 -13 10 -6 -12.4 8 6 -12.4 8

4 16 6 -10.6 2 -6 -10.6 2 -6 -10 0 6 -10 0

4 16 6 -8.2 -6 -6 -8.2 -6 -6 -7.6 -8 6 -7.6 -8

4 16 7.5 -15.21 17.38 -7.5 -15.21 17.38 -6 -14.8 16 6 -14.8 16

4 16 7.5 -4.7 -17.66 7.5 -15.21 17.38 6 -14.8 16 6 -5.8 -14

4 16 -7.5 -4.7 -17.66 7.5 -4.7 -17.66 6 -5.8 -14 -6 -5.8 -14

4 16 -6 -5.8 -14 -6 -14.8 16 -7.5 -15.21 17.38 -7.5 -4.7 -17.66

4 16 8 -14.88 18 -8 -14.88 18 -7.5 -15.21 17.38 7.5 -15.21 17.38

4 16 8 -4.08 -18 8 -14.88 18 7.5 -15.21 17.38 7.5 -4.7 -17.66

4 16 -7.5 -4.7 -17.66 -7.5 -15.21 17.38 -8 -14.88 18 -8 -4.08 -18

4 16 -8 -4.08 -18 8 -4.08 -18 7.5 -4.7 -17.66 -7.5 -4.7 -17.66

4 16 10 -15.48 20 -10 -15.48 20 -8 -14.88 18 8 -14.88 18

4 16 10 -3.48 -20 10 -15.48 20 8 -14.88 18 8 -4.08 -18

4 16 -8 -4.08 -18 -8 -14.88 18 -10 -15.48 20 -10 -3.48 -20

4 16 -10 -3.48 -20 10 -3.48 -20 8 -4.08 -18 -8 -4.08 -18

4 16 10 -1 -20 10 -1 20 10 -15.48 20 10 -3.48 -20

4 16 -10 -3.48 -20 -10 -15.48 20 -10 -1 20 -10 -1 -20

0

0 NOFILE

0 FILE 3024.dat
0 Plate  1 x  1

0 Name: 3024.dat

0 Author: James Jessiman

0 !LDRAW_ORG Part UPDATE 2022-05

0 !LICENSE Licensed under CC BY 4.0 : see CAreadme.txt



0 BFC CERTIFY CCW



0 !HISTORY 2001-10-26 [PTadmin] Official Update 2001-01

0 !HISTORY 2002-05-07 {unknown} BFC Certification

0 !HISTORY 2002-06-11 [PTadmin] Official Update 2002-03

0 !HISTORY 2007-06-07 [PTadmin] Header formatted for Contributor Agreement

0 !HISTORY 2008-07-01 [PTadmin] Official Update 2008-01

0 !HISTORY 2022-08-04 [MagFors] Using subfile

0 !HISTORY 2022-09-15 [PTadmin] Official Update 2022-05





1 16 0 0 0 1 0 0 0 1 0 0 0 1 s__3024s01.dat

4 16 -10 8 -10 10 8 -10 10 0 -10 -10 0 -10

0 NOFILE

0 FILE s__3024s01.dat
0 ~Plate  1 x  1 without Front Face

0 Name: s\3024s01.dat

0 Author: Tore Eriksson [Tore_Eriksson]

0 !LDRAW_ORG Subpart UPDATE 2012-03

0 !LICENSE Licensed under CC BY 4.0 : see CAreadme.txt



0 BFC CERTIFY CCW



0 !HISTORY 2012-12-28 [PTadmin] Official Update 2012-03





0 BFC INVERTNEXT

1 16 0 8 0 0 0 6 0 -4 0 -6 0 0 box5.dat

4 16 10 8 -10 6 8 -6 6 8 6 10 8 10

4 16 10 8 10 6 8 6 -6 8 6 -10 8 10

4 16 -10 8 10 -6 8 6 -6 8 -6 -10 8 -10

4 16 -10 8 -10 -6 8 -6 6 8 -6 10 8 -10

1 16 0 8 0 10 0 0 0 -8 0 0 0 10 box4t.dat

1 16 0 0 0 0 0 1 0 1 0 -1 0 0 stud.dat

0 NOFILE

0 FILE 4595.dat
0 Brick  1 x  2 x  0.667 with Studs on Sides

0 Name: 4595.dat

0 Author: James Jessiman

0 !LDRAW_ORG Part UPDATE 2012-01

0 !LICENSE Licensed under CC BY 4.0 : see CAreadme.txt



0 BFC CERTIFY CCW



0 !KEYWORDS camera, minifig accessory



0 !HISTORY 1998-06-20 [PTadmin] Official Update 1998-06

0 !HISTORY 2007-07-08 [PTadmin] Header formatted for Contributor Agreement

0 !HISTORY 2008-07-01 [PTadmin] Official Update 2008-01

0 !HISTORY 2012-03-14 [Steffen] Modified with WINDZ for BFC compliance

0 !HISTORY 2012-03-19 [Philo] Used stud4a and ring primitives, improved description, removed now obsolete cmdline

0 !HISTORY 2012-03-30 [PTadmin] Official Update 2012-01





1 16 0 4 0 1 0 0 0 -3 0 0 0 1 stud3.dat

2 24 6 16 16 6 16 -16

2 24 6 16 16 -6 16 16

2 24 6 16 -16 -6 16 -16

2 24 -6 16 16 -6 16 -16

2 24 10 16 20 10 16 -20

2 24 10 16 20 -10 16 20

2 24 10 16 -20 -10 16 -20

2 24 -10 16 20 -10 16 -20

2 24 6 4 16 6 4 -16

2 24 6 4 16 -6 4 16

2 24 6 4 -16 -6 4 -16

2 24 -6 4 16 -6 4 -16

2 24 6 4 16 6 16 16

2 24 6 4 -16 6 16 -16

2 24 -6 4 16 -6 16 16

2 24 -6 4 -16 -6 16 -16

2 24 10 0 20 10 16 20

2 24 10 0 -20 10 16 -20

2 24 -10 0 20 -10 16 20

2 24 -10 0 -20 -10 16 -20

2 24 10 0 20 10 0 -20

2 24 10 0 20 -10 0 20

2 24 10 0 -20 -10 0 -20

2 24 -10 0 20 -10 0 -20

1 16 0 4 10 4 0 0 0 1 0 0 0 4 4-4edge.dat

1 16 0 4 -10 4 0 0 0 1 0 0 0 4 4-4edge.dat

1 16 0 0 10 6 0 0 0 1 0 0 0 6 4-4edge.dat

1 16 0 0 -10 6 0 0 0 1 0 0 0 6 4-4edge.dat

1 16 10 10 10 0 1 0 6 0 0 0 0 6 4-4edge.dat

1 16 10 10 -10 0 1 0 6 0 0 0 0 6 4-4edge.dat

1 16 6 10 10 0 1 0 4 0 0 0 0 4 4-4edge.dat

1 16 6 10 -10 0 1 0 4 0 0 0 0 4 4-4edge.dat

1 16 -6 10 10 0 1 0 4 0 0 0 0 4 4-4edge.dat

1 16 -6 10 -10 0 1 0 4 0 0 0 0 4 4-4edge.dat

1 16 -10 10 10 0 1 0 6 0 0 0 0 6 4-4edge.dat

1 16 -10 10 -10 0 1 0 6 0 0 0 0 6 4-4edge.dat

1 16 0 10 20 6 0 0 0 0 6 0 1 0 4-4edge.dat

1 16 0 10 16 4 0 0 0 0 4 0 1 0 4-4edge.dat

1 16 0 10 -16 4 0 0 0 0 4 0 1 0 4-4edge.dat

1 16 0 10 -20 6 0 0 0 0 6 0 1 0 4-4edge.dat

1 16 0 10 -28 6 0 0 0 0 6 0 1 0 4-4edge.dat

1 16 0 10 -28 8 0 0 0 0 8 0 1 0 4-4edge.dat

1 16 0 10 -28 -2 0 0 0 0 2 0 -1 0 4-4ring3.dat

1 16 0 10 -30 2 0 0 0 0 2 0 1 0 4-4ring2.dat

1 16 0 10 -30 4 0 0 0 0 4 0 1 0 4-4edge.dat

1 16 0 10 -30 6 0 0 0 0 6 0 1 0 4-4edge.dat

4 16 10 16 20 6 16 16 -6 16 16 -10 16 20

4 16 -10 16 20 -6 16 16 -6 16 -16 -10 16 -20

4 16 -10 16 -20 -6 16 -16 6 16 -16 10 16 -20

4 16 10 16 -20 6 16 -16 6 16 16 10 16 20

1 16 0 4 10 4 0 0 0 -1 0 0 0 -4 4-4ndis.dat

1 16 0 4 -10 4 0 0 0 -1 0 0 0 -4 4-4ndis.dat

4 16 4 4 6 4 4 -6 -4 4 -6 -4 4 6

4 16 6 4 16 4 4 14 -4 4 14 -6 4 16

4 16 -6 4 16 -4 4 14 -4 4 -14 -6 4 -16

4 16 -6 4 -16 -4 4 -14 4 4 -14 6 4 -16

4 16 6 4 -16 4 4 -14 4 4 14 6 4 16

1 16 0 0 10 6 0 0 0 1 0 0 0 6 4-4ndis.dat

1 16 0 0 -10 6 0 0 0 1 0 0 0 6 4-4ndis.dat

4 16 6 0 4 -6 0 4 -6 0 -4 6 0 -4

4 16 10 0 20 -10 0 20 -6 0 16 6 0 16

4 16 -10 0 20 -10 0 -20 -6 0 -16 -6 0 16

4 16 -10 0 -20 10 0 -20 6 0 -16 -6 0 -16

4 16 10 0 -20 10 0 20 6 0 16 6 0 -16

1 16 10 10 10 0 -1 0 6 0 0 0 0 6 4-4ndis.dat

1 16 10 10 -10 0 -1 0 6 0 0 0 0 6 4-4ndis.dat

4 16 10 16 4 10 4 4 10 4 -4 10 16 -4

4 16 10 16 20 10 0 20 10 4 16 10 16 16

4 16 10 0 20 10 0 -20 10 4 -16 10 4 16

4 16 10 0 -20 10 16 -20 10 16 -16 10 4 -16

1 16 6 10 10 0 1 0 4 0 0 0 0 4 4-4ndis.dat

1 16 6 10 -10 0 1 0 4 0 0 0 0 4 4-4ndis.dat

4 16 6 14 6 6 14 -6 6 6 -6 6 6 6

4 16 6 16 16 6 14 14 6 6 14 6 4 16

4 16 6 4 16 6 6 14 6 6 -14 6 4 -16

4 16 6 4 -16 6 6 -14 6 14 -14 6 16 -16

4 16 6 16 -16 6 14 -14 6 14 14 6 16 16

1 16 -6 10 10 0 -1 0 4 0 0 0 0 -4 4-4ndis.dat

1 16 -6 10 -10 0 -1 0 4 0 0 0 0 -4 4-4ndis.dat

4 16 -6 14 6 -6 6 6 -6 6 -6 -6 14 -6

4 16 -6 16 16 -6 4 16 -6 6 14 -6 14 14

4 16 -6 4 16 -6 4 -16 -6 6 -14 -6 6 14

4 16 -6 4 -16 -6 16 -16 -6 14 -14 -6 6 -14

4 16 -6 16 -16 -6 16 16 -6 14 14 -6 14 -14

1 16 -10 10 10 0 1 0 6 0 0 0 0 6 4-4ndis.dat

1 16 -10 10 -10 0 1 0 6 0 0 0 0 6 4-4ndis.dat

4 16 -10 16 4 -10 16 -4 -10 4 -4 -10 4 4

4 16 -10 16 20 -10 16 16 -10 4 16 -10 0 20

4 16 -10 0 20 -10 4 16 -10 4 -16 -10 0 -20

4 16 -10 0 -20 -10 4 -16 -10 16 -16 -10 16 -20

1 16 0 10 20 6 0 0 0 0 6 0 -1 0 4-4ndis.dat

4 16 10 16 20 6 16 20 6 4 20 10 0 20

4 16 10 0 20 6 4 20 -6 4 20 -10 0 20

4 16 -10 0 20 -6 4 20 -6 16 20 -10 16 20

1 16 0 10 16 4 0 0 0 0 4 0 1 0 4-4ndis.dat

4 16 6 16 16 6 4 16 4 6 16 4 14 16

4 16 6 4 16 -6 4 16 -4 6 16 4 6 16

4 16 -6 4 16 -6 16 16 -4 14 16 -4 6 16

4 16 -6 16 16 6 16 16 4 14 16 -4 14 16

1 16 0 10 -16 -4 0 0 0 0 4 0 -1 0 4-4ndis.dat

4 16 6 16 -16 4 14 -16 4 6 -16 6 4 -16

4 16 6 4 -16 4 6 -16 -4 6 -16 -6 4 -16

4 16 -6 4 -16 -4 6 -16 -4 14 -16 -6 16 -16

4 16 -6 16 -16 -4 14 -16 4 14 -16 6 16 -16

1 16 0 10 -20 -6 0 0 0 0 6 0 1 0 4-4ndis.dat

4 16 10 16 -20 10 0 -20 6 4 -20 6 16 -20

4 16 10 0 -20 -10 0 -20 -6 4 -20 6 4 -20

4 16 -10 0 -20 -10 16 -20 -6 16 -20 -6 4 -20

0 BFC INVERTNEXT

1 16 0 0 10 4 0 0 0 4 0 0 0 4 4-4cyli.dat

0 BFC INVERTNEXT

1 16 0 0 -10 4 0 0 0 4 0 0 0 4 4-4cyli.dat

0 BFC INVERTNEXT

1 16 10 10 10 0 -4 0 4 0 0 0 0 4 4-4cyli.dat

0 BFC INVERTNEXT

1 16 10 10 -10 0 -4 0 4 0 0 0 0 4 4-4cyli.dat

0 BFC INVERTNEXT

1 16 -10 10 10 0 4 0 4 0 0 0 0 4 4-4cyli.dat

0 BFC INVERTNEXT

1 16 -10 10 -10 0 4 0 4 0 0 0 0 4 4-4cyli.dat

0 BFC INVERTNEXT

1 16 0 10 16 4 0 0 0 0 4 0 4 0 4-4cyli.dat

0 BFC INVERTNEXT

1 16 0 10 -30 4 0 0 0 0 4 0 14 0 4-4cyli.dat

1 16 0 10 -28 6 0 0 0 0 6 0 8 0 4-4cyli.dat

0 BFC INVERTNEXT

1 16 0 10 -32 6 0 0 0 0 6 0 2 0 4-4cyli.dat

1 16 0 10 -32 8 0 0 0 0 8 0 4 0 4-4cyli.dat

1 16 0 0 10 1 0 0 0 1 0 0 0 1 stud2a.dat

1 16 0 0 -10 1 0 0 0 1 0 0 0 1 stud2a.dat

1 16 10 10 10 0 -1 0 1 0 0 0 0 1 stud2a.dat

1 16 10 10 -10 0 -1 0 1 0 0 0 0 1 stud2a.dat

1 16 -10 10 10 0 1 0 1 0 0 0 0 1 stud2a.dat

1 16 -10 10 -10 0 1 0 1 0 0 0 0 1 stud2a.dat

1 16 0 10 20 1 0 0 0 0 1 0 -1 0 stud2a.dat

1 16 0 10 -32 1 0 0 0 0 -1 0 1 0 stud4a.dat

0 NOFILE

0 FILE stud4a.dat
0 Stud Tube Open without Base Edges

0 Name: stud4a.dat

0 Author: James Jessiman

0 !LDRAW_ORG Primitive UPDATE 2009-02

0 !LICENSE Licensed under CC BY 4.0 : see CAreadme.txt



0 BFC CERTIFY CCW



0 !HISTORY 1999-07-05 [PTadmin] Official Update 1999-05

0 !HISTORY 2002-04-04 [sbliss] Modified for BFC compliance

0 !HISTORY 2002-04-25 [PTadmin] Official Update 2002-02

0 !HISTORY 2007-06-24 [PTadmin] Header formatted for Contributor Agreement

0 !HISTORY 2008-07-01 [PTadmin] Official Update 2008-01

0 !HISTORY 2009-06-21 [cwdee] Update ring references to 4-4ring

0 !HISTORY 2009-09-03 [PTadmin] Official Update 2009-02





1 16 0 -4 0 6 0 0 0 1 0 0 0 6 4-4edge.dat

1 16 0 -4 0 8 0 0 0 1 0 0 0 8 4-4edge.dat

0 BFC INVERTNEXT

1 16 0 -4 0 6 0 0 0 4 0 0 0 6 4-4cyli.dat

1 16 0 -4 0 8 0 0 0 4 0 0 0 8 4-4cyli.dat

1 16 0 -4 0 2 0 0 0 1 0 0 0 2 4-4ring3.dat

0

0 NOFILE

0 FILE 54200.dat
0 Slope Brick 31  1 x  1 x  0.667

0 Name: 54200.dat

0 Author: Orion Pobursky [OrionP]

0 !LDRAW_ORG Part UPDATE 2022-04

0 !LICENSE Licensed under CC BY 4.0 : see CAreadme.txt



0 BFC CERTIFY CCW



0 !KEYWORDS cheese



0 !HISTORY 2006-01-14 [cwdee] Rotated to match other slope bricks

0 !HISTORY 2009-09-03 [PTadmin] Official Update 2009-02

0 !HISTORY 2013-08-04 [cwdee] Description change

0 !HISTORY 2013-12-23 [PTadmin] Official Update 2013-02

0 !HISTORY 2014-11-21 [roland] Auto-corrected with libfix version of LDCad 1.4

0 !HISTORY 2015-10-11 [PTadmin] Official Update 2015-01

0 !HISTORY 2019-06-03 [Philo] Rounded corners and flattened top.

0 !HISTORY 2019-06-28 [PTadmin] Official Update 2019-01

0 !HISTORY 2021-05-21 [OrionP] Subfiled for patterns

0 !HISTORY 2022-05-07 [PTadmin] Official Update 2022-03

0 !HISTORY 2022-07-13 [Jaco] added keyword Cheese

0 !HISTORY 2022-07-18 [PTadmin] Official Update 2022-04





1 16 0 0 0 1 0 0 0 1 0 0 0 1 s__54200s01.dat



3 16 9.41 -15.01 8.35 8 -15.6 9.3333 10 -13.6 6

4 16 -8 -15.6 9.3333 -10 -13.6 6 10 -13.6 6 8 -15.6 9.3333

3 16 -8 -15.6 9.3333 -9.41 -15.01 8.35 -10 -13.6 6

4 16 -10 -4 -10 10 -4 -10 10 -13.6 6 -10 -13.6 6

0 NOFILE

0 FILE s__54200s01.dat
0 ~Slope Brick 31  1 x  1 x  0.667 without Sloped Face

0 Name: s\54200s01.dat

0 Author: Orion Pobursky [OrionP]

0 !LDRAW_ORG Subpart UPDATE 2022-03

0 !LICENSE Licensed under CC BY 4.0 : see CAreadme.txt



0 BFC CERTIFY CCW



0 !HISTORY 2022-05-07 [PTadmin] Official Update 2022-03





2 24 10 -1 10 10 -1 -10

2 24 -10 -1 10 -10 -1 -10

1 16 0 -5.3 6 -6 0 0 0 0 5.3 0 1 0 rect.dat

1 16 0 -1.7 -6 0 0 -6 1.7 0 0 0 -1 0 rect.dat

1 16 0 -2.5 -10 -10 0 0 0 0 1.5 0 1 0 rect.dat

2 24 9 0 9 -9 0 9

2 24 9 0 -9 -9 0 -9

1 16 0 -1 0 0 0 9 0 1 0 -9 0 0 box4.dat

4 16 10 -1 -10 9 -1 -9 9 -1 9 10 -1 10

4 16 -10 -1 10 -9 -1 9 -9 -1 -9 -10 -1 -10

4 16 10 -1 10 9 -1 9 -9 -1 9 -10 -1 10

4 16 -10 -1 -10 -9 -1 -9 9 -1 -9 10 -1 -10

4 16 6 0 -6 6 0 6 9 0 9 9 0 -9

4 16 -6 0 6 -6 0 -6 -9 0 -9 -9 0 9

4 16 -6 0 -6 6 0 -6 9 0 -9 -9 0 -9

4 16 6 0 6 -6 0 6 -9 0 9 9 0 9

4 16 6 -10.6 6 6 0 6 6 0 -6 6 -3.4 -6

4 16 -6 -10.6 6 -6 -3.4 -6 -6 0 -6 -6 0 6

2 24 6 0 -6 6 0 6

2 24 -6 0 -6 -6 0 6

2 24 6 -3.4 -6 6 -10.6 6

2 24 -6 -3.4 -6 -6 -10.6 6

3 16 -3.1092 -4 -5 -2.2961 -4 -5.5434 -2.2961 -3.674 -5.5434

5 24 -2.2961 -4 -5.5434 -2.2961 -3.674 -5.5434 -3.1092 -4 -5 0 -4 -6

4 16 -2.2961 -4 -5.5434 0 -4 -6 0 -3.4 -6 -2.2961 -3.674 -5.5434

5 24 0 -4 -6 0 -3.4 -6 -2.2961 -4 -5.5434 2.2961 -4 -5.5434

4 16 0 -4 -6 2.2961 -4 -5.5434 2.2961 -3.674 -5.5434 0 -3.4 -6

5 24 2.2961 -4 -5.5434 2.2961 -3.674 -5.5434 0 -4 -6 3.1092 -4 -5

3 16 3.1092 -4 -5 2.2961 -3.674 -5.5434 2.2961 -4 -5.5434

2 24 -3.1092 -4 -5 -2.2961 -4 -5.5434

2 24 -2.2961 -4 -5.5434 0 -4 -6

2 24 2.2961 -4 -5.5434 0 -4 -6

2 24 3.1092 -4 -5 2.2961 -4 -5.5434

2 24 -3.1092 -4 -5 -2.2961 -3.674 -5.5434

2 24 -2.2961 -3.674 -5.5434 0 -3.4 -6

2 24 2.2961 -3.674 -5.5434 0 -3.4 -6

2 24 3.1092 -4 -5 2.2961 -3.674 -5.5434

2 24 -3.1092 -4 -5 3.1092 -4 -5

3 16 -3.1092 -4 -5 -2.2961 -3.674 -5.5434 -6 -3.4 -6

3 16 -6 -3.4 -6 -2.2961 -3.674 -5.5434 0 -3.4 -6

3 16 3.1092 -4 -5 6 -3.4 -6 2.2961 -3.674 -5.5434

3 16 6 -3.4 -6 0 -3.4 -6 2.2961 -3.674 -5.5434

2 24 9.41 -15.01 8.35 10 -13.6 6

2 24 9.41 -15.01 10 10 -13.6 10

2 24 8 -15.6 9.3333 9.41 -15.01 8.35

2 24 9.41 -15.01 10 8 -15.6 10

2 24 -9.41 -15.01 8.35 -10 -13.6 6

2 24 -9.41 -15.01 10 -10 -13.6 10

2 24 -8 -15.6 9.3333 -9.41 -15.01 8.35

2 24 -9.41 -15.01 10 -8 -15.6 10

4 16 8 -15.6 10 8 -15.6 9.3333 9.41 -15.01 8.35 9.41 -15.01 10

4 16 9.41 -15.01 10 9.41 -15.01 8.35 10 -13.6 6 10 -13.6 10

4 16 10 -1 10 10 -13.6 10 10 -13.6 6 10 -4 -10

3 16 10 -4 -10 10 -1 -10 10 -1 10

3 16 8 -15.6 10 9.41 -15.01 10 10 -13.6 10

4 16 -9.41 -15.01 8.35 -8 -15.6 9.3333 -8 -15.6 10 -9.41 -15.01 10

4 16 -10 -13.6 6 -9.41 -15.01 8.35 -9.41 -15.01 10 -10 -13.6 10

4 16 -10 -13.6 6 -10 -13.6 10 -10 -1 10 -10 -4 -10

3 16 -10 -1 -10 -10 -4 -10 -10 -1 10

3 16 -9.41 -15.01 10 -8 -15.6 10 -10 -13.6 10

2 24 -8 -15.6 10 8 -15.6 10

2 24 -8 -15.6 9.3333 8 -15.6 9.3333

4 16 -8 -15.6 10 -8 -15.6 9.3333 8 -15.6 9.3333 8 -15.6 10

4 16 -10 -13.6 10 -8 -15.6 10 8 -15.6 10 10 -13.6 10

1 16 0 -7.3 10 10 0 0 0 0 6.3 0 -1 0 rect3.dat

5 24 -9.41 -15.01 10 -9.41 -15.01 8.35 -8 -15.6 9.3333 -10 -13.6 10

5 24 9.41 -15.01 8.35 9.41 -15.01 10 8 -15.6 10 10 -13.6 6

5 24 -10 -13.6 6 -10 -13.6 10 -9.41 -15.01 8.35 -10 -1 10

5 24 10 -13.6 10 10 -13.6 6 9.41 -15.01 10 10 -4 -10

5 24 8 -15.6 9.3333 8 -15.6 10 9.41 -15.01 8.35 -8 -15.6 10

5 24 -8 -15.6 9.3333 -8 -15.6 10 -9.41 -15.01 10 8 -15.6 9.3333

3 16 0 -4 -6 -2.2961 -4 -5.5434 2.2961 -4 -5.5434

4 16 -3.1092 -4 -5 3.1092 -4 -5 2.2961 -4 -5.5434 -2.2961 -4 -5.5434

3 16 -3.1092 -4 -5 -6 -3.4 -6 -6 -10.6 6

3 16 6 -3.4 -6 3.1092 -4 -5 6 -10.6 6

4 16 -3.1092 -4 -5 -6 -10.6 6 6 -10.6 6 3.1092 -4 -5

2 24 -10 -13.6 6 -10 -4 -10

2 24 10 -4 -10 10 -13.6 6

0 NOFILE

0 FILE 4733.dat
0 Brick  1 x  1 with Studs on Four Sides

0 Name: 4733.dat

0 Author: James Jessiman

0 !LDRAW_ORG Part UPDATE 2024-01

0 !LICENSE Licensed under CC BY 4.0 : see CAreadme.txt



0 BFC CERTIFY CCW



0 !KEYWORDS Travis Brick



0 !HISTORY 1998-06-20 [PTadmin] Official Update 1998-06

0 !HISTORY 2003-06-08 [jriley] BFC compliant

0 !HISTORY 2003-12-19 [PTadmin] Official Update 2003-03

0 !HISTORY 2004-07-24 [cwdee] Add "Four" to part title

0 !HISTORY 2004-11-06 [PTadmin] Official Update 2004-04

0 !HISTORY 2007-07-08 [PTadmin] Header formatted for Contributor Agreement

0 !HISTORY 2008-07-01 [PTadmin] Official Update 2008-01

0 !HISTORY 2023-04-08 [MagFors] Unmirrored stud primitives

0 !HISTORY 2024-01-29 [OrionP] Official Update 2024-01



1 16 0 12 0 10 0 0 0 12 0 0 0 10 box0.dat

1 16 0 14 0 6 0 0 0 10 0 0 0 6 box0.dat



1 16 0 4 0 4 0 0 0 -1 0 0 0 4 4-4edge.dat

1 16 6 10 0 0 -1 0 4 0 0 0 0 4 4-4edge.dat

1 16 0 10 -6 4 0 0 0 0 4 0 -1 0 4-4edge.dat

1 16 -6 10 0 0 1 0 4 0 0 0 0 4 4-4edge.dat

1 16 0 10 6 4 0 0 0 0 4 0 1 0 4-4edge.dat



1 16 0 0 0 6 0 0 0 1 0 0 0 6 4-4edge.dat

1 16 10 10 0 0 1 0 6 0 0 0 0 6 4-4edge.dat

1 16 0 10 -10 6 0 0 0 0 6 0 1 0 4-4edge.dat

1 16 -10 10 0 0 1 0 6 0 0 0 0 6 4-4edge.dat

1 16 0 10 10 6 0 0 0 0 6 0 1 0 4-4edge.dat



1 16 0 4 0 4 0 0 0 -1 0 0 0 4 4-4ndis.dat

1 16 6 10 0 0 1 0 4 0 0 0 0 4 4-4ndis.dat

1 16 0 10 -6 -4 0 0 0 0 4 0 -1 0 4-4ndis.dat

1 16 -6 10 0 0 -1 0 4 0 0 0 0 -4 4-4ndis.dat

1 16 0 10 6 4 0 0 0 0 4 0 1 0 4-4ndis.dat



1 16 0 0 0 6 0 0 0 1 0 0 0 6 4-4ndis.dat

1 16 10 10 0 0 -1 0 6 0 0 0 0 -6 4-4ndis.dat

1 16 0 10 -10 6 0 0 0 0 6 0 1 0 4-4ndis.dat

1 16 -10 10 0 0 1 0 6 0 0 0 0 6 4-4ndis.dat

1 16 0 10 10 -6 0 0 0 0 6 0 -1 0 4-4ndis.dat



0 BFC INVERTNEXT

1 16 0 0 0 4 0 0 0 4 0 0 0 4 4-4cyli.dat

0 BFC INVERTNEXT

1 16 10 10 0 0 -4 0 4 0 0 0 0 4 4-4cyli.dat

0 BFC INVERTNEXT

1 16 0 10 -10 4 0 0 0 0 4 0 4 0 4-4cyli.dat

0 BFC INVERTNEXT

1 16 -10 10 0 0 4 0 4 0 0 0 0 4 4-4cyli.dat

0 BFC INVERTNEXT

1 16 0 10 10 4 0 0 0 0 4 0 -4 0 4-4cyli.dat



4 16 10 24 10 6 24 6 -6 24 6 -10 24 10

4 16 -10 24 10 -6 24 6 -6 24 -6 -10 24 -10

4 16 -10 24 -10 -6 24 -6 6 24 -6 10 24 -10

4 16 10 24 -10 6 24 -6 6 24 6 10 24 10

4 16 6 4 6 4 4 4 -4 4 4 -6 4 6

4 16 -6 4 6 -4 4 4 -4 4 -4 -6 4 -6

4 16 -6 4 -6 -4 4 -4 4 4 -4 6 4 -6

4 16 6 4 -6 4 4 -4 4 4 4 6 4 6

4 16 -10 0 10 -6 0 6 6 0 6 10 0 10

4 16 -10 0 -10 -6 0 -6 -6 0 6 -10 0 10

4 16 10 0 -10 6 0 -6 -6 0 -6 -10 0 -10

4 16 10 0 10 6 0 6 6 0 -6 10 0 -10

4 16 -10 24 10 -6 16 10 6 16 10 10 24 10

4 16 -10 24 10 -10 0 10 -6 4 10 -6 16 10

4 16 10 0 10 6 4 10 -6 4 10 -10 0 10

4 16 10 0 10 10 24 10 6 16 10 6 4 10

4 16 6 24 6 4 14 6 -4 14 6 -6 24 6

4 16 -6 24 6 -4 14 6 -4 6 6 -6 4 6

4 16 -6 4 6 -4 6 6 4 6 6 6 4 6

4 16 6 4 6 4 6 6 4 14 6 6 24 6

4 16 -6 24 -6 -4 14 -6 4 14 -6 6 24 -6

4 16 6 24 -6 4 14 -6 4 6 -6 6 4 -6

4 16 6 4 -6 4 6 -6 -4 6 -6 -6 4 -6

4 16 -6 4 -6 -4 6 -6 -4 14 -6 -6 24 -6

4 16 10 24 -10 6 16 -10 -6 16 -10 -10 24 -10

4 16 -10 24 -10 -6 16 -10 -6 4 -10 -10 0 -10

4 16 -10 0 -10 -6 4 -10 6 4 -10 10 0 -10

4 16 10 0 -10 6 4 -10 6 16 -10 10 24 -10

4 16 10 24 10 10 16 6 10 16 -6 10 24 -10

4 16 10 24 -10 10 16 -6 10 4 -6 10 0 -10

4 16 10 0 -10 10 4 -6 10 4 6 10 0 10

4 16 10 0 10 10 4 6 10 16 6 10 24 10

4 16 6 24 -6 6 14 -4 6 14 4 6 24 6

4 16 6 24 6 6 14 4 6 6 4 6 4 6

4 16 6 4 6 6 6 4 6 6 -4 6 4 -6

4 16 6 4 -6 6 6 -4 6 14 -4 6 24 -6

4 16 -6 24 6 -6 14 4 -6 14 -4 -6 24 -6

4 16 -6 24 -6 -6 14 -4 -6 6 -4 -6 4 -6

4 16 -6 4 -6 -6 6 -4 -6 6 4 -6 4 6

4 16 -6 4 6 -6 6 4 -6 14 4 -6 24 6

4 16 -10 24 -10 -10 16 -6 -10 16 6 -10 24 10

4 16 -10 24 -10 -10 0 -10 -10 4 -6 -10 16 -6

4 16 -10 0 10 -10 4 6 -10 4 -6 -10 0 -10

4 16 -10 0 10 -10 24 10 -10 16 6 -10 4 6



1 16 0 0 0 1 0 0 0 1 0 0 0 1 stud2a.dat

1 16 10 10 0 0 -1 0 1 0 0 0 0 1 stud2a.dat

1 16 0 10 -10 0 0 1 1 0 0 0 1 0 stud2a.dat

1 16 -10 10 0 0 1 0 1 0 0 0 0 -1 stud2a.dat

1 16 0 10 10 0 0 -1 1 0 0 0 -1 0 stud2a.dat

0 NOFILE

0 FILE box0.dat
0 Box with 0 Faces and All Edges

0 Name: box0.dat

0 Author: Santeri Piippo [arezey]

0 !LDRAW_ORG Primitive UPDATE 2010-02

0 !LICENSE Licensed under CC BY 4.0 : see CAreadme.txt



0 BFC CERTIFY CCW



0 !HISTORY 2010-07-05 [PTadmin] Official Update 2010-02





2 24 -1 1 -1 1 1 -1

2 24 -1 -1 -1 1 -1 -1

2 24 1 1 1 1 1 -1

2 24 1 -1 1 1 -1 -1

2 24 -1 1 1 -1 1 -1

2 24 -1 -1 1 -1 -1 -1

2 24 1 1 1 -1 1 1

2 24 1 -1 1 -1 -1 1

2 24 1 -1 1 1 1 1

2 24 -1 -1 1 -1 1 1

2 24 -1 -1 -1 -1 1 -1

2 24 1 -1 -1 1 1 -1

0 //

0 NOFILE

0 FILE 35480.dat
0 Plate  1 x  2 with Round Ends and 2 Open Studs

0 Name: 35480.dat

0 Author: Magnus Forsberg [MagFors]

0 !LDRAW_ORG Part UPDATE 2018-01

0 !LICENSE Licensed under CC BY 4.0 : see CAreadme.txt



0 BFC CERTIFY CCW



0 !HISTORY 2018-01-30 [PTadmin] Official Update 2018-01





1 16 0 4 0 0 0 1 0 -1 0 -1 0 0 stud3.dat

1 16 10 8 0 0 0 2 0 -1 0 -2 0 0 2-4ring3.dat

1 16 10 8 0 0 0 2 0 -1 0 -2 0 0 2-4ring4.dat

0 BFC INVERTNEXT

1 16 10 4 0 0 0 6 0 4 0 -6 0 0 2-4cylo.dat

1 16 10 4 0 0 0 2 0 -1 0 -2 0 0 2-4ring2.dat

1 16 10 4 0 0 0 -4 0 -1 0 -4 0 0 2-4ndis.dat

1 16 10 4 0 0 0 4 0 1 0 -4 0 0 4-4edge.dat

0 BFC INVERTNEXT

1 16 10 4 0 0 0 4 0 -4 0 -4 0 0 4-4cyli.dat

1 16 10 0 0 0 0 10 0 8 0 -10 0 0 2-4cylo.dat

1 16 10 0 0 0 0 2 0 1 0 -2 0 0 2-4ring4.dat

1 16 10 0 0 0 0 2 0 1 0 -2 0 0 2-4ring3.dat

1 16 10 0 0 0 0 6 0 1 0 -6 0 0 4-4edge.dat

1 16 10 0 0 0 0 -6 0 1 0 -6 0 0 2-4ndis.dat

1 16 10 0 0 0 0 1 0 1 0 -1 0 0 stud2a.dat

3 16 6 4 -4 10 4 -4 10 4 -6

3 16 10 4 4 6 4 4 10 4 6

3 16 10 0 -6 4 0 -6 10 0 -8

3 16 4 0 6 10 0 6 10 0 8

2 24 10 4 -6 -10 4 -6

4 16 -4 0 -6 4 0 -6 4 0 0 -4 0 0

4 16 10 0 -8 4 0 -6 -4 0 -6 -10 0 -8

4 16 10 4 -6 -10 4 -6 -6 4 -4 6 4 -4

4 16 6 4 0 6 4 -4 -6 4 -4 -6 4 0

1 16 0 4 -8 -10 0 0 0 0 -4 0 -2 0 box3u10p.dat

1 16 0 6 -7 -10 0 0 0 0 2 0 1 0 box2-11.dat



1 16 -10 8 0 0 0 -2 0 -1 0 2 0 0 2-4ring3.dat

1 16 -10 8 0 0 0 -2 0 -1 0 2 0 0 2-4ring4.dat

0 BFC INVERTNEXT

1 16 -10 4 0 0 0 -6 0 4 0 6 0 0 2-4cylo.dat

1 16 -10 4 0 0 0 -2 0 -1 0 2 0 0 2-4ring2.dat

1 16 -10 4 0 0 0 4 0 -1 0 4 0 0 2-4ndis.dat

1 16 -10 4 0 0 0 -4 0 1 0 4 0 0 4-4edge.dat

0 BFC INVERTNEXT

1 16 -10 4 0 0 0 -4 0 -4 0 4 0 0 4-4cyli.dat

1 16 -10 0 0 0 0 -10 0 8 0 10 0 0 2-4cylo.dat

1 16 -10 0 0 0 0 -2 0 1 0 2 0 0 2-4ring4.dat

1 16 -10 0 0 0 0 -2 0 1 0 2 0 0 2-4ring3.dat

1 16 -10 0 0 0 0 -6 0 1 0 6 0 0 4-4edge.dat

1 16 -10 0 0 0 0 6 0 1 0 6 0 0 2-4ndis.dat

1 16 -10 0 0 0 0 -1 0 1 0 1 0 0 stud2a.dat

3 16 -6 4 4 -10 4 4 -10 4 6

3 16 -10 4 -4 -6 4 -4 -10 4 -6

3 16 -10 0 6 -4 0 6 -10 0 8

3 16 -4 0 -6 -10 0 -6 -10 0 -8

2 24 -10 4 6 10 4 6

4 16 4 0 6 -4 0 6 -4 0 0 4 0 0

4 16 -10 0 8 -4 0 6 4 0 6 10 0 8

4 16 -10 4 6 10 4 6 6 4 4 -6 4 4

4 16 -6 4 0 -6 4 4 6 4 4 6 4 0

1 16 0 4 8 10 0 0 0 0 -4 0 2 0 box3u10p.dat

1 16 0 6 7 10 0 0 0 0 2 0 -1 0 box2-11.dat

0 NOFILE

0 FILE box3u10p.dat
0 Box with 3 Faces without 10 Parallel Edges

0 Name: box3u10p.dat

0 Author: Owen Burgoyne [C3POwen]

0 !LDRAW_ORG Primitive UPDATE 2014-01

0 !LICENSE Licensed under CC BY 4.0 : see CAreadme.txt



0 BFC CERTIFY CCW



0 !HISTORY 2014-06-21 [PTadmin] Official Update 2014-01





4 16 1 1 -1 -1 1 -1 -1 1 1 1 1 1

4 16 -1 1 1 -1 0 1 1 0 1 1 1 1

4 16 1 1 -1 1 0 -1 -1 0 -1 -1 1 -1

2 24 1 1 1 -1 1 1

2 24 -1 1 -1 1 1 -1

0 NOFILE

0 FILE 85861.dat
0 Plate  1 x  1 Round with Open Stud

0 Name: 85861.dat

0 Author: Magnus Forsberg [MagFors]

0 !LDRAW_ORG Part UPDATE 2025-09

0 !LICENSE Licensed under CC BY 4.0 : see CAreadme.txt



0 BFC CERTIFY CCW



0 !HISTORY 2010-04-05 [PTadmin] Official Update 2010-01

0 !HISTORY 2025-09-27 [OrionP] Changed winding to CCW

0 !HISTORY 2025-09-29 [OrionP] Official Update 2025-09



1 16 0 3 0 -1 0 0 0 -1.25 0 0 0 1 stud4.dat

1 16 0 3 0 4 0 0 0 1 0 0 0 4 4-4edge.dat

1 16 0 3 0 -2 0 0 0 -1 0 0 0 2 4-4ring2.dat

1 16 0 3 0 10 0 0 0 1 0 0 0 10 4-4edge.dat

1 16 0 3 0 -2 0 0 0 -1 0 0 0 2 4-4ring4.dat

1 16 0 0 0 10 0 0 0 1 0 0 0 10 4-4edge.dat

1 16 0 0 0 10 0 0 0 3 0 0 0 10 4-4cyli.dat

1 16 0 0 0 6 0 0 0 1 0 0 0 6 4-4edge.dat

1 16 0 0 0 2 0 0 0 1 0 0 0 2 4-4ring4.dat

1 16 0 0 0 2 0 0 0 1 0 0 0 2 4-4ring3.dat

0 BFC INVERTNEXT

1 16 0 0 0 4 0 0 0 3 0 0 0 4 4-4cyli.dat

1 16 0 0 0 1 0 0 0 1 0 0 0 1 stud2a.dat
0 NOFILE

0 FILE 4-4ring4.dat
0 Ring  4 x 1.0

0 Name: 4-4ring4.dat

0 Author: James Jessiman

0 !LDRAW_ORG Primitive UPDATE 2009-01

0 !LICENSE Licensed under CC BY 4.0 : see CAreadme.txt



0 BFC CERTIFY CCW



0 !HISTORY 1998-12-15 [PTadmin] Official Update 1998-10

0 !HISTORY 2002-04-08 [BrickCaster] Modified for BFC compliance

0 !HISTORY 2002-04-25 [PTadmin] Official Update 2002-02

0 !HISTORY 2007-06-24 [PTadmin] Header formatted for Contributor Agreement

0 !HISTORY 2008-07-01 [PTadmin] Official Update 2008-01

0 !HISTORY 2008-08-26 [cwdee] Switch polygon winding and rename

0 !HISTORY 2009-05-02 [PTadmin] Official Update 2009-01





4 16 -1.9135 0 4.6195 -1.5308 0 3.6956 0 0 4 0 0 5

4 16 -3.5355 0 3.5355 -2.8284 0 2.8284 -1.5308 0 3.6956 -1.9135 0 4.6195

4 16 -4.6195 0 1.9135 -3.6956 0 1.5308 -2.8284 0 2.8284 -3.5355 0 3.5355

4 16 -5 0 0 -4 0 0 -3.6956 0 1.5308 -4.6195 0 1.9135

4 16 -4.6195 0 -1.9135 -3.6956 0 -1.5308 -4 0 0 -5 0 0

4 16 -3.5355 0 -3.5355 -2.8284 0 -2.8284 -3.6956 0 -1.5308 -4.6195 0 -1.9135

4 16 -1.9135 0 -4.6195 -1.5308 0 -3.6956 -2.8284 0 -2.8284 -3.5355 0 -3.5355

4 16 0 0 -5 0 0 -4 -1.5308 0 -3.6956 -1.9135 0 -4.6195

4 16 1.9135 0 -4.6195 1.5308 0 -3.6956 0 0 -4 0 0 -5

4 16 3.5355 0 -3.5355 2.8284 0 -2.8284 1.5308 0 -3.6956 1.9135 0 -4.6195

4 16 4.6195 0 -1.9135 3.6956 0 -1.5308 2.8284 0 -2.8284 3.5355 0 -3.5355

4 16 5 0 0 4 0 0 3.6956 0 -1.5308 4.6195 0 -1.9135

4 16 4.6195 0 1.9135 3.6956 0 1.5308 4 0 0 5 0 0

4 16 3.5355 0 3.5355 2.8284 0 2.8284 3.6956 0 1.5308 4.6195 0 1.9135

4 16 1.9135 0 4.6195 1.5308 0 3.6956 2.8284 0 2.8284 3.5355 0 3.5355

4 16 0 0 5 0 0 4 1.5308 0 3.6956 1.9135 0 4.6195

0

0 NOFILE

0 FILE 4081b.dat
0 Plate  1 x  1 with Clip Light Type 2

0 Name: 4081b.dat

0 Author: James Jessiman

0 !LDRAW_ORG Part UPDATE 2024-02

0 !LICENSE Licensed under CC BY 4.0 : see CAreadme.txt



0 BFC CERTIFY CCW



0 !HISTORY 2001-10-25 [cwdee] Rewrite

0 !HISTORY 2001-10-26 [PTadmin] Official Update 2001-01

0 !HISTORY 2003-01-28 [sbliss] Completed header; BFC'ed

0 !HISTORY 2003-12-19 [PTadmin] Official Update 2003-03

0 !HISTORY 2004-03-02 [PTadmin] Official Update 2004-01

0 !HISTORY 2007-10-26 [PTadmin] Header formatted for Contributor Agreement

0 !HISTORY 2008-07-01 [PTadmin] Official Update 2008-01

0 !HISTORY 2020-06-04 [Sirio] Updated the use of primitives

0 !HISTORY 2021-10-30 [MagFors] Removed unwanted edges and surface bleeding

0 !HISTORY 2022-01-14 [PTadmin] Official Update 2022-01

0 !HISTORY 2024-03-23 [OrionP] Updated ring primitives

0 !HISTORY 2024-03-24 [OrionP] Official Update 2024-02



1 16 0 4 -10 -10 0 0 0 0 -4 0 20 0 box4-2p.dat

0 BFC INVERTNEXT

1 16 0 8 0 6 0 0 0 -4 0 0 0 6 box5.dat

4 16 6 8 -6 6 8 6 10 8 10 10 8 -10

4 16 -6 8 -6 6 8 -6 10 8 -10 -10 8 -10

4 16 -6 8 6 -6 8 -6 -10 8 -10 -10 8 10

4 16 6 8 6 -6 8 6 -10 8 10 10 8 10

1 16 0 0 0 1 0 0 0 1 0 0 0 1 stud.dat



1 16 6.5 4 -10 0 0 -3.5 -4 0 0 0 1 0 rect3.dat

1 16 -6.5 4 -10 0 0 3.5 4 0 0 0 1 0 rect3.dat

1 16 0 4 -10 0 0 -3 4 0 0 0 -3 0 box4o8a.dat



1 16 4 2 -20 0 -1 0 1 0 0 0 0 1 stud2a.dat

1 16 -4 2 -20 0 1 0 1 0 0 0 0 1 stud2a.dat

1 16 4 2 -20 0 1 0 6 0 0 0 0 6 4-4edge.dat

1 16 -4 2 -20 0 1 0 6 0 0 0 0 6 4-4edge.dat

0 BFC INVERTNEXT

1 16 4 2 -20 0 -8 0 4 0 0 0 0 4 4-4cyli.dat



1 16 4 2 -20 0 -1 0 -2 0 0 0 0 2 3-16ring3.dat

1 16 4 2 -20 0 -1 0 0 0 2 -2 0 0 5-16ring3.dat

1 16 4 2 -20 0 -1 0 0 0 -2 -2 0 0 1-4ring3.dat

1 16 -4 2 -20 0 1 0 -2 0 0 0 0 2 3-16ring3.dat

1 16 -4 2 -20 0 1 0 0 0 2 -2 0 0 5-16ring3.dat

1 16 -4 2 -20 0 1 0 0 0 -2 -2 0 0 1-4ring3.dat

1 16 4 2 -20 0 -8 0 -8 0 0 0 0 -8 1-4cylo.dat

1 16 4 2 -20 0 -8 0 0 0 8 -8 0 0 5-16cylo.dat

1 16 4 2 -20 0 -8 0 -8 0 0 0 0 8 3-16cylo.dat



1 16 0 8.6956 -15.8977 -4 0 0 0 -1 -.6956 0 0 1.0407 rect3.dat

2 24 3 0 -12.398 -3 0 -12.398

4 16 4 8 -14.857 -4 8 -14.857 -3 8 -13 3 8 -13

4 16 3 0 -12.398 -3 0 -12.398 -4 -1.0616 -12.6088 4 -1.0616 -12.6088

5 24 -4 -1.0616 -12.6088 4 -1.0616 -12.6088 -3 0 -12.398 -4 -3.6568 -14.3432

5 24 -4 9.3912 -16.9384 4 9.3912 -16.9384 -4 8 -14.857 -4 10 -20



1 16 3.5 6.8235 -13 -.5 0 0 0 0 -1.1765 0 -1 0 rect.dat

1 16 3.5 5.3545 -12.8045 0 0 .5 -.2925 -1 0 .1955 0 0 rect2p.dat

1 16 3.5 3.531 -12.3045 0 0 .5 -1.531 -1 0 .3045 0 0 rect2p.dat

2 24 4 -1.0616 -12.6088 4 2 -12

2 24 4 8 -14.857 4 8 -13

2 24 3 2 -12 3 0 -12.398

3 16 3 8 -13 4 8 -13 4 8 -14.857

4 16 4 8 -14.857 4 6.2426 -15.7574 4 7.5434 -17.7038 4 9.3912 -16.9384

4 16 4 6.2426 -15.7574 4 8 -14.857 4 8 -13 4 5.647 -13

4 16 4 4.2962 -14.4566 4 6.2426 -15.7574 4 5.647 -13 4 5.062 -12.609

4 16 4 -1.0616 -12.6088 4 -0.2962 -14.4566 4 2 -14 4 2 -12

4 16 4 5.062 -12.609 4 2 -12 4 2 -14 4 4.2962 -14.4566

4 16 3 0 -12.398 4 -1.0616 -12.6088 4 2 -12 3 2 -12

5 24 4 5.062 -12.609 3 5.062 -12.609 4 5.647 -13 4 2 -12

5 24 4 2 -12 3 2 -12 4 5.062 -12.609 4 -1.0616 -12.6088



1 16 -3.5 3.531 -12.3045 0 0 .5 -1.531 -1 0 .3045 0 0 rect2p.dat

1 16 -3.5 6.8235 -13 0 0 .5 -1.1765 0 0 0 -1 0 rect.dat

1 16 -3.5 5.3545 -12.8045 0 0 -.5 .2925 -1 0 -.1955 0 0 rect2p.dat

2 24 -4 8 -14.857 -4 8 -13

2 24 -4 2 -12 -4 -1.0616 -12.6088

2 24 -3 0 -12.398 -3 2 -12

3 16 -4 8 -14.857 -4 8 -13 -3 8 -13

4 16 -3 0 -12.398 -3 2 -12 -4 2 -12 -4 -1.0616 -12.6088

4 16 -4 7.5434 -17.7038 -4 6.2426 -15.7574 -4 8 -14.857 -4 9.3912 -16.9384

4 16 -4 8 -13 -4 8 -14.857 -4 6.2426 -15.7574 -4 5.647 -13

4 16 -4 5.647 -13 -4 6.2426 -15.7574 -4 4.2962 -14.4566 -4 5.062 -12.609

4 16 -4 -1.0616 -12.6088 -4 2 -12 -4 2 -14 -4 -0.2962 -14.4566

4 16 -4 4.2962 -14.4566 -4 2 -14 -4 2 -12 -4 5.062 -12.609

5 24 -4 5.062 -12.609 -3 5.062 -12.609 -4 5.647 -13 -4 2 -12

5 24 -4 2 -12 -3 2 -12 -4 5.062 -12.609 -4 -1.0616 -12.6088

0 NOFILE

0 FILE 5-16ring3.dat
0 Ring  3 x 0.3125

0 Name: 5-16ring3.dat

0 Author: Willy Tschager [Holly-Wood]

0 !LDRAW_ORG Primitive UPDATE 2024-02

0 !LICENSE Licensed under CC BY 4.0 : see CAreadme.txt



0 BFC CERTIFY CCW



0 !HISTORY 2017-12-30 [PTadmin] Official Update 2017-01

0 !HISTORY 2024-02-03 [Holly-Wood] Complete regeneration, original by KROACH

0 !HISTORY 2024-03-24 [OrionP] Official Update 2024-02



4 16 4 0 0 3.6956 0 1.5308 2.7717 0 1.1481 3 0 0

4 16 3.6956 0 1.5308 2.8284 0 2.8284 2.1213 0 2.1213 2.7717 0 1.1481

4 16 2.8284 0 2.8284 1.5308 0 3.6956 1.1481 0 2.7717 2.1213 0 2.1213

4 16 1.5308 0 3.6956 0 0 4 0 0 3 1.1481 0 2.7717

4 16 0 0 4 -1.5308 0 3.6956 -1.1481 0 2.7717 0 0 3

0 // Build by LDPartEditor (PrimGen 2.X)

0 NOFILE

0 FILE 3-16ring3.dat
0 Ring  3 x 0.1875

0 Name: 3-16ring3.dat

0 Author: Philippe Hurbain [Philo]

0 !LDRAW_ORG Primitive UPDATE 2024-02

0 !LICENSE Licensed under CC BY 4.0 : see CAreadme.txt



0 BFC CERTIFY CCW



0 !HISTORY 2010-04-05 [PTadmin] Official Update 2010-01

0 !HISTORY 2024-03-23 [OrionP] Moved from 3-16rin3.dat

0 !HISTORY 2024-03-24 [OrionP] Official Update 2024-02



4 16 3 0 0 4 0 0 3.6956 0 1.5308 2.7717 0 1.1481

4 16 2.7717 0 1.1481 3.6956 0 1.5308 2.8284 0 2.8284 2.1213 0 2.1213

4 16 2.1213 0 2.1213 2.8284 0 2.8284 1.5308 0 3.6956 1.1481 0 2.7717



0 // end of file



0 NOFILE

0 FILE box4o8a.dat
0 Box with 4 Faces (2 Parallel Pairs) without Top and Bottom Edges

0 Name: box4o8a.dat

0 Author: Steffen [Steffen]

0 !LDRAW_ORG Primitive UPDATE 2012-01

0 !LICENSE Licensed under CC BY 4.0 : see CAreadme.txt



0 BFC CERTIFY CCW



0 !HISTORY 2004-04-22 [PTadmin] Official Update 2004-02

0 !HISTORY 2007-06-24 [PTadmin] Header formatted for Contributor Agreement

0 !HISTORY 2008-07-01 [PTadmin] Official Update 2008-01

0 !HISTORY 2012-02-16 [Philo] Changed to CCW

0 !HISTORY 2012-03-30 [PTadmin] Official Update 2012-01





2 24 1 0 1 1 1 1

2 24 -1 0 1 -1 1 1

2 24 1 0 -1 1 1 -1

2 24 -1 0 -1 -1 1 -1

4 16 -1 1 1 -1 0 1 1 0 1 1 1 1

4 16 -1 1 -1 -1 0 -1 -1 0 1 -1 1 1

4 16 1 1 -1 1 0 -1 -1 0 -1 -1 1 -1

4 16 1 1 1 1 0 1 1 0 -1 1 1 -1

0 NOFILE

0 FILE 36841.dat
0 Bracket  1 x  1 -  1 x  1 Down

0 Name: 36841.dat

0 Author: Magnus Forsberg [MagFors]

0 !LDRAW_ORG Part UPDATE 2019-01

0 !LICENSE Licensed under CC BY 4.0 : see CAreadme.txt



0 BFC CERTIFY CCW



0 !HISTORY 2019-06-28 [PTadmin] Official Update 2019-01





1 16 0 6 -10 -1.5 0 0 0 0 2 0 4 0 box4-1.dat

0 BFC INVERTNEXT

1 16 0 8 -2 6 0 0 0 -4 0 0 0 8 box5-1.dat

1 16 0 8 0 10 0 0 0 1 0 0 0 10 recte3.dat

4 16 10 8 10 6 8 6 -6 8 6 -10 8 10

4 16 -10 8 10 -6 8 6 -6 8 -10 -10 8 -10

4 16 10 8 -10 6 8 -10 6 8 6 10 8 10

2 24 -10 8 -10 -6 8 -10

2 24 10 8 -10 6 8 -10

2 24 10 8 -10 10 18 -10

2 24 -10 8 -10 -10 18 -10

4 16 8 20 -10 6 8 -10 10 8 -10 10 18 -10

4 16 8 20 -10 -8 20 -10 -6 8 -10 6 8 -10

4 16 -10 18 -14 -10 0 -14 -10 8 -10 -10 18 -10

1 16 0 4 10 -10 0 0 0 0 -4 0 -1 0 rect3.dat

4 16 10 18 -10 10 8 -10 10 0 -14 10 18 -14

4 16 10 8 10 10 0 10 10 0 -14 10 8 -10

4 16 -10 8 10 -10 8 -10 -10 0 -14 -10 0 10

1 16 0 9 -2 -10 0 0 0 -9 0 0 0 -12 box2-7.dat



1 16 -8 18 -14 -2 0 0 0 0 2 0 4 0 1-4cylo.dat

1 16 8 18 -14 0 0 2 2 0 0 0 4 0 1-4cylo.dat

1 16 -8 18 -10 -2 0 0 0 0 2 0 -1 0 1-4chrd.dat

1 16 8 18 -10 0 0 2 2 0 0 0 -1 0 1-4chrd.dat

1 16 -8 18 -14 -2 0 0 0 0 2 0 1 0 1-4chrd.dat

1 16 8 18 -14 0 0 2 2 0 0 0 1 0 1-4chrd.dat

1 16 0 20 -12 8 0 0 0 -1 0 0 0 -2 rect2p.dat

4 16 10 18 -14 -10 18 -14 -8 20 -14 8 20 -14

4 16 -10 8 -10 -6 8 -10 -8 20 -10 -10 18 -10



1 16 0 0 0 0 0 -1 0 1 0 1 0 0 stud.dat

1 16 0 10 -14 0 0 1 1 0 0 0 1 0 stud2.dat

0 NOFILE

0 FILE box5-1.dat
0 Box with 5 Faces without 1 Edge

0 Name: box5-1.dat

0 Author: J.C. Tchang [tchang]

0 !LDRAW_ORG Primitive UPDATE 2014-01

0 !LICENSE Licensed under CC BY 4.0 : see CAreadme.txt



0 BFC CERTIFY CCW



0 !HISTORY 2014-06-21 [PTadmin] Official Update 2014-01





2 24 1 1 1 -1 1 1

2 24 -1 1 1 -1 1 -1

2 24 -1 1 -1 1 1 -1

2 24 1 1 -1 1 1 1

2 24 1 0 1 -1 0 1

2 24 -1 0 1 -1 0 -1

2 24 1 0 -1 1 0 1

2 24 1 0 1 1 1 1

2 24 -1 0 1 -1 1 1

2 24 1 0 -1 1 1 -1

2 24 -1 0 -1 -1 1 -1

4 16 -1 1 1 1 1 1 1 1 -1 -1 1 -1

4 16 -1 1 1 -1 0 1 1 0 1 1 1 1

4 16 -1 1 -1 -1 0 -1 -1 0 1 -1 1 1

4 16 1 1 -1 1 0 -1 -1 0 -1 -1 1 -1

4 16 1 1 1 1 0 1 1 0 -1 1 1 -1

0 NOFILE

0 FILE 3022.dat
0 Plate  2 x  2

0 Name: 3022.dat

0 Author: James Jessiman

0 !LDRAW_ORG Part UPDATE 2002-03

0 !LICENSE Licensed under CC BY 4.0 : see CAreadme.txt



0 BFC CERTIFY CCW



0 !HISTORY 2001-10-26 [PTadmin] Official Update 2001-01

0 !HISTORY 2002-05-07 {unknown} BFC Certification

0 !HISTORY 2002-06-11 [PTadmin] Official Update 2002-03

0 !HISTORY 2007-06-07 [PTadmin] Header formatted for Contributor Agreement

0 !HISTORY 2008-07-01 [PTadmin] Official Update 2008-01





1 16 0 4 0 1 0 0 0 -1 0 0 0 1 stud4.dat



0 BFC INVERTNEXT

1 16 0 8 0 16 0 0 0 -4 0 0 0 16 box5.dat



4 16 20 8 20 16 8 16 -16 8 16 -20 8 20

0 // Next Line was 4 16 20 8 -20 16 8 -16 -16 8 -16 -20 8 -20

4 16 -20 8 -20 -16 8 -16 16 8 -16 20 8 -20

0 // Next Line was 4 16 20 8 20 16 8 16 16 8 -16 20 8 -20

4 16 20 8 -20 16 8 -16 16 8 16 20 8 20

4 16 -20 8 20 -16 8 16 -16 8 -16 -20 8 -20



1 16 0 8 0 20 0 0 0 -8 0 0 0 20 box5.dat



1 16 10 0 10 1 0 0 0 1 0 0 0 1 stud.dat

1 16 -10 0 10 1 0 0 0 1 0 0 0 1 stud.dat

1 16 10 0 -10 1 0 0 0 1 0 0 0 1 stud.dat

1 16 -10 0 -10 1 0 0 0 1 0 0 0 1 stud.dat

0

0 NOFILE

0 FILE 32523.dat
0 Technic Beam  3

0 Name: 32523.dat

0 Author: Tim Gould [timgould]

0 !LDRAW_ORG Part UPDATE 2022-02

0 !LICENSE Licensed under CC BY 4.0 : see CAreadme.txt



0 BFC CERTIFY CCW



0 !HISTORY 2009-09-03 [PTadmin] Official Update 2009-02

0 !HISTORY 2020-12-05 [Philo] Used subpart

0 !HISTORY 2022-03-06 [PTadmin] Official Update 2022-02





1 16 0 0 0 1 0 0 0 1 0 0 0 1 s__32523s01.dat

4 16 9 10 20 9 -10 20 9 -10 -20 9 10 -20

0 NOFILE

0 FILE s__32523s01.dat
0 ~Technic Beam  3 without Side

0 Name: s\32523s01.dat

0 Author: Philippe Hurbain [Philo]

0 !LDRAW_ORG Subpart UPDATE 2022-02

0 !LICENSE Licensed under CC BY 4.0 : see CAreadme.txt



0 BFC CERTIFY CCW



0 !HISTORY 2020-12-05 [Philo] Subparted from Tim Gould 32523

0 !HISTORY 2022-03-06 [PTadmin] Official Update 2022-02





1 16 0 0 0 1 0 0 0 1 0 0 0 1 beamhole.dat

1 16 0 0 -20 1 0 0 0 1 0 0 0 1 beamhole.dat

1 16 0 0 20 1 0 0 0 1 0 0 0 1 connhole.dat

0 // Sides and edges

1 16 0 -10 20 9 0 0 0 20 0 0 0 9 2-4cyli.dat

1 16 0 -10 20 9 0 0 0 1 0 0 0 9 2-4edge.dat

1 16 0 10 20 -9 0 0 0 -1 0 0 0 9 2-4edge.dat

1 16 0 -10 -20 -9 0 0 0 20 0 0 0 -9 2-4cyli.dat

1 16 0 -10 -20 -9 0 0 0 1 0 0 0 -9 2-4edge.dat

1 16 0 10 -20 9 0 0 0 -1 0 0 0 -9 2-4edge.dat

2 24 9 10 -20 9 10 20

2 24 9 -10 20 9 -10 -20

1 16 -9 0 0 0 1 0 0 0 10 20 0 0 rect2p.dat

0 NOFILE

0 FILE connhole.dat
0 Technic Connector Hole Long

0 Name: connhole.dat

0 Author: Magnus Forsberg [MagFors]

0 !LDRAW_ORG Primitive UPDATE 2024-01

0 !LICENSE Licensed under CC BY 4.0 : see CAreadme.txt



0 BFC CERTIFY CCW



0 !HISTORY 2005-07-09 [mikeheide] use 4-4ring8 primitive

0 !HISTORY 2009-09-03 [PTadmin] Official Update 2009-02

0 !HISTORY 2024-01-05 [MagFors] Complete rewrite, original by t.woelk

0 !HISTORY 2024-01-29 [OrionP] Official Update 2024-01



1 16 0 10 0 1 0 0 0 -1 0 0 0 1 peghole.dat

1 16 0 10 0 1 0 0 0 -1 0 0 0 -1 4-4ring8.dat

0 BFC INVERTNEXT

1 16 0 -8 0 6 0 0 0 16 0 0 0 6 4-4cyli.dat

1 16 0 -10 0 1 0 0 0 1 0 0 0 1 4-4ring8.dat

1 16 0 -10 0 1 0 0 0 1 0 0 0 1 peghole.dat

0 NOFILE

0 FILE peghole.dat
0 Peg Hole End

0 Name: peghole.dat

0 Author: James Jessiman

0 !LDRAW_ORG Primitive UPDATE 2010-01

0 !LICENSE Licensed under CC BY 4.0 : see CAreadme.txt



0 BFC CERTIFY CCW



0 !HISTORY 2002-05-01 [mkennedy] replace code with ring3

0 !HISTORY 2002-05-01 [sbliss] BFC

0 !HISTORY 2002-06-11 [PTadmin] Official Update 2002-03

0 !HISTORY 2007-06-24 [PTadmin] Header formatted for Contributor Agreement

0 !HISTORY 2008-07-01 [PTadmin] Official Update 2008-01

0 !HISTORY 2010-01-14 [cwdee] Update ring3 to 4-4ring3

0 !HISTORY 2010-04-05 [PTadmin] Official Update 2010-01





1 16 0 0 0 8 0 0 0 1 0 0 0 8 4-4edge.dat

1 16 0 2 0 8 0 0 0 1 0 0 0 8 4-4edge.dat

1 16 0 2 0 6 0 0 0 1 0 0 0 6 4-4edge.dat

1 16 0 2 0 2 0 0 0 1 0 0 0 2 4-4ring3.dat

0 BFC INVERTNEXT

1 16 0 0 0 8 0 0 0 2 0 0 0 8 4-4cyli.dat

0

0 NOFILE

0 FILE beamhole.dat
0 Technic Beam Hole 1.0 with Adjacent Hole Negative

0 Name: beamhole.dat

0 Author: Willy Tschager [Holly-Wood]

0 !LDRAW_ORG Primitive UPDATE 2024-01

0 !LICENSE Licensed under CC BY 4.0 : see CAreadme.txt



0 BFC CERTIFY CCW



0 !HISTORY 2005-12-28 [PTadmin] Official Update 2005-01

0 !HISTORY 2007-06-24 [PTadmin] Header formatted for Contributor Agreement

0 !HISTORY 2008-07-01 [PTadmin] Official Update 2008-01

0 !HISTORY 2024-01-11 [Holly-Wood] Complete rewrite, original by guyvivan

0 !HISTORY 2024-01-29 [OrionP] Official Update 2024-01



0 // Top

1 16 0 -10 0 1 0 0 0 1 0 0 0 1 4-4ring8.dat

1 16 0 -10 10 1 0 0 0 8 0 0 0 1 npeghol2.dat

1 16 0 -10 0 1 0 0 0 1 0 0 0 1 peghole.dat



0 // Center

0 BFC INVERTNEXT

1 16 0 -8 0 6 0 0 0 16 0 0 0 6 4-4cyli.dat



0 // Bottom

1 16 0 10 0 1 0 0 0 -1 0 0 0 1 peghole.dat

1 16 0 10 10 1 0 0 0 -8 0 0 0 1 npeghol2.dat

1 16 0 10 0 1 0 0 0 -1 0 0 0 1 4-4ring8.dat

0 NOFILE

0 FILE npeghol2.dat
0 Technic Peg Hole Negative with Top Surface Extensions

0 Name: npeghol2.dat

0 Author: Orion Pobursky [OrionP]

0 !LDRAW_ORG Primitive UPDATE 2023-01

0 !LICENSE Licensed under CC BY 4.0 : see CAreadme.txt



0 BFC CERTIFY CCW



0 !HISTORY 2005-12-28 [PTadmin] Official Update 2005-01

0 !HISTORY 2007-06-24 [PTadmin] Header formatted for Contributor Agreement

0 !HISTORY 2008-07-01 [PTadmin] Official Update 2008-01

0 !HISTORY 2012-03-14 [Philo] Changed to CCW, used 1-8ndis to avoid overlaps

0 !HISTORY 2012-03-30 [PTadmin] Official Update 2012-01

0 !HISTORY 2021-03-18 [kuramapika1] Change cyli to cylo and adjusted to correct rounding errors

0 !HISTORY 2022-01-14 [PTadmin] Official Update 2022-01

0 !HISTORY 2022-07-08 [SwampKryakwa] New primitive shape - corners of npegholes are now smoothed similar to the actual lego parts

0 !HISTORY 2023-03-05 [OrionP] Official Update 2023-01





1 16 0 0 0 1 0 0 0 1 0 0 0 1 npeghol7a.dat

1 16 0 0 0 1 0 0 0 1 0 0 0 -1 npeghol7a.dat

0 NOFILE

0 FILE npeghol7a.dat
0 Technic Peg Hole Negative 0.5 with Top Surface Extensions

0 Name: npeghol7a.dat

0 Author: Max Murtazin [SwampKryakwa]

0 !LDRAW_ORG Primitive UPDATE 2024-02

0 !LICENSE Licensed under CC BY 4.0 : see CAreadme.txt



0 BFC CERTIFY CCW



0 !HISTORY 2018-04-02 [MagFors] adapted to four digit decimals

0 !HISTORY 2020-09-05 [PTadmin] Official Update 2020-02

0 !HISTORY 2022-07-08 [SwampKryakwa] New primitive shape - corners of npegholes are now smoothed similar to the actual lego parts

0 !HISTORY 2023-03-05 [OrionP] Official Update 2023-01

0 !HISTORY 2024-02-29 [OrionP] Update author to Max Murtazin

0 !HISTORY 2024-03-24 [OrionP] Official Update 2024-02



1 16 0 0 0 1 0 0 0 1 0 0 0 1 npeghol7.dat

1 16 0 0 10 9 0 0 0 1 0 0 0 -9 1-8ndis.dat

1 16 0 0 10 -9 0 0 0 1 0 0 0 -9 1-8ndis.dat



3 16 9 0 1 6.3639 0 3.6361 6.3639 0 1.5321

4 16 9 0 1 6.3639 0 1.5321 6.3639 0 0 9 0 0

3 16 -9 0 1 -6.3639 0 1.5321 -6.3639 0 3.6361

4 16 -9 0 1 -9 0 0 -6.3639 0 0 -6.3639 0 1.5321

0 NOFILE

0 FILE npeghol7.dat
0 Technic Peg Hole Negative 0.5 without Top Surface Extensions

0 Name: npeghol7.dat

0 Author: Max Murtazin [SwampKryakwa]

0 !LDRAW_ORG Primitive UPDATE 2024-02

0 !LICENSE Licensed under CC BY 4.0 : see CAreadme.txt



0 BFC CERTIFY CCW



0 !HISTORY 2009-05-02 [PTadmin] Official Update 2009-01

0 !HISTORY 2022-07-08 [SwampKryakwa] New primitive shape - corners of npegholes are now smoothed similar to the actual lego parts

0 !HISTORY 2023-03-05 [OrionP] Official Update 2023-01

0 !HISTORY 2024-02-29 [OrionP] Update author to Max Murtazin

0 !HISTORY 2024-03-24 [OrionP] Official Update 2024-02



1 16 0 0 10 0 0 9 0 1 0 -9 0 0 1-16cylo.dat



1 16 6.3639 .5 .76606 0 1 0 0 0 .5 .76606 0 0 rect2p.dat

3 16 3.4442 1 1.6851 0 1 1 6.3639 1 0

0 BFC INVERTNEXT

1 16 5.58171 0 1.7 .78219 0 .09843 0 1 0 -.16788 0 .78 8__3-8cylo.dat

1 16 5.58171 1 1.7 .78219 0 .09843 0 1 0 -.16788 0 .78 8__3-8chrd.dat

5 24 6.3639 1 1.5321 6.3639 0 1.5321 6.2044 0 2.13283 6.3639 1 -1.5321

5 24 3.4443 1 1.6849 3.4443 0 1.6849 0 0 1 5.09822 0 2.37024

5 24 5.09822 1 2.37024 5.09822 0 2.37024 3.4443 0 1.6849 5.68014 0 2.48

1 16 0 0 10 6.36396 0 -6.36397 0 1 0 -6.36397 0 -6.36396 1-16tang.dat

3 16 5.09822 0 2.37025 5.68014 0 2.48 6.3639 0 3.6361

3 16 6.3639 0 3.6361 5.68014 0 2.48 6.2044 0 2.13283

3 16 6.3639 0 3.6361 6.2044 0 2.13283 6.3639 0 1.5321



1 16 0 0 10 0 0 -9 0 1 0 -9 0 0 1-16cylo.dat



1 16 -6.3639 .5 .76606 0 -1 0 0 0 .5 .76606 0 0 rect2p.dat

4 16 -6.3639 1 1.5321 -6.3639 1 0 -3.4442 1 1.6851 -5.09817 1 2.37024

0 BFC INVERTNEXT

1 16 -5.58171 0 1.7 -.78219 0 -.09843 0 1 0 -.16788 0 .78 8__3-8cylo.dat

1 16 -5.58171 1 1.7 -.78219 0 -.09843 0 1 0 -.16788 0 .78 8__3-8chrd.dat

5 24 -6.3639 1 1.5321 -6.3639 0 1.5321 -6.2044 0 2.13283 -6.3639 1 -1.5321

5 24 -3.4443 1 1.6849 -3.4443 0 1.6849 0 0 1 -5.09822 0 2.37024

5 24 -5.09822 1 2.37024 -5.09822 0 2.37024 -3.4443 0 1.6849 -5.68014 0 2.48

1 16 0 0 10 -6.36396 0 6.36397 0 1 0 -6.36397 0 -6.36396 1-16tang.dat

3 16 -5.68014 0 2.48 -5.09822 0 2.37025 -6.3639 0 3.6361

3 16 -5.68014 0 2.48 -6.3639 0 3.6361 -6.2044 0 2.13283

3 16 -6.2044 0 2.13283 -6.3639 0 3.6361 -6.3639 0 1.5321

4 16 6.3639 1 1.5321 5.09817 1 2.37024 3.4442 1 1.6851 6.3639 1 0

3 16 -3.4443 1 1.6849 -6.3639 1 0 0 1 1

3 16 0 1 1 -6.3639 1 0 6.3639 1 0

4 16 5.09817 0 2.37024 3.44417 0 1.68484 3.4442 1 1.6851 5.09817 1 2.37024

4 16 -3.4443 0 1.6849 -5.09822 0 2.37024 -5.09822 1 2.37024 -3.4443 1 1.6849

2 24 -5.09822 0 2.37024 -3.4443 0 1.6849

2 24 -5.09822 1 2.37024 -3.4443 1 1.6849

2 24 3.44417 0 1.68484 5.09817 0 2.37024

2 24 3.4442 1 1.6851 5.09817 1 2.37024

0 NOFILE

0 FILE 8__3-8chrd.dat
0 Lo-Res Chord 0.375

0 Name: 8\3-8chrd.dat

0 Author: Philippe Hurbain [Philo]

0 !LDRAW_ORG 8_Primitive UPDATE 2020-01

0 !LICENSE Licensed under CC BY 4.0 : see CAreadme.txt



0 BFC CERTIFY CCW



0 !HISTORY 2020-06-28 [PTadmin] Official Update 2020-01





4 16 .7071 0 .7071 0 0 1 -.7071 0 .7071 1 0 0

0 // Build by LDPartEditor (PrimGen 2.X)

0 NOFILE

0 FILE 8__3-8cylo.dat
0 Lo-Res Cylinder Open 0.375

0 Name: 8\3-8cylo.dat

0 Author: Philippe Hurbain [Philo]

0 !LDRAW_ORG 8_Primitive UPDATE 2020-01

0 !LICENSE Licensed under CC BY 4.0 : see CAreadme.txt



0 BFC CERTIFY CCW



0 !HISTORY 2020-06-28 [PTadmin] Official Update 2020-01





1 16 0 0 0 1 0 0 0 1 0 0 0 1 8__3-8edge.dat

1 16 0 0 0 1 0 0 0 1 0 0 0 1 8__3-8cyli.dat

1 16 0 1 0 1 0 0 0 1 0 0 0 1 8__3-8edge.dat

0 NOFILE

0 FILE 8__3-8cyli.dat
0 Lo-Res Cylinder 0.375

0 Name: 8\3-8cyli.dat

0 Author: Philippe Hurbain [Philo]

0 !LDRAW_ORG 8_Primitive UPDATE 2020-01

0 !LICENSE Licensed under CC BY 4.0 : see CAreadme.txt



0 BFC CERTIFY CCW



0 !HISTORY 2020-06-28 [PTadmin] Official Update 2020-01





4 16 0.7071 0 0.7071 1 0 0 1 1 0 0.7071 1 0.7071

4 16 0 0 1 0.7071 0 0.7071 0.7071 1 0.7071 0 1 1

4 16 -0.7071 0 0.7071 0 0 1 0 1 1 -0.7071 1 0.7071

0 // conditional lines

5 24 1 1 0 1 0 0 1 1 -1 0.7071 1 0.7071

5 24 0.7071 1 0.7071 0.7071 0 0.7071 1 1 0 0 1 1

5 24 0 1 1 0 0 1 0.7071 1 0.7071 -0.7071 1 0.7071

5 24 -0.7071 1 0.7071 -0.7071 0 0.7071 0 1 1 -1.4142 1 0

0 // Build by LDPartEditor (PrimGen 2.X)

0 NOFILE

0 FILE 8__3-8edge.dat
0 Lo-Res Circle 0.375

0 Name: 8\3-8edge.dat

0 Author: Philippe Hurbain [Philo]

0 !LDRAW_ORG 8_Primitive UPDATE 2020-01

0 !LICENSE Licensed under CC BY 4.0 : see CAreadme.txt



0 BFC CERTIFY CCW



0 !HISTORY 2020-06-28 [PTadmin] Official Update 2020-01





2 24 1 0 0 0.7071 0 0.7071

2 24 0.7071 0 0.7071 0 0 1

2 24 0 0 1 -0.7071 0 0.7071

0 // Build by LDPartEditor (PrimGen 2.X)

0 NOFILE

0 FILE 47905.dat
0 Brick  1 x  1 with Studs on Two Opposite Sides

0 Name: 47905.dat

0 Author: Sven Moritz Hein [smhltec]

0 !LDRAW_ORG Part UPDATE 2025-09

0 !LICENSE Licensed under CC BY 2.0 and CC BY 4.0 : see CAreadme.txt



0 BFC CERTIFY CCW



0 !HISTORY 2004-03-30 [mkennedy] Made BFC compliant

0 !HISTORY 2004-09-15 [PTadmin] Official Update 2004-03

0 !HISTORY 2007-07-09 [PTadmin] Header formatted for Contributor Agreement

0 !HISTORY 2008-07-01 [PTadmin] Official Update 2008-01

0 !HISTORY 2025-09-27 [OrionP] Changed winding to CCW

0 !HISTORY 2025-09-29 [OrionP] Official Update 2025-09



2 24 6 24 6 -6 24 6

2 24 -6 24 -6 6 24 -6

2 24 6 4 6 -6 4 6

2 24 -6 4 -6 6 4 -6

2 24 10 24 10 -10 24 10

2 24 -10 24 -10 10 24 -10

2 24 10 0 10 -10 0 10

2 24 -10 0 -10 10 0 -10

0

0 BFC INVERTNEXT

1 16 0 10 10 0 0 4 4 0 0 0 -4 0 4-4cyli.dat

1 16 0 10 6 0 0 4 4 0 0 0 1 0 4-4edge.dat

1 16 0 10 10 0 0 6 6 0 0 0 1 0 4-4edge.dat

1 16 0 10 6 0 0 4 4 0 0 0 1 0 4-4ndis.dat

1 16 0 10 10 0 0 6 6 0 0 0 -1 0 4-4ndis.dat

0 BFC INVERTNEXT

1 16 0 10 -10 0 0 4 4 0 0 0 4 0 4-4cyli.dat

1 16 0 10 -6 0 0 4 4 0 0 0 1 0 4-4edge.dat

1 16 0 10 -10 0 0 6 6 0 0 0 1 0 4-4edge.dat

1 16 0 10 -6 0 0 4 4 0 0 0 -1 0 4-4ndis.dat

1 16 0 10 -10 0 0 6 6 0 0 0 1 0 4-4ndis.dat

0

4 16 10 24 10 10 24 -10 6 24 -6 6 24 6

4 16 -10 24 10 10 24 10 6 24 6 -6 24 6

4 16 -10 24 -10 -10 24 10 -6 24 6 -6 24 -6

4 16 10 24 -10 -10 24 -10 -6 24 -6 6 24 -6

0

4 16 -10 24 -10 10 24 -10 6 16 -10 -6 16 -10

4 16 -10 0 -10 -10 24 -10 -6 16 -10 -6 4 -10

4 16 10 0 -10 -10 0 -10 -6 4 -10 6 4 -10

4 16 10 24 -10 10 0 -10 6 4 -10 6 16 -10

0

4 16 -6 24 -6 -4 14 -6 4 14 -6 6 24 -6

4 16 -6 4 -6 -4 6 -6 -4 14 -6 -6 24 -6

4 16 6 4 -6 4 6 -6 -4 6 -6 -6 4 -6

4 16 6 24 -6 4 14 -6 4 6 -6 6 4 -6

0

4 16 -6 24 6 6 24 6 4 14 6 -4 14 6

4 16 -6 4 6 -6 24 6 -4 14 6 -4 6 6

4 16 6 4 6 -6 4 6 -4 6 6 4 6 6

4 16 6 24 6 6 4 6 4 6 6 4 14 6

0

4 16 -10 24 10 -6 16 10 6 16 10 10 24 10

4 16 -10 0 10 -6 4 10 -6 16 10 -10 24 10

4 16 10 0 10 6 4 10 -6 4 10 -10 0 10

4 16 10 24 10 6 16 10 6 4 10 10 0 10

0 BFC INVERTNEXT

1 16 0 24 0 0 0 6 0 -20 0 6 0 0 box3u2p.dat

1 16 0 24 0 0 0 10 0 -24 0 10 0 0 box3u2p.dat

0

1 16 0 0 0 0 0 1 0 1 0 -1 0 0 stud.dat

1 16 0 10 -10 0 0 1 1 0 0 0 1 0 stud2a.dat

1 16 0 10 10 0 0 1 1 0 0 0 -1 0 stud2a.dat

0
0 NOFILE

0 FILE 3069b.dat
0 Tile  1 x  2 with Groove

0 Name: 3069b.dat

0 Author: Santeri Piippo [arezey]

0 !LDRAW_ORG Part UPDATE 2010-02

0 !LICENSE Licensed under CC BY 4.0 : see CAreadme.txt



0 BFC CERTIFY CCW



0 !KEYWORDS BrickLink 3069



0 !HISTORY 2010-07-05 [PTadmin] Official Update 2010-02





4 16 20 0 -10 20 0 10 -20 0 10 -20 0 -10

1 16 0 0 0 1 0 0 0 1 0 0 0 1 s__3069bs01.dat

0 //

0 NOFILE

0 FILE s__3069bs01.dat
0 ~Tile  1 x  2 with Groove without Top Face

0 Name: s\3069bs01.dat

0 Author: Santeri Piippo [arezey]

0 !LDRAW_ORG Subpart UPDATE 2010-02

0 !LICENSE Licensed under CC BY 4.0 : see CAreadme.txt



0 BFC CERTIFY CCW



0 !HISTORY 2010-07-05 [PTadmin] Official Update 2010-02





1 16 0 0 0 20 0 0 0 7 0 0 0 10 box4.dat

1 16 0 7 0 19 0 0 0 1 0 0 0 9 box4.dat

0 BFC INVERTNEXT

1 16 0 8 0 16 0 0 0 -4 0 0 0 6 box5.dat

4 16 -19 8 9 -16 8 6 -16 8 -6 -19 8 -9

4 16 19 8 -9 16 8 -6 16 8 6 19 8 9

4 16 19 8 9 16 8 6 -16 8 6 -19 8 9

4 16 -19 8 -9 -16 8 -6 16 8 -6 19 8 -9

4 16 -20 7 10 -19 7 9 -19 7 -9 -20 7 -10

4 16 20 7 -10 19 7 -9 19 7 9 20 7 10

4 16 20 7 10 19 7 9 -19 7 9 -20 7 10

4 16 -20 7 -10 -19 7 -9 19 7 -9 20 7 -10

0 //

0 NOFILE

0 FILE 3070b.dat
0 Tile  1 x  1 with Groove

0 Name: 3070b.dat

0 Author: Chris Dee [cwdee]

0 !LDRAW_ORG Part UPDATE 2025-09

0 !LICENSE Licensed under CC BY 4.0 : see CAreadme.txt



0 BFC CERTIFY CCW



0 !KEYWORDS BrickLink 3070



0 !HISTORY 2009-09-03 [PTadmin] Official Update 2009-02

0 !HISTORY 2025-09-27 [OrionP] Changed winding to CCW

0 !HISTORY 2025-09-29 [OrionP] Official Update 2025-09



1 16 0 0 0 1 0 0 0 1 0 0 0 1 s__3070bs01.dat

4 16 -10 0 10 -10 0 -10 10 0 -10 10 0 10

0
0 NOFILE

0 FILE s__3070bs01.dat
0 ~Tile  1 x  1 with Groove without Top Face

0 Name: s\3070bs01.dat

0 Author: Chris Dee [cwdee]

0 !LDRAW_ORG Subpart UPDATE 2009-02

0 !LICENSE Licensed under CC BY 4.0 : see CAreadme.txt



0 BFC CERTIFY CCW



0 !HISTORY 2009-09-03 [PTadmin] Official Update 2009-02





1 16 0 0 0 10 0 0 0 7 0 0 0 10 box4.dat

0 BFC INVERTNEXT

1 16 0 8 0 6 0 0 0 -4 0 0 0 6 box5.dat

1 16 0 7 0 9 0 0 0 1 0 0 0 9 box4.dat



4 16 9 8 9 6 8 6 -6 8 6 -9 8 9

4 16 -9 8 9 -6 8 6 -6 8 -6 -9 8 -9

4 16 -9 8 -9 -6 8 -6 6 8 -6 9 8 -9

4 16 9 8 -9 6 8 -6 6 8 6 9 8 9



4 16 10 7 10 9 7 9 -9 7 9 -10 7 10

4 16 -10 7 10 -9 7 9 -9 7 -9 -10 7 -10

4 16 -10 7 -10 -9 7 -9 9 7 -9 10 7 -10

4 16 10 7 -10 9 7 -9 9 7 9 10 7 10

0

0 NOFILE

0 FILE 3794b.dat
0 Plate  1 x  2 with Groove with 1 Centre Stud

0 Name: 3794b.dat

0 Author: Magnus Forsberg [MagFors]

0 !LDRAW_ORG Part UPDATE 2011-02

0 !LICENSE Licensed under CC BY 4.0 : see CAreadme.txt



0 BFC CERTIFY CCW



0 !KEYWORDS jumper, offset, spacer, tile



0 !HISTORY 2011-12-29 [PTadmin] Official Update 2011-02





1 16 0 4 0 1 0 0 0 -1 0 0 0 1 stud3.dat

0 BFC INVERTNEXT

1 16 0 8 0 16 0 0 0 -4 0 0 0 6 box5.dat

4 16 19 8 9 16 8 6 -16 8 6 -19 8 9

4 16 -19 8 9 -16 8 6 -16 8 -6 -19 8 -9

4 16 -19 8 -9 -16 8 -6 16 8 -6 19 8 -9

4 16 19 8 -9 16 8 -6 16 8 6 19 8 9

1 16 0 8 0 19 0 0 0 -1 0 0 0 9 box4.dat

4 16 20 7 10 19 7 9 -19 7 9 -20 7 10

4 16 -20 7 10 -19 7 9 -19 7 -9 -20 7 -10

4 16 -20 7 -10 -19 7 -9 19 7 -9 20 7 -10

4 16 20 7 -10 19 7 -9 19 7 9 20 7 10

1 16 0 7 0 20 0 0 0 -7 0 0 0 10 box5.dat

1 16 0 0 0 1 0 0 0 1 0 0 0 1 stud2.dat

0 NOFILE

0 FILE 3023.dat
0 ~Moved to 3023b

0 Name: 3023.dat

0 Author: Orion Pobursky [OrionP]

0 !LDRAW_ORG Part UPDATE 2024-07

0 !LICENSE Licensed under CC BY 4.0 : see CAreadme.txt



0 BFC CERTIFY CCW



0 !HISTORY 2023-06-24 [OrionP] Official Update 2023-03

0 !HISTORY 2024-08-10 [MagFors] Update description

0 !HISTORY 2024-08-26 [OrionP] Official Update 2024-07



1 16 0 0 0 1 0 0 0 1 0 0 0 1 3023b.dat

0 NOFILE
