0 FILE Sentry[SCION]V3.io
0 Untitled Model
0 Name: Sentry[SCION]V3
0 Author: 
0 CustomBrick
0 FlexibleBrickControlPointUnitLength -1
0 FlexibleBrickLockedControlPoint 
0 NumOfBricks 12
1 0 10.000030 -36.140020 -40.680020 0.707107 0.000000 -0.707107 -0.707107 0.000000 -0.707107 0.000000 1.000000 0.000000 4733.dat
1 0 17.071040 -29.068940 -20.680010 -0.707106 -0.707105 0.000000 0.707106 -0.707107 0.000000 0.000000 -0.000001 1.000000 11477.dat
1 0 2.928950 -29.068960 -20.680010 -0.707105 0.707106 0.000000 -0.707107 -0.707106 -0.000001 -0.000001 0.000000 1.000000 11477.dat
1 0 41.748450 -97.771430 -16.784620 0.852164 -0.500001 0.154325 0.429553 0.499992 -0.751993 0.298835 0.707112 0.640851 7302.dat
1 0 26.029710 -52.169480 -37.510800 0.500006 -0.499999 -0.707100 -0.499999 0.499991 -0.707112 0.707102 0.707112 0.000000 65578.dat
1 0 -6.029590 -52.169680 -37.510820 -0.500004 0.499994 -0.707106 -0.500002 0.499998 0.707106 0.707102 0.707112 -0.000003 65578.dat
1 0 -21.748070 -97.771670 -16.784570 0.852168 0.499995 -0.154322 -0.429546 0.499998 -0.751992 -0.298832 0.707112 0.640853 7302.dat
1 0 10.000030 -36.140020 -48.680020 -0.707108 0.000000 0.707106 0.707106 0.000000 0.707108 0.000000 1.000000 0.000000 bl_7826.dat
1 46 10.000000 -36.140000 -16.680000 0.707105 0.000000 0.707106 0.707107 0.000000 -0.707106 0.000000 1.000000 0.000000 11610.dat
1 0 10.000030 -36.140020 -48.680020 0.707107 0.000000 0.707107 0.707107 0.000000 -0.707107 0.000000 1.000000 0.000000 3024.dat
1 47 10.000000 -36.140010 10.000000 1.000000 0.000000 0.000000 0.000000 1.000000 0.000000 0.000000 0.000000 1.000000 48729b.dat
1 47 10.000000 -8.000000 10.000000 1.000000 0.000000 0.000000 0.000000 1.000000 0.000000 0.000000 0.000000 1.000000 85861.dat
0 NOFILE

0 FILE 85861.dat
0 Plate  1 x  1 Round with Open Stud

0 Name: 85861.dat

0 Author: Magnus Forsberg [MagFors]

0 !LDRAW_ORG Part UPDATE 2025-09

0 !LICENSE Licensed under CC BY 4.0 : see CAreadme.txt



0 BFC CERTIFY CCW



0 !HISTORY 2010-04-05 [PTadmin] Official Update 2010-01

0 !HISTORY 2025-09-27 [OrionP] Changed winding to CCW

0 !HISTORY 2025-09-29 [OrionP] Official Update 2025-09



1 16 0 3 0 -1 0 0 0 -1.25 0 0 0 1 stud4.dat

1 16 0 3 0 4 0 0 0 1 0 0 0 4 4-4edge.dat

1 16 0 3 0 -2 0 0 0 -1 0 0 0 2 4-4ring2.dat

1 16 0 3 0 10 0 0 0 1 0 0 0 10 4-4edge.dat

1 16 0 3 0 -2 0 0 0 -1 0 0 0 2 4-4ring4.dat

1 16 0 0 0 10 0 0 0 1 0 0 0 10 4-4edge.dat

1 16 0 0 0 10 0 0 0 3 0 0 0 10 4-4cyli.dat

1 16 0 0 0 6 0 0 0 1 0 0 0 6 4-4edge.dat

1 16 0 0 0 2 0 0 0 1 0 0 0 2 4-4ring4.dat

1 16 0 0 0 2 0 0 0 1 0 0 0 2 4-4ring3.dat

0 BFC INVERTNEXT

1 16 0 0 0 4 0 0 0 3 0 0 0 4 4-4cyli.dat

1 16 0 0 0 1 0 0 0 1 0 0 0 1 stud2a.dat
0 NOFILE

0 FILE stud2a.dat
0 Stud Open without Base Edges

0 Name: stud2a.dat

0 Author: James Jessiman

0 !LDRAW_ORG Primitive UPDATE 2009-02

0 !LICENSE Licensed under CC BY 4.0 : see CAreadme.txt



0 BFC CERTIFY CCW



0 !HISTORY 1999-07-05 [PTadmin] Official Update 1999-05

0 !HISTORY 2002-04-04 [sbliss] Modified for BFC compliance

0 !HISTORY 2002-04-25 [PTadmin] Official Update 2002-02

0 !HISTORY 2007-06-24 [PTadmin] Header formatted for Contributor Agreement

0 !HISTORY 2008-07-01 [PTadmin] Official Update 2008-01

0 !HISTORY 2009-06-21 [cwdee] Update ring references to 4-4ring

0 !HISTORY 2009-09-03 [PTadmin] Official Update 2009-02





1 16 0 -4 0 4 0 0 0 1 0 0 0 4 4-4edge.dat

1 16 0 -4 0 6 0 0 0 1 0 0 0 6 4-4edge.dat

0 BFC INVERTNEXT

1 16 0 -4 0 4 0 0 0 4 0 0 0 4 4-4cyli.dat

1 16 0 -4 0 6 0 0 0 4 0 0 0 6 4-4cyli.dat

1 16 0 -4 0 2 0 0 0 1 0 0 0 2 4-4ring2.dat

0

0 NOFILE

0 FILE 4-4ring3.dat
0 Ring  3 x 1.0

0 Name: 4-4ring3.dat

0 Author: James Jessiman

0 !LDRAW_ORG Primitive UPDATE 2009-01

0 !LICENSE Licensed under CC BY 4.0 : see CAreadme.txt



0 BFC CERTIFY CCW



0 !HISTORY 1998-12-15 [PTadmin] Official Update 1998-10

0 !HISTORY 2002-04-05 [hafhead] Added BFC statement

0 !HISTORY 2002-04-25 [PTadmin] Official Update 2002-02

0 !HISTORY 2007-06-24 [PTadmin] Header formatted for Contributor Agreement

0 !HISTORY 2008-07-01 [PTadmin] Official Update 2008-01

0 !HISTORY 2008-08-26 [cwdee] Switch polygon winding and rename

0 !HISTORY 2009-05-02 [PTadmin] Official Update 2009-01





4 16 -1.5308 0 3.6956 -1.1481 0 2.7717 0 0 3 0 0 4

4 16 -2.8284 0 2.8284 -2.1213 0 2.1213 -1.1481 0 2.7717 -1.5308 0 3.6956

4 16 -3.6956 0 1.5308 -2.7717 0 1.1481 -2.1213 0 2.1213 -2.8284 0 2.8284

4 16 -4 0 0 -3 0 0 -2.7717 0 1.1481 -3.6956 0 1.5308

4 16 -3.6956 0 -1.5308 -2.7717 0 -1.1481 -3 0 0 -4 0 0

4 16 -2.8284 0 -2.8284 -2.1213 0 -2.1213 -2.7717 0 -1.1481 -3.6956 0 -1.5308

4 16 -1.5308 0 -3.6956 -1.1481 0 -2.7717 -2.1213 0 -2.1213 -2.8284 0 -2.8284

4 16 0 0 -4 0 0 -3 -1.1481 0 -2.7717 -1.5308 0 -3.6956

4 16 1.5308 0 -3.6956 1.1481 0 -2.7717 0 0 -3 0 0 -4

4 16 2.8284 0 -2.8284 2.1213 0 -2.1213 1.1481 0 -2.7717 1.5308 0 -3.6956

4 16 3.6956 0 -1.5308 2.7717 0 -1.1481 2.1213 0 -2.1213 2.8284 0 -2.8284

4 16 4 0 0 3 0 0 2.7717 0 -1.1481 3.6956 0 -1.5308

4 16 3.6956 0 1.5308 2.7717 0 1.1481 3 0 0 4 0 0

4 16 2.8284 0 2.8284 2.1213 0 2.1213 2.7717 0 1.1481 3.6956 0 1.5308

4 16 1.5308 0 3.6956 1.1481 0 2.7717 2.1213 0 2.1213 2.8284 0 2.8284

4 16 0 0 4 0 0 3 1.1481 0 2.7717 1.5308 0 3.6956

0

0 NOFILE

0 FILE 4-4cyli.dat
0 Cylinder 1.0

0 Name: 4-4cyli.dat

0 Author: James Jessiman

0 !LDRAW_ORG Primitive UPDATE 2005-01

0 !LICENSE Licensed under CC BY 4.0 : see CAreadme.txt



0 BFC CERTIFY CCW



0 !HISTORY 1998-12-15 [PTadmin] Official Update 1998-10

0 !HISTORY 2002-03-23 [sbliss] Added BFC statement; merged headers from files in distributions LDraw 0.27 and Complete.

0 !HISTORY 2002-04-25 [PTadmin] Official Update 2002-02

0 !HISTORY 2004-12-14 [guyvivan] BFC CCW

0 !HISTORY 2005-12-28 [PTadmin] Official Update 2005-01

0 !HISTORY 2007-06-24 [PTadmin] Header formatted for Contributor Agreement

0 !HISTORY 2008-07-01 [PTadmin] Official Update 2008-01





4 16 1 1 0 0.9239 1 0.3827 0.9239 0 0.3827 1 0 0

5 24 1 0 0 1 1 0 0.9239 0 0.3827 0.9239 0 -0.3827

4 16 0.9239 1 0.3827 0.7071 1 0.7071 0.7071 0 0.7071 0.9239 0 0.3827

5 24 0.9239 0 0.3827 0.9239 1 0.3827 0.7071 0 0.7071 1 0 0

4 16 0.7071 1 0.7071 0.3827 1 0.9239 0.3827 0 0.9239 0.7071 0 0.7071

5 24 0.7071 0 0.7071 0.7071 1 0.7071 0.3827 0 0.9239 0.9239 0 0.3827

4 16 0.3827 1 0.9239 0 1 1 0 0 1 0.3827 0 0.9239

5 24 0.3827 0 0.9239 0.3827 1 0.9239 0 0 1 0.7071 0 0.7071

4 16 0 1 1 -0.3827 1 0.9239 -0.3827 0 0.9239 0 0 1

5 24 0 0 1 0 1 1 -0.3827 0 0.9239 0.3827 0 0.9239

4 16 -0.3827 1 0.9239 -0.7071 1 0.7071 -0.7071 0 0.7071 -0.3827 0 0.9239

5 24 -0.3827 0 0.9239 -0.3827 1 0.9239 -0.7071 0 0.7071 0 0 1

4 16 -0.7071 1 0.7071 -0.9239 1 0.3827 -0.9239 0 0.3827 -0.7071 0 0.7071

5 24 -0.7071 0 0.7071 -0.7071 1 0.7071 -0.9239 0 0.3827 -0.3827 0 0.9239

4 16 -0.9239 1 0.3827 -1 1 0 -1 0 0 -0.9239 0 0.3827

5 24 -0.9239 0 0.3827 -0.9239 1 0.3827 -1 0 0 -0.7071 0 0.7071

4 16 -1 1 0 -0.9239 1 -0.3827 -0.9239 0 -0.3827 -1 0 0

5 24 -1 0 0 -1 1 0 -0.9239 0 -0.3827 -0.9239 0 0.3827

4 16 -0.9239 1 -0.3827 -0.7071 1 -0.7071 -0.7071 0 -0.7071 -0.9239 0 -0.3827

5 24 -0.9239 0 -0.3827 -0.9239 1 -0.3827 -0.7071 0 -0.7071 -1 0 0

4 16 -0.7071 1 -0.7071 -0.3827 1 -0.9239 -0.3827 0 -0.9239 -0.7071 0 -0.7071

5 24 -0.7071 0 -0.7071 -0.7071 1 -0.7071 -0.3827 0 -0.9239 -0.9239 0 -0.3827

4 16 -0.3827 1 -0.9239 0 1 -1 0 0 -1 -0.3827 0 -0.9239

5 24 -0.3827 0 -0.9239 -0.3827 1 -0.9239 0 0 -1 -0.7071 0 -0.7071

4 16 0 1 -1 0.3827 1 -0.9239 0.3827 0 -0.9239 0 0 -1

5 24 0 0 -1 0 1 -1 0.3827 0 -0.9239 -0.3827 0 -0.9239

4 16 0.3827 1 -0.9239 0.7071 1 -0.7071 0.7071 0 -0.7071 0.3827 0 -0.9239

5 24 0.3827 0 -0.9239 0.3827 1 -0.9239 0.7071 0 -0.7071 0 0 -1

4 16 0.7071 1 -0.7071 0.9239 1 -0.3827 0.9239 0 -0.3827 0.7071 0 -0.7071

5 24 0.7071 0 -0.7071 0.7071 1 -0.7071 0.9239 0 -0.3827 0.3827 0 -0.9239

4 16 0.9239 1 -0.3827 1 1 0 1 0 0 0.9239 0 -0.3827

5 24 0.9239 0 -0.3827 0.9239 1 -0.3827 1 0 0 0.7071 0 -0.7071

0

0 NOFILE

0 FILE 4-4ring4.dat
0 Ring  4 x 1.0

0 Name: 4-4ring4.dat

0 Author: James Jessiman

0 !LDRAW_ORG Primitive UPDATE 2009-01

0 !LICENSE Licensed under CC BY 4.0 : see CAreadme.txt



0 BFC CERTIFY CCW



0 !HISTORY 1998-12-15 [PTadmin] Official Update 1998-10

0 !HISTORY 2002-04-08 [BrickCaster] Modified for BFC compliance

0 !HISTORY 2002-04-25 [PTadmin] Official Update 2002-02

0 !HISTORY 2007-06-24 [PTadmin] Header formatted for Contributor Agreement

0 !HISTORY 2008-07-01 [PTadmin] Official Update 2008-01

0 !HISTORY 2008-08-26 [cwdee] Switch polygon winding and rename

0 !HISTORY 2009-05-02 [PTadmin] Official Update 2009-01





4 16 -1.9135 0 4.6195 -1.5308 0 3.6956 0 0 4 0 0 5

4 16 -3.5355 0 3.5355 -2.8284 0 2.8284 -1.5308 0 3.6956 -1.9135 0 4.6195

4 16 -4.6195 0 1.9135 -3.6956 0 1.5308 -2.8284 0 2.8284 -3.5355 0 3.5355

4 16 -5 0 0 -4 0 0 -3.6956 0 1.5308 -4.6195 0 1.9135

4 16 -4.6195 0 -1.9135 -3.6956 0 -1.5308 -4 0 0 -5 0 0

4 16 -3.5355 0 -3.5355 -2.8284 0 -2.8284 -3.6956 0 -1.5308 -4.6195 0 -1.9135

4 16 -1.9135 0 -4.6195 -1.5308 0 -3.6956 -2.8284 0 -2.8284 -3.5355 0 -3.5355

4 16 0 0 -5 0 0 -4 -1.5308 0 -3.6956 -1.9135 0 -4.6195

4 16 1.9135 0 -4.6195 1.5308 0 -3.6956 0 0 -4 0 0 -5

4 16 3.5355 0 -3.5355 2.8284 0 -2.8284 1.5308 0 -3.6956 1.9135 0 -4.6195

4 16 4.6195 0 -1.9135 3.6956 0 -1.5308 2.8284 0 -2.8284 3.5355 0 -3.5355

4 16 5 0 0 4 0 0 3.6956 0 -1.5308 4.6195 0 -1.9135

4 16 4.6195 0 1.9135 3.6956 0 1.5308 4 0 0 5 0 0

4 16 3.5355 0 3.5355 2.8284 0 2.8284 3.6956 0 1.5308 4.6195 0 1.9135

4 16 1.9135 0 4.6195 1.5308 0 3.6956 2.8284 0 2.8284 3.5355 0 3.5355

4 16 0 0 5 0 0 4 1.5308 0 3.6956 1.9135 0 4.6195

0

0 NOFILE

0 FILE 4-4ring2.dat
0 Ring  2 x 1.0

0 Name: 4-4ring2.dat

0 Author: James Jessiman

0 !LDRAW_ORG Primitive UPDATE 2009-01

0 !LICENSE Licensed under CC BY 4.0 : see CAreadme.txt



0 BFC CERTIFY CCW



0 !HISTORY 1998-12-15 [PTadmin] Official Update 1998-10

0 !HISTORY 2002-04-05 [hafhead] Added BFC statement

0 !HISTORY 2002-04-25 [PTadmin] Official Update 2002-02

0 !HISTORY 2007-06-24 [PTadmin] Header formatted for Contributor Agreement

0 !HISTORY 2008-07-01 [PTadmin] Official Update 2008-01

0 !HISTORY 2008-08-26 [cwdee] Switch polygon winding and rename

0 !HISTORY 2009-05-02 [PTadmin] Official Update 2009-01





4 16 -1.1481 0 2.7717 -0.7654 0 1.8478 0 0 2 0 0 3

4 16 -2.1213 0 2.1213 -1.4142 0 1.4142 -0.7654 0 1.8478 -1.1481 0 2.7717

4 16 -2.7717 0 1.1481 -1.8478 0 0.7654 -1.4142 0 1.4142 -2.1213 0 2.1213

4 16 -3 0 0 -2 0 0 -1.8478 0 0.7654 -2.7717 0 1.1481

4 16 -2.7717 0 -1.1481 -1.8478 0 -0.7654 -2 0 0 -3 0 0

4 16 -2.1213 0 -2.1213 -1.4142 0 -1.4142 -1.8478 0 -0.7654 -2.7717 0 -1.1481

4 16 -1.1481 0 -2.7717 -0.7654 0 -1.8478 -1.4142 0 -1.4142 -2.1213 0 -2.1213

4 16 0 0 -3 0 0 -2 -0.7654 0 -1.8478 -1.1481 0 -2.7717

4 16 1.1481 0 -2.7717 0.7654 0 -1.8478 0 0 -2 0 0 -3

4 16 2.1213 0 -2.1213 1.4142 0 -1.4142 0.7654 0 -1.8478 1.1481 0 -2.7717

4 16 2.7717 0 -1.1481 1.8478 0 -0.7654 1.4142 0 -1.4142 2.1213 0 -2.1213

4 16 3 0 0 2 0 0 1.8478 0 -0.7654 2.7717 0 -1.1481

4 16 2.7717 0 1.1481 1.8478 0 0.7654 2 0 0 3 0 0

4 16 2.1213 0 2.1213 1.4142 0 1.4142 1.8478 0 0.7654 2.7717 0 1.1481

4 16 1.1481 0 2.7717 0.7654 0 1.8478 1.4142 0 1.4142 2.1213 0 2.1213

4 16 0 0 3 0 0 2 0.7654 0 1.8478 1.1481 0 2.7717

0

0 NOFILE

0 FILE 4-4edge.dat
0 Circle 1.0

0 Name: 4-4edge.dat

0 Author: James Jessiman

0 !LDRAW_ORG Primitive UPDATE 2017-01

0 !LICENSE Licensed under CC BY 4.0 : see CAreadme.txt



0 BFC CERTIFY CCW



0 !HISTORY 1998-12-15 [PTadmin] Official Update 1998-10

0 !HISTORY 2005-12-28 [PTadmin] Official Update 2005-01

0 !HISTORY 2007-06-24 [PTadmin] Header formatted for Contributor Agreement

0 !HISTORY 2008-07-01 [PTadmin] Official Update 2008-01

0 !HISTORY 2017-01-15 [Steffen] BFCed

0 !HISTORY 2017-12-30 [PTadmin] Official Update 2017-01





2 24 1 0 0 0.9239 0 0.3827

2 24 0.9239 0 0.3827 0.7071 0 0.7071

2 24 0.7071 0 0.7071 0.3827 0 0.9239

2 24 0.3827 0 0.9239 0 0 1

2 24 0 0 1 -0.3827 0 0.9239

2 24 -0.3827 0 0.9239 -0.7071 0 0.7071

2 24 -0.7071 0 0.7071 -0.9239 0 0.3827

2 24 -0.9239 0 0.3827 -1 0 -0

2 24 -1 0 -0 -0.9239 0 -0.3827

2 24 -0.9239 0 -0.3827 -0.7071 0 -0.7071

2 24 -0.7071 0 -0.7071 -0.3827 0 -0.9239

2 24 -0.3827 0 -0.9239 0 0 -1

2 24 0 0 -1 0.3827 0 -0.9239

2 24 0.3827 0 -0.9239 0.7071 0 -0.7071

2 24 0.7071 0 -0.7071 0.9239 0 -0.3827

2 24 0.9239 0 -0.3827 1 0 0

0 NOFILE

0 FILE stud4.dat
0 Stud Tube Open

0 Name: stud4.dat

0 Author: James Jessiman

0 !LDRAW_ORG Primitive UPDATE 2009-02

0 !LICENSE Licensed under CC BY 4.0 : see CAreadme.txt



0 BFC CERTIFY CCW



0 !HISTORY 1999-07-05 [PTadmin] Official Update 1999-05

0 !HISTORY 2002-04-04 [sbliss] Modified for BFC compliance

0 !HISTORY 2002-04-25 [PTadmin] Official Update 2002-02

0 !HISTORY 2007-06-24 [PTadmin] Header formatted for Contributor Agreement

0 !HISTORY 2008-07-01 [PTadmin] Official Update 2008-01

0 !HISTORY 2009-06-21 [cwdee] Update ring references to 4-4ring

0 !HISTORY 2009-09-03 [PTadmin] Official Update 2009-02





1 16 0 -4 0 6 0 0 0 1 0 0 0 6 4-4edge.dat

1 16 0 -4 0 8 0 0 0 1 0 0 0 8 4-4edge.dat

1 16 0 0 0 6 0 0 0 1 0 0 0 6 4-4edge.dat

1 16 0 0 0 8 0 0 0 1 0 0 0 8 4-4edge.dat

0 BFC INVERTNEXT

1 16 0 -4 0 6 0 0 0 4 0 0 0 6 4-4cyli.dat

1 16 0 -4 0 8 0 0 0 4 0 0 0 8 4-4cyli.dat

1 16 0 -4 0 2 0 0 0 1 0 0 0 2 4-4ring3.dat

0

0 NOFILE

0 FILE 48729b.dat
0 Bar  1.5L with Clip with Truncated Sides and Hole in Shaft

0 Name: 48729b.dat

0 Author: Willy Tschager [Holly-Wood]

0 !LDRAW_ORG Part UPDATE 2016-01

0 !LICENSE Licensed under CC BY 4.0 : see CAreadme.txt



0 BFC CERTIFY CCW



0 !KEYWORDS Claw hand, Mechanical



0 !HISTORY 2016-12-31 [PTadmin] Official Update 2016-01





0 // Claw



2 24 -3.516 9.982 1.8 -7 6 1.8

2 24 -7 6 1.8 -6.2 6 1.8

2 24 -3.5 6.435 1.8 -6.2 6 1.8

2 24 -3.5 6.435 1.8 -3.516 9.982 1.8

2 24 -3.516 9.982 -1.8 -7 6 -1.8

2 24 -7 6 -1.8 -6.2 6 -1.8

2 24 -3.5 6.435 -1.8 -6.2 6 -1.8

2 24 -3.516 9.982 -1.8 -3.5 6.435 -1.8

2 24 -7 6 -1.8 -7 6 1.8

2 24 0 7 4 -1.531 6.753 3.696

2 24 -1.531 6.753 3.696 -2.828 6.544 2.828

2 24 -3.5 6.435 1.8 -2.828 6.544 2.828

2 24 -2.828 6.544 -2.828 -3.5 6.435 -1.8

2 24 -1.531 6.753 -3.696 -2.828 6.544 -2.828

2 24 -1.531 6.753 -3.696 0 7 -4

2 24 -3.696 9.776 1.531 -3.516 9.982 1.8

2 24 -4 9.429 0 -3.696 9.776 1.531

2 24 -4 9.429 0 -3.696 9.776 -1.531

2 24 -3.696 9.776 -1.531 -3.516 9.982 -1.8

2 24 -6.2 6 4 0 7 4

2 24 -6.2 6 -4 0 7 -4

2 24 -10 6 4 -6.2 6 4

2 24 -10 6 -4 -6.2 6 -4

2 24 -8.949 -1.791 4.002 -10 0 4

2 24 -8.948 -1.787 -3.998 -10 0 -4

2 24 -7.538 -3.787 4.002 -8.949 -1.791 4.002

2 24 -7.537 -3.782 -3.998 -8.948 -1.787 -3.998

2 24 -6.159 -5.383 4.001 -7.538 -3.787 4.002

2 24 -6.158 -5.379 -3.999 -7.537 -3.782 -3.998

2 24 -4.53 -6.961 4 -6.159 -5.383 4.001

2 24 -4.529 -6.956 -4 -6.158 -5.379 -3.999

2 24 -3.801 -7.304 4 -4.53 -6.961 4

2 24 -3.8 -7.3 -4 -4.529 -6.956 -4

2 24 -3.4 -7 4 -3.801 -7.304 4

2 24 -3.4 -7 -4 -3.8 -7.3 -4

2 24 -3.4 -2.1 4 -3.4 -7 4

2 24 -3.4 -2.1 -4 -3.4 -7 -4

2 24 -4 0 4 -3.4 -2.1 4

2 24 -4 0 -4 -3.4 -2.1 -4

2 24 -3.46 2 4 -4 0 4

2 24 -3.46 2 -4 -4 0 -4

2 24 -2 3.46 4 -3.46 2 4

2 24 -2 3.46 -4 -3.46 2 -4

2 24 -1.45 3.8 4 -2 3.46 4

2 24 -1.45 3.8 -4 -2 3.46 -4

2 24 -1.1 4.6 4 -1.45 3.8 4

2 24 -1.1 4.6 -4 -1.45 3.8 -4

2 24 -1.1 5.6 4 -1.1 4.6 4

2 24 -1.1 5.6 -4 -1.1 4.6 -4

2 24 -.6 6.4 4 -1.1 5.6 4

2 24 -.6 6.4 -4 -1.1 5.6 -4

2 24 -.6 6.4 -4 0 6.45 -4

2 24 -.6 6.4 4 0 6.45 4

2 24 -6.2 6 4 -6.2 6 1.8

2 24 -6.2 6 -1.8 -6.2 6 -4



1 16 -10 3 0 0 1 0 -3 0 0 0 0 4 rect.dat

4 16 -10 0 4 -10 0 -4 -8.948 -1.787 -3.998 -8.949 -1.791 4.002

4 16 -8.948 -1.787 -3.998 -7.537 -3.782 -3.998 -7.538 -3.787 4.002 -8.949 -1.791 4.002

4 16 -7.537 -3.782 -3.998 -6.158 -5.379 -3.999 -6.159 -5.383 4.001 -7.538 -3.787 4.002

4 16 -6.158 -5.379 -3.999 -4.529 -6.956 -4 -4.53 -6.961 4 -6.159 -5.383 4.001

4 16 -4.529 -6.956 -4 -3.8 -7.3 -4 -3.801 -7.304 4 -4.53 -6.961 4

4 16 -3.8 -7.3 -4 -3.4 -7 -4 -3.4 -7 4 -3.801 -7.304 4

4 16 -3.4 -7 -4 -3.4 -2.1 -4 -3.4 -2.1 4 -3.4 -7 4

4 16 -3.4 -2.1 -4 -4 0 -4 -4 0 4 -3.4 -2.1 4

4 16 -4 0 -4 -3.46 2 -4 -3.46 2 4 -4 0 4

4 16 -3.46 2 -4 -2 3.46 -4 -2 3.46 4 -3.46 2 4

4 16 -2 3.46 -4 -1.45 3.8 -4 -1.45 3.8 4 -2 3.46 4

4 16 -1.45 3.8 -4 -1.1 4.6 -4 -1.1 4.6 4 -1.45 3.8 4

4 16 -1.1 4.6 -4 -1.1 5.6 -4 -1.1 5.6 4 -1.1 4.6 4

4 16 -1.1 5.6 -4 -.6 6.4 -4 -.6 6.4 4 -1.1 5.6 4

4 16 0 6.45 4 -.6 6.4 4 -.6 6.4 -4 0 6.45 -4



3 16 0 7 -4 0 6.45 -4 -.6 6.4 -4

3 16 0 7 -4 -.6 6.4 -4 -6.2 6 -4

3 16 -6.2 6 -4 -.6 6.4 -4 -1.1 5.6 -4

4 16 -1.45 3.8 -4 -6.2 6 -4 -1.1 5.6 -4 -1.1 4.6 -4

3 16 -6.2 6 -4 -1.45 3.8 -4 -2 3.46 -4

4 16 -2 3.46 -4 -3.46 2 -4 -10 6 -4 -6.2 6 -4

4 16 -8.948 -1.787 -3.998 -10 0 -4 -10 6 -4 -3.46 2 -4

3 16 -8.948 -1.787 -3.998 -3.46 2 -4 -4 0 -4

4 16 -3.4 -2.1 -4 -7.537 -3.782 -3.998 -8.948 -1.787 -3.998 -4 0 -4

3 16 -7.537 -3.782 -3.998 -3.4 -2.1 -4 -6.158 -5.379 -3.999

4 16 -3.4 -7 -4 -4.529 -6.956 -4 -6.158 -5.379 -3.999 -3.4 -2.1 -4

3 16 -4.529 -6.956 -4 -3.4 -7 -4 -3.8 -7.3 -4



3 16 -.6 6.4 4 0 6.435 4 0 7 4

3 16 -.6 6.4 4 0 7 4 -6.2 6 4

3 16 -.6 6.4 4 -6.2 6 4 -1.1 5.6 4

4 16 -1.1 5.6 4 -6.2 6 4 -1.45 3.8 4 -1.1 4.6 4

3 16 -1.45 3.8 4 -6.2 6 4 -2 3.46 4

4 16 -10 6 4 -3.46 2 4 -2 3.46 4 -6.2 6 4

4 16 -10 6 4 -10 0 4 -8.948 -1.787 4.002 -3.46 2 4

3 16 -3.46 2 4 -8.948 -1.787 4.002 -4 0 4

4 16 -8.948 -1.787 4.002 -7.537 -3.782 4.002 -3.4 -2.1 4 -4 0 4

3 16 -3.4 -2.1 4 -7.537 -3.782 4.002 -6.158 -5.379 4.001

4 16 -6.158 -5.379 4.001 -4.529 -6.956 4 -3.4 -7 4 -3.4 -2.1 4

3 16 -3.4 -7 4 -4.529 -6.956 4 -3.8 -7.3 4



4 16 -6.2 6 4 -6.2 6 1.8 -7 6 1.8 -10 6 4

4 16 -10 6 4 -7 6 1.8 -7 6 -1.8 -10 6 -4

4 16 -7 6 -1.8 -6.2 6 -1.8 -6.2 6 -4 -10 6 -4

3 16 -6.2 6 4 0 7 4 -1.531 6.753 3.696

3 16 -6.2 6 4 -1.531 6.753 3.696 -2.828 6.544 2.828

4 16 -2.828 6.544 2.828 -3.5 6.435 1.8 -6.2 6 1.8 -6.2 6 4

3 16 -1.531 6.753 -3.696 0 7 -4 -6.2 6 -4

3 16 -6.2 6 -4 -2.828 6.544 -2.828 -1.531 6.753 -3.696

4 16 -6.2 6 -1.8 -3.5 6.435 -1.8 -2.828 6.544 -2.828 -6.2 6 -4

4 16 -7 6 1.8 -6.2 6 1.8 -3.5 6.435 1.8 -3.516 9.982 1.8

4 16 -3.5 6.435 -1.8 -6.2 6 -1.8 -7 6 -1.8 -3.516 9.982 -1.8

3 16 -3.516 9.982 1.8 -3.696 9.776 1.531 -7 6 1.8

3 16 -7 6 1.8 -3.696 9.776 1.531 -4 9.429 0

4 16 -7 6 1.8 -4 9.429 0 -3.696 9.776 -1.531 -7 6 -1.8

3 16 -7 6 -1.8 -3.696 9.776 -1.531 -3.516 9.982 -1.8

3 16 0 6.435 4 0 6.45 4 -.6 6.4 4



5 24 -8.949 -1.791 4.002 -8.948 -1.787 -3.998 -7.538 -3.787 4.002 -10 0 4

5 24 -7.537 -3.782 -3.998 -7.538 -3.787 4.002 -8.948 -1.787 -3.998 -6.159 -5.383 4.001

5 24 -6.158 -5.379 -3.999 -6.159 -5.383 4.001 -7.537 -3.782 -3.998 -4.53 -6.961 4

5 24 -4.529 -6.956 -4 -4.53 -6.961 4 -6.158 -5.379 -3.999 -3.801 -7.304 4

5 24 -3.801 -7.304 4 -3.8 -7.3 -4 -4.53 -6.961 4 -3.4 -7 -4

5 24 -3.4 -7 -4 -3.4 -7 4 -3.8 -7.3 -4 -3.4 -2.1 4

5 24 -3.4 -2.1 -4 -3.4 -2.1 4 -3.4 -7 -4 -4 0 4

5 24 -4 0 -4 -4 0 4 -3.4 -2.1 -4 -3.46 2 4

5 24 -3.46 2 -4 -3.46 2 4 -4 0 -4 -2 3.46 4

5 24 -2 3.46 -4 -2 3.46 4 -1.45 3.8 4 -3.46 2 -4

5 24 -1.45 3.8 -4 -1.45 3.8 4 -1.1 4.6 4 -2 3.46 -4

5 24 -1.1 4.6 -4 -1.1 4.6 4 -1.45 3.8 -4 -1.1 5.6 4

5 24 -1.1 5.6 -4 -1.1 5.6 4 -1.1 4.6 -4 -.6 6.4 4

5 24 -.6 6.4 4 -.6 6.4 -4 -1.1 5.6 -4 0 6.45 4



2 24 3.516 9.982 1.8 7 6 1.8

2 24 7 6 1.8 6.2 6 1.8

2 24 3.5 6.435 1.8 6.2 6 1.8

2 24 3.5 6.435 1.8 3.516 9.982 1.8

2 24 3.516 9.982 -1.8 7 6 -1.8

2 24 7 6 -1.8 6.2 6 -1.8

2 24 3.5 6.435 -1.8 6.2 6 -1.8

2 24 3.516 9.982 -1.8 3.5 6.435 -1.8

2 24 7 6 -1.8 7 6 1.8

2 24 0 7 4 1.531 6.753 3.696

2 24 1.531 6.753 3.696 2.828 6.544 2.828

2 24 3.5 6.435 1.8 2.828 6.544 2.828

2 24 2.828 6.544 -2.828 3.5 6.435 -1.8

2 24 1.531 6.753 -3.695 2.828 6.544 -2.828

2 24 1.531 6.753 -3.695 0 7 -4

2 24 3.696 9.776 1.531 3.516 9.982 1.8

2 24 4 9.429 0 3.696 9.776 1.531

2 24 4 9.429 0 3.696 9.776 -1.531

2 24 3.696 9.776 -1.531 3.516 9.982 -1.8

2 24 6.2 6 4 0 7 4

2 24 6.2 6 -4 0 7 -4

2 24 10 6 4 6.2 6 4

2 24 10 6 -4 6.2 6 -4

2 24 8.949 -1.791 4.002 10 0 4

2 24 8.948 -1.787 -3.998 10 0 -4

2 24 7.538 -3.787 4.002 8.949 -1.791 4.002

2 24 7.537 -3.782 -3.998 8.948 -1.787 -3.998

2 24 6.159 -5.383 4.001 7.538 -3.787 4.002

2 24 6.158 -5.379 -3.999 7.537 -3.782 -3.998

2 24 4.53 -6.961 4 6.159 -5.383 4.001

2 24 4.529 -6.956 -4 6.158 -5.379 -3.999

2 24 3.801 -7.304 4 4.53 -6.961 4

2 24 3.8 -7.3 -4 4.529 -6.956 -4

2 24 3.4 -7 4 3.801 -7.304 4

2 24 3.4 -7 -4 3.8 -7.3 -4

2 24 3.4 -2.1 4 3.4 -7 4

2 24 3.4 -2.1 -4 3.4 -7 -4

2 24 4 0 4 3.4 -2.1 4

2 24 4 0 -4 3.4 -2.1 -4

2 24 3.46 2 4 4 0 4

2 24 3.46 2 -4 4 0 -4

2 24 2 3.46 4 3.46 2 4

2 24 2 3.46 -4 3.46 2 -4

2 24 1.45 3.8 4 2 3.46 4

2 24 1.45 3.8 -4 2 3.46 -4

2 24 1.1 4.6 4 1.45 3.8 4

2 24 1.1 4.6 -4 1.45 3.8 -4

2 24 1.1 5.6 4 1.1 4.6 4

2 24 1.1 5.6 -4 1.1 4.6 -4

2 24 .6 6.4 4 1.1 5.6 4

2 24 .6 6.4 -4 1.1 5.6 -4

2 24 .6 6.4 -4 0 6.45 -4

2 24 .6 6.4 4 0 6.45 4

2 24 6.2 6 4 6.2 6 1.8

2 24 6.2 6 -1.8 6.2 6 -4



1 16 10 3 0 0 -1 0 0 0 3 -4 0 0 rect.dat

4 16 8.948 -1.787 -3.998 10 0 -4 10 0 4 8.949 -1.791 4.002

4 16 7.538 -3.787 4.002 7.537 -3.782 -3.998 8.948 -1.787 -3.998 8.949 -1.791 4.002

4 16 6.159 -5.383 4.001 6.158 -5.379 -3.999 7.537 -3.782 -3.998 7.538 -3.787 4.002

4 16 4.53 -6.961 4 4.529 -6.956 -4 6.158 -5.379 -3.999 6.159 -5.383 4.001

4 16 3.801 -7.304 4 3.8 -7.3 -4 4.529 -6.956 -4 4.53 -6.961 4

4 16 3.4 -7 4 3.4 -7 -4 3.8 -7.3 -4 3.801 -7.304 4

4 16 3.4 -2.1 4 3.4 -2.1 -4 3.4 -7 -4 3.4 -7 4

4 16 4 0 4 4 0 -4 3.4 -2.1 -4 3.4 -2.1 4

4 16 3.46 2 4 3.46 2 -4 4 0 -4 4 0 4

4 16 2 3.46 4 2 3.46 -4 3.46 2 -4 3.46 2 4

4 16 1.45 3.8 4 1.45 3.8 -4 2 3.46 -4 2 3.46 4

4 16 1.1 4.6 4 1.1 4.6 -4 1.45 3.8 -4 1.45 3.8 4

4 16 1.1 5.6 4 1.1 5.6 -4 1.1 4.6 -4 1.1 4.6 4

4 16 .6 6.4 4 .6 6.4 -4 1.1 5.6 -4 1.1 5.6 4

4 16 .6 6.4 -4 .6 6.4 4 0 6.45 4 0 6.45 -4



3 16 .6 6.4 -4 0 6.45 -4 0 7 -4

3 16 .6 6.4 -4 0 7 -4 6.2 6 -4

3 16 .6 6.4 -4 6.2 6 -4 1.1 5.6 -4

4 16 1.1 5.6 -4 6.2 6 -4 1.45 3.8 -4 1.1 4.6 -4

3 16 1.45 3.8 -4 6.2 6 -4 2 3.46 -4

4 16 10 6 -4 3.46 2 -4 2 3.46 -4 6.2 6 -4

4 16 10 6 -4 10 0 -4 8.948 -1.787 -3.998 3.46 2 -4

3 16 3.46 2 -4 8.948 -1.787 -3.998 4 0 -4

4 16 8.948 -1.787 -3.998 7.537 -3.782 -3.998 3.4 -2.1 -4 4 0 -4

3 16 3.4 -2.1 -4 7.537 -3.782 -3.998 6.158 -5.379 -3.999

4 16 6.158 -5.379 -3.999 4.529 -6.956 -4 3.4 -7 -4 3.4 -2.1 -4

3 16 3.4 -7 -4 4.529 -6.956 -4 3.8 -7.3 -4



3 16 0 6.45 4 .6 6.4 4 6.2 6 4

3 16 6.2 6 4 .6 6.4 4 1.1 5.6 4

3 16 0 7 4 .6 6.4 4 6.2 6 4

3 16 0 7 4 0 6.435 4 .6 6.4 4

4 16 1.45 3.8 4 6.2 6 4 1.1 5.6 4 1.1 4.6 4

3 16 6.2 6 4 1.45 3.8 4 2 3.46 4

4 16 2 3.46 4 3.46 2 4 10 6 4 6.2 6 4

4 16 8.948 -1.787 4.002 10 0 4 10 6 4 3.46 2 4

3 16 8.948 -1.787 4.002 3.46 2 4 4 0 4

4 16 3.4 -2.1 4 7.537 -3.782 4.002 8.948 -1.787 4.002 4 0 4

3 16 7.537 -3.782 4.002 3.4 -2.1 4 6.158 -5.379 4.001

4 16 3.4 -7 4 4.529 -6.956 4 6.158 -5.379 4.001 3.4 -2.1 4

3 16 4.529 -6.956 4 3.4 -7 4 3.8 -7.3 4



4 16 7 6 1.8 6.2 6 1.8 6.2 6 4 10 6 4

4 16 7 6 -1.8 7 6 1.8 10 6 4 10 6 -4

4 16 6.2 6 -4 6.2 6 -1.8 7 6 -1.8 10 6 -4

3 16 0 7 4 6.2 6 4 1.531 6.753 3.696

3 16 1.531 6.753 3.696 6.2 6 4 2.828 6.544 2.828

4 16 6.2 6 1.8 3.5 6.435 1.8 2.828 6.544 2.828 6.2 6 4

3 16 0 7 -4 1.531 6.753 -3.695 6.2 6 -4

3 16 6.2 6 -4 1.531 6.753 -3.695 2.828 6.544 -2.828

4 16 2.828 6.544 -2.828 3.5 6.435 -1.8 6.2 6 -1.8 6.2 6 -4

4 16 3.5 6.435 1.8 6.2 6 1.8 7 6 1.8 3.516 9.982 1.8

4 16 7 6 -1.8 6.2 6 -1.8 3.5 6.435 -1.8 3.516 9.982 -1.8

3 16 3.696 9.776 1.531 3.516 9.982 1.8 7 6 1.8

3 16 3.696 9.776 1.531 7 6 1.8 4 9.429 0

4 16 3.696 9.776 -1.531 4 9.429 0 7 6 1.8 7 6 -1.8

3 16 3.696 9.776 -1.531 7 6 -1.8 3.516 9.982 -1.8



5 24 8.949 -1.791 4.002 8.948 -1.787 -3.998 7.538 -3.787 4.002 10 0 4

5 24 7.537 -3.782 -3.998 7.538 -3.787 4.002 8.948 -1.787 -3.998 6.159 -5.383 4.001

5 24 6.158 -5.379 -3.999 6.159 -5.383 4.001 7.537 -3.782 -3.998 4.53 -6.961 4

5 24 4.529 -6.956 -4 4.53 -6.961 4 6.158 -5.379 -3.999 3.801 -7.304 4

5 24 3.801 -7.304 4 3.8 -7.3 -4 4.53 -6.961 4 3.4 -7 -4

5 24 3.4 -7 -4 3.4 -7 4 3.8 -7.3 -4 3.4 -2.1 4

5 24 3.4 -2.1 -4 3.4 -2.1 4 3.4 -7 -4 4 0 4

5 24 4 0 -4 4 0 4 3.4 -2.1 -4 3.46 2 4

5 24 3.46 2 -4 3.46 2 4 4 0 -4 2 3.46 4

5 24 2 3.46 -4 2 3.46 4 1.45 3.8 4 3.46 2 -4

5 24 1.45 3.8 -4 1.45 3.8 4 1.1 4.6 4 2 3.46 -4

5 24 1.1 4.6 -4 1.1 4.6 4 1.45 3.8 -4 1.1 5.6 4

5 24 1.1 5.6 -4 1.1 5.6 4 1.1 4.6 -4 .6 6.4 4

5 24 .6 6.4 4 .6 6.4 -4 1.1 5.6 -4 0 6.45 4



0 // Handle

1 16 0 6.435 0 2.82842 0 2.82843 0 22.565 0 -2.82843 0 2.82842 3-4cyli.dat



1 16 0 13 1 2 0 0 0 0 2 0 -1 0 4-4edge.dat

1 16 0 13 1 2 0 0 0 0 2 0 1 0 4-4disc.dat

1 16 0 29 0 4 0 0 0 2 0 0 0 4 4-8sphe.dat



2 24 0 11 -4 -.765 11.152 -3.848

2 24 -.765 11.152 -3.848 -1.414 11.586 -3.719

2 24 -1.414 11.586 -3.719 -1.531 11.76 -3.696

2 24 -1.531 11.76 -3.696 -1.848 12.235 -3.484

2 24 -1.848 12.235 -3.484 -2 13 -3.382

2 24 -2 13 -3.382 -1.848 13.765 -3.484

2 24 -1.848 13.765 -3.484 -1.531 14.24 -3.696

2 24 -1.531 14.24 -3.696 -1.414 14.414 -3.719

2 24 -1.414 14.414 -3.719 -.765 14.848 -3.848

2 24 -.765 14.848 -3.848 0 15 -4

2 24 0 15 -4 .765 14.848 -3.848

2 24 .765 14.848 -3.848 1.414 14.414 -3.719

2 24 1.414 14.414 -3.719 1.531 14.24 -3.696

2 24 1.531 14.24 -3.696 1.848 13.765 -3.484

2 24 1.848 13.765 -3.484 2 13 -3.382

2 24 2 13 -3.382 1.848 12.235 -3.484

2 24 1.848 12.235 -3.484 1.531 11.76 -3.696

2 24 1.531 11.76 -3.696 1.414 11.586 -3.719

2 24 1.414 11.586 -3.719 .765 11.152 -3.848

2 24 .765 11.152 -3.848 0 11 -4



3 16 -1.414 11.586 -3.719 -1.531 11.76 -3.696 -1.414 11.586 1

4 16 -1.531 11.76 -3.696 -1.848 12.235 -3.484 -1.848 12.235 1 -1.414 11.586 1

4 16 -1.848 12.235 -3.484 -2 13 -3.382 -2 13 1 -1.848 12.235 1

4 16 -1.414 14.414 -3.719 -.765 14.848 -3.848 -.765 14.848 1 -1.414 14.414 1

4 16 0 15 1 -.765 14.848 1 -.765 14.848 -3.848 0 15 -4

3 16 1.414 14.414 1 1.414 14.414 -3.719 1.531 14.24 -3.696

4 16 1.848 13.765 1 1.414 14.414 1 1.531 14.24 -3.696 1.848 13.765 -3.484

3 16 1.848 12.235 -3.484 1.531 11.76 -3.696 1.848 12.235 1

4 16 1.531 11.76 -3.696 1.414 11.586 -3.719 1.414 11.586 1 1.848 12.235 1

4 16 -.765 11.152 -3.848 -1.414 11.586 -3.719 -1.414 11.586 1 -.765 11.152 1

4 16 .765 11.152 -3.848 0 11 -4 0 11 1 .765 11.152 1

3 16 -1.848 13.765 1 -1.848 13.765 -3.484 -1.531 14.24 -3.696

4 16 -1.414 14.414 1 -1.848 13.765 1 -1.531 14.24 -3.696 -1.414 14.414 -3.719

4 16 .765 14.848 -3.848 1.414 14.414 -3.719 1.414 14.414 1 .765 14.848 1

4 16 2 13 1 1.848 13.765 1 1.848 13.765 -3.484 2 13 -3.382

4 16 -2 13 -3.382 -1.848 13.765 -3.484 -1.848 13.765 1 -2 13 1

4 16 2 13 -3.382 1.848 12.235 -3.484 1.848 12.235 1 2 13 1

4 16 1.414 11.586 -3.719 .765 11.152 -3.848 .765 11.152 1 1.414 11.586 1

4 16 0 15 1 0 15 -4 .765 14.848 -3.848 .765 14.848 1

4 16 0 11 1 0 11 -4 -.765 11.152 -3.848 -.765 11.152 1



5 24 0 11 1 0 11 -4 -.765 11.152 1 .765 11.152 1

5 24 1.414 11.586 1 1.414 11.586 -3.719 .765 11.152 1 1.848 12.235 1

5 24 -2 13 1 -2 13 -3.382 -1.848 13.765 1 -1.848 12.235 1

5 24 -1.414 14.414 1 -1.414 14.414 -3.719 -.765 14.848 1 -1.848 13.765 1

5 24 .765 11.152 1 .765 11.152 -3.848 0 11 1 1.414 11.586 1

5 24 .765 14.848 1 .765 14.848 -3.848 1.414 14.414 1 0 15 1

5 24 1.848 13.765 1 1.848 13.765 -3.484 2 13 1 1.414 14.414 1

5 24 -1.414 11.586 1 -1.414 11.586 -3.719 -1.848 12.235 1 -.765 11.152 1

5 24 0 15 1 0 15 -4 .765 14.848 1 -.765 14.848 1

5 24 -.765 11.152 1 -.765 11.152 -3.848 -1.414 11.586 1 0 11 1

5 24 -1.848 13.765 1 -1.848 13.765 -3.484 -1.414 14.414 1 -2 13 1

5 24 1.848 12.235 1 1.848 12.235 -3.484 1.414 11.586 1 2 13 1

5 24 -.765 14.848 1 -.765 14.848 -3.848 0 15 1 -1.414 14.414 1

5 24 -1.848 12.235 1 -1.848 12.235 -3.484 -2 13 1 -1.414 11.586 1

5 24 2 13 1 2 13 -3.382 1.848 12.235 1 1.848 13.765 1

5 24 1.414 14.414 1 1.414 14.414 -3.719 1.848 13.765 1 .765 14.848 1



4 16 -1.531 29 -3.696 0 29 -4 0 15 -4 -.765 14.848 -3.848

3 16 -1.531 29 -3.696 -.765 14.848 -3.848 -1.414 14.414 -3.719

3 16 -1.531 29 -3.696 -1.414 14.414 -3.719 -1.531 14.24 -3.696

4 16 -1.531 29 -3.696 -1.531 14.24 -3.696 -1.848 13.765 -3.484 -2.828 29 -2.828

3 16 -2.828 29 -2.828 -1.848 13.765 -3.484 -2 13 -3.382

3 16 -2.828 29 -2.828 -2 13 -3.382 -2.828 6.544 -2.828

3 16 -2.828 6.544 -2.828 -2 13 -3.382 -1.848 12.235 -3.484

4 16 -1.848 12.235 -3.484 -1.531 11.76 -3.696 -1.531 6.753 -3.696 -2.828 6.544 -2.828

3 16 -1.531 11.76 -3.696 -1.414 11.586 -3.719 -1.531 6.753 -3.696

3 16 -1.531 6.753 -3.696 -1.414 11.586 -3.719 -.765 11.152 -3.848

4 16 0 11 -4 0 7 -4 -1.531 6.753 -3.696 -.765 11.152 -3.848

4 16 0 11 -4 .765 11.152 -3.848 1.531 6.753 -3.695 0 7 -4

3 16 1.531 6.753 -3.695 .765 11.152 -3.848 1.414 11.586 -3.719

3 16 1.531 6.753 -3.695 1.414 11.586 -3.719 1.531 11.76 -3.696

4 16 1.531 6.753 -3.695 1.531 11.76 -3.696 1.848 12.235 -3.484 2.828 6.544 -2.828

3 16 2.828 6.544 -2.828 1.848 12.235 -3.484 2 13 -3.382

3 16 2.828 6.544 -2.828 2 13 -3.382 2.828 29 -2.828

3 16 2.828 29 -2.828 2 13 -3.382 1.848 13.765 -3.484

4 16 1.848 13.765 -3.484 1.531 14.24 -3.696 1.531 29 -3.696 2.828 29 -2.828

3 16 1.531 29 -3.696 1.531 14.24 -3.696 1.414 14.414 -3.719

3 16 1.531 29 -3.696 1.414 14.414 -3.719 .765 14.848 -3.848

4 16 1.531 29 -3.696 .765 14.848 -3.848 0 15 -4 0 29 -4



5 24 0 6.435 4 0 6.45 4 0 6.45 -4 -.6 6.4 -4

5 24 0 6.45 4 0 6.45 -4 -.6 6.4 -4 .6 6.4 -4

5 24 -2.828 6.544 -2.828 -2.8284 29 -2.8284 -1.531 6.753 -3.696 -3.5 6.435 -1.8

5 24 -1.531 11.76 -3.696 -1.531 6.753 -3.696 -2.828 6.544 -2.828 0 7 -4

5 24 0 11 -4 0 7 -4 -1.531 6.753 -3.696 1.531 6.753 -3.695

5 24 1.531 11.76 -3.696 1.531 6.753 -3.695 0 7 -4 2.828 6.544 -2.828

5 24 2.828 29 -2.828 2.828 6.544 -2.828 3.5 6.435 -1.8 1.531 6.753 -3.695

5 24 1.5308 29 -3.6956 1.531 14.24 -3.696 2.828 29 -2.828 0 29 -4

5 24 0 29 -4 0 15 -4 1.5308 29 -3.6956 -1.531 29 -3.696

5 24 -1.531 29 -3.696 -1.414 14.414 -3.719 -2.8284 29 -2.8284 0 29 -4

5 24 -2.828 6.544 -2.828 -2 13 -3.382 -1.848 12.235 -3.484 -2.8284 29 -2.8284

5 24 -2.828 6.544 -2.828 -1.848 12.235 -3.484 -1.531 11.76 -3.696 -2 13 -3.382

5 24 -1.531 6.753 -3.696 -1.414 11.586 -3.719 -1.531 11.76 -3.696 -.765 11.152 -3.848

5 24 -1.531 6.753 -3.696 -.765 11.152 -3.848 -1.414 11.586 -3.719 0 11 -4

5 24 1.531 6.753 -3.695 .765 11.152 -3.848 0 11 -4 1.414 11.586 -3.719

5 24 1.531 6.753 -3.695 1.414 11.586 -3.719 1.531 11.76 -3.696 .765 11.152 -3.848

5 24 2.828 6.544 -2.828 1.848 12.235 -3.484 1.531 11.76 -3.696 2 13 -3.382

5 24 2.828 6.544 -2.828 2 13 -3.382 1.848 12.235 -3.484 2.828 29 -2.828

5 24 2.828 29 -2.828 2 13 -3.382 2.828 6.544 -2.828 1.848 13.765 -3.484

5 24 2.828 29 -2.828 1.848 13.765 -3.484 2 13 -3.382 1.531 14.24 -3.696

5 24 1.5308 29 -3.6956 1.414 14.414 -3.719 .765 14.848 -3.848 1.531 14.24 -3.696

5 24 1.5308 29 -3.6956 .765 14.848 -3.848 1.414 14.414 -3.719 0 15 -4

5 24 -1.531 29 -3.696 -.765 14.848 -3.848 0 15 -4 -1.414 14.414 -3.719

5 24 -1.531 29 -3.696 -1.531 14.24 -3.696 -1.414 14.414 -3.719 -1.848 13.765 -3.484

5 24 -2.8284 29 -2.8284 -1.848 13.765 -3.484 -1.531 14.24 -3.696 -2 13 -3.382

5 24 -2.8284 29 -2.8284 -2 13 -3.382 -1.848 13.765 -3.484 -2.828 6.544 -2.828

0 NOFILE

0 FILE 4-8sphe.dat
0 Sphere 0.5

0 Name: 4-8sphe.dat

0 Author: James Jessiman

0 !LDRAW_ORG Primitive UPDATE 2003-02

0 !LICENSE Licensed under CC BY 4.0 : see CAreadme.txt



0 BFC CERTIFY CCW



0 !HISTORY 2002-08-31 [izanette] Modified with WINDZ for BFC compliance

0 !HISTORY 2003-08-01 [PTadmin] Official Update 2003-02

0 !HISTORY 2007-06-24 [PTadmin] Header formatted for Contributor Agreement

0 !HISTORY 2008-07-01 [PTadmin] Official Update 2008-01





1 16 0 0 0 1 0 0 0 1 0 0 0 1 1-8sphe.dat

1 16 0 0 0 1 0 0 0 1 0 0 0 -1 1-8sphe.dat

1 16 0 0 0 -1 0 0 0 1 0 0 0 1 1-8sphe.dat

1 16 0 0 0 -1 0 0 0 1 0 0 0 -1 1-8sphe.dat

0



0 NOFILE

0 FILE 1-8sphe.dat
0 Sphere 0.125

0 Name: 1-8sphe.dat

0 Author: James Jessiman

0 !LDRAW_ORG Primitive UPDATE 2012-03

0 !LICENSE Licensed under CC BY 4.0 : see CAreadme.txt



0 BFC CERTIFY CCW



0 !HISTORY 2000-08-01 {Axel Poque} fixes to resolve L3P error messages.

0 !HISTORY 2000-08-01 {Manfred Moolhuysen} fixes to resolve L3P error messages.

0 !HISTORY 2000-09-30 [PTadmin] Official Update 2000-02

0 !HISTORY 2002-03-28 [hafhead] Made BFC compliant

0 !HISTORY 2002-04-25 [PTadmin] Official Update 2002-02

0 !HISTORY 2007-06-22 [PTadmin] Header formatted for Contributor Agreement

0 !HISTORY 2008-07-01 [PTadmin] Official Update 2008-01

0 !HISTORY 2010-09-12 [MagFors] Changed winding, removed duplicated cond-line, optimized filesize

0 !HISTORY 2010-12-31 [PTadmin] Official Update 2010-03

0 !HISTORY 2012-07-01 [tcobbs] Replaced with geometry from LDView

0 !HISTORY 2012-12-28 [PTadmin] Official Update 2012-03





3 16 1 0 0 0.9239 0.3827 0 0.9239 0 0.3827

3 16 0.9239 0.3827 0 0.7836 0.4393 0.4393 0.9239 0 0.3827

3 16 0.9239 0 0.3827 0.7836 0.4393 0.4393 0.7071 0 0.7071

3 16 0.7836 0.4393 0.4393 0.4393 0.4393 0.7836 0.7071 0 0.7071

3 16 0.7071 0 0.7071 0.4393 0.4393 0.7836 0.3827 0 0.9239

3 16 0.4393 0.4393 0.7836 0 0.3827 0.9239 0.3827 0 0.9239

3 16 0.3827 0 0.9239 0 0.3827 0.9239 0 0 1

3 16 0.9239 0.3827 0 0.7071 0.7071 0 0.7836 0.4393 0.4393

3 16 0.7071 0.7071 0 0.4393 0.7836 0.4393 0.7836 0.4393 0.4393

3 16 0.7836 0.4393 0.4393 0.4393 0.7836 0.4393 0.4393 0.4393 0.7836

3 16 0.4393 0.7836 0.4393 0 0.7071 0.7071 0.4393 0.4393 0.7836

3 16 0.4393 0.4393 0.7836 0 0.7071 0.7071 0 0.3827 0.9239

3 16 0.7071 0.7071 0 0.3827 0.9239 0 0.4393 0.7836 0.4393

3 16 0.3827 0.9239 0 0 0.9239 0.3827 0.4393 0.7836 0.4393

3 16 0.4393 0.7836 0.4393 0 0.9239 0.3827 0 0.7071 0.7071

3 16 0.3827 0.9239 0 0 1 0 0 0.9239 0.3827



5 24 1 0 0 0.9239 0.3827 0 1 0 -0.1 0.9239 0 0.3827

5 24 0.9239 0.3827 0 0.9239 0 0.3827 1 0 0 0.7836 0.4393 0.4393

5 24 1 0 0 0.9239 0 0.3827 0.9239 0.3827 0 1 -0.1 0

5 24 0.9239 0 0.3827 0.7836 0.4393 0.4393 0.9239 0.3827 0 0.7071 0 0.7071

5 24 0.7836 0.4393 0.4393 0.7071 0 0.7071 0.9239 0 0.3827 0.4393 0.4393 0.7836

5 24 0.9239 0 0.3827 0.7071 0 0.7071 0.7836 0.4393 0.4393 0.9239 -0.1 0.3827

5 24 0.7071 0 0.7071 0.4393 0.4393 0.7836 0.7836 0.4393 0.4393 0.3827 0 0.9239

5 24 0.4393 0.4393 0.7836 0.3827 0 0.9239 0.7071 0 0.7071 0 0.3827 0.9239

5 24 0.7071 0 0.7071 0.3827 0 0.9239 0.4393 0.4393 0.7836 0.7071 -0.1 0.7071

5 24 0.3827 0 0.9239 0 0.3827 0.9239 0.4393 0.4393 0.7836 0 0 1

5 24 0 0.3827 0.9239 0 0 1 0.3827 0 0.9239 -0.1 0.3827 0.9239

5 24 0.3827 0 0.9239 0 0 1 0 0.3827 0.9239 0.3827 -0.1 0.9239

5 24 0.9239 0.3827 0 0.7071 0.7071 0 0.9239 0.3827 -0.1 0.7836 0.4393 0.4393

5 24 0.7071 0.7071 0 0.7836 0.4393 0.4393 0.9239 0.3827 0 0.4393 0.7836 0.4393

5 24 0.9239 0.3827 0 0.7836 0.4393 0.4393 0.7071 0.7071 0 0.9239 0 0.3827

5 24 0.7836 0.4393 0.4393 0.4393 0.7836 0.4393 0.7071 0.7071 0 0.4393 0.4393 0.7836

5 24 0.4393 0.7836 0.4393 0.4393 0.4393 0.7836 0.7836 0.4393 0.4393 0 0.7071 0.7071

5 24 0.7836 0.4393 0.4393 0.4393 0.4393 0.7836 0.4393 0.7836 0.4393 0.7071 0 0.7071

5 24 0.4393 0.4393 0.7836 0 0.7071 0.7071 0.4393 0.7836 0.4393 0 0.3827 0.9239

5 24 0 0.7071 0.7071 0 0.3827 0.9239 0.4393 0.4393 0.7836 -0.1 0.7071 0.7071

5 24 0.4393 0.4393 0.7836 0 0.3827 0.9239 0 0.7071 0.7071 0.3827 0 0.9239

5 24 0.7071 0.7071 0 0.3827 0.9239 0 0.7071 0.7071 -0.1 0.4393 0.7836 0.4393

5 24 0.3827 0.9239 0 0.4393 0.7836 0.4393 0.7071 0.7071 0 0 0.9239 0.3827

5 24 0.7071 0.7071 0 0.4393 0.7836 0.4393 0.3827 0.9239 0 0.7836 0.4393 0.4393

5 24 0.4393 0.7836 0.4393 0 0.9239 0.3827 0.3827 0.9239 0 0 0.7071 0.7071

5 24 0 0.9239 0.3827 0 0.7071 0.7071 0.4393 0.7836 0.4393 -0.1 0.9239 0.3827

5 24 0.4393 0.7836 0.4393 0 0.7071 0.7071 0 0.9239 0.3827 0.4393 0.4393 0.7836

5 24 0.3827 0.9239 0 0 1 0 0.3827 0.9239 -0.1 0 0.9239 0.3827

5 24 0 1 0 0 0.9239 0.3827 0.3827 0.9239 0 -0.1 1 0

5 24 0.3827 0.9239 0 0 0.9239 0.3827 0 1 0 0.4393 0.7836 0.4393

0 NOFILE

0 FILE 4-4disc.dat
0 Disc 1.0

0 Name: 4-4disc.dat

0 Author: James Jessiman

0 !LDRAW_ORG Primitive UPDATE 2002-02

0 !LICENSE Licensed under CC BY 4.0 : see CAreadme.txt



0 BFC CERTIFY CCW



0 !HISTORY 1998-12-15 [PTadmin] Official Update 1998-10

0 !HISTORY 2002-03-23 [sbliss] Added BFC statement

0 !HISTORY 2002-04-25 [PTadmin] Official Update 2002-02

0 !HISTORY 2007-06-24 [PTadmin] Header formatted for Contributor Agreement

0 !HISTORY 2008-07-01 [PTadmin] Official Update 2008-01





3 16 0 0 0 1 0 0 0.9239 0 0.3827

3 16 0 0 0 0.9239 0 0.3827 0.7071 0 0.7071

3 16 0 0 0 0.7071 0 0.7071 0.3827 0 0.9239

3 16 0 0 0 0.3827 0 0.9239 0 0 1

3 16 0 0 0 0 0 1 -0.3827 0 0.9239

3 16 0 0 0 -0.3827 0 0.9239 -0.7071 0 0.7071

3 16 0 0 0 -0.7071 0 0.7071 -0.9239 0 0.3827

3 16 0 0 0 -0.9239 0 0.3827 -1 0 -0

3 16 0 0 0 -1 0 -0 -0.9239 0 -0.3827

3 16 0 0 0 -0.9239 0 -0.3827 -0.7071 0 -0.7071

3 16 0 0 0 -0.7071 0 -0.7071 -0.3827 0 -0.9239

3 16 0 0 0 -0.3827 0 -0.9239 0 0 -1

3 16 0 0 0 0 0 -1 0.3827 0 -0.9239

3 16 0 0 0 0.3827 0 -0.9239 0.7071 0 -0.7071

3 16 0 0 0 0.7071 0 -0.7071 0.9239 0 -0.3827

3 16 0 0 0 0.9239 0 -0.3827 1 0 0

0

0 NOFILE

0 FILE 3-4cyli.dat
0 Cylinder 0.75

0 Name: 3-4cyli.dat

0 Author: James Jessiman

0 !LDRAW_ORG Primitive UPDATE 2005-01

0 !LICENSE Licensed under CC BY 4.0 : see CAreadme.txt



0 BFC CERTIFY CCW



0 !HISTORY 2002-03-23 [sbliss] Added BFC statement; compacted code

0 !HISTORY 2002-04-25 [PTadmin] Official Update 2002-02

0 !HISTORY 2004-12-11 [nielsk] Recreated using Primitive Generator, Edge lines fixed, BFC changed to CCW

0 !HISTORY 2005-12-28 [PTadmin] Official Update 2005-01

0 !HISTORY 2007-06-24 [PTadmin] Header formatted for Contributor Agreement

0 !HISTORY 2008-07-01 [PTadmin] Official Update 2008-01





4 16 .9239 1 .3827 .9239 0 .3827 1 0 0 1 1 0

4 16 .7071 1 .7071 .7071 0 .7071 .9239 0 .3827 .9239 1 .3827

4 16 .3827 1 .9239 .3827 0 .9239 .7071 0 .7071 .7071 1 .7071

4 16 0 1 1 0 0 1 .3827 0 .9239 .3827 1 .9239

4 16 -.3827 1 .9239 -.3827 0 .9239 0 0 1 0 1 1

4 16 -.7071 1 .7071 -.7071 0 .7071 -.3827 0 .9239 -.3827 1 .9239

4 16 -.9239 1 .3827 -.9239 0 .3827 -.7071 0 .7071 -.7071 1 .7071

4 16 -1 1 0 -1 0 0 -.9239 0 .3827 -.9239 1 .3827

4 16 -.9239 1 -.3827 -.9239 0 -.3827 -1 0 0 -1 1 0

4 16 -.7071 1 -.7071 -.7071 0 -.7071 -.9239 0 -.3827 -.9239 1 -.3827

4 16 -.3827 1 -.9239 -.3827 0 -.9239 -.7071 0 -.7071 -.7071 1 -.7071

4 16 0 1 -1 0 0 -1 -.3827 0 -.9239 -.3827 1 -.9239

5 24 1 1 0 1 0 0 1 1 -.4142 .9239 1 .3827

5 24 .9239 1 .3827 .9239 0 .3827 1 1 0 .7071 1 .7071

5 24 .7071 1 .7071 .7071 0 .7071 .9239 1 .3827 .3827 1 .9239

5 24 .3827 1 .9239 .3827 0 .9239 .7071 1 .7071 0 1 1

5 24 0 1 1 0 0 1 .3827 1 .9239 -.3827 1 .9239

5 24 -.3827 1 .9239 -.3827 0 .9239 0 1 1 -.7071 1 .7071

5 24 -.7071 1 .7071 -.7071 0 .7071 -.3827 1 .9239 -.9239 1 .3827

5 24 -.9239 1 .3827 -.9239 0 .3827 -.7071 1 .7071 -1 1 0

5 24 -1 1 0 -1 0 0 -.9239 1 .3827 -.9239 1 -.3827

5 24 -.9239 1 -.3827 -.9239 0 -.3827 -1 1 0 -.7071 1 -.7071

5 24 -.7071 1 -.7071 -.7071 0 -.7071 -.9239 1 -.3827 -.3827 1 -.9239

5 24 -.3827 1 -.9239 -.3827 0 -.9239 -.7071 1 -.7071 0 1 -1

5 24 0 1 -1 0 0 -1 -.3827 1 -.9239 .4142 1 -1

0

0 NOFILE

0 FILE rect.dat
0 Rectangle

0 Name: rect.dat

0 Author: James Jessiman

0 !LDRAW_ORG Primitive UPDATE 2010-01

0 !LICENSE Licensed under CC BY 4.0 : see CAreadme.txt



0 BFC CERTIFY CCW



0 !HISTORY 2002-04-05 [hafhead] Added BFC statement

0 !HISTORY 2002-04-25 [PTadmin] Official Update 2002-02

0 !HISTORY 2007-06-24 [PTadmin] Header formatted for Contributor Agreement

0 !HISTORY 2008-07-01 [PTadmin] Official Update 2008-01

0 !HISTORY 2010-01-17 [mikeheide] changed winding to CCW

0 !HISTORY 2010-04-05 [PTadmin] Official Update 2010-01





2 24 1 0 1 -1 0 1

2 24 -1 0 1 -1 0 -1

2 24 -1 0 -1 1 0 -1

2 24 1 0 -1 1 0 1

4 16 -1 0 1 -1 0 -1 1 0 -1 1 0 1

0

0 NOFILE

0 FILE 3024.dat
0 Plate  1 x  1

0 Name: 3024.dat

0 Author: James Jessiman

0 !LDRAW_ORG Part UPDATE 2022-05

0 !LICENSE Licensed under CC BY 4.0 : see CAreadme.txt



0 BFC CERTIFY CCW



0 !HISTORY 2001-10-26 [PTadmin] Official Update 2001-01

0 !HISTORY 2002-05-07 {unknown} BFC Certification

0 !HISTORY 2002-06-11 [PTadmin] Official Update 2002-03

0 !HISTORY 2007-06-07 [PTadmin] Header formatted for Contributor Agreement

0 !HISTORY 2008-07-01 [PTadmin] Official Update 2008-01

0 !HISTORY 2022-08-04 [MagFors] Using subfile

0 !HISTORY 2022-09-15 [PTadmin] Official Update 2022-05





1 16 0 0 0 1 0 0 0 1 0 0 0 1 s__3024s01.dat

4 16 -10 8 -10 10 8 -10 10 0 -10 -10 0 -10

0 NOFILE

0 FILE s__3024s01.dat
0 ~Plate  1 x  1 without Front Face

0 Name: s\3024s01.dat

0 Author: Tore Eriksson [Tore_Eriksson]

0 !LDRAW_ORG Subpart UPDATE 2012-03

0 !LICENSE Licensed under CC BY 4.0 : see CAreadme.txt



0 BFC CERTIFY CCW



0 !HISTORY 2012-12-28 [PTadmin] Official Update 2012-03





0 BFC INVERTNEXT

1 16 0 8 0 0 0 6 0 -4 0 -6 0 0 box5.dat

4 16 10 8 -10 6 8 -6 6 8 6 10 8 10

4 16 10 8 10 6 8 6 -6 8 6 -10 8 10

4 16 -10 8 10 -6 8 6 -6 8 -6 -10 8 -10

4 16 -10 8 -10 -6 8 -6 6 8 -6 10 8 -10

1 16 0 8 0 10 0 0 0 -8 0 0 0 10 box4t.dat

1 16 0 0 0 0 0 1 0 1 0 -1 0 0 stud.dat

0 NOFILE

0 FILE stud.dat
0 Stud

0 Name: stud.dat

0 Author: James Jessiman

0 !LDRAW_ORG Primitive UPDATE 2012-01

0 !LICENSE Licensed under CC BY 4.0 : see CAreadme.txt



0 BFC CERTIFY CCW



0 !HISTORY 2002-04-04 [sbliss] Modified for BFC compliance

0 !HISTORY 2002-04-25 [PTadmin] Official Update 2002-02

0 !HISTORY 2007-06-24 [PTadmin] Header formatted for Contributor Agreement

0 !HISTORY 2008-07-01 [PTadmin] Official Update 2008-01

0 !HISTORY 2012-02-16 [Philo] Changed to CCW

0 !HISTORY 2012-03-30 [PTadmin] Official Update 2012-01





1 16 0 0 0 6 0 0 0 1 0 0 0 6 4-4edge.dat

1 16 0 -4 0 6 0 0 0 1 0 0 0 6 4-4edge.dat

1 16 0 0 0 6 0 0 0 -4 0 0 0 6 4-4cyli.dat

1 16 0 -4 0 6 0 0 0 1 0 0 0 6 4-4disc.dat

0 NOFILE

0 FILE box4t.dat
0 Box with 4 Adjacent Faces and All Edges

0 Name: box4t.dat

0 Author: Tore Eriksson [Tore_Eriksson]

0 !LDRAW_ORG Primitive UPDATE 2003-02

0 !LICENSE Licensed under CC BY 4.0 : see CAreadme.txt



0 BFC CERTIFY CCW



0 !HISTORY 1997-09-29 [PTadmin] Official Update 1997-15

0 !HISTORY 2002-08-31 [izanette] Modified with WINDZ for BFC compliance

0 !HISTORY 2003-08-01 [PTadmin] Official Update 2003-02

0 !HISTORY 2007-06-24 [PTadmin] Header formatted for Contributor Agreement

0 !HISTORY 2008-07-01 [PTadmin] Official Update 2008-01





2 24 1 1 1 -1 1 1

2 24 -1 1 1 -1 1 -1

2 24 -1 1 -1 1 1 -1

2 24 1 1 -1 1 1 1

2 24 1 0 1 -1 0 1

2 24 -1 0 1 -1 0 -1

2 24 -1 0 -1 1 0 -1

2 24 1 0 -1 1 0 1

2 24 1 0 1 1 1 1

2 24 -1 0 1 -1 1 1

2 24 1 0 -1 1 1 -1

2 24 -1 0 -1 -1 1 -1

4 16 1 1 1 1 1 -1 -1 1 -1 -1 1 1

4 16 1 1 1 -1 1 1 -1 0 1 1 0 1

4 16 -1 1 1 -1 1 -1 -1 0 -1 -1 0 1

0 // 4 16 -1 1 -1 -1 0 -1 1 0 -1 1 1 -1

4 16 1 1 -1 1 1 1 1 0 1 1 0 -1

0

0 NOFILE

0 FILE box5.dat
0 Box with 5 Faces and All Edges

0 Name: box5.dat

0 Author: James Jessiman

0 !LDRAW_ORG Primitive UPDATE 2012-01

0 !LICENSE Licensed under CC BY 4.0 : see CAreadme.txt



0 BFC CERTIFY CCW



0 !HISTORY 2002-04-03 [sbliss] Modified for BFC compliance

0 !HISTORY 2002-04-25 [PTadmin] Official Update 2002-02

0 !HISTORY 2007-06-24 [PTadmin] Header formatted for Contributor Agreement

0 !HISTORY 2008-07-01 [PTadmin] Official Update 2008-01

0 !HISTORY 2012-02-16 [Philo] Changed to CCW

0 !HISTORY 2012-03-30 [PTadmin] Official Update 2012-01





2 24 1 1 1 -1 1 1

2 24 -1 1 1 -1 1 -1

2 24 -1 1 -1 1 1 -1

2 24 1 1 -1 1 1 1

2 24 1 0 1 -1 0 1

2 24 -1 0 1 -1 0 -1

2 24 -1 0 -1 1 0 -1

2 24 1 0 -1 1 0 1

2 24 1 0 1 1 1 1

2 24 -1 0 1 -1 1 1

2 24 1 0 -1 1 1 -1

2 24 -1 0 -1 -1 1 -1

4 16 -1 1 1 1 1 1 1 1 -1 -1 1 -1

4 16 -1 1 1 -1 0 1 1 0 1 1 1 1

4 16 -1 1 -1 -1 0 -1 -1 0 1 -1 1 1

4 16 1 1 -1 1 0 -1 -1 0 -1 -1 1 -1

4 16 1 1 1 1 0 1 1 0 -1 1 1 -1

0 NOFILE

0 FILE 11610.dat
0 Cone  1 x  1 Inverted with Shaft

0 Name: 11610.dat

0 Author: Owen Burgoyne [C3POwen]

0 !LDRAW_ORG Part UPDATE 2013-01

0 !LICENSE Licensed under CC BY 4.0 : see CAreadme.txt



0 !HELP Centre of shaft at +Y 26

0 !HELP Central hole narrows at +Y 14.5



0 BFC CERTIFY CCW



0 !KEYWORDS Friends, ice cream cone



0 !HISTORY 2013-07-21 [PTadmin] Official Update 2013-01





1 16 0 32.5 0 4 0 0 0 -13 0 0 0 -4 4-4cylc.dat

1 16 0 19.5 0 1 0 0 0 -1 0 0 0 -1 4-4ring4.dat

1 16 0 19.5 0 5 0 0 0 1 0 0 0 5 4-4edge.dat

1 16 0 19.5 0 1 0 0 0 1 0 0 0 1 4-4disc.dat

1 16 0 19.5 0 1 0 0 0 1 0 0 0 1 4-4edge.dat

0 BFC INVERTNEXT

1 16 0 18.5 0 0.5 0 0 0 1 0 0 0 0.5 4-4con2.dat

0 BFC INVERTNEXT

1 16 0 15.5 0 1.5 0 0 0 3 0 0 0 1.5 4-4con1.dat

0 BFC INVERTNEXT

1 16 0 14.5 0 0.5 0 0 0 1 0 0 0 0.5 4-4con6.dat

1 16 0 14.5 0 3.5 0 0 0 1 0 0 0 3.5 4-4edge.dat

0 BFC INVERTNEXT

1 16 0 0 0 3.5 0 0 0 14.5 0 0 0 3.5 4-4cyli.dat

1 16 0 0 0 3.5 0 0 0 1 0 0 0 3.5 4-4edge.dat

1 16 0 0 0 5 0 0 0 19.5 0 0 0 5 4-4con1.dat

1 16 0 0 0 10 0 0 0 1 0 0 0 10 4-4edge.dat

1 16 0 0 0 0.5 0 0 0 1 0 0 0 0.5 4-4ring7.dat

1 16 0 0 0 2 0 0 0 1 0 0 0 2 4-4ring3.dat

1 16 0 0 0 2 0 0 0 1 0 0 0 2 4-4ring4.dat

1 16 0 0 0 1 0 0 0 1 0 0 0 1 stud2a.dat

1 16 0 0 0 4 0 0 0 1 0 0 0 4 4-4edge.dat

1 16 0 0 0 6 0 0 0 1 0 0 0 6 4-4edge.dat

0 NOFILE

0 FILE 4-4ring7.dat
0 Ring  7 x 1.0

0 Name: 4-4ring7.dat

0 Author: James Jessiman

0 !LDRAW_ORG Primitive UPDATE 2009-01

0 !LICENSE Licensed under CC BY 4.0 : see CAreadme.txt



0 BFC CERTIFY CCW



0 !HISTORY 1998-12-15 [PTadmin] Official Update 1998-10

0 !HISTORY 2002-04-05 [hafhead] Added BFC statement

0 !HISTORY 2002-04-25 [PTadmin] Official Update 2002-02

0 !HISTORY 2007-06-24 [PTadmin] Header formatted for Contributor Agreement

0 !HISTORY 2008-07-01 [PTadmin] Official Update 2008-01

0 !HISTORY 2008-08-26 [cwdee] Switch polygon winding and rename

0 !HISTORY 2009-05-02 [PTadmin] Official Update 2009-01





4 16 -3.0616 0 7.3912 -2.6789 0 6.4673 0 0 7 0 0 8

4 16 -5.6568 0 5.6568 -4.9497 0 4.9497 -2.6789 0 6.4673 -3.0616 0 7.3912

4 16 -7.3912 0 3.0616 -6.4673 0 2.6789 -4.9497 0 4.9497 -5.6568 0 5.6568

4 16 -8 0 0 -7 0 0 -6.4673 0 2.6789 -7.3912 0 3.0616

4 16 -7.3912 0 -3.0616 -6.4673 0 -2.6789 -7 0 0 -8 0 0

4 16 -5.6568 0 -5.6568 -4.9497 0 -4.9497 -6.4673 0 -2.6789 -7.3912 0 -3.0616

4 16 -3.0616 0 -7.3912 -2.6789 0 -6.4673 -4.9497 0 -4.9497 -5.6568 0 -5.6568

4 16 0 0 -8 0 0 -7 -2.6789 0 -6.4673 -3.0616 0 -7.3912

4 16 3.0616 0 -7.3912 2.6789 0 -6.4673 0 0 -7 0 0 -8

4 16 5.6568 0 -5.6568 4.9497 0 -4.9497 2.6789 0 -6.4673 3.0616 0 -7.3912

4 16 7.3912 0 -3.0616 6.4673 0 -2.6789 4.9497 0 -4.9497 5.6568 0 -5.6568

4 16 8 0 0 7 0 0 6.4673 0 -2.6789 7.3912 0 -3.0616

4 16 7.3912 0 3.0616 6.4673 0 2.6789 7 0 0 8 0 0

4 16 5.6568 0 5.6568 4.9497 0 4.9497 6.4673 0 2.6789 7.3912 0 3.0616

4 16 3.0616 0 7.3912 2.6789 0 6.4673 4.9497 0 4.9497 5.6568 0 5.6568

4 16 0 0 8 0 0 7 2.6789 0 6.4673 3.0616 0 7.3912

0

0 NOFILE

0 FILE 4-4con6.dat
0 Cone  6 x 1.0

0 Name: 4-4con6.dat

0 Author: Niels Karsdorp [nielsk]

0 !LDRAW_ORG Primitive UPDATE 2004-04

0 !LICENSE Licensed under CC BY 4.0 : see CAreadme.txt



0 BFC CERTIFY CCW



0 !HISTORY 2004-11-06 [PTadmin] Official Update 2004-04

0 !HISTORY 2007-06-24 [PTadmin] Header formatted for Contributor Agreement

0 !HISTORY 2008-07-01 [PTadmin] Official Update 2008-01





5 24 6 1 0 7 0 0 5.5434 1 2.2962 5.5434 1 -2.2962

5 24 5.5434 1 2.2962 6.4673 0 2.6789 4.2426 1 4.2426 6 1 0

5 24 4.2426 1 4.2426 4.9497 0 4.9497 2.2962 1 5.5434 5.5434 1 2.2962

5 24 2.2962 1 5.5434 2.6789 0 6.4673 0 1 6 4.2426 1 4.2426

5 24 0 1 6 0 0 7 -2.2962 1 5.5434 2.2962 1 5.5434

5 24 -2.2962 1 5.5434 -2.6789 0 6.4673 -4.2426 1 4.2426 0 1 6

5 24 -4.2426 1 4.2426 -4.9497 0 4.9497 -5.5434 1 2.2962 -2.2962 1 5.5434

5 24 -5.5434 1 2.2962 -6.4673 0 2.6789 -6 1 0 -4.2426 1 4.2426

5 24 -6 1 0 -7 0 0 -5.5434 1 -2.2962 -5.5434 1 2.2962

5 24 -5.5434 1 -2.2962 -6.4673 0 -2.6789 -4.2426 1 -4.2426 -6 1 0

5 24 -4.2426 1 -4.2426 -4.9497 0 -4.9497 -2.2962 1 -5.5434 -5.5434 1 -2.2962

5 24 -2.2962 1 -5.5434 -2.6789 0 -6.4673 0 1 -6 -4.2426 1 -4.2426

5 24 0 1 -6 0 0 -7 2.2962 1 -5.5434 -2.2962 1 -5.5434

5 24 2.2962 1 -5.5434 2.6789 0 -6.4673 4.2426 1 -4.2426 0 1 -6

5 24 4.2426 1 -4.2426 4.9497 0 -4.9497 5.5434 1 -2.2962 2.2962 1 -5.5434

5 24 5.5434 1 -2.2962 6.4673 0 -2.6789 6 1 0 4.2426 1 -4.2426



4 16 6 1 0 5.5434 1 2.2962 6.4673 0 2.6789 7 0 0

4 16 5.5434 1 2.2962 4.2426 1 4.2426 4.9497 0 4.9497 6.4673 0 2.6789

4 16 4.2426 1 4.2426 2.2962 1 5.5434 2.6789 0 6.4673 4.9497 0 4.9497

4 16 2.2962 1 5.5434 0 1 6 0 0 7 2.6789 0 6.4673

4 16 0 1 6 -2.2962 1 5.5434 -2.6789 0 6.4673 0 0 7

4 16 -2.2962 1 5.5434 -4.2426 1 4.2426 -4.9497 0 4.9497 -2.6789 0 6.4673

4 16 -4.2426 1 4.2426 -5.5434 1 2.2962 -6.4673 0 2.6789 -4.9497 0 4.9497

4 16 -5.5434 1 2.2962 -6 1 0 -7 0 0 -6.4673 0 2.6789

4 16 -6 1 0 -5.5434 1 -2.2962 -6.4673 0 -2.6789 -7 0 0

4 16 -5.5434 1 -2.2962 -4.2426 1 -4.2426 -4.9497 0 -4.9497 -6.4673 0 -2.6789

4 16 -4.2426 1 -4.2426 -2.2962 1 -5.5434 -2.6789 0 -6.4673 -4.9497 0 -4.9497

4 16 -2.2962 1 -5.5434 0 1 -6 0 0 -7 -2.6789 0 -6.4673

4 16 0 1 -6 2.2962 1 -5.5434 2.6789 0 -6.4673 0 0 -7

4 16 2.2962 1 -5.5434 4.2426 1 -4.2426 4.9497 0 -4.9497 2.6789 0 -6.4673

4 16 4.2426 1 -4.2426 5.5434 1 -2.2962 6.4673 0 -2.6789 4.9497 0 -4.9497

4 16 5.5434 1 -2.2962 6 1 0 7 0 0 6.4673 0 -2.6789



0



0 NOFILE

0 FILE 4-4con1.dat
0 Cone  1 x 1.0

0 Name: 4-4con1.dat

0 Author: Steve Bliss [sbliss]

0 !LDRAW_ORG Primitive UPDATE 2012-01

0 !LICENSE Licensed under CC BY 4.0 : see CAreadme.txt



0 BFC CERTIFY CCW



0 !HISTORY 1999-08-19 [sbliss] Renamed 4-4con12.dat to 4-4con1.dat, Moved all conditional lines before quads

0 !HISTORY 2000-05-07 [PTadmin] Official Update 2000-01

0 !HISTORY 2002-12-11 [cwdee] Standardised title and made BFC compliant

0 !HISTORY 2003-08-01 [PTadmin] Official Update 2003-02

0 !HISTORY 2007-06-24 [PTadmin] Header formatted for Contributor Agreement

0 !HISTORY 2008-07-01 [PTadmin] Official Update 2008-01

0 !HISTORY 2012-02-16 [Philo] Changed to CCW, reordered

0 !HISTORY 2012-03-30 [PTadmin] Official Update 2012-01





5 24 1 1 0 2 0 0 0.9239 1 -0.3827 0.9239 1 0.3827

5 24 0.9239 1 0.3827 1.8478 0 0.7654 1 1 0 0.7071 1 0.7071

5 24 0.7071 1 0.7071 1.4142 0 1.4142 0.9239 1 0.3827 0.3827 1 0.9239

5 24 0.3827 1 0.9239 0.7654 0 1.8478 0.7071 1 0.7071 0 1 1

5 24 0 1 1 0 0 2 0.3827 1 0.9239 -0.3827 1 0.9239

5 24 -0.3827 1 0.9239 -0.7654 0 1.8478 0 1 1 -0.7071 1 0.7071

5 24 -0.7071 1 0.7071 -1.4142 0 1.4142 -0.3827 1 0.9239 -0.9239 1 0.3827

5 24 -0.9239 1 0.3827 -1.8478 0 0.7654 -0.7071 1 0.7071 -1 1 0

5 24 -1 1 0 -2 0 0 -0.9239 1 0.3827 -0.9239 1 -0.3827

5 24 -0.9239 1 -0.3827 -1.8478 0 -0.7654 -1 1 0 -0.7071 1 -0.7071

5 24 -0.7071 1 -0.7071 -1.4142 0 -1.4142 -0.9239 1 -0.3827 -0.3827 1 -0.9239

5 24 -0.3827 1 -0.9239 -0.7654 0 -1.8478 -0.7071 1 -0.7071 0 1 -1

5 24 0 1 -1 0 0 -2 -0.3827 1 -0.9239 0.3827 1 -0.9239

5 24 0.3827 1 -0.9239 0.7654 0 -1.8478 0 1 -1 0.7071 1 -0.7071

5 24 0.7071 1 -0.7071 1.4142 0 -1.4142 0.3827 1 -0.9239 0.9239 1 -0.3827

5 24 0.9239 1 -0.3827 1.8478 0 -0.7654 0.7071 1 -0.7071 1 1 0



4 16 2 0 0 1 1 0 0.9239 1 0.3827 1.8478 0 0.7654

4 16 1.8478 0 0.7654 0.9239 1 0.3827 0.7071 1 0.7071 1.4142 0 1.4142

4 16 1.4142 0 1.4142 0.7071 1 0.7071 0.3827 1 0.9239 0.7654 0 1.8478

4 16 0.7654 0 1.8478 0.3827 1 0.9239 0 1 1 0 0 2

4 16 0 0 2 0 1 1 -0.3827 1 0.9239 -0.7654 0 1.8478

4 16 -0.7654 0 1.8478 -0.3827 1 0.9239 -0.7071 1 0.7071 -1.4142 0 1.4142

4 16 -1.4142 0 1.4142 -0.7071 1 0.7071 -0.9239 1 0.3827 -1.8478 0 0.7654

4 16 -1.8478 0 0.7654 -0.9239 1 0.3827 -1 1 0 -2 0 0

4 16 -2 0 0 -1 1 0 -0.9239 1 -0.3827 -1.8478 0 -0.7654

4 16 -1.8478 0 -0.7654 -0.9239 1 -0.3827 -0.7071 1 -0.7071 -1.4142 0 -1.4142

4 16 -1.4142 0 -1.4142 -0.7071 1 -0.7071 -0.3827 1 -0.9239 -0.7654 0 -1.8478

4 16 -0.7654 0 -1.8478 -0.3827 1 -0.9239 0 1 -1 0 0 -2

4 16 0 0 -2 0 1 -1 0.3827 1 -0.9239 0.7654 0 -1.8478

4 16 0.7654 0 -1.8478 0.3827 1 -0.9239 0.7071 1 -0.7071 1.4142 0 -1.4142

4 16 1.4142 0 -1.4142 0.7071 1 -0.7071 0.9239 1 -0.3827 1.8478 0 -0.7654

4 16 1.8478 0 -0.7654 0.9239 1 -0.3827 1 1 0 2 0 0

0 NOFILE

0 FILE 4-4con2.dat
0 Cone  2 x 1.0

0 Name: 4-4con2.dat

0 Author: Willy Tschager [Holly-Wood]

0 !LDRAW_ORG Primitive UPDATE 2024-01

0 !LICENSE Licensed under CC BY 4.0 : see CAreadme.txt



0 BFC CERTIFY CCW



0 !HISTORY 2004-03-02 [PTadmin] Official Update 2004-01

0 !HISTORY 2007-06-24 [PTadmin] Header formatted for Contributor Agreement

0 !HISTORY 2008-07-01 [PTadmin] Official Update 2008-01

0 !HISTORY 2012-02-16 [Philo] Changed to CCW

0 !HISTORY 2012-03-30 [PTadmin] Official Update 2012-01

0 !HISTORY 2024-01-04 [Holly-Wood] Complete regeneration, original by jriley

0 !HISTORY 2024-01-29 [OrionP] Official Update 2024-01



4 16 2 1 0 1.8478 1 0.7654 2.7717 0 1.1481 3 0 0

4 16 1.8478 1 0.7654 1.4142 1 1.4142 2.1213 0 2.1213 2.7717 0 1.1481

4 16 1.4142 1 1.4142 0.7654 1 1.8478 1.1481 0 2.7717 2.1213 0 2.1213

4 16 0.7654 1 1.8478 0 1 2 0 0 3 1.1481 0 2.7717

4 16 0 1 2 -0.7654 1 1.8478 -1.1481 0 2.7717 0 0 3

4 16 -0.7654 1 1.8478 -1.4142 1 1.4142 -2.1213 0 2.1213 -1.1481 0 2.7717

4 16 -1.4142 1 1.4142 -1.8478 1 0.7654 -2.7717 0 1.1481 -2.1213 0 2.1213

4 16 -1.8478 1 0.7654 -2 1 0 -3 0 0 -2.7717 0 1.1481

4 16 -2 1 0 -1.8478 1 -0.7654 -2.7717 0 -1.1481 -3 0 0

4 16 -1.8478 1 -0.7654 -1.4142 1 -1.4142 -2.1213 0 -2.1213 -2.7717 0 -1.1481

4 16 -1.4142 1 -1.4142 -0.7654 1 -1.8478 -1.1481 0 -2.7717 -2.1213 0 -2.1213

4 16 -0.7654 1 -1.8478 0 1 -2 0 0 -3 -1.1481 0 -2.7717

4 16 0 1 -2 0.7654 1 -1.8478 1.1481 0 -2.7717 0 0 -3

4 16 0.7654 1 -1.8478 1.4142 1 -1.4142 2.1213 0 -2.1213 1.1481 0 -2.7717

4 16 1.4142 1 -1.4142 1.8478 1 -0.7654 2.7717 0 -1.1481 2.1213 0 -2.1213

4 16 1.8478 1 -0.7654 2 1 0 3 0 0 2.7717 0 -1.1481

0 // conditional lines

5 24 2 1 0 3 0 0 1.8478 1 -0.7654 1.8478 1 0.7654

5 24 1.8478 1 0.7654 2.7717 0 1.1481 2 1 0 1.4142 1 1.4142

5 24 1.4142 1 1.4142 2.1213 0 2.1213 1.8478 1 0.7654 0.7654 1 1.8478

5 24 0.7654 1 1.8478 1.1481 0 2.7717 1.4142 1 1.4142 0 1 2

5 24 0 1 2 0 0 3 0.7654 1 1.8478 -0.7654 1 1.8478

5 24 -0.7654 1 1.8478 -1.1481 0 2.7717 0 1 2 -1.4142 1 1.4142

5 24 -1.4142 1 1.4142 -2.1213 0 2.1213 -0.7654 1 1.8478 -1.8478 1 0.7654

5 24 -1.8478 1 0.7654 -2.7717 0 1.1481 -1.4142 1 1.4142 -2 1 0

5 24 -2 1 0 -3 0 0 -1.8478 1 0.7654 -1.8478 1 -0.7654

5 24 -1.8478 1 -0.7654 -2.7717 0 -1.1481 -2 1 0 -1.4142 1 -1.4142

5 24 -1.4142 1 -1.4142 -2.1213 0 -2.1213 -1.8478 1 -0.7654 -0.7654 1 -1.8478

5 24 -0.7654 1 -1.8478 -1.1481 0 -2.7717 -1.4142 1 -1.4142 0 1 -2

5 24 0 1 -2 0 0 -3 -0.7654 1 -1.8478 0.7654 1 -1.8478

5 24 0.7654 1 -1.8478 1.1481 0 -2.7717 0 1 -2 1.4142 1 -1.4142

5 24 1.4142 1 -1.4142 2.1213 0 -2.1213 0.7654 1 -1.8478 1.8478 1 -0.7654

5 24 1.8478 1 -0.7654 2.7717 0 -1.1481 1.4142 1 -1.4142 2 1 0

0 // Build by LDPartEditor (PrimGen 2.X)

0 NOFILE

0 FILE 4-4cylc.dat
0 Cylinder Closed 1.0

0 Name: 4-4cylc.dat

0 Author: Alex Taylor [anathema]

0 !LDRAW_ORG Primitive UPDATE 2009-02

0 !LICENSE Licensed under CC BY 4.0 : see CAreadme.txt



0 BFC CERTIFY CCW



0 !HISTORY 2008-12-29 [cwdee] Removed one disc

0 !HISTORY 2009-09-03 [PTadmin] Official Update 2009-02





1 16 0 0 0 1 0 0 0 1 0 0 0 1 4-4edge.dat

1 16 0 1 0 1 0 0 0 1 0 0 0 1 4-4edge.dat

1 16 0 0 0 1 0 0 0 1 0 0 0 1 4-4disc.dat

1 16 0 0 0 1 0 0 0 1 0 0 0 1 4-4cyli.dat

0

0 NOFILE

0 FILE bl_7826.dat
0 Slope Brick 31  1 x  1 x  0.667 Double Convex

0 Name: 7826.dat

0 Author: Gerald Lasser [GeraldLasser]

0 !LDRAW_ORG Part UPDATE 2026-01

0 !LICENSE Licensed under CC BY 4.0 : see CAreadme.txt



0 BFC CERTIFY CCW



0 !KEYWORDS Brickowl 1405542



0 !HISTORY 2026-01-29 [OrionP] Official Update 2026-01



0 // Inside and Bottom

4 16 -9 -1 9 -10 -1 10 10 -1 10 9 -1 9

4 16 9 0 9 6 0 6 -6 0 6 -9 0 9

4 16 -10 -1 -10 -10 -1 10 -9 -1 9 -9 -1 -9

4 16 -6 0 6 -6 0 -6 -9 0 -9 -9 0 9

4 16 -6 0 -6 6 0 -6 9 0 -9 -9 0 -9

4 16 10 -1 -10 -10 -1 -10 -9 -1 -9 9 -1 -9

4 16 9 -1 9 10 -1 10 10 -1 -10 9 -1 -9

4 16 9 0 -9 6 0 -6 6 0 6 9 0 9

1 16 0 -1 0 9 0 0 0 1 0 0 0 9 box4.dat



0 BFC INVERTNEXT

1 16 0 -2.3 0 0 6 0 2.3 0 0 0 0 -6 box2-5.dat

3 16 -6 -4.6 -6 -6 0 -6 -6 -4.6 -4

4 16 -6 -10.6 6 -6 -4.6 -4 -6 0 -6 -6 0 6

4 16 6 0 6 4 -4.6 6 -6 -10.6 6 -6 0 6

3 16 4 -4.6 6 6 0 6 6 -4.6 6

2 24 -6 0 6 6 0 6

2 24 -6 0 6 -6 0 -6

2 24 -6 -10.6 6 -6 0 6

2 24 -6 -4.6 -4 -6 -10.6 6

2 24 -6 -4.6 -4 -6 -4.6 -6

2 24 6 -4.6 6 4 -4.6 6

2 24 4 -4.6 6 -6 -10.6 6

2 24 4 -4.6 -4 4 -4.6 6

2 24 -6 -4.6 -4 4 -4.6 -4

2 24 4 -4.6 -4 -6 -10.6 6

3 16 -6 -4.6 -4 -6 -10.6 6 4 -4.6 -4

3 16 4 -4.6 -4 -6 -10.6 6 4 -4.6 6

4 16 6 -4.6 -6 -6 -4.6 -6 -6 -4.6 -4 4 -4.6 -4

4 16 6 -4.6 6 6 -4.6 -6 4 -4.6 -4 4 -4.6 6



0 // Outside

1 16 0 -2.5 0 0 10 0 1.5 0 0 0 0 -10 box2-5.dat

4 16 -10 -13.9 6.5 -10 -13.9 10 -10 -1 10 -10 -1 -10

3 16 -10 -4 -10 -10 -13.9 6.5 -10 -1 -10

3 16 10 -4 10 10 -1 10 -6.5 -13.9 10

4 16 -10 -1 10 -10 -13.9 10 -6.5 -13.9 10 10 -1 10

2 24 -10 -1 10 -10 -1 -10

2 24 -10 -1 10 10 -1 10

2 24 -10 -13.9 10 -10 -1 10

2 24 10 -4 10 -6.5 -13.9 10

2 24 -6.5 -13.9 6.5 10 -4 -10

2 24 -10 -4 -10 -10 -13.9 6.5

1 16 -8.25 -13.9 8.25 0 0 -1.75 0 1 0 1.75 0 0 rect.dat

4 16 10 -4 -10 10 -4 10 -6.5 -13.9 10 -6.5 -13.9 6.5

4 16 -6.5 -13.9 6.5 -10 -13.9 6.5 -10 -4 -10 10 -4 -10
0 NOFILE

0 FILE box2-5.dat
0 Box with 2 Faces without 5 Edges

0 Name: box2-5.dat

0 Author: Steffen [Steffen]

0 !LDRAW_ORG Primitive UPDATE 2003-03

0 !LICENSE Licensed under CC BY 4.0 : see CAreadme.txt



0 BFC CERTIFY CCW



0 !HISTORY 2003-12-19 [PTadmin] Official Update 2003-03

0 !HISTORY 2007-06-24 [PTadmin] Header formatted for Contributor Agreement

0 !HISTORY 2008-07-01 [PTadmin] Official Update 2008-01





2 24 1 1 1 -1 1 1

2 24 1 1 -1 -1 1 -1

2 24 1 -1 1 -1 -1 1

2 24 -1 -1 1 -1 1 1

2 24 1 -1 1 1 1 1

2 24 -1 1 -1 -1 1 1

2 24 1 1 -1 1 1 1

4 16 1 1 1 1 1 -1 -1 1 -1 -1 1 1

4 16 1 1 1 -1 1 1 -1 -1 1 1 -1 1

0

0 NOFILE

0 FILE box4.dat
0 Box with 4 Faces (2 Parallel Pairs) and All Edges

0 Name: box4.dat

0 Author: James Jessiman

0 !LDRAW_ORG Primitive UPDATE 2012-01

0 !LICENSE Licensed under CC BY 4.0 : see CAreadme.txt



0 BFC CERTIFY CCW



0 !HISTORY 2002-04-03 [sbliss] Modified for BFC compliance

0 !HISTORY 2002-04-25 [PTadmin] Official Update 2002-02

0 !HISTORY 2007-06-24 [PTadmin] Header formatted for Contributor Agreement

0 !HISTORY 2008-07-01 [PTadmin] Official Update 2008-01

0 !HISTORY 2012-02-16 [Philo] Changed to CCW

0 !HISTORY 2012-03-30 [PTadmin] Official Update 2012-01





2 24 1 1 1 -1 1 1

2 24 -1 1 1 -1 1 -1

2 24 -1 1 -1 1 1 -1

2 24 1 1 -1 1 1 1

2 24 1 0 1 -1 0 1

2 24 -1 0 1 -1 0 -1

2 24 -1 0 -1 1 0 -1

2 24 1 0 -1 1 0 1

2 24 1 0 1 1 1 1

2 24 -1 0 1 -1 1 1

2 24 1 0 -1 1 1 -1

2 24 -1 0 -1 -1 1 -1

4 16 -1 1 1 -1 0 1 1 0 1 1 1 1

4 16 -1 1 -1 -1 0 -1 -1 0 1 -1 1 1

4 16 1 1 -1 1 0 -1 -1 0 -1 -1 1 -1

4 16 1 1 1 1 0 1 1 0 -1 1 1 -1

0 NOFILE

0 FILE 65578.dat
0 Plate  1 x  1 Round with Angled Bar

0 Name: 65578.dat

0 Author: Magnus Forsberg [MagFors]

0 !LDRAW_ORG Part UPDATE 2020-02

0 !LICENSE Licensed under CC BY 4.0 : see CAreadme.txt



0 BFC CERTIFY CCW



0 !HISTORY 2020-09-05 [PTadmin] Official Update 2020-02





1 16 0 0 0 1 0 0 0 1 0 0 0 1 stud2a.dat



0 BFC INVERTNEXT

1 16 0 0 0 .7 0 0 0 6 0 0 0 .7 4-4con4.dat

1 16 0 6 0 2.8 0 0 0 1 0 0 0 2.8 4-4edge.dat

0 BFC INVERTNEXT

1 16 0 6 0 2.8 0 0 0 1 0 0 0 2.8 4-4con0.dat

1 16 0 0 0 3.5 0 0 0 1 0 0 0 3.5 4-4edge.dat

1 16 0 0 0 .5 0 0 0 1 0 0 0 .5 4-4ring7.dat

1 16 0 0 0 4 0 0 0 1 0 0 0 4 4-4edge.dat

1 16 0 0 0 6 0 0 0 1 0 0 0 6 4-4edge.dat

1 16 0 0 0 2 0 0 0 1 0 0 0 2 4-4ring3.dat

1 16 0 0 0 2 0 0 0 1 0 0 0 2 4-4ring4.dat

1 16 0 0 0 10 0 0 0 2 0 0 0 10 4-4cylo.dat



1 16 0 8 0 4 0 0 0 1 0 0 0 4 4-4edge.dat

1 16 -4 8 0 4 0 0 0 0 4 0 -4 0 r08q1000.dat



1 16 -10.0104 19.6673 0 2.82843 0 0 2.82843 -1 0 0 0 4 4-4edge.dat

1 16 -10.0104 19.6673 0 2.82843 0 0 2.82843 -1 0 0 0 4 4-4disc.dat

1 16 -10.0104 19.6673 0 2.82843 8.83884 0 2.82843 -8.83884 0 0 0 4 4-4cyli.dat



0 // wing

2 24 3.6956 8 1.5308 3 7.7 8.5

2 24 3 7.7 8.5 3 2.2039 9.1995

2 24 3.5097 7.0365 3.5097 3.142 3.7899 7.5853

2 24 3.5097 7.0365 3.5097 3.6956 8 1.5308

2 24 3.142 3.7899 7.5853 3 2.2039 9.1995

2 24 0 2.741 9.259 3 2.2039 9.1995

4 16 9.239 2 3.827 10 2 0 4 8 0 3.6956 8 1.5308

4 16 9.239 2 3.827 3.6956 8 1.5308 3.5097 7.0365 3.5097 7.071 2 7.071

4 16 7.071 2 7.071 3.5097 7.0365 3.5097 3.142 3.7899 7.5853 3.827 2 9.239

3 16 3.142 3.7899 7.5853 3 2.2039 9.1995 3.827 2 9.239

3 16 3 2.2039 9.1995 0 2 10 3.827 2 9.239

3 16 3 2.2039 9.1995 0 2.741 9.259 0 2 10

3 16 0 2.741 9.259 3 2.2039 9.1995 3 7.7 8.5

3 16 3 7.7 8.5 -3 7.7 8.5 0 2.741 9.259

3 16 3 7.7 8.5 3 2.2039 9.1995 3.142 3.7899 7.5853

3 16 3 7.7 8.5 3.142 3.7899 7.5853 3.5097 7.0365 3.5097

3 16 3 7.7 8.5 3.5097 7.0365 3.5097 3.6956 8 1.5308

3 16 3 7.7 8.5 3.6956 8 1.5308 2.8284 8 2.8284

3 16 3 7.7 8.5 2.8284 8 2.8284 1.5308 8 3.6956

3 16 3 7.7 8.5 1.5308 8 3.6956 0 8 4

3 16 0 8 4 -3 7.7 8.5 3 7.7 8.5

5 24 9.239 2 3.827 3.6956 8 1.5308 10 2 0 7.071 2 7.071

5 24 7.071 2 7.071 3.5097 7.0365 3.5097 9.239 2 3.827 3.827 2 9.239

5 24 3.827 2 9.239 3.142 3.7899 7.5853 7.071 2 7.071 3 2.2039 9.1995



2 24 3.6956 8 -1.5308 3 7.7 -8.5

2 24 3 7.7 -8.5 3 2.2039 -9.1995

2 24 3.5097 7.0365 -3.5097 3.142 3.7899 -7.5853

2 24 3.5097 7.0365 -3.5097 3.6956 8 -1.5308

2 24 3.142 3.7899 -7.5853 3 2.2039 -9.1995

2 24 0 2.741 -9.259 3 2.2039 -9.1995

4 16 4 8 0 10 2 0 9.239 2 -3.827 3.6956 8 -1.5308

4 16 3.5097 7.0365 -3.5097 3.6956 8 -1.5308 9.239 2 -3.827 7.071 2 -7.071

4 16 3.142 3.7899 -7.5853 3.5097 7.0365 -3.5097 7.071 2 -7.071 3.827 2 -9.239

3 16 3 2.2039 -9.1995 3.142 3.7899 -7.5853 3.827 2 -9.239

3 16 0 2 -10 3 2.2039 -9.1995 3.827 2 -9.239

3 16 0 2.741 -9.259 3 2.2039 -9.1995 0 2 -10

3 16 3 7.7 -8.5 3 2.2039 -9.1995 0 2.741 -9.259

3 16 0 2.741 -9.259 -3 7.7 -8.5 3 7.7 -8.5

3 16 3 7.7 -8.5 3.142 3.7899 -7.5853 3 2.2039 -9.1995

3 16 3 7.7 -8.5 3.5097 7.0365 -3.5097 3.142 3.7899 -7.5853

3 16 3 7.7 -8.5 3.6956 8 -1.5308 3.5097 7.0365 -3.5097

3 16 3 7.7 -8.5 2.8284 8 -2.8284 3.6956 8 -1.5308

3 16 3 7.7 -8.5 1.5308 8 -3.6956 2.8284 8 -2.8284

3 16 0 8 -4 1.5308 8 -3.6956 3 7.7 -8.5

3 16 3 7.7 -8.5 -3 7.7 -8.5 0 8 -4

5 24 9.239 2 -3.827 3.6956 8 -1.5308 10 2 0 7.071 2 -7.071

5 24 7.071 2 -7.071 3.5097 7.0365 -3.5097 9.239 2 -3.827 3.827 2 -9.239

5 24 3.827 2 -9.239 3.142 3.7899 -7.5853 7.071 2 -7.071 3 2.2039 -9.1995

2 24 -3 7.7 8.5 3 7.7 8.5

5 24 10 2 0 4 8 0 9.239 2 3.827 9.239 2 -3.827



0 // wing

2 24 -3.6956 8 -1.5308 -3 7.7 -8.5

2 24 -3 7.7 -8.5 -3 2.2039 -9.1995

2 24 -3.5097 7.0365 -3.5097 -3.142 3.7899 -7.5853

2 24 -3.5097 7.0365 -3.5097 -3.6956 8 -1.5308

2 24 -3.142 3.7899 -7.5853 -3 2.2039 -9.1995

2 24 0 2.741 -9.259 -3 2.2039 -9.1995

4 16 -9.239 2 -3.827 -10 2 0 -4 8 0 -3.6956 8 -1.5308

4 16 -9.239 2 -3.827 -3.6956 8 -1.5308 -3.5097 7.0365 -3.5097 -7.071 2 -7.071

4 16 -7.071 2 -7.071 -3.5097 7.0365 -3.5097 -3.142 3.7899 -7.5853 -3.827 2 -9.239

3 16 -3.142 3.7899 -7.5853 -3 2.2039 -9.1995 -3.827 2 -9.239

3 16 -3 2.2039 -9.1995 0 2 -10 -3.827 2 -9.239

3 16 -3 2.2039 -9.1995 0 2.741 -9.259 0 2 -10

3 16 -3 2.2039 -9.1995 -3 7.7 -8.5 0 2.741 -9.259

3 16 -3 2.2039 -9.1995 -3.142 3.7899 -7.5853 -3 7.7 -8.5

3 16 -3.142 3.7899 -7.5853 -3.5097 7.0365 -3.5097 -3 7.7 -8.5

3 16 -3.5097 7.0365 -3.5097 -3.6956 8 -1.5308 -3 7.7 -8.5

3 16 -3.6956 8 -1.5308 -2.8284 8 -2.8284 -3 7.7 -8.5

3 16 -2.8284 8 -2.8284 -1.5308 8 -3.6956 -3 7.7 -8.5

3 16 -1.5308 8 -3.6956 0 8 -4 -3 7.7 -8.5

5 24 -9.239 2 -3.827 -3.6956 8 -1.5308 -10 2 0 -7.071 2 -7.071

5 24 -7.071 2 -7.071 -3.5097 7.0365 -3.5097 -9.239 2 -3.827 -3.827 2 -9.239

5 24 -3.827 2 -9.239 -3.142 3.7899 -7.5853 -7.071 2 -7.071 -3 2.2039 -9.1995



2 24 -3.6956 8 1.5308 -3 7.7 8.5

2 24 -3 7.7 8.5 -3 2.2039 9.1995

2 24 -3.5097 7.0365 3.5097 -3.142 3.7899 7.5853

2 24 -3.5097 7.0365 3.5097 -3.6956 8 1.5308

2 24 -3.142 3.7899 7.5853 -3 2.2039 9.1995

2 24 0 2.741 9.259 -3 2.2039 9.1995

4 16 -4 8 0 -10 2 0 -9.239 2 3.827 -3.6956 8 1.5308

4 16 -3.5097 7.0365 3.5097 -3.6956 8 1.5308 -9.239 2 3.827 -7.071 2 7.071

4 16 -3.142 3.7899 7.5853 -3.5097 7.0365 3.5097 -7.071 2 7.071 -3.827 2 9.239

3 16 -3.827 2 9.239 -3 2.2039 9.1995 -3.142 3.7899 7.5853

3 16 -3.827 2 9.239 0 2 10 -3 2.2039 9.1995

3 16 0 2 10 0 2.741 9.259 -3 2.2039 9.1995

3 16 0 2.741 9.259 -3 7.7 8.5 -3 2.2039 9.1995

3 16 -3 7.7 8.5 -3.142 3.7899 7.5853 -3 2.2039 9.1995

3 16 -3 7.7 8.5 -3.5097 7.0365 3.5097 -3.142 3.7899 7.5853

3 16 -3 7.7 8.5 -3.6956 8 1.5308 -3.5097 7.0365 3.5097

3 16 -3 7.7 8.5 -2.8284 8 2.8284 -3.6956 8 1.5308

3 16 -3 7.7 8.5 -1.5308 8 3.6956 -2.8284 8 2.8284

3 16 -3 7.7 8.5 0 8 4 -1.5308 8 3.6956

5 24 -9.239 2 3.827 -3.6956 8 1.5308 -10 2 0 -7.071 2 7.071

5 24 -7.071 2 7.071 -3.5097 7.0365 3.5097 -9.239 2 3.827 -3.827 2 9.239

5 24 -3.827 2 9.239 -3.142 3.7899 7.5853 -7.071 2 7.071 -3 2.2039 9.1995

2 24 3 7.7 -8.5 -3 7.7 -8.5

5 24 -10 2 0 -4 8 0 -9.239 2 -3.827 -9.239 2 3.827



5 24 1.5308 8 -3.6956 3 7.7 -8.5 2.8284 8 -2.8284 0 8 -4

5 24 -2.8284 8 -2.8284 -3 7.7 -8.5 -1.5308 8 -3.6956 -3.6956 8 -1.5308

5 24 -1.5308 8 -3.6956 -3 7.7 -8.5 -2.8284 8 -2.8284 0 8 -4

5 24 2.8284 8 -2.8284 3 7.7 -8.5 1.5308 8 -3.6956 3.6956 8 -1.5308

5 24 0 8 -4 -3 7.7 -8.5 -1.5308 8 -3.6956 3 7.7 -8.5

5 24 0 8 -4 3 7.7 -8.5 1.5308 8 -3.6956 -3 7.7 -8.5

5 24 -1.5308 8 3.6956 -3 7.7 8.5 -2.8284 8 2.8284 0 8 4

5 24 -2.8284 8 2.8284 -3 7.7 8.5 -3.6956 8 1.5308 -1.5308 8 3.6956

5 24 0 8 4 -3 7.7 8.5 3 7.7 8.5 -1.5308 8 3.6956

5 24 2.8284 8 2.8284 3 7.7 8.5 1.5308 8 3.6956 3.6956 8 1.5308

5 24 3 7.7 8.5 1.5308 8 3.6956 0 8 4 2.8284 8 2.8284

5 24 0 8 4 3 7.7 8.5 1.5308 8 3.6956 -3 7.7 8.5

5 24 0 2 10 0 2.741 9.259 -3 2.2039 9.1995 3 2.2039 9.1995

5 24 0 2 -10 0 2.741 -9.259 3 2.2039 -9.1995 -3 2.2039 -9.1995

5 24 0 2.741 9.259 -3 7.7 8.5 -3 2.2039 9.1995 3 7.7 8.5

5 24 0 2.741 9.259 3 7.7 8.5 -3 7.7 8.5 3 2.2039 9.1995

5 24 0 2.741 -9.259 3 7.7 -8.5 3 2.2039 -9.1995 -3 7.7 -8.5

5 24 0 2.741 -9.259 -3 7.7 -8.5 3 7.7 -8.5 -3 2.2039 -9.1995

0 NOFILE

0 FILE r08q1000.dat
0 Torus Tube  1 x 1.0000 x 0.125

0 Name: r08q1000.dat

0 Author: Philippe Hurbain [Philo]

0 !LDRAW_ORG Primitive UPDATE 2018-02

0 !LICENSE Licensed under CC BY 4.0 : see CAreadme.txt



0 BFC CERTIFY CCW



0 !HISTORY 2018-12-08 [PTadmin] Official Update 2018-02





0 // Major Radius: 1

0 // Tube(Minor) Radius: 1

0 // Segments(Sweep): 2/16 = 0.125

0 // 1 9 0 0 0 1 0 0 0 1 0 0 0 1 4-4edge.dat

0 // 1 12 1 0 0 1.0000 0 0 0 0 1.0000 0 1 0 4-4edge.dat



4 16 1 1 0 0.9239 1 0.3827 1.2775 0.9239 0.5292 1.3827 0.9239 0

4 16 1.3827 0.9239 0 1.2775 0.9239 0.5292 1.5772 0.7071 0.6533 1.7071 0.7071 0

4 16 1.7071 0.7071 0 1.5772 0.7071 0.6533 1.7775 0.3827 0.7363 1.9239 0.3827 0

4 16 1.9239 0.3827 0 1.7775 0.3827 0.7363 1.8478 0 0.7654 2 0 0

4 16 2 0 0 1.8478 0 0.7654 1.7775 -0.3827 0.7363 1.9239 -0.3827 0

4 16 1.9239 -0.3827 0 1.7775 -0.3827 0.7363 1.5772 -0.7071 0.6533 1.7071 -0.7071 0

4 16 1.7071 -0.7071 0 1.5772 -0.7071 0.6533 1.2775 -0.9239 0.5292 1.3827 -0.9239 0

4 16 1.3827 -0.9239 0 1.2775 -0.9239 0.5292 0.9239 -1 0.3827 1 -1 0

4 16 1 -1 0 0.9239 -1 0.3827 0.5703 -0.9239 0.2362 0.6173 -0.9239 0

4 16 0.6173 -0.9239 0 0.5703 -0.9239 0.2362 0.2706 -0.7071 0.1121 0.2929 -0.7071 0

4 16 0.2929 -0.7071 0 0.2706 -0.7071 0.1121 0.0703 -0.3827 0.0291 0.0761 -0.3827 0

3 16 .0761 -.3827 0 .0703 -.3827 .0291 0 0 0

3 16 0 0 0 .0703 .3827 .0291 .0761 .3827 0

4 16 0.0761 0.3827 0 0.0703 0.3827 0.0291 0.2706 0.7071 0.1121 0.2929 0.7071 0

4 16 0.2929 0.7071 0 0.2706 0.7071 0.1121 0.5703 0.9239 0.2362 0.6173 0.9239 0

4 16 0.6173 0.9239 0 0.5703 0.9239 0.2362 0.9239 1 0.3827 1 1 0

4 16 0.9239 1 0.3827 0.7071 1 0.7071 0.9777 0.9239 0.9777 1.2775 0.9239 0.5292

4 16 1.2775 0.9239 0.5292 0.9777 0.9239 0.9777 1.2071 0.7071 1.2071 1.5772 0.7071 0.6533

4 16 1.5772 0.7071 0.6533 1.2071 0.7071 1.2071 1.3604 0.3827 1.3604 1.7775 0.3827 0.7363

4 16 1.7775 0.3827 0.7363 1.3604 0.3827 1.3604 1.4142 0 1.4142 1.8478 0 0.7654

4 16 1.8478 0 0.7654 1.4142 0 1.4142 1.3604 -0.3827 1.3604 1.7775 -0.3827 0.7363

4 16 1.7775 -0.3827 0.7363 1.3604 -0.3827 1.3604 1.2071 -0.7071 1.2071 1.5772 -0.7071 0.6533

4 16 1.5772 -0.7071 0.6533 1.2071 -0.7071 1.2071 0.9777 -0.9239 0.9777 1.2775 -0.9239 0.5292

4 16 1.2775 -0.9239 0.5292 0.9777 -0.9239 0.9777 0.7071 -1 0.7071 0.9239 -1 0.3827

4 16 0.9239 -1 0.3827 0.7071 -1 0.7071 0.4365 -0.9239 0.4365 0.5703 -0.9239 0.2362

4 16 0.5703 -0.9239 0.2362 0.4365 -0.9239 0.4365 0.2071 -0.7071 0.2071 0.2706 -0.7071 0.1121

4 16 0.2706 -0.7071 0.1121 0.2071 -0.7071 0.2071 0.0538 -0.3827 0.0538 0.0703 -0.3827 0.0291

3 16 .0703 -.3827 .0291 .0538 -.3827 .0538 0 0 0

3 16 0 0 0 .0538 .3827 .0538 .0703 .3827 .0291

4 16 0.0703 0.3827 0.0291 0.0538 0.3827 0.0538 0.2071 0.7071 0.2071 0.2706 0.7071 0.1121

4 16 0.2706 0.7071 0.1121 0.2071 0.7071 0.2071 0.4365 0.9239 0.4365 0.5703 0.9239 0.2362

4 16 0.5703 0.9239 0.2362 0.4365 0.9239 0.4365 0.7071 1 0.7071 0.9239 1 0.3827

0 // conditional lines

5 24 1 1 0 0.9239 1 0.3827 1.3827 0.9239 0 0.6173 0.9239 0

5 24 1 1 0 1.3827 0.9239 0 0.9239 1 0.3827 1 1 -0.4142

5 24 1.3827 0.9239 0 1.2775 0.9239 0.5292 1.7071 0.7071 0 1 1 0

5 24 1.3827 0.9239 0 1.7071 0.7071 0 1.2775 0.9239 0.5292 1.3827 0.9239 -0.5727

5 24 1.7071 0.7071 0 1.5772 0.7071 0.6533 1.9239 0.3827 0 1.3827 0.9239 0

5 24 1.7071 0.7071 0 1.9239 0.3827 0 1.5772 0.7071 0.6533 1.7071 0.7071 -0.7071

5 24 1.9239 0.3827 0 1.7775 0.3827 0.7363 2 0 0 1.7071 0.7071 0

5 24 1.9239 0.3827 0 2 0 0 1.7775 0.3827 0.7363 1.9239 0.3827 -0.7969

5 24 2 0 0 1.8478 0 0.7654 1.9239 -0.3827 0 1.9239 0.3827 0

5 24 2 0 0 1.9239 -0.3827 0 1.8478 0 0.7654 2 0 -0.8284

5 24 1.9239 -0.3827 0 1.7775 -0.3827 0.7363 1.7071 -0.7071 0 2 0 0

5 24 1.9239 -0.3827 0 1.7071 -0.7071 0 1.7775 -0.3827 0.7363 1.9239 -0.3827 -0.7969

5 24 1.7071 -0.7071 0 1.5772 -0.7071 0.6533 1.3827 -0.9239 0 1.9239 -0.3827 0

5 24 1.7071 -0.7071 0 1.3827 -0.9239 0 1.5772 -0.7071 0.6533 1.7071 -0.7071 -0.7071

5 24 1.3827 -0.9239 0 1.2775 -0.9239 0.5292 1 -1 0 1.7071 -0.7071 0

5 24 1.3827 -0.9239 0 1 -1 0 1.2775 -0.9239 0.5292 1.3827 -0.9239 -0.5727

5 24 1 -1 0 0.9239 -1 0.3827 0.6173 -0.9239 0 1.3827 -0.9239 0

5 24 1 -1 0 0.6173 -0.9239 0 0.9239 -1 0.3827 1 -1 -0.4142

5 24 0.6173 -0.9239 0 0.5703 -0.9239 0.2362 0.2929 -0.7071 0 1 -1 0

5 24 0.6173 -0.9239 0 0.2929 -0.7071 0 0.5703 -0.9239 0.2362 0.6173 -0.9239 -0.2557

5 24 0.2929 -0.7071 0 0.2706 -0.7071 0.1121 0.0761 -0.3827 0 0.6173 -0.9239 0

5 24 0.2929 -0.7071 0 0.0761 -0.3827 0 0.2706 -0.7071 0.1121 0.2929 -0.7071 -0.1213

5 24 .0761 -.3827 0 .0703 -.3827 .0291 0 0 0 .2929 -.7071 0

5 24 .0761 -.3827 0 0 0 0 .0703 -.3827 .0291 .0761 -.3827 -.0315

5 24 .0761 .3827 0 .0703 .3827 .0291 .2929 .7071 0 0 0 0

5 24 0.0761 0.3827 0 0.2929 0.7071 0 0.0703 0.3827 0.0291 0.0761 0.3827 -0.0315

5 24 0.2929 0.7071 0 0.2706 0.7071 0.1121 0.6173 0.9239 0 0.0761 0.3827 0

5 24 0.2929 0.7071 0 0.6173 0.9239 0 0.2706 0.7071 0.1121 0.2929 0.7071 -0.1213

5 24 0.6173 0.9239 0 0.5703 0.9239 0.2362 1 1 0 0.2929 0.7071 0

5 24 0.6173 0.9239 0 1 1 0 0.5703 0.9239 0.2362 0.6173 0.9239 -0.2557

5 24 0.9239 1 0.3827 0.7071 1 0.7071 1.2775 0.9239 0.5292 0.5703 0.9239 0.2362

5 24 0.9239 1 0.3827 1.2775 0.9239 0.5292 0.7071 1 0.7071 1 1 0

5 24 1.2775 0.9239 0.5292 0.9777 0.9239 0.9777 1.5772 0.7071 0.6533 0.9239 1 0.3827

5 24 1.2775 0.9239 0.5292 1.5772 0.7071 0.6533 0.9777 0.9239 0.9777 1.3827 0.9239 0

5 24 1.5772 0.7071 0.6533 1.2071 0.7071 1.2071 1.7775 0.3827 0.7363 1.2775 0.9239 0.5292

5 24 1.5772 0.7071 0.6533 1.7775 0.3827 0.7363 1.2071 0.7071 1.2071 1.7071 0.7071 0

5 24 1.7775 0.3827 0.7363 1.3604 0.3827 1.3604 1.8478 0 0.7654 1.5772 0.7071 0.6533

5 24 1.7775 0.3827 0.7363 1.8478 0 0.7654 1.3604 0.3827 1.3604 1.9239 0.3827 0

5 24 1.8478 0 0.7654 1.4142 0 1.4142 1.7775 -0.3827 0.7363 1.7775 0.3827 0.7363

5 24 1.8478 0 0.7654 1.7775 -0.3827 0.7363 1.4142 0 1.4142 2 0 0

5 24 1.7775 -0.3827 0.7363 1.3604 -0.3827 1.3604 1.5772 -0.7071 0.6533 1.8478 0 0.7654

5 24 1.7775 -0.3827 0.7363 1.5772 -0.7071 0.6533 1.3604 -0.3827 1.3604 1.9239 -0.3827 0

5 24 1.5772 -0.7071 0.6533 1.2071 -0.7071 1.2071 1.2775 -0.9239 0.5292 1.7775 -0.3827 0.7363

5 24 1.5772 -0.7071 0.6533 1.2775 -0.9239 0.5292 1.2071 -0.7071 1.2071 1.7071 -0.7071 0

5 24 1.2775 -0.9239 0.5292 0.9777 -0.9239 0.9777 0.9239 -1 0.3827 1.5772 -0.7071 0.6533

5 24 1.2775 -0.9239 0.5292 0.9239 -1 0.3827 0.9777 -0.9239 0.9777 1.3827 -0.9239 0

5 24 0.9239 -1 0.3827 0.7071 -1 0.7071 0.5703 -0.9239 0.2362 1.2775 -0.9239 0.5292

5 24 0.9239 -1 0.3827 0.5703 -0.9239 0.2362 0.7071 -1 0.7071 1 -1 0

5 24 0.5703 -0.9239 0.2362 0.4365 -0.9239 0.4365 0.2706 -0.7071 0.1121 0.9239 -1 0.3827

5 24 0.5703 -0.9239 0.2362 0.2706 -0.7071 0.1121 0.4365 -0.9239 0.4365 0.6173 -0.9239 0

5 24 0.2706 -0.7071 0.1121 0.2071 -0.7071 0.2071 0.0703 -0.3827 0.0291 0.5703 -0.9239 0.2362

5 24 0.2706 -0.7071 0.1121 0.0703 -0.3827 0.0291 0.2071 -0.7071 0.2071 0.2929 -0.7071 0

5 24 .0703 -.3827 .0291 .0538 -.3827 .0538 0 0 0 .2706 -.7071 .1121

5 24 .0703 -.3827 .0291 0 0 0 .0538 -.3827 .0538 .0761 -.3827 0

5 24 .0703 .3827 .0291 .0538 .3827 .0538 .2706 .7071 .1121 0 0 0

5 24 0.0703 0.3827 0.0291 0.2706 0.7071 0.1121 0.0538 0.3827 0.0538 0.0761 0.3827 0

5 24 0.2706 0.7071 0.1121 0.2071 0.7071 0.2071 0.5703 0.9239 0.2362 0.0703 0.3827 0.0291

5 24 0.2706 0.7071 0.1121 0.5703 0.9239 0.2362 0.2071 0.7071 0.2071 0.2929 0.7071 0

5 24 0.5703 0.9239 0.2362 0.4365 0.9239 0.4365 0.9239 1 0.3827 0.2706 0.7071 0.1121

5 24 0.5703 0.9239 0.2362 0.9239 1 0.3827 0.4365 0.9239 0.4365 0.6173 0.9239 0

5 24 0.7071 1 0.7071 0.9777 0.9239 0.9777 0.4142 1 1 0.9239 1 0.3827

5 24 0.9777 0.9239 0.9777 1.2071 0.7071 1.2071 0.5727 0.9239 1.3827 1.2775 0.9239 0.5292

5 24 1.2071 0.7071 1.2071 1.3604 0.3827 1.3604 0.7071 0.7071 1.7071 1.5772 0.7071 0.6533

5 24 1.3604 0.3827 1.3604 1.4142 0 1.4142 0.7969 0.3827 1.9239 1.7775 0.3827 0.7363

5 24 1.4142 0 1.4142 1.3604 -0.3827 1.3604 0.8284 0 2 1.8478 0 0.7654

5 24 1.3604 -0.3827 1.3604 1.2071 -0.7071 1.2071 0.7969 -0.3827 1.9239 1.7775 -0.3827 0.7363

5 24 1.2071 -0.7071 1.2071 0.9777 -0.9239 0.9777 0.7071 -0.7071 1.7071 1.5772 -0.7071 0.6533

5 24 0.9777 -0.9239 0.9777 0.7071 -1 0.7071 0.5727 -0.9239 1.3827 1.2775 -0.9239 0.5292

5 24 0.7071 -1 0.7071 0.4365 -0.9239 0.4365 0.4142 -1 1 0.9239 -1 0.3827

5 24 0.4365 -0.9239 0.4365 0.2071 -0.7071 0.2071 0.2557 -0.9239 0.6173 0.5703 -0.9239 0.2362

5 24 0.2071 -0.7071 0.2071 0.0538 -0.3827 0.0538 0.1213 -0.7071 0.2929 0.2706 -0.7071 0.1121

5 24 .0538 -.3827 .0538 0 0 0 .0315 -.3827 .0761 .0703 -.3827 .0291

5 24 0.0538 0.3827 0.0538 0.2071 0.7071 0.2071 0.0315 0.3827 0.0761 0.0703 0.3827 0.0291

5 24 0.2071 0.7071 0.2071 0.4365 0.9239 0.4365 0.1213 0.7071 0.2929 0.2706 0.7071 0.1121

5 24 0.4365 0.9239 0.4365 0.7071 1 0.7071 0.2557 0.9239 0.6173 0.5703 0.9239 0.2362

5 24 .0761 .3827 0 0 0 0 .0703 .3827 .0291 .0761 .3827 -.0315

5 24 .0703 .3827 .0291 0 0 0 .0538 .3827 .0538 .0761 .3827 0

5 24 .0538 .3827 .0538 0 0 0 .0315 .3827 .0761 .0703 .3827 .0291

0 // Build by LDPartEditor (PrimGen 2.X)

0 NOFILE

0 FILE 4-4cylo.dat
0 Cylinder Open 1.0

0 Name: 4-4cylo.dat

0 Author: Mark Kennedy [mkennedy]

0 !LDRAW_ORG Primitive UPDATE 2010-01

0 !LICENSE Licensed under CC BY 4.0 : see CAreadme.txt



0 BFC CERTIFY CCW



0 !HISTORY 2010-04-05 [PTadmin] Official Update 2010-01





1 16 0 0 0 1 0 0 0 1 0 0 0 1 4-4edge.dat

1 16 0 1 0 1 0 0 0 1 0 0 0 1 4-4edge.dat

1 16 0 0 0 1 0 0 0 1 0 0 0 1 4-4cyli.dat

0
0 NOFILE

0 FILE 4-4con0.dat
0 Cone  0 x 1.0

0 Name: 4-4con0.dat

0 Author: Willy Tschager [Holly-Wood]

0 !LDRAW_ORG Primitive UPDATE 2024-01

0 !LICENSE Licensed under CC BY 4.0 : see CAreadme.txt



0 BFC CERTIFY CCW



0 !HISTORY 2009-12-29 [PTadmin] Official Update 2009-03

0 !HISTORY 2024-01-11 [Holly-Wood] Complete re-write, original by WilliamH

0 !HISTORY 2024-01-29 [OrionP] Official Update 2024-01



3 16 0 1 0 .9239 0 .3827 1 0 0

3 16 0 1 0 .7072 0 .7072 .9239 0 .3827

3 16 0 1 0 .3827 0 .9239 .7072 0 .7072

3 16 0 1 0 0 0 1 .3827 0 .9239

3 16 0 1 0 -.3827 0 .9239 0 0 1

3 16 0 1 0 -.7072 0 .7072 -.3827 0 .9239

3 16 0 1 0 -.9239 0 .3827 -.7072 0 .7072

3 16 0 1 0 -1 0 0 -.9239 0 .3827

3 16 0 1 0 -.9239 0 -.3827 -1 0 0

3 16 0 1 0 -.7072 0 -.7072 -.9239 0 -.3827

3 16 0 1 0 -.3827 0 -.9239 -.7072 0 -.7072

3 16 0 1 0 0 0 -1 -.3827 0 -.9239

3 16 0 1 0 .3827 0 -.9239 0 0 -1

3 16 0 1 0 .7072 0 -.7072 .3827 0 -.9239

3 16 0 1 0 .9239 0 -.3827 .7072 0 -.7072

3 16 0 1 0 1 0 0 .9239 0 -.3827



0 // Conds

5 24 0 0 1 0 1 0 .3827 0 .9239 -.3827 0 .9239

5 24 0 1 0 -.3827 0 .9239 0 0 1 -.7072 0 .7072

5 24 0 1 0 -.7072 0 .7072 -.3827 0 .9239 -.9239 0 .3827

5 24 0 1 0 -.9239 0 .3827 -.7072 0 .7072 -1 0 0

5 24 0 1 0 -1 0 0 -.9239 0 .3827 -.9239 0 -.3827

5 24 0 1 0 -.9239 0 -.3827 -1 0 0 -.7072 0 -.7072

5 24 0 1 0 -.7072 0 -.7072 -.9239 0 -.3827 -.3827 0 -.9239

5 24 0 1 0 -.3827 0 -.9239 -.7072 0 -.7072 0 0 -1

5 24 0 1 0 0 0 -1 -.3827 0 -.9239 .3827 0 -.9239

5 24 0 1 0 .3827 0 -.9239 0 0 -1 .7072 0 -.7072

5 24 0 1 0 .7072 0 -.7072 .3827 0 -.9239 .9239 0 -.3827

5 24 0 1 0 .9239 0 -.3827 .7072 0 -.7072 1 0 0

5 24 0 1 0 1 0 0 .9239 0 -.3827 .9239 0 .3827

5 24 0 1 0 .9239 0 .3827 1 0 0 .7072 0 .7072

5 24 0 1 0 .7072 0 .7072 .9239 0 .3827 .3827 0 .9239

5 24 0 1 0 .3827 0 .9239 .7072 0 .7072 0 0 1

0 NOFILE

0 FILE 4-4con4.dat
0 Cone  4 x 1.0

0 Name: 4-4con4.dat

0 Author: Willy Tschager [Holly-Wood]

0 !LDRAW_ORG Primitive UPDATE 2024-01

0 !LICENSE Licensed under CC BY 4.0 : see CAreadme.txt



0 BFC CERTIFY CCW



0 !HISTORY 2003-08-01 [PTadmin] Official Update 2003-02

0 !HISTORY 2007-06-24 [PTadmin] Header formatted for Contributor Agreement

0 !HISTORY 2008-07-01 [PTadmin] Official Update 2008-01

0 !HISTORY 2012-02-16 [Philo] Changed to CCW

0 !HISTORY 2012-03-30 [PTadmin] Official Update 2012-01

0 !HISTORY 2024-01-07 [Holly-Wood] Complete regeneration, original by jriley

0 !HISTORY 2024-01-29 [OrionP] Official Update 2024-01



4 16 4 1 0 3.6956 1 1.5308 4.6195 0 1.9135 5 0 0

4 16 3.6956 1 1.5308 2.8284 1 2.8284 3.5355 0 3.5355 4.6195 0 1.9135

4 16 2.8284 1 2.8284 1.5308 1 3.6956 1.9135 0 4.6195 3.5355 0 3.5355

4 16 1.5308 1 3.6956 0 1 4 0 0 5 1.9135 0 4.6195

4 16 0 1 4 -1.5308 1 3.6956 -1.9135 0 4.6195 0 0 5

4 16 -1.5308 1 3.6956 -2.8284 1 2.8284 -3.5355 0 3.5355 -1.9135 0 4.6195

4 16 -2.8284 1 2.8284 -3.6956 1 1.5308 -4.6195 0 1.9135 -3.5355 0 3.5355

4 16 -3.6956 1 1.5308 -4 1 0 -5 0 0 -4.6195 0 1.9135

4 16 -4 1 0 -3.6956 1 -1.5308 -4.6195 0 -1.9135 -5 0 0

4 16 -3.6956 1 -1.5308 -2.8284 1 -2.8284 -3.5355 0 -3.5355 -4.6195 0 -1.9135

4 16 -2.8284 1 -2.8284 -1.5308 1 -3.6956 -1.9135 0 -4.6195 -3.5355 0 -3.5355

4 16 -1.5308 1 -3.6956 0 1 -4 0 0 -5 -1.9135 0 -4.6195

4 16 0 1 -4 1.5308 1 -3.6956 1.9135 0 -4.6195 0 0 -5

4 16 1.5308 1 -3.6956 2.8284 1 -2.8284 3.5355 0 -3.5355 1.9135 0 -4.6195

4 16 2.8284 1 -2.8284 3.6956 1 -1.5308 4.6195 0 -1.9135 3.5355 0 -3.5355

4 16 3.6956 1 -1.5308 4 1 0 5 0 0 4.6195 0 -1.9135

0 // conditional lines

5 24 4 1 0 5 0 0 3.6956 1 -1.5308 3.6956 1 1.5308

5 24 3.6956 1 1.5308 4.6195 0 1.9135 4 1 0 2.8284 1 2.8284

5 24 2.8284 1 2.8284 3.5355 0 3.5355 3.6956 1 1.5308 1.5308 1 3.6956

5 24 1.5308 1 3.6956 1.9135 0 4.6195 2.8284 1 2.8284 0 1 4

5 24 0 1 4 0 0 5 1.5308 1 3.6956 -1.5308 1 3.6956

5 24 -1.5308 1 3.6956 -1.9135 0 4.6195 0 1 4 -2.8284 1 2.8284

5 24 -2.8284 1 2.8284 -3.5355 0 3.5355 -1.5308 1 3.6956 -3.6956 1 1.5308

5 24 -3.6956 1 1.5308 -4.6195 0 1.9135 -2.8284 1 2.8284 -4 1 0

5 24 -4 1 0 -5 0 0 -3.6956 1 1.5308 -3.6956 1 -1.5308

5 24 -3.6956 1 -1.5308 -4.6195 0 -1.9135 -4 1 0 -2.8284 1 -2.8284

5 24 -2.8284 1 -2.8284 -3.5355 0 -3.5355 -3.6956 1 -1.5308 -1.5308 1 -3.6956

5 24 -1.5308 1 -3.6956 -1.9135 0 -4.6195 -2.8284 1 -2.8284 0 1 -4

5 24 0 1 -4 0 0 -5 -1.5308 1 -3.6956 1.5308 1 -3.6956

5 24 1.5308 1 -3.6956 1.9135 0 -4.6195 0 1 -4 2.8284 1 -2.8284

5 24 2.8284 1 -2.8284 3.5355 0 -3.5355 1.5308 1 -3.6956 3.6956 1 -1.5308

5 24 3.6956 1 -1.5308 4.6195 0 -1.9135 2.8284 1 -2.8284 4 1 0

0 // Build by LDPartEditor (PrimGen 2.X)

0 NOFILE

0 FILE 7302.dat
0 Slope Brick Curved  3 x  1 x  0.667

0 Name: 7302.dat

0 Author: Jeff Jones [notmaster]

0 !LDRAW_ORG Unofficial_Part

0 !LICENSE Licensed under CC BY 4.0 : see CAreadme.txt



0 BFC CERTIFY CCW



0 !CATEGORY Slope



1 16 0 0 0 1 0 0 0 1 0 0 0 1 s__7302s01.dat

1 16 10 40.972 30 0 -20 0 -28.972 0 -28.972 -60 0 60 48__1-8cyli.dat
0 NOFILE

0 FILE 48__1-8cyli.dat
0 Hi-Res Cylinder 0.125

0 Name: 48\1-8cyli.dat

0 Author: Steve Bliss [sbliss]

0 !LDRAW_ORG 48_Primitive UPDATE 2004-04

0 !LICENSE Licensed under CC BY 4.0 : see CAreadme.txt



0 BFC CERTIFY CCW



0 !HISTORY 2000-05-07 [PTadmin] Official Update 2000-01

0 !HISTORY 2004-10-12 [sbliss] fixed title, BFC'ed

0 !HISTORY 2004-11-06 [PTadmin] Official Update 2004-04

0 !HISTORY 2007-06-24 [PTadmin] Header formatted for Contributor Agreement

0 !HISTORY 2008-07-01 [PTadmin] Official Update 2008-01





5 24 1 0 0 1 1 0 0.9914 0 0.1305 1 0 -1

5 24 0.9914 0 0.1305 0.9914 1 0.1305 0.9659 0 0.2588 1 0 0

5 24 0.9659 0 0.2588 0.9659 1 0.2588 0.9239 0 0.3827 0.9914 0 0.1305

5 24 0.9239 0 0.3827 0.9239 1 0.3827 0.8660 0 0.5000 0.9659 0 0.2588

5 24 0.8660 0 0.5000 0.8660 1 0.5000 0.7934 0 0.6088 0.9239 0 0.3827

5 24 0.7934 0 0.6088 0.7934 1 0.6088 0.7071 0 0.7071 0.8660 0 0.5000

5 24 0.7071 0 0.7071 0.7071 1 0.7071 0.6088 0 0.7934 0.7934 0 0.6088



4 16 0.9914 1 0.1305 0.9914 0 0.1305 1 0 0 1 1 0

4 16 0.9659 1 0.2588 0.9659 0 0.2588 0.9914 0 0.1305 0.9914 1 0.1305

4 16 0.9239 1 0.3827 0.9239 0 0.3827 0.9659 0 0.2588 0.9659 1 0.2588

4 16 0.8660 1 0.5000 0.8660 0 0.5000 0.9239 0 0.3827 0.9239 1 0.3827

4 16 0.7934 1 0.6088 0.7934 0 0.6088 0.8660 0 0.5000 0.8660 1 0.5000

4 16 0.7071 1 0.7071 0.7071 0 0.7071 0.7934 0 0.6088 0.7934 1 0.6088

0

0 NOFILE

0 FILE s__7302s01.dat
0 ~Slope Brick Curved  3 x  1 x  0.667 without Top Surface

0 Name: s\7302s01.dat

0 Author: Vincent Messenet [Cheenzo]

0 !LDRAW_ORG Unofficial_Subpart

0 !LICENSE Licensed under CC BY 4.0 : see CAreadme.txt



0 BFC CERTIFY CCW



0 !HISTORY 2026-03-26 [Cheenzo] Replaced recte4 by recte3



1 16 0 14 -30 10 0 0 0 0 -2 0 1 0 rect3.dat

4 16 6 16 6 -6 16 6 -10 16 10 10 16 10

4 16 6 16 -26 10 16 -30 -10 16 -30 -6 16 -26

4 16 6 16 -26 6 16 6 10 16 10 10 16 -30

4 16 -10 16 -30 -10 16 10 -6 16 6 -6 16 -26

0 BFC INVERTNEXT

1 16 0 14 -24 -6 0 0 0 -2 0 0 0 -2 box2-5.dat

1 16 0 10 -16 0 0 -6 2 -1 0 -6 0 0 rect2p.dat

4 16 -6 16 6 -6 4 6 -6 8 -10 -6 16 -26

4 16 6 8 -10 6 4 6 6 16 6 6 16 -26

3 16 6 12 -22 6 8 -10 6 16 -26

3 16 -6 12 -22 -6 12 -26 -6 16 -26

3 16 -6 12 -22 -6 16 -26 -6 8 -10

3 16 6 12 -26 6 12 -22 6 16 -26

1 16 0 16 -10 6 0 0 0 1 0 0 0 16 recte3.dat

1 16 0 16 -10 10 0 0 0 1 0 0 0 -20 recte3.dat



1 16 -10 40.972 30 0 1 0 -28.972 0 -28.972 -60 0 60 48__1-8chrd.dat

1 16 10 40.972 30 0 -1 0 -28.972 0 -28.972 -60 0 60 48__1-8chrd.dat

1 16 -10 40.972 30 0 1 0 -28.972 0 -28.972 -60 0 60 48__1-8edge.dat

1 16 10 40.972 30 0 1 0 -28.972 0 -28.972 -60 0 60 48__1-8edge.dat

3 16 -10 8 10 -10 12 -30 -10 0 30

4 16 -10 8 10 -10 16 10 -10 16 -30 -10 12 -30

3 16 10 8 10 10 0 30 10 12 -30

4 16 10 8 10 10 12 -30 10 16 -30 10 16 10

1 16 0 4 30 -10 0 0 0 0 -4 0 -1 0 rect3.dat

4 16 6 8 26 -6 8 26 -10 8 30 10 8 30

4 16 -6 8 26 -6 8 10 -10 8 10 -10 8 30

4 16 10 8 30 10 8 10 6 8 10 6 8 26

2 24 -10 8 10 -6 8 10

2 24 10 8 10 6 8 10

0 BFC INVERTNEXT

1 16 0 6 23 -6 0 0 0 -2 0 0 0 3 box2-7.dat

1 16 0 8 18 -6 0 0 0 -1 0 0 0 8 recte3.dat

4 16 -6 4 20 -6 6 14 -6 8 26 -6 4 26

4 16 -6 6 10 -6 8 10 -6 8 26 -6 6 14

4 16 6 8 26 6 6 14 6 4 20 6 4 26

4 16 6 6 14 6 8 26 6 8 10 6 6 10

0 BFC INVERTNEXT

1 16 0 4 20 0 0 -6 0 2 0 6 0 0 1-4cyls2.dat

0 BFC INVERTNEXT

1 16 0 4 20 0 0 6 0 2 0 6 0 0 1-4cyls2.dat

1 16 0 4 20 -6 0 0 0 -1 0 0 0 -6 2-4edge.dat

1 16 0 4 20 -6 0 0 0 -1 0 0 0 -6 2-4chrd.dat

1 16 0 4 20 -6 0 0 0 -1 2 0 0 -6 2-4edge.dat

1 16 0 4 20 -6 0 0 0 -1 2 0 0 -6 2-4ndis.dat

2 24 -6 4 20 -6 6 14

2 24 6 4 20 6 6 14

2 24 -1.5 6 14 -6 6 14

2 24 1.5 6 14 6 6 14

0 BFC INVERTNEXT

1 16 -3.75 7 12 -2.25 0 0 0 -1 0 0 0 -2 box2-9.dat

1 16 0 6 12 1.5 0 0 0 2 0 0 0 2 box4-1.dat

0 BFC INVERTNEXT

1 16 3.75 7 12 2.25 0 0 0 -1 0 0 0 -2 box2-9.dat

1 16 0 12 10 10 0 0 0 0 4 0 -1 0 recte3.dat

3 16 -10 8 10 -6 8 10 -10 16 10

3 16 -10 16 10 -6 8 10 -1.5 8 10

3 16 1.5 8 10 6 8 10 10 16 10

4 16 -1.5 8 10 1.5 8 10 10 16 10 -10 16 10

3 16 10 16 10 6 8 10 10 8 10

3 16 -10 0 30 -10 8 30 -10 8 10

3 16 10 0 30 10 8 10 10 8 30

1 16 0 9.3 -10 1 0 0 0 -1.675 0 0 0 1 stud3a.dat

1 16 0 8 -10 0 0 4 0 -1 0 -4 0 0 1-4cyls2.dat

1 16 0 8 -10 0 0 -4 0 -1 0 -4 0 0 1-4cyls2.dat

1 16 0 9.3 -10 0 0 -4 0 -1.3 0 -4 0 0 1-4cyls.dat

1 16 0 9.3 -10 0 0 4 0 -1.3 0 -4 0 0 1-4cyls.dat



1 16 0 8 -10 -4 0 0 0 -1 -1 0 0 4 2-4edge.dat

1 16 0 8 -10 -4 0 0 0 -1 1.3 0 0 -4 2-4edge.dat

1 16 0 8 -10 -4 0 0 0 1.3 0 0 0 4 2-4cyli.dat

5 24 6 8 -10 -6 8 -10 6 12 -22 -6 4 6

0 BFC INVERTNEXT

1 16 0 12 -2 -6 0 0 0 -6 -2 0 0 8 box2-7.dat

1 16 0 8 20 10 0 0 0 1 0 0 0 10 recte3.dat
0 NOFILE

0 FILE 2-4cyli.dat
0 Cylinder 0.5

0 Name: 2-4cyli.dat

0 Author: James Jessiman

0 !LDRAW_ORG Primitive UPDATE 2005-01

0 !LICENSE Licensed under CC BY 4.0 : see CAreadme.txt



0 BFC CERTIFY CCW



0 !HISTORY 2002-03-23 [sbliss] Added BFC statement; compacted code

0 !HISTORY 2002-04-25 [PTadmin] Official Update 2002-02

0 !HISTORY 2004-12-11 [nielsk] Recreated using Primitive Generator, Edge lines fixed, BFC changed to CCW

0 !HISTORY 2005-12-28 [PTadmin] Official Update 2005-01

0 !HISTORY 2007-06-24 [PTadmin] Header formatted for Contributor Agreement

0 !HISTORY 2008-07-01 [PTadmin] Official Update 2008-01





4 16 .9239 1 .3827 .9239 0 .3827 1 0 0 1 1 0

4 16 .7071 1 .7071 .7071 0 .7071 .9239 0 .3827 .9239 1 .3827

4 16 .3827 1 .9239 .3827 0 .9239 .7071 0 .7071 .7071 1 .7071

4 16 0 1 1 0 0 1 .3827 0 .9239 .3827 1 .9239

4 16 -.3827 1 .9239 -.3827 0 .9239 0 0 1 0 1 1

4 16 -.7071 1 .7071 -.7071 0 .7071 -.3827 0 .9239 -.3827 1 .9239

4 16 -.9239 1 .3827 -.9239 0 .3827 -.7071 0 .7071 -.7071 1 .7071

4 16 -1 1 0 -1 0 0 -.9239 0 .3827 -.9239 1 .3827

5 24 1 1 0 1 0 0 1 1 -.4142 .9239 1 .3827

5 24 .9239 1 .3827 .9239 0 .3827 1 1 0 .7071 1 .7071

5 24 .7071 1 .7071 .7071 0 .7071 .9239 1 .3827 .3827 1 .9239

5 24 .3827 1 .9239 .3827 0 .9239 .7071 1 .7071 0 1 1

5 24 0 1 1 0 0 1 .3827 1 .9239 -.3827 1 .9239

5 24 -.3827 1 .9239 -.3827 0 .9239 0 1 1 -.7071 1 .7071

5 24 -.7071 1 .7071 -.7071 0 .7071 -.3827 1 .9239 -.9239 1 .3827

5 24 -.9239 1 .3827 -.9239 0 .3827 -.7071 1 .7071 -1 1 0

5 24 -1 1 0 -1 0 0 -.9239 1 .3827 -1 1 -.4142

0

0 NOFILE

0 FILE 1-4cyls.dat
0 Cylinder Sloped 0.25

0 Name: 1-4cyls.dat

0 Author: James Jessiman

0 !LDRAW_ORG Primitive UPDATE 2012-01

0 !LICENSE Licensed under CC BY 4.0 : see CAreadme.txt



0 BFC CERTIFY CCW



0 !HISTORY 1998-12-15 [PTadmin] Official Update 1998-10

0 !HISTORY 2002-07-03 [sbliss] Added BFC statement

0 !HISTORY 2002-08-18 [PTadmin] Official Update 2002-04

0 !HISTORY 2007-06-22 [PTadmin] Header formatted for Contributor Agreement

0 !HISTORY 2008-07-01 [PTadmin] Official Update 2008-01

0 !HISTORY 2012-02-16 [Philo] Changed to CCW

0 !HISTORY 2012-03-30 [PTadmin] Official Update 2012-01





3 16 0.9239 0.0761 0.3827 0.9239 0 0.3827 1 0 0

4 16 0.9239 0.0761 0.3827 0.7071 0.2929 0.7071 0.7071 0 0.7071 0.9239 0 0.3827

4 16 0.7071 0.2929 0.7071 0.3827 0.6173 0.9239 0.3827 0 0.9239 0.7071 0 0.7071

4 16 0.3827 0.6173 0.9239 0 1 1 0 0 1 0.3827 0 0.9239



5 24 0.9239 0 0.3827 0.9239 0.0761 0.3827 0.7071 0 0.7071 1 0 0

5 24 0.7071 0 0.7071 0.7071 0.2929 0.7071 0.3827 0 0.9239 0.9239 0 0.3827

5 24 0.3827 0 0.9239 0.3827 0.6173 0.9239 0 0 1 0.7071 0 0.7071

5 24 0 0 1 0 1 1 0.3827 0 0.9239 -1 0 1

0 NOFILE

0 FILE stud3a.dat
0 Stud Tube Solid without Base Edges

0 Name: stud3a.dat

0 Author: James Jessiman

0 !LDRAW_ORG Primitive UPDATE 2003-02

0 !LICENSE Licensed under CC BY 4.0 : see CAreadme.txt



0 BFC CERTIFY CCW



0 !HISTORY 2002-08-31 [izanette] Modified with WINDZ for BFC compliance

0 !HISTORY 2003-08-01 [PTadmin] Official Update 2003-02

0 !HISTORY 2007-06-24 [PTadmin] Header formatted for Contributor Agreement

0 !HISTORY 2008-07-01 [PTadmin] Official Update 2008-01





1 16 0 -4 0 4 0 0 0 1 0 0 0 4 4-4edge.dat

1 16 0 -4 0 4 0 0 0 1 0 0 0 4 4-4disc.dat

1 16 0 -4 0 4 0 0 0 4 0 0 0 4 4-4cyli.dat

0



0 NOFILE

0 FILE box4-1.dat
0 Box with 4 Faces without 1 Edge

0 Name: box4-1.dat

0 Author: Tore Eriksson [Tore_Eriksson]

0 !LDRAW_ORG Primitive UPDATE 2012-01

0 !LICENSE Licensed under CC BY 4.0 : see CAreadme.txt



0 BFC CERTIFY CCW



0 !HISTORY 1998-07-15 [PTadmin] Official Update 1998-07

0 !HISTORY 2002-04-05 [hafhead] Made BFC compliant

0 !HISTORY 2002-04-25 [PTadmin] Official Update 2002-02

0 !HISTORY 2007-06-24 [PTadmin] Header formatted for Contributor Agreement

0 !HISTORY 2008-07-01 [PTadmin] Official Update 2008-01

0 !HISTORY 2012-02-16 [Philo] Changed to CCW

0 !HISTORY 2012-03-30 [PTadmin] Official Update 2012-01





2 24 1 1 1 -1 1 1

2 24 -1 1 1 -1 1 -1

2 24 -1 1 -1 1 1 -1

2 24 1 1 -1 1 1 1

2 24 1 0 1 -1 0 1

2 24 -1 0 1 -1 0 -1

2 24 1 0 -1 1 0 1

2 24 1 0 1 1 1 1

2 24 -1 0 1 -1 1 1

2 24 1 0 -1 1 1 -1

2 24 -1 0 -1 -1 1 -1

4 16 -1 1 1 1 1 1 1 1 -1 -1 1 -1

4 16 -1 1 1 -1 0 1 1 0 1 1 1 1

4 16 -1 1 -1 -1 0 -1 -1 0 1 -1 1 1

4 16 1 1 1 1 0 1 1 0 -1 1 1 -1

0 NOFILE

0 FILE box2-9.dat
0 Box with 2 Faces without 9 Edges

0 Name: box2-9.dat

0 Author: Mark Kennedy [mkennedy]

0 !LDRAW_ORG Primitive UPDATE 2010-01

0 !LICENSE Licensed under CC BY 4.0 : see CAreadme.txt



0 BFC CERTIFY CCW



0 !HISTORY 2010-04-05 [PTadmin] Official Update 2010-01





2 24 1 1 1 -1 1 1

2 24 1 -1 1 1 1 1

2 24 1 1 -1 1 1 1

4 16 1 1 1 1 1 -1 -1 1 -1 -1 1 1

4 16 1 1 1 -1 1 1 -1 -1 1 1 -1 1

0

0 NOFILE

0 FILE 2-4ndis.dat
0 Disc Negative 0.5

0 Name: 2-4ndis.dat

0 Author: James Jessiman

0 !LDRAW_ORG Primitive UPDATE 2012-01

0 !LICENSE Licensed under CC BY 4.0 : see CAreadme.txt



0 BFC CERTIFY CCW



0 !HISTORY 2002-03-23 [sbliss] Added BFC statement; compacted code

0 !HISTORY 2002-04-25 [PTadmin] Official Update 2002-02

0 !HISTORY 2007-06-24 [PTadmin] Header formatted for Contributor Agreement

0 !HISTORY 2008-07-01 [PTadmin] Official Update 2008-01

0 !HISTORY 2012-02-16 [Philo] Changed to CCW

0 !HISTORY 2012-03-30 [PTadmin] Official Update 2012-01





3 16 0.9239 0 0.3827 1 0 0 1 0 1

3 16 0.7071 0 0.7071 0.9239 0 0.3827 1 0 1

3 16 0.3827 0 0.9239 0.7071 0 0.7071 1 0 1

3 16 0 0 1 0.3827 0 0.9239 1 0 1

3 16 -0.3827 0 0.9239 0 0 1 -1 0 1

3 16 -0.7071 0 0.7071 -0.3827 0 0.9239 -1 0 1

3 16 -0.9239 0 0.3827 -0.7071 0 0.7071 -1 0 1

3 16 -1 0 0 -0.9239 0 0.3827 -1 0 1

0 NOFILE

0 FILE 2-4chrd.dat
0 Chord 0.5

0 Name: 2-4chrd.dat

0 Author: Philippe Hurbain [Philo]

0 !LDRAW_ORG Primitive UPDATE 2014-01

0 !LICENSE Licensed under CC BY 4.0 : see CAreadme.txt



0 BFC CERTIFY CCW



0 !HISTORY 2014-06-21 [PTadmin] Official Update 2014-01





4 16 0.9239 0 0.3827 -0.9239 0 0.3827 -1 0 0 1 0 0

4 16 0.7071 0 0.7071 -0.7071 0 0.7071 -0.9239 0 0.3827 0.9239 0 0.3827

4 16 0.3827 0 0.9239 -0.3827 0 0.9239 -0.7071 0 0.7071 0.7071 0 0.7071

3 16 0 0 1 -0.3827 0 0.9239 0.3827 0 0.9239

0 NOFILE

0 FILE 2-4edge.dat
0 Circle 0.5

0 Name: 2-4edge.dat

0 Author: James Jessiman

0 !LDRAW_ORG Primitive UPDATE 2017-01

0 !LICENSE Licensed under CC BY 4.0 : see CAreadme.txt



0 BFC CERTIFY CCW



0 !HISTORY 2007-06-24 [PTadmin] Header formatted for Contributor Agreement

0 !HISTORY 2008-07-01 [PTadmin] Official Update 2008-01

0 !HISTORY 2017-01-15 [Steffen] BFCed

0 !HISTORY 2017-12-30 [PTadmin] Official Update 2017-01





2 24 1 0 0 0.9239 0 0.3827

2 24 0.9239 0 0.3827 0.7071 0 0.7071

2 24 0.7071 0 0.7071 0.3827 0 0.9239

2 24 0.3827 0 0.9239 0 0 1

2 24 0 0 1 -0.3827 0 0.9239

2 24 -0.3827 0 0.9239 -0.7071 0 0.7071

2 24 -0.7071 0 0.7071 -0.9239 0 0.3827

2 24 -0.9239 0 0.3827 -1 0 0

0 NOFILE

0 FILE 1-4cyls2.dat
0 Cylinder Sloped 0.25 Convex

0 Name: 1-4cyls2.dat

0 Author: Chris Dee [cwdee]

0 !LDRAW_ORG Primitive UPDATE 2012-01

0 !LICENSE Licensed under CC BY 4.0 : see CAreadme.txt



0 BFC CERTIFY CCW



0 !HISTORY 1999-02-01 [PTadmin] Official Update 1999-01

0 !HISTORY 2002-07-03 [sbliss] Added BFC statement, reformatted title to fit 0.27 convention

0 !HISTORY 2002-08-18 [PTadmin] Official Update 2002-04

0 !HISTORY 2007-06-22 [PTadmin] Header formatted for Contributor Agreement

0 !HISTORY 2008-07-01 [PTadmin] Official Update 2008-01

0 !HISTORY 2012-02-16 [Philo] Changed to CCW

0 !HISTORY 2012-03-30 [PTadmin] Official Update 2012-01





3 16 -0.3827 0.3827 0.9239 -0.3827 0 0.9239 0 0 1

4 16 -0.3827 0.3827 0.9239 -0.7071 0.7071 0.7071 -0.7071 0 0.7071 -0.3827 0 0.9239

4 16 -0.7071 0.7071 0.7071 -0.9239 0.9239 0.3827 -0.9239 0 0.3827 -0.7071 0 0.7071

4 16 -0.9239 0.9239 0.3827 -1 1 0 -1 0 0 -0.9239 0 0.3827



5 24 -0.3827 0 0.9239 -0.3827 0.3827 0.9239 -0.7071 0 0.7071 0 0 1

5 24 -0.7071 0 0.7071 -0.7071 0.7071 0.7071 -0.9239 0 0.3827 -0.3827 0 0.9239

5 24 -0.9239 0 0.3827 -0.9239 0.9239 0.3827 -1 0 0 -0.7071 0 0.7071

5 24 -1 0 0 -1 1 0 -1 0 -1 -0.9239 0 0.3827

0 NOFILE

0 FILE box2-7.dat
0 Box with  2 Faces without  7 Edges

0 Name: box2-7.dat

0 Author: Willy Tschager [Holly-Wood]

0 !LDRAW_ORG Primitive UPDATE 2024-01

0 !LICENSE Licensed under CC BY 4.0 : see CAreadme.txt



0 BFC CERTIFY CCW



0 !HISTORY 2009-05-02 [PTadmin] Official Update 2009-01

0 !HISTORY 2024-01-02 [Holly-Wood] Complete re-write, original by guyvivan

0 !HISTORY 2024-01-29 [OrionP] Official Update 2024-01



2 24 -1 1 -1 -1 1 1

2 24 1 1 1 1 1 -1

4 16 -1 1 1 1 1 1 1 1 -1 -1 1 -1



2 24 -1 1 1 -1 -1 1

2 24 1 1 1 1 -1 1

4 16 1 -1 1 1 1 1 -1 1 1 -1 -1 1



2 24 -1 1 1 1 1 1

0 NOFILE

0 FILE 48__1-8edge.dat
0 Hi-Res Circle 0.125

0 Name: 48\1-8edge.dat

0 Author: [PTadmin]

0 !LDRAW_ORG 48_Primitive UPDATE 2017-01

0 !LICENSE Licensed under CC BY 4.0 : see CAreadme.txt



0 BFC CERTIFY CCW



0 !HISTORY 2000-09-30 [PTadmin] Official Update 2000-02

0 !HISTORY 2007-10-13 [PTadmin] Header formatted for Contributor Agreement

0 !HISTORY 2008-07-01 [PTadmin] Official Update 2008-01

0 !HISTORY 2017-01-17 [Steffen] added BFC CERTIFY statement

0 !HISTORY 2017-12-30 [PTadmin] Official Update 2017-01





2 24 1 0 0 0.9914 0 0.1305

2 24 0.9914 0 0.1305 0.9659 0 0.2588

2 24 0.9659 0 0.2588 0.9239 0 0.3827

2 24 0.9239 0 0.3827 0.866 0 0.5

2 24 0.866 0 0.5 0.7934 0 0.6088

2 24 0.7934 0 0.6088 0.7071 0 0.7071

0 NOFILE

0 FILE 48__1-8chrd.dat
0 Hi-Res Chord 0.125

0 Name: 48\1-8chrd.dat

0 Author: Willy Tschager [Holly-Wood]

0 !LDRAW_ORG 48_Primitive UPDATE 2024-01

0 !LICENSE Licensed under CC BY 4.0 : see CAreadme.txt



0 BFC CERTIFY CCW



0 !HISTORY 2009-05-02 [PTadmin] Official Update 2009-01

0 !HISTORY 2024-01-04 [Holly-Wood] Complete re-write, original by guyvivan

0 !HISTORY 2024-01-29 [OrionP] Official Update 2024-01



0 // Vertices calculated by LDPartEditor (PrimGen 2.X)



4 16 .7071 0 .7071 1 0 0 .9914 0 .1305 .7934 0 .6088

4 16 .7934 0 .6088 .9914 0 .1305 .9659 0 .2588 .866 0 .5

3 16 .866 0 .5 .9659 0 .2588 .9239 0 .3827

0 NOFILE

0 FILE recte3.dat
0 Rectangle Empty with 3 Edges

0 Name: recte3.dat

0 Author: Steffen [Steffen]

0 !LDRAW_ORG Primitive UPDATE 2011-01

0 !LICENSE Licensed under CC BY 4.0 : see CAreadme.txt



0 BFC CERTIFY CCW



0 !HISTORY 2011-07-25 [PTadmin] Official Update 2011-01





2 24 1 0 1 -1 0 1

2 24 -1 0 1 -1 0 -1

2 24 1 0 -1 1 0 1

0 NOFILE

0 FILE rect2p.dat
0 Rectangle with 2 Parallel Edges

0 Name: rect2p.dat

0 Author: Donald Sutter [technog]

0 !LDRAW_ORG Primitive UPDATE 2010-01

0 !LICENSE Licensed under CC BY 4.0 : see CAreadme.txt



0 BFC CERTIFY CCW



0 !HISTORY 2003-08-01 [PTadmin] Official Update 2003-02

0 !HISTORY 2007-06-24 [PTadmin] Header formatted for Contributor Agreement

0 !HISTORY 2008-07-01 [PTadmin] Official Update 2008-01

0 !HISTORY 2010-01-17 [mikeheide] changed winding to CCW

0 !HISTORY 2010-04-05 [PTadmin] Official Update 2010-01





2 24 1 0 1 -1 0 1

2 24 -1 0 -1 1 0 -1

4 16 -1 0 1 -1 0 -1 1 0 -1 1 0 1

0

0 NOFILE

0 FILE rect3.dat
0 Rectangle with 3 Edges

0 Name: rect3.dat

0 Author: Mark Kennedy [mkennedy]

0 !LDRAW_ORG Primitive UPDATE 2010-01

0 !LICENSE Licensed under CC BY 4.0 : see CAreadme.txt



0 BFC CERTIFY CCW



0 !HISTORY 2003-08-01 [PTadmin] Official Update 2003-02

0 !HISTORY 2007-06-24 [PTadmin] Header formatted for Contributor Agreement

0 !HISTORY 2008-07-01 [PTadmin] Official Update 2008-01

0 !HISTORY 2010-01-17 [mikeheide] Change winding to CCW

0 !HISTORY 2010-04-05 [PTadmin] Official Update 2010-01





2 24 1 0 1 -1 0 1

2 24 1 0 1 1 0 -1

2 24 -1 0 1 -1 0 -1

4 16 -1 0 1 -1 0 -1 1 0 -1 1 0 1

0 //

0 NOFILE

0 FILE 11477.dat
0 Slope Brick Curved  2 x  1

0 Name: 11477.dat

0 Author: Owen Burgoyne [C3POwen]

0 !LDRAW_ORG Part UPDATE 2013-01

0 !LICENSE Licensed under CC BY 4.0 : see CAreadme.txt



0 BFC CERTIFY CCW



0 !HISTORY 2013-07-21 [PTadmin] Official Update 2013-01





1 16 0 0 0 1 0 0 0 1 0 0 0 1 s__11477s01.dat

1 16 10 24.972 20 0 -20 0 -28.9719 0 -28.9719 -40 0 40 48__1-8cyli.dat

0 NOFILE

0 FILE s__11477s01.dat
0 ~Slope Brick Curved  2 x  1 without Top Surface

0 Name: s\11477s01.dat

0 Author: Owen Burgoyne [C3POwen]

0 !LDRAW_ORG Subpart UPDATE 2023-01

0 !LICENSE Licensed under CC BY 4.0 : see CAreadme.txt



0 BFC CERTIFY CCW



0 !HISTORY 2013-07-21 [PTadmin] Official Update 2013-01

0 !HISTORY 2022-04-09 [MagFors] Unified left and right side, closed gap

0 !HISTORY 2023-03-05 [OrionP] Official Update 2023-01





1 16 0 -12 20 -10 0 0 0 0 -4 0 -1 0 rect.dat

4 16 6 -8 16 -6 -8 16 -10 -8 20 10 -8 20

4 16 -6 -8 16 -6 -8 0 -10 -8 0 -10 -8 20

4 16 10 -8 20 10 -8 0 6 -8 0 6 -8 16

2 24 -10 -8 20 -10 -8 0

2 24 10 -8 20 10 -8 0

2 24 -10 -8 0 -6 -8 0

2 24 10 -8 0 6 -8 0

0 BFC INVERTNEXT

1 16 0 -10 13 -6 0 0 0 -2 0 0 0 3 box2-7.dat

1 16 0 -8 8 -6 0 0 0 -1 0 0 0 8 recte3.dat

4 16 -6 -12 10 -6 -10 4 -6 -8 16 -6 -12 16

4 16 -6 -10 0 -6 -8 0 -6 -8 16 -6 -10 4

4 16 6 -8 16 6 -10 4 6 -12 10 6 -12 16

4 16 6 -10 4 6 -8 16 6 -8 0 6 -10 0

0 BFC INVERTNEXT

1 16 0 -12 10 0 0 -6 0 2 0 6 0 0 1-4cyls2.dat

0 BFC INVERTNEXT

1 16 0 -12 10 0 0 6 0 2 0 6 0 0 1-4cyls2.dat

1 16 0 -12 10 -6 0 0 0 -1 0 0 0 -6 2-4edge.dat

1 16 0 -12 10 -6 0 0 0 -1 0 0 0 -6 2-4chrd.dat

1 16 0 -12 10 -6 0 0 0 -1 2 0 0 -6 2-4edge.dat

1 16 0 -12 10 -6 0 0 0 -1 2 0 0 -6 2-4ndis.dat

2 24 -6 -12 10 -6 -10 4

2 24 6 -12 10 6 -10 4

2 24 -1.5 -10 4 -6 -10 4

2 24 1.5 -10 4 6 -10 4

0 BFC INVERTNEXT

1 16 -3.75 -9 2 -2.25 0 0 0 -1 0 0 0 -2 box2-9.dat

1 16 0 -10 2 1.5 0 0 0 2 0 0 0 2 box4-1.dat

0 BFC INVERTNEXT

1 16 3.75 -9 2 2.25 0 0 0 -1 0 0 0 -2 box2-9.dat

1 16 0 -4 0 10 0 0 0 0 4 0 -1 0 recte3.dat

3 16 -10 -8 0 -6 -8 0 -10 0 0

3 16 -10 0 0 -6 -8 0 -1.5 -8 0

3 16 1.5 -8 0 6 -8 0 10 0 0

4 16 -1.5 -8 0 1.5 -8 0 10 0 0 -10 0 0

3 16 10 0 0 6 -8 0 10 -8 0

4 16 -6 0 -4 -10 0 0 10 0 0 6 0 -4

4 16 -6 0 -16 -10 0 -20 -10 0 0 -6 0 -4

4 16 6 0 -16 10 0 -20 -10 0 -20 -6 0 -16

4 16 6 0 -4 10 0 0 10 0 -20 6 0 -16

1 16 0 0 -10 6 0 0 0 -1 0 0 0 -6 recte3.dat

1 16 0 0 -10 10 0 0 0 -1 0 0 0 -10 recte3.dat

3 16 -6 0 -4 -6 -7 -4 -6 -4 -10

3 16 6 -4 -10 6 -7 -4 6 0 -4

4 16 -6 0 -4 -6 -4 -10 -6 -2 -16 -6 0 -16

4 16 6 0 -16 6 -2 -16 6 -4 -10 6 0 -4

0 BFC INVERTNEXT

1 16 0 -2 -7 6 0 0 0 -1.5 -3.5 0 3 0 box2-5.dat

0 BFC INVERTNEXT

1 16 0 -4 -10 0 0 -6 0 2 0 6 0 0 1-4cyls2.dat

0 BFC INVERTNEXT

1 16 0 -4 -10 0 0 6 0 2 0 6 0 0 1-4cyls2.dat

1 16 0 -4 -10 -6 0 0 0 -1 0 0 0 -6 2-4edge.dat

1 16 0 -4 -10 -6 0 0 0 -1 0 0 0 -6 2-4chrd.dat

1 16 0 -4 -10 -6 0 0 0 -1 2 0 0 -6 2-4edge.dat

1 16 0 -4 -10 -6 0 0 0 -1 2 0 0 -6 2-4ndis.dat

2 24 -6 -2 -16 -6 -4 -10

2 24 6 -2 -16 6 -4 -10

1 16 0 -1 -16 -6 0 0 0 0 -1 0 -1 0 rect3.dat

1 16 0 -2 -20 10 0 0 0 0 -2 0 1 0 rect3.dat



0 // Sides

3 16 -10 -16 20 -10 -8 20 -10 -8 0

3 16 10 -16 20 10 -8 0 10 -8 20

4 16 -10 0 -20 -10 -4 -20 -10 -8 0 -10 0 0

4 16 10 0 0 10 -8 0 10 -4 -20 10 0 -20

3 16 -10 -4 -20 -10 -16 20 -10 -8 0

3 16 10 -8 0 10 -16 20 10 -4 -20

1 16 -10 24.972 20 0 1 0 -28.9719 0 -28.9719 -40 0 40 48__1-8chrd.dat

1 16 10 24.972 20 0 -1 0 -28.9719 0 -28.9719 -40 0 40 48__1-8chrd.dat

1 16 -10 24.972 20 0 1 0 -28.9719 0 -28.9719 -40 0 40 48__1-8edge.dat

1 16 10 24.972 20 0 1 0 -28.9719 0 -28.9719 -40 0 40 48__1-8edge.dat

0 NOFILE

0 FILE 4733.dat
0 Brick  1 x  1 with Studs on Four Sides

0 Name: 4733.dat

0 Author: James Jessiman

0 !LDRAW_ORG Part UPDATE 2024-01

0 !LICENSE Licensed under CC BY 4.0 : see CAreadme.txt



0 BFC CERTIFY CCW



0 !KEYWORDS Travis Brick



0 !HISTORY 1998-06-20 [PTadmin] Official Update 1998-06

0 !HISTORY 2003-06-08 [jriley] BFC compliant

0 !HISTORY 2003-12-19 [PTadmin] Official Update 2003-03

0 !HISTORY 2004-07-24 [cwdee] Add "Four" to part title

0 !HISTORY 2004-11-06 [PTadmin] Official Update 2004-04

0 !HISTORY 2007-07-08 [PTadmin] Header formatted for Contributor Agreement

0 !HISTORY 2008-07-01 [PTadmin] Official Update 2008-01

0 !HISTORY 2023-04-08 [MagFors] Unmirrored stud primitives

0 !HISTORY 2024-01-29 [OrionP] Official Update 2024-01



1 16 0 12 0 10 0 0 0 12 0 0 0 10 box0.dat

1 16 0 14 0 6 0 0 0 10 0 0 0 6 box0.dat



1 16 0 4 0 4 0 0 0 -1 0 0 0 4 4-4edge.dat

1 16 6 10 0 0 -1 0 4 0 0 0 0 4 4-4edge.dat

1 16 0 10 -6 4 0 0 0 0 4 0 -1 0 4-4edge.dat

1 16 -6 10 0 0 1 0 4 0 0 0 0 4 4-4edge.dat

1 16 0 10 6 4 0 0 0 0 4 0 1 0 4-4edge.dat



1 16 0 0 0 6 0 0 0 1 0 0 0 6 4-4edge.dat

1 16 10 10 0 0 1 0 6 0 0 0 0 6 4-4edge.dat

1 16 0 10 -10 6 0 0 0 0 6 0 1 0 4-4edge.dat

1 16 -10 10 0 0 1 0 6 0 0 0 0 6 4-4edge.dat

1 16 0 10 10 6 0 0 0 0 6 0 1 0 4-4edge.dat



1 16 0 4 0 4 0 0 0 -1 0 0 0 4 4-4ndis.dat

1 16 6 10 0 0 1 0 4 0 0 0 0 4 4-4ndis.dat

1 16 0 10 -6 -4 0 0 0 0 4 0 -1 0 4-4ndis.dat

1 16 -6 10 0 0 -1 0 4 0 0 0 0 -4 4-4ndis.dat

1 16 0 10 6 4 0 0 0 0 4 0 1 0 4-4ndis.dat



1 16 0 0 0 6 0 0 0 1 0 0 0 6 4-4ndis.dat

1 16 10 10 0 0 -1 0 6 0 0 0 0 -6 4-4ndis.dat

1 16 0 10 -10 6 0 0 0 0 6 0 1 0 4-4ndis.dat

1 16 -10 10 0 0 1 0 6 0 0 0 0 6 4-4ndis.dat

1 16 0 10 10 -6 0 0 0 0 6 0 -1 0 4-4ndis.dat



0 BFC INVERTNEXT

1 16 0 0 0 4 0 0 0 4 0 0 0 4 4-4cyli.dat

0 BFC INVERTNEXT

1 16 10 10 0 0 -4 0 4 0 0 0 0 4 4-4cyli.dat

0 BFC INVERTNEXT

1 16 0 10 -10 4 0 0 0 0 4 0 4 0 4-4cyli.dat

0 BFC INVERTNEXT

1 16 -10 10 0 0 4 0 4 0 0 0 0 4 4-4cyli.dat

0 BFC INVERTNEXT

1 16 0 10 10 4 0 0 0 0 4 0 -4 0 4-4cyli.dat



4 16 10 24 10 6 24 6 -6 24 6 -10 24 10

4 16 -10 24 10 -6 24 6 -6 24 -6 -10 24 -10

4 16 -10 24 -10 -6 24 -6 6 24 -6 10 24 -10

4 16 10 24 -10 6 24 -6 6 24 6 10 24 10

4 16 6 4 6 4 4 4 -4 4 4 -6 4 6

4 16 -6 4 6 -4 4 4 -4 4 -4 -6 4 -6

4 16 -6 4 -6 -4 4 -4 4 4 -4 6 4 -6

4 16 6 4 -6 4 4 -4 4 4 4 6 4 6

4 16 -10 0 10 -6 0 6 6 0 6 10 0 10

4 16 -10 0 -10 -6 0 -6 -6 0 6 -10 0 10

4 16 10 0 -10 6 0 -6 -6 0 -6 -10 0 -10

4 16 10 0 10 6 0 6 6 0 -6 10 0 -10

4 16 -10 24 10 -6 16 10 6 16 10 10 24 10

4 16 -10 24 10 -10 0 10 -6 4 10 -6 16 10

4 16 10 0 10 6 4 10 -6 4 10 -10 0 10

4 16 10 0 10 10 24 10 6 16 10 6 4 10

4 16 6 24 6 4 14 6 -4 14 6 -6 24 6

4 16 -6 24 6 -4 14 6 -4 6 6 -6 4 6

4 16 -6 4 6 -4 6 6 4 6 6 6 4 6

4 16 6 4 6 4 6 6 4 14 6 6 24 6

4 16 -6 24 -6 -4 14 -6 4 14 -6 6 24 -6

4 16 6 24 -6 4 14 -6 4 6 -6 6 4 -6

4 16 6 4 -6 4 6 -6 -4 6 -6 -6 4 -6

4 16 -6 4 -6 -4 6 -6 -4 14 -6 -6 24 -6

4 16 10 24 -10 6 16 -10 -6 16 -10 -10 24 -10

4 16 -10 24 -10 -6 16 -10 -6 4 -10 -10 0 -10

4 16 -10 0 -10 -6 4 -10 6 4 -10 10 0 -10

4 16 10 0 -10 6 4 -10 6 16 -10 10 24 -10

4 16 10 24 10 10 16 6 10 16 -6 10 24 -10

4 16 10 24 -10 10 16 -6 10 4 -6 10 0 -10

4 16 10 0 -10 10 4 -6 10 4 6 10 0 10

4 16 10 0 10 10 4 6 10 16 6 10 24 10

4 16 6 24 -6 6 14 -4 6 14 4 6 24 6

4 16 6 24 6 6 14 4 6 6 4 6 4 6

4 16 6 4 6 6 6 4 6 6 -4 6 4 -6

4 16 6 4 -6 6 6 -4 6 14 -4 6 24 -6

4 16 -6 24 6 -6 14 4 -6 14 -4 -6 24 -6

4 16 -6 24 -6 -6 14 -4 -6 6 -4 -6 4 -6

4 16 -6 4 -6 -6 6 -4 -6 6 4 -6 4 6

4 16 -6 4 6 -6 6 4 -6 14 4 -6 24 6

4 16 -10 24 -10 -10 16 -6 -10 16 6 -10 24 10

4 16 -10 24 -10 -10 0 -10 -10 4 -6 -10 16 -6

4 16 -10 0 10 -10 4 6 -10 4 -6 -10 0 -10

4 16 -10 0 10 -10 24 10 -10 16 6 -10 4 6



1 16 0 0 0 1 0 0 0 1 0 0 0 1 stud2a.dat

1 16 10 10 0 0 -1 0 1 0 0 0 0 1 stud2a.dat

1 16 0 10 -10 0 0 1 1 0 0 0 1 0 stud2a.dat

1 16 -10 10 0 0 1 0 1 0 0 0 0 -1 stud2a.dat

1 16 0 10 10 0 0 -1 1 0 0 0 -1 0 stud2a.dat

0 NOFILE

0 FILE 4-4ndis.dat
0 Disc Negative 1.0

0 Name: 4-4ndis.dat

0 Author: James Jessiman

0 !LDRAW_ORG Primitive UPDATE 2012-01

0 !LICENSE Licensed under CC BY 4.0 : see CAreadme.txt



0 BFC CERTIFY CCW



0 !HISTORY 2002-03-23 [sbliss] Added BFC statement; compacted code

0 !HISTORY 2002-04-25 [PTadmin] Official Update 2002-02

0 !HISTORY 2007-06-24 [PTadmin] Header formatted for Contributor Agreement

0 !HISTORY 2008-07-01 [PTadmin] Official Update 2008-01

0 !HISTORY 2012-02-16 [Philo] Changed to CCW

0 !HISTORY 2012-03-30 [PTadmin] Official Update 2012-01





3 16 0.9239 0 0.3827 1 0 0 1 0 1

3 16 0.7071 0 0.7071 0.9239 0 0.3827 1 0 1

3 16 0.3827 0 0.9239 0.7071 0 0.7071 1 0 1

3 16 0 0 1 0.3827 0 0.9239 1 0 1

3 16 -0.3827 0 0.9239 0 0 1 -1 0 1

3 16 -0.7071 0 0.7071 -0.3827 0 0.9239 -1 0 1

3 16 -0.9239 0 0.3827 -0.7071 0 0.7071 -1 0 1

3 16 -1 0 0 -0.9239 0 0.3827 -1 0 1

3 16 -0.9239 0 -0.3827 -1 0 0 -1 0 -1

3 16 -0.7071 0 -0.7071 -0.9239 0 -0.3827 -1 0 -1

3 16 -0.3827 0 -0.9239 -0.7071 0 -0.7071 -1 0 -1

3 16 0 0 -1 -0.3827 0 -0.9239 -1 0 -1

3 16 0.3827 0 -0.9239 0 0 -1 1 0 -1

3 16 0.7071 0 -0.7071 0.3827 0 -0.9239 1 0 -1

3 16 0.9239 0 -0.3827 0.7071 0 -0.7071 1 0 -1

3 16 1 0 0 0.9239 0 -0.3827 1 0 -1

0 NOFILE

0 FILE box0.dat
0 Box with 0 Faces and All Edges

0 Name: box0.dat

0 Author: Santeri Piippo [arezey]

0 !LDRAW_ORG Primitive UPDATE 2010-02

0 !LICENSE Licensed under CC BY 4.0 : see CAreadme.txt



0 BFC CERTIFY CCW



0 !HISTORY 2010-07-05 [PTadmin] Official Update 2010-02





2 24 -1 1 -1 1 1 -1

2 24 -1 -1 -1 1 -1 -1

2 24 1 1 1 1 1 -1

2 24 1 -1 1 1 -1 -1

2 24 -1 1 1 -1 1 -1

2 24 -1 -1 1 -1 -1 -1

2 24 1 1 1 -1 1 1

2 24 1 -1 1 -1 -1 1

2 24 1 -1 1 1 1 1

2 24 -1 -1 1 -1 1 1

2 24 -1 -1 -1 -1 1 -1

2 24 1 -1 -1 1 1 -1

0 //

0 NOFILE
