0 FILE specials-rockets-isdf-main.ldr
0 
0 Name:  Specials-Rockets[ISDF]
0 Author:  
0 CustomBrick
0 FlexibleBrickControlPointUnitLength -1
1 57 -10.000090 -20.000020 -136.000000 1.000000 0.000000 0.000000 0.000000 0.000000 -1.000000 0.000000 1.000000 0.000000 85861.dat
1 57 129.999900 -18.000000 -84.000070 1.000000 0.000000 0.000000 0.000000 0.000000 -1.000000 0.000000 1.000000 0.000000 85861.dat
1 47 -10.000090 -20.000020 -128.000000 1.000000 0.000000 0.000000 0.000000 0.000000 -1.000000 0.000000 1.000000 0.000000 58176.dat
1 8 50.000000 -24.000000 70.000000 0.500000 0.000000 0.866025 0.000000 1.000000 0.000000 -0.866025 0.000000 0.500000 47905.dat
1 57 129.999900 -18.000000 -116.000100 1.000000 0.000000 0.000000 0.000000 0.000000 -1.000000 0.000000 1.000000 0.000000 85861.dat
1 0 81.176860 -14.000000 87.999940 0.000000 0.866025 -0.500001 -1.000000 0.000000 0.000000 0.000000 0.500000 0.866025 32523.dat
1 57 129.999900 -18.000000 -148.000000 1.000000 0.000000 0.000000 0.000000 0.000000 -1.000000 0.000000 1.000000 0.000000 85861.dat
1 47 -90.000270 -18.000000 -108.000000 1.000000 0.000000 0.000000 0.000000 0.000000 -1.000000 0.000000 1.000000 0.000000 6141.dat
1 57 -10.000090 -20.000020 -128.000000 1.000000 0.000000 0.000000 0.000000 0.000000 -1.000000 0.000000 1.000000 0.000000 85861.dat
1 57 129.999900 -18.000000 -180.000100 1.000000 0.000000 0.000000 0.000000 0.000000 -1.000000 0.000000 1.000000 0.000000 85861.dat
1 40 129.999900 -18.000000 -92.000070 1.000000 0.000000 0.000000 0.000000 0.000000 -1.000000 0.000000 1.000000 0.000000 6254.dat
1 40 129.999900 -18.000000 -124.000100 1.000000 0.000000 0.000000 0.000000 0.000000 -1.000000 0.000000 1.000000 0.000000 6254.dat
1 57 -90.000270 -18.000000 -100.000000 1.000000 0.000000 0.000000 0.000000 0.000000 -1.000000 0.000000 1.000000 0.000000 85861.dat
1 40 129.999900 -18.000000 -156.000000 1.000000 0.000000 0.000000 0.000000 0.000000 -1.000000 0.000000 1.000000 0.000000 6254.dat
1 40 -10.000090 -20.000020 -104.000000 1.000000 0.000000 0.000000 0.000000 0.000000 -1.000000 0.000000 1.000000 0.000000 6254.dat
1 57 30.000040 -20.000000 -50.000110 1.000000 0.000000 0.000000 0.000000 0.000000 -1.000000 0.000000 1.000000 0.000000 85861.dat
1 0 18.823160 -14.000000 51.999980 0.000000 0.866025 -0.500001 -1.000000 0.000000 0.000000 0.000000 0.500000 0.866025 32523.dat
1 25 50.000040 -32.000000 69.999960 0.000000 0.000000 1.000000 0.000000 1.000000 0.000000 -1.000000 0.000000 0.000000 3022.dat
1 8 50.000040 -40.000000 59.999900 1.000000 0.000000 0.000000 0.000000 1.000000 0.000000 0.000000 0.000000 1.000000 3794b.dat
1 47 30.000040 -20.000000 -42.000100 1.000000 0.000000 0.000000 0.000000 0.000000 -1.000000 0.000000 1.000000 0.000000 58176.dat
1 25 50.000040 -56.000000 79.999950 1.000000 0.000000 0.000000 0.000000 1.000000 0.000000 0.000000 0.000000 1.000000 3070b.dat
1 8 50.000040 -40.000000 79.999950 1.000000 0.000000 0.000000 0.000000 1.000000 0.000000 0.000000 0.000000 1.000000 3794b.dat
1 40 -10.000090 -20.000020 -80.000040 1.000000 0.000000 0.000000 0.000000 0.000000 -1.000000 0.000000 1.000000 0.000000 6254.dat
1 25 50.000040 -48.000000 79.999950 -1.000000 0.000000 0.000000 0.000000 1.000000 0.000000 0.000000 0.000000 -1.000000 36841.dat
1 25 50.000040 -38.000000 102.000000 1.000000 0.000000 0.000000 0.000000 0.000000 1.000000 0.000000 -1.000000 0.000000 4081b.dat
1 25 62.000040 -58.000000 99.999950 0.000000 -1.000000 0.000000 0.000000 0.000000 1.000000 -1.000000 0.000000 0.000000 85861.dat
1 40 -10.000090 -20.000000 -72.000060 1.000000 0.000000 0.000000 0.000000 0.000000 -1.000000 0.000000 1.000000 0.000000 11610.dat
1 25 70.000030 -64.427890 92.339510 0.000000 -1.000000 0.000000 -0.642788 0.000000 0.766045 -0.766045 0.000000 -0.642788 35480.dat
1 0 94.000030 -70.855760 84.679050 0.000000 -1.000000 0.000000 0.000000 0.000000 1.000000 -1.000000 0.000000 0.000000 4733.dat
1 0 102.000000 -70.855760 74.679060 0.000000 -1.000000 0.000000 0.000000 0.000000 1.000000 -1.000000 0.000000 0.000000 3069b.dat
1 0 6.000030 -70.855740 84.679050 0.000000 1.000000 0.000000 0.000000 0.000000 -1.000000 -1.000000 0.000000 0.000000 4733.dat
1 0 84.000030 -52.855760 74.679060 0.000000 0.000000 -1.000000 0.000000 -1.000000 0.000000 -1.000000 0.000000 0.000000 3069b.dat
1 0 84.000030 -88.855760 74.679060 0.000000 0.000000 1.000000 0.000000 1.000000 0.000000 -1.000000 0.000000 0.000000 3069b.dat
1 0 84.000040 -70.855760 66.679060 -1.000000 0.000000 0.000000 0.000000 0.000000 1.000000 0.000000 1.000000 0.000000 3070b.dat
1 0 -1.999970 -70.855740 74.679060 0.000000 1.000000 0.000000 0.000000 0.000000 -1.000000 -1.000000 0.000000 0.000000 3069b.dat
1 40 -90.000270 -18.000000 -76.000040 1.000000 0.000000 0.000000 0.000000 0.000000 -1.000000 0.000000 1.000000 0.000000 6254.dat
1 0 16.000030 -70.855740 66.679060 1.000000 0.000000 0.000000 0.000000 0.000000 -1.000000 0.000000 1.000000 0.000000 3070b.dat
1 40 129.999900 -18.000000 -60.000120 1.000000 0.000000 0.000000 0.000000 0.000000 -1.000000 0.000000 1.000000 0.000000 6254.dat
1 25 38.000040 -58.000000 99.999950 0.000000 1.000000 0.000000 0.000000 0.000000 1.000000 1.000000 0.000000 0.000000 85861.dat
1 40 -90.000270 -18.000000 -68.000040 1.000000 0.000000 0.000000 0.000000 0.000000 -1.000000 0.000000 1.000000 0.000000 11610.dat
1 25 30.000040 -64.427880 92.339510 0.000000 1.000000 0.000000 0.642788 0.000000 0.766045 0.766045 0.000000 -0.642788 35480.dat
1 25 50.000040 -38.000000 110.000000 1.000000 0.000000 0.000000 0.000000 0.000000 1.000000 0.000000 -1.000000 0.000000 3069b.dat
1 0 16.000030 -88.855750 74.679060 0.000000 0.000000 1.000000 0.000000 1.000000 0.000000 -1.000000 0.000000 0.000000 3069b.dat
1 0 16.000030 -52.855750 74.679050 0.000000 0.000000 -1.000000 0.000000 -1.000000 0.000000 -1.000000 0.000000 0.000000 3069b.dat
1 40 50.000040 -40.000000 59.999900 1.000000 0.000000 0.000000 0.000000 1.000000 0.000000 0.000000 0.000000 1.000000 54200.dat
1 8 65.588410 -14.000000 78.999940 0.500000 -0.866025 0.000000 0.000000 0.000000 1.000000 -0.866025 -0.500000 0.000000 35480.dat
1 8 72.516600 -14.000000 82.999950 0.500000 -0.866025 0.000000 0.000000 0.000000 1.000000 -0.866025 -0.500000 0.000000 3794b.dat
1 8 34.411600 -14.000000 60.999980 0.500000 0.866025 0.000000 0.000000 0.000000 -1.000000 -0.866025 0.500000 0.000000 35480.dat
1 8 27.483400 -14.000000 56.999960 0.500000 0.866025 0.000000 0.000000 0.000000 -1.000000 -0.866025 0.500000 0.000000 3794b.dat
0 NOFILE

0 FILE 54200.dat
0 Slope Brick 31  1 x  1 x  0.667

0 Name: 54200.dat

0 Author: Orion Pobursky [OrionP]

0 !LDRAW_ORG Part UPDATE 2022-04

0 !LICENSE Licensed under CC BY 4.0 : see CAreadme.txt



0 BFC CERTIFY CCW



0 !KEYWORDS cheese



0 !HISTORY 2006-01-14 [cwdee] Rotated to match other slope bricks

0 !HISTORY 2009-09-03 [PTadmin] Official Update 2009-02

0 !HISTORY 2013-08-04 [cwdee] Description change

0 !HISTORY 2013-12-23 [PTadmin] Official Update 2013-02

0 !HISTORY 2014-11-21 [roland] Auto-corrected with libfix version of LDCad 1.4

0 !HISTORY 2015-10-11 [PTadmin] Official Update 2015-01

0 !HISTORY 2019-06-03 [Philo] Rounded corners and flattened top.

0 !HISTORY 2019-06-28 [PTadmin] Official Update 2019-01

0 !HISTORY 2021-05-21 [OrionP] Subfiled for patterns

0 !HISTORY 2022-05-07 [PTadmin] Official Update 2022-03

0 !HISTORY 2022-07-13 [Jaco] added keyword Cheese

0 !HISTORY 2022-07-18 [PTadmin] Official Update 2022-04





1 16 0 0 0 1 0 0 0 1 0 0 0 1 s__54200s01.dat



3 16 9.41 -15.01 8.35 8 -15.6 9.3333 10 -13.6 6

4 16 -8 -15.6 9.3333 -10 -13.6 6 10 -13.6 6 8 -15.6 9.3333

3 16 -8 -15.6 9.3333 -9.41 -15.01 8.35 -10 -13.6 6

4 16 -10 -4 -10 10 -4 -10 10 -13.6 6 -10 -13.6 6

0 NOFILE

0 FILE s__54200s01.dat
0 ~Slope Brick 31  1 x  1 x  0.667 without Sloped Face

0 Name: s\54200s01.dat

0 Author: Orion Pobursky [OrionP]

0 !LDRAW_ORG Subpart UPDATE 2022-03

0 !LICENSE Licensed under CC BY 4.0 : see CAreadme.txt



0 BFC CERTIFY CCW



0 !HISTORY 2022-05-07 [PTadmin] Official Update 2022-03





2 24 10 -1 10 10 -1 -10

2 24 -10 -1 10 -10 -1 -10

1 16 0 -5.3 6 -6 0 0 0 0 5.3 0 1 0 rect.dat

1 16 0 -1.7 -6 0 0 -6 1.7 0 0 0 -1 0 rect.dat

1 16 0 -2.5 -10 -10 0 0 0 0 1.5 0 1 0 rect.dat

2 24 9 0 9 -9 0 9

2 24 9 0 -9 -9 0 -9

1 16 0 -1 0 0 0 9 0 1 0 -9 0 0 box4.dat

4 16 10 -1 -10 9 -1 -9 9 -1 9 10 -1 10

4 16 -10 -1 10 -9 -1 9 -9 -1 -9 -10 -1 -10

4 16 10 -1 10 9 -1 9 -9 -1 9 -10 -1 10

4 16 -10 -1 -10 -9 -1 -9 9 -1 -9 10 -1 -10

4 16 6 0 -6 6 0 6 9 0 9 9 0 -9

4 16 -6 0 6 -6 0 -6 -9 0 -9 -9 0 9

4 16 -6 0 -6 6 0 -6 9 0 -9 -9 0 -9

4 16 6 0 6 -6 0 6 -9 0 9 9 0 9

4 16 6 -10.6 6 6 0 6 6 0 -6 6 -3.4 -6

4 16 -6 -10.6 6 -6 -3.4 -6 -6 0 -6 -6 0 6

2 24 6 0 -6 6 0 6

2 24 -6 0 -6 -6 0 6

2 24 6 -3.4 -6 6 -10.6 6

2 24 -6 -3.4 -6 -6 -10.6 6

3 16 -3.1092 -4 -5 -2.2961 -4 -5.5434 -2.2961 -3.674 -5.5434

5 24 -2.2961 -4 -5.5434 -2.2961 -3.674 -5.5434 -3.1092 -4 -5 0 -4 -6

4 16 -2.2961 -4 -5.5434 0 -4 -6 0 -3.4 -6 -2.2961 -3.674 -5.5434

5 24 0 -4 -6 0 -3.4 -6 -2.2961 -4 -5.5434 2.2961 -4 -5.5434

4 16 0 -4 -6 2.2961 -4 -5.5434 2.2961 -3.674 -5.5434 0 -3.4 -6

5 24 2.2961 -4 -5.5434 2.2961 -3.674 -5.5434 0 -4 -6 3.1092 -4 -5

3 16 3.1092 -4 -5 2.2961 -3.674 -5.5434 2.2961 -4 -5.5434

2 24 -3.1092 -4 -5 -2.2961 -4 -5.5434

2 24 -2.2961 -4 -5.5434 0 -4 -6

2 24 2.2961 -4 -5.5434 0 -4 -6

2 24 3.1092 -4 -5 2.2961 -4 -5.5434

2 24 -3.1092 -4 -5 -2.2961 -3.674 -5.5434

2 24 -2.2961 -3.674 -5.5434 0 -3.4 -6

2 24 2.2961 -3.674 -5.5434 0 -3.4 -6

2 24 3.1092 -4 -5 2.2961 -3.674 -5.5434

2 24 -3.1092 -4 -5 3.1092 -4 -5

3 16 -3.1092 -4 -5 -2.2961 -3.674 -5.5434 -6 -3.4 -6

3 16 -6 -3.4 -6 -2.2961 -3.674 -5.5434 0 -3.4 -6

3 16 3.1092 -4 -5 6 -3.4 -6 2.2961 -3.674 -5.5434

3 16 6 -3.4 -6 0 -3.4 -6 2.2961 -3.674 -5.5434

2 24 9.41 -15.01 8.35 10 -13.6 6

2 24 9.41 -15.01 10 10 -13.6 10

2 24 8 -15.6 9.3333 9.41 -15.01 8.35

2 24 9.41 -15.01 10 8 -15.6 10

2 24 -9.41 -15.01 8.35 -10 -13.6 6

2 24 -9.41 -15.01 10 -10 -13.6 10

2 24 -8 -15.6 9.3333 -9.41 -15.01 8.35

2 24 -9.41 -15.01 10 -8 -15.6 10

4 16 8 -15.6 10 8 -15.6 9.3333 9.41 -15.01 8.35 9.41 -15.01 10

4 16 9.41 -15.01 10 9.41 -15.01 8.35 10 -13.6 6 10 -13.6 10

4 16 10 -1 10 10 -13.6 10 10 -13.6 6 10 -4 -10

3 16 10 -4 -10 10 -1 -10 10 -1 10

3 16 8 -15.6 10 9.41 -15.01 10 10 -13.6 10

4 16 -9.41 -15.01 8.35 -8 -15.6 9.3333 -8 -15.6 10 -9.41 -15.01 10

4 16 -10 -13.6 6 -9.41 -15.01 8.35 -9.41 -15.01 10 -10 -13.6 10

4 16 -10 -13.6 6 -10 -13.6 10 -10 -1 10 -10 -4 -10

3 16 -10 -1 -10 -10 -4 -10 -10 -1 10

3 16 -9.41 -15.01 10 -8 -15.6 10 -10 -13.6 10

2 24 -8 -15.6 10 8 -15.6 10

2 24 -8 -15.6 9.3333 8 -15.6 9.3333

4 16 -8 -15.6 10 -8 -15.6 9.3333 8 -15.6 9.3333 8 -15.6 10

4 16 -10 -13.6 10 -8 -15.6 10 8 -15.6 10 10 -13.6 10

1 16 0 -7.3 10 10 0 0 0 0 6.3 0 -1 0 rect3.dat

5 24 -9.41 -15.01 10 -9.41 -15.01 8.35 -8 -15.6 9.3333 -10 -13.6 10

5 24 9.41 -15.01 8.35 9.41 -15.01 10 8 -15.6 10 10 -13.6 6

5 24 -10 -13.6 6 -10 -13.6 10 -9.41 -15.01 8.35 -10 -1 10

5 24 10 -13.6 10 10 -13.6 6 9.41 -15.01 10 10 -4 -10

5 24 8 -15.6 9.3333 8 -15.6 10 9.41 -15.01 8.35 -8 -15.6 10

5 24 -8 -15.6 9.3333 -8 -15.6 10 -9.41 -15.01 10 8 -15.6 9.3333

3 16 0 -4 -6 -2.2961 -4 -5.5434 2.2961 -4 -5.5434

4 16 -3.1092 -4 -5 3.1092 -4 -5 2.2961 -4 -5.5434 -2.2961 -4 -5.5434

3 16 -3.1092 -4 -5 -6 -3.4 -6 -6 -10.6 6

3 16 6 -3.4 -6 3.1092 -4 -5 6 -10.6 6

4 16 -3.1092 -4 -5 -6 -10.6 6 6 -10.6 6 3.1092 -4 -5

2 24 -10 -13.6 6 -10 -4 -10

2 24 10 -4 -10 10 -13.6 6

0 NOFILE

0 FILE rect3.dat
0 Rectangle with 3 Edges

0 Name: rect3.dat

0 Author: Mark Kennedy [mkennedy]

0 !LDRAW_ORG Primitive UPDATE 2010-01

0 !LICENSE Licensed under CC BY 4.0 : see CAreadme.txt



0 BFC CERTIFY CCW



0 !HISTORY 2003-08-01 [PTadmin] Official Update 2003-02

0 !HISTORY 2007-06-24 [PTadmin] Header formatted for Contributor Agreement

0 !HISTORY 2008-07-01 [PTadmin] Official Update 2008-01

0 !HISTORY 2010-01-17 [mikeheide] Change winding to CCW

0 !HISTORY 2010-04-05 [PTadmin] Official Update 2010-01





2 24 1 0 1 -1 0 1

2 24 1 0 1 1 0 -1

2 24 -1 0 1 -1 0 -1

4 16 -1 0 1 -1 0 -1 1 0 -1 1 0 1

0 //

0 NOFILE

0 FILE box4.dat
0 Box with 4 Faces (2 Parallel Pairs) and All Edges

0 Name: box4.dat

0 Author: James Jessiman

0 !LDRAW_ORG Primitive UPDATE 2012-01

0 !LICENSE Licensed under CC BY 4.0 : see CAreadme.txt



0 BFC CERTIFY CCW



0 !HISTORY 2002-04-03 [sbliss] Modified for BFC compliance

0 !HISTORY 2002-04-25 [PTadmin] Official Update 2002-02

0 !HISTORY 2007-06-24 [PTadmin] Header formatted for Contributor Agreement

0 !HISTORY 2008-07-01 [PTadmin] Official Update 2008-01

0 !HISTORY 2012-02-16 [Philo] Changed to CCW

0 !HISTORY 2012-03-30 [PTadmin] Official Update 2012-01





2 24 1 1 1 -1 1 1

2 24 -1 1 1 -1 1 -1

2 24 -1 1 -1 1 1 -1

2 24 1 1 -1 1 1 1

2 24 1 0 1 -1 0 1

2 24 -1 0 1 -1 0 -1

2 24 -1 0 -1 1 0 -1

2 24 1 0 -1 1 0 1

2 24 1 0 1 1 1 1

2 24 -1 0 1 -1 1 1

2 24 1 0 -1 1 1 -1

2 24 -1 0 -1 -1 1 -1

4 16 -1 1 1 -1 0 1 1 0 1 1 1 1

4 16 -1 1 -1 -1 0 -1 -1 0 1 -1 1 1

4 16 1 1 -1 1 0 -1 -1 0 -1 -1 1 -1

4 16 1 1 1 1 0 1 1 0 -1 1 1 -1

0 NOFILE

0 FILE rect.dat
0 Rectangle

0 Name: rect.dat

0 Author: James Jessiman

0 !LDRAW_ORG Primitive UPDATE 2010-01

0 !LICENSE Licensed under CC BY 4.0 : see CAreadme.txt



0 BFC CERTIFY CCW



0 !HISTORY 2002-04-05 [hafhead] Added BFC statement

0 !HISTORY 2002-04-25 [PTadmin] Official Update 2002-02

0 !HISTORY 2007-06-24 [PTadmin] Header formatted for Contributor Agreement

0 !HISTORY 2008-07-01 [PTadmin] Official Update 2008-01

0 !HISTORY 2010-01-17 [mikeheide] changed winding to CCW

0 !HISTORY 2010-04-05 [PTadmin] Official Update 2010-01





2 24 1 0 1 -1 0 1

2 24 -1 0 1 -1 0 -1

2 24 -1 0 -1 1 0 -1

2 24 1 0 -1 1 0 1

4 16 -1 0 1 -1 0 -1 1 0 -1 1 0 1

0

0 NOFILE

0 FILE 3069b.dat
0 Tile  1 x  2 with Groove

0 Name: 3069b.dat

0 Author: Santeri Piippo [arezey]

0 !LDRAW_ORG Part UPDATE 2010-02

0 !LICENSE Licensed under CC BY 4.0 : see CAreadme.txt



0 BFC CERTIFY CCW



0 !KEYWORDS BrickLink 3069



0 !HISTORY 2010-07-05 [PTadmin] Official Update 2010-02





4 16 20 0 -10 20 0 10 -20 0 10 -20 0 -10

1 16 0 0 0 1 0 0 0 1 0 0 0 1 s__3069bs01.dat

0 //

0 NOFILE

0 FILE s__3069bs01.dat
0 ~Tile  1 x  2 with Groove without Top Face

0 Name: s\3069bs01.dat

0 Author: Santeri Piippo [arezey]

0 !LDRAW_ORG Subpart UPDATE 2010-02

0 !LICENSE Licensed under CC BY 4.0 : see CAreadme.txt



0 BFC CERTIFY CCW



0 !HISTORY 2010-07-05 [PTadmin] Official Update 2010-02





1 16 0 0 0 20 0 0 0 7 0 0 0 10 box4.dat

1 16 0 7 0 19 0 0 0 1 0 0 0 9 box4.dat

0 BFC INVERTNEXT

1 16 0 8 0 16 0 0 0 -4 0 0 0 6 box5.dat

4 16 -19 8 9 -16 8 6 -16 8 -6 -19 8 -9

4 16 19 8 -9 16 8 -6 16 8 6 19 8 9

4 16 19 8 9 16 8 6 -16 8 6 -19 8 9

4 16 -19 8 -9 -16 8 -6 16 8 -6 19 8 -9

4 16 -20 7 10 -19 7 9 -19 7 -9 -20 7 -10

4 16 20 7 -10 19 7 -9 19 7 9 20 7 10

4 16 20 7 10 19 7 9 -19 7 9 -20 7 10

4 16 -20 7 -10 -19 7 -9 19 7 -9 20 7 -10

0 //

0 NOFILE

0 FILE box5.dat
0 Box with 5 Faces and All Edges

0 Name: box5.dat

0 Author: James Jessiman

0 !LDRAW_ORG Primitive UPDATE 2012-01

0 !LICENSE Licensed under CC BY 4.0 : see CAreadme.txt



0 BFC CERTIFY CCW



0 !HISTORY 2002-04-03 [sbliss] Modified for BFC compliance

0 !HISTORY 2002-04-25 [PTadmin] Official Update 2002-02

0 !HISTORY 2007-06-24 [PTadmin] Header formatted for Contributor Agreement

0 !HISTORY 2008-07-01 [PTadmin] Official Update 2008-01

0 !HISTORY 2012-02-16 [Philo] Changed to CCW

0 !HISTORY 2012-03-30 [PTadmin] Official Update 2012-01





2 24 1 1 1 -1 1 1

2 24 -1 1 1 -1 1 -1

2 24 -1 1 -1 1 1 -1

2 24 1 1 -1 1 1 1

2 24 1 0 1 -1 0 1

2 24 -1 0 1 -1 0 -1

2 24 -1 0 -1 1 0 -1

2 24 1 0 -1 1 0 1

2 24 1 0 1 1 1 1

2 24 -1 0 1 -1 1 1

2 24 1 0 -1 1 1 -1

2 24 -1 0 -1 -1 1 -1

4 16 -1 1 1 1 1 1 1 1 -1 -1 1 -1

4 16 -1 1 1 -1 0 1 1 0 1 1 1 1

4 16 -1 1 -1 -1 0 -1 -1 0 1 -1 1 1

4 16 1 1 -1 1 0 -1 -1 0 -1 -1 1 -1

4 16 1 1 1 1 0 1 1 0 -1 1 1 -1

0 NOFILE

0 FILE 4733.dat
0 Brick  1 x  1 with Studs on Four Sides

0 Name: 4733.dat

0 Author: James Jessiman

0 !LDRAW_ORG Part UPDATE 2024-01

0 !LICENSE Licensed under CC BY 4.0 : see CAreadme.txt



0 BFC CERTIFY CCW



0 !KEYWORDS Travis Brick



0 !HISTORY 1998-06-20 [PTadmin] Official Update 1998-06

0 !HISTORY 2003-06-08 [jriley] BFC compliant

0 !HISTORY 2003-12-19 [PTadmin] Official Update 2003-03

0 !HISTORY 2004-07-24 [cwdee] Add "Four" to part title

0 !HISTORY 2004-11-06 [PTadmin] Official Update 2004-04

0 !HISTORY 2007-07-08 [PTadmin] Header formatted for Contributor Agreement

0 !HISTORY 2008-07-01 [PTadmin] Official Update 2008-01

0 !HISTORY 2023-04-08 [MagFors] Unmirrored stud primitives

0 !HISTORY 2024-01-29 [OrionP] Official Update 2024-01



1 16 0 12 0 10 0 0 0 12 0 0 0 10 box0.dat

1 16 0 14 0 6 0 0 0 10 0 0 0 6 box0.dat



1 16 0 4 0 4 0 0 0 -1 0 0 0 4 4-4edge.dat

1 16 6 10 0 0 -1 0 4 0 0 0 0 4 4-4edge.dat

1 16 0 10 -6 4 0 0 0 0 4 0 -1 0 4-4edge.dat

1 16 -6 10 0 0 1 0 4 0 0 0 0 4 4-4edge.dat

1 16 0 10 6 4 0 0 0 0 4 0 1 0 4-4edge.dat



1 16 0 0 0 6 0 0 0 1 0 0 0 6 4-4edge.dat

1 16 10 10 0 0 1 0 6 0 0 0 0 6 4-4edge.dat

1 16 0 10 -10 6 0 0 0 0 6 0 1 0 4-4edge.dat

1 16 -10 10 0 0 1 0 6 0 0 0 0 6 4-4edge.dat

1 16 0 10 10 6 0 0 0 0 6 0 1 0 4-4edge.dat



1 16 0 4 0 4 0 0 0 -1 0 0 0 4 4-4ndis.dat

1 16 6 10 0 0 1 0 4 0 0 0 0 4 4-4ndis.dat

1 16 0 10 -6 -4 0 0 0 0 4 0 -1 0 4-4ndis.dat

1 16 -6 10 0 0 -1 0 4 0 0 0 0 -4 4-4ndis.dat

1 16 0 10 6 4 0 0 0 0 4 0 1 0 4-4ndis.dat



1 16 0 0 0 6 0 0 0 1 0 0 0 6 4-4ndis.dat

1 16 10 10 0 0 -1 0 6 0 0 0 0 -6 4-4ndis.dat

1 16 0 10 -10 6 0 0 0 0 6 0 1 0 4-4ndis.dat

1 16 -10 10 0 0 1 0 6 0 0 0 0 6 4-4ndis.dat

1 16 0 10 10 -6 0 0 0 0 6 0 -1 0 4-4ndis.dat



0 BFC INVERTNEXT

1 16 0 0 0 4 0 0 0 4 0 0 0 4 4-4cyli.dat

0 BFC INVERTNEXT

1 16 10 10 0 0 -4 0 4 0 0 0 0 4 4-4cyli.dat

0 BFC INVERTNEXT

1 16 0 10 -10 4 0 0 0 0 4 0 4 0 4-4cyli.dat

0 BFC INVERTNEXT

1 16 -10 10 0 0 4 0 4 0 0 0 0 4 4-4cyli.dat

0 BFC INVERTNEXT

1 16 0 10 10 4 0 0 0 0 4 0 -4 0 4-4cyli.dat



4 16 10 24 10 6 24 6 -6 24 6 -10 24 10

4 16 -10 24 10 -6 24 6 -6 24 -6 -10 24 -10

4 16 -10 24 -10 -6 24 -6 6 24 -6 10 24 -10

4 16 10 24 -10 6 24 -6 6 24 6 10 24 10

4 16 6 4 6 4 4 4 -4 4 4 -6 4 6

4 16 -6 4 6 -4 4 4 -4 4 -4 -6 4 -6

4 16 -6 4 -6 -4 4 -4 4 4 -4 6 4 -6

4 16 6 4 -6 4 4 -4 4 4 4 6 4 6

4 16 -10 0 10 -6 0 6 6 0 6 10 0 10

4 16 -10 0 -10 -6 0 -6 -6 0 6 -10 0 10

4 16 10 0 -10 6 0 -6 -6 0 -6 -10 0 -10

4 16 10 0 10 6 0 6 6 0 -6 10 0 -10

4 16 -10 24 10 -6 16 10 6 16 10 10 24 10

4 16 -10 24 10 -10 0 10 -6 4 10 -6 16 10

4 16 10 0 10 6 4 10 -6 4 10 -10 0 10

4 16 10 0 10 10 24 10 6 16 10 6 4 10

4 16 6 24 6 4 14 6 -4 14 6 -6 24 6

4 16 -6 24 6 -4 14 6 -4 6 6 -6 4 6

4 16 -6 4 6 -4 6 6 4 6 6 6 4 6

4 16 6 4 6 4 6 6 4 14 6 6 24 6

4 16 -6 24 -6 -4 14 -6 4 14 -6 6 24 -6

4 16 6 24 -6 4 14 -6 4 6 -6 6 4 -6

4 16 6 4 -6 4 6 -6 -4 6 -6 -6 4 -6

4 16 -6 4 -6 -4 6 -6 -4 14 -6 -6 24 -6

4 16 10 24 -10 6 16 -10 -6 16 -10 -10 24 -10

4 16 -10 24 -10 -6 16 -10 -6 4 -10 -10 0 -10

4 16 -10 0 -10 -6 4 -10 6 4 -10 10 0 -10

4 16 10 0 -10 6 4 -10 6 16 -10 10 24 -10

4 16 10 24 10 10 16 6 10 16 -6 10 24 -10

4 16 10 24 -10 10 16 -6 10 4 -6 10 0 -10

4 16 10 0 -10 10 4 -6 10 4 6 10 0 10

4 16 10 0 10 10 4 6 10 16 6 10 24 10

4 16 6 24 -6 6 14 -4 6 14 4 6 24 6

4 16 6 24 6 6 14 4 6 6 4 6 4 6

4 16 6 4 6 6 6 4 6 6 -4 6 4 -6

4 16 6 4 -6 6 6 -4 6 14 -4 6 24 -6

4 16 -6 24 6 -6 14 4 -6 14 -4 -6 24 -6

4 16 -6 24 -6 -6 14 -4 -6 6 -4 -6 4 -6

4 16 -6 4 -6 -6 6 -4 -6 6 4 -6 4 6

4 16 -6 4 6 -6 6 4 -6 14 4 -6 24 6

4 16 -10 24 -10 -10 16 -6 -10 16 6 -10 24 10

4 16 -10 24 -10 -10 0 -10 -10 4 -6 -10 16 -6

4 16 -10 0 10 -10 4 6 -10 4 -6 -10 0 -10

4 16 -10 0 10 -10 24 10 -10 16 6 -10 4 6



1 16 0 0 0 1 0 0 0 1 0 0 0 1 stud2a.dat

1 16 10 10 0 0 -1 0 1 0 0 0 0 1 stud2a.dat

1 16 0 10 -10 0 0 1 1 0 0 0 1 0 stud2a.dat

1 16 -10 10 0 0 1 0 1 0 0 0 0 -1 stud2a.dat

1 16 0 10 10 0 0 -1 1 0 0 0 -1 0 stud2a.dat

0 NOFILE

0 FILE stud2a.dat
0 Stud Open without Base Edges

0 Name: stud2a.dat

0 Author: James Jessiman

0 !LDRAW_ORG Primitive UPDATE 2009-02

0 !LICENSE Licensed under CC BY 4.0 : see CAreadme.txt



0 BFC CERTIFY CCW



0 !HISTORY 1999-07-05 [PTadmin] Official Update 1999-05

0 !HISTORY 2002-04-04 [sbliss] Modified for BFC compliance

0 !HISTORY 2002-04-25 [PTadmin] Official Update 2002-02

0 !HISTORY 2007-06-24 [PTadmin] Header formatted for Contributor Agreement

0 !HISTORY 2008-07-01 [PTadmin] Official Update 2008-01

0 !HISTORY 2009-06-21 [cwdee] Update ring references to 4-4ring

0 !HISTORY 2009-09-03 [PTadmin] Official Update 2009-02





1 16 0 -4 0 4 0 0 0 1 0 0 0 4 4-4edge.dat

1 16 0 -4 0 6 0 0 0 1 0 0 0 6 4-4edge.dat

0 BFC INVERTNEXT

1 16 0 -4 0 4 0 0 0 4 0 0 0 4 4-4cyli.dat

1 16 0 -4 0 6 0 0 0 4 0 0 0 6 4-4cyli.dat

1 16 0 -4 0 2 0 0 0 1 0 0 0 2 4-4ring2.dat

0

0 NOFILE

0 FILE 4-4ring2.dat
0 Ring  2 x 1.0

0 Name: 4-4ring2.dat

0 Author: James Jessiman

0 !LDRAW_ORG Primitive UPDATE 2009-01

0 !LICENSE Licensed under CC BY 4.0 : see CAreadme.txt



0 BFC CERTIFY CCW



0 !HISTORY 1998-12-15 [PTadmin] Official Update 1998-10

0 !HISTORY 2002-04-05 [hafhead] Added BFC statement

0 !HISTORY 2002-04-25 [PTadmin] Official Update 2002-02

0 !HISTORY 2007-06-24 [PTadmin] Header formatted for Contributor Agreement

0 !HISTORY 2008-07-01 [PTadmin] Official Update 2008-01

0 !HISTORY 2008-08-26 [cwdee] Switch polygon winding and rename

0 !HISTORY 2009-05-02 [PTadmin] Official Update 2009-01





4 16 -1.1481 0 2.7717 -0.7654 0 1.8478 0 0 2 0 0 3

4 16 -2.1213 0 2.1213 -1.4142 0 1.4142 -0.7654 0 1.8478 -1.1481 0 2.7717

4 16 -2.7717 0 1.1481 -1.8478 0 0.7654 -1.4142 0 1.4142 -2.1213 0 2.1213

4 16 -3 0 0 -2 0 0 -1.8478 0 0.7654 -2.7717 0 1.1481

4 16 -2.7717 0 -1.1481 -1.8478 0 -0.7654 -2 0 0 -3 0 0

4 16 -2.1213 0 -2.1213 -1.4142 0 -1.4142 -1.8478 0 -0.7654 -2.7717 0 -1.1481

4 16 -1.1481 0 -2.7717 -0.7654 0 -1.8478 -1.4142 0 -1.4142 -2.1213 0 -2.1213

4 16 0 0 -3 0 0 -2 -0.7654 0 -1.8478 -1.1481 0 -2.7717

4 16 1.1481 0 -2.7717 0.7654 0 -1.8478 0 0 -2 0 0 -3

4 16 2.1213 0 -2.1213 1.4142 0 -1.4142 0.7654 0 -1.8478 1.1481 0 -2.7717

4 16 2.7717 0 -1.1481 1.8478 0 -0.7654 1.4142 0 -1.4142 2.1213 0 -2.1213

4 16 3 0 0 2 0 0 1.8478 0 -0.7654 2.7717 0 -1.1481

4 16 2.7717 0 1.1481 1.8478 0 0.7654 2 0 0 3 0 0

4 16 2.1213 0 2.1213 1.4142 0 1.4142 1.8478 0 0.7654 2.7717 0 1.1481

4 16 1.1481 0 2.7717 0.7654 0 1.8478 1.4142 0 1.4142 2.1213 0 2.1213

4 16 0 0 3 0 0 2 0.7654 0 1.8478 1.1481 0 2.7717

0

0 NOFILE

0 FILE 4-4cyli.dat
0 Cylinder 1.0

0 Name: 4-4cyli.dat

0 Author: James Jessiman

0 !LDRAW_ORG Primitive UPDATE 2005-01

0 !LICENSE Licensed under CC BY 4.0 : see CAreadme.txt



0 BFC CERTIFY CCW



0 !HISTORY 1998-12-15 [PTadmin] Official Update 1998-10

0 !HISTORY 2002-03-23 [sbliss] Added BFC statement; merged headers from files in distributions LDraw 0.27 and Complete.

0 !HISTORY 2002-04-25 [PTadmin] Official Update 2002-02

0 !HISTORY 2004-12-14 [guyvivan] BFC CCW

0 !HISTORY 2005-12-28 [PTadmin] Official Update 2005-01

0 !HISTORY 2007-06-24 [PTadmin] Header formatted for Contributor Agreement

0 !HISTORY 2008-07-01 [PTadmin] Official Update 2008-01





4 16 1 1 0 0.9239 1 0.3827 0.9239 0 0.3827 1 0 0

5 24 1 0 0 1 1 0 0.9239 0 0.3827 0.9239 0 -0.3827

4 16 0.9239 1 0.3827 0.7071 1 0.7071 0.7071 0 0.7071 0.9239 0 0.3827

5 24 0.9239 0 0.3827 0.9239 1 0.3827 0.7071 0 0.7071 1 0 0

4 16 0.7071 1 0.7071 0.3827 1 0.9239 0.3827 0 0.9239 0.7071 0 0.7071

5 24 0.7071 0 0.7071 0.7071 1 0.7071 0.3827 0 0.9239 0.9239 0 0.3827

4 16 0.3827 1 0.9239 0 1 1 0 0 1 0.3827 0 0.9239

5 24 0.3827 0 0.9239 0.3827 1 0.9239 0 0 1 0.7071 0 0.7071

4 16 0 1 1 -0.3827 1 0.9239 -0.3827 0 0.9239 0 0 1

5 24 0 0 1 0 1 1 -0.3827 0 0.9239 0.3827 0 0.9239

4 16 -0.3827 1 0.9239 -0.7071 1 0.7071 -0.7071 0 0.7071 -0.3827 0 0.9239

5 24 -0.3827 0 0.9239 -0.3827 1 0.9239 -0.7071 0 0.7071 0 0 1

4 16 -0.7071 1 0.7071 -0.9239 1 0.3827 -0.9239 0 0.3827 -0.7071 0 0.7071

5 24 -0.7071 0 0.7071 -0.7071 1 0.7071 -0.9239 0 0.3827 -0.3827 0 0.9239

4 16 -0.9239 1 0.3827 -1 1 0 -1 0 0 -0.9239 0 0.3827

5 24 -0.9239 0 0.3827 -0.9239 1 0.3827 -1 0 0 -0.7071 0 0.7071

4 16 -1 1 0 -0.9239 1 -0.3827 -0.9239 0 -0.3827 -1 0 0

5 24 -1 0 0 -1 1 0 -0.9239 0 -0.3827 -0.9239 0 0.3827

4 16 -0.9239 1 -0.3827 -0.7071 1 -0.7071 -0.7071 0 -0.7071 -0.9239 0 -0.3827

5 24 -0.9239 0 -0.3827 -0.9239 1 -0.3827 -0.7071 0 -0.7071 -1 0 0

4 16 -0.7071 1 -0.7071 -0.3827 1 -0.9239 -0.3827 0 -0.9239 -0.7071 0 -0.7071

5 24 -0.7071 0 -0.7071 -0.7071 1 -0.7071 -0.3827 0 -0.9239 -0.9239 0 -0.3827

4 16 -0.3827 1 -0.9239 0 1 -1 0 0 -1 -0.3827 0 -0.9239

5 24 -0.3827 0 -0.9239 -0.3827 1 -0.9239 0 0 -1 -0.7071 0 -0.7071

4 16 0 1 -1 0.3827 1 -0.9239 0.3827 0 -0.9239 0 0 -1

5 24 0 0 -1 0 1 -1 0.3827 0 -0.9239 -0.3827 0 -0.9239

4 16 0.3827 1 -0.9239 0.7071 1 -0.7071 0.7071 0 -0.7071 0.3827 0 -0.9239

5 24 0.3827 0 -0.9239 0.3827 1 -0.9239 0.7071 0 -0.7071 0 0 -1

4 16 0.7071 1 -0.7071 0.9239 1 -0.3827 0.9239 0 -0.3827 0.7071 0 -0.7071

5 24 0.7071 0 -0.7071 0.7071 1 -0.7071 0.9239 0 -0.3827 0.3827 0 -0.9239

4 16 0.9239 1 -0.3827 1 1 0 1 0 0 0.9239 0 -0.3827

5 24 0.9239 0 -0.3827 0.9239 1 -0.3827 1 0 0 0.7071 0 -0.7071

0

0 NOFILE

0 FILE 4-4ndis.dat
0 Disc Negative 1.0

0 Name: 4-4ndis.dat

0 Author: James Jessiman

0 !LDRAW_ORG Primitive UPDATE 2012-01

0 !LICENSE Licensed under CC BY 4.0 : see CAreadme.txt



0 BFC CERTIFY CCW



0 !HISTORY 2002-03-23 [sbliss] Added BFC statement; compacted code

0 !HISTORY 2002-04-25 [PTadmin] Official Update 2002-02

0 !HISTORY 2007-06-24 [PTadmin] Header formatted for Contributor Agreement

0 !HISTORY 2008-07-01 [PTadmin] Official Update 2008-01

0 !HISTORY 2012-02-16 [Philo] Changed to CCW

0 !HISTORY 2012-03-30 [PTadmin] Official Update 2012-01





3 16 0.9239 0 0.3827 1 0 0 1 0 1

3 16 0.7071 0 0.7071 0.9239 0 0.3827 1 0 1

3 16 0.3827 0 0.9239 0.7071 0 0.7071 1 0 1

3 16 0 0 1 0.3827 0 0.9239 1 0 1

3 16 -0.3827 0 0.9239 0 0 1 -1 0 1

3 16 -0.7071 0 0.7071 -0.3827 0 0.9239 -1 0 1

3 16 -0.9239 0 0.3827 -0.7071 0 0.7071 -1 0 1

3 16 -1 0 0 -0.9239 0 0.3827 -1 0 1

3 16 -0.9239 0 -0.3827 -1 0 0 -1 0 -1

3 16 -0.7071 0 -0.7071 -0.9239 0 -0.3827 -1 0 -1

3 16 -0.3827 0 -0.9239 -0.7071 0 -0.7071 -1 0 -1

3 16 0 0 -1 -0.3827 0 -0.9239 -1 0 -1

3 16 0.3827 0 -0.9239 0 0 -1 1 0 -1

3 16 0.7071 0 -0.7071 0.3827 0 -0.9239 1 0 -1

3 16 0.9239 0 -0.3827 0.7071 0 -0.7071 1 0 -1

3 16 1 0 0 0.9239 0 -0.3827 1 0 -1

0 NOFILE

0 FILE 4-4edge.dat
0 Circle 1.0

0 Name: 4-4edge.dat

0 Author: James Jessiman

0 !LDRAW_ORG Primitive UPDATE 2017-01

0 !LICENSE Licensed under CC BY 4.0 : see CAreadme.txt



0 BFC CERTIFY CCW



0 !HISTORY 1998-12-15 [PTadmin] Official Update 1998-10

0 !HISTORY 2005-12-28 [PTadmin] Official Update 2005-01

0 !HISTORY 2007-06-24 [PTadmin] Header formatted for Contributor Agreement

0 !HISTORY 2008-07-01 [PTadmin] Official Update 2008-01

0 !HISTORY 2017-01-15 [Steffen] BFCed

0 !HISTORY 2017-12-30 [PTadmin] Official Update 2017-01





2 24 1 0 0 0.9239 0 0.3827

2 24 0.9239 0 0.3827 0.7071 0 0.7071

2 24 0.7071 0 0.7071 0.3827 0 0.9239

2 24 0.3827 0 0.9239 0 0 1

2 24 0 0 1 -0.3827 0 0.9239

2 24 -0.3827 0 0.9239 -0.7071 0 0.7071

2 24 -0.7071 0 0.7071 -0.9239 0 0.3827

2 24 -0.9239 0 0.3827 -1 0 -0

2 24 -1 0 -0 -0.9239 0 -0.3827

2 24 -0.9239 0 -0.3827 -0.7071 0 -0.7071

2 24 -0.7071 0 -0.7071 -0.3827 0 -0.9239

2 24 -0.3827 0 -0.9239 0 0 -1

2 24 0 0 -1 0.3827 0 -0.9239

2 24 0.3827 0 -0.9239 0.7071 0 -0.7071

2 24 0.7071 0 -0.7071 0.9239 0 -0.3827

2 24 0.9239 0 -0.3827 1 0 0

0 NOFILE

0 FILE box0.dat
0 Box with 0 Faces and All Edges

0 Name: box0.dat

0 Author: Santeri Piippo [arezey]

0 !LDRAW_ORG Primitive UPDATE 2010-02

0 !LICENSE Licensed under CC BY 4.0 : see CAreadme.txt



0 BFC CERTIFY CCW



0 !HISTORY 2010-07-05 [PTadmin] Official Update 2010-02





2 24 -1 1 -1 1 1 -1

2 24 -1 -1 -1 1 -1 -1

2 24 1 1 1 1 1 -1

2 24 1 -1 1 1 -1 -1

2 24 -1 1 1 -1 1 -1

2 24 -1 -1 1 -1 -1 -1

2 24 1 1 1 -1 1 1

2 24 1 -1 1 -1 -1 1

2 24 1 -1 1 1 1 1

2 24 -1 -1 1 -1 1 1

2 24 -1 -1 -1 -1 1 -1

2 24 1 -1 -1 1 1 -1

0 //

0 NOFILE

0 FILE 35480.dat
0 Plate  1 x  2 with Round Ends and 2 Open Studs

0 Name: 35480.dat

0 Author: Magnus Forsberg [MagFors]

0 !LDRAW_ORG Part UPDATE 2018-01

0 !LICENSE Licensed under CC BY 4.0 : see CAreadme.txt



0 BFC CERTIFY CCW



0 !HISTORY 2018-01-30 [PTadmin] Official Update 2018-01





1 16 0 4 0 0 0 1 0 -1 0 -1 0 0 stud3.dat

1 16 10 8 0 0 0 2 0 -1 0 -2 0 0 2-4ring3.dat

1 16 10 8 0 0 0 2 0 -1 0 -2 0 0 2-4ring4.dat

0 BFC INVERTNEXT

1 16 10 4 0 0 0 6 0 4 0 -6 0 0 2-4cylo.dat

1 16 10 4 0 0 0 2 0 -1 0 -2 0 0 2-4ring2.dat

1 16 10 4 0 0 0 -4 0 -1 0 -4 0 0 2-4ndis.dat

1 16 10 4 0 0 0 4 0 1 0 -4 0 0 4-4edge.dat

0 BFC INVERTNEXT

1 16 10 4 0 0 0 4 0 -4 0 -4 0 0 4-4cyli.dat

1 16 10 0 0 0 0 10 0 8 0 -10 0 0 2-4cylo.dat

1 16 10 0 0 0 0 2 0 1 0 -2 0 0 2-4ring4.dat

1 16 10 0 0 0 0 2 0 1 0 -2 0 0 2-4ring3.dat

1 16 10 0 0 0 0 6 0 1 0 -6 0 0 4-4edge.dat

1 16 10 0 0 0 0 -6 0 1 0 -6 0 0 2-4ndis.dat

1 16 10 0 0 0 0 1 0 1 0 -1 0 0 stud2a.dat

3 16 6 4 -4 10 4 -4 10 4 -6

3 16 10 4 4 6 4 4 10 4 6

3 16 10 0 -6 4 0 -6 10 0 -8

3 16 4 0 6 10 0 6 10 0 8

2 24 10 4 -6 -10 4 -6

4 16 -4 0 -6 4 0 -6 4 0 0 -4 0 0

4 16 10 0 -8 4 0 -6 -4 0 -6 -10 0 -8

4 16 10 4 -6 -10 4 -6 -6 4 -4 6 4 -4

4 16 6 4 0 6 4 -4 -6 4 -4 -6 4 0

1 16 0 4 -8 -10 0 0 0 0 -4 0 -2 0 box3u10p.dat

1 16 0 6 -7 -10 0 0 0 0 2 0 1 0 box2-11.dat



1 16 -10 8 0 0 0 -2 0 -1 0 2 0 0 2-4ring3.dat

1 16 -10 8 0 0 0 -2 0 -1 0 2 0 0 2-4ring4.dat

0 BFC INVERTNEXT

1 16 -10 4 0 0 0 -6 0 4 0 6 0 0 2-4cylo.dat

1 16 -10 4 0 0 0 -2 0 -1 0 2 0 0 2-4ring2.dat

1 16 -10 4 0 0 0 4 0 -1 0 4 0 0 2-4ndis.dat

1 16 -10 4 0 0 0 -4 0 1 0 4 0 0 4-4edge.dat

0 BFC INVERTNEXT

1 16 -10 4 0 0 0 -4 0 -4 0 4 0 0 4-4cyli.dat

1 16 -10 0 0 0 0 -10 0 8 0 10 0 0 2-4cylo.dat

1 16 -10 0 0 0 0 -2 0 1 0 2 0 0 2-4ring4.dat

1 16 -10 0 0 0 0 -2 0 1 0 2 0 0 2-4ring3.dat

1 16 -10 0 0 0 0 -6 0 1 0 6 0 0 4-4edge.dat

1 16 -10 0 0 0 0 6 0 1 0 6 0 0 2-4ndis.dat

1 16 -10 0 0 0 0 -1 0 1 0 1 0 0 stud2a.dat

3 16 -6 4 4 -10 4 4 -10 4 6

3 16 -10 4 -4 -6 4 -4 -10 4 -6

3 16 -10 0 6 -4 0 6 -10 0 8

3 16 -4 0 -6 -10 0 -6 -10 0 -8

2 24 -10 4 6 10 4 6

4 16 4 0 6 -4 0 6 -4 0 0 4 0 0

4 16 -10 0 8 -4 0 6 4 0 6 10 0 8

4 16 -10 4 6 10 4 6 6 4 4 -6 4 4

4 16 -6 4 0 -6 4 4 6 4 4 6 4 0

1 16 0 4 8 10 0 0 0 0 -4 0 2 0 box3u10p.dat

1 16 0 6 7 10 0 0 0 0 2 0 -1 0 box2-11.dat

0 NOFILE

0 FILE box2-11.dat
0 Box with 2 Faces without 11 Edges

0 Name: box2-11.dat

0 Author: Steffen [Steffen]

0 !LDRAW_ORG Primitive UPDATE 2005-01

0 !LICENSE Licensed under CC BY 4.0 : see CAreadme.txt



0 BFC CERTIFY CCW



0 !HISTORY 2005-12-28 [PTadmin] Official Update 2005-01

0 !HISTORY 2007-06-24 [PTadmin] Header formatted for Contributor Agreement

0 !HISTORY 2008-07-01 [PTadmin] Official Update 2008-01





2 24 1 1 1 -1 1 1

4 16 1 1 1 1 1 -1 -1 1 -1 -1 1 1

4 16 1 1 1 -1 1 1 -1 -1 1 1 -1 1

0

0 NOFILE

0 FILE box3u10p.dat
0 Box with 3 Faces without 10 Parallel Edges

0 Name: box3u10p.dat

0 Author: Owen Burgoyne [C3POwen]

0 !LDRAW_ORG Primitive UPDATE 2014-01

0 !LICENSE Licensed under CC BY 4.0 : see CAreadme.txt



0 BFC CERTIFY CCW



0 !HISTORY 2014-06-21 [PTadmin] Official Update 2014-01





4 16 1 1 -1 -1 1 -1 -1 1 1 1 1 1

4 16 -1 1 1 -1 0 1 1 0 1 1 1 1

4 16 1 1 -1 1 0 -1 -1 0 -1 -1 1 -1

2 24 1 1 1 -1 1 1

2 24 -1 1 -1 1 1 -1

0 NOFILE

0 FILE 2-4ndis.dat
0 Disc Negative 0.5

0 Name: 2-4ndis.dat

0 Author: James Jessiman

0 !LDRAW_ORG Primitive UPDATE 2012-01

0 !LICENSE Licensed under CC BY 4.0 : see CAreadme.txt



0 BFC CERTIFY CCW



0 !HISTORY 2002-03-23 [sbliss] Added BFC statement; compacted code

0 !HISTORY 2002-04-25 [PTadmin] Official Update 2002-02

0 !HISTORY 2007-06-24 [PTadmin] Header formatted for Contributor Agreement

0 !HISTORY 2008-07-01 [PTadmin] Official Update 2008-01

0 !HISTORY 2012-02-16 [Philo] Changed to CCW

0 !HISTORY 2012-03-30 [PTadmin] Official Update 2012-01





3 16 0.9239 0 0.3827 1 0 0 1 0 1

3 16 0.7071 0 0.7071 0.9239 0 0.3827 1 0 1

3 16 0.3827 0 0.9239 0.7071 0 0.7071 1 0 1

3 16 0 0 1 0.3827 0 0.9239 1 0 1

3 16 -0.3827 0 0.9239 0 0 1 -1 0 1

3 16 -0.7071 0 0.7071 -0.3827 0 0.9239 -1 0 1

3 16 -0.9239 0 0.3827 -0.7071 0 0.7071 -1 0 1

3 16 -1 0 0 -0.9239 0 0.3827 -1 0 1

0 NOFILE

0 FILE 2-4ring2.dat
0 Ring  2 x 0.5

0 Name: 2-4ring2.dat

0 Author: Chris Dee [cwdee]

0 !LDRAW_ORG Primitive UPDATE 2012-01

0 !LICENSE Licensed under CC BY 4.0 : see CAreadme.txt



0 BFC CERTIFY CCW



0 !HISTORY 2001-10-26 [PTadmin] Official Update 2001-01

0 !HISTORY 2007-06-24 [PTadmin] Header formatted for Contributor Agreement

0 !HISTORY 2008-07-01 [PTadmin] Official Update 2008-01

0 !HISTORY 2012-02-16 [Philo] Changed to CCW

0 !HISTORY 2012-03-30 [PTadmin] Official Update 2012-01





4 16 3 0 0 2.7717 0 1.1481 1.8478 0 0.7654 2 0 0

4 16 2.7717 0 1.1481 2.1213 0 2.1213 1.4142 0 1.4142 1.8478 0 0.7654

4 16 2.1213 0 2.1213 1.1481 0 2.7717 0.7654 0 1.8478 1.4142 0 1.4142

4 16 1.1481 0 2.7717 0 0 3 0 0 2 0.7654 0 1.8478

4 16 0 0 3 -1.1481 0 2.7717 -0.7654 0 1.8478 0 0 2

4 16 -1.1481 0 2.7717 -2.1213 0 2.1213 -1.4142 0 1.4142 -0.7654 0 1.8478

4 16 -2.1213 0 2.1213 -2.7717 0 1.1481 -1.8478 0 0.7654 -1.4142 0 1.4142

4 16 -2.7717 0 1.1481 -3 0 0 -2 0 0 -1.8478 0 0.7654

0 NOFILE

0 FILE 2-4cylo.dat
0 Cylinder Open 0.5

0 Name: 2-4cylo.dat

0 Author: Max Martin Richter [MMR1988]

0 !LDRAW_ORG Primitive UPDATE 2010-03

0 !LICENSE Licensed under CC BY 4.0 : see CAreadme.txt



0 BFC CERTIFY CCW



0 !HISTORY 2010-12-31 [PTadmin] Official Update 2010-03





1 16 0 0 0 1 0 0 0 1 0 0 0 1 2-4edge.dat

1 16 0 1 0 1 0 0 0 1 0 0 0 1 2-4edge.dat

1 16 0 0 0 1 0 0 0 1 0 0 0 1 2-4cyli.dat

0 NOFILE

0 FILE 2-4cyli.dat
0 Cylinder 0.5

0 Name: 2-4cyli.dat

0 Author: James Jessiman

0 !LDRAW_ORG Primitive UPDATE 2005-01

0 !LICENSE Licensed under CC BY 4.0 : see CAreadme.txt



0 BFC CERTIFY CCW



0 !HISTORY 2002-03-23 [sbliss] Added BFC statement; compacted code

0 !HISTORY 2002-04-25 [PTadmin] Official Update 2002-02

0 !HISTORY 2004-12-11 [nielsk] Recreated using Primitive Generator, Edge lines fixed, BFC changed to CCW

0 !HISTORY 2005-12-28 [PTadmin] Official Update 2005-01

0 !HISTORY 2007-06-24 [PTadmin] Header formatted for Contributor Agreement

0 !HISTORY 2008-07-01 [PTadmin] Official Update 2008-01





4 16 .9239 1 .3827 .9239 0 .3827 1 0 0 1 1 0

4 16 .7071 1 .7071 .7071 0 .7071 .9239 0 .3827 .9239 1 .3827

4 16 .3827 1 .9239 .3827 0 .9239 .7071 0 .7071 .7071 1 .7071

4 16 0 1 1 0 0 1 .3827 0 .9239 .3827 1 .9239

4 16 -.3827 1 .9239 -.3827 0 .9239 0 0 1 0 1 1

4 16 -.7071 1 .7071 -.7071 0 .7071 -.3827 0 .9239 -.3827 1 .9239

4 16 -.9239 1 .3827 -.9239 0 .3827 -.7071 0 .7071 -.7071 1 .7071

4 16 -1 1 0 -1 0 0 -.9239 0 .3827 -.9239 1 .3827

5 24 1 1 0 1 0 0 1 1 -.4142 .9239 1 .3827

5 24 .9239 1 .3827 .9239 0 .3827 1 1 0 .7071 1 .7071

5 24 .7071 1 .7071 .7071 0 .7071 .9239 1 .3827 .3827 1 .9239

5 24 .3827 1 .9239 .3827 0 .9239 .7071 1 .7071 0 1 1

5 24 0 1 1 0 0 1 .3827 1 .9239 -.3827 1 .9239

5 24 -.3827 1 .9239 -.3827 0 .9239 0 1 1 -.7071 1 .7071

5 24 -.7071 1 .7071 -.7071 0 .7071 -.3827 1 .9239 -.9239 1 .3827

5 24 -.9239 1 .3827 -.9239 0 .3827 -.7071 1 .7071 -1 1 0

5 24 -1 1 0 -1 0 0 -.9239 1 .3827 -1 1 -.4142

0

0 NOFILE

0 FILE 2-4edge.dat
0 Circle 0.5

0 Name: 2-4edge.dat

0 Author: James Jessiman

0 !LDRAW_ORG Primitive UPDATE 2017-01

0 !LICENSE Licensed under CC BY 4.0 : see CAreadme.txt



0 BFC CERTIFY CCW



0 !HISTORY 2007-06-24 [PTadmin] Header formatted for Contributor Agreement

0 !HISTORY 2008-07-01 [PTadmin] Official Update 2008-01

0 !HISTORY 2017-01-15 [Steffen] BFCed

0 !HISTORY 2017-12-30 [PTadmin] Official Update 2017-01





2 24 1 0 0 0.9239 0 0.3827

2 24 0.9239 0 0.3827 0.7071 0 0.7071

2 24 0.7071 0 0.7071 0.3827 0 0.9239

2 24 0.3827 0 0.9239 0 0 1

2 24 0 0 1 -0.3827 0 0.9239

2 24 -0.3827 0 0.9239 -0.7071 0 0.7071

2 24 -0.7071 0 0.7071 -0.9239 0 0.3827

2 24 -0.9239 0 0.3827 -1 0 0

0 NOFILE

0 FILE 2-4ring4.dat
0 Ring  4 x 0.5

0 Name: 2-4ring4.dat

0 Author: Paul Easter [pneaster]

0 !LDRAW_ORG Primitive UPDATE 2012-01

0 !LICENSE Licensed under CC BY 4.0 : see CAreadme.txt



0 BFC CERTIFY CCW



0 !HISTORY 2000-09-30 [PTadmin] Official Update 2000-02

0 !HISTORY 2003-06-11 [pneaster] Corrected Values

0 !HISTORY 2003-08-01 [PTadmin] Official Update 2003-02

0 !HISTORY 2007-06-24 [PTadmin] Header formatted for Contributor Agreement

0 !HISTORY 2008-07-01 [PTadmin] Official Update 2008-01

0 !HISTORY 2012-02-16 [Philo] Changed to CCW

0 !HISTORY 2012-03-30 [PTadmin] Official Update 2012-01





4 16 5 0 0 4.6195 0 1.9135 3.6956 0 1.5308 4 0 0

4 16 4.6195 0 1.9135 3.5355 0 3.5355 2.8284 0 2.8284 3.6956 0 1.5308

4 16 3.5355 0 3.5355 1.9135 0 4.6195 1.5308 0 3.6956 2.8284 0 2.8284

4 16 1.9135 0 4.6195 0 0 5 0 0 4 1.5308 0 3.6956

4 16 0 0 5 -1.9135 0 4.6195 -1.5308 0 3.6956 0 0 4

4 16 -1.9135 0 4.6195 -3.5355 0 3.5355 -2.8284 0 2.8284 -1.5308 0 3.6956

4 16 -3.5355 0 3.5355 -4.6195 0 1.9135 -3.6956 0 1.5308 -2.8284 0 2.8284

4 16 -4.6195 0 1.9135 -5 0 0 -4 0 0 -3.6956 0 1.5308

0 NOFILE

0 FILE 2-4ring3.dat
0 Ring  3 x 0.5

0 Name: 2-4ring3.dat

0 Author: James Jessiman

0 !LDRAW_ORG Primitive UPDATE 2012-01

0 !LICENSE Licensed under CC BY 4.0 : see CAreadme.txt



0 BFC CERTIFY CCW



0 !HISTORY 1998-12-15 [PTadmin] Official Update 1998-10

0 !HISTORY 2003-01-21 [cavehop] Update Added BFC and some header info

0 !HISTORY 2003-03-12 [PTadmin] Official Update 2003-01

0 !HISTORY 2003-08-01 [PTadmin] Official Update 2003-02

0 !HISTORY 2007-06-24 [PTadmin] Header formatted for Contributor Agreement

0 !HISTORY 2008-07-01 [PTadmin] Official Update 2008-01

0 !HISTORY 2012-02-16 [Philo] Changed to CCW

0 !HISTORY 2012-03-30 [PTadmin] Official Update 2012-01





4 16 4 0 0 3.6956 0 1.5308 2.7717 0 1.1481 3 0 0

4 16 3.6956 0 1.5308 2.8284 0 2.8284 2.1213 0 2.1213 2.7717 0 1.1481

4 16 2.8284 0 2.8284 1.5308 0 3.6956 1.1481 0 2.7717 2.1213 0 2.1213

4 16 1.5308 0 3.6956 0 0 4 0 0 3 1.1481 0 2.7717

4 16 0 0 4 -1.5308 0 3.6956 -1.1481 0 2.7717 0 0 3

4 16 -1.5308 0 3.6956 -2.8284 0 2.8284 -2.1213 0 2.1213 -1.1481 0 2.7717

4 16 -2.8284 0 2.8284 -3.6956 0 1.5308 -2.7717 0 1.1481 -2.1213 0 2.1213

4 16 -3.6956 0 1.5308 -4 0 0 -3 0 0 -2.7717 0 1.1481

0 NOFILE

0 FILE stud3.dat
0 Stud Tube Solid

0 Name: stud3.dat

0 Author: James Jessiman

0 !LDRAW_ORG Primitive UPDATE 2012-01

0 !LICENSE Licensed under CC BY 4.0 : see CAreadme.txt



0 BFC CERTIFY CCW



0 !HISTORY 2002-04-04 [sbliss] Modified for BFC compliance

0 !HISTORY 2002-04-25 [PTadmin] Official Update 2002-02

0 !HISTORY 2007-06-24 [PTadmin] Header formatted for Contributor Agreement

0 !HISTORY 2008-07-01 [PTadmin] Official Update 2008-01

0 !HISTORY 2012-02-16 [Philo] Changed to CCW

0 !HISTORY 2012-03-30 [PTadmin] Official Update 2012-01





1 16 0 -4 0 4 0 0 0 1 0 0 0 4 4-4edge.dat

1 16 0 0 0 4 0 0 0 1 0 0 0 4 4-4edge.dat

1 16 0 -4 0 4 0 0 0 1 0 0 0 4 4-4disc.dat

1 16 0 -4 0 4 0 0 0 4 0 0 0 4 4-4cyli.dat

0 NOFILE

0 FILE 4-4disc.dat
0 Disc 1.0

0 Name: 4-4disc.dat

0 Author: James Jessiman

0 !LDRAW_ORG Primitive UPDATE 2002-02

0 !LICENSE Licensed under CC BY 4.0 : see CAreadme.txt



0 BFC CERTIFY CCW



0 !HISTORY 1998-12-15 [PTadmin] Official Update 1998-10

0 !HISTORY 2002-03-23 [sbliss] Added BFC statement

0 !HISTORY 2002-04-25 [PTadmin] Official Update 2002-02

0 !HISTORY 2007-06-24 [PTadmin] Header formatted for Contributor Agreement

0 !HISTORY 2008-07-01 [PTadmin] Official Update 2008-01





3 16 0 0 0 1 0 0 0.9239 0 0.3827

3 16 0 0 0 0.9239 0 0.3827 0.7071 0 0.7071

3 16 0 0 0 0.7071 0 0.7071 0.3827 0 0.9239

3 16 0 0 0 0.3827 0 0.9239 0 0 1

3 16 0 0 0 0 0 1 -0.3827 0 0.9239

3 16 0 0 0 -0.3827 0 0.9239 -0.7071 0 0.7071

3 16 0 0 0 -0.7071 0 0.7071 -0.9239 0 0.3827

3 16 0 0 0 -0.9239 0 0.3827 -1 0 -0

3 16 0 0 0 -1 0 -0 -0.9239 0 -0.3827

3 16 0 0 0 -0.9239 0 -0.3827 -0.7071 0 -0.7071

3 16 0 0 0 -0.7071 0 -0.7071 -0.3827 0 -0.9239

3 16 0 0 0 -0.3827 0 -0.9239 0 0 -1

3 16 0 0 0 0 0 -1 0.3827 0 -0.9239

3 16 0 0 0 0.3827 0 -0.9239 0.7071 0 -0.7071

3 16 0 0 0 0.7071 0 -0.7071 0.9239 0 -0.3827

3 16 0 0 0 0.9239 0 -0.3827 1 0 0

0

0 NOFILE

0 FILE 11610.dat
0 Cone  1 x  1 Inverted with Shaft

0 Name: 11610.dat

0 Author: Owen Burgoyne [C3POwen]

0 !LDRAW_ORG Part UPDATE 2013-01

0 !LICENSE Licensed under CC BY 4.0 : see CAreadme.txt



0 !HELP Centre of shaft at +Y 26

0 !HELP Central hole narrows at +Y 14.5



0 BFC CERTIFY CCW



0 !KEYWORDS Friends, ice cream cone



0 !HISTORY 2013-07-21 [PTadmin] Official Update 2013-01





1 16 0 32.5 0 4 0 0 0 -13 0 0 0 -4 4-4cylc.dat

1 16 0 19.5 0 1 0 0 0 -1 0 0 0 -1 4-4ring4.dat

1 16 0 19.5 0 5 0 0 0 1 0 0 0 5 4-4edge.dat

1 16 0 19.5 0 1 0 0 0 1 0 0 0 1 4-4disc.dat

1 16 0 19.5 0 1 0 0 0 1 0 0 0 1 4-4edge.dat

0 BFC INVERTNEXT

1 16 0 18.5 0 0.5 0 0 0 1 0 0 0 0.5 4-4con2.dat

0 BFC INVERTNEXT

1 16 0 15.5 0 1.5 0 0 0 3 0 0 0 1.5 4-4con1.dat

0 BFC INVERTNEXT

1 16 0 14.5 0 0.5 0 0 0 1 0 0 0 0.5 4-4con6.dat

1 16 0 14.5 0 3.5 0 0 0 1 0 0 0 3.5 4-4edge.dat

0 BFC INVERTNEXT

1 16 0 0 0 3.5 0 0 0 14.5 0 0 0 3.5 4-4cyli.dat

1 16 0 0 0 3.5 0 0 0 1 0 0 0 3.5 4-4edge.dat

1 16 0 0 0 5 0 0 0 19.5 0 0 0 5 4-4con1.dat

1 16 0 0 0 10 0 0 0 1 0 0 0 10 4-4edge.dat

1 16 0 0 0 0.5 0 0 0 1 0 0 0 0.5 4-4ring7.dat

1 16 0 0 0 2 0 0 0 1 0 0 0 2 4-4ring3.dat

1 16 0 0 0 2 0 0 0 1 0 0 0 2 4-4ring4.dat

1 16 0 0 0 1 0 0 0 1 0 0 0 1 stud2a.dat

1 16 0 0 0 4 0 0 0 1 0 0 0 4 4-4edge.dat

1 16 0 0 0 6 0 0 0 1 0 0 0 6 4-4edge.dat

0 NOFILE

0 FILE 4-4ring3.dat
0 Ring  3 x 1.0

0 Name: 4-4ring3.dat

0 Author: James Jessiman

0 !LDRAW_ORG Primitive UPDATE 2009-01

0 !LICENSE Licensed under CC BY 4.0 : see CAreadme.txt



0 BFC CERTIFY CCW



0 !HISTORY 1998-12-15 [PTadmin] Official Update 1998-10

0 !HISTORY 2002-04-05 [hafhead] Added BFC statement

0 !HISTORY 2002-04-25 [PTadmin] Official Update 2002-02

0 !HISTORY 2007-06-24 [PTadmin] Header formatted for Contributor Agreement

0 !HISTORY 2008-07-01 [PTadmin] Official Update 2008-01

0 !HISTORY 2008-08-26 [cwdee] Switch polygon winding and rename

0 !HISTORY 2009-05-02 [PTadmin] Official Update 2009-01





4 16 -1.5308 0 3.6956 -1.1481 0 2.7717 0 0 3 0 0 4

4 16 -2.8284 0 2.8284 -2.1213 0 2.1213 -1.1481 0 2.7717 -1.5308 0 3.6956

4 16 -3.6956 0 1.5308 -2.7717 0 1.1481 -2.1213 0 2.1213 -2.8284 0 2.8284

4 16 -4 0 0 -3 0 0 -2.7717 0 1.1481 -3.6956 0 1.5308

4 16 -3.6956 0 -1.5308 -2.7717 0 -1.1481 -3 0 0 -4 0 0

4 16 -2.8284 0 -2.8284 -2.1213 0 -2.1213 -2.7717 0 -1.1481 -3.6956 0 -1.5308

4 16 -1.5308 0 -3.6956 -1.1481 0 -2.7717 -2.1213 0 -2.1213 -2.8284 0 -2.8284

4 16 0 0 -4 0 0 -3 -1.1481 0 -2.7717 -1.5308 0 -3.6956

4 16 1.5308 0 -3.6956 1.1481 0 -2.7717 0 0 -3 0 0 -4

4 16 2.8284 0 -2.8284 2.1213 0 -2.1213 1.1481 0 -2.7717 1.5308 0 -3.6956

4 16 3.6956 0 -1.5308 2.7717 0 -1.1481 2.1213 0 -2.1213 2.8284 0 -2.8284

4 16 4 0 0 3 0 0 2.7717 0 -1.1481 3.6956 0 -1.5308

4 16 3.6956 0 1.5308 2.7717 0 1.1481 3 0 0 4 0 0

4 16 2.8284 0 2.8284 2.1213 0 2.1213 2.7717 0 1.1481 3.6956 0 1.5308

4 16 1.5308 0 3.6956 1.1481 0 2.7717 2.1213 0 2.1213 2.8284 0 2.8284

4 16 0 0 4 0 0 3 1.1481 0 2.7717 1.5308 0 3.6956

0

0 NOFILE

0 FILE 4-4ring7.dat
0 Ring  7 x 1.0

0 Name: 4-4ring7.dat

0 Author: James Jessiman

0 !LDRAW_ORG Primitive UPDATE 2009-01

0 !LICENSE Licensed under CC BY 4.0 : see CAreadme.txt



0 BFC CERTIFY CCW



0 !HISTORY 1998-12-15 [PTadmin] Official Update 1998-10

0 !HISTORY 2002-04-05 [hafhead] Added BFC statement

0 !HISTORY 2002-04-25 [PTadmin] Official Update 2002-02

0 !HISTORY 2007-06-24 [PTadmin] Header formatted for Contributor Agreement

0 !HISTORY 2008-07-01 [PTadmin] Official Update 2008-01

0 !HISTORY 2008-08-26 [cwdee] Switch polygon winding and rename

0 !HISTORY 2009-05-02 [PTadmin] Official Update 2009-01





4 16 -3.0616 0 7.3912 -2.6789 0 6.4673 0 0 7 0 0 8

4 16 -5.6568 0 5.6568 -4.9497 0 4.9497 -2.6789 0 6.4673 -3.0616 0 7.3912

4 16 -7.3912 0 3.0616 -6.4673 0 2.6789 -4.9497 0 4.9497 -5.6568 0 5.6568

4 16 -8 0 0 -7 0 0 -6.4673 0 2.6789 -7.3912 0 3.0616

4 16 -7.3912 0 -3.0616 -6.4673 0 -2.6789 -7 0 0 -8 0 0

4 16 -5.6568 0 -5.6568 -4.9497 0 -4.9497 -6.4673 0 -2.6789 -7.3912 0 -3.0616

4 16 -3.0616 0 -7.3912 -2.6789 0 -6.4673 -4.9497 0 -4.9497 -5.6568 0 -5.6568

4 16 0 0 -8 0 0 -7 -2.6789 0 -6.4673 -3.0616 0 -7.3912

4 16 3.0616 0 -7.3912 2.6789 0 -6.4673 0 0 -7 0 0 -8

4 16 5.6568 0 -5.6568 4.9497 0 -4.9497 2.6789 0 -6.4673 3.0616 0 -7.3912

4 16 7.3912 0 -3.0616 6.4673 0 -2.6789 4.9497 0 -4.9497 5.6568 0 -5.6568

4 16 8 0 0 7 0 0 6.4673 0 -2.6789 7.3912 0 -3.0616

4 16 7.3912 0 3.0616 6.4673 0 2.6789 7 0 0 8 0 0

4 16 5.6568 0 5.6568 4.9497 0 4.9497 6.4673 0 2.6789 7.3912 0 3.0616

4 16 3.0616 0 7.3912 2.6789 0 6.4673 4.9497 0 4.9497 5.6568 0 5.6568

4 16 0 0 8 0 0 7 2.6789 0 6.4673 3.0616 0 7.3912

0

0 NOFILE

0 FILE 4-4con6.dat
0 Cone  6 x 1.0

0 Name: 4-4con6.dat

0 Author: Niels Karsdorp [nielsk]

0 !LDRAW_ORG Primitive UPDATE 2004-04

0 !LICENSE Licensed under CC BY 4.0 : see CAreadme.txt



0 BFC CERTIFY CCW



0 !HISTORY 2004-11-06 [PTadmin] Official Update 2004-04

0 !HISTORY 2007-06-24 [PTadmin] Header formatted for Contributor Agreement

0 !HISTORY 2008-07-01 [PTadmin] Official Update 2008-01





5 24 6 1 0 7 0 0 5.5434 1 2.2962 5.5434 1 -2.2962

5 24 5.5434 1 2.2962 6.4673 0 2.6789 4.2426 1 4.2426 6 1 0

5 24 4.2426 1 4.2426 4.9497 0 4.9497 2.2962 1 5.5434 5.5434 1 2.2962

5 24 2.2962 1 5.5434 2.6789 0 6.4673 0 1 6 4.2426 1 4.2426

5 24 0 1 6 0 0 7 -2.2962 1 5.5434 2.2962 1 5.5434

5 24 -2.2962 1 5.5434 -2.6789 0 6.4673 -4.2426 1 4.2426 0 1 6

5 24 -4.2426 1 4.2426 -4.9497 0 4.9497 -5.5434 1 2.2962 -2.2962 1 5.5434

5 24 -5.5434 1 2.2962 -6.4673 0 2.6789 -6 1 0 -4.2426 1 4.2426

5 24 -6 1 0 -7 0 0 -5.5434 1 -2.2962 -5.5434 1 2.2962

5 24 -5.5434 1 -2.2962 -6.4673 0 -2.6789 -4.2426 1 -4.2426 -6 1 0

5 24 -4.2426 1 -4.2426 -4.9497 0 -4.9497 -2.2962 1 -5.5434 -5.5434 1 -2.2962

5 24 -2.2962 1 -5.5434 -2.6789 0 -6.4673 0 1 -6 -4.2426 1 -4.2426

5 24 0 1 -6 0 0 -7 2.2962 1 -5.5434 -2.2962 1 -5.5434

5 24 2.2962 1 -5.5434 2.6789 0 -6.4673 4.2426 1 -4.2426 0 1 -6

5 24 4.2426 1 -4.2426 4.9497 0 -4.9497 5.5434 1 -2.2962 2.2962 1 -5.5434

5 24 5.5434 1 -2.2962 6.4673 0 -2.6789 6 1 0 4.2426 1 -4.2426



4 16 6 1 0 5.5434 1 2.2962 6.4673 0 2.6789 7 0 0

4 16 5.5434 1 2.2962 4.2426 1 4.2426 4.9497 0 4.9497 6.4673 0 2.6789

4 16 4.2426 1 4.2426 2.2962 1 5.5434 2.6789 0 6.4673 4.9497 0 4.9497

4 16 2.2962 1 5.5434 0 1 6 0 0 7 2.6789 0 6.4673

4 16 0 1 6 -2.2962 1 5.5434 -2.6789 0 6.4673 0 0 7

4 16 -2.2962 1 5.5434 -4.2426 1 4.2426 -4.9497 0 4.9497 -2.6789 0 6.4673

4 16 -4.2426 1 4.2426 -5.5434 1 2.2962 -6.4673 0 2.6789 -4.9497 0 4.9497

4 16 -5.5434 1 2.2962 -6 1 0 -7 0 0 -6.4673 0 2.6789

4 16 -6 1 0 -5.5434 1 -2.2962 -6.4673 0 -2.6789 -7 0 0

4 16 -5.5434 1 -2.2962 -4.2426 1 -4.2426 -4.9497 0 -4.9497 -6.4673 0 -2.6789

4 16 -4.2426 1 -4.2426 -2.2962 1 -5.5434 -2.6789 0 -6.4673 -4.9497 0 -4.9497

4 16 -2.2962 1 -5.5434 0 1 -6 0 0 -7 -2.6789 0 -6.4673

4 16 0 1 -6 2.2962 1 -5.5434 2.6789 0 -6.4673 0 0 -7

4 16 2.2962 1 -5.5434 4.2426 1 -4.2426 4.9497 0 -4.9497 2.6789 0 -6.4673

4 16 4.2426 1 -4.2426 5.5434 1 -2.2962 6.4673 0 -2.6789 4.9497 0 -4.9497

4 16 5.5434 1 -2.2962 6 1 0 7 0 0 6.4673 0 -2.6789



0



0 NOFILE

0 FILE 4-4con1.dat
0 Cone  1 x 1.0

0 Name: 4-4con1.dat

0 Author: Steve Bliss [sbliss]

0 !LDRAW_ORG Primitive UPDATE 2012-01

0 !LICENSE Licensed under CC BY 4.0 : see CAreadme.txt



0 BFC CERTIFY CCW



0 !HISTORY 1999-08-19 [sbliss] Renamed 4-4con12.dat to 4-4con1.dat, Moved all conditional lines before quads

0 !HISTORY 2000-05-07 [PTadmin] Official Update 2000-01

0 !HISTORY 2002-12-11 [cwdee] Standardised title and made BFC compliant

0 !HISTORY 2003-08-01 [PTadmin] Official Update 2003-02

0 !HISTORY 2007-06-24 [PTadmin] Header formatted for Contributor Agreement

0 !HISTORY 2008-07-01 [PTadmin] Official Update 2008-01

0 !HISTORY 2012-02-16 [Philo] Changed to CCW, reordered

0 !HISTORY 2012-03-30 [PTadmin] Official Update 2012-01





5 24 1 1 0 2 0 0 0.9239 1 -0.3827 0.9239 1 0.3827

5 24 0.9239 1 0.3827 1.8478 0 0.7654 1 1 0 0.7071 1 0.7071

5 24 0.7071 1 0.7071 1.4142 0 1.4142 0.9239 1 0.3827 0.3827 1 0.9239

5 24 0.3827 1 0.9239 0.7654 0 1.8478 0.7071 1 0.7071 0 1 1

5 24 0 1 1 0 0 2 0.3827 1 0.9239 -0.3827 1 0.9239

5 24 -0.3827 1 0.9239 -0.7654 0 1.8478 0 1 1 -0.7071 1 0.7071

5 24 -0.7071 1 0.7071 -1.4142 0 1.4142 -0.3827 1 0.9239 -0.9239 1 0.3827

5 24 -0.9239 1 0.3827 -1.8478 0 0.7654 -0.7071 1 0.7071 -1 1 0

5 24 -1 1 0 -2 0 0 -0.9239 1 0.3827 -0.9239 1 -0.3827

5 24 -0.9239 1 -0.3827 -1.8478 0 -0.7654 -1 1 0 -0.7071 1 -0.7071

5 24 -0.7071 1 -0.7071 -1.4142 0 -1.4142 -0.9239 1 -0.3827 -0.3827 1 -0.9239

5 24 -0.3827 1 -0.9239 -0.7654 0 -1.8478 -0.7071 1 -0.7071 0 1 -1

5 24 0 1 -1 0 0 -2 -0.3827 1 -0.9239 0.3827 1 -0.9239

5 24 0.3827 1 -0.9239 0.7654 0 -1.8478 0 1 -1 0.7071 1 -0.7071

5 24 0.7071 1 -0.7071 1.4142 0 -1.4142 0.3827 1 -0.9239 0.9239 1 -0.3827

5 24 0.9239 1 -0.3827 1.8478 0 -0.7654 0.7071 1 -0.7071 1 1 0



4 16 2 0 0 1 1 0 0.9239 1 0.3827 1.8478 0 0.7654

4 16 1.8478 0 0.7654 0.9239 1 0.3827 0.7071 1 0.7071 1.4142 0 1.4142

4 16 1.4142 0 1.4142 0.7071 1 0.7071 0.3827 1 0.9239 0.7654 0 1.8478

4 16 0.7654 0 1.8478 0.3827 1 0.9239 0 1 1 0 0 2

4 16 0 0 2 0 1 1 -0.3827 1 0.9239 -0.7654 0 1.8478

4 16 -0.7654 0 1.8478 -0.3827 1 0.9239 -0.7071 1 0.7071 -1.4142 0 1.4142

4 16 -1.4142 0 1.4142 -0.7071 1 0.7071 -0.9239 1 0.3827 -1.8478 0 0.7654

4 16 -1.8478 0 0.7654 -0.9239 1 0.3827 -1 1 0 -2 0 0

4 16 -2 0 0 -1 1 0 -0.9239 1 -0.3827 -1.8478 0 -0.7654

4 16 -1.8478 0 -0.7654 -0.9239 1 -0.3827 -0.7071 1 -0.7071 -1.4142 0 -1.4142

4 16 -1.4142 0 -1.4142 -0.7071 1 -0.7071 -0.3827 1 -0.9239 -0.7654 0 -1.8478

4 16 -0.7654 0 -1.8478 -0.3827 1 -0.9239 0 1 -1 0 0 -2

4 16 0 0 -2 0 1 -1 0.3827 1 -0.9239 0.7654 0 -1.8478

4 16 0.7654 0 -1.8478 0.3827 1 -0.9239 0.7071 1 -0.7071 1.4142 0 -1.4142

4 16 1.4142 0 -1.4142 0.7071 1 -0.7071 0.9239 1 -0.3827 1.8478 0 -0.7654

4 16 1.8478 0 -0.7654 0.9239 1 -0.3827 1 1 0 2 0 0

0 NOFILE

0 FILE 4-4con2.dat
0 Cone  2 x 1.0

0 Name: 4-4con2.dat

0 Author: Willy Tschager [Holly-Wood]

0 !LDRAW_ORG Primitive UPDATE 2024-01

0 !LICENSE Licensed under CC BY 4.0 : see CAreadme.txt



0 BFC CERTIFY CCW



0 !HISTORY 2004-03-02 [PTadmin] Official Update 2004-01

0 !HISTORY 2007-06-24 [PTadmin] Header formatted for Contributor Agreement

0 !HISTORY 2008-07-01 [PTadmin] Official Update 2008-01

0 !HISTORY 2012-02-16 [Philo] Changed to CCW

0 !HISTORY 2012-03-30 [PTadmin] Official Update 2012-01

0 !HISTORY 2024-01-04 [Holly-Wood] Complete regeneration, original by jriley

0 !HISTORY 2024-01-29 [OrionP] Official Update 2024-01



4 16 2 1 0 1.8478 1 0.7654 2.7717 0 1.1481 3 0 0

4 16 1.8478 1 0.7654 1.4142 1 1.4142 2.1213 0 2.1213 2.7717 0 1.1481

4 16 1.4142 1 1.4142 0.7654 1 1.8478 1.1481 0 2.7717 2.1213 0 2.1213

4 16 0.7654 1 1.8478 0 1 2 0 0 3 1.1481 0 2.7717

4 16 0 1 2 -0.7654 1 1.8478 -1.1481 0 2.7717 0 0 3

4 16 -0.7654 1 1.8478 -1.4142 1 1.4142 -2.1213 0 2.1213 -1.1481 0 2.7717

4 16 -1.4142 1 1.4142 -1.8478 1 0.7654 -2.7717 0 1.1481 -2.1213 0 2.1213

4 16 -1.8478 1 0.7654 -2 1 0 -3 0 0 -2.7717 0 1.1481

4 16 -2 1 0 -1.8478 1 -0.7654 -2.7717 0 -1.1481 -3 0 0

4 16 -1.8478 1 -0.7654 -1.4142 1 -1.4142 -2.1213 0 -2.1213 -2.7717 0 -1.1481

4 16 -1.4142 1 -1.4142 -0.7654 1 -1.8478 -1.1481 0 -2.7717 -2.1213 0 -2.1213

4 16 -0.7654 1 -1.8478 0 1 -2 0 0 -3 -1.1481 0 -2.7717

4 16 0 1 -2 0.7654 1 -1.8478 1.1481 0 -2.7717 0 0 -3

4 16 0.7654 1 -1.8478 1.4142 1 -1.4142 2.1213 0 -2.1213 1.1481 0 -2.7717

4 16 1.4142 1 -1.4142 1.8478 1 -0.7654 2.7717 0 -1.1481 2.1213 0 -2.1213

4 16 1.8478 1 -0.7654 2 1 0 3 0 0 2.7717 0 -1.1481

0 // conditional lines

5 24 2 1 0 3 0 0 1.8478 1 -0.7654 1.8478 1 0.7654

5 24 1.8478 1 0.7654 2.7717 0 1.1481 2 1 0 1.4142 1 1.4142

5 24 1.4142 1 1.4142 2.1213 0 2.1213 1.8478 1 0.7654 0.7654 1 1.8478

5 24 0.7654 1 1.8478 1.1481 0 2.7717 1.4142 1 1.4142 0 1 2

5 24 0 1 2 0 0 3 0.7654 1 1.8478 -0.7654 1 1.8478

5 24 -0.7654 1 1.8478 -1.1481 0 2.7717 0 1 2 -1.4142 1 1.4142

5 24 -1.4142 1 1.4142 -2.1213 0 2.1213 -0.7654 1 1.8478 -1.8478 1 0.7654

5 24 -1.8478 1 0.7654 -2.7717 0 1.1481 -1.4142 1 1.4142 -2 1 0

5 24 -2 1 0 -3 0 0 -1.8478 1 0.7654 -1.8478 1 -0.7654

5 24 -1.8478 1 -0.7654 -2.7717 0 -1.1481 -2 1 0 -1.4142 1 -1.4142

5 24 -1.4142 1 -1.4142 -2.1213 0 -2.1213 -1.8478 1 -0.7654 -0.7654 1 -1.8478

5 24 -0.7654 1 -1.8478 -1.1481 0 -2.7717 -1.4142 1 -1.4142 0 1 -2

5 24 0 1 -2 0 0 -3 -0.7654 1 -1.8478 0.7654 1 -1.8478

5 24 0.7654 1 -1.8478 1.1481 0 -2.7717 0 1 -2 1.4142 1 -1.4142

5 24 1.4142 1 -1.4142 2.1213 0 -2.1213 0.7654 1 -1.8478 1.8478 1 -0.7654

5 24 1.8478 1 -0.7654 2.7717 0 -1.1481 1.4142 1 -1.4142 2 1 0

0 // Build by LDPartEditor (PrimGen 2.X)

0 NOFILE

0 FILE 4-4ring4.dat
0 Ring  4 x 1.0

0 Name: 4-4ring4.dat

0 Author: James Jessiman

0 !LDRAW_ORG Primitive UPDATE 2009-01

0 !LICENSE Licensed under CC BY 4.0 : see CAreadme.txt



0 BFC CERTIFY CCW



0 !HISTORY 1998-12-15 [PTadmin] Official Update 1998-10

0 !HISTORY 2002-04-08 [BrickCaster] Modified for BFC compliance

0 !HISTORY 2002-04-25 [PTadmin] Official Update 2002-02

0 !HISTORY 2007-06-24 [PTadmin] Header formatted for Contributor Agreement

0 !HISTORY 2008-07-01 [PTadmin] Official Update 2008-01

0 !HISTORY 2008-08-26 [cwdee] Switch polygon winding and rename

0 !HISTORY 2009-05-02 [PTadmin] Official Update 2009-01





4 16 -1.9135 0 4.6195 -1.5308 0 3.6956 0 0 4 0 0 5

4 16 -3.5355 0 3.5355 -2.8284 0 2.8284 -1.5308 0 3.6956 -1.9135 0 4.6195

4 16 -4.6195 0 1.9135 -3.6956 0 1.5308 -2.8284 0 2.8284 -3.5355 0 3.5355

4 16 -5 0 0 -4 0 0 -3.6956 0 1.5308 -4.6195 0 1.9135

4 16 -4.6195 0 -1.9135 -3.6956 0 -1.5308 -4 0 0 -5 0 0

4 16 -3.5355 0 -3.5355 -2.8284 0 -2.8284 -3.6956 0 -1.5308 -4.6195 0 -1.9135

4 16 -1.9135 0 -4.6195 -1.5308 0 -3.6956 -2.8284 0 -2.8284 -3.5355 0 -3.5355

4 16 0 0 -5 0 0 -4 -1.5308 0 -3.6956 -1.9135 0 -4.6195

4 16 1.9135 0 -4.6195 1.5308 0 -3.6956 0 0 -4 0 0 -5

4 16 3.5355 0 -3.5355 2.8284 0 -2.8284 1.5308 0 -3.6956 1.9135 0 -4.6195

4 16 4.6195 0 -1.9135 3.6956 0 -1.5308 2.8284 0 -2.8284 3.5355 0 -3.5355

4 16 5 0 0 4 0 0 3.6956 0 -1.5308 4.6195 0 -1.9135

4 16 4.6195 0 1.9135 3.6956 0 1.5308 4 0 0 5 0 0

4 16 3.5355 0 3.5355 2.8284 0 2.8284 3.6956 0 1.5308 4.6195 0 1.9135

4 16 1.9135 0 4.6195 1.5308 0 3.6956 2.8284 0 2.8284 3.5355 0 3.5355

4 16 0 0 5 0 0 4 1.5308 0 3.6956 1.9135 0 4.6195

0

0 NOFILE

0 FILE 4-4cylc.dat
0 Cylinder Closed 1.0

0 Name: 4-4cylc.dat

0 Author: Alex Taylor [anathema]

0 !LDRAW_ORG Primitive UPDATE 2009-02

0 !LICENSE Licensed under CC BY 4.0 : see CAreadme.txt



0 BFC CERTIFY CCW



0 !HISTORY 2008-12-29 [cwdee] Removed one disc

0 !HISTORY 2009-09-03 [PTadmin] Official Update 2009-02





1 16 0 0 0 1 0 0 0 1 0 0 0 1 4-4edge.dat

1 16 0 1 0 1 0 0 0 1 0 0 0 1 4-4edge.dat

1 16 0 0 0 1 0 0 0 1 0 0 0 1 4-4disc.dat

1 16 0 0 0 1 0 0 0 1 0 0 0 1 4-4cyli.dat

0

0 NOFILE

0 FILE 4081b.dat
0 Plate  1 x  1 with Clip Light Type 2

0 Name: 4081b.dat

0 Author: James Jessiman

0 !LDRAW_ORG Part UPDATE 2024-02

0 !LICENSE Licensed under CC BY 4.0 : see CAreadme.txt



0 BFC CERTIFY CCW



0 !HISTORY 2001-10-25 [cwdee] Rewrite

0 !HISTORY 2001-10-26 [PTadmin] Official Update 2001-01

0 !HISTORY 2003-01-28 [sbliss] Completed header; BFC'ed

0 !HISTORY 2003-12-19 [PTadmin] Official Update 2003-03

0 !HISTORY 2004-03-02 [PTadmin] Official Update 2004-01

0 !HISTORY 2007-10-26 [PTadmin] Header formatted for Contributor Agreement

0 !HISTORY 2008-07-01 [PTadmin] Official Update 2008-01

0 !HISTORY 2020-06-04 [Sirio] Updated the use of primitives

0 !HISTORY 2021-10-30 [MagFors] Removed unwanted edges and surface bleeding

0 !HISTORY 2022-01-14 [PTadmin] Official Update 2022-01

0 !HISTORY 2024-03-23 [OrionP] Updated ring primitives

0 !HISTORY 2024-03-24 [OrionP] Official Update 2024-02



1 16 0 4 -10 -10 0 0 0 0 -4 0 20 0 box4-2p.dat

0 BFC INVERTNEXT

1 16 0 8 0 6 0 0 0 -4 0 0 0 6 box5.dat

4 16 6 8 -6 6 8 6 10 8 10 10 8 -10

4 16 -6 8 -6 6 8 -6 10 8 -10 -10 8 -10

4 16 -6 8 6 -6 8 -6 -10 8 -10 -10 8 10

4 16 6 8 6 -6 8 6 -10 8 10 10 8 10

1 16 0 0 0 1 0 0 0 1 0 0 0 1 stud.dat



1 16 6.5 4 -10 0 0 -3.5 -4 0 0 0 1 0 rect3.dat

1 16 -6.5 4 -10 0 0 3.5 4 0 0 0 1 0 rect3.dat

1 16 0 4 -10 0 0 -3 4 0 0 0 -3 0 box4o8a.dat



1 16 4 2 -20 0 -1 0 1 0 0 0 0 1 stud2a.dat

1 16 -4 2 -20 0 1 0 1 0 0 0 0 1 stud2a.dat

1 16 4 2 -20 0 1 0 6 0 0 0 0 6 4-4edge.dat

1 16 -4 2 -20 0 1 0 6 0 0 0 0 6 4-4edge.dat

0 BFC INVERTNEXT

1 16 4 2 -20 0 -8 0 4 0 0 0 0 4 4-4cyli.dat



1 16 4 2 -20 0 -1 0 -2 0 0 0 0 2 3-16ring3.dat

1 16 4 2 -20 0 -1 0 0 0 2 -2 0 0 5-16ring3.dat

1 16 4 2 -20 0 -1 0 0 0 -2 -2 0 0 1-4ring3.dat

1 16 -4 2 -20 0 1 0 -2 0 0 0 0 2 3-16ring3.dat

1 16 -4 2 -20 0 1 0 0 0 2 -2 0 0 5-16ring3.dat

1 16 -4 2 -20 0 1 0 0 0 -2 -2 0 0 1-4ring3.dat

1 16 4 2 -20 0 -8 0 -8 0 0 0 0 -8 1-4cylo.dat

1 16 4 2 -20 0 -8 0 0 0 8 -8 0 0 5-16cylo.dat

1 16 4 2 -20 0 -8 0 -8 0 0 0 0 8 3-16cylo.dat



1 16 0 8.6956 -15.8977 -4 0 0 0 -1 -.6956 0 0 1.0407 rect3.dat

2 24 3 0 -12.398 -3 0 -12.398

4 16 4 8 -14.857 -4 8 -14.857 -3 8 -13 3 8 -13

4 16 3 0 -12.398 -3 0 -12.398 -4 -1.0616 -12.6088 4 -1.0616 -12.6088

5 24 -4 -1.0616 -12.6088 4 -1.0616 -12.6088 -3 0 -12.398 -4 -3.6568 -14.3432

5 24 -4 9.3912 -16.9384 4 9.3912 -16.9384 -4 8 -14.857 -4 10 -20



1 16 3.5 6.8235 -13 -.5 0 0 0 0 -1.1765 0 -1 0 rect.dat

1 16 3.5 5.3545 -12.8045 0 0 .5 -.2925 -1 0 .1955 0 0 rect2p.dat

1 16 3.5 3.531 -12.3045 0 0 .5 -1.531 -1 0 .3045 0 0 rect2p.dat

2 24 4 -1.0616 -12.6088 4 2 -12

2 24 4 8 -14.857 4 8 -13

2 24 3 2 -12 3 0 -12.398

3 16 3 8 -13 4 8 -13 4 8 -14.857

4 16 4 8 -14.857 4 6.2426 -15.7574 4 7.5434 -17.7038 4 9.3912 -16.9384

4 16 4 6.2426 -15.7574 4 8 -14.857 4 8 -13 4 5.647 -13

4 16 4 4.2962 -14.4566 4 6.2426 -15.7574 4 5.647 -13 4 5.062 -12.609

4 16 4 -1.0616 -12.6088 4 -0.2962 -14.4566 4 2 -14 4 2 -12

4 16 4 5.062 -12.609 4 2 -12 4 2 -14 4 4.2962 -14.4566

4 16 3 0 -12.398 4 -1.0616 -12.6088 4 2 -12 3 2 -12

5 24 4 5.062 -12.609 3 5.062 -12.609 4 5.647 -13 4 2 -12

5 24 4 2 -12 3 2 -12 4 5.062 -12.609 4 -1.0616 -12.6088



1 16 -3.5 3.531 -12.3045 0 0 .5 -1.531 -1 0 .3045 0 0 rect2p.dat

1 16 -3.5 6.8235 -13 0 0 .5 -1.1765 0 0 0 -1 0 rect.dat

1 16 -3.5 5.3545 -12.8045 0 0 -.5 .2925 -1 0 -.1955 0 0 rect2p.dat

2 24 -4 8 -14.857 -4 8 -13

2 24 -4 2 -12 -4 -1.0616 -12.6088

2 24 -3 0 -12.398 -3 2 -12

3 16 -4 8 -14.857 -4 8 -13 -3 8 -13

4 16 -3 0 -12.398 -3 2 -12 -4 2 -12 -4 -1.0616 -12.6088

4 16 -4 7.5434 -17.7038 -4 6.2426 -15.7574 -4 8 -14.857 -4 9.3912 -16.9384

4 16 -4 8 -13 -4 8 -14.857 -4 6.2426 -15.7574 -4 5.647 -13

4 16 -4 5.647 -13 -4 6.2426 -15.7574 -4 4.2962 -14.4566 -4 5.062 -12.609

4 16 -4 -1.0616 -12.6088 -4 2 -12 -4 2 -14 -4 -0.2962 -14.4566

4 16 -4 4.2962 -14.4566 -4 2 -14 -4 2 -12 -4 5.062 -12.609

5 24 -4 5.062 -12.609 -3 5.062 -12.609 -4 5.647 -13 -4 2 -12

5 24 -4 2 -12 -3 2 -12 -4 5.062 -12.609 -4 -1.0616 -12.6088

0 NOFILE

0 FILE rect2p.dat
0 Rectangle with 2 Parallel Edges

0 Name: rect2p.dat

0 Author: Donald Sutter [technog]

0 !LDRAW_ORG Primitive UPDATE 2010-01

0 !LICENSE Licensed under CC BY 4.0 : see CAreadme.txt



0 BFC CERTIFY CCW



0 !HISTORY 2003-08-01 [PTadmin] Official Update 2003-02

0 !HISTORY 2007-06-24 [PTadmin] Header formatted for Contributor Agreement

0 !HISTORY 2008-07-01 [PTadmin] Official Update 2008-01

0 !HISTORY 2010-01-17 [mikeheide] changed winding to CCW

0 !HISTORY 2010-04-05 [PTadmin] Official Update 2010-01





2 24 1 0 1 -1 0 1

2 24 -1 0 -1 1 0 -1

4 16 -1 0 1 -1 0 -1 1 0 -1 1 0 1

0

0 NOFILE

0 FILE 3-16cylo.dat
0 Cylinder Open 0.1875

0 Name: 3-16cylo.dat

0 Author: J.C. Tchang [tchang]

0 !LDRAW_ORG Primitive UPDATE 2013-01

0 !LICENSE Licensed under CC BY 4.0 : see CAreadme.txt



0 BFC CERTIFY CCW



0 !HISTORY 2013-07-21 [PTadmin] Official Update 2013-01





1 16 0 0 0 1 0 0 0 1 0 0 0 1 3-16edge.dat

1 16 0 1 0 1 0 0 0 1 0 0 0 1 3-16edge.dat

1 16 0 0 0 1 0 0 0 1 0 0 0 1 3-16cyli.dat

0 NOFILE

0 FILE 3-16cyli.dat
0 Cylinder 0.1875

0 Name: 3-16cyli.dat

0 Author: Mark Kennedy [mkennedy]

0 !LDRAW_ORG Primitive UPDATE 2005-01

0 !LICENSE Licensed under CC BY 4.0 : see CAreadme.txt



0 BFC CERTIFY CCW



0 !HISTORY 2004-03-02 [PTadmin] Official Update 2004-01

0 !HISTORY 2004-12-11 [nielsk] Recreated using Primitive Generator, Edge lines fixed, BFC changed to CCW

0 !HISTORY 2005-12-28 [PTadmin] Official Update 2005-01

0 !HISTORY 2007-06-24 [PTadmin] Header formatted for Contributor Agreement

0 !HISTORY 2008-07-01 [PTadmin] Official Update 2008-01





4 16 .9239 1 .3827 .9239 0 .3827 1 0 0 1 1 0

4 16 .7071 1 .7071 .7071 0 .7071 .9239 0 .3827 .9239 1 .3827

4 16 .3827 1 .9239 .3827 0 .9239 .7071 0 .7071 .7071 1 .7071

5 24 1 1 0 1 0 0 1 1 -.4142 .9239 1 .3827

5 24 .9239 1 .3827 .9239 0 .3827 1 1 0 .7071 1 .7071

5 24 .7071 1 .7071 .7071 0 .7071 .9239 1 .3827 .3827 1 .9239

5 24 .3827 1 .9239 .3827 0 .9239 .7071 1 .7071 0 1 1.0824

0

0 NOFILE

0 FILE 3-16edge.dat
0 Circle 0.1875

0 Name: 3-16edge.dat

0 Author: Donald Sutter [technog]

0 !LDRAW_ORG Primitive UPDATE 2017-01

0 !LICENSE Licensed under CC BY 4.0 : see CAreadme.txt



0 BFC CERTIFY CCW



0 !HISTORY 2004-03-02 [PTadmin] Official Update 2004-01

0 !HISTORY 2007-06-24 [PTadmin] Header formatted for Contributor Agreement

0 !HISTORY 2008-07-01 [PTadmin] Official Update 2008-01

0 !HISTORY 2017-01-15 [Steffen] BFCed

0 !HISTORY 2017-12-30 [PTadmin] Official Update 2017-01





2 24 1 0 0 0.9239 0 0.3827

2 24 0.9239 0 0.3827 0.7071 0 0.7071

2 24 0.7071 0 0.7071 0.3827 0 0.9239

0 NOFILE

0 FILE 5-16cylo.dat
0 Cylinder Open 0.3125

0 Name: 5-16cylo.dat

0 Author: Max Martin Richter [MMR1988]

0 !LDRAW_ORG Primitive UPDATE 2013-01

0 !LICENSE Licensed under CC BY 4.0 : see CAreadme.txt



0 BFC CERTIFY CCW



0 !HISTORY 2013-07-21 [PTadmin] Official Update 2013-01





1 16 0 0 0 1 0 0 0 1 0 0 0 1 5-16cyli.dat

1 16 0 0 0 1 0 0 0 1 0 0 0 1 5-16edge.dat

1 16 0 1 0 1 0 0 0 1 0 0 0 1 5-16edge.dat

0 NOFILE

0 FILE 5-16edge.dat
0 Circle 0.3125

0 Name: 5-16edge.dat

0 Author: Philippe Hurbain [Philo]

0 !LDRAW_ORG Primitive UPDATE 2009-03

0 !LICENSE Licensed under CC BY 4.0 : see CAreadme.txt



0 BFC CERTIFY CCW



0 !HISTORY 2009-12-29 [PTadmin] Official Update 2009-03





2 24 1 0 0 0.9239 0 0.3827

2 24 0.9239 0 0.3827 0.7071 0 0.7071

2 24 0.7071 0 0.7071 0.3827 0 0.9239

2 24 0.3827 0 0.9239 0 0 1

2 24 0 0 1 -0.3827 0 0.9239



0 // end of file



0 NOFILE

0 FILE 5-16cyli.dat
0 Cylinder 0.3125

0 Name: 5-16cyli.dat

0 Author: Philippe Hurbain [Philo]

0 !LDRAW_ORG Primitive UPDATE 2009-03

0 !LICENSE Licensed under CC BY 4.0 : see CAreadme.txt



0 BFC CERTIFY CCW



0 !HISTORY 2009-12-29 [PTadmin] Official Update 2009-03





4 16 0.9239 0 0.3827 1 0 0 1 1 0 0.9239 1 0.3827

4 16 0.7071 0 0.7071 0.9239 0 0.3827 0.9239 1 0.3827 0.7071 1 0.7071

4 16 0.3827 0 0.9239 0.7071 0 0.7071 0.7071 1 0.7071 0.3827 1 0.9239

4 16 0 0 1 0.3827 0 0.9239 0.3827 1 0.9239 0 1 1

4 16 -0.3827 0 0.9239 0 0 1 0 1 1 -0.3827 1 0.9239



0 // conditional lines

5 24 1 1 0 1 0 0 1 1 -0.4142 0.9239 1 0.3827

5 24 0.9239 1 0.3827 0.9239 0 0.3827 1 1 0 0.7071 1 0.7071

5 24 0.7071 1 0.7071 0.7071 0 0.7071 0.9239 1 0.3827 0.3827 1 0.9239

5 24 0.3827 1 0.9239 0.3827 0 0.9239 0.7071 1 0.7071 0 1 1

5 24 0 1 1 0 0 1 0.3827 1 0.9239 -0.3827 1 0.9239

5 24 -0.3827 1 0.9239 -0.3827 0 0.9239 0 1 1 -0.7654 1 0.7654



0 // end of file



0 NOFILE

0 FILE 1-4cylo.dat
0 Cylinder Open 0.25

0 Name: 1-4cylo.dat

0 Author: Max Martin Richter [MMR1988]

0 !LDRAW_ORG Primitive UPDATE 2010-03

0 !LICENSE Licensed under CC BY 4.0 : see CAreadme.txt



0 BFC CERTIFY CCW



0 !HISTORY 2010-12-31 [PTadmin] Official Update 2010-03





1 16 0 0 0 1 0 0 0 1 0 0 0 1 1-4edge.dat

1 16 0 1 0 1 0 0 0 1 0 0 0 1 1-4edge.dat

1 16 0 0 0 1 0 0 0 1 0 0 0 1 1-4cyli.dat

0 NOFILE

0 FILE 1-4cyli.dat
0 Cylinder 0.25

0 Name: 1-4cyli.dat

0 Author: James Jessiman

0 !LDRAW_ORG Primitive UPDATE 2012-01

0 !LICENSE Licensed under CC BY 4.0 : see CAreadme.txt



0 BFC CERTIFY CCW



0 !HISTORY 2002-03-23 [sbliss] Added BFC statement.

0 !HISTORY 2002-04-25 [PTadmin] Official Update 2002-02

0 !HISTORY 2007-06-22 [PTadmin] Header formatted for Contributor Agreement

0 !HISTORY 2008-07-01 [PTadmin] Official Update 2008-01

0 !HISTORY 2012-02-16 [Philo] Changed to CCW

0 !HISTORY 2012-03-30 [PTadmin] Official Update 2012-01





4 16 1 1 0 0.9239 1 0.3827 0.9239 0 0.3827 1 0 0

5 24 1 0 0 1 1 0 0.9239 0 0.3827 1 0 -1

4 16 0.9239 1 0.3827 0.7071 1 0.7071 0.7071 0 0.7071 0.9239 0 0.3827

5 24 0.9239 0 0.3827 0.9239 1 0.3827 0.7071 0 0.7071 1 0 0

4 16 0.7071 1 0.7071 0.3827 1 0.9239 0.3827 0 0.9239 0.7071 0 0.7071

5 24 0.7071 0 0.7071 0.7071 1 0.7071 0.3827 0 0.9239 0.9239 0 0.3827

4 16 0.3827 1 0.9239 0 1 1 0 0 1 0.3827 0 0.9239

5 24 0.3827 0 0.9239 0.3827 1 0.9239 0 0 1 0.7071 0 0.7071

5 24 0 0 1 0 1 1 0.3827 0 0.9239 -1 0 1

0 NOFILE

0 FILE 1-4edge.dat
0 Circle 0.25

0 Name: 1-4edge.dat

0 Author: James Jessiman

0 !LDRAW_ORG Primitive UPDATE 2017-01

0 !LICENSE Licensed under CC BY 4.0 : see CAreadme.txt



0 BFC CERTIFY CCW



0 !HISTORY 2007-06-22 [PTadmin] Header formatted for Contributor Agreement

0 !HISTORY 2008-07-01 [PTadmin] Official Update 2008-01

0 !HISTORY 2017-01-15 [Steffen] BFCed

0 !HISTORY 2017-12-30 [PTadmin] Official Update 2017-01





2 24 1 0 0 0.9239 0 0.3827

2 24 0.9239 0 0.3827 0.7071 0 0.7071

2 24 0.7071 0 0.7071 0.3827 0 0.9239

2 24 0.3827 0 0.9239 0 0 1

0 NOFILE

0 FILE 1-4ring3.dat
0 Ring  3 x 0.25

0 Name: 1-4ring3.dat

0 Author: Willy Tschager [Holly-Wood]

0 !LDRAW_ORG Primitive UPDATE 2024-01

0 !LICENSE Licensed under CC BY 4.0 : see CAreadme.txt



0 BFC CERTIFY CCW



0 !HISTORY 1999-07-05 [PTadmin] Official Update 1999-05

0 !HISTORY 2003-01-21 [cavehop] Update Added BFC and 1 digit of significance

0 !HISTORY 2003-05-21 [cavehop] Corrected values as indicated by pneaster

0 !HISTORY 2003-06-12 [cavehop] Re-corrected values as indicated by pneaster

0 !HISTORY 2003-08-01 [PTadmin] Official Update 2003-02

0 !HISTORY 2007-06-22 [PTadmin] Header formatted for Contributor Agreement

0 !HISTORY 2008-07-01 [PTadmin] Official Update 2008-01

0 !HISTORY 2012-02-16 [Philo] Changed to CCW

0 !HISTORY 2012-03-30 [PTadmin] Official Update 2012-01

0 !HISTORY 2024-01-04 [Holly-Wood] Complete re-write, original by Karim Nassar

0 !HISTORY 2024-01-29 [OrionP] Official Update 2024-01



4 16 4 0 0 3.6956 0 1.5308 2.7717 0 1.1481 3 0 0

4 16 3.6956 0 1.5308 2.8284 0 2.8284 2.1213 0 2.1213 2.7717 0 1.1481

4 16 2.8284 0 2.8284 1.5308 0 3.6956 1.1481 0 2.7717 2.1213 0 2.1213

4 16 1.5308 0 3.6956 0 0 4 0 0 3 1.1481 0 2.7717

0 // Build by LDPartEditor (PrimGen 2.X)

0 NOFILE

0 FILE 5-16ring3.dat
0 Ring  3 x 0.3125

0 Name: 5-16ring3.dat

0 Author: Willy Tschager [Holly-Wood]

0 !LDRAW_ORG Primitive UPDATE 2024-02

0 !LICENSE Licensed under CC BY 4.0 : see CAreadme.txt



0 BFC CERTIFY CCW



0 !HISTORY 2017-12-30 [PTadmin] Official Update 2017-01

0 !HISTORY 2024-02-03 [Holly-Wood] Complete regeneration, original by KROACH

0 !HISTORY 2024-03-24 [OrionP] Official Update 2024-02



4 16 4 0 0 3.6956 0 1.5308 2.7717 0 1.1481 3 0 0

4 16 3.6956 0 1.5308 2.8284 0 2.8284 2.1213 0 2.1213 2.7717 0 1.1481

4 16 2.8284 0 2.8284 1.5308 0 3.6956 1.1481 0 2.7717 2.1213 0 2.1213

4 16 1.5308 0 3.6956 0 0 4 0 0 3 1.1481 0 2.7717

4 16 0 0 4 -1.5308 0 3.6956 -1.1481 0 2.7717 0 0 3

0 // Build by LDPartEditor (PrimGen 2.X)

0 NOFILE

0 FILE 3-16ring3.dat
0 Ring  3 x 0.1875

0 Name: 3-16ring3.dat

0 Author: Philippe Hurbain [Philo]

0 !LDRAW_ORG Primitive UPDATE 2024-02

0 !LICENSE Licensed under CC BY 4.0 : see CAreadme.txt



0 BFC CERTIFY CCW



0 !HISTORY 2010-04-05 [PTadmin] Official Update 2010-01

0 !HISTORY 2024-03-23 [OrionP] Moved from 3-16rin3.dat

0 !HISTORY 2024-03-24 [OrionP] Official Update 2024-02



4 16 3 0 0 4 0 0 3.6956 0 1.5308 2.7717 0 1.1481

4 16 2.7717 0 1.1481 3.6956 0 1.5308 2.8284 0 2.8284 2.1213 0 2.1213

4 16 2.1213 0 2.1213 2.8284 0 2.8284 1.5308 0 3.6956 1.1481 0 2.7717



0 // end of file



0 NOFILE

0 FILE box4o8a.dat
0 Box with 4 Faces (2 Parallel Pairs) without Top and Bottom Edges

0 Name: box4o8a.dat

0 Author: Steffen [Steffen]

0 !LDRAW_ORG Primitive UPDATE 2012-01

0 !LICENSE Licensed under CC BY 4.0 : see CAreadme.txt



0 BFC CERTIFY CCW



0 !HISTORY 2004-04-22 [PTadmin] Official Update 2004-02

0 !HISTORY 2007-06-24 [PTadmin] Header formatted for Contributor Agreement

0 !HISTORY 2008-07-01 [PTadmin] Official Update 2008-01

0 !HISTORY 2012-02-16 [Philo] Changed to CCW

0 !HISTORY 2012-03-30 [PTadmin] Official Update 2012-01





2 24 1 0 1 1 1 1

2 24 -1 0 1 -1 1 1

2 24 1 0 -1 1 1 -1

2 24 -1 0 -1 -1 1 -1

4 16 -1 1 1 -1 0 1 1 0 1 1 1 1

4 16 -1 1 -1 -1 0 -1 -1 0 1 -1 1 1

4 16 1 1 -1 1 0 -1 -1 0 -1 -1 1 -1

4 16 1 1 1 1 0 1 1 0 -1 1 1 -1

0 NOFILE

0 FILE stud.dat
0 Stud

0 Name: stud.dat

0 Author: James Jessiman

0 !LDRAW_ORG Primitive UPDATE 2012-01

0 !LICENSE Licensed under CC BY 4.0 : see CAreadme.txt



0 BFC CERTIFY CCW



0 !HISTORY 2002-04-04 [sbliss] Modified for BFC compliance

0 !HISTORY 2002-04-25 [PTadmin] Official Update 2002-02

0 !HISTORY 2007-06-24 [PTadmin] Header formatted for Contributor Agreement

0 !HISTORY 2008-07-01 [PTadmin] Official Update 2008-01

0 !HISTORY 2012-02-16 [Philo] Changed to CCW

0 !HISTORY 2012-03-30 [PTadmin] Official Update 2012-01





1 16 0 0 0 6 0 0 0 1 0 0 0 6 4-4edge.dat

1 16 0 -4 0 6 0 0 0 1 0 0 0 6 4-4edge.dat

1 16 0 0 0 6 0 0 0 -4 0 0 0 6 4-4cyli.dat

1 16 0 -4 0 6 0 0 0 1 0 0 0 6 4-4disc.dat

0 NOFILE

0 FILE box4-2p.dat
0 Box with  4 Faces without  2 Parallel Edges

0 Name: box4-2p.dat

0 Author: Willy Tschager [Holly-Wood]

0 !LDRAW_ORG Primitive UPDATE 2024-01

0 !LICENSE Licensed under CC BY 4.0 : see CAreadme.txt



0 BFC CERTIFY CCW



0 !HISTORY 2009-05-02 [PTadmin] Official Update 2009-01

0 !HISTORY 2024-01-03 [Holly-Wood] Complete re-write, original by guyvivan

0 !HISTORY 2024-01-29 [OrionP] Official Update 2024-01



2 24 -1 1 -1 -1 1 1

2 24 1 1 1 1 1 -1

2 24 -1 1 1 1 1 1

2 24 -1 1 -1 1 1 -1

4 16 1 1 1 1 1 -1 -1 1 -1 -1 1 1



2 24 -1 0 -1 -1 1 -1

2 24 -1 0 -1 -1 0 1

4 16 -1 1 1 -1 1 -1 -1 0 -1 -1 0 1



2 24 1 0 -1 1 1 -1

2 24 1 0 1 1 0 -1

4 16 1 1 -1 1 1 1 1 0 1 1 0 -1



2 24 1 1 1 1 0 1

2 24 -1 1 1 -1 0 1

4 16 1 1 1 -1 1 1 -1 0 1 1 0 1

0 NOFILE

0 FILE 36841.dat
0 Bracket  1 x  1 -  1 x  1 Down

0 Name: 36841.dat

0 Author: Magnus Forsberg [MagFors]

0 !LDRAW_ORG Part UPDATE 2019-01

0 !LICENSE Licensed under CC BY 4.0 : see CAreadme.txt



0 BFC CERTIFY CCW



0 !HISTORY 2019-06-28 [PTadmin] Official Update 2019-01





1 16 0 6 -10 -1.5 0 0 0 0 2 0 4 0 box4-1.dat

0 BFC INVERTNEXT

1 16 0 8 -2 6 0 0 0 -4 0 0 0 8 box5-1.dat

1 16 0 8 0 10 0 0 0 1 0 0 0 10 recte3.dat

4 16 10 8 10 6 8 6 -6 8 6 -10 8 10

4 16 -10 8 10 -6 8 6 -6 8 -10 -10 8 -10

4 16 10 8 -10 6 8 -10 6 8 6 10 8 10

2 24 -10 8 -10 -6 8 -10

2 24 10 8 -10 6 8 -10

2 24 10 8 -10 10 18 -10

2 24 -10 8 -10 -10 18 -10

4 16 8 20 -10 6 8 -10 10 8 -10 10 18 -10

4 16 8 20 -10 -8 20 -10 -6 8 -10 6 8 -10

4 16 -10 18 -14 -10 0 -14 -10 8 -10 -10 18 -10

1 16 0 4 10 -10 0 0 0 0 -4 0 -1 0 rect3.dat

4 16 10 18 -10 10 8 -10 10 0 -14 10 18 -14

4 16 10 8 10 10 0 10 10 0 -14 10 8 -10

4 16 -10 8 10 -10 8 -10 -10 0 -14 -10 0 10

1 16 0 9 -2 -10 0 0 0 -9 0 0 0 -12 box2-7.dat



1 16 -8 18 -14 -2 0 0 0 0 2 0 4 0 1-4cylo.dat

1 16 8 18 -14 0 0 2 2 0 0 0 4 0 1-4cylo.dat

1 16 -8 18 -10 -2 0 0 0 0 2 0 -1 0 1-4chrd.dat

1 16 8 18 -10 0 0 2 2 0 0 0 -1 0 1-4chrd.dat

1 16 -8 18 -14 -2 0 0 0 0 2 0 1 0 1-4chrd.dat

1 16 8 18 -14 0 0 2 2 0 0 0 1 0 1-4chrd.dat

1 16 0 20 -12 8 0 0 0 -1 0 0 0 -2 rect2p.dat

4 16 10 18 -14 -10 18 -14 -8 20 -14 8 20 -14

4 16 -10 8 -10 -6 8 -10 -8 20 -10 -10 18 -10



1 16 0 0 0 0 0 -1 0 1 0 1 0 0 stud.dat

1 16 0 10 -14 0 0 1 1 0 0 0 1 0 stud2.dat

0 NOFILE

0 FILE stud2.dat
0 Stud Open

0 Name: stud2.dat

0 Author: James Jessiman

0 !LDRAW_ORG Primitive UPDATE 2009-02

0 !LICENSE Licensed under CC BY 4.0 : see CAreadme.txt



0 BFC CERTIFY CCW



0 !HISTORY 1999-07-05 [PTadmin] Official Update 1999-05

0 !HISTORY 2002-04-04 [sbliss] Modified for BFC compliance

0 !HISTORY 2002-04-25 [PTadmin] Official Update 2002-02

0 !HISTORY 2007-06-24 [PTadmin] Header formatted for Contributor Agreement

0 !HISTORY 2008-07-01 [PTadmin] Official Update 2008-01

0 !HISTORY 2009-06-21 [cwdee] Update ring references to 4-4ring

0 !HISTORY 2009-09-03 [PTadmin] Official Update 2009-02





1 16 0 0 0 4 0 0 0 1 0 0 0 4 4-4edge.dat

1 16 0 0 0 6 0 0 0 1 0 0 0 6 4-4edge.dat

1 16 0 -4 0 4 0 0 0 1 0 0 0 4 4-4edge.dat

1 16 0 -4 0 6 0 0 0 1 0 0 0 6 4-4edge.dat

0 BFC INVERTNEXT

1 16 0 -4 0 4 0 0 0 4 0 0 0 4 4-4cyli.dat

1 16 0 -4 0 6 0 0 0 4 0 0 0 6 4-4cyli.dat

1 16 0 -4 0 2 0 0 0 1 0 0 0 2 4-4ring2.dat

0

0 NOFILE

0 FILE 1-4chrd.dat
0 Chord 0.25

0 Name: 1-4chrd.dat

0 Author: Max Martin Richter [MMR1988]

0 !LDRAW_ORG Primitive UPDATE 2023-05

0 !LICENSE Licensed under CC BY 4.0 : see CAreadme.txt



0 BFC CERTIFY CCW



0 !HISTORY 2004-04-22 [PTadmin] Official Update 2004-02

0 !HISTORY 2007-10-09 [PTadmin] Header formatted for Contributor Agreement

0 !HISTORY 2008-07-01 [PTadmin] Official Update 2008-01

0 !HISTORY 2012-08-02 [MMR1988] Re-creation with PrimGen2 and Rectifier

0 !HISTORY 2012-08-09 [PTadmin] Official Update 2012-02

0 !HISTORY 2023-10-27 [OrionP] Change author to MMR1988 from hafhead

0 !HISTORY 2023-10-31 [OrionP] Official Update 2023-05



4 16 0.9239 0 0.3827 0.3827 0 0.9239 0 0 1 1 0 0

3 16 0.7071 0 0.7071 0.3827 0 0.9239 0.9239 0 0.3827
0 NOFILE

0 FILE box2-7.dat
0 Box with  2 Faces without  7 Edges

0 Name: box2-7.dat

0 Author: Willy Tschager [Holly-Wood]

0 !LDRAW_ORG Primitive UPDATE 2024-01

0 !LICENSE Licensed under CC BY 4.0 : see CAreadme.txt



0 BFC CERTIFY CCW



0 !HISTORY 2009-05-02 [PTadmin] Official Update 2009-01

0 !HISTORY 2024-01-02 [Holly-Wood] Complete re-write, original by guyvivan

0 !HISTORY 2024-01-29 [OrionP] Official Update 2024-01



2 24 -1 1 -1 -1 1 1

2 24 1 1 1 1 1 -1

4 16 -1 1 1 1 1 1 1 1 -1 -1 1 -1



2 24 -1 1 1 -1 -1 1

2 24 1 1 1 1 -1 1

4 16 1 -1 1 1 1 1 -1 1 1 -1 -1 1



2 24 -1 1 1 1 1 1

0 NOFILE

0 FILE recte3.dat
0 Rectangle Empty with 3 Edges

0 Name: recte3.dat

0 Author: Steffen [Steffen]

0 !LDRAW_ORG Primitive UPDATE 2011-01

0 !LICENSE Licensed under CC BY 4.0 : see CAreadme.txt



0 BFC CERTIFY CCW



0 !HISTORY 2011-07-25 [PTadmin] Official Update 2011-01





2 24 1 0 1 -1 0 1

2 24 -1 0 1 -1 0 -1

2 24 1 0 -1 1 0 1

0 NOFILE

0 FILE box5-1.dat
0 Box with 5 Faces without 1 Edge

0 Name: box5-1.dat

0 Author: J.C. Tchang [tchang]

0 !LDRAW_ORG Primitive UPDATE 2014-01

0 !LICENSE Licensed under CC BY 4.0 : see CAreadme.txt



0 BFC CERTIFY CCW



0 !HISTORY 2014-06-21 [PTadmin] Official Update 2014-01





2 24 1 1 1 -1 1 1

2 24 -1 1 1 -1 1 -1

2 24 -1 1 -1 1 1 -1

2 24 1 1 -1 1 1 1

2 24 1 0 1 -1 0 1

2 24 -1 0 1 -1 0 -1

2 24 1 0 -1 1 0 1

2 24 1 0 1 1 1 1

2 24 -1 0 1 -1 1 1

2 24 1 0 -1 1 1 -1

2 24 -1 0 -1 -1 1 -1

4 16 -1 1 1 1 1 1 1 1 -1 -1 1 -1

4 16 -1 1 1 -1 0 1 1 0 1 1 1 1

4 16 -1 1 -1 -1 0 -1 -1 0 1 -1 1 1

4 16 1 1 -1 1 0 -1 -1 0 -1 -1 1 -1

4 16 1 1 1 1 0 1 1 0 -1 1 1 -1

0 NOFILE

0 FILE box4-1.dat
0 Box with 4 Faces without 1 Edge

0 Name: box4-1.dat

0 Author: Tore Eriksson [Tore_Eriksson]

0 !LDRAW_ORG Primitive UPDATE 2012-01

0 !LICENSE Licensed under CC BY 4.0 : see CAreadme.txt



0 BFC CERTIFY CCW



0 !HISTORY 1998-07-15 [PTadmin] Official Update 1998-07

0 !HISTORY 2002-04-05 [hafhead] Made BFC compliant

0 !HISTORY 2002-04-25 [PTadmin] Official Update 2002-02

0 !HISTORY 2007-06-24 [PTadmin] Header formatted for Contributor Agreement

0 !HISTORY 2008-07-01 [PTadmin] Official Update 2008-01

0 !HISTORY 2012-02-16 [Philo] Changed to CCW

0 !HISTORY 2012-03-30 [PTadmin] Official Update 2012-01





2 24 1 1 1 -1 1 1

2 24 -1 1 1 -1 1 -1

2 24 -1 1 -1 1 1 -1

2 24 1 1 -1 1 1 1

2 24 1 0 1 -1 0 1

2 24 -1 0 1 -1 0 -1

2 24 1 0 -1 1 0 1

2 24 1 0 1 1 1 1

2 24 -1 0 1 -1 1 1

2 24 1 0 -1 1 1 -1

2 24 -1 0 -1 -1 1 -1

4 16 -1 1 1 1 1 1 1 1 -1 -1 1 -1

4 16 -1 1 1 -1 0 1 1 0 1 1 1 1

4 16 -1 1 -1 -1 0 -1 -1 0 1 -1 1 1

4 16 1 1 1 1 0 1 1 0 -1 1 1 -1

0 NOFILE

0 FILE 3070b.dat
0 Tile  1 x  1 with Groove

0 Name: 3070b.dat

0 Author: Chris Dee [cwdee]

0 !LDRAW_ORG Part UPDATE 2025-09

0 !LICENSE Licensed under CC BY 4.0 : see CAreadme.txt



0 BFC CERTIFY CCW



0 !KEYWORDS BrickLink 3070



0 !HISTORY 2009-09-03 [PTadmin] Official Update 2009-02

0 !HISTORY 2025-09-27 [OrionP] Changed winding to CCW

0 !HISTORY 2025-09-29 [OrionP] Official Update 2025-09



1 16 0 0 0 1 0 0 0 1 0 0 0 1 s__3070bs01.dat

4 16 -10 0 10 -10 0 -10 10 0 -10 10 0 10

0
0 NOFILE

0 FILE s__3070bs01.dat
0 ~Tile  1 x  1 with Groove without Top Face

0 Name: s\3070bs01.dat

0 Author: Chris Dee [cwdee]

0 !LDRAW_ORG Subpart UPDATE 2009-02

0 !LICENSE Licensed under CC BY 4.0 : see CAreadme.txt



0 BFC CERTIFY CCW



0 !HISTORY 2009-09-03 [PTadmin] Official Update 2009-02





1 16 0 0 0 10 0 0 0 7 0 0 0 10 box4.dat

0 BFC INVERTNEXT

1 16 0 8 0 6 0 0 0 -4 0 0 0 6 box5.dat

1 16 0 7 0 9 0 0 0 1 0 0 0 9 box4.dat



4 16 9 8 9 6 8 6 -6 8 6 -9 8 9

4 16 -9 8 9 -6 8 6 -6 8 -6 -9 8 -9

4 16 -9 8 -9 -6 8 -6 6 8 -6 9 8 -9

4 16 9 8 -9 6 8 -6 6 8 6 9 8 9



4 16 10 7 10 9 7 9 -9 7 9 -10 7 10

4 16 -10 7 10 -9 7 9 -9 7 -9 -10 7 -10

4 16 -10 7 -10 -9 7 -9 9 7 -9 10 7 -10

4 16 10 7 -10 9 7 -9 9 7 9 10 7 10

0

0 NOFILE

0 FILE 3794b.dat
0 Plate  1 x  2 with Groove with 1 Centre Stud

0 Name: 3794b.dat

0 Author: Magnus Forsberg [MagFors]

0 !LDRAW_ORG Part UPDATE 2011-02

0 !LICENSE Licensed under CC BY 4.0 : see CAreadme.txt



0 BFC CERTIFY CCW



0 !KEYWORDS jumper, offset, spacer, tile



0 !HISTORY 2011-12-29 [PTadmin] Official Update 2011-02





1 16 0 4 0 1 0 0 0 -1 0 0 0 1 stud3.dat

0 BFC INVERTNEXT

1 16 0 8 0 16 0 0 0 -4 0 0 0 6 box5.dat

4 16 19 8 9 16 8 6 -16 8 6 -19 8 9

4 16 -19 8 9 -16 8 6 -16 8 -6 -19 8 -9

4 16 -19 8 -9 -16 8 -6 16 8 -6 19 8 -9

4 16 19 8 -9 16 8 -6 16 8 6 19 8 9

1 16 0 8 0 19 0 0 0 -1 0 0 0 9 box4.dat

4 16 20 7 10 19 7 9 -19 7 9 -20 7 10

4 16 -20 7 10 -19 7 9 -19 7 -9 -20 7 -10

4 16 -20 7 -10 -19 7 -9 19 7 -9 20 7 -10

4 16 20 7 -10 19 7 -9 19 7 9 20 7 10

1 16 0 7 0 20 0 0 0 -7 0 0 0 10 box5.dat

1 16 0 0 0 1 0 0 0 1 0 0 0 1 stud2.dat

0 NOFILE

0 FILE 3022.dat
0 Plate  2 x  2

0 Name: 3022.dat

0 Author: James Jessiman

0 !LDRAW_ORG Part UPDATE 2002-03

0 !LICENSE Licensed under CC BY 4.0 : see CAreadme.txt



0 BFC CERTIFY CCW



0 !HISTORY 2001-10-26 [PTadmin] Official Update 2001-01

0 !HISTORY 2002-05-07 {unknown} BFC Certification

0 !HISTORY 2002-06-11 [PTadmin] Official Update 2002-03

0 !HISTORY 2007-06-07 [PTadmin] Header formatted for Contributor Agreement

0 !HISTORY 2008-07-01 [PTadmin] Official Update 2008-01





1 16 0 4 0 1 0 0 0 -1 0 0 0 1 stud4.dat



0 BFC INVERTNEXT

1 16 0 8 0 16 0 0 0 -4 0 0 0 16 box5.dat



4 16 20 8 20 16 8 16 -16 8 16 -20 8 20

0 // Next Line was 4 16 20 8 -20 16 8 -16 -16 8 -16 -20 8 -20

4 16 -20 8 -20 -16 8 -16 16 8 -16 20 8 -20

0 // Next Line was 4 16 20 8 20 16 8 16 16 8 -16 20 8 -20

4 16 20 8 -20 16 8 -16 16 8 16 20 8 20

4 16 -20 8 20 -16 8 16 -16 8 -16 -20 8 -20



1 16 0 8 0 20 0 0 0 -8 0 0 0 20 box5.dat



1 16 10 0 10 1 0 0 0 1 0 0 0 1 stud.dat

1 16 -10 0 10 1 0 0 0 1 0 0 0 1 stud.dat

1 16 10 0 -10 1 0 0 0 1 0 0 0 1 stud.dat

1 16 -10 0 -10 1 0 0 0 1 0 0 0 1 stud.dat

0

0 NOFILE

0 FILE stud4.dat
0 Stud Tube Open

0 Name: stud4.dat

0 Author: James Jessiman

0 !LDRAW_ORG Primitive UPDATE 2009-02

0 !LICENSE Licensed under CC BY 4.0 : see CAreadme.txt



0 BFC CERTIFY CCW



0 !HISTORY 1999-07-05 [PTadmin] Official Update 1999-05

0 !HISTORY 2002-04-04 [sbliss] Modified for BFC compliance

0 !HISTORY 2002-04-25 [PTadmin] Official Update 2002-02

0 !HISTORY 2007-06-24 [PTadmin] Header formatted for Contributor Agreement

0 !HISTORY 2008-07-01 [PTadmin] Official Update 2008-01

0 !HISTORY 2009-06-21 [cwdee] Update ring references to 4-4ring

0 !HISTORY 2009-09-03 [PTadmin] Official Update 2009-02





1 16 0 -4 0 6 0 0 0 1 0 0 0 6 4-4edge.dat

1 16 0 -4 0 8 0 0 0 1 0 0 0 8 4-4edge.dat

1 16 0 0 0 6 0 0 0 1 0 0 0 6 4-4edge.dat

1 16 0 0 0 8 0 0 0 1 0 0 0 8 4-4edge.dat

0 BFC INVERTNEXT

1 16 0 -4 0 6 0 0 0 4 0 0 0 6 4-4cyli.dat

1 16 0 -4 0 8 0 0 0 4 0 0 0 8 4-4cyli.dat

1 16 0 -4 0 2 0 0 0 1 0 0 0 2 4-4ring3.dat

0

0 NOFILE

0 FILE 6254.dat
0 Minifig Food Ice Cream Scoops

0 Name: 6254.dat

0 Author: Philippe Hurbain [Philo]

0 !LDRAW_ORG Part UPDATE 2010-01

0 !LICENSE Licensed under CC BY 4.0 : see CAreadme.txt



0 BFC CERTIFY CCW



0 !CATEGORY Minifig Accessory



0 !HISTORY 2009-10-13 {LEGO Universe Team} Original part shape

0 !HISTORY 2009-12-30 [Philo] Rebuilt from scratch for LDraw Parts Tracker

0 !HISTORY 2010-04-05 [PTadmin] Official Update 2010-01





1 16 0 -1 0 10 0 0 0 4 0 0 0 10 4-4cyli.dat

1 16 0 -1 0 10 0 0 0 3 0 0 0 10 4-4edge.dat

1 16 0 3 0 10 0 0 0 3 0 0 0 10 4-4edge.dat

1 16 0 3 0 8 0 0 0 5 0 0 0 8 4-4cyli.dat

1 16 0 8 0 8 0 0 0 1 0 0 0 8 4-4edge.dat

1 16 0 3 0 8 0 0 0 1 0 0 0 8 4-4edge.dat

0 BFC INVERTNEXT

1 16 0 3 0 6 0 0 0 5 0 0 0 6 4-4cyli.dat

1 16 0 3 0 6 0 0 0 5 0 0 0 6 4-4edge.dat

1 16 0 8 0 6 0 0 0 5 0 0 0 6 4-4edge.dat

1 16 0 8 0 2 0 0 0 -1 0 0 0 2 4-4ring3.dat

1 16 0 3 0 2 0 0 0 -1 0 0 0 2 4-4ring4.dat

1 16 0 -1 0 3 0 0 0 -12 0 0 0 3 4-4con1.dat

1 16 0 -1 0 6 0 0 0 5 0 0 0 6 4-4edge.dat

1 16 0 -1 0 2 0 0 0 1 0 0 0 2 4-4ring3.dat

1 16 0 -1 0 2 0 0 0 1 0 0 0 2 4-4ring4.dat

0 BFC INVERTNEXT

1 16 0 -7 0 4 0 0 0 10 0 0 0 4 4-4cylc.dat

1 16 0 3 0 2 0 0 0 -1 0 0 0 2 4-4ring2.dat

1 16 0 -18 0 6.2 0 0 0 6.2 0 0 0 6.2 8-8sphe.dat

2 24 -1.165 -12.828 2.811 -0.747 -12.8 2.901

2 24 -0.747 -12.8 2.901 0 -12.735 3.066

2 24 -2.174 -12.704 2.174 -1.886 -12.681 2.373

2 24 -1.886 -12.681 2.373 -1.165 -12.828 2.811

2 24 -2.373 -12.681 1.886 -2.174 -12.704 2.174

2 24 -2.811 -12.828 1.165 -2.373 -12.681 1.886

2 24 -3.066 -12.735 0 -2.901 -12.8 0.747

2 24 -2.901 -12.8 0.747 -2.811 -12.828 1.165

2 24 -2.901 -12.8 -0.747 -3.066 -12.735 0

2 24 -2.811 -12.828 -1.165 -2.901 -12.8 -0.747

2 24 -2.174 -12.704 -2.174 -2.373 -12.681 -1.886

2 24 -2.373 -12.681 -1.886 -2.811 -12.828 -1.165

2 24 -2.174 -12.704 -2.174 -1.886 -12.681 -2.373

2 24 -1.886 -12.681 -2.373 -1.165 -12.828 -2.811

2 24 -1.165 -12.828 -2.811 -0.747 -12.8 -2.901

2 24 -0.747 -12.8 -2.901 0 -12.735 -3.066

2 24 0.747 -12.8 -2.901 1.165 -12.828 -2.811

2 24 0 -12.735 -3.066 0.747 -12.8 -2.901

2 24 1.886 -12.681 -2.373 2.174 -12.704 -2.174

2 24 1.165 -12.828 -2.811 1.886 -12.681 -2.373

2 24 2.174 -12.704 -2.174 2.373 -12.681 -1.886

2 24 2.373 -12.681 -1.886 2.811 -12.828 -1.165

2 24 2.901 -12.8 -0.747 3.066 -12.735 0

2 24 2.811 -12.828 -1.165 2.901 -12.8 -0.747

2 24 3.066 -12.735 0 2.901 -12.8 0.747

2 24 2.901 -12.8 0.747 2.811 -12.828 1.165

2 24 2.373 -12.681 1.886 2.174 -12.704 2.174

2 24 2.811 -12.828 1.165 2.373 -12.681 1.886

2 24 1.886 -12.681 2.373 2.174 -12.704 2.174

2 24 1.165 -12.828 2.811 1.886 -12.681 2.373

2 24 0.747 -12.8 2.901 1.165 -12.828 2.811

2 24 0 -12.735 3.066 0.747 -12.8 2.901

2 24 0 -10.861 4.227 0 -11.315 3

2 24 0 -10.861 4.227 0 -9.29 5.825

2 24 0 -9.29 5.825 0 -7.2 6.429

2 24 0 -7.2 6.429 0 -5.11 5.825

2 24 0 -5.11 5.825 0 -3.994 4.69

1 16 0 -7.2 -6 6.2 0 0 0 0 6.2 0 -6.2 0 4-8sphe.dat

1 16 0 -7.2 -6 6.2 0 0 0 0 6.2 0 1 0 4-4cyli.dat

5 24 5.728 -4.827 -5 6.2 -7.2 -5 5.728 -4.827 -6 4.96 -7.2 -1.5

5 24 4.384 -2.816 -5 5.728 -4.827 -5 4.384 -2.816 -6 4.583 -5.302 -1.5

5 24 2.373 -1.472 -5 4.384 -2.816 -5 2.373 -1.472 -6 3.507 -3.693 -1.5

5 24 0 -1 -5 2.373 -1.472 -5 0 -1 -6 1.898 -2.617 -1.5

5 24 -2.373 -1.472 -5 0 -1 -5 -2.373 -1.472 -6 0 -2.24 -1.5

5 24 -4.384 -2.816 -5 -2.373 -1.472 -5 -4.384 -2.816 -6 -1.898 -2.617 -1.5

5 24 -5.728 -4.827 -5 -4.384 -2.816 -5 -5.728 -4.827 -6 -3.507 -3.693 -1.5

5 24 -6.2 -7.2 -5 -5.728 -4.827 -5 -6.2 -7.2 -6 -4.583 -5.302 -1.5

5 24 -5.728 -9.573 -5 -6.2 -7.2 -5 -5.728 -9.573 -6 -4.96 -7.2 -1.5

5 24 -4.384 -11.584 -5 -5.728 -9.573 -5 -4.384 -11.584 -6 -4.583 -9.098 -1.5

5 24 -2.373 -12.928 -5 -4.384 -11.584 -5 -2.373 -12.928 -6 -3.507 -10.707 -1.5

5 24 0 -13.4 -5 -2.373 -12.928 -5 0 -13.4 -6 -1.898 -11.783 -1.5

5 24 2.373 -12.928 -5 0 -13.4 -5 2.373 -12.928 -6 0 -12.16 -1.5

5 24 4.384 -11.584 -5 2.373 -12.928 -5 4.384 -11.584 -6 1.898 -11.783 -1.5

5 24 5.728 -9.573 -5 4.384 -11.584 -5 5.728 -9.573 -6 3.507 -10.707 -1.5

5 24 6.2 -7.2 -5 5.728 -9.573 -5 6.2 -7.2 -6 4.583 -9.098 -1.5

1 16 0 -7.2 -5 -1.24 0 0 0 0 -1.24 0 3.5 0 2-4con4.dat

2 24 -4.602 -5.077 -1.906 -4.612 -5.29 -1.589

2 24 -4.602 -5.399 -1.5 -4.612 -5.29 -1.589

2 24 -2.326 -11.842 -2.326 -3.14 -10.952 -1.5

2 24 -3.898 -2.952 -3.898 -4.033 -3.167 -3.6

2 24 -4.602 -5.077 -1.906 -4.033 -3.167 -3.6

2 24 -2.373 -1.472 -5.353 -2.253 -1.448 -5.44

2 24 -2.326 -11.842 -2.326 -2.027 -12.094 -2.451

2 24 -2.027 -12.094 -2.451 -1.204 -12.419 -2.906

2 24 -2.781 -1.745 -5 -2.373 -1.472 -5.353

2 24 -3.898 -2.952 -3.898 -2.781 -1.745 -5

2 24 -1.204 -12.419 -2.906 0 -12.717 -3.071

2 24 -2.253 -1.448 -5.44 0 -1 -6

2 24 0 -1 -6 2.253 -1.448 -5.44

2 24 0 -12.717 -3.071 1.204 -12.419 -2.906

2 24 1.204 -12.419 -2.906 2.027 -12.094 -2.451

2 24 2.027 -12.094 -2.451 2.326 -11.842 -2.326

2 24 3.898 -2.952 -3.898 2.781 -1.745 -5

2 24 2.373 -1.472 -5.353 2.781 -1.745 -5

2 24 2.253 -1.448 -5.44 2.373 -1.472 -5.353

2 24 2.326 -11.842 -2.326 3.14 -10.952 -1.5

2 24 4.602 -5.077 -1.906 4.033 -3.167 -3.6

2 24 3.898 -2.952 -3.898 4.033 -3.167 -3.6

2 24 4.602 -5.399 -1.5 4.612 -5.29 -1.589

2 24 4.602 -5.077 -1.906 4.612 -5.29 -1.589

3 16 2.373 -1.472 -5 1.111 -1.221 -5 2.236 -1.803 -3.988

5 24 4.97 -7.2 -1.527 6.2 -7.2 -5 4.583 -9.098 -1.5 4.583 -5.302 -1.5

5 24 4.678 -5.262 -1.79 5.728 -4.827 -5 4.96 -7.2 -1.5 3.507 -3.693 -1.5

5 24 3.782 -3.418 -2.596 4.384 -2.816 -5 4.583 -5.302 -1.5 1.898 -2.617 -1.5

5 24 2.236 -1.803 -3.988 2.373 -1.472 -5 3.507 -3.693 -1.5 0 -2.24 -1.5

5 24 -2.236 -1.803 -3.988 -2.373 -1.472 -5 0 -2.24 -1.5 -3.507 -3.693 -1.5

5 24 -3.782 -3.418 -2.596 -4.384 -2.816 -5 -1.898 -2.617 -1.5 -4.583 -5.302 -1.5

5 24 -4.678 -5.262 -1.79 -5.728 -4.827 -5 -3.507 -3.693 -1.5 -4.96 -7.2 -1.5

5 24 -4.97 -7.2 -1.527 -6.2 -7.2 -5 -4.583 -5.302 -1.5 -4.583 -9.098 -1.5

4 16 6.2 -7.2 -5 5.728 -4.827 -5 4.678 -5.262 -1.79 4.97 -7.2 -1.527

4 16 5.728 -4.827 -5 4.384 -2.816 -5 3.782 -3.418 -2.596 4.678 -5.262 -1.79

4 16 4.384 -2.816 -5 2.373 -1.472 -5 2.236 -1.803 -3.988 3.782 -3.418 -2.596

3 16 -2.236 -1.803 -3.988 -1.111 -1.221 -5 -2.373 -1.472 -5

4 16 -2.373 -1.472 -5 -4.384 -2.816 -5 -3.782 -3.418 -2.596 -2.236 -1.803 -3.988

4 16 -4.384 -2.816 -5 -5.728 -4.827 -5 -4.678 -5.262 -1.79 -3.782 -3.418 -2.596

4 16 -5.728 -4.827 -5 -6.2 -7.2 -5 -4.97 -7.2 -1.527 -4.678 -5.262 -1.79

2 24 -3.661 -10.861 -2.114 -2.598 -11.315 -1.5

2 24 -3.661 -10.861 -2.114 -5.045 -9.29 -2.913

2 24 -5.045 -9.29 -2.913 -5.567 -7.2 -3.214

2 24 -5.567 -7.2 -3.214 -5.045 -5.11 -2.913

2 24 -5.045 -5.11 -2.913 -4.061 -3.994 -2.345

1 16 -5.196 -7.2 3 -3.1 -5.36935 0 0 0 6.2 -5.36935 3.1 0 4-8sphe.dat

1 16 -5.196 -7.2 3 -3.1 0.86603 0 0 0 6.2 -5.36935 -0.5 0 4-4cyli.dat

5 24 -7.194 -4.827 -2.461 -7.43 -7.2 -2.869 -8.06 -4.827 -1.961 -3.779 -7.2 -3.545

5 24 -6.522 -2.816 -1.297 -7.194 -4.827 -2.461 -7.388 -2.816 -0.797 -3.59 -5.302 -3.219

5 24 -5.516 -1.472 0.445 -6.522 -2.816 -1.297 -6.383 -1.472 0.945 -3.053 -3.693 -2.287

5 24 -4.33 -1 2.5 -5.516 -1.472 0.445 -5.196 -1 3 -2.248 -2.617 -0.894

5 24 -3.144 -1.472 4.555 -4.33 -1 2.5 -4.01 -1.472 5.055 -1.299 -2.24 0.75

5 24 -2.138 -2.816 6.297 -3.144 -1.472 4.555 -3.004 -2.816 6.797 -0.35 -2.617 2.394

5 24 -1.466 -4.827 7.461 -2.138 -2.816 6.297 -2.332 -4.827 7.961 0.455 -3.693 3.787

5 24 -1.23 -7.2 7.869 -1.466 -4.827 7.461 -2.096 -7.2 8.369 0.992 -5.302 4.719

5 24 -1.466 -9.573 7.461 -1.23 -7.2 7.869 -2.332 -9.573 7.961 1.181 -7.2 5.045

5 24 -2.138 -11.584 6.297 -1.466 -9.573 7.461 -3.004 -11.584 6.797 0.992 -9.098 4.719

5 24 -3.144 -12.928 4.555 -2.138 -11.584 6.297 -4.01 -12.928 5.055 0.455 -10.707 3.787

5 24 -4.33 -13.4 2.5 -3.144 -12.928 4.555 -5.196 -13.4 3 -0.35 -11.783 2.394

5 24 -5.516 -12.928 0.445 -4.33 -13.4 2.5 -6.383 -12.928 0.945 -1.299 -12.16 0.75

5 24 -6.522 -11.584 -1.297 -5.516 -12.928 0.445 -7.388 -11.584 -0.797 -2.248 -11.783 -0.894

5 24 -7.194 -9.573 -2.461 -6.522 -11.584 -1.297 -8.06 -9.573 -1.961 -3.053 -10.707 -2.287

5 24 -7.43 -7.2 -2.869 -7.194 -9.573 -2.461 -8.296 -7.2 -2.369 -3.59 -9.098 -3.219

1 16 -4.33 -7.2 2.5 0.62 3.03109 0 0 0 -1.24 1.07387 -1.75 0 2-4con4.dat

2 24 -5.794 -1.822 0 -5.765 -1.472 0.589

2 24 -5.787 -1.834 -0.024 -5.794 -1.822 0

2 24 -5.508 -1.155 2.281 -5.107 -1 2.949

2 24 -5.765 -1.472 0.589 -5.508 -1.155 2.281

2 24 -4.189 -1.305 4.189 -3.371 -1.472 4.686

2 24 -5.107 -1 2.949 -4.189 -1.305 4.189

2 24 -3.371 -1.472 4.686 -2.949 -1.731 4.891

2 24 -1.132 -12.103 2.999 0 -11.143 3.464

2 24 0 -11.143 3.464 0.264 -10.962 3.457

2 24 -1.23 -12.143 2.97 -1.132 -12.103 2.999

2 24 -2.204 -12.535 2.204 -1.23 -12.143 2.97

2 24 -2.618 -12.7 1.511 -2.204 -12.535 2.204

2 24 -2.856 -12.634 1.183 -2.618 -12.7 1.511

2 24 -3.178 -12.288 0 -2.856 -12.634 1.183

2 24 -3.121 -12.089 -0.536 -3.178 -12.288 0

2 24 -3.12 -11.493 -1.292 -3.121 -12.089 -0.536

2 24 -2.845 -10.985 -1.928 -3.12 -11.493 -1.292

2 24 -4.924 -3.681 -2.04 -5.12 -3.17 -1.697

2 24 -3.93 -4.96 -2.963 -4.924 -3.681 -2.04

2 24 -5.12 -3.17 -1.697 -5.787 -1.833 -0.023

2 24 -2.162 -2.401 5.22 -1.052 -3.183 5.245

2 24 -2.95 -1.731 4.891 -2.162 -2.401 5.22

2 24 0 -4.437 5.141 -1.052 -3.183 5.245

2 24 0 -4.437 5.141 0.607 -4.97 4.887

3 16 -5.516 -1.472 0.445 -4.886 -1.221 1.538 -4.571 -1.803 0.058

5 24 -3.808 -7.2 -3.54 -7.43 -7.2 -2.869 -3.59 -9.098 -3.219 -3.59 -5.302 -3.219

5 24 -3.889 -5.262 -3.156 -7.194 -4.827 -2.461 -3.779 -7.2 -3.545 -3.053 -3.693 -2.287

5 24 -4.139 -3.418 -1.977 -6.522 -2.816 -1.297 -3.59 -5.302 -3.219 -2.248 -2.617 -0.894

5 24 -4.571 -1.803 0.058 -5.516 -1.472 0.445 -3.053 -3.693 -2.287 -1.299 -2.24 0.75

5 24 -2.336 -1.803 3.93 -3.144 -1.472 4.555 -1.299 -2.24 0.75 0.455 -3.693 3.787

5 24 -0.358 -3.418 4.573 -2.138 -2.816 6.297 -0.35 -2.617 2.394 0.992 -5.302 4.719

5 24 0.788 -5.262 4.946 -1.466 -4.827 7.461 0.455 -3.693 3.787 1.181 -7.2 5.045

5 24 1.162 -7.2 5.068 -1.23 -7.2 7.869 0.992 -5.302 4.719 0.992 -9.098 4.719

4 16 -7.43 -7.2 -2.869 -7.194 -4.827 -2.461 -3.889 -5.262 -3.156 -3.808 -7.2 -3.54

4 16 -7.194 -4.827 -2.461 -6.522 -2.816 -1.297 -4.139 -3.418 -1.977 -3.889 -5.262 -3.156

4 16 -6.522 -2.816 -1.297 -5.516 -1.472 0.445 -4.571 -1.803 0.058 -4.139 -3.418 -1.977

3 16 -2.336 -1.803 3.93 -3.775 -1.221 3.462 -3.144 -1.472 4.555

4 16 -3.144 -1.472 4.555 -2.138 -2.816 6.297 -0.358 -3.418 4.573 -2.336 -1.803 3.93

4 16 -2.138 -2.816 6.297 -1.466 -4.827 7.461 0.788 -5.262 4.946 -0.358 -3.418 4.573

4 16 -1.466 -4.827 7.461 -1.23 -7.2 7.869 1.162 -7.2 5.068 0.788 -5.262 4.946

2 24 3.661 -10.861 -2.114 2.598 -11.315 -1.5

2 24 3.661 -10.861 -2.114 5.045 -9.29 -2.913

2 24 5.045 -9.29 -2.913 5.567 -7.2 -3.214

2 24 5.567 -7.2 -3.214 5.045 -5.11 -2.913

2 24 5.045 -5.11 -2.913 4.061 -3.994 -2.345

1 16 5.196 -7.2 3 3.1 5.36935 0 0 0 6.2 -5.36935 3.1 0 4-8sphe.dat

1 16 5.196 -7.2 3 3.1 -0.86603 0 0 0 6.2 -5.36935 -0.5 0 4-4cyli.dat

5 24 7.194 -4.827 -2.461 7.43 -7.2 -2.869 8.06 -4.827 -1.961 3.779 -7.2 -3.545

5 24 6.522 -2.816 -1.297 7.194 -4.827 -2.461 7.388 -2.816 -0.797 3.59 -5.302 -3.219

5 24 5.516 -1.472 0.445 6.522 -2.816 -1.297 6.383 -1.472 0.945 3.053 -3.693 -2.287

5 24 4.33 -1 2.5 5.516 -1.472 0.445 5.196 -1 3 2.248 -2.617 -0.894

5 24 3.144 -1.472 4.555 4.33 -1 2.5 4.01 -1.472 5.055 1.299 -2.24 0.75

5 24 2.138 -2.816 6.297 3.144 -1.472 4.555 3.004 -2.816 6.797 0.35 -2.617 2.394

5 24 1.466 -4.827 7.461 2.138 -2.816 6.297 2.332 -4.827 7.961 -0.455 -3.693 3.787

5 24 1.23 -7.2 7.869 1.466 -4.827 7.461 2.096 -7.2 8.369 -0.992 -5.302 4.719

5 24 1.466 -9.573 7.461 1.23 -7.2 7.869 2.332 -9.573 7.961 -1.181 -7.2 5.045

5 24 2.138 -11.584 6.297 1.466 -9.573 7.461 3.004 -11.584 6.797 -0.992 -9.098 4.719

5 24 3.144 -12.928 4.555 2.138 -11.584 6.297 4.01 -12.928 5.055 -0.455 -10.707 3.787

5 24 4.33 -13.4 2.5 3.144 -12.928 4.555 5.196 -13.4 3 0.35 -11.783 2.394

5 24 5.516 -12.928 0.445 4.33 -13.4 2.5 6.383 -12.928 0.945 1.299 -12.16 0.75

5 24 6.522 -11.584 -1.297 5.516 -12.928 0.445 7.388 -11.584 -0.797 2.248 -11.783 -0.894

5 24 7.194 -9.573 -2.461 6.522 -11.584 -1.297 8.06 -9.573 -1.961 3.053 -10.707 -2.287

5 24 7.43 -7.2 -2.869 7.194 -9.573 -2.461 8.296 -7.2 -2.369 3.59 -9.098 -3.219

1 16 4.33 -7.2 2.5 -0.62 -3.03109 0 0 0 -1.24 1.07387 -1.75 0 2-4con4.dat

2 24 5.794 -1.822 0 5.765 -1.472 0.589

2 24 5.787 -1.834 -0.024 5.794 -1.822 0

2 24 5.508 -1.155 2.281 5.107 -1 2.949

2 24 5.765 -1.472 0.589 5.508 -1.155 2.281

2 24 4.189 -1.305 4.189 3.371 -1.472 4.686

2 24 5.107 -1 2.949 4.189 -1.305 4.189

2 24 3.371 -1.472 4.686 2.949 -1.731 4.891

2 24 1.132 -12.103 2.999 0 -11.143 3.464

2 24 0 -11.143 3.464 -0.264 -10.962 3.457

2 24 1.23 -12.143 2.97 1.132 -12.103 2.999

2 24 2.204 -12.535 2.204 1.23 -12.143 2.97

2 24 2.618 -12.7 1.511 2.204 -12.535 2.204

2 24 2.856 -12.634 1.183 2.618 -12.7 1.511

2 24 3.178 -12.288 0 2.856 -12.634 1.183

2 24 3.121 -12.089 -0.536 3.178 -12.288 0

2 24 3.12 -11.493 -1.292 3.121 -12.089 -0.536

2 24 2.845 -10.985 -1.928 3.12 -11.493 -1.292

2 24 4.924 -3.681 -2.04 5.12 -3.17 -1.697

2 24 3.93 -4.96 -2.963 4.924 -3.681 -2.04

2 24 5.12 -3.17 -1.697 5.787 -1.833 -0.023

2 24 2.162 -2.401 5.22 1.052 -3.183 5.245

2 24 2.95 -1.731 4.891 2.162 -2.401 5.22

2 24 0 -4.437 5.141 1.052 -3.183 5.245

2 24 0 -4.437 5.141 -0.607 -4.97 4.887

3 16 4.571 -1.803 0.058 4.886 -1.221 1.538 5.516 -1.472 0.445

5 24 3.808 -7.2 -3.54 7.43 -7.2 -2.869 3.59 -9.098 -3.219 3.59 -5.302 -3.219

5 24 3.889 -5.262 -3.156 7.194 -4.827 -2.461 3.779 -7.2 -3.545 3.053 -3.693 -2.287

5 24 4.139 -3.418 -1.977 6.522 -2.816 -1.297 3.59 -5.302 -3.219 2.248 -2.617 -0.894

5 24 4.571 -1.803 0.058 5.516 -1.472 0.445 3.053 -3.693 -2.287 1.299 -2.24 0.75

5 24 2.336 -1.803 3.93 3.144 -1.472 4.555 1.299 -2.24 0.75 -0.455 -3.693 3.787

5 24 0.358 -3.418 4.573 2.138 -2.816 6.297 0.35 -2.617 2.394 -0.992 -5.302 4.719

5 24 -0.788 -5.262 4.946 1.466 -4.827 7.461 -0.455 -3.693 3.787 -1.181 -7.2 5.045

5 24 -1.162 -7.2 5.068 1.23 -7.2 7.869 -0.992 -5.302 4.719 -0.992 -9.098 4.719

4 16 3.808 -7.2 -3.54 3.889 -5.262 -3.156 7.194 -4.827 -2.461 7.43 -7.2 -2.869

4 16 3.889 -5.262 -3.156 4.139 -3.418 -1.977 6.522 -2.816 -1.297 7.194 -4.827 -2.461

4 16 4.139 -3.418 -1.977 4.571 -1.803 0.058 5.516 -1.472 0.445 6.522 -2.816 -1.297

3 16 3.144 -1.472 4.555 3.775 -1.221 3.462 2.336 -1.803 3.93

4 16 2.336 -1.803 3.93 0.358 -3.418 4.573 2.138 -2.816 6.297 3.144 -1.472 4.555

4 16 0.358 -3.418 4.573 -0.788 -5.262 4.946 1.466 -4.827 7.461 2.138 -2.816 6.297

4 16 -0.788 -5.262 4.946 -1.162 -7.2 5.068 1.23 -7.2 7.869 1.466 -4.827 7.461

0 NOFILE

0 FILE 2-4con4.dat
0 Cone  4 x 0.5
0 Name: 2-4con4.dat
0 Author: Mark Kennedy [mkennedy]
0 !LDRAW_ORG Primitive UPDATE 2012-01
0 !LICENSE Licensed under CC BY 4.0 : see CAreadme.txt

0 BFC CERTIFY CCW

0 !HISTORY 2009-05-02 [PTadmin] Official Update 2009-01
0 !HISTORY 2012-02-16 [Philo] Recreated CCW
0 !HISTORY 2012-03-30 [PTadmin] Official Update 2012-01


4 16 4 1 0 3.6956 1 1.5308 4.6195 0 1.9135 5 0 0
4 16 3.6956 1 1.5308 2.8284 1 2.8284 3.5355 0 3.5355 4.6195 0 1.9135
4 16 2.8284 1 2.8284 1.5308 1 3.6956 1.9135 0 4.6195 3.5355 0 3.5355
4 16 1.5308 1 3.6956 0 1 4 0 0 5 1.9135 0 4.6195
4 16 0 1 4 -1.5308 1 3.6956 -1.9135 0 4.6195 0 0 5
4 16 -1.5308 1 3.6956 -2.8284 1 2.8284 -3.5355 0 3.5355 -1.9135 0 4.6195
4 16 -2.8284 1 2.8284 -3.6956 1 1.5308 -4.6195 0 1.9135 -3.5355 0 3.5355
4 16 -3.6956 1 1.5308 -4 1 0 -5 0 0 -4.6195 0 1.9135
0 // conditional lines
5 24 4 1 0 5 0 0 4 1 -1.6569 3.6955 1 1.5307
5 24 3.6956 1 1.5308 4.6195 0 1.9135 4 1 0 2.8284 1 2.8284
5 24 2.8284 1 2.8284 3.5355 0 3.5355 3.6955 1 1.5307 1.5307 1 3.6955
5 24 1.5308 1 3.6956 1.9135 0 4.6195 2.8284 1 2.8284 0 1 4
5 24 0 1 4 0 0 5 1.5307 1 3.6955 -1.5307 1 3.6955
5 24 -1.5308 1 3.6956 -1.9135 0 4.6195 0 1 4 -2.8284 1 2.8284
5 24 -2.8284 1 2.8284 -3.5355 0 3.5355 -1.5307 1 3.6955 -3.6955 1 1.5307
5 24 -3.6956 1 1.5308 -4.6195 0 1.9135 -2.8284 1 2.8284 -4 1 0
5 24 -4 1 0 -5 0 0 -3.6955 1 1.5307 -4 1 -1.6569
0 // Build by Primitive Generator 2
0 NOFILE

0 FILE 4-8sphe.dat
0 Sphere 0.5

0 Name: 4-8sphe.dat

0 Author: James Jessiman

0 !LDRAW_ORG Primitive UPDATE 2003-02

0 !LICENSE Licensed under CC BY 4.0 : see CAreadme.txt



0 BFC CERTIFY CCW



0 !HISTORY 2002-08-31 [izanette] Modified with WINDZ for BFC compliance

0 !HISTORY 2003-08-01 [PTadmin] Official Update 2003-02

0 !HISTORY 2007-06-24 [PTadmin] Header formatted for Contributor Agreement

0 !HISTORY 2008-07-01 [PTadmin] Official Update 2008-01





1 16 0 0 0 1 0 0 0 1 0 0 0 1 1-8sphe.dat

1 16 0 0 0 1 0 0 0 1 0 0 0 -1 1-8sphe.dat

1 16 0 0 0 -1 0 0 0 1 0 0 0 1 1-8sphe.dat

1 16 0 0 0 -1 0 0 0 1 0 0 0 -1 1-8sphe.dat

0



0 NOFILE

0 FILE 1-8sphe.dat
0 Sphere 0.125

0 Name: 1-8sphe.dat

0 Author: James Jessiman

0 !LDRAW_ORG Primitive UPDATE 2012-03

0 !LICENSE Licensed under CC BY 4.0 : see CAreadme.txt



0 BFC CERTIFY CCW



0 !HISTORY 2000-08-01 {Axel Poque} fixes to resolve L3P error messages.

0 !HISTORY 2000-08-01 {Manfred Moolhuysen} fixes to resolve L3P error messages.

0 !HISTORY 2000-09-30 [PTadmin] Official Update 2000-02

0 !HISTORY 2002-03-28 [hafhead] Made BFC compliant

0 !HISTORY 2002-04-25 [PTadmin] Official Update 2002-02

0 !HISTORY 2007-06-22 [PTadmin] Header formatted for Contributor Agreement

0 !HISTORY 2008-07-01 [PTadmin] Official Update 2008-01

0 !HISTORY 2010-09-12 [MagFors] Changed winding, removed duplicated cond-line, optimized filesize

0 !HISTORY 2010-12-31 [PTadmin] Official Update 2010-03

0 !HISTORY 2012-07-01 [tcobbs] Replaced with geometry from LDView

0 !HISTORY 2012-12-28 [PTadmin] Official Update 2012-03





3 16 1 0 0 0.9239 0.3827 0 0.9239 0 0.3827

3 16 0.9239 0.3827 0 0.7836 0.4393 0.4393 0.9239 0 0.3827

3 16 0.9239 0 0.3827 0.7836 0.4393 0.4393 0.7071 0 0.7071

3 16 0.7836 0.4393 0.4393 0.4393 0.4393 0.7836 0.7071 0 0.7071

3 16 0.7071 0 0.7071 0.4393 0.4393 0.7836 0.3827 0 0.9239

3 16 0.4393 0.4393 0.7836 0 0.3827 0.9239 0.3827 0 0.9239

3 16 0.3827 0 0.9239 0 0.3827 0.9239 0 0 1

3 16 0.9239 0.3827 0 0.7071 0.7071 0 0.7836 0.4393 0.4393

3 16 0.7071 0.7071 0 0.4393 0.7836 0.4393 0.7836 0.4393 0.4393

3 16 0.7836 0.4393 0.4393 0.4393 0.7836 0.4393 0.4393 0.4393 0.7836

3 16 0.4393 0.7836 0.4393 0 0.7071 0.7071 0.4393 0.4393 0.7836

3 16 0.4393 0.4393 0.7836 0 0.7071 0.7071 0 0.3827 0.9239

3 16 0.7071 0.7071 0 0.3827 0.9239 0 0.4393 0.7836 0.4393

3 16 0.3827 0.9239 0 0 0.9239 0.3827 0.4393 0.7836 0.4393

3 16 0.4393 0.7836 0.4393 0 0.9239 0.3827 0 0.7071 0.7071

3 16 0.3827 0.9239 0 0 1 0 0 0.9239 0.3827



5 24 1 0 0 0.9239 0.3827 0 1 0 -0.1 0.9239 0 0.3827

5 24 0.9239 0.3827 0 0.9239 0 0.3827 1 0 0 0.7836 0.4393 0.4393

5 24 1 0 0 0.9239 0 0.3827 0.9239 0.3827 0 1 -0.1 0

5 24 0.9239 0 0.3827 0.7836 0.4393 0.4393 0.9239 0.3827 0 0.7071 0 0.7071

5 24 0.7836 0.4393 0.4393 0.7071 0 0.7071 0.9239 0 0.3827 0.4393 0.4393 0.7836

5 24 0.9239 0 0.3827 0.7071 0 0.7071 0.7836 0.4393 0.4393 0.9239 -0.1 0.3827

5 24 0.7071 0 0.7071 0.4393 0.4393 0.7836 0.7836 0.4393 0.4393 0.3827 0 0.9239

5 24 0.4393 0.4393 0.7836 0.3827 0 0.9239 0.7071 0 0.7071 0 0.3827 0.9239

5 24 0.7071 0 0.7071 0.3827 0 0.9239 0.4393 0.4393 0.7836 0.7071 -0.1 0.7071

5 24 0.3827 0 0.9239 0 0.3827 0.9239 0.4393 0.4393 0.7836 0 0 1

5 24 0 0.3827 0.9239 0 0 1 0.3827 0 0.9239 -0.1 0.3827 0.9239

5 24 0.3827 0 0.9239 0 0 1 0 0.3827 0.9239 0.3827 -0.1 0.9239

5 24 0.9239 0.3827 0 0.7071 0.7071 0 0.9239 0.3827 -0.1 0.7836 0.4393 0.4393

5 24 0.7071 0.7071 0 0.7836 0.4393 0.4393 0.9239 0.3827 0 0.4393 0.7836 0.4393

5 24 0.9239 0.3827 0 0.7836 0.4393 0.4393 0.7071 0.7071 0 0.9239 0 0.3827

5 24 0.7836 0.4393 0.4393 0.4393 0.7836 0.4393 0.7071 0.7071 0 0.4393 0.4393 0.7836

5 24 0.4393 0.7836 0.4393 0.4393 0.4393 0.7836 0.7836 0.4393 0.4393 0 0.7071 0.7071

5 24 0.7836 0.4393 0.4393 0.4393 0.4393 0.7836 0.4393 0.7836 0.4393 0.7071 0 0.7071

5 24 0.4393 0.4393 0.7836 0 0.7071 0.7071 0.4393 0.7836 0.4393 0 0.3827 0.9239

5 24 0 0.7071 0.7071 0 0.3827 0.9239 0.4393 0.4393 0.7836 -0.1 0.7071 0.7071

5 24 0.4393 0.4393 0.7836 0 0.3827 0.9239 0 0.7071 0.7071 0.3827 0 0.9239

5 24 0.7071 0.7071 0 0.3827 0.9239 0 0.7071 0.7071 -0.1 0.4393 0.7836 0.4393

5 24 0.3827 0.9239 0 0.4393 0.7836 0.4393 0.7071 0.7071 0 0 0.9239 0.3827

5 24 0.7071 0.7071 0 0.4393 0.7836 0.4393 0.3827 0.9239 0 0.7836 0.4393 0.4393

5 24 0.4393 0.7836 0.4393 0 0.9239 0.3827 0.3827 0.9239 0 0 0.7071 0.7071

5 24 0 0.9239 0.3827 0 0.7071 0.7071 0.4393 0.7836 0.4393 -0.1 0.9239 0.3827

5 24 0.4393 0.7836 0.4393 0 0.7071 0.7071 0 0.9239 0.3827 0.4393 0.4393 0.7836

5 24 0.3827 0.9239 0 0 1 0 0.3827 0.9239 -0.1 0 0.9239 0.3827

5 24 0 1 0 0 0.9239 0.3827 0.3827 0.9239 0 -0.1 1 0

5 24 0.3827 0.9239 0 0 0.9239 0.3827 0 1 0 0.4393 0.7836 0.4393

0 NOFILE

0 FILE 8-8sphe.dat
0 Sphere 1.0

0 Name: 8-8sphe.dat

0 Author: James Jessiman

0 !LDRAW_ORG Primitive UPDATE 2012-01

0 !LICENSE Licensed under CC BY 4.0 : see CAreadme.txt



0 BFC CERTIFY CCW



0 !HISTORY 2002-09-01 [BrickCaster] Added BFC statement

0 !HISTORY 2002-11-30 [PTadmin] Official Update 2002-05

0 !HISTORY 2007-06-24 [PTadmin] Header formatted for Contributor Agreement

0 !HISTORY 2008-07-01 [PTadmin] Official Update 2008-01

0 !HISTORY 2012-02-16 [Philo] Changed to CCW

0 !HISTORY 2012-03-30 [PTadmin] Official Update 2012-01





1 16 0 0 0 1 0 0 0 1 0 0 0 1 1-8sphe.dat

1 16 0 0 0 1 0 0 0 1 0 0 0 -1 1-8sphe.dat

1 16 0 0 0 1 0 0 0 -1 0 0 0 1 1-8sphe.dat

1 16 0 0 0 1 0 0 0 -1 0 0 0 -1 1-8sphe.dat

1 16 0 0 0 -1 0 0 0 1 0 0 0 1 1-8sphe.dat

1 16 0 0 0 -1 0 0 0 1 0 0 0 -1 1-8sphe.dat

1 16 0 0 0 -1 0 0 0 -1 0 0 0 1 1-8sphe.dat

1 16 0 0 0 -1 0 0 0 -1 0 0 0 -1 1-8sphe.dat

0 NOFILE

0 FILE 6141.dat
0 Plate  1 x  1 Round

0 Name: 6141.dat

0 Author: James Jessiman

0 !LDRAW_ORG Part UPDATE 2015-01

0 !LICENSE Licensed under CC BY 4.0 : see CAreadme.txt



0 BFC CERTIFY CCW



0 !KEYWORDS BrickLink 4073



0 !HISTORY 1998-06-20 [PTadmin] Official Update 1998-06

0 !HISTORY 2003-01-29 [sbliss] Completed header; BFC'ed; misc cleanup

0 !HISTORY 2003-08-01 [PTadmin] Official Update 2003-02

0 !HISTORY 2007-10-26 [PTadmin] Header formatted for Contributor Agreement

0 !HISTORY 2008-07-01 [PTadmin] Official Update 2008-01

0 !HISTORY 2014-11-29 [Steffen] Renamed from 4073

0 !HISTORY 2014-12-28 [MagFors] Primitive substitution

0 !HISTORY 2015-10-11 [PTadmin] Official Update 2015-01





1 16 0 3 0 -1 0 0 0 -1.25 0 0 0 1 stud4.dat

1 16 0 3 0 -6 0 0 0 -1 0 0 0 6 4-4disc.dat

1 16 0 3 0 -2 0 0 0 -1 0 0 0 2 4-4ring4.dat

1 16 0 0 0 10 0 0 0 3 0 0 0 10 4-4cylo.dat

1 16 0 0 0 2 0 0 0 1 0 0 0 2 4-4ring4.dat

1 16 0 0 0 2 0 0 0 1 0 0 0 2 4-4ring3.dat

1 16 0 0 0 1 0 0 0 1 0 0 0 1 stud.dat

0 NOFILE

0 FILE 4-4cylo.dat
0 Cylinder Open 1.0

0 Name: 4-4cylo.dat

0 Author: Mark Kennedy [mkennedy]

0 !LDRAW_ORG Primitive UPDATE 2010-01

0 !LICENSE Licensed under CC BY 4.0 : see CAreadme.txt



0 BFC CERTIFY CCW



0 !HISTORY 2010-04-05 [PTadmin] Official Update 2010-01





1 16 0 0 0 1 0 0 0 1 0 0 0 1 4-4edge.dat

1 16 0 1 0 1 0 0 0 1 0 0 0 1 4-4edge.dat

1 16 0 0 0 1 0 0 0 1 0 0 0 1 4-4cyli.dat

0
0 NOFILE

0 FILE 32523.dat
0 Technic Beam  3

0 Name: 32523.dat

0 Author: Tim Gould [timgould]

0 !LDRAW_ORG Part UPDATE 2022-02

0 !LICENSE Licensed under CC BY 4.0 : see CAreadme.txt



0 BFC CERTIFY CCW



0 !HISTORY 2009-09-03 [PTadmin] Official Update 2009-02

0 !HISTORY 2020-12-05 [Philo] Used subpart

0 !HISTORY 2022-03-06 [PTadmin] Official Update 2022-02





1 16 0 0 0 1 0 0 0 1 0 0 0 1 s__32523s01.dat

4 16 9 10 20 9 -10 20 9 -10 -20 9 10 -20

0 NOFILE

0 FILE s__32523s01.dat
0 ~Technic Beam  3 without Side

0 Name: s\32523s01.dat

0 Author: Philippe Hurbain [Philo]

0 !LDRAW_ORG Subpart UPDATE 2022-02

0 !LICENSE Licensed under CC BY 4.0 : see CAreadme.txt



0 BFC CERTIFY CCW



0 !HISTORY 2020-12-05 [Philo] Subparted from Tim Gould 32523

0 !HISTORY 2022-03-06 [PTadmin] Official Update 2022-02





1 16 0 0 0 1 0 0 0 1 0 0 0 1 beamhole.dat

1 16 0 0 -20 1 0 0 0 1 0 0 0 1 beamhole.dat

1 16 0 0 20 1 0 0 0 1 0 0 0 1 connhole.dat

0 // Sides and edges

1 16 0 -10 20 9 0 0 0 20 0 0 0 9 2-4cyli.dat

1 16 0 -10 20 9 0 0 0 1 0 0 0 9 2-4edge.dat

1 16 0 10 20 -9 0 0 0 -1 0 0 0 9 2-4edge.dat

1 16 0 -10 -20 -9 0 0 0 20 0 0 0 -9 2-4cyli.dat

1 16 0 -10 -20 -9 0 0 0 1 0 0 0 -9 2-4edge.dat

1 16 0 10 -20 9 0 0 0 -1 0 0 0 -9 2-4edge.dat

2 24 9 10 -20 9 10 20

2 24 9 -10 20 9 -10 -20

1 16 -9 0 0 0 1 0 0 0 10 20 0 0 rect2p.dat

0 NOFILE

0 FILE connhole.dat
0 Technic Connector Hole Long

0 Name: connhole.dat

0 Author: Magnus Forsberg [MagFors]

0 !LDRAW_ORG Primitive UPDATE 2024-01

0 !LICENSE Licensed under CC BY 4.0 : see CAreadme.txt



0 BFC CERTIFY CCW



0 !HISTORY 2005-07-09 [mikeheide] use 4-4ring8 primitive

0 !HISTORY 2009-09-03 [PTadmin] Official Update 2009-02

0 !HISTORY 2024-01-05 [MagFors] Complete rewrite, original by t.woelk

0 !HISTORY 2024-01-29 [OrionP] Official Update 2024-01



1 16 0 10 0 1 0 0 0 -1 0 0 0 1 peghole.dat

1 16 0 10 0 1 0 0 0 -1 0 0 0 -1 4-4ring8.dat

0 BFC INVERTNEXT

1 16 0 -8 0 6 0 0 0 16 0 0 0 6 4-4cyli.dat

1 16 0 -10 0 1 0 0 0 1 0 0 0 1 4-4ring8.dat

1 16 0 -10 0 1 0 0 0 1 0 0 0 1 peghole.dat

0 NOFILE

0 FILE 4-4ring8.dat
0 Ring  8 x 1.0

0 Name: 4-4ring8.dat

0 Author: Steffen [Steffen]

0 !LDRAW_ORG Primitive UPDATE 2012-01

0 !LICENSE Licensed under CC BY 4.0 : see CAreadme.txt



0 BFC CERTIFY CCW



0 !HISTORY 2003-12-19 [PTadmin] Official Update 2003-03

0 !HISTORY 2007-06-24 [PTadmin] Header formatted for Contributor Agreement

0 !HISTORY 2008-07-01 [PTadmin] Official Update 2008-01

0 !HISTORY 2012-02-16 [Philo] Changed to CCW

0 !HISTORY 2012-03-30 [PTadmin] Official Update 2012-01





4 16 9 0 0 8.3151 0 3.4443 7.3912 0 3.0616 8 0 0

4 16 8.3151 0 3.4443 6.3639 0 6.3639 5.6568 0 5.6568 7.3912 0 3.0616

4 16 6.3639 0 6.3639 3.4443 0 8.3151 3.0616 0 7.3912 5.6568 0 5.6568

4 16 3.4443 0 8.3151 0 0 9 0 0 8 3.0616 0 7.3912

4 16 0 0 9 -3.4443 0 8.3151 -3.0616 0 7.3912 0 0 8

4 16 -3.4443 0 8.3151 -6.3639 0 6.3639 -5.6568 0 5.6568 -3.0616 0 7.3912

4 16 -6.3639 0 6.3639 -8.3151 0 3.4443 -7.3912 0 3.0616 -5.6568 0 5.6568

4 16 -8.3151 0 3.4443 -9 0 0 -8 0 0 -7.3912 0 3.0616

4 16 -9 0 0 -8.3151 0 -3.4443 -7.3912 0 -3.0616 -8 0 0

4 16 -8.3151 0 -3.4443 -6.3639 0 -6.3639 -5.6568 0 -5.6568 -7.3912 0 -3.0616

4 16 -6.3639 0 -6.3639 -3.4443 0 -8.3151 -3.0616 0 -7.3912 -5.6568 0 -5.6568

4 16 -3.4443 0 -8.3151 0 0 -9 0 0 -8 -3.0616 0 -7.3912

4 16 0 0 -9 3.4443 0 -8.3151 3.0616 0 -7.3912 0 0 -8

4 16 3.4443 0 -8.3151 6.3639 0 -6.3639 5.6568 0 -5.6568 3.0616 0 -7.3912

4 16 6.3639 0 -6.3639 8.3151 0 -3.4443 7.3912 0 -3.0616 5.6568 0 -5.6568

4 16 8.3151 0 -3.4443 9 0 0 8 0 0 7.3912 0 -3.0616

0 NOFILE

0 FILE peghole.dat
0 Peg Hole End

0 Name: peghole.dat

0 Author: James Jessiman

0 !LDRAW_ORG Primitive UPDATE 2010-01

0 !LICENSE Licensed under CC BY 4.0 : see CAreadme.txt



0 BFC CERTIFY CCW



0 !HISTORY 2002-05-01 [mkennedy] replace code with ring3

0 !HISTORY 2002-05-01 [sbliss] BFC

0 !HISTORY 2002-06-11 [PTadmin] Official Update 2002-03

0 !HISTORY 2007-06-24 [PTadmin] Header formatted for Contributor Agreement

0 !HISTORY 2008-07-01 [PTadmin] Official Update 2008-01

0 !HISTORY 2010-01-14 [cwdee] Update ring3 to 4-4ring3

0 !HISTORY 2010-04-05 [PTadmin] Official Update 2010-01





1 16 0 0 0 8 0 0 0 1 0 0 0 8 4-4edge.dat

1 16 0 2 0 8 0 0 0 1 0 0 0 8 4-4edge.dat

1 16 0 2 0 6 0 0 0 1 0 0 0 6 4-4edge.dat

1 16 0 2 0 2 0 0 0 1 0 0 0 2 4-4ring3.dat

0 BFC INVERTNEXT

1 16 0 0 0 8 0 0 0 2 0 0 0 8 4-4cyli.dat

0

0 NOFILE

0 FILE beamhole.dat
0 Technic Beam Hole 1.0 with Adjacent Hole Negative

0 Name: beamhole.dat

0 Author: Willy Tschager [Holly-Wood]

0 !LDRAW_ORG Primitive UPDATE 2024-01

0 !LICENSE Licensed under CC BY 4.0 : see CAreadme.txt



0 BFC CERTIFY CCW



0 !HISTORY 2005-12-28 [PTadmin] Official Update 2005-01

0 !HISTORY 2007-06-24 [PTadmin] Header formatted for Contributor Agreement

0 !HISTORY 2008-07-01 [PTadmin] Official Update 2008-01

0 !HISTORY 2024-01-11 [Holly-Wood] Complete rewrite, original by guyvivan

0 !HISTORY 2024-01-29 [OrionP] Official Update 2024-01



0 // Top

1 16 0 -10 0 1 0 0 0 1 0 0 0 1 4-4ring8.dat

1 16 0 -10 10 1 0 0 0 8 0 0 0 1 npeghol2.dat

1 16 0 -10 0 1 0 0 0 1 0 0 0 1 peghole.dat



0 // Center

0 BFC INVERTNEXT

1 16 0 -8 0 6 0 0 0 16 0 0 0 6 4-4cyli.dat



0 // Bottom

1 16 0 10 0 1 0 0 0 -1 0 0 0 1 peghole.dat

1 16 0 10 10 1 0 0 0 -8 0 0 0 1 npeghol2.dat

1 16 0 10 0 1 0 0 0 -1 0 0 0 1 4-4ring8.dat

0 NOFILE

0 FILE npeghol2.dat
0 Technic Peg Hole Negative with Top Surface Extensions

0 Name: npeghol2.dat

0 Author: Orion Pobursky [OrionP]

0 !LDRAW_ORG Primitive UPDATE 2023-01

0 !LICENSE Licensed under CC BY 4.0 : see CAreadme.txt



0 BFC CERTIFY CCW



0 !HISTORY 2005-12-28 [PTadmin] Official Update 2005-01

0 !HISTORY 2007-06-24 [PTadmin] Header formatted for Contributor Agreement

0 !HISTORY 2008-07-01 [PTadmin] Official Update 2008-01

0 !HISTORY 2012-03-14 [Philo] Changed to CCW, used 1-8ndis to avoid overlaps

0 !HISTORY 2012-03-30 [PTadmin] Official Update 2012-01

0 !HISTORY 2021-03-18 [kuramapika1] Change cyli to cylo and adjusted to correct rounding errors

0 !HISTORY 2022-01-14 [PTadmin] Official Update 2022-01

0 !HISTORY 2022-07-08 [SwampKryakwa] New primitive shape - corners of npegholes are now smoothed similar to the actual lego parts

0 !HISTORY 2023-03-05 [OrionP] Official Update 2023-01





1 16 0 0 0 1 0 0 0 1 0 0 0 1 npeghol7a.dat

1 16 0 0 0 1 0 0 0 1 0 0 0 -1 npeghol7a.dat

0 NOFILE

0 FILE npeghol7a.dat
0 Technic Peg Hole Negative 0.5 with Top Surface Extensions

0 Name: npeghol7a.dat

0 Author: Max Murtazin [SwampKryakwa]

0 !LDRAW_ORG Primitive UPDATE 2024-02

0 !LICENSE Licensed under CC BY 4.0 : see CAreadme.txt



0 BFC CERTIFY CCW



0 !HISTORY 2018-04-02 [MagFors] adapted to four digit decimals

0 !HISTORY 2020-09-05 [PTadmin] Official Update 2020-02

0 !HISTORY 2022-07-08 [SwampKryakwa] New primitive shape - corners of npegholes are now smoothed similar to the actual lego parts

0 !HISTORY 2023-03-05 [OrionP] Official Update 2023-01

0 !HISTORY 2024-02-29 [OrionP] Update author to Max Murtazin

0 !HISTORY 2024-03-24 [OrionP] Official Update 2024-02



1 16 0 0 0 1 0 0 0 1 0 0 0 1 npeghol7.dat

1 16 0 0 10 9 0 0 0 1 0 0 0 -9 1-8ndis.dat

1 16 0 0 10 -9 0 0 0 1 0 0 0 -9 1-8ndis.dat



3 16 9 0 1 6.3639 0 3.6361 6.3639 0 1.5321

4 16 9 0 1 6.3639 0 1.5321 6.3639 0 0 9 0 0

3 16 -9 0 1 -6.3639 0 1.5321 -6.3639 0 3.6361

4 16 -9 0 1 -9 0 0 -6.3639 0 0 -6.3639 0 1.5321

0 NOFILE

0 FILE 1-8ndis.dat
0 Disc Negative 0.125

0 Name: 1-8ndis.dat

0 Author: James Jessiman

0 !LDRAW_ORG Primitive UPDATE 2012-01

0 !LICENSE Licensed under CC BY 4.0 : see CAreadme.txt



0 BFC CERTIFY CCW



0 !HISTORY 2002-03-23 [sbliss] Added BFC statement

0 !HISTORY 2002-04-25 [PTadmin] Official Update 2002-02

0 !HISTORY 2007-06-22 [PTadmin] Header formatted for Contributor Agreement

0 !HISTORY 2008-07-01 [PTadmin] Official Update 2008-01

0 !HISTORY 2012-02-16 [Philo] Changed to CCW

0 !HISTORY 2012-03-30 [PTadmin] Official Update 2012-01





3 16 0.9239 0 0.3827 1 0 0 1 0 1

3 16 0.7071 0 0.7071 0.9239 0 0.3827 1 0 1

0 NOFILE

0 FILE npeghol7.dat
0 Technic Peg Hole Negative 0.5 without Top Surface Extensions

0 Name: npeghol7.dat

0 Author: Max Murtazin [SwampKryakwa]

0 !LDRAW_ORG Primitive UPDATE 2024-02

0 !LICENSE Licensed under CC BY 4.0 : see CAreadme.txt



0 BFC CERTIFY CCW



0 !HISTORY 2009-05-02 [PTadmin] Official Update 2009-01

0 !HISTORY 2022-07-08 [SwampKryakwa] New primitive shape - corners of npegholes are now smoothed similar to the actual lego parts

0 !HISTORY 2023-03-05 [OrionP] Official Update 2023-01

0 !HISTORY 2024-02-29 [OrionP] Update author to Max Murtazin

0 !HISTORY 2024-03-24 [OrionP] Official Update 2024-02



1 16 0 0 10 0 0 9 0 1 0 -9 0 0 1-16cylo.dat



1 16 6.3639 .5 .76606 0 1 0 0 0 .5 .76606 0 0 rect2p.dat

3 16 3.4442 1 1.6851 0 1 1 6.3639 1 0

0 BFC INVERTNEXT

1 16 5.58171 0 1.7 .78219 0 .09843 0 1 0 -.16788 0 .78 8__3-8cylo.dat

1 16 5.58171 1 1.7 .78219 0 .09843 0 1 0 -.16788 0 .78 8__3-8chrd.dat

5 24 6.3639 1 1.5321 6.3639 0 1.5321 6.2044 0 2.13283 6.3639 1 -1.5321

5 24 3.4443 1 1.6849 3.4443 0 1.6849 0 0 1 5.09822 0 2.37024

5 24 5.09822 1 2.37024 5.09822 0 2.37024 3.4443 0 1.6849 5.68014 0 2.48

1 16 0 0 10 6.36396 0 -6.36397 0 1 0 -6.36397 0 -6.36396 1-16tang.dat

3 16 5.09822 0 2.37025 5.68014 0 2.48 6.3639 0 3.6361

3 16 6.3639 0 3.6361 5.68014 0 2.48 6.2044 0 2.13283

3 16 6.3639 0 3.6361 6.2044 0 2.13283 6.3639 0 1.5321



1 16 0 0 10 0 0 -9 0 1 0 -9 0 0 1-16cylo.dat



1 16 -6.3639 .5 .76606 0 -1 0 0 0 .5 .76606 0 0 rect2p.dat

4 16 -6.3639 1 1.5321 -6.3639 1 0 -3.4442 1 1.6851 -5.09817 1 2.37024

0 BFC INVERTNEXT

1 16 -5.58171 0 1.7 -.78219 0 -.09843 0 1 0 -.16788 0 .78 8__3-8cylo.dat

1 16 -5.58171 1 1.7 -.78219 0 -.09843 0 1 0 -.16788 0 .78 8__3-8chrd.dat

5 24 -6.3639 1 1.5321 -6.3639 0 1.5321 -6.2044 0 2.13283 -6.3639 1 -1.5321

5 24 -3.4443 1 1.6849 -3.4443 0 1.6849 0 0 1 -5.09822 0 2.37024

5 24 -5.09822 1 2.37024 -5.09822 0 2.37024 -3.4443 0 1.6849 -5.68014 0 2.48

1 16 0 0 10 -6.36396 0 6.36397 0 1 0 -6.36397 0 -6.36396 1-16tang.dat

3 16 -5.68014 0 2.48 -5.09822 0 2.37025 -6.3639 0 3.6361

3 16 -5.68014 0 2.48 -6.3639 0 3.6361 -6.2044 0 2.13283

3 16 -6.2044 0 2.13283 -6.3639 0 3.6361 -6.3639 0 1.5321

4 16 6.3639 1 1.5321 5.09817 1 2.37024 3.4442 1 1.6851 6.3639 1 0

3 16 -3.4443 1 1.6849 -6.3639 1 0 0 1 1

3 16 0 1 1 -6.3639 1 0 6.3639 1 0

4 16 5.09817 0 2.37024 3.44417 0 1.68484 3.4442 1 1.6851 5.09817 1 2.37024

4 16 -3.4443 0 1.6849 -5.09822 0 2.37024 -5.09822 1 2.37024 -3.4443 1 1.6849

2 24 -5.09822 0 2.37024 -3.4443 0 1.6849

2 24 -5.09822 1 2.37024 -3.4443 1 1.6849

2 24 3.44417 0 1.68484 5.09817 0 2.37024

2 24 3.4442 1 1.6851 5.09817 1 2.37024

0 NOFILE

0 FILE 1-16tang.dat
0 Disc Negative Tangent 0.0625

0 Name: 1-16tang.dat

0 Author: Gerald Lasser [GeraldLasser]

0 !LDRAW_ORG Primitive UPDATE 2020-02

0 !LICENSE Licensed under CC BY 4.0 : see CAreadme.txt



0 BFC CERTIFY CCW



0 !HISTORY 2020-09-05 [PTadmin] Official Update 2020-02





3 16 1 0 0 1 0 .1989 .9239 0 .3827

0 NOFILE

0 FILE 8__3-8chrd.dat
0 Lo-Res Chord 0.375

0 Name: 8\3-8chrd.dat

0 Author: Philippe Hurbain [Philo]

0 !LDRAW_ORG 8_Primitive UPDATE 2020-01

0 !LICENSE Licensed under CC BY 4.0 : see CAreadme.txt



0 BFC CERTIFY CCW



0 !HISTORY 2020-06-28 [PTadmin] Official Update 2020-01





4 16 .7071 0 .7071 0 0 1 -.7071 0 .7071 1 0 0

0 // Build by LDPartEditor (PrimGen 2.X)

0 NOFILE

0 FILE 8__3-8cylo.dat
0 Lo-Res Cylinder Open 0.375

0 Name: 8\3-8cylo.dat

0 Author: Philippe Hurbain [Philo]

0 !LDRAW_ORG 8_Primitive UPDATE 2020-01

0 !LICENSE Licensed under CC BY 4.0 : see CAreadme.txt



0 BFC CERTIFY CCW



0 !HISTORY 2020-06-28 [PTadmin] Official Update 2020-01





1 16 0 0 0 1 0 0 0 1 0 0 0 1 8__3-8edge.dat

1 16 0 0 0 1 0 0 0 1 0 0 0 1 8__3-8cyli.dat

1 16 0 1 0 1 0 0 0 1 0 0 0 1 8__3-8edge.dat

0 NOFILE

0 FILE 8__3-8cyli.dat
0 Lo-Res Cylinder 0.375

0 Name: 8\3-8cyli.dat

0 Author: Philippe Hurbain [Philo]

0 !LDRAW_ORG 8_Primitive UPDATE 2020-01

0 !LICENSE Licensed under CC BY 4.0 : see CAreadme.txt



0 BFC CERTIFY CCW



0 !HISTORY 2020-06-28 [PTadmin] Official Update 2020-01





4 16 0.7071 0 0.7071 1 0 0 1 1 0 0.7071 1 0.7071

4 16 0 0 1 0.7071 0 0.7071 0.7071 1 0.7071 0 1 1

4 16 -0.7071 0 0.7071 0 0 1 0 1 1 -0.7071 1 0.7071

0 // conditional lines

5 24 1 1 0 1 0 0 1 1 -1 0.7071 1 0.7071

5 24 0.7071 1 0.7071 0.7071 0 0.7071 1 1 0 0 1 1

5 24 0 1 1 0 0 1 0.7071 1 0.7071 -0.7071 1 0.7071

5 24 -0.7071 1 0.7071 -0.7071 0 0.7071 0 1 1 -1.4142 1 0

0 // Build by LDPartEditor (PrimGen 2.X)

0 NOFILE

0 FILE 8__3-8edge.dat
0 Lo-Res Circle 0.375

0 Name: 8\3-8edge.dat

0 Author: Philippe Hurbain [Philo]

0 !LDRAW_ORG 8_Primitive UPDATE 2020-01

0 !LICENSE Licensed under CC BY 4.0 : see CAreadme.txt



0 BFC CERTIFY CCW



0 !HISTORY 2020-06-28 [PTadmin] Official Update 2020-01





2 24 1 0 0 0.7071 0 0.7071

2 24 0.7071 0 0.7071 0 0 1

2 24 0 0 1 -0.7071 0 0.7071

0 // Build by LDPartEditor (PrimGen 2.X)

0 NOFILE

0 FILE 1-16cylo.dat
0 Cylinder Open 0.0625

0 Name: 1-16cylo.dat

0 Author: Max Martin Richter [MMR1988]

0 !LDRAW_ORG Primitive UPDATE 2014-01

0 !LICENSE Licensed under CC BY 4.0 : see CAreadme.txt



0 BFC CERTIFY CCW



0 !HISTORY 2014-06-21 [PTadmin] Official Update 2014-01





1 16 0 0 0 1 0 0 0 1 0 0 0 1 1-16cyli.dat

1 16 0 0 0 1 0 0 0 1 0 0 0 1 1-16edge.dat

1 16 0 1 0 1 0 0 0 1 0 0 0 1 1-16edge.dat

0 NOFILE

0 FILE 1-16edge.dat
0 Circle 0.0625

0 Name: 1-16edge.dat

0 Author: Marc Klein [marckl]

0 !LDRAW_ORG Primitive UPDATE 2017-01

0 !LICENSE Licensed under CC BY 4.0 : see CAreadme.txt



0 BFC CERTIFY CCW



0 !HISTORY 2004-03-02 [PTadmin] Official Update 2004-01

0 !HISTORY 2007-06-22 [PTadmin] Header formatted for Contributor Agreement

0 !HISTORY 2008-07-01 [PTadmin] Official Update 2008-01

0 !HISTORY 2017-01-15 [Steffen] BFCed

0 !HISTORY 2017-12-30 [PTadmin] Official Update 2017-01





2 24 1 0 0 0.9239 0 0.3827

0 NOFILE

0 FILE 1-16cyli.dat
0 Cylinder 0.0625

0 Name: 1-16cyli.dat

0 Author: Marc Klein [marckl]

0 !LDRAW_ORG Primitive UPDATE 2005-01

0 !LICENSE Licensed under CC BY 4.0 : see CAreadme.txt



0 BFC CERTIFY CCW



0 !HISTORY 2004-03-02 [PTadmin] Official Update 2004-01

0 !HISTORY 2004-12-11 [nielsk] Recreated using Primitive Generator, Edge lines fixed, BFC changed to CCW

0 !HISTORY 2005-12-28 [PTadmin] Official Update 2005-01

0 !HISTORY 2007-06-22 [PTadmin] Header formatted for Contributor Agreement

0 !HISTORY 2008-07-01 [PTadmin] Official Update 2008-01





4 16 .9239 1 .3827 .9239 0 .3827 1 0 0 1 1 0

5 24 1 1 0 1 0 0 1 1 -.4142 .9239 1 .3827

5 24 .9239 1 .3827 .9239 0 .3827 1 1 0 .7654 1 .7654

0

0 NOFILE

0 FILE 47905.dat
0 Brick  1 x  1 with Studs on Two Opposite Sides

0 Name: 47905.dat

0 Author: Sven Moritz Hein [smhltec]

0 !LDRAW_ORG Part UPDATE 2025-09

0 !LICENSE Licensed under CC BY 2.0 and CC BY 4.0 : see CAreadme.txt



0 BFC CERTIFY CCW



0 !HISTORY 2004-03-30 [mkennedy] Made BFC compliant

0 !HISTORY 2004-09-15 [PTadmin] Official Update 2004-03

0 !HISTORY 2007-07-09 [PTadmin] Header formatted for Contributor Agreement

0 !HISTORY 2008-07-01 [PTadmin] Official Update 2008-01

0 !HISTORY 2025-09-27 [OrionP] Changed winding to CCW

0 !HISTORY 2025-09-29 [OrionP] Official Update 2025-09



2 24 6 24 6 -6 24 6

2 24 -6 24 -6 6 24 -6

2 24 6 4 6 -6 4 6

2 24 -6 4 -6 6 4 -6

2 24 10 24 10 -10 24 10

2 24 -10 24 -10 10 24 -10

2 24 10 0 10 -10 0 10

2 24 -10 0 -10 10 0 -10

0

0 BFC INVERTNEXT

1 16 0 10 10 0 0 4 4 0 0 0 -4 0 4-4cyli.dat

1 16 0 10 6 0 0 4 4 0 0 0 1 0 4-4edge.dat

1 16 0 10 10 0 0 6 6 0 0 0 1 0 4-4edge.dat

1 16 0 10 6 0 0 4 4 0 0 0 1 0 4-4ndis.dat

1 16 0 10 10 0 0 6 6 0 0 0 -1 0 4-4ndis.dat

0 BFC INVERTNEXT

1 16 0 10 -10 0 0 4 4 0 0 0 4 0 4-4cyli.dat

1 16 0 10 -6 0 0 4 4 0 0 0 1 0 4-4edge.dat

1 16 0 10 -10 0 0 6 6 0 0 0 1 0 4-4edge.dat

1 16 0 10 -6 0 0 4 4 0 0 0 -1 0 4-4ndis.dat

1 16 0 10 -10 0 0 6 6 0 0 0 1 0 4-4ndis.dat

0

4 16 10 24 10 10 24 -10 6 24 -6 6 24 6

4 16 -10 24 10 10 24 10 6 24 6 -6 24 6

4 16 -10 24 -10 -10 24 10 -6 24 6 -6 24 -6

4 16 10 24 -10 -10 24 -10 -6 24 -6 6 24 -6

0

4 16 -10 24 -10 10 24 -10 6 16 -10 -6 16 -10

4 16 -10 0 -10 -10 24 -10 -6 16 -10 -6 4 -10

4 16 10 0 -10 -10 0 -10 -6 4 -10 6 4 -10

4 16 10 24 -10 10 0 -10 6 4 -10 6 16 -10

0

4 16 -6 24 -6 -4 14 -6 4 14 -6 6 24 -6

4 16 -6 4 -6 -4 6 -6 -4 14 -6 -6 24 -6

4 16 6 4 -6 4 6 -6 -4 6 -6 -6 4 -6

4 16 6 24 -6 4 14 -6 4 6 -6 6 4 -6

0

4 16 -6 24 6 6 24 6 4 14 6 -4 14 6

4 16 -6 4 6 -6 24 6 -4 14 6 -4 6 6

4 16 6 4 6 -6 4 6 -4 6 6 4 6 6

4 16 6 24 6 6 4 6 4 6 6 4 14 6

0

4 16 -10 24 10 -6 16 10 6 16 10 10 24 10

4 16 -10 0 10 -6 4 10 -6 16 10 -10 24 10

4 16 10 0 10 6 4 10 -6 4 10 -10 0 10

4 16 10 24 10 6 16 10 6 4 10 10 0 10

0 BFC INVERTNEXT

1 16 0 24 0 0 0 6 0 -20 0 6 0 0 box3u2p.dat

1 16 0 24 0 0 0 10 0 -24 0 10 0 0 box3u2p.dat

0

1 16 0 0 0 0 0 1 0 1 0 -1 0 0 stud.dat

1 16 0 10 -10 0 0 1 1 0 0 0 1 0 stud2a.dat

1 16 0 10 10 0 0 1 1 0 0 0 -1 0 stud2a.dat

0
0 NOFILE

0 FILE box3u2p.dat
0 Box with 3 Faces without 2 Parallel Edges

0 Name: box3u2p.dat

0 Author: Niels Karsdorp [nielsk]

0 !LDRAW_ORG Primitive UPDATE 2012-01

0 !LICENSE Licensed under CC BY 4.0 : see CAreadme.txt



0 BFC CERTIFY CCW



0 !HISTORY 2003-03-12 [PTadmin] Official Update 2003-01

0 !HISTORY 2007-06-24 [PTadmin] Header formatted for Contributor Agreement

0 !HISTORY 2008-07-01 [PTadmin] Official Update 2008-01

0 !HISTORY 2012-02-16 [Philo] Changed to CCW

0 !HISTORY 2012-03-30 [PTadmin] Official Update 2012-01





2 24 1 1 1 -1 1 1

2 24 -1 1 -1 1 1 -1

2 24 1 0 1 -1 0 1

2 24 -1 0 -1 1 0 -1

2 24 1 1 1 1 1 -1

2 24 -1 1 1 -1 1 -1

2 24 1 1 1 1 0 1

2 24 1 1 -1 1 0 -1

2 24 -1 1 1 -1 0 1

2 24 -1 1 -1 -1 0 -1

4 16 -1 1 -1 -1 1 1 1 1 1 1 1 -1

4 16 -1 1 1 -1 0 1 1 0 1 1 1 1

4 16 1 1 -1 1 0 -1 -1 0 -1 -1 1 -1

0 NOFILE

0 FILE 58176.dat
0 Cylinder Domed  1 x  1 x  1.667 with Bar

0 Name: 58176.dat

0 Author: Michael Heidemann [mikeheide]

0 !LDRAW_ORG Part UPDATE 2025-09

0 !LICENSE Licensed under CC BY 4.0 : see CAreadme.txt



0 BFC CERTIFY CCW



0 !HISTORY 2010-07-05 [PTadmin] Official Update 2010-02

0 !HISTORY 2025-09-27 [OrionP] Changed winding to CCW

0 !HISTORY 2025-09-29 [OrionP] Official Update 2025-09



1 16 0 0 0 4 0 0 0 1 0 0 0 4 4-4edge.dat

1 16 0 -24 0 4 0 0 0 1 0 0 0 4 4-4edge.dat

1 16 0 -12 0 8 0 0 0 1 0 0 0 8 4-4edge.dat

1 16 0 -12 0 7 0 0 0 1 0 0 0 7 4-4edge.dat

1 16 0 -9 0 7 0 0 0 1 0 0 0 7 4-4edge.dat

1 16 0 -9 0 6 0 0 0 1 0 0 0 6 4-4edge.dat

1 16 0 -20 0 6 0 0 0 1 0 0 0 6 4-4edge.dat

1 16 0 -20 0 8 0 0 0 -8 0 0 0 8 4-8sphe.dat

0 BFC INVERTNEXT

1 16 0 -20 0 6 0 0 0 -6 0 0 0 6 4-8sphe.dat

1 16 0 -12 0 1 0 0 0 -1 0 0 0 -1 4-4ring7.dat

1 16 0 -9 0 1 0 0 0 -1 0 0 0 -1 4-4ring6.dat

1 16 0 0 0 4 0 0 0 -24 0 0 0 4 4-4cyli.dat

1 16 0 0 0 0 0 -4 0 -1 0 -4 0 0 4-4disc.dat

1 16 0 -9 0 7 0 0 0 -3 0 0 0 7 4-4cyli.dat

1 16 0 -20 0 8 0 0 0 8 0 0 0 8 4-4cyli.dat

0 BFC INVERTNEXT

1 16 0 -9 0 6 0 0 0 -11 0 0 0 6 4-4cyli.dat

0 //
0 NOFILE

0 FILE 4-4ring6.dat
0 Ring  6 x 1.0

0 Name: 4-4ring6.dat

0 Author: Mark Kennedy [mkennedy]

0 !LDRAW_ORG Primitive UPDATE 2012-01

0 !LICENSE Licensed under CC BY 4.0 : see CAreadme.txt



0 BFC CERTIFY CCW



0 !HISTORY 2001-10-23 [pneaster] resequenced quads, corrected winding.

0 !HISTORY 2001-11-30 [PTadmin] Official Update 2001-02

0 !HISTORY 2007-06-24 [PTadmin] Header formatted for Contributor Agreement

0 !HISTORY 2008-07-01 [PTadmin] Official Update 2008-01

0 !HISTORY 2012-02-16 [Philo] Changed to CCW

0 !HISTORY 2012-03-30 [PTadmin] Official Update 2012-01





4 16 7 0 0 6.4672 0 2.6788 5.5433 0 2.2961 6 0 0

4 16 6.4672 0 2.6788 4.9497 0 4.9497 4.2426 0 4.2426 5.5433 0 2.2961

4 16 4.9497 0 4.9497 2.6788 0 6.4672 2.2961 0 5.5433 4.2426 0 4.2426

4 16 2.6788 0 6.4672 0 0 7 0 0 6 2.2961 0 5.5433

4 16 0 0 7 -2.6788 0 6.4672 -2.2961 0 5.5433 0 0 6

4 16 -2.6788 0 6.4672 -4.9497 0 4.9497 -4.2426 0 4.2426 -2.2961 0 5.5433

4 16 -4.9497 0 4.9497 -6.4672 0 2.6788 -5.5433 0 2.2961 -4.2426 0 4.2426

4 16 -6.4672 0 2.6788 -7 0 0 -6 0 0 -5.5433 0 2.2961

4 16 -7 0 0 -6.4672 0 -2.6788 -5.5433 0 -2.2961 -6 0 0

4 16 -6.4672 0 -2.6788 -4.9497 0 -4.9497 -4.2426 0 -4.2426 -5.5433 0 -2.2961

4 16 -4.9497 0 -4.9497 -2.6788 0 -6.4672 -2.2961 0 -5.5433 -4.2426 0 -4.2426

4 16 -2.6788 0 -6.4672 0 0 -7 0 0 -6 -2.2961 0 -5.5433

4 16 0 0 -7 2.6788 0 -6.4672 2.2961 0 -5.5433 0 0 -6

4 16 2.6788 0 -6.4672 4.9497 0 -4.9497 4.2426 0 -4.2426 2.2961 0 -5.5433

4 16 4.9497 0 -4.9497 6.4672 0 -2.6788 5.5433 0 -2.2961 4.2426 0 -4.2426

4 16 6.4672 0 -2.6788 7 0 0 6 0 0 5.5433 0 -2.2961

0 NOFILE

0 FILE 85861.dat
0 Plate  1 x  1 Round with Open Stud

0 Name: 85861.dat

0 Author: Magnus Forsberg [MagFors]

0 !LDRAW_ORG Part UPDATE 2025-09

0 !LICENSE Licensed under CC BY 4.0 : see CAreadme.txt



0 BFC CERTIFY CCW



0 !HISTORY 2010-04-05 [PTadmin] Official Update 2010-01

0 !HISTORY 2025-09-27 [OrionP] Changed winding to CCW

0 !HISTORY 2025-09-29 [OrionP] Official Update 2025-09



1 16 0 3 0 -1 0 0 0 -1.25 0 0 0 1 stud4.dat

1 16 0 3 0 4 0 0 0 1 0 0 0 4 4-4edge.dat

1 16 0 3 0 -2 0 0 0 -1 0 0 0 2 4-4ring2.dat

1 16 0 3 0 10 0 0 0 1 0 0 0 10 4-4edge.dat

1 16 0 3 0 -2 0 0 0 -1 0 0 0 2 4-4ring4.dat

1 16 0 0 0 10 0 0 0 1 0 0 0 10 4-4edge.dat

1 16 0 0 0 10 0 0 0 3 0 0 0 10 4-4cyli.dat

1 16 0 0 0 6 0 0 0 1 0 0 0 6 4-4edge.dat

1 16 0 0 0 2 0 0 0 1 0 0 0 2 4-4ring4.dat

1 16 0 0 0 2 0 0 0 1 0 0 0 2 4-4ring3.dat

0 BFC INVERTNEXT

1 16 0 0 0 4 0 0 0 3 0 0 0 4 4-4cyli.dat

1 16 0 0 0 1 0 0 0 1 0 0 0 1 stud2a.dat
0 NOFILE
