0 FILE mire-buildings-main.ldr
0 
0 Name:  Mire-Buildings
0 Author:  
0 CustomBrick
0 FlexibleBrickControlPointUnitLength -1
0 FlexibleBrickLockedControlPoint 
1 10 210.000000 -72.000000 -150.000000 1.000000 0.000000 0.000000 0.000000 1.000000 0.000000 0.000000 0.000000 1.000000 3685.dat
1 10 190.000000 -72.000000 -150.000000 0.000000 0.000000 1.000000 0.000000 1.000000 0.000000 -1.000000 0.000000 0.000000 3685.dat
1 10 270.000000 -72.000000 -70.000000 0.000000 0.000000 -1.000000 0.000000 1.000000 0.000000 1.000000 0.000000 0.000000 3685.dat
1 10 270.000000 -72.000000 -90.000000 1.000000 0.000000 0.000000 0.000000 1.000000 0.000000 0.000000 0.000000 1.000000 3685.dat
1 10 130.000000 -72.000000 -90.000000 0.000000 0.000000 1.000000 0.000000 1.000000 0.000000 -1.000000 0.000000 0.000000 3685.dat
1 10 130.000000 -72.000000 -70.000000 -1.000000 0.000000 0.000000 0.000000 1.000000 0.000000 0.000000 0.000000 -1.000000 3685.dat
1 10 190.000000 -72.000000 -10.000000 -1.000000 0.000000 0.000000 0.000000 1.000000 0.000000 0.000000 0.000000 -1.000000 3685.dat
1 10 210.000000 -72.000000 -10.000000 0.000000 0.000000 -1.000000 0.000000 1.000000 0.000000 1.000000 0.000000 0.000000 3685.dat
1 2 250.000000 -72.000000 -90.000000 1.000000 0.000000 0.000000 0.000000 1.000000 0.000000 0.000000 0.000000 1.000000 4460b.dat
1 2 210.000000 -72.000000 -130.000000 0.000000 0.000000 -1.000000 0.000000 1.000000 0.000000 1.000000 0.000000 0.000000 4460b.dat
1 2 250.000000 -72.000000 -70.000000 -1.000000 0.000000 0.000000 0.000000 1.000000 0.000000 0.000000 0.000000 -1.000000 4460b.dat
1 2 150.000000 -72.000000 -90.000000 1.000000 0.000000 0.000000 0.000000 1.000000 0.000000 0.000000 0.000000 1.000000 4460b.dat
1 2 150.000000 -72.000000 -70.000000 -1.000000 0.000000 0.000000 0.000000 1.000000 0.000000 0.000000 0.000000 -1.000000 4460b.dat
1 2 190.000000 -72.000000 -130.000000 0.000000 0.000000 1.000000 0.000000 1.000000 0.000000 -1.000000 0.000000 0.000000 4460b.dat
1 2 210.000000 -72.000000 -30.000000 0.000000 0.000000 -1.000000 0.000000 1.000000 0.000000 1.000000 0.000000 0.000000 4460b.dat
1 2 190.000000 -72.000000 -30.000000 0.000000 0.000000 1.000000 0.000000 1.000000 0.000000 -1.000000 0.000000 0.000000 4460b.dat
1 2 220.000000 -24.000000 -80.000000 0.000000 0.000000 -1.000000 0.000000 1.000000 0.000000 1.000000 0.000000 0.000000 3001.dat
1 2 180.000000 -24.000000 -80.000000 0.000000 0.000000 -1.000000 0.000000 1.000000 0.000000 1.000000 0.000000 0.000000 3001.dat
1 2 200.000000 -48.000000 -60.000000 -1.000000 0.000000 0.000000 0.000000 1.000000 0.000000 0.000000 0.000000 -1.000000 3001.dat
1 2 200.000000 -48.000000 -100.000000 -1.000000 0.000000 0.000000 0.000000 1.000000 0.000000 0.000000 0.000000 -1.000000 3001.dat
1 2 190.000000 -72.000000 -70.000000 -1.000000 0.000000 0.000000 0.000000 1.000000 0.000000 0.000000 0.000000 -1.000000 3046.dat
1 2 190.000000 -72.000000 -90.000000 0.000000 0.000000 1.000000 0.000000 1.000000 0.000000 -1.000000 0.000000 0.000000 3046.dat
1 2 210.000000 -72.000000 -90.000000 1.000000 0.000000 0.000000 0.000000 1.000000 0.000000 0.000000 0.000000 1.000000 3046.dat
1 2 210.000000 -72.000000 -70.000000 0.000000 0.000000 -1.000000 0.000000 1.000000 0.000000 1.000000 0.000000 0.000000 3046.dat
1 2 260.000000 -80.000000 -80.000000 1.000000 0.000000 0.000000 0.000000 1.000000 0.000000 0.000000 0.000000 1.000000 3068b.dat
1 2 200.000000 -80.000000 -140.000000 1.000000 0.000000 0.000000 0.000000 1.000000 0.000000 0.000000 0.000000 1.000000 3068b.dat
1 2 140.000000 -80.000000 -80.000000 1.000000 0.000000 0.000000 0.000000 1.000000 0.000000 0.000000 0.000000 1.000000 3068b.dat
1 2 200.000000 -80.000000 -20.000000 1.000000 0.000000 0.000000 0.000000 1.000000 0.000000 0.000000 0.000000 1.000000 3068b.dat
1 2 190.000000 -80.000000 -90.000000 -1.000000 0.000000 0.000000 0.000000 1.000000 0.000000 0.000000 0.000000 -1.000000 2420.dat
1 2 210.000000 -80.000000 -70.000000 1.000000 0.000000 0.000000 0.000000 1.000000 0.000000 0.000000 0.000000 1.000000 2420.dat
1 2 210.000000 -80.000000 -90.000000 0.000000 0.000000 1.000000 0.000000 1.000000 0.000000 -1.000000 0.000000 0.000000 2420.dat
1 2 190.000000 -80.000000 -70.000000 0.000000 0.000000 -1.000000 0.000000 1.000000 0.000000 1.000000 0.000000 0.000000 2420.dat
1 10 170.000000 -80.000000 -80.000000 0.000000 0.000000 1.000000 0.000000 1.000000 0.000000 -1.000000 0.000000 0.000000 85984.dat
1 10 230.000000 -80.000000 -80.000000 0.000000 0.000000 -1.000000 0.000000 1.000000 0.000000 1.000000 0.000000 0.000000 85984.dat
1 10 200.000000 -80.000000 -110.000000 1.000000 0.000000 0.000000 0.000000 1.000000 0.000000 0.000000 0.000000 1.000000 85984.dat
1 10 200.000000 -80.000000 -50.000000 -1.000000 0.000000 0.000000 0.000000 1.000000 0.000000 0.000000 0.000000 -1.000000 85984.dat
1 7 200.000000 -88.000000 -80.000000 1.000000 0.000000 0.000000 0.000000 1.000000 0.000000 0.000000 0.000000 1.000000 3022.dat
1 10 200.000000 -96.000000 -80.000000 1.000000 0.000000 0.000000 0.000000 1.000000 0.000000 0.000000 0.000000 1.000000 3068b.dat
1 10 70.000000 -48.000000 -410.000000 1.000000 0.000000 0.000000 0.000000 1.000000 0.000000 0.000000 0.000000 1.000000 78886.dat
1 10 30.000000 -48.000000 -410.000000 0.000000 0.000000 1.000000 0.000000 1.000000 0.000000 -1.000000 0.000000 0.000000 78886.dat
1 10 50.000000 -48.000000 -410.000000 1.000000 0.000000 0.000000 0.000000 1.000000 0.000000 0.000000 0.000000 1.000000 60481.dat
1 10 30.000000 -48.000000 -380.000000 0.000000 0.000000 1.000000 0.000000 1.000000 0.000000 -1.000000 0.000000 0.000000 3678b.dat
1 10 70.000000 -48.000000 -380.000000 0.000000 0.000000 -1.000000 0.000000 1.000000 0.000000 1.000000 0.000000 0.000000 3678b.dat
1 10 30.000000 -48.000000 -340.000000 0.000000 0.000000 1.000000 0.000000 1.000000 0.000000 -1.000000 0.000000 0.000000 3678b.dat
1 10 70.000000 -48.000000 -340.000000 0.000000 0.000000 -1.000000 0.000000 1.000000 0.000000 1.000000 0.000000 0.000000 3678b.dat
1 10 30.000000 -48.000000 -310.000000 -1.000000 0.000000 0.000000 0.000000 1.000000 0.000000 0.000000 0.000000 -1.000000 78886.dat
1 10 70.000000 -48.000000 -310.000000 0.000000 0.000000 -1.000000 0.000000 1.000000 0.000000 1.000000 0.000000 0.000000 78886.dat
1 10 50.000000 -48.000000 -310.000000 -1.000000 0.000000 0.000000 0.000000 1.000000 0.000000 0.000000 0.000000 -1.000000 60481.dat
1 2 50.000000 -56.000000 -400.000000 1.000000 0.000000 0.000000 0.000000 1.000000 0.000000 0.000000 0.000000 1.000000 26603.dat
1 2 50.000000 -56.000000 -360.000000 1.000000 0.000000 0.000000 0.000000 1.000000 0.000000 0.000000 0.000000 1.000000 26603.dat
1 2 50.000000 -56.000000 -320.000000 1.000000 0.000000 0.000000 0.000000 1.000000 0.000000 0.000000 0.000000 1.000000 26603.dat
1 10 -150.000000 -24.000000 -300.000000 0.000000 0.000000 -1.000000 0.000000 1.000000 0.000000 1.000000 0.000000 0.000000 3010.dat
1 10 -150.000000 -48.000000 -300.000000 0.000000 0.000000 -1.000000 0.000000 1.000000 0.000000 1.000000 0.000000 0.000000 3010.dat
1 10 -150.000000 -24.000000 -400.000000 0.000000 0.000000 -1.000000 0.000000 1.000000 0.000000 1.000000 0.000000 0.000000 3010.dat
1 10 -150.000000 -48.000000 -400.000000 0.000000 0.000000 -1.000000 0.000000 1.000000 0.000000 1.000000 0.000000 0.000000 3010.dat
1 10 -150.000000 -48.000000 -350.000000 0.000000 0.000000 -1.000000 0.000000 1.000000 0.000000 1.000000 0.000000 0.000000 3005.dat
1 10 -170.000000 -48.000000 -350.000000 0.000000 0.000000 1.000000 0.000000 1.000000 0.000000 -1.000000 0.000000 0.000000 60481.dat
1 10 -130.000000 -48.000000 -350.000000 0.000000 0.000000 -1.000000 0.000000 1.000000 0.000000 1.000000 0.000000 0.000000 60481.dat
1 10 -150.000000 -48.000000 -250.000000 0.000000 0.000000 -1.000000 0.000000 1.000000 0.000000 1.000000 0.000000 0.000000 3005.dat
1 10 -170.000000 -48.000000 -250.000000 0.000000 0.000000 1.000000 0.000000 1.000000 0.000000 -1.000000 0.000000 0.000000 60481.dat
1 10 -130.000000 -48.000000 -250.000000 0.000000 0.000000 -1.000000 0.000000 1.000000 0.000000 1.000000 0.000000 0.000000 60481.dat
1 10 -150.000000 -48.000000 -230.000000 -1.000000 0.000000 0.000000 0.000000 1.000000 0.000000 0.000000 0.000000 -1.000000 60481.dat
1 2 -170.000000 -56.000000 -250.000000 0.000000 0.000000 1.000000 0.000000 1.000000 0.000000 -1.000000 0.000000 0.000000 3070b.dat
1 2 -130.000000 -56.000000 -250.000000 0.000000 0.000000 -1.000000 0.000000 1.000000 0.000000 1.000000 0.000000 0.000000 3070b.dat
1 2 -150.000000 -56.000000 -230.000000 -1.000000 0.000000 0.000000 0.000000 1.000000 0.000000 0.000000 0.000000 -1.000000 3070b.dat
1 2 -150.000000 -56.000000 -350.000000 -1.000000 0.000000 0.000000 0.000000 1.000000 0.000000 0.000000 0.000000 -1.000000 63864.dat
1 2 -150.000000 -56.000000 -300.000000 0.000000 0.000000 -1.000000 0.000000 1.000000 0.000000 1.000000 0.000000 0.000000 2431.dat
1 2 -150.000000 -56.000000 -400.000000 0.000000 0.000000 -1.000000 0.000000 1.000000 0.000000 1.000000 0.000000 0.000000 2431.dat
1 10 -30.000000 -72.000000 -10.000000 1.000000 0.000000 0.000000 0.000000 1.000000 0.000000 0.000000 0.000000 1.000000 3685.dat
1 10 -50.000000 -72.000000 -10.000000 0.000000 0.000000 1.000000 0.000000 1.000000 0.000000 -1.000000 0.000000 0.000000 3685.dat
1 10 30.000000 -72.000000 70.000000 0.000000 0.000000 -1.000000 0.000000 1.000000 0.000000 1.000000 0.000000 0.000000 3685.dat
1 10 30.000000 -72.000000 50.000000 1.000000 0.000000 0.000000 0.000000 1.000000 0.000000 0.000000 0.000000 1.000000 3685.dat
1 10 -110.000000 -72.000000 50.000000 0.000000 0.000000 1.000000 0.000000 1.000000 0.000000 -1.000000 0.000000 0.000000 3685.dat
1 10 -110.000000 -72.000000 70.000000 -1.000000 0.000000 0.000000 0.000000 1.000000 0.000000 0.000000 0.000000 -1.000000 3685.dat
1 10 -50.000000 -72.000000 130.000000 -1.000000 0.000000 0.000000 0.000000 1.000000 0.000000 0.000000 0.000000 -1.000000 3685.dat
1 10 -30.000000 -72.000000 130.000000 0.000000 0.000000 -1.000000 0.000000 1.000000 0.000000 1.000000 0.000000 0.000000 3685.dat
1 2 10.000000 -72.000000 50.000000 1.000000 0.000000 0.000000 0.000000 1.000000 0.000000 0.000000 0.000000 1.000000 4460b.dat
1 2 -30.000000 -72.000000 10.000000 0.000000 0.000000 -1.000000 0.000000 1.000000 0.000000 1.000000 0.000000 0.000000 4460b.dat
1 2 -90.000000 -72.000000 70.000000 -1.000000 0.000000 0.000000 0.000000 1.000000 0.000000 0.000000 0.000000 -1.000000 4460b.dat
1 2 -50.000000 -72.000000 110.000000 0.000000 0.000000 1.000000 0.000000 1.000000 0.000000 -1.000000 0.000000 0.000000 4460b.dat
1 2 20.000000 -80.000000 60.000000 1.000000 0.000000 0.000000 0.000000 1.000000 0.000000 0.000000 0.000000 1.000000 3068b.dat
1 2 -40.000000 -80.000000 0.000000 1.000000 0.000000 0.000000 0.000000 1.000000 0.000000 0.000000 0.000000 1.000000 3068b.dat
1 2 -100.000000 -80.000000 60.000000 1.000000 0.000000 0.000000 0.000000 1.000000 0.000000 0.000000 0.000000 1.000000 3068b.dat
1 2 -40.000000 -80.000000 120.000000 1.000000 0.000000 0.000000 0.000000 1.000000 0.000000 0.000000 0.000000 1.000000 3068b.dat
1 2 -50.000000 -80.000000 50.000000 -1.000000 0.000000 0.000000 0.000000 1.000000 0.000000 0.000000 0.000000 -1.000000 2420.dat
1 2 -30.000000 -80.000000 70.000000 1.000000 0.000000 0.000000 0.000000 1.000000 0.000000 0.000000 0.000000 1.000000 2420.dat
1 2 -30.000000 -80.000000 50.000000 0.000000 0.000000 1.000000 0.000000 1.000000 0.000000 -1.000000 0.000000 0.000000 2420.dat
1 2 -50.000000 -80.000000 70.000000 0.000000 0.000000 -1.000000 0.000000 1.000000 0.000000 1.000000 0.000000 0.000000 2420.dat
1 10 -70.000000 -80.000000 60.000000 0.000000 0.000000 1.000000 0.000000 1.000000 0.000000 -1.000000 0.000000 0.000000 85984.dat
1 10 -10.000000 -80.000000 60.000000 0.000000 0.000000 -1.000000 0.000000 1.000000 0.000000 1.000000 0.000000 0.000000 85984.dat
1 10 -40.000000 -80.000000 30.000000 1.000000 0.000000 0.000000 0.000000 1.000000 0.000000 0.000000 0.000000 1.000000 85984.dat
1 10 -40.000000 -80.000000 90.000000 -1.000000 0.000000 0.000000 0.000000 1.000000 0.000000 0.000000 0.000000 -1.000000 85984.dat
1 7 -40.000000 -88.000000 60.000000 1.000000 0.000000 0.000000 0.000000 1.000000 0.000000 0.000000 0.000000 1.000000 3022.dat
1 10 -40.000000 -96.000000 60.000000 1.000000 0.000000 0.000000 0.000000 1.000000 0.000000 0.000000 0.000000 1.000000 3068b.dat
1 2 -50.000000 -72.000000 10.000000 -1.000000 0.000000 0.000000 0.000000 1.000000 0.000000 0.000000 0.000000 -1.000000 2449.dat
1 2 -90.000000 -72.000000 50.000000 0.000000 0.000000 -1.000000 0.000000 1.000000 0.000000 1.000000 0.000000 0.000000 2449.dat
1 2 -30.000000 -72.000000 110.000000 1.000000 0.000000 0.000000 0.000000 1.000000 0.000000 0.000000 0.000000 1.000000 2449.dat
1 2 10.000000 -72.000000 70.000000 0.000000 0.000000 1.000000 0.000000 1.000000 0.000000 -1.000000 0.000000 0.000000 2449.dat
1 2 -10.000000 -24.000000 30.000000 0.000000 0.000000 -1.000000 0.000000 1.000000 0.000000 1.000000 0.000000 0.000000 2357.dat
1 2 -10.000000 -48.000000 30.000000 0.000000 0.000000 -1.000000 0.000000 1.000000 0.000000 1.000000 0.000000 0.000000 2357.dat
1 2 -70.000000 -24.000000 90.000000 0.000000 0.000000 1.000000 0.000000 1.000000 0.000000 -1.000000 0.000000 0.000000 2357.dat
1 2 -70.000000 -48.000000 90.000000 0.000000 0.000000 1.000000 0.000000 1.000000 0.000000 -1.000000 0.000000 0.000000 2357.dat
1 2 -50.000000 -72.000000 70.000000 -1.000000 0.000000 0.000000 0.000000 1.000000 0.000000 0.000000 0.000000 -1.000000 3046.dat
1 2 -30.000000 -72.000000 50.000000 1.000000 0.000000 0.000000 0.000000 1.000000 0.000000 0.000000 0.000000 1.000000 3046.dat
1 2 -150.000000 -56.000000 -250.000000 0.000000 0.000000 -1.000000 0.000000 1.000000 0.000000 1.000000 0.000000 0.000000 3024.dat
1 10 270.000000 -48.000000 -410.000000 1.000000 0.000000 0.000000 0.000000 1.000000 0.000000 0.000000 0.000000 1.000000 78886.dat
1 10 230.000000 -48.000000 -410.000000 0.000000 0.000000 1.000000 0.000000 1.000000 0.000000 -1.000000 0.000000 0.000000 78886.dat
1 10 250.000000 -48.000000 -410.000000 1.000000 0.000000 0.000000 0.000000 1.000000 0.000000 0.000000 0.000000 1.000000 60481.dat
1 10 230.000000 -48.000000 -380.000000 0.000000 0.000000 1.000000 0.000000 1.000000 0.000000 -1.000000 0.000000 0.000000 3678b.dat
1 10 270.000000 -48.000000 -380.000000 0.000000 0.000000 -1.000000 0.000000 1.000000 0.000000 1.000000 0.000000 0.000000 3678b.dat
1 10 230.000000 -48.000000 -340.000000 0.000000 0.000000 1.000000 0.000000 1.000000 0.000000 -1.000000 0.000000 0.000000 3678b.dat
1 10 270.000000 -48.000000 -340.000000 0.000000 0.000000 -1.000000 0.000000 1.000000 0.000000 1.000000 0.000000 0.000000 3678b.dat
1 10 230.000000 -48.000000 -310.000000 -1.000000 0.000000 0.000000 0.000000 1.000000 0.000000 0.000000 0.000000 -1.000000 78886.dat
1 10 270.000000 -48.000000 -310.000000 0.000000 0.000000 -1.000000 0.000000 1.000000 0.000000 1.000000 0.000000 0.000000 78886.dat
1 10 250.000000 -48.000000 -310.000000 -1.000000 0.000000 0.000000 0.000000 1.000000 0.000000 0.000000 0.000000 -1.000000 60481.dat
1 2 250.000000 -56.000000 -320.000000 1.000000 0.000000 0.000000 0.000000 1.000000 0.000000 0.000000 0.000000 1.000000 26603.dat
1 2 280.000000 -56.000000 -400.000000 0.000000 0.000000 -1.000000 0.000000 1.000000 0.000000 1.000000 0.000000 0.000000 3020.dat
1 2 220.000000 -56.000000 -400.000000 0.000000 0.000000 -1.000000 0.000000 1.000000 0.000000 1.000000 0.000000 0.000000 3020.dat
1 2 250.000000 -56.000000 -400.000000 0.000000 0.000000 -1.000000 0.000000 1.000000 0.000000 1.000000 0.000000 0.000000 3710.dat
1 2 250.000000 -64.000000 -410.000000 -1.000000 0.000000 0.000000 0.000000 1.000000 0.000000 0.000000 0.000000 -1.000000 63864.dat
1 2 290.000000 -80.000000 -400.000000 0.000000 0.000000 1.000000 0.000000 1.000000 0.000000 -1.000000 0.000000 0.000000 4865a.dat
1 2 210.000000 -80.000000 -400.000000 0.000000 0.000000 -1.000000 0.000000 1.000000 0.000000 1.000000 0.000000 0.000000 4865a.dat
1 2 290.000000 -80.000000 -430.000000 -1.000000 0.000000 0.000000 0.000000 1.000000 0.000000 0.000000 0.000000 -1.000000 6231.dat
1 2 210.000000 -80.000000 -430.000000 0.000000 0.000000 -1.000000 0.000000 1.000000 0.000000 1.000000 0.000000 0.000000 6231.dat
1 2 250.000000 -64.000000 -390.000000 0.000000 0.000000 -1.000000 0.000000 1.000000 0.000000 1.000000 0.000000 0.000000 3024.dat
1 2 250.000000 -64.000000 -370.000000 -1.000000 0.000000 0.000000 0.000000 1.000000 0.000000 0.000000 0.000000 -1.000000 63864.dat
1 2 270.000000 -64.000000 -390.000000 0.000000 0.000000 -1.000000 0.000000 1.000000 0.000000 1.000000 0.000000 0.000000 3070b.dat
1 2 230.000000 -64.000000 -390.000000 0.000000 0.000000 -1.000000 0.000000 1.000000 0.000000 1.000000 0.000000 0.000000 3070b.dat
1 2 250.000000 -80.000000 -430.000000 -1.000000 0.000000 0.000000 0.000000 1.000000 0.000000 0.000000 0.000000 -1.000000 23950.dat
1 2 210.000000 -80.000000 -370.000000 1.000000 0.000000 0.000000 0.000000 1.000000 0.000000 0.000000 0.000000 1.000000 6231.dat
1 2 290.000000 -80.000000 -370.000000 0.000000 0.000000 1.000000 0.000000 1.000000 0.000000 -1.000000 0.000000 0.000000 6231.dat
1 2 250.000000 -56.000000 -350.000000 -1.000000 0.000000 0.000000 0.000000 1.000000 0.000000 0.000000 0.000000 -1.000000 63864.dat
1 10 -30.000000 -72.000000 270.000000 1.000000 0.000000 0.000000 0.000000 1.000000 0.000000 0.000000 0.000000 1.000000 3685.dat
1 10 -50.000000 -72.000000 270.000000 0.000000 0.000000 1.000000 0.000000 1.000000 0.000000 -1.000000 0.000000 0.000000 3685.dat
1 10 30.000000 -72.000000 350.000000 0.000000 0.000000 -1.000000 0.000000 1.000000 0.000000 1.000000 0.000000 0.000000 3685.dat
1 10 30.000000 -72.000000 330.000000 1.000000 0.000000 0.000000 0.000000 1.000000 0.000000 0.000000 0.000000 1.000000 3685.dat
1 10 -110.000000 -72.000000 330.000000 0.000000 0.000000 1.000000 0.000000 1.000000 0.000000 -1.000000 0.000000 0.000000 3685.dat
1 10 -110.000000 -72.000000 350.000000 -1.000000 0.000000 0.000000 0.000000 1.000000 0.000000 0.000000 0.000000 -1.000000 3685.dat
1 10 -50.000000 -72.000000 410.000000 -1.000000 0.000000 0.000000 0.000000 1.000000 0.000000 0.000000 0.000000 -1.000000 3685.dat
1 10 -30.000000 -72.000000 410.000000 0.000000 0.000000 -1.000000 0.000000 1.000000 0.000000 1.000000 0.000000 0.000000 3685.dat
1 2 10.000000 -72.000000 330.000000 1.000000 0.000000 0.000000 0.000000 1.000000 0.000000 0.000000 0.000000 1.000000 4460b.dat
1 2 -30.000000 -72.000000 290.000000 0.000000 0.000000 -1.000000 0.000000 1.000000 0.000000 1.000000 0.000000 0.000000 4460b.dat
1 2 -90.000000 -72.000000 350.000000 -1.000000 0.000000 0.000000 0.000000 1.000000 0.000000 0.000000 0.000000 -1.000000 4460b.dat
1 2 -50.000000 -72.000000 390.000000 0.000000 0.000000 1.000000 0.000000 1.000000 0.000000 -1.000000 0.000000 0.000000 4460b.dat
1 2 20.000000 -80.000000 340.000000 1.000000 0.000000 0.000000 0.000000 1.000000 0.000000 0.000000 0.000000 1.000000 3068b.dat
1 2 -40.000000 -80.000000 280.000000 1.000000 0.000000 0.000000 0.000000 1.000000 0.000000 0.000000 0.000000 1.000000 3068b.dat
1 2 -100.000000 -80.000000 340.000000 1.000000 0.000000 0.000000 0.000000 1.000000 0.000000 0.000000 0.000000 1.000000 3068b.dat
1 2 -40.000000 -80.000000 400.000000 1.000000 0.000000 0.000000 0.000000 1.000000 0.000000 0.000000 0.000000 1.000000 3068b.dat
1 2 -50.000000 -80.000000 330.000000 -1.000000 0.000000 0.000000 0.000000 1.000000 0.000000 0.000000 0.000000 -1.000000 2420.dat
1 2 -30.000000 -80.000000 350.000000 1.000000 0.000000 0.000000 0.000000 1.000000 0.000000 0.000000 0.000000 1.000000 2420.dat
1 2 -30.000000 -80.000000 330.000000 0.000000 0.000000 1.000000 0.000000 1.000000 0.000000 -1.000000 0.000000 0.000000 2420.dat
1 2 -50.000000 -80.000000 350.000000 0.000000 0.000000 -1.000000 0.000000 1.000000 0.000000 1.000000 0.000000 0.000000 2420.dat
1 10 -70.000000 -80.000000 340.000000 0.000000 0.000000 1.000000 0.000000 1.000000 0.000000 -1.000000 0.000000 0.000000 85984.dat
1 10 -10.000000 -80.000000 340.000000 0.000000 0.000000 -1.000000 0.000000 1.000000 0.000000 1.000000 0.000000 0.000000 85984.dat
1 10 -40.000000 -80.000000 310.000000 1.000000 0.000000 0.000000 0.000000 1.000000 0.000000 0.000000 0.000000 1.000000 85984.dat
1 10 -40.000000 -80.000000 370.000000 -1.000000 0.000000 0.000000 0.000000 1.000000 0.000000 0.000000 0.000000 -1.000000 85984.dat
1 7 -40.000000 -88.000000 340.000000 1.000000 0.000000 0.000000 0.000000 1.000000 0.000000 0.000000 0.000000 1.000000 3022.dat
1 10 -40.000000 -96.000000 340.000000 1.000000 0.000000 0.000000 0.000000 1.000000 0.000000 0.000000 0.000000 1.000000 3068b.dat
1 2 -50.000000 -72.000000 290.000000 -1.000000 0.000000 0.000000 0.000000 1.000000 0.000000 0.000000 0.000000 -1.000000 2449.dat
1 2 -90.000000 -72.000000 330.000000 0.000000 0.000000 -1.000000 0.000000 1.000000 0.000000 1.000000 0.000000 0.000000 2449.dat
1 2 -30.000000 -72.000000 390.000000 1.000000 0.000000 0.000000 0.000000 1.000000 0.000000 0.000000 0.000000 1.000000 2449.dat
1 2 10.000000 -72.000000 350.000000 0.000000 0.000000 1.000000 0.000000 1.000000 0.000000 -1.000000 0.000000 0.000000 2449.dat
1 2 -10.000000 -24.000000 310.000000 0.000000 0.000000 -1.000000 0.000000 1.000000 0.000000 1.000000 0.000000 0.000000 2357.dat
1 2 -70.000000 -24.000000 370.000000 0.000000 0.000000 1.000000 0.000000 1.000000 0.000000 -1.000000 0.000000 0.000000 2357.dat
1 2 -50.000000 -48.000000 350.000000 -1.000000 0.000000 0.000000 0.000000 1.000000 0.000000 0.000000 0.000000 -1.000000 3046.dat
1 2 -30.000000 -48.000000 330.000000 1.000000 0.000000 0.000000 0.000000 1.000000 0.000000 0.000000 0.000000 1.000000 3046.dat
1 10 -30.000000 -56.000000 330.000000 0.000000 0.000000 1.000000 0.000000 1.000000 0.000000 -1.000000 0.000000 0.000000 14719.dat
1 10 -50.000000 -56.000000 350.000000 0.000000 0.000000 -1.000000 0.000000 1.000000 0.000000 1.000000 0.000000 0.000000 14719.dat
1 10 250.000000 -72.000000 130.000000 1.000000 0.000000 0.000000 0.000000 1.000000 0.000000 0.000000 0.000000 1.000000 3685.dat
1 10 230.000000 -72.000000 130.000000 0.000000 0.000000 1.000000 0.000000 1.000000 0.000000 -1.000000 0.000000 0.000000 3685.dat
1 10 310.000000 -72.000000 210.000000 0.000000 0.000000 -1.000000 0.000000 1.000000 0.000000 1.000000 0.000000 0.000000 3685.dat
1 10 310.000000 -72.000000 190.000000 1.000000 0.000000 0.000000 0.000000 1.000000 0.000000 0.000000 0.000000 1.000000 3685.dat
1 10 170.000000 -72.000000 190.000000 0.000000 0.000000 1.000000 0.000000 1.000000 0.000000 -1.000000 0.000000 0.000000 3685.dat
1 10 170.000000 -72.000000 210.000000 -1.000000 0.000000 0.000000 0.000000 1.000000 0.000000 0.000000 0.000000 -1.000000 3685.dat
1 10 230.000000 -72.000000 270.000000 -1.000000 0.000000 0.000000 0.000000 1.000000 0.000000 0.000000 0.000000 -1.000000 3685.dat
1 10 250.000000 -72.000000 270.000000 0.000000 0.000000 -1.000000 0.000000 1.000000 0.000000 1.000000 0.000000 0.000000 3685.dat
1 2 290.000000 -72.000000 190.000000 1.000000 0.000000 0.000000 0.000000 1.000000 0.000000 0.000000 0.000000 1.000000 4460b.dat
1 2 250.000000 -72.000000 150.000000 0.000000 0.000000 -1.000000 0.000000 1.000000 0.000000 1.000000 0.000000 0.000000 4460b.dat
1 2 190.000000 -72.000000 210.000000 -1.000000 0.000000 0.000000 0.000000 1.000000 0.000000 0.000000 0.000000 -1.000000 4460b.dat
1 2 230.000000 -72.000000 250.000000 0.000000 0.000000 1.000000 0.000000 1.000000 0.000000 -1.000000 0.000000 0.000000 4460b.dat
1 2 300.000000 -80.000000 200.000000 1.000000 0.000000 0.000000 0.000000 1.000000 0.000000 0.000000 0.000000 1.000000 3068b.dat
1 2 240.000000 -80.000000 140.000000 1.000000 0.000000 0.000000 0.000000 1.000000 0.000000 0.000000 0.000000 1.000000 3068b.dat
1 2 180.000000 -80.000000 200.000000 1.000000 0.000000 0.000000 0.000000 1.000000 0.000000 0.000000 0.000000 1.000000 3068b.dat
1 2 240.000000 -80.000000 260.000000 1.000000 0.000000 0.000000 0.000000 1.000000 0.000000 0.000000 0.000000 1.000000 3068b.dat
1 2 230.000000 -80.000000 190.000000 -1.000000 0.000000 0.000000 0.000000 1.000000 0.000000 0.000000 0.000000 -1.000000 2420.dat
1 2 250.000000 -80.000000 210.000000 1.000000 0.000000 0.000000 0.000000 1.000000 0.000000 0.000000 0.000000 1.000000 2420.dat
1 2 250.000000 -80.000000 190.000000 0.000000 0.000000 1.000000 0.000000 1.000000 0.000000 -1.000000 0.000000 0.000000 2420.dat
1 2 230.000000 -80.000000 210.000000 0.000000 0.000000 -1.000000 0.000000 1.000000 0.000000 1.000000 0.000000 0.000000 2420.dat
1 10 210.000000 -80.000000 200.000000 0.000000 0.000000 1.000000 0.000000 1.000000 0.000000 -1.000000 0.000000 0.000000 85984.dat
1 10 270.000000 -80.000000 200.000000 0.000000 0.000000 -1.000000 0.000000 1.000000 0.000000 1.000000 0.000000 0.000000 85984.dat
1 10 240.000000 -80.000000 170.000000 1.000000 0.000000 0.000000 0.000000 1.000000 0.000000 0.000000 0.000000 1.000000 85984.dat
1 10 240.000000 -80.000000 230.000000 -1.000000 0.000000 0.000000 0.000000 1.000000 0.000000 0.000000 0.000000 -1.000000 85984.dat
1 7 240.000000 -88.000000 200.000000 1.000000 0.000000 0.000000 0.000000 1.000000 0.000000 0.000000 0.000000 1.000000 3022.dat
1 10 240.000000 -96.000000 200.000000 1.000000 0.000000 0.000000 0.000000 1.000000 0.000000 0.000000 0.000000 1.000000 3068b.dat
1 2 230.000000 -72.000000 150.000000 -1.000000 0.000000 0.000000 0.000000 1.000000 0.000000 0.000000 0.000000 -1.000000 2449.dat
1 2 190.000000 -72.000000 190.000000 0.000000 0.000000 -1.000000 0.000000 1.000000 0.000000 1.000000 0.000000 0.000000 2449.dat
1 2 250.000000 -72.000000 250.000000 1.000000 0.000000 0.000000 0.000000 1.000000 0.000000 0.000000 0.000000 1.000000 2449.dat
1 2 290.000000 -72.000000 210.000000 0.000000 0.000000 1.000000 0.000000 1.000000 0.000000 -1.000000 0.000000 0.000000 2449.dat
1 2 270.000000 -24.000000 170.000000 0.000000 0.000000 -1.000000 0.000000 1.000000 0.000000 1.000000 0.000000 0.000000 2357.dat
1 2 210.000000 -24.000000 230.000000 0.000000 0.000000 1.000000 0.000000 1.000000 0.000000 -1.000000 0.000000 0.000000 2357.dat
1 10 270.000000 -56.000000 170.000000 0.000000 0.000000 -1.000000 0.000000 1.000000 0.000000 1.000000 0.000000 0.000000 14719.dat
1 10 210.000000 -56.000000 230.000000 0.000000 0.000000 1.000000 0.000000 1.000000 0.000000 -1.000000 0.000000 0.000000 14719.dat
1 2 210.000000 -48.000000 230.000000 0.000000 0.000000 1.000000 0.000000 1.000000 0.000000 -1.000000 0.000000 0.000000 2357.dat
1 2 270.000000 -48.000000 170.000000 0.000000 0.000000 -1.000000 0.000000 1.000000 0.000000 1.000000 0.000000 0.000000 2357.dat
1 2 240.000000 -72.000000 200.000000 0.000000 0.000000 1.000000 0.000000 1.000000 0.000000 -1.000000 0.000000 0.000000 3022.dat
1 2 -40.000000 -72.000000 340.000000 1.000000 0.000000 0.000000 0.000000 1.000000 0.000000 0.000000 0.000000 1.000000 3022.dat
1 10 -290.000000 -72.000000 90.000000 1.000000 0.000000 0.000000 0.000000 1.000000 0.000000 0.000000 0.000000 1.000000 3685.dat
1 10 -310.000000 -72.000000 90.000000 0.000000 0.000000 1.000000 0.000000 1.000000 0.000000 -1.000000 0.000000 0.000000 3685.dat
1 10 -230.000000 -72.000000 170.000000 0.000000 0.000000 -1.000000 0.000000 1.000000 0.000000 1.000000 0.000000 0.000000 3685.dat
1 10 -230.000000 -72.000000 150.000000 1.000000 0.000000 0.000000 0.000000 1.000000 0.000000 0.000000 0.000000 1.000000 3685.dat
1 10 -370.000000 -72.000000 150.000000 0.000000 0.000000 1.000000 0.000000 1.000000 0.000000 -1.000000 0.000000 0.000000 3685.dat
1 10 -370.000000 -72.000000 170.000000 -1.000000 0.000000 0.000000 0.000000 1.000000 0.000000 0.000000 0.000000 -1.000000 3685.dat
1 10 -310.000000 -72.000000 230.000000 -1.000000 0.000000 0.000000 0.000000 1.000000 0.000000 0.000000 0.000000 -1.000000 3685.dat
1 10 -290.000000 -72.000000 230.000000 0.000000 0.000000 -1.000000 0.000000 1.000000 0.000000 1.000000 0.000000 0.000000 3685.dat
1 2 -250.000000 -72.000000 150.000000 1.000000 0.000000 0.000000 0.000000 1.000000 0.000000 0.000000 0.000000 1.000000 4460b.dat
1 2 -290.000000 -72.000000 110.000000 0.000000 0.000000 -1.000000 0.000000 1.000000 0.000000 1.000000 0.000000 0.000000 4460b.dat
1 2 -350.000000 -72.000000 170.000000 -1.000000 0.000000 0.000000 0.000000 1.000000 0.000000 0.000000 0.000000 -1.000000 4460b.dat
1 2 -310.000000 -72.000000 210.000000 0.000000 0.000000 1.000000 0.000000 1.000000 0.000000 -1.000000 0.000000 0.000000 4460b.dat
1 2 -240.000000 -80.000000 160.000000 1.000000 0.000000 0.000000 0.000000 1.000000 0.000000 0.000000 0.000000 1.000000 3068b.dat
1 2 -300.000000 -80.000000 100.000000 1.000000 0.000000 0.000000 0.000000 1.000000 0.000000 0.000000 0.000000 1.000000 3068b.dat
1 2 -360.000000 -80.000000 160.000000 1.000000 0.000000 0.000000 0.000000 1.000000 0.000000 0.000000 0.000000 1.000000 3068b.dat
1 2 -300.000000 -80.000000 220.000000 1.000000 0.000000 0.000000 0.000000 1.000000 0.000000 0.000000 0.000000 1.000000 3068b.dat
1 2 -310.000000 -80.000000 150.000000 -1.000000 0.000000 0.000000 0.000000 1.000000 0.000000 0.000000 0.000000 -1.000000 2420.dat
1 2 -290.000000 -80.000000 170.000000 1.000000 0.000000 0.000000 0.000000 1.000000 0.000000 0.000000 0.000000 1.000000 2420.dat
1 2 -290.000000 -80.000000 150.000000 0.000000 0.000000 1.000000 0.000000 1.000000 0.000000 -1.000000 0.000000 0.000000 2420.dat
1 2 -310.000000 -80.000000 170.000000 0.000000 0.000000 -1.000000 0.000000 1.000000 0.000000 1.000000 0.000000 0.000000 2420.dat
1 10 -330.000000 -80.000000 160.000000 0.000000 0.000000 1.000000 0.000000 1.000000 0.000000 -1.000000 0.000000 0.000000 85984.dat
1 10 -270.000000 -80.000000 160.000000 0.000000 0.000000 -1.000000 0.000000 1.000000 0.000000 1.000000 0.000000 0.000000 85984.dat
1 10 -300.000000 -80.000000 130.000000 1.000000 0.000000 0.000000 0.000000 1.000000 0.000000 0.000000 0.000000 1.000000 85984.dat
1 10 -300.000000 -80.000000 190.000000 -1.000000 0.000000 0.000000 0.000000 1.000000 0.000000 0.000000 0.000000 -1.000000 85984.dat
1 7 -300.000000 -88.000000 160.000000 1.000000 0.000000 0.000000 0.000000 1.000000 0.000000 0.000000 0.000000 1.000000 3022.dat
1 10 -300.000000 -96.000000 160.000000 1.000000 0.000000 0.000000 0.000000 1.000000 0.000000 0.000000 0.000000 1.000000 3068b.dat
1 2 -310.000000 -72.000000 110.000000 -1.000000 0.000000 0.000000 0.000000 1.000000 0.000000 0.000000 0.000000 -1.000000 2449.dat
1 2 -350.000000 -72.000000 150.000000 0.000000 0.000000 -1.000000 0.000000 1.000000 0.000000 1.000000 0.000000 0.000000 2449.dat
1 2 -290.000000 -72.000000 210.000000 1.000000 0.000000 0.000000 0.000000 1.000000 0.000000 0.000000 0.000000 1.000000 2449.dat
1 2 -250.000000 -72.000000 170.000000 0.000000 0.000000 1.000000 0.000000 1.000000 0.000000 -1.000000 0.000000 0.000000 2449.dat
1 2 -270.000000 -24.000000 130.000000 0.000000 0.000000 -1.000000 0.000000 1.000000 0.000000 1.000000 0.000000 0.000000 2357.dat
1 2 -330.000000 -24.000000 190.000000 0.000000 0.000000 1.000000 0.000000 1.000000 0.000000 -1.000000 0.000000 0.000000 2357.dat
1 2 -300.000000 -72.000000 160.000000 0.000000 0.000000 1.000000 0.000000 1.000000 0.000000 -1.000000 0.000000 0.000000 3022.dat
1 10 -270.000000 -48.000000 130.000000 0.000000 0.000000 -1.000000 0.000000 1.000000 0.000000 1.000000 0.000000 0.000000 3070b.dat
1 2 -270.000000 -48.000000 150.000000 1.000000 0.000000 0.000000 0.000000 1.000000 0.000000 0.000000 0.000000 1.000000 54200.dat
1 2 -290.000000 -48.000000 130.000000 0.000000 0.000000 -1.000000 0.000000 1.000000 0.000000 1.000000 0.000000 0.000000 54200.dat
1 10 -300.000000 -8.000000 160.000000 1.000000 0.000000 0.000000 0.000000 1.000000 0.000000 0.000000 0.000000 1.000000 87580.dat
1 38 -300.000000 -16.000000 160.000000 1.000000 0.000000 0.000000 0.000000 1.000000 0.000000 0.000000 0.000000 1.000000 98138.dat
1 2 -270.000000 -48.000000 150.000000 0.000000 0.000000 -1.000000 0.000000 1.000000 0.000000 1.000000 0.000000 0.000000 3024.dat
1 2 -290.000000 -48.000000 130.000000 0.000000 0.000000 -1.000000 0.000000 1.000000 0.000000 1.000000 0.000000 0.000000 3024.dat
1 2 -270.000000 -32.000000 130.000000 0.000000 0.000000 -1.000000 0.000000 1.000000 0.000000 1.000000 0.000000 0.000000 2420.dat
1 2 -270.000000 -40.000000 130.000000 0.000000 0.000000 -1.000000 0.000000 1.000000 0.000000 1.000000 0.000000 0.000000 2420.dat
1 10 -330.000000 -48.000000 190.000000 0.000000 0.000000 1.000000 0.000000 1.000000 0.000000 -1.000000 0.000000 0.000000 3070b.dat
1 2 -330.000000 -48.000000 170.000000 -1.000000 0.000000 0.000000 0.000000 1.000000 0.000000 0.000000 0.000000 -1.000000 54200.dat
1 2 -310.000000 -48.000000 190.000000 0.000000 0.000000 1.000000 0.000000 1.000000 0.000000 -1.000000 0.000000 0.000000 54200.dat
1 2 -330.000000 -48.000000 170.000000 0.000000 0.000000 1.000000 0.000000 1.000000 0.000000 -1.000000 0.000000 0.000000 3024.dat
1 2 -310.000000 -48.000000 190.000000 0.000000 0.000000 1.000000 0.000000 1.000000 0.000000 -1.000000 0.000000 0.000000 3024.dat
1 2 -330.000000 -32.000000 190.000000 0.000000 0.000000 1.000000 0.000000 1.000000 0.000000 -1.000000 0.000000 0.000000 2420.dat
1 2 -330.000000 -40.000000 190.000000 0.000000 0.000000 1.000000 0.000000 1.000000 0.000000 -1.000000 0.000000 0.000000 2420.dat
1 10 -150.000000 -48.000000 -450.000000 0.000000 0.000000 -1.000000 0.000000 1.000000 0.000000 1.000000 0.000000 0.000000 3005.dat
1 10 -170.000000 -48.000000 -450.000000 0.000000 0.000000 1.000000 0.000000 1.000000 0.000000 -1.000000 0.000000 0.000000 60481.dat
1 10 -130.000000 -48.000000 -450.000000 0.000000 0.000000 -1.000000 0.000000 1.000000 0.000000 1.000000 0.000000 0.000000 60481.dat
1 2 -150.000000 -56.000000 -450.000000 -1.000000 0.000000 0.000000 0.000000 1.000000 0.000000 0.000000 0.000000 -1.000000 63864.dat
1 10 -350.000000 -48.000000 -170.000000 -1.000000 0.000000 0.000000 0.000000 1.000000 0.000000 0.000000 0.000000 -1.000000 78886.dat
1 10 -310.000000 -48.000000 -170.000000 0.000000 0.000000 -1.000000 0.000000 1.000000 0.000000 1.000000 0.000000 0.000000 78886.dat
1 10 -330.000000 -48.000000 -170.000000 -1.000000 0.000000 0.000000 0.000000 1.000000 0.000000 0.000000 0.000000 -1.000000 60481.dat
1 10 -310.000000 -48.000000 -210.000000 1.000000 0.000000 0.000000 0.000000 1.000000 0.000000 0.000000 0.000000 1.000000 60481.dat
1 10 -310.000000 -48.000000 -190.000000 0.000000 0.000000 -1.000000 0.000000 1.000000 0.000000 1.000000 0.000000 0.000000 60481.dat
1 10 -350.000000 -48.000000 -190.000000 1.000000 0.000000 0.000000 0.000000 1.000000 0.000000 0.000000 0.000000 1.000000 60481.dat
1 10 -310.000000 -48.000000 -290.000000 1.000000 0.000000 0.000000 0.000000 1.000000 0.000000 0.000000 0.000000 1.000000 78886.dat
1 10 -350.000000 -48.000000 -290.000000 0.000000 0.000000 1.000000 0.000000 1.000000 0.000000 -1.000000 0.000000 0.000000 78886.dat
1 10 -330.000000 -48.000000 -290.000000 1.000000 0.000000 0.000000 0.000000 1.000000 0.000000 0.000000 0.000000 1.000000 60481.dat
1 10 -310.000000 -48.000000 -270.000000 0.000000 0.000000 -1.000000 0.000000 1.000000 0.000000 1.000000 0.000000 0.000000 60481.dat
1 10 -350.000000 -48.000000 -270.000000 0.000000 0.000000 1.000000 0.000000 1.000000 0.000000 -1.000000 0.000000 0.000000 60481.dat
1 10 -350.000000 -8.000000 -250.000000 -1.000000 0.000000 0.000000 0.000000 1.000000 0.000000 0.000000 0.000000 -1.000000 3024.dat
1 10 -350.000000 -8.000000 -250.000000 -1.000000 0.000000 0.000000 0.000000 1.000000 0.000000 0.000000 0.000000 -1.000000 54200.dat
1 2 -330.000000 -56.000000 -210.000000 1.000000 0.000000 0.000000 0.000000 1.000000 0.000000 0.000000 0.000000 1.000000 27263.dat
1 2 -350.000000 -56.000000 -190.000000 0.000000 0.000000 -1.000000 0.000000 1.000000 0.000000 1.000000 0.000000 0.000000 63864.dat
1 2 -310.000000 -56.000000 -170.000000 -1.000000 0.000000 0.000000 0.000000 1.000000 0.000000 0.000000 0.000000 -1.000000 14719.dat
1 2 -310.000000 -56.000000 -270.000000 0.000000 0.000000 -1.000000 0.000000 1.000000 0.000000 1.000000 0.000000 0.000000 14719.dat
1 2 -320.000000 -56.000000 -290.000000 1.000000 0.000000 0.000000 0.000000 1.000000 0.000000 0.000000 0.000000 1.000000 3069b.dat
1 2 -350.000000 -56.000000 -280.000000 0.000000 0.000000 1.000000 0.000000 1.000000 0.000000 -1.000000 0.000000 0.000000 3069b.dat
1 330 -350.000000 -48.000000 -410.000000 -1.000000 0.000000 0.000000 0.000000 1.000000 0.000000 0.000000 0.000000 -1.000000 78886.dat
1 330 -310.000000 -48.000000 -410.000000 0.000000 0.000000 -1.000000 0.000000 1.000000 0.000000 1.000000 0.000000 0.000000 78886.dat
1 330 -330.000000 -48.000000 -410.000000 -1.000000 0.000000 0.000000 0.000000 1.000000 0.000000 0.000000 0.000000 -1.000000 60481.dat
1 330 -310.000000 -48.000000 -450.000000 1.000000 0.000000 0.000000 0.000000 1.000000 0.000000 0.000000 0.000000 1.000000 60481.dat
1 330 -310.000000 -48.000000 -430.000000 0.000000 0.000000 -1.000000 0.000000 1.000000 0.000000 1.000000 0.000000 0.000000 60481.dat
1 330 -350.000000 -48.000000 -430.000000 1.000000 0.000000 0.000000 0.000000 1.000000 0.000000 0.000000 0.000000 1.000000 60481.dat
1 330 -310.000000 -48.000000 -530.000000 1.000000 0.000000 0.000000 0.000000 1.000000 0.000000 0.000000 0.000000 1.000000 78886.dat
1 330 -350.000000 -48.000000 -530.000000 0.000000 0.000000 1.000000 0.000000 1.000000 0.000000 -1.000000 0.000000 0.000000 78886.dat
1 330 -330.000000 -48.000000 -530.000000 1.000000 0.000000 0.000000 0.000000 1.000000 0.000000 0.000000 0.000000 1.000000 60481.dat
1 330 -310.000000 -48.000000 -510.000000 0.000000 0.000000 -1.000000 0.000000 1.000000 0.000000 1.000000 0.000000 0.000000 60481.dat
1 330 -350.000000 -48.000000 -510.000000 0.000000 0.000000 1.000000 0.000000 1.000000 0.000000 -1.000000 0.000000 0.000000 60481.dat
1 330 -350.000000 -8.000000 -490.000000 -1.000000 0.000000 0.000000 0.000000 1.000000 0.000000 0.000000 0.000000 -1.000000 3024.dat
1 330 -350.000000 -8.000000 -490.000000 -1.000000 0.000000 0.000000 0.000000 1.000000 0.000000 0.000000 0.000000 -1.000000 54200.dat
1 288 -330.000000 -56.000000 -450.000000 1.000000 0.000000 0.000000 0.000000 1.000000 0.000000 0.000000 0.000000 1.000000 27263.dat
1 288 -350.000000 -56.000000 -430.000000 0.000000 0.000000 -1.000000 0.000000 1.000000 0.000000 1.000000 0.000000 0.000000 63864.dat
1 288 -310.000000 -56.000000 -410.000000 -1.000000 0.000000 0.000000 0.000000 1.000000 0.000000 0.000000 0.000000 -1.000000 14719.dat
1 288 -310.000000 -56.000000 -510.000000 0.000000 0.000000 -1.000000 0.000000 1.000000 0.000000 1.000000 0.000000 0.000000 14719.dat
1 288 -320.000000 -56.000000 -530.000000 1.000000 0.000000 0.000000 0.000000 1.000000 0.000000 0.000000 0.000000 1.000000 3069b.dat
1 288 -350.000000 -56.000000 -520.000000 0.000000 0.000000 1.000000 0.000000 1.000000 0.000000 -1.000000 0.000000 0.000000 3069b.dat
1 330 -290.000000 -72.000000 370.000000 1.000000 0.000000 0.000000 0.000000 1.000000 0.000000 0.000000 0.000000 1.000000 3685.dat
1 330 -310.000000 -72.000000 370.000000 0.000000 0.000000 1.000000 0.000000 1.000000 0.000000 -1.000000 0.000000 0.000000 3685.dat
1 330 -230.000000 -72.000000 450.000000 0.000000 0.000000 -1.000000 0.000000 1.000000 0.000000 1.000000 0.000000 0.000000 3685.dat
1 330 -230.000000 -72.000000 430.000000 1.000000 0.000000 0.000000 0.000000 1.000000 0.000000 0.000000 0.000000 1.000000 3685.dat
1 330 -370.000000 -72.000000 430.000000 0.000000 0.000000 1.000000 0.000000 1.000000 0.000000 -1.000000 0.000000 0.000000 3685.dat
1 330 -370.000000 -72.000000 450.000000 -1.000000 0.000000 0.000000 0.000000 1.000000 0.000000 0.000000 0.000000 -1.000000 3685.dat
1 330 -310.000000 -72.000000 510.000000 -1.000000 0.000000 0.000000 0.000000 1.000000 0.000000 0.000000 0.000000 -1.000000 3685.dat
1 330 -290.000000 -72.000000 510.000000 0.000000 0.000000 -1.000000 0.000000 1.000000 0.000000 1.000000 0.000000 0.000000 3685.dat
1 2 -250.000000 -72.000000 430.000000 1.000000 0.000000 0.000000 0.000000 1.000000 0.000000 0.000000 0.000000 1.000000 4460b.dat
1 2 -290.000000 -72.000000 390.000000 0.000000 0.000000 -1.000000 0.000000 1.000000 0.000000 1.000000 0.000000 0.000000 4460b.dat
1 2 -350.000000 -72.000000 450.000000 -1.000000 0.000000 0.000000 0.000000 1.000000 0.000000 0.000000 0.000000 -1.000000 4460b.dat
1 2 -310.000000 -72.000000 490.000000 0.000000 0.000000 1.000000 0.000000 1.000000 0.000000 -1.000000 0.000000 0.000000 4460b.dat
1 2 -240.000000 -80.000000 440.000000 1.000000 0.000000 0.000000 0.000000 1.000000 0.000000 0.000000 0.000000 1.000000 3068b.dat
1 2 -300.000000 -80.000000 380.000000 1.000000 0.000000 0.000000 0.000000 1.000000 0.000000 0.000000 0.000000 1.000000 3068b.dat
1 2 -360.000000 -80.000000 440.000000 1.000000 0.000000 0.000000 0.000000 1.000000 0.000000 0.000000 0.000000 1.000000 3068b.dat
1 2 -300.000000 -80.000000 500.000000 1.000000 0.000000 0.000000 0.000000 1.000000 0.000000 0.000000 0.000000 1.000000 3068b.dat
1 2 -310.000000 -80.000000 430.000000 -1.000000 0.000000 0.000000 0.000000 1.000000 0.000000 0.000000 0.000000 -1.000000 2420.dat
1 2 -290.000000 -80.000000 450.000000 1.000000 0.000000 0.000000 0.000000 1.000000 0.000000 0.000000 0.000000 1.000000 2420.dat
1 2 -290.000000 -80.000000 430.000000 0.000000 0.000000 1.000000 0.000000 1.000000 0.000000 -1.000000 0.000000 0.000000 2420.dat
1 2 -310.000000 -80.000000 450.000000 0.000000 0.000000 -1.000000 0.000000 1.000000 0.000000 1.000000 0.000000 0.000000 2420.dat
1 330 -330.000000 -80.000000 440.000000 0.000000 0.000000 1.000000 0.000000 1.000000 0.000000 -1.000000 0.000000 0.000000 85984.dat
1 330 -270.000000 -80.000000 440.000000 0.000000 0.000000 -1.000000 0.000000 1.000000 0.000000 1.000000 0.000000 0.000000 85984.dat
1 330 -300.000000 -80.000000 410.000000 1.000000 0.000000 0.000000 0.000000 1.000000 0.000000 0.000000 0.000000 1.000000 85984.dat
1 330 -300.000000 -80.000000 470.000000 -1.000000 0.000000 0.000000 0.000000 1.000000 0.000000 0.000000 0.000000 -1.000000 85984.dat
1 7 -300.000000 -88.000000 440.000000 1.000000 0.000000 0.000000 0.000000 1.000000 0.000000 0.000000 0.000000 1.000000 3022.dat
1 330 -300.000000 -96.000000 440.000000 1.000000 0.000000 0.000000 0.000000 1.000000 0.000000 0.000000 0.000000 1.000000 3068b.dat
1 2 -310.000000 -72.000000 390.000000 -1.000000 0.000000 0.000000 0.000000 1.000000 0.000000 0.000000 0.000000 -1.000000 2449.dat
1 2 -350.000000 -72.000000 430.000000 0.000000 0.000000 -1.000000 0.000000 1.000000 0.000000 1.000000 0.000000 0.000000 2449.dat
1 2 -290.000000 -72.000000 490.000000 1.000000 0.000000 0.000000 0.000000 1.000000 0.000000 0.000000 0.000000 1.000000 2449.dat
1 2 -250.000000 -72.000000 450.000000 0.000000 0.000000 1.000000 0.000000 1.000000 0.000000 -1.000000 0.000000 0.000000 2449.dat
1 2 -270.000000 -24.000000 410.000000 0.000000 0.000000 -1.000000 0.000000 1.000000 0.000000 1.000000 0.000000 0.000000 2357.dat
1 2 -330.000000 -24.000000 470.000000 0.000000 0.000000 1.000000 0.000000 1.000000 0.000000 -1.000000 0.000000 0.000000 2357.dat
1 2 -300.000000 -72.000000 440.000000 0.000000 0.000000 1.000000 0.000000 1.000000 0.000000 -1.000000 0.000000 0.000000 3022.dat
1 330 -270.000000 -48.000000 410.000000 0.000000 0.000000 -1.000000 0.000000 1.000000 0.000000 1.000000 0.000000 0.000000 3070b.dat
1 2 -270.000000 -48.000000 430.000000 1.000000 0.000000 0.000000 0.000000 1.000000 0.000000 0.000000 0.000000 1.000000 54200.dat
1 2 -290.000000 -48.000000 410.000000 0.000000 0.000000 -1.000000 0.000000 1.000000 0.000000 1.000000 0.000000 0.000000 54200.dat
1 330 -300.000000 -8.000000 440.000000 1.000000 0.000000 0.000000 0.000000 1.000000 0.000000 0.000000 0.000000 1.000000 87580.dat
1 38 -300.000000 -16.000000 440.000000 1.000000 0.000000 0.000000 0.000000 1.000000 0.000000 0.000000 0.000000 1.000000 98138.dat
1 2 -270.000000 -48.000000 430.000000 0.000000 0.000000 -1.000000 0.000000 1.000000 0.000000 1.000000 0.000000 0.000000 3024.dat
1 2 -290.000000 -48.000000 410.000000 0.000000 0.000000 -1.000000 0.000000 1.000000 0.000000 1.000000 0.000000 0.000000 3024.dat
1 2 -270.000000 -32.000000 410.000000 0.000000 0.000000 -1.000000 0.000000 1.000000 0.000000 1.000000 0.000000 0.000000 2420.dat
1 2 -270.000000 -40.000000 410.000000 0.000000 0.000000 -1.000000 0.000000 1.000000 0.000000 1.000000 0.000000 0.000000 2420.dat
1 330 -330.000000 -48.000000 470.000000 0.000000 0.000000 1.000000 0.000000 1.000000 0.000000 -1.000000 0.000000 0.000000 3070b.dat
1 2 -330.000000 -48.000000 450.000000 -1.000000 0.000000 0.000000 0.000000 1.000000 0.000000 0.000000 0.000000 -1.000000 54200.dat
1 2 -310.000000 -48.000000 470.000000 0.000000 0.000000 1.000000 0.000000 1.000000 0.000000 -1.000000 0.000000 0.000000 54200.dat
1 2 -330.000000 -48.000000 450.000000 0.000000 0.000000 1.000000 0.000000 1.000000 0.000000 -1.000000 0.000000 0.000000 3024.dat
1 2 -310.000000 -48.000000 470.000000 0.000000 0.000000 1.000000 0.000000 1.000000 0.000000 -1.000000 0.000000 0.000000 3024.dat
1 2 -330.000000 -32.000000 470.000000 0.000000 0.000000 1.000000 0.000000 1.000000 0.000000 -1.000000 0.000000 0.000000 2420.dat
1 2 -330.000000 -40.000000 470.000000 0.000000 0.000000 1.000000 0.000000 1.000000 0.000000 -1.000000 0.000000 0.000000 2420.dat
1 330 -590.000000 -72.000000 370.000000 1.000000 0.000000 0.000000 0.000000 1.000000 0.000000 0.000000 0.000000 1.000000 3685.dat
1 330 -610.000000 -72.000000 370.000000 0.000000 0.000000 1.000000 0.000000 1.000000 0.000000 -1.000000 0.000000 0.000000 3685.dat
1 330 -530.000000 -72.000000 450.000000 0.000000 0.000000 -1.000000 0.000000 1.000000 0.000000 1.000000 0.000000 0.000000 3685.dat
1 330 -530.000000 -72.000000 430.000000 1.000000 0.000000 0.000000 0.000000 1.000000 0.000000 0.000000 0.000000 1.000000 3685.dat
1 330 -670.000000 -72.000000 430.000000 0.000000 0.000000 1.000000 0.000000 1.000000 0.000000 -1.000000 0.000000 0.000000 3685.dat
1 330 -670.000000 -72.000000 450.000000 -1.000000 0.000000 0.000000 0.000000 1.000000 0.000000 0.000000 0.000000 -1.000000 3685.dat
1 330 -610.000000 -72.000000 510.000000 -1.000000 0.000000 0.000000 0.000000 1.000000 0.000000 0.000000 0.000000 -1.000000 3685.dat
1 330 -590.000000 -72.000000 510.000000 0.000000 0.000000 -1.000000 0.000000 1.000000 0.000000 1.000000 0.000000 0.000000 3685.dat
1 288 -550.000000 -72.000000 430.000000 1.000000 0.000000 0.000000 0.000000 1.000000 0.000000 0.000000 0.000000 1.000000 4460b.dat
1 288 -590.000000 -72.000000 390.000000 0.000000 0.000000 -1.000000 0.000000 1.000000 0.000000 1.000000 0.000000 0.000000 4460b.dat
1 288 -650.000000 -72.000000 450.000000 -1.000000 0.000000 0.000000 0.000000 1.000000 0.000000 0.000000 0.000000 -1.000000 4460b.dat
1 288 -610.000000 -72.000000 490.000000 0.000000 0.000000 1.000000 0.000000 1.000000 0.000000 -1.000000 0.000000 0.000000 4460b.dat
1 288 -540.000000 -80.000000 440.000000 1.000000 0.000000 0.000000 0.000000 1.000000 0.000000 0.000000 0.000000 1.000000 3068b.dat
1 288 -600.000000 -80.000000 380.000000 1.000000 0.000000 0.000000 0.000000 1.000000 0.000000 0.000000 0.000000 1.000000 3068b.dat
1 288 -660.000000 -80.000000 440.000000 1.000000 0.000000 0.000000 0.000000 1.000000 0.000000 0.000000 0.000000 1.000000 3068b.dat
1 288 -600.000000 -80.000000 500.000000 1.000000 0.000000 0.000000 0.000000 1.000000 0.000000 0.000000 0.000000 1.000000 3068b.dat
1 288 -610.000000 -80.000000 430.000000 -1.000000 0.000000 0.000000 0.000000 1.000000 0.000000 0.000000 0.000000 -1.000000 2420.dat
1 288 -590.000000 -80.000000 450.000000 1.000000 0.000000 0.000000 0.000000 1.000000 0.000000 0.000000 0.000000 1.000000 2420.dat
1 288 -590.000000 -80.000000 430.000000 0.000000 0.000000 1.000000 0.000000 1.000000 0.000000 -1.000000 0.000000 0.000000 2420.dat
1 288 -610.000000 -80.000000 450.000000 0.000000 0.000000 -1.000000 0.000000 1.000000 0.000000 1.000000 0.000000 0.000000 2420.dat
1 330 -630.000000 -80.000000 440.000000 0.000000 0.000000 1.000000 0.000000 1.000000 0.000000 -1.000000 0.000000 0.000000 85984.dat
1 330 -570.000000 -80.000000 440.000000 0.000000 0.000000 -1.000000 0.000000 1.000000 0.000000 1.000000 0.000000 0.000000 85984.dat
1 330 -600.000000 -80.000000 410.000000 1.000000 0.000000 0.000000 0.000000 1.000000 0.000000 0.000000 0.000000 1.000000 85984.dat
1 330 -600.000000 -80.000000 470.000000 -1.000000 0.000000 0.000000 0.000000 1.000000 0.000000 0.000000 0.000000 -1.000000 85984.dat
1 7 -600.000000 -88.000000 440.000000 1.000000 0.000000 0.000000 0.000000 1.000000 0.000000 0.000000 0.000000 1.000000 3022.dat
1 330 -600.000000 -96.000000 440.000000 1.000000 0.000000 0.000000 0.000000 1.000000 0.000000 0.000000 0.000000 1.000000 3068b.dat
1 288 -610.000000 -72.000000 390.000000 -1.000000 0.000000 0.000000 0.000000 1.000000 0.000000 0.000000 0.000000 -1.000000 2449.dat
1 288 -650.000000 -72.000000 430.000000 0.000000 0.000000 -1.000000 0.000000 1.000000 0.000000 1.000000 0.000000 0.000000 2449.dat
1 288 -590.000000 -72.000000 490.000000 1.000000 0.000000 0.000000 0.000000 1.000000 0.000000 0.000000 0.000000 1.000000 2449.dat
1 288 -550.000000 -72.000000 450.000000 0.000000 0.000000 1.000000 0.000000 1.000000 0.000000 -1.000000 0.000000 0.000000 2449.dat
1 288 -570.000000 -24.000000 410.000000 0.000000 0.000000 -1.000000 0.000000 1.000000 0.000000 1.000000 0.000000 0.000000 2357.dat
1 288 -630.000000 -24.000000 470.000000 0.000000 0.000000 1.000000 0.000000 1.000000 0.000000 -1.000000 0.000000 0.000000 2357.dat
1 288 -600.000000 -72.000000 440.000000 0.000000 0.000000 1.000000 0.000000 1.000000 0.000000 -1.000000 0.000000 0.000000 3022.dat
1 330 -570.000000 -48.000000 410.000000 0.000000 0.000000 -1.000000 0.000000 1.000000 0.000000 1.000000 0.000000 0.000000 3070b.dat
1 288 -570.000000 -48.000000 430.000000 1.000000 0.000000 0.000000 0.000000 1.000000 0.000000 0.000000 0.000000 1.000000 54200.dat
1 288 -590.000000 -48.000000 410.000000 0.000000 0.000000 -1.000000 0.000000 1.000000 0.000000 1.000000 0.000000 0.000000 54200.dat
1 330 -600.000000 -8.000000 440.000000 1.000000 0.000000 0.000000 0.000000 1.000000 0.000000 0.000000 0.000000 1.000000 87580.dat
1 38 -600.000000 -16.000000 440.000000 1.000000 0.000000 0.000000 0.000000 1.000000 0.000000 0.000000 0.000000 1.000000 98138.dat
1 288 -570.000000 -48.000000 430.000000 0.000000 0.000000 -1.000000 0.000000 1.000000 0.000000 1.000000 0.000000 0.000000 3024.dat
1 288 -590.000000 -48.000000 410.000000 0.000000 0.000000 -1.000000 0.000000 1.000000 0.000000 1.000000 0.000000 0.000000 3024.dat
1 288 -570.000000 -32.000000 410.000000 0.000000 0.000000 -1.000000 0.000000 1.000000 0.000000 1.000000 0.000000 0.000000 2420.dat
1 288 -570.000000 -40.000000 410.000000 0.000000 0.000000 -1.000000 0.000000 1.000000 0.000000 1.000000 0.000000 0.000000 2420.dat
1 330 -630.000000 -48.000000 470.000000 0.000000 0.000000 1.000000 0.000000 1.000000 0.000000 -1.000000 0.000000 0.000000 3070b.dat
1 288 -630.000000 -48.000000 450.000000 -1.000000 0.000000 0.000000 0.000000 1.000000 0.000000 0.000000 0.000000 -1.000000 54200.dat
1 288 -610.000000 -48.000000 470.000000 0.000000 0.000000 1.000000 0.000000 1.000000 0.000000 -1.000000 0.000000 0.000000 54200.dat
1 288 -630.000000 -48.000000 450.000000 0.000000 0.000000 1.000000 0.000000 1.000000 0.000000 -1.000000 0.000000 0.000000 3024.dat
1 288 -610.000000 -48.000000 470.000000 0.000000 0.000000 1.000000 0.000000 1.000000 0.000000 -1.000000 0.000000 0.000000 3024.dat
1 288 -630.000000 -32.000000 470.000000 0.000000 0.000000 1.000000 0.000000 1.000000 0.000000 -1.000000 0.000000 0.000000 2420.dat
1 288 -630.000000 -40.000000 470.000000 0.000000 0.000000 1.000000 0.000000 1.000000 0.000000 -1.000000 0.000000 0.000000 2420.dat
1 2 -60.000000 -104.000000 -710.000000 1.000000 0.000000 0.000000 0.000000 1.000000 0.000000 0.000000 0.000000 1.000000 43723.dat
1 2 -100.000000 -104.000000 -710.000000 1.000000 0.000000 0.000000 0.000000 1.000000 0.000000 0.000000 0.000000 1.000000 43722.dat
1 2 -80.000000 -104.000000 -670.000000 1.000000 0.000000 0.000000 0.000000 1.000000 0.000000 0.000000 0.000000 1.000000 3710.dat
1 2 -80.000000 -112.000000 -700.000000 0.000000 0.000000 -1.000000 0.000000 1.000000 0.000000 1.000000 0.000000 0.000000 87079.dat
1 2 -50.000000 -112.000000 -670.000000 1.000000 0.000000 0.000000 0.000000 1.000000 0.000000 0.000000 0.000000 1.000000 3070b.dat
1 2 -110.000000 -112.000000 -670.000000 1.000000 0.000000 0.000000 0.000000 1.000000 0.000000 0.000000 0.000000 1.000000 3070b.dat
1 10 -90.000000 -96.000000 -710.000000 1.000000 0.000000 0.000000 0.000000 1.000000 0.000000 0.000000 0.000000 1.000000 2449.dat
1 10 -70.000000 -96.000000 -710.000000 1.000000 0.000000 0.000000 0.000000 1.000000 0.000000 0.000000 0.000000 1.000000 2449.dat
1 10 -90.000000 -96.000000 -690.000000 0.000000 0.000000 1.000000 0.000000 1.000000 0.000000 -1.000000 0.000000 0.000000 2449.dat
1 10 -70.000000 -96.000000 -690.000000 0.000000 0.000000 -1.000000 0.000000 1.000000 0.000000 1.000000 0.000000 0.000000 2449.dat
1 330 -590.000000 -72.000000 90.000000 1.000000 0.000000 0.000000 0.000000 1.000000 0.000000 0.000000 0.000000 1.000000 3685.dat
1 330 -610.000000 -72.000000 90.000000 0.000000 0.000000 1.000000 0.000000 1.000000 0.000000 -1.000000 0.000000 0.000000 3685.dat
1 330 -530.000000 -72.000000 170.000000 0.000000 0.000000 -1.000000 0.000000 1.000000 0.000000 1.000000 0.000000 0.000000 3685.dat
1 330 -530.000000 -72.000000 150.000000 1.000000 0.000000 0.000000 0.000000 1.000000 0.000000 0.000000 0.000000 1.000000 3685.dat
1 330 -670.000000 -72.000000 150.000000 0.000000 0.000000 1.000000 0.000000 1.000000 0.000000 -1.000000 0.000000 0.000000 3685.dat
1 330 -670.000000 -72.000000 170.000000 -1.000000 0.000000 0.000000 0.000000 1.000000 0.000000 0.000000 0.000000 -1.000000 3685.dat
1 330 -610.000000 -72.000000 230.000000 -1.000000 0.000000 0.000000 0.000000 1.000000 0.000000 0.000000 0.000000 -1.000000 3685.dat
1 330 -590.000000 -72.000000 230.000000 0.000000 0.000000 -1.000000 0.000000 1.000000 0.000000 1.000000 0.000000 0.000000 3685.dat
1 330 -550.000000 -72.000000 150.000000 1.000000 0.000000 0.000000 0.000000 1.000000 0.000000 0.000000 0.000000 1.000000 4460b.dat
1 330 -590.000000 -72.000000 110.000000 0.000000 0.000000 -1.000000 0.000000 1.000000 0.000000 1.000000 0.000000 0.000000 4460b.dat
1 330 -650.000000 -72.000000 170.000000 -1.000000 0.000000 0.000000 0.000000 1.000000 0.000000 0.000000 0.000000 -1.000000 4460b.dat
1 330 -610.000000 -72.000000 210.000000 0.000000 0.000000 1.000000 0.000000 1.000000 0.000000 -1.000000 0.000000 0.000000 4460b.dat
1 288 -540.000000 -80.000000 160.000000 1.000000 0.000000 0.000000 0.000000 1.000000 0.000000 0.000000 0.000000 1.000000 3068b.dat
1 288 -600.000000 -80.000000 100.000000 1.000000 0.000000 0.000000 0.000000 1.000000 0.000000 0.000000 0.000000 1.000000 3068b.dat
1 288 -660.000000 -80.000000 160.000000 1.000000 0.000000 0.000000 0.000000 1.000000 0.000000 0.000000 0.000000 1.000000 3068b.dat
1 288 -600.000000 -80.000000 220.000000 1.000000 0.000000 0.000000 0.000000 1.000000 0.000000 0.000000 0.000000 1.000000 3068b.dat
1 288 -630.000000 -80.000000 160.000000 0.000000 0.000000 1.000000 0.000000 1.000000 0.000000 -1.000000 0.000000 0.000000 85984.dat
1 288 -570.000000 -80.000000 160.000000 0.000000 0.000000 -1.000000 0.000000 1.000000 0.000000 1.000000 0.000000 0.000000 85984.dat
1 288 -600.000000 -80.000000 130.000000 1.000000 0.000000 0.000000 0.000000 1.000000 0.000000 0.000000 0.000000 1.000000 85984.dat
1 288 -600.000000 -80.000000 190.000000 -1.000000 0.000000 0.000000 0.000000 1.000000 0.000000 0.000000 0.000000 -1.000000 85984.dat
1 7 -600.000000 -88.000000 160.000000 1.000000 0.000000 0.000000 0.000000 1.000000 0.000000 0.000000 0.000000 1.000000 3022.dat
1 288 -600.000000 -96.000000 160.000000 1.000000 0.000000 0.000000 0.000000 1.000000 0.000000 0.000000 0.000000 1.000000 3068b.dat
1 330 -610.000000 -72.000000 110.000000 -1.000000 0.000000 0.000000 0.000000 1.000000 0.000000 0.000000 0.000000 -1.000000 2449.dat
1 330 -650.000000 -72.000000 150.000000 0.000000 0.000000 -1.000000 0.000000 1.000000 0.000000 1.000000 0.000000 0.000000 2449.dat
1 330 -590.000000 -72.000000 210.000000 1.000000 0.000000 0.000000 0.000000 1.000000 0.000000 0.000000 0.000000 1.000000 2449.dat
1 330 -550.000000 -72.000000 170.000000 0.000000 0.000000 1.000000 0.000000 1.000000 0.000000 -1.000000 0.000000 0.000000 2449.dat
1 288 -570.000000 -24.000000 130.000000 0.000000 0.000000 -1.000000 0.000000 1.000000 0.000000 1.000000 0.000000 0.000000 2357.dat
1 288 -630.000000 -24.000000 190.000000 0.000000 0.000000 1.000000 0.000000 1.000000 0.000000 -1.000000 0.000000 0.000000 2357.dat
1 288 -600.000000 -72.000000 160.000000 0.000000 0.000000 1.000000 0.000000 1.000000 0.000000 -1.000000 0.000000 0.000000 3022.dat
1 330 -570.000000 -48.000000 130.000000 0.000000 0.000000 -1.000000 0.000000 1.000000 0.000000 1.000000 0.000000 0.000000 3070b.dat
1 288 -570.000000 -48.000000 150.000000 1.000000 0.000000 0.000000 0.000000 1.000000 0.000000 0.000000 0.000000 1.000000 54200.dat
1 288 -590.000000 -48.000000 130.000000 0.000000 0.000000 -1.000000 0.000000 1.000000 0.000000 1.000000 0.000000 0.000000 54200.dat
1 330 -600.000000 -8.000000 160.000000 1.000000 0.000000 0.000000 0.000000 1.000000 0.000000 0.000000 0.000000 1.000000 87580.dat
1 38 -600.000000 -16.000000 160.000000 1.000000 0.000000 0.000000 0.000000 1.000000 0.000000 0.000000 0.000000 1.000000 98138.dat
1 288 -570.000000 -48.000000 150.000000 0.000000 0.000000 -1.000000 0.000000 1.000000 0.000000 1.000000 0.000000 0.000000 3024.dat
1 288 -590.000000 -48.000000 130.000000 0.000000 0.000000 -1.000000 0.000000 1.000000 0.000000 1.000000 0.000000 0.000000 3024.dat
1 288 -570.000000 -32.000000 130.000000 0.000000 0.000000 -1.000000 0.000000 1.000000 0.000000 1.000000 0.000000 0.000000 2420.dat
1 330 -570.000000 -40.000000 130.000000 0.000000 0.000000 -1.000000 0.000000 1.000000 0.000000 1.000000 0.000000 0.000000 2420.dat
1 330 -630.000000 -48.000000 190.000000 0.000000 0.000000 1.000000 0.000000 1.000000 0.000000 -1.000000 0.000000 0.000000 3070b.dat
1 288 -630.000000 -48.000000 170.000000 -1.000000 0.000000 0.000000 0.000000 1.000000 0.000000 0.000000 0.000000 -1.000000 54200.dat
1 288 -610.000000 -48.000000 190.000000 0.000000 0.000000 1.000000 0.000000 1.000000 0.000000 -1.000000 0.000000 0.000000 54200.dat
1 288 -630.000000 -48.000000 170.000000 0.000000 0.000000 1.000000 0.000000 1.000000 0.000000 -1.000000 0.000000 0.000000 3024.dat
1 288 -610.000000 -48.000000 190.000000 0.000000 0.000000 1.000000 0.000000 1.000000 0.000000 -1.000000 0.000000 0.000000 3024.dat
1 288 -630.000000 -32.000000 190.000000 0.000000 0.000000 1.000000 0.000000 1.000000 0.000000 -1.000000 0.000000 0.000000 2420.dat
1 330 -630.000000 -40.000000 190.000000 0.000000 0.000000 1.000000 0.000000 1.000000 0.000000 -1.000000 0.000000 0.000000 2420.dat
1 330 -510.000000 -24.000000 -300.000000 0.000000 0.000000 -1.000000 0.000000 1.000000 0.000000 1.000000 0.000000 0.000000 3010.dat
1 330 -510.000000 -48.000000 -300.000000 0.000000 0.000000 -1.000000 0.000000 1.000000 0.000000 1.000000 0.000000 0.000000 3010.dat
1 330 -510.000000 -24.000000 -400.000000 0.000000 0.000000 -1.000000 0.000000 1.000000 0.000000 1.000000 0.000000 0.000000 3010.dat
1 330 -510.000000 -48.000000 -400.000000 0.000000 0.000000 -1.000000 0.000000 1.000000 0.000000 1.000000 0.000000 0.000000 3010.dat
1 10 -510.000000 -48.000000 -350.000000 0.000000 0.000000 -1.000000 0.000000 1.000000 0.000000 1.000000 0.000000 0.000000 3005.dat
1 330 -530.000000 -48.000000 -350.000000 0.000000 0.000000 1.000000 0.000000 1.000000 0.000000 -1.000000 0.000000 0.000000 60481.dat
1 330 -490.000000 -48.000000 -350.000000 0.000000 0.000000 -1.000000 0.000000 1.000000 0.000000 1.000000 0.000000 0.000000 60481.dat
1 10 -510.000000 -48.000000 -250.000000 0.000000 0.000000 -1.000000 0.000000 1.000000 0.000000 1.000000 0.000000 0.000000 3005.dat
1 330 -530.000000 -48.000000 -250.000000 0.000000 0.000000 1.000000 0.000000 1.000000 0.000000 -1.000000 0.000000 0.000000 60481.dat
1 330 -490.000000 -48.000000 -250.000000 0.000000 0.000000 -1.000000 0.000000 1.000000 0.000000 1.000000 0.000000 0.000000 60481.dat
1 330 -510.000000 -48.000000 -230.000000 -1.000000 0.000000 0.000000 0.000000 1.000000 0.000000 0.000000 0.000000 -1.000000 60481.dat
1 288 -530.000000 -56.000000 -250.000000 0.000000 0.000000 1.000000 0.000000 1.000000 0.000000 -1.000000 0.000000 0.000000 3070b.dat
1 288 -490.000000 -56.000000 -250.000000 0.000000 0.000000 -1.000000 0.000000 1.000000 0.000000 1.000000 0.000000 0.000000 3070b.dat
1 288 -510.000000 -56.000000 -230.000000 -1.000000 0.000000 0.000000 0.000000 1.000000 0.000000 0.000000 0.000000 -1.000000 3070b.dat
1 288 -510.000000 -56.000000 -350.000000 -1.000000 0.000000 0.000000 0.000000 1.000000 0.000000 0.000000 0.000000 -1.000000 63864.dat
1 288 -510.000000 -56.000000 -300.000000 0.000000 0.000000 -1.000000 0.000000 1.000000 0.000000 1.000000 0.000000 0.000000 2431.dat
1 288 -510.000000 -56.000000 -400.000000 0.000000 0.000000 -1.000000 0.000000 1.000000 0.000000 1.000000 0.000000 0.000000 2431.dat
1 288 -510.000000 -56.000000 -250.000000 0.000000 0.000000 -1.000000 0.000000 1.000000 0.000000 1.000000 0.000000 0.000000 3024.dat
1 330 -510.000000 -48.000000 -450.000000 0.000000 0.000000 -1.000000 0.000000 1.000000 0.000000 1.000000 0.000000 0.000000 3005.dat
1 330 -530.000000 -48.000000 -450.000000 0.000000 0.000000 1.000000 0.000000 1.000000 0.000000 -1.000000 0.000000 0.000000 60481.dat
1 330 -490.000000 -48.000000 -450.000000 0.000000 0.000000 -1.000000 0.000000 1.000000 0.000000 1.000000 0.000000 0.000000 60481.dat
1 288 -510.000000 -56.000000 -450.000000 -1.000000 0.000000 0.000000 0.000000 1.000000 0.000000 0.000000 0.000000 -1.000000 63864.dat
1 330 -470.000000 -48.000000 -590.000000 -1.000000 0.000000 0.000000 0.000000 1.000000 0.000000 0.000000 0.000000 -1.000000 78886.dat
1 330 -430.000000 -48.000000 -590.000000 0.000000 0.000000 -1.000000 0.000000 1.000000 0.000000 1.000000 0.000000 0.000000 78886.dat
1 330 -450.000000 -48.000000 -590.000000 -1.000000 0.000000 0.000000 0.000000 1.000000 0.000000 0.000000 0.000000 -1.000000 60481.dat
1 330 -430.000000 -48.000000 -630.000000 1.000000 0.000000 0.000000 0.000000 1.000000 0.000000 0.000000 0.000000 1.000000 60481.dat
1 330 -430.000000 -48.000000 -610.000000 0.000000 0.000000 -1.000000 0.000000 1.000000 0.000000 1.000000 0.000000 0.000000 60481.dat
1 330 -470.000000 -48.000000 -610.000000 1.000000 0.000000 0.000000 0.000000 1.000000 0.000000 0.000000 0.000000 1.000000 60481.dat
1 330 -430.000000 -48.000000 -710.000000 1.000000 0.000000 0.000000 0.000000 1.000000 0.000000 0.000000 0.000000 1.000000 78886.dat
1 330 -470.000000 -48.000000 -710.000000 0.000000 0.000000 1.000000 0.000000 1.000000 0.000000 -1.000000 0.000000 0.000000 78886.dat
1 330 -450.000000 -48.000000 -710.000000 1.000000 0.000000 0.000000 0.000000 1.000000 0.000000 0.000000 0.000000 1.000000 60481.dat
1 330 -430.000000 -48.000000 -690.000000 0.000000 0.000000 -1.000000 0.000000 1.000000 0.000000 1.000000 0.000000 0.000000 60481.dat
1 330 -470.000000 -48.000000 -690.000000 0.000000 0.000000 1.000000 0.000000 1.000000 0.000000 -1.000000 0.000000 0.000000 60481.dat
1 330 -470.000000 -8.000000 -670.000000 -1.000000 0.000000 0.000000 0.000000 1.000000 0.000000 0.000000 0.000000 -1.000000 3024.dat
1 330 -470.000000 -8.000000 -670.000000 -1.000000 0.000000 0.000000 0.000000 1.000000 0.000000 0.000000 0.000000 -1.000000 54200.dat
1 2 -450.000000 -56.000000 -630.000000 1.000000 0.000000 0.000000 0.000000 1.000000 0.000000 0.000000 0.000000 1.000000 27263.dat
1 2 -470.000000 -56.000000 -610.000000 0.000000 0.000000 -1.000000 0.000000 1.000000 0.000000 1.000000 0.000000 0.000000 63864.dat
1 2 -430.000000 -56.000000 -590.000000 -1.000000 0.000000 0.000000 0.000000 1.000000 0.000000 0.000000 0.000000 -1.000000 14719.dat
1 2 -430.000000 -56.000000 -690.000000 0.000000 0.000000 -1.000000 0.000000 1.000000 0.000000 1.000000 0.000000 0.000000 14719.dat
1 2 -440.000000 -56.000000 -710.000000 1.000000 0.000000 0.000000 0.000000 1.000000 0.000000 0.000000 0.000000 1.000000 3069b.dat
1 2 -470.000000 -56.000000 -700.000000 0.000000 0.000000 1.000000 0.000000 1.000000 0.000000 -1.000000 0.000000 0.000000 3069b.dat
1 288 -620.000000 -80.000000 140.000000 0.000000 0.000000 1.000000 0.000000 1.000000 0.000000 -1.000000 0.000000 0.000000 26601.dat
1 288 -580.000000 -80.000000 180.000000 0.000000 0.000000 -1.000000 0.000000 1.000000 0.000000 1.000000 0.000000 0.000000 26601.dat
1 288 -580.000000 -80.000000 140.000000 1.000000 0.000000 0.000000 0.000000 1.000000 0.000000 0.000000 0.000000 1.000000 26601.dat
1 288 -620.000000 -80.000000 180.000000 -1.000000 0.000000 0.000000 0.000000 1.000000 0.000000 0.000000 0.000000 -1.000000 26601.dat
1 330 270.000000 -48.000000 -650.000000 1.000000 0.000000 0.000000 0.000000 1.000000 0.000000 0.000000 0.000000 1.000000 78886.dat
1 330 230.000000 -48.000000 -650.000000 0.000000 0.000000 1.000000 0.000000 1.000000 0.000000 -1.000000 0.000000 0.000000 78886.dat
1 330 250.000000 -48.000000 -650.000000 1.000000 0.000000 0.000000 0.000000 1.000000 0.000000 0.000000 0.000000 1.000000 60481.dat
1 330 230.000000 -48.000000 -620.000000 0.000000 0.000000 1.000000 0.000000 1.000000 0.000000 -1.000000 0.000000 0.000000 3678b.dat
1 330 270.000000 -48.000000 -620.000000 0.000000 0.000000 -1.000000 0.000000 1.000000 0.000000 1.000000 0.000000 0.000000 3678b.dat
1 330 230.000000 -48.000000 -580.000000 0.000000 0.000000 1.000000 0.000000 1.000000 0.000000 -1.000000 0.000000 0.000000 3678b.dat
1 330 270.000000 -48.000000 -580.000000 0.000000 0.000000 -1.000000 0.000000 1.000000 0.000000 1.000000 0.000000 0.000000 3678b.dat
1 330 230.000000 -48.000000 -550.000000 -1.000000 0.000000 0.000000 0.000000 1.000000 0.000000 0.000000 0.000000 -1.000000 78886.dat
1 330 270.000000 -48.000000 -550.000000 0.000000 0.000000 -1.000000 0.000000 1.000000 0.000000 1.000000 0.000000 0.000000 78886.dat
1 330 250.000000 -48.000000 -550.000000 -1.000000 0.000000 0.000000 0.000000 1.000000 0.000000 0.000000 0.000000 -1.000000 60481.dat
1 288 250.000000 -56.000000 -560.000000 1.000000 0.000000 0.000000 0.000000 1.000000 0.000000 0.000000 0.000000 1.000000 26603.dat
1 288 280.000000 -56.000000 -640.000000 0.000000 0.000000 -1.000000 0.000000 1.000000 0.000000 1.000000 0.000000 0.000000 3020.dat
1 288 220.000000 -56.000000 -640.000000 0.000000 0.000000 -1.000000 0.000000 1.000000 0.000000 1.000000 0.000000 0.000000 3020.dat
1 288 250.000000 -56.000000 -640.000000 0.000000 0.000000 -1.000000 0.000000 1.000000 0.000000 1.000000 0.000000 0.000000 3710.dat
1 288 250.000000 -64.000000 -650.000000 -1.000000 0.000000 0.000000 0.000000 1.000000 0.000000 0.000000 0.000000 -1.000000 63864.dat
1 288 290.000000 -80.000000 -640.000000 0.000000 0.000000 1.000000 0.000000 1.000000 0.000000 -1.000000 0.000000 0.000000 4865a.dat
1 288 210.000000 -80.000000 -640.000000 0.000000 0.000000 -1.000000 0.000000 1.000000 0.000000 1.000000 0.000000 0.000000 4865a.dat
1 288 290.000000 -80.000000 -670.000000 -1.000000 0.000000 0.000000 0.000000 1.000000 0.000000 0.000000 0.000000 -1.000000 6231.dat
1 288 210.000000 -80.000000 -670.000000 0.000000 0.000000 -1.000000 0.000000 1.000000 0.000000 1.000000 0.000000 0.000000 6231.dat
1 288 250.000000 -64.000000 -630.000000 0.000000 0.000000 -1.000000 0.000000 1.000000 0.000000 1.000000 0.000000 0.000000 3024.dat
1 288 250.000000 -64.000000 -610.000000 -1.000000 0.000000 0.000000 0.000000 1.000000 0.000000 0.000000 0.000000 -1.000000 63864.dat
1 288 270.000000 -64.000000 -630.000000 0.000000 0.000000 -1.000000 0.000000 1.000000 0.000000 1.000000 0.000000 0.000000 3070b.dat
1 288 230.000000 -64.000000 -630.000000 0.000000 0.000000 -1.000000 0.000000 1.000000 0.000000 1.000000 0.000000 0.000000 3070b.dat
1 288 250.000000 -80.000000 -670.000000 -1.000000 0.000000 0.000000 0.000000 1.000000 0.000000 0.000000 0.000000 -1.000000 23950.dat
1 288 210.000000 -80.000000 -610.000000 1.000000 0.000000 0.000000 0.000000 1.000000 0.000000 0.000000 0.000000 1.000000 6231.dat
1 288 290.000000 -80.000000 -610.000000 0.000000 0.000000 1.000000 0.000000 1.000000 0.000000 -1.000000 0.000000 0.000000 6231.dat
1 288 250.000000 -56.000000 -590.000000 -1.000000 0.000000 0.000000 0.000000 1.000000 0.000000 0.000000 0.000000 -1.000000 63864.dat
1 330 -650.000000 -48.000000 -290.000000 0.000000 0.000000 -1.000000 0.000000 1.000000 0.000000 1.000000 0.000000 0.000000 78886.dat
1 330 -650.000000 -48.000000 -310.000000 1.000000 0.000000 0.000000 0.000000 1.000000 0.000000 0.000000 0.000000 1.000000 78886.dat
1 330 -710.000000 -48.000000 -390.000000 0.000000 0.000000 1.000000 0.000000 1.000000 0.000000 -1.000000 0.000000 0.000000 78886.dat
1 330 -690.000000 -48.000000 -390.000000 1.000000 0.000000 0.000000 0.000000 1.000000 0.000000 0.000000 0.000000 1.000000 60481.dat
1 330 -710.000000 -48.000000 -370.000000 0.000000 0.000000 1.000000 0.000000 1.000000 0.000000 -1.000000 0.000000 0.000000 60481.dat
1 330 -710.000000 -24.000000 -630.000000 0.000000 0.000000 1.000000 0.000000 1.000000 0.000000 -1.000000 0.000000 0.000000 13548.dat
1 330 -710.000000 -24.000000 -610.000000 0.000000 0.000000 1.000000 0.000000 1.000000 0.000000 -1.000000 0.000000 0.000000 3040b.dat
1 330 -690.000000 -24.000000 -630.000000 1.000000 0.000000 0.000000 0.000000 1.000000 0.000000 0.000000 0.000000 1.000000 3040b.dat
1 288 -710.000000 -32.000000 -610.000000 1.000000 0.000000 0.000000 0.000000 1.000000 0.000000 0.000000 0.000000 1.000000 14719.dat
1 330 -650.000000 -24.000000 -550.000000 1.000000 0.000000 0.000000 0.000000 1.000000 0.000000 0.000000 0.000000 1.000000 13548.dat
1 330 -650.000000 -24.000000 -530.000000 0.000000 0.000000 -1.000000 0.000000 1.000000 0.000000 1.000000 0.000000 0.000000 13548.dat
1 330 -680.000000 -48.000000 -290.000000 -1.000000 0.000000 0.000000 0.000000 1.000000 0.000000 0.000000 0.000000 -1.000000 3678b.dat
1 330 -680.000000 -24.000000 -530.000000 -1.000000 0.000000 0.000000 0.000000 1.000000 0.000000 0.000000 0.000000 -1.000000 3039.dat
1 288 -650.000000 -32.000000 -570.000000 0.000000 0.000000 -1.000000 0.000000 1.000000 0.000000 1.000000 0.000000 0.000000 27263.dat
1 288 -690.000000 -32.000000 -540.000000 0.000000 0.000000 -1.000000 0.000000 1.000000 0.000000 1.000000 0.000000 0.000000 3069b.dat
1 288 -670.000000 -32.000000 -530.000000 0.000000 0.000000 1.000000 0.000000 1.000000 0.000000 -1.000000 0.000000 0.000000 14719.dat
1 288 -710.000000 -32.000000 -630.000000 0.000000 0.000000 1.000000 0.000000 1.000000 0.000000 -1.000000 0.000000 0.000000 3070b.dat
1 288 -670.000000 -32.000000 -630.000000 0.000000 0.000000 -1.000000 0.000000 1.000000 0.000000 1.000000 0.000000 0.000000 27263.dat
1 288 -710.000000 -56.000000 -370.000000 1.000000 0.000000 0.000000 0.000000 1.000000 0.000000 0.000000 0.000000 1.000000 14719.dat
1 288 -650.000000 -56.000000 -330.000000 0.000000 0.000000 -1.000000 0.000000 1.000000 0.000000 1.000000 0.000000 0.000000 27263.dat
1 288 -690.000000 -56.000000 -300.000000 0.000000 0.000000 -1.000000 0.000000 1.000000 0.000000 1.000000 0.000000 0.000000 3069b.dat
1 288 -670.000000 -56.000000 -290.000000 0.000000 0.000000 1.000000 0.000000 1.000000 0.000000 -1.000000 0.000000 0.000000 14719.dat
1 288 -710.000000 -56.000000 -390.000000 0.000000 0.000000 1.000000 0.000000 1.000000 0.000000 -1.000000 0.000000 0.000000 3070b.dat
1 288 -670.000000 -56.000000 -390.000000 0.000000 0.000000 -1.000000 0.000000 1.000000 0.000000 1.000000 0.000000 0.000000 27263.dat
1 330 -930.000000 -48.000000 -150.000000 0.000000 0.000000 1.000000 0.000000 1.000000 0.000000 -1.000000 0.000000 0.000000 78886.dat
1 330 -930.000000 -48.000000 -110.000000 -1.000000 0.000000 0.000000 0.000000 1.000000 0.000000 0.000000 0.000000 -1.000000 78886.dat
1 330 -930.000000 -48.000000 -10.000000 0.000000 0.000000 1.000000 0.000000 1.000000 0.000000 -1.000000 0.000000 0.000000 78886.dat
1 330 -930.000000 -48.000000 30.000000 -1.000000 0.000000 0.000000 0.000000 1.000000 0.000000 0.000000 0.000000 -1.000000 78886.dat
1 330 -900.000000 -48.000000 -150.000000 1.000000 0.000000 0.000000 0.000000 1.000000 0.000000 0.000000 0.000000 1.000000 3678b.dat
1 330 -850.000000 -48.000000 -150.000000 1.000000 0.000000 0.000000 0.000000 1.000000 0.000000 0.000000 0.000000 1.000000 78886.dat
1 330 -870.000000 -48.000000 -150.000000 1.000000 0.000000 0.000000 0.000000 1.000000 0.000000 0.000000 0.000000 1.000000 60481.dat
1 330 -890.000000 -48.000000 -60.000000 0.000000 0.000000 1.000000 0.000000 1.000000 0.000000 -1.000000 0.000000 0.000000 3678b.dat
1 330 -900.000000 -24.000000 -100.000000 1.000000 0.000000 0.000000 0.000000 1.000000 0.000000 0.000000 0.000000 1.000000 3003.dat
1 330 -890.000000 -48.000000 -110.000000 -1.000000 0.000000 0.000000 0.000000 1.000000 0.000000 0.000000 0.000000 -1.000000 3046.dat
1 330 -850.000000 -48.000000 -120.000000 0.000000 0.000000 -1.000000 0.000000 1.000000 0.000000 1.000000 0.000000 0.000000 3678b.dat
1 330 -900.000000 -24.000000 -20.000000 0.000000 0.000000 -1.000000 0.000000 1.000000 0.000000 1.000000 0.000000 0.000000 3003.dat
1 330 -890.000000 -48.000000 -10.000000 0.000000 0.000000 1.000000 0.000000 1.000000 0.000000 -1.000000 0.000000 0.000000 3046.dat
1 330 -850.000000 -48.000000 0.000000 0.000000 0.000000 -1.000000 0.000000 1.000000 0.000000 1.000000 0.000000 0.000000 3678b.dat
1 330 -850.000000 -48.000000 -40.000000 0.000000 0.000000 -1.000000 0.000000 1.000000 0.000000 1.000000 0.000000 0.000000 3678b.dat
1 330 -850.000000 -48.000000 -80.000000 0.000000 0.000000 -1.000000 0.000000 1.000000 0.000000 1.000000 0.000000 0.000000 3678b.dat
1 330 -900.000000 -48.000000 30.000000 -1.000000 0.000000 0.000000 0.000000 1.000000 0.000000 0.000000 0.000000 -1.000000 3678b.dat
1 330 -870.000000 -48.000000 30.000000 -1.000000 0.000000 0.000000 0.000000 1.000000 0.000000 0.000000 0.000000 -1.000000 60481.dat
1 330 -850.000000 -48.000000 30.000000 0.000000 0.000000 -1.000000 0.000000 1.000000 0.000000 1.000000 0.000000 0.000000 78886.dat
1 288 -870.000000 -56.000000 -130.000000 0.000000 0.000000 -1.000000 0.000000 1.000000 0.000000 1.000000 0.000000 0.000000 11212.dat
1 288 -920.000000 -56.000000 -130.000000 0.000000 0.000000 -1.000000 0.000000 1.000000 0.000000 1.000000 0.000000 0.000000 3021.dat
1 288 -870.000000 -56.000000 10.000000 0.000000 0.000000 -1.000000 0.000000 1.000000 0.000000 1.000000 0.000000 0.000000 11212.dat
1 288 -920.000000 -56.000000 10.000000 0.000000 0.000000 -1.000000 0.000000 1.000000 0.000000 1.000000 0.000000 0.000000 3021.dat
1 288 -870.000000 -56.000000 -80.000000 -1.000000 0.000000 0.000000 0.000000 1.000000 0.000000 0.000000 0.000000 -1.000000 3021.dat
1 288 -870.000000 -56.000000 -40.000000 -1.000000 0.000000 0.000000 0.000000 1.000000 0.000000 0.000000 0.000000 -1.000000 3021.dat
1 288 -900.000000 -64.000000 -150.000000 1.000000 0.000000 0.000000 0.000000 1.000000 0.000000 0.000000 0.000000 1.000000 2431.dat
1 288 -900.000000 -64.000000 30.000000 1.000000 0.000000 0.000000 0.000000 1.000000 0.000000 0.000000 0.000000 1.000000 2431.dat
1 288 -890.000000 -64.000000 -110.000000 0.000000 0.000000 -1.000000 0.000000 1.000000 0.000000 1.000000 0.000000 0.000000 14719.dat
1 288 -890.000000 -64.000000 -10.000000 -1.000000 0.000000 0.000000 0.000000 1.000000 0.000000 0.000000 0.000000 -1.000000 14719.dat
1 288 -930.000000 -64.000000 -110.000000 0.000000 0.000000 -1.000000 0.000000 1.000000 0.000000 1.000000 0.000000 0.000000 3070b.dat
1 288 -930.000000 -64.000000 -10.000000 -1.000000 0.000000 0.000000 0.000000 1.000000 0.000000 0.000000 0.000000 -1.000000 3070b.dat
1 288 -890.000000 -64.000000 -60.000000 0.000000 0.000000 -1.000000 0.000000 1.000000 0.000000 1.000000 0.000000 0.000000 3069b.dat
1 288 -850.000000 -64.000000 0.000000 0.000000 0.000000 -1.000000 0.000000 1.000000 0.000000 1.000000 0.000000 0.000000 2431.dat
1 288 -850.000000 -64.000000 -120.000000 0.000000 0.000000 -1.000000 0.000000 1.000000 0.000000 1.000000 0.000000 0.000000 2431.dat
1 288 -850.000000 -64.000000 -60.000000 0.000000 0.000000 -1.000000 0.000000 1.000000 0.000000 1.000000 0.000000 0.000000 3069b.dat
1 288 -870.000000 -64.000000 -60.000000 0.000000 0.000000 -1.000000 0.000000 1.000000 0.000000 1.000000 0.000000 0.000000 6636.dat
1 288 -900.000000 -64.000000 -130.000000 1.000000 0.000000 0.000000 0.000000 1.000000 0.000000 0.000000 0.000000 1.000000 3069b.dat
1 288 -900.000000 -64.000000 10.000000 1.000000 0.000000 0.000000 0.000000 1.000000 0.000000 0.000000 0.000000 1.000000 3069b.dat
1 288 -870.000000 -64.000000 -130.000000 0.000000 0.000000 -1.000000 0.000000 1.000000 0.000000 1.000000 0.000000 0.000000 3024.dat
1 288 -930.000000 -64.000000 -130.000000 0.000000 0.000000 -1.000000 0.000000 1.000000 0.000000 1.000000 0.000000 0.000000 3024.dat
1 288 -870.000000 -64.000000 10.000000 0.000000 0.000000 -1.000000 0.000000 1.000000 0.000000 1.000000 0.000000 0.000000 3024.dat
1 288 -930.000000 -64.000000 10.000000 0.000000 0.000000 -1.000000 0.000000 1.000000 0.000000 1.000000 0.000000 0.000000 3024.dat
1 330 -910.000000 -48.000000 -130.000000 1.000000 0.000000 0.000000 0.000000 1.000000 0.000000 0.000000 0.000000 1.000000 3622.dat
1 330 -910.000000 -48.000000 10.000000 1.000000 0.000000 0.000000 0.000000 1.000000 0.000000 0.000000 0.000000 1.000000 3622.dat
1 330 -870.000000 -48.000000 -100.000000 0.000000 0.000000 -1.000000 0.000000 1.000000 0.000000 1.000000 0.000000 0.000000 3010.dat
1 330 -870.000000 -48.000000 -20.000000 0.000000 0.000000 -1.000000 0.000000 1.000000 0.000000 1.000000 0.000000 0.000000 3010.dat
1 288 -260.000000 -24.000000 -860.000000 1.000000 0.000000 0.000000 0.000000 1.000000 0.000000 0.000000 0.000000 1.000000 55525.dat
1 288 -260.000000 -120.000000 -860.000000 1.000000 0.000000 0.000000 0.000000 1.000000 0.000000 0.000000 0.000000 1.000000 85861.dat
1 288 -260.000000 -128.000000 -880.000000 0.000000 0.000000 -1.000000 0.000000 1.000000 0.000000 1.000000 0.000000 0.000000 3795.dat
1 288 -260.000000 -24.000000 -1020.000000 -1.000000 0.000000 0.000000 0.000000 1.000000 0.000000 0.000000 0.000000 -1.000000 55525.dat
1 288 -260.000000 -120.000000 -1020.000000 -1.000000 0.000000 0.000000 0.000000 1.000000 0.000000 0.000000 0.000000 -1.000000 85861.dat
1 288 -260.000000 -128.000000 -1000.000000 0.000000 0.000000 1.000000 0.000000 1.000000 0.000000 -1.000000 0.000000 0.000000 3795.dat
1 288 -250.000000 -152.000000 -940.000000 0.000000 0.000000 1.000000 0.000000 1.000000 0.000000 -1.000000 0.000000 0.000000 4865a.dat
1 288 -270.000000 -152.000000 -940.000000 0.000000 0.000000 -1.000000 0.000000 1.000000 0.000000 1.000000 0.000000 0.000000 4865a.dat
1 288 -250.000000 -152.000000 -900.000000 0.000000 0.000000 1.000000 0.000000 1.000000 0.000000 -1.000000 0.000000 0.000000 4865a.dat
1 288 -270.000000 -152.000000 -900.000000 0.000000 0.000000 -1.000000 0.000000 1.000000 0.000000 1.000000 0.000000 0.000000 4865a.dat
1 288 -250.000000 -152.000000 -980.000000 0.000000 0.000000 1.000000 0.000000 1.000000 0.000000 -1.000000 0.000000 0.000000 4865a.dat
1 288 -270.000000 -152.000000 -980.000000 0.000000 0.000000 -1.000000 0.000000 1.000000 0.000000 1.000000 0.000000 0.000000 4865a.dat
1 288 -280.000000 -24.000000 -790.000000 1.000000 0.000000 0.000000 0.000000 1.000000 0.000000 0.000000 0.000000 1.000000 6564.dat
1 288 -240.000000 -24.000000 -790.000000 1.000000 0.000000 0.000000 0.000000 1.000000 0.000000 0.000000 0.000000 1.000000 6565.dat
1 288 -260.000000 -24.000000 -750.000000 1.000000 0.000000 0.000000 0.000000 1.000000 0.000000 0.000000 0.000000 1.000000 3010.dat
1 330 -270.000000 -96.000000 -770.000000 -1.000000 0.000000 0.000000 0.000000 1.000000 0.000000 0.000000 0.000000 -1.000000 3685.dat
1 330 -250.000000 -96.000000 -770.000000 0.000000 0.000000 -1.000000 0.000000 1.000000 0.000000 1.000000 0.000000 0.000000 3685.dat
1 330 -260.000000 -96.000000 -790.000000 1.000000 0.000000 0.000000 0.000000 1.000000 0.000000 0.000000 0.000000 1.000000 3684a.dat
1 330 -260.000000 -120.000000 -780.000000 0.000000 0.000000 -1.000000 0.000000 1.000000 0.000000 1.000000 0.000000 0.000000 3003.dat
1 288 -260.000000 -104.000000 -860.000000 1.000000 0.000000 0.000000 0.000000 -1.000000 0.000000 0.000000 0.000000 -1.000000 63965a.dat
1 288 -260.000000 -104.000000 -1020.000000 1.000000 0.000000 0.000000 0.000000 -1.000000 0.000000 0.000000 0.000000 -1.000000 63965a.dat
1 288 -280.000000 -128.000000 -790.000000 1.000000 0.000000 0.000000 0.000000 1.000000 0.000000 0.000000 0.000000 1.000000 43722.dat
1 288 -240.000000 -128.000000 -790.000000 1.000000 0.000000 0.000000 0.000000 1.000000 0.000000 0.000000 0.000000 1.000000 43723.dat
1 288 -260.000000 -128.000000 -750.000000 1.000000 0.000000 0.000000 0.000000 1.000000 0.000000 0.000000 0.000000 1.000000 3710.dat
1 288 -290.000000 -152.000000 -750.000000 1.000000 0.000000 0.000000 0.000000 1.000000 0.000000 0.000000 0.000000 1.000000 6231.dat
1 288 -230.000000 -152.000000 -750.000000 0.000000 0.000000 1.000000 0.000000 1.000000 0.000000 -1.000000 0.000000 0.000000 6231.dat
1 288 -260.000000 -152.000000 -750.000000 1.000000 0.000000 0.000000 0.000000 1.000000 0.000000 0.000000 0.000000 1.000000 4865a.dat
1 288 -250.000000 -152.000000 -860.000000 0.000000 0.000000 1.000000 0.000000 1.000000 0.000000 -1.000000 0.000000 0.000000 4865a.dat
1 288 -270.000000 -152.000000 -860.000000 0.000000 0.000000 -1.000000 0.000000 1.000000 0.000000 1.000000 0.000000 0.000000 4865a.dat
1 288 -250.000000 -152.000000 -1020.000000 0.000000 0.000000 1.000000 0.000000 1.000000 0.000000 -1.000000 0.000000 0.000000 4865a.dat
1 288 -270.000000 -152.000000 -1020.000000 0.000000 0.000000 -1.000000 0.000000 1.000000 0.000000 1.000000 0.000000 0.000000 4865a.dat
1 330 -400.000000 -160.000000 -770.000000 0.000000 0.000000 1.000000 0.000000 -1.000000 0.000000 1.000000 0.000000 0.000000 78886.dat
1 330 -380.000000 -160.000000 -770.000000 1.000000 0.000000 0.000000 0.000000 -1.000000 0.000000 0.000000 0.000000 -1.000000 78886.dat
1 330 -390.000000 -160.000000 -790.000000 -1.000000 0.000000 0.000000 0.000000 -1.000000 0.000000 0.000000 0.000000 1.000000 3678b.dat
1 288 -390.000000 -152.000000 -780.000000 -1.000000 0.000000 0.000000 0.000000 -1.000000 0.000000 0.000000 0.000000 1.000000 4032a.dat
1 288 -260.000000 -136.000000 -780.000000 1.000000 0.000000 0.000000 0.000000 1.000000 0.000000 0.000000 0.000000 1.000000 87580.dat
1 288 -370.000000 -208.000000 -790.000000 -1.000000 0.000000 0.000000 0.000000 -1.000000 0.000000 0.000000 0.000000 1.000000 43722.dat
1 288 -410.000000 -208.000000 -790.000000 -1.000000 0.000000 0.000000 0.000000 -1.000000 0.000000 0.000000 0.000000 1.000000 43723.dat
1 288 -390.000000 -208.000000 -750.000000 -1.000000 0.000000 0.000000 0.000000 -1.000000 0.000000 0.000000 0.000000 1.000000 3710.dat
1 288 -390.000000 -144.000000 -780.000000 -1.000000 0.000000 0.000000 0.000000 -1.000000 0.000000 0.000000 0.000000 1.000000 4032a.dat
1 330 -910.000000 -80.000000 290.000000 1.000000 0.000000 0.000000 0.000000 1.000000 0.000000 0.000000 0.000000 1.000000 3685.dat
1 330 -930.000000 -80.000000 290.000000 0.000000 0.000000 1.000000 0.000000 1.000000 0.000000 -1.000000 0.000000 0.000000 3685.dat
1 330 -850.000000 -80.000000 370.000000 0.000000 0.000000 -1.000000 0.000000 1.000000 0.000000 1.000000 0.000000 0.000000 3685.dat
1 330 -850.000000 -80.000000 350.000000 1.000000 0.000000 0.000000 0.000000 1.000000 0.000000 0.000000 0.000000 1.000000 3685.dat
1 330 -990.000000 -80.000000 350.000000 0.000000 0.000000 1.000000 0.000000 1.000000 0.000000 -1.000000 0.000000 0.000000 3685.dat
1 330 -990.000000 -80.000000 370.000000 -1.000000 0.000000 0.000000 0.000000 1.000000 0.000000 0.000000 0.000000 -1.000000 3685.dat
1 330 -930.000000 -80.000000 430.000000 -1.000000 0.000000 0.000000 0.000000 1.000000 0.000000 0.000000 0.000000 -1.000000 3685.dat
1 330 -910.000000 -80.000000 430.000000 0.000000 0.000000 -1.000000 0.000000 1.000000 0.000000 1.000000 0.000000 0.000000 3685.dat
1 330 -870.000000 -80.000000 350.000000 1.000000 0.000000 0.000000 0.000000 1.000000 0.000000 0.000000 0.000000 1.000000 4460b.dat
1 330 -910.000000 -80.000000 310.000000 0.000000 0.000000 -1.000000 0.000000 1.000000 0.000000 1.000000 0.000000 0.000000 4460b.dat
1 330 -970.000000 -80.000000 370.000000 -1.000000 0.000000 0.000000 0.000000 1.000000 0.000000 0.000000 0.000000 -1.000000 4460b.dat
1 330 -930.000000 -80.000000 410.000000 0.000000 0.000000 1.000000 0.000000 1.000000 0.000000 -1.000000 0.000000 0.000000 4460b.dat
1 288 -860.000000 -88.000000 360.000000 1.000000 0.000000 0.000000 0.000000 1.000000 0.000000 0.000000 0.000000 1.000000 3068b.dat
1 288 -920.000000 -88.000000 300.000000 1.000000 0.000000 0.000000 0.000000 1.000000 0.000000 0.000000 0.000000 1.000000 3068b.dat
1 288 -980.000000 -88.000000 360.000000 1.000000 0.000000 0.000000 0.000000 1.000000 0.000000 0.000000 0.000000 1.000000 3068b.dat
1 288 -920.000000 -88.000000 420.000000 1.000000 0.000000 0.000000 0.000000 1.000000 0.000000 0.000000 0.000000 1.000000 3068b.dat
1 330 -930.000000 -80.000000 310.000000 -1.000000 0.000000 0.000000 0.000000 1.000000 0.000000 0.000000 0.000000 -1.000000 2449.dat
1 330 -970.000000 -80.000000 350.000000 0.000000 0.000000 -1.000000 0.000000 1.000000 0.000000 1.000000 0.000000 0.000000 2449.dat
1 330 -910.000000 -80.000000 410.000000 1.000000 0.000000 0.000000 0.000000 1.000000 0.000000 0.000000 0.000000 1.000000 2449.dat
1 330 -870.000000 -80.000000 370.000000 0.000000 0.000000 1.000000 0.000000 1.000000 0.000000 -1.000000 0.000000 0.000000 2449.dat
1 288 -890.000000 -32.000000 330.000000 0.000000 0.000000 -1.000000 0.000000 1.000000 0.000000 1.000000 0.000000 0.000000 2357.dat
1 288 -950.000000 -32.000000 390.000000 0.000000 0.000000 1.000000 0.000000 1.000000 0.000000 -1.000000 0.000000 0.000000 2357.dat
1 288 -920.000000 -80.000000 360.000000 0.000000 0.000000 1.000000 0.000000 1.000000 0.000000 -1.000000 0.000000 0.000000 3022.dat
1 330 -890.000000 -56.000000 330.000000 0.000000 0.000000 -1.000000 0.000000 1.000000 0.000000 1.000000 0.000000 0.000000 3070b.dat
1 288 -890.000000 -56.000000 350.000000 1.000000 0.000000 0.000000 0.000000 1.000000 0.000000 0.000000 0.000000 1.000000 54200.dat
1 288 -910.000000 -56.000000 330.000000 0.000000 0.000000 -1.000000 0.000000 1.000000 0.000000 1.000000 0.000000 0.000000 54200.dat
1 330 -920.000000 -8.000000 360.000000 1.000000 0.000000 0.000000 0.000000 1.000000 0.000000 0.000000 0.000000 1.000000 87580.dat
1 38 -920.000000 -16.000000 360.000000 1.000000 0.000000 0.000000 0.000000 1.000000 0.000000 0.000000 0.000000 1.000000 98138.dat
1 288 -890.000000 -56.000000 350.000000 0.000000 0.000000 -1.000000 0.000000 1.000000 0.000000 1.000000 0.000000 0.000000 3024.dat
1 288 -910.000000 -56.000000 330.000000 0.000000 0.000000 -1.000000 0.000000 1.000000 0.000000 1.000000 0.000000 0.000000 3024.dat
1 288 -890.000000 -40.000000 330.000000 0.000000 0.000000 -1.000000 0.000000 1.000000 0.000000 1.000000 0.000000 0.000000 2420.dat
1 330 -890.000000 -48.000000 330.000000 0.000000 0.000000 -1.000000 0.000000 1.000000 0.000000 1.000000 0.000000 0.000000 2420.dat
1 330 -950.000000 -56.000000 390.000000 0.000000 0.000000 1.000000 0.000000 1.000000 0.000000 -1.000000 0.000000 0.000000 3070b.dat
1 288 -950.000000 -56.000000 370.000000 -1.000000 0.000000 0.000000 0.000000 1.000000 0.000000 0.000000 0.000000 -1.000000 54200.dat
1 288 -930.000000 -56.000000 390.000000 0.000000 0.000000 1.000000 0.000000 1.000000 0.000000 -1.000000 0.000000 0.000000 54200.dat
1 288 -950.000000 -56.000000 370.000000 0.000000 0.000000 1.000000 0.000000 1.000000 0.000000 -1.000000 0.000000 0.000000 3024.dat
1 288 -930.000000 -56.000000 390.000000 0.000000 0.000000 1.000000 0.000000 1.000000 0.000000 -1.000000 0.000000 0.000000 3024.dat
1 288 -950.000000 -40.000000 390.000000 0.000000 0.000000 1.000000 0.000000 1.000000 0.000000 -1.000000 0.000000 0.000000 2420.dat
1 330 -950.000000 -48.000000 390.000000 0.000000 0.000000 1.000000 0.000000 1.000000 0.000000 -1.000000 0.000000 0.000000 2420.dat
1 288 -940.000000 -88.000000 340.000000 0.000000 0.000000 1.000000 0.000000 1.000000 0.000000 -1.000000 0.000000 0.000000 26601.dat
1 288 -900.000000 -88.000000 380.000000 0.000000 0.000000 -1.000000 0.000000 1.000000 0.000000 1.000000 0.000000 0.000000 26601.dat
1 288 -900.000000 -88.000000 340.000000 1.000000 0.000000 0.000000 0.000000 1.000000 0.000000 0.000000 0.000000 1.000000 26601.dat
1 288 -940.000000 -88.000000 380.000000 -1.000000 0.000000 0.000000 0.000000 1.000000 0.000000 0.000000 0.000000 -1.000000 26601.dat
1 288 -930.000000 -8.000000 290.000000 0.000000 0.000000 -1.000000 0.000000 1.000000 0.000000 1.000000 0.000000 0.000000 2420.dat
1 288 -920.000000 -8.000000 270.000000 1.000000 0.000000 0.000000 0.000000 1.000000 0.000000 0.000000 0.000000 1.000000 3710.dat
1 288 -900.000000 -8.000000 310.000000 0.000000 0.000000 -1.000000 0.000000 1.000000 0.000000 1.000000 0.000000 0.000000 3021.dat
1 288 -870.000000 -8.000000 350.000000 -1.000000 0.000000 0.000000 0.000000 1.000000 0.000000 0.000000 0.000000 -1.000000 2420.dat
1 288 -850.000000 -8.000000 370.000000 0.000000 0.000000 -1.000000 0.000000 1.000000 0.000000 1.000000 0.000000 0.000000 2420.dat
1 288 -830.000000 -8.000000 360.000000 0.000000 0.000000 -1.000000 0.000000 1.000000 0.000000 1.000000 0.000000 0.000000 3710.dat
1 288 -910.000100 -8.000000 430.000000 0.000000 0.000000 1.000000 0.000000 1.000000 0.000000 -1.000000 0.000000 0.000000 2420.dat
1 288 -920.000000 -8.000000 450.000200 -1.000000 0.000000 0.000000 0.000000 1.000000 0.000000 0.000000 0.000000 -1.000000 3710.dat
1 288 -940.000000 -8.000000 410.000000 0.000000 0.000000 1.000000 0.000000 1.000000 0.000000 -1.000000 0.000000 0.000000 3021.dat
1 288 -970.000100 -8.000000 370.000000 1.000000 0.000000 0.000000 0.000000 1.000000 0.000000 0.000000 0.000000 1.000000 2420.dat
1 288 -990.000000 -8.000000 350.000000 0.000000 0.000000 1.000000 0.000000 1.000000 0.000000 -1.000000 0.000000 0.000000 2420.dat
1 288 -1010.000000 -8.000000 360.000000 0.000000 0.000000 1.000000 0.000000 1.000000 0.000000 -1.000000 0.000000 0.000000 3710.dat
1 288 -930.000000 -96.000000 340.000000 1.000000 0.000000 0.000000 0.000000 1.000000 0.000000 0.000000 0.000000 1.000000 15672.dat
1 288 -910.000000 -112.000000 350.000000 1.000000 0.000000 0.000000 0.000000 1.000000 0.000000 0.000000 0.000000 1.000000 28192.dat
1 288 -910.000000 -96.000000 380.000000 -1.000000 0.000000 0.000000 0.000000 1.000000 0.000000 0.000000 0.000000 -1.000000 15672.dat
1 288 -930.000000 -112.000000 370.000000 -1.000000 0.000000 0.000000 0.000000 1.000000 0.000000 0.000000 0.000000 -1.000000 28192.dat
1 288 -940.000000 -96.000000 370.000000 0.000000 0.000000 1.000000 0.000000 1.000000 0.000000 -1.000000 0.000000 0.000000 15672.dat
1 288 -930.000000 -112.000000 349.999900 0.000000 0.000000 1.000000 0.000000 1.000000 0.000000 -1.000000 0.000000 0.000000 28192.dat
1 288 -900.000000 -96.000000 350.000000 0.000000 0.000000 -1.000000 0.000000 1.000000 0.000000 1.000000 0.000000 0.000000 15672.dat
1 288 -910.000000 -112.000000 370.000100 0.000000 0.000000 -1.000000 0.000000 1.000000 0.000000 1.000000 0.000000 0.000000 28192.dat
1 288 -920.000000 -104.000000 360.000000 0.000000 0.000000 -1.000000 0.000000 1.000000 0.000000 1.000000 0.000000 0.000000 3022.dat
1 288 -990.000000 -8.000000 380.000000 0.000000 0.000000 -1.000000 0.000000 1.000000 0.000000 1.000000 0.000000 0.000000 3023b.dat
1 288 -850.000100 -8.000000 340.000000 0.000000 0.000000 -1.000000 0.000000 1.000000 0.000000 1.000000 0.000000 0.000000 3023b.dat
1 330 -930.000000 -48.000000 -350.000000 -1.000000 0.000000 0.000000 0.000000 1.000000 0.000000 0.000000 0.000000 -1.000000 78886.dat
1 330 -930.000000 -48.000000 -369.999900 0.000000 0.000000 1.000000 0.000000 1.000000 0.000000 -1.000000 0.000000 0.000000 78886.dat
1 330 -900.000000 -48.000000 -350.000000 -1.000000 0.000000 0.000000 0.000000 1.000000 0.000000 0.000000 0.000000 -1.000000 3678b.dat
1 330 -870.000000 -48.000000 -349.999900 0.000000 0.000000 -1.000000 0.000000 1.000000 0.000000 1.000000 0.000000 0.000000 78886.dat
1 330 -900.000000 -24.000000 -380.000000 0.000000 0.000000 -1.000000 0.000000 1.000000 0.000000 1.000000 0.000000 0.000000 3003.dat
1 330 -890.000000 -48.000000 -370.000000 0.000000 0.000000 1.000000 0.000000 1.000000 0.000000 -1.000000 0.000000 0.000000 3046.dat
1 330 -890.000000 -48.000000 -420.000000 0.000000 0.000000 1.000000 0.000000 1.000000 0.000000 -1.000000 0.000000 0.000000 3678b.dat
1 330 -890.000100 -48.000000 -460.000000 0.000000 0.000000 1.000000 0.000000 1.000000 0.000000 -1.000000 0.000000 0.000000 3678b.dat
1 330 -930.000000 -48.000000 -510.000000 -1.000000 0.000000 0.000000 0.000000 1.000000 0.000000 0.000000 0.000000 -1.000000 78886.dat
1 330 -930.000000 -48.000000 -530.000000 0.000000 0.000000 1.000000 0.000000 1.000000 0.000000 -1.000000 0.000000 0.000000 78886.dat
1 330 -900.000000 -48.000000 -530.000000 1.000000 0.000000 0.000000 0.000000 1.000000 0.000000 0.000000 0.000000 1.000000 3678b.dat
1 330 -870.001600 -48.000000 -530.000000 1.000000 0.000000 0.000000 0.000000 1.000000 0.000000 0.000000 0.000000 1.000000 78886.dat
1 330 -900.000000 -24.000000 -500.000000 0.000000 0.000000 -1.000000 0.000000 1.000000 0.000000 1.000000 0.000000 0.000000 3003.dat
1 330 -890.000000 -48.000000 -510.000000 -1.000000 0.000000 0.000000 0.000000 1.000000 0.000000 0.000000 0.000000 -1.000000 3046.dat
1 330 -870.000100 -48.000000 -500.000100 0.000000 0.000000 -1.000000 0.000000 1.000000 0.000000 1.000000 0.000000 0.000000 3678b.dat
1 330 -870.000000 -48.000000 -379.999900 0.000000 0.000000 -1.000000 0.000000 1.000000 0.000000 1.000000 0.000000 0.000000 3678b.dat
1 288 -930.000000 -56.000000 -360.000000 0.000000 0.000000 1.000000 0.000000 1.000000 0.000000 -1.000000 0.000000 0.000000 3794b.dat
1 288 -930.000000 -56.000000 -520.000100 0.000000 0.000000 1.000000 0.000000 1.000000 0.000000 -1.000000 0.000000 0.000000 3794b.dat
1 288 -910.000100 -56.000000 -360.000000 0.000000 0.000000 1.000000 0.000000 1.000000 0.000000 -1.000000 0.000000 0.000000 3069b.dat
1 288 -910.000000 -56.000000 -520.000000 0.000000 0.000000 1.000000 0.000000 1.000000 0.000000 -1.000000 0.000000 0.000000 3069b.dat
1 288 -880.000000 -56.000000 -400.000000 1.000000 0.000000 0.000000 0.000000 1.000000 0.000000 0.000000 0.000000 1.000000 3068b.dat
1 288 -880.000000 -56.000000 -480.000000 1.000000 0.000000 0.000000 0.000000 1.000000 0.000000 0.000000 0.000000 1.000000 3068b.dat
1 288 -890.000000 -56.000000 -350.000000 1.000000 0.000000 0.000000 0.000000 1.000000 0.000000 0.000000 0.000000 1.000000 85861.dat
1 288 -890.000000 -56.000000 -370.000000 1.000000 0.000000 0.000000 0.000000 1.000000 0.000000 0.000000 0.000000 1.000000 85861.dat
1 288 -870.000000 -56.000000 -349.999900 1.000000 0.000000 0.000000 0.000000 1.000000 0.000000 0.000000 0.000000 1.000000 85861.dat
1 288 -870.000000 -56.000000 -369.999900 1.000000 0.000000 0.000000 0.000000 1.000000 0.000000 0.000000 0.000000 1.000000 85861.dat
1 288 -890.000000 -56.000000 -510.000000 1.000000 0.000000 0.000000 0.000000 1.000000 0.000000 0.000000 0.000000 1.000000 85861.dat
1 288 -890.000000 -56.000000 -530.000000 1.000000 0.000000 0.000000 0.000000 1.000000 0.000000 0.000000 0.000000 1.000000 85861.dat
1 288 -870.000000 -56.000000 -510.000000 1.000000 0.000000 0.000000 0.000000 1.000000 0.000000 0.000000 0.000000 1.000000 85861.dat
1 288 -870.000000 -56.000000 -530.000000 1.000000 0.000000 0.000000 0.000000 1.000000 0.000000 0.000000 0.000000 1.000000 85861.dat
1 330 -860.000000 -24.000000 -459.999900 0.000000 0.000000 1.000000 0.000000 1.000000 0.000000 -1.000000 0.000000 0.000000 3003.dat
1 330 -870.000000 -48.000000 -449.999900 1.000000 0.000000 0.000000 0.000000 1.000000 0.000000 0.000000 0.000000 1.000000 3046.dat
1 330 -860.000200 -24.000000 -419.999800 1.000000 0.000000 0.000000 0.000000 1.000000 0.000000 0.000000 0.000000 1.000000 3003.dat
1 330 -870.000200 -48.000000 -430.000100 0.000000 0.000000 -1.000000 0.000000 1.000000 0.000000 1.000000 0.000000 0.000000 3046.dat
1 330 -820.000000 -24.000000 -440.000000 1.000000 0.000000 0.000000 0.000000 1.000000 0.000000 0.000000 0.000000 1.000000 3003.dat
1 330 -820.000000 -48.000000 -440.000000 1.000000 0.000000 0.000000 0.000000 1.000000 0.000000 0.000000 0.000000 1.000000 3003.dat
1 288 -860.000000 -56.000000 -440.000000 1.000000 0.000000 0.000000 0.000000 1.000000 0.000000 0.000000 0.000000 1.000000 87079.dat
1 288 -810.000000 -56.000000 -440.000000 0.000000 0.000000 1.000000 0.000000 1.000000 0.000000 -1.000000 0.000000 0.000000 3069b.dat
1 330 -870.000100 -76.000000 -350.000100 1.000001 0.000000 0.000000 0.000000 -1.000000 0.000000 0.000000 0.000000 -1.000001 78886.dat
1 330 -870.000100 -76.000000 -369.999900 0.000000 0.000000 -1.000001 0.000000 -1.000000 0.000000 -1.000001 0.000000 0.000000 78886.dat
1 330 -890.000100 -76.000000 -360.000200 0.000000 0.000000 1.000001 0.000000 -1.000000 0.000000 1.000001 0.000000 0.000000 3678b.dat
1 288 -890.000000 -124.000000 -380.000500 0.000000 0.000000 1.000001 0.000000 -1.000000 0.000000 1.000001 0.000000 0.000000 43722.dat
1 288 -890.000100 -124.000000 -340.000200 0.000000 0.000000 1.000001 0.000000 -1.000000 0.000000 1.000001 0.000000 0.000000 43723.dat
1 288 -849.999600 -124.000000 -360.000200 0.000000 0.000000 1.000001 0.000000 -1.000000 0.000000 1.000001 0.000000 0.000000 3710.dat
1 288 -880.000100 -68.000000 -360.000200 1.000001 0.000000 0.000000 0.000000 -1.000000 0.000000 0.000000 0.000000 -1.000001 3022.dat
1 288 -889.999600 -60.000000 -370.000100 1.000000 0.000000 0.000000 0.000000 -1.000000 0.000000 0.000000 0.000000 -1.000000 20482.dat
1 288 -870.000100 -60.000000 -350.000100 1.000001 0.000000 0.000000 0.000000 -1.000000 0.000000 0.000000 0.000000 -1.000001 20482.dat
1 288 -890.000100 -60.000000 -350.000000 0.000000 0.000000 -1.000001 0.000000 -1.000000 0.000000 -1.000001 0.000000 0.000000 20482.dat
1 288 -870.000200 -60.000000 -370.000300 0.000000 0.000000 -0.999993 0.000000 -1.000000 0.000000 -0.999993 0.000000 0.000000 20482.dat
1 288 -880.000100 -132.000000 -360.000200 0.999993 0.000000 0.000000 0.000000 -1.000000 0.000000 0.000000 0.000000 -0.999993 3395.dat
1 330 -870.001700 -75.999980 -510.001000 1.000004 0.000000 0.000000 0.000000 -1.000000 0.000000 0.000000 0.000000 -1.000004 78886.dat
1 330 -870.001700 -75.999980 -530.001600 0.000000 0.000000 -1.000004 0.000000 -1.000000 0.000000 -1.000004 0.000000 0.000000 78886.dat
1 330 -890.001700 -75.999980 -520.001800 0.000000 0.000000 1.000004 0.000000 -1.000000 0.000000 1.000004 0.000000 0.000000 3678b.dat
1 288 -890.001600 -124.000000 -540.002100 0.000000 0.000000 1.000004 0.000000 -1.000000 0.000000 1.000004 0.000000 0.000000 43722.dat
1 288 -890.001700 -124.000000 -500.001200 0.000000 0.000000 1.000004 0.000000 -1.000000 0.000000 1.000004 0.000000 0.000000 43723.dat
1 288 -850.000900 -124.000000 -520.001800 0.000000 0.000000 1.000004 0.000000 -1.000000 0.000000 1.000004 0.000000 0.000000 3710.dat
1 288 -880.001700 -68.000000 -520.001800 1.000004 0.000000 0.000000 0.000000 -1.000000 0.000000 0.000000 0.000000 -1.000004 3022.dat
1 288 -890.001300 -60.000000 -530.001700 1.000004 0.000000 0.000000 0.000000 -1.000000 0.000000 0.000000 0.000000 -1.000004 20482.dat
1 288 -870.001700 -60.000000 -510.001000 1.000004 0.000000 0.000000 0.000000 -1.000000 0.000000 0.000000 0.000000 -1.000004 20482.dat
1 288 -890.000000 -60.000000 -510.000000 0.000000 0.000000 -1.000000 0.000000 -1.000000 0.000000 -1.000000 0.000000 0.000000 20482.dat
1 288 -870.001900 -60.000000 -530.002000 0.000000 0.000000 -0.999997 0.000000 -1.000000 0.000000 -0.999997 0.000000 0.000000 20482.dat
1 288 -880.001700 -132.000000 -520.001800 0.999997 0.000000 0.000000 0.000000 -1.000000 0.000000 0.000000 0.000000 -0.999997 3395.dat
1 288 -930.000000 -80.000000 -360.000000 -1.000000 0.000000 0.000000 0.000000 1.000000 0.000000 0.000000 0.000000 -1.000000 4733.dat
1 330 -930.000000 -104.000000 -360.000000 -1.000000 0.000000 0.000000 0.000000 1.000000 0.000000 0.000000 0.000000 -1.000000 3005.dat
1 330 -930.000000 -80.000010 -370.000200 1.000000 0.000000 0.000000 0.000000 0.000000 -1.000000 0.000000 1.000000 0.000000 5404.dat
1 330 -930.000000 -80.000010 -350.000100 -1.000000 0.000001 0.000000 0.000000 0.000000 -1.000000 -0.000001 -1.000000 0.000000 5404.dat
1 288 -930.000000 -128.000000 -360.000000 1.000000 0.000000 0.000000 0.000000 1.000000 0.000000 0.000000 0.000000 1.000000 3044c.dat
1 288 -930.000000 -80.000000 -520.000100 -1.000000 0.000000 0.000000 0.000000 1.000000 0.000000 0.000000 0.000000 -1.000000 4733.dat
1 330 -930.000000 -104.000000 -520.000100 -1.000000 0.000000 0.000000 0.000000 1.000000 0.000000 0.000000 0.000000 -1.000000 3005.dat
1 330 -930.000000 -80.000010 -530.000200 1.000000 0.000000 0.000000 0.000000 0.000000 -1.000000 0.000000 1.000000 0.000000 5404.dat
1 330 -930.000000 -80.000010 -510.000100 -1.000000 0.000001 0.000000 0.000000 0.000000 -1.000000 -0.000001 -1.000000 0.000000 5404.dat
1 288 -930.000000 -128.000000 -520.000100 1.000000 0.000000 0.000000 0.000000 1.000000 0.000000 0.000000 0.000000 1.000000 3044c.dat
1 330 -948.000000 -80.000000 -360.000000 0.000000 1.000000 0.000000 -1.000000 0.000000 0.000000 0.000000 0.000000 1.000000 3069b.dat
1 330 -948.000000 -80.000000 -520.000100 0.000000 1.000000 0.000000 -1.000000 0.000000 0.000000 0.000000 0.000000 1.000000 3069b.dat
1 330 -870.000100 -48.000000 -750.000000 0.000000 0.000000 -1.000001 0.000000 1.000000 0.000000 1.000001 0.000000 0.000000 78886.dat
1 330 -870.000900 -48.000000 -770.000900 1.000001 0.000000 0.000000 0.000000 1.000000 0.000000 0.000000 0.000000 1.000001 78886.dat
1 330 -929.999000 -48.000000 -829.999000 0.000000 0.000000 1.000000 0.000000 1.000000 0.000000 -1.000000 0.000000 0.000000 78886.dat
1 330 -910.000100 -48.000000 -830.000100 1.000002 0.000000 0.000000 0.000000 1.000000 0.000000 0.000000 0.000000 1.000002 60481.dat
1 330 -930.000100 -48.000000 -810.000100 0.000000 0.000000 1.000002 0.000000 1.000000 0.000000 -1.000002 0.000000 0.000000 60481.dat
1 330 -900.000900 -48.000000 -750.000200 -1.000001 0.000000 0.000000 0.000000 1.000000 0.000000 0.000000 0.000000 -1.000001 3678b.dat
1 330 -890.000100 -24.000000 -830.000000 0.000000 0.000000 -1.000000 0.000000 1.000000 0.000000 1.000000 0.000000 0.000000 3040b.dat
1 288 -919.999000 -56.000000 -819.999000 1.000000 0.000000 0.000000 0.000000 1.000000 0.000000 0.000000 0.000000 1.000000 3068b.dat
1 330 -930.000000 -8.000000 -750.000000 1.000000 0.000000 0.000000 0.000000 1.000000 0.000000 0.000000 0.000000 1.000000 3024.dat
1 330 -930.000000 -16.000000 -750.000000 1.000000 0.000000 0.000000 0.000000 1.000000 0.000000 0.000000 0.000000 1.000000 3070b.dat
1 330 -950.000000 0.000000 -750.000000 0.000000 0.000000 1.000000 0.000000 1.000000 0.000000 -1.000000 0.000000 0.000000 54200.dat
1 330 -890.000100 -24.000000 -830.000000 0.000000 0.000000 -1.000000 0.000000 1.000000 0.000000 1.000000 0.000000 0.000000 54200.dat
1 288 -870.000900 -56.000000 -760.000900 0.000000 0.000000 1.000000 0.000000 1.000000 0.000000 -1.000000 0.000000 0.000000 3069b.dat
1 288 -910.000900 -48.000000 -750.000200 0.000000 0.000000 1.000000 0.000000 1.000000 0.000000 -1.000000 0.000000 0.000000 bl_7828.dat
0 NOFILE

0 FILE bl_7828.dat
0 Tile  2 x  2 Cut Left
0 Name: 7828.dat
0 Author: Magnus Forsberg [MagFors]
0 !LDRAW_ORG Part UPDATE 2026-03
0 !LICENSE Licensed under CC BY 4.0 : see CAreadme.txt

0 BFC CERTIFY CCW

0 !KEYWORDS Brickowl 570709

0 !HISTORY 2026-03-31 [OrionP] Official Update 2026-03

1 16 0 0 0 1 0 0 0 1 0 0 0 1 s__7828s01.dat
0 // top surface
4 16 18.5 0 17 -20 0 20 -20 0 -20 0 0 -20
3 16 -20 0 20 18.5 0 17 18.5 0 20
0 NOFILE

0 FILE s__7828s01.dat
0 ~Tile  2 x  2 Cut Left without Top Surface
0 Name: s\7828s01.dat
0 Author: Magnus Forsberg [MagFors]
0 !LDRAW_ORG Subpart UPDATE 2026-03
0 !LICENSE Licensed under CC BY 4.0 : see CAreadme.txt

0 BFC CERTIFY CCW

0 !HISTORY 2026-03-31 [OrionP] Official Update 2026-03

1 16 -10 3.5 0 0 -10 0 -3.5 0 0 0 0 -20 box2-5.dat
1 16 -.75 3.5 18.5 0 19.25 0 -3.5 0 0 0 0 1.5 box2-7.dat
2 24 -16 3 16 -16 3 -16
2 24 -16 3 -16 -2 3 -16
2 24 12.136 3 16 -16 3 16
2 24 -16 8 16 -16 8 -16
2 24 -16 8 -16 -2 8 -16
2 24 12.136 8 16 -16 8 16
2 24 -16 8 16 -16 3 16
2 24 -16 8 -16 -16 3 -16
2 24 -2 8 -16 -2 3 -16
4 16 -16 8 16 -16 3 16 -16 3 -16 -16 8 -16
4 16 -16 8 -16 -16 3 -16 -2 3 -16 -2 8 -16
4 16 12.136 8 16 12.136 3 16 -16 3 16 -16 8 16

4 16 -2 8 -16 -.618 8 -19 -19 8 -19 -16 8 -16
4 16 -16 8 -16 -19 8 -19 -19 8 19 -16 8 16
4 16 -16 8 16 -19 8 19 17.5 8 19 12.136 8 16

1 16 0 3 0 0 0 -1 0 -1.25 0 1 0 0 2-4stud4.dat
1 16 0 3 0 0 0 1 0 -1.25 0 1 0 0 3-16stud4.dat
0 BFC INVERTNEXT
1 16 0 8 0 0 0 6 0 -5 0 -6 0 0 5-16cylo.dat
1 16 0 3 0 6 0 0 0 -1 0 0 0 6 4-4disc.dat
1 16 0 3 0 0 0 -8 0 -1 0 8 0 0 2-4ndis.dat
1 16 0 3 0 0 0 8 0 -1 0 8 0 0 3-16tndis.dat
4 16 12.136 3 16 8.15 3 4.3 7.3912 3 3.0616 7.3912 3 8
4 16 12.136 3 16 7.3912 3 8 0 3 8 -16 3 16
3 16 -16 3 16 0 3 8 -8 3 8
3 16 -16 3 16 -8 3 8 -8 3 0
4 16 -16 3 -16 -16 3 16 -8 3 0 -8 3 -8
4 16 -8 3 -8 0 3 -8 -2 3 -16 -16 3 -16
4 16 1.2313 3 -9.528 -2 3 -16 0 3 -8 1.005 3 -8.4503
1 16 0 8 0 6 0 0 0 -1 0 0 0 -6 1-4tang.dat
1 16 0 8 0 6 0 0 0 -1 0 0 0 6 1-16tndis.dat
3 16 5.5434 8 2.2962 7.3912 8 3.0616 6 8 2.2962
3 16 6 8 2.2962 7.3912 8 3.0616 6 8 0
4 16 10.4556 8 3.1472 6 8 -1.1934 6 8 0 7.3912 8 3.0616
4 16 5.6867 8 -5.6867 5.0868 8 -3.399 5.5434 8 -2.2962 6.3055 8 -5.1529
3 16 5.0868 8 -3.399 5.6867 8 -5.6867 4.2426 8 -4.2426
4 16 3.399 8 -5.0868 4.2426 8 -4.2426 5.6867 8 -5.6867 3.9 8 -5.6867
4 16 3.9 8 -10 1.2313 8 -9.528 3.399 8 -5.0868 3.9 8 -5.6867
3 16 1.005 8 -8.4503 1.1934 8 -6 2.2962 8 -5.5434
4 16 3.399 8 -5.0868 1.2313 8 -9.528 1.005 8 -8.4503 2.2962 8 -5.5434
4 16 1.005 8 -8.4503 0 8 -8 0 8 -6 1.1934 8 -6

2 24 18.5 0 17 0 0 -20
2 24 18.5 7 17 18.5 0 17

4 16 12.136 8 16 17.5 8 19 17.6056 8 17.4472 15.9356 8 14.1072
3 16 -.618 8 -19 -2 8 -16 3.9 8 -10
3 16 3.9 8 -10 -2 8 -16 1.2313 8 -9.528
3 16 7.3912 8 3.0616 8.15 8 4.3 10.4556 8 3.1472
4 16 5.5434 8 -2.2962 6 8 -1.1934 10.4556 8 3.1472 6.3055 8 -5.1529
4 16 6.3055 8 -5.1529 10.4556 8 3.1472 10.4556 7 3.1472 6.3055 7 -5.1529
4 16 11.35 7 2.7 7.7778 7 -4.4444 6.3055 7 -5.1529 10.4556 7 3.1472
2 24 16.8255 7 13.6511 18.5 7 17
2 24 11.35 3 2.7 16.8255 3 13.6511

2 24 8.15 8 4.3 8.15 3 4.3
2 24 8.15 3 4.3 11.35 3 2.7
2 24 11.35 7 2.7 10.4556 7 3.1472
2 24 11.35 3 2.7 11.35 7 2.7
2 24 10.4556 8 3.1472 8.15 8 4.3
2 24 10.4556 7 3.1472 10.4556 8 3.1472
4 16 10.4556 7 3.1472 10.4556 8 3.1472 8.15 8 4.3 8.15 3 4.3
4 16 10.4556 7 3.1472 8.15 3 4.3 11.35 3 2.7 11.35 7 2.7

2 24 12.136 3 16 12.136 8 16
2 24 16.8255 3 13.6511 16.8255 7 13.6511
2 24 15.9356 8 14.1072 12.136 8 16
2 24 16.8255 3 13.6511 12.136 3 16
4 16 15.9311 7 14.0983 16.8255 7 13.6511 16.8255 3 13.6511 12.136 3 16
4 16 15.9311 7 14.0983 12.136 3 16 12.136 8 16 15.9356 8 14.1072
4 16 16.8255 3 13.6511 11.35 3 2.7 8.15 3 4.3 12.136 3 16
1 16 10 3 -10 -6.1 0 0 0 -1 0 0 0 6.1 1-8chrd.dat
0 BFC INVERTNEXT
1 16 10 3 -10 -6.1 0 0 0 4 0 0 0 6.1 1-8cyli.dat
0 BFC INVERTNEXT
1 16 10 7 -10 -6.1 0 0 0 1 0 0 0 6.1 1-8cyli.dat
1 16 10 3 -10 -6.1 0 0 0 1 0 0 0 6.1 1-8edge.dat
1 16 10 8 -10 -6.1 0 0 0 1 0 0 0 6.1 1-8edge.dat
1 16 10 8 -10 -6.1 0 0 0 -1 0 0 0 6.1 1-8tndis.dat
5 24 6.3055 3 -5.1529 6.3055 7 -5.1529 7.7778 3 -4.4444 5.6867 3 -5.6867
5 24 1.005 3 -8.4503 1.005 8 -8.4503 0 3 -8 1.2313 3 -9.528
5 24 0 3 -8 0 8 -8 1.005 3 -8.4503 -3.0616 3 -7.3912
5 24 5.68669 7 -5.68669 5.68669 3 -5.68669 6.3055 7 -5.1529 4.36421 7 -7.66553
5 24 5.68669 8 -5.68669 5.68669 7 -5.68669 6.3055 8 -5.1529 4.36421 8 -7.66553
5 24 3.9 7 -10 3.9 3 -10 4.2857 7 -11.4286 4.36421 7 -7.66553

2 24 7.7778 7 -4.4444 7.7778 3 -4.4444
2 24 7.7778 7 -4.4444 6.3055 7 -5.1529
2 24 6.3055 3 -5.1529 5.6867 3 -5.6867
2 24 7.7778 3 -4.4444 6.3055 3 -5.1529
4 16 7.7778 3 -4.4444 6.3055 3 -5.1529 6.3055 7 -5.1529 7.7778 7 -4.4444

2 24 4.2857 3 -11.4286 4.2857 7 -11.4286
2 24 4.2857 3 -11.4286 3.9 3 -10
2 24 4.2857 7 -11.4286 3.9 7 -10
4 16 3.9 3 -10 4.2857 3 -11.4286 4.2857 7 -11.4286 3.9 7 -10

2 24 7.7778 3 -4.4444 4.2857 3 -11.4286
3 16 3.9 3 -10 5.6867 3 -5.6867 6.3055 3 -5.1529
4 16 7.7778 3 -4.4444 4.2857 3 -11.4286 3.9 3 -10 6.3055 3 -5.1529

4 16 4.2857 7 -11.4286 4.2857 3 -11.4286 0 0 -20 0 7 -20
3 16 7.7778 3 -4.4444 0 0 -20 4.2857 3 -11.4286
4 16 11.35 3 2.7 18.5 0 17 0 0 -20 7.7778 3 -4.4444
4 16 11.35 3 2.7 7.7778 3 -4.4444 7.7778 7 -4.4444 11.35 7 2.7
3 16 16.8255 3 13.6511 18.5 0 17 11.35 3 2.7
4 16 16.8255 7 13.6511 18.5 7 17 18.5 0 17 16.8255 3 13.6511
2 24 15.9311 7 14.0983 16.8255 7 13.6511
2 24 15.9356 8 14.1072 15.9311 7 14.0983
2 24 15.9356 8 14.1072 17.6056 8 17.4472
2 24 17.6056 8 17.4472 17.5 8 19
2 24 17.5 8 19 -19 8 19
2 24 17.6056 8 17.4472 17.6056 7 17.4472
2 24 17.5 8 19 17.5 7 19
2 24 -19 8 -19 -.618 8 -19
2 24 -19 8 -19 -19 8 19
2 24 -19 8 19 -19 7 19
2 24 -19 7 -19 -19 8 -19
2 24 -19 7 -19 -19 7 19
2 24 -19 7 19 17.5 7 19
2 24 17.5 7 19 17.6056 7 17.4472
2 24 17.6056 7 17.4472 15.9311 7 14.0983
4 16 18.5 7 17 16.8255 7 13.6511 15.9311 7 14.0983 17.6056 7 17.4472
4 16 18.5 7 20 18.5 7 17 17.6056 7 17.4472 17.5 7 19
4 16 17.5 8 19 17.5 7 19 17.6056 7 17.4472 17.6056 8 17.4472
4 16 17.6056 8 17.4472 17.6056 7 17.4472 15.9311 7 14.0983 15.9356 8 14.1072
4 16 18.5 7 20 17.5 7 19 -19 7 19 -20 7 20
4 16 17.5 7 19 17.5 8 19 -19 8 19 -19 7 19
4 16 -19 7 19 -19 8 19 -19 8 -19 -19 7 -19
4 16 -20 7 20 -19 7 19 -19 7 -19 -20 7 -20

2 24 -2 8 -16 1.2313 8 -9.528
2 24 1.005 8 -8.4503 0 8 -8
2 24 1.2313 8 -9.528 1.005 8 -8.4503
5 24 1.2313 3 -9.528 1.2313 8 -9.528 1.005 3 -8.4503 -2 3 -16
2 24 1.005 3 -8.4503 0 3 -8
2 24 1.2313 3 -9.528 1.005 3 -8.4503
2 24 1.2313 3 -9.528 -2 3 -16
4 16 1.2313 8 -9.528 -2 8 -16 -2 3 -16 1.2313 3 -9.528
4 16 0 8 -8 1.005 8 -8.4503 1.005 3 -8.4503 0 3 -8
4 16 1.005 8 -8.4503 1.2313 8 -9.528 1.2313 3 -9.528 1.005 3 -8.4503
4 16 7.3912 8 3.0616 7.3912 3 3.0616 8.15 3 4.3 8.15 8 4.3
2 24 8.15 3 4.3 7.3912 3 3.0616
2 24 7.3912 3 3.0616 7.3912 8 3.0616
2 24 8.15 8 4.3 7.3912 8 3.0616

2 24 -.618 8 -19 -.618 7 -19
2 24 -.618 7 -19 -19 7 -19
4 16 -19 7 -19 -19 8 -19 -.618 8 -19 -.618 7 -19
4 16 -20 7 -20 -19 7 -19 -.618 7 -19 0 7 -20
2 24 5.6867 8 -5.6867 6.3055 8 -5.1529
2 24 6.3055 8 -5.1529 6.3055 7 -5.1529
2 24 3.9 8 -10 3.9 7 -10
4 16 -.618 7 -19 -.618 8 -19 3.9 8 -10 3.9 7 -10
4 16 -.618 7 -19 3.9 7 -10 4.2857 7 -11.4286 0 7 -20
2 24 0 7 -20 4.2857 7 -11.4286
2 24 -.618 7 -19 3.9 7 -10
2 24 -.618 8 -19 3.9 8 -10
2 24 7.7778 7 -4.4444 11.35 7 2.7
2 24 6.3055 7 -5.1529 10.4556 7 3.1472
2 24 6.3055 8 -5.1529 10.4556 8 3.1472
4 16 6.3055 3 -5.1529 5.6867 3 -5.6867 5.6867 7 -5.6867 6.3055 7 -5.1529
4 16 5.6867 8 -5.6867 6.3055 8 -5.1529 6.3055 7 -5.1529 5.6867 7 -5.6867
0 NOFILE

0 FILE 1-8tndis.dat
0 Disc Negative Truncated 0.125

0 Name: 1-8tndis.dat

0 Author: Massimo Maso [Sirio]

0 !LDRAW_ORG Primitive UPDATE 2022-02

0 !LICENSE Licensed under CC BY 4.0 : see CAreadme.txt



0 BFC CERTIFY CCW



0 !HISTORY 2022-03-06 [PTadmin] Official Update 2022-02





3 16 1 0 .7071 .9239 0 .3827 1 0 0

3 16 1 0 .7071 .7071 0 .7071 .9239 0 .3827

0 NOFILE

0 FILE 1-8edge.dat
0 Circle 0.125

0 Name: 1-8edge.dat

0 Author: James Jessiman

0 !LDRAW_ORG Primitive UPDATE 2017-01

0 !LICENSE Licensed under CC BY 4.0 : see CAreadme.txt



0 BFC CERTIFY CCW



0 !HISTORY 2007-06-22 [PTadmin] Header formatted for Contributor Agreement

0 !HISTORY 2008-07-01 [PTadmin] Official Update 2008-01

0 !HISTORY 2017-01-15 [Steffen] BFCed

0 !HISTORY 2017-12-30 [PTadmin] Official Update 2017-01





2 24 1 0 0 0.9239 0 0.3827

2 24 0.9239 0 0.3827 0.7071 0 0.7071

0 NOFILE

0 FILE 1-8cyli.dat
0 Cylinder 0.125

0 Name: 1-8cyli.dat

0 Author: James Jessiman

0 !LDRAW_ORG Primitive UPDATE 2005-01

0 !LICENSE Licensed under CC BY 4.0 : see CAreadme.txt



0 BFC CERTIFY CCW



0 !HISTORY 2002-04-25 [PTadmin] Official Update 2002-02

0 !HISTORY 2004-12-11 [nielsk] Recreated using Primitive Generator, Edge lines fixed, BFC changed to CCW

0 !HISTORY 2005-12-28 [PTadmin] Official Update 2005-01

0 !HISTORY 2007-06-22 [PTadmin] Header formatted for Contributor Agreement

0 !HISTORY 2008-07-01 [PTadmin] Official Update 2008-01





4 16 .9239 1 .3827 .9239 0 .3827 1 0 0 1 1 0

4 16 .7071 1 .7071 .7071 0 .7071 .9239 0 .3827 .9239 1 .3827

5 24 1 1 0 1 0 0 1 1 -.4142 .9239 1 .3827

5 24 .9239 1 .3827 .9239 0 .3827 1 1 0 .7071 1 .7071

5 24 .7071 1 .7071 .7071 0 .7071 .9239 1 .3827 .4142 1 1

0

0 NOFILE

0 FILE 1-8chrd.dat
0 Chord 0.125

0 Name: 1-8chrd.dat

0 Author: Orion Pobursky [OrionP]

0 !LDRAW_ORG Primitive UPDATE 2023-05

0 !LICENSE Licensed under CC BY 4.0 : see CAreadme.txt



0 BFC CERTIFY CCW



0 !HISTORY 2004-04-22 [PTadmin] Official Update 2004-02

0 !HISTORY 2007-06-22 [PTadmin] Header formatted for Contributor Agreement

0 !HISTORY 2008-07-01 [PTadmin] Official Update 2008-01

0 !HISTORY 2023-10-27 [OrionP] Rebuilt with PrimGen2, original author westrate

0 !HISTORY 2023-10-31 [OrionP] Official Update 2023-05



3 16 1 0 0 0.9239 0 0.3827 0.7071 0 0.7071

0 NOFILE

0 FILE 1-16tndis.dat
0 Disc Negative Truncated 0.0625

0 Name: 1-16tndis.dat

0 Author: Massimo Maso [Sirio]

0 !LDRAW_ORG Primitive UPDATE 2022-03

0 !LICENSE Licensed under CC BY 4.0 : see CAreadme.txt



0 BFC CERTIFY CCW



0 !HISTORY 2022-05-07 [PTadmin] Official Update 2022-03





3 16 1 0 .3827 .9239 0 .3827 1 0 0

0 NOFILE

0 FILE 1-4tang.dat
0 Disc Negative Tangent 0.25

0 Name: 1-4tang.dat

0 Author: Willy Tschager [Holly-Wood]

0 !LDRAW_ORG Primitive UPDATE 2024-01

0 !LICENSE Licensed under CC BY 4.0 : see CAreadme.txt



0 BFC CERTIFY CCW



0 !HISTORY 2011-12-29 [PTadmin] Official Update 2011-02

0 !HISTORY 2024-01-08 [Holly-Wood] Complete re-write, original by westrate

0 !HISTORY 2024-01-29 [OrionP] Official Update 2024-01



3 16 0 0 1 0.3827 0 0.9239 0.1989 0 1

3 16 0.3827 0 0.9239 0.7071 0 0.7071 0.5665 0 0.8478

3 16 0.7071 0 0.7071 0.9239 0 0.3827 0.8478 0 0.5665

3 16 0.9239 0 0.3827 1 0 0 1 0 0.1989

0 NOFILE

0 FILE 3-16tndis.dat
0 Disc Negative Truncated 0.1875

0 Name: 3-16tndis.dat

0 Author: Massimo Maso [Sirio]

0 !LDRAW_ORG Primitive UPDATE 2022-02

0 !LICENSE Licensed under CC BY 4.0 : see CAreadme.txt



0 BFC CERTIFY CCW



0 !HISTORY 2022-03-06 [PTadmin] Official Update 2022-02





3 16 1 0 .9239 .9239 0 .3827 1 0 0

3 16 1 0 .9239 .7071 0 .7071 .9239 0 .3827

3 16 1 0 .9239 .3827 0 .9239 .7071 0 .7071

0 NOFILE

0 FILE 2-4ndis.dat
0 Disc Negative 0.5

0 Name: 2-4ndis.dat

0 Author: James Jessiman

0 !LDRAW_ORG Primitive UPDATE 2012-01

0 !LICENSE Licensed under CC BY 4.0 : see CAreadme.txt



0 BFC CERTIFY CCW



0 !HISTORY 2002-03-23 [sbliss] Added BFC statement; compacted code

0 !HISTORY 2002-04-25 [PTadmin] Official Update 2002-02

0 !HISTORY 2007-06-24 [PTadmin] Header formatted for Contributor Agreement

0 !HISTORY 2008-07-01 [PTadmin] Official Update 2008-01

0 !HISTORY 2012-02-16 [Philo] Changed to CCW

0 !HISTORY 2012-03-30 [PTadmin] Official Update 2012-01





3 16 0.9239 0 0.3827 1 0 0 1 0 1

3 16 0.7071 0 0.7071 0.9239 0 0.3827 1 0 1

3 16 0.3827 0 0.9239 0.7071 0 0.7071 1 0 1

3 16 0 0 1 0.3827 0 0.9239 1 0 1

3 16 -0.3827 0 0.9239 0 0 1 -1 0 1

3 16 -0.7071 0 0.7071 -0.3827 0 0.9239 -1 0 1

3 16 -0.9239 0 0.3827 -0.7071 0 0.7071 -1 0 1

3 16 -1 0 0 -0.9239 0 0.3827 -1 0 1

0 NOFILE

0 FILE 4-4disc.dat
0 Disc 1.0

0 Name: 4-4disc.dat

0 Author: James Jessiman

0 !LDRAW_ORG Primitive UPDATE 2002-02

0 !LICENSE Licensed under CC BY 4.0 : see CAreadme.txt



0 BFC CERTIFY CCW



0 !HISTORY 1998-12-15 [PTadmin] Official Update 1998-10

0 !HISTORY 2002-03-23 [sbliss] Added BFC statement

0 !HISTORY 2002-04-25 [PTadmin] Official Update 2002-02

0 !HISTORY 2007-06-24 [PTadmin] Header formatted for Contributor Agreement

0 !HISTORY 2008-07-01 [PTadmin] Official Update 2008-01





3 16 0 0 0 1 0 0 0.9239 0 0.3827

3 16 0 0 0 0.9239 0 0.3827 0.7071 0 0.7071

3 16 0 0 0 0.7071 0 0.7071 0.3827 0 0.9239

3 16 0 0 0 0.3827 0 0.9239 0 0 1

3 16 0 0 0 0 0 1 -0.3827 0 0.9239

3 16 0 0 0 -0.3827 0 0.9239 -0.7071 0 0.7071

3 16 0 0 0 -0.7071 0 0.7071 -0.9239 0 0.3827

3 16 0 0 0 -0.9239 0 0.3827 -1 0 -0

3 16 0 0 0 -1 0 -0 -0.9239 0 -0.3827

3 16 0 0 0 -0.9239 0 -0.3827 -0.7071 0 -0.7071

3 16 0 0 0 -0.7071 0 -0.7071 -0.3827 0 -0.9239

3 16 0 0 0 -0.3827 0 -0.9239 0 0 -1

3 16 0 0 0 0 0 -1 0.3827 0 -0.9239

3 16 0 0 0 0.3827 0 -0.9239 0.7071 0 -0.7071

3 16 0 0 0 0.7071 0 -0.7071 0.9239 0 -0.3827

3 16 0 0 0 0.9239 0 -0.3827 1 0 0

0

0 NOFILE

0 FILE 5-16cylo.dat
0 Cylinder Open 0.3125

0 Name: 5-16cylo.dat

0 Author: Max Martin Richter [MMR1988]

0 !LDRAW_ORG Primitive UPDATE 2013-01

0 !LICENSE Licensed under CC BY 4.0 : see CAreadme.txt



0 BFC CERTIFY CCW



0 !HISTORY 2013-07-21 [PTadmin] Official Update 2013-01





1 16 0 0 0 1 0 0 0 1 0 0 0 1 5-16cyli.dat

1 16 0 0 0 1 0 0 0 1 0 0 0 1 5-16edge.dat

1 16 0 1 0 1 0 0 0 1 0 0 0 1 5-16edge.dat

0 NOFILE

0 FILE 5-16edge.dat
0 Circle 0.3125

0 Name: 5-16edge.dat

0 Author: Philippe Hurbain [Philo]

0 !LDRAW_ORG Primitive UPDATE 2009-03

0 !LICENSE Licensed under CC BY 4.0 : see CAreadme.txt



0 BFC CERTIFY CCW



0 !HISTORY 2009-12-29 [PTadmin] Official Update 2009-03





2 24 1 0 0 0.9239 0 0.3827

2 24 0.9239 0 0.3827 0.7071 0 0.7071

2 24 0.7071 0 0.7071 0.3827 0 0.9239

2 24 0.3827 0 0.9239 0 0 1

2 24 0 0 1 -0.3827 0 0.9239



0 // end of file



0 NOFILE

0 FILE 5-16cyli.dat
0 Cylinder 0.3125

0 Name: 5-16cyli.dat

0 Author: Philippe Hurbain [Philo]

0 !LDRAW_ORG Primitive UPDATE 2009-03

0 !LICENSE Licensed under CC BY 4.0 : see CAreadme.txt



0 BFC CERTIFY CCW



0 !HISTORY 2009-12-29 [PTadmin] Official Update 2009-03





4 16 0.9239 0 0.3827 1 0 0 1 1 0 0.9239 1 0.3827

4 16 0.7071 0 0.7071 0.9239 0 0.3827 0.9239 1 0.3827 0.7071 1 0.7071

4 16 0.3827 0 0.9239 0.7071 0 0.7071 0.7071 1 0.7071 0.3827 1 0.9239

4 16 0 0 1 0.3827 0 0.9239 0.3827 1 0.9239 0 1 1

4 16 -0.3827 0 0.9239 0 0 1 0 1 1 -0.3827 1 0.9239



0 // conditional lines

5 24 1 1 0 1 0 0 1 1 -0.4142 0.9239 1 0.3827

5 24 0.9239 1 0.3827 0.9239 0 0.3827 1 1 0 0.7071 1 0.7071

5 24 0.7071 1 0.7071 0.7071 0 0.7071 0.9239 1 0.3827 0.3827 1 0.9239

5 24 0.3827 1 0.9239 0.3827 0 0.9239 0.7071 1 0.7071 0 1 1

5 24 0 1 1 0 0 1 0.3827 1 0.9239 -0.3827 1 0.9239

5 24 -0.3827 1 0.9239 -0.3827 0 0.9239 0 1 1 -0.7654 1 0.7654



0 // end of file



0 NOFILE

0 FILE 3-16stud4.dat
0 Stud Tube Open 0.1875

0 Name: 3-16stud4.dat

0 Author: Massimo Maso [Sirio]

0 !LDRAW_ORG Primitive UPDATE 2024-02

0 !LICENSE Licensed under CC BY 4.0 : see CAreadme.txt



0 BFC CERTIFY CCW



0 !HISTORY 2022-07-18 [PTadmin] Official Update 2022-04

0 !HISTORY 2024-03-23 [OrionP] Updated ring primitives

0 !HISTORY 2024-03-24 [OrionP] Official Update 2024-02



0 BFC INVERTNEXT

1 16 0 -4 0 6 0 0 0 4 0 0 0 6 3-16cylo.dat

1 16 0 -4 0 8 0 0 0 4 0 0 0 8 3-16cylo.dat

1 16 0 -4 0 2 0 0 0 1 0 0 0 2 3-16ring3.dat

0 NOFILE

0 FILE 3-16ring3.dat
0 Ring  3 x 0.1875

0 Name: 3-16ring3.dat

0 Author: Philippe Hurbain [Philo]

0 !LDRAW_ORG Primitive UPDATE 2024-02

0 !LICENSE Licensed under CC BY 4.0 : see CAreadme.txt



0 BFC CERTIFY CCW



0 !HISTORY 2010-04-05 [PTadmin] Official Update 2010-01

0 !HISTORY 2024-03-23 [OrionP] Moved from 3-16rin3.dat

0 !HISTORY 2024-03-24 [OrionP] Official Update 2024-02



4 16 3 0 0 4 0 0 3.6956 0 1.5308 2.7717 0 1.1481

4 16 2.7717 0 1.1481 3.6956 0 1.5308 2.8284 0 2.8284 2.1213 0 2.1213

4 16 2.1213 0 2.1213 2.8284 0 2.8284 1.5308 0 3.6956 1.1481 0 2.7717



0 // end of file



0 NOFILE

0 FILE 3-16cylo.dat
0 Cylinder Open 0.1875

0 Name: 3-16cylo.dat

0 Author: J.C. Tchang [tchang]

0 !LDRAW_ORG Primitive UPDATE 2013-01

0 !LICENSE Licensed under CC BY 4.0 : see CAreadme.txt



0 BFC CERTIFY CCW



0 !HISTORY 2013-07-21 [PTadmin] Official Update 2013-01





1 16 0 0 0 1 0 0 0 1 0 0 0 1 3-16edge.dat

1 16 0 1 0 1 0 0 0 1 0 0 0 1 3-16edge.dat

1 16 0 0 0 1 0 0 0 1 0 0 0 1 3-16cyli.dat

0 NOFILE

0 FILE 3-16cyli.dat
0 Cylinder 0.1875

0 Name: 3-16cyli.dat

0 Author: Mark Kennedy [mkennedy]

0 !LDRAW_ORG Primitive UPDATE 2005-01

0 !LICENSE Licensed under CC BY 4.0 : see CAreadme.txt



0 BFC CERTIFY CCW



0 !HISTORY 2004-03-02 [PTadmin] Official Update 2004-01

0 !HISTORY 2004-12-11 [nielsk] Recreated using Primitive Generator, Edge lines fixed, BFC changed to CCW

0 !HISTORY 2005-12-28 [PTadmin] Official Update 2005-01

0 !HISTORY 2007-06-24 [PTadmin] Header formatted for Contributor Agreement

0 !HISTORY 2008-07-01 [PTadmin] Official Update 2008-01





4 16 .9239 1 .3827 .9239 0 .3827 1 0 0 1 1 0

4 16 .7071 1 .7071 .7071 0 .7071 .9239 0 .3827 .9239 1 .3827

4 16 .3827 1 .9239 .3827 0 .9239 .7071 0 .7071 .7071 1 .7071

5 24 1 1 0 1 0 0 1 1 -.4142 .9239 1 .3827

5 24 .9239 1 .3827 .9239 0 .3827 1 1 0 .7071 1 .7071

5 24 .7071 1 .7071 .7071 0 .7071 .9239 1 .3827 .3827 1 .9239

5 24 .3827 1 .9239 .3827 0 .9239 .7071 1 .7071 0 1 1.0824

0

0 NOFILE

0 FILE 3-16edge.dat
0 Circle 0.1875

0 Name: 3-16edge.dat

0 Author: Donald Sutter [technog]

0 !LDRAW_ORG Primitive UPDATE 2017-01

0 !LICENSE Licensed under CC BY 4.0 : see CAreadme.txt



0 BFC CERTIFY CCW



0 !HISTORY 2004-03-02 [PTadmin] Official Update 2004-01

0 !HISTORY 2007-06-24 [PTadmin] Header formatted for Contributor Agreement

0 !HISTORY 2008-07-01 [PTadmin] Official Update 2008-01

0 !HISTORY 2017-01-15 [Steffen] BFCed

0 !HISTORY 2017-12-30 [PTadmin] Official Update 2017-01





2 24 1 0 0 0.9239 0 0.3827

2 24 0.9239 0 0.3827 0.7071 0 0.7071

2 24 0.7071 0 0.7071 0.3827 0 0.9239

0 NOFILE

0 FILE 2-4stud4.dat
0 Stud Tube Open 0.5

0 Name: 2-4stud4.dat

0 Author: Willy Tschager [Holly-Wood]

0 !LDRAW_ORG Primitive UPDATE 2024-01

0 !LICENSE Licensed under CC BY 4.0 : see CAreadme.txt



0 BFC CERTIFY CCW



0 !HISTORY 2014-01-17 [Brickaneer] Created.

0 !HISTORY 2014-08-28 [MagFors] removed vertical edges

0 !HISTORY 2014-12-23 [PTadmin] Official Update 2014-02

0 !HISTORY 2016-11-05 [cwdee] Update description

0 !HISTORY 2016-12-31 [PTadmin] Official Update 2016-01

0 !HISTORY 2024-01-13 [Holly-Wood] Complete re-write, original by Brickaneer

0 !HISTORY 2024-01-29 [OrionP] Official Update 2024-01



1 16 0 -4 0 2 0 0 0 1 0 0 0 2 2-4ring3.dat

0 BFC INVERTNEXT

1 16 0 -4 0 6 0 0 0 4 0 0 0 6 2-4cylo.dat

1 16 0 -4 0 8 0 0 0 4 0 0 0 8 2-4cylo.dat

0 NOFILE

0 FILE 2-4cylo.dat
0 Cylinder Open 0.5

0 Name: 2-4cylo.dat

0 Author: Max Martin Richter [MMR1988]

0 !LDRAW_ORG Primitive UPDATE 2010-03

0 !LICENSE Licensed under CC BY 4.0 : see CAreadme.txt



0 BFC CERTIFY CCW



0 !HISTORY 2010-12-31 [PTadmin] Official Update 2010-03





1 16 0 0 0 1 0 0 0 1 0 0 0 1 2-4edge.dat

1 16 0 1 0 1 0 0 0 1 0 0 0 1 2-4edge.dat

1 16 0 0 0 1 0 0 0 1 0 0 0 1 2-4cyli.dat

0 NOFILE

0 FILE 2-4cyli.dat
0 Cylinder 0.5

0 Name: 2-4cyli.dat

0 Author: James Jessiman

0 !LDRAW_ORG Primitive UPDATE 2005-01

0 !LICENSE Licensed under CC BY 4.0 : see CAreadme.txt



0 BFC CERTIFY CCW



0 !HISTORY 2002-03-23 [sbliss] Added BFC statement; compacted code

0 !HISTORY 2002-04-25 [PTadmin] Official Update 2002-02

0 !HISTORY 2004-12-11 [nielsk] Recreated using Primitive Generator, Edge lines fixed, BFC changed to CCW

0 !HISTORY 2005-12-28 [PTadmin] Official Update 2005-01

0 !HISTORY 2007-06-24 [PTadmin] Header formatted for Contributor Agreement

0 !HISTORY 2008-07-01 [PTadmin] Official Update 2008-01





4 16 .9239 1 .3827 .9239 0 .3827 1 0 0 1 1 0

4 16 .7071 1 .7071 .7071 0 .7071 .9239 0 .3827 .9239 1 .3827

4 16 .3827 1 .9239 .3827 0 .9239 .7071 0 .7071 .7071 1 .7071

4 16 0 1 1 0 0 1 .3827 0 .9239 .3827 1 .9239

4 16 -.3827 1 .9239 -.3827 0 .9239 0 0 1 0 1 1

4 16 -.7071 1 .7071 -.7071 0 .7071 -.3827 0 .9239 -.3827 1 .9239

4 16 -.9239 1 .3827 -.9239 0 .3827 -.7071 0 .7071 -.7071 1 .7071

4 16 -1 1 0 -1 0 0 -.9239 0 .3827 -.9239 1 .3827

5 24 1 1 0 1 0 0 1 1 -.4142 .9239 1 .3827

5 24 .9239 1 .3827 .9239 0 .3827 1 1 0 .7071 1 .7071

5 24 .7071 1 .7071 .7071 0 .7071 .9239 1 .3827 .3827 1 .9239

5 24 .3827 1 .9239 .3827 0 .9239 .7071 1 .7071 0 1 1

5 24 0 1 1 0 0 1 .3827 1 .9239 -.3827 1 .9239

5 24 -.3827 1 .9239 -.3827 0 .9239 0 1 1 -.7071 1 .7071

5 24 -.7071 1 .7071 -.7071 0 .7071 -.3827 1 .9239 -.9239 1 .3827

5 24 -.9239 1 .3827 -.9239 0 .3827 -.7071 1 .7071 -1 1 0

5 24 -1 1 0 -1 0 0 -.9239 1 .3827 -1 1 -.4142

0

0 NOFILE

0 FILE 2-4edge.dat
0 Circle 0.5

0 Name: 2-4edge.dat

0 Author: James Jessiman

0 !LDRAW_ORG Primitive UPDATE 2017-01

0 !LICENSE Licensed under CC BY 4.0 : see CAreadme.txt



0 BFC CERTIFY CCW



0 !HISTORY 2007-06-24 [PTadmin] Header formatted for Contributor Agreement

0 !HISTORY 2008-07-01 [PTadmin] Official Update 2008-01

0 !HISTORY 2017-01-15 [Steffen] BFCed

0 !HISTORY 2017-12-30 [PTadmin] Official Update 2017-01





2 24 1 0 0 0.9239 0 0.3827

2 24 0.9239 0 0.3827 0.7071 0 0.7071

2 24 0.7071 0 0.7071 0.3827 0 0.9239

2 24 0.3827 0 0.9239 0 0 1

2 24 0 0 1 -0.3827 0 0.9239

2 24 -0.3827 0 0.9239 -0.7071 0 0.7071

2 24 -0.7071 0 0.7071 -0.9239 0 0.3827

2 24 -0.9239 0 0.3827 -1 0 0

0 NOFILE

0 FILE 2-4ring3.dat
0 Ring  3 x 0.5

0 Name: 2-4ring3.dat

0 Author: James Jessiman

0 !LDRAW_ORG Primitive UPDATE 2012-01

0 !LICENSE Licensed under CC BY 4.0 : see CAreadme.txt



0 BFC CERTIFY CCW



0 !HISTORY 1998-12-15 [PTadmin] Official Update 1998-10

0 !HISTORY 2003-01-21 [cavehop] Update Added BFC and some header info

0 !HISTORY 2003-03-12 [PTadmin] Official Update 2003-01

0 !HISTORY 2003-08-01 [PTadmin] Official Update 2003-02

0 !HISTORY 2007-06-24 [PTadmin] Header formatted for Contributor Agreement

0 !HISTORY 2008-07-01 [PTadmin] Official Update 2008-01

0 !HISTORY 2012-02-16 [Philo] Changed to CCW

0 !HISTORY 2012-03-30 [PTadmin] Official Update 2012-01





4 16 4 0 0 3.6956 0 1.5308 2.7717 0 1.1481 3 0 0

4 16 3.6956 0 1.5308 2.8284 0 2.8284 2.1213 0 2.1213 2.7717 0 1.1481

4 16 2.8284 0 2.8284 1.5308 0 3.6956 1.1481 0 2.7717 2.1213 0 2.1213

4 16 1.5308 0 3.6956 0 0 4 0 0 3 1.1481 0 2.7717

4 16 0 0 4 -1.5308 0 3.6956 -1.1481 0 2.7717 0 0 3

4 16 -1.5308 0 3.6956 -2.8284 0 2.8284 -2.1213 0 2.1213 -1.1481 0 2.7717

4 16 -2.8284 0 2.8284 -3.6956 0 1.5308 -2.7717 0 1.1481 -2.1213 0 2.1213

4 16 -3.6956 0 1.5308 -4 0 0 -3 0 0 -2.7717 0 1.1481

0 NOFILE

0 FILE box2-7.dat
0 Box with  2 Faces without  7 Edges

0 Name: box2-7.dat

0 Author: Willy Tschager [Holly-Wood]

0 !LDRAW_ORG Primitive UPDATE 2024-01

0 !LICENSE Licensed under CC BY 4.0 : see CAreadme.txt



0 BFC CERTIFY CCW



0 !HISTORY 2009-05-02 [PTadmin] Official Update 2009-01

0 !HISTORY 2024-01-02 [Holly-Wood] Complete re-write, original by guyvivan

0 !HISTORY 2024-01-29 [OrionP] Official Update 2024-01



2 24 -1 1 -1 -1 1 1

2 24 1 1 1 1 1 -1

4 16 -1 1 1 1 1 1 1 1 -1 -1 1 -1



2 24 -1 1 1 -1 -1 1

2 24 1 1 1 1 -1 1

4 16 1 -1 1 1 1 1 -1 1 1 -1 -1 1



2 24 -1 1 1 1 1 1

0 NOFILE

0 FILE box2-5.dat
0 Box with 2 Faces without 5 Edges

0 Name: box2-5.dat

0 Author: Steffen [Steffen]

0 !LDRAW_ORG Primitive UPDATE 2003-03

0 !LICENSE Licensed under CC BY 4.0 : see CAreadme.txt



0 BFC CERTIFY CCW



0 !HISTORY 2003-12-19 [PTadmin] Official Update 2003-03

0 !HISTORY 2007-06-24 [PTadmin] Header formatted for Contributor Agreement

0 !HISTORY 2008-07-01 [PTadmin] Official Update 2008-01





2 24 1 1 1 -1 1 1

2 24 1 1 -1 -1 1 -1

2 24 1 -1 1 -1 -1 1

2 24 -1 -1 1 -1 1 1

2 24 1 -1 1 1 1 1

2 24 -1 1 -1 -1 1 1

2 24 1 1 -1 1 1 1

4 16 1 1 1 1 1 -1 -1 1 -1 -1 1 1

4 16 1 1 1 -1 1 1 -1 -1 1 1 -1 1

0

0 NOFILE

0 FILE 3044c.dat
0 Slope Brick 45  2 x  1 Double with Bottom Stud Holder

0 Name: 3044c.dat

0 Author: Philippe Hurbain [Philo]

0 !LDRAW_ORG Part UPDATE 2019-02

0 !LICENSE Licensed under CC BY 4.0 : see CAreadme.txt



0 BFC CERTIFY CCW



0 !HISTORY 2019-09-09 [PTadmin] Official Update 2019-02





0 BFC INVERTNEXT

1 16 0 24 0 6 0 0 0 -4 0 0 0 16 box4o4a.dat

4 16 10 24 20 6 24 16 -6 24 16 -10 24 20

4 16 -10 24 20 -6 24 16 -6 24 -16 -10 24 -20

4 16 -10 24 -20 -6 24 -16 6 24 -16 10 24 -20

4 16 10 24 -20 6 24 -16 6 24 16 10 24 20

1 16 0 22 20 -10 0 0 0 0 -2 0 -1 0 rect.dat

1 16 0 22 -20 0 0 -10 -2 0 0 0 1 0 rect.dat

1 16 10 22 0 0 -1 0 2 0 0 0 0 20 rect1.dat

3 16 10 20 20 10 0 0 10 20 -20

3 16 6 20 16 6 20 -16 6 4 0

3 16 -6 20 16 -6 4 0 -6 20 -16

1 16 -10 22 0 0 1 0 2 0 0 0 0 -20 rect1.dat

3 16 -10 20 20 -10 20 -20 -10 0 0

1 16 0 12 8 0 0 -6 -8 -1 0 -8 0 0 rect.dat

1 16 0 12 -8 6 0 0 0 -1 8 0 0 -8 rect3.dat

1 16 0 10 10 -10 0 0 0 1 -10 0 0 -10 rect3.dat

1 16 0 10 -10 0 0 -10 -10 1 0 10 0 0 rect2p.dat

1 16 -5.5 23.7 5 0 0 -0.5 0 -1 0 -1.5 0 0 rect3.dat

1 16 -5.5 15.6 3.5 0.5 0 0 0 0 -8.1 0 1 0 rect3.dat

1 16 -5.5 17.1 6.5 -0.5 0 0 0 0 -6.6 0 -1 0 rect3.dat

2 24 -3.5 23.7 5 -3.5 9 5

2 24 -5 7.5 3.5 -3.5 9 5

2 24 -5 23.7 3.5 -3.5 23.7 5

2 24 -5 10.5 6.5 -3.5 9 5

2 24 -5 23.7 6.5 -3.5 23.7 5

4 16 -3.5 23.7 5 -5 23.7 6.5 -5 10.5 6.5 -3.5 9 5

4 16 -3.5 23.7 5 -3.5 9 5 -5 7.5 3.5 -5 23.7 3.5

3 16 -5 23.7 6.5 -3.5 23.7 5 -5 23.7 3.5

1 16 -5.5 23.7 -5 0 0 -0.5 0 -1 0 -1.5 0 0 rect3.dat

1 16 -5.5 15.6 -3.5 -0.5 0 0 0 0 -8.1 0 -1 0 rect3.dat

1 16 -5.5 17.1 -6.5 0.5 0 0 0 0 -6.6 0 1 0 rect3.dat

2 24 -3.5 23.7 -5 -3.5 9 -5

2 24 -5 7.5 -3.5 -3.5 9 -5

2 24 -5 23.7 -3.5 -3.5 23.7 -5

2 24 -5 10.5 -6.5 -3.5 9 -5

2 24 -5 23.7 -6.5 -3.5 23.7 -5

4 16 -5 10.5 -6.5 -5 23.7 -6.5 -3.5 23.7 -5 -3.5 9 -5

4 16 -5 7.5 -3.5 -3.5 9 -5 -3.5 23.7 -5 -5 23.7 -3.5

3 16 -3.5 23.7 -5 -5 23.7 -6.5 -5 23.7 -3.5

1 16 5.5 23.7 5 0 0 0.5 0 -1 0 1.5 0 0 rect3.dat

1 16 5.5 15.6 3.5 0.5 0 0 0 0 -8.1 0 1 0 rect3.dat

1 16 5.5 17.1 6.5 -0.5 0 0 0 0 -6.6 0 -1 0 rect3.dat

2 24 3.5 23.7 5 3.5 9 5

2 24 5 7.5 3.5 3.5 9 5

2 24 5 23.7 3.5 3.5 23.7 5

2 24 5 10.5 6.5 3.5 9 5

2 24 5 23.7 6.5 3.5 23.7 5

4 16 5 10.5 6.5 5 23.7 6.5 3.5 23.7 5 3.5 9 5

4 16 5 7.5 3.5 3.5 9 5 3.5 23.7 5 5 23.7 3.5

3 16 3.5 23.7 5 5 23.7 6.5 5 23.7 3.5

1 16 5.5 23.7 -5 0 0 0.5 0 -1 0 1.5 0 0 rect3.dat

1 16 5.5 15.6 -3.5 -0.5 0 0 0 0 -8.1 0 -1 0 rect3.dat

1 16 5.5 17.1 -6.5 0.5 0 0 0 0 -6.6 0 1 0 rect3.dat

2 24 3.5 23.7 -5 3.5 9 -5

2 24 5 7.5 -3.5 3.5 9 -5

2 24 5 23.7 -3.5 3.5 23.7 -5

2 24 5 10.5 -6.5 3.5 9 -5

2 24 5 23.7 -6.5 3.5 23.7 -5

4 16 3.5 23.7 -5 5 23.7 -6.5 5 10.5 -6.5 3.5 9 -5

4 16 3.5 23.7 -5 3.5 9 -5 5 7.5 -3.5 5 23.7 -3.5

3 16 5 23.7 -6.5 3.5 23.7 -5 5 23.7 -3.5

0 NOFILE

0 FILE rect2p.dat
0 Rectangle with 2 Parallel Edges

0 Name: rect2p.dat

0 Author: Donald Sutter [technog]

0 !LDRAW_ORG Primitive UPDATE 2010-01

0 !LICENSE Licensed under CC BY 4.0 : see CAreadme.txt



0 BFC CERTIFY CCW



0 !HISTORY 2003-08-01 [PTadmin] Official Update 2003-02

0 !HISTORY 2007-06-24 [PTadmin] Header formatted for Contributor Agreement

0 !HISTORY 2008-07-01 [PTadmin] Official Update 2008-01

0 !HISTORY 2010-01-17 [mikeheide] changed winding to CCW

0 !HISTORY 2010-04-05 [PTadmin] Official Update 2010-01





2 24 1 0 1 -1 0 1

2 24 -1 0 -1 1 0 -1

4 16 -1 0 1 -1 0 -1 1 0 -1 1 0 1

0

0 NOFILE

0 FILE rect3.dat
0 Rectangle with 3 Edges

0 Name: rect3.dat

0 Author: Mark Kennedy [mkennedy]

0 !LDRAW_ORG Primitive UPDATE 2010-01

0 !LICENSE Licensed under CC BY 4.0 : see CAreadme.txt



0 BFC CERTIFY CCW



0 !HISTORY 2003-08-01 [PTadmin] Official Update 2003-02

0 !HISTORY 2007-06-24 [PTadmin] Header formatted for Contributor Agreement

0 !HISTORY 2008-07-01 [PTadmin] Official Update 2008-01

0 !HISTORY 2010-01-17 [mikeheide] Change winding to CCW

0 !HISTORY 2010-04-05 [PTadmin] Official Update 2010-01





2 24 1 0 1 -1 0 1

2 24 1 0 1 1 0 -1

2 24 -1 0 1 -1 0 -1

4 16 -1 0 1 -1 0 -1 1 0 -1 1 0 1

0 //

0 NOFILE

0 FILE rect1.dat
0 Rectangle with 1 Edge

0 Name: rect1.dat

0 Author: Chris Dee [cwdee]

0 !LDRAW_ORG Primitive UPDATE 2010-01

0 !LICENSE Licensed under CC BY 4.0 : see CAreadme.txt



0 BFC CERTIFY CCW



0 !HISTORY 2003-12-19 [PTadmin] Official Update 2003-03

0 !HISTORY 2007-06-24 [PTadmin] Header formatted for Contributor Agreement

0 !HISTORY 2008-07-01 [PTadmin] Official Update 2008-01

0 !HISTORY 2010-01-17 [mikeheide] changed winding to CCW

0 !HISTORY 2010-04-05 [PTadmin] Official Update 2010-01





2 24 1 0 -1 1 0 1

4 16 -1 0 1 -1 0 -1 1 0 -1 1 0 1

0

0 NOFILE

0 FILE rect.dat
0 Rectangle

0 Name: rect.dat

0 Author: James Jessiman

0 !LDRAW_ORG Primitive UPDATE 2010-01

0 !LICENSE Licensed under CC BY 4.0 : see CAreadme.txt



0 BFC CERTIFY CCW



0 !HISTORY 2002-04-05 [hafhead] Added BFC statement

0 !HISTORY 2002-04-25 [PTadmin] Official Update 2002-02

0 !HISTORY 2007-06-24 [PTadmin] Header formatted for Contributor Agreement

0 !HISTORY 2008-07-01 [PTadmin] Official Update 2008-01

0 !HISTORY 2010-01-17 [mikeheide] changed winding to CCW

0 !HISTORY 2010-04-05 [PTadmin] Official Update 2010-01





2 24 1 0 1 -1 0 1

2 24 -1 0 1 -1 0 -1

2 24 -1 0 -1 1 0 -1

2 24 1 0 -1 1 0 1

4 16 -1 0 1 -1 0 -1 1 0 -1 1 0 1

0

0 NOFILE

0 FILE box4o4a.dat
0 Box with 4 Faces (2 Parallel Pairs) without Bottom Edges

0 Name: box4o4a.dat

0 Author: Donald Sutter [technog]

0 !LDRAW_ORG Primitive UPDATE 2012-01

0 !LICENSE Licensed under CC BY 4.0 : see CAreadme.txt



0 BFC CERTIFY CCW



0 !HISTORY 2003-08-01 [PTadmin] Official Update 2003-02

0 !HISTORY 2007-06-24 [PTadmin] Header formatted for Contributor Agreement

0 !HISTORY 2008-07-01 [PTadmin] Official Update 2008-01

0 !HISTORY 2012-02-16 [Philo] Changed to CCW

0 !HISTORY 2012-03-30 [PTadmin] Official Update 2012-01





2 24 1 0 1 -1 0 1

2 24 -1 0 1 -1 0 -1

2 24 -1 0 -1 1 0 -1

2 24 1 0 -1 1 0 1

2 24 1 0 1 1 1 1

2 24 -1 0 1 -1 1 1

2 24 1 0 -1 1 1 -1

2 24 -1 0 -1 -1 1 -1

4 16 -1 1 1 -1 0 1 1 0 1 1 1 1

4 16 -1 1 -1 -1 0 -1 -1 0 1 -1 1 1

4 16 1 1 -1 1 0 -1 -1 0 -1 -1 1 -1

4 16 1 1 1 1 0 1 1 0 -1 1 1 -1

0 NOFILE

0 FILE 5404.dat
0 Slope Brick 18  2 x  1 x  0.667

0 Name: 5404.dat

0 Author: Gerald Lasser [GeraldLasser]

0 !LDRAW_ORG Part UPDATE 2025-09

0 !LICENSE Licensed under CC BY 4.0 : see CAreadme.txt



0 BFC CERTIFY CCW



0 !HISTORY 2024-03-04 {LEGO Instructions App} Original part shape

0 !HISTORY 2024-03-04 [GeraldLasser] File preparation for LDraw Parts Tracker

0 !HISTORY 2025-09-29 [OrionP] Official Update 2025-09



1 16 0 0 0 1 0 0 0 1 0 0 0 1 s__5404s01.dat

4 16 -10 -4 -20 10 -4 -20 10 -13.3 11 -10 -13.3 11

4 16 -7.5 -15.8 19.34 -10 -13.3 11 10 -13.3 11 7.5 -15.8 19.34
0 NOFILE

0 FILE s__5404s01.dat
0 ~Slope Brick 18  2 x  1 x  0.667 without Top Surfaces

0 Name: s\5404s01.dat

0 Author: Gerald Lasser [GeraldLasser]

0 !LDRAW_ORG Subpart UPDATE 2025-09

0 !LICENSE Licensed under CC BY 4.0 : see CAreadme.txt



0 BFC CERTIFY CCW



0 !HISTORY 2025-09-29 [OrionP] Official Update 2025-09



0 // Bottom

4 16 6 0 16 -6 0 16 -9 0 19 9 0 19

4 16 -6 0 -16 6 0 -16 9 0 -19 -9 0 -19

4 16 6 0 -16 6 0 16 9 0 19 9 0 -19

4 16 -6 0 16 -6 0 -16 -9 0 -19 -9 0 19

2 24 6 0 16 6 0 -16

2 24 -6 0 -16 -6 0 16

1 16 0 -1 0 0 0 -9 0 1 0 19 0 0 box4.dat

4 16 9 -1 19 -9 -1 19 -10 -1 20 10 -1 20

4 16 -9 -1 -19 9 -1 -19 10 -1 -20 -10 -1 -20

4 16 9 -1 -19 9 -1 19 10 -1 20 10 -1 -20

4 16 -9 -1 19 -9 -1 -19 -10 -1 -20 -10 -1 20

1 16 0 -1 0 10 0 0 0 1 0 0 0 20 recte4.dat



1 16 0 -1.68 -16 -6 0 0 0 0 -1.68 0 -1 0 rect.dat

1 16 0 -5 -10 6 0 0 0 -1 1.64 0 0 -6 2-4edge.dat

1 16 0 -5 -10 6 0 0 0 -1 1.64 0 0 -6 2-4ndis.dat

0 BFC INVERTNEXT

1 16 0 -5 -10 0 0 -6 0 1.68 0 6 0 0 1-4cyls2.dat

0 BFC INVERTNEXT

1 16 0 -5 -10 0 0 6 0 1.68 0 6 0 0 1-4cyls2.dat

1 16 0 -5 -10 6 0 0 0 -1 0 0 0 -6 2-4chrd.dat

1 16 0 -5 -10 6 0 0 0 -1 0 0 0 -6 2-4edge.dat

2 24 -6 -3.36 -16 -6 -5 -10

2 24 6 -3.36 -16 6 -5 -10

1 16 0 -8.10205 4.6422 6 0 0 0 -1 3.10205 0 0 -11.3578 rect3.dat

1 16 0 -5 -8.3578 0 0 -6 0 -1 0 -1.6422 0 0 rect2p.dat

1 16 0 -5.60205 16 0 0 6 5.60205 0 0 0 1 0 rect.dat

4 16 -6 -5 -10 -6 -3.36 -16 -6 0 -16 -6 -5 -6.7156

4 16 -6 -11.2041 16 -6 -5 -6.7156 -6 0 -16 -6 0 16

4 16 6 0 -16 6 -3.36 -16 6 -5 -10 6 -5 -6.7156

4 16 6 0 16 6 0 -16 6 -5 -6.7156 6 -11.2041 16



1 16 0 -5.7416 0 1 0 0 0 -1.4354 0 0 0 1 stud3a.dat

1 16 0 -5.7416 0 0 0 4 0 -1.0925 0 -4 0 0 4-4cyls.dat

1 16 0 -6.8342 0 0 0 4 1.0925 1 0 -4 0 0 4-4edge.dat



0 // Outside

1 16 0 -2.5 -20 10 0 0 0 0 -1.5 0 1 0 rect3.dat

4 16 10 -13.3 11 10 -4 -20 10 -1 -20 10 -1 20

3 16 10 -1 20 10 -13.3 19.34 10 -13.3 11

3 16 10 -13.3 19.34 10 -1 20 10 -13.3 20

2 24 10 -13.3 11 10 -4 -20

1 16 7.5 -13.3 19.34 0 0 2.5 -2.5 0 0 0 -8.34 0 1-4cyls.dat

1 16 7.5 -13.3 20 0 0 2.5 -2.5 0 0 0 -.66 0 1-4cyli.dat

1 16 7.5 -13.3 20 0 0 2.5 -2.5 0 0 0 -1 0 1-4edge.dat

1 16 7.5 -13.3 20 0 0 2.5 -2.5 0 0 0 -1 0 1-4chrd.dat

1 16 7.5 -13.3 11 0 0 2.5 -2.5 0 0 8.34 1 0 1-4edge.dat

1 16 7.5 -13.3 11 0 0 2.5 -2.5 0 0 8.34 1 0 1-4chrd.dat

4 16 -10 -1 -20 -10 -4 -20 -10 -13.3 11 -10 -1 20

3 16 -10 -13.3 19.34 -10 -1 20 -10 -13.3 11

3 16 -10 -1 20 -10 -13.3 19.34 -10 -13.3 20

2 24 -10 -4 -20 -10 -13.3 11

1 16 -7.5 -13.3 19.34 0 0 -2.5 -2.5 0 0 0 -8.34 0 1-4cyls.dat

1 16 -7.5 -13.3 20 0 0 -2.5 -2.5 0 0 0 -.66 0 1-4cyli.dat

1 16 -7.5 -13.3 20 0 0 -2.5 -2.5 0 0 0 -1 0 1-4edge.dat

1 16 -7.5 -13.3 20 0 0 -2.5 -2.5 0 0 0 -1 0 1-4chrd.dat

1 16 -7.5 -13.3 11 0 0 -2.5 -2.5 0 0 8.34 1 0 1-4edge.dat

1 16 -7.5 -13.3 11 0 0 -2.5 -2.5 0 0 8.34 1 0 1-4chrd.dat

4 16 10 -13.3 20 -10 -13.3 20 -7.5 -15.8 20 7.5 -15.8 20

1 16 0 -7.15 20 0 0 -10 6.15 0 0 0 -1 0 rect2p.dat

1 16 0 -15.8 19.67 -7.5 0 0 0 1 0 0 0 -.33 rect2p.dat
0 NOFILE

0 FILE 1-4chrd.dat
0 Chord 0.25

0 Name: 1-4chrd.dat

0 Author: Max Martin Richter [MMR1988]

0 !LDRAW_ORG Primitive UPDATE 2023-05

0 !LICENSE Licensed under CC BY 4.0 : see CAreadme.txt



0 BFC CERTIFY CCW



0 !HISTORY 2004-04-22 [PTadmin] Official Update 2004-02

0 !HISTORY 2007-10-09 [PTadmin] Header formatted for Contributor Agreement

0 !HISTORY 2008-07-01 [PTadmin] Official Update 2008-01

0 !HISTORY 2012-08-02 [MMR1988] Re-creation with PrimGen2 and Rectifier

0 !HISTORY 2012-08-09 [PTadmin] Official Update 2012-02

0 !HISTORY 2023-10-27 [OrionP] Change author to MMR1988 from hafhead

0 !HISTORY 2023-10-31 [OrionP] Official Update 2023-05



4 16 0.9239 0 0.3827 0.3827 0 0.9239 0 0 1 1 0 0

3 16 0.7071 0 0.7071 0.3827 0 0.9239 0.9239 0 0.3827
0 NOFILE

0 FILE 1-4edge.dat
0 Circle 0.25

0 Name: 1-4edge.dat

0 Author: James Jessiman

0 !LDRAW_ORG Primitive UPDATE 2017-01

0 !LICENSE Licensed under CC BY 4.0 : see CAreadme.txt



0 BFC CERTIFY CCW



0 !HISTORY 2007-06-22 [PTadmin] Header formatted for Contributor Agreement

0 !HISTORY 2008-07-01 [PTadmin] Official Update 2008-01

0 !HISTORY 2017-01-15 [Steffen] BFCed

0 !HISTORY 2017-12-30 [PTadmin] Official Update 2017-01





2 24 1 0 0 0.9239 0 0.3827

2 24 0.9239 0 0.3827 0.7071 0 0.7071

2 24 0.7071 0 0.7071 0.3827 0 0.9239

2 24 0.3827 0 0.9239 0 0 1

0 NOFILE

0 FILE 1-4cyli.dat
0 Cylinder 0.25

0 Name: 1-4cyli.dat

0 Author: James Jessiman

0 !LDRAW_ORG Primitive UPDATE 2012-01

0 !LICENSE Licensed under CC BY 4.0 : see CAreadme.txt



0 BFC CERTIFY CCW



0 !HISTORY 2002-03-23 [sbliss] Added BFC statement.

0 !HISTORY 2002-04-25 [PTadmin] Official Update 2002-02

0 !HISTORY 2007-06-22 [PTadmin] Header formatted for Contributor Agreement

0 !HISTORY 2008-07-01 [PTadmin] Official Update 2008-01

0 !HISTORY 2012-02-16 [Philo] Changed to CCW

0 !HISTORY 2012-03-30 [PTadmin] Official Update 2012-01





4 16 1 1 0 0.9239 1 0.3827 0.9239 0 0.3827 1 0 0

5 24 1 0 0 1 1 0 0.9239 0 0.3827 1 0 -1

4 16 0.9239 1 0.3827 0.7071 1 0.7071 0.7071 0 0.7071 0.9239 0 0.3827

5 24 0.9239 0 0.3827 0.9239 1 0.3827 0.7071 0 0.7071 1 0 0

4 16 0.7071 1 0.7071 0.3827 1 0.9239 0.3827 0 0.9239 0.7071 0 0.7071

5 24 0.7071 0 0.7071 0.7071 1 0.7071 0.3827 0 0.9239 0.9239 0 0.3827

4 16 0.3827 1 0.9239 0 1 1 0 0 1 0.3827 0 0.9239

5 24 0.3827 0 0.9239 0.3827 1 0.9239 0 0 1 0.7071 0 0.7071

5 24 0 0 1 0 1 1 0.3827 0 0.9239 -1 0 1

0 NOFILE

0 FILE 1-4cyls.dat
0 Cylinder Sloped 0.25

0 Name: 1-4cyls.dat

0 Author: James Jessiman

0 !LDRAW_ORG Primitive UPDATE 2012-01

0 !LICENSE Licensed under CC BY 4.0 : see CAreadme.txt



0 BFC CERTIFY CCW



0 !HISTORY 1998-12-15 [PTadmin] Official Update 1998-10

0 !HISTORY 2002-07-03 [sbliss] Added BFC statement

0 !HISTORY 2002-08-18 [PTadmin] Official Update 2002-04

0 !HISTORY 2007-06-22 [PTadmin] Header formatted for Contributor Agreement

0 !HISTORY 2008-07-01 [PTadmin] Official Update 2008-01

0 !HISTORY 2012-02-16 [Philo] Changed to CCW

0 !HISTORY 2012-03-30 [PTadmin] Official Update 2012-01





3 16 0.9239 0.0761 0.3827 0.9239 0 0.3827 1 0 0

4 16 0.9239 0.0761 0.3827 0.7071 0.2929 0.7071 0.7071 0 0.7071 0.9239 0 0.3827

4 16 0.7071 0.2929 0.7071 0.3827 0.6173 0.9239 0.3827 0 0.9239 0.7071 0 0.7071

4 16 0.3827 0.6173 0.9239 0 1 1 0 0 1 0.3827 0 0.9239



5 24 0.9239 0 0.3827 0.9239 0.0761 0.3827 0.7071 0 0.7071 1 0 0

5 24 0.7071 0 0.7071 0.7071 0.2929 0.7071 0.3827 0 0.9239 0.9239 0 0.3827

5 24 0.3827 0 0.9239 0.3827 0.6173 0.9239 0 0 1 0.7071 0 0.7071

5 24 0 0 1 0 1 1 0.3827 0 0.9239 -1 0 1

0 NOFILE

0 FILE 4-4edge.dat
0 Circle 1.0

0 Name: 4-4edge.dat

0 Author: James Jessiman

0 !LDRAW_ORG Primitive UPDATE 2017-01

0 !LICENSE Licensed under CC BY 4.0 : see CAreadme.txt



0 BFC CERTIFY CCW



0 !HISTORY 1998-12-15 [PTadmin] Official Update 1998-10

0 !HISTORY 2005-12-28 [PTadmin] Official Update 2005-01

0 !HISTORY 2007-06-24 [PTadmin] Header formatted for Contributor Agreement

0 !HISTORY 2008-07-01 [PTadmin] Official Update 2008-01

0 !HISTORY 2017-01-15 [Steffen] BFCed

0 !HISTORY 2017-12-30 [PTadmin] Official Update 2017-01





2 24 1 0 0 0.9239 0 0.3827

2 24 0.9239 0 0.3827 0.7071 0 0.7071

2 24 0.7071 0 0.7071 0.3827 0 0.9239

2 24 0.3827 0 0.9239 0 0 1

2 24 0 0 1 -0.3827 0 0.9239

2 24 -0.3827 0 0.9239 -0.7071 0 0.7071

2 24 -0.7071 0 0.7071 -0.9239 0 0.3827

2 24 -0.9239 0 0.3827 -1 0 -0

2 24 -1 0 -0 -0.9239 0 -0.3827

2 24 -0.9239 0 -0.3827 -0.7071 0 -0.7071

2 24 -0.7071 0 -0.7071 -0.3827 0 -0.9239

2 24 -0.3827 0 -0.9239 0 0 -1

2 24 0 0 -1 0.3827 0 -0.9239

2 24 0.3827 0 -0.9239 0.7071 0 -0.7071

2 24 0.7071 0 -0.7071 0.9239 0 -0.3827

2 24 0.9239 0 -0.3827 1 0 0

0 NOFILE

0 FILE 4-4cyls.dat
0 Cylinder Sloped 1.0

0 Name: 4-4cyls.dat

0 Author: Donald Sutter [technog]

0 !LDRAW_ORG Primitive UPDATE 2012-01

0 !LICENSE Licensed under CC BY 4.0 : see CAreadme.txt



0 BFC CERTIFY CCW



0 !HISTORY 2003-08-01 [PTadmin] Official Update 2003-02

0 !HISTORY 2007-06-24 [PTadmin] Header formatted for Contributor Agreement

0 !HISTORY 2008-07-01 [PTadmin] Official Update 2008-01

0 !HISTORY 2012-02-16 [Philo] Changed to CCW

0 !HISTORY 2012-03-30 [PTadmin] Official Update 2012-01





3 16 0.9239 0.0761 0.3827 0.9239 0 0.3827 1 0 0

5 24 0.9239 0 0.3827 0.9239 0.0761 0.3827 0.7071 0 0.7071 1 0 0

4 16 0.9239 0.0761 0.3827 0.7071 0.2929 0.7071 0.7071 0 0.7071 0.9239 0 0.3827

5 24 0.7071 0 0.7071 0.7071 0.2929 0.7071 0.3827 0 0.9239 0.9239 0 0.3827

4 16 0.7071 0.2929 0.7071 0.3827 0.6173 0.9239 0.3827 0 0.9239 0.7071 0 0.7071

5 24 0.3827 0 0.9239 0.3827 0.6173 0.9239 0 0 1 0.7071 0 0.7071

4 16 0.3827 0.6173 0.9239 0 1 1 0 0 1 0.3827 0 0.9239

5 24 0 0 1 0 1 1 -0.3827 0 0.9239 0.3827 0 0.9239

4 16 0 1 1 -0.3827 1.3827 0.9239 -0.3827 0 0.9239 0 0 1

5 24 -0.3827 0 0.9239 -0.3827 1.3827 0.9239 -0.7071 0 0.7071 0 0 1

4 16 -0.3827 1.3827 0.9239 -0.7071 1.7071 0.7071 -0.7071 0 0.7071 -0.3827 0 0.9239

5 24 -0.7071 0 0.7071 -0.7071 1.7071 0.7071 -0.9239 0 0.3827 -0.3827 0 0.9239

4 16 -0.7071 1.7071 0.7071 -0.9239 1.9239 0.3827 -0.9239 0 0.3827 -0.7071 0 0.7071

5 24 -0.9239 0 0.3827 -0.9239 1.9239 0.3827 -1 0 0 -0.7071 0 0.7071

4 16 -0.9239 1.9239 0.3827 -1 2 0 -1 0 0 -0.9239 0 0.3827

5 24 -1 0 0 -1 2 0 -0.9239 0 -0.3827 -0.9239 0 0.3827

4 16 -1 2 0 -0.9239 1.9239 -0.3827 -0.9239 0 -0.3827 -1 0 0

5 24 -0.9239 0 -0.3827 -0.9239 1.9239 -0.3827 -1 0 0 -0.7071 0 -0.7071

4 16 -0.9239 1.9239 -0.3827 -0.7071 1.7071 -0.7071 -0.7071 0 -0.7071 -0.9239 0 -0.3827

5 24 -0.7071 0 -0.7071 -0.7071 1.7071 -0.7071 -0.9239 0 -0.3827 -0.3827 0 -0.9239

4 16 -0.7071 1.7071 -0.7071 -0.3827 1.3827 -0.9239 -0.3827 0 -0.9239 -0.7071 0 -0.7071

5 24 -0.3827 0 -0.9239 -0.3827 1.3827 -0.9239 -0.7071 0 -0.7071 0 0 -1

4 16 -0.3827 1.3827 -0.9239 0 1 -1 0 0 -1 -0.3827 0 -0.9239

5 24 0 0 -1 0 1 -1 -0.3827 0 -0.9239 0.3827 0 -0.9239

4 16 0 1 -1 0.3827 0.6173 -0.9239 0.3827 0 -0.9239 0 0 -1

5 24 0.3827 0 -0.9239 0.3827 0.6173 -0.9239 0 0 -1 0.7071 0 -0.7071

4 16 0.3827 0.6173 -0.9239 0.7071 0.2929 -0.7071 0.7071 0 -0.7071 0.3827 0 -0.9239

5 24 0.7071 0 -0.7071 0.7071 0.2929 -0.7071 0.3827 0 -0.9239 0.9239 0 -0.3827

4 16 0.7071 0.2929 -0.7071 0.9239 0.0761 -0.3827 0.9239 0 -0.3827 0.7071 0 -0.7071

5 24 0.9239 0 -0.3827 0.9239 0.0761 -0.3827 0.7071 0 -0.7071 1 0 0

3 16 0.9239 0 -0.3827 0.9239 0.0761 -0.3827 1 0 0

0 NOFILE

0 FILE stud3a.dat
0 Stud Tube Solid without Base Edges

0 Name: stud3a.dat

0 Author: James Jessiman

0 !LDRAW_ORG Primitive UPDATE 2003-02

0 !LICENSE Licensed under CC BY 4.0 : see CAreadme.txt



0 BFC CERTIFY CCW



0 !HISTORY 2002-08-31 [izanette] Modified with WINDZ for BFC compliance

0 !HISTORY 2003-08-01 [PTadmin] Official Update 2003-02

0 !HISTORY 2007-06-24 [PTadmin] Header formatted for Contributor Agreement

0 !HISTORY 2008-07-01 [PTadmin] Official Update 2008-01





1 16 0 -4 0 4 0 0 0 1 0 0 0 4 4-4edge.dat

1 16 0 -4 0 4 0 0 0 1 0 0 0 4 4-4disc.dat

1 16 0 -4 0 4 0 0 0 4 0 0 0 4 4-4cyli.dat

0



0 NOFILE

0 FILE 4-4cyli.dat
0 Cylinder 1.0

0 Name: 4-4cyli.dat

0 Author: James Jessiman

0 !LDRAW_ORG Primitive UPDATE 2005-01

0 !LICENSE Licensed under CC BY 4.0 : see CAreadme.txt



0 BFC CERTIFY CCW



0 !HISTORY 1998-12-15 [PTadmin] Official Update 1998-10

0 !HISTORY 2002-03-23 [sbliss] Added BFC statement; merged headers from files in distributions LDraw 0.27 and Complete.

0 !HISTORY 2002-04-25 [PTadmin] Official Update 2002-02

0 !HISTORY 2004-12-14 [guyvivan] BFC CCW

0 !HISTORY 2005-12-28 [PTadmin] Official Update 2005-01

0 !HISTORY 2007-06-24 [PTadmin] Header formatted for Contributor Agreement

0 !HISTORY 2008-07-01 [PTadmin] Official Update 2008-01





4 16 1 1 0 0.9239 1 0.3827 0.9239 0 0.3827 1 0 0

5 24 1 0 0 1 1 0 0.9239 0 0.3827 0.9239 0 -0.3827

4 16 0.9239 1 0.3827 0.7071 1 0.7071 0.7071 0 0.7071 0.9239 0 0.3827

5 24 0.9239 0 0.3827 0.9239 1 0.3827 0.7071 0 0.7071 1 0 0

4 16 0.7071 1 0.7071 0.3827 1 0.9239 0.3827 0 0.9239 0.7071 0 0.7071

5 24 0.7071 0 0.7071 0.7071 1 0.7071 0.3827 0 0.9239 0.9239 0 0.3827

4 16 0.3827 1 0.9239 0 1 1 0 0 1 0.3827 0 0.9239

5 24 0.3827 0 0.9239 0.3827 1 0.9239 0 0 1 0.7071 0 0.7071

4 16 0 1 1 -0.3827 1 0.9239 -0.3827 0 0.9239 0 0 1

5 24 0 0 1 0 1 1 -0.3827 0 0.9239 0.3827 0 0.9239

4 16 -0.3827 1 0.9239 -0.7071 1 0.7071 -0.7071 0 0.7071 -0.3827 0 0.9239

5 24 -0.3827 0 0.9239 -0.3827 1 0.9239 -0.7071 0 0.7071 0 0 1

4 16 -0.7071 1 0.7071 -0.9239 1 0.3827 -0.9239 0 0.3827 -0.7071 0 0.7071

5 24 -0.7071 0 0.7071 -0.7071 1 0.7071 -0.9239 0 0.3827 -0.3827 0 0.9239

4 16 -0.9239 1 0.3827 -1 1 0 -1 0 0 -0.9239 0 0.3827

5 24 -0.9239 0 0.3827 -0.9239 1 0.3827 -1 0 0 -0.7071 0 0.7071

4 16 -1 1 0 -0.9239 1 -0.3827 -0.9239 0 -0.3827 -1 0 0

5 24 -1 0 0 -1 1 0 -0.9239 0 -0.3827 -0.9239 0 0.3827

4 16 -0.9239 1 -0.3827 -0.7071 1 -0.7071 -0.7071 0 -0.7071 -0.9239 0 -0.3827

5 24 -0.9239 0 -0.3827 -0.9239 1 -0.3827 -0.7071 0 -0.7071 -1 0 0

4 16 -0.7071 1 -0.7071 -0.3827 1 -0.9239 -0.3827 0 -0.9239 -0.7071 0 -0.7071

5 24 -0.7071 0 -0.7071 -0.7071 1 -0.7071 -0.3827 0 -0.9239 -0.9239 0 -0.3827

4 16 -0.3827 1 -0.9239 0 1 -1 0 0 -1 -0.3827 0 -0.9239

5 24 -0.3827 0 -0.9239 -0.3827 1 -0.9239 0 0 -1 -0.7071 0 -0.7071

4 16 0 1 -1 0.3827 1 -0.9239 0.3827 0 -0.9239 0 0 -1

5 24 0 0 -1 0 1 -1 0.3827 0 -0.9239 -0.3827 0 -0.9239

4 16 0.3827 1 -0.9239 0.7071 1 -0.7071 0.7071 0 -0.7071 0.3827 0 -0.9239

5 24 0.3827 0 -0.9239 0.3827 1 -0.9239 0.7071 0 -0.7071 0 0 -1

4 16 0.7071 1 -0.7071 0.9239 1 -0.3827 0.9239 0 -0.3827 0.7071 0 -0.7071

5 24 0.7071 0 -0.7071 0.7071 1 -0.7071 0.9239 0 -0.3827 0.3827 0 -0.9239

4 16 0.9239 1 -0.3827 1 1 0 1 0 0 0.9239 0 -0.3827

5 24 0.9239 0 -0.3827 0.9239 1 -0.3827 1 0 0 0.7071 0 -0.7071

0

0 NOFILE

0 FILE 2-4chrd.dat
0 Chord 0.5

0 Name: 2-4chrd.dat

0 Author: Philippe Hurbain [Philo]

0 !LDRAW_ORG Primitive UPDATE 2014-01

0 !LICENSE Licensed under CC BY 4.0 : see CAreadme.txt



0 BFC CERTIFY CCW



0 !HISTORY 2014-06-21 [PTadmin] Official Update 2014-01





4 16 0.9239 0 0.3827 -0.9239 0 0.3827 -1 0 0 1 0 0

4 16 0.7071 0 0.7071 -0.7071 0 0.7071 -0.9239 0 0.3827 0.9239 0 0.3827

4 16 0.3827 0 0.9239 -0.3827 0 0.9239 -0.7071 0 0.7071 0.7071 0 0.7071

3 16 0 0 1 -0.3827 0 0.9239 0.3827 0 0.9239

0 NOFILE

0 FILE 1-4cyls2.dat
0 Cylinder Sloped 0.25 Convex

0 Name: 1-4cyls2.dat

0 Author: Chris Dee [cwdee]

0 !LDRAW_ORG Primitive UPDATE 2012-01

0 !LICENSE Licensed under CC BY 4.0 : see CAreadme.txt



0 BFC CERTIFY CCW



0 !HISTORY 1999-02-01 [PTadmin] Official Update 1999-01

0 !HISTORY 2002-07-03 [sbliss] Added BFC statement, reformatted title to fit 0.27 convention

0 !HISTORY 2002-08-18 [PTadmin] Official Update 2002-04

0 !HISTORY 2007-06-22 [PTadmin] Header formatted for Contributor Agreement

0 !HISTORY 2008-07-01 [PTadmin] Official Update 2008-01

0 !HISTORY 2012-02-16 [Philo] Changed to CCW

0 !HISTORY 2012-03-30 [PTadmin] Official Update 2012-01





3 16 -0.3827 0.3827 0.9239 -0.3827 0 0.9239 0 0 1

4 16 -0.3827 0.3827 0.9239 -0.7071 0.7071 0.7071 -0.7071 0 0.7071 -0.3827 0 0.9239

4 16 -0.7071 0.7071 0.7071 -0.9239 0.9239 0.3827 -0.9239 0 0.3827 -0.7071 0 0.7071

4 16 -0.9239 0.9239 0.3827 -1 1 0 -1 0 0 -0.9239 0 0.3827



5 24 -0.3827 0 0.9239 -0.3827 0.3827 0.9239 -0.7071 0 0.7071 0 0 1

5 24 -0.7071 0 0.7071 -0.7071 0.7071 0.7071 -0.9239 0 0.3827 -0.3827 0 0.9239

5 24 -0.9239 0 0.3827 -0.9239 0.9239 0.3827 -1 0 0 -0.7071 0 0.7071

5 24 -1 0 0 -1 1 0 -1 0 -1 -0.9239 0 0.3827

0 NOFILE

0 FILE recte4.dat
0 Rectangle Empty with 4 Edges

0 Name: recte4.dat

0 Author: Steffen [Steffen]

0 !LDRAW_ORG Primitive UPDATE 2010-03

0 !LICENSE Licensed under CC BY 4.0 : see CAreadme.txt



0 BFC CERTIFY CCW



0 !HISTORY 2010-12-31 [PTadmin] Official Update 2010-03





2 24 1 0 1 -1 0 1

2 24 -1 0 1 -1 0 -1

2 24 -1 0 -1 1 0 -1

2 24 1 0 -1 1 0 1

0 NOFILE

0 FILE box4.dat
0 Box with 4 Faces (2 Parallel Pairs) and All Edges

0 Name: box4.dat

0 Author: James Jessiman

0 !LDRAW_ORG Primitive UPDATE 2012-01

0 !LICENSE Licensed under CC BY 4.0 : see CAreadme.txt



0 BFC CERTIFY CCW



0 !HISTORY 2002-04-03 [sbliss] Modified for BFC compliance

0 !HISTORY 2002-04-25 [PTadmin] Official Update 2002-02

0 !HISTORY 2007-06-24 [PTadmin] Header formatted for Contributor Agreement

0 !HISTORY 2008-07-01 [PTadmin] Official Update 2008-01

0 !HISTORY 2012-02-16 [Philo] Changed to CCW

0 !HISTORY 2012-03-30 [PTadmin] Official Update 2012-01





2 24 1 1 1 -1 1 1

2 24 -1 1 1 -1 1 -1

2 24 -1 1 -1 1 1 -1

2 24 1 1 -1 1 1 1

2 24 1 0 1 -1 0 1

2 24 -1 0 1 -1 0 -1

2 24 -1 0 -1 1 0 -1

2 24 1 0 -1 1 0 1

2 24 1 0 1 1 1 1

2 24 -1 0 1 -1 1 1

2 24 1 0 -1 1 1 -1

2 24 -1 0 -1 -1 1 -1

4 16 -1 1 1 -1 0 1 1 0 1 1 1 1

4 16 -1 1 -1 -1 0 -1 -1 0 1 -1 1 1

4 16 1 1 -1 1 0 -1 -1 0 -1 -1 1 -1

4 16 1 1 1 1 0 1 1 0 -1 1 1 -1

0 NOFILE

0 FILE 4733.dat
0 Brick  1 x  1 with Studs on Four Sides

0 Name: 4733.dat

0 Author: James Jessiman

0 !LDRAW_ORG Part UPDATE 2024-01

0 !LICENSE Licensed under CC BY 4.0 : see CAreadme.txt



0 BFC CERTIFY CCW



0 !KEYWORDS Travis Brick



0 !HISTORY 1998-06-20 [PTadmin] Official Update 1998-06

0 !HISTORY 2003-06-08 [jriley] BFC compliant

0 !HISTORY 2003-12-19 [PTadmin] Official Update 2003-03

0 !HISTORY 2004-07-24 [cwdee] Add "Four" to part title

0 !HISTORY 2004-11-06 [PTadmin] Official Update 2004-04

0 !HISTORY 2007-07-08 [PTadmin] Header formatted for Contributor Agreement

0 !HISTORY 2008-07-01 [PTadmin] Official Update 2008-01

0 !HISTORY 2023-04-08 [MagFors] Unmirrored stud primitives

0 !HISTORY 2024-01-29 [OrionP] Official Update 2024-01



1 16 0 12 0 10 0 0 0 12 0 0 0 10 box0.dat

1 16 0 14 0 6 0 0 0 10 0 0 0 6 box0.dat



1 16 0 4 0 4 0 0 0 -1 0 0 0 4 4-4edge.dat

1 16 6 10 0 0 -1 0 4 0 0 0 0 4 4-4edge.dat

1 16 0 10 -6 4 0 0 0 0 4 0 -1 0 4-4edge.dat

1 16 -6 10 0 0 1 0 4 0 0 0 0 4 4-4edge.dat

1 16 0 10 6 4 0 0 0 0 4 0 1 0 4-4edge.dat



1 16 0 0 0 6 0 0 0 1 0 0 0 6 4-4edge.dat

1 16 10 10 0 0 1 0 6 0 0 0 0 6 4-4edge.dat

1 16 0 10 -10 6 0 0 0 0 6 0 1 0 4-4edge.dat

1 16 -10 10 0 0 1 0 6 0 0 0 0 6 4-4edge.dat

1 16 0 10 10 6 0 0 0 0 6 0 1 0 4-4edge.dat



1 16 0 4 0 4 0 0 0 -1 0 0 0 4 4-4ndis.dat

1 16 6 10 0 0 1 0 4 0 0 0 0 4 4-4ndis.dat

1 16 0 10 -6 -4 0 0 0 0 4 0 -1 0 4-4ndis.dat

1 16 -6 10 0 0 -1 0 4 0 0 0 0 -4 4-4ndis.dat

1 16 0 10 6 4 0 0 0 0 4 0 1 0 4-4ndis.dat



1 16 0 0 0 6 0 0 0 1 0 0 0 6 4-4ndis.dat

1 16 10 10 0 0 -1 0 6 0 0 0 0 -6 4-4ndis.dat

1 16 0 10 -10 6 0 0 0 0 6 0 1 0 4-4ndis.dat

1 16 -10 10 0 0 1 0 6 0 0 0 0 6 4-4ndis.dat

1 16 0 10 10 -6 0 0 0 0 6 0 -1 0 4-4ndis.dat



0 BFC INVERTNEXT

1 16 0 0 0 4 0 0 0 4 0 0 0 4 4-4cyli.dat

0 BFC INVERTNEXT

1 16 10 10 0 0 -4 0 4 0 0 0 0 4 4-4cyli.dat

0 BFC INVERTNEXT

1 16 0 10 -10 4 0 0 0 0 4 0 4 0 4-4cyli.dat

0 BFC INVERTNEXT

1 16 -10 10 0 0 4 0 4 0 0 0 0 4 4-4cyli.dat

0 BFC INVERTNEXT

1 16 0 10 10 4 0 0 0 0 4 0 -4 0 4-4cyli.dat



4 16 10 24 10 6 24 6 -6 24 6 -10 24 10

4 16 -10 24 10 -6 24 6 -6 24 -6 -10 24 -10

4 16 -10 24 -10 -6 24 -6 6 24 -6 10 24 -10

4 16 10 24 -10 6 24 -6 6 24 6 10 24 10

4 16 6 4 6 4 4 4 -4 4 4 -6 4 6

4 16 -6 4 6 -4 4 4 -4 4 -4 -6 4 -6

4 16 -6 4 -6 -4 4 -4 4 4 -4 6 4 -6

4 16 6 4 -6 4 4 -4 4 4 4 6 4 6

4 16 -10 0 10 -6 0 6 6 0 6 10 0 10

4 16 -10 0 -10 -6 0 -6 -6 0 6 -10 0 10

4 16 10 0 -10 6 0 -6 -6 0 -6 -10 0 -10

4 16 10 0 10 6 0 6 6 0 -6 10 0 -10

4 16 -10 24 10 -6 16 10 6 16 10 10 24 10

4 16 -10 24 10 -10 0 10 -6 4 10 -6 16 10

4 16 10 0 10 6 4 10 -6 4 10 -10 0 10

4 16 10 0 10 10 24 10 6 16 10 6 4 10

4 16 6 24 6 4 14 6 -4 14 6 -6 24 6

4 16 -6 24 6 -4 14 6 -4 6 6 -6 4 6

4 16 -6 4 6 -4 6 6 4 6 6 6 4 6

4 16 6 4 6 4 6 6 4 14 6 6 24 6

4 16 -6 24 -6 -4 14 -6 4 14 -6 6 24 -6

4 16 6 24 -6 4 14 -6 4 6 -6 6 4 -6

4 16 6 4 -6 4 6 -6 -4 6 -6 -6 4 -6

4 16 -6 4 -6 -4 6 -6 -4 14 -6 -6 24 -6

4 16 10 24 -10 6 16 -10 -6 16 -10 -10 24 -10

4 16 -10 24 -10 -6 16 -10 -6 4 -10 -10 0 -10

4 16 -10 0 -10 -6 4 -10 6 4 -10 10 0 -10

4 16 10 0 -10 6 4 -10 6 16 -10 10 24 -10

4 16 10 24 10 10 16 6 10 16 -6 10 24 -10

4 16 10 24 -10 10 16 -6 10 4 -6 10 0 -10

4 16 10 0 -10 10 4 -6 10 4 6 10 0 10

4 16 10 0 10 10 4 6 10 16 6 10 24 10

4 16 6 24 -6 6 14 -4 6 14 4 6 24 6

4 16 6 24 6 6 14 4 6 6 4 6 4 6

4 16 6 4 6 6 6 4 6 6 -4 6 4 -6

4 16 6 4 -6 6 6 -4 6 14 -4 6 24 -6

4 16 -6 24 6 -6 14 4 -6 14 -4 -6 24 -6

4 16 -6 24 -6 -6 14 -4 -6 6 -4 -6 4 -6

4 16 -6 4 -6 -6 6 -4 -6 6 4 -6 4 6

4 16 -6 4 6 -6 6 4 -6 14 4 -6 24 6

4 16 -10 24 -10 -10 16 -6 -10 16 6 -10 24 10

4 16 -10 24 -10 -10 0 -10 -10 4 -6 -10 16 -6

4 16 -10 0 10 -10 4 6 -10 4 -6 -10 0 -10

4 16 -10 0 10 -10 24 10 -10 16 6 -10 4 6



1 16 0 0 0 1 0 0 0 1 0 0 0 1 stud2a.dat

1 16 10 10 0 0 -1 0 1 0 0 0 0 1 stud2a.dat

1 16 0 10 -10 0 0 1 1 0 0 0 1 0 stud2a.dat

1 16 -10 10 0 0 1 0 1 0 0 0 0 -1 stud2a.dat

1 16 0 10 10 0 0 -1 1 0 0 0 -1 0 stud2a.dat

0 NOFILE

0 FILE stud2a.dat
0 Stud Open without Base Edges

0 Name: stud2a.dat

0 Author: James Jessiman

0 !LDRAW_ORG Primitive UPDATE 2009-02

0 !LICENSE Licensed under CC BY 4.0 : see CAreadme.txt



0 BFC CERTIFY CCW



0 !HISTORY 1999-07-05 [PTadmin] Official Update 1999-05

0 !HISTORY 2002-04-04 [sbliss] Modified for BFC compliance

0 !HISTORY 2002-04-25 [PTadmin] Official Update 2002-02

0 !HISTORY 2007-06-24 [PTadmin] Header formatted for Contributor Agreement

0 !HISTORY 2008-07-01 [PTadmin] Official Update 2008-01

0 !HISTORY 2009-06-21 [cwdee] Update ring references to 4-4ring

0 !HISTORY 2009-09-03 [PTadmin] Official Update 2009-02





1 16 0 -4 0 4 0 0 0 1 0 0 0 4 4-4edge.dat

1 16 0 -4 0 6 0 0 0 1 0 0 0 6 4-4edge.dat

0 BFC INVERTNEXT

1 16 0 -4 0 4 0 0 0 4 0 0 0 4 4-4cyli.dat

1 16 0 -4 0 6 0 0 0 4 0 0 0 6 4-4cyli.dat

1 16 0 -4 0 2 0 0 0 1 0 0 0 2 4-4ring2.dat

0

0 NOFILE

0 FILE 4-4ring2.dat
0 Ring  2 x 1.0

0 Name: 4-4ring2.dat

0 Author: James Jessiman

0 !LDRAW_ORG Primitive UPDATE 2009-01

0 !LICENSE Licensed under CC BY 4.0 : see CAreadme.txt



0 BFC CERTIFY CCW



0 !HISTORY 1998-12-15 [PTadmin] Official Update 1998-10

0 !HISTORY 2002-04-05 [hafhead] Added BFC statement

0 !HISTORY 2002-04-25 [PTadmin] Official Update 2002-02

0 !HISTORY 2007-06-24 [PTadmin] Header formatted for Contributor Agreement

0 !HISTORY 2008-07-01 [PTadmin] Official Update 2008-01

0 !HISTORY 2008-08-26 [cwdee] Switch polygon winding and rename

0 !HISTORY 2009-05-02 [PTadmin] Official Update 2009-01





4 16 -1.1481 0 2.7717 -0.7654 0 1.8478 0 0 2 0 0 3

4 16 -2.1213 0 2.1213 -1.4142 0 1.4142 -0.7654 0 1.8478 -1.1481 0 2.7717

4 16 -2.7717 0 1.1481 -1.8478 0 0.7654 -1.4142 0 1.4142 -2.1213 0 2.1213

4 16 -3 0 0 -2 0 0 -1.8478 0 0.7654 -2.7717 0 1.1481

4 16 -2.7717 0 -1.1481 -1.8478 0 -0.7654 -2 0 0 -3 0 0

4 16 -2.1213 0 -2.1213 -1.4142 0 -1.4142 -1.8478 0 -0.7654 -2.7717 0 -1.1481

4 16 -1.1481 0 -2.7717 -0.7654 0 -1.8478 -1.4142 0 -1.4142 -2.1213 0 -2.1213

4 16 0 0 -3 0 0 -2 -0.7654 0 -1.8478 -1.1481 0 -2.7717

4 16 1.1481 0 -2.7717 0.7654 0 -1.8478 0 0 -2 0 0 -3

4 16 2.1213 0 -2.1213 1.4142 0 -1.4142 0.7654 0 -1.8478 1.1481 0 -2.7717

4 16 2.7717 0 -1.1481 1.8478 0 -0.7654 1.4142 0 -1.4142 2.1213 0 -2.1213

4 16 3 0 0 2 0 0 1.8478 0 -0.7654 2.7717 0 -1.1481

4 16 2.7717 0 1.1481 1.8478 0 0.7654 2 0 0 3 0 0

4 16 2.1213 0 2.1213 1.4142 0 1.4142 1.8478 0 0.7654 2.7717 0 1.1481

4 16 1.1481 0 2.7717 0.7654 0 1.8478 1.4142 0 1.4142 2.1213 0 2.1213

4 16 0 0 3 0 0 2 0.7654 0 1.8478 1.1481 0 2.7717

0

0 NOFILE

0 FILE 4-4ndis.dat
0 Disc Negative 1.0

0 Name: 4-4ndis.dat

0 Author: James Jessiman

0 !LDRAW_ORG Primitive UPDATE 2012-01

0 !LICENSE Licensed under CC BY 4.0 : see CAreadme.txt



0 BFC CERTIFY CCW



0 !HISTORY 2002-03-23 [sbliss] Added BFC statement; compacted code

0 !HISTORY 2002-04-25 [PTadmin] Official Update 2002-02

0 !HISTORY 2007-06-24 [PTadmin] Header formatted for Contributor Agreement

0 !HISTORY 2008-07-01 [PTadmin] Official Update 2008-01

0 !HISTORY 2012-02-16 [Philo] Changed to CCW

0 !HISTORY 2012-03-30 [PTadmin] Official Update 2012-01





3 16 0.9239 0 0.3827 1 0 0 1 0 1

3 16 0.7071 0 0.7071 0.9239 0 0.3827 1 0 1

3 16 0.3827 0 0.9239 0.7071 0 0.7071 1 0 1

3 16 0 0 1 0.3827 0 0.9239 1 0 1

3 16 -0.3827 0 0.9239 0 0 1 -1 0 1

3 16 -0.7071 0 0.7071 -0.3827 0 0.9239 -1 0 1

3 16 -0.9239 0 0.3827 -0.7071 0 0.7071 -1 0 1

3 16 -1 0 0 -0.9239 0 0.3827 -1 0 1

3 16 -0.9239 0 -0.3827 -1 0 0 -1 0 -1

3 16 -0.7071 0 -0.7071 -0.9239 0 -0.3827 -1 0 -1

3 16 -0.3827 0 -0.9239 -0.7071 0 -0.7071 -1 0 -1

3 16 0 0 -1 -0.3827 0 -0.9239 -1 0 -1

3 16 0.3827 0 -0.9239 0 0 -1 1 0 -1

3 16 0.7071 0 -0.7071 0.3827 0 -0.9239 1 0 -1

3 16 0.9239 0 -0.3827 0.7071 0 -0.7071 1 0 -1

3 16 1 0 0 0.9239 0 -0.3827 1 0 -1

0 NOFILE

0 FILE box0.dat
0 Box with 0 Faces and All Edges

0 Name: box0.dat

0 Author: Santeri Piippo [arezey]

0 !LDRAW_ORG Primitive UPDATE 2010-02

0 !LICENSE Licensed under CC BY 4.0 : see CAreadme.txt



0 BFC CERTIFY CCW



0 !HISTORY 2010-07-05 [PTadmin] Official Update 2010-02





2 24 -1 1 -1 1 1 -1

2 24 -1 -1 -1 1 -1 -1

2 24 1 1 1 1 1 -1

2 24 1 -1 1 1 -1 -1

2 24 -1 1 1 -1 1 -1

2 24 -1 -1 1 -1 -1 -1

2 24 1 1 1 -1 1 1

2 24 1 -1 1 -1 -1 1

2 24 1 -1 1 1 1 1

2 24 -1 -1 1 -1 1 1

2 24 -1 -1 -1 -1 1 -1

2 24 1 -1 -1 1 1 -1

0 //

0 NOFILE

0 FILE 3395.dat
0 Tile  2 x  4 Inverted with Groove

0 Name: 3395.dat

0 Author: Gerald Lasser [GeraldLasser]

0 !LDRAW_ORG Part UPDATE 2024-01

0 !LICENSE Licensed under CC BY 4.0 : see CAreadme.txt



0 BFC CERTIFY CCW



0 !HISTORY 2024-01-29 [OrionP] Official Update 2024-01





1 16 0 0 0 1 0 0 0 1 0 0 0 1 s__3395s01.dat



4 16 -40 8 -20 -40 8 20 40 8 20 40 8 -20

0 NOFILE

0 FILE s__3395s01.dat
0 ~Tile  2 x  4 Inverted with Groove without Patternable Surface

0 Name: s\3395s01.dat

0 Author: Gerald Lasser [GeraldLasser]

0 !LDRAW_ORG Subpart UPDATE 2024-01

0 !LICENSE Licensed under CC BY 4.0 : see CAreadme.txt



0 BFC CERTIFY CCW



0 !HISTORY 2024-01-29 [OrionP] Official Update 2024-01





4 16 37.5 0 17.5 37.5 0 -17.5 39 0 -19 39 0 19

4 16 37.5 0 17.5 39 0 19 -39 0 19 -37.5 0 17.5

4 16 -37.5 0 17.5 -39 0 19 -39 0 -19 -37.5 0 -17.5

4 16 37.5 0 -17.5 -37.5 0 -17.5 -39 0 -19 39 0 -19

0 BFC INVERTNEXT

1 16 0 0 0 -37.5 0 0 0 4 0 0 0 17.5 box5.dat

1 16 0 0 0 -39 0 0 0 1 0 0 0 19 box4.dat

1 16 0 1 0 -40 0 0 0 7 0 0 0 20 box4.dat

4 16 -40 1 20 -39 1 19 39 1 19 40 1 20

4 16 40 1 20 39 1 19 39 1 -19 40 1 -20

4 16 40 1 -20 39 1 -19 -39 1 -19 -40 1 -20

4 16 -40 1 -20 -39 1 -19 -39 1 19 -40 1 20



0 // Studs

1 16 -30 0 10 -1 0 0 0 1 0 0 0 1 stud2a.dat

1 16 -30 0 10 -1 0 0 0 4 0 0 0 1 stud2s2e.dat

1 16 -30 4 10 -3.5 0 0 0 1 0 0 0 3.5 4-4edge.dat

1 16 -30 4 10 -6 0 0 0 1 0 0 0 6 4-4edge.dat

1 16 -10 0 10 -1 0 0 0 1 0 0 0 1 stud2a.dat

1 16 -10 0 10 -1 0 0 0 4 0 0 0 1 stud2s2e.dat

1 16 -10 4 10 -3.5 0 0 0 1 0 0 0 3.5 4-4edge.dat

1 16 -10 4 10 -6 0 0 0 1 0 0 0 6 4-4edge.dat

1 16 -30 0 -10 -1 0 0 0 1 0 0 0 1 stud2a.dat

1 16 -30 0 -10 -1 0 0 0 4 0 0 0 1 stud2s2e.dat

1 16 -30 4 -10 -3.5 0 0 0 1 0 0 0 3.5 4-4edge.dat

1 16 -30 4 -10 -6 0 0 0 1 0 0 0 6 4-4edge.dat

1 16 -10 0 -10 -1 0 0 0 1 0 0 0 1 stud2a.dat

1 16 -10 0 -10 -1 0 0 0 4 0 0 0 1 stud2s2e.dat

1 16 -10 4 -10 -3.5 0 0 0 1 0 0 0 3.5 4-4edge.dat

1 16 -10 4 -10 -6 0 0 0 1 0 0 0 6 4-4edge.dat

1 16 30 0 10 -1 0 0 0 1 0 0 0 1 stud2a.dat

1 16 30 0 10 -1 0 0 0 4 0 0 0 1 stud2s2e.dat

1 16 30 4 10 -3.5 0 0 0 1 0 0 0 3.5 4-4edge.dat

1 16 30 4 10 -6 0 0 0 1 0 0 0 6 4-4edge.dat

1 16 10 0 10 -1 0 0 0 1 0 0 0 1 stud2a.dat

1 16 10 0 10 -1 0 0 0 4 0 0 0 1 stud2s2e.dat

1 16 10 4 10 -3.5 0 0 0 1 0 0 0 3.5 4-4edge.dat

1 16 10 4 10 -6 0 0 0 1 0 0 0 6 4-4edge.dat

1 16 30 0 -10 -1 0 0 0 1 0 0 0 1 stud2a.dat

1 16 30 0 -10 -1 0 0 0 4 0 0 0 1 stud2s2e.dat

1 16 30 4 -10 -3.5 0 0 0 1 0 0 0 3.5 4-4edge.dat

1 16 30 4 -10 -6 0 0 0 1 0 0 0 6 4-4edge.dat

1 16 10 0 -10 -1 0 0 0 1 0 0 0 1 stud2a.dat

1 16 10 0 -10 -1 0 0 0 4 0 0 0 1 stud2s2e.dat

1 16 10 4 -10 -3.5 0 0 0 1 0 0 0 3.5 4-4edge.dat

1 16 10 4 -10 -6 0 0 0 1 0 0 0 6 4-4edge.dat



0 // Fillets

1 16 24 4 10 1.5 0 0 0 -4 0 0 0 1.5 boxjcyl4.dat

1 16 16 4 10 -1.5 0 0 0 -4 0 0 0 1.5 boxjcyl4.dat

1 16 17.25 4 10 1.25 0 0 0 -4 0 0 0 1.5 box3u8p.dat

1 16 22.75 4 10 1.25 0 0 0 -4 0 0 0 1.5 box3u8p.dat

1 16 20 2 8.5 1.5 0 0 0 0 -2 0 -4 0 box4-2p.dat

1 16 20 2 10 1.5 0 0 0 0 -2 0 1.5 0 box2-11.dat

2 24 18.5 4 11.5 21.5 4 11.5

1 16 4 4 10 1.5 0 0 0 -4 0 0 0 1.5 boxjcyl4.dat

1 16 -4 4 10 -1.5 0 0 0 -4 0 0 0 1.5 boxjcyl4.dat

1 16 -2.75 4 10 1.25 0 0 0 -4 0 0 0 1.5 box3u8p.dat

1 16 2.75 4 10 1.25 0 0 0 -4 0 0 0 1.5 box3u8p.dat

1 16 0 2 8.5 1.5 0 0 0 0 -2 0 -4 0 box4-2p.dat

1 16 0 2 10 1.5 0 0 0 0 -2 0 1.5 0 box2-11.dat

2 24 -1.5 4 11.5 1.5 4 11.5

1 16 -16 4 10 1.5 0 0 0 -4 0 0 0 1.5 boxjcyl4.dat

1 16 -24 4 10 -1.5 0 0 0 -4 0 0 0 1.5 boxjcyl4.dat

1 16 -22.75 4 10 1.25 0 0 0 -4 0 0 0 1.5 box3u8p.dat

1 16 -17.25 4 10 1.25 0 0 0 -4 0 0 0 1.5 box3u8p.dat

1 16 -20 2 8.5 1.5 0 0 0 0 -2 0 -4 0 box4-2p.dat

1 16 -20 2 10 1.5 0 0 0 0 -2 0 1.5 0 box2-11.dat

2 24 -21.5 4 11.5 -18.5 4 11.5



1 16 -24 4 -10 -1.5 0 0 0 -4 0 0 0 -1.5 boxjcyl4.dat

1 16 -16 4 -10 1.5 0 0 0 -4 0 0 0 -1.5 boxjcyl4.dat

1 16 -17.25 4 -10 -1.25 0 0 0 -4 0 0 0 -1.5 box3u8p.dat

1 16 -22.75 4 -10 -1.25 0 0 0 -4 0 0 0 -1.5 box3u8p.dat

1 16 -20 2 -8.5 -1.5 0 0 0 0 -2 0 4 0 box4-2p.dat

1 16 -20 2 -10 -1.5 0 0 0 0 -2 0 -1.5 0 box2-11.dat

2 24 -18.5 4 -11.5 -21.5 4 -11.5

1 16 -4 4 -10 -1.5 0 0 0 -4 0 0 0 -1.5 boxjcyl4.dat

1 16 4 4 -10 1.5 0 0 0 -4 0 0 0 -1.5 boxjcyl4.dat

1 16 2.75 4 -10 -1.25 0 0 0 -4 0 0 0 -1.5 box3u8p.dat

1 16 -2.75 4 -10 -1.25 0 0 0 -4 0 0 0 -1.5 box3u8p.dat

1 16 0 2 -8.5 -1.5 0 0 0 0 -2 0 4 0 box4-2p.dat

1 16 0 2 -10 -1.5 0 0 0 0 -2 0 -1.5 0 box2-11.dat

2 24 1.5 4 -11.5 -1.5 4 -11.5

1 16 16 4 -10 -1.5 0 0 0 -4 0 0 0 -1.5 boxjcyl4.dat

1 16 24 4 -10 1.5 0 0 0 -4 0 0 0 -1.5 boxjcyl4.dat

1 16 22.75 4 -10 -1.25 0 0 0 -4 0 0 0 -1.5 box3u8p.dat

1 16 17.25 4 -10 -1.25 0 0 0 -4 0 0 0 -1.5 box3u8p.dat

1 16 20 2 -8.5 -1.5 0 0 0 0 -2 0 4 0 box4-2p.dat

1 16 20 2 -10 -1.5 0 0 0 0 -2 0 -1.5 0 box2-11.dat

2 24 21.5 4 -11.5 18.5 4 -11.5



1 16 30 4 -4 0 0 1.5 0 -4 0 -1.5 0 0 boxjcyl4.dat

1 16 30 4 4 0 0 1.5 0 -4 0 1.5 0 0 boxjcyl4.dat

1 16 30 4 2.75 0 0 1.5 0 -4 0 -1.25 0 0 box3u8p.dat

1 16 30 4 -2.75 0 0 1.5 0 -4 0 -1.25 0 0 box3u8p.dat

1 16 28.5 2 0 0 -4 0 0 0 -2 -1.5 0 0 box4-2p.dat

1 16 30 2 0 0 1.5 0 0 0 -2 -1.5 0 0 box2-11.dat

2 24 31.5 4 1.5 31.5 4 -1.5

1 16 10 4 -4 0 0 1.5 0 -4 0 -1.5 0 0 boxjcyl4.dat

1 16 10 4 4 0 0 1.5 0 -4 0 1.5 0 0 boxjcyl4.dat

1 16 10 4 2.75 0 0 1.5 0 -4 0 -1.25 0 0 box3u8p.dat

1 16 10 4 -2.75 0 0 1.5 0 -4 0 -1.25 0 0 box3u8p.dat

1 16 8.5 2 0 0 -4 0 0 0 -2 -1.5 0 0 box4-2p.dat

1 16 11.5 2 0 0 4 0 0 0 -2 -1.5 0 0 box4-2p.dat

4 16 11.5 0 -1.5 11.5 0 1.5 8.5 0 1.5 8.5 0 -1.5

1 16 -10 4 -4 0 0 1.5 0 -4 0 -1.5 0 0 boxjcyl4.dat

1 16 -10 4 4 0 0 1.5 0 -4 0 1.5 0 0 boxjcyl4.dat

1 16 -10 4 2.75 0 0 1.5 0 -4 0 -1.25 0 0 box3u8p.dat

1 16 -10 4 -2.75 0 0 1.5 0 -4 0 -1.25 0 0 box3u8p.dat

1 16 -11.5 2 0 0 -4 0 0 0 -2 -1.5 0 0 box4-2p.dat

1 16 -8.5 2 0 0 4 0 0 0 -2 -1.5 0 0 box4-2p.dat

4 16 -8.5 0 -1.5 -8.5 0 1.5 -11.5 0 1.5 -11.5 0 -1.5

1 16 -30 4 4 0 0 -1.5 0 -4 0 1.5 0 0 boxjcyl4.dat

1 16 -30 4 -4 0 0 -1.5 0 -4 0 -1.5 0 0 boxjcyl4.dat

1 16 -30 4 -2.75 0 0 -1.5 0 -4 0 1.25 0 0 box3u8p.dat

1 16 -30 4 2.75 0 0 -1.5 0 -4 0 1.25 0 0 box3u8p.dat

1 16 -28.5 2 0 0 4 0 0 0 -2 1.5 0 0 box4-2p.dat

1 16 -30 2 0 0 -1.5 0 0 0 -2 1.5 0 0 box2-11.dat

2 24 -31.5 4 -1.5 -31.5 4 1.5

0 NOFILE

0 FILE box2-11.dat
0 Box with 2 Faces without 11 Edges

0 Name: box2-11.dat

0 Author: Steffen [Steffen]

0 !LDRAW_ORG Primitive UPDATE 2005-01

0 !LICENSE Licensed under CC BY 4.0 : see CAreadme.txt



0 BFC CERTIFY CCW



0 !HISTORY 2005-12-28 [PTadmin] Official Update 2005-01

0 !HISTORY 2007-06-24 [PTadmin] Header formatted for Contributor Agreement

0 !HISTORY 2008-07-01 [PTadmin] Official Update 2008-01





2 24 1 1 1 -1 1 1

4 16 1 1 1 1 1 -1 -1 1 -1 -1 1 1

4 16 1 1 1 -1 1 1 -1 -1 1 1 -1 1

0

0 NOFILE

0 FILE box4-2p.dat
0 Box with  4 Faces without  2 Parallel Edges

0 Name: box4-2p.dat

0 Author: Willy Tschager [Holly-Wood]

0 !LDRAW_ORG Primitive UPDATE 2024-01

0 !LICENSE Licensed under CC BY 4.0 : see CAreadme.txt



0 BFC CERTIFY CCW



0 !HISTORY 2009-05-02 [PTadmin] Official Update 2009-01

0 !HISTORY 2024-01-03 [Holly-Wood] Complete re-write, original by guyvivan

0 !HISTORY 2024-01-29 [OrionP] Official Update 2024-01



2 24 -1 1 -1 -1 1 1

2 24 1 1 1 1 1 -1

2 24 -1 1 1 1 1 1

2 24 -1 1 -1 1 1 -1

4 16 1 1 1 1 1 -1 -1 1 -1 -1 1 1



2 24 -1 0 -1 -1 1 -1

2 24 -1 0 -1 -1 0 1

4 16 -1 1 1 -1 1 -1 -1 0 -1 -1 0 1



2 24 1 0 -1 1 1 -1

2 24 1 0 1 1 0 -1

4 16 1 1 -1 1 1 1 1 0 1 1 0 -1



2 24 1 1 1 1 0 1

2 24 -1 1 1 -1 0 1

4 16 1 1 1 -1 1 1 -1 0 1 1 0 1

0 NOFILE

0 FILE box3u8p.dat
0 Box with 3 Faces and 4 Parallel Edges

0 Name: box3u8p.dat

0 Author: James Jessiman

0 !LDRAW_ORG Primitive UPDATE 2012-01

0 !LICENSE Licensed under CC BY 4.0 : see CAreadme.txt



0 BFC CERTIFY CCW



0 !HISTORY 2002-12-13 [hafhead] Made BFC compliant

0 !HISTORY 2003-08-01 [PTadmin] Official Update 2003-02

0 !HISTORY 2007-06-24 [PTadmin] Header formatted for Contributor Agreement

0 !HISTORY 2008-07-01 [PTadmin] Official Update 2008-01

0 !HISTORY 2012-02-16 [Philo] Changed to CCW

0 !HISTORY 2012-03-30 [PTadmin] Official Update 2012-01





2 24 1 1 1 -1 1 1

2 24 -1 1 -1 1 1 -1

2 24 1 0 1 -1 0 1

2 24 -1 0 -1 1 0 -1

4 16 1 1 -1 -1 1 -1 -1 1 1 1 1 1

4 16 -1 1 1 -1 0 1 1 0 1 1 1 1

4 16 1 1 -1 1 0 -1 -1 0 -1 -1 1 -1

0 NOFILE

0 FILE boxjcyl4.dat
0 Box to Cylinder Joint 1: 4

0 Name: boxjcyl4.dat

0 Author: Philippe Hurbain [Philo]

0 !LDRAW_ORG Primitive UPDATE 2024-07

0 !LICENSE Licensed under CC BY 4.0 : see CAreadme.txt



0 !HELP stud4 usage

0 !HELP 1 16 10 0 0 1 0 0 0 6 0 0 0 1 stud4.dat

0 !HELP 1 16 10 0 -8 0 0 1.5 0 -20 0 1.5 0 0 boxjcyl4.dat

0 !HELP 1 16 10 0 -12 0 0 -1.5 0 -20 0 4 0 0 box3u5p.dat

0 !HELP stud3 usage

0 !HELP 1 16 -10 0 0 1 0 0 0 6 0 0 0 1 stud3.dat

0 !HELP 1 16 -10 0 -4 0 0 1 0 -20 0 1 0 0 boxjcyl4.dat

0 !HELP 1 16 -10 0 -5 0 0 -1 0 -20 0 1 0 0 box3u5p.dat



0 BFC CERTIFY CCW



0 !HISTORY 2011-12-29 [PTadmin] Official Update 2011-02

0 !HISTORY 2024-07-21 [Sirio] Removed wrong edge primitive, fixed Y-scale and precision of rects

0 !HISTORY 2024-07-29 [OrionP] Official Update 2024-06

0 !HISTORY 2024-08-03 [GeraldLasser] Using an unrotated edge prim for better results in Prim-Substition

0 !HISTORY 2024-08-26 [OrionP] Official Update 2024-07



1 16 .099425 .5 1 0 0 .099425 -.5 0 0 0 -1 0 rect3.dat

1 16 .099425 .5 -1 0 0 .099425 .5 0 0 0 1 0 rect3.dat

3 16 .19885 1 -1 0 1 -1 0 1 0

3 16 0 1 0 0 1 1 .19885 1 1

1 16 2.613 1 0 -2.613 0 0 0 1 0 0 0 2.613 1-16edge.dat

1 16 2.613 1 0 -2.613 0 0 0 1 0 0 0 -2.613 1-16edge.dat

0 NOFILE

0 FILE 1-16edge.dat
0 Circle 0.0625

0 Name: 1-16edge.dat

0 Author: Marc Klein [marckl]

0 !LDRAW_ORG Primitive UPDATE 2017-01

0 !LICENSE Licensed under CC BY 4.0 : see CAreadme.txt



0 BFC CERTIFY CCW



0 !HISTORY 2004-03-02 [PTadmin] Official Update 2004-01

0 !HISTORY 2007-06-22 [PTadmin] Header formatted for Contributor Agreement

0 !HISTORY 2008-07-01 [PTadmin] Official Update 2008-01

0 !HISTORY 2017-01-15 [Steffen] BFCed

0 !HISTORY 2017-12-30 [PTadmin] Official Update 2017-01





2 24 1 0 0 0.9239 0 0.3827

0 NOFILE

0 FILE stud2s2e.dat
0 Open Stud Extension with 0.5 LDU Inner Stopper Ring

0 Name: stud2s2e.dat

0 Author: Owen Burgoyne [C3POwen]

0 !LDRAW_ORG Primitive UPDATE 2016-01

0 !LICENSE Licensed under CC BY 4.0 : see CAreadme.txt



0 BFC CERTIFY CCW



0 !HISTORY 2016-12-31 [PTadmin] Official Update 2016-01





0 BFC INVERTNEXT

1 16 0 0 0 3.5 0 0 0 1 0 0 0 3.5 4-4cyli.dat

1 16 0 0 0 3.5 0 0 0 1 0 0 0 3.5 4-4edge.dat

1 16 0 0 0 0.5 0 0 0 1 0 0 0 0.5 4-4ring7.dat

1 16 0 0 0 4 0 0 0 1 0 0 0 4 4-4edge.dat

1 16 0 0 0 6 0 0 0 1 0 0 0 6 4-4cyli.dat

0 NOFILE

0 FILE 4-4ring7.dat
0 Ring  7 x 1.0

0 Name: 4-4ring7.dat

0 Author: James Jessiman

0 !LDRAW_ORG Primitive UPDATE 2009-01

0 !LICENSE Licensed under CC BY 4.0 : see CAreadme.txt



0 BFC CERTIFY CCW



0 !HISTORY 1998-12-15 [PTadmin] Official Update 1998-10

0 !HISTORY 2002-04-05 [hafhead] Added BFC statement

0 !HISTORY 2002-04-25 [PTadmin] Official Update 2002-02

0 !HISTORY 2007-06-24 [PTadmin] Header formatted for Contributor Agreement

0 !HISTORY 2008-07-01 [PTadmin] Official Update 2008-01

0 !HISTORY 2008-08-26 [cwdee] Switch polygon winding and rename

0 !HISTORY 2009-05-02 [PTadmin] Official Update 2009-01





4 16 -3.0616 0 7.3912 -2.6789 0 6.4673 0 0 7 0 0 8

4 16 -5.6568 0 5.6568 -4.9497 0 4.9497 -2.6789 0 6.4673 -3.0616 0 7.3912

4 16 -7.3912 0 3.0616 -6.4673 0 2.6789 -4.9497 0 4.9497 -5.6568 0 5.6568

4 16 -8 0 0 -7 0 0 -6.4673 0 2.6789 -7.3912 0 3.0616

4 16 -7.3912 0 -3.0616 -6.4673 0 -2.6789 -7 0 0 -8 0 0

4 16 -5.6568 0 -5.6568 -4.9497 0 -4.9497 -6.4673 0 -2.6789 -7.3912 0 -3.0616

4 16 -3.0616 0 -7.3912 -2.6789 0 -6.4673 -4.9497 0 -4.9497 -5.6568 0 -5.6568

4 16 0 0 -8 0 0 -7 -2.6789 0 -6.4673 -3.0616 0 -7.3912

4 16 3.0616 0 -7.3912 2.6789 0 -6.4673 0 0 -7 0 0 -8

4 16 5.6568 0 -5.6568 4.9497 0 -4.9497 2.6789 0 -6.4673 3.0616 0 -7.3912

4 16 7.3912 0 -3.0616 6.4673 0 -2.6789 4.9497 0 -4.9497 5.6568 0 -5.6568

4 16 8 0 0 7 0 0 6.4673 0 -2.6789 7.3912 0 -3.0616

4 16 7.3912 0 3.0616 6.4673 0 2.6789 7 0 0 8 0 0

4 16 5.6568 0 5.6568 4.9497 0 4.9497 6.4673 0 2.6789 7.3912 0 3.0616

4 16 3.0616 0 7.3912 2.6789 0 6.4673 4.9497 0 4.9497 5.6568 0 5.6568

4 16 0 0 8 0 0 7 2.6789 0 6.4673 3.0616 0 7.3912

0

0 NOFILE

0 FILE box5.dat
0 Box with 5 Faces and All Edges

0 Name: box5.dat

0 Author: James Jessiman

0 !LDRAW_ORG Primitive UPDATE 2012-01

0 !LICENSE Licensed under CC BY 4.0 : see CAreadme.txt



0 BFC CERTIFY CCW



0 !HISTORY 2002-04-03 [sbliss] Modified for BFC compliance

0 !HISTORY 2002-04-25 [PTadmin] Official Update 2002-02

0 !HISTORY 2007-06-24 [PTadmin] Header formatted for Contributor Agreement

0 !HISTORY 2008-07-01 [PTadmin] Official Update 2008-01

0 !HISTORY 2012-02-16 [Philo] Changed to CCW

0 !HISTORY 2012-03-30 [PTadmin] Official Update 2012-01





2 24 1 1 1 -1 1 1

2 24 -1 1 1 -1 1 -1

2 24 -1 1 -1 1 1 -1

2 24 1 1 -1 1 1 1

2 24 1 0 1 -1 0 1

2 24 -1 0 1 -1 0 -1

2 24 -1 0 -1 1 0 -1

2 24 1 0 -1 1 0 1

2 24 1 0 1 1 1 1

2 24 -1 0 1 -1 1 1

2 24 1 0 -1 1 1 -1

2 24 -1 0 -1 -1 1 -1

4 16 -1 1 1 1 1 1 1 1 -1 -1 1 -1

4 16 -1 1 1 -1 0 1 1 0 1 1 1 1

4 16 -1 1 -1 -1 0 -1 -1 0 1 -1 1 1

4 16 1 1 -1 1 0 -1 -1 0 -1 -1 1 -1

4 16 1 1 1 1 0 1 1 0 -1 1 1 -1

0 NOFILE

0 FILE 20482.dat
0 Tile  1 x  1 Round with Pin and Pin Hole

0 Name: 20482.dat

0 Author: Gerald Lasser [GeraldLasser]

0 !LDRAW_ORG Part UPDATE 2015-01

0 !LICENSE Licensed under CC BY 4.0 : see CAreadme.txt



0 !HELP Holder for 2 LDU wide Stalks



0 BFC CERTIFY CCW



0 !KEYWORDS Friends



0 !HISTORY 2015-10-11 [PTadmin] Official Update 2015-01





1 16 0 8 0 2 0 0 0 -1 0 0 0 2 4-4ring3.dat

1 16 0 8 0 2 0 0 0 -1 0 0 0 2 4-4ring4.dat

0 BFC INVERTNEXT

1 16 0 4 0 6 0 0 0 4 0 0 0 6 4-4cylo.dat

1 16 0 4 0 2 0 0 0 -1 0 0 0 2 4-4ring1.dat

1 16 0 4 0 2 0 0 0 -1 0 0 0 2 4-4ring2.dat

0 BFC INVERTNEXT

1 16 0 -8 0 2 0 0 0 12 0 0 0 2 4-4cylo.dat

1 16 0 0 0 10 0 0 0 8 0 0 0 10 4-4cylo.dat

1 16 0 0 0 4 0 0 0 1 0 0 0 4 4-4ring1.dat

1 16 0 0 0 2 0 0 0 1 0 0 0 2 4-4ring4.dat

1 16 0 -8 0 4 0 0 0 8 0 0 0 4 4-4cylo.dat

1 16 0 -8 0 2 0 0 0 1 0 0 0 2 4-4ring1.dat

0 NOFILE

0 FILE 4-4ring1.dat
0 Ring  1 x 1.0

0 Name: 4-4ring1.dat

0 Author: James Jessiman

0 !LDRAW_ORG Primitive UPDATE 2009-01

0 !LICENSE Licensed under CC BY 4.0 : see CAreadme.txt



0 BFC CERTIFY CCW



0 !HISTORY 1998-12-15 [PTadmin] Official Update 1998-10

0 !HISTORY 2002-04-08 [BrickCaster] Modified for BFC compliance

0 !HISTORY 2002-04-25 [PTadmin] Official Update 2002-02

0 !HISTORY 2007-06-24 [PTadmin] Header formatted for Contributor Agreement

0 !HISTORY 2008-07-01 [PTadmin] Official Update 2008-01

0 !HISTORY 2008-08-26 [cwdee] Switch polygon winding and rename

0 !HISTORY 2009-05-02 [PTadmin] Official Update 2009-01





4 16 -0.7654 0 1.8478 -0.3827 0 0.9239 0 0 1 0 0 2

4 16 -1.4142 0 1.4142 -0.7071 0 0.7071 -0.3827 0 0.9239 -0.7654 0 1.8478

4 16 -1.8478 0 0.7654 -0.9239 0 0.3827 -0.7071 0 0.7071 -1.4142 0 1.41420

4 16 -2 0 0 -1 0 0 -0.9239 0 0.3827 -1.8478 0 0.7654

4 16 -1.8478 0 -0.7654 -0.9239 0 -0.3827 -1 0 0 -2 0 0

4 16 -1.4142 0 -1.4142 -0.7071 0 -0.7071 -0.9239 0 -0.3827 -1.8478 0 -0.7654

4 16 -0.7654 0 -1.8478 -0.3827 0 -0.9239 -0.7071 0 -0.7071 -1.4142 0 -1.4142

4 16 0 0 -2 0 0 -1 -0.3827 0 -0.9239 -0.7654 0 -1.8478

4 16 0.7654 0 -1.8478 0.3827 0 -0.9239 0 0 -1 0 0 -2

4 16 1.4142 0 -1.4142 0.7071 0 -0.7071 0.3827 0 -0.9239 0.7654 0 -1.8478

4 16 1.8478 0 -0.7654 0.9239 0 -0.3827 0.7071 0 -0.7071 1.4142 0 -1.4142

4 16 2 0 0 1 0 0 0.9239 0 -0.3827 1.8478 0 -0.7654

4 16 1.8478 0 0.7654 0.9239 0 0.3827 1 0 0 2 0 0

4 16 1.4142 0 1.4142 0.7071 0 0.7071 0.9239 0 0.3827 1.8478 0 0.7654

4 16 0.7654 0 1.8478 0.3827 0 0.9239 0.7071 0 0.7071 1.4142 0 1.4142

4 16 0 0 2 0 0 1 0.3827 0 0.9239 0.7654 0 1.8478

0

0 NOFILE

0 FILE 4-4cylo.dat
0 Cylinder Open 1.0

0 Name: 4-4cylo.dat

0 Author: Mark Kennedy [mkennedy]

0 !LDRAW_ORG Primitive UPDATE 2010-01

0 !LICENSE Licensed under CC BY 4.0 : see CAreadme.txt



0 BFC CERTIFY CCW



0 !HISTORY 2010-04-05 [PTadmin] Official Update 2010-01





1 16 0 0 0 1 0 0 0 1 0 0 0 1 4-4edge.dat

1 16 0 1 0 1 0 0 0 1 0 0 0 1 4-4edge.dat

1 16 0 0 0 1 0 0 0 1 0 0 0 1 4-4cyli.dat

0
0 NOFILE

0 FILE 4-4ring4.dat
0 Ring  4 x 1.0

0 Name: 4-4ring4.dat

0 Author: James Jessiman

0 !LDRAW_ORG Primitive UPDATE 2009-01

0 !LICENSE Licensed under CC BY 4.0 : see CAreadme.txt



0 BFC CERTIFY CCW



0 !HISTORY 1998-12-15 [PTadmin] Official Update 1998-10

0 !HISTORY 2002-04-08 [BrickCaster] Modified for BFC compliance

0 !HISTORY 2002-04-25 [PTadmin] Official Update 2002-02

0 !HISTORY 2007-06-24 [PTadmin] Header formatted for Contributor Agreement

0 !HISTORY 2008-07-01 [PTadmin] Official Update 2008-01

0 !HISTORY 2008-08-26 [cwdee] Switch polygon winding and rename

0 !HISTORY 2009-05-02 [PTadmin] Official Update 2009-01





4 16 -1.9135 0 4.6195 -1.5308 0 3.6956 0 0 4 0 0 5

4 16 -3.5355 0 3.5355 -2.8284 0 2.8284 -1.5308 0 3.6956 -1.9135 0 4.6195

4 16 -4.6195 0 1.9135 -3.6956 0 1.5308 -2.8284 0 2.8284 -3.5355 0 3.5355

4 16 -5 0 0 -4 0 0 -3.6956 0 1.5308 -4.6195 0 1.9135

4 16 -4.6195 0 -1.9135 -3.6956 0 -1.5308 -4 0 0 -5 0 0

4 16 -3.5355 0 -3.5355 -2.8284 0 -2.8284 -3.6956 0 -1.5308 -4.6195 0 -1.9135

4 16 -1.9135 0 -4.6195 -1.5308 0 -3.6956 -2.8284 0 -2.8284 -3.5355 0 -3.5355

4 16 0 0 -5 0 0 -4 -1.5308 0 -3.6956 -1.9135 0 -4.6195

4 16 1.9135 0 -4.6195 1.5308 0 -3.6956 0 0 -4 0 0 -5

4 16 3.5355 0 -3.5355 2.8284 0 -2.8284 1.5308 0 -3.6956 1.9135 0 -4.6195

4 16 4.6195 0 -1.9135 3.6956 0 -1.5308 2.8284 0 -2.8284 3.5355 0 -3.5355

4 16 5 0 0 4 0 0 3.6956 0 -1.5308 4.6195 0 -1.9135

4 16 4.6195 0 1.9135 3.6956 0 1.5308 4 0 0 5 0 0

4 16 3.5355 0 3.5355 2.8284 0 2.8284 3.6956 0 1.5308 4.6195 0 1.9135

4 16 1.9135 0 4.6195 1.5308 0 3.6956 2.8284 0 2.8284 3.5355 0 3.5355

4 16 0 0 5 0 0 4 1.5308 0 3.6956 1.9135 0 4.6195

0

0 NOFILE

0 FILE 4-4ring3.dat
0 Ring  3 x 1.0

0 Name: 4-4ring3.dat

0 Author: James Jessiman

0 !LDRAW_ORG Primitive UPDATE 2009-01

0 !LICENSE Licensed under CC BY 4.0 : see CAreadme.txt



0 BFC CERTIFY CCW



0 !HISTORY 1998-12-15 [PTadmin] Official Update 1998-10

0 !HISTORY 2002-04-05 [hafhead] Added BFC statement

0 !HISTORY 2002-04-25 [PTadmin] Official Update 2002-02

0 !HISTORY 2007-06-24 [PTadmin] Header formatted for Contributor Agreement

0 !HISTORY 2008-07-01 [PTadmin] Official Update 2008-01

0 !HISTORY 2008-08-26 [cwdee] Switch polygon winding and rename

0 !HISTORY 2009-05-02 [PTadmin] Official Update 2009-01





4 16 -1.5308 0 3.6956 -1.1481 0 2.7717 0 0 3 0 0 4

4 16 -2.8284 0 2.8284 -2.1213 0 2.1213 -1.1481 0 2.7717 -1.5308 0 3.6956

4 16 -3.6956 0 1.5308 -2.7717 0 1.1481 -2.1213 0 2.1213 -2.8284 0 2.8284

4 16 -4 0 0 -3 0 0 -2.7717 0 1.1481 -3.6956 0 1.5308

4 16 -3.6956 0 -1.5308 -2.7717 0 -1.1481 -3 0 0 -4 0 0

4 16 -2.8284 0 -2.8284 -2.1213 0 -2.1213 -2.7717 0 -1.1481 -3.6956 0 -1.5308

4 16 -1.5308 0 -3.6956 -1.1481 0 -2.7717 -2.1213 0 -2.1213 -2.8284 0 -2.8284

4 16 0 0 -4 0 0 -3 -1.1481 0 -2.7717 -1.5308 0 -3.6956

4 16 1.5308 0 -3.6956 1.1481 0 -2.7717 0 0 -3 0 0 -4

4 16 2.8284 0 -2.8284 2.1213 0 -2.1213 1.1481 0 -2.7717 1.5308 0 -3.6956

4 16 3.6956 0 -1.5308 2.7717 0 -1.1481 2.1213 0 -2.1213 2.8284 0 -2.8284

4 16 4 0 0 3 0 0 2.7717 0 -1.1481 3.6956 0 -1.5308

4 16 3.6956 0 1.5308 2.7717 0 1.1481 3 0 0 4 0 0

4 16 2.8284 0 2.8284 2.1213 0 2.1213 2.7717 0 1.1481 3.6956 0 1.5308

4 16 1.5308 0 3.6956 1.1481 0 2.7717 2.1213 0 2.1213 2.8284 0 2.8284

4 16 0 0 4 0 0 3 1.1481 0 2.7717 1.5308 0 3.6956

0

0 NOFILE

0 FILE 3794b.dat
0 Plate  1 x  2 with Groove with 1 Centre Stud

0 Name: 3794b.dat

0 Author: Magnus Forsberg [MagFors]

0 !LDRAW_ORG Part UPDATE 2011-02

0 !LICENSE Licensed under CC BY 4.0 : see CAreadme.txt



0 BFC CERTIFY CCW



0 !KEYWORDS jumper, offset, spacer, tile



0 !HISTORY 2011-12-29 [PTadmin] Official Update 2011-02





1 16 0 4 0 1 0 0 0 -1 0 0 0 1 stud3.dat

0 BFC INVERTNEXT

1 16 0 8 0 16 0 0 0 -4 0 0 0 6 box5.dat

4 16 19 8 9 16 8 6 -16 8 6 -19 8 9

4 16 -19 8 9 -16 8 6 -16 8 -6 -19 8 -9

4 16 -19 8 -9 -16 8 -6 16 8 -6 19 8 -9

4 16 19 8 -9 16 8 -6 16 8 6 19 8 9

1 16 0 8 0 19 0 0 0 -1 0 0 0 9 box4.dat

4 16 20 7 10 19 7 9 -19 7 9 -20 7 10

4 16 -20 7 10 -19 7 9 -19 7 -9 -20 7 -10

4 16 -20 7 -10 -19 7 -9 19 7 -9 20 7 -10

4 16 20 7 -10 19 7 -9 19 7 9 20 7 10

1 16 0 7 0 20 0 0 0 -7 0 0 0 10 box5.dat

1 16 0 0 0 1 0 0 0 1 0 0 0 1 stud2.dat

0 NOFILE

0 FILE stud2.dat
0 Stud Open

0 Name: stud2.dat

0 Author: James Jessiman

0 !LDRAW_ORG Primitive UPDATE 2009-02

0 !LICENSE Licensed under CC BY 4.0 : see CAreadme.txt



0 BFC CERTIFY CCW



0 !HISTORY 1999-07-05 [PTadmin] Official Update 1999-05

0 !HISTORY 2002-04-04 [sbliss] Modified for BFC compliance

0 !HISTORY 2002-04-25 [PTadmin] Official Update 2002-02

0 !HISTORY 2007-06-24 [PTadmin] Header formatted for Contributor Agreement

0 !HISTORY 2008-07-01 [PTadmin] Official Update 2008-01

0 !HISTORY 2009-06-21 [cwdee] Update ring references to 4-4ring

0 !HISTORY 2009-09-03 [PTadmin] Official Update 2009-02





1 16 0 0 0 4 0 0 0 1 0 0 0 4 4-4edge.dat

1 16 0 0 0 6 0 0 0 1 0 0 0 6 4-4edge.dat

1 16 0 -4 0 4 0 0 0 1 0 0 0 4 4-4edge.dat

1 16 0 -4 0 6 0 0 0 1 0 0 0 6 4-4edge.dat

0 BFC INVERTNEXT

1 16 0 -4 0 4 0 0 0 4 0 0 0 4 4-4cyli.dat

1 16 0 -4 0 6 0 0 0 4 0 0 0 6 4-4cyli.dat

1 16 0 -4 0 2 0 0 0 1 0 0 0 2 4-4ring2.dat

0

0 NOFILE

0 FILE stud3.dat
0 Stud Tube Solid

0 Name: stud3.dat

0 Author: James Jessiman

0 !LDRAW_ORG Primitive UPDATE 2012-01

0 !LICENSE Licensed under CC BY 4.0 : see CAreadme.txt



0 BFC CERTIFY CCW



0 !HISTORY 2002-04-04 [sbliss] Modified for BFC compliance

0 !HISTORY 2002-04-25 [PTadmin] Official Update 2002-02

0 !HISTORY 2007-06-24 [PTadmin] Header formatted for Contributor Agreement

0 !HISTORY 2008-07-01 [PTadmin] Official Update 2008-01

0 !HISTORY 2012-02-16 [Philo] Changed to CCW

0 !HISTORY 2012-03-30 [PTadmin] Official Update 2012-01





1 16 0 -4 0 4 0 0 0 1 0 0 0 4 4-4edge.dat

1 16 0 0 0 4 0 0 0 1 0 0 0 4 4-4edge.dat

1 16 0 -4 0 4 0 0 0 1 0 0 0 4 4-4disc.dat

1 16 0 -4 0 4 0 0 0 4 0 0 0 4 4-4cyli.dat

0 NOFILE

0 FILE 3023b.dat
0 Plate  1 x  2

0 Name: 3023b.dat

0 Author: James Jessiman

0 !LDRAW_ORG Part UPDATE 2023-03

0 !LICENSE Licensed under CC BY 4.0 : see CAreadme.txt



0 BFC CERTIFY CCW



0 !KEYWORDS BrickLink 3023, Rebrickable 3023



0 !HISTORY 2001-10-26 [PTadmin] Official Update 2001-01

0 !HISTORY 2002-05-07 {unknown} BFC Certification

0 !HISTORY 2002-06-11 [PTadmin] Official Update 2002-03

0 !HISTORY 2007-06-07 [PTadmin] Header formatted for Contributor Agreement

0 !HISTORY 2008-07-01 [PTadmin] Official Update 2008-01

0 !HISTORY 2020-03-07 [Sirio] Subparted

0 !HISTORY 2022-01-14 [PTadmin] Official Update 2022-01

0 !HISTORY 2023-05-26 [OrionP] Moved from 3023.dat

0 !HISTORY 2023-06-24 [OrionP] Official Update 2023-03





1 16 0 0 0 1 0 0 0 1 0 0 0 1 s__3023bs01.dat

4 16 -20 0 -10 -20 8 -10 20 8 -10 20 0 -10

0 NOFILE

0 FILE s__3023bs01.dat
0 ~Plate  1 x  2 without Front Face

0 Name: s\3023bs01.dat

0 Author: Massimo Maso [Sirio]

0 !LDRAW_ORG Subpart UPDATE 2023-03

0 !LICENSE Licensed under CC BY 4.0 : see CAreadme.txt



0 BFC CERTIFY CCW



0 !HISTORY 2022-01-14 [PTadmin] Official Update 2022-01

0 !HISTORY 2023-05-27 [OrionP] Moved from s\3023s01.dat

0 !HISTORY 2023-06-24 [OrionP] Official Update 2023-03





0 // Primitves

1 16 0 4 0 1 0 0 0 -1 0 0 0 1 stud3.dat

0 BFC INVERTNEXT

1 16 0 8 0 16 0 0 0 -4 0 0 0 6 box5.dat

1 16 0 8 0 20 0 0 0 -8 0 0 0 10 box4t.dat

1 16 0 0 0 1 0 0 0 1 0 0 0 1 stug-1x2.dat

0 // Faces

4 16 20 8 10 16 8 6 -16 8 6 -20 8 10

4 16 -20 8 10 -16 8 6 -16 8 -6 -20 8 -10

4 16 -20 8 -10 -16 8 -6 16 8 -6 20 8 -10

4 16 20 8 -10 16 8 -6 16 8 6 20 8 10

0 NOFILE

0 FILE stug-1x2.dat
0 Stud Group  1 x  2

0 Name: stug-1x2.dat

0 Author: Steffen [Steffen]

0 !LDRAW_ORG Primitive UPDATE 2011-01

0 !LICENSE Licensed under CC BY 4.0 : see CAreadme.txt



0 BFC CERTIFY CCW



0 !HISTORY 2011-07-25 [PTadmin] Official Update 2011-01





1 16 -10 0 0 1 0 0 0 1 0 0 0 1 stud.dat

1 16 10 0 0 1 0 0 0 1 0 0 0 1 stud.dat

0 NOFILE

0 FILE stud.dat
0 Stud

0 Name: stud.dat

0 Author: James Jessiman

0 !LDRAW_ORG Primitive UPDATE 2012-01

0 !LICENSE Licensed under CC BY 4.0 : see CAreadme.txt



0 BFC CERTIFY CCW



0 !HISTORY 2002-04-04 [sbliss] Modified for BFC compliance

0 !HISTORY 2002-04-25 [PTadmin] Official Update 2002-02

0 !HISTORY 2007-06-24 [PTadmin] Header formatted for Contributor Agreement

0 !HISTORY 2008-07-01 [PTadmin] Official Update 2008-01

0 !HISTORY 2012-02-16 [Philo] Changed to CCW

0 !HISTORY 2012-03-30 [PTadmin] Official Update 2012-01





1 16 0 0 0 6 0 0 0 1 0 0 0 6 4-4edge.dat

1 16 0 -4 0 6 0 0 0 1 0 0 0 6 4-4edge.dat

1 16 0 0 0 6 0 0 0 -4 0 0 0 6 4-4cyli.dat

1 16 0 -4 0 6 0 0 0 1 0 0 0 6 4-4disc.dat

0 NOFILE

0 FILE box4t.dat
0 Box with 4 Adjacent Faces and All Edges

0 Name: box4t.dat

0 Author: Tore Eriksson [Tore_Eriksson]

0 !LDRAW_ORG Primitive UPDATE 2003-02

0 !LICENSE Licensed under CC BY 4.0 : see CAreadme.txt



0 BFC CERTIFY CCW



0 !HISTORY 1997-09-29 [PTadmin] Official Update 1997-15

0 !HISTORY 2002-08-31 [izanette] Modified with WINDZ for BFC compliance

0 !HISTORY 2003-08-01 [PTadmin] Official Update 2003-02

0 !HISTORY 2007-06-24 [PTadmin] Header formatted for Contributor Agreement

0 !HISTORY 2008-07-01 [PTadmin] Official Update 2008-01





2 24 1 1 1 -1 1 1

2 24 -1 1 1 -1 1 -1

2 24 -1 1 -1 1 1 -1

2 24 1 1 -1 1 1 1

2 24 1 0 1 -1 0 1

2 24 -1 0 1 -1 0 -1

2 24 -1 0 -1 1 0 -1

2 24 1 0 -1 1 0 1

2 24 1 0 1 1 1 1

2 24 -1 0 1 -1 1 1

2 24 1 0 -1 1 1 -1

2 24 -1 0 -1 -1 1 -1

4 16 1 1 1 1 1 -1 -1 1 -1 -1 1 1

4 16 1 1 1 -1 1 1 -1 0 1 1 0 1

4 16 -1 1 1 -1 1 -1 -1 0 -1 -1 0 1

0 // 4 16 -1 1 -1 -1 0 -1 1 0 -1 1 1 -1

4 16 1 1 -1 1 1 1 1 0 1 1 0 -1

0

0 NOFILE

0 FILE 28192.dat
0 Slope Brick 45  2 x  1 with Cutout and without Stud

0 Name: 28192.dat

0 Author: Owen Burgoyne [C3POwen]

0 !LDRAW_ORG Part UPDATE 2020-01

0 !LICENSE Licensed under CC BY 4.0 : see CAreadme.txt



0 BFC CERTIFY CCW



0 !HISTORY 2019-12-29 [GeraldLasser] Removed inner stud cutout. Simplified geometry

0 !HISTORY 2020-01-09 [MagFors] Subfiled

0 !HISTORY 2020-06-28 [PTadmin] Official Update 2020-01





1 16 0 0 0 1 0 0 0 1 0 0 0 1 s__28192s01.dat



4 16 10 0 -10 10 0 10 -10 0 10 -10 0 -10

4 16 10 0 -10 -10 0 -10 -10 20 -30 10 20 -30

0 NOFILE

0 FILE s__28192s01.dat
0 ~Slope Brick 45  2 x  1 with Cutout and without Stud without Top Surface

0 Name: s\28192s01.dat

0 Author: Magnus Forsberg [MagFors]

0 !LDRAW_ORG Subpart UPDATE 2020-01

0 !LICENSE Licensed under CC BY 4.0 : see CAreadme.txt



0 BFC CERTIFY CCW



0 !HISTORY 2020-06-28 [PTadmin] Official Update 2020-01





4 16 -6 8 6 -6 8 -10 -10 8 -10 -10 8 10

4 16 6 8 6 -6 8 6 -10 8 10 10 8 10

4 16 6 8 -10 6 8 6 10 8 10 10 8 -10

0 BFC INVERTNEXT

1 16 0 8 -2 -6 0 0 0 -4 0 0 0 8 box5-1.dat

1 16 0 6 -10 -1.5 0 0 0 0 2 0 4 0 box4-1.dat

1 16 0 4 -10 0 0 10 -4 0 0 0 20 0 box3u4a.dat

2 24 -10 8 -10 -6 8 -10

2 24 6 8 -10 10 8 -10

3 16 -10 24 -10 -10 8 -10 -6 8 -10

4 16 10 24 -10 -10 24 -10 -6 8 -10 6 8 -10

3 16 6 8 -10 10 8 -10 10 24 -10

2 24 10 8 -10 10 24 -10

2 24 -10 8 -10 -10 24 -10



1 16 0 24 -20 6 0 0 0 1 0 0 0 6 recte3.dat

1 16 0 16 -14 0 0 -6 -8 0 0 0 1 0 rect2p.dat

4 16 -6 8 -14 -6 20 -26 -6 24 -26 -6 24 -14

4 16 6 8 -14 6 24 -14 6 24 -26 6 20 -26

0 BFC INVERTNEXT

1 16 0 16 -20 6 0 0 0 -2 6 0 0 -6 box2-5.dat



4 16 -6 24 -14 -6 24 -26 -10 24 -30 -10 24 -10

4 16 6 24 -14 -6 24 -14 -10 24 -10 10 24 -10

4 16 6 24 -26 6 24 -14 10 24 -10 10 24 -30

4 16 -6 24 -26 6 24 -26 10 24 -30 -10 24 -30

1 16 0 24 -20 10 0 0 0 1 0 0 0 10 recte3.dat

4 16 -10 24 -10 -10 24 -30 -10 20 -30 -10 8 -10

3 16 -10 0 -10 -10 8 -10 -10 20 -30

4 16 10 8 -10 10 20 -30 10 24 -30 10 24 -10

3 16 10 20 -30 10 8 -10 10 0 -10



1 16 0 10 -20 10 0 0 0 1 -10 0 0 10 recte3.dat

1 16 0 22 -30 10 0 0 0 0 2 0 1 0 rect.dat

0 NOFILE

0 FILE recte3.dat
0 Rectangle Empty with 3 Edges

0 Name: recte3.dat

0 Author: Steffen [Steffen]

0 !LDRAW_ORG Primitive UPDATE 2011-01

0 !LICENSE Licensed under CC BY 4.0 : see CAreadme.txt



0 BFC CERTIFY CCW



0 !HISTORY 2011-07-25 [PTadmin] Official Update 2011-01





2 24 1 0 1 -1 0 1

2 24 -1 0 1 -1 0 -1

2 24 1 0 -1 1 0 1

0 NOFILE

0 FILE box3u4a.dat
0 Box with 3 Faces without 4 Adjacent Edges

0 Name: box3u4a.dat

0 Author: Niels Karsdorp [nielsk]

0 !LDRAW_ORG Primitive UPDATE 2009-01

0 !LICENSE Licensed under CC BY 4.0 : see CAreadme.txt



0 BFC CERTIFY CCW



0 !HISTORY 2009-05-02 [PTadmin] Official Update 2009-01





2 24 1 1 1 -1 1 1

2 24 -1 1 -1 1 1 -1

2 24 1 1 1 1 1 -1

2 24 -1 1 1 -1 1 -1

2 24 1 1 1 1 0 1

2 24 1 1 -1 1 0 -1

2 24 -1 1 1 -1 0 1

2 24 -1 1 -1 -1 0 -1

4 16 -1 1 -1 -1 1 1 1 1 1 1 1 -1

4 16 -1 1 1 -1 0 1 1 0 1 1 1 1

4 16 1 1 -1 1 0 -1 -1 0 -1 -1 1 -1

0

0 NOFILE

0 FILE box4-1.dat
0 Box with 4 Faces without 1 Edge

0 Name: box4-1.dat

0 Author: Tore Eriksson [Tore_Eriksson]

0 !LDRAW_ORG Primitive UPDATE 2012-01

0 !LICENSE Licensed under CC BY 4.0 : see CAreadme.txt



0 BFC CERTIFY CCW



0 !HISTORY 1998-07-15 [PTadmin] Official Update 1998-07

0 !HISTORY 2002-04-05 [hafhead] Made BFC compliant

0 !HISTORY 2002-04-25 [PTadmin] Official Update 2002-02

0 !HISTORY 2007-06-24 [PTadmin] Header formatted for Contributor Agreement

0 !HISTORY 2008-07-01 [PTadmin] Official Update 2008-01

0 !HISTORY 2012-02-16 [Philo] Changed to CCW

0 !HISTORY 2012-03-30 [PTadmin] Official Update 2012-01





2 24 1 1 1 -1 1 1

2 24 -1 1 1 -1 1 -1

2 24 -1 1 -1 1 1 -1

2 24 1 1 -1 1 1 1

2 24 1 0 1 -1 0 1

2 24 -1 0 1 -1 0 -1

2 24 1 0 -1 1 0 1

2 24 1 0 1 1 1 1

2 24 -1 0 1 -1 1 1

2 24 1 0 -1 1 1 -1

2 24 -1 0 -1 -1 1 -1

4 16 -1 1 1 1 1 1 1 1 -1 -1 1 -1

4 16 -1 1 1 -1 0 1 1 0 1 1 1 1

4 16 -1 1 -1 -1 0 -1 -1 0 1 -1 1 1

4 16 1 1 1 1 0 1 1 0 -1 1 1 -1

0 NOFILE

0 FILE box5-1.dat
0 Box with 5 Faces without 1 Edge

0 Name: box5-1.dat

0 Author: J.C. Tchang [tchang]

0 !LDRAW_ORG Primitive UPDATE 2014-01

0 !LICENSE Licensed under CC BY 4.0 : see CAreadme.txt



0 BFC CERTIFY CCW



0 !HISTORY 2014-06-21 [PTadmin] Official Update 2014-01





2 24 1 1 1 -1 1 1

2 24 -1 1 1 -1 1 -1

2 24 -1 1 -1 1 1 -1

2 24 1 1 -1 1 1 1

2 24 1 0 1 -1 0 1

2 24 -1 0 1 -1 0 -1

2 24 1 0 -1 1 0 1

2 24 1 0 1 1 1 1

2 24 -1 0 1 -1 1 1

2 24 1 0 -1 1 1 -1

2 24 -1 0 -1 -1 1 -1

4 16 -1 1 1 1 1 1 1 1 -1 -1 1 -1

4 16 -1 1 1 -1 0 1 1 0 1 1 1 1

4 16 -1 1 -1 -1 0 -1 -1 0 1 -1 1 1

4 16 1 1 -1 1 0 -1 -1 0 -1 -1 1 -1

4 16 1 1 1 1 0 1 1 0 -1 1 1 -1

0 NOFILE

0 FILE 15672.dat
0 Slope Plate 45  2 x  1

0 Name: 15672.dat

0 Author: Remco Canten [rempie]

0 !LDRAW_ORG Part UPDATE 2022-01

0 !LICENSE Licensed under CC BY 2.0 and CC BY 4.0 : see CAreadme.txt



0 !HELP This isn't an alias of 92946.

0 !HELP This part has the exact same angle as 3040b. 92946 doesn't.

0 !HELP If 92946 were to be redesigned, it has to be made different

0 !HELP due to having a differently angled top surface.

0 !HELP http://rebrickable.com/blog/2016/mysterious-slope



0 BFC CERTIFY CCW



0 !KEYWORDS BrickLink 92946



0 !HISTORY 2017-12-30 [PTadmin] Official Update 2017-01

0 !HISTORY 2021-11-14 [Holly-Wood] Fixed issue raised in the comment, rounded corner

0 !HISTORY 2022-01-14 [PTadmin] Official Update 2022-01





2 24 8.239 -16 0 -8.239 -16 0

2 24 10 -14.1 0 10 0 0

2 24 -10 -14.1 0 -10 0 0

2 24 -10 -14.1 -1.9 -10 4 -20

2 24 10 -14.1 -1.9 10 4 -20

2 24 10 8 20 10 8 -20

2 24 -10 8 20 -10 8 -20

2 24 -10 -14.1 0 -9.41 -15.51 0

2 24 -10 -14.1 -1.9 -9.41 -15.51 -.49

2 24 9.41 -15.51 0 8.239 -16 0

2 24 9.41 -15.51 -.49 8.239 -16 0

2 24 -8.239 -16 0 -9.41 -15.51 0

2 24 -9.41 -15.51 -.49 -8.239 -16 0

2 24 10 -14.1 0 9.41 -15.51 0

2 24 10 -14.1 -1.9 9.41 -15.51 -.49



1 16 0 0 10 0 0 -1 0 1 0 1 0 0 stud.dat

1 16 0 4 10 10 0 0 0 -4 0 0 0 10 box2-5.dat

4 16 -10 -14.1 0 10 -14.1 0 10 0 0 -10 0 0

3 16 8.239 -16 0 9.41 -15.51 0 10 -14.1 0

3 16 -9.41 -15.51 0 -8.239 -16 0 -10 -14.1 0

4 16 -10 -14.1 0 -8.239 -16 0 8.239 -16 0 10 -14.1 0



1 16 0 4 0 1 0 0 0 -1 0 0 0 1 stud3.dat

1 16 0 -2 6 6 0 0 0 6 0 0 0 -10 box2-5.dat

0 BFC INVERTNEXT

1 16 0 8 0 0 0 6 0 -4 0 -16 0 0 box4o4a.dat

1 16 0 -2 -10 6 0 0 0 -1 6 0 0 -6 rect3.dat

3 16 6 4 -4 6 4 -16 6 -8 -4

3 16 -6 -8 -4 -6 4 -16 -6 4 -4

1 16 0 6 -20 0 0 10 2 0 0 0 1 0 rect.dat

4 16 -6 8 16 -10 8 20 10 8 20 6 8 16

4 16 6 8 16 10 8 20 10 8 -20 6 8 -16

4 16 6 8 -16 10 8 -20 -10 8 -20 -6 8 -16

4 16 -6 8 -16 -10 8 -20 -10 8 20 -6 8 16

0 // top surface

4 16 -10 4 -20 10 4 -20 10 -14.1 -1.9 -10 -14.1 -1.9

4 16 -10 -14.1 -1.9 10 -14.1 -1.9 9.41 -15.51 -.49 -9.41 -15.51 -.49

4 16 -9.41 -15.51 -.49 9.41 -15.51 -.49 8.239 -16 0 -8.239 -16 0



0 // sides

3 16 10 0 0 10 -14.1 0 10 -14.1 -1.9

4 16 10 8 -20 10 0 0 10 -14.1 -1.9 10 4 -20

3 16 -10 0 0 -10 -14.1 -1.9 -10 -14.1 0

4 16 -10 0 0 -10 8 -20 -10 4 -20 -10 -14.1 -1.9

4 16 10 0 0 10 8 -20 10 8 20 10 0 20

4 16 -10 0 20 -10 8 20 -10 8 -20 -10 0 0

3 16 8.239 -16 0 9.41 -15.51 -.49 9.41 -15.51 0

4 16 9.41 -15.51 0 9.41 -15.51 -.49 10 -14.1 -1.9 10 -14.1 0

3 16 -9.41 -15.51 -.49 -8.239 -16 0 -9.41 -15.51 0

4 16 -10 -14.1 -1.9 -9.41 -15.51 -.49 -9.41 -15.51 0 -10 -14.1 0



5 24 10 -14.1 -1.9 10 -14.1 0 10 0 0 9.41 -15.51 0

5 24 9.41 -15.51 -.49 9.41 -15.51 0 10 -14.1 0 8.239 -16 0

5 24 -10 -14.1 -1.9 -10 -14.1 0 -10 0 0 -9.41 -15.51 0

5 24 -9.41 -15.51 -.49 -9.41 -15.51 0 -10 -14.1 0 -8.239 -16 0

0 NOFILE

0 FILE 4032a.dat
0 Plate  2 x  2 Round with Axlehole

0 Name: 4032a.dat

0 Author: James Jessiman

0 !LDRAW_ORG Part UPDATE 2022-02

0 !LICENSE Licensed under CC BY 4.0 : see CAreadme.txt



0 BFC CERTIFY CCW



0 !KEYWORDS BrickLink 4032



0 !HISTORY 2004-03-25 [westrate] Added stud10, replaced quads with primitives, BFCed

0 !HISTORY 2004-11-06 [PTadmin] Official Update 2004-04

0 !HISTORY 2007-06-30 [PTadmin] Header formatted for Contributor Agreement

0 !HISTORY 2008-07-01 [PTadmin] Official Update 2008-01

0 !HISTORY 2010-01-30 [mikeheide] optimized axlehole

0 !HISTORY 2010-01-31 [PTadmin] Renamed from 4032

0 !HISTORY 2010-12-31 [PTadmin] Official Update 2010-03

0 !HISTORY 2022-01-02 [MagFors] Reshaped axlehole, removed surface bleeding

0 !HISTORY 2022-03-06 [PTadmin] Official Update 2022-02





1 16 0 0 0 1 0 0 0 1 0 0 0 1 s__4032s01.dat

1 16 0 0 0 0 0 1 0 1 0 -1 0 0 s__4032s01.dat

1 16 0 0 0 -1 0 0 0 1 0 0 0 -1 s__4032s01.dat

1 16 0 0 0 0 0 -1 0 1 0 1 0 0 s__4032s01.dat

1 16 0 4 0 1 0 0 0 -1 0 0 0 1 stud4a.dat

1 16 0 4 0 8 0 0 0 1 0 0 0 8 4-4edge.dat

1 16 0 4 0 8 0 0 0 -1 0 0 0 8 4-4ndis.dat

1 16 0 4 0 1 0 0 0 1 0 0 0 1 axlehol3.dat

1 16 0 0 0 1 0 0 0 4 0 0 0 1 axl5hol8.dat

1 16 0 0 0 1 0 0 0 1 0 0 0 1 axl5ho10.dat

1 16 0 4 0 0 0 1 0 -1 0 1 0 0 axl5ho10.dat

1 16 0 0 0 1 0 0 0 1 0 0 0 1 axlehol2.dat

1 16 0 0 0 1 0 0 0 1 0 0 0 1 axl5hol9.dat

1 16 0 4 0 1 0 0 0 1 0 0 0 1 axl5hol9.dat

1 16 0 0 0 6 0 0 0 1 0 0 0 6 4-4ndis.dat

1 16 0 0 0 1 0 0 0 1 0 0 0 1 stug10-2x2.dat

0 NOFILE

0 FILE stug10-2x2.dat
0 Stud Group Truncated Laterally Curved 40D for Round 2 x 2 Parts

0 Name: stug10-2x2.dat

0 Author: Magnus Forsberg [MagFors]

0 !LDRAW_ORG Primitive UPDATE 2020-01

0 !LICENSE Licensed under CC BY 4.0 : see CAreadme.txt



0 BFC CERTIFY CCW



0 !HISTORY 2019-06-28 [PTadmin] Official Update 2019-01

0 !HISTORY 2020-06-28 [PTadmin] Official Update 2020-01





0 // activate next lines to add logos on studs

0 // 1 16 10 -4 10 1 0 0 0 1 0 0 0 1 logo5.dat

0 // 1 16 -10 -4 10 1 0 0 0 1 0 0 0 1 logo5.dat

0 // 1 16 -10 -4 -10 1 0 0 0 1 0 0 0 1 logo5.dat

0 // 1 16 10 -4 -10 1 0 0 0 1 0 0 0 1 logo5.dat



1 16 10 0 10 1 0 0 0 1 0 0 0 1 stud10.dat

1 16 -10 0 10 0 0 -1 0 1 0 1 0 0 stud10.dat

1 16 10 0 -10 0 0 1 0 1 0 -1 0 0 stud10.dat

1 16 -10 0 -10 -1 0 0 0 1 0 0 0 -1 stud10.dat

0 NOFILE

0 FILE stud10.dat
0 Stud Truncated Laterally Curved 40D for Round  2 x  2 Parts

0 Name: stud10.dat

0 Author: Orion Pobursky [OrionP]

0 !LDRAW_ORG Primitive UPDATE 2020-01

0 !LICENSE Licensed under CC BY 4.0 : see CAreadme.txt



0 BFC CERTIFY CCW



0 !HISTORY 2004-01-06 [Steffen] Fixed Header

0 !HISTORY 2004-04-22 [PTadmin] Official Update 2004-02

0 !HISTORY 2007-06-24 [PTadmin] Header formatted for Contributor Agreement

0 !HISTORY 2008-07-01 [PTadmin] Official Update 2008-01

0 !HISTORY 2012-02-16 [Philo] Changed to CCW

0 !HISTORY 2012-03-30 [PTadmin] Official Update 2012-01

0 !HISTORY 2018-02-25 [MagFors] Corrected and added cond-lines

0 !HISTORY 2019-06-28 [PTadmin] Official Update 2019-01

0 !HISTORY 2020-06-28 [PTadmin] Official Update 2020-01





2 24 6 0 0 5.6145 0 1.9397

2 24 1.9387 0 5.6145 0 0 6

2 24 5.6145 -4 1.9397 5.6145 0 1.9397

2 24 6 -4 0 5.6145 -4 1.9397

2 24 5.6145 -4 1.9397 4.142 -4 4.142

2 24 4.142 -4 4.142 1.9397 -4 5.6145

2 24 1.9397 -4 5.6145 0 -4 6

2 24 1.9397 -4 5.6145 1.9387 0 5.6145



5 24 4.142 -4 4.142 4.142 0 4.142 1.9397 -4 5.6145 5.6145 -4 1.9397

5 24 6 -4 0 6 0 0 5.5434 -4 -2.2962 5.6145 -4 1.9397

5 24 0 -4 6 0 0 6 1.9397 -4 5.6145 -2.2962 -4 5.5434



1 16 0 -4 0 0 0 -6 0 4 0 6 0 0 3-4cyli.dat

1 16 0 0 0 0 0 -6 0 1 0 6 0 0 3-4edge.dat

1 16 0 -4 0 0 0 -6 0 1 0 6 0 0 3-4edge.dat

1 16 0 -4 0 0 0 -6 0 1 0 6 0 0 3-4disc.dat

3 16 6 -4 0 5.6145 -4 1.9397 0 -4 0

3 16 5.6145 -4 1.9397 4.142 -4 4.142 0 -4 0

3 16 4.142 -4 4.142 1.9397 -4 5.6145 0 -4 0

3 16 1.9397 -4 5.6145 0 -4 6 0 -4 0

4 16 6 0 0 5.6145 0 1.9397 5.6145 -4 1.9397 6 -4 0

4 16 5.6145 0 1.9397 4.142 0 4.142 4.142 -4 4.142 5.6145 -4 1.9397

4 16 4.142 0 4.142 1.9387 0 5.6145 1.9397 -4 5.6145 4.142 -4 4.142

4 16 1.9387 0 5.6145 0 0 6 0 -4 6 1.9397 -4 5.6145

0 NOFILE

0 FILE 3-4disc.dat
0 Disc 0.75

0 Name: 3-4disc.dat

0 Author: James Jessiman

0 !LDRAW_ORG Primitive UPDATE 2002-02

0 !LICENSE Licensed under CC BY 4.0 : see CAreadme.txt



0 BFC CERTIFY CCW



0 !HISTORY 2002-03-23 [sbliss] Added BFC statement

0 !HISTORY 2002-04-25 [PTadmin] Official Update 2002-02

0 !HISTORY 2007-06-24 [PTadmin] Header formatted for Contributor Agreement

0 !HISTORY 2008-07-01 [PTadmin] Official Update 2008-01





3 16 0 0 0 1 0 0 0.9239 0 0.3827

3 16 0 0 0 0.9239 0 0.3827 0.7071 0 0.7071

3 16 0 0 0 0.7071 0 0.7071 0.3827 0 0.9239

3 16 0 0 0 0.3827 0 0.9239 0 0 1

3 16 0 0 0 0 0 1 -0.3827 0 0.9239

3 16 0 0 0 -0.3827 0 0.9239 -0.7071 0 0.7071

3 16 0 0 0 -0.7071 0 0.7071 -0.9239 0 0.3827

3 16 0 0 0 -0.9239 0 0.3827 -1 0 0

3 16 0 0 0 -1 0 0 -0.9239 0 -0.3827

3 16 0 0 0 -0.9239 0 -0.3827 -0.7071 0 -0.7071

3 16 0 0 0 -0.7071 0 -0.7071 -0.3827 0 -0.9239

3 16 0 0 0 -0.3827 0 -0.9239 0 0 -1

0

0 NOFILE

0 FILE 3-4edge.dat
0 Circle 0.75

0 Name: 3-4edge.dat

0 Author: James Jessiman

0 !LDRAW_ORG Primitive UPDATE 2017-01

0 !LICENSE Licensed under CC BY 4.0 : see CAreadme.txt



0 BFC CERTIFY CCW



0 !HISTORY 2007-06-24 [PTadmin] Header formatted for Contributor Agreement

0 !HISTORY 2008-07-01 [PTadmin] Official Update 2008-01

0 !HISTORY 2017-01-15 [Steffen] BFCed

0 !HISTORY 2017-12-30 [PTadmin] Official Update 2017-01





2 24 1 0 0 0.9239 0 0.3827

2 24 0.9239 0 0.3827 0.7071 0 0.7071

2 24 0.7071 0 0.7071 0.3827 0 0.9239

2 24 0.3827 0 0.9239 0 0 1

2 24 0 0 1 -0.3827 0 0.9239

2 24 -0.3827 0 0.9239 -0.7071 0 0.7071

2 24 -0.7071 0 0.7071 -0.9239 0 0.3827

2 24 -0.9239 0 0.3827 -1 0 0

2 24 -1 0 -0 -0.9239 0 -0.3827

2 24 -0.9239 0 -0.3827 -0.7071 0 -0.7071

2 24 -0.7071 0 -0.7071 -0.3827 0 -0.9239

2 24 -0.3827 0 -0.9239 0 0 -1

0 NOFILE

0 FILE 3-4cyli.dat
0 Cylinder 0.75

0 Name: 3-4cyli.dat

0 Author: James Jessiman

0 !LDRAW_ORG Primitive UPDATE 2005-01

0 !LICENSE Licensed under CC BY 4.0 : see CAreadme.txt



0 BFC CERTIFY CCW



0 !HISTORY 2002-03-23 [sbliss] Added BFC statement; compacted code

0 !HISTORY 2002-04-25 [PTadmin] Official Update 2002-02

0 !HISTORY 2004-12-11 [nielsk] Recreated using Primitive Generator, Edge lines fixed, BFC changed to CCW

0 !HISTORY 2005-12-28 [PTadmin] Official Update 2005-01

0 !HISTORY 2007-06-24 [PTadmin] Header formatted for Contributor Agreement

0 !HISTORY 2008-07-01 [PTadmin] Official Update 2008-01





4 16 .9239 1 .3827 .9239 0 .3827 1 0 0 1 1 0

4 16 .7071 1 .7071 .7071 0 .7071 .9239 0 .3827 .9239 1 .3827

4 16 .3827 1 .9239 .3827 0 .9239 .7071 0 .7071 .7071 1 .7071

4 16 0 1 1 0 0 1 .3827 0 .9239 .3827 1 .9239

4 16 -.3827 1 .9239 -.3827 0 .9239 0 0 1 0 1 1

4 16 -.7071 1 .7071 -.7071 0 .7071 -.3827 0 .9239 -.3827 1 .9239

4 16 -.9239 1 .3827 -.9239 0 .3827 -.7071 0 .7071 -.7071 1 .7071

4 16 -1 1 0 -1 0 0 -.9239 0 .3827 -.9239 1 .3827

4 16 -.9239 1 -.3827 -.9239 0 -.3827 -1 0 0 -1 1 0

4 16 -.7071 1 -.7071 -.7071 0 -.7071 -.9239 0 -.3827 -.9239 1 -.3827

4 16 -.3827 1 -.9239 -.3827 0 -.9239 -.7071 0 -.7071 -.7071 1 -.7071

4 16 0 1 -1 0 0 -1 -.3827 0 -.9239 -.3827 1 -.9239

5 24 1 1 0 1 0 0 1 1 -.4142 .9239 1 .3827

5 24 .9239 1 .3827 .9239 0 .3827 1 1 0 .7071 1 .7071

5 24 .7071 1 .7071 .7071 0 .7071 .9239 1 .3827 .3827 1 .9239

5 24 .3827 1 .9239 .3827 0 .9239 .7071 1 .7071 0 1 1

5 24 0 1 1 0 0 1 .3827 1 .9239 -.3827 1 .9239

5 24 -.3827 1 .9239 -.3827 0 .9239 0 1 1 -.7071 1 .7071

5 24 -.7071 1 .7071 -.7071 0 .7071 -.3827 1 .9239 -.9239 1 .3827

5 24 -.9239 1 .3827 -.9239 0 .3827 -.7071 1 .7071 -1 1 0

5 24 -1 1 0 -1 0 0 -.9239 1 .3827 -.9239 1 -.3827

5 24 -.9239 1 -.3827 -.9239 0 -.3827 -1 1 0 -.7071 1 -.7071

5 24 -.7071 1 -.7071 -.7071 0 -.7071 -.9239 1 -.3827 -.3827 1 -.9239

5 24 -.3827 1 -.9239 -.3827 0 -.9239 -.7071 1 -.7071 0 1 -1

5 24 0 1 -1 0 0 -1 -.3827 1 -.9239 .4142 1 -1

0

0 NOFILE

0 FILE axl5hol9.dat
0 Technic Axle Hole Rounded Tooth Outer Edges

0 Name: axl5hol9.dat

0 Author: Magnus Forsberg [MagFors]

0 !LDRAW_ORG Primitive UPDATE 2022-01

0 !LICENSE Licensed under CC BY 4.0 : see CAreadme.txt



0 BFC CERTIFY CCW



0 !HISTORY 2022-01-14 [PTadmin] Official Update 2022-01





2 24 5.6023 0 2 4 0 2

2 24 4 0 2 2.5 0 2.5

2 24 2.5 0 2.5 2 0 4

2 24 2 0 4 2 0 5.6023

2 24 -2 0 5.6023 -2 0 4

2 24 -2 0 4 -2.5 0 2.5

2 24 -2.5 0 2.5 -4 0 2

2 24 -4 0 2 -5.6023 0 2

2 24 -5.6023 0 -2 -4 0 -2

2 24 -4 0 -2 -2.5 0 -2.5

2 24 -2.5 0 -2.5 -2 0 -4

2 24 -2 0 -4 -2 0 -5.6023

2 24 2 0 -5.6023 2 0 -4

2 24 2 0 -4 2.5 0 -2.5

2 24 2.5 0 -2.5 4 0 -2

2 24 4 0 -2 5.6023 0 -2

0 NOFILE

0 FILE axlehol2.dat
0 Technic Axle Hole Side Edges

0 Name: axlehol2.dat

0 Author: James Jessiman

0 !LDRAW_ORG Primitive UPDATE 2022-02

0 !LICENSE Licensed under CC BY 4.0 : see CAreadme.txt



0 BFC CERTIFY CCW



0 !HISTORY 2002-11-08 [OrionP] Adjusted fit and precision

0 !HISTORY 2003-03-12 [PTadmin] Official Update 2003-01

0 !HISTORY 2007-06-24 [PTadmin] Header formatted for Contributor Agreement

0 !HISTORY 2008-07-01 [PTadmin] Official Update 2008-01

0 !HISTORY 2021-12-24 [MagFors] rounded to four decimals

0 !HISTORY 2022-03-06 [PTadmin] Official Update 2022-02





2 24 6 0 0 5.6023 0 2

2 24 2 0 5.6023 0 0 6

2 24 -6 0 0 -5.6023 0 2

2 24 -2 0 5.6023 0 0 6

2 24 6 0 0 5.6023 0 -2

2 24 2 0 -5.6023 0 0 -6

2 24 -6 0 0 -5.6023 0 -2

2 24 -2 0 -5.6023 0 0 -6

0 NOFILE

0 FILE axl5ho10.dat
0 Technic Axle Hole Rounded Tooth Surface

0 Name: axl5ho10.dat

0 Author: Magnus Forsberg [MagFors]

0 !LDRAW_ORG Primitive UPDATE 2022-01

0 !LICENSE Licensed under CC BY 4.0 : see CAreadme.txt



0 BFC CERTIFY CCW



0 !HISTORY 2022-01-14 [PTadmin] Official Update 2022-01





1 16 0 0 0 5.54328 0 -2.2961 0 1 0 2.2961 0 5.54328 1-8chrd.dat

1 16 0 0 0 -2.2961 0 -5.54328 0 1 0 5.54328 0 -2.2961 1-8chrd.dat

1 16 0 0 0 -5.54328 0 2.2961 0 1 0 -2.2961 0 -5.54328 1-8chrd.dat

1 16 0 0 0 2.2961 0 5.54328 0 1 0 -5.54328 0 2.2961 1-8chrd.dat

3 16 5.5433 0 2.2961 2.2961 0 5.5433 2.5 0 2.5

4 16 2.5 0 2.5 4 0 2 5.6023 0 2 5.5433 0 2.2961

4 16 2 0 4 2.5 0 2.5 2.2961 0 5.5433 2 0 5.6023

3 16 -2.5 0 2.5 -2.2961 0 5.5433 -5.5433 0 2.2961

4 16 -2.5 0 2.5 -2 0 4 -2 0 5.6023 -2.2961 0 5.5433

4 16 -5.6023 0 2 -4 0 2 -2.5 0 2.5 -5.5433 0 2.2961

4 16 -4 0 -2 -5.6023 0 -2 -5.5433 0 -2.2961 -2.5 0 -2.5

3 16 -5.5433 0 -2.2961 -2.2961 0 -5.5433 -2.5 0 -2.5

4 16 -2.2961 0 -5.5433 -2 0 -5.6023 -2 0 -4 -2.5 0 -2.5

3 16 2.2961 0 -5.5433 5.5433 0 -2.2961 2.5 0 -2.5

4 16 2 0 -5.6023 2.2961 0 -5.5433 2.5 0 -2.5 2 0 -4

4 16 4 0 -2 2.5 0 -2.5 5.5433 0 -2.2961 5.6023 0 -2

0 NOFILE

0 FILE axl5hol8.dat
0 Technic Axle Hole Rounded Perimeter

0 Name: axl5hol8.dat

0 Author: Magnus Forsberg [MagFors]

0 !LDRAW_ORG Primitive UPDATE 2022-01

0 !LICENSE Licensed under CC BY 4.0 : see CAreadme.txt



0 BFC CERTIFY CCW



0 !HISTORY 2022-01-14 [PTadmin] Official Update 2022-01





4 16 6 1 0 6 0 0 5.6023 0 2 5.6023 1 2

4 16 4 1 2 5.6023 1 2 5.6023 0 2 4 0 2

4 16 4 1 2 4 0 2 2.5 0 2.5 2.5 1 2.5

4 16 2.5 1 2.5 2.5 0 2.5 2 0 4 2 1 4

4 16 2 1 4 2 0 4 2 0 5.6023 2 1 5.6023

4 16 2 0 5.6023 0 0 6 0 1 6 2 1 5.6023

4 16 0 1 6 0 0 6 -2 0 5.6023 -2 1 5.6023

4 16 -2 1 4 -2 1 5.6023 -2 0 5.6023 -2 0 4

4 16 -2 1 4 -2 0 4 -2.5 0 2.5 -2.5 1 2.5

4 16 -2.5 1 2.5 -2.5 0 2.5 -4 0 2 -4 1 2

4 16 -4 1 2 -4 0 2 -5.6023 0 2 -5.6023 1 2

4 16 -5.6023 1 2 -5.6023 0 2 -6 0 0 -6 1 0

4 16 -6 1 0 -6 0 0 -5.6023 0 -2 -5.6023 1 -2

4 16 -5.6023 1 -2 -5.6023 0 -2 -4 0 -2 -4 1 -2

4 16 -4 1 -2 -4 0 -2 -2.5 0 -2.5 -2.5 1 -2.5

4 16 -2.5 1 -2.5 -2.5 0 -2.5 -2 0 -4 -2 1 -4

4 16 -2 1 -4 -2 0 -4 -2 0 -5.6023 -2 1 -5.6023

4 16 -2 0 -5.6023 0 0 -6 0 1 -6 -2 1 -5.6023

4 16 0 1 -6 0 0 -6 2 0 -5.6023 2 1 -5.6023

4 16 2 1 -5.6023 2 0 -5.6023 2 0 -4 2 1 -4

4 16 2 1 -4 2 0 -4 2.5 0 -2.5 2.5 1 -2.5

4 16 2.5 1 -2.5 2.5 0 -2.5 4 0 -2 4 1 -2

4 16 4 1 -2 4 0 -2 5.6023 0 -2 5.6023 1 -2

4 16 5.6023 1 -2 5.6023 0 -2 6 0 0 6 1 0



2 24 5.6023 1 2 5.6023 0 2

2 24 2 1 5.6023 2 0 5.6023

2 24 -2 1 5.6023 -2 0 5.6023

2 24 -5.6023 1 2 -5.6023 0 2

2 24 -5.6023 1 -2 -5.6023 0 -2

2 24 -2 1 -5.6023 -2 0 -5.6023

2 24 2 1 -5.6023 2 0 -5.6023

2 24 5.6023 1 -2 5.6023 0 -2



5 24 6 1 0 6 0 0 5.6023 1 2 5.6023 1 -2

5 24 4 1 2 4 0 2 5.6023 1 2 2.5 1 2.5

5 24 2.5 1 2.5 2.5 0 2.5 2 1 4 4 1 2

5 24 2 1 4 2 0 4 2.5 1 2.5 2 1 5.6023

5 24 0 1 6 0 0 6 2 1 5.6023 -2 1 5.6023

5 24 -2 1 4 -2 0 4 -2 1 5.6023 -2.5 1 2.5

5 24 -2.5 1 2.5 -2.5 0 2.5 -2 1 4 -4 1 2

5 24 -4 1 2 -4 0 2 -2.5 1 2.5 -5.6023 1 2

5 24 -6 1 0 -6 0 0 -5.6023 1 2 -5.6023 1 -2

5 24 -4 1 -2 -4 0 -2 -5.6023 1 -2 -2.5 1 -2.5

5 24 -2.5 1 -2.5 -2.5 0 -2.5 -4 1 -2 -2 1 -4

5 24 -2 1 -4 -2 0 -4 -2.5 1 -2.5 -2 1 -5.6023

5 24 0 1 -6 0 0 -6 -2 1 -5.6023 2 1 -5.6023

5 24 2 1 -4 2 0 -4 2 1 -5.6023 2.5 1 -2.5

5 24 2.5 1 -2.5 2.5 0 -2.5 4 1 -2 2 1 -4

5 24 4 1 -2 4 0 -2 5.6023 1 -2 2.5 1 -2.5

0 NOFILE

0 FILE axlehol3.dat
0 Technic Axle Hole Tooth Outer Edges

0 Name: axlehol3.dat

0 Author: James Jessiman

0 !LDRAW_ORG Primitive UPDATE 2022-02

0 !LICENSE Licensed under CC BY 4.0 : see CAreadme.txt



0 BFC CERTIFY CCW



0 !HISTORY 2002-11-08 [OrionP] Adjusted fit and precision

0 !HISTORY 2003-03-12 [PTadmin] Official Update 2003-01

0 !HISTORY 2007-06-24 [PTadmin] Header formatted for Contributor Agreement

0 !HISTORY 2008-07-01 [PTadmin] Official Update 2008-01

0 !HISTORY 2021-12-24 [MagFors] rounded to four decimals

0 !HISTORY 2022-03-06 [PTadmin] Official Update 2022-02





1 16 0 0 0 5.54328 0 -2.2961 0 1 0 2.2961 0 5.54328 1-8edge.dat

2 24 5.6023 0 2 5.5433 0 2.2961

2 24 2.2961 0 5.5433 2 0 5.6023

1 16 0 0 0 2.2961 0 5.54328 0 1 0 -5.54328 0 2.2961 1-8edge.dat

2 24 2 0 -5.6023 2.2961 0 -5.5433

2 24 5.5433 0 -2.2961 5.6023 0 -2

1 16 0 0 0 -5.54328 0 2.2961 0 1 0 -2.2961 0 -5.54328 1-8edge.dat

2 24 -5.6023 0 -2 -5.5433 0 -2.2961

2 24 -2.2961 0 -5.5433 -2 0 -5.6023

1 16 0 0 0 -2.2961 0 -5.54328 0 1 0 5.54328 0 -2.2961 1-8edge.dat

2 24 -2 0 5.6023 -2.2961 0 5.5433

2 24 -5.5433 0 2.2961 -5.6023 0 2

0 NOFILE

0 FILE stud4a.dat
0 Stud Tube Open without Base Edges

0 Name: stud4a.dat

0 Author: James Jessiman

0 !LDRAW_ORG Primitive UPDATE 2009-02

0 !LICENSE Licensed under CC BY 4.0 : see CAreadme.txt



0 BFC CERTIFY CCW



0 !HISTORY 1999-07-05 [PTadmin] Official Update 1999-05

0 !HISTORY 2002-04-04 [sbliss] Modified for BFC compliance

0 !HISTORY 2002-04-25 [PTadmin] Official Update 2002-02

0 !HISTORY 2007-06-24 [PTadmin] Header formatted for Contributor Agreement

0 !HISTORY 2008-07-01 [PTadmin] Official Update 2008-01

0 !HISTORY 2009-06-21 [cwdee] Update ring references to 4-4ring

0 !HISTORY 2009-09-03 [PTadmin] Official Update 2009-02





1 16 0 -4 0 6 0 0 0 1 0 0 0 6 4-4edge.dat

1 16 0 -4 0 8 0 0 0 1 0 0 0 8 4-4edge.dat

0 BFC INVERTNEXT

1 16 0 -4 0 6 0 0 0 4 0 0 0 6 4-4cyli.dat

1 16 0 -4 0 8 0 0 0 4 0 0 0 8 4-4cyli.dat

1 16 0 -4 0 2 0 0 0 1 0 0 0 2 4-4ring3.dat

0

0 NOFILE

0 FILE s__4032s01.dat
0 ~Plate  2 x  2 Round with Axlehole - Quarter

0 Name: s\4032s01.dat

0 Author: Magnus Forsberg [MagFors]

0 !LDRAW_ORG Subpart UPDATE 2022-02

0 !LICENSE Licensed under CC BY 4.0 : see CAreadme.txt



0 BFC CERTIFY CCW



0 !HISTORY 2022-03-06 [PTadmin] Official Update 2022-02





4 16 8 4 8 16 4 11.36 16 4 -11.36 8 4 -8

4 16 16 4 -11.36 14.142 4 -14.142 11.36 4 -16 8 4 -8

1 16 16 6 0 0 1 0 0 0 -2 11.36 0 0 rect.dat

4 16 18.4774 8 7.6536 18.4776 8 -7.6537 16 8 -11.36 16 8 11.36

1 16 0 8 0 18.4776 0 7.6537 0 -1 0 -7.6537 0 18.4776 1-8chrd.dat

1 16 0 8 0 18.4776 0 7.6537 0 -8 0 -7.6537 0 18.4776 1-8cylo.dat

1 16 0 0 0 18.4776 0 7.6537 0 1 0 -7.6537 0 18.4776 1-8chrd.dat

4 16 18.4774 0 7.6536 18.4774 8 7.6536 16 8 11.36 16 4 11.36

4 16 18.4776 8 -7.6537 18.4776 0 -7.6537 16 4 -11.36 16 8 -11.36

2 24 18.4774 0 7.6536 15.6145 0 11.9397

2 24 18.4776 0 -7.6537 15.6145 0 -11.9387

2 24 18.4774 8 7.6536 16 8 11.36

2 24 18.4776 8 -7.6537 16 8 -11.36

2 24 16 4 -11.36 14.142 4 -14.142

2 24 14.142 4 -14.142 11.36 4 -16

4 16 15.6145 0 -11.9387 15.6145 0 11.9397 6 0 6 6 0 -6

4 16 15.6145 0 -11.9387 18.4776 0 -7.6537 18.4774 0 7.6536 15.6145 0 11.9397

4 16 15.6145 0 -11.9387 14.142 0 -14.142 14.142 4 -14.142 16 4 -11.36

3 16 15.6145 0 -11.9387 16 4 -11.36 18.4776 0 -7.6537

3 16 18.4774 0 7.6536 16 4 11.36 15.6145 0 11.9397

4 16 16 4 11.36 14.142 4 14.142 14.142 0 14.142 15.6145 0 11.9397

5 24 18.4774 0 7.6536 18.4774 8 7.6536 14.142 0 14.142 20.0005 0 .0001

5 24 18.4776 0 -7.6537 18.4776 8 -7.6537 20.0005 0 .0001 14.142 0 -14.142

5 24 14.142 0 14.142 14.142 4 14.142 18.4774 0 7.6536 7.6537 0 18.4776

0 NOFILE

0 FILE 1-8cylo.dat
0 Cylinder Open 0.125

0 Name: 1-8cylo.dat

0 Author: Tim Gould [timgould]

0 !LDRAW_ORG Primitive UPDATE 2012-03

0 !LICENSE Licensed under CC BY 4.0 : see CAreadme.txt



0 BFC CERTIFY CCW



0 !HISTORY 2012-12-28 [PTadmin] Official Update 2012-03





1 16 0 0 0 1 0 0 0 1 0 0 0 1 1-8edge.dat

1 16 0 1 0 1 0 0 0 1 0 0 0 1 1-8edge.dat

1 16 0 0 0 1 0 0 0 1 0 0 0 1 1-8cyli.dat

0 NOFILE

0 FILE 63965a.dat
0 Bar  6L with Thick Stop

0 Name: 63965a.dat

0 Author: N. W. Perry [Plastikean]

0 !LDRAW_ORG Part UPDATE 2025-09

0 !LICENSE Licensed under CC BY 4.0 : see CAreadme.txt



0 BFC CERTIFY CCW



0 !KEYWORDS BrickLink 63965, Missile, pole, Rebrickable 63965, rod, Small, stand

0 !KEYWORDS Star Wars, town, umbrella



0 !HISTORY 2020-04-16 [Plastikean] Adjusted part length, pos & width of ring

0 !HISTORY 2020-06-28 [PTadmin] Official Update 2020-01

0 !HISTORY 2025-09-27 [OrionP] Changed winding to CCW

0 !HISTORY 2025-09-29 [OrionP] Official Update 2025-09



1 16 0 -104 0 0 0 4 0 96 0 4 0 0 4-4cylc.dat

1 16 0 -8 0 0 0 6 0 1 0 6 0 0 4-4edge.dat

1 16 0 -8 0 0 0 2 0 2 0 2 0 0 4-4ring2.dat

1 16 0 -8 0 0 0 6 0 8 0 6 0 0 4-4cyli.dat

1 16 0 0 0 0 0 6 0 1 0 6 0 0 4-4edge.dat

1 16 0 0 0 0 0 -2 0 -2 0 2 0 0 4-4ring2.dat

1 16 0 16 0 0 0 -4 0 -16 0 4 0 0 4-4cylc.dat
0 NOFILE

0 FILE 4-4cylc.dat
0 Cylinder Closed 1.0

0 Name: 4-4cylc.dat

0 Author: Alex Taylor [anathema]

0 !LDRAW_ORG Primitive UPDATE 2009-02

0 !LICENSE Licensed under CC BY 4.0 : see CAreadme.txt



0 BFC CERTIFY CCW



0 !HISTORY 2008-12-29 [cwdee] Removed one disc

0 !HISTORY 2009-09-03 [PTadmin] Official Update 2009-02





1 16 0 0 0 1 0 0 0 1 0 0 0 1 4-4edge.dat

1 16 0 1 0 1 0 0 0 1 0 0 0 1 4-4edge.dat

1 16 0 0 0 1 0 0 0 1 0 0 0 1 4-4disc.dat

1 16 0 0 0 1 0 0 0 1 0 0 0 1 4-4cyli.dat

0

0 NOFILE

0 FILE 3684a.dat
0 Slope Brick 75  2 x  2 x  3 with Hollow Studs

0 Name: 3684a.dat

0 Author: James Jessiman

0 !LDRAW_ORG Part UPDATE 2016-01

0 !LICENSE Licensed under CC BY 4.0 : see CAreadme.txt



0 BFC CERTIFY CCW



0 !KEYWORDS Rebrickable 3684



0 !HISTORY 1998-06-20 [PTadmin] Official Update 1998-06

0 !HISTORY 2002-09-13 [izanette] modified with WINDZ for BFC compliance

0 !HISTORY 2003-11-11 [fwcain] subfiled.

0 !HISTORY 2004-09-15 [PTadmin] Official Update 2004-03

0 !HISTORY 2007-06-29 [PTadmin] Header formatted for Contributor Agreement

0 !HISTORY 2008-07-01 [PTadmin] Official Update 2008-01

0 !HISTORY 2016-12-26 [PTadmin] Renamed from 3684

0 !HISTORY 2016-12-27 [RabbiT_CZ] Updated for subfile without studs

0 !HISTORY 2016-12-31 [PTadmin] Official Update 2016-01





1 16 0 0 0 1 0 0 0 1 0 0 0 1 s__3684s01.dat

1 16 10 0 0 1 0 0 0 1 0 0 0 1 stud2.dat

1 16 -10 0 0 1 0 0 0 1 0 0 0 1 stud2.dat



4 16 20 0 -10 -20 0 -10 -20 68 -30 20 68 -30

4 16 20 72 10 -20 72 10 -20 0 10 20 0 10



0 // end of file

0 NOFILE

0 FILE s__3684s01.dat
0 ~Slope Brick 75  2 x  2 x  3 without Front and Back Surfaces and Studs

0 Name: s\3684s01.dat

0 Author: Franklin W. Cain [fwcain]

0 !LDRAW_ORG Subpart UPDATE 2016-01

0 !LICENSE Licensed under CC BY 4.0 : see CAreadme.txt



0 !HELP un-comment for front and back faces...

0 !HELP 4 16 20 72 10 -20 72 10 -20 0 10 20 0 10

0 !HELP 4 16 20 0 -10 -20 0 -10 -20 68 -30 20 68 -30



0 BFC CERTIFY CCW



0 !HISTORY 2004-01-31 [OrionP] Fixed error in BFC, Fixed L3P errors

0 !HISTORY 2004-09-15 [PTadmin] Official Update 2004-03

0 !HISTORY 2007-08-31 [PTadmin] Header formatted for Contributor Agreement

0 !HISTORY 2008-07-01 [PTadmin] Official Update 2008-01

0 !HISTORY 2016-12-27 [RabbiT_CZ] Fixed overlapping primitives, used more primitives

0 !HISTORY 2016-12-31 [PTadmin] Official Update 2016-01





1 16 0 11 -10 6 0 0 0 1 21 0 0 -6 2-4edge.dat

1 16 0 11 -10 8 0 0 0 1 28 0 0 -8 2-4edge.dat



1 16 0 39 -10 0 0 -8 0 -28 0 -8 0 0 1-4cyls.dat

1 16 0 39 -10 0 0 8 0 -28 0 -8 0 0 1-4cyls.dat



0 BFC INVERTNEXT

1 16 0 32 -10 0 0 -6 0 -21 0 -6 0 0 1-4cyls.dat

0 BFC INVERTNEXT

1 16 0 32 -10 0 0 6 0 -21 0 -6 0 0 1-4cyls.dat

0 BFC INVERTNEXT

1 16 0 32 -10 6 0 0 0 7 0 0 0 -6 4-4cyli.dat



1 16 0 4 -10 8 0 0 0 35 0 0 0 8 2-4cyli.dat



0 BFC INVERTNEXT

1 16 0 4 -10 6 0 0 0 28 0 0 0 6 2-4cyli.dat



1 16 0 4 -10 6 0 0 0 1 0 0 0 6 2-4edge.dat

1 16 0 4 -10 8 0 0 0 1 0 0 0 8 2-4edge.dat



2 24 8 11 -10 7.6023 4 -8

2 24 -8 11 -10 -7.6023 4 -8



2 24 6 11 -10 5.6 4 -8

2 24 -6 11 -10 -5.6 4 -8



1 16 0 39 -10 1 0 0 0 -8.25 0 0 0 1 stud4a.dat



2 24 -16 72 6 -16 72 -26

2 24 16 72 -26 16 72 6

2 24 20 72 10 -20 72 10

2 24 -20 72 10 -20 72 -30

2 24 20 72 -30 20 72 10



2 24 20 0 -10 20 68 -30

2 24 20 0 10 20 72 10

2 24 -20 0 -10 -20 68 -30

2 24 -20 0 10 -20 72 10



4 16 20 72 10 16 72 6 -16 72 6 -20 72 10

4 16 -20 72 -30 -16 72 -26 16 72 -26 20 72 -30



4 16 -16 72 -26 -20 72 -30 -20 72 10 -16 72 6

4 16 20 72 10 20 72 -30 16 72 -26 16 72 6



1 16 0 38 6 -16 0 0 0 0 34 0 1 0 rect.dat

1 16 0 69.5 -26 16 0 0 0 0 2.5 0 -1 0 rect.dat

1 16 0 70 -30 0 0 -20 -2 0 0 0 1 0 rect.dat

1 16 0 0 0 -20 0 0 0 1 0 0 0 -10 rect.dat

1 16 0 35.5 -17 16 0 0 0 -1 -31.5 0 0 9 rect3.dat

1 16 0 4 -1 0 0 16 0 -1 0 7 0 0 rect2p.dat



3 16 -16 4 6 -16 4 -8 -16 72 6

4 16 -16 4 -8 -16 67 -26 -16 72 -26 -16 72 6

4 16 16 67 -26 16 4 -8 16 72 6 16 72 -26

3 16 16 4 -8 16 4 6 16 72 6



4 16 20 72 10 20 0 10 20 0 -10 20 68 -30

3 16 20 72 -30 20 72 10 20 68 -30



4 16 -20 0 -10 -20 0 10 -20 72 10 -20 68 -30

3 16 -20 68 -30 -20 72 10 -20 72 -30



0 NOFILE

0 FILE 6565.dat
0 Wedge  3 x  2 Left

0 Name: 6565.dat

0 Author: James Jessiman

0 !LDRAW_ORG Part UPDATE 2025-09

0 !LICENSE Licensed under CC BY 4.0 : see CAreadme.txt



0 BFC CERTIFY CCW



0 !HISTORY 2003-07-01 [Steffen] BFCed; fixed wrongly oriented studs by creating subfile; fixed one non-coplanar quad

0 !HISTORY 2004-04-22 [PTadmin] Official Update 2004-02

0 !HISTORY 2007-07-18 [PTadmin] Header formatted for Contributor Agreement

0 !HISTORY 2008-07-01 [PTadmin] Official Update 2008-01

0 !HISTORY 2025-09-27 [OrionP] Changed winding to CCW

0 !HISTORY 2025-09-29 [OrionP] Official Update 2025-09



1 16 0 0 0 1 0 0 0 1 0 0 0 1 s__6565s01.dat

1 16 -10 0 20 1 0 0 0 1 0 0 0 1 stud.dat

1 16 -10 0 0 1 0 0 0 1 0 0 0 1 stud.dat

1 16 -10 0 -20 1 0 0 0 1 0 0 0 1 stud.dat

0
0 NOFILE

0 FILE s__6565s01.dat
0 ~Wedge  3 x  2 without Studs

0 Name: s\6565s01.dat

0 Author: James Jessiman

0 !LDRAW_ORG Subpart UPDATE 2025-09

0 !LICENSE Licensed under CC BY 4.0 : see CAreadme.txt



0 BFC CERTIFY CCW



0 !HISTORY 2003-06-30 [Steffen] BFCed; subfiled for fixing mirrored studs; fixed one non-coplanar quad

0 !HISTORY 2003-11-09 [OrionP] fixed small gap on the inside

0 !HISTORY 2004-04-22 [PTadmin] Official Update 2004-02

0 !HISTORY 2007-09-10 [PTadmin] Header formatted for Contributor Agreement

0 !HISTORY 2008-07-01 [PTadmin] Official Update 2008-01

0 !HISTORY 2025-09-27 [OrionP] Changed winding to CCW

0 !HISTORY 2025-09-29 [OrionP] Official Update 2025-09



1 16 -10 4 10 -1 0 0 0 -5 0 0 0 1 stud3.dat

1 16 -10 4 -10 -1 0 0 0 -5 0 0 0 1 stud3.dat

0 BFC INVERTNEXT

1 16 -10 24 0 -6 0 0 0 -20 0 0 0 26 box5.dat

2 24 -1 24 27 15.67 24 27

2 24 15.67 24 27 15 24 25

2 24 11 24 13 9 24 7

2 24 5 24 -5 -1 24 -23

2 24 -1 24 -23 -1 24 27

2 24 15 24 25 18 24 24

2 24 11 24 13 14 24 12

2 24 9 24 7 12 24 6

2 24 5 24 -5 8 24 -6

2 24 -20 24 30 20 24 30

2 24 20 24 30 18 24 24

2 24 14 24 12 12 24 6

2 24 8 24 -6 0 24 -30

2 24 0 24 -30 -20 24 -30

2 24 -20 24 -30 -20 24 30

2 24 15 20 25 18 20 24

2 24 11 20 13 14 20 12

2 24 9 20 7 12 20 6

2 24 5 20 -5 8 20 -6

2 24 15 20 25 11 20 13

2 24 9 20 7 5 20 -5

2 24 18 20 24 14 20 12

2 24 12 20 6 8 20 -6

2 24 15 20 25 15 24 25

2 24 18 20 24 18 24 24

2 24 11 20 13 11 24 13

2 24 14 20 12 14 24 12

2 24 9 20 7 9 24 7

2 24 12 20 6 12 24 6

2 24 5 20 -5 5 24 -5

2 24 8 20 -6 8 24 -6

2 24 -1 4 27 15.67 4 27

2 24 15.67 4 27 -1 4 -23

2 24 -1 4 -23 -1 4 27

2 24 -1 4 27 -1 24 27

2 24 15.67 4 27 15.67 24 27

2 24 -1 4 -23 -1 24 -23

2 24 -20 0 30 20 0 30

2 24 20 0 30 0 0 -30

2 24 0 0 -30 -20 0 -30

2 24 -20 0 -30 -20 0 30

2 24 -20 0 30 -20 24 30

2 24 20 0 30 20 24 30

2 24 0 0 -30 0 24 -30

2 24 -20 0 -30 -20 24 -30

4 16 20 24 30 15.67 24 27 -1 24 27 -20 24 30

4 16 -1 24 27 -4 24 26 -16 24 26 -20 24 30

4 16 18 24 24 15 24 25 15.67 24 27 20 24 30

4 16 12 24 6 9 24 7 11 24 13 14 24 12

4 16 0 24 -30 -1 24 -23 5 24 -5 8 24 -6

4 16 -1 24 -23 -4 24 -26 -4 24 26 -1 24 27

4 16 -20 24 30 -16 24 26 -16 24 -26 -20 24 -30

4 16 -20 24 -30 -16 24 -26 -4 24 -26 0 24 -30

3 16 0 24 -30 -4 24 -26 -1 24 -23

4 16 14 20 12 11 20 13 15 20 25 18 20 24

4 16 8 20 -6 5 20 -5 9 20 7 12 20 6

3 16 -1 4 27 15.67 4 27 -1 4 -23

4 16 -20 0 -30 0 0 -30 20 0 30 -20 0 30

4 16 -20 24 30 -20 0 30 20 0 30 20 24 30

4 16 15.67 24 27 15.67 4 27 -1 4 27 -1 24 27

4 16 18 24 24 18 20 24 15 20 25 15 24 25

4 16 11 24 13 11 20 13 14 20 12 14 24 12

4 16 12 24 6 12 20 6 9 20 7 9 24 7

4 16 5 24 -5 5 20 -5 8 20 -6 8 24 -6

4 16 0 24 -30 0 0 -30 -20 0 -30 -20 24 -30

4 16 18 20 24 18 24 24 20 24 30 20 0 30

4 16 12 20 6 12 24 6 14 24 12 14 20 12

4 16 0 0 -30 0 24 -30 8 24 -6 8 20 -6

4 16 0 0 -30 8 20 -6 18 20 24 20 0 30

4 16 15 4 25 15.67 4 27 15.67 24 27 15 24 25

4 16 11 20 13 11 24 13 9 24 7 9 20 7

4 16 -1 4 -23 5 20 -5 5 24 -5 -1 24 -23

4 16 -1 4 -23 15 4 25 15 20 25 5 20 -5

4 16 -1 4 -23 -1 24 -23 -1 24 27 -1 4 27

4 16 -20 0 30 -20 24 30 -20 24 -30 -20 0 -30

0
0 NOFILE

0 FILE 6564.dat
0 Wedge  3 x  2 Right

0 Name: 6564.dat

0 Author: James Jessiman

0 !LDRAW_ORG Part UPDATE 2004-02

0 !LICENSE Licensed under CC BY 4.0 : see CAreadme.txt



0 BFC CERTIFY CCW



0 !HISTORY 2003-07-01 [Steffen] BFCed; fixed wrongly oriented studs by creating subfile; fixed one non-coplanar quad

0 !HISTORY 2004-04-22 [PTadmin] Official Update 2004-02

0 !HISTORY 2007-07-18 [PTadmin] Header formatted for Contributor Agreement

0 !HISTORY 2008-07-01 [PTadmin] Official Update 2008-01





1 16 0 0 0 -1 0 0 0 1 0 0 0 1 s__6565s01.dat

1 16 10 0 20 -1 0 0 0 1 0 0 0 -1 stud.dat

1 16 10 0 0 -1 0 0 0 1 0 0 0 -1 stud.dat

1 16 10 0 -20 -1 0 0 0 1 0 0 0 -1 stud.dat

0

0 NOFILE

0 FILE 3795.dat
0 Plate  2 x  6

0 Name: 3795.dat

0 Author: James Jessiman

0 !LDRAW_ORG Part UPDATE 2025-09

0 !LICENSE Licensed under CC BY 4.0 : see CAreadme.txt



0 BFC CERTIFY CCW



0 !HISTORY 2003-08-01 [Steffen] BFCed

0 !HISTORY 2003-12-19 [PTadmin] Official Update 2003-03

0 !HISTORY 2007-06-29 [PTadmin] Header formatted for Contributor Agreement

0 !HISTORY 2008-07-01 [PTadmin] Official Update 2008-01

0 !HISTORY 2025-09-27 [OrionP] Changed winding to CCW

0 !HISTORY 2025-09-29 [OrionP] Official Update 2025-09



1 16 40 4 0 1 0 0 0 -1 0 0 0 1 stud4.dat

1 16 20 4 0 1 0 0 0 -1 0 0 0 1 stud4.dat

1 16 0 4 0 1 0 0 0 -1 0 0 0 1 stud4.dat

1 16 -20 4 0 1 0 0 0 -1 0 0 0 1 stud4.dat

1 16 -40 4 0 1 0 0 0 -1 0 0 0 1 stud4.dat

0 BFC INVERTNEXT

1 16 0 8 0 56 0 0 0 -4 0 0 0 16 box5.dat

4 16 60 8 20 56 8 16 -56 8 16 -60 8 20

4 16 -60 8 -20 -56 8 -16 56 8 -16 60 8 -20

4 16 60 8 -20 56 8 -16 56 8 16 60 8 20

4 16 -60 8 20 -56 8 16 -56 8 -16 -60 8 -20

1 16 0 8 0 60 0 0 0 -8 0 0 0 20 box5.dat

1 16 50 0 10 1 0 0 0 1 0 0 0 1 stud.dat

1 16 30 0 10 1 0 0 0 1 0 0 0 1 stud.dat

1 16 10 0 10 1 0 0 0 1 0 0 0 1 stud.dat

1 16 -10 0 10 1 0 0 0 1 0 0 0 1 stud.dat

1 16 -30 0 10 1 0 0 0 1 0 0 0 1 stud.dat

1 16 -50 0 10 1 0 0 0 1 0 0 0 1 stud.dat

1 16 50 0 -10 1 0 0 0 1 0 0 0 1 stud.dat

1 16 30 0 -10 1 0 0 0 1 0 0 0 1 stud.dat

1 16 10 0 -10 1 0 0 0 1 0 0 0 1 stud.dat

1 16 -10 0 -10 1 0 0 0 1 0 0 0 1 stud.dat

1 16 -30 0 -10 1 0 0 0 1 0 0 0 1 stud.dat

1 16 -50 0 -10 1 0 0 0 1 0 0 0 1 stud.dat

0
0 NOFILE

0 FILE stud4.dat
0 Stud Tube Open

0 Name: stud4.dat

0 Author: James Jessiman

0 !LDRAW_ORG Primitive UPDATE 2009-02

0 !LICENSE Licensed under CC BY 4.0 : see CAreadme.txt



0 BFC CERTIFY CCW



0 !HISTORY 1999-07-05 [PTadmin] Official Update 1999-05

0 !HISTORY 2002-04-04 [sbliss] Modified for BFC compliance

0 !HISTORY 2002-04-25 [PTadmin] Official Update 2002-02

0 !HISTORY 2007-06-24 [PTadmin] Header formatted for Contributor Agreement

0 !HISTORY 2008-07-01 [PTadmin] Official Update 2008-01

0 !HISTORY 2009-06-21 [cwdee] Update ring references to 4-4ring

0 !HISTORY 2009-09-03 [PTadmin] Official Update 2009-02





1 16 0 -4 0 6 0 0 0 1 0 0 0 6 4-4edge.dat

1 16 0 -4 0 8 0 0 0 1 0 0 0 8 4-4edge.dat

1 16 0 0 0 6 0 0 0 1 0 0 0 6 4-4edge.dat

1 16 0 0 0 8 0 0 0 1 0 0 0 8 4-4edge.dat

0 BFC INVERTNEXT

1 16 0 -4 0 6 0 0 0 4 0 0 0 6 4-4cyli.dat

1 16 0 -4 0 8 0 0 0 4 0 0 0 8 4-4cyli.dat

1 16 0 -4 0 2 0 0 0 1 0 0 0 2 4-4ring3.dat

0

0 NOFILE

0 FILE 85861.dat
0 Plate  1 x  1 Round with Open Stud

0 Name: 85861.dat

0 Author: Magnus Forsberg [MagFors]

0 !LDRAW_ORG Part UPDATE 2025-09

0 !LICENSE Licensed under CC BY 4.0 : see CAreadme.txt



0 BFC CERTIFY CCW



0 !HISTORY 2010-04-05 [PTadmin] Official Update 2010-01

0 !HISTORY 2025-09-27 [OrionP] Changed winding to CCW

0 !HISTORY 2025-09-29 [OrionP] Official Update 2025-09



1 16 0 3 0 -1 0 0 0 -1.25 0 0 0 1 stud4.dat

1 16 0 3 0 4 0 0 0 1 0 0 0 4 4-4edge.dat

1 16 0 3 0 -2 0 0 0 -1 0 0 0 2 4-4ring2.dat

1 16 0 3 0 10 0 0 0 1 0 0 0 10 4-4edge.dat

1 16 0 3 0 -2 0 0 0 -1 0 0 0 2 4-4ring4.dat

1 16 0 0 0 10 0 0 0 1 0 0 0 10 4-4edge.dat

1 16 0 0 0 10 0 0 0 3 0 0 0 10 4-4cyli.dat

1 16 0 0 0 6 0 0 0 1 0 0 0 6 4-4edge.dat

1 16 0 0 0 2 0 0 0 1 0 0 0 2 4-4ring4.dat

1 16 0 0 0 2 0 0 0 1 0 0 0 2 4-4ring3.dat

0 BFC INVERTNEXT

1 16 0 0 0 4 0 0 0 3 0 0 0 4 4-4cyli.dat

1 16 0 0 0 1 0 0 0 1 0 0 0 1 stud2a.dat
0 NOFILE

0 FILE 55525.dat
0 =Cone  1 x  1

0 Name: 55525.dat

0 Author: Rolf Osterthun [Rolf]

0 !LDRAW_ORG Part Alias UPDATE 2013-02

0 !LICENSE Licensed under CC BY 4.0 : see CAreadme.txt



0 BFC CERTIFY CCW



0 !HISTORY 2013-12-23 [PTadmin] Official Update 2013-02





0 // Alias of 4589

0 // Part 55525 is the metallic lacquered counterpart of 4589



1 16 0 0 0 1 0 0 0 1 0 0 0 1 4589.dat

0 NOFILE

0 FILE 4589.dat
0 Cone  1 x  1

0 Name: 4589.dat

0 Author: James Jessiman

0 !LDRAW_ORG Part UPDATE 2010-03

0 !LICENSE Licensed under CC BY 4.0 : see CAreadme.txt



0 BFC CERTIFY CCW



0 !KEYWORDS 299.dat, pylon, Round



0 !HISTORY 1997-12-05 [PTadmin] Official Update 1997-17

0 !HISTORY 1999-03-01 [sbliss] Replaced conic code with primitives. Cleaned up format.

0 !HISTORY 2000-05-07 [PTadmin] Official Update 2000-01

0 !HISTORY 2003-08-07 [jriley] BFC compliant

0 !HISTORY 2003-12-19 [PTadmin] Official Update 2003-03

0 !HISTORY 2007-07-08 [PTadmin] Header formatted for Contributor Agreement

0 !HISTORY 2008-07-01 [PTadmin] Official Update 2008-01

0 !HISTORY 2010-09-12 [mikeheide] changed references

0 !HISTORY 2010-12-31 [PTadmin] Official Update 2010-03





1 16 0 19 0 8 0 0 0 2.5 0 0 0 8 4-4edge.dat

1 16 0 24 0 8 0 0 0 2.5 0 0 0 8 4-4edge.dat

1 16 0 24 0 6 0 0 0 2.5 0 0 0 6 4-4edge.dat

1 16 0 24 0 2 0 0 0 -2.5 0 0 0 2 4-4ring3.dat

1 16 0 19 0 8 0 0 0 5 0 0 0 8 4-4cyli.dat

0 BFC INVERTNEXT

1 16 0 24 0 -6 0 0 0 -5 0 0 0 6 4-4cyli.dat

0 BFC INVERTNEXT

1 16 0 18 0 6 0 0 0 1 0 0 0 6 4-4cyli.dat

1 16 0 12 0 1 0 0 0 6 0 0 0 1 axlehole.dat

1 16 0 12 0 1 0 0 0 1 0 0 0 1 axlehol2.dat

1 16 0 18 0 1 0 0 0 1 0 0 0 1 axlehol3.dat

1 16 0 12 0 4 0 0 0 1 0 0 0 4 4-4edge.dat

1 16 0 19 0 10 0 0 0 1 0 0 0 10 4-4edge.dat

1 16 0 0 0 6 0 0 0 1 0 0 0 6 4-4edge.dat

0 BFC INVERTNEXT

1 16 0 0 0 4 0 0 0 12 0 0 0 4 4-4cyli.dat

1 16 0 0 0 1 0 0 0 1 0 0 0 1 stud2a.dat

1 16 0 19 0 -2 0 0 0 -1 0 0 0 2 4-4ring4.dat

1 16 0 12 0 -2 0 0 0 -1 0 0 0 2 4-4ring2.dat

1 16 0 9.5 0 -2 0 0 0 -9.5 0 0 0 2 4-4con3.dat

1 16 0 19 0 0 0 -2 0 -9.5 0 -2 0 0 4-4con4.dat

0 //

0 NOFILE

0 FILE 4-4con4.dat
0 Cone  4 x 1.0

0 Name: 4-4con4.dat

0 Author: Willy Tschager [Holly-Wood]

0 !LDRAW_ORG Primitive UPDATE 2024-01

0 !LICENSE Licensed under CC BY 4.0 : see CAreadme.txt



0 BFC CERTIFY CCW



0 !HISTORY 2003-08-01 [PTadmin] Official Update 2003-02

0 !HISTORY 2007-06-24 [PTadmin] Header formatted for Contributor Agreement

0 !HISTORY 2008-07-01 [PTadmin] Official Update 2008-01

0 !HISTORY 2012-02-16 [Philo] Changed to CCW

0 !HISTORY 2012-03-30 [PTadmin] Official Update 2012-01

0 !HISTORY 2024-01-07 [Holly-Wood] Complete regeneration, original by jriley

0 !HISTORY 2024-01-29 [OrionP] Official Update 2024-01



4 16 4 1 0 3.6956 1 1.5308 4.6195 0 1.9135 5 0 0

4 16 3.6956 1 1.5308 2.8284 1 2.8284 3.5355 0 3.5355 4.6195 0 1.9135

4 16 2.8284 1 2.8284 1.5308 1 3.6956 1.9135 0 4.6195 3.5355 0 3.5355

4 16 1.5308 1 3.6956 0 1 4 0 0 5 1.9135 0 4.6195

4 16 0 1 4 -1.5308 1 3.6956 -1.9135 0 4.6195 0 0 5

4 16 -1.5308 1 3.6956 -2.8284 1 2.8284 -3.5355 0 3.5355 -1.9135 0 4.6195

4 16 -2.8284 1 2.8284 -3.6956 1 1.5308 -4.6195 0 1.9135 -3.5355 0 3.5355

4 16 -3.6956 1 1.5308 -4 1 0 -5 0 0 -4.6195 0 1.9135

4 16 -4 1 0 -3.6956 1 -1.5308 -4.6195 0 -1.9135 -5 0 0

4 16 -3.6956 1 -1.5308 -2.8284 1 -2.8284 -3.5355 0 -3.5355 -4.6195 0 -1.9135

4 16 -2.8284 1 -2.8284 -1.5308 1 -3.6956 -1.9135 0 -4.6195 -3.5355 0 -3.5355

4 16 -1.5308 1 -3.6956 0 1 -4 0 0 -5 -1.9135 0 -4.6195

4 16 0 1 -4 1.5308 1 -3.6956 1.9135 0 -4.6195 0 0 -5

4 16 1.5308 1 -3.6956 2.8284 1 -2.8284 3.5355 0 -3.5355 1.9135 0 -4.6195

4 16 2.8284 1 -2.8284 3.6956 1 -1.5308 4.6195 0 -1.9135 3.5355 0 -3.5355

4 16 3.6956 1 -1.5308 4 1 0 5 0 0 4.6195 0 -1.9135

0 // conditional lines

5 24 4 1 0 5 0 0 3.6956 1 -1.5308 3.6956 1 1.5308

5 24 3.6956 1 1.5308 4.6195 0 1.9135 4 1 0 2.8284 1 2.8284

5 24 2.8284 1 2.8284 3.5355 0 3.5355 3.6956 1 1.5308 1.5308 1 3.6956

5 24 1.5308 1 3.6956 1.9135 0 4.6195 2.8284 1 2.8284 0 1 4

5 24 0 1 4 0 0 5 1.5308 1 3.6956 -1.5308 1 3.6956

5 24 -1.5308 1 3.6956 -1.9135 0 4.6195 0 1 4 -2.8284 1 2.8284

5 24 -2.8284 1 2.8284 -3.5355 0 3.5355 -1.5308 1 3.6956 -3.6956 1 1.5308

5 24 -3.6956 1 1.5308 -4.6195 0 1.9135 -2.8284 1 2.8284 -4 1 0

5 24 -4 1 0 -5 0 0 -3.6956 1 1.5308 -3.6956 1 -1.5308

5 24 -3.6956 1 -1.5308 -4.6195 0 -1.9135 -4 1 0 -2.8284 1 -2.8284

5 24 -2.8284 1 -2.8284 -3.5355 0 -3.5355 -3.6956 1 -1.5308 -1.5308 1 -3.6956

5 24 -1.5308 1 -3.6956 -1.9135 0 -4.6195 -2.8284 1 -2.8284 0 1 -4

5 24 0 1 -4 0 0 -5 -1.5308 1 -3.6956 1.5308 1 -3.6956

5 24 1.5308 1 -3.6956 1.9135 0 -4.6195 0 1 -4 2.8284 1 -2.8284

5 24 2.8284 1 -2.8284 3.5355 0 -3.5355 1.5308 1 -3.6956 3.6956 1 -1.5308

5 24 3.6956 1 -1.5308 4.6195 0 -1.9135 2.8284 1 -2.8284 4 1 0

0 // Build by LDPartEditor (PrimGen 2.X)

0 NOFILE

0 FILE 4-4con3.dat
0 Cone  3 x 1.0

0 Name: 4-4con3.dat

0 Author: Niels Karsdorp [nielsk]

0 !LDRAW_ORG Primitive UPDATE 2003-02

0 !LICENSE Licensed under CC BY 4.0 : see CAreadme.txt



0 BFC CERTIFY CCW



0 !HISTORY 2003-08-01 [PTadmin] Official Update 2003-02

0 !HISTORY 2007-06-24 [PTadmin] Header formatted for Contributor Agreement

0 !HISTORY 2008-07-01 [PTadmin] Official Update 2008-01





5 24 3 1 0 4 0 0 2.7717 1 1.1481 2.7717 1 -1.1481

5 24 2.7717 1 1.1481 3.6956 0 1.5308 2.1213 1 2.1213 3 1 0

5 24 2.1213 1 2.1213 2.8284 0 2.8284 1.1481 1 2.7717 2.7717 1 1.1481

5 24 1.1481 1 2.7717 1.5308 0 3.6956 0 1 3 2.1213 1 2.1213

5 24 0 1 3 0 0 4 -1.1481 1 2.7717 1.1481 1 2.7717

5 24 -1.1481 1 2.7717 -1.5308 0 3.6956 -2.1213 1 2.1213 0 1 3

5 24 -2.1213 1 2.1213 -2.8284 0 2.8284 -2.7717 1 1.1481 -1.1481 1 2.7717

5 24 -2.7717 1 1.1481 -3.6956 0 1.5308 -3 1 0 -2.1213 1 2.1213

5 24 -3 1 0 -4 0 0 -2.7717 1 -1.1481 -2.7717 1 1.1481

5 24 -2.7717 1 -1.1481 -3.6956 0 -1.5308 -2.1213 1 -2.1213 -3 1 0

5 24 -2.1213 1 -2.1213 -2.8284 0 -2.8284 -1.1481 1 -2.7717 -2.7717 1 -1.1481

5 24 -1.1481 1 -2.7717 -1.5308 0 -3.6956 0 1 -3 -2.1213 1 -2.1213

5 24 0 1 -3 0 0 -4 1.1481 1 -2.7717 -1.1481 1 -2.7717

5 24 1.1481 1 -2.7717 1.5308 0 -3.6956 2.1213 1 -2.1213 0 1 -3

5 24 2.1213 1 -2.1213 2.8284 0 -2.8284 2.7717 1 -1.1481 1.1481 1 -2.7717

5 24 2.7717 1 -1.1481 3.6956 0 -1.5308 3 1 0 2.1213 1 -2.1213



4 16 3 1 0 2.7717 1 1.1481 3.6956 0 1.5308 4 0 0

4 16 2.7717 1 1.1481 2.1213 1 2.1213 2.8284 0 2.8284 3.6956 0 1.5308

4 16 2.1213 1 2.1213 1.1481 1 2.7717 1.5308 0 3.6956 2.8284 0 2.8284

4 16 1.1481 1 2.7717 0 1 3 0 0 4 1.5308 0 3.6956

4 16 0 1 3 -1.1481 1 2.7717 -1.5308 0 3.6956 0 0 4

4 16 -1.1481 1 2.7717 -2.1213 1 2.1213 -2.8284 0 2.8284 -1.5308 0 3.6956

4 16 -2.1213 1 2.1213 -2.7717 1 1.1481 -3.6956 0 1.5308 -2.8284 0 2.8284

4 16 -2.7717 1 1.1481 -3 1 0 -4 0 0 -3.6956 0 1.5308

4 16 -3 1 0 -2.7717 1 -1.1481 -3.6956 0 -1.5308 -4 0 0

4 16 -2.7717 1 -1.1481 -2.1213 1 -2.1213 -2.8284 0 -2.8284 -3.6956 0 -1.5308

4 16 -2.1213 1 -2.1213 -1.1481 1 -2.7717 -1.5308 0 -3.6956 -2.8284 0 -2.8284

4 16 -1.1481 1 -2.7717 0 1 -3 0 0 -4 -1.5308 0 -3.6956

4 16 0 1 -3 1.1481 1 -2.7717 1.5308 0 -3.6956 0 0 -4

4 16 1.1481 1 -2.7717 2.1213 1 -2.1213 2.8284 0 -2.8284 1.5308 0 -3.6956

4 16 2.1213 1 -2.1213 2.7717 1 -1.1481 3.6956 0 -1.5308 2.8284 0 -2.8284

4 16 2.7717 1 -1.1481 3 1 0 4 0 0 3.6956 0 -1.5308



0



0 NOFILE

0 FILE axlehole.dat
0 Technic Axle Hole Closed

0 Name: axlehole.dat

0 Author: James Jessiman

0 !LDRAW_ORG Primitive UPDATE 2022-02

0 !LICENSE Licensed under CC BY 4.0 : see CAreadme.txt



0 BFC CERTIFY CCW



0 !HISTORY 2000-04-23 [sbliss] Added conditional edges along outermost diameters

0 !HISTORY 2000-05-07 [PTadmin] Official Update 2000-01

0 !HISTORY 2002-05-08 [OrionP] Made BFC compliant

0 !HISTORY 2002-08-18 [PTadmin] Official Update 2002-04

0 !HISTORY 2002-11-08 [OrionP] Adjusted fit and precision

0 !HISTORY 2003-03-12 [PTadmin] Official Update 2003-01

0 !HISTORY 2005-05-15 [guyvivan] Use 1-8chrd.dat primitive and made BFC'ed CCW

0 !HISTORY 2005-12-28 [PTadmin] Official Update 2005-01

0 !HISTORY 2007-06-24 [PTadmin] Header formatted for Contributor Agreement

0 !HISTORY 2008-07-01 [PTadmin] Official Update 2008-01

0 !HISTORY 2021-03-25 [Sirio] Added adapter rings and rounded to four decimals

0 !HISTORY 2021-12-20 [MagFors] Reshaped the hole

0 !HISTORY 2022-03-06 [PTadmin] Official Update 2022-02





1 16 0 0 0 1 0 0 0 1 0 0 0 1 axl5hol9.dat

1 16 0 1 0 1 0 0 0 1 0 0 0 1 axl5hol9.dat

1 16 0 0 0 1 0 0 0 1 0 0 0 1 axl5ho10.dat

1 16 0 1 0 1 0 0 0 -1 0 0 0 -1 axl5ho10.dat



1 16 0 0 0 1 0 0 0 1 0 0 0 1 axl5hol8.dat



0 // Adapter rings

1 16 0 0 0 6 0 0 0 1 0 0 0 6 1-16chrd.dat

1 16 0 0 0 0 0 6 0 1 0 6 0 0 1-16chrd.dat

1 16 0 0 0 0 0 -6 0 1 0 6 0 0 1-16chrd.dat

1 16 0 0 0 -6 0 0 0 1 0 0 0 6 1-16chrd.dat

1 16 0 0 0 -6 0 0 0 1 0 0 0 -6 1-16chrd.dat

1 16 0 0 0 0 0 -6 0 1 0 -6 0 0 1-16chrd.dat

1 16 0 0 0 0 0 6 0 1 0 -6 0 0 1-16chrd.dat

1 16 0 0 0 6 0 0 0 1 0 0 0 -6 1-16chrd.dat



1 16 0 1 0 6 0 0 0 -1 0 0 0 6 1-16chrd.dat

1 16 0 1 0 0 0 6 0 -1 0 6 0 0 1-16chrd.dat

1 16 0 1 0 0 0 -6 0 -1 0 6 0 0 1-16chrd.dat

1 16 0 1 0 -6 0 0 0 -1 0 0 0 6 1-16chrd.dat

1 16 0 1 0 -6 0 0 0 -1 0 0 0 -6 1-16chrd.dat

1 16 0 1 0 0 0 -6 0 -1 0 -6 0 0 1-16chrd.dat

1 16 0 1 0 0 0 6 0 -1 0 -6 0 0 1-16chrd.dat

1 16 0 1 0 6 0 0 0 -1 0 0 0 -6 1-16chrd.dat

0 NOFILE

0 FILE 1-16chrd.dat
0 Chord 0.0625

0 Name: 1-16chrd.dat

0 Author: Philippe Hurbain [Philo]

0 !LDRAW_ORG Primitive UPDATE 2015-01

0 !LICENSE Licensed under CC BY 4.0 : see CAreadme.txt



0 BFC CERTIFY CCW



0 !HISTORY 2015-10-11 [PTadmin] Official Update 2015-01





0 // This file is intentionally empty because at the current \P resolution,

0 // an 1-16chrd is actually empty. However, this file still is present

0 // to allow tools to do primitives substition and fill in a real chrd here,

0 // or, if desired, to substitute this with the hi-res 48\1-16chrd.



0 // This file is based on an idea by Darats at http://forums.ldraw.org/read.php?19,14500,14500#msg-14500



1 16 0 0 0 1 0 0 0 1 0 0 0 1 empty.dat
0 NOFILE

0 FILE empty.dat
0 Empty

0 Name: empty.dat

0 Author: Steffen [Steffen]

0 !LDRAW_ORG Primitive UPDATE 2025-08

0 !LICENSE Licensed under CC BY 4.0 : see CAreadme.txt



0 BFC CERTIFY CCW



0 !HISTORY 2015-10-11 [PTadmin] Official Update 2015-01

0 !HISTORY 2025-08-13 [OrionP] Fix comments

0 !HISTORY 2025-08-31 [OrionP] Official Update 2025-08



0 // Tool MLCad cannot handle really empty files. This file is used as a workaround.

0 // It exceptionally contains forbidden non-LDRAW standard syntax to satisfy MLCad

0 // until it is fixed OR a different editor has become the de-facto LDRAW standard.

0 // The line being used here is an "impossible" conditional line which never should be visible,

0 // additionally hidden by a syntax explicitly hiding it from displaying.



0 MLCAD HIDE 5 24 0 0 0 0.0001 0 0 0.0001 -0.0001 0 0 0 0
0 NOFILE

0 FILE 3622.dat
0 Brick  1 x  3

0 Name: 3622.dat

0 Author: James Jessiman

0 !LDRAW_ORG Part UPDATE 2004-02

0 !LICENSE Licensed under CC BY 4.0 : see CAreadme.txt



0 BFC CERTIFY CCW



0 !HISTORY 2003-10-15 [westrate] Subfiled, BFC'd

0 !HISTORY 2004-04-22 [PTadmin] Official Update 2004-02

0 !HISTORY 2007-06-25 [PTadmin] Header formatted for Contributor Agreement

0 !HISTORY 2008-07-01 [PTadmin] Official Update 2008-01





1 16 0 0 0 1 0 0 0 1 0 0 0 1 s__3622s01.dat

4 16 30 0 -10 -30 0 -10 -30 24 -10 30 24 -10

0

0 NOFILE

0 FILE s__3622s01.dat
0 ~Brick  1 x  3 without Front Face

0 Name: s\3622s01.dat

0 Author: Takeshi Takahashi [RainbowDolphin]

0 !LDRAW_ORG Subpart UPDATE 2024-05

0 !LICENSE Licensed under CC BY 4.0 : see CAreadme.txt



0 BFC CERTIFY CCW



0 !HISTORY 2003-10-14 [westrate] Subfiled, BFC'd

0 !HISTORY 2004-04-22 [PTadmin] Official Update 2004-02

0 !HISTORY 2007-08-31 [PTadmin] Header formatted for Contributor Agreement

0 !HISTORY 2008-07-01 [PTadmin] Official Update 2008-01

0 !HISTORY 2024-05-28 [RainbowDolphin] Total rewrite, original by Andy Westrate [westrate]

0 !HISTORY 2024-06-30 [OrionP] Official Update 2024-05



1 16 0 0 0 1 0 0 0 1 0 0 0 1 stug-1x3.dat

1 16 0 4 0 1 0 0 0 -5 0 0 0 1 stug3-1x2.dat

1 16 0 24 0 30 0 0 0 -24 0 0 0 10 box4t.dat

0 BFC INVERTNEXT

1 16 0 24 0 26 0 0 0 -20 0 0 0 6 box5.dat



4 16 30 24 10 26 24 6 -26 24 6 -30 24 10

4 16 -30 24 10 -26 24 6 -26 24 -6 -30 24 -10

4 16 -30 24 -10 -26 24 -6 26 24 -6 30 24 -10

4 16 30 24 -10 26 24 -6 26 24 6 30 24 10

0 NOFILE

0 FILE stug3-1x2.dat
0 Stud Tube Solid Group  1 x  2

0 Name: stug3-1x2.dat

0 Author: Steffen [Steffen]

0 !LDRAW_ORG Primitive UPDATE 2013-02

0 !LICENSE Licensed under CC BY 4.0 : see CAreadme.txt



0 BFC CERTIFY CCW



0 !HISTORY 2013-12-23 [PTadmin] Official Update 2013-02





1 16 -10 0 0 1 0 0 0 1 0 0 0 1 stud3.dat

1 16 10 0 0 1 0 0 0 1 0 0 0 1 stud3.dat

0 NOFILE

0 FILE stug-1x3.dat
0 Stud Group  1 x  3

0 Name: stug-1x3.dat

0 Author: Steffen [Steffen]

0 !LDRAW_ORG Primitive UPDATE 2012-01

0 !LICENSE Licensed under CC BY 4.0 : see CAreadme.txt



0 BFC CERTIFY CCW



0 !HISTORY 2012-03-30 [PTadmin] Official Update 2012-01





1 16 -20 0 0 1 0 0 0 1 0 0 0 1 stud.dat

1 16 0 0 0 1 0 0 0 1 0 0 0 1 stud.dat

1 16 20 0 0 1 0 0 0 1 0 0 0 1 stud.dat

0 NOFILE

0 FILE 6636.dat
0 Tile  1 x  6

0 Name: 6636.dat

0 Author: James Jessiman

0 !LDRAW_ORG Part UPDATE 2009-03

0 !LICENSE Licensed under CC BY 4.0 : see CAreadme.txt



0 BFC CERTIFY CCW



0 !HISTORY 2002-02-15 [BrickCaster] groove

0 !HISTORY 2002-08-18 [PTadmin] Official Update 2002-04

0 !HISTORY 2004-07-27 [guyvivan] Made BFC Compliant

0 !HISTORY 2004-11-06 [PTadmin] Official Update 2004-04

0 !HISTORY 2007-07-18 [PTadmin] Header formatted for Contributor Agreement

0 !HISTORY 2008-07-01 [PTadmin] Official Update 2008-01

0 !HISTORY 2008-07-07 [johnny-thunder] subfiled (2006-07-01)

0 !HISTORY 2009-12-29 [PTadmin] Official Update 2009-03





1 16 0 0 0 1 0 0 0 1 0 0 0 1 s__6636s01.dat

4 16 60 0 -10 60 0 10 -60 0 10 -60 0 -10

0

0 NOFILE

0 FILE s__6636s01.dat
0 ~Tile  1 x  6 without Top Face

0 Name: s\6636s01.dat

0 Author: Takeshi Takahashi [RainbowDolphin]

0 !LDRAW_ORG Subpart UPDATE 2024-05

0 !LICENSE Licensed under CC BY 4.0 : see CAreadme.txt



0 BFC CERTIFY CCW



0 !HISTORY 2009-12-29 [PTadmin] Official Update 2009-03

0 !HISTORY 2024-05-28 [RainbowDolphin] Total rewrite, original by C.L.Rasmussen [johnny-thunder]

0 !HISTORY 2024-06-30 [OrionP] Official Update 2024-05



1 16 0 8 0 59 0 0 0 -1 0 0 0 9 box4.dat

1 16 0 7 0 60 0 0 0 -7 0 0 0 10 box4.dat

0 BFC INVERTNEXT

1 16 0 8 0 56 0 0 0 -4 0 0 0 6 box5.dat

1 16 0 4 0 1 0 0 0 -1 0 0 0 -1 stug3-1x5.dat

4 16 59 8 9 56 8 6 -56 8 6 -59 8 9

4 16 -59 8 9 -56 8 6 -56 8 -6 -59 8 -9

4 16 -59 8 -9 -56 8 -6 56 8 -6 59 8 -9

4 16 59 8 -9 56 8 -6 56 8 6 59 8 9

4 16 60 7 10 59 7 9 -59 7 9 -60 7 10

4 16 -60 7 10 -59 7 9 -59 7 -9 -60 7 -10

4 16 -60 7 -10 -59 7 -9 59 7 -9 60 7 -10

4 16 60 7 -10 59 7 -9 59 7 9 60 7 10

0 NOFILE

0 FILE stug3-1x5.dat
0 Stud Tube Solid Group  1 x  5

0 Name: stug3-1x5.dat

0 Author: Steffen [Steffen]

0 !LDRAW_ORG Primitive UPDATE 2013-01

0 !LICENSE Licensed under CC BY 4.0 : see CAreadme.txt



0 BFC CERTIFY CCW



0 !HISTORY 2013-07-21 [PTadmin] Official Update 2013-01





1 16 -40 0 0 1 0 0 0 1 0 0 0 1 stud3.dat

1 16 -20 0 0 1 0 0 0 1 0 0 0 1 stud3.dat

1 16 0 0 0 1 0 0 0 1 0 0 0 1 stud3.dat

1 16 20 0 0 1 0 0 0 1 0 0 0 1 stud3.dat

1 16 40 0 0 1 0 0 0 1 0 0 0 1 stud3.dat

0 NOFILE

0 FILE 3021.dat
0 Plate  2 x  3

0 Name: 3021.dat

0 Author: James Jessiman

0 !LDRAW_ORG Part UPDATE 2002-03

0 !LICENSE Licensed under CC BY 4.0 : see CAreadme.txt



0 BFC CERTIFY CCW



0 !HISTORY 2001-10-26 [PTadmin] Official Update 2001-01

0 !HISTORY 2002-05-07 {unknown} BFC Certification

0 !HISTORY 2002-06-11 [PTadmin] Official Update 2002-03

0 !HISTORY 2007-06-07 [PTadmin] Header formatted for Contributor Agreement

0 !HISTORY 2008-07-01 [PTadmin] Official Update 2008-01





1 16 10 4 0 1 0 0 0 -1 0 0 0 1 stud4.dat

1 16 -10 4 0 1 0 0 0 -1 0 0 0 1 stud4.dat



0 BFC INVERTNEXT

1 16 0 8 0 26 0 0 0 -4 0 0 0 16 box5.dat



4 16 30 8 20 26 8 16 -26 8 16 -30 8 20

0 // Next Line was 4 16 30 8 -20 26 8 -16 -26 8 -16 -30 8 -20

4 16 -30 8 -20 -26 8 -16 26 8 -16 30 8 -20

0 // Next Line was 4 16 30 8 20 26 8 16 26 8 -16 30 8 -20

4 16 30 8 -20 26 8 -16 26 8 16 30 8 20

4 16 -30 8 20 -26 8 16 -26 8 -16 -30 8 -20



1 16 0 8 0 30 0 0 0 -8 0 0 0 20 box5.dat



1 16 20 0 10 1 0 0 0 1 0 0 0 1 stud.dat

1 16 0 0 10 1 0 0 0 1 0 0 0 1 stud.dat

1 16 -20 0 10 1 0 0 0 1 0 0 0 1 stud.dat

1 16 20 0 -10 1 0 0 0 1 0 0 0 1 stud.dat

1 16 0 0 -10 1 0 0 0 1 0 0 0 1 stud.dat

1 16 -20 0 -10 1 0 0 0 1 0 0 0 1 stud.dat

0

0 NOFILE

0 FILE 11212.dat
0 Plate  3 x  3

0 Name: 11212.dat

0 Author: Rolf Osterthun [Rolf]

0 !LDRAW_ORG Part UPDATE 2012-03

0 !LICENSE Licensed under CC BY 4.0 : see CAreadme.txt



0 BFC CERTIFY CCW



0 !HISTORY 2012-09-19 [Rolf] Creation

0 !HISTORY 2012-12-28 [PTadmin] Official Update 2012-03





1 16 0 4 0 1 0 0 0 -1 0 0 0 1 stug4-2x2.dat

1 16 0 8 0 30 0 0 0 -8 0 0 0 30 box5.dat

0 BFC INVERTNEXT

1 16 0 8 0 26 0 0 0 -4 0 0 0 26 box5.dat

1 16 0 0 0 1 0 0 0 1 0 0 0 1 stug-3x3.dat



4 16 30 8 30 26 8 26 -26 8 26 -30 8 30

4 16 -30 8 -30 -26 8 -26 26 8 -26 30 8 -30

4 16 30 8 -30 26 8 -26 26 8 26 30 8 30

4 16 -30 8 30 -26 8 26 -26 8 -26 -30 8 -30

0 NOFILE

0 FILE stug-3x3.dat
0 Stud Group  3 x  3

0 Name: stug-3x3.dat

0 Author: Steve Bliss [sbliss]

0 !LDRAW_ORG Primitive UPDATE 2011-01

0 !LICENSE Licensed under CC BY 4.0 : see CAreadme.txt



0 BFC CERTIFY CCW



0 !HISTORY 2005-12-28 [PTadmin] Official Update 2005-01

0 !HISTORY 2007-05-04 [PTadmin] Header formatted for Contributor Agreement

0 !HISTORY 2008-07-01 [PTadmin] Official Update 2008-01

0 !HISTORY 2011-07-01 [PTadmin] Renamed from stug3

0 !HISTORY 2011-07-25 [PTadmin] Official Update 2011-01





1 16 -20 0 -20 1 0 0 0 1 0 0 0 1 stud.dat

1 16 -20 0 0 1 0 0 0 1 0 0 0 1 stud.dat

1 16 -20 0 20 1 0 0 0 1 0 0 0 1 stud.dat

1 16 0 0 -20 1 0 0 0 1 0 0 0 1 stud.dat

1 16 0 0 0 1 0 0 0 1 0 0 0 1 stud.dat

1 16 0 0 20 1 0 0 0 1 0 0 0 1 stud.dat

1 16 20 0 -20 1 0 0 0 1 0 0 0 1 stud.dat

1 16 20 0 0 1 0 0 0 1 0 0 0 1 stud.dat

1 16 20 0 20 1 0 0 0 1 0 0 0 1 stud.dat

0

0 NOFILE

0 FILE stug4-2x2.dat
0 Stud Tube Open Group  2 x  2

0 Name: stug4-2x2.dat

0 Author: Steffen [Steffen]

0 !LDRAW_ORG Primitive UPDATE 2011-01

0 !LICENSE Licensed under CC BY 4.0 : see CAreadme.txt



0 BFC CERTIFY CCW



0 !HISTORY 2011-07-25 [PTadmin] Official Update 2011-01





1 16 -10 0 -10 1 0 0 0 1 0 0 0 1 stud4.dat

1 16 10 0 -10 1 0 0 0 1 0 0 0 1 stud4.dat

1 16 -10 0 10 1 0 0 0 1 0 0 0 1 stud4.dat

1 16 10 0 10 1 0 0 0 1 0 0 0 1 stud4.dat

0 NOFILE

0 FILE 3003.dat
0 Brick  2 x  2

0 Name: 3003.dat

0 Author: James Jessiman

0 !LDRAW_ORG Part UPDATE 2022-05

0 !LICENSE Licensed under CC BY 4.0 : see CAreadme.txt



0 BFC CERTIFY CCW



0 !HISTORY 2001-10-26 [PTadmin] Official Update 2001-01

0 !HISTORY 2002-05-07 {unknown} BFC Certification

0 !HISTORY 2002-06-11 [PTadmin] Official Update 2002-03

0 !HISTORY 2007-05-07 [PTadmin] Header formatted for Contributor Agreement

0 !HISTORY 2008-07-01 [PTadmin] Official Update 2008-01

0 !HISTORY 2022-08-04 [MagFors] Using subfile

0 !HISTORY 2022-09-15 [PTadmin] Official Update 2022-05





1 16 0 0 0 1 0 0 0 1 0 0 0 1 s__3003s01.dat

4 16 -20 24 -20 20 24 -20 20 0 -20 -20 0 -20

0 NOFILE

0 FILE s__3003s01.dat
0 ~Brick  2 x  2 without Front Face

0 Name: s\3003s01.dat

0 Author: Steffen [Steffen]

0 !LDRAW_ORG Subpart UPDATE 2013-02

0 !LICENSE Licensed under CC BY 4.0 : see CAreadme.txt



0 BFC CERTIFY CCW



0 !HISTORY 2009-05-02 [PTadmin] Official Update 2009-01

0 !HISTORY 2013-04-02 [Steffen] used s\3003s02.dat

0 !HISTORY 2013-12-23 [PTadmin] Official Update 2013-02





1 16 0 0 0 1 0 0 0 1 0 0 0 1 s__3003s02.dat

4 16 20 24 20 -20 24 20 -20 0 20 20 0 20

0 NOFILE

0 FILE s__3003s02.dat
0 ~Brick  2 x  2 without Front and Back Faces

0 Name: s\3003s02.dat

0 Author: Owen Burgoyne [C3POwen]

0 !LDRAW_ORG Subpart UPDATE 2013-02

0 !LICENSE Licensed under CC BY 4.0 : see CAreadme.txt



0 BFC CERTIFY CCW



0 !HISTORY 2013-12-23 [PTadmin] Official Update 2013-02





1 16 0 4 0 1 0 0 0 -5 0 0 0 1 stud4.dat

0 BFC INVERTNEXT

1 16 0 24 0 16 0 0 0 -20 0 0 0 16 box5.dat

4 16 20 24 20 16 24 16 -16 24 16 -20 24 20

4 16 -20 24 20 -16 24 16 -16 24 -16 -20 24 -20

4 16 -20 24 -20 -16 24 -16 16 24 -16 20 24 -20

4 16 20 24 -20 16 24 -16 16 24 16 20 24 20

2 24 20 24 20 -20 24 20

2 24 20 24 -20 -20 24 -20

1 16 0 24 0 0 0 20 0 -24 0 -20 0 0 box3u2p.dat

1 16 0 0 0 1 0 0 0 1 0 0 0 1 stug-2x2.dat

0 NOFILE

0 FILE stug-2x2.dat
0 Stud Group  2 x  2

0 Name: stug-2x2.dat

0 Author: Steffen [Steffen]

0 !LDRAW_ORG Primitive UPDATE 2012-01

0 !LICENSE Licensed under CC BY 4.0 : see CAreadme.txt



0 BFC CERTIFY CCW



0 !HISTORY 2005-12-28 [PTadmin] Official Update 2005-01

0 !HISTORY 2007-05-04 [PTadmin] Header formatted for Contributor Agreement

0 !HISTORY 2008-07-01 [PTadmin] Official Update 2008-01

0 !HISTORY 2011-07-01 [PTadmin] Renamed from stug2

0 !HISTORY 2011-07-25 [PTadmin] Official Update 2011-01

0 !HISTORY 2012-02-16 [Philo] Changed to CCW

0 !HISTORY 2012-03-30 [PTadmin] Official Update 2012-01





1 16 -10 0 -10 1 0 0 0 1 0 0 0 1 stud.dat

1 16 10 0 -10 1 0 0 0 1 0 0 0 1 stud.dat

1 16 -10 0 10 1 0 0 0 1 0 0 0 1 stud.dat

1 16 10 0 10 1 0 0 0 1 0 0 0 1 stud.dat

0 NOFILE

0 FILE box3u2p.dat
0 Box with 3 Faces without 2 Parallel Edges

0 Name: box3u2p.dat

0 Author: Niels Karsdorp [nielsk]

0 !LDRAW_ORG Primitive UPDATE 2012-01

0 !LICENSE Licensed under CC BY 4.0 : see CAreadme.txt



0 BFC CERTIFY CCW



0 !HISTORY 2003-03-12 [PTadmin] Official Update 2003-01

0 !HISTORY 2007-06-24 [PTadmin] Header formatted for Contributor Agreement

0 !HISTORY 2008-07-01 [PTadmin] Official Update 2008-01

0 !HISTORY 2012-02-16 [Philo] Changed to CCW

0 !HISTORY 2012-03-30 [PTadmin] Official Update 2012-01





2 24 1 1 1 -1 1 1

2 24 -1 1 -1 1 1 -1

2 24 1 0 1 -1 0 1

2 24 -1 0 -1 1 0 -1

2 24 1 1 1 1 1 -1

2 24 -1 1 1 -1 1 -1

2 24 1 1 1 1 0 1

2 24 1 1 -1 1 0 -1

2 24 -1 1 1 -1 0 1

2 24 -1 1 -1 -1 0 -1

4 16 -1 1 -1 -1 1 1 1 1 1 1 1 -1

4 16 -1 1 1 -1 0 1 1 0 1 1 1 1

4 16 1 1 -1 1 0 -1 -1 0 -1 -1 1 -1

0 NOFILE

0 FILE 3039.dat
0 Slope Brick 45  2 x  2

0 Name: 3039.dat

0 Author: James Jessiman

0 !LDRAW_ORG Part UPDATE 2003-03

0 !LICENSE Licensed under CC BY 4.0 : see CAreadme.txt



0 BFC CERTIFY CCW



0 !HISTORY 2003-07-02 [Steffen] BFCed; re-worked part to use s\3039s01.dat

0 !HISTORY 2003-12-19 [PTadmin] Official Update 2003-03

0 !HISTORY 2007-06-09 [PTadmin] Header formatted for Contributor Agreement

0 !HISTORY 2008-07-01 [PTadmin] Official Update 2008-01





1 16 0 0 0 1 0 0 0 1 0 0 0 1 s__3039s01.dat

4 16 20 20 -30 20 0 -10 -20 0 -10 -20 20 -30

0

0 NOFILE

0 FILE s__3039s01.dat
0 ~Slope Brick 45  2 x  2 without Front Face

0 Name: s\3039s01.dat

0 Author: Willy Tschager [Holly-Wood]

0 !LDRAW_ORG Subpart UPDATE 2024-02

0 !LICENSE Licensed under CC BY 4.0 : see CAreadme.txt



0 BFC CERTIFY CCW



0 !HISTORY 1999-12-31 [PTadmin] Official Update 1999-06

0 !HISTORY 2003-07-02 [Steffen] BFCed; change in part name: "w/o" --> "without"

0 !HISTORY 2003-12-19 [PTadmin] Official Update 2003-03

0 !HISTORY 2007-08-30 [PTadmin] Header formatted for Contributor Agreement

0 !HISTORY 2008-07-01 [PTadmin] Official Update 2008-01

0 !HISTORY 2024-03-14 [Holly-Wood] Complete re-write, original by jvan

0 !HISTORY 2024-03-24 [OrionP] Official Update 2024-02



1 16 0 0 0 1 0 0 0 1 0 0 0 1 stug-1x2.dat



1 16 0 12 -10 -1 0 0 0 -3 0 0 0 1 stud4a.dat



0 BFC INVERTNEXT

1 16 0 4 -10 6 0 0 0 8 0 0 0 6 2-4cyli.dat

0 BFC INVERTNEXT

1 16 0 10 -10 6 0 0 0 2 0 0 0 -6 2-4cyli.dat



0 BFC INVERTNEXT

1 16 0 10 -10 0 0 6 0 -6 0 -6 0 0 1-4cyls.dat

0 BFC INVERTNEXT

1 16 0 10 -10 0 0 -6 0 -6 0 -6 0 0 1-4cyls.dat



1 16 0 4 -10 8 0 0 0 8 0 0 0 8 2-4cyli.dat



1 16 0 12 -10 0 0 8 0 -8 0 -8 0 0 1-4cyls.dat

1 16 0 12 -10 0 0 -8 0 -8 0 -8 0 0 1-4cyls.dat



1 16 0 4 -10 6 0 0 0 1 0 0 0 6 2-4edge.dat

1 16 0 4 -10 6 0 0 0 1 6 0 0 -6 2-4edge.dat



1 16 0 4 -10 8 0 0 0 1 0 0 0 8 2-4edge.dat

1 16 0 4 -10 8 0 0 0 1 8 0 0 -8 2-4edge.dat



1 16 0 4 -10 6 0 0 0 -1 0 0 0 6 2-4chrd.dat

1 16 0 4 -10 8 0 0 0 -1 0 0 0 8 2-4ndis.dat



1 16 0 4 -10 6 0 0 0 -1 6 0 0 -6 2-4chrd.dat

1 16 0 4 -10 8 0 0 0 -1 8 0 0 -8 2-4ndis.dat



0 BFC INVERTNEXT

1 16 0 14 -10 0 0 16 10 0 0 0 16 0 box3u4a.dat



4 16 -8 4 -2 -8 4 -10 -16 4 -10 -16 4 6

4 16 8 4 -10 8 4 -2 16 4 6 16 4 -10

4 16 16 4 6 8 4 -2 0 4 -2 -16 4 6

3 16 -8 4 -2 -16 4 6 0 4 -2



1 16 0 22 -26 0 0 16 -2 0 0 0 -1 0 rect.dat



4 16 8 12 -18 8 4 -10 16 4 -10 16 20 -26

4 16 0 12 -18 8 12 -18 16 20 -26 -16 20 -26

3 16 0 12 -18 -16 20 -26 -8 12 -18

4 16 -16 20 -26 -16 4 -10 -8 4 -10 -8 12 -18

4 16 16 4 -10 16 24 -10 16 24 -26 16 20 -26

4 16 -16 24 -26 -16 24 -10 -16 4 -10 -16 20 -26



2 24 -16 4 -10 -8 4 -10

2 24 8 4 -10 16 4 -10

2 24 -6 4 -10 6 4 -10

2 24 -16 24 -10 -16 24 -26

2 24 -16 4 -10 -16 20 -26

2 24 16 24 -10 16 24 -26

2 24 16 4 -10 16 20 -26



1 16 0 24 0 20 0 0 0 -24 0 0 0 10 box4-4a.dat



1 16 0 22 -30 0 0 -20 -2 0 0 0 1 0 rect.dat



4 16 20 24 -10 20 0 -10 20 20 -30 20 24 -30

4 16 -20 20 -30 -20 0 -10 -20 24 -10 -20 24 -30



2 24 -20 24 -10 -20 24 -30

2 24 20 24 -10 20 24 -30

2 24 -20 0 -10 -20 20 -30

2 24 20 0 -10 20 20 -30

2 24 -20 0 -10 20 0 -10



4 16 -20 24 -30 -16 24 -26 16 24 -26 20 24 -30

4 16 20 24 -30 16 24 -26 16 24 -10 20 24 -10

4 16 20 24 -10 16 24 -10 16 24 6 20 24 10

4 16 -20 24 -10 -16 24 -10 -16 24 -26 -20 24 -30

4 16 -16 24 6 -16 24 -10 -20 24 -10 -20 24 10

4 16 16 24 6 -16 24 6 -20 24 10 20 24 10

0 NOFILE

0 FILE box4-4a.dat
0 Box with  4 Faces without  4 Adjacent Edges

0 Name: box4-4a.dat

0 Author: Willy Tschager [Holly-Wood]

0 !LDRAW_ORG Primitive UPDATE 2024-01

0 !LICENSE Licensed under CC BY 4.0 : see CAreadme.txt



0 BFC CERTIFY CCW



0 !HISTORY 1998-07-15 [PTadmin] Official Update 1998-07

0 !HISTORY 2002-12-13 [hafhead] Made BFC compliant

0 !HISTORY 2003-03-12 [PTadmin] Official Update 2003-01

0 !HISTORY 2007-06-24 [PTadmin] Header formatted for Contributor Agreement

0 !HISTORY 2008-07-01 [PTadmin] Official Update 2008-01

0 !HISTORY 2012-02-16 [Philo] Changed to CCW

0 !HISTORY 2012-03-30 [PTadmin] Official Update 2012-01

0 !HISTORY 2024-01-03 [Holly-Wood] Complete re-write, original by Manfred Moolhuysen

0 !HISTORY 2024-01-29 [OrionP] Official Update 2024-01



2 24 -1 1 -1 -1 1 1

2 24 1 1 1 1 1 -1

2 24 -1 1 1 1 1 1

4 16 1 1 1 1 1 -1 -1 1 -1 -1 1 1



2 24 -1 0 -1 -1 0 1

4 16 -1 1 1 -1 1 -1 -1 0 -1 -1 0 1



2 24 1 0 1 1 0 -1

4 16 1 1 -1 1 1 1 1 0 1 1 0 -1



2 24 1 1 1 1 0 1

2 24 -1 1 1 -1 0 1

2 24 -1 0 1 1 0 1

4 16 1 1 1 -1 1 1 -1 0 1 1 0 1

0 NOFILE

0 FILE 3040b.dat
0 Slope Brick 45  2 x  1

0 Name: 3040b.dat

0 Author: James Jessiman

0 !LDRAW_ORG Part UPDATE 2004-04

0 !LICENSE Licensed under CC BY 4.0 : see CAreadme.txt



0 BFC CERTIFY CCW



0 !KEYWORDS BrickLink 3040



0 !HISTORY 2002-09-13 [izanette] modified with WINDZ for BFC compliance

0 !HISTORY 2003-07-11 [Steffen] made use of existing subfile

0 !HISTORY 2004-11-06 [PTadmin] Official Update 2004-04

0 !HISTORY 2007-06-09 [PTadmin] Header formatted for Contributor Agreement

0 !HISTORY 2008-07-01 [PTadmin] Official Update 2008-01





1 16 0 0 0 1 0 0 0 1 0 0 0 1 s__3040s01.dat

4 16 10 20 -30 10 0 -10 -10 0 -10 -10 20 -30

0

0 NOFILE

0 FILE s__3040s01.dat
0 ~Slope Brick 45  2 x  1 without Front Face

0 Name: s\3040s01.dat

0 Author: Orion Pobursky [OrionP]

0 !LDRAW_ORG Subpart UPDATE 2004-01

0 !LICENSE Licensed under CC BY 4.0 : see CAreadme.txt



0 BFC CERTIFY CCW



0 !HISTORY 2003-07-02 [Steffen] BFCed; removed matrix all zero "errors"

0 !HISTORY 2004-03-02 [PTadmin] Official Update 2004-01

0 !HISTORY 2007-08-30 [PTadmin] Header formatted for Contributor Agreement

0 !HISTORY 2008-07-01 [PTadmin] Official Update 2008-01





0 // Uncomment for front face

0 // 4 16 10 20 -30 10 0 -10 -10 0 -10 -10 20 -30



1 16 0 20 -10 1 0 0 0 -1 0 0 0 1 stud3a.dat

1 16 0 4 -10 4 0 0 0 4 0 0 0 4 2-4edge.dat

1 16 0 4 -10 4 0 0 0 99 4 0 0 -4 2-4edge.dat

1 16 0 8 -10 0 0 4 0 -4 0 -4 0 0 1-4cyls.dat

1 16 0 8 -10 0 0 -4 0 -4 0 -4 0 0 1-4cyls.dat

1 16 0 4 -10 4 0 0 0 16 0 0 0 4 2-4cyli.dat

1 16 0 8 -10 4 0 0 0 12 0 0 0 -4 2-4cyli.dat

2 24 6 24 6 -6 24 6

2 24 -6 24 6 -6 24 -26

2 24 -6 24 -26 6 24 -26

2 24 6 24 -26 6 24 6

2 24 10 24 10 -10 24 10

2 24 -10 24 10 -10 24 -30

2 24 -10 24 -30 10 24 -30

2 24 10 24 -30 10 24 10

2 24 6 24 6 6 4 6

2 24 -6 24 6 -6 4 6

2 24 6 24 -26 6 20 -26

2 24 -6 24 -26 -6 20 -26

2 24 6 4 6 -6 4 6

2 24 6 4 -10 -6 4 -10

2 24 6 20 -26 -6 20 -26

2 24 6 4 6 6 4 -10

2 24 -6 4 6 -6 4 -10

2 24 6 20 -26 6 4 -10

2 24 -6 20 -26 -6 4 -10

2 24 10 24 10 10 0 10

2 24 -10 24 10 -10 0 10

2 24 10 24 -30 10 20 -30

2 24 -10 24 -30 -10 20 -30

2 24 10 0 10 -10 0 10

2 24 10 0 -10 -10 0 -10

2 24 10 20 -30 -10 20 -30

2 24 10 0 10 10 0 -10

2 24 -10 0 10 -10 0 -10

2 24 10 20 -30 10 0 -10

2 24 -10 20 -30 -10 0 -10

4 16 10 24 10 6 24 6 -6 24 6 -10 24 10

4 16 -10 24 10 -6 24 6 -6 24 -26 -10 24 -30

4 16 -10 24 -30 -6 24 -26 6 24 -26 10 24 -30

4 16 10 24 -30 6 24 -26 6 24 6 10 24 10

4 16 6 4 6 6 4 -10 -6 4 -10 -6 4 6

4 16 10 0 -10 10 0 10 -10 0 10 -10 0 -10

4 16 -10 24 10 -10 0 10 10 0 10 10 24 10

4 16 6 24 6 6 4 6 -6 4 6 -6 24 6

4 16 6 20 -26 6 24 -26 -6 24 -26 -6 20 -26

4 16 10 24 -30 10 20 -30 -10 20 -30 -10 24 -30

4 16 10 24 10 10 0 10 10 20 -30 10 24 -30

3 16 10 0 10 10 0 -10 10 20 -30

4 16 6 20 -26 6 4 6 6 24 6 6 24 -26

3 16 6 20 -26 6 4 -10 6 4 6

4 16 -6 24 6 -6 4 6 -6 20 -26 -6 24 -26

3 16 -6 4 6 -6 4 -10 -6 20 -26

4 16 -10 20 -30 -10 0 10 -10 24 10 -10 24 -30

3 16 -10 20 -30 -10 0 -10 -10 0 10

4 16 -6 4 -10 6 4 -10 6 20 -26 -6 20 -26

1 16 0 0 0 1 0 0 0 1 0 0 0 1 stud.dat

0

0 NOFILE

0 FILE 13548.dat
0 Slope Brick 45  2 x  2 Double Convex with 45 Corner

0 Name: 13548.dat

0 Author: Philippe Hurbain [Philo]

0 !LDRAW_ORG Part UPDATE 2022-04

0 !LICENSE Licensed under CC BY 4.0 : see CAreadme.txt



0 BFC CERTIFY CCW



0 !HISTORY 2013-07-21 [PTadmin] Official Update 2013-01

0 !HISTORY 2020-08-26 [Cheenzo] Subparted for patterns

0 !HISTORY 2022-07-18 [PTadmin] Official Update 2022-04





1 16 0 0 0 1 0 0 0 1 0 0 0 1 s__13548s01.dat



3 16 10 0 -10 10 20 -30 30 20 -10

4 16 -10 0 -10 -10 20 -30 10 20 -30 10 0 -10

4 16 10 0 10 10 0 -10 30 20 -10 30 20 10

0 NOFILE

0 FILE s__13548s01.dat
0 ~Slope Brick 45  2 x  2 Double Convex with 45 Corner without Patterned Faces

0 Name: s\13548s01.dat

0 Author: Vincent Messenet [Cheenzo]

0 !LDRAW_ORG Subpart UPDATE 2022-04

0 !LICENSE Licensed under CC BY 4.0 : see CAreadme.txt



0 BFC CERTIFY CCW



0 !HISTORY 2022-07-18 [PTadmin] Official Update 2022-04





1 16 0 0 0 1 0 0 0 1 0 0 0 1 stud.dat

1 16 10 14 -10 1 0 0 0 -2.5 0 0 0 1 stud4a.dat

1 16 10 4 -10 -8 0 0 0 10 0 0 0 8 1-4cyli.dat

1 16 10 14 -10 0 0 -8 0 -10 0 -8 0 0 1-4cyls.dat

1 16 10 14 -10 8 0 0 0 -10 0 0 0 8 1-4cyls.dat

0 BFC INVERTNEXT

1 16 10 4 -10 -6 0 0 0 8 0 0 0 6 1-4cyli.dat

0 BFC INVERTNEXT

1 16 10 12 -10 0 0 -6 0 -8 0 -6 0 0 1-4cyls.dat

0 BFC INVERTNEXT

1 16 10 12 -10 6 0 0 0 -8 0 0 0 6 1-4cyls.dat

0 BFC INVERTNEXT

1 16 10 12 -10 -6 0 0 0 2 0 0 0 6 9-16cyli.dat

0 BFC INVERTNEXT

1 16 10 12 -10 -6 0 0 0 2 0 0 0 -6 5-16cyli.dat

4 16 30 24 10 26 24 6 -6 24 6 -10 24 10

4 16 -10 24 10 -6 24 6 -6 24 -26 -10 24 -30

4 16 -10 24 -30 -6 24 -26 9 24 -26 10 24 -30

4 16 30 24 -10 26 24 -9 26 24 6 30 24 10

1 16 0 0 0 0 0 -10 0 1 0 10 0 0 rect.dat

1 16 26 22 -1.5 0 1 0 0 0 2 7.5 0 0 rect.dat

1 16 1.5 22 -26 0 0 -7.5 2 0 0 0 -1 0 rect.dat

1 16 30 22 0 0 -1 0 2 0 0 0 0 10 rect.dat

1 16 0 22 -30 -10 0 0 0 0 2 0 1 0 rect.dat

1 16 1.5 20 -25 -7.5 0 0 0 -1 0 0 0 1 rect2a.dat

1 16 25 20 -1.5 -1 0 0 0 -1 0 0 0 7.5 rect2a.dat

4 16 -6 4 -8 -6 20 -24 -6 24 6 -6 4 6

4 16 -6 24 -26 -6 24 6 -6 20 -24 -6 20 -26

4 16 -6 4 6 -6 24 6 24 20 6 8 4 6

4 16 26 20 6 24 20 6 -6 24 6 26 24 6

3 16 -10 0 -10 -10 24 -30 -10 20 -30

3 16 8 4 -8 9 5 -9 9 20 -24

3 16 24 20 -9 9 5 -9 8 4 -8

4 16 -10 0 -10 -10 0 10 -10 24 10 -10 24 -30

4 16 -10 0 10 10 0 10 30 24 10 -10 24 10

3 16 10 0 10 30 20 10 30 24 10

4 16 21.743 24 -13.257 26 24 -9 30 24 -10 24.243 24 -15.757

4 16 9 24 -26 13.257 24 -21.743 15.757 24 -24.243 10 24 -30

1 16 18.75 20 -18.75 4.243 0 1.25 0 -1 0 4.243 0 -1.25 rect3.dat

4 16 9 20 -24 24 20 -9 21.743 20 -13.257 13.257 20 -21.743

3 16 24 20 -9 26 20 -9 21.743 20 -13.257

3 16 9 20 -26 9 20 -24 13.257 20 -21.743

1 16 11.1285 22 -23.8715 0 1 2.1285 -2 0 0 0 0 2.1285 rect3.dat

1 16 23.8715 22 -11.1285 0 0 -2.1285 2 0 0 0 -1 -2.1285 rect3.dat

1 16 27.1215 22 -12.8785 -2.8785 0 0 0 0 2 -2.8785 1 0 rect2a.dat

1 16 12.8785 22 -27.1215 0 -1 2.8785 2 0 0 0 0 2.8785 rect2a.dat

1 16 14.507 22 -22.993 0 -1 -1.25 2 0 0 0 0 1.25 rect1.dat

1 16 22.993 22 -14.507 0 1 1.25 2 0 0 0 0 -1.25 rect1.dat

4 16 8 4 -8 9 20 -24 -6 20 -24 -6 4 -8

4 16 8 4 6 24 20 6 24 20 -9 8 4 -8

3 16 24 20 -9 9 20 -24 9 5 -9

1 16 1 4 -1 7 0 0 0 -1 0 0 0 -7 rect.dat

2 24 26 24 6 -6 24 6

2 24 -6 24 6 -6 24 -26

2 24 24 20 -9 9 20 -24

2 24 30 24 10 -10 24 10

2 24 -10 24 10 -10 24 -30

2 24 10 20 -30 30 20 -10

2 24 9 5 -9 9 20 -24

2 24 9 5 -9 24 20 -9

2 24 9 5 -9 8 4 -8

2 24 -6 4 -8 -6 20 -24

2 24 -6 4 6 -6 24 6

2 24 8 4 6 24 20 6

2 24 -10 0 10 -10 24 10

2 24 2 6 -10 2.398 4 -8

2 24 6.938 13.391 -17.391 9 13.801 -17.801

2 24 6.938 13.391 -17.391 4.343 11.657 -15.657

2 24 4.343 11.657 -15.657 2.609 9.062 -13.062

2 24 2.609 9.062 -13.062 2 6 -10

2 24 10 6 -2 8 4 -2.398

2 24 10 6 -2 13.062 9.062 -2.609

2 24 13.062 9.062 -2.609 15.657 11.657 -4.343

2 24 15.657 11.657 -4.343 17.391 13.391 -6.938

2 24 17.391 13.391 -6.938 17.801 13.801 -9

2 24 18 15 -10 17.801 13.801 -9

2 24 18 15 -10 17.391 17.453 -13.062

2 24 17.391 17.453 -13.062 15.657 18.314 -15.657

2 24 15.657 18.314 -15.657 13.062 17.453 -17.391

2 24 13.062 17.453 -17.391 10 15 -18

2 24 10 15 -18 9 13.801 -17.801

2 24 2.609 4 -6.938 2.398 4 -8

2 24 2.609 4 -6.938 4.343 4 -4.343

2 24 4.343 4 -4.343 6.938 4 -2.609

2 24 6.938 4 -2.609 8 4 -2.398

2 24 4 6 -10 4.398 4 -8

2 24 7.704 11.543 -15.543 9 11.801 -15.801

2 24 7.704 11.543 -15.543 5.757 10.243 -14.243

2 24 5.757 10.243 -14.243 4.457 8.296 -12.296

2 24 4.457 8.296 -12.296 4 6 -10

2 24 10 6 -4 8 4 -4.398

2 24 10 6 -4 12.296 8.296 -4.457

2 24 12.296 8.296 -4.457 14.243 10.243 -5.757

2 24 14.243 10.243 -5.757 15.543 11.543 -7.704

2 24 15.543 11.543 -7.704 15.801 11.801 -9

2 24 16 13 -10 15.801 11.801 -9

2 24 16 13 -10 15.543 14.84 -12.296

2 24 15.543 14.84 -12.296 14.243 15.485 -14.243

2 24 14.243 15.485 -14.243 12.296 14.84 -15.543

2 24 12.296 14.84 -15.543 10 13 -16

2 24 10 13 -16 9 11.801 -15.801

2 24 4.457 4 -7.704 4.398 4 -8

2 24 4.457 4 -7.704 5.757 4 -5.757

2 24 5.757 4 -5.757 7.704 4 -4.457

2 24 7.704 4 -4.457 8 4 -4.398

2 24 -10 0 -10 -10 20 -30

2 24 10 0 -10 10 20 -30

2 24 10 0 -10 30 20 -10

2 24 10 0 10 30 20 10

0 NOFILE

0 FILE rect2a.dat
0 Rectangle with 2 Adjacent Edges

0 Name: rect2a.dat

0 Author: Chris Dee [cwdee]

0 !LDRAW_ORG Primitive UPDATE 2010-01

0 !LICENSE Licensed under CC BY 4.0 : see CAreadme.txt



0 BFC CERTIFY CCW



0 !HISTORY 2003-12-19 [PTadmin] Official Update 2003-03

0 !HISTORY 2007-06-24 [PTadmin] Header formatted for Contributor Agreement

0 !HISTORY 2008-07-01 [PTadmin] Official Update 2008-01

0 !HISTORY 2010-01-17 [mikeheide] changed winding to CCW

0 !HISTORY 2010-04-05 [PTadmin] Official Update 2010-01





2 24 1 0 1 -1 0 1

2 24 1 0 -1 1 0 1

4 16 -1 0 1 -1 0 -1 1 0 -1 1 0 1

0

0 NOFILE

0 FILE 9-16cyli.dat
0 Cylinder 0.5625

0 Name: 9-16cyli.dat

0 Author: Santeri Piippo [arezey]

0 !LDRAW_ORG Primitive UPDATE 2020-03

0 !LICENSE Licensed under CC BY 4.0 : see CAreadme.txt



0 BFC CERTIFY CCW



0 !HISTORY 2020-12-29 [PTadmin] Official Update 2020-03





4 16 0.9239 0 0.3827 1 0 0 1 1 0 0.9239 1 0.3827

4 16 0.7071 0 0.7071 0.9239 0 0.3827 0.9239 1 0.3827 0.7071 1 0.7071

4 16 0.3827 0 0.9239 0.7071 0 0.7071 0.7071 1 0.7071 0.3827 1 0.9239

4 16 0 0 1 0.3827 0 0.9239 0.3827 1 0.9239 0 1 1

4 16 -0.3827 0 0.9239 0 0 1 0 1 1 -0.3827 1 0.9239

4 16 -0.7071 0 0.7071 -0.3827 0 0.9239 -0.3827 1 0.9239 -0.7071 1 0.7071

4 16 -0.9239 0 0.3827 -0.7071 0 0.7071 -0.7071 1 0.7071 -0.9239 1 0.3827

4 16 -1 0 0 -0.9239 0 0.3827 -0.9239 1 0.3827 -1 1 0

4 16 -0.9239 0 -0.3827 -1 0 0 -1 1 0 -0.9239 1 -0.3827

0 // conditional lines

5 24 1 1 0 1 0 0 1 1 -0.4142 0.9239 1 0.3827

5 24 0.9239 1 0.3827 0.9239 0 0.3827 1 1 0 0.7071 1 0.7071

5 24 0.7071 1 0.7071 0.7071 0 0.7071 0.9239 1 0.3827 0.3827 1 0.9239

5 24 0.3827 1 0.9239 0.3827 0 0.9239 0.7071 1 0.7071 0 1 1

5 24 0 1 1 0 0 1 0.3827 1 0.9239 -0.3827 1 0.9239

5 24 -0.3827 1 0.9239 -0.3827 0 0.9239 0 1 1 -0.7071 1 0.7071

5 24 -0.7071 1 0.7071 -0.7071 0 0.7071 -0.3827 1 0.9239 -0.9239 1 0.3827

5 24 -0.9239 1 0.3827 -0.9239 0 0.3827 -0.7071 1 0.7071 -1 1 0

5 24 -1 1 0 -1 0 0 -0.9239 1 0.3827 -0.9239 1 -0.3827

5 24 -0.9239 1 -0.3827 -0.9239 0 -0.3827 -1 1 0 -0.7654 1 -0.7654

0 // Build by Primitive Generator 2

0 NOFILE

0 FILE 26601.dat
0 Plate  2 x  2 without Corner

0 Name: 26601.dat

0 Author: Magnus Forsberg [MagFors]

0 !LDRAW_ORG Part UPDATE 2024-03

0 !LICENSE Licensed under CC BY 4.0 : see CAreadme.txt



0 BFC CERTIFY CCW



0 !KEYWORDS Wing



0 !HISTORY 2017-12-30 [PTadmin] Official Update 2017-01

0 !HISTORY 2024-04-12 [Holly-Wood] Added keyword

0 !HISTORY 2024-04-28 [OrionP] Official Update 2024-03



1 16 0 4 0 1 0 0 0 -1 0 0 0 1 stud4.dat

2 24 -16 4 16 -16 8 16

0 BFC INVERTNEXT

1 16 -16 8 -16 14.3432 0 0 0 -4 0 0 0 32 tri3a4.dat

0 BFC INVERTNEXT

1 16 16 8 16 0 0 -32 0 -4 0 -14.3432 0 0 tri3a4.dat

1 16 15.1213 6 -2.0503 0 -2.2929 -1.4142 2 0 0 0 -2.2929 1.4142 box2-5.dat

1 16 2.0503 6 -15.1213 0 2.2929 -1.4142 2 0 0 0 2.2929 1.4142 box2-5.dat

1 16 8.5858 4 -8.5858 1.4142 0 -4.2426 0 -1 0 -1.4142 0 -4.2426 rect1.dat

3 16 -16 4 16 16 4 1.6568 11.4142 4 -2.929

3 16 -16 4 16 11.4142 4 -2.929 2.929 4 -11.4142

3 16 -16 4 16 2.929 4 -11.4142 -1.6568 4 -16



4 16 20 8 20 16 8 16 -16 8 16 -20 8 20

4 16 20 8 0 16 8 1.6568 16 8 16 20 8 20

4 16 11.4142 8 -2.929 16 8 1.6568 20 8 0 14.2426 8 -5.7574

4 16 2.929 8 -11.4142 5.7574 8 -14.2426 0 8 -20 -1.6568 8 -16

4 16 -20 8 -20 -16 8 -16 -1.6568 8 -16 0 8 -20

4 16 -20 8 20 -16 8 16 -16 8 -16 -20 8 -20



2 24 20 8 0 14.2426 8 -5.7574

2 24 5.7574 8 -14.2426 0 8 -20

1 16 10 4 -10 10 -1 0 0 0 -4 10 0 0 recte3.dat

4 16 20 0 0 0 0 -20 5.7574 4 -14.2426 14.2426 4 -5.7574

4 16 14.2426 4 -5.7574 14.2426 8 -5.7574 20 8 0 20 0 0

4 16 0 0 -20 0 8 -20 5.7574 8 -14.2426 5.7574 4 -14.2426

2 24 -20 0 20 -20 8 20

3 16 0 0 -20 20 0 0 -20 0 20

1 16 -20 8 -20 20 0 0 0 -8 0 0 0 40 tri3a4.dat

1 16 20 8 20 0 0 -40 0 -8 0 -20 0 0 tri3a4.dat



1 16 10 0 10 1 0 0 0 1 0 0 0 1 stud.dat

1 16 -10 0 10 1 0 0 0 1 0 0 0 1 stud.dat

1 16 -10 0 -10 1 0 0 0 1 0 0 0 1 stud.dat

0 NOFILE

0 FILE tri3a4.dat
0 Triangular Prism with 3 Adjacent Faces without 4 Edges

0 Name: tri3a4.dat

0 Author: Magnus Forsberg [MagFors]

0 !LDRAW_ORG Primitive UPDATE 2017-01

0 !LICENSE Licensed under CC BY 4.0 : see CAreadme.txt



0 BFC CERTIFY CCW



0 !HISTORY 2017-12-30 [PTadmin] Official Update 2017-01





2 24 0 1 1 0 1 0

2 24 0 1 0 1 1 0

2 24 0 0 1 0 0 0

2 24 0 0 0 1 0 0

2 24 0 0 0 0 1 0

4 16 0 1 1 0 1 0 0 0 0 0 0 1

4 16 0 1 0 1 1 0 1 0 0 0 0 0

3 16 0 1 0 0 1 1 1 1 0

0 NOFILE

0 FILE 87079.dat
0 Tile  2 x  4

0 Name: 87079.dat

0 Author: Tim Gould [timgould]

0 !LDRAW_ORG Part UPDATE 2025-04

0 !LICENSE Licensed under CC BY 4.0 : see CAreadme.txt



0 BFC CERTIFY CCW



0 !KEYWORDS with Groove



0 !HISTORY 2010-04-05 [PTadmin] Official Update 2010-01

0 !HISTORY 2012-09-30 [Philo] Subparted for patterns

0 !HISTORY 2012-12-28 [PTadmin] Official Update 2012-03

0 !HISTORY 2025-04-25 [MagFors] Update description

0 !HISTORY 2025-04-27 [OrionP] Official Update 2025-04



4 16 -40 0 -20 40 0 -20 40 0 20 -40 0 20

1 16 0 0 0 1 0 0 0 1 0 0 0 1 s__87079s01.dat
0 NOFILE

0 FILE s__87079s01.dat
0 ~Tile  2 x  4 without Top Surface

0 Name: s\87079s01.dat

0 Author: Philippe Hurbain [Philo]

0 !LDRAW_ORG Subpart UPDATE 2025-04

0 !LICENSE Licensed under CC BY 4.0 : see CAreadme.txt



0 BFC CERTIFY CCW



0 !HISTORY 2012-09-30 [Philo] Subparted from Tim Gould's original design

0 !HISTORY 2012-12-28 [PTadmin] Official Update 2012-03

0 !HISTORY 2025-04-25 [MagFors] Update description

0 !HISTORY 2025-04-27 [OrionP] Official Update 2025-04



1 16 0 0 0 40 0 0 0 7 0 0 0 20 box4.dat

1 16 0 7 0 39 0 0 0 1 0 0 0 19 box4.dat

0 BFC INVERTNEXT

1 16 0 8 0 -36 0 0 0 -4 0 0 0 16 box5.dat

4 16 -40 7 -20 -39 7 -19 39 7 -19 40 7 -20

4 16 40 7 20 39 7 19 -39 7 19 -40 7 20

4 16 -40 7 -20 -40 7 20 -39 7 19 -39 7 -19

4 16 40 7 20 40 7 -20 39 7 -19 39 7 19

4 16 -39 8 -19 -36 8 -16 36 8 -16 39 8 -19

4 16 39 8 19 36 8 16 -36 8 16 -39 8 19

4 16 -39 8 -19 -39 8 19 -36 8 16 -36 8 -16

4 16 39 8 19 39 8 -19 36 8 -16 36 8 16

1 16 0 4 0 1 0 0 0 -1 0 0 0 1 stud4.dat

1 16 20 4 0 1 0 0 0 -1 0 0 0 1 stud4.dat

1 16 -20 4 0 1 0 0 0 -1 0 0 0 1 stud4.dat
0 NOFILE

0 FILE 43722.dat
0 ~Moved to 43722a

0 Name: 43722.dat

0 Author: Magnus Forsberg [MagFors]

0 !LDRAW_ORG Part UPDATE 2026-05

0 !LICENSE Licensed under CC BY 4.0 : see CAreadme.txt



0 BFC CERTIFY CCW



0 !HISTORY 2026-05-31 [OrionP] Official Update 2026-05



0 // Wing 2 x 3 Right

1 16 0 0 0 1 0 0 0 1 0 0 0 1 43722a.dat
0 NOFILE

0 FILE 43722a.dat
0 Wing  2 x  3 Right without Chamfer

0 Name: 43722a.dat

0 Author: Donald Sutter [technog]

0 !LDRAW_ORG Part UPDATE 2026-05

0 !LICENSE Licensed under CC BY 4.0 : see CAreadme.txt



0 BFC CERTIFY CCW



0 !KEYWORDS Bricklink 43722, Brickowl 97785, Brickset 43722, Rebrickable 43722

0 !KEYWORDS wedge plate



0 !HISTORY 2004-11-06 [PTadmin] Official Update 2004-04

0 !HISTORY 2007-07-04 [PTadmin] Header formatted for Contributor Agreement

0 !HISTORY 2008-07-01 [PTadmin] Official Update 2008-01

0 !HISTORY 2023-03-28 [Sirio] Modified subpart; introduced stud group

0 !HISTORY 2025-04-27 [OrionP] Official Update 2025-04

0 !HISTORY 2026-04-25 [MagFors] Renamed from 43722

0 !HISTORY 2026-05-31 [OrionP] Official Update 2026-05



1 16 0 0 0 1 0 0 0 1 0 0 0 1 s__43722as01.dat

1 16 10 0 0 0 0 -1 0 1 0 1 0 0 stug-1x3.dat

4 16 -20 0 30 0 0 -30 20 0 -30 20 0 30
0 NOFILE

0 FILE s__43722as01.dat
0 ~Wing  2 x  3 Right without Chamfer without Studs and Top Face

0 Name: s\43722as01.dat

0 Author: Donald Sutter [technog]

0 !LDRAW_ORG Subpart UPDATE 2026-05

0 !LICENSE Licensed under CC BY 4.0 : see CAreadme.txt



0 BFC CERTIFY CCW



0 !HISTORY 2004-11-06 [PTadmin] Official Update 2004-04

0 !HISTORY 2007-09-05 [PTadmin] Header formatted for Contributor Agreement

0 !HISTORY 2008-07-01 [PTadmin] Official Update 2008-01

0 !HISTORY 2023-03-28 [Sirio] Removed top patternable faces; updated description; BFC CCW

0 !HISTORY 2025-04-27 [OrionP] Official Update 2025-04

0 !HISTORY 2026-04-26 [MagFors] Renamed from s\43722s01

0 !HISTORY 2026-05-31 [OrionP] Official Update 2026-05



0 // Primitives

0 BFC INVERTNEXT

1 16 .875 6 25.13 0 -15.415 -0.29 2 0 0 0 0 0.87 box2-5.dat

1 16 16 6 0 0 1 0 0 0 2 26 0 0 rect2p.dat

0 BFC INVERTNEXT

1 16 7.905 6 -21.985 0 1.345 -6.75 2 0 0 0 -4.015 0 box2-5.dat

1 16 0 4 0 0 20 0 4 0 0 0 0 30 box2-5.dat

1 16 10 4 -30 0 0 -10 4 0 0 0 1 0 rect3.dat

0 // Faces

4 16 16 4 26 16 4 -26 2.5 4 -26 -14.83 4 26

4 16 -20 8 30 -14.83 8 26 -14.25 8 24.26 -17.73 8 23.19

4 16 -20 8 30 20 8 30 16 8 26 -14.83 8 26

4 16 20 8 -30 16 8 -26 16 8 26 20 8 30

4 16 20 8 -30 0 8 -30 2.5 8 -26 16 8 -26

4 16 -20 0 30 -20 8 30 -17.73 8 23.19 -17.73 4 23.19

3 16 -20 0 30 -17.73 4 23.19 -14.27 4 12.81

4 16 -20 0 30 -14.27 4 12.81 -11.9 4 5.7 0 0 -30

3 16 0 0 -30 -11.9 4 5.7 -7.66 4 -7.02

4 16 0 0 -30 -7.66 4 -7.02 -7.66 8 -7.02 0 8 -30

0 // Edges

2 24 -20 8 30 -17.73 8 23.19

2 24 0 8 -30 -7.66 8 -7.02

2 24 -17.73 4 23.19 -14.27 4 12.81

2 24 -20 0 30 0 0 -30

0 // Half understud

0 BFC INVERTNEXT

1 16 0 4 -10 0 0 6 0 4 0 -6 0 0 1-4cylo.dat

0 BFC INVERTNEXT

1 16 0 4 -10 6 0 0 0 4 0 0 0 6 3-8cylo.dat

1 16 0 8 -10 0 0 2 0 -1 0 -2 0 0 1-4ring3.dat

1 16 0 8 -10 2 0 0 0 -1 0 0 0 2 3-8ring3.dat

1 16 0 4 -10 0 0 8 0 4 0 -8 0 0 1-4cylo.dat

1 16 0 4 -10 8 0 0 0 4 0 0 0 8 3-8cylo.dat

0 // Complete understud

0 BFC INVERTNEXT

1 16 0 4 10 6 0 0 0 4 0 0 0 6 4-4cylo.dat

1 16 0 8 10 2 0 0 0 -1 0 0 0 -2 7-16ring3.dat

1 16 0 8 10 2 0 0 0 -1 0 0 0 2 2-4ring3.dat

1 16 0 8 10 -6 0 0 0 -1 0 0 0 -6 1-16tndis.dat

1 16 0 4 10 0 0 -8 0 4 0 -8 0 0 3-16cylo.dat

1 16 0 4 10 0 0 8 0 4 0 -8 0 0 3-4cylo.dat

0 // Complementary faces

1 16 -15.99 6 23.725 1.74 -1 0 0 0 2 .535 0 0 rect.dat

1 16 -12.55 6 13.405 1.72 1 0 0 0 2 .595 0 0 rect.dat

0 BFC INVERTNEXT

1 16 -9.415 6 12 0 -.68 .735 2 0 0 0 -.205 -2.205 box2-7.dat

1 16 -13.085 6 9.255 0 1 1.185 2 0 0 0 0 -3.555 rect1.dat

1 16 -9.6456 6 6.3192 0 -1 2.2544 2 0 0 0 0 .6192 rect.dat

1 16 -6.524 6 -5.6408 .8672 1 0 0 0 2 1.2976 0 0 rect2p.dat

1 16 -7.5256 6 -6.9792 .1344 1 0 0 0 2 .0408 0 0 rect.dat

0 BFC INVERTNEXT

1 16 -2.1213 6 -10.8787 0 -.445 1.6763 2 0 0 0 .0885 -5.0328 box2-7.dat

1 16 -.095 6 -17.985 -.095 1 0 0 0 2 .015 0 0 rect2p.dat

0 // Faces

4 16 -11.9 8 5.7 -14.27 8 12.81 -10.83 8 14 -9.36 8 9.59

4 16 -11.9 8 5.7 -9.36 8 9.59 -8 8 10 -6 8 10

3 16 -11.9 8 5.7 -6 8 10 -6 8 7.7038

4 16 -11.9 8 5.7 -6 8 7.7038 -5.5434 8 7.7038 -7.3912 8 6.9384

4 16 -.89 8 -15.823 -7.3912 8 -6.9384 -5.6568 8 -4.3432 -4.2426 8 -5.7574

4 16 -.89 8 -15.823 -.19 8 -17.97 -7.66 8 -7.02 -7.3912 8 -6.9384

4 16 -.89 8 -15.823 0 8 -16 0 8 -18 -.19 8 -17.97

4 16 0 8 -30 -7.66 8 -7.02 -.19 8 -17.97 2.5 8 -26

4 16 -14.27 4 12.81 -17.73 4 23.19 -14.25 4 24.26 -10.83 4 14

4 16 -9.36 4 9.59 -7.3912 4 -6.9384 -7.66 4 -7.02 -11.9 4 5.7

3 16 -9.36 4 9.59 -4.2426 4 -5.7574 -7.3912 4 -6.9384

0 // Edges

2 24 -8 8 10 -8 4 10

2 24 -4.2426 8 -5.7574 -4.2426 4 -5.7574

2 24 -11.9 4 5.7 -7.66 4 -7.02

0 // Conditional lines

5 24 -5.6568 8 -4.3432 -5.6568 4 -4.3432 -3.0616 8 -2.6088 -7.3912 8 -6.9384

5 24 0 8 -16 0 4 -16 2.2962 8 -15.5434 -.89 8 -15.823

5 24 0 8 -18 0 4 -18 3.0616 8 -17.3912 -.19 8 -17.97
0 NOFILE

0 FILE 3-4cylo.dat
0 Cylinder Open 0.75

0 Name: 3-4cylo.dat

0 Author: Philippe Hurbain [Philo]

0 !LDRAW_ORG Primitive UPDATE 2011-02

0 !LICENSE Licensed under CC BY 4.0 : see CAreadme.txt



0 BFC CERTIFY CCW



0 !HISTORY 2011-12-29 [PTadmin] Official Update 2011-02





1 16 0 0 0 1 0 0 0 1 0 0 0 1 3-4edge.dat

1 16 0 1 0 1 0 0 0 1 0 0 0 1 3-4edge.dat

1 16 0 0 0 1 0 0 0 1 0 0 0 1 3-4cyli.dat

0 NOFILE

0 FILE 7-16ring3.dat
0 Ring  3 x 0.4375

0 Name: 7-16ring3.dat

0 Author: Alex Taylor [anathema]

0 !LDRAW_ORG Primitive UPDATE 2024-02

0 !LICENSE Licensed under CC BY 4.0 : see CAreadme.txt



0 BFC CERTIFY CCW



0 !HISTORY 2010-04-05 [PTadmin] Official Update 2010-01

0 !HISTORY 2024-03-23 [OrionP] Moved from 7-16rin3.dat

0 !HISTORY 2024-03-24 [OrionP] Official Update 2024-02



4 16 3 0 0 4 0 0 3.6956 0 1.5308 2.7717 0 1.1481

4 16 2.7717 0 1.1481 3.6956 0 1.5308 2.8284 0 2.8284 2.1213 0 2.1213

4 16 2.1213 0 2.1213 2.8284 0 2.8284 1.5308 0 3.6956 1.1481 0 2.7717

4 16 1.1481 0 2.7717 1.5308 0 3.6956 0 0 4 0 0 3

4 16 0 0 3 0 0 4 -1.5308 0 3.6956 -1.1481 0 2.7717

4 16 -1.1481 0 2.7717 -1.5308 0 3.6956 -2.8284 0 2.8284 -2.1213 0 2.1213

4 16 -2.1213 0 2.1213 -2.8284 0 2.8284 -3.6956 0 1.5308 -2.7717 0 1.1481

0

0 NOFILE

0 FILE 3-8ring3.dat
0 Ring  3 x 0.375

0 Name: 3-8ring3.dat

0 Author: Niels Karsdorp [nielsk]

0 !LDRAW_ORG Primitive UPDATE 2005-01

0 !LICENSE Licensed under CC BY 4.0 : see CAreadme.txt



0 BFC CERTIFY CCW



0 !HISTORY 2004-11-10 [nielsk] changed to CCW

0 !HISTORY 2005-12-28 [PTadmin] Official Update 2005-01

0 !HISTORY 2007-06-24 [PTadmin] Header formatted for Contributor Agreement

0 !HISTORY 2008-07-01 [PTadmin] Official Update 2008-01





4 16 4 0 0 3.6956 0 1.5308 2.7717 0 1.1481 3 0 0

4 16 3.6956 0 1.5308 2.8284 0 2.8284 2.1213 0 2.1213 2.7717 0 1.1481

4 16 2.8284 0 2.8284 1.5308 0 3.6956 1.1481 0 2.7717 2.1213 0 2.1213

4 16 1.5308 0 3.6956 0 0 4 0 0 3 1.1481 0 2.7717

4 16 0 0 4 -1.5308 0 3.6956 -1.1481 0 2.7717 0 0 3

4 16 -1.5308 0 3.6956 -2.8284 0 2.8284 -2.1213 0 2.1213 -1.1481 0 2.7717

0

0 NOFILE

0 FILE 1-4ring3.dat
0 Ring  3 x 0.25

0 Name: 1-4ring3.dat

0 Author: Willy Tschager [Holly-Wood]

0 !LDRAW_ORG Primitive UPDATE 2024-01

0 !LICENSE Licensed under CC BY 4.0 : see CAreadme.txt



0 BFC CERTIFY CCW



0 !HISTORY 1999-07-05 [PTadmin] Official Update 1999-05

0 !HISTORY 2003-01-21 [cavehop] Update Added BFC and 1 digit of significance

0 !HISTORY 2003-05-21 [cavehop] Corrected values as indicated by pneaster

0 !HISTORY 2003-06-12 [cavehop] Re-corrected values as indicated by pneaster

0 !HISTORY 2003-08-01 [PTadmin] Official Update 2003-02

0 !HISTORY 2007-06-22 [PTadmin] Header formatted for Contributor Agreement

0 !HISTORY 2008-07-01 [PTadmin] Official Update 2008-01

0 !HISTORY 2012-02-16 [Philo] Changed to CCW

0 !HISTORY 2012-03-30 [PTadmin] Official Update 2012-01

0 !HISTORY 2024-01-04 [Holly-Wood] Complete re-write, original by Karim Nassar

0 !HISTORY 2024-01-29 [OrionP] Official Update 2024-01



4 16 4 0 0 3.6956 0 1.5308 2.7717 0 1.1481 3 0 0

4 16 3.6956 0 1.5308 2.8284 0 2.8284 2.1213 0 2.1213 2.7717 0 1.1481

4 16 2.8284 0 2.8284 1.5308 0 3.6956 1.1481 0 2.7717 2.1213 0 2.1213

4 16 1.5308 0 3.6956 0 0 4 0 0 3 1.1481 0 2.7717

0 // Build by LDPartEditor (PrimGen 2.X)

0 NOFILE

0 FILE 3-8cylo.dat
0 Cylinder Open 0.375

0 Name: 3-8cylo.dat

0 Author: J.C. Tchang [tchang]

0 !LDRAW_ORG Primitive UPDATE 2013-01

0 !LICENSE Licensed under CC BY 4.0 : see CAreadme.txt



0 BFC CERTIFY CCW



0 !HISTORY 2013-07-21 [PTadmin] Official Update 2013-01





1 16 0 0 0 1 0 0 0 1 0 0 0 1 3-8edge.dat

1 16 0 1 0 1 0 0 0 1 0 0 0 1 3-8edge.dat

1 16 0 0 0 1 0 0 0 1 0 0 0 1 3-8cyli.dat

0 NOFILE

0 FILE 3-8cyli.dat
0 Cylinder 0.375

0 Name: 3-8cyli.dat

0 Author: James Jessiman

0 !LDRAW_ORG Primitive UPDATE 2005-01

0 !LICENSE Licensed under CC BY 4.0 : see CAreadme.txt



0 BFC CERTIFY CCW



0 !HISTORY 2002-05-08 [OrionP] Made BFC compliant

0 !HISTORY 2002-08-18 [PTadmin] Official Update 2002-04

0 !HISTORY 2004-12-11 [nielsk] Recreated using Primitive Generator, Edge lines fixed, BFC changed to CCW

0 !HISTORY 2005-12-28 [PTadmin] Official Update 2005-01

0 !HISTORY 2007-06-24 [PTadmin] Header formatted for Contributor Agreement

0 !HISTORY 2008-07-01 [PTadmin] Official Update 2008-01





4 16 .9239 1 .3827 .9239 0 .3827 1 0 0 1 1 0

4 16 .7071 1 .7071 .7071 0 .7071 .9239 0 .3827 .9239 1 .3827

4 16 .3827 1 .9239 .3827 0 .9239 .7071 0 .7071 .7071 1 .7071

4 16 0 1 1 0 0 1 .3827 0 .9239 .3827 1 .9239

4 16 -.3827 1 .9239 -.3827 0 .9239 0 0 1 0 1 1

4 16 -.7071 1 .7071 -.7071 0 .7071 -.3827 0 .9239 -.3827 1 .9239

5 24 1 1 0 1 0 0 1 1 -.4142 .9239 1 .3827

5 24 .9239 1 .3827 .9239 0 .3827 1 1 0 .7071 1 .7071

5 24 .7071 1 .7071 .7071 0 .7071 .9239 1 .3827 .3827 1 .9239

5 24 .3827 1 .9239 .3827 0 .9239 .7071 1 .7071 0 1 1

5 24 0 1 1 0 0 1 .3827 1 .9239 -.3827 1 .9239

5 24 -.3827 1 .9239 -.3827 0 .9239 0 1 1 -.7071 1 .7071

5 24 -.7071 1 .7071 -.7071 0 .7071 -.3827 1 .9239 -1 1 .4142

0

0 NOFILE

0 FILE 3-8edge.dat
0 Circle 0.375

0 Name: 3-8edge.dat

0 Author: James Jessiman

0 !LDRAW_ORG Primitive UPDATE 2017-01

0 !LICENSE Licensed under CC BY 4.0 : see CAreadme.txt



0 BFC CERTIFY CCW



0 !HISTORY 2007-06-24 [PTadmin] Header formatted for Contributor Agreement

0 !HISTORY 2008-07-01 [PTadmin] Official Update 2008-01

0 !HISTORY 2017-01-15 [Steffen] BFCed

0 !HISTORY 2017-12-30 [PTadmin] Official Update 2017-01





2 24 1 0 0 0.9239 0 0.3827

2 24 0.9239 0 0.3827 0.7071 0 0.7071

2 24 0.7071 0 0.7071 0.3827 0 0.9239

2 24 0.3827 0 0.9239 0 0 1

2 24 0 0 1 -0.3827 0 0.9239

2 24 -0.3827 0 0.9239 -0.7071 0 0.7071

0 NOFILE

0 FILE 1-4cylo.dat
0 Cylinder Open 0.25

0 Name: 1-4cylo.dat

0 Author: Max Martin Richter [MMR1988]

0 !LDRAW_ORG Primitive UPDATE 2010-03

0 !LICENSE Licensed under CC BY 4.0 : see CAreadme.txt



0 BFC CERTIFY CCW



0 !HISTORY 2010-12-31 [PTadmin] Official Update 2010-03





1 16 0 0 0 1 0 0 0 1 0 0 0 1 1-4edge.dat

1 16 0 1 0 1 0 0 0 1 0 0 0 1 1-4edge.dat

1 16 0 0 0 1 0 0 0 1 0 0 0 1 1-4cyli.dat

0 NOFILE

0 FILE 43723.dat
0 ~Moved to 43723a

0 Name: 43723.dat

0 Author: Magnus Forsberg [MagFors]

0 !LDRAW_ORG Part UPDATE 2026-05

0 !LICENSE Licensed under CC BY 4.0 : see CAreadme.txt



0 BFC CERTIFY CCW



0 !HISTORY 2026-05-31 [OrionP] Official Update 2026-05



0 // Wing 2 x 3 Left

1 16 0 0 0 1 0 0 0 1 0 0 0 1 43723a.dat
0 NOFILE

0 FILE 43723a.dat
0 Wing  2 x  3 Left without Chamfer

0 Name: 43723a.dat

0 Author: Donald Sutter [technog]

0 !LDRAW_ORG Part UPDATE 2026-05

0 !LICENSE Licensed under CC BY 4.0 : see CAreadme.txt



0 BFC CERTIFY CCW



0 !KEYWORDS Bricklink 43723, Brickowl 724978, Brickset 43723, Rebrickable 43723

0 !KEYWORDS wedge plate



0 !HISTORY 2004-11-06 [PTadmin] Official Update 2004-04

0 !HISTORY 2007-07-04 [PTadmin] Header formatted for Contributor Agreement

0 !HISTORY 2008-07-01 [PTadmin] Official Update 2008-01

0 !HISTORY 2023-03-28 [Sirio] Modified subpart; introduced stud group

0 !HISTORY 2025-04-27 [OrionP] Official Update 2025-04

0 !HISTORY 2026-04-25 [MagFors] Renamed from 43723

0 !HISTORY 2026-05-31 [OrionP] Official Update 2026-05



1 16 0 0 0 -1 0 0 0 1 0 0 0 1 s__43722as01.dat

1 16 -10 0 0 0 0 -1 0 1 0 1 0 0 stug-1x3.dat

4 16 20 0 30 -20 0 30 -20 0 -30 0 0 -30
0 NOFILE

0 FILE 3069b.dat
0 Tile  1 x  2 with Groove

0 Name: 3069b.dat

0 Author: Santeri Piippo [arezey]

0 !LDRAW_ORG Part UPDATE 2010-02

0 !LICENSE Licensed under CC BY 4.0 : see CAreadme.txt



0 BFC CERTIFY CCW



0 !KEYWORDS BrickLink 3069



0 !HISTORY 2010-07-05 [PTadmin] Official Update 2010-02





4 16 20 0 -10 20 0 10 -20 0 10 -20 0 -10

1 16 0 0 0 1 0 0 0 1 0 0 0 1 s__3069bs01.dat

0 //

0 NOFILE

0 FILE s__3069bs01.dat
0 ~Tile  1 x  2 with Groove without Top Face

0 Name: s\3069bs01.dat

0 Author: Santeri Piippo [arezey]

0 !LDRAW_ORG Subpart UPDATE 2010-02

0 !LICENSE Licensed under CC BY 4.0 : see CAreadme.txt



0 BFC CERTIFY CCW



0 !HISTORY 2010-07-05 [PTadmin] Official Update 2010-02





1 16 0 0 0 20 0 0 0 7 0 0 0 10 box4.dat

1 16 0 7 0 19 0 0 0 1 0 0 0 9 box4.dat

0 BFC INVERTNEXT

1 16 0 8 0 16 0 0 0 -4 0 0 0 6 box5.dat

4 16 -19 8 9 -16 8 6 -16 8 -6 -19 8 -9

4 16 19 8 -9 16 8 -6 16 8 6 19 8 9

4 16 19 8 9 16 8 6 -16 8 6 -19 8 9

4 16 -19 8 -9 -16 8 -6 16 8 -6 19 8 -9

4 16 -20 7 10 -19 7 9 -19 7 -9 -20 7 -10

4 16 20 7 -10 19 7 -9 19 7 9 20 7 10

4 16 20 7 10 19 7 9 -19 7 9 -20 7 10

4 16 -20 7 -10 -19 7 -9 19 7 -9 20 7 -10

0 //

0 NOFILE

0 FILE 27263.dat
0 Tile  2 x  2 Corner without Corner

0 Name: 27263.dat

0 Author: Magnus Forsberg [MagFors]

0 !LDRAW_ORG Part UPDATE 2017-01

0 !LICENSE Licensed under CC BY 4.0 : see CAreadme.txt



0 BFC CERTIFY CCW



0 !HISTORY 2017-12-30 [PTadmin] Official Update 2017-01





2 24 6 4 6 6 8 6

0 BFC INVERTNEXT

1 16 20 8 0 -6 0 0 0 -4 0 0 0 6 box5.dat

0 BFC INVERTNEXT

1 16 0 8 20 -6 0 0 0 -4 0 0 0 6 box5.dat

0 BFC INVERTNEXT

1 16 10 8 6 -4 0 0 0 -4 0 0 0 -10 tri3a4.dat

0 BFC INVERTNEXT

1 16 6 8 10 0 0 -10 0 -4 0 -4 0 0 tri3a4.dat

1 16 -2.6213 6 8.6213 -1.3787 0 0 0 0 -2 1.3787 -1 0 rect.dat

1 16 8.6213 6 -2.6213 0 -1 1.3787 -2 0 0 0 0 -1.3787 rect.dat



4 16 6 8 14 6 8 10 -4 8 10 -6 8 14

4 16 -3.5355 8 4.9497 -9 8 10.4142 -6 8 14 -4 8 10

3 16 -4 8 10 -1.2426 8 7.2426 -3.5355 8 4.9497

4 16 -9 8 29 -6 8 26 -6 8 14 -9 8 10.4142

4 16 9 8 29 6 8 26 -6 8 26 -9 8 29

4 16 9 8 9 6 8 14 6 8 26 9 8 29

3 16 6 8 14 9 8 9 6 8 10

4 16 9 8 9 10 8 6 6 8 6 6 8 10

3 16 9 8 9 14 8 6 10 8 6

4 16 29 8 9 26 8 6 14 8 6 9 8 9

4 16 29 8 -9 26 8 -6 26 8 6 29 8 9

4 16 10.4142 8 -9 14 8 -6 26 8 -6 29 8 -9

3 16 7.2426 8 -1.2426 10 8 -4 4.9497 8 -3.5355

4 16 14 8 -6 10.4142 8 -9 4.9497 8 -3.5355 10 8 -4

4 16 14 8 6 14 8 -6 10 8 -4 10 8 6



3 16 -1.2426 4 7.2426 -4 4 10 6 4 6

3 16 -1.2426 4 7.2426 6 4 6 7.2426 4 -1.2426

3 16 7.2426 4 -1.2426 6 4 6 10 4 -4



1 16 7.682 7.5 -6.2677 0 1 2.73225 -0.5 0 0 0 0 -2.73225 rect.dat

1 16 -6.2678 7.5 7.682 2.73225 0 0 0 0 0.5 -2.73225 1 0 rect.dat

1 16 0 7.5 19.7071 0 0 -9 0.5 0 0 0 9.2929 0 box2-7.dat

0 BFC INVERTNEXT

1 16 19 7.5 19 0 -10 0 0.5 0 0 0 0 -10 box2-5.dat

1 16 19.7071 7.5 0 0 0 9.2929 0.5 0 0 0 -9 0 box2-7.dat



2 24 4.9497 7 -3.5355 4.2426 7 -4.2426

2 24 -3.5355 7 4.9497 -4.2426 7 4.2426

2 24 4.2426 7 -4.2426 4.2426 4 -4.2426

2 24 -4.2426 4 4.2426 -4.2426 7 4.2426

2 24 -1.2426 8 7.2426 -3.5355 8 4.9497

2 24 4.9497 8 -3.5355 7.2426 8 -1.2426

3 16 7.2426 8 -1.2426 4.9497 8 -3.5355 4.9497 7 -3.5355

4 16 7.2426 8 -1.2426 4.9497 7 -3.5355 4.2426 4 -4.2426 7.2426 4 -1.2426

3 16 4.9497 7 -3.5355 4.2426 7 -4.2426 4.2426 4 -4.2426

3 16 -4.2426 4 4.2426 -4.2426 7 4.2426 -3.5355 7 4.9497

4 16 -4.2426 4 4.2426 -3.5355 7 4.9497 -1.2426 8 7.2426 -1.2426 4 7.2426

3 16 -3.5355 7 4.9497 -3.5355 8 4.9497 -1.2426 8 7.2426

1 16 1.5 4 1.5 4.2426 0 -1.5 0 -1 0 -4.2426 0 -1.5 rect3.dat



2 24 10 7 -10 4.2426 7 -4.2426

2 24 -4.2426 7 4.2426 -10 7 10

4 16 9 7 9 10 7 10 30 7 10 29 7 9

4 16 29 7 9 30 7 10 30 7 -10 29 7 -9

4 16 29 7 -9 30 7 -10 10 7 -10 10.4142 7 -9

4 16 4.9497 7 -3.5355 10.4142 7 -9 10 7 -10 4.2426 7 -4.2426

4 16 -9 7 10.4142 -3.5355 7 4.9497 -4.2426 7 4.2426 -10 7 10

4 16 -9 7 10.4142 -10 7 10 -10 7 30 -9 7 29

4 16 -9 7 29 -10 7 30 10 7 30 9 7 29

4 16 9 7 29 10 7 30 10 7 10 9 7 9



1 16 20 3.5 0 0 0 10 3.5 0 0 0 -10 0 box2-5.dat

0 BFC INVERTNEXT

1 16 20 3.5 20 0 -10 0 3.5 0 0 0 0 -10 box2-7.dat

1 16 0 3.5 20 0 0 -10 3.5 0 0 0 10 0 box2-5.dat

4 16 4.2426 7 -4.2426 10 7 -10 10 0 -10 4.2426 4 -4.2426

4 16 -10 0 10 -10 7 10 -4.2426 7 4.2426 -4.2426 4 4.2426

4 16 -4.2426 4 4.2426 4.2426 4 -4.2426 10 0 -10 -10 0 10

2 24 -10 0 10 10 0 -10



0 // Top Surface

4 16 30 0 10 10 0 10 10 0 -10 30 0 -10

4 16 10 0 10 10 0 30 -10 0 30 -10 0 10

3 16 10 0 10 -10 0 10 10 0 -10

0 NOFILE

0 FILE 98138.dat
0 Tile  1 x  1 Round with Groove

0 Name: 98138.dat

0 Author: Magnus Forsberg [MagFors]

0 !LDRAW_ORG Part UPDATE 2011-02

0 !LICENSE Licensed under CC BY 4.0 : see CAreadme.txt



0 BFC CERTIFY CCW



0 !HISTORY 2011-12-29 [PTadmin] Official Update 2011-02





1 16 0 0 0 1 0 0 0 1 0 0 0 1 s__98138s01.dat

1 16 0 0 0 9 0 0 0 1 0 0 0 9 4-4disc.dat



0 NOFILE

0 FILE s__98138s01.dat
0 ~Tile  1 x  1 Round with Groove with Partial Top Face

0 Name: s\98138s01.dat

0 Author: Magnus Forsberg [MagFors]

0 !LDRAW_ORG Subpart UPDATE 2020-01

0 !LICENSE Licensed under CC BY 4.0 : see CAreadme.txt



0 BFC CERTIFY CCW



0 !HISTORY 2011-12-29 [PTadmin] Official Update 2011-02

0 !HISTORY 2016-06-17 [MagFors] Reduced the rounded edge to 0.5 ldu

0 !HISTORY 2016-12-31 [PTadmin] Official Update 2016-01

0 !HISTORY 2019-06-17 [MagFors] Removed the rounded edge

0 !HISTORY 2019-07-19 [MagFors] Subfiled without top surface

0 !HISTORY 2020-06-28 [PTadmin] Official Update 2020-01





1 16 0 0 0 1 0 0 0 1 0 0 0 1 s__98138s02.dat

1 16 0 0 0 1 0 0 0 1 0 0 0 1 4-4ring9.dat

0 NOFILE

0 FILE 4-4ring9.dat
0 Ring  9 x 1.0

0 Name: 4-4ring9.dat

0 Author: Magnus Forsberg [MagFors]

0 !LDRAW_ORG Primitive UPDATE 2024-01

0 !LICENSE Licensed under CC BY 4.0 : see CAreadme.txt



0 BFC CERTIFY CCW



0 !HISTORY 2004-04-22 [PTadmin] Official Update 2004-02

0 !HISTORY 2007-06-24 [PTadmin] Header formatted for Contributor Agreement

0 !HISTORY 2008-07-01 [PTadmin] Official Update 2008-01

0 !HISTORY 2024-01-04 [MagFors] Complete regeneration, original by jriley

0 !HISTORY 2024-01-29 [OrionP] Official Update 2024-01



4 16 10 0 0 9.239 0 3.827 8.3151 0 3.4443 9 0 0

4 16 9.239 0 3.827 7.071 0 7.071 6.3639 0 6.3639 8.3151 0 3.4443

4 16 7.071 0 7.071 3.827 0 9.239 3.4443 0 8.3151 6.3639 0 6.3639

4 16 3.827 0 9.239 0 0 10 0 0 9 3.4443 0 8.3151

4 16 0 0 10 -3.827 0 9.239 -3.4443 0 8.3151 0 0 9

4 16 -3.827 0 9.239 -7.071 0 7.071 -6.3639 0 6.3639 -3.4443 0 8.3151

4 16 -7.071 0 7.071 -9.239 0 3.827 -8.3151 0 3.4443 -6.3639 0 6.3639

4 16 -9.239 0 3.827 -10 0 0 -9 0 0 -8.3151 0 3.4443

4 16 -10 0 0 -9.239 0 -3.827 -8.3151 0 -3.4443 -9 0 0

4 16 -9.239 0 -3.827 -7.071 0 -7.071 -6.3639 0 -6.3639 -8.3151 0 -3.4443

4 16 -7.071 0 -7.071 -3.827 0 -9.239 -3.4443 0 -8.3151 -6.3639 0 -6.3639

4 16 -3.827 0 -9.239 0 0 -10 0 0 -9 -3.4443 0 -8.3151

4 16 0 0 -10 3.827 0 -9.239 3.4443 0 -8.3151 0 0 -9

4 16 3.827 0 -9.239 7.071 0 -7.071 6.3639 0 -6.3639 3.4443 0 -8.3151

4 16 7.071 0 -7.071 9.239 0 -3.827 8.3151 0 -3.4443 6.3639 0 -6.3639

4 16 9.239 0 -3.827 10 0 0 9 0 0 8.3151 0 -3.4443

0 // Build by LDPartEditor (PrimGen 2.X)
0 NOFILE

0 FILE s__98138s02.dat
0 ~Tile  1 x  1 Round with Groove without Complete Top Face

0 Name: s\98138s02.dat

0 Author: Magnus Forsberg [MagFors]

0 !LDRAW_ORG Subpart UPDATE 2020-01

0 !LICENSE Licensed under CC BY 4.0 : see CAreadme.txt



0 BFC CERTIFY CCW



0 !HISTORY 2020-06-28 [PTadmin] Official Update 2020-01





1 16 0 4 0 1 0 0 0 -1 0 0 0 1 stud4o.dat

1 16 0 8 0 -1 0 0 0 -1 0 0 0 1 4-4ring8.dat

1 16 0 7 0 9 0 0 0 1 0 0 0 9 4-4cylo.dat

1 16 0 7 0 -1 0 0 0 -1 0 0 0 1 4-4ring9.dat

1 16 0 0 0 10 0 0 0 7 0 0 0 10 4-4cylo.dat

0 NOFILE

0 FILE 4-4ring8.dat
0 Ring  8 x 1.0

0 Name: 4-4ring8.dat

0 Author: Steffen [Steffen]

0 !LDRAW_ORG Primitive UPDATE 2012-01

0 !LICENSE Licensed under CC BY 4.0 : see CAreadme.txt



0 BFC CERTIFY CCW



0 !HISTORY 2003-12-19 [PTadmin] Official Update 2003-03

0 !HISTORY 2007-06-24 [PTadmin] Header formatted for Contributor Agreement

0 !HISTORY 2008-07-01 [PTadmin] Official Update 2008-01

0 !HISTORY 2012-02-16 [Philo] Changed to CCW

0 !HISTORY 2012-03-30 [PTadmin] Official Update 2012-01





4 16 9 0 0 8.3151 0 3.4443 7.3912 0 3.0616 8 0 0

4 16 8.3151 0 3.4443 6.3639 0 6.3639 5.6568 0 5.6568 7.3912 0 3.0616

4 16 6.3639 0 6.3639 3.4443 0 8.3151 3.0616 0 7.3912 5.6568 0 5.6568

4 16 3.4443 0 8.3151 0 0 9 0 0 8 3.0616 0 7.3912

4 16 0 0 9 -3.4443 0 8.3151 -3.0616 0 7.3912 0 0 8

4 16 -3.4443 0 8.3151 -6.3639 0 6.3639 -5.6568 0 5.6568 -3.0616 0 7.3912

4 16 -6.3639 0 6.3639 -8.3151 0 3.4443 -7.3912 0 3.0616 -5.6568 0 5.6568

4 16 -8.3151 0 3.4443 -9 0 0 -8 0 0 -7.3912 0 3.0616

4 16 -9 0 0 -8.3151 0 -3.4443 -7.3912 0 -3.0616 -8 0 0

4 16 -8.3151 0 -3.4443 -6.3639 0 -6.3639 -5.6568 0 -5.6568 -7.3912 0 -3.0616

4 16 -6.3639 0 -6.3639 -3.4443 0 -8.3151 -3.0616 0 -7.3912 -5.6568 0 -5.6568

4 16 -3.4443 0 -8.3151 0 0 -9 0 0 -8 -3.0616 0 -7.3912

4 16 0 0 -9 3.4443 0 -8.3151 3.0616 0 -7.3912 0 0 -8

4 16 3.4443 0 -8.3151 6.3639 0 -6.3639 5.6568 0 -5.6568 3.0616 0 -7.3912

4 16 6.3639 0 -6.3639 8.3151 0 -3.4443 7.3912 0 -3.0616 5.6568 0 -5.6568

4 16 8.3151 0 -3.4443 9 0 0 8 0 0 7.3912 0 -3.0616

0 NOFILE

0 FILE stud4o.dat
0 Stud Tube Open without Outer Cylinder

0 Name: stud4o.dat

0 Author: Magnus Forsberg [MagFors]

0 !LDRAW_ORG Primitive UPDATE 2011-02

0 !LICENSE Licensed under CC BY 4.0 : see CAreadme.txt



0 !HELP This stud is a "antistud" to be used like a underside stud,

0 !HELP but without the outer cylinder.

0 !HELP 1 47 0 0 0 1 0 0 0 1 0 0 0 1 stud4.dat



0 BFC CERTIFY CCW



0 !HISTORY 2011-12-29 [PTadmin] Official Update 2011-02





1 16 0 -4 0 2 0 0 0 1 0 0 0 2 4-4ring3.dat

0 BFC INVERTNEXT

1 16 0 0 0 -6 0 0 0 -4 0 0 0 6 4-4cylc.dat

0 NOFILE

0 FILE 87580.dat
0 Plate  2 x  2 with Groove with 1 Centre Stud

0 Name: 87580.dat

0 Author: Joerg Sommerer [Brickaneer]

0 !LDRAW_ORG Part UPDATE 2017-01

0 !LICENSE Licensed under CC BY 2.0 and CC BY 4.0 : see CAreadme.txt



0 BFC CERTIFY CCW



0 !KEYWORDS jumper, offset, spacer, tile



0 !HISTORY 2009-12-29 [PTadmin] Official Update 2009-03

0 !HISTORY 2011-12-05 [MagFors] Retitled, was "Tile 2 x 2 with Groove and 1 Stud"

0 !HISTORY 2011-12-29 [PTadmin] Official Update 2011-02

0 !HISTORY 2017-08-19 [cwdee] Correct spelling

0 !HISTORY 2017-12-30 [PTadmin] Official Update 2017-01





1 16 0 0 0 1 0 0 0 1 0 0 0 1 3068b.dat

1 16 0 0 0 1 0 0 0 1 0 0 0 1 stud2.dat



0 NOFILE

0 FILE 54200.dat
0 Slope Brick 31  1 x  1 x  0.667

0 Name: 54200.dat

0 Author: Orion Pobursky [OrionP]

0 !LDRAW_ORG Part UPDATE 2022-04

0 !LICENSE Licensed under CC BY 4.0 : see CAreadme.txt



0 BFC CERTIFY CCW



0 !KEYWORDS cheese



0 !HISTORY 2006-01-14 [cwdee] Rotated to match other slope bricks

0 !HISTORY 2009-09-03 [PTadmin] Official Update 2009-02

0 !HISTORY 2013-08-04 [cwdee] Description change

0 !HISTORY 2013-12-23 [PTadmin] Official Update 2013-02

0 !HISTORY 2014-11-21 [roland] Auto-corrected with libfix version of LDCad 1.4

0 !HISTORY 2015-10-11 [PTadmin] Official Update 2015-01

0 !HISTORY 2019-06-03 [Philo] Rounded corners and flattened top.

0 !HISTORY 2019-06-28 [PTadmin] Official Update 2019-01

0 !HISTORY 2021-05-21 [OrionP] Subfiled for patterns

0 !HISTORY 2022-05-07 [PTadmin] Official Update 2022-03

0 !HISTORY 2022-07-13 [Jaco] added keyword Cheese

0 !HISTORY 2022-07-18 [PTadmin] Official Update 2022-04





1 16 0 0 0 1 0 0 0 1 0 0 0 1 s__54200s01.dat



3 16 9.41 -15.01 8.35 8 -15.6 9.3333 10 -13.6 6

4 16 -8 -15.6 9.3333 -10 -13.6 6 10 -13.6 6 8 -15.6 9.3333

3 16 -8 -15.6 9.3333 -9.41 -15.01 8.35 -10 -13.6 6

4 16 -10 -4 -10 10 -4 -10 10 -13.6 6 -10 -13.6 6

0 NOFILE

0 FILE s__54200s01.dat
0 ~Slope Brick 31  1 x  1 x  0.667 without Sloped Face

0 Name: s\54200s01.dat

0 Author: Orion Pobursky [OrionP]

0 !LDRAW_ORG Subpart UPDATE 2022-03

0 !LICENSE Licensed under CC BY 4.0 : see CAreadme.txt



0 BFC CERTIFY CCW



0 !HISTORY 2022-05-07 [PTadmin] Official Update 2022-03





2 24 10 -1 10 10 -1 -10

2 24 -10 -1 10 -10 -1 -10

1 16 0 -5.3 6 -6 0 0 0 0 5.3 0 1 0 rect.dat

1 16 0 -1.7 -6 0 0 -6 1.7 0 0 0 -1 0 rect.dat

1 16 0 -2.5 -10 -10 0 0 0 0 1.5 0 1 0 rect.dat

2 24 9 0 9 -9 0 9

2 24 9 0 -9 -9 0 -9

1 16 0 -1 0 0 0 9 0 1 0 -9 0 0 box4.dat

4 16 10 -1 -10 9 -1 -9 9 -1 9 10 -1 10

4 16 -10 -1 10 -9 -1 9 -9 -1 -9 -10 -1 -10

4 16 10 -1 10 9 -1 9 -9 -1 9 -10 -1 10

4 16 -10 -1 -10 -9 -1 -9 9 -1 -9 10 -1 -10

4 16 6 0 -6 6 0 6 9 0 9 9 0 -9

4 16 -6 0 6 -6 0 -6 -9 0 -9 -9 0 9

4 16 -6 0 -6 6 0 -6 9 0 -9 -9 0 -9

4 16 6 0 6 -6 0 6 -9 0 9 9 0 9

4 16 6 -10.6 6 6 0 6 6 0 -6 6 -3.4 -6

4 16 -6 -10.6 6 -6 -3.4 -6 -6 0 -6 -6 0 6

2 24 6 0 -6 6 0 6

2 24 -6 0 -6 -6 0 6

2 24 6 -3.4 -6 6 -10.6 6

2 24 -6 -3.4 -6 -6 -10.6 6

3 16 -3.1092 -4 -5 -2.2961 -4 -5.5434 -2.2961 -3.674 -5.5434

5 24 -2.2961 -4 -5.5434 -2.2961 -3.674 -5.5434 -3.1092 -4 -5 0 -4 -6

4 16 -2.2961 -4 -5.5434 0 -4 -6 0 -3.4 -6 -2.2961 -3.674 -5.5434

5 24 0 -4 -6 0 -3.4 -6 -2.2961 -4 -5.5434 2.2961 -4 -5.5434

4 16 0 -4 -6 2.2961 -4 -5.5434 2.2961 -3.674 -5.5434 0 -3.4 -6

5 24 2.2961 -4 -5.5434 2.2961 -3.674 -5.5434 0 -4 -6 3.1092 -4 -5

3 16 3.1092 -4 -5 2.2961 -3.674 -5.5434 2.2961 -4 -5.5434

2 24 -3.1092 -4 -5 -2.2961 -4 -5.5434

2 24 -2.2961 -4 -5.5434 0 -4 -6

2 24 2.2961 -4 -5.5434 0 -4 -6

2 24 3.1092 -4 -5 2.2961 -4 -5.5434

2 24 -3.1092 -4 -5 -2.2961 -3.674 -5.5434

2 24 -2.2961 -3.674 -5.5434 0 -3.4 -6

2 24 2.2961 -3.674 -5.5434 0 -3.4 -6

2 24 3.1092 -4 -5 2.2961 -3.674 -5.5434

2 24 -3.1092 -4 -5 3.1092 -4 -5

3 16 -3.1092 -4 -5 -2.2961 -3.674 -5.5434 -6 -3.4 -6

3 16 -6 -3.4 -6 -2.2961 -3.674 -5.5434 0 -3.4 -6

3 16 3.1092 -4 -5 6 -3.4 -6 2.2961 -3.674 -5.5434

3 16 6 -3.4 -6 0 -3.4 -6 2.2961 -3.674 -5.5434

2 24 9.41 -15.01 8.35 10 -13.6 6

2 24 9.41 -15.01 10 10 -13.6 10

2 24 8 -15.6 9.3333 9.41 -15.01 8.35

2 24 9.41 -15.01 10 8 -15.6 10

2 24 -9.41 -15.01 8.35 -10 -13.6 6

2 24 -9.41 -15.01 10 -10 -13.6 10

2 24 -8 -15.6 9.3333 -9.41 -15.01 8.35

2 24 -9.41 -15.01 10 -8 -15.6 10

4 16 8 -15.6 10 8 -15.6 9.3333 9.41 -15.01 8.35 9.41 -15.01 10

4 16 9.41 -15.01 10 9.41 -15.01 8.35 10 -13.6 6 10 -13.6 10

4 16 10 -1 10 10 -13.6 10 10 -13.6 6 10 -4 -10

3 16 10 -4 -10 10 -1 -10 10 -1 10

3 16 8 -15.6 10 9.41 -15.01 10 10 -13.6 10

4 16 -9.41 -15.01 8.35 -8 -15.6 9.3333 -8 -15.6 10 -9.41 -15.01 10

4 16 -10 -13.6 6 -9.41 -15.01 8.35 -9.41 -15.01 10 -10 -13.6 10

4 16 -10 -13.6 6 -10 -13.6 10 -10 -1 10 -10 -4 -10

3 16 -10 -1 -10 -10 -4 -10 -10 -1 10

3 16 -9.41 -15.01 10 -8 -15.6 10 -10 -13.6 10

2 24 -8 -15.6 10 8 -15.6 10

2 24 -8 -15.6 9.3333 8 -15.6 9.3333

4 16 -8 -15.6 10 -8 -15.6 9.3333 8 -15.6 9.3333 8 -15.6 10

4 16 -10 -13.6 10 -8 -15.6 10 8 -15.6 10 10 -13.6 10

1 16 0 -7.3 10 10 0 0 0 0 6.3 0 -1 0 rect3.dat

5 24 -9.41 -15.01 10 -9.41 -15.01 8.35 -8 -15.6 9.3333 -10 -13.6 10

5 24 9.41 -15.01 8.35 9.41 -15.01 10 8 -15.6 10 10 -13.6 6

5 24 -10 -13.6 6 -10 -13.6 10 -9.41 -15.01 8.35 -10 -1 10

5 24 10 -13.6 10 10 -13.6 6 9.41 -15.01 10 10 -4 -10

5 24 8 -15.6 9.3333 8 -15.6 10 9.41 -15.01 8.35 -8 -15.6 10

5 24 -8 -15.6 9.3333 -8 -15.6 10 -9.41 -15.01 10 8 -15.6 9.3333

3 16 0 -4 -6 -2.2961 -4 -5.5434 2.2961 -4 -5.5434

4 16 -3.1092 -4 -5 3.1092 -4 -5 2.2961 -4 -5.5434 -2.2961 -4 -5.5434

3 16 -3.1092 -4 -5 -6 -3.4 -6 -6 -10.6 6

3 16 6 -3.4 -6 3.1092 -4 -5 6 -10.6 6

4 16 -3.1092 -4 -5 -6 -10.6 6 6 -10.6 6 3.1092 -4 -5

2 24 -10 -13.6 6 -10 -4 -10

2 24 10 -4 -10 10 -13.6 6

0 NOFILE

0 FILE 14719.dat
0 Tile  2 x  2 Corner

0 Name: 14719.dat

0 Author: Max Martin Richter [MMR1988]

0 !LDRAW_ORG Part UPDATE 2015-02

0 !LICENSE Licensed under CC BY 4.0 : see CAreadme.txt



0 BFC CERTIFY CCW



0 !HISTORY 2015-12-30 [PTadmin] Official Update 2015-02





1 16 0 0 0 1 0 0 0 1 0 0 0 1 s__14719s01.dat



4 16 30 0 10 10 0 10 -10 0 -10 30 0 -10

4 16 10 0 10 10 0 30 -10 0 30 -10 0 -10

0 NOFILE

0 FILE s__14719s01.dat
0 ~Tile  2 x  2 Corner without Top Face

0 Name: s\14719s01.dat

0 Author: Max Martin Richter [MMR1988]

0 !LDRAW_ORG Subpart UPDATE 2015-02

0 !LICENSE Licensed under CC BY 4.0 : see CAreadme.txt



0 BFC CERTIFY CCW



0 !HISTORY 2015-12-30 [PTadmin] Official Update 2015-02





1 16 0 4 10 1 0 0 0 -1 0 0 0 1 stud3.dat

1 16 10 4 0 1 0 0 0 -1 0 0 0 1 stud3.dat



4 16 26 4 -6 -6 4 -6 6 4 6 26 4 6

4 16 6 4 26 6 4 6 -6 4 -6 -6 4 26



0 BFC INVERTNEXT

1 16 0 6 16 0 6 0 2 0 0 0 0 10 box2-7.dat

0 BFC INVERTNEXT

1 16 16 6 0 0 10 0 2 0 0 0 0 6 box2-7.dat

0 BFC INVERTNEXT

1 16 10 6 10 0 -16 0 2 0 0 0 0 -16 box2-5.dat

2 24 6 8 6 6 4 6



4 16 29 8 9 26 8 6 6 8 6 9 8 9

4 16 29 8 -9 26 8 -6 26 8 6 29 8 9

4 16 -9 8 -9 -6 8 -6 26 8 -6 29 8 -9

4 16 -9 8 29 -6 8 26 -6 8 -6 -9 8 -9

4 16 9 8 29 6 8 26 -6 8 26 -9 8 29

4 16 9 8 9 6 8 6 6 8 26 9 8 29



1 16 10 7.5 10 0 -19 0 0.5 0 0 0 0 -19 box2-5.dat

1 16 19 7.5 0 0 10 0 0.5 0 0 0 0 9 box2-7.dat

1 16 0 7.5 19 0 9 0 0.5 0 0 0 0 10 box2-7.dat

2 24 9 8 9 9 7 9



4 16 9 7 9 10 7 10 30 7 10 29 7 9

4 16 29 7 9 30 7 10 30 7 -10 29 7 -9

4 16 29 7 -9 30 7 -10 -10 7 -10 -9 7 -9

4 16 -9 7 -9 -10 7 -10 -10 7 30 -9 7 29

4 16 -9 7 29 -10 7 30 10 7 30 9 7 29

4 16 9 7 29 10 7 30 10 7 10 9 7 9



1 16 10 3.5 10 0 -20 0 3.5 0 0 0 0 -20 box2-5.dat

1 16 20 3.5 0 0 10 0 3.5 0 0 0 0 10 box2-7.dat

1 16 0 3.5 20 0 10 0 3.5 0 0 0 0 10 box2-7.dat

2 24 10 7 10 10 0 10

0 NOFILE

0 FILE 23950.dat
0 Panel  1 x  3 x  1 with Rounded Corners

0 Name: 23950.dat

0 Author: Rolf Osterthun [Rolf]

0 !LDRAW_ORG Part UPDATE 2016-01

0 !LICENSE Licensed under CC BY 4.0 : see CAreadme.txt



0 BFC CERTIFY CCW



0 !HISTORY 2016-12-31 [PTadmin] Official Update 2016-01





1 16 -10 20 0 1 0 0 0 -1 0 0 0 1 stud3.dat

1 16 10 20 0 1 0 0 0 -1 0 0 0 1 stud3.dat

0 BFC INVERTNEXT

1 16 0 24 0 26 0 0 0 -4 0 0 0 6 box5.dat

4 16 30 24 10 26 24 6 -26 24 6 -30 24 10

4 16 -30 24 10 -26 24 6 -26 24 -6 -30 24 -10

4 16 -30 24 -10 -26 24 -6 26 24 -6 30 24 -10

4 16 30 24 -10 26 24 -6 26 24 6 30 24 10

2 24 30 24 10 -30 24 10

2 24 -30 24 10 -30 24 -10

2 24 30 24 -10 30 24 10

2 24 30 2 6 30 16 6

2 24 -30 2 6 -30 16 6

2 24 30 2 10 30 24 10

2 24 -30 2 10 -30 24 10

2 24 28 0 10 -28 0 10

2 24 -28 0 6 28 0 6

4 16 -30 24 10 -30 24 -10 -30 16 -10 -30 16 6

4 16 30 24 -10 30 24 10 30 16 6 30 16 -10

4 16 -30 24 10 -30 16 6 -30 2 6 -30 2 10

4 16 30 16 6 30 24 10 30 2 10 30 2 6

4 16 30 24 10 -30 24 10 -28 0 10 28 0 10

3 16 30 24 10 28 0 10 30 2 10

3 16 -30 24 10 -30 2 10 -28 0 10

4 16 -30 16 6 30 16 6 28 0 6 -28 0 6

3 16 30 2 6 28 0 6 30 16 6

3 16 -30 16 6 -28 0 6 -30 2 6

4 16 28 0 6 28 0 10 -28 0 10 -28 0 6

1 16 28 2 6 2 0 0 0 0 -2 0 4 0 1-4cylo.dat

1 16 -28 2 10 -2 0 0 0 0 -2 0 -4 0 1-4cylo.dat

1 16 -28 2 6 0 0 -2 -2 0 0 0 1 0 1-4chrd.dat

1 16 28 2 10 0 0 2 -2 0 0 0 -1 0 1-4chrd.dat

1 16 28 2 6 0 0 2 -2 0 0 0 1 0 1-4chrd.dat

1 16 -28 2 10 0 0 -2 -2 0 0 0 -1 0 1-4chrd.dat

1 16 0 20 -2 -30 0 0 0 -4 0 0 0 -8 box2-5.dat

0 NOFILE

0 FILE 6231.dat
0 Panel  1 x  1 x  1 Corner with Rounded Corners

0 Name: 6231.dat

0 Author: James Jessiman

0 !LDRAW_ORG Part UPDATE 2025-09

0 !LICENSE Licensed under CC BY 4.0 : see CAreadme.txt



0 BFC CERTIFY CCW



0 !HISTORY 2001-10-12 [sparre] bug-fix

0 !HISTORY 2001-11-30 [PTadmin] Official Update 2001-02

0 !HISTORY 2007-10-26 [PTadmin] Header formatted for Contributor Agreement

0 !HISTORY 2008-07-01 [PTadmin] Official Update 2008-01

0 !HISTORY 2008-07-07 [mikeheide] BFC'd (2007-08-24)

0 !HISTORY 2009-09-03 [PTadmin] Official Update 2009-02

0 !HISTORY 2011-01-24 [Rolf] Added rounded corners

0 !HISTORY 2011-12-29 [PTadmin] Official Update 2011-02

0 !HISTORY 2025-09-27 [OrionP] Changed winding to CCW

0 !HISTORY 2025-09-29 [OrionP] Official Update 2025-09



2 24 10 24 10 -10 24 10

2 24 -10 24 10 -10 24 -10

2 24 -10 24 -10 10 24 -10

2 24 10 24 -10 10 24 10

2 24 10 16 6 -6 16 6

2 24 -6 16 6 -6 16 -10

2 24 -6 16 -10 10 16 -10

2 24 10 16 -10 10 16 6

2 24 8 0 10 -10 0 10

2 24 -10 0 10 -10 0 -8

2 24 -6 0 -8 -6 0 6

2 24 -6 0 6 8 0 6

2 24 10 2 6 10 16 6

2 24 -6 0 6 -6 16 6

2 24 -6 2 -10 -6 16 -10

2 24 10 16 -10 10 24 -10

2 24 10 2 10 10 24 10

2 24 -10 0 10 -10 24 10

2 24 -10 2 -10 -10 24 -10



4 16 10 24 10 6 24 6 -6 24 6 -10 24 10

4 16 -10 24 10 -6 24 6 -6 24 -6 -10 24 -10

4 16 -10 24 -10 -6 24 -6 6 24 -6 10 24 -10

4 16 10 24 -10 6 24 -6 6 24 6 10 24 10

0 BFC INVERTNEXT

1 16 0 24 0 6 0 0 0 -4 0 0 0 6 box5.dat

4 16 -6 16 6 -6 16 -10 10 16 -10 10 16 6

4 16 -10 24 -10 10 24 -10 10 16 -10 -6 16 -10

4 16 10 24 -10 10 24 10 10 16 6 10 16 -10

4 16 10 2 6 10 16 6 10 24 10 10 2 10

4 16 -10 24 10 8 2 10 10 2 10 10 24 10

4 16 -10 24 10 -10 0 10 8 0 10 8 2 10

4 16 -10 2 -8 -10 0 -8 -10 0 10 -10 24 10

4 16 -10 24 -10 -10 2 -10 -10 2 -8 -10 24 10

4 16 -6 16 -10 -6 2 -10 -10 2 -10 -10 24 -10

4 16 -6 16 6 -6 2 -8 -6 2 -10 -6 16 -10

4 16 -6 16 6 -6 0 6 -6 0 -8 -6 2 -8

4 16 8 2 6 8 0 6 -6 0 6 -6 16 6

4 16 10 16 6 10 2 6 8 2 6 -6 16 6

4 16 -10 0 10 -6 0 6 8 0 6 8 0 10

4 16 -10 0 10 -10 0 -8 -6 0 -8 -6 0 6



1 16 8 2 6 2 0 0 0 0 -2 0 2 0 1-4disc.dat

1 16 8 2 10 2 0 0 0 0 -2 0 -2 0 1-4disc.dat

1 16 8 2 6 2 0 0 0 0 -2 0 4 0 1-4cylo.dat

1 16 -10 2 -8 0 2 0 0 0 -2 -2 0 0 1-4disc.dat

1 16 -6 2 -8 0 -2 0 -2 0 0 0 0 -2 1-4disc.dat

1 16 -10 2 -8 0 4 0 0 0 -2 -2 0 0 1-4cylo.dat

0 //
0 NOFILE

0 FILE 1-4disc.dat
0 Disc 0.25

0 Name: 1-4disc.dat

0 Author: James Jessiman

0 !LDRAW_ORG Primitive UPDATE 2002-02

0 !LICENSE Licensed under CC BY 4.0 : see CAreadme.txt



0 BFC CERTIFY CCW



0 !HISTORY 2002-03-23 [sbliss] Added BFC statement.

0 !HISTORY 2002-04-25 [PTadmin] Official Update 2002-02

0 !HISTORY 2007-06-22 [PTadmin] Header formatted for Contributor Agreement

0 !HISTORY 2008-07-01 [PTadmin] Official Update 2008-01





3 16 0 0 0 1 0 0 0.9239 0 0.3827

3 16 0 0 0 0.9239 0 0.3827 0.7071 0 0.7071

3 16 0 0 0 0.7071 0 0.7071 0.3827 0 0.9239

3 16 0 0 0 0.3827 0 0.9239 0 0 1

0

0 NOFILE

0 FILE 4865a.dat
0 Panel  1 x  2 x  1 with Square Corners

0 Name: 4865a.dat

0 Author: James Jessiman

0 !LDRAW_ORG Part UPDATE 2020-03

0 !LICENSE Licensed under CC BY 4.0 : see CAreadme.txt



0 BFC CERTIFY CCW



0 !KEYWORDS BrickLink 4865



0 !PREVIEW 16 0 0 0 -1 0 0 0 1 0 0 0 -1



0 !HISTORY 2003-07-03 [Steffen] BFCed, subfiled

0 !HISTORY 2004-04-22 [PTadmin] Official Update 2004-02

0 !HISTORY 2007-07-09 [PTadmin] Header formatted for Contributor Agreement

0 !HISTORY 2008-07-01 [PTadmin] Official Update 2008-01

0 !HISTORY 2011-12-08 [PTadmin] Renamed from 4865

0 !HISTORY 2011-12-29 [PTadmin] Official Update 2011-02

0 !HISTORY 2020-08-01 [cwdee] Use renamed subfile

0 !HISTORY 2020-12-29 [PTadmin] Official Update 2020-03





1 16 0 0 0 1 0 0 0 1 0 0 0 1 s__4865as01.dat

4 16 20 24 10 -20 24 10 -20 0 10 20 0 10



0 NOFILE

0 FILE s__4865as01.dat
0 ~Panel  1 x  2 x  1 without Front Face

0 Name: s\4865as01.dat

0 Author: James Jessiman

0 !LDRAW_ORG Subpart UPDATE 2020-03

0 !LICENSE Licensed under CC BY 4.0 : see CAreadme.txt



0 BFC CERTIFY CCW



0 !HISTORY 2003-07-03 [Steffen] BFCed, subfiled

0 !HISTORY 2004-04-22 [PTadmin] Official Update 2004-02

0 !HISTORY 2007-09-10 [PTadmin] Header formatted for Contributor Agreement

0 !HISTORY 2008-07-01 [PTadmin] Official Update 2008-01

0 !HISTORY 2020-07-14 [PTadmin] Renamed from s/4865s01

0 !HISTORY 2020-12-29 [PTadmin] Official Update 2020-03





1 16 0 20 0 1 0 0 0 -1 0 0 0 1 stud3.dat

0 BFC INVERTNEXT

1 16 0 24 0 16 0 0 0 -4 0 0 0 6 box5.dat

4 16 20 24 10 16 24 6 -16 24 6 -20 24 10

4 16 -20 24 10 -16 24 6 -16 24 -6 -20 24 -10

4 16 -20 24 -10 -16 24 -6 16 24 -6 20 24 -10

4 16 20 24 -10 16 24 -6 16 24 6 20 24 10

2 24 20 24 10 -20 24 10

2 24 -20 24 10 -20 24 -10

2 24 -20 24 -10 20 24 -10

2 24 20 24 -10 20 24 10

2 24 20 16 6 -20 16 6

2 24 -20 16 6 -20 16 -10

2 24 -20 16 -10 20 16 -10

2 24 20 16 -10 20 16 6

2 24 20 0 10 -20 0 10

2 24 -20 0 10 -20 0 6

2 24 -20 0 6 20 0 6

2 24 20 0 6 20 0 10

2 24 20 0 6 20 16 6

2 24 -20 0 6 -20 16 6

2 24 20 16 -10 20 24 -10

2 24 -20 16 -10 -20 24 -10

2 24 20 0 10 20 24 10

2 24 -20 0 10 -20 24 10

4 16 20 16 -10 20 16 6 -20 16 6 -20 16 -10

4 16 20 0 6 20 0 10 -20 0 10 -20 0 6

4 16 -20 24 10 -20 24 -10 -20 16 -10 -20 16 6

4 16 -20 24 -10 20 24 -10 20 16 -10 -20 16 -10

4 16 20 24 -10 20 24 10 20 16 6 20 16 -10

4 16 -20 24 10 -20 16 6 -20 0 6 -20 0 10

4 16 -20 16 6 20 16 6 20 0 6 -20 0 6

4 16 20 16 6 20 24 10 20 0 10 20 0 6

0

0 NOFILE

0 FILE 3710.dat
0 Plate  1 x  4

0 Name: 3710.dat

0 Author: James Jessiman

0 !LDRAW_ORG Part UPDATE 2023-06

0 !LICENSE Licensed under CC BY 4.0 : see CAreadme.txt



0 BFC CERTIFY CCW



0 !HISTORY 2004-07-25 [guyvivan] Made BFC Compliant

0 !HISTORY 2004-11-06 [PTadmin] Official Update 2004-04

0 !HISTORY 2007-06-29 [PTadmin] Header formatted for Contributor Agreement

0 !HISTORY 2008-07-01 [PTadmin] Official Update 2008-01

0 !HISTORY 2023-03-28 [Sirio] Introduced use of subpart

0 !HISTORY 2023-11-19 [OrionP] Official Update 2023-06





1 16 0 0 0 1 0 0 0 1 0 0 0 1 s__3710s01.dat

4 16 -40 0 -10 -40 8 -10 40 8 -10 40 0 -10

0 NOFILE

0 FILE s__3710s01.dat
0 ~Plate  1 x  4 without Front Face

0 Name: s\3710s01.dat

0 Author: Massimo Maso [Sirio]

0 !LDRAW_ORG Subpart UPDATE 2023-06

0 !LICENSE Licensed under CC BY 4.0 : see CAreadme.txt



0 BFC CERTIFY CCW



0 !HISTORY 2023-11-19 [OrionP] Official Update 2023-06





1 16 0 4 0 1 0 0 0 -1 0 0 0 1 stug3-1x3.dat

0 BFC INVERTNEXT

1 16 0 8 0 36 0 0 0 -4 0 0 0 6 box5.dat

4 16 40 8 10 36 8 6 -36 8 6 -40 8 10

4 16 -40 8 10 -36 8 6 -36 8 -6 -40 8 -10

4 16 -40 8 -10 -36 8 -6 36 8 -6 40 8 -10

4 16 40 8 -10 36 8 -6 36 8 6 40 8 10

1 16 0 8 0 40 0 0 0 -8 0 0 0 10 box4t.dat

1 16 0 0 0 1 0 0 0 1 0 0 0 1 stug-1x4.dat

0 NOFILE

0 FILE stug-1x4.dat
0 Stud Group  1 x  4

0 Name: stug-1x4.dat

0 Author: Steffen [Steffen]

0 !LDRAW_ORG Primitive UPDATE 2011-01

0 !LICENSE Licensed under CC BY 4.0 : see CAreadme.txt



0 BFC CERTIFY CCW



0 !HISTORY 2011-07-25 [PTadmin] Official Update 2011-01





1 16 -30 0 0 1 0 0 0 1 0 0 0 1 stud.dat

1 16 -10 0 0 1 0 0 0 1 0 0 0 1 stud.dat

1 16 10 0 0 1 0 0 0 1 0 0 0 1 stud.dat

1 16 30 0 0 1 0 0 0 1 0 0 0 1 stud.dat

0 NOFILE

0 FILE stug3-1x3.dat
0 Stud Tube Solid Group  1 x  3

0 Name: stug3-1x3.dat

0 Author: Steffen [Steffen]

0 !LDRAW_ORG Primitive UPDATE 2012-02

0 !LICENSE Licensed under CC BY 4.0 : see CAreadme.txt



0 BFC CERTIFY CCW



0 !HISTORY 2012-08-09 [PTadmin] Official Update 2012-02





1 16 -20 0 0 1 0 0 0 1 0 0 0 1 stud3.dat

1 16 0 0 0 1 0 0 0 1 0 0 0 1 stud3.dat

1 16 20 0 0 1 0 0 0 1 0 0 0 1 stud3.dat

0 NOFILE

0 FILE 3020.dat
0 Plate  2 x  4

0 Name: 3020.dat

0 Author: James Jessiman

0 !LDRAW_ORG Part UPDATE 2002-03

0 !LICENSE Licensed under CC BY 4.0 : see CAreadme.txt



0 BFC CERTIFY CCW



0 !HISTORY 2001-10-26 [PTadmin] Official Update 2001-01

0 !HISTORY 2002-05-07 {unknown} BFC Certification

0 !HISTORY 2002-06-11 [PTadmin] Official Update 2002-03

0 !HISTORY 2007-06-07 [PTadmin] Header formatted for Contributor Agreement

0 !HISTORY 2008-07-01 [PTadmin] Official Update 2008-01





1 16 20 4 0 1 0 0 0 -1 0 0 0 1 stud4.dat

1 16 0 4 0 1 0 0 0 -1 0 0 0 1 stud4.dat

1 16 -20 4 0 1 0 0 0 -1 0 0 0 1 stud4.dat



0 BFC INVERTNEXT

1 16 0 8 0 36 0 0 0 -4 0 0 0 16 box5.dat



4 16 40 8 20 36 8 16 -36 8 16 -40 8 20

0 // Next Line was 4 16 40 8 -20 36 8 -16 -36 8 -16 -40 8 -20

4 16 -40 8 -20 -36 8 -16 36 8 -16 40 8 -20

0 // Next Line was 4 16 40 8 20 36 8 16 36 8 -16 40 8 -20

4 16 40 8 -20 36 8 -16 36 8 16 40 8 20

4 16 -40 8 20 -36 8 16 -36 8 -16 -40 8 -20



1 16 0 8 0 40 0 0 0 -8 0 0 0 20 box5.dat



1 16 30 0 10 1 0 0 0 1 0 0 0 1 stud.dat

1 16 10 0 10 1 0 0 0 1 0 0 0 1 stud.dat

1 16 -10 0 10 1 0 0 0 1 0 0 0 1 stud.dat

1 16 -30 0 10 1 0 0 0 1 0 0 0 1 stud.dat

1 16 30 0 -10 1 0 0 0 1 0 0 0 1 stud.dat

1 16 10 0 -10 1 0 0 0 1 0 0 0 1 stud.dat

1 16 -10 0 -10 1 0 0 0 1 0 0 0 1 stud.dat

1 16 -30 0 -10 1 0 0 0 1 0 0 0 1 stud.dat

0

0 NOFILE

0 FILE 3024.dat
0 Plate  1 x  1

0 Name: 3024.dat

0 Author: James Jessiman

0 !LDRAW_ORG Part UPDATE 2022-05

0 !LICENSE Licensed under CC BY 4.0 : see CAreadme.txt



0 BFC CERTIFY CCW



0 !HISTORY 2001-10-26 [PTadmin] Official Update 2001-01

0 !HISTORY 2002-05-07 {unknown} BFC Certification

0 !HISTORY 2002-06-11 [PTadmin] Official Update 2002-03

0 !HISTORY 2007-06-07 [PTadmin] Header formatted for Contributor Agreement

0 !HISTORY 2008-07-01 [PTadmin] Official Update 2008-01

0 !HISTORY 2022-08-04 [MagFors] Using subfile

0 !HISTORY 2022-09-15 [PTadmin] Official Update 2022-05





1 16 0 0 0 1 0 0 0 1 0 0 0 1 s__3024s01.dat

4 16 -10 8 -10 10 8 -10 10 0 -10 -10 0 -10

0 NOFILE

0 FILE s__3024s01.dat
0 ~Plate  1 x  1 without Front Face

0 Name: s\3024s01.dat

0 Author: Tore Eriksson [Tore_Eriksson]

0 !LDRAW_ORG Subpart UPDATE 2012-03

0 !LICENSE Licensed under CC BY 4.0 : see CAreadme.txt



0 BFC CERTIFY CCW



0 !HISTORY 2012-12-28 [PTadmin] Official Update 2012-03





0 BFC INVERTNEXT

1 16 0 8 0 0 0 6 0 -4 0 -6 0 0 box5.dat

4 16 10 8 -10 6 8 -6 6 8 6 10 8 10

4 16 10 8 10 6 8 6 -6 8 6 -10 8 10

4 16 -10 8 10 -6 8 6 -6 8 -6 -10 8 -10

4 16 -10 8 -10 -6 8 -6 6 8 -6 10 8 -10

1 16 0 8 0 10 0 0 0 -8 0 0 0 10 box4t.dat

1 16 0 0 0 0 0 1 0 1 0 -1 0 0 stud.dat

0 NOFILE

0 FILE 2357.dat
0 Brick  2 x  2 Corner

0 Name: 2357.dat

0 Author: James Jessiman

0 !LDRAW_ORG Part UPDATE 2020-01

0 !LICENSE Licensed under CC BY 4.0 : see CAreadme.txt



0 BFC CERTIFY CCW



0 !HISTORY 2001-10-26 [PTadmin] Official Update 2001-01

0 !HISTORY 2003-09-08 [jriley] BFC compliancy

0 !HISTORY 2003-12-19 [PTadmin] Official Update 2003-03

0 !HISTORY 2007-05-07 [PTadmin] Header formatted for Contributor Agreement

0 !HISTORY 2008-07-01 [PTadmin] Official Update 2008-01

0 !HISTORY 2019-09-10 [GeraldLasser] Added Support at Inside Corner

0 !HISTORY 2020-06-28 [PTadmin] Official Update 2020-01





1 16 0 4 10 1 0 0 0 -5 0 0 0 1 stud3.dat

1 16 10 4 0 1 0 0 0 -5 0 0 0 1 stud3.dat

4 16 10 24 30 6 24 26 -6 24 26 -10 24 30

4 16 -10 24 30 -6 24 26 -6 24 -6 -10 24 -10

4 16 -10 24 -10 -6 24 -6 26 24 -6 30 24 -10



4 16 30 24 -10 26 24 -6 26 24 6 30 24 10

4 16 30 24 10 26 24 6 6 24 6 10 24 10

4 16 10 24 10 6 24 6 6 24 26 10 24 30

4 16 6 4 6 26 4 6 26 4 -6 -6 4 -6

4 16 6 4 26 6 4 6 -6 4 -6 -6 4 26

4 16 30 0 10 10 0 10 -10 0 -10 30 0 -10

4 16 -10 0 30 -10 0 -10 10 0 10 10 0 30

1 16 20 12 0 0 10 0 12 0 0 0 0 10 box2-5.dat

1 16 0 12 20 0 10 0 12 0 0 0 0 10 box2-5.dat



1 16 6.7071 13.75 6.7071 0 -2.464479 .707107 -9.75 0 0 0 -2.464479 -.707107 box3u2p.dat

2 24 6 23.5 7.4142 6 23.5 6

2 24 6 23.5 6 7.4142 23.5 6

3 16 4.9497 23.5 3.5355 3.5355 23.5 4.9497 6 23.5 6

3 16 4.9497 23.5 3.5355 6 23.5 6 7.4142 23.5 6

3 16 3.5355 23.5 4.9497 6 23.5 7.4142 6 23.5 6



1 16 10 12 10 0 -20 0 12 0 0 0 0 -20 box2-5.dat

1 16 0 0 0 1 0 0 0 1 0 0 0 1 stud.dat

1 16 20 0 0 1 0 0 0 1 0 0 0 1 stud.dat

1 16 0 0 20 1 0 0 0 1 0 0 0 1 stud.dat

0 BFC INVERTNEXT

1 16 0 14 16 0 6 0 10 0 0 0 0 10 box2-5.dat

0 BFC INVERTNEXT

1 16 16 14 0 0 10 0 10 0 0 0 0 6 box2-5.dat

0 BFC INVERTNEXT

1 16 10 14 10 0 -16 0 10 0 0 0 0 -16 box2-5.dat

0

0 NOFILE

0 FILE 2449.dat
0 Slope Brick 75  2 x  1 x  3 Inverted

0 Name: 2449.dat

0 Author: James Jessiman

0 !LDRAW_ORG Part UPDATE 2005-01

0 !LICENSE Licensed under CC BY 4.0 : see CAreadme.txt



0 BFC CERTIFY CCW



0 !HISTORY 2002-09-13 [izanette] Modified with WINDZ for BFC compliance

0 !HISTORY 2004-11-27 [guyvivan] Fixed bad cylinder with stud3a and 2-4cyls

0 !HISTORY 2005-12-28 [PTadmin] Official Update 2005-01

0 !HISTORY 2007-05-13 [PTadmin] Header formatted for Contributor Agreement

0 !HISTORY 2008-07-01 [PTadmin] Official Update 2008-01





0 BFC INVERTNEXT

1 16 0 72 0 6 0 0 0 -12 0 0 0 6 box5.dat

4 16 10 72 10 6 72 6 -6 72 6 -10 72 10

4 16 -10 72 10 -6 72 6 -6 72 -6 -10 72 -10

4 16 -10 72 -10 -6 72 -6 6 72 -6 10 72 -10

4 16 10 72 -10 6 72 -6 6 72 6 10 72 10

2 24 10 72 10 -10 72 10

2 24 -10 72 10 -10 72 -10

2 24 -10 72 -10 10 72 -10

2 24 10 72 -10 10 72 10

1 16 0 56 0.235 6 0 0 0 1 0 0 0 9.765 rect.dat

1 16 0 4 -8 6 0 0 0 -1 0 0 0 18 rect.dat

2 24 10 4 -30 -10 4 -30

1 16 0 0 -10 10 0 0 0 1 0 0 0 20 rect.dat

2 24 6 56 10 6 4 10

2 24 -6 56 10 -6 4 10

2 24 6 56 -9.53 6 4 -26

2 24 -6 56 -9.53 -6 4 -26

2 24 10 72 10 10 0 10

2 24 -10 72 10 -10 0 10

2 24 10 72 -10 10 4 -30

2 24 -10 72 -10 -10 4 -30

2 24 10 4 -30 10 0 -30

2 24 -10 4 -30 -10 0 -30

4 16 10 72 10 -10 72 10 -6 56 10 6 56 10

4 16 10 72 10 6 56 10 6 4 10 10 0 10

4 16 -10 72 10 -10 0 10 -6 4 10 -6 56 10

4 16 10 0 10 6 4 10 -6 4 10 -10 0 10

4 16 6 56 -9.53 -6 56 -9.53 -6 4 -26 6 4 -26

4 16 10 72 -10 10 4 -30 -10 4 -30 -10 72 -10

4 16 10 4 -30 10 0 -30 -10 0 -30 -10 4 -30

4 16 10 72 10 10 0 10 10 4 -30 10 72 -10

3 16 10 0 10 10 0 -30 10 4 -30

4 16 6 56 10 6 56 -9.53 6 4 -26 6 4 10

4 16 -6 56 10 -6 4 10 -6 4 -26 -6 56 -9.53

4 16 -10 72 10 -10 72 -10 -10 4 -30 -10 0 10

3 16 -10 0 10 -10 4 -30 -10 0 -30

1 16 0 0 0 1 0 0 0 1 0 0 0 1 stud2.dat

1 16 0 0 -20 1 0 0 0 1 0 0 0 1 stud2.dat

1 16 0 40 -14.598 4 0 0 0 1 4 0 0 1.267 4-4edge.dat

1 16 0 20 -20.932 4 0 0 0 1 4 0 0 1.267 4-4edge.dat

1 16 0 40 -13.331 0 0 4 4 0 0 0 -1.267 0 2-4cyls.dat

1 16 0 40 -13.331 0 0 -4 4 0 0 0 -1.267 0 2-4cyls.dat

1 16 0 20 -19.665 0 0 4 4 0 0 0 -1.267 0 2-4cyls.dat

1 16 0 20 -19.665 0 0 -4 4 0 0 0 -1.267 0 2-4cyls.dat

1 16 0 20 -19.665 -1 0 0 0 0 1 0 -7.41625 0 stud3a.dat

1 16 0 40 -13.331 -1 0 0 0 0 1 0 -5.83275 0 stud3a.dat

0

0 NOFILE

0 FILE 2-4cyls.dat
0 Cylinder Sloped 0.5

0 Name: 2-4cyls.dat

0 Author: James Jessiman

0 !LDRAW_ORG Primitive UPDATE 2012-01

0 !LICENSE Licensed under CC BY 4.0 : see CAreadme.txt



0 BFC CERTIFY CCW



0 !HISTORY 1998-12-15 [PTadmin] Official Update 1998-10

0 !HISTORY 2002-05-08 [OrionP] Made BFC Compliant

0 !HISTORY 2002-08-18 [PTadmin] Official Update 2002-04

0 !HISTORY 2007-06-24 [PTadmin] Header formatted for Contributor Agreement

0 !HISTORY 2008-07-01 [PTadmin] Official Update 2008-01

0 !HISTORY 2012-02-16 [Philo] Changed to CCW

0 !HISTORY 2012-03-30 [PTadmin] Official Update 2012-01





3 16 0.9239 0.0761 0.3827 0.9239 0 0.3827 1 0 0

4 16 0.9239 0.0761 0.3827 0.7071 0.2929 0.7071 0.7071 0 0.7071 0.9239 0 0.3827

4 16 0.7071 0.2929 0.7071 0.3827 0.6173 0.9239 0.3827 0 0.9239 0.7071 0 0.7071

4 16 0.3827 0.6173 0.9239 0 1 1 0 0 1 0.3827 0 0.9239

4 16 0 1 1 -0.3827 1.3827 0.9239 -0.3827 0 0.9239 0 0 1

4 16 -0.3827 1.3827 0.9239 -0.7071 1.7071 0.7071 -0.7071 0 0.7071 -0.3827 0 0.9239

4 16 -0.7071 1.7071 0.7071 -0.9239 1.9239 0.3827 -0.9239 0 0.3827 -0.7071 0 0.7071

4 16 -0.9239 1.9239 0.3827 -1 2 0 -1 0 0 -0.9239 0 0.3827



5 24 0.9239 0 0.3827 0.9239 0.0761 0.3827 0.7071 0 0.7071 1 0 0

5 24 0.7071 0 0.7071 0.7071 0.2929 0.7071 0.3827 0 0.9239 0.9239 0 0.3827

5 24 0.3827 0 0.9239 0.3827 0.6173 0.9239 0 0 1 0.7071 0 0.7071

5 24 0 0 1 0 1 1 -0.3827 0 0.9239 0.3827 0 0.9239

5 24 -0.3827 0 0.9239 -0.3827 1.3827 0.9239 -0.7071 0 0.7071 0 0 1

5 24 -0.7071 0 0.7071 -0.7071 1.7071 0.7071 -0.9239 0 0.3827 -0.3827 0 0.9239

5 24 -0.9239 0 0.3827 -0.9239 1.9239 0.3827 -1 0 0 -0.7071 0 0.7071

5 24 -1 0 0 -1 2 0 -1 0 -1 -0.9239 0 0.3827

0 NOFILE

0 FILE 2431.dat
0 Tile  1 x  4 with Groove

0 Name: 2431.dat

0 Author: Santeri Piippo [arezey]

0 !LDRAW_ORG Part UPDATE 2010-02

0 !LICENSE Licensed under CC BY 4.0 : see CAreadme.txt



0 BFC CERTIFY CCW



0 !HISTORY 2010-07-05 [PTadmin] Official Update 2010-02





1 16 0 0 0 1 0 0 0 1 0 0 0 1 s__2431s01.dat

4 16 40 0 -10 40 0 10 -40 0 10 -40 0 -10

0 //

0 NOFILE

0 FILE s__2431s01.dat
0 ~Tile  1 x  4 with Groove without Top Face

0 Name: s\2431s01.dat

0 Author: Santeri Piippo [arezey]

0 !LDRAW_ORG Subpart UPDATE 2010-02

0 !LICENSE Licensed under CC BY 4.0 : see CAreadme.txt



0 BFC CERTIFY CCW



0 !HISTORY 2010-07-05 [PTadmin] Official Update 2010-02





1 16 0 0 0 40 0 0 0 7 0 0 0 10 box4.dat

1 16 0 7 0 39 0 0 0 1 0 0 0 9 box4.dat

0 BFC INVERTNEXT

1 16 0 8 0 36 0 0 0 -4 0 0 0 6 box5.dat

4 16 -39 8 9 -36 8 6 -36 8 -6 -39 8 -9

4 16 39 8 -9 36 8 -6 36 8 6 39 8 9

4 16 39 8 9 36 8 6 -36 8 6 -39 8 9

4 16 -39 8 -9 -36 8 -6 36 8 -6 39 8 -9

4 16 -40 7 10 -39 7 9 -39 7 -9 -40 7 -10

4 16 40 7 -10 39 7 -9 39 7 9 40 7 10

4 16 40 7 10 39 7 9 -39 7 9 -40 7 10

4 16 -40 7 -10 -39 7 -9 39 7 -9 40 7 -10

1 16 0 4 0 1 0 0 0 -1 0 0 0 1 stud3.dat

1 16 -20 4 0 1 0 0 0 -1 0 0 0 1 stud3.dat

1 16 20 4 0 1 0 0 0 -1 0 0 0 1 stud3.dat

0 //

0 NOFILE

0 FILE 63864.dat
0 Tile  1 x  3

0 Name: 63864.dat

0 Author: Tim Gould [timgould]

0 !LDRAW_ORG Part UPDATE 2019-01

0 !LICENSE Licensed under CC BY 4.0 : see CAreadme.txt



0 BFC CERTIFY CCW



0 !HISTORY 2010-04-05 [PTadmin] Official Update 2010-01

0 !HISTORY 2019-06-28 [PTadmin] Official Update 2019-01

0 !HISTORY 2019-07-03 [UR] Subpart Integration





4 16 -30 0 -10 30 0 -10 30 0 10 -30 0 10

1 16 0 0 0 1 0 0 0 1 0 0 0 1 s__63864s01.dat

0 NOFILE

0 FILE s__63864s01.dat
0 ~Tile  1 x  3 without Top Face

0 Name: s\63864s01.dat

0 Author: Ulrich Röder [UR]

0 !LDRAW_ORG Subpart UPDATE 2019-01

0 !LICENSE Licensed under CC BY 4.0 : see CAreadme.txt



0 BFC CERTIFY CCW



0 !HISTORY 2019-06-28 [PTadmin] Official Update 2019-01





1 16 0 0 0 30 0 0 0 7 0 0 0 10 box4.dat

1 16 0 7 0 29 0 0 0 1 0 0 0 9 box4.dat

0 BFC INVERTNEXT

1 16 0 8 0 -26 0 0 0 -4 0 0 0 6 box5.dat

1 16 10 4 0 1 0 0 0 -1 0 0 0 1 stud3.dat

1 16 -10 4 0 1 0 0 0 -1 0 0 0 1 stud3.dat

4 16 -30 7 -10 -29 7 -9 29 7 -9 30 7 -10

4 16 30 7 10 29 7 9 -29 7 9 -30 7 10

4 16 -30 7 -10 -30 7 10 -29 7 9 -29 7 -9

4 16 30 7 10 30 7 -10 29 7 -9 29 7 9

4 16 -29 8 -9 -26 8 -6 26 8 -6 29 8 -9

4 16 29 8 9 26 8 6 -26 8 6 -29 8 9

4 16 -29 8 -9 -29 8 9 -26 8 6 -26 8 -6

4 16 29 8 9 29 8 -9 26 8 -6 26 8 6

0 NOFILE

0 FILE 3070b.dat
0 Tile  1 x  1 with Groove

0 Name: 3070b.dat

0 Author: Chris Dee [cwdee]

0 !LDRAW_ORG Part UPDATE 2025-09

0 !LICENSE Licensed under CC BY 4.0 : see CAreadme.txt



0 BFC CERTIFY CCW



0 !KEYWORDS BrickLink 3070



0 !HISTORY 2009-09-03 [PTadmin] Official Update 2009-02

0 !HISTORY 2025-09-27 [OrionP] Changed winding to CCW

0 !HISTORY 2025-09-29 [OrionP] Official Update 2025-09



1 16 0 0 0 1 0 0 0 1 0 0 0 1 s__3070bs01.dat

4 16 -10 0 10 -10 0 -10 10 0 -10 10 0 10

0
0 NOFILE

0 FILE s__3070bs01.dat
0 ~Tile  1 x  1 with Groove without Top Face

0 Name: s\3070bs01.dat

0 Author: Chris Dee [cwdee]

0 !LDRAW_ORG Subpart UPDATE 2009-02

0 !LICENSE Licensed under CC BY 4.0 : see CAreadme.txt



0 BFC CERTIFY CCW



0 !HISTORY 2009-09-03 [PTadmin] Official Update 2009-02





1 16 0 0 0 10 0 0 0 7 0 0 0 10 box4.dat

0 BFC INVERTNEXT

1 16 0 8 0 6 0 0 0 -4 0 0 0 6 box5.dat

1 16 0 7 0 9 0 0 0 1 0 0 0 9 box4.dat



4 16 9 8 9 6 8 6 -6 8 6 -9 8 9

4 16 -9 8 9 -6 8 6 -6 8 -6 -9 8 -9

4 16 -9 8 -9 -6 8 -6 6 8 -6 9 8 -9

4 16 9 8 -9 6 8 -6 6 8 6 9 8 9



4 16 10 7 10 9 7 9 -9 7 9 -10 7 10

4 16 -10 7 10 -9 7 9 -9 7 -9 -10 7 -10

4 16 -10 7 -10 -9 7 -9 9 7 -9 10 7 -10

4 16 10 7 -10 9 7 -9 9 7 9 10 7 10

0

0 NOFILE

0 FILE 3005.dat
0 Brick  1 x  1

0 Name: 3005.dat

0 Author: James Jessiman

0 !LDRAW_ORG Part UPDATE 2022-05

0 !LICENSE Licensed under CC BY 4.0 : see CAreadme.txt



0 BFC CERTIFY CCW



0 !HISTORY 2001-10-26 [PTadmin] Official Update 2001-01

0 !HISTORY 2002-05-07 {unknown} BFC Certification

0 !HISTORY 2002-06-11 [PTadmin] Official Update 2002-03

0 !HISTORY 2007-05-07 [PTadmin] Header formatted for Contributor Agreement

0 !HISTORY 2008-07-01 [PTadmin] Official Update 2008-01

0 !HISTORY 2022-08-04 [MagFors] Using subfile

0 !HISTORY 2022-09-15 [PTadmin] Official Update 2022-05





1 16 0 0 0 1 0 0 0 1 0 0 0 1 s__3005s01.dat

4 16 -10 24 -10 10 24 -10 10 0 -10 -10 0 -10

0 NOFILE

0 FILE s__3005s01.dat
0 ~Brick  1 x  1 without Front Face

0 Name: s\3005s01.dat

0 Author: Willy Tschager [Holly-Wood]

0 !LDRAW_ORG Subpart UPDATE 2024-04

0 !LICENSE Licensed under CC BY 4.0 : see CAreadme.txt



0 BFC CERTIFY CCW



0 !HISTORY 2003-09-07 [jriley] BFCed & Subfiled

0 !HISTORY 2004-03-02 [PTadmin] Official Update 2004-01

0 !HISTORY 2007-08-29 [PTadmin] Header formatted for Contributor Agreement

0 !HISTORY 2008-07-01 [PTadmin] Official Update 2008-01

0 !HISTORY 2024-03-15 [Holly-Wood] Complete re-write, original by jriley

0 !HISTORY 2024-05-28 [OrionP] Official Update 2024-04



1 16 0 0 0 0 0 1 0 1 0 -1 0 0 stud.dat

1 16 0 24 0 -10 0 0 0 -24 0 0 0 10 box4t.dat

0 BFC INVERTNEXT

1 16 0 24 0 -6 0 0 0 -20 0 0 0 6 box5.dat



4 16 -6 24 -6 6 24 -6 10 24 -10 -10 24 -10

4 16 10 24 -10 6 24 -6 6 24 6 10 24 10

4 16 6 24 6 -6 24 6 -10 24 10 10 24 10

4 16 -10 24 10 -6 24 6 -6 24 -6 -10 24 -10

0 NOFILE

0 FILE 3010.dat
0 Brick  1 x  4

0 Name: 3010.dat

0 Author: James Jessiman

0 !LDRAW_ORG Part UPDATE 2025-09

0 !LICENSE Licensed under CC BY 4.0 : see CAreadme.txt



0 BFC CERTIFY CCW



0 !HISTORY 2001-10-26 [PTadmin] Official Update 2001-01

0 !HISTORY 2002-05-07 {unknown} BFC Certification

0 !HISTORY 2002-06-11 [PTadmin] Official Update 2002-03

0 !HISTORY 2002-12-12 [hafhead] New subparted version

0 !HISTORY 2003-08-01 [PTadmin] Official Update 2003-02

0 !HISTORY 2007-06-06 [PTadmin] Header formatted for Contributor Agreement

0 !HISTORY 2008-07-01 [PTadmin] Official Update 2008-01

0 !HISTORY 2025-09-27 [OrionP] Changed winding to CCW

0 !HISTORY 2025-09-29 [OrionP] Official Update 2025-09



1 16 0 0 0 1 0 0 0 1 0 0 0 1 s__3010s01.dat

4 16 -40 24 -10 40 24 -10 40 0 -10 -40 0 -10

0
0 NOFILE

0 FILE s__3010s01.dat
0 ~Brick  1 x  4 without Front Face

0 Name: s\3010s01.dat

0 Author: Willy Tschager [Holly-Wood]

0 !LDRAW_ORG Subpart UPDATE 2024-03

0 !LICENSE Licensed under CC BY 4.0 : see CAreadme.txt



0 BFC CERTIFY CCW



0 !HISTORY 2003-08-01 [PTadmin] Official Update 2003-02

0 !HISTORY 2007-08-29 [PTadmin] Header formatted for Contributor Agreement

0 !HISTORY 2008-07-01 [PTadmin] Official Update 2008-01

0 !HISTORY 2024-03-15 [Holly-Wood] Complete re-write, original by hafhead

0 !HISTORY 2024-04-28 [OrionP] Official Update 2024-03



1 16 0 0 0 1 0 0 0 1 0 0 0 1 stug-1x4.dat

1 16 0 4 0 1 0 0 0 -5 0 0 0 1 stug3-1x3.dat



1 16 0 24 0 -40 0 0 0 -24 0 0 0 10 box4t.dat

0 BFC INVERTNEXT

1 16 0 24 0 -36 0 0 0 -20 0 0 0 6 box5.dat



4 16 -36 24 -6 36 24 -6 40 24 -10 -40 24 -10

4 16 40 24 -10 36 24 -6 36 24 6 40 24 10

4 16 40 24 10 36 24 6 -36 24 6 -40 24 10

4 16 -40 24 10 -36 24 6 -36 24 -6 -40 24 -10

0 NOFILE

0 FILE 26603.dat
0 Tile  2 x  3

0 Name: 26603.dat

0 Author: Philippe Hurbain [Philo]

0 !LDRAW_ORG Part UPDATE 2016-01

0 !LICENSE Licensed under CC BY 4.0 : see CAreadme.txt



0 BFC CERTIFY CCW



0 !HISTORY 2016-12-31 [PTadmin] Official Update 2016-01





1 16 0 0 0 1 0 0 0 1 0 0 0 1 s__26603s01.dat

4 16 30 0 20 -30 0 20 -30 0 -20 30 0 -20

0 NOFILE

0 FILE s__26603s01.dat
0 ~Tile  2 x  3 without Top

0 Name: s\26603s01.dat

0 Author: Philippe Hurbain [Philo]

0 !LDRAW_ORG Subpart UPDATE 2016-01

0 !LICENSE Licensed under CC BY 4.0 : see CAreadme.txt



0 BFC CERTIFY CCW



0 !HISTORY 2016-12-31 [PTadmin] Official Update 2016-01





1 16 0 0 0 30 0 0 0 7 0 0 0 20 box4.dat

1 16 0 7 0 29 0 0 0 1 0 0 0 19 box4.dat

0 BFC INVERTNEXT

1 16 0 8 0 -26 0 0 0 -4 0 0 0 16 box5.dat

4 16 -30 7 -20 -29 7 -19 29 7 -19 30 7 -20

4 16 30 7 20 29 7 19 -29 7 19 -30 7 20

4 16 -30 7 -20 -30 7 20 -29 7 19 -29 7 -19

4 16 30 7 20 30 7 -20 29 7 -19 29 7 19

4 16 -29 8 -19 -26 8 -16 26 8 -16 29 8 -19

4 16 29 8 19 26 8 16 -26 8 16 -29 8 19

4 16 -29 8 -19 -29 8 19 -26 8 16 -26 8 -16

4 16 29 8 19 29 8 -19 26 8 -16 26 8 16

1 16 0 4 0 1 0 0 0 -1 0 0 0 1 stug4-1x2.dat

0 NOFILE

0 FILE stug4-1x2.dat
0 Stud Tube Open Group  1 x  2

0 Name: stug4-1x2.dat

0 Author: Steffen [Steffen]

0 !LDRAW_ORG Primitive UPDATE 2011-01

0 !LICENSE Licensed under CC BY 4.0 : see CAreadme.txt



0 BFC CERTIFY CCW



0 !HISTORY 2011-07-25 [PTadmin] Official Update 2011-01





1 16 -10 0 0 1 0 0 0 1 0 0 0 1 stud4.dat

1 16 10 0 0 1 0 0 0 1 0 0 0 1 stud4.dat

0 NOFILE

0 FILE 3678b.dat
0 Slope Brick 65  2 x  2 x  2 with Centre Tube

0 Name: 3678b.dat

0 Author: Andy Westrate [westrate]

0 !LDRAW_ORG Part UPDATE 2010-02

0 !LICENSE Licensed under CC BY 4.0 : see CAreadme.txt



0 BFC CERTIFY CCW



0 !PREVIEW 16 0 0 0 -1 0 0 0 1 0 0 0 -1



0 !HISTORY 2010-07-05 [PTadmin] Official Update 2010-02





4 16 20 44 -30 20 0 -10 -20 0 -10 -20 44 -30

4 16 20 48 10 -20 48 10 -20 0 10 20 0 10

1 16 0 0 0 1 0 0 0 1 0 0 0 1 s__3678bs01.dat

0

0 NOFILE

0 FILE s__3678bs01.dat
0 ~Slope Brick 65  2 x  2 x  2 with Centre Tube without Front and Back

0 Name: s\3678bs01.dat

0 Author: Andy Westrate [westrate]

0 !LDRAW_ORG Subpart UPDATE 2014-02

0 !LICENSE Licensed under CC BY 4.0 : see CAreadme.txt



0 !HELP Uncomment for front face

0 !HELP 4 16 20 44 -30 20 0 -10 -20 0 -10 -20 44 -30

0 !HELP Uncomment for back face

0 !HELP 4 16 20 48 10 20 0 10 -20 0 10 -20 48 10



0 BFC CERTIFY CCW



0 !HISTORY 2010-07-05 [PTadmin] Official Update 2010-02

0 !HISTORY 2014-11-26 [MMR1988] Used more prims, changed underside stud to stud4

0 !HISTORY 2014-12-23 [PTadmin] Official Update 2014-02





1 16 0 0 0 0 0 20 0 1 0 10 0 0 rect2p.dat

0 BFC INVERTNEXT

1 16 0 26 -1 16 0 0 0 0 -22 0 7 0 box2-5.dat

1 16 0 46 -30 20 0 0 0 0 2 0 1 0 rect3.dat

0 BFC INVERTNEXT

1 16 0 26 -17 16 0 0 0 20 -2 0 -9 0 box2-7.dat

1 16 0 48 -10 16 0 0 0 1 0 0 0 -16 recte3.dat

1 16 0 48 -10 20 0 0 0 1 0 0 0 20 recte3.dat

1 16 0 22 -20 -20 0 0 0 1 -22 0 0 10 recte4.dat

1 16 0 24 10 20 0 0 0 0 -24 0 1 0 recte3.dat

1 16 0 0 0 1 0 0 0 1 0 0 0 1 stug-1x2.dat



4 16 20 48 10 16 48 6 -16 48 6 -20 48 10

4 16 -20 48 10 -16 48 6 -16 48 -26 -20 48 -30

4 16 -20 48 -30 -16 48 -26 16 48 -26 20 48 -30

4 16 20 48 -30 16 48 -26 16 48 6 20 48 10

4 16 20 48 10 20 0 10 20 44 -30 20 48 -30

3 16 20 0 10 20 0 -10 20 44 -30

4 16 -20 48 -30 -20 44 -30 -20 0 10 -20 48 10

3 16 -20 44 -30 -20 0 -10 -20 0 10

4 16 16 48 -26 16 44 -26 16 4 6 16 48 6

3 16 16 44 -26 16 4 -8 16 4 6

4 16 -16 48 6 -16 4 6 -16 44 -26 -16 48 -26

3 16 -16 4 6 -16 4 -8 -16 44 -26



1 16 0 44 -10 1 0 0 0 -1 0 0 0 1 stud4a.dat

1 16 0 8.44444 -10 8 0 0 0 -4.44444 0 0 0 8 2-4cyli.dat

1 16 0 26.22222 -10 8 0 0 0 -17.77778 0 0 0 8 2-4cyli.dat

1 16 0 44 -10 -8 0 0 0 -17.77778 0 0 0 -8 4-4cyli.dat

1 16 0 26.22222 -10 0 0 -8 0 -17.77778 0 -8 0 0 1-4cyls.dat

1 16 0 26.22222 -10 0 0 8 0 -17.77778 0 -8 0 0 1-4cyls.dat

1 16 0 8.44444 -10 -8 0 0 0 1 17.77778 0 0 -8 2-4edge.dat

1 16 0 4 -10 -8 0 0 0 1 0 0 0 8 2-4edge.dat

2 24 8 8.44444 -10 7.6023 4 -8

2 24 -8 8.44444 -10 -7.6023 4 -8



0 BFC INVERTNEXT

1 16 0 8.44444 -10 6 0 0 0 -4.44444 0 0 0 6 2-4cyli.dat

0 BFC INVERTNEXT

1 16 0 21.77778 -10 6 0 0 0 -13.33333 0 0 0 6 2-4cyli.dat

0 BFC INVERTNEXT

1 16 0 44 -10 -6 0 0 0 -22.22222 0 0 0 -6 4-4cyli.dat

0 BFC INVERTNEXT

1 16 0 21.77778 -10 0 0 -6 0 -13.33333 0 -6 0 0 1-4cyls.dat

0 BFC INVERTNEXT

1 16 0 21.77778 -10 0 0 6 0 -13.33333 0 -6 0 0 1-4cyls.dat

1 16 0 8.44444 -10 -6 0 0 0 1 13.33333 0 0 -6 2-4edge.dat

1 16 0 4 -10 -6 0 0 0 1 0 0 0 6 2-4edge.dat

2 24 5.6 4 -8 6 8.44 -10

2 24 -5.6 4 -8 -6 8.44 -10

0 NOFILE

0 FILE 60481.dat
0 ~Moved to 60481a

0 Name: 60481.dat

0 Author: Orion Pobursky [OrionP]

0 !LDRAW_ORG Part UPDATE 2024-01

0 !LICENSE Licensed under CC BY 4.0 : see CAreadme.txt



0 BFC CERTIFY CCW



0 !HISTORY 2024-01-29 [OrionP] Official Update 2024-01





0 // Slope Brick 65 2 x 1 x 2 with Symmetric Stud Holder

1 16 0 0 0 1 0 0 0 1 0 0 0 1 60481a.dat

0 NOFILE

0 FILE 60481a.dat
0 Slope Brick 65  2 x  1 x  2 with Symmetric Stud Holder

0 Name: 60481a.dat

0 Author: J.C. Tchang [tchang]

0 !LDRAW_ORG Part UPDATE 2024-01

0 !LICENSE Licensed under CC BY 4.0 : see CAreadme.txt



0 BFC CERTIFY CCW



0 !KEYWORDS BrickLink 60481, Rebrickable 60481



0 !HISTORY 2010-07-05 [PTadmin] Official Update 2010-02

0 !HISTORY 2022-09-16 [ejboer] Moved side faces to main file for patterns

0 !HISTORY 2022-09-27 [OrionP] Moved from 60481a.dat

0 !HISTORY 2024-01-29 [OrionP] Official Update 2024-01





1 16 0 0 0 1 0 0 0 1 0 0 0 1 s__60481as01.dat



4 16 10 44 -30 10 0 -10 -10 0 -10 -10 44 -30

4 16 10 48 10 -10 48 10 -10 0 10 10 0 10

4 16 10 48 10 10 0 10 10 44 -30 10 48 -30

3 16 10 0 10 10 0 -10 10 44 -30

4 16 -10 48 -30 -10 44 -30 -10 0 10 -10 48 10

3 16 -10 44 -30 -10 0 -10 -10 0 10

0 NOFILE

0 FILE s__60481as01.dat
0 ~Slope Brick 65  2 x  1 x  2 with Symmetric Stud Holder without Outside Faces

0 Name: s\60481as01.dat

0 Author: J.C. Tchang [tchang]

0 !LDRAW_ORG Subpart UPDATE 2024-01

0 !LICENSE Licensed under CC BY 4.0 : see CAreadme.txt



0 BFC CERTIFY CCW



0 !HISTORY 2010-07-05 [PTadmin] Official Update 2010-02

0 !HISTORY 2022-09-16 [ejboer] Moved side faces to main file for patterns

0 !HISTORY 2022-09-21 [MagFors] Used primitives, added missing inside supports

0 !HISTORY 2024-01-29 [OrionP] Official Update 2024-01





1 16 0 48 -10 6 0 0 0 1 0 0 0 -16 recte3.dat

1 16 0 48 -10 10 0 0 0 1 0 0 0 20 recte4.dat

1 16 0 46 -30 10 0 0 0 0 -2 0 1 0 rect3.dat

2 24 10 48 10 10 0 10

2 24 -10 48 10 -10 0 10

2 24 10 44 -30 10 0 -10

2 24 -10 44 -30 -10 0 -10

1 16 0 0 0 0 0 10 0 1 0 -10 0 0 rect.dat

4 16 10 48 10 6 48 6 -6 48 6 -10 48 10

4 16 -10 48 10 -6 48 6 -6 48 -26 -10 48 -30

4 16 -10 48 -30 -6 48 -26 6 48 -26 10 48 -30

4 16 10 48 -30 6 48 -26 6 48 6 10 48 10

0 BFC INVERTNEXT

1 16 0 26 -1 -6 0 0 0 -22 0 0 0 7 box2-5.dat

4 16 6 48 -26 6 44 -26 6 4 6 6 48 6

3 16 6 44 -26 6 4 -8 6 4 6

4 16 -6 48 6 -6 4 6 -6 44 -26 -6 48 -26

3 16 -6 4 6 -6 4 -8 -6 44 -26

0 BFC INVERTNEXT

1 16 0 26 -17 6 0 0 0 -2 20 0 0 -9 box2-7.dat

1 16 0 0 0 0 0 1 0 1 0 -1 0 0 stud.dat



1 16 6 25.95 -5 0 -1 0 0 0 21.95 1.5 0 0 recte3.dat

1 16 5.5 4 -5 -.5 0 0 0 43.9 0 0 0 1.5 box3u6.dat

1 16 3.5 4 -5 1.5 0 1.5 0 43.9 0 -1.5 0 1.5 tri3a4.dat

1 16 -6 25.95 -5 0 1 0 0 0 21.95 -1.5 0 0 recte3.dat

1 16 -5.5 4 -5 .5 0 0 0 43.9 0 0 0 -1.5 box3u6.dat

1 16 -3.5 4 -5 -1.5 0 -1.5 0 43.9 0 1.5 0 -1.5 tri3a4.dat



1 16 5.5 47.9 -15 0 0 .5 0 -1 0 1.5 0 0 rect3.dat

1 16 5.5 32.0611 -13.5 -.5 0 0 0 0 -15.83889 0 -1 0 rect3.dat

1 16 5.5 35.3944 -16.5 .5 0 0 0 0 -12.50556 0 1 0 rect3.dat

2 24 5 47.9 -13.5 3.5 47.9 -15

2 24 3.5 47.9 -15 5 47.9 -16.5

2 24 5 16.2222 -13.5 3.5 19.5556 -15

2 24 3.5 19.5556 -15 5 22.8889 -16.5

2 24 3.5 19.5556 -15 3.5 47.9 -15

4 16 5 47.9 -13.5 3.5 47.9 -15 3.5 19.5556 -15 5 16.2222 -13.5

4 16 3.5 47.9 -15 5 47.9 -16.5 5 22.8889 -16.5 3.5 19.5556 -15

3 16 3.5 47.9 -15 5 47.9 -13.5 5 47.9 -16.5

1 16 -5.5 47.9 -15 -.5 0 0 0 -1 0 0 0 1.5 rect2a.dat

1 16 -5.5 35.3944 -16.5 .5 0 0 0 0 -12.50556 0 1 0 rect.dat

1 16 -5.5 32.0611 -13.5 -.5 0 0 0 0 -15.83889 0 -1 0 rect3.dat

2 24 -5 47.9 -16.5 -3.5 47.9 -15

2 24 -3.5 47.9 -15 -5 47.9 -13.5

2 24 -5 22.8889 -16.5 -3.5 19.5556 -15

2 24 -3.5 19.5556 -15 -5 16.2222 -13.5

2 24 -3.5 19.5556 -15 -3.5 47.9 -15

4 16 -5 47.9 -16.5 -3.5 47.9 -15 -3.5 19.5556 -15 -5 22.8889 -16.5

4 16 -3.5 47.9 -15 -5 47.9 -13.5 -5 16.2222 -13.5 -3.5 19.5556 -15

3 16 -3.5 47.9 -15 -5 47.9 -16.5 -5 47.9 -13.5

0 NOFILE

0 FILE box3u6.dat
0 Box with  3 Faces without  6 Edges

0 Name: box3u6.dat

0 Author: Willy Tschager [Holly-Wood]

0 !LDRAW_ORG Primitive UPDATE 2024-01

0 !LICENSE Licensed under CC BY 4.0 : see CAreadme.txt



0 BFC CERTIFY CCW



0 !HISTORY 2011-07-25 [PTadmin] Official Update 2011-01

0 !HISTORY 2024-01-04 [Holly-Wood] Complete re-write, original by WilliamH

0 !HISTORY 2024-01-29 [OrionP] Official Update 2024-01



2 24 -1 1 1 1 1 1

2 24 1 1 -1 -1 1 -1

4 16 1 1 -1 -1 1 -1 -1 1 1 1 1 1



2 24 1 0 1 1 1 1

2 24 -1 0 1 1 0 1

4 16 1 1 1 -1 1 1 -1 0 1 1 0 1



2 24 1 0 -1 1 1 -1

2 24 1 0 -1 -1 0 -1

4 16 -1 1 -1 1 1 -1 1 0 -1 -1 0 -1

0 NOFILE

0 FILE 78886.dat
0 Slope Brick 65  2 x  2 x  2 Double Convex with 45 Corner

0 Name: 78886.dat

0 Author: Gerald Lasser [GeraldLasser]

0 !LDRAW_ORG Part UPDATE 2022-06

0 !LICENSE Licensed under CC BY 4.0 : see CAreadme.txt



0 BFC CERTIFY CCW



0 !HISTORY 2021-07-02 [GeraldLasser] Based on 13548 by [Philo]

0 !HISTORY 2022-12-20 [PTadmin] Official Update 2022-06





1 16 0 0 0 1 0 0 0 1 0 0 0 1 stud.dat

1 16 10 44 -10 1 0 0 0 -1 0 0 0 1 stud4a.dat

2 24 26 48 6 -6 48 6

2 24 -6 48 6 -6 48 -26

2 24 24 44 -9 9 44 -24

2 24 30 48 10 -10 48 10

2 24 -10 48 10 -10 48 -30

2 24 10 44 -30 30 44 -10

2 24 8 4 -8 9 44 -24

2 24 8 4 -8 24 44 -9

2 24 -6 4 -8 -6 44 -24

2 24 -6 4 6 -6 48 6

2 24 8 4 6 24 44 6

2 24 -10 0 10 -10 48 10

4 16 30 48 10 26 48 6 -6 48 6 -10 48 10

4 16 -10 48 10 -6 48 6 -6 48 -26 -10 48 -30

4 16 -10 48 -30 -6 48 -26 9 48 -26 10 48 -30

4 16 30 48 -10 26 48 -9 26 48 6 30 48 10

1 16 0 0 0 0 0 -10 0 1 0 10 0 0 rect.dat

1 16 26 46 -1.5 0 1 0 0 0 2 7.5 0 0 rect.dat

1 16 1.5 46 -26 0 0 -7.5 2 0 0 0 -1 0 rect.dat

1 16 30 46 0 0 -1 0 2 0 0 0 0 10 rect.dat

1 16 0 46 -30 -10 0 0 0 0 2 0 1 0 rect.dat

1 16 1.5 44 -25 -7.5 0 0 0 -1 0 0 0 1 rect2a.dat

1 16 25 44 -1.5 -1 0 0 0 -1 0 0 0 7.5 rect2a.dat

4 16 -6 4 -8 -6 44 -24 -6 48 6 -6 4 6

4 16 -6 48 -26 -6 48 6 -6 44 -24 -6 44 -26

4 16 -6 4 6 -6 48 6 24 44 6 8 4 6

4 16 26 44 6 24 44 6 -6 48 6 26 48 6

1 16 0 22 -20 0 0 10 22 1 0 -10 0 0 rect2p.dat

3 16 -10 0 -10 -10 48 -30 -10 44 -30

4 16 -10 0 -10 -10 0 10 -10 48 10 -10 48 -30

4 16 -10 0 10 10 0 10 30 48 10 -10 48 10

3 16 10 0 10 30 44 10 30 48 10

1 16 20 22 0 10 -1 0 22 0 0 0 0 10 rect2p.dat

3 16 10 0 -10 10 44 -30 30 44 -10

4 16 21.743 48 -13.257 26 48 -9 30 48 -10 24.243 48 -15.757

4 16 9 48 -26 13.257 48 -21.743 15.757 48 -24.243 10 48 -30

1 16 18.75 44 -18.75 4.243 0 1.25 0 -1 0 4.243 0 -1.25 rect3.dat

4 16 9 44 -24 24 44 -9 21.743 44 -13.257 13.257 44 -21.743

3 16 24 44 -9 26 44 -9 21.743 44 -13.257

3 16 9 44 -26 9 44 -24 13.257 44 -21.743

1 16 11.1285 46 -23.8715 0 1 2.1285 -2 0 0 0 0 2.1285 rect3.dat

1 16 23.8715 46 -11.1285 0 0 -2.1285 2 0 0 0 -1 -2.1285 rect3.dat

1 16 27.1215 46 -12.8785 -2.8785 0 0 0 0 2 -2.8785 1 0 rect2a.dat

1 16 12.8785 46 -27.1215 0 -1 2.8785 2 0 0 0 0 2.8785 rect2a.dat

1 16 14.507 46 -22.993 0 -1 -1.25 2 0 0 0 0 1.25 rect1.dat

1 16 22.993 46 -14.507 0 1 1.25 2 0 0 0 0 -1.25 rect1.dat

4 16 8 4 -8 9 44 -24 -6 44 -24 -6 4 -8

4 16 8 4 6 24 44 6 24 44 -9 8 4 -8

3 16 24 44 -9 9 44 -24 8 4 -8

1 16 1 4 -1 7 0 0 0 -1 0 0 0 -7 rect.dat

4 16 2.398 4 -8 2.6088 44 -6.9384 2 44 -10 2 9 -10

3 16 2.609 4 -6.938 2.6088 44 -6.9384 2.398 4 -8

4 16 4.343 4 -4.343 4.3432 44 -4.3432 2.6088 44 -6.9384 2.609 4 -6.938

4 16 6.938 4 -2.609 6.9384 44 -2.6088 4.3432 44 -4.3432 4.343 4 -4.343

4 16 10 9 -2 6.9384 44 -2.6088 6.938 4 -2.609 8 4 -2.398

3 16 10 44 -2 6.9384 44 -2.6088 10 9 -2

4 16 13.0616 44 -2.6088 10 44 -2 10 9 -2 13.0619 16.6548 -2.609

4 16 15.6568 44 -4.3432 13.0616 44 -2.6088 13.0619 16.6548 -2.609 15.6569 23.1423 -4.3431

4 16 17.3912 44 -6.9384 15.6568 44 -4.3432 15.6569 23.1423 -4.3431 17.3911 27.4777 -6.9382

4 16 18 44 -10 17.3912 44 -6.9384 17.3911 27.4777 -6.9382 17.7231 28.3077 -8.6077

3 16 18 32.2353 -10 18 44 -10 17.7231 28.3077 -8.6077

4 16 17.3912 44 -13.0616 18 44 -10 18 32.2353 -10 17.3912 38.0067 -13.0617

4 16 15.6568 44 -15.6568 17.3912 44 -13.0616 17.3912 38.0067 -13.0617 15.6568 40.0321 -15.6568

4 16 13.0617 38.0067 -17.3912 13.0616 44 -17.3912 15.6568 44 -15.6568 15.6568 40.0321 -15.6568

4 16 10 32.2353 -18 10 44 -18 13.0616 44 -17.3912 13.0617 38.0067 -17.3912

4 16 6.9384 44 -17.3912 10 44 -18 10 32.2353 -18 8.6077 28.3079 -17.7231

3 16 6.9382 27.4777 -17.3911 6.9384 44 -17.3912 8.6077 28.3079 -17.7231

4 16 4.3431 23.1423 -15.6569 4.3432 44 -15.6568 6.9384 44 -17.3912 6.9382 27.4777 -17.3911

4 16 2.609 16.6548 -13.0619 2.6088 44 -13.0616 4.3432 44 -15.6568 4.3431 23.1423 -15.6569

4 16 2 9 -10 2 44 -10 2.6088 44 -13.0616 2.609 16.6548 -13.0619

5 24 2.6088 44 -6.9384 2.609 4 -6.938 2.398 4 -8 4.3432 44 -4.3432

5 24 4.3432 44 -4.3432 4.343 4 -4.343 2.609 4 -6.938 6.9384 44 -2.6088

5 24 6.9384 44 -2.6088 6.938 4 -2.609 4.343 4 -4.343 8 4 -2.398

5 24 10 9 -2 10 44 -2 6.9384 44 -2.6088 13.0619 16.6548 -2.609

5 24 13.0619 16.6548 -2.609 13.0616 44 -2.6088 10 44 -2 15.6569 23.1423 -4.3431

5 24 15.6569 23.1423 -4.3431 15.6568 44 -4.3432 13.0616 44 -2.6088 17.3911 27.4777 -6.9382

5 24 17.3911 27.4777 -6.9382 17.3912 44 -6.9384 15.6568 44 -4.3432 17.7231 28.3077 -8.6077

5 24 18 44 -10 18 32.2353 -10 17.7231 28.3077 -8.6077 17.3912 38.0067 -13.0617

5 24 17.3912 38.0067 -13.0617 17.3912 44 -13.0616 18 44 -10 15.6568 40.0321 -15.6568

5 24 15.6568 40.0321 -15.6568 15.6568 44 -15.6568 17.3912 44 -13.0616 13.0616 44 -17.3912

5 24 13.0616 44 -17.3912 13.0617 38.0067 -17.3912 15.6568 40.0321 -15.6568 10 44 -18

5 24 10 44 -18 10 32.2353 -18 13.0617 38.0067 -17.3912 8.6077 28.3079 -17.7231

5 24 6.9384 44 -17.3912 6.9382 27.4777 -17.3911 8.6077 28.3079 -17.7231 4.3432 44 -15.6568

5 24 4.3432 44 -15.6568 4.3431 23.1423 -15.6569 6.9382 27.4777 -17.3911 2.6088 44 -13.0616

5 24 2.6088 44 -13.0616 2.609 16.6548 -13.0619 4.3431 23.1423 -15.6569 2 44 -10

5 24 2 44 -10 2 9 -10 2.609 16.6548 -13.0619 2.6088 44 -6.9384

2 24 2 9 -10 2.398 4 -8

2 24 6.9382 27.4777 -17.3911 8.6077 28.3079 -17.7231

2 24 6.9382 27.4777 -17.3911 4.3431 23.1423 -15.6569

2 24 4.3431 23.1423 -15.6569 2.609 16.6548 -13.0619

2 24 2.609 16.6548 -13.0619 2 9 -10

2 24 10 9 -2 8 4 -2.398

2 24 10 9 -2 13.0619 16.6548 -2.609

2 24 13.0619 16.6548 -2.609 15.6569 23.1423 -4.3431

2 24 15.6569 23.1423 -4.3431 17.3911 27.4777 -6.9382

2 24 17.3911 27.4777 -6.9382 17.7231 28.3077 -8.6077

2 24 18 32.2353 -10 17.7231 28.3077 -8.6077

2 24 18 32.2353 -10 17.3912 38.0067 -13.0617

2 24 17.3912 38.0067 -13.0617 15.6568 40.0321 -15.6568

2 24 15.6568 40.0321 -15.6568 13.0617 38.0067 -17.3912

2 24 13.0617 38.0067 -17.3912 10 32.2353 -18

2 24 10 32.2353 -18 8.6077 28.3079 -17.7231

2 24 2.609 4 -6.938 2.398 4 -8

2 24 2.609 4 -6.938 4.343 4 -4.343

2 24 4.343 4 -4.343 6.938 4 -2.609

2 24 6.938 4 -2.609 8 4 -2.398

4 16 4 9 -10 4 44 -10 4.4566 44 -7.7038 4.398 4 -8

3 16 4.398 4 -8 4.4566 44 -7.7038 4.457 4 -7.704

4 16 4.457 4 -7.704 4.4566 44 -7.7038 5.7574 44 -5.7574 5.757 4 -5.757

4 16 5.757 4 -5.757 5.7574 44 -5.7574 7.7038 44 -4.4566 7.704 4 -4.457

4 16 8 4 -4.398 7.704 4 -4.457 7.7038 44 -4.4566 10 9 -4

3 16 10 9 -4 7.7038 44 -4.4566 10 44 -4

4 16 12.296 14.7401 -4.4569 10 9 -4 10 44 -4 12.2962 44 -4.4566

4 16 14.2429 19.6072 -5.7571 12.296 14.7401 -4.4569 12.2962 44 -4.4566 14.2426 44 -5.7574

4 16 15.5431 22.8578 -7.7039 14.2429 19.6072 -5.7571 14.2426 44 -5.7574 15.5434 44 -7.7038

4 16 15.6979 23.2447 -8.4811 15.5431 22.8578 -7.7039 15.5434 44 -7.7038 16 44 -10

3 16 15.6979 23.2447 -8.4811 16 44 -10 16 27.5294 -10

4 16 15.5432 31.8573 -12.2961 16 27.5294 -10 16 44 -10 15.5434 44 -12.2962

4 16 14.2427 33.3776 -14.2427 15.5432 31.8573 -12.2961 15.5434 44 -12.2962 14.2426 44 -14.2426

4 16 14.2427 33.3776 -14.2427 14.2426 44 -14.2426 12.2962 44 -15.5434 12.2961 31.8573 -15.5432

4 16 12.2961 31.8573 -15.5432 12.2962 44 -15.5434 10 44 -16 10 27.5294 -16

4 16 8.4811 23.2447 -15.6979 10 27.5294 -16 10 44 -16 7.7038 44 -15.5434

3 16 8.4811 23.2447 -15.6979 7.7038 44 -15.5434 7.7039 22.8578 -15.5431

4 16 7.7039 22.8578 -15.5431 7.7038 44 -15.5434 5.7574 44 -14.2426 5.7571 19.6072 -14.2429

4 16 5.7571 19.6072 -14.2429 5.7574 44 -14.2426 4.4566 44 -12.2962 4.4569 14.7401 -12.296

4 16 4.4569 14.7401 -12.296 4.4566 44 -12.2962 4 44 -10 4 9 -10

5 24 4.4566 44 -7.7038 4.457 4 -7.704 4.398 4 -8 5.7574 44 -5.7574

5 24 5.7574 44 -5.7574 5.757 4 -5.757 4.457 4 -7.704 7.7038 44 -4.4566

5 24 7.7038 44 -4.4566 7.704 4 -4.457 5.757 4 -5.757 8 4 -4.398

5 24 10 9 -4 10 44 -4 7.7038 44 -4.4566 12.296 14.7401 -4.4569

5 24 12.296 14.7401 -4.4569 12.2962 44 -4.4566 10 44 -4 14.2429 19.6072 -5.7571

5 24 14.2429 19.6072 -5.7571 14.2426 44 -5.7574 12.2962 44 -4.4566 15.5431 22.8578 -7.7039

5 24 15.5431 22.8578 -7.7039 15.5434 44 -7.7038 14.2426 44 -5.7574 15.6979 23.2447 -8.4811

5 24 16 44 -10 16 27.5294 -10 15.6979 23.2447 -8.4811 15.5432 31.8573 -12.2961

5 24 15.5432 31.8573 -12.2961 15.5434 44 -12.2962 16 44 -10 14.2427 33.3776 -14.2427

5 24 14.2427 33.3776 -14.2427 14.2426 44 -14.2426 15.5434 44 -12.2962 12.2962 44 -15.5434

5 24 12.2962 44 -15.5434 12.2961 31.8573 -15.5432 14.2427 33.3776 -14.2427 10 44 -16

5 24 10 44 -16 10 27.5294 -16 12.2961 31.8573 -15.5432 8.4811 23.2447 -15.6979

5 24 7.7038 44 -15.5434 7.7039 22.8578 -15.5431 8.4811 23.2447 -15.6979 5.7574 44 -14.2426

5 24 5.7574 44 -14.2426 5.7571 19.6072 -14.2429 7.7039 22.8578 -15.5431 4.4566 44 -12.2962

5 24 4.4566 44 -12.2962 4.4569 14.7401 -12.296 5.7571 19.6072 -14.2429 4 44 -10

5 24 4 44 -10 4 9 -10 4.4569 14.7401 -12.296 4.4566 44 -7.7038

2 24 4 9 -10 4.398 4 -8

2 24 7.7039 22.8578 -15.5431 8.4811 23.2447 -15.6979

2 24 7.7039 22.8578 -15.5431 5.7571 19.6072 -14.2429

2 24 5.7571 19.6072 -14.2429 4.4569 14.7401 -12.296

2 24 4.4569 14.7401 -12.296 4 9 -10

2 24 10 9 -4 8 4 -4.398

2 24 10 9 -4 12.296 14.7401 -4.4569

2 24 12.296 14.7401 -4.4569 14.2429 19.6072 -5.7571

2 24 14.2429 19.6072 -5.7571 15.5431 22.8578 -7.7039

2 24 15.5431 22.8578 -7.7039 15.6979 23.2447 -8.4811

2 24 16 27.5294 -10 15.6979 23.2447 -8.4811

2 24 16 27.5294 -10 15.5432 31.8573 -12.2961

2 24 15.5432 31.8573 -12.2961 14.2427 33.3776 -14.2427

2 24 14.2427 33.3776 -14.2427 12.2961 31.8573 -15.5432

2 24 12.2961 31.8573 -15.5432 10 27.5294 -16

2 24 10 27.5294 -16 8.4811 23.2447 -15.6979

2 24 4.457 4 -7.704 4.398 4 -8

2 24 4.457 4 -7.704 5.757 4 -5.757

2 24 5.757 4 -5.757 7.704 4 -4.457

2 24 7.704 4 -4.457 8 4 -4.398

0 NOFILE

0 FILE 3022.dat
0 Plate  2 x  2

0 Name: 3022.dat

0 Author: James Jessiman

0 !LDRAW_ORG Part UPDATE 2002-03

0 !LICENSE Licensed under CC BY 4.0 : see CAreadme.txt



0 BFC CERTIFY CCW



0 !HISTORY 2001-10-26 [PTadmin] Official Update 2001-01

0 !HISTORY 2002-05-07 {unknown} BFC Certification

0 !HISTORY 2002-06-11 [PTadmin] Official Update 2002-03

0 !HISTORY 2007-06-07 [PTadmin] Header formatted for Contributor Agreement

0 !HISTORY 2008-07-01 [PTadmin] Official Update 2008-01





1 16 0 4 0 1 0 0 0 -1 0 0 0 1 stud4.dat



0 BFC INVERTNEXT

1 16 0 8 0 16 0 0 0 -4 0 0 0 16 box5.dat



4 16 20 8 20 16 8 16 -16 8 16 -20 8 20

0 // Next Line was 4 16 20 8 -20 16 8 -16 -16 8 -16 -20 8 -20

4 16 -20 8 -20 -16 8 -16 16 8 -16 20 8 -20

0 // Next Line was 4 16 20 8 20 16 8 16 16 8 -16 20 8 -20

4 16 20 8 -20 16 8 -16 16 8 16 20 8 20

4 16 -20 8 20 -16 8 16 -16 8 -16 -20 8 -20



1 16 0 8 0 20 0 0 0 -8 0 0 0 20 box5.dat



1 16 10 0 10 1 0 0 0 1 0 0 0 1 stud.dat

1 16 -10 0 10 1 0 0 0 1 0 0 0 1 stud.dat

1 16 10 0 -10 1 0 0 0 1 0 0 0 1 stud.dat

1 16 -10 0 -10 1 0 0 0 1 0 0 0 1 stud.dat

0

0 NOFILE

0 FILE 85984.dat
0 Slope Brick 31  1 x  2 x  0.667

0 Name: 85984.dat

0 Author: Magnus Forsberg [MagFors]

0 !LDRAW_ORG Part UPDATE 2020-02

0 !LICENSE Licensed under CC BY 4.0 : see CAreadme.txt



0 BFC CERTIFY CCW



0 !HISTORY 2010-04-05 [PTadmin] Official Update 2010-01

0 !HISTORY 2014-11-21 [roland] Auto-corrected with libfix version of LDCad 1.4

0 !HISTORY 2015-10-11 [PTadmin] Official Update 2015-01

0 !HISTORY 2016-11-03 [MagFors] Made subfile

0 !HISTORY 2016-12-31 [PTadmin] Official Update 2016-01

0 !HISTORY 2019-06-06 [Philo] Rounded corners and flattened top.

0 !HISTORY 2020-09-05 [PTadmin] Official Update 2020-02





1 16 0 0 0 1 0 0 0 1 0 0 0 1 s__85984s01.dat

3 16 19.41 -15.01 8.35 18 -15.6 9.3333 20 -13.6 6

3 16 -18 -15.6 9.3333 -19.41 -15.01 8.35 -20 -13.6 6

4 16 -18 -15.6 9.3333 -20 -13.6 6 20 -13.6 6 18 -15.6 9.3333

4 16 -20 -4 -10 20 -4 -10 20 -13.6 6 -20 -13.6 6

0 NOFILE

0 FILE s__85984s01.dat
0 ~Slope Brick 31  1 x  2 x  0.667 without Top Surface

0 Name: s\85984s01.dat

0 Author: Magnus Forsberg [MagFors]

0 !LDRAW_ORG Subpart UPDATE 2020-02

0 !LICENSE Licensed under CC BY 4.0 : see CAreadme.txt



0 BFC CERTIFY CCW



0 !HISTORY 2016-12-31 [PTadmin] Official Update 2016-01

0 !HISTORY 2019-06-06 [Philo] Rounded corners and flattened top.

0 !HISTORY 2020-09-05 [PTadmin] Official Update 2020-02





2 24 -13.109 -4 -5 -12.296 -4 -5.543

2 24 -12.296 -4 -5.543 -10 -4 -6

2 24 -7.704 -4 -5.543 -10 -4 -6

2 24 -6.891 -4 -5 -7.704 -4 -5.543

2 24 -13.109 -4 -5 -12.296 -3.674 -5.543

2 24 -12.296 -3.674 -5.543 -10 -3.4 -6

2 24 -7.704 -3.674 -5.543 -10 -3.4 -6

2 24 -6.891 -4 -5 -7.704 -3.674 -5.543

2 24 -13.109 -4 -5 -6.891 -4 -5

3 16 -12.296 -3.674 -5.543 -13.109 -4 -5 -12.296 -4 -5.543

4 16 -12.296 -4 -5.543 -10 -4 -6 -10 -3.4 -6 -12.296 -3.674 -5.543

5 24 -10 -4 -6 -10 -3.4 -6 -12.296 -4 -5.543 -7.704 -4 -5.543

5 24 -12.296 -4 -5.543 -12.296 -3.674 -5.543 -13.109 -4 -5 -10 -4 -6

5 24 -7.704 -4 -5.543 -7.704 -3.674 -5.543 -10 -4 -6 -6.891 -4 -5

4 16 -10 -4 -6 -7.704 -4 -5.543 -7.704 -3.674 -5.543 -10 -3.4 -6

3 16 -7.704 -4 -5.543 -6.891 -4 -5 -7.704 -3.674 -5.543

4 16 -12.296 -4 -5.543 -13.109 -4 -5 -6.891 -4 -5 -7.704 -4 -5.543

3 16 -12.296 -4 -5.543 -7.704 -4 -5.543 -10 -4 -6

2 24 6.891 -4 -5 7.704 -4 -5.543

2 24 7.704 -4 -5.543 10 -4 -6

2 24 12.296 -4 -5.543 10 -4 -6

2 24 13.109 -4 -5 12.296 -4 -5.543

2 24 6.891 -4 -5 7.704 -3.674 -5.543

2 24 7.704 -3.674 -5.543 10 -3.4 -6

2 24 12.296 -3.674 -5.543 10 -3.4 -6

2 24 13.109 -4 -5 12.296 -3.674 -5.543

2 24 6.891 -4 -5 13.109 -4 -5

3 16 7.704 -3.674 -5.543 6.891 -4 -5 7.704 -4 -5.543

4 16 7.704 -4 -5.543 10 -4 -6 10 -3.4 -6 7.704 -3.674 -5.543

5 24 10 -4 -6 10 -3.4 -6 7.704 -4 -5.543 12.296 -4 -5.543

5 24 7.704 -4 -5.543 7.704 -3.674 -5.543 6.891 -4 -5 10 -4 -6

5 24 12.296 -4 -5.543 12.296 -3.674 -5.543 10 -4 -6 13.109 -4 -5

4 16 10 -4 -6 12.296 -4 -5.543 12.296 -3.674 -5.543 10 -3.4 -6

3 16 12.296 -4 -5.543 13.109 -4 -5 12.296 -3.674 -5.543

4 16 7.704 -4 -5.543 6.891 -4 -5 13.109 -4 -5 12.296 -4 -5.543

3 16 10 -4 -6 7.704 -4 -5.543 12.296 -4 -5.543

3 16 -13.109 -4 -5 -12.296 -3.674 -5.543 -16 -3.4 -6

3 16 -10 -3.4 -6 -16 -3.4 -6 -12.296 -3.674 -5.543

4 16 6.891 -4 -5 7.704 -3.674 -5.543 -7.704 -3.674 -5.543 -6.891 -4 -5

4 16 7.704 -3.674 -5.543 10 -3.4 -6 -10 -3.4 -6 -7.704 -3.674 -5.543

3 16 12.296 -3.674 -5.543 16 -3.4 -6 10 -3.4 -6

3 16 13.109 -4 -5 16 -3.4 -6 12.296 -3.674 -5.543

3 16 -13.109 -4 -5 -16 -3.4 -6 -16 -10.6 6

3 16 -6.891 -4 -5 -13.109 -4 -5 -16 -10.6 6

4 16 16 -10.6 6 6.891 -4 -5 -6.891 -4 -5 -16 -10.6 6

3 16 16 -10.6 6 16 -3.4 -6 13.109 -4 -5

3 16 16 -10.6 6 13.109 -4 -5 6.891 -4 -5

2 24 16 0 -6 16 0 6

2 24 -16 0 -6 -16 0 6

2 24 16 -3.4 -6 16 -10.6 6

2 24 -16 -3.4 -6 -16 -10.6 6

1 16 0 -5.3 6 -16 0 0 0 0 5.3 0 1 0 rect.dat

1 16 0 -1.7 -6 0 0 -16 1.7 0 0 0 -1 0 rect.dat

4 16 16 -10.6 6 16 0 6 16 0 -6 16 -3.4 -6

4 16 -16 -10.6 6 -16 -3.4 -6 -16 0 -6 -16 0 6

1 16 0 -1 0 0 0 19 0 1 0 -9 0 0 box4.dat

4 16 16 0 -6 16 0 6 19 0 9 19 0 -9

4 16 -16 0 6 -16 0 -6 -19 0 -9 -19 0 9

4 16 -16 0 -6 16 0 -6 19 0 -9 -19 0 -9

4 16 16 0 6 -16 0 6 -19 0 9 19 0 9

4 16 -20 -1 -10 -19 -1 -9 19 -1 -9 20 -1 -10

1 16 0 -2.5 -10 -20 0 0 0 0 1.5 0 1 0 rect.dat

1 16 0 -7 0 0 0 -4 2.4 -1 0 -4 0 0 4-4edge.dat

1 16 0 -4.6 0 0 0 -4 0 -2.4 0 -4 0 0 4-4cyls.dat

1 16 0 -4.6 0 1 0 0 0 -1.15 0 0 0 1 stud3a.dat

2 24 20 -1 10 20 -1 -10

2 24 -20 -1 10 -20 -1 -10

2 24 19.41 -15.01 8.35 20 -13.6 6

2 24 19.41 -15.01 10 20 -13.6 10

2 24 18 -15.6 9.3333 19.41 -15.01 8.35

2 24 19.41 -15.01 10 18 -15.6 10

2 24 -19.41 -15.01 8.35 -20 -13.6 6

2 24 -19.41 -15.01 10 -20 -13.6 10

2 24 -18 -15.6 9.3333 -19.41 -15.01 8.35

2 24 -19.41 -15.01 10 -18 -15.6 10

4 16 18 -15.6 10 18 -15.6 9.3333 19.41 -15.01 8.35 19.41 -15.01 10

4 16 19.41 -15.01 10 19.41 -15.01 8.35 20 -13.6 6 20 -13.6 10

4 16 20 -1 10 20 -13.6 10 20 -13.6 6 20 -4 -10

3 16 20 -4 -10 20 -1 -10 20 -1 10

3 16 18 -15.6 10 19.41 -15.01 10 20 -13.6 10

4 16 -19.41 -15.01 8.35 -18 -15.6 9.3333 -18 -15.6 10 -19.41 -15.01 10

4 16 -20 -13.6 6 -19.41 -15.01 8.35 -19.41 -15.01 10 -20 -13.6 10

4 16 -20 -13.6 6 -20 -13.6 10 -20 -1 10 -20 -4 -10

3 16 -20 -1 -10 -20 -4 -10 -20 -1 10

3 16 -19.41 -15.01 10 -18 -15.6 10 -20 -13.6 10

2 24 -18 -15.6 10 18 -15.6 10

2 24 -18 -15.6 9.3333 18 -15.6 9.3333

4 16 -18 -15.6 10 -18 -15.6 9.3333 18 -15.6 9.3333 18 -15.6 10

2 24 -20 -13.6 6 -20 -4 -10

2 24 20 -4 -10 20 -13.6 6

4 16 -20 -13.6 10 -18 -15.6 10 18 -15.6 10 20 -13.6 10

1 16 0 -7.3 10 20 0 0 0 0 6.3 0 -1 0 rect3.dat

5 24 -19.41 -15.01 10 -19.41 -15.01 8.35 -18 -15.6 9.3333 -20 -13.6 10

5 24 19.41 -15.01 8.35 19.41 -15.01 10 18 -15.6 10 20 -13.6 6

5 24 -20 -13.6 6 -20 -13.6 10 -19.41 -15.01 8.35 -20 -1 10

5 24 20 -13.6 10 20 -13.6 6 19.41 -15.01 10 20 -4 -10

5 24 18 -15.6 9.3333 18 -15.6 10 19.41 -15.01 8.35 -18 -15.6 10

5 24 -18 -15.6 9.3333 -18 -15.6 10 -19.41 -15.01 10 18 -15.6 9.3333

4 16 19 -1 -9 19 -1 9 20 -1 10 20 -1 -10

4 16 -20 -1 10 20 -1 10 19 -1 9 -19 -1 9

4 16 -20 -1 -10 -20 -1 10 -19 -1 9 -19 -1 -9

0 NOFILE

0 FILE 2420.dat
0 Plate  2 x  2 Corner

0 Name: 2420.dat

0 Author: James Jessiman

0 !LDRAW_ORG Part UPDATE 2003-03

0 !LICENSE Licensed under CC BY 4.0 : see CAreadme.txt



0 BFC CERTIFY CCW



0 !HISTORY 2003-09-08 [jriley] BFC compliant

0 !HISTORY 2003-12-19 [PTadmin] Official Update 2003-03

0 !HISTORY 2007-05-08 [PTadmin] Header formatted for Contributor Agreement

0 !HISTORY 2008-07-01 [PTadmin] Official Update 2008-01





1 16 0 4 10 1 0 0 0 -1 0 0 0 1 stud3.dat

1 16 10 4 0 1 0 0 0 -1 0 0 0 1 stud3.dat

4 16 10 8 30 6 8 26 -6 8 26 -10 8 30

4 16 -10 8 30 -6 8 26 -6 8 -6 -10 8 -10

4 16 -10 8 -10 -6 8 -6 26 8 -6 30 8 -10

4 16 30 8 -10 26 8 -6 26 8 6 30 8 10

4 16 30 8 10 26 8 6 6 8 6 10 8 10

4 16 10 8 10 6 8 6 6 8 26 10 8 30

4 16 26 4 -6 -6 4 -6 6 4 6 26 4 6

4 16 6 4 26 6 4 6 -6 4 -6 -6 4 26

4 16 30 0 10 10 0 10 -10 0 -10 30 0 -10

4 16 10 0 10 10 0 30 -10 0 30 -10 0 -10

1 16 20 4 0 0 10 0 4 0 0 0 0 10 box2-5.dat

1 16 0 4 20 0 10 0 4 0 0 0 0 10 box2-5.dat

1 16 10 4 10 0 -20 0 4 0 0 0 0 -20 box2-5.dat

1 16 0 0 0 1 0 0 0 1 0 0 0 1 stud.dat

1 16 20 0 0 1 0 0 0 1 0 0 0 1 stud.dat

1 16 0 0 20 1 0 0 0 1 0 0 0 1 stud.dat

0 BFC INVERTNEXT

1 16 0 6 16 0 6 0 2 0 0 0 0 10 box2-5.dat

0 BFC INVERTNEXT

1 16 16 6 0 0 10 0 2 0 0 0 0 6 box2-5.dat

0 BFC INVERTNEXT

1 16 10 6 10 0 -16 0 2 0 0 0 0 -16 box2-5.dat

0

0 NOFILE

0 FILE 3068b.dat
0 Tile  2 x  2 with Groove

0 Name: 3068b.dat

0 Author: Takeshi Takahashi [RainbowDolphin]

0 !LDRAW_ORG Part UPDATE 2024-06

0 !LICENSE Licensed under CC BY 4.0 : see CAreadme.txt



0 BFC CERTIFY CCW



0 !KEYWORDS BrickLink 3068



0 !HISTORY 2002-04-25 [PTadmin] Official Update 2002-02

0 !HISTORY 2004-07-26 [guyvivan] Made BFC Compliant

0 !HISTORY 2004-11-06 [PTadmin] Official Update 2004-04

0 !HISTORY 2007-06-13 [PTadmin] Header formatted for Contributor Agreement

0 !HISTORY 2008-07-01 [PTadmin] Official Update 2008-01

0 !HISTORY 2024-05-29 [RainbowDolphin] Total rewrite, original by Damien Guichard [BrickCaster]

0 !HISTORY 2024-07-29 [OrionP] Official Update 2024-06



1 16 0 0 0 1 0 0 0 1 0 0 0 1 s__3068bs01.dat

0 // Patternable surface

4 16 -20 0 -20 20 0 -20 20 0 20 -20 0 20

0 NOFILE

0 FILE s__3068bs01.dat
0 ~Tile  2 x  2 with Groove without Face

0 Name: s\3068bs01.dat

0 Author: Willy Tschager [Holly-Wood]

0 !LDRAW_ORG Subpart UPDATE 2024-03

0 !LICENSE Licensed under CC BY 4.0 : see CAreadme.txt



0 BFC CERTIFY CCW



0 !HISTORY 2002-04-02 [sbliss] Modified for BFC compliance

0 !HISTORY 2002-04-25 [PTadmin] Official Update 2002-02

0 !HISTORY 2007-08-30 [PTadmin] Header formatted for Contributor Agreement

0 !HISTORY 2008-07-01 [PTadmin] Official Update 2008-01

0 !HISTORY 2024-03-07 [Holly-Wood] Complete re-write, original by BrickCaster

0 !HISTORY 2024-04-28 [OrionP] Official Update 2024-03



1 16 0 0 0 20 0 0 0 7 0 0 0 20 box4.dat

1 16 0 7 0 19 0 0 0 1 0 0 0 19 box4.dat

0 BFC INVERTNEXT

1 16 0 4 0 16 0 0 0 4 0 0 0 16 box4.dat

1 16 0 4 0 1 0 0 0 -1 0 0 0 1 stud4.dat

1 16 0 4 0 6 0 0 0 -1 0 0 0 6 4-4disc.dat

1 16 0 4 0 8 0 0 0 -1 0 0 0 8 4-4ndis.dat



4 16 -19 7 -19 19 7 -19 20 7 -20 -20 7 -20

4 16 20 7 -20 19 7 -19 19 7 19 20 7 20

4 16 20 7 20 19 7 19 -19 7 19 -20 7 20

4 16 -20 7 20 -19 7 19 -19 7 -19 -20 7 -20



4 16 -16 8 -16 16 8 -16 19 8 -19 -19 8 -19

4 16 19 8 -19 16 8 -16 16 8 16 19 8 19

4 16 19 8 19 16 8 16 -16 8 16 -19 8 19

4 16 -19 8 19 -16 8 16 -16 8 -16 -19 8 -19



4 16 -8 4 -8 8 4 -8 16 4 -16 -16 4 -16

4 16 16 4 -16 8 4 -8 8 4 8 16 4 16

4 16 16 4 16 8 4 8 -8 4 8 -16 4 16

4 16 -16 4 16 -8 4 8 -8 4 -8 -16 4 -16

0 NOFILE

0 FILE 3046.dat
0 Slope Brick 45  2 x  2 Double Concave

0 Name: 3046.dat

0 Author: James Jessiman

0 !LDRAW_ORG Part UPDATE 2025-09

0 !LICENSE Licensed under CC BY 4.0 : see CAreadme.txt



0 BFC CERTIFY CCW



0 !KEYWORDS Rebrickable 3046a



0 !HISTORY 1998-06-20 [PTadmin] Official Update 1998-06

0 !HISTORY 2001-11-11 [larschassing] Identical vertices problem fixed

0 !HISTORY 2002-02-18 [PTadmin] Official Update 2002-01

0 !HISTORY 2007-06-09 [PTadmin] Header formatted for Contributor Agreement

0 !HISTORY 2008-07-01 [PTadmin] Official Update 2008-01

0 !HISTORY 2008-07-08 [tchang] Add BFC (2008-02-08)

0 !HISTORY 2009-05-16 [Eldar] Fixed stud orientation

0 !HISTORY 2009-09-03 [PTadmin] Official Update 2009-02

0 !HISTORY 2012-01-27 [jpouellet] Removed 2 T-junctions

0 !HISTORY 2012-03-30 [PTadmin] Official Update 2012-01

0 !HISTORY 2025-09-27 [OrionP] Changed winding to CCW

0 !HISTORY 2025-09-29 [OrionP] Official Update 2025-09



1 16 10 10 -10 1 0 0 0 -3.5 0 0 0 1 stud4a.dat

0

1 16 10 4 -10 6 0 0 0 1 0 0 0 6 3-4edge.dat

1 16 10 4 -10 6 0 0 0 1 6 0 0 -6 1-8edge.dat

1 16 10 4 -10 0 0 6 0 1 6 -6 0 0 1-8edge.dat

4 16 14.2426 8.2426 -14.2426 15.5434 6.2962 -12.2962 15.5434 10 -12.2962 14.2426 10 -14.2426

4 16 15.5434 6.2962 -12.2962 16 4 -10 16 10 -10 15.5434 10 -12.2962

4 16 14.2426 10 -14.2426 12.2962 10 -15.5434 12.2962 6.2962 -15.5434 14.2426 8.2426 -14.2426

4 16 12.2962 10 -15.5434 10 10 -16 10 4 -16 12.2962 6.2962 -15.5434

5 24 14.2426 10 -14.2426 14.2426 8.2426 -14.2426 15.5434 10 -12.2962 12.2962 10 -15.5434

5 24 15.5434 10 -12.2962 15.5434 6.2962 -12.2962 16 10 -10 14.2426 10 -14.2426

5 24 12.2962 10 -15.5434 12.2962 6.2962 -15.5434 10 10 -16 14.2426 10 -14.2426

0 BFC INVERTNEXT

1 16 10 4 -10 6 0 0 0 6 0 0 0 6 3-4cyli.dat

0

1 16 10 4 -10 8 0 0 0 1 0 0 0 8 3-4edge.dat

1 16 10 4 -10 8 0 0 0 1 8 0 0 -8 1-8edge.dat

1 16 10 4 -10 0 0 8 0 1 8 -8 0 0 1-8edge.dat

0

4 16 15.6568 10 -15.6568 17.3912 10 -13.0616 17.3912 7.0616 -13.0616 15.6568 9.6568 -15.6568

4 16 17.3912 10 -13.0616 18 10 -10 18 4 -10 17.3912 7.0616 -13.0616

4 16 15.6568 9.6568 -15.6568 13.0616 7.0616 -17.3912 13.0616 10 -17.3912 15.6568 10 -15.6568

4 16 13.0616 7.0616 -17.3912 10 4 -18 10 10 -18 13.0616 10 -17.3912

5 24 15.6568 10 -15.6568 15.6568 9.6568 -15.6568 17.3912 10 -13.0616 13.0616 10 -17.3912

5 24 17.3912 10 -13.0616 17.3912 7.0616 -13.0616 18 10 -10 15.6568 10 -15.6568

5 24 13.0616 10 -17.3912 13.0616 7.0616 -17.3912 10 10 -18 15.6568 10 -15.6568

1 16 10 4 -10 8 0 0 0 6 0 0 0 8 3-4cyli.dat

0

2 24 26 24 6 -6 24 6

2 24 -6 24 6 -6 24 -26

2 24 -6 24 -26 26 24 -26

2 24 26 24 -26 26 24 6

0

2 24 30 24 10 -10 24 10

2 24 -10 24 10 -10 24 -30

2 24 -10 24 -30 30 24 -30

2 24 30 24 -30 30 24 10

0

2 24 26 4 -10 26 4 6

2 24 26 4 -10 10 4 -10

2 24 10 4 -26 10 4 -10

2 24 10 4 -26 -6 4 -26

2 24 26 4 6 -6 4 6

2 24 -6 4 -26 -6 4 6

0

2 24 26 4 -10 26 20 -26

2 24 26 20 -26 26 24 -26

2 24 26 4 6 26 24 6

2 24 10 4 -26 26 20 -26

2 24 10 4 -10 26 20 -26

2 24 -6 4 -26 -6 24 -26

2 24 -6 4 6 -6 24 6

0

2 24 30 0 -10 30 0 10

2 24 30 0 -10 10 0 -10

2 24 10 0 -30 10 0 -10

2 24 10 0 -30 -10 0 -30

2 24 30 0 10 -10 0 10

2 24 -10 0 -30 -10 0 10

0

2 24 30 0 -10 30 20 -30

2 24 30 20 -30 30 24 -30

2 24 30 0 10 30 24 10

2 24 10 0 -30 30 20 -30

2 24 10 0 -10 30 20 -30

2 24 -10 0 -30 -10 24 -30

2 24 -10 0 10 -10 24 10

0

4 16 30 24 10 26 24 6 -6 24 6 -10 24 10

4 16 -10 24 10 -6 24 6 -6 24 -26 -10 24 -30

4 16 -10 24 -30 -6 24 -26 26 24 -26 30 24 -30

4 16 30 24 -30 26 24 -26 26 24 6 30 24 10

0

4 16 10 4 -10 -6 4 6 26 4 6 26 4 -10

4 16 10 4 -10 10 4 -26 -6 4 -26 -6 4 6

3 16 26 4 -10 26 20 -26 10 4 -10

3 16 10 4 -10 26 20 -26 10 4 -26

4 16 30 0 -10 30 0 10 -10 0 10 10 0 -10

4 16 -10 0 10 -10 0 -30 10 0 -30 10 0 -10

3 16 10 0 -10 30 20 -30 30 0 -10

3 16 10 0 -30 30 20 -30 10 0 -10

0

4 16 26 24 -26 26 4 -10 26 4 6 26 24 6

4 16 -6 24 -26 -6 4 -26 10 4 -26 26 24 -26

4 16 26 24 6 26 4 6 -6 4 6 -6 24 6

4 16 -6 24 6 -6 4 6 -6 4 -26 -6 24 -26

3 16 26 24 -26 26 20 -26 26 4 -10

3 16 10 4 -26 26 20 -26 26 24 -26

4 16 30 24 10 30 0 10 30 0 -10 30 24 -30

4 16 30 24 -30 10 0 -30 -10 0 -30 -10 24 -30

4 16 -10 24 10 -10 0 10 30 0 10 30 24 10

4 16 -10 24 -30 -10 0 -30 -10 0 10 -10 24 10

3 16 30 0 -10 30 20 -30 30 24 -30

3 16 30 24 -30 30 20 -30 10 0 -30

0

1 16 20 0 0 -1 0 0 0 1 0 0 0 -1 stud.dat

1 16 0 0 0 -1 0 0 0 1 0 0 0 -1 stud.dat

1 16 0 0 -20 -1 0 0 0 1 0 0 0 -1 stud.dat

0
0 NOFILE

0 FILE 3001.dat
0 Brick  2 x  4

0 Name: 3001.dat

0 Author: James Jessiman

0 !LDRAW_ORG Part UPDATE 2004-03

0 !LICENSE Licensed under CC BY 4.0 : see CAreadme.txt



0 BFC CERTIFY CCW



0 !HISTORY 2002-05-07 {unknown} BFC Certification

0 !HISTORY 2002-06-11 [PTadmin] Official Update 2002-03

0 !HISTORY 2004-02-08 [Steffen] used s\3001s01.dat

0 !HISTORY 2004-09-15 [PTadmin] Official Update 2004-03

0 !HISTORY 2007-05-07 [PTadmin] Header formatted for Contributor Agreement

0 !HISTORY 2008-07-01 [PTadmin] Official Update 2008-01





1 16 0 0 0 1 0 0 0 1 0 0 0 1 s__3001s01.dat

4 16 -40 0 -20 -40 24 -20 40 24 -20 40 0 -20

4 16 40 0 20 40 24 20 -40 24 20 -40 0 20

0

0 NOFILE

0 FILE s__3001s01.dat
0 ~Brick  2 x  4 without Front and Back Faces

0 Name: s\3001s01.dat

0 Author: James Jessiman

0 !LDRAW_ORG Subpart UPDATE 2004-03

0 !LICENSE Licensed under CC BY 4.0 : see CAreadme.txt



0 BFC CERTIFY CCW



0 !HISTORY 2002-05-07 {unknown} BFC certification

0 !HISTORY 2002-05-07 [westrate] Unknown change

0 !HISTORY 2004-09-15 [PTadmin] Official Update 2004-03

0 !HISTORY 2007-08-29 [PTadmin] Header formatted for Contributor Agreement

0 !HISTORY 2008-07-01 [PTadmin] Official Update 2008-01





0 // Uncomment for front and back faces:

0 // 4 16 40 0 -20 -40 0 -20 -40 24 -20 40 24 -20

0 // 4 16 40 0 20 -40 0 20 -40 24 20 40 24



1 16 20 4 0 1 0 0 0 -5 0 0 0 1 stud4.dat

1 16 0 4 0 1 0 0 0 -5 0 0 0 1 stud4.dat

1 16 -20 4 0 1 0 0 0 -5 0 0 0 1 stud4.dat

0 BFC INVERTNEXT

1 16 0 24 0 36 0 0 0 -20 0 0 0 16 box5.dat

4 16 40 24 20 36 24 16 -36 24 16 -40 24 20

4 16 -40 24 20 -36 24 16 -36 24 -16 -40 24 -20

4 16 -40 24 -20 -36 24 -16 36 24 -16 40 24 -20

4 16 40 24 -20 36 24 -16 36 24 16 40 24 20

1 16 0 24 0 0 0 40 0 -24 0 -20 0 0 box3u2p.dat

2 24 -40 24 -20 40 24 -20

2 24 -40 24 20 40 24 20

1 16 30 0 10 1 0 0 0 1 0 0 0 1 stud.dat

1 16 10 0 10 1 0 0 0 1 0 0 0 1 stud.dat

1 16 -10 0 10 1 0 0 0 1 0 0 0 1 stud.dat

1 16 -30 0 10 1 0 0 0 1 0 0 0 1 stud.dat

1 16 30 0 -10 1 0 0 0 1 0 0 0 1 stud.dat

1 16 10 0 -10 1 0 0 0 1 0 0 0 1 stud.dat

1 16 -10 0 -10 1 0 0 0 1 0 0 0 1 stud.dat

1 16 -30 0 -10 1 0 0 0 1 0 0 0 1 stud.dat

0

0 NOFILE

0 FILE 4460b.dat
0 Slope Brick 75  2 x  1 x  3 with Hollow Stud

0 Name: 4460b.dat

0 Author: Max Martin Richter [MMR1988]

0 !LDRAW_ORG Part UPDATE 2013-02

0 !LICENSE Licensed under CC BY 4.0 : see CAreadme.txt



0 BFC CERTIFY CCW



0 !HISTORY 2013-12-23 [PTadmin] Official Update 2013-02





1 16 0 0 0 1 0 0 0 1 0 0 0 1 s__4460s01.dat



1 16 0 0 0 1 0 0 0 1 0 0 0 1 stud2.dat

4 16 -6 4 -8 -6 4 6 6 4 6 6 4 -8

4 16 10 0 10 -10 0 10 -10 0 -10 10 0 -10

0 NOFILE

0 FILE s__4460s01.dat
0 ~Slope Brick 75  2 x  1 x  3 without Top Faces

0 Name: s\4460s01.dat

0 Author: James Jessiman

0 !LDRAW_ORG Subpart UPDATE 2013-02

0 !LICENSE Licensed under CC BY 4.0 : see CAreadme.txt



0 BFC CERTIFY CCW



0 !HISTORY 2013-12-18 [MMR1988] Subpart creation

0 !HISTORY 2013-12-23 [PTadmin] Official Update 2013-02





1 16 0 36 -20 10 0 0 0 -2 34 0 0 -10 box2-5.dat

1 16 0 36 10 0 0 -10 36 0 0 0 -1 0 rect2p.dat

1 16 0 0 0 10 0 0 0 1 0 0 0 10 recte3.dat

1 16 0 72 -10 10 0 0 0 1 0 0 0 20 recte3.dat



4 16 10 72 -30 10 72 10 10 0 10 10 0 -10

3 16 10 72 -30 10 0 -10 10 68 -30

4 16 -10 0 -10 -10 0 10 -10 72 10 -10 72 -30

3 16 -10 68 -30 -10 0 -10 -10 72 -30



0 BFC INVERTNEXT

1 16 0 38 -17 6 0 0 0 -2.5 31.5 0 0 -9 box2-7.dat

1 16 0 72 -21.5 6 0 0 0 1 0 0 0 -4.5 recte3.dat

1 16 0 4 -7.5 6 0 0 0 1 0 0 0 -0.5 recte3.dat



0 BFC INVERTNEXT

1 16 0 38 -3 0 0 6 34 0 0 0 9 0 box3u4a.dat



1 16 -6 38 -5 0 1 1 34 0 0 0 1 -1 box2-5.dat

1 16 6 38 -5 0 -1 -1 34 0 0 0 -1 1 box2-5.dat



4 16 6 21.5 -13 6 4 -8 6 72 -7 6 72 -13

3 16 6 4 -8 6 4 -7 6 72 -7

4 16 -6 72 -13 -6 72 -7 -6 4 -8 -6 21.5 -13

3 16 -6 72 -7 -6 4 -7 -6 4 -8

2 24 6 72 -7 6 72 -13

2 24 -6 72 -7 -6 72 -13



4 16 -6 21.5 -13 -4 28.5 -15 -4 72 -15 -6 72 -13

4 16 -4 72 -15 -4 28.5 -15 -6 35.5 -17 -6 72 -17

4 16 6 72 -13 4 72 -15 4 28.5 -15 6 21.5 -13

4 16 6 35.5 -17 4 28.5 -15 4 72 -15 6 72 -17

2 24 -6 72 -17 -6 35.5 -17

2 24 6 72 -17 6 35.5 -17

2 24 4 72 -15 4 28.5 -15

2 24 -4 72 -15 -4 28.5 -15

2 24 -6 72 -13 -6 21.5 -13

2 24 6 72 -13 6 21.5 -13

2 24 6 72 -13 4 72 -15

2 24 -6 72 -17 -4 72 -15

2 24 -6 72 -13 -4 72 -15

2 24 6 72 -17 4 72 -15

2 24 -6 21.5 -13 -4 28.5 -15

2 24 -4 28.5 -15 -6 35.5 -17

2 24 6 21.5 -13 4 28.5 -15

2 24 4 28.5 -15 6 35.5 -17



4 16 -6 35.5 -17 -6 67 -26 -6 72 -26 -6 72 -17

4 16 6 67 -26 6 35.5 -17 6 72 -17 6 72 -26



3 16 6 72 -3 6 72 -7 4 72 -5

3 16 -6 72 -3 -4 72 -5 -6 72 -7

3 16 6 72 -13 6 72 -17 4 72 -15

3 16 -6 72 -13 -4 72 -15 -6 72 -17

4 16 10 72 10 6 72 6 -6 72 6 -10 72 10

4 16 -10 72 -30 -6 72 -26 6 72 -26 10 72 -30

3 16 -10 72 10 -6 72 6 -6 72 -3

3 16 -10 72 10 -6 72 -3 -6 72 -7

4 16 -10 72 10 -6 72 -7 -6 72 -13 -10 72 -30

3 16 -6 72 -17 -10 72 -30 -6 72 -13

3 16 -10 72 -30 -6 72 -17 -6 72 -26

3 16 6 72 -3 6 72 6 10 72 10

3 16 6 72 -7 6 72 -3 10 72 10

4 16 10 72 -30 6 72 -13 6 72 -7 10 72 10

3 16 6 72 -13 10 72 -30 6 72 -17

3 16 6 72 -26 6 72 -17 10 72 -30

0 NOFILE

0 FILE 3685.dat
0 Slope Brick 75  2 x  2 x  3 Double Convex

0 Name: 3685.dat

0 Author: James Jessiman

0 !LDRAW_ORG Part UPDATE 2004-02

0 !LICENSE Licensed under CC BY 4.0 : see CAreadme.txt



0 BFC CERTIFY CCW



0 !HISTORY 1998-06-20 [PTadmin] Official Update 1998-06

0 !HISTORY 2002-09-13 [izanette] Modified with WINDZ for BFC compliance

0 !HISTORY 2004-04-08 [OrionP] Fix L3P -check erorrs

0 !HISTORY 2004-04-22 [PTadmin] Official Update 2004-02

0 !HISTORY 2007-06-29 [PTadmin] Header formatted for Contributor Agreement

0 !HISTORY 2008-07-01 [PTadmin] Official Update 2008-01





2 24 10 11 -4 8 4 -4.42

2 24 8 4 -4.42 7.72 4 -4.48

2 24 7.72 4 -4.48 5.8 4 -5.8

1 16 10 11 -10 6 0 0 21 1 0 0 0 6 1-4edge.dat

1 16 10 11 -10 6 0 0 21 1 0 0 0 -6 1-8edge.dat

2 24 5.8 4 -5.8 4.48 4 -7.72

2 24 4.48 4 -7.72 4.42 4 -8

2 24 4.42 4 -8 4 11 -10

1 16 10 11 -10 -6 0 0 0 1 21 0 0 -6 1-4edge.dat

1 16 10 11 -10 0 0 6 21 1 0 -6 0 0 1-8edge.dat



2 24 10 11 -2 8 4 -3.11

2 24 8 4 -3.11 6.96 4 -2.64

2 24 6.96 4 -2.64 4.4 4 -4.4

1 16 10 11 -10 8 0 0 28 1 0 0 0 8 1-4edge.dat

1 16 10 11 -10 8 0 0 28 1 0 0 0 -8 1-8edge.dat

2 24 4.4 4 -4.4 2.64 4 -6.96

2 24 2.64 4 -6.96 3.11 4 -8

2 24 3.11 4 -8 2 11 -10

1 16 10 11 -10 -8 0 0 0 1 28 0 0 -8 1-4edge.dat

1 16 10 11 -10 0 0 8 28 1 0 -8 0 0 1-8edge.dat



0 BFC INVERTNEXT

1 16 10 4 -10 -6 0 0 0 36 0 0 0 6 1-4cyli.dat

0 BFC INVERTNEXT

1 16 10 11 -10 -6 0 0 0 29 21 0 0 -6 1-4cyli.dat

0 BFC INVERTNEXT

1 16 10 11 -10 6 0 0 21 29 0 0 0 6 1-4cyli.dat

0 BFC INVERTNEXT

1 16 10 11 -10 6 0 0 21 29 0 0 0 -6 1-8cyli.dat

0 BFC INVERTNEXT

1 16 10 11 -10 0 0 6 21 29 0 -6 0 0 1-8cyli.dat

1 16 10 4 -10 -8 0 0 0 36 0 0 0 8 1-4cyli.dat

1 16 10 11 -10 -8 0 0 0 29 28 0 0 -8 1-4cyli.dat

1 16 10 11 -10 8 0 0 28 29 0 0 0 8 1-4cyli.dat

1 16 10 11 -10 8 0 0 28 29 0 0 0 -8 1-8cyli.dat

1 16 10 11 -10 0 0 8 28 29 0 -8 0 0 1-8cyli.dat



1 16 10 40 -10 1 0 0 0 -8 0 0 0 1 stud4a.dat



2 24 26 72 6 -6 72 6

2 24 -6 72 6 -6 72 -26

2 24 -6 72 -26 26 72 -26

2 24 26 72 -26 26 72 6



2 24 30 72 10 -10 72 10

2 24 -10 72 10 -10 72 -30

2 24 -10 72 -30 30 72 -30

2 24 30 72 -30 30 72 10



2 24 26 67 -26 -6 67 -26

2 24 26 67 6 26 67 -26



2 24 30 68 -30 -10 68 -30

2 24 30 68 10 30 68 -30



2 24 8 4 -8 -6 4 -8

2 24 -6 4 -8 -6 4 6

2 24 -6 4 6 8 4 6

2 24 8 4 6 8 4 -8



2 24 10 0 -10 -10 0 -10

2 24 -10 0 -10 -10 0 10

2 24 -10 0 10 10 0 10

2 24 10 0 10 10 0 -10



2 24 26 67 -26 26 72 -26

2 24 26 67 6 26 72 6

2 24 -6 67 -26 -6 72 -26



2 24 30 68 -30 30 72 -30

2 24 30 68 10 30 72 10

2 24 -10 68 -30 -10 72 -30



2 24 8 4 -8 26 67 -26

2 24 -6 4 -8 -6 67 -26

2 24 -6 4 6 -6 72 6

2 24 8 4 6 26 67 6



2 24 10 0 -10 30 68 -30

2 24 -10 0 -10 -10 68 -30

2 24 -10 0 10 -10 72 10

2 24 10 0 10 30 68 10



4 16 30 72 10 26 72 6 -6 72 6 -10 72 10

4 16 -10 72 10 -6 72 6 -6 72 -26 -10 72 -30

4 16 -10 72 -30 -6 72 -26 26 72 -26 30 72 -30

4 16 30 72 -30 26 72 -26 26 72 6 30 72 10



4 16 8 4 -8 -6 4 -8 -6 4 6 8 4 6



4 16 10 0 -10 10 0 10 -10 0 10 -10 0 -10



4 16 26 67 -26 26 67 6 26 72 6 26 72 -26

4 16 26 67 -26 26 72 -26 -6 72 -26 -6 67 -26



4 16 30 68 -30 30 72 -30 30 72 10 30 68 10

4 16 30 68 -30 -10 68 -30 -10 72 -30 30 72 -30



4 16 8 4 -8 26 67 -26 -6 67 -26 -6 4 -8

3 16 -6 4 -8 -6 67 -26 -6 72 -26

4 16 -6 4 -8 -6 72 -26 -6 72 6 -6 4 6

4 16 -6 4 6 -6 72 6 26 72 6 8 4 6

3 16 8 4 6 26 72 6 26 67 6

4 16 8 4 6 26 67 6 26 67 -26 8 4 -8



4 16 10 0 -10 -10 0 -10 -10 68 -30 30 68 -30

3 16 -10 0 -10 -10 72 -30 -10 68 -30

4 16 -10 0 -10 -10 0 10 -10 72 10 -10 72 -30

4 16 -10 0 10 10 0 10 30 72 10 -10 72 10

3 16 10 0 10 30 68 10 30 72 10

4 16 10 0 10 10 0 -10 30 68 -30 30 68 10



1 16 0 0 0 1 0 0 0 1 0 0 0 1 stud2.dat

0 NOFILE
