0 FILE Titan[SCION].io
0 Untitled Model
0 Name: Titan[SCION]
0 Author: 
0 CustomBrick
0 FlexibleBrickControlPointUnitLength -1
0 FlexibleBrickLockedControlPoint 
0 NumOfBricks 226
1 8 20.000000 -64.000000 -20.000000 0.000000 0.000000 -1.000000 0.000000 1.000000 0.000000 1.000000 0.000000 0.000000 3049d.dat
1 0 20.000000 -40.000000 -50.000000 1.000000 0.000000 0.000000 0.000000 1.000000 0.000000 0.000000 0.000000 1.000000 15571.dat
1 8 20.000000 -8.000000 -50.000000 1.000000 0.000000 0.000000 0.000000 1.000000 0.000000 0.000000 0.000000 1.000000 99780.dat
1 8 20.000000 -16.000000 -40.000000 1.000000 0.000000 0.000000 0.000000 1.000000 0.000000 0.000000 0.000000 1.000000 3022.dat
1 8 20.000000 -8.000000 -30.000000 1.000000 0.000000 0.000000 0.000000 1.000000 0.000000 0.000000 0.000000 1.000000 3023b.dat
1 8 10.000000 -10.000000 -72.000000 1.000000 0.000000 0.000000 0.000000 0.000000 -1.000000 0.000000 1.000000 0.000000 20482.dat
1 8 30.000000 -10.000000 -72.000000 1.000000 0.000000 0.000000 0.000000 0.000000 -1.000000 0.000000 1.000000 0.000000 20482.dat
1 8 5.403730 -6.143270 -92.000000 -0.766045 0.642788 0.000000 0.642788 0.766045 0.000000 0.000000 0.000000 -1.000000 30162.dat
1 8 34.596260 -6.143270 -92.000000 -0.766044 -0.642788 0.000000 -0.642787 0.766044 0.000000 0.000000 0.000000 -1.000000 30162.dat
1 0 130.000000 0.000000 -80.000010 0.000000 0.000000 -1.000000 0.000000 1.000000 0.000000 1.000000 0.000000 0.000000 3710.dat
1 0 130.000000 0.000000 -60.000020 -1.000000 0.000000 0.000000 0.000000 1.000000 0.000000 0.000000 0.000000 -1.000000 61409.dat
1 8 130.000000 0.000000 -110.000000 1.000000 0.000000 0.000000 0.000000 1.000000 0.000000 0.000000 0.000000 1.000000 54200.dat
1 8 130.000000 -16.000000 -90.000030 1.000000 0.000000 0.000000 0.000000 1.000000 0.000000 0.000000 0.000000 1.000000 3024.dat
1 0 190.000000 0.000000 -80.000000 0.000000 0.000000 -1.000000 0.000000 1.000000 0.000000 1.000000 0.000000 0.000000 3710.dat
1 0 190.000000 0.000000 -60.000000 -1.000000 0.000000 0.000000 0.000000 1.000000 0.000000 0.000000 0.000000 -1.000000 61409.dat
1 8 190.000000 0.000000 -110.000000 1.000000 0.000000 0.000000 0.000000 1.000000 0.000000 0.000000 0.000000 1.000000 54200.dat
1 8 190.000000 -16.000000 -90.000010 1.000000 0.000000 0.000000 0.000000 1.000000 0.000000 0.000000 0.000000 1.000000 3024.dat
1 8 190.000000 -16.000000 -80.000010 1.000000 0.000000 0.000000 0.000000 1.000000 0.000000 0.000000 0.000000 1.000000 11477.dat
1 8 130.000000 -16.000000 -80.000020 1.000000 0.000000 0.000000 0.000000 1.000000 0.000000 0.000000 0.000000 1.000000 11477.dat
1 8 190.000000 -24.000000 -50.000020 -1.000000 0.000000 0.000000 0.000000 1.000000 0.000000 0.000000 0.000000 -1.000000 2420.dat
1 8 130.000000 -24.000000 -50.000020 0.000000 0.000000 1.000000 0.000000 1.000000 0.000000 -1.000000 0.000000 0.000000 2420.dat
1 8 130.000000 -16.000000 -40.000020 -1.000000 0.000000 0.000000 0.000000 1.000000 0.000000 0.000000 0.000000 -1.000000 29120.dat
1 8 190.000000 -16.000000 -40.000010 -1.000000 0.000000 0.000000 0.000000 1.000000 0.000000 0.000000 0.000000 -1.000000 29119.dat
1 8 130.000000 -8.000000 -90.000010 1.000000 0.000000 0.000000 0.000000 1.000000 0.000000 0.000000 0.000000 1.000000 3024.dat
1 8 190.000000 -8.000000 -90.000010 1.000000 0.000000 0.000000 0.000000 1.000000 0.000000 0.000000 0.000000 1.000000 3024.dat
1 8 160.000000 -32.000000 -40.000010 1.000000 0.000000 0.000000 0.000000 1.000000 0.000000 0.000000 0.000000 1.000000 3680c02.dat
1 7 300.000000 -54.166450 -40.000000 0.000000 0.000000 -1.000000 0.000000 1.000000 0.000000 1.000000 0.000000 0.000000 3049d.dat
1 7 300.000000 -6.166450 -50.000000 1.000000 0.000000 0.000000 0.000000 1.000000 0.000000 0.000000 0.000000 1.000000 99780.dat
1 7 290.000000 -8.166450 -72.000000 1.000000 0.000000 0.000000 0.000000 0.000000 -1.000000 0.000000 1.000000 0.000000 20482.dat
1 7 310.000000 -8.166450 -72.000000 1.000000 0.000000 0.000000 0.000000 0.000000 -1.000000 0.000000 1.000000 0.000000 20482.dat
1 0 285.403700 -4.309720 -92.000000 -0.766045 0.642788 0.000000 0.642788 0.766045 0.000000 0.000000 0.000000 -1.000000 30162.dat
1 0 314.596300 -4.309720 -92.000000 -0.766044 -0.642788 0.000000 -0.642787 0.766044 0.000000 0.000000 0.000000 -1.000000 30162.dat
1 0 250.000000 -2.000010 -200.000000 -1.000000 0.000000 0.000000 0.000000 0.000000 1.000000 0.000000 1.000000 0.000000 7729.dat
1 7 250.000000 -12.000010 -200.000000 1.000000 0.000000 0.000000 0.000000 1.000000 0.000000 0.000000 0.000000 1.000000 5404.dat
1 0 250.000000 -2.000010 -208.000000 1.000000 0.000000 0.000000 0.000000 0.000000 -1.000000 0.000000 1.000000 0.000000 3024.dat
1 0 250.000000 -2.000010 -216.000000 1.000000 0.000000 0.000000 0.000000 0.000000 -1.000000 0.000000 1.000000 0.000000 3024.dat
1 0 250.000000 -2.000010 -216.000000 -1.000000 0.000000 0.000000 0.000000 0.000000 1.000000 0.000000 1.000000 0.000000 54200.dat
1 7 400.000000 -2.000000 -24.000010 -1.000000 0.000000 0.000000 0.000000 0.000000 -1.000000 0.000000 -1.000000 0.000000 15571.dat
1 7 268.000000 -2.000010 -180.000000 0.000000 -1.000000 0.000000 0.000000 0.000000 -1.000000 1.000000 0.000000 0.000000 63864.dat
1 7 232.000000 -2.000010 -180.000000 0.000000 1.000000 0.000000 0.000000 0.000000 1.000000 1.000000 0.000000 0.000000 63864.dat
1 0 250.000000 -2.000000 -320.000000 -1.000000 0.000000 0.000000 0.000000 0.000000 1.000000 0.000000 1.000000 0.000000 7729.dat
1 0 250.000000 -2.000000 -320.000000 -1.000000 0.000000 0.000000 0.000000 0.000000 1.000000 0.000000 1.000000 0.000000 54200.dat
1 7 250.000000 -20.000000 -310.000000 1.000000 0.000000 0.000000 0.000000 1.000000 0.000000 0.000000 0.000000 1.000000 3070b.dat
1 7 268.000000 -2.000000 -300.000000 0.000000 -1.000000 0.000000 0.000000 0.000000 -1.000000 1.000000 0.000000 0.000000 1126.dat
1 7 232.000000 -2.000000 -300.000000 0.000000 1.000000 0.000000 0.000000 0.000000 1.000000 1.000000 0.000000 0.000000 1126.dat
1 0 410.000000 -2.000000 -48.000020 0.000000 0.000000 -1.000000 1.000000 0.000000 0.000000 0.000000 -1.000000 0.000000 79389.dat
1 0 389.999900 -2.000000 -48.000020 0.000000 0.000000 1.000000 -1.000000 0.000000 0.000000 0.000000 -1.000000 0.000000 79389.dat
1 0 410.000000 0.000000 -70.000000 -1.000000 0.000000 0.000000 0.000000 1.000000 0.000000 0.000000 0.000000 -1.000000 36840.dat
1 0 389.999900 0.000000 -70.000000 -1.000000 0.000000 0.000000 0.000000 1.000000 0.000000 0.000000 0.000000 -1.000000 36840.dat
1 0 400.000000 0.000000 -89.999980 1.000000 0.000000 0.000000 0.000000 1.000000 0.000000 0.000000 0.000000 1.000000 3023a.dat
1 7 424.000000 -2.000000 -68.000010 0.000000 -1.000000 0.000000 -1.000000 0.000000 0.000000 0.000000 0.000000 -1.000000 5404.dat
1 7 375.999900 -2.000010 -68.000010 0.000000 1.000000 0.000000 1.000000 0.000000 0.000000 0.000000 0.000000 -1.000000 5404.dat
1 7 400.000000 -8.000000 -80.000000 1.000000 0.000000 0.000000 0.000000 1.000000 0.000000 0.000000 0.000000 1.000000 87580.dat
1 0 400.000000 -16.000000 -80.000000 1.000000 0.000000 0.000000 0.000000 1.000000 0.000000 0.000000 0.000000 1.000000 85861.dat
1 7 539.999900 -2.000000 -24.000020 -1.000000 0.000000 0.000000 0.000000 0.000000 -1.000000 0.000000 -1.000000 0.000000 15571.dat
1 0 550.000000 -2.000000 -48.000030 0.000000 0.000000 -1.000000 1.000000 0.000000 0.000000 0.000000 -1.000000 0.000000 79389.dat
1 0 529.999900 -2.000000 -48.000030 0.000000 0.000000 1.000000 -1.000000 0.000000 0.000000 0.000000 -1.000000 0.000000 79389.dat
1 0 550.000000 0.000000 -70.000000 -1.000000 0.000000 0.000000 0.000000 1.000000 0.000000 0.000000 0.000000 -1.000000 36840.dat
1 0 529.999900 0.000000 -70.000000 -1.000000 0.000000 0.000000 0.000000 1.000000 0.000000 0.000000 0.000000 -1.000000 36840.dat
1 0 539.999900 0.000000 -90.000030 1.000000 0.000000 0.000000 0.000000 1.000000 0.000000 0.000000 0.000000 1.000000 3023a.dat
1 7 564.000000 -2.000000 -68.000030 0.000000 -1.000000 0.000000 -1.000000 0.000000 0.000000 0.000000 0.000000 -1.000000 5404.dat
1 7 515.999900 -2.000010 -68.000030 0.000000 1.000000 0.000000 1.000000 0.000000 0.000000 0.000000 0.000000 -1.000000 5404.dat
1 7 539.999900 -8.000000 -80.000020 1.000000 0.000000 0.000000 0.000000 1.000000 0.000000 0.000000 0.000000 1.000000 87580.dat
1 0 539.999900 -16.000000 -80.000020 1.000000 0.000000 0.000000 0.000000 1.000000 0.000000 0.000000 0.000000 1.000000 85861.dat
1 7 539.999900 -80.000000 -50.000020 0.000000 0.000000 -1.000000 0.000000 1.000000 0.000000 1.000000 0.000000 0.000000 3049d.dat
1 7 539.999900 -24.000000 -80.000020 1.000000 0.000000 0.000000 0.000000 1.000000 0.000000 0.000000 0.000000 1.000000 99780.dat
1 7 529.999900 -26.000010 -102.000000 1.000000 0.000000 0.000000 0.000000 0.000000 -1.000000 0.000000 1.000000 0.000000 20482.dat
1 7 549.999900 -26.000000 -102.000000 1.000000 0.000000 0.000000 0.000000 0.000000 -1.000000 0.000000 1.000000 0.000000 20482.dat
1 0 525.403600 -22.143280 -122.000000 -0.766045 0.642788 0.000000 0.642788 0.766045 0.000000 0.000000 0.000000 -1.000000 30162.dat
1 0 554.596300 -22.143280 -122.000000 -0.766044 -0.642788 0.000000 -0.642787 0.766044 0.000000 0.000000 0.000000 -1.000000 30162.dat
1 7 539.999900 -32.000000 -70.000020 1.000000 0.000000 0.000000 0.000000 1.000000 0.000000 0.000000 0.000000 1.000000 3022.dat
1 7 539.999900 -56.000000 -80.000020 1.000000 0.000000 0.000000 0.000000 1.000000 0.000000 0.000000 0.000000 1.000000 15571.dat
1 7 540.000000 -6.166410 -250.000000 1.000000 0.000000 0.000000 0.000000 1.000000 0.000000 0.000000 0.000000 1.000000 99780.dat
1 7 530.000000 -8.166430 -272.000000 1.000000 0.000000 0.000000 0.000000 0.000000 -1.000000 0.000000 1.000000 0.000000 20482.dat
1 0 525.403700 -4.309720 -292.000000 -0.766045 0.642788 0.000000 0.642788 0.766045 0.000000 0.000000 0.000000 -1.000000 30162.dat
1 0 554.596300 -4.309690 -292.000000 -0.766044 -0.642788 0.000000 -0.642787 0.766044 0.000000 0.000000 0.000000 -1.000000 30162.dat
1 7 550.000100 -8.166420 -272.000000 1.000000 0.000000 0.000000 0.000000 0.000000 -1.000000 0.000000 1.000000 0.000000 20482.dat
1 7 540.000000 -22.166410 -250.000000 -1.000000 0.000000 0.000000 0.000000 1.000000 0.000000 0.000000 0.000000 -1.000000 99781.dat
1 7 540.000000 -12.166410 -212.000000 -1.000000 0.000000 0.000000 0.000000 0.000000 -1.000000 0.000000 -1.000000 0.000000 15571.dat
1 7 540.000000 -14.166410 -250.000000 1.000000 0.000000 0.000000 0.000000 1.000000 0.000000 0.000000 0.000000 1.000000 3023b.dat
1 7 660.000000 -6.166440 -250.000000 1.000000 0.000000 0.000000 0.000000 1.000000 0.000000 0.000000 0.000000 1.000000 99780.dat
1 7 650.000000 -8.166460 -272.000000 1.000000 0.000000 0.000000 0.000000 0.000000 -1.000000 0.000000 1.000000 0.000000 20482.dat
1 0 645.403700 -4.309750 -292.000000 -0.766045 0.642788 0.000000 0.642788 0.766045 0.000000 0.000000 0.000000 -1.000000 30162.dat
1 0 674.596300 -4.309720 -292.000000 -0.766044 -0.642788 0.000000 -0.642787 0.766044 0.000000 0.000000 0.000000 -1.000000 30162.dat
1 7 670.000100 -8.166450 -272.000000 1.000000 0.000000 0.000000 0.000000 0.000000 -1.000000 0.000000 1.000000 0.000000 20482.dat
1 7 660.000000 -14.166440 -250.000000 -1.000000 0.000000 0.000000 0.000000 1.000000 0.000000 0.000000 0.000000 -1.000000 99781.dat
1 7 660.000000 -4.166440 -212.000000 -1.000000 0.000000 0.000000 0.000000 0.000000 -1.000000 0.000000 -1.000000 0.000000 15571.dat
1 7 650.000100 -22.166440 -240.000000 -1.000000 0.000000 0.000000 0.000000 1.000000 0.000000 0.000000 0.000000 -1.000000 5091.dat
1 7 670.000100 -22.166440 -240.000000 -1.000000 0.000000 0.000000 0.000000 1.000000 0.000000 0.000000 0.000000 -1.000000 5092.dat
1 7 778.250500 -6.166440 -261.750100 0.000000 0.000000 1.000000 0.000000 1.000000 0.000000 -1.000000 0.000000 0.000000 1762.dat
1 7 778.250500 -6.166440 -271.750100 1.000000 0.000000 0.000000 0.000000 1.000000 0.000000 0.000000 0.000000 1.000000 99780.dat
1 7 768.250000 -8.166460 -293.750100 1.000000 0.000000 0.000000 0.000000 0.000000 -1.000000 0.000000 1.000000 0.000000 20482.dat
1 0 763.653700 -4.309750 -313.750100 -0.766045 0.642788 0.000000 0.642788 0.766045 0.000000 0.000000 0.000000 -1.000000 30162.dat
1 0 792.846300 -4.309720 -313.750100 -0.766044 -0.642788 0.000000 -0.642787 0.766044 0.000000 0.000000 0.000000 -1.000000 30162.dat
1 7 788.250100 -8.166450 -293.750100 1.000000 0.000000 0.000000 0.000000 0.000000 -1.000000 0.000000 1.000000 0.000000 20482.dat
1 0 910.000000 0.000000 -300.000000 0.000000 0.000000 -1.000000 0.000000 1.000000 0.000000 1.000000 0.000000 0.000000 3710.dat
1 0 910.000700 -0.000010 -280.000100 -1.000000 0.000000 0.000000 0.000000 1.000000 0.000000 0.000000 0.000000 -1.000000 61409.dat
1 7 910.000700 -8.000020 -310.000200 1.000000 0.000000 0.000000 0.000000 1.000000 0.000000 0.000000 0.000000 1.000000 3024.dat
1 7 910.000000 0.000000 -330.000000 1.000000 0.000000 0.000000 0.000000 1.000000 0.000000 0.000000 0.000000 1.000000 54200.dat
1 7 910.000300 -16.000020 -310.000000 0.000000 0.000000 -0.999999 0.000000 1.000000 0.000000 0.999999 0.000000 0.000000 36841.dat
1 7 932.000600 -6.000020 -310.000200 0.000000 -1.000000 0.000000 0.000000 0.000000 1.000000 -1.000000 0.000000 0.000000 1748.dat
1 0 849.999800 0.000000 -300.000000 0.000000 0.000000 -0.999999 0.000000 1.000000 0.000000 0.999999 0.000000 0.000000 3710.dat
1 0 850.000900 0.000000 -280.000100 -1.000000 0.000000 0.000000 0.000000 1.000000 0.000000 0.000000 0.000000 -1.000000 61409.dat
1 7 850.000900 -8.000020 -310.000100 1.000000 0.000000 0.000000 0.000000 1.000000 0.000000 0.000000 0.000000 1.000000 3024.dat
1 7 850.000200 0.000000 -329.999900 1.000000 0.000000 0.000000 0.000000 1.000000 0.000000 0.000000 0.000000 1.000000 54200.dat
1 7 850.000900 -16.000020 -310.000100 0.000000 0.000000 1.000000 0.000000 1.000000 0.000000 -1.000000 0.000000 0.000000 36841.dat
1 7 828.001100 -6.000020 -310.000100 0.000000 0.999999 0.000000 0.000000 0.000000 1.000000 0.999999 0.000000 0.000000 1748.dat
1 7 910.000300 -32.000020 -260.000000 0.999999 0.000000 0.000000 0.000000 1.000000 0.000000 0.000000 0.000000 0.999999 7302.dat
1 7 850.000900 -32.000020 -260.000200 0.999999 0.000000 0.000000 0.000000 1.000000 0.000000 0.000000 0.000000 0.999999 7302.dat
1 7 880.000300 -24.000020 -260.000000 0.999999 0.000000 0.000000 0.000000 1.000000 0.000000 0.000000 0.000000 0.999999 3020.dat
1 7 880.000900 -32.000020 -260.000400 0.999999 0.000000 0.000000 0.000000 1.000000 0.000000 0.000000 0.000000 0.999999 87580.dat
1 0 880.000300 -40.000020 -260.000000 0.999999 0.000000 0.000000 0.000000 1.000000 0.000000 0.000000 0.000000 0.999999 85861.dat
1 7 880.000200 -48.000040 -249.999800 0.000000 0.000000 0.999999 0.000000 1.000000 0.000000 -0.999999 0.000000 0.000000 1762.dat
1 7 880.000200 -48.000020 -260.000000 1.000000 0.000000 0.000000 0.000000 1.000000 0.000000 0.000000 0.000000 1.000000 99780.dat
1 7 870.000100 -50.000020 -282.000000 1.000000 0.000000 0.000000 0.000000 0.000000 -1.000000 0.000000 1.000000 0.000000 20482.dat
1 0 865.403700 -46.143360 -301.999900 -0.766045 0.642788 0.000000 0.642788 0.766045 0.000000 0.000000 0.000000 -1.000000 30162.dat
1 0 894.596200 -46.143280 -302.000000 -0.766045 -0.642788 0.000000 -0.642787 0.766044 0.000000 0.000000 0.000000 -1.000000 30162.dat
1 7 890.000200 -50.000000 -281.999900 1.000000 0.000000 0.000000 0.000000 0.000000 -1.000000 0.000000 1.000000 0.000000 20482.dat
1 7 880.000300 -16.000020 -250.000000 -1.000000 0.000000 0.000000 0.000000 1.000000 0.000000 0.000000 0.000000 -1.000000 99780.dat
1 7 880.000300 -18.000030 -212.000000 -1.000000 0.000000 0.000000 0.000000 0.000000 -1.000000 0.000000 -1.000000 0.000000 15571.dat
1 7 910.000300 -32.000020 -240.000000 -1.000000 0.000000 0.000000 0.000000 1.000000 0.000000 0.000000 0.000000 -1.000000 5092.dat
1 7 850.000300 -32.000020 -240.000000 -1.000000 0.000000 0.000000 0.000000 1.000000 0.000000 0.000000 0.000000 -1.000000 5091.dat
1 0 910.003600 0.000000 -479.999900 0.000000 0.000000 -1.000000 0.000000 1.000000 0.000000 1.000000 0.000000 0.000000 3710.dat
1 0 910.002900 -0.000010 -460.000400 -1.000001 0.000000 0.000000 0.000000 1.000000 0.000000 0.000000 0.000000 -1.000001 61409.dat
1 7 910.002100 0.000000 -510.000200 1.000001 0.000000 0.000000 0.000000 1.000000 0.000000 0.000000 0.000000 1.000001 54200.dat
1 0 850.000100 0.000000 -480.000000 0.000000 0.000000 -1.000000 0.000000 1.000000 0.000000 1.000000 0.000000 0.000000 3710.dat
1 0 850.001300 -0.000010 -460.000300 -1.000001 0.000000 0.000000 0.000000 1.000000 0.000000 0.000000 0.000000 -1.000001 61409.dat
1 7 850.000500 0.000000 -510.000100 1.000001 0.000000 0.000000 0.000000 1.000000 0.000000 0.000000 0.000000 1.000001 54200.dat
1 7 910.002400 -32.000020 -440.000200 1.000000 0.000000 0.000000 0.000000 1.000000 0.000000 0.000000 0.000000 1.000000 7302.dat
1 7 850.001300 -32.000020 -440.000400 1.000000 0.000000 0.000000 0.000000 1.000000 0.000000 0.000000 0.000000 1.000000 7302.dat
1 7 880.001700 -24.000020 -440.000200 1.000000 0.000000 0.000000 0.000000 1.000000 0.000000 0.000000 0.000000 1.000000 3020.dat
1 7 880.002400 -32.000020 -440.000600 1.000000 0.000000 0.000000 0.000000 1.000000 0.000000 0.000000 0.000000 1.000000 87580.dat
1 0 880.001700 -40.000020 -440.000200 1.000000 0.000000 0.000000 0.000000 1.000000 0.000000 0.000000 0.000000 1.000000 85861.dat
1 7 880.001700 -48.000040 -429.999900 0.000000 0.000000 1.000000 0.000000 1.000000 0.000000 -1.000000 0.000000 0.000000 1762.dat
1 7 880.001700 -48.000020 -440.000200 1.000001 0.000000 0.000000 0.000000 1.000000 0.000000 0.000000 0.000000 1.000001 99780.dat
1 7 870.001600 -50.000020 -462.000300 1.000001 0.000000 0.000000 0.000000 0.000000 -1.000000 0.000000 1.000001 0.000000 20482.dat
1 0 865.405200 -46.143360 -482.000000 -0.766046 0.642789 0.000000 0.642788 0.766045 0.000000 0.000000 0.000000 -1.000001 30162.dat
1 0 894.597800 -46.143280 -482.000000 -0.766046 -0.642788 0.000000 -0.642787 0.766044 0.000000 0.000000 0.000000 -1.000001 30162.dat
1 7 890.001600 -50.000000 -462.000200 1.000001 0.000000 0.000000 0.000000 0.000000 -1.000000 0.000000 1.000001 0.000000 20482.dat
1 7 880.001700 -16.000020 -430.000200 -1.000001 0.000000 0.000000 0.000000 1.000000 0.000000 0.000000 0.000000 -1.000001 99780.dat
1 7 880.001700 -18.000030 -392.000200 -1.000001 0.000000 0.000000 0.000000 0.000000 -1.000000 0.000000 -1.000001 0.000000 15571.dat
1 7 910.002400 -32.000020 -420.000200 -1.000001 0.000000 0.000000 0.000000 1.000000 0.000000 0.000000 0.000000 -1.000001 5092.dat
1 7 850.000500 -32.000020 -420.000200 -1.000001 0.000000 0.000000 0.000000 1.000000 0.000000 0.000000 0.000000 -1.000001 5091.dat
1 0 910.001400 0.000000 -659.999600 0.000000 0.000000 -0.999997 0.000000 1.000000 0.000000 0.999997 0.000000 0.000000 3710.dat
1 0 910.001700 -0.000010 -640.000100 -1.000001 0.000000 0.000000 0.000000 1.000000 0.000000 0.000000 0.000000 -1.000001 61409.dat
1 7 910.000900 0.000000 -690.000300 1.000001 0.000000 0.000000 0.000000 1.000000 0.000000 0.000000 0.000000 1.000001 54200.dat
1 0 849.999800 0.000000 -659.999900 0.000000 0.000000 -1.000000 0.000000 1.000000 0.000000 1.000000 0.000000 0.000000 3710.dat
1 0 850.000900 -0.000010 -640.000100 -1.000001 0.000000 0.000000 0.000000 1.000000 0.000000 0.000000 0.000000 -1.000001 61409.dat
1 7 850.000100 0.000000 -690.000200 1.000001 0.000000 0.000000 0.000000 1.000000 0.000000 0.000000 0.000000 1.000001 54200.dat
1 7 910.001400 -32.000020 -620.000000 1.000000 0.000000 0.000000 0.000000 1.000000 0.000000 0.000000 0.000000 1.000000 7302.dat
1 7 850.000900 -32.000020 -620.000200 1.000000 0.000000 0.000000 0.000000 1.000000 0.000000 0.000000 0.000000 1.000000 7302.dat
1 7 880.000600 -24.000020 -620.000000 1.000000 0.000000 0.000000 0.000000 1.000000 0.000000 0.000000 0.000000 1.000000 3020.dat
1 7 880.001300 -32.000020 -620.000400 1.000000 0.000000 0.000000 0.000000 1.000000 0.000000 0.000000 0.000000 1.000000 87580.dat
1 0 880.000600 -40.000020 -620.000000 1.000000 0.000000 0.000000 0.000000 1.000000 0.000000 0.000000 0.000000 1.000000 85861.dat
1 7 880.000500 -48.000040 -609.999900 0.000000 0.000000 1.000000 0.000000 1.000000 0.000000 -1.000000 0.000000 0.000000 1762.dat
1 7 880.000500 -48.000020 -620.000000 1.000001 0.000000 0.000000 0.000000 1.000000 0.000000 0.000000 0.000000 1.000001 99780.dat
1 7 870.000200 -50.000020 -642.000000 1.000001 0.000000 0.000000 0.000000 0.000000 -1.000000 0.000000 1.000001 0.000000 20482.dat
1 0 865.403800 -46.143360 -661.999900 -0.766047 0.642788 0.000000 0.642788 0.766045 0.000000 0.000000 0.000000 -1.000001 30162.dat
1 0 894.596900 -46.143280 -661.999900 -0.766046 -0.642788 0.000000 -0.642787 0.766044 0.000000 0.000000 0.000000 -1.000001 30162.dat
1 7 890.000800 -50.000000 -641.999900 1.000001 0.000000 0.000000 0.000000 0.000000 -1.000000 0.000000 1.000001 0.000000 20482.dat
1 7 880.000600 -16.000020 -610.000200 -1.000001 0.000000 0.000000 0.000000 1.000000 0.000000 0.000000 0.000000 -1.000001 99780.dat
1 7 880.000600 -18.000030 -572.000200 -1.000001 0.000000 0.000000 0.000000 0.000000 -1.000000 0.000000 -1.000001 0.000000 15571.dat
1 7 910.001400 -32.000020 -600.000200 -1.000001 0.000000 0.000000 0.000000 1.000000 0.000000 0.000000 0.000000 -1.000001 5092.dat
1 7 850.000200 -32.000020 -600.000200 -1.000001 0.000000 0.000000 0.000000 1.000000 0.000000 0.000000 0.000000 -1.000001 5091.dat
1 7 910.001500 -16.000020 -670.000100 0.000000 0.000000 -0.999999 0.000000 1.000000 0.000000 0.999999 0.000000 0.000000 3386.dat
1 7 850.000900 -16.000020 -670.000300 0.000000 0.000000 0.999999 0.000000 1.000000 0.000000 -0.999999 0.000000 0.000000 3386.dat
1 7 928.001500 -10.000020 -670.000100 0.000000 -0.999999 0.000000 0.000000 0.000000 1.000000 -0.999999 0.000000 0.000000 1748.dat
1 7 832.000900 -10.000020 -670.000300 0.000000 0.999999 0.000000 0.000000 0.000000 1.000000 0.999999 0.000000 0.000000 1748.dat
1 0 630.000000 0.000000 -660.000000 0.000000 0.000000 -1.000000 0.000000 1.000000 0.000000 1.000000 0.000000 0.000000 3710.dat
1 0 629.988900 -0.000010 -639.999000 -1.000004 0.000000 0.000000 0.000000 1.000000 0.000000 0.000000 0.000000 -1.000004 61409.dat
1 7 629.988200 0.000000 -689.999300 1.000004 0.000000 0.000000 0.000000 1.000000 0.000000 0.000000 0.000000 1.000004 54200.dat
1 0 581.988600 0.000000 -659.998700 0.000000 0.000000 -1.000005 0.000000 1.000000 0.000000 1.000005 0.000000 0.000000 3710.dat
1 0 581.989700 -0.000010 -639.998900 -1.000006 0.000000 0.000000 0.000000 1.000000 0.000000 0.000000 0.000000 -1.000006 61409.dat
1 7 581.989000 0.000000 -690.000200 1.000006 0.000000 0.000000 0.000000 1.000000 0.000000 0.000000 0.000000 1.000006 54200.dat
1 7 629.988600 -32.000020 -619.998800 1.000003 0.000000 0.000000 0.000000 1.000000 0.000000 0.000000 0.000000 1.000003 7302.dat
1 7 581.989700 -32.000020 -619.998900 1.000005 0.000000 0.000000 0.000000 1.000000 0.000000 0.000000 0.000000 1.000005 7302.dat
1 0 605.988700 -40.000020 -619.998900 1.000000 0.000000 0.000000 0.000000 1.000000 0.000000 0.000000 0.000000 1.000000 85861.dat
1 7 605.988200 -48.000040 -609.998800 0.000000 0.000000 1.000000 0.000000 1.000000 0.000000 -1.000000 0.000000 0.000000 1762.dat
1 7 605.988200 -48.000020 -619.998900 1.000001 0.000000 0.000000 0.000000 1.000000 0.000000 0.000000 0.000000 1.000001 99780.dat
1 7 595.987900 -50.000020 -641.998900 1.000001 0.000000 0.000000 0.000000 0.000000 -1.000000 0.000000 1.000001 0.000000 20482.dat
1 0 591.391500 -46.143360 -661.998800 -0.766047 0.642788 0.000000 0.642788 0.766045 0.000000 0.000000 0.000000 -1.000001 30162.dat
1 0 620.584700 -46.143280 -661.998800 -0.766046 -0.642788 0.000000 -0.642787 0.766044 0.000000 0.000000 0.000000 -1.000001 30162.dat
1 7 615.988500 -50.000000 -641.998800 1.000001 0.000000 0.000000 0.000000 0.000000 -1.000000 0.000000 1.000001 0.000000 20482.dat
1 7 629.988700 -16.000020 -669.999100 0.000000 0.000000 -1.000002 0.000000 1.000000 0.000000 1.000002 0.000000 0.000000 3386.dat
1 7 581.989700 -16.000020 -669.999100 0.000000 0.000000 1.000004 0.000000 1.000000 0.000000 -1.000004 0.000000 0.000000 3386.dat
1 7 647.988800 -10.000020 -669.999100 0.000000 -1.000002 0.000000 0.000000 0.000000 1.000000 -1.000002 0.000000 0.000000 1748.dat
1 7 563.989800 -10.000020 -669.999100 0.000000 1.000004 0.000000 0.000000 0.000000 1.000000 1.000004 0.000000 0.000000 1748.dat
1 7 629.988600 -24.000020 -629.998800 0.000000 0.000000 1.000000 0.000000 1.000000 0.000000 -1.000000 0.000000 0.000000 36841.dat
1 7 581.988600 -24.000020 -629.998900 0.000000 0.000000 -1.000000 0.000000 1.000000 0.000000 1.000000 0.000000 0.000000 36841.dat
1 7 605.988600 -24.000020 -629.998900 0.000000 0.000000 -1.000000 0.000000 1.000000 0.000000 1.000000 0.000000 0.000000 6541.dat
1 7 605.988700 -32.000020 -619.998900 0.000000 0.000000 1.000000 0.000000 1.000000 0.000000 -1.000000 0.000000 0.000000 3794b.dat
1 7 605.988700 -24.000020 -609.998900 1.000000 0.000000 0.000000 0.000000 1.000000 0.000000 0.000000 0.000000 1.000000 3623.dat
1 7 605.988700 -16.000020 -609.998900 -1.000000 0.000000 0.000000 0.000000 1.000000 0.000000 0.000000 0.000000 -1.000000 36840.dat
1 7 605.988700 -18.000020 -587.999000 1.000000 0.000000 0.000000 0.000000 0.000000 1.000000 0.000000 -1.000000 0.000000 3024.dat
1 7 585.988700 -16.000020 -599.998900 -1.000000 0.000000 0.000000 0.000000 1.000000 0.000000 0.000000 0.000000 -1.000000 29120.dat
1 7 625.988700 -16.000020 -599.998900 -1.000000 0.000000 0.000000 0.000000 1.000000 0.000000 0.000000 0.000000 -1.000000 29119.dat
1 0 630.000100 0.000000 -840.000100 0.000000 0.000000 -1.000000 0.000000 1.000000 0.000000 1.000000 0.000000 0.000000 3710.dat
1 0 629.991900 -0.000010 -820.002000 -1.000010 0.000000 0.000000 0.000000 1.000000 0.000000 0.000000 0.000000 -1.000010 61409.dat
1 7 629.991300 0.000000 -870.002600 1.000010 0.000000 0.000000 0.000000 1.000000 0.000000 0.000000 0.000000 1.000010 54200.dat
1 0 581.991700 0.000000 -840.001700 0.000000 0.000000 -1.000011 0.000000 1.000000 0.000000 1.000011 0.000000 0.000000 3710.dat
1 0 581.992700 -0.000010 -820.002000 -1.000012 0.000000 0.000000 0.000000 1.000000 0.000000 0.000000 0.000000 -1.000012 61409.dat
1 7 581.991900 0.000000 -870.003400 1.000012 0.000000 0.000000 0.000000 1.000000 0.000000 0.000000 0.000000 1.000012 54200.dat
1 7 629.991600 -32.000020 -800.001800 1.000009 0.000000 0.000000 0.000000 1.000000 0.000000 0.000000 0.000000 1.000009 7302.dat
1 7 581.992700 -32.000020 -800.001900 1.000011 0.000000 0.000000 0.000000 1.000000 0.000000 0.000000 0.000000 1.000011 7302.dat
1 0 605.991800 -40.000020 -800.001900 1.000006 0.000000 0.000000 0.000000 1.000000 0.000000 0.000000 0.000000 1.000006 85861.dat
1 7 605.991200 -48.000040 -790.001600 0.000000 0.000000 1.000006 0.000000 1.000000 0.000000 -1.000006 0.000000 0.000000 1762.dat
1 7 605.991200 -48.000020 -800.001900 1.000007 0.000000 0.000000 0.000000 1.000000 0.000000 0.000000 0.000000 1.000007 99780.dat
1 7 595.990800 -50.000020 -822.002000 1.000007 0.000000 0.000000 0.000000 0.000000 -1.000000 0.000000 1.000007 0.000000 20482.dat
1 0 591.394500 -46.143360 -842.002000 -0.766053 0.642791 0.000000 0.642788 0.766045 0.000000 0.000000 0.000000 -1.000007 30162.dat
1 0 620.587800 -46.143280 -842.002000 -0.766052 -0.642791 0.000000 -0.642787 0.766044 0.000000 0.000000 0.000000 -1.000007 30162.dat
1 7 615.991600 -50.000000 -822.001700 1.000007 0.000000 0.000000 0.000000 0.000000 -1.000000 0.000000 1.000007 0.000000 20482.dat
1 7 629.991700 -24.000020 -810.001800 0.000000 0.000000 1.000006 0.000000 1.000000 0.000000 -1.000006 0.000000 0.000000 36841.dat
1 7 581.991600 -24.000020 -810.001900 0.000000 0.000000 -1.000006 0.000000 1.000000 0.000000 1.000006 0.000000 0.000000 36841.dat
1 7 605.991700 -24.000020 -810.001900 0.000000 0.000000 -1.000006 0.000000 1.000000 0.000000 1.000006 0.000000 0.000000 6541.dat
1 7 605.991800 -32.000020 -800.001900 0.000000 0.000000 1.000006 0.000000 1.000000 0.000000 -1.000006 0.000000 0.000000 3794b.dat
1 7 605.991800 -24.000020 -790.001800 1.000006 0.000000 0.000000 0.000000 1.000000 0.000000 0.000000 0.000000 1.000006 3623.dat
1 7 605.991800 -16.000020 -790.001800 -1.000006 0.000000 0.000000 0.000000 1.000000 0.000000 0.000000 0.000000 -1.000006 36840.dat
1 7 605.991800 -18.000020 -768.001800 1.000006 0.000000 0.000000 0.000000 0.000000 1.000000 0.000000 -1.000006 0.000000 3024.dat
1 7 585.991700 -16.000020 -780.001600 -1.000006 0.000000 0.000000 0.000000 1.000000 0.000000 0.000000 0.000000 -1.000006 29120.dat
1 7 625.991800 -16.000020 -780.001800 -1.000006 0.000000 0.000000 0.000000 1.000000 0.000000 0.000000 0.000000 -1.000006 29119.dat
1 7 850.001300 -16.000020 -490.000400 1.000000 0.000000 0.000000 0.000000 1.000000 0.000000 0.000000 0.000000 1.000000 86996.dat
1 7 910.002400 -16.000020 -490.000200 1.000000 0.000000 0.000000 0.000000 1.000000 0.000000 0.000000 0.000000 1.000000 86996.dat
1 7 581.992700 -16.000020 -850.002400 1.000000 0.000000 0.000000 0.000000 1.000000 0.000000 0.000000 0.000000 1.000000 86996.dat
1 7 629.991600 -16.000020 -850.002200 1.000000 0.000000 0.000000 0.000000 1.000000 0.000000 0.000000 0.000000 1.000000 86996.dat
1 7 605.991800 -18.000020 -768.001800 -1.000000 0.000000 0.000000 0.000000 0.000000 -1.000000 0.000000 -1.000000 0.000000 54200.dat
1 7 605.988700 -18.000020 -587.999000 -1.000000 0.000000 0.000000 0.000000 0.000000 -1.000000 0.000000 -1.000000 0.000000 54200.dat
0 NOFILE

0 FILE 86996.dat
0 Plate  1 x  1 x  0.667

0 Name: 86996.dat

0 Author: Gerald Lasser [GeraldLasser]

0 !LDRAW_ORG Part UPDATE 2022-01

0 !LICENSE Licensed under CC BY 4.0 : see CAreadme.txt



0 BFC CERTIFY CCW



0 !HISTORY 2022-01-14 [PTadmin] Official Update 2022-01





1 16 0 0 0 1 0 0 0 1 0 0 0 1 stud2a.dat

1 16 0 0 0 6 0 0 0 1 0 0 0 6 4-4edge.dat

1 16 0 0 0 6 0 0 0 1 0 0 0 6 4-4ndis.dat

4 16 6 0 -6 -6 0 -6 -10 0 -10 10 0 -10

4 16 6 0 -6 10 0 -10 10 0 10 6 0 6

4 16 6 0 6 10 0 10 -10 0 10 -6 0 6

4 16 -6 0 6 -10 0 10 -10 0 -10 -6 0 -6

1 16 0 0 0 10 0 0 0 16 0 0 0 10 box4.dat

4 16 -10 16 -10 -6 16 -6 6 16 -6 10 16 -10

4 16 10 16 10 10 16 -10 6 16 -6 6 16 6

4 16 -10 16 10 10 16 10 6 16 6 -6 16 6

4 16 -10 16 -10 -10 16 10 -6 16 6 -6 16 -6

0 BFC INVERTNEXT

1 16 0 4 0 6 0 0 0 12 0 0 0 6 box4.dat

4 16 -6 4 6 -4 4 4 -4 4 -4 -6 4 -6

4 16 -6 4 -6 -4 4 -4 4 4 -4 6 4 -6

4 16 4 4 4 -4 4 4 -6 4 6 6 4 6

4 16 6 4 -6 4 4 -4 4 4 4 6 4 6

1 16 0 4 0 4 0 0 0 -1 0 0 0 4 4-4edge.dat

1 16 0 4 0 4 0 0 0 -1 0 0 0 4 4-4ndis.dat

0 BFC INVERTNEXT

1 16 0 4 0 4 0 0 0 -4 0 0 0 4 4-4cyli.dat

0 NOFILE

0 FILE 4-4cyli.dat
0 Cylinder 1.0

0 Name: 4-4cyli.dat

0 Author: James Jessiman

0 !LDRAW_ORG Primitive UPDATE 2005-01

0 !LICENSE Licensed under CC BY 4.0 : see CAreadme.txt



0 BFC CERTIFY CCW



0 !HISTORY 1998-12-15 [PTadmin] Official Update 1998-10

0 !HISTORY 2002-03-23 [sbliss] Added BFC statement; merged headers from files in distributions LDraw 0.27 and Complete.

0 !HISTORY 2002-04-25 [PTadmin] Official Update 2002-02

0 !HISTORY 2004-12-14 [guyvivan] BFC CCW

0 !HISTORY 2005-12-28 [PTadmin] Official Update 2005-01

0 !HISTORY 2007-06-24 [PTadmin] Header formatted for Contributor Agreement

0 !HISTORY 2008-07-01 [PTadmin] Official Update 2008-01





4 16 1 1 0 0.9239 1 0.3827 0.9239 0 0.3827 1 0 0

5 24 1 0 0 1 1 0 0.9239 0 0.3827 0.9239 0 -0.3827

4 16 0.9239 1 0.3827 0.7071 1 0.7071 0.7071 0 0.7071 0.9239 0 0.3827

5 24 0.9239 0 0.3827 0.9239 1 0.3827 0.7071 0 0.7071 1 0 0

4 16 0.7071 1 0.7071 0.3827 1 0.9239 0.3827 0 0.9239 0.7071 0 0.7071

5 24 0.7071 0 0.7071 0.7071 1 0.7071 0.3827 0 0.9239 0.9239 0 0.3827

4 16 0.3827 1 0.9239 0 1 1 0 0 1 0.3827 0 0.9239

5 24 0.3827 0 0.9239 0.3827 1 0.9239 0 0 1 0.7071 0 0.7071

4 16 0 1 1 -0.3827 1 0.9239 -0.3827 0 0.9239 0 0 1

5 24 0 0 1 0 1 1 -0.3827 0 0.9239 0.3827 0 0.9239

4 16 -0.3827 1 0.9239 -0.7071 1 0.7071 -0.7071 0 0.7071 -0.3827 0 0.9239

5 24 -0.3827 0 0.9239 -0.3827 1 0.9239 -0.7071 0 0.7071 0 0 1

4 16 -0.7071 1 0.7071 -0.9239 1 0.3827 -0.9239 0 0.3827 -0.7071 0 0.7071

5 24 -0.7071 0 0.7071 -0.7071 1 0.7071 -0.9239 0 0.3827 -0.3827 0 0.9239

4 16 -0.9239 1 0.3827 -1 1 0 -1 0 0 -0.9239 0 0.3827

5 24 -0.9239 0 0.3827 -0.9239 1 0.3827 -1 0 0 -0.7071 0 0.7071

4 16 -1 1 0 -0.9239 1 -0.3827 -0.9239 0 -0.3827 -1 0 0

5 24 -1 0 0 -1 1 0 -0.9239 0 -0.3827 -0.9239 0 0.3827

4 16 -0.9239 1 -0.3827 -0.7071 1 -0.7071 -0.7071 0 -0.7071 -0.9239 0 -0.3827

5 24 -0.9239 0 -0.3827 -0.9239 1 -0.3827 -0.7071 0 -0.7071 -1 0 0

4 16 -0.7071 1 -0.7071 -0.3827 1 -0.9239 -0.3827 0 -0.9239 -0.7071 0 -0.7071

5 24 -0.7071 0 -0.7071 -0.7071 1 -0.7071 -0.3827 0 -0.9239 -0.9239 0 -0.3827

4 16 -0.3827 1 -0.9239 0 1 -1 0 0 -1 -0.3827 0 -0.9239

5 24 -0.3827 0 -0.9239 -0.3827 1 -0.9239 0 0 -1 -0.7071 0 -0.7071

4 16 0 1 -1 0.3827 1 -0.9239 0.3827 0 -0.9239 0 0 -1

5 24 0 0 -1 0 1 -1 0.3827 0 -0.9239 -0.3827 0 -0.9239

4 16 0.3827 1 -0.9239 0.7071 1 -0.7071 0.7071 0 -0.7071 0.3827 0 -0.9239

5 24 0.3827 0 -0.9239 0.3827 1 -0.9239 0.7071 0 -0.7071 0 0 -1

4 16 0.7071 1 -0.7071 0.9239 1 -0.3827 0.9239 0 -0.3827 0.7071 0 -0.7071

5 24 0.7071 0 -0.7071 0.7071 1 -0.7071 0.9239 0 -0.3827 0.3827 0 -0.9239

4 16 0.9239 1 -0.3827 1 1 0 1 0 0 0.9239 0 -0.3827

5 24 0.9239 0 -0.3827 0.9239 1 -0.3827 1 0 0 0.7071 0 -0.7071

0

0 NOFILE

0 FILE box4.dat
0 Box with 4 Faces (2 Parallel Pairs) and All Edges

0 Name: box4.dat

0 Author: James Jessiman

0 !LDRAW_ORG Primitive UPDATE 2012-01

0 !LICENSE Licensed under CC BY 4.0 : see CAreadme.txt



0 BFC CERTIFY CCW



0 !HISTORY 2002-04-03 [sbliss] Modified for BFC compliance

0 !HISTORY 2002-04-25 [PTadmin] Official Update 2002-02

0 !HISTORY 2007-06-24 [PTadmin] Header formatted for Contributor Agreement

0 !HISTORY 2008-07-01 [PTadmin] Official Update 2008-01

0 !HISTORY 2012-02-16 [Philo] Changed to CCW

0 !HISTORY 2012-03-30 [PTadmin] Official Update 2012-01





2 24 1 1 1 -1 1 1

2 24 -1 1 1 -1 1 -1

2 24 -1 1 -1 1 1 -1

2 24 1 1 -1 1 1 1

2 24 1 0 1 -1 0 1

2 24 -1 0 1 -1 0 -1

2 24 -1 0 -1 1 0 -1

2 24 1 0 -1 1 0 1

2 24 1 0 1 1 1 1

2 24 -1 0 1 -1 1 1

2 24 1 0 -1 1 1 -1

2 24 -1 0 -1 -1 1 -1

4 16 -1 1 1 -1 0 1 1 0 1 1 1 1

4 16 -1 1 -1 -1 0 -1 -1 0 1 -1 1 1

4 16 1 1 -1 1 0 -1 -1 0 -1 -1 1 -1

4 16 1 1 1 1 0 1 1 0 -1 1 1 -1

0 NOFILE

0 FILE 4-4ndis.dat
0 Disc Negative 1.0

0 Name: 4-4ndis.dat

0 Author: James Jessiman

0 !LDRAW_ORG Primitive UPDATE 2012-01

0 !LICENSE Licensed under CC BY 4.0 : see CAreadme.txt



0 BFC CERTIFY CCW



0 !HISTORY 2002-03-23 [sbliss] Added BFC statement; compacted code

0 !HISTORY 2002-04-25 [PTadmin] Official Update 2002-02

0 !HISTORY 2007-06-24 [PTadmin] Header formatted for Contributor Agreement

0 !HISTORY 2008-07-01 [PTadmin] Official Update 2008-01

0 !HISTORY 2012-02-16 [Philo] Changed to CCW

0 !HISTORY 2012-03-30 [PTadmin] Official Update 2012-01





3 16 0.9239 0 0.3827 1 0 0 1 0 1

3 16 0.7071 0 0.7071 0.9239 0 0.3827 1 0 1

3 16 0.3827 0 0.9239 0.7071 0 0.7071 1 0 1

3 16 0 0 1 0.3827 0 0.9239 1 0 1

3 16 -0.3827 0 0.9239 0 0 1 -1 0 1

3 16 -0.7071 0 0.7071 -0.3827 0 0.9239 -1 0 1

3 16 -0.9239 0 0.3827 -0.7071 0 0.7071 -1 0 1

3 16 -1 0 0 -0.9239 0 0.3827 -1 0 1

3 16 -0.9239 0 -0.3827 -1 0 0 -1 0 -1

3 16 -0.7071 0 -0.7071 -0.9239 0 -0.3827 -1 0 -1

3 16 -0.3827 0 -0.9239 -0.7071 0 -0.7071 -1 0 -1

3 16 0 0 -1 -0.3827 0 -0.9239 -1 0 -1

3 16 0.3827 0 -0.9239 0 0 -1 1 0 -1

3 16 0.7071 0 -0.7071 0.3827 0 -0.9239 1 0 -1

3 16 0.9239 0 -0.3827 0.7071 0 -0.7071 1 0 -1

3 16 1 0 0 0.9239 0 -0.3827 1 0 -1

0 NOFILE

0 FILE 4-4edge.dat
0 Circle 1.0

0 Name: 4-4edge.dat

0 Author: James Jessiman

0 !LDRAW_ORG Primitive UPDATE 2017-01

0 !LICENSE Licensed under CC BY 4.0 : see CAreadme.txt



0 BFC CERTIFY CCW



0 !HISTORY 1998-12-15 [PTadmin] Official Update 1998-10

0 !HISTORY 2005-12-28 [PTadmin] Official Update 2005-01

0 !HISTORY 2007-06-24 [PTadmin] Header formatted for Contributor Agreement

0 !HISTORY 2008-07-01 [PTadmin] Official Update 2008-01

0 !HISTORY 2017-01-15 [Steffen] BFCed

0 !HISTORY 2017-12-30 [PTadmin] Official Update 2017-01





2 24 1 0 0 0.9239 0 0.3827

2 24 0.9239 0 0.3827 0.7071 0 0.7071

2 24 0.7071 0 0.7071 0.3827 0 0.9239

2 24 0.3827 0 0.9239 0 0 1

2 24 0 0 1 -0.3827 0 0.9239

2 24 -0.3827 0 0.9239 -0.7071 0 0.7071

2 24 -0.7071 0 0.7071 -0.9239 0 0.3827

2 24 -0.9239 0 0.3827 -1 0 -0

2 24 -1 0 -0 -0.9239 0 -0.3827

2 24 -0.9239 0 -0.3827 -0.7071 0 -0.7071

2 24 -0.7071 0 -0.7071 -0.3827 0 -0.9239

2 24 -0.3827 0 -0.9239 0 0 -1

2 24 0 0 -1 0.3827 0 -0.9239

2 24 0.3827 0 -0.9239 0.7071 0 -0.7071

2 24 0.7071 0 -0.7071 0.9239 0 -0.3827

2 24 0.9239 0 -0.3827 1 0 0

0 NOFILE

0 FILE stud2a.dat
0 Stud Open without Base Edges

0 Name: stud2a.dat

0 Author: James Jessiman

0 !LDRAW_ORG Primitive UPDATE 2009-02

0 !LICENSE Licensed under CC BY 4.0 : see CAreadme.txt



0 BFC CERTIFY CCW



0 !HISTORY 1999-07-05 [PTadmin] Official Update 1999-05

0 !HISTORY 2002-04-04 [sbliss] Modified for BFC compliance

0 !HISTORY 2002-04-25 [PTadmin] Official Update 2002-02

0 !HISTORY 2007-06-24 [PTadmin] Header formatted for Contributor Agreement

0 !HISTORY 2008-07-01 [PTadmin] Official Update 2008-01

0 !HISTORY 2009-06-21 [cwdee] Update ring references to 4-4ring

0 !HISTORY 2009-09-03 [PTadmin] Official Update 2009-02





1 16 0 -4 0 4 0 0 0 1 0 0 0 4 4-4edge.dat

1 16 0 -4 0 6 0 0 0 1 0 0 0 6 4-4edge.dat

0 BFC INVERTNEXT

1 16 0 -4 0 4 0 0 0 4 0 0 0 4 4-4cyli.dat

1 16 0 -4 0 6 0 0 0 4 0 0 0 6 4-4cyli.dat

1 16 0 -4 0 2 0 0 0 1 0 0 0 2 4-4ring2.dat

0

0 NOFILE

0 FILE 4-4ring2.dat
0 Ring  2 x 1.0

0 Name: 4-4ring2.dat

0 Author: James Jessiman

0 !LDRAW_ORG Primitive UPDATE 2009-01

0 !LICENSE Licensed under CC BY 4.0 : see CAreadme.txt



0 BFC CERTIFY CCW



0 !HISTORY 1998-12-15 [PTadmin] Official Update 1998-10

0 !HISTORY 2002-04-05 [hafhead] Added BFC statement

0 !HISTORY 2002-04-25 [PTadmin] Official Update 2002-02

0 !HISTORY 2007-06-24 [PTadmin] Header formatted for Contributor Agreement

0 !HISTORY 2008-07-01 [PTadmin] Official Update 2008-01

0 !HISTORY 2008-08-26 [cwdee] Switch polygon winding and rename

0 !HISTORY 2009-05-02 [PTadmin] Official Update 2009-01





4 16 -1.1481 0 2.7717 -0.7654 0 1.8478 0 0 2 0 0 3

4 16 -2.1213 0 2.1213 -1.4142 0 1.4142 -0.7654 0 1.8478 -1.1481 0 2.7717

4 16 -2.7717 0 1.1481 -1.8478 0 0.7654 -1.4142 0 1.4142 -2.1213 0 2.1213

4 16 -3 0 0 -2 0 0 -1.8478 0 0.7654 -2.7717 0 1.1481

4 16 -2.7717 0 -1.1481 -1.8478 0 -0.7654 -2 0 0 -3 0 0

4 16 -2.1213 0 -2.1213 -1.4142 0 -1.4142 -1.8478 0 -0.7654 -2.7717 0 -1.1481

4 16 -1.1481 0 -2.7717 -0.7654 0 -1.8478 -1.4142 0 -1.4142 -2.1213 0 -2.1213

4 16 0 0 -3 0 0 -2 -0.7654 0 -1.8478 -1.1481 0 -2.7717

4 16 1.1481 0 -2.7717 0.7654 0 -1.8478 0 0 -2 0 0 -3

4 16 2.1213 0 -2.1213 1.4142 0 -1.4142 0.7654 0 -1.8478 1.1481 0 -2.7717

4 16 2.7717 0 -1.1481 1.8478 0 -0.7654 1.4142 0 -1.4142 2.1213 0 -2.1213

4 16 3 0 0 2 0 0 1.8478 0 -0.7654 2.7717 0 -1.1481

4 16 2.7717 0 1.1481 1.8478 0 0.7654 2 0 0 3 0 0

4 16 2.1213 0 2.1213 1.4142 0 1.4142 1.8478 0 0.7654 2.7717 0 1.1481

4 16 1.1481 0 2.7717 0.7654 0 1.8478 1.4142 0 1.4142 2.1213 0 2.1213

4 16 0 0 3 0 0 2 0.7654 0 1.8478 1.1481 0 2.7717

0

0 NOFILE

0 FILE 3623.dat
0 Plate  1 x  3

0 Name: 3623.dat

0 Author: James Jessiman

0 !LDRAW_ORG Part UPDATE 2017-01

0 !LICENSE Licensed under CC BY 4.0 : see CAreadme.txt



0 BFC CERTIFY CCW



0 !HISTORY 2003-06-08 [jriley] BFC compliant

0 !HISTORY 2003-12-19 [PTadmin] Official Update 2003-03

0 !HISTORY 2007-06-25 [PTadmin] Header formatted for Contributor Agreement

0 !HISTORY 2008-07-01 [PTadmin] Official Update 2008-01

0 !HISTORY 2017-04-02 [Sirio] Introduced use of subpart

0 !HISTORY 2017-12-30 [PTadmin] Official Update 2017-01





1 16 0 0 0 1 0 0 0 1 0 0 0 1 s__3623s01.dat

4 16 -30 8 -10 30 8 -10 30 0 -10 -30 0 -10

0 NOFILE

0 FILE s__3623s01.dat
0 ~Plate  1 x  3 without Front Face

0 Name: s\3623s01.dat

0 Author: Massimo Maso [Sirio]

0 !LDRAW_ORG Subpart UPDATE 2017-01

0 !LICENSE Licensed under CC BY 4.0 : see CAreadme.txt



0 BFC CERTIFY CCW



0 !HISTORY 2017-12-30 [PTadmin] Official Update 2017-01





1 16 10 4 0 1 0 0 0 -1 0 0 0 1 stud3.dat

1 16 -10 4 0 1 0 0 0 -1 0 0 0 1 stud3.dat

0 BFC INVERTNEXT

1 16 0 8 0 26 0 0 0 -4 0 0 0 6 box5.dat

4 16 30 8 10 26 8 6 -26 8 6 -30 8 10

4 16 -30 8 10 -26 8 6 -26 8 -6 -30 8 -10

4 16 -30 8 -10 -26 8 -6 26 8 -6 30 8 -10

4 16 30 8 -10 26 8 -6 26 8 6 30 8 10

1 16 0 8 0 30 0 0 0 -8 0 0 0 10 box4t.dat

1 16 0 0 0 1 0 0 0 1 0 0 0 1 stug-1x3.dat

0 NOFILE

0 FILE stug-1x3.dat
0 Stud Group  1 x  3

0 Name: stug-1x3.dat

0 Author: Steffen [Steffen]

0 !LDRAW_ORG Primitive UPDATE 2012-01

0 !LICENSE Licensed under CC BY 4.0 : see CAreadme.txt



0 BFC CERTIFY CCW



0 !HISTORY 2012-03-30 [PTadmin] Official Update 2012-01





1 16 -20 0 0 1 0 0 0 1 0 0 0 1 stud.dat

1 16 0 0 0 1 0 0 0 1 0 0 0 1 stud.dat

1 16 20 0 0 1 0 0 0 1 0 0 0 1 stud.dat

0 NOFILE

0 FILE stud.dat
0 Stud

0 Name: stud.dat

0 Author: James Jessiman

0 !LDRAW_ORG Primitive UPDATE 2012-01

0 !LICENSE Licensed under CC BY 4.0 : see CAreadme.txt



0 BFC CERTIFY CCW



0 !HISTORY 2002-04-04 [sbliss] Modified for BFC compliance

0 !HISTORY 2002-04-25 [PTadmin] Official Update 2002-02

0 !HISTORY 2007-06-24 [PTadmin] Header formatted for Contributor Agreement

0 !HISTORY 2008-07-01 [PTadmin] Official Update 2008-01

0 !HISTORY 2012-02-16 [Philo] Changed to CCW

0 !HISTORY 2012-03-30 [PTadmin] Official Update 2012-01





1 16 0 0 0 6 0 0 0 1 0 0 0 6 4-4edge.dat

1 16 0 -4 0 6 0 0 0 1 0 0 0 6 4-4edge.dat

1 16 0 0 0 6 0 0 0 -4 0 0 0 6 4-4cyli.dat

1 16 0 -4 0 6 0 0 0 1 0 0 0 6 4-4disc.dat

0 NOFILE

0 FILE 4-4disc.dat
0 Disc 1.0

0 Name: 4-4disc.dat

0 Author: James Jessiman

0 !LDRAW_ORG Primitive UPDATE 2002-02

0 !LICENSE Licensed under CC BY 4.0 : see CAreadme.txt



0 BFC CERTIFY CCW



0 !HISTORY 1998-12-15 [PTadmin] Official Update 1998-10

0 !HISTORY 2002-03-23 [sbliss] Added BFC statement

0 !HISTORY 2002-04-25 [PTadmin] Official Update 2002-02

0 !HISTORY 2007-06-24 [PTadmin] Header formatted for Contributor Agreement

0 !HISTORY 2008-07-01 [PTadmin] Official Update 2008-01





3 16 0 0 0 1 0 0 0.9239 0 0.3827

3 16 0 0 0 0.9239 0 0.3827 0.7071 0 0.7071

3 16 0 0 0 0.7071 0 0.7071 0.3827 0 0.9239

3 16 0 0 0 0.3827 0 0.9239 0 0 1

3 16 0 0 0 0 0 1 -0.3827 0 0.9239

3 16 0 0 0 -0.3827 0 0.9239 -0.7071 0 0.7071

3 16 0 0 0 -0.7071 0 0.7071 -0.9239 0 0.3827

3 16 0 0 0 -0.9239 0 0.3827 -1 0 -0

3 16 0 0 0 -1 0 -0 -0.9239 0 -0.3827

3 16 0 0 0 -0.9239 0 -0.3827 -0.7071 0 -0.7071

3 16 0 0 0 -0.7071 0 -0.7071 -0.3827 0 -0.9239

3 16 0 0 0 -0.3827 0 -0.9239 0 0 -1

3 16 0 0 0 0 0 -1 0.3827 0 -0.9239

3 16 0 0 0 0.3827 0 -0.9239 0.7071 0 -0.7071

3 16 0 0 0 0.7071 0 -0.7071 0.9239 0 -0.3827

3 16 0 0 0 0.9239 0 -0.3827 1 0 0

0

0 NOFILE

0 FILE box4t.dat
0 Box with 4 Adjacent Faces and All Edges

0 Name: box4t.dat

0 Author: Tore Eriksson [Tore_Eriksson]

0 !LDRAW_ORG Primitive UPDATE 2003-02

0 !LICENSE Licensed under CC BY 4.0 : see CAreadme.txt



0 BFC CERTIFY CCW



0 !HISTORY 1997-09-29 [PTadmin] Official Update 1997-15

0 !HISTORY 2002-08-31 [izanette] Modified with WINDZ for BFC compliance

0 !HISTORY 2003-08-01 [PTadmin] Official Update 2003-02

0 !HISTORY 2007-06-24 [PTadmin] Header formatted for Contributor Agreement

0 !HISTORY 2008-07-01 [PTadmin] Official Update 2008-01





2 24 1 1 1 -1 1 1

2 24 -1 1 1 -1 1 -1

2 24 -1 1 -1 1 1 -1

2 24 1 1 -1 1 1 1

2 24 1 0 1 -1 0 1

2 24 -1 0 1 -1 0 -1

2 24 -1 0 -1 1 0 -1

2 24 1 0 -1 1 0 1

2 24 1 0 1 1 1 1

2 24 -1 0 1 -1 1 1

2 24 1 0 -1 1 1 -1

2 24 -1 0 -1 -1 1 -1

4 16 1 1 1 1 1 -1 -1 1 -1 -1 1 1

4 16 1 1 1 -1 1 1 -1 0 1 1 0 1

4 16 -1 1 1 -1 1 -1 -1 0 -1 -1 0 1

0 // 4 16 -1 1 -1 -1 0 -1 1 0 -1 1 1 -1

4 16 1 1 -1 1 1 1 1 0 1 1 0 -1

0

0 NOFILE

0 FILE box5.dat
0 Box with 5 Faces and All Edges

0 Name: box5.dat

0 Author: James Jessiman

0 !LDRAW_ORG Primitive UPDATE 2012-01

0 !LICENSE Licensed under CC BY 4.0 : see CAreadme.txt



0 BFC CERTIFY CCW



0 !HISTORY 2002-04-03 [sbliss] Modified for BFC compliance

0 !HISTORY 2002-04-25 [PTadmin] Official Update 2002-02

0 !HISTORY 2007-06-24 [PTadmin] Header formatted for Contributor Agreement

0 !HISTORY 2008-07-01 [PTadmin] Official Update 2008-01

0 !HISTORY 2012-02-16 [Philo] Changed to CCW

0 !HISTORY 2012-03-30 [PTadmin] Official Update 2012-01





2 24 1 1 1 -1 1 1

2 24 -1 1 1 -1 1 -1

2 24 -1 1 -1 1 1 -1

2 24 1 1 -1 1 1 1

2 24 1 0 1 -1 0 1

2 24 -1 0 1 -1 0 -1

2 24 -1 0 -1 1 0 -1

2 24 1 0 -1 1 0 1

2 24 1 0 1 1 1 1

2 24 -1 0 1 -1 1 1

2 24 1 0 -1 1 1 -1

2 24 -1 0 -1 -1 1 -1

4 16 -1 1 1 1 1 1 1 1 -1 -1 1 -1

4 16 -1 1 1 -1 0 1 1 0 1 1 1 1

4 16 -1 1 -1 -1 0 -1 -1 0 1 -1 1 1

4 16 1 1 -1 1 0 -1 -1 0 -1 -1 1 -1

4 16 1 1 1 1 0 1 1 0 -1 1 1 -1

0 NOFILE

0 FILE stud3.dat
0 Stud Tube Solid

0 Name: stud3.dat

0 Author: James Jessiman

0 !LDRAW_ORG Primitive UPDATE 2012-01

0 !LICENSE Licensed under CC BY 4.0 : see CAreadme.txt



0 BFC CERTIFY CCW



0 !HISTORY 2002-04-04 [sbliss] Modified for BFC compliance

0 !HISTORY 2002-04-25 [PTadmin] Official Update 2002-02

0 !HISTORY 2007-06-24 [PTadmin] Header formatted for Contributor Agreement

0 !HISTORY 2008-07-01 [PTadmin] Official Update 2008-01

0 !HISTORY 2012-02-16 [Philo] Changed to CCW

0 !HISTORY 2012-03-30 [PTadmin] Official Update 2012-01





1 16 0 -4 0 4 0 0 0 1 0 0 0 4 4-4edge.dat

1 16 0 0 0 4 0 0 0 1 0 0 0 4 4-4edge.dat

1 16 0 -4 0 4 0 0 0 1 0 0 0 4 4-4disc.dat

1 16 0 -4 0 4 0 0 0 4 0 0 0 4 4-4cyli.dat

0 NOFILE

0 FILE 3794b.dat
0 Plate  1 x  2 with Groove with 1 Centre Stud

0 Name: 3794b.dat

0 Author: Magnus Forsberg [MagFors]

0 !LDRAW_ORG Part UPDATE 2011-02

0 !LICENSE Licensed under CC BY 4.0 : see CAreadme.txt



0 BFC CERTIFY CCW



0 !KEYWORDS jumper, offset, spacer, tile



0 !HISTORY 2011-12-29 [PTadmin] Official Update 2011-02





1 16 0 4 0 1 0 0 0 -1 0 0 0 1 stud3.dat

0 BFC INVERTNEXT

1 16 0 8 0 16 0 0 0 -4 0 0 0 6 box5.dat

4 16 19 8 9 16 8 6 -16 8 6 -19 8 9

4 16 -19 8 9 -16 8 6 -16 8 -6 -19 8 -9

4 16 -19 8 -9 -16 8 -6 16 8 -6 19 8 -9

4 16 19 8 -9 16 8 -6 16 8 6 19 8 9

1 16 0 8 0 19 0 0 0 -1 0 0 0 9 box4.dat

4 16 20 7 10 19 7 9 -19 7 9 -20 7 10

4 16 -20 7 10 -19 7 9 -19 7 -9 -20 7 -10

4 16 -20 7 -10 -19 7 -9 19 7 -9 20 7 -10

4 16 20 7 -10 19 7 -9 19 7 9 20 7 10

1 16 0 7 0 20 0 0 0 -7 0 0 0 10 box5.dat

1 16 0 0 0 1 0 0 0 1 0 0 0 1 stud2.dat

0 NOFILE

0 FILE stud2.dat
0 Stud Open

0 Name: stud2.dat

0 Author: James Jessiman

0 !LDRAW_ORG Primitive UPDATE 2009-02

0 !LICENSE Licensed under CC BY 4.0 : see CAreadme.txt



0 BFC CERTIFY CCW



0 !HISTORY 1999-07-05 [PTadmin] Official Update 1999-05

0 !HISTORY 2002-04-04 [sbliss] Modified for BFC compliance

0 !HISTORY 2002-04-25 [PTadmin] Official Update 2002-02

0 !HISTORY 2007-06-24 [PTadmin] Header formatted for Contributor Agreement

0 !HISTORY 2008-07-01 [PTadmin] Official Update 2008-01

0 !HISTORY 2009-06-21 [cwdee] Update ring references to 4-4ring

0 !HISTORY 2009-09-03 [PTadmin] Official Update 2009-02





1 16 0 0 0 4 0 0 0 1 0 0 0 4 4-4edge.dat

1 16 0 0 0 6 0 0 0 1 0 0 0 6 4-4edge.dat

1 16 0 -4 0 4 0 0 0 1 0 0 0 4 4-4edge.dat

1 16 0 -4 0 6 0 0 0 1 0 0 0 6 4-4edge.dat

0 BFC INVERTNEXT

1 16 0 -4 0 4 0 0 0 4 0 0 0 4 4-4cyli.dat

1 16 0 -4 0 6 0 0 0 4 0 0 0 6 4-4cyli.dat

1 16 0 -4 0 2 0 0 0 1 0 0 0 2 4-4ring2.dat

0

0 NOFILE

0 FILE 6541.dat
0 Technic Brick  1 x  1 with Hole

0 Name: 6541.dat

0 Author: James Jessiman

0 !LDRAW_ORG Part UPDATE 2003-03

0 !LICENSE Licensed under CC BY 4.0 : see CAreadme.txt



0 BFC CERTIFY CCW



0 !HISTORY 2002-08-31 [izanette] Modified with WINDZ for BFC compliance

0 !HISTORY 2003-07-06 [Steffen] removed matrix-all-zero errors; deleted erroneous INVERTNEXT statments before references to peghole.dat

0 !HISTORY 2003-12-19 [PTadmin] Official Update 2003-03

0 !HISTORY 2007-07-16 [PTadmin] Header formatted for Contributor Agreement

0 !HISTORY 2008-07-01 [PTadmin] Official Update 2008-01





0 BFC INVERTNEXT

1 16 0 24 0 6 0 0 0 -4 0 0 0 6 box5.dat

4 16 10 24 10 6 24 6 -6 24 6 -10 24 10

4 16 -10 24 10 -6 24 6 -6 24 -6 -10 24 -10

4 16 -10 24 -10 -6 24 -6 6 24 -6 10 24 -10

4 16 10 24 -10 6 24 -6 6 24 6 10 24 10

2 24 10 24 10 -10 24 10

2 24 -10 24 10 -10 24 -10

2 24 -10 24 -10 10 24 -10

2 24 10 24 -10 10 24 10

2 24 10 24 10 10 0 10

2 24 -10 24 10 -10 0 10

2 24 -10 24 -10 -10 0 -10

2 24 10 24 -10 10 0 -10

1 16 0 10 10 1 0 0 0 0 1 0 -1 0 peghole.dat

1 16 0 10 -10 1 0 0 0 0 1 0 1 0 peghole.dat

0 BFC INVERTNEXT

1 16 0 10 -8 6 0 0 0 0 6 0 16 0 4-4cyli.dat

1 16 0 10 10 8 0 0 0 0 8 0 -1 0 4-4ndis.dat

1 16 0 10 -10 8 0 0 0 0 8 0 1 0 4-4ndis.dat

4 16 10 24 10 10 0 10 10 0 -10 10 24 -10

4 16 -10 24 10 -10 24 -10 -10 0 -10 -10 0 10

4 16 10 24 10 -10 24 10 -8 18 10 8 18 10

4 16 10 0 10 8 2 10 -8 2 10 -10 0 10

4 16 10 24 10 8 18 10 8 2 10 10 0 10

4 16 -10 24 10 -10 0 10 -8 2 10 -8 18 10

4 16 10 24 -10 8 18 -10 -8 18 -10 -10 24 -10

4 16 10 0 -10 -10 0 -10 -8 2 -10 8 2 -10

4 16 10 24 -10 10 0 -10 8 2 -10 8 18 -10

4 16 -10 24 -10 -8 18 -10 -8 2 -10 -10 0 -10

1 16 0 0 0 10 0 0 0 1 0 0 0 10 rect.dat

1 16 0 0 0 1 0 0 0 1 0 0 0 1 stud2.dat

0

0 NOFILE

0 FILE rect.dat
0 Rectangle

0 Name: rect.dat

0 Author: James Jessiman

0 !LDRAW_ORG Primitive UPDATE 2010-01

0 !LICENSE Licensed under CC BY 4.0 : see CAreadme.txt



0 BFC CERTIFY CCW



0 !HISTORY 2002-04-05 [hafhead] Added BFC statement

0 !HISTORY 2002-04-25 [PTadmin] Official Update 2002-02

0 !HISTORY 2007-06-24 [PTadmin] Header formatted for Contributor Agreement

0 !HISTORY 2008-07-01 [PTadmin] Official Update 2008-01

0 !HISTORY 2010-01-17 [mikeheide] changed winding to CCW

0 !HISTORY 2010-04-05 [PTadmin] Official Update 2010-01





2 24 1 0 1 -1 0 1

2 24 -1 0 1 -1 0 -1

2 24 -1 0 -1 1 0 -1

2 24 1 0 -1 1 0 1

4 16 -1 0 1 -1 0 -1 1 0 -1 1 0 1

0

0 NOFILE

0 FILE peghole.dat
0 Peg Hole End

0 Name: peghole.dat

0 Author: James Jessiman

0 !LDRAW_ORG Primitive UPDATE 2010-01

0 !LICENSE Licensed under CC BY 4.0 : see CAreadme.txt



0 BFC CERTIFY CCW



0 !HISTORY 2002-05-01 [mkennedy] replace code with ring3

0 !HISTORY 2002-05-01 [sbliss] BFC

0 !HISTORY 2002-06-11 [PTadmin] Official Update 2002-03

0 !HISTORY 2007-06-24 [PTadmin] Header formatted for Contributor Agreement

0 !HISTORY 2008-07-01 [PTadmin] Official Update 2008-01

0 !HISTORY 2010-01-14 [cwdee] Update ring3 to 4-4ring3

0 !HISTORY 2010-04-05 [PTadmin] Official Update 2010-01





1 16 0 0 0 8 0 0 0 1 0 0 0 8 4-4edge.dat

1 16 0 2 0 8 0 0 0 1 0 0 0 8 4-4edge.dat

1 16 0 2 0 6 0 0 0 1 0 0 0 6 4-4edge.dat

1 16 0 2 0 2 0 0 0 1 0 0 0 2 4-4ring3.dat

0 BFC INVERTNEXT

1 16 0 0 0 8 0 0 0 2 0 0 0 8 4-4cyli.dat

0

0 NOFILE

0 FILE 4-4ring3.dat
0 Ring  3 x 1.0

0 Name: 4-4ring3.dat

0 Author: James Jessiman

0 !LDRAW_ORG Primitive UPDATE 2009-01

0 !LICENSE Licensed under CC BY 4.0 : see CAreadme.txt



0 BFC CERTIFY CCW



0 !HISTORY 1998-12-15 [PTadmin] Official Update 1998-10

0 !HISTORY 2002-04-05 [hafhead] Added BFC statement

0 !HISTORY 2002-04-25 [PTadmin] Official Update 2002-02

0 !HISTORY 2007-06-24 [PTadmin] Header formatted for Contributor Agreement

0 !HISTORY 2008-07-01 [PTadmin] Official Update 2008-01

0 !HISTORY 2008-08-26 [cwdee] Switch polygon winding and rename

0 !HISTORY 2009-05-02 [PTadmin] Official Update 2009-01





4 16 -1.5308 0 3.6956 -1.1481 0 2.7717 0 0 3 0 0 4

4 16 -2.8284 0 2.8284 -2.1213 0 2.1213 -1.1481 0 2.7717 -1.5308 0 3.6956

4 16 -3.6956 0 1.5308 -2.7717 0 1.1481 -2.1213 0 2.1213 -2.8284 0 2.8284

4 16 -4 0 0 -3 0 0 -2.7717 0 1.1481 -3.6956 0 1.5308

4 16 -3.6956 0 -1.5308 -2.7717 0 -1.1481 -3 0 0 -4 0 0

4 16 -2.8284 0 -2.8284 -2.1213 0 -2.1213 -2.7717 0 -1.1481 -3.6956 0 -1.5308

4 16 -1.5308 0 -3.6956 -1.1481 0 -2.7717 -2.1213 0 -2.1213 -2.8284 0 -2.8284

4 16 0 0 -4 0 0 -3 -1.1481 0 -2.7717 -1.5308 0 -3.6956

4 16 1.5308 0 -3.6956 1.1481 0 -2.7717 0 0 -3 0 0 -4

4 16 2.8284 0 -2.8284 2.1213 0 -2.1213 1.1481 0 -2.7717 1.5308 0 -3.6956

4 16 3.6956 0 -1.5308 2.7717 0 -1.1481 2.1213 0 -2.1213 2.8284 0 -2.8284

4 16 4 0 0 3 0 0 2.7717 0 -1.1481 3.6956 0 -1.5308

4 16 3.6956 0 1.5308 2.7717 0 1.1481 3 0 0 4 0 0

4 16 2.8284 0 2.8284 2.1213 0 2.1213 2.7717 0 1.1481 3.6956 0 1.5308

4 16 1.5308 0 3.6956 1.1481 0 2.7717 2.1213 0 2.1213 2.8284 0 2.8284

4 16 0 0 4 0 0 3 1.1481 0 2.7717 1.5308 0 3.6956

0

0 NOFILE

0 FILE 3386.dat
0 Plate  1 x  1 x  0.667 Half Round with Open Side Stud
0 Name: 3386.dat
0 Author: Magnus Forsberg [MagFors]
0 !LDRAW_ORG Part UPDATE 2024-02
0 !LICENSE Licensed under CC BY 4.0 : see CAreadme.txt

0 BFC CERTIFY CCW

0 !HISTORY 2024-03-24 [OrionP] Official Update 2024-02


1 16 0 16 0 6 0 0 0 -1 0 0 0 6 2-4ndis.dat
1 16 0 16 0 10 0 0 0 -1 0 0 0 10 1-8chrd.dat
1 16 0 16 0 0 0 10 0 -1 0 10 0 0 1-8chrd.dat
1 16 0 16 0 -10 0 0 0 -1 0 0 0 10 1-8chrd.dat
1 16 0 16 0 0 0 -10 0 -1 0 10 0 0 1-8chrd.dat
4 16 10 16 0 6 16 0 6 16 6 7.071 16 7.071
4 16 0 16 10 7.071 16 7.071 6 16 6 0 16 6
4 16 0 16 10 0 16 6 -6 16 6 -7.071 16 7.071
4 16 -7.071 16 7.071 -6 16 6 -6 16 0 -10 16 0
2 24 10 16 -10 -10 16 -10

4 16 -10 16 -10 -10 16 0 -6 16 0 -6 16 -6
4 16 10 16 -10 -10 16 -10 -6 16 -6 6 16 -6
4 16 10 16 0 10 16 -10 6 16 -6 6 16 0
0 BFC INVERTNEXT
1 16 0 16 -3 0 0 6 0 -14 0 3 0 0 box3u5p.dat
0 BFC INVERTNEXT
1 16 0 2 0 6 0 0 0 14 0 0 0 6 2-4cylc.dat
1 16 0 6 -6 0 0 4 4 0 0 0 -1 0 4-4ndis.dat
4 16 4 10 -6 4 2 -6 6 2 -6 6 16 -6
4 16 -4 10 -6 4 10 -6 6 16 -6 -6 16 -6
4 16 -4 10 -6 -6 16 -6 -6 2 -6 -4 2 -6
2 24 6 16 -6 -6 16 -6

0 BFC INVERTNEXT
1 16 0 6 -6 0 0 4 4 0 0 0 -4 0 4-4cyli.dat
1 16 0 6 -10 0 0 6 6 0 0 0 1 0 4-4edge.dat
1 16 0 6 -6 0 0 4 4 0 0 0 1 0 4-4edge.dat
1 16 0 6 -10 0 0 6 6 0 0 0 1 0 4-4ndis.dat
1 16 0 6 -10 0 0 1 1 0 0 0 1 0 stud2a.dat
4 16 10 0 -10 6 0 -10 6 12 -10 10 16 -10
4 16 -10 16 -10 10 16 -10 6 12 -10 -6 12 -10
4 16 -10 16 -10 -6 12 -10 -6 0 -10 -10 0 -10

1 16 0 0 0 10 0 0 0 16 0 0 0 10 2-4cylc.dat
1 16 0 16 -5 0 0 10 0 -16 0 5 0 0 box3u5p.dat
1 16 0 0 0 0 0 1 0 1 0 -1 0 0 stud.dat
0 NOFILE

0 FILE 2-4cylc.dat
0 Cylinder Closed 0.5

0 Name: 2-4cylc.dat

0 Author: Alex Taylor [anathema]

0 !LDRAW_ORG Primitive UPDATE 2009-02

0 !LICENSE Licensed under CC BY 4.0 : see CAreadme.txt



0 BFC CERTIFY CCW



0 !HISTORY 2009-09-03 [PTadmin] Official Update 2009-02





1 16 0 0 0 1 0 0 0 1 0 0 0 1 2-4edge.dat

1 16 0 1 0 1 0 0 0 1 0 0 0 1 2-4edge.dat

1 16 0 0 0 1 0 0 0 1 0 0 0 1 2-4disc.dat

1 16 0 0 0 1 0 0 0 1 0 0 0 1 2-4cyli.dat

0

0 NOFILE

0 FILE 2-4cyli.dat
0 Cylinder 0.5

0 Name: 2-4cyli.dat

0 Author: James Jessiman

0 !LDRAW_ORG Primitive UPDATE 2005-01

0 !LICENSE Licensed under CC BY 4.0 : see CAreadme.txt



0 BFC CERTIFY CCW



0 !HISTORY 2002-03-23 [sbliss] Added BFC statement; compacted code

0 !HISTORY 2002-04-25 [PTadmin] Official Update 2002-02

0 !HISTORY 2004-12-11 [nielsk] Recreated using Primitive Generator, Edge lines fixed, BFC changed to CCW

0 !HISTORY 2005-12-28 [PTadmin] Official Update 2005-01

0 !HISTORY 2007-06-24 [PTadmin] Header formatted for Contributor Agreement

0 !HISTORY 2008-07-01 [PTadmin] Official Update 2008-01





4 16 .9239 1 .3827 .9239 0 .3827 1 0 0 1 1 0

4 16 .7071 1 .7071 .7071 0 .7071 .9239 0 .3827 .9239 1 .3827

4 16 .3827 1 .9239 .3827 0 .9239 .7071 0 .7071 .7071 1 .7071

4 16 0 1 1 0 0 1 .3827 0 .9239 .3827 1 .9239

4 16 -.3827 1 .9239 -.3827 0 .9239 0 0 1 0 1 1

4 16 -.7071 1 .7071 -.7071 0 .7071 -.3827 0 .9239 -.3827 1 .9239

4 16 -.9239 1 .3827 -.9239 0 .3827 -.7071 0 .7071 -.7071 1 .7071

4 16 -1 1 0 -1 0 0 -.9239 0 .3827 -.9239 1 .3827

5 24 1 1 0 1 0 0 1 1 -.4142 .9239 1 .3827

5 24 .9239 1 .3827 .9239 0 .3827 1 1 0 .7071 1 .7071

5 24 .7071 1 .7071 .7071 0 .7071 .9239 1 .3827 .3827 1 .9239

5 24 .3827 1 .9239 .3827 0 .9239 .7071 1 .7071 0 1 1

5 24 0 1 1 0 0 1 .3827 1 .9239 -.3827 1 .9239

5 24 -.3827 1 .9239 -.3827 0 .9239 0 1 1 -.7071 1 .7071

5 24 -.7071 1 .7071 -.7071 0 .7071 -.3827 1 .9239 -.9239 1 .3827

5 24 -.9239 1 .3827 -.9239 0 .3827 -.7071 1 .7071 -1 1 0

5 24 -1 1 0 -1 0 0 -.9239 1 .3827 -1 1 -.4142

0

0 NOFILE

0 FILE 2-4disc.dat
0 Disc 0.5

0 Name: 2-4disc.dat

0 Author: James Jessiman

0 !LDRAW_ORG Primitive UPDATE 2002-02

0 !LICENSE Licensed under CC BY 4.0 : see CAreadme.txt



0 BFC CERTIFY CCW



0 !HISTORY 1998-12-15 [PTadmin] Official Update 1998-10

0 !HISTORY 2002-03-23 [sbliss] Added BFC statement

0 !HISTORY 2002-04-25 [PTadmin] Official Update 2002-02

0 !HISTORY 2007-06-24 [PTadmin] Header formatted for Contributor Agreement

0 !HISTORY 2008-07-01 [PTadmin] Official Update 2008-01





3 16 0 0 0 1 0 0 0.9239 0 0.3827

3 16 0 0 0 0.9239 0 0.3827 0.7071 0 0.7071

3 16 0 0 0 0.7071 0 0.7071 0.3827 0 0.9239

3 16 0 0 0 0.3827 0 0.9239 0 0 1

3 16 0 0 0 0 0 1 -0.3827 0 0.9239

3 16 0 0 0 -0.3827 0 0.9239 -0.7071 0 0.7071

3 16 0 0 0 -0.7071 0 0.7071 -0.9239 0 0.3827

3 16 0 0 0 -0.9239 0 0.3827 -1 0 -0

0

0 NOFILE

0 FILE 2-4edge.dat
0 Circle 0.5

0 Name: 2-4edge.dat

0 Author: James Jessiman

0 !LDRAW_ORG Primitive UPDATE 2017-01

0 !LICENSE Licensed under CC BY 4.0 : see CAreadme.txt



0 BFC CERTIFY CCW



0 !HISTORY 2007-06-24 [PTadmin] Header formatted for Contributor Agreement

0 !HISTORY 2008-07-01 [PTadmin] Official Update 2008-01

0 !HISTORY 2017-01-15 [Steffen] BFCed

0 !HISTORY 2017-12-30 [PTadmin] Official Update 2017-01





2 24 1 0 0 0.9239 0 0.3827

2 24 0.9239 0 0.3827 0.7071 0 0.7071

2 24 0.7071 0 0.7071 0.3827 0 0.9239

2 24 0.3827 0 0.9239 0 0 1

2 24 0 0 1 -0.3827 0 0.9239

2 24 -0.3827 0 0.9239 -0.7071 0 0.7071

2 24 -0.7071 0 0.7071 -0.9239 0 0.3827

2 24 -0.9239 0 0.3827 -1 0 0

0 NOFILE

0 FILE box3u5p.dat
0 Box with  3 Faces without  5 Edges

0 Name: box3u5p.dat

0 Author: Willy Tschager [Holly-Wood]

0 !LDRAW_ORG Primitive UPDATE 2024-01

0 !LICENSE Licensed under CC BY 4.0 : see CAreadme.txt



0 BFC CERTIFY CCW



0 !HISTORY 2009-09-03 [PTadmin] Official Update 2009-02

0 !HISTORY 2024-01-02 [Holly-Wood] Complete re-write, original by WilliamH

0 !HISTORY 2024-01-29 [OrionP] Official Update 2024-01



2 24 1 1 -1 -1 1 -1

2 24 1 0 -1 -1 0 -1

4 16 -1 0 -1 -1 1 -1 1 1 -1 1 0 -1



2 24 -1 1 1 1 1 1

2 24 -1 0 1 1 0 1

4 16 1 0 1 1 1 1 -1 1 1 -1 0 1



2 24 -1 1 1 -1 1 -1

4 16 1 1 1 1 1 -1 -1 1 -1 -1 1 1



2 24 -1 0 1 -1 1 1

2 24 -1 0 -1 -1 1 -1

0 NOFILE

0 FILE 1-8chrd.dat
0 Chord 0.125

0 Name: 1-8chrd.dat

0 Author: Orion Pobursky [OrionP]

0 !LDRAW_ORG Primitive UPDATE 2023-05

0 !LICENSE Licensed under CC BY 4.0 : see CAreadme.txt



0 BFC CERTIFY CCW



0 !HISTORY 2004-04-22 [PTadmin] Official Update 2004-02

0 !HISTORY 2007-06-22 [PTadmin] Header formatted for Contributor Agreement

0 !HISTORY 2008-07-01 [PTadmin] Official Update 2008-01

0 !HISTORY 2023-10-27 [OrionP] Rebuilt with PrimGen2, original author westrate

0 !HISTORY 2023-10-31 [OrionP] Official Update 2023-05



3 16 1 0 0 0.9239 0 0.3827 0.7071 0 0.7071

0 NOFILE

0 FILE 2-4ndis.dat
0 Disc Negative 0.5

0 Name: 2-4ndis.dat

0 Author: James Jessiman

0 !LDRAW_ORG Primitive UPDATE 2012-01

0 !LICENSE Licensed under CC BY 4.0 : see CAreadme.txt



0 BFC CERTIFY CCW



0 !HISTORY 2002-03-23 [sbliss] Added BFC statement; compacted code

0 !HISTORY 2002-04-25 [PTadmin] Official Update 2002-02

0 !HISTORY 2007-06-24 [PTadmin] Header formatted for Contributor Agreement

0 !HISTORY 2008-07-01 [PTadmin] Official Update 2008-01

0 !HISTORY 2012-02-16 [Philo] Changed to CCW

0 !HISTORY 2012-03-30 [PTadmin] Official Update 2012-01





3 16 0.9239 0 0.3827 1 0 0 1 0 1

3 16 0.7071 0 0.7071 0.9239 0 0.3827 1 0 1

3 16 0.3827 0 0.9239 0.7071 0 0.7071 1 0 1

3 16 0 0 1 0.3827 0 0.9239 1 0 1

3 16 -0.3827 0 0.9239 0 0 1 -1 0 1

3 16 -0.7071 0 0.7071 -0.3827 0 0.9239 -1 0 1

3 16 -0.9239 0 0.3827 -0.7071 0 0.7071 -1 0 1

3 16 -1 0 0 -0.9239 0 0.3827 -1 0 1

0 NOFILE

0 FILE 3020.dat
0 Plate  2 x  4

0 Name: 3020.dat

0 Author: James Jessiman

0 !LDRAW_ORG Part UPDATE 2002-03

0 !LICENSE Licensed under CC BY 4.0 : see CAreadme.txt



0 BFC CERTIFY CCW



0 !HISTORY 2001-10-26 [PTadmin] Official Update 2001-01

0 !HISTORY 2002-05-07 {unknown} BFC Certification

0 !HISTORY 2002-06-11 [PTadmin] Official Update 2002-03

0 !HISTORY 2007-06-07 [PTadmin] Header formatted for Contributor Agreement

0 !HISTORY 2008-07-01 [PTadmin] Official Update 2008-01





1 16 20 4 0 1 0 0 0 -1 0 0 0 1 stud4.dat

1 16 0 4 0 1 0 0 0 -1 0 0 0 1 stud4.dat

1 16 -20 4 0 1 0 0 0 -1 0 0 0 1 stud4.dat



0 BFC INVERTNEXT

1 16 0 8 0 36 0 0 0 -4 0 0 0 16 box5.dat



4 16 40 8 20 36 8 16 -36 8 16 -40 8 20

0 // Next Line was 4 16 40 8 -20 36 8 -16 -36 8 -16 -40 8 -20

4 16 -40 8 -20 -36 8 -16 36 8 -16 40 8 -20

0 // Next Line was 4 16 40 8 20 36 8 16 36 8 -16 40 8 -20

4 16 40 8 -20 36 8 -16 36 8 16 40 8 20

4 16 -40 8 20 -36 8 16 -36 8 -16 -40 8 -20



1 16 0 8 0 40 0 0 0 -8 0 0 0 20 box5.dat



1 16 30 0 10 1 0 0 0 1 0 0 0 1 stud.dat

1 16 10 0 10 1 0 0 0 1 0 0 0 1 stud.dat

1 16 -10 0 10 1 0 0 0 1 0 0 0 1 stud.dat

1 16 -30 0 10 1 0 0 0 1 0 0 0 1 stud.dat

1 16 30 0 -10 1 0 0 0 1 0 0 0 1 stud.dat

1 16 10 0 -10 1 0 0 0 1 0 0 0 1 stud.dat

1 16 -10 0 -10 1 0 0 0 1 0 0 0 1 stud.dat

1 16 -30 0 -10 1 0 0 0 1 0 0 0 1 stud.dat

0

0 NOFILE

0 FILE stud4.dat
0 Stud Tube Open

0 Name: stud4.dat

0 Author: James Jessiman

0 !LDRAW_ORG Primitive UPDATE 2009-02

0 !LICENSE Licensed under CC BY 4.0 : see CAreadme.txt



0 BFC CERTIFY CCW



0 !HISTORY 1999-07-05 [PTadmin] Official Update 1999-05

0 !HISTORY 2002-04-04 [sbliss] Modified for BFC compliance

0 !HISTORY 2002-04-25 [PTadmin] Official Update 2002-02

0 !HISTORY 2007-06-24 [PTadmin] Header formatted for Contributor Agreement

0 !HISTORY 2008-07-01 [PTadmin] Official Update 2008-01

0 !HISTORY 2009-06-21 [cwdee] Update ring references to 4-4ring

0 !HISTORY 2009-09-03 [PTadmin] Official Update 2009-02





1 16 0 -4 0 6 0 0 0 1 0 0 0 6 4-4edge.dat

1 16 0 -4 0 8 0 0 0 1 0 0 0 8 4-4edge.dat

1 16 0 0 0 6 0 0 0 1 0 0 0 6 4-4edge.dat

1 16 0 0 0 8 0 0 0 1 0 0 0 8 4-4edge.dat

0 BFC INVERTNEXT

1 16 0 -4 0 6 0 0 0 4 0 0 0 6 4-4cyli.dat

1 16 0 -4 0 8 0 0 0 4 0 0 0 8 4-4cyli.dat

1 16 0 -4 0 2 0 0 0 1 0 0 0 2 4-4ring3.dat

0

0 NOFILE

0 FILE 7302.dat
0 Slope Brick Curved  3 x  1 x  0.667

0 Name: 7302.dat

0 Author: Jeff Jones [notmaster]

0 !LDRAW_ORG Unofficial_Part

0 !LICENSE Licensed under CC BY 4.0 : see CAreadme.txt



0 BFC CERTIFY CCW



0 !CATEGORY Slope



1 16 0 0 0 1 0 0 0 1 0 0 0 1 s__7302s01.dat

1 16 10 40.972 30 0 -20 0 -28.972 0 -28.972 -60 0 60 48__1-8cyli.dat
0 NOFILE

0 FILE 48__1-8cyli.dat
0 Hi-Res Cylinder 0.125

0 Name: 48\1-8cyli.dat

0 Author: Steve Bliss [sbliss]

0 !LDRAW_ORG 48_Primitive UPDATE 2004-04

0 !LICENSE Licensed under CC BY 4.0 : see CAreadme.txt



0 BFC CERTIFY CCW



0 !HISTORY 2000-05-07 [PTadmin] Official Update 2000-01

0 !HISTORY 2004-10-12 [sbliss] fixed title, BFC'ed

0 !HISTORY 2004-11-06 [PTadmin] Official Update 2004-04

0 !HISTORY 2007-06-24 [PTadmin] Header formatted for Contributor Agreement

0 !HISTORY 2008-07-01 [PTadmin] Official Update 2008-01





5 24 1 0 0 1 1 0 0.9914 0 0.1305 1 0 -1

5 24 0.9914 0 0.1305 0.9914 1 0.1305 0.9659 0 0.2588 1 0 0

5 24 0.9659 0 0.2588 0.9659 1 0.2588 0.9239 0 0.3827 0.9914 0 0.1305

5 24 0.9239 0 0.3827 0.9239 1 0.3827 0.8660 0 0.5000 0.9659 0 0.2588

5 24 0.8660 0 0.5000 0.8660 1 0.5000 0.7934 0 0.6088 0.9239 0 0.3827

5 24 0.7934 0 0.6088 0.7934 1 0.6088 0.7071 0 0.7071 0.8660 0 0.5000

5 24 0.7071 0 0.7071 0.7071 1 0.7071 0.6088 0 0.7934 0.7934 0 0.6088



4 16 0.9914 1 0.1305 0.9914 0 0.1305 1 0 0 1 1 0

4 16 0.9659 1 0.2588 0.9659 0 0.2588 0.9914 0 0.1305 0.9914 1 0.1305

4 16 0.9239 1 0.3827 0.9239 0 0.3827 0.9659 0 0.2588 0.9659 1 0.2588

4 16 0.8660 1 0.5000 0.8660 0 0.5000 0.9239 0 0.3827 0.9239 1 0.3827

4 16 0.7934 1 0.6088 0.7934 0 0.6088 0.8660 0 0.5000 0.8660 1 0.5000

4 16 0.7071 1 0.7071 0.7071 0 0.7071 0.7934 0 0.6088 0.7934 1 0.6088

0

0 NOFILE

0 FILE s__7302s01.dat
0 ~Slope Brick Curved  3 x  1 x  0.667 without Top Surface

0 Name: s\7302s01.dat

0 Author: Vincent Messenet [Cheenzo]

0 !LDRAW_ORG Unofficial_Subpart

0 !LICENSE Licensed under CC BY 4.0 : see CAreadme.txt



0 BFC CERTIFY CCW



0 !HISTORY 2026-03-26 [Cheenzo] Replaced recte4 by recte3



1 16 0 14 -30 10 0 0 0 0 -2 0 1 0 rect3.dat

4 16 6 16 6 -6 16 6 -10 16 10 10 16 10

4 16 6 16 -26 10 16 -30 -10 16 -30 -6 16 -26

4 16 6 16 -26 6 16 6 10 16 10 10 16 -30

4 16 -10 16 -30 -10 16 10 -6 16 6 -6 16 -26

0 BFC INVERTNEXT

1 16 0 14 -24 -6 0 0 0 -2 0 0 0 -2 box2-5.dat

1 16 0 10 -16 0 0 -6 2 -1 0 -6 0 0 rect2p.dat

4 16 -6 16 6 -6 4 6 -6 8 -10 -6 16 -26

4 16 6 8 -10 6 4 6 6 16 6 6 16 -26

3 16 6 12 -22 6 8 -10 6 16 -26

3 16 -6 12 -22 -6 12 -26 -6 16 -26

3 16 -6 12 -22 -6 16 -26 -6 8 -10

3 16 6 12 -26 6 12 -22 6 16 -26

1 16 0 16 -10 6 0 0 0 1 0 0 0 16 recte3.dat

1 16 0 16 -10 10 0 0 0 1 0 0 0 -20 recte3.dat



1 16 -10 40.972 30 0 1 0 -28.972 0 -28.972 -60 0 60 48__1-8chrd.dat

1 16 10 40.972 30 0 -1 0 -28.972 0 -28.972 -60 0 60 48__1-8chrd.dat

1 16 -10 40.972 30 0 1 0 -28.972 0 -28.972 -60 0 60 48__1-8edge.dat

1 16 10 40.972 30 0 1 0 -28.972 0 -28.972 -60 0 60 48__1-8edge.dat

3 16 -10 8 10 -10 12 -30 -10 0 30

4 16 -10 8 10 -10 16 10 -10 16 -30 -10 12 -30

3 16 10 8 10 10 0 30 10 12 -30

4 16 10 8 10 10 12 -30 10 16 -30 10 16 10

1 16 0 4 30 -10 0 0 0 0 -4 0 -1 0 rect3.dat

4 16 6 8 26 -6 8 26 -10 8 30 10 8 30

4 16 -6 8 26 -6 8 10 -10 8 10 -10 8 30

4 16 10 8 30 10 8 10 6 8 10 6 8 26

2 24 -10 8 10 -6 8 10

2 24 10 8 10 6 8 10

0 BFC INVERTNEXT

1 16 0 6 23 -6 0 0 0 -2 0 0 0 3 box2-7.dat

1 16 0 8 18 -6 0 0 0 -1 0 0 0 8 recte3.dat

4 16 -6 4 20 -6 6 14 -6 8 26 -6 4 26

4 16 -6 6 10 -6 8 10 -6 8 26 -6 6 14

4 16 6 8 26 6 6 14 6 4 20 6 4 26

4 16 6 6 14 6 8 26 6 8 10 6 6 10

0 BFC INVERTNEXT

1 16 0 4 20 0 0 -6 0 2 0 6 0 0 1-4cyls2.dat

0 BFC INVERTNEXT

1 16 0 4 20 0 0 6 0 2 0 6 0 0 1-4cyls2.dat

1 16 0 4 20 -6 0 0 0 -1 0 0 0 -6 2-4edge.dat

1 16 0 4 20 -6 0 0 0 -1 0 0 0 -6 2-4chrd.dat

1 16 0 4 20 -6 0 0 0 -1 2 0 0 -6 2-4edge.dat

1 16 0 4 20 -6 0 0 0 -1 2 0 0 -6 2-4ndis.dat

2 24 -6 4 20 -6 6 14

2 24 6 4 20 6 6 14

2 24 -1.5 6 14 -6 6 14

2 24 1.5 6 14 6 6 14

0 BFC INVERTNEXT

1 16 -3.75 7 12 -2.25 0 0 0 -1 0 0 0 -2 box2-9.dat

1 16 0 6 12 1.5 0 0 0 2 0 0 0 2 box4-1.dat

0 BFC INVERTNEXT

1 16 3.75 7 12 2.25 0 0 0 -1 0 0 0 -2 box2-9.dat

1 16 0 12 10 10 0 0 0 0 4 0 -1 0 recte3.dat

3 16 -10 8 10 -6 8 10 -10 16 10

3 16 -10 16 10 -6 8 10 -1.5 8 10

3 16 1.5 8 10 6 8 10 10 16 10

4 16 -1.5 8 10 1.5 8 10 10 16 10 -10 16 10

3 16 10 16 10 6 8 10 10 8 10

3 16 -10 0 30 -10 8 30 -10 8 10

3 16 10 0 30 10 8 10 10 8 30

1 16 0 9.3 -10 1 0 0 0 -1.675 0 0 0 1 stud3a.dat

1 16 0 8 -10 0 0 4 0 -1 0 -4 0 0 1-4cyls2.dat

1 16 0 8 -10 0 0 -4 0 -1 0 -4 0 0 1-4cyls2.dat

1 16 0 9.3 -10 0 0 -4 0 -1.3 0 -4 0 0 1-4cyls.dat

1 16 0 9.3 -10 0 0 4 0 -1.3 0 -4 0 0 1-4cyls.dat



1 16 0 8 -10 -4 0 0 0 -1 -1 0 0 4 2-4edge.dat

1 16 0 8 -10 -4 0 0 0 -1 1.3 0 0 -4 2-4edge.dat

1 16 0 8 -10 -4 0 0 0 1.3 0 0 0 4 2-4cyli.dat

5 24 6 8 -10 -6 8 -10 6 12 -22 -6 4 6

0 BFC INVERTNEXT

1 16 0 12 -2 -6 0 0 0 -6 -2 0 0 8 box2-7.dat

1 16 0 8 20 10 0 0 0 1 0 0 0 10 recte3.dat
0 NOFILE

0 FILE 1-4cyls.dat
0 Cylinder Sloped 0.25

0 Name: 1-4cyls.dat

0 Author: James Jessiman

0 !LDRAW_ORG Primitive UPDATE 2012-01

0 !LICENSE Licensed under CC BY 4.0 : see CAreadme.txt



0 BFC CERTIFY CCW



0 !HISTORY 1998-12-15 [PTadmin] Official Update 1998-10

0 !HISTORY 2002-07-03 [sbliss] Added BFC statement

0 !HISTORY 2002-08-18 [PTadmin] Official Update 2002-04

0 !HISTORY 2007-06-22 [PTadmin] Header formatted for Contributor Agreement

0 !HISTORY 2008-07-01 [PTadmin] Official Update 2008-01

0 !HISTORY 2012-02-16 [Philo] Changed to CCW

0 !HISTORY 2012-03-30 [PTadmin] Official Update 2012-01





3 16 0.9239 0.0761 0.3827 0.9239 0 0.3827 1 0 0

4 16 0.9239 0.0761 0.3827 0.7071 0.2929 0.7071 0.7071 0 0.7071 0.9239 0 0.3827

4 16 0.7071 0.2929 0.7071 0.3827 0.6173 0.9239 0.3827 0 0.9239 0.7071 0 0.7071

4 16 0.3827 0.6173 0.9239 0 1 1 0 0 1 0.3827 0 0.9239



5 24 0.9239 0 0.3827 0.9239 0.0761 0.3827 0.7071 0 0.7071 1 0 0

5 24 0.7071 0 0.7071 0.7071 0.2929 0.7071 0.3827 0 0.9239 0.9239 0 0.3827

5 24 0.3827 0 0.9239 0.3827 0.6173 0.9239 0 0 1 0.7071 0 0.7071

5 24 0 0 1 0 1 1 0.3827 0 0.9239 -1 0 1

0 NOFILE

0 FILE stud3a.dat
0 Stud Tube Solid without Base Edges

0 Name: stud3a.dat

0 Author: James Jessiman

0 !LDRAW_ORG Primitive UPDATE 2003-02

0 !LICENSE Licensed under CC BY 4.0 : see CAreadme.txt



0 BFC CERTIFY CCW



0 !HISTORY 2002-08-31 [izanette] Modified with WINDZ for BFC compliance

0 !HISTORY 2003-08-01 [PTadmin] Official Update 2003-02

0 !HISTORY 2007-06-24 [PTadmin] Header formatted for Contributor Agreement

0 !HISTORY 2008-07-01 [PTadmin] Official Update 2008-01





1 16 0 -4 0 4 0 0 0 1 0 0 0 4 4-4edge.dat

1 16 0 -4 0 4 0 0 0 1 0 0 0 4 4-4disc.dat

1 16 0 -4 0 4 0 0 0 4 0 0 0 4 4-4cyli.dat

0



0 NOFILE

0 FILE box4-1.dat
0 Box with 4 Faces without 1 Edge

0 Name: box4-1.dat

0 Author: Tore Eriksson [Tore_Eriksson]

0 !LDRAW_ORG Primitive UPDATE 2012-01

0 !LICENSE Licensed under CC BY 4.0 : see CAreadme.txt



0 BFC CERTIFY CCW



0 !HISTORY 1998-07-15 [PTadmin] Official Update 1998-07

0 !HISTORY 2002-04-05 [hafhead] Made BFC compliant

0 !HISTORY 2002-04-25 [PTadmin] Official Update 2002-02

0 !HISTORY 2007-06-24 [PTadmin] Header formatted for Contributor Agreement

0 !HISTORY 2008-07-01 [PTadmin] Official Update 2008-01

0 !HISTORY 2012-02-16 [Philo] Changed to CCW

0 !HISTORY 2012-03-30 [PTadmin] Official Update 2012-01





2 24 1 1 1 -1 1 1

2 24 -1 1 1 -1 1 -1

2 24 -1 1 -1 1 1 -1

2 24 1 1 -1 1 1 1

2 24 1 0 1 -1 0 1

2 24 -1 0 1 -1 0 -1

2 24 1 0 -1 1 0 1

2 24 1 0 1 1 1 1

2 24 -1 0 1 -1 1 1

2 24 1 0 -1 1 1 -1

2 24 -1 0 -1 -1 1 -1

4 16 -1 1 1 1 1 1 1 1 -1 -1 1 -1

4 16 -1 1 1 -1 0 1 1 0 1 1 1 1

4 16 -1 1 -1 -1 0 -1 -1 0 1 -1 1 1

4 16 1 1 1 1 0 1 1 0 -1 1 1 -1

0 NOFILE

0 FILE box2-9.dat
0 Box with 2 Faces without 9 Edges

0 Name: box2-9.dat

0 Author: Mark Kennedy [mkennedy]

0 !LDRAW_ORG Primitive UPDATE 2010-01

0 !LICENSE Licensed under CC BY 4.0 : see CAreadme.txt



0 BFC CERTIFY CCW



0 !HISTORY 2010-04-05 [PTadmin] Official Update 2010-01





2 24 1 1 1 -1 1 1

2 24 1 -1 1 1 1 1

2 24 1 1 -1 1 1 1

4 16 1 1 1 1 1 -1 -1 1 -1 -1 1 1

4 16 1 1 1 -1 1 1 -1 -1 1 1 -1 1

0

0 NOFILE

0 FILE 2-4chrd.dat
0 Chord 0.5

0 Name: 2-4chrd.dat

0 Author: Philippe Hurbain [Philo]

0 !LDRAW_ORG Primitive UPDATE 2014-01

0 !LICENSE Licensed under CC BY 4.0 : see CAreadme.txt



0 BFC CERTIFY CCW



0 !HISTORY 2014-06-21 [PTadmin] Official Update 2014-01





4 16 0.9239 0 0.3827 -0.9239 0 0.3827 -1 0 0 1 0 0

4 16 0.7071 0 0.7071 -0.7071 0 0.7071 -0.9239 0 0.3827 0.9239 0 0.3827

4 16 0.3827 0 0.9239 -0.3827 0 0.9239 -0.7071 0 0.7071 0.7071 0 0.7071

3 16 0 0 1 -0.3827 0 0.9239 0.3827 0 0.9239

0 NOFILE

0 FILE 1-4cyls2.dat
0 Cylinder Sloped 0.25 Convex

0 Name: 1-4cyls2.dat

0 Author: Chris Dee [cwdee]

0 !LDRAW_ORG Primitive UPDATE 2012-01

0 !LICENSE Licensed under CC BY 4.0 : see CAreadme.txt



0 BFC CERTIFY CCW



0 !HISTORY 1999-02-01 [PTadmin] Official Update 1999-01

0 !HISTORY 2002-07-03 [sbliss] Added BFC statement, reformatted title to fit 0.27 convention

0 !HISTORY 2002-08-18 [PTadmin] Official Update 2002-04

0 !HISTORY 2007-06-22 [PTadmin] Header formatted for Contributor Agreement

0 !HISTORY 2008-07-01 [PTadmin] Official Update 2008-01

0 !HISTORY 2012-02-16 [Philo] Changed to CCW

0 !HISTORY 2012-03-30 [PTadmin] Official Update 2012-01





3 16 -0.3827 0.3827 0.9239 -0.3827 0 0.9239 0 0 1

4 16 -0.3827 0.3827 0.9239 -0.7071 0.7071 0.7071 -0.7071 0 0.7071 -0.3827 0 0.9239

4 16 -0.7071 0.7071 0.7071 -0.9239 0.9239 0.3827 -0.9239 0 0.3827 -0.7071 0 0.7071

4 16 -0.9239 0.9239 0.3827 -1 1 0 -1 0 0 -0.9239 0 0.3827



5 24 -0.3827 0 0.9239 -0.3827 0.3827 0.9239 -0.7071 0 0.7071 0 0 1

5 24 -0.7071 0 0.7071 -0.7071 0.7071 0.7071 -0.9239 0 0.3827 -0.3827 0 0.9239

5 24 -0.9239 0 0.3827 -0.9239 0.9239 0.3827 -1 0 0 -0.7071 0 0.7071

5 24 -1 0 0 -1 1 0 -1 0 -1 -0.9239 0 0.3827

0 NOFILE

0 FILE box2-7.dat
0 Box with  2 Faces without  7 Edges

0 Name: box2-7.dat

0 Author: Willy Tschager [Holly-Wood]

0 !LDRAW_ORG Primitive UPDATE 2024-01

0 !LICENSE Licensed under CC BY 4.0 : see CAreadme.txt



0 BFC CERTIFY CCW



0 !HISTORY 2009-05-02 [PTadmin] Official Update 2009-01

0 !HISTORY 2024-01-02 [Holly-Wood] Complete re-write, original by guyvivan

0 !HISTORY 2024-01-29 [OrionP] Official Update 2024-01



2 24 -1 1 -1 -1 1 1

2 24 1 1 1 1 1 -1

4 16 -1 1 1 1 1 1 1 1 -1 -1 1 -1



2 24 -1 1 1 -1 -1 1

2 24 1 1 1 1 -1 1

4 16 1 -1 1 1 1 1 -1 1 1 -1 -1 1



2 24 -1 1 1 1 1 1

0 NOFILE

0 FILE 48__1-8edge.dat
0 Hi-Res Circle 0.125

0 Name: 48\1-8edge.dat

0 Author: [PTadmin]

0 !LDRAW_ORG 48_Primitive UPDATE 2017-01

0 !LICENSE Licensed under CC BY 4.0 : see CAreadme.txt



0 BFC CERTIFY CCW



0 !HISTORY 2000-09-30 [PTadmin] Official Update 2000-02

0 !HISTORY 2007-10-13 [PTadmin] Header formatted for Contributor Agreement

0 !HISTORY 2008-07-01 [PTadmin] Official Update 2008-01

0 !HISTORY 2017-01-17 [Steffen] added BFC CERTIFY statement

0 !HISTORY 2017-12-30 [PTadmin] Official Update 2017-01





2 24 1 0 0 0.9914 0 0.1305

2 24 0.9914 0 0.1305 0.9659 0 0.2588

2 24 0.9659 0 0.2588 0.9239 0 0.3827

2 24 0.9239 0 0.3827 0.866 0 0.5

2 24 0.866 0 0.5 0.7934 0 0.6088

2 24 0.7934 0 0.6088 0.7071 0 0.7071

0 NOFILE

0 FILE 48__1-8chrd.dat
0 Hi-Res Chord 0.125

0 Name: 48\1-8chrd.dat

0 Author: Willy Tschager [Holly-Wood]

0 !LDRAW_ORG 48_Primitive UPDATE 2024-01

0 !LICENSE Licensed under CC BY 4.0 : see CAreadme.txt



0 BFC CERTIFY CCW



0 !HISTORY 2009-05-02 [PTadmin] Official Update 2009-01

0 !HISTORY 2024-01-04 [Holly-Wood] Complete re-write, original by guyvivan

0 !HISTORY 2024-01-29 [OrionP] Official Update 2024-01



0 // Vertices calculated by LDPartEditor (PrimGen 2.X)



4 16 .7071 0 .7071 1 0 0 .9914 0 .1305 .7934 0 .6088

4 16 .7934 0 .6088 .9914 0 .1305 .9659 0 .2588 .866 0 .5

3 16 .866 0 .5 .9659 0 .2588 .9239 0 .3827

0 NOFILE

0 FILE recte3.dat
0 Rectangle Empty with 3 Edges

0 Name: recte3.dat

0 Author: Steffen [Steffen]

0 !LDRAW_ORG Primitive UPDATE 2011-01

0 !LICENSE Licensed under CC BY 4.0 : see CAreadme.txt



0 BFC CERTIFY CCW



0 !HISTORY 2011-07-25 [PTadmin] Official Update 2011-01





2 24 1 0 1 -1 0 1

2 24 -1 0 1 -1 0 -1

2 24 1 0 -1 1 0 1

0 NOFILE

0 FILE rect2p.dat
0 Rectangle with 2 Parallel Edges

0 Name: rect2p.dat

0 Author: Donald Sutter [technog]

0 !LDRAW_ORG Primitive UPDATE 2010-01

0 !LICENSE Licensed under CC BY 4.0 : see CAreadme.txt



0 BFC CERTIFY CCW



0 !HISTORY 2003-08-01 [PTadmin] Official Update 2003-02

0 !HISTORY 2007-06-24 [PTadmin] Header formatted for Contributor Agreement

0 !HISTORY 2008-07-01 [PTadmin] Official Update 2008-01

0 !HISTORY 2010-01-17 [mikeheide] changed winding to CCW

0 !HISTORY 2010-04-05 [PTadmin] Official Update 2010-01





2 24 1 0 1 -1 0 1

2 24 -1 0 -1 1 0 -1

4 16 -1 0 1 -1 0 -1 1 0 -1 1 0 1

0

0 NOFILE

0 FILE box2-5.dat
0 Box with 2 Faces without 5 Edges

0 Name: box2-5.dat

0 Author: Steffen [Steffen]

0 !LDRAW_ORG Primitive UPDATE 2003-03

0 !LICENSE Licensed under CC BY 4.0 : see CAreadme.txt



0 BFC CERTIFY CCW



0 !HISTORY 2003-12-19 [PTadmin] Official Update 2003-03

0 !HISTORY 2007-06-24 [PTadmin] Header formatted for Contributor Agreement

0 !HISTORY 2008-07-01 [PTadmin] Official Update 2008-01





2 24 1 1 1 -1 1 1

2 24 1 1 -1 -1 1 -1

2 24 1 -1 1 -1 -1 1

2 24 -1 -1 1 -1 1 1

2 24 1 -1 1 1 1 1

2 24 -1 1 -1 -1 1 1

2 24 1 1 -1 1 1 1

4 16 1 1 1 1 1 -1 -1 1 -1 -1 1 1

4 16 1 1 1 -1 1 1 -1 -1 1 1 -1 1

0

0 NOFILE

0 FILE rect3.dat
0 Rectangle with 3 Edges

0 Name: rect3.dat

0 Author: Mark Kennedy [mkennedy]

0 !LDRAW_ORG Primitive UPDATE 2010-01

0 !LICENSE Licensed under CC BY 4.0 : see CAreadme.txt



0 BFC CERTIFY CCW



0 !HISTORY 2003-08-01 [PTadmin] Official Update 2003-02

0 !HISTORY 2007-06-24 [PTadmin] Header formatted for Contributor Agreement

0 !HISTORY 2008-07-01 [PTadmin] Official Update 2008-01

0 !HISTORY 2010-01-17 [mikeheide] Change winding to CCW

0 !HISTORY 2010-04-05 [PTadmin] Official Update 2010-01





2 24 1 0 1 -1 0 1

2 24 1 0 1 1 0 -1

2 24 -1 0 1 -1 0 -1

4 16 -1 0 1 -1 0 -1 1 0 -1 1 0 1

0 //

0 NOFILE

0 FILE 1748.dat
0 Tile  1 x  2 Half Round

0 Name: 1748.dat

0 Author: Magnus Forsberg [MagFors]

0 !LDRAW_ORG Part UPDATE 2023-02

0 !LICENSE Licensed under CC BY 4.0 : see CAreadme.txt



0 BFC CERTIFY CCW



0 !HISTORY 2023-04-17 [OrionP] Official Update 2023-02





1 16 0 0 0 1 0 0 0 1 0 0 0 1 s__1748s01.dat

1 16 0 0 10 -20 0 0 0 1 0 0 0 -20 2-4chrd.dat

0 NOFILE

0 FILE s__1748s01.dat
0 ~Tile  1 x  2 Half Round without Top Surface

0 Name: s\1748s01.dat

0 Author: Magnus Forsberg [MagFors]

0 !LDRAW_ORG Subpart UPDATE 2023-02

0 !LICENSE Licensed under CC BY 4.0 : see CAreadme.txt



0 BFC CERTIFY CCW



0 !HISTORY 2023-04-17 [OrionP] Official Update 2023-02





1 16 -16.864 7.5 1.696 0 1 0.6905 0.5 0 0 0 0 -1.0331 rect3.dat

1 16 -15.686 6 1.579 0 -1 -0.1427 -2 0 0 0 0 -0.7175 rect3.dat

1 16 -18.177 7.5 5.865 -0.6228 1 0 0 0 0.5 3.1355 0 0 rect2p.dat

1 16 0 7 10 -20 0 0 0 1 0 0 0 -20 1-16edge.dat

1 16 0 7 10 -20 0 0 0 -1 0 0 0 -20 1-16chrd.dat

1 16 0 4 10 -20 0 0 0 3 0 0 0 -20 1-16cyli.dat

1 16 0 7 10 0 0 -20 0 1 0 -20 0 0 1-16edge.dat

1 16 0 7 10 0 0 -20 0 -1 0 -20 0 0 1-16chrd.dat

1 16 0 4 10 0 0 -20 0 3 0 -20 0 0 1-16cyli.dat

1 16 0 8 10 0 0 -19 0 -1 0 -19 0 0 1-16chrd.dat

1 16 0 8 10 0 0 -19 0 -1 0 -19 0 0 1-16cylo.dat

1 16 0 7 10 0 0 -1 0 -1 0 -1 0 0 1-16ring19.dat



1 16 -8.304 7.5 -6.864 0 0 -1.0331 -0.5 0 0 0 1 0.6905 rect3.dat

1 16 -8.421 6 -5.686 0 0 -0.7175 2 0 0 0 -1 -0.1427 rect3.dat

1 16 -14.917 6 4.828 0.2826 -1 0 0 0 2 -1.1721 0 0 rect2p.dat

1 16 -4.32015 6 -5.0889 2.02395 0 0 0 0 2 -0.4545 -1 0 rect2p.dat

1 16 -1.1481 6 -5.7717 -1.1481 0 0 0 0 -2 0.2283 -1 0 rect2p.dat



1 16 -15.089 6 2.976 0 -1 0.4543 2 0 0 0 0 0.6798 rect3.dat

1 16 -7.024 6 -5.089 0 0 0.6798 -2 0 0 0 -1 0.4543 rect3.dat

1 16 -8.741 5.5 -7.751 -1.0875 0 0 0 0 1.5 0.7267 1 0 rect2a.dat

1 16 -17.751 5.5 1.259 0 1 0.7267 1.5 0 0 0 0 -1.0875 rect2a.dat

2 24 -15.829 4 0.862 -17.025 4 0.171

2 24 -17.025 4 0.171 -14.142 4 -4.142

2 24 -14.142 4 -4.142 -9.829 4 -7.025

2 24 -9.829 4 -7.025 -9.138 4 -5.829

2 24 -9.138 8 -5.829 -9.337 8 -6.174

2 24 -16.174 8 0.663 -15.829 8 0.862

2 24 -9.337 7 -6.174 -9.829 7 -7.025

2 24 -17.025 7 0.171 -16.174 7 0.663

4 16 -15.829 4 0.862 -14.634 4 3.656 14.634 4 3.656 -6.344 4 -4.634

4 16 -2.2962 8 -5.5434 -7.271 8 -7.555 -7.703 8 -5.543 -6.344 8 -4.634

3 16 -14.634 8 3.656 -15.543 8 2.297 -17.555 8 2.729

4 16 14.634 4 3.656 -14.634 4 3.656 -15.2 4 6 15.2 4 6

4 16 -16.174 7 0.663 -16.174 8 0.663 -15.829 8 0.862 -15.829 4 0.862

4 16 -17.025 7 0.171 -16.174 7 0.663 -15.829 4 0.862 -17.025 4 0.171

4 16 -15.2 8 6 -14.634 8 3.656 -17.555 8 2.729 -18.8 8 9

4 16 20 7 10 18.8 7 9 -18.8 7 9 -20 7 10

4 16 -15.829 8 0.862 -16.174 8 0.663 -17.555 8 2.729 -15.543 8 2.297

4 16 -18.478 7 2.346 -17.555 7 2.729 -16.174 7 0.663 -17.025 7 0.171

4 16 -17.555 7 2.729 -18.478 7 2.346 -20 7 10 -18.8 7 9

4 16 15.2 8 6 -15.2 8 6 -18.8 8 9 18.8 8 9

3 16 -14.142 4 -4.142 -9.138 4 -5.829 -9.829 4 -7.025

3 16 -14.634 4 3.656 -15.829 4 0.862 -15.543 4 2.297

3 16 -15.829 4 0.862 -14.142 4 -4.142 -17.025 4 0.171

3 16 -9.138 4 -5.829 -6.344 4 -4.634 -7.703 4 -5.543

4 16 -14.142 4 -4.142 -15.829 4 0.862 -6.344 4 -4.634 -9.138 4 -5.829

4 16 0 8 -6 0 8 -9 -7.271 8 -7.555 -2.2962 8 -5.5434

4 16 -9.829 4 -7.025 -9.138 4 -5.829 -9.337 7 -6.174 -9.829 7 -7.025

4 16 -7.271 8 -7.555 -9.337 8 -6.174 -9.138 8 -5.829 -7.703 8 -5.543

4 16 -9.138 8 -5.829 -9.337 8 -6.174 -9.337 7 -6.174 -9.138 4 -5.829

4 16 -9.829 7 -7.025 -9.337 7 -6.174 -7.271 7 -7.555 -7.654 7 -8.478

5 24 -7.271 7 -7.555 -7.271 8 -7.555 -9.337 7 -6.174 0 7 -9

5 24 -17.555 7 2.729 -17.555 8 2.729 -16.174 7 0.663 -18.8 7 9

5 24 -7.703 8 -5.543 -7.703 4 -5.543 -6.344 4 -4.634 -9.138 4 -5.829

5 24 -15.543 8 2.297 -15.543 4 2.297 -15.829 8 0.862 -14.634 8 3.656

5 24 -7.654 4 -8.478 -7.654 7 -8.478 0 7 -10 -9.829 7 -7.025

5 24 -18.478 4 2.346 -18.478 7 2.346 -17.025 7 0.171 -20 7 10



1 16 8.304 7.5 -6.864 0 0 1.0331 0.5 0 0 0 1 0.6905 rect3.dat

1 16 8.421 6 -5.686 0 0 0.7175 -2 0 0 0 -1 -0.1427 rect3.dat

1 16 0 8 10 0 0 19 0 -1 0 -19 0 0 1-16chrd.dat

1 16 0 8 10 0 0 19 0 -1 0 -19 0 0 1-16cylo.dat

1 16 0 7 10 0 0 1 0 -1 0 -1 0 0 1-16ring19.dat



1 16 0 7 10 0 0 20 0 1 0 -20 0 0 1-16edge.dat

1 16 0 7 10 0 0 20 0 -1 0 -20 0 0 1-16chrd.dat

1 16 0 4 10 0 0 20 0 3 0 -20 0 0 1-16cyli.dat

1 16 0 7 10 20 0 0 0 1 0 0 0 -20 1-16edge.dat

1 16 0 7 10 20 0 0 0 -1 0 0 0 -20 1-16chrd.dat

1 16 0 4 10 20 0 0 0 3 0 0 0 -20 1-16cyli.dat

1 16 18.177 7.5 5.865 -0.6228 -1 0 0 0 0.5 -3.1355 0 0 rect2p.dat

1 16 16.864 7.5 1.696 0 -1 -0.6905 -0.5 0 0 0 0 -1.0331 rect3.dat

1 16 15.686 6 1.579 0 1 0.1427 2 0 0 0 0 -0.7175 rect3.dat

1 16 4.32015 6 -5.0889 -2.02395 0 0 0 0 -2 -0.4545 -1 0 rect2p.dat

1 16 1.1481 6 -5.7717 -1.1481 0 0 0 0 -2 -0.2283 -1 0 rect2p.dat



1 16 14.917 6 4.828 0.2826 1 0 0 0 2 1.1721 0 0 rect2p.dat

1 16 7.024 6 -5.089 0 0 -0.6798 2 0 0 0 -1 0.4543 rect3.dat

1 16 15.089 6 2.976 0 1 -0.4543 -2 0 0 0 0 0.6798 rect3.dat

1 16 17.751 5.5 1.259 -0.7267 -1 0 0 0 1.5 -1.0875 0 0 rect2a.dat

1 16 8.741 5.5 -7.751 0 0 1.0875 1.5 0 0 0 1 0.7267 rect2a.dat

2 24 9.138 4 -5.829 9.829 4 -7.025

2 24 9.829 4 -7.025 14.142 4 -4.142

2 24 14.142 4 -4.142 17.025 4 0.171

2 24 17.025 4 0.171 15.829 4 0.862

2 24 15.829 8 0.862 16.174 8 0.663

2 24 9.337 8 -6.174 9.138 8 -5.829

2 24 16.174 7 0.663 17.025 7 0.171

2 24 9.829 7 -7.025 9.337 7 -6.174

3 16 14.634 8 3.656 17.555 8 2.729 15.543 8 2.297

4 16 6.344 8 -4.634 7.703 8 -5.543 7.271 8 -7.555 2.2962 8 -5.5434

4 16 2.2962 4 -5.5434 -2.2962 4 -5.5434 -6.344 4 -4.634 6.344 4 -4.634

3 16 0 4 -6 -2.2962 4 -5.5434 2.2962 4 -5.5434



4 16 9.337 7 -6.174 9.337 8 -6.174 9.138 8 -5.829 9.138 4 -5.829

4 16 9.829 7 -7.025 9.337 7 -6.174 9.138 4 -5.829 9.829 4 -7.025

4 16 7.271 8 -7.555 0 8 -9 0 8 -6 2.2962 8 -5.5434

4 16 9.138 8 -5.829 9.337 8 -6.174 7.271 8 -7.555 7.703 8 -5.543

4 16 7.654 7 -8.478 7.271 7 -7.555 9.337 7 -6.174 9.829 7 -7.025

3 16 15.829 4 0.862 17.025 4 0.171 14.142 4 -4.142

3 16 9.138 4 -5.829 7.703 4 -5.543 6.344 4 -4.634

3 16 14.142 4 -4.142 9.829 4 -7.025 9.138 4 -5.829

4 16 -6.344 4 -4.634 14.634 4 3.656 15.829 4 0.862 6.344 4 -4.634

3 16 14.634 4 3.656 15.543 4 2.297 15.829 4 0.862

4 16 6.344 4 -4.634 15.829 4 0.862 14.142 4 -4.142 9.138 4 -5.829

4 16 14.634 8 3.656 15.2 8 6 18.8 8 9 17.555 8 2.729

4 16 17.025 4 0.171 15.829 4 0.862 16.174 7 0.663 17.025 7 0.171

4 16 17.555 8 2.729 16.174 8 0.663 15.829 8 0.862 15.543 8 2.297

4 16 15.829 8 0.862 16.174 8 0.663 16.174 7 0.663 15.829 4 0.862

4 16 17.025 7 0.171 16.174 7 0.663 17.555 7 2.729 18.478 7 2.346

4 16 20 7 10 18.478 7 2.346 17.555 7 2.729 18.8 7 9

5 24 17.555 7 2.729 17.555 8 2.729 16.174 7 0.663 18.8 7 9

5 24 7.271 7 -7.555 7.271 8 -7.555 9.337 7 -6.174 0 7 -9

5 24 15.543 8 2.297 15.543 4 2.297 14.634 4 3.656 15.829 4 0.862

5 24 7.703 8 -5.543 7.703 4 -5.543 9.138 8 -5.829 6.344 8 -4.634

5 24 18.478 4 2.346 18.478 7 2.346 20 7 10 17.025 7 0.171

5 24 7.654 4 -8.478 7.654 7 -8.478 9.829 7 -7.025 0 7 -10



1 16 0 0 10 -20 0 0 0 1 0 0 0 -20 2-4edge.dat

1 16 0 0 10 -20 0 0 0 4 0 0 0 -20 2-4cyli.dat

1 16 0 6 6 0 0 -15.2 -2 0 0 0 1 0 rect.dat

1 16 0 3.5 10 0 0 20 -3.5 0 0 0 -1 0 rect.dat

1 16 0 7.5 9 0 0 -18.8 0.5 0 0 0 -1 0 rect.dat



4 16 5 7.8 -3.5 6.1729 7.8 -4.6729 3.5 7.8 -5.2731 3.5 7.8 -5

1 16 5.5864 5.9 -4.0864 0 -1 0.58643 1.9 0 0 0 0 -0.58643 rect3.dat

1 16 4.25 5.9 -4.25 0 1 0.75 1.9 0 0 0 0 0.75 rect3.dat

2 24 3.5 7.8 -5.2731 6.1729 7.8 -4.6729

1 16 3.5 5.9 -5.1365 0 1 0 0 0 1.9 -0.13654 0 0 rect.dat

4 16 -3.5 7.8 -5.2731 -6.1729 7.8 -4.6729 -5 7.8 -3.5 -3.5 7.8 -5

1 16 -5.5864 5.9 -4.0864 0 1 -0.58643 1.9 0 0 0 0 -0.58643 rect3.dat

1 16 -4.25 5.9 -4.25 0 -1 -0.75 1.9 0 0 0 0 0.75 rect3.dat

2 24 -3.5 7.8 -5.2731 -6.1729 7.8 -4.6729

1 16 -3.5 5.9 -5.1365 0 -1 0 0 0 1.9 -0.13654 0 0 rect.dat

1 16 -5 4 5.5 0 0 -1.5 0 3.8 0 -0.5 0 0 box3u5p.dat

3 16 -3.5 7.8 5 -5 7.8 3.5 -6.5 7.8 5

1 16 -5 5.9 5 0 0.75 -0.75 1.9 0 0 0 -0.75 -0.75 box2-5.dat

1 16 5 4 5.5 0 0 -1.5 0 3.8 0 -0.5 0 0 box3u5p.dat

3 16 6.5 7.8 5 5 7.8 3.5 3.5 7.8 5

1 16 5 5.9 5 0 0.75 -0.75 1.9 0 0 0 -0.75 -0.75 box2-5.dat

5 24 2.2962 8 -5.5434 2.2962 4 -5.5434 0 8 -6 6.344 8 -4.634

5 24 0 4 -6 0 8 -6 2.2962 4 -5.5434 -2.2962 4 -5.5434

5 24 -2.2962 8 -5.5434 -2.2962 4 -5.5434 0 8 -6 -6.3442 8 -4.6347

0 NOFILE

0 FILE rect2a.dat
0 Rectangle with 2 Adjacent Edges

0 Name: rect2a.dat

0 Author: Chris Dee [cwdee]

0 !LDRAW_ORG Primitive UPDATE 2010-01

0 !LICENSE Licensed under CC BY 4.0 : see CAreadme.txt



0 BFC CERTIFY CCW



0 !HISTORY 2003-12-19 [PTadmin] Official Update 2003-03

0 !HISTORY 2007-06-24 [PTadmin] Header formatted for Contributor Agreement

0 !HISTORY 2008-07-01 [PTadmin] Official Update 2008-01

0 !HISTORY 2010-01-17 [mikeheide] changed winding to CCW

0 !HISTORY 2010-04-05 [PTadmin] Official Update 2010-01





2 24 1 0 1 -1 0 1

2 24 1 0 -1 1 0 1

4 16 -1 0 1 -1 0 -1 1 0 -1 1 0 1

0

0 NOFILE

0 FILE 1-16ring19.dat
0 Ring 19 x 0.0625

0 Name: 1-16ring19.dat

0 Author: Alex Taylor [anathema]

0 !LDRAW_ORG Primitive UPDATE 2014-02

0 !LICENSE Licensed under CC BY 4.0 : see CAreadme.txt



0 BFC CERTIFY CCW



0 !HISTORY 2011-07-25 [PTadmin] Official Update 2011-01

0 !HISTORY 2014-08-13 [PTadmin] Renamed from 1-16ri19

0 !HISTORY 2014-12-23 [PTadmin] Official Update 2014-02





4 16 19 0 0 20 0 0 18.478 0 7.654 17.5541 0 7.2713

0

0 NOFILE

0 FILE 1-16cylo.dat
0 Cylinder Open 0.0625

0 Name: 1-16cylo.dat

0 Author: Max Martin Richter [MMR1988]

0 !LDRAW_ORG Primitive UPDATE 2014-01

0 !LICENSE Licensed under CC BY 4.0 : see CAreadme.txt



0 BFC CERTIFY CCW



0 !HISTORY 2014-06-21 [PTadmin] Official Update 2014-01





1 16 0 0 0 1 0 0 0 1 0 0 0 1 1-16cyli.dat

1 16 0 0 0 1 0 0 0 1 0 0 0 1 1-16edge.dat

1 16 0 1 0 1 0 0 0 1 0 0 0 1 1-16edge.dat

0 NOFILE

0 FILE 1-16cyli.dat
0 Cylinder 0.0625

0 Name: 1-16cyli.dat

0 Author: Marc Klein [marckl]

0 !LDRAW_ORG Primitive UPDATE 2005-01

0 !LICENSE Licensed under CC BY 4.0 : see CAreadme.txt



0 BFC CERTIFY CCW



0 !HISTORY 2004-03-02 [PTadmin] Official Update 2004-01

0 !HISTORY 2004-12-11 [nielsk] Recreated using Primitive Generator, Edge lines fixed, BFC changed to CCW

0 !HISTORY 2005-12-28 [PTadmin] Official Update 2005-01

0 !HISTORY 2007-06-22 [PTadmin] Header formatted for Contributor Agreement

0 !HISTORY 2008-07-01 [PTadmin] Official Update 2008-01





4 16 .9239 1 .3827 .9239 0 .3827 1 0 0 1 1 0

5 24 1 1 0 1 0 0 1 1 -.4142 .9239 1 .3827

5 24 .9239 1 .3827 .9239 0 .3827 1 1 0 .7654 1 .7654

0

0 NOFILE

0 FILE 1-16chrd.dat
0 Chord 0.0625

0 Name: 1-16chrd.dat

0 Author: Philippe Hurbain [Philo]

0 !LDRAW_ORG Primitive UPDATE 2015-01

0 !LICENSE Licensed under CC BY 4.0 : see CAreadme.txt



0 BFC CERTIFY CCW



0 !HISTORY 2015-10-11 [PTadmin] Official Update 2015-01





0 // This file is intentionally empty because at the current \P resolution,

0 // an 1-16chrd is actually empty. However, this file still is present

0 // to allow tools to do primitives substition and fill in a real chrd here,

0 // or, if desired, to substitute this with the hi-res 48\1-16chrd.



0 // This file is based on an idea by Darats at http://forums.ldraw.org/read.php?19,14500,14500#msg-14500



1 16 0 0 0 1 0 0 0 1 0 0 0 1 empty.dat
0 NOFILE

0 FILE empty.dat
0 Empty

0 Name: empty.dat

0 Author: Steffen [Steffen]

0 !LDRAW_ORG Primitive UPDATE 2025-08

0 !LICENSE Licensed under CC BY 4.0 : see CAreadme.txt



0 BFC CERTIFY CCW



0 !HISTORY 2015-10-11 [PTadmin] Official Update 2015-01

0 !HISTORY 2025-08-13 [OrionP] Fix comments

0 !HISTORY 2025-08-31 [OrionP] Official Update 2025-08



0 // Tool MLCad cannot handle really empty files. This file is used as a workaround.

0 // It exceptionally contains forbidden non-LDRAW standard syntax to satisfy MLCad

0 // until it is fixed OR a different editor has become the de-facto LDRAW standard.

0 // The line being used here is an "impossible" conditional line which never should be visible,

0 // additionally hidden by a syntax explicitly hiding it from displaying.



0 MLCAD HIDE 5 24 0 0 0 0.0001 0 0 0.0001 -0.0001 0 0 0 0
0 NOFILE

0 FILE 1-16edge.dat
0 Circle 0.0625

0 Name: 1-16edge.dat

0 Author: Marc Klein [marckl]

0 !LDRAW_ORG Primitive UPDATE 2017-01

0 !LICENSE Licensed under CC BY 4.0 : see CAreadme.txt



0 BFC CERTIFY CCW



0 !HISTORY 2004-03-02 [PTadmin] Official Update 2004-01

0 !HISTORY 2007-06-22 [PTadmin] Header formatted for Contributor Agreement

0 !HISTORY 2008-07-01 [PTadmin] Official Update 2008-01

0 !HISTORY 2017-01-15 [Steffen] BFCed

0 !HISTORY 2017-12-30 [PTadmin] Official Update 2017-01





2 24 1 0 0 0.9239 0 0.3827

0 NOFILE

0 FILE 36841.dat
0 Bracket  1 x  1 -  1 x  1 Down

0 Name: 36841.dat

0 Author: Magnus Forsberg [MagFors]

0 !LDRAW_ORG Part UPDATE 2019-01

0 !LICENSE Licensed under CC BY 4.0 : see CAreadme.txt



0 BFC CERTIFY CCW



0 !HISTORY 2019-06-28 [PTadmin] Official Update 2019-01





1 16 0 6 -10 -1.5 0 0 0 0 2 0 4 0 box4-1.dat

0 BFC INVERTNEXT

1 16 0 8 -2 6 0 0 0 -4 0 0 0 8 box5-1.dat

1 16 0 8 0 10 0 0 0 1 0 0 0 10 recte3.dat

4 16 10 8 10 6 8 6 -6 8 6 -10 8 10

4 16 -10 8 10 -6 8 6 -6 8 -10 -10 8 -10

4 16 10 8 -10 6 8 -10 6 8 6 10 8 10

2 24 -10 8 -10 -6 8 -10

2 24 10 8 -10 6 8 -10

2 24 10 8 -10 10 18 -10

2 24 -10 8 -10 -10 18 -10

4 16 8 20 -10 6 8 -10 10 8 -10 10 18 -10

4 16 8 20 -10 -8 20 -10 -6 8 -10 6 8 -10

4 16 -10 18 -14 -10 0 -14 -10 8 -10 -10 18 -10

1 16 0 4 10 -10 0 0 0 0 -4 0 -1 0 rect3.dat

4 16 10 18 -10 10 8 -10 10 0 -14 10 18 -14

4 16 10 8 10 10 0 10 10 0 -14 10 8 -10

4 16 -10 8 10 -10 8 -10 -10 0 -14 -10 0 10

1 16 0 9 -2 -10 0 0 0 -9 0 0 0 -12 box2-7.dat



1 16 -8 18 -14 -2 0 0 0 0 2 0 4 0 1-4cylo.dat

1 16 8 18 -14 0 0 2 2 0 0 0 4 0 1-4cylo.dat

1 16 -8 18 -10 -2 0 0 0 0 2 0 -1 0 1-4chrd.dat

1 16 8 18 -10 0 0 2 2 0 0 0 -1 0 1-4chrd.dat

1 16 -8 18 -14 -2 0 0 0 0 2 0 1 0 1-4chrd.dat

1 16 8 18 -14 0 0 2 2 0 0 0 1 0 1-4chrd.dat

1 16 0 20 -12 8 0 0 0 -1 0 0 0 -2 rect2p.dat

4 16 10 18 -14 -10 18 -14 -8 20 -14 8 20 -14

4 16 -10 8 -10 -6 8 -10 -8 20 -10 -10 18 -10



1 16 0 0 0 0 0 -1 0 1 0 1 0 0 stud.dat

1 16 0 10 -14 0 0 1 1 0 0 0 1 0 stud2.dat

0 NOFILE

0 FILE 1-4chrd.dat
0 Chord 0.25

0 Name: 1-4chrd.dat

0 Author: Max Martin Richter [MMR1988]

0 !LDRAW_ORG Primitive UPDATE 2023-05

0 !LICENSE Licensed under CC BY 4.0 : see CAreadme.txt



0 BFC CERTIFY CCW



0 !HISTORY 2004-04-22 [PTadmin] Official Update 2004-02

0 !HISTORY 2007-10-09 [PTadmin] Header formatted for Contributor Agreement

0 !HISTORY 2008-07-01 [PTadmin] Official Update 2008-01

0 !HISTORY 2012-08-02 [MMR1988] Re-creation with PrimGen2 and Rectifier

0 !HISTORY 2012-08-09 [PTadmin] Official Update 2012-02

0 !HISTORY 2023-10-27 [OrionP] Change author to MMR1988 from hafhead

0 !HISTORY 2023-10-31 [OrionP] Official Update 2023-05



4 16 0.9239 0 0.3827 0.3827 0 0.9239 0 0 1 1 0 0

3 16 0.7071 0 0.7071 0.3827 0 0.9239 0.9239 0 0.3827
0 NOFILE

0 FILE 1-4cylo.dat
0 Cylinder Open 0.25

0 Name: 1-4cylo.dat

0 Author: Max Martin Richter [MMR1988]

0 !LDRAW_ORG Primitive UPDATE 2010-03

0 !LICENSE Licensed under CC BY 4.0 : see CAreadme.txt



0 BFC CERTIFY CCW



0 !HISTORY 2010-12-31 [PTadmin] Official Update 2010-03





1 16 0 0 0 1 0 0 0 1 0 0 0 1 1-4edge.dat

1 16 0 1 0 1 0 0 0 1 0 0 0 1 1-4edge.dat

1 16 0 0 0 1 0 0 0 1 0 0 0 1 1-4cyli.dat

0 NOFILE

0 FILE 1-4cyli.dat
0 Cylinder 0.25

0 Name: 1-4cyli.dat

0 Author: James Jessiman

0 !LDRAW_ORG Primitive UPDATE 2012-01

0 !LICENSE Licensed under CC BY 4.0 : see CAreadme.txt



0 BFC CERTIFY CCW



0 !HISTORY 2002-03-23 [sbliss] Added BFC statement.

0 !HISTORY 2002-04-25 [PTadmin] Official Update 2002-02

0 !HISTORY 2007-06-22 [PTadmin] Header formatted for Contributor Agreement

0 !HISTORY 2008-07-01 [PTadmin] Official Update 2008-01

0 !HISTORY 2012-02-16 [Philo] Changed to CCW

0 !HISTORY 2012-03-30 [PTadmin] Official Update 2012-01





4 16 1 1 0 0.9239 1 0.3827 0.9239 0 0.3827 1 0 0

5 24 1 0 0 1 1 0 0.9239 0 0.3827 1 0 -1

4 16 0.9239 1 0.3827 0.7071 1 0.7071 0.7071 0 0.7071 0.9239 0 0.3827

5 24 0.9239 0 0.3827 0.9239 1 0.3827 0.7071 0 0.7071 1 0 0

4 16 0.7071 1 0.7071 0.3827 1 0.9239 0.3827 0 0.9239 0.7071 0 0.7071

5 24 0.7071 0 0.7071 0.7071 1 0.7071 0.3827 0 0.9239 0.9239 0 0.3827

4 16 0.3827 1 0.9239 0 1 1 0 0 1 0.3827 0 0.9239

5 24 0.3827 0 0.9239 0.3827 1 0.9239 0 0 1 0.7071 0 0.7071

5 24 0 0 1 0 1 1 0.3827 0 0.9239 -1 0 1

0 NOFILE

0 FILE 1-4edge.dat
0 Circle 0.25

0 Name: 1-4edge.dat

0 Author: James Jessiman

0 !LDRAW_ORG Primitive UPDATE 2017-01

0 !LICENSE Licensed under CC BY 4.0 : see CAreadme.txt



0 BFC CERTIFY CCW



0 !HISTORY 2007-06-22 [PTadmin] Header formatted for Contributor Agreement

0 !HISTORY 2008-07-01 [PTadmin] Official Update 2008-01

0 !HISTORY 2017-01-15 [Steffen] BFCed

0 !HISTORY 2017-12-30 [PTadmin] Official Update 2017-01





2 24 1 0 0 0.9239 0 0.3827

2 24 0.9239 0 0.3827 0.7071 0 0.7071

2 24 0.7071 0 0.7071 0.3827 0 0.9239

2 24 0.3827 0 0.9239 0 0 1

0 NOFILE

0 FILE box5-1.dat
0 Box with 5 Faces without 1 Edge

0 Name: box5-1.dat

0 Author: J.C. Tchang [tchang]

0 !LDRAW_ORG Primitive UPDATE 2014-01

0 !LICENSE Licensed under CC BY 4.0 : see CAreadme.txt



0 BFC CERTIFY CCW



0 !HISTORY 2014-06-21 [PTadmin] Official Update 2014-01





2 24 1 1 1 -1 1 1

2 24 -1 1 1 -1 1 -1

2 24 -1 1 -1 1 1 -1

2 24 1 1 -1 1 1 1

2 24 1 0 1 -1 0 1

2 24 -1 0 1 -1 0 -1

2 24 1 0 -1 1 0 1

2 24 1 0 1 1 1 1

2 24 -1 0 1 -1 1 1

2 24 1 0 -1 1 1 -1

2 24 -1 0 -1 -1 1 -1

4 16 -1 1 1 1 1 1 1 1 -1 -1 1 -1

4 16 -1 1 1 -1 0 1 1 0 1 1 1 1

4 16 -1 1 -1 -1 0 -1 -1 0 1 -1 1 1

4 16 1 1 -1 1 0 -1 -1 0 -1 -1 1 -1

4 16 1 1 1 1 0 1 1 0 -1 1 1 -1

0 NOFILE

0 FILE 1762.dat
0 Slope Brick 31  2 x  2 Double, Curved

0 Name: 1762.dat

0 Author: Gerald Lasser [GeraldLasser]

0 !LDRAW_ORG Part UPDATE 2024-03

0 !LICENSE Licensed under CC BY 4.0 : see CAreadme.txt



0 BFC CERTIFY CCW



0 !HISTORY 2024-04-28 [OrionP] Official Update 2024-03



0 // Bottom

1 16 0 0 0 1 0 0 0 1 0 0 0 1 s__1762s01.dat

1 16 0 0 0 1 0 0 0 1 0 0 0 -1 s__1762s01.dat



4 16 -16 0 16 -16 0 -16 -20 0 -20 -20 0 20

4 16 0 0 16 0 0 -16 -4 0 -16 -4 0 16

4 16 -4 -3 -16 -4 -3 16 -4 0 16 -4 0 -16

3 16 -4 -3 16 -4 -3 -16 -4 -12.4623 0

3 16 -16 -12.4623 0 -16 -3 -16 -16 -3 16

4 16 -16 0 -16 -16 0 16 -16 -3 16 -16 -3 -16

1 16 0 -1.5 0 0 -1 0 0 0 1.5 16 0 0 rect3.dat

3 16 0 -3 -16 0 -3 16 0 -11.9705 0

4 16 -20 -4 -20 -20 -4 20 -20 0 20 -20 0 -20

3 16 -20 -4 -20 -20 -16 0 -20 -4 20

2 24 -20 0 20 -20 0 -20

1 16 -10 0 0 -6 0 0 0 1 0 0 0 16 recte4.dat

2 24 -10 -16 0 -20 -16 0

2 24 -.865 -15.5442 0 -10 -16 0

2 24 8.116 -14.35 0 -.865 -15.5442 0

2 24 16.5 -12 0 8.116 -14.35 0

2 24 -4 -12.4623 0 -16 -12.4623 0

2 24 16.5 -8.8 0 0 -11.9705 0

0 NOFILE

0 FILE recte4.dat
0 Rectangle Empty with 4 Edges

0 Name: recte4.dat

0 Author: Steffen [Steffen]

0 !LDRAW_ORG Primitive UPDATE 2010-03

0 !LICENSE Licensed under CC BY 4.0 : see CAreadme.txt



0 BFC CERTIFY CCW



0 !HISTORY 2010-12-31 [PTadmin] Official Update 2010-03





2 24 1 0 1 -1 0 1

2 24 -1 0 1 -1 0 -1

2 24 -1 0 -1 1 0 -1

2 24 1 0 -1 1 0 1

0 NOFILE

0 FILE s__1762s01.dat
0 ~Slope Brick 31  2 x  2 Double, Curved - Half

0 Name: s\1762s01.dat

0 Author: Gerald Lasser [GeraldLasser]

0 !LDRAW_ORG Subpart UPDATE 2024-03

0 !LICENSE Licensed under CC BY 4.0 : see CAreadme.txt



0 BFC CERTIFY CCW



0 !HISTORY 2024-04-28 [OrionP] Official Update 2024-03



0 // Bottom

4 16 -20 0 -20 -16 0 -16 -4 0 -16 7 0 -20

4 16 -4 0 -16 0 0 -16 7 0 -16.5 7 0 -20

3 16 7 0 -16 7 0 -16.5 0 0 -16



0 // Inside Closed Part

3 16 -16 -3 -16 -12.2962 -3.27 -15.5434 -10 -3 -16

3 16 -12.2962 -3.27 -15.5434 -16 -3 -16 -14.1431 -4 -14.3091

3 16 -4 -3 -16 -10 -3 -16 -7.7038 -3.27 -15.5434

3 16 -4 -3 -16 -7.7038 -3.27 -15.5434 -5.8569 -4 -14.3091

3 16 -14.1431 -4 -14.3091 -16 -3 -16 -16 -12.4623 0

4 16 -16 -12.4623 0 -4 -12.4623 0 -5.8569 -4 -14.3091 -14.1431 -4 -14.3091

3 16 -5.8569 -4 -14.3091 -4 -12.4623 0 -4 -3 -16

3 16 -16 -3 -16 -10 -3 -16 -16 0 -16

4 16 -4 -3 -16 -4 0 -16 -16 0 -16 -10 -3 -16

3 16 -7.7038 -4 -15.5434 -5.8569 -4 -14.3091 -7.7038 -3.27 -15.5434

3 16 -12.2962 -4 -15.5434 -12.2962 -3.27 -15.5434 -14.1431 -4 -14.3091

4 16 -7.7038 -4 -15.5434 -7.7038 -3.27 -15.5434 -10 -3 -16 -10 -4 -16

4 16 -12.2962 -4 -15.5434 -10 -4 -16 -10 -3 -16 -12.2962 -3.27 -15.5434

4 16 -14.1431 -4 -14.3091 -5.8569 -4 -14.3091 -7.7038 -4 -15.5434 -12.2962 -4 -15.5434

3 16 -7.7038 -4 -15.5434 -10 -4 -16 -12.2962 -4 -15.5434

2 24 -12.2962 -3.27 -15.5434 -14.1431 -4 -14.3091

2 24 -12.2962 -3.27 -15.5434 -10 -3 -16

2 24 -10 -3 -16 -7.7038 -3.27 -15.5434

2 24 -7.7038 -3.27 -15.5434 -5.8569 -4 -14.3091

2 24 -10 -4 -16 -7.7038 -4 -15.5434

2 24 -12.2962 -4 -15.5434 -10 -4 -16

2 24 -7.7038 -4 -15.5434 -5.8569 -4 -14.3091

2 24 -14.1431 -4 -14.3091 -12.2962 -4 -15.5434

2 24 -5.8569 -4 -14.3091 -14.1431 -4 -14.3091

2 24 -16 -3 -16 -10 -3 -16

2 24 -4 -3 -16 -10 -3 -16

2 24 -16 -12.4623 0 -16 -3 -16

2 24 -4 -3 -16 -4 -12.4623 0

2 24 -4 0 -16 -4 -3 -16

2 24 -16 0 -16 -16 -3 -16

5 24 -12.2962 -3.27 -15.5434 -12.2962 -4 -15.5434 -14.1431 -4 -14.3091 -10 -4 -16

5 24 -10 -3 -16 -10 -4 -16 -12.2962 -3.27 -15.5434 -7.7038 -3.27 -15.5434

5 24 -7.7038 -3.27 -15.5434 -7.7038 -4 -15.5434 -10 -3 -16 -5.8569 -4 -14.3091



2 24 -5 -10.3924 -3.5 -6.5 -9.5053 -5

2 24 -6.5 -9.5053 -5 -5 -8.6182 -6.5

1 16 -4.5 -5.4462 -3.5 .5 0 0 0 0 -4.9462 0 -1 0 rect3.dat

1 16 -4.5 -4.5591 -6.5 -.5 0 0 0 0 -4.0591 0 1 0 rect.dat

1 16 -4.5 -.5 -5 0 0 .5 0 -1 0 1.5 0 0 rect2a.dat

1 16 -6.5 -10.5 -5 1.5 0 1.5 0 10 0 -1.5 0 1.5 tri3a4.dat



2 24 -15 -10.3924 -3.5 -13.5 -9.5053 -5

2 24 -13.5 -9.5053 -5 -15 -8.6182 -6.5

1 16 -15.5 -5.4462 -3.5 .5 0 0 0 0 -4.9462 0 -1 0 rect3.dat

1 16 -15.5 -4.5591 -6.5 -.5 0 0 0 0 -4.0591 0 1 0 rect.dat

1 16 -15.5 -.5 -5 0 0 -.5 0 -1 0 1.5 0 0 rect2a.dat

1 16 -13.5 -10.5 -5 -1.5 0 -1.5 0 10 0 -1.5 0 1.5 tri3a4.dat



0 // Inside Open Front and Curved Cutout

1 16 7 -2.375 -20 2.375 -1 0 0 0 2.375 3.5 0 0 1-4edge.dat

1 16 7 -2.375 -20 2.375 -1 0 0 0 2.375 3.5 0 0 1-4chrd.dat

1 16 7 -2.375 -16.5 2.375 0 0 0 0 2.375 0 -3.5 0 1-4cyls.dat

1 16 7 -2.375 -16.5 2.375 0 0 0 0 2.375 0 .5 0 1-4cyli.dat

1 16 7 -2.375 -16 2.375 0 0 0 0 2.375 0 1 0 1-4edge.dat

1 16 7 -2.375 -16 2.375 0 0 0 0 2.375 0 -1 0 1-4chrd.dat

4 16 7 -4 -20 7 0 -20 9.375 -2.375 -16.5 9.375 -4 -16.5

4 16 9.375 -3 -16 9.375 -2.375 -16 7 0 -16 0 -3 -16

3 16 0 -3 -16 7 0 -16 0 0 -16

2 24 0 0 -16 7 0 -16

2 24 9.375 -3 -16 0 -3 -16

2 24 9.375 -2.375 -16 9.375 -3 -16

4 16 9.375 -2.375 -16 9.375 -3 -16 9.375 -4 -16.5 9.375 -2.375 -16.5

3 16 9.375 -3 -16 9.375 -4 -16 9.375 -4 -16.5

2 24 9.375 -2.375 -16.5 9.375 -4 -16.5

2 24 9.375 -3 -16 9.375 -4 -16

2 24 9.375 -4 -16 9.375 -4 -16.5



3 16 0 -3 -16 5.107 -4 -13.2694 5.7574 -3.6436 -14.2426

3 16 5.7574 -3.6436 -14.2426 7.7038 -3.1672 -15.5434 0 -3 -16

3 16 7.7038 -3.1672 -15.5434 9.375 -3 -16 0 -3 -16

3 16 5.107 -4 -13.2694 0 -11.9705 0 9.375 -4 -12

3 16 0 -3 -16 0 -11.9705 0 5.107 -4 -13.2694

3 16 9.375 -4 -12 0 -11.9705 0 16.5 -8.5 -2

4 16 7.7038 -4 -15.5434 9.375 -4 -16 9.375 -3 -16 7.7038 -3.1672 -15.5434

4 16 7.7038 -3.1672 -15.5434 5.7574 -3.6436 -14.2426 5.7574 -4 -14.2426 7.7038 -4 -15.5434

4 16 7.7038 -4 -15.5434 5.7574 -4 -14.2426 5.107 -4 -13.2694 9.375 -4 -12

3 16 9.375 -4 -12 9.375 -4 -16 7.7038 -4 -15.5434

3 16 16.5 -8.8 0 16.5 -8.5 -2 0 -11.9705 0

3 16 5.107 -4 -13.2694 5.7574 -4 -14.2426 5.7574 -3.6436 -14.2426

2 24 5.107 -4 -13.2694 5.7574 -3.6436 -14.2426

2 24 7.7038 -3.1672 -15.5434 9.375 -3 -16

2 24 5.7574 -3.6436 -14.2426 7.7038 -3.1672 -15.5434

2 24 9.375 -4 -12 5.107 -4 -13.2694

2 24 5.107 -4 -13.2694 5.7574 -4 -14.2426

2 24 7.7038 -4 -15.5434 9.375 -4 -16

2 24 5.7574 -4 -14.2426 7.7038 -4 -15.5434

2 24 9.375 -4 -12 9.375 -4 -16

5 24 5.7574 -3.6436 -14.2426 5.7574 -4 -14.2426 5.107 -4 -13.2694 7.7038 -4 -15.5434

5 24 7.7038 -3.1672 -15.5434 7.7038 -4 -15.5434 5.7574 -4 -14.2426 9.375 -4 -16

2 24 0 -11.9705 0 0 -3 -16

2 24 16.5 -8.8 0 16.5 -8.5 -2

2 24 16.5 -8.5 -2 9.375 -4 -12

5 24 5.107 -4 -13.2694 0 -3 -16 0 -11.9705 0 5.7574 -3.6436 -14.2426

5 24 9.375 -4 -12 0 -11.9705 0 16.5 -8.5 -2 5.107 -4 -13.2694

5 24 16.5 -8.5 -2 0 -11.9705 0 9.375 -4 -12 16.5 -8.8 0

5 24 0 -11.9705 0 5.107 -4 -13.2694 9.375 -4 -12 0 -3 -16



4 16 16.5 -8.5 -6 9.375 -4 -16 9.375 -4 -12 16.5 -8.5 -2

3 16 9.375 -4 -16.5 9.375 -4 -16 16.5 -8.5 -6

4 16 16.5 -10 -6 7 -4 -20 9.375 -4 -16.5 16.5 -8.5 -6

3 16 16.5 -8.5 -6 16.5 -8.5 -2 16.5 -10 -6

4 16 16.5 -8.8 0 16.5 -12 0 16.5 -10 -6 16.5 -8.5 -2

2 24 16.5 -8.5 -2 16.5 -8.5 -6

2 24 16.5 -8.5 -6 9.375 -4 -16.5

2 24 16.5 -8.5 -6 16.5 -10 -6

2 24 7 -4 -20 16.5 -10 -6

2 24 16.5 -12 0 16.5 -10 -6



0 // Outside

1 16 -6.5 -2 -20 -13.5 0 0 0 0 -2 0 1 0 rect.dat

2 24 -20 -16 0 -20 -4 -20

3 16 -.865 -15.5442 0 -10 -16 0 7 -4 -20

3 16 16.5 -12 0 8.116 -14.35 0 16.5 -10 -6

3 16 -.865 -15.5442 0 7 -4 -20 8.116 -14.35 0

4 16 7 -4 -20 -10 -16 0 -20 -16 0 -20 -4 -20

3 16 16.5 -10 -6 8.116 -14.35 0 7 -4 -20

5 24 -10 -16 0 7 -4 -20 -.865 -15.5442 0 -20 -4 -20

5 24 8.116 -14.35 0 7 -4 -20 -.865 -15.5442 0 16.5 -10 -6

5 24 -.865 -15.5442 0 7 -4 -20 -10 -16 0 8.116 -14.35 0

5 24 16.5 -10 -6 8.116 -14.35 0 16.5 -12 0 7 -4 -20

0 NOFILE

0 FILE tri3a4.dat
0 Triangular Prism with 3 Adjacent Faces without 4 Edges

0 Name: tri3a4.dat

0 Author: Magnus Forsberg [MagFors]

0 !LDRAW_ORG Primitive UPDATE 2017-01

0 !LICENSE Licensed under CC BY 4.0 : see CAreadme.txt



0 BFC CERTIFY CCW



0 !HISTORY 2017-12-30 [PTadmin] Official Update 2017-01





2 24 0 1 1 0 1 0

2 24 0 1 0 1 1 0

2 24 0 0 1 0 0 0

2 24 0 0 0 1 0 0

2 24 0 0 0 0 1 0

4 16 0 1 1 0 1 0 0 0 0 0 0 1

4 16 0 1 0 1 1 0 1 0 0 0 0 0

3 16 0 1 0 0 1 1 1 1 0

0 NOFILE

0 FILE 5092.dat
0 Tile  1 x  2 Cut Right 45 Degree

0 Name: 5092.dat

0 Author: Gerald Lasser [GeraldLasser]

0 !LDRAW_ORG Part UPDATE 2025-03

0 !LICENSE Licensed under CC BY 4.0 : see CAreadme.txt



0 BFC CERTIFY CCW



0 !HISTORY 2025-03-30 [OrionP] Official Update 2025-03



1 16 0 0 0 1 0 0 0 1 0 0 0 1 s__5092s01.dat



4 16 -20 0 10 -20 0 -10 0 0 -10 17 0 10

3 16 17 0 7 17 0 10 0 0 -10

0 NOFILE

0 FILE s__5092s01.dat
0 ~Tile  1 x  2 Cut Right 45 Degree without Patternable Surfaces

0 Name: s\5092s01.dat

0 Author: Gerald Lasser [GeraldLasser]

0 !LDRAW_ORG Subpart UPDATE 2025-03

0 !LICENSE Licensed under CC BY 4.0 : see CAreadme.txt



0 BFC CERTIFY CCW



0 !HISTORY 2025-03-30 [OrionP] Official Update 2025-03



0 // Bottom

4 16 -4 8 6 0 8 6 0 8 -4 -4 8 -6

4 16 5.0503 8 -3.5355 -.4142 8 -9 -4 8 -6 0 8 -4

3 16 0 8 -4 2.7574 8 -1.2426 5.0503 8 -3.5355

4 16 -19 8 -9 -16 8 -6 -4 8 -6 -.4142 8 -9

4 16 -19 8 9 -16 8 6 -16 8 -6 -19 8 -9

3 16 -4 8 6 -16 8 6 -19 8 9

4 16 -19 8 9 16 8 9 0 8 6 -4 8 6

4 16 16 8 7.4142 13.5355 8 4.9497 12.5 8 6 16 8 9

3 16 12.5 8 6 0 8 6 16 8 9

0 BFC INVERTNEXT

1 16 -10 8 0 0 0 -6 0 -4 0 -6 0 0 box5.dat

1 16 1.3787 6 -2.6213 0 0 1.3787 -2 0 0 0 -1 1.3787 rect3.dat

0 BFC INVERTNEXT

1 16 6.25 6 1 0 0 -6.25 -2 0 0 0 5 0 box2-5.dat

4 16 13.5355 8 4.9497 13.5355 7 4.9497 12.5 4 6 12.5 8 6

4 16 12.5 4 6 13.5355 7 4.9497 14.2426 7 4.2426 14.2426 4 4.2426

4 16 5.7574 7 -4.2426 5.0503 7 -3.5355 2.7574 4 -1.2426 5.7574 4 -4.2426

4 16 2.7574 4 -1.2426 5.0503 7 -3.5355 5.0503 8 -3.5355 2.7574 8 -1.2426

2 24 13.5355 7 4.9497 14.2426 7 4.2426

2 24 5.0503 7 -3.5355 5.7574 7 -4.2426

2 24 13.5355 8 4.9497 12.5 8 6

2 24 2.7574 8 -1.2426 5.0503 8 -3.5355

3 16 2.7574 4 -1.2426 0 4 -4 0 4 6

3 16 2.7574 4 -1.2426 0 4 6 12.5 4 6

4 16 2.7574 4 -1.2426 12.5 4 6 14.2426 4 4.2426 5.7574 4 -4.2426

2 24 12.5 4 6 14.2426 4 4.2426

2 24 14.2426 4 4.2426 5.7574 4 -4.2426

2 24 5.7574 4 -4.2426 2.7574 4 -1.2426



0 // Lip

1 16 2.318 7.5 -6.2678 2.73225 -1 0 0 0 .5 2.73225 0 0 rect.dat

1 16 -9.7071 7.5 0 0 -9.2929 0 .5 0 0 0 0 -9 box2-7.dat

1 16 -1.5 7.5 8.2071 0 0 17.5 -.5 0 0 0 .7929 0 box2-5.dat

1 16 14.76775 7.5 6.18195 0 0 -1.23225 -.5 0 0 0 1 -1.23225 rect3.dat

4 16 13.5355 7 4.9497 16 7 7.4142 17 7 7 14.2426 7 4.2426

4 16 -.4142 7 -9 5.0503 7 -3.5355 5.7574 7 -4.2426 0 7 -10

4 16 -.4142 7 -9 0 7 -10 -20 7 -10 -19 7 -9

4 16 -19 7 -9 -20 7 -10 -20 7 10 -19 7 9

4 16 -19 7 9 -20 7 10 17 7 10 16 7 9

4 16 16 7 9 17 7 10 17 7 7 16 7 7.4142



0 // Outside

1 16 -10 3.5 0 0 -10 0 3.5 0 0 0 0 -10 box2-5.dat

4 16 0 0 -10 0 7 -10 5.7574 7 -4.2426 5.7574 4 -4.2426

4 16 14.2426 4 4.2426 14.2426 7 4.2426 17 7 7 17 0 7

4 16 5.7574 4 -4.2426 14.2426 4 4.2426 17 0 7 0 0 -10

2 24 14.2426 7 4.2426 14.2426 4 4.2426

2 24 5.7574 4 -4.2426 5.7574 7 -4.2426

2 24 17 7 7 14.2426 7 4.2426

2 24 5.7574 7 -4.2426 0 7 -10

2 24 0 0 -10 17 0 7

2 24 17 0 7 17 7 7

1 16 -1.5 3.5 8.5 0 0 18.5 -3.5 0 0 0 1.5 0 box2-7.dat

0 NOFILE

0 FILE 5091.dat
0 Tile  1 x  2 Cut Left 45 Degree

0 Name: 5091.dat

0 Author: Gerald Lasser [GeraldLasser]

0 !LDRAW_ORG Part UPDATE 2025-03

0 !LICENSE Licensed under CC BY 4.0 : see CAreadme.txt



0 BFC CERTIFY CCW



0 !HISTORY 2025-03-30 [OrionP] Official Update 2025-03



1 16 0 0 0 1 0 0 0 1 0 0 0 -1 s__5092s01.dat



4 16 0 0 10 -20 0 10 -20 0 -10 17 0 -10

3 16 17 0 -10 17 0 -7 0 0 10

0 NOFILE

0 FILE 99781.dat
0 Bracket  1 x  2 -  1 x  2 Down
0 Name: 99781.dat
0 Author: Tim Gould [timgould]
0 !LDRAW_ORG Part UPDATE 2025-08
0 !LICENSE Licensed under CC BY 4.0 : see CAreadme.txt

0 BFC CERTIFY CCW

0 !HISTORY 2012-08-09 [PTadmin] Official Update 2012-02
0 !HISTORY 2025-08-03 [Holly-Wood] Removed overlap, fixed stud rotation, removed comment
0 !HISTORY 2025-08-31 [OrionP] Official Update 2025-08

1 16 0 4 0 1 0 0 0 -1 0 0 0 1 stud3.dat

1 16 0 6 -10 -1.5 0 0 0 0 2 0 4 0 box4-1.dat
1 16 10 6 -10 -1.5 0 0 0 0 2 0 4 0 box4-1.dat
1 16 -10 6 -10 -1.5 0 0 0 0 2 0 4 0 box4-1.dat

2 24 -16 4 -10 -16 8 -10
2 24 -11.5 4 -10 -16 4 -10
4 16 -16 8 -10 -16 4 -10 -11.5 4 -10 -11.5 8 -10
2 24 16 4 -10 16 8 -10
2 24 11.5 4 -10 16 4 -10
4 16 16 8 -10 11.5 8 -10 11.5 4 -10 16 4 -10
2 24 -8.5 4 -10 -1.5 4 -10
4 16 -1.5 8 -10 -8.5 8 -10 -8.5 4 -10 -1.5 4 -10
2 24 1.5 4 -10 8.5 4 -10
4 16 8.5 8 -10 1.5 8 -10 1.5 4 -10 8.5 4 -10

0 BFC INVERTNEXT
1 16 0 8 -2 16 0 0 0 -4 0 0 0 8 box4-4a.dat
1 16 0 8 0 20 0 0 0 1 0 0 0 10 recte3.dat
1 16 0 8 -2 20 0 0 0 -8 0 0 0 12 box5-4a.dat
4 16 20 8 10 16 8 6 -16 8 6 -20 8 10
4 16 -20 8 10 -16 8 6 -16 8 -10 -20 8 -10
4 16 20 8 -10 16 8 -10 16 8 6 20 8 10
2 24 -20 8 -10 -16 8 -10
2 24 20 8 -10 16 8 -10
1 16 0 8 -12 20 0 0 0 10 0 0 0 2 box4o8a.dat

1 16 -18 18 -14 -2 0 0 0 0 2 0 4 0 1-4cylo.dat
1 16 18 18 -14 0 0 2 2 0 0 0 4 0 1-4cylo.dat
1 16 -18 18 -10 -2 0 0 0 0 2 0 -1 0 1-4chrd.dat
1 16 18 18 -10 0 0 2 2 0 0 0 -1 0 1-4chrd.dat
1 16 -18 18 -14 -2 0 0 0 0 2 0 1 0 1-4chrd.dat
1 16 18 18 -14 0 0 2 2 0 0 0 1 0 1-4chrd.dat

2 24 18 20 -14 -18 20 -14
2 24 -18 20 -10 18 20 -10
4 16 -18 20 -14 -18 20 -10 18 20 -10 18 20 -14

4 16 20 18 -14 -20 18 -14 -18 20 -14 18 20 -14
4 16 18 20 -10 -18 20 -10 -20 18 -10 20 18 -10

1 16 0 0 0 1 0 0 0 1 0 0 0 1 stug-1x2.dat
1 16 0 10 -14 0 0 1 1 0 0 0 1 0 stug2-2x1.dat
0 NOFILE

0 FILE stug2-2x1.dat
0 Stud Open Group  2 x  1
0 Name: stug2-2x1.dat
0 Author: Steffen [Steffen]
0 !LDRAW_ORG Primitive UPDATE 2013-02
0 !LICENSE Licensed under CC BY 4.0 : see CAreadme.txt

0 BFC CERTIFY CCW

0 !HISTORY 2013-12-23 [PTadmin] Official Update 2013-02


1 16 0 0 10 1 0 0 0 1 0 0 0 1 stud2.dat
1 16 0 0 -10 1 0 0 0 1 0 0 0 1 stud2.dat
0 NOFILE

0 FILE stug-1x2.dat
0 Stud Group  1 x  2

0 Name: stug-1x2.dat

0 Author: Steffen [Steffen]

0 !LDRAW_ORG Primitive UPDATE 2011-01

0 !LICENSE Licensed under CC BY 4.0 : see CAreadme.txt



0 BFC CERTIFY CCW



0 !HISTORY 2011-07-25 [PTadmin] Official Update 2011-01





1 16 -10 0 0 1 0 0 0 1 0 0 0 1 stud.dat

1 16 10 0 0 1 0 0 0 1 0 0 0 1 stud.dat

0 NOFILE

0 FILE box4o8a.dat
0 Box with 4 Faces (2 Parallel Pairs) without Top and Bottom Edges

0 Name: box4o8a.dat

0 Author: Steffen [Steffen]

0 !LDRAW_ORG Primitive UPDATE 2012-01

0 !LICENSE Licensed under CC BY 4.0 : see CAreadme.txt



0 BFC CERTIFY CCW



0 !HISTORY 2004-04-22 [PTadmin] Official Update 2004-02

0 !HISTORY 2007-06-24 [PTadmin] Header formatted for Contributor Agreement

0 !HISTORY 2008-07-01 [PTadmin] Official Update 2008-01

0 !HISTORY 2012-02-16 [Philo] Changed to CCW

0 !HISTORY 2012-03-30 [PTadmin] Official Update 2012-01





2 24 1 0 1 1 1 1

2 24 -1 0 1 -1 1 1

2 24 1 0 -1 1 1 -1

2 24 -1 0 -1 -1 1 -1

4 16 -1 1 1 -1 0 1 1 0 1 1 1 1

4 16 -1 1 -1 -1 0 -1 -1 0 1 -1 1 1

4 16 1 1 -1 1 0 -1 -1 0 -1 -1 1 -1

4 16 1 1 1 1 0 1 1 0 -1 1 1 -1

0 NOFILE

0 FILE box5-4a.dat
0 Box with  5 Faces without  4 Adjacent Edges

0 Name: box5-4a.dat

0 Author: Willy Tschager [Holly-Wood]

0 !LDRAW_ORG Primitive UPDATE 2024-01

0 !LICENSE Licensed under CC BY 4.0 : see CAreadme.txt



0 BFC CERTIFY CCW



0 !HISTORY 2009-05-02 [PTadmin] Official Update 2009-01

0 !HISTORY 2024-01-03 [Holly-Wood] Complete re-write, original by guyvivan

0 !HISTORY 2024-01-29 [OrionP] Official Update 2024-01



2 24 -1 1 -1 -1 1 1

2 24 1 1 1 1 1 -1

2 24 -1 1 1 1 1 1

2 24 -1 1 -1 1 1 -1

4 16 1 1 1 1 1 -1 -1 1 -1 -1 1 1



2 24 -1 0 -1 -1 1 -1

2 24 -1 1 1 -1 0 1

4 16 -1 1 1 -1 1 -1 -1 0 -1 -1 0 1



2 24 1 0 -1 1 1 -1

2 24 1 1 1 1 0 1

4 16 1 1 -1 1 1 1 1 0 1 1 0 -1



4 16 1 1 1 -1 1 1 -1 0 1 1 0 1

4 16 -1 1 -1 1 1 -1 1 0 -1 -1 0 -1

0 NOFILE

0 FILE box4-4a.dat
0 Box with  4 Faces without  4 Adjacent Edges

0 Name: box4-4a.dat

0 Author: Willy Tschager [Holly-Wood]

0 !LDRAW_ORG Primitive UPDATE 2024-01

0 !LICENSE Licensed under CC BY 4.0 : see CAreadme.txt



0 BFC CERTIFY CCW



0 !HISTORY 1998-07-15 [PTadmin] Official Update 1998-07

0 !HISTORY 2002-12-13 [hafhead] Made BFC compliant

0 !HISTORY 2003-03-12 [PTadmin] Official Update 2003-01

0 !HISTORY 2007-06-24 [PTadmin] Header formatted for Contributor Agreement

0 !HISTORY 2008-07-01 [PTadmin] Official Update 2008-01

0 !HISTORY 2012-02-16 [Philo] Changed to CCW

0 !HISTORY 2012-03-30 [PTadmin] Official Update 2012-01

0 !HISTORY 2024-01-03 [Holly-Wood] Complete re-write, original by Manfred Moolhuysen

0 !HISTORY 2024-01-29 [OrionP] Official Update 2024-01



2 24 -1 1 -1 -1 1 1

2 24 1 1 1 1 1 -1

2 24 -1 1 1 1 1 1

4 16 1 1 1 1 1 -1 -1 1 -1 -1 1 1



2 24 -1 0 -1 -1 0 1

4 16 -1 1 1 -1 1 -1 -1 0 -1 -1 0 1



2 24 1 0 1 1 0 -1

4 16 1 1 -1 1 1 1 1 0 1 1 0 -1



2 24 1 1 1 1 0 1

2 24 -1 1 1 -1 0 1

2 24 -1 0 1 1 0 1

4 16 1 1 1 -1 1 1 -1 0 1 1 0 1

0 NOFILE

0 FILE 85861.dat
0 Plate  1 x  1 Round with Open Stud

0 Name: 85861.dat

0 Author: Magnus Forsberg [MagFors]

0 !LDRAW_ORG Part UPDATE 2025-09

0 !LICENSE Licensed under CC BY 4.0 : see CAreadme.txt



0 BFC CERTIFY CCW



0 !HISTORY 2010-04-05 [PTadmin] Official Update 2010-01

0 !HISTORY 2025-09-27 [OrionP] Changed winding to CCW

0 !HISTORY 2025-09-29 [OrionP] Official Update 2025-09



1 16 0 3 0 -1 0 0 0 -1.25 0 0 0 1 stud4.dat

1 16 0 3 0 4 0 0 0 1 0 0 0 4 4-4edge.dat

1 16 0 3 0 -2 0 0 0 -1 0 0 0 2 4-4ring2.dat

1 16 0 3 0 10 0 0 0 1 0 0 0 10 4-4edge.dat

1 16 0 3 0 -2 0 0 0 -1 0 0 0 2 4-4ring4.dat

1 16 0 0 0 10 0 0 0 1 0 0 0 10 4-4edge.dat

1 16 0 0 0 10 0 0 0 3 0 0 0 10 4-4cyli.dat

1 16 0 0 0 6 0 0 0 1 0 0 0 6 4-4edge.dat

1 16 0 0 0 2 0 0 0 1 0 0 0 2 4-4ring4.dat

1 16 0 0 0 2 0 0 0 1 0 0 0 2 4-4ring3.dat

0 BFC INVERTNEXT

1 16 0 0 0 4 0 0 0 3 0 0 0 4 4-4cyli.dat

1 16 0 0 0 1 0 0 0 1 0 0 0 1 stud2a.dat
0 NOFILE

0 FILE 4-4ring4.dat
0 Ring  4 x 1.0

0 Name: 4-4ring4.dat

0 Author: James Jessiman

0 !LDRAW_ORG Primitive UPDATE 2009-01

0 !LICENSE Licensed under CC BY 4.0 : see CAreadme.txt



0 BFC CERTIFY CCW



0 !HISTORY 1998-12-15 [PTadmin] Official Update 1998-10

0 !HISTORY 2002-04-08 [BrickCaster] Modified for BFC compliance

0 !HISTORY 2002-04-25 [PTadmin] Official Update 2002-02

0 !HISTORY 2007-06-24 [PTadmin] Header formatted for Contributor Agreement

0 !HISTORY 2008-07-01 [PTadmin] Official Update 2008-01

0 !HISTORY 2008-08-26 [cwdee] Switch polygon winding and rename

0 !HISTORY 2009-05-02 [PTadmin] Official Update 2009-01





4 16 -1.9135 0 4.6195 -1.5308 0 3.6956 0 0 4 0 0 5

4 16 -3.5355 0 3.5355 -2.8284 0 2.8284 -1.5308 0 3.6956 -1.9135 0 4.6195

4 16 -4.6195 0 1.9135 -3.6956 0 1.5308 -2.8284 0 2.8284 -3.5355 0 3.5355

4 16 -5 0 0 -4 0 0 -3.6956 0 1.5308 -4.6195 0 1.9135

4 16 -4.6195 0 -1.9135 -3.6956 0 -1.5308 -4 0 0 -5 0 0

4 16 -3.5355 0 -3.5355 -2.8284 0 -2.8284 -3.6956 0 -1.5308 -4.6195 0 -1.9135

4 16 -1.9135 0 -4.6195 -1.5308 0 -3.6956 -2.8284 0 -2.8284 -3.5355 0 -3.5355

4 16 0 0 -5 0 0 -4 -1.5308 0 -3.6956 -1.9135 0 -4.6195

4 16 1.9135 0 -4.6195 1.5308 0 -3.6956 0 0 -4 0 0 -5

4 16 3.5355 0 -3.5355 2.8284 0 -2.8284 1.5308 0 -3.6956 1.9135 0 -4.6195

4 16 4.6195 0 -1.9135 3.6956 0 -1.5308 2.8284 0 -2.8284 3.5355 0 -3.5355

4 16 5 0 0 4 0 0 3.6956 0 -1.5308 4.6195 0 -1.9135

4 16 4.6195 0 1.9135 3.6956 0 1.5308 4 0 0 5 0 0

4 16 3.5355 0 3.5355 2.8284 0 2.8284 3.6956 0 1.5308 4.6195 0 1.9135

4 16 1.9135 0 4.6195 1.5308 0 3.6956 2.8284 0 2.8284 3.5355 0 3.5355

4 16 0 0 5 0 0 4 1.5308 0 3.6956 1.9135 0 4.6195

0

0 NOFILE

0 FILE 87580.dat
0 Plate  2 x  2 with Groove with 1 Centre Stud

0 Name: 87580.dat

0 Author: Joerg Sommerer [Brickaneer]

0 !LDRAW_ORG Part UPDATE 2017-01

0 !LICENSE Licensed under CC BY 2.0 and CC BY 4.0 : see CAreadme.txt



0 BFC CERTIFY CCW



0 !KEYWORDS jumper, offset, spacer, tile



0 !HISTORY 2009-12-29 [PTadmin] Official Update 2009-03

0 !HISTORY 2011-12-05 [MagFors] Retitled, was "Tile 2 x 2 with Groove and 1 Stud"

0 !HISTORY 2011-12-29 [PTadmin] Official Update 2011-02

0 !HISTORY 2017-08-19 [cwdee] Correct spelling

0 !HISTORY 2017-12-30 [PTadmin] Official Update 2017-01





1 16 0 0 0 1 0 0 0 1 0 0 0 1 3068b.dat

1 16 0 0 0 1 0 0 0 1 0 0 0 1 stud2.dat



0 NOFILE

0 FILE 3068b.dat
0 Tile  2 x  2 with Groove

0 Name: 3068b.dat

0 Author: Takeshi Takahashi [RainbowDolphin]

0 !LDRAW_ORG Part UPDATE 2024-06

0 !LICENSE Licensed under CC BY 4.0 : see CAreadme.txt



0 BFC CERTIFY CCW



0 !KEYWORDS BrickLink 3068



0 !HISTORY 2002-04-25 [PTadmin] Official Update 2002-02

0 !HISTORY 2004-07-26 [guyvivan] Made BFC Compliant

0 !HISTORY 2004-11-06 [PTadmin] Official Update 2004-04

0 !HISTORY 2007-06-13 [PTadmin] Header formatted for Contributor Agreement

0 !HISTORY 2008-07-01 [PTadmin] Official Update 2008-01

0 !HISTORY 2024-05-29 [RainbowDolphin] Total rewrite, original by Damien Guichard [BrickCaster]

0 !HISTORY 2024-07-29 [OrionP] Official Update 2024-06



1 16 0 0 0 1 0 0 0 1 0 0 0 1 s__3068bs01.dat

0 // Patternable surface

4 16 -20 0 -20 20 0 -20 20 0 20 -20 0 20

0 NOFILE

0 FILE s__3068bs01.dat
0 ~Tile  2 x  2 with Groove without Face

0 Name: s\3068bs01.dat

0 Author: Willy Tschager [Holly-Wood]

0 !LDRAW_ORG Subpart UPDATE 2024-03

0 !LICENSE Licensed under CC BY 4.0 : see CAreadme.txt



0 BFC CERTIFY CCW



0 !HISTORY 2002-04-02 [sbliss] Modified for BFC compliance

0 !HISTORY 2002-04-25 [PTadmin] Official Update 2002-02

0 !HISTORY 2007-08-30 [PTadmin] Header formatted for Contributor Agreement

0 !HISTORY 2008-07-01 [PTadmin] Official Update 2008-01

0 !HISTORY 2024-03-07 [Holly-Wood] Complete re-write, original by BrickCaster

0 !HISTORY 2024-04-28 [OrionP] Official Update 2024-03



1 16 0 0 0 20 0 0 0 7 0 0 0 20 box4.dat

1 16 0 7 0 19 0 0 0 1 0 0 0 19 box4.dat

0 BFC INVERTNEXT

1 16 0 4 0 16 0 0 0 4 0 0 0 16 box4.dat

1 16 0 4 0 1 0 0 0 -1 0 0 0 1 stud4.dat

1 16 0 4 0 6 0 0 0 -1 0 0 0 6 4-4disc.dat

1 16 0 4 0 8 0 0 0 -1 0 0 0 8 4-4ndis.dat



4 16 -19 7 -19 19 7 -19 20 7 -20 -20 7 -20

4 16 20 7 -20 19 7 -19 19 7 19 20 7 20

4 16 20 7 20 19 7 19 -19 7 19 -20 7 20

4 16 -20 7 20 -19 7 19 -19 7 -19 -20 7 -20



4 16 -16 8 -16 16 8 -16 19 8 -19 -19 8 -19

4 16 19 8 -19 16 8 -16 16 8 16 19 8 19

4 16 19 8 19 16 8 16 -16 8 16 -19 8 19

4 16 -19 8 19 -16 8 16 -16 8 -16 -19 8 -19



4 16 -8 4 -8 8 4 -8 16 4 -16 -16 4 -16

4 16 16 4 -16 8 4 -8 8 4 8 16 4 16

4 16 16 4 16 8 4 8 -8 4 8 -16 4 16

4 16 -16 4 16 -8 4 8 -8 4 -8 -16 4 -16

0 NOFILE

0 FILE 3023a.dat
0 Plate  1 x  2 with Flat Pin

0 Name: 3023a.dat

0 Author: Rene Rechthaler [Blechtaler]

0 !LDRAW_ORG Part UPDATE 2023-04

0 !LICENSE Licensed under CC BY 4.0 : see CAreadme.txt



0 BFC CERTIFY CCW



0 !KEYWORDS Bricklink 3023old



0 !HISTORY 2022-08-03 [Blechtaler] made from 3023s01 and 3660bs01

0 !HISTORY 2023-08-25 [OrionP] Official Update 2023-04





0 // Primitves

0 BFC INVERTNEXT

1 16 0 8 0 16 0 0 0 -4 0 0 0 6 box5.dat

1 16 0 8 0 20 0 0 0 -8 0 0 0 10 box5.dat

1 16 0 0 0 1 0 0 0 1 0 0 0 1 stug-1x2.dat

0 // Faces

4 16 20 8 10 16 8 6 -16 8 6 -20 8 10

4 16 -20 8 10 -16 8 6 -16 8 -6 -20 8 -10

4 16 -20 8 -10 -16 8 -6 16 8 -6 20 8 -10

4 16 20 8 -10 16 8 -6 16 8 6 20 8 10

0 // Bottom Flat Pin

1 16 -2.5 8 0 0 0 -1.5 0 -1 0 -1.5 0 0 2-4chrd.dat

1 16 2.5 8 0 0 0 1.5 0 -1 0 1.5 0 0 2-4chrd.dat

1 16 0 4 0 2.5 0 0 0 4 0 0 0 -1.5 box3u8p.dat

1 16 -2.5 8 0 0 0 -1.5 0 -4 0 -1.5 0 0 2-4cylo.dat

1 16 2.5 8 0 0 0 1.5 0 -4 0 -1.5 0 0 2-4cylo.dat

0 NOFILE

0 FILE 2-4cylo.dat
0 Cylinder Open 0.5

0 Name: 2-4cylo.dat

0 Author: Max Martin Richter [MMR1988]

0 !LDRAW_ORG Primitive UPDATE 2010-03

0 !LICENSE Licensed under CC BY 4.0 : see CAreadme.txt



0 BFC CERTIFY CCW



0 !HISTORY 2010-12-31 [PTadmin] Official Update 2010-03





1 16 0 0 0 1 0 0 0 1 0 0 0 1 2-4edge.dat

1 16 0 1 0 1 0 0 0 1 0 0 0 1 2-4edge.dat

1 16 0 0 0 1 0 0 0 1 0 0 0 1 2-4cyli.dat

0 NOFILE

0 FILE box3u8p.dat
0 Box with 3 Faces and 4 Parallel Edges

0 Name: box3u8p.dat

0 Author: James Jessiman

0 !LDRAW_ORG Primitive UPDATE 2012-01

0 !LICENSE Licensed under CC BY 4.0 : see CAreadme.txt



0 BFC CERTIFY CCW



0 !HISTORY 2002-12-13 [hafhead] Made BFC compliant

0 !HISTORY 2003-08-01 [PTadmin] Official Update 2003-02

0 !HISTORY 2007-06-24 [PTadmin] Header formatted for Contributor Agreement

0 !HISTORY 2008-07-01 [PTadmin] Official Update 2008-01

0 !HISTORY 2012-02-16 [Philo] Changed to CCW

0 !HISTORY 2012-03-30 [PTadmin] Official Update 2012-01





2 24 1 1 1 -1 1 1

2 24 -1 1 -1 1 1 -1

2 24 1 0 1 -1 0 1

2 24 -1 0 -1 1 0 -1

4 16 1 1 -1 -1 1 -1 -1 1 1 1 1 1

4 16 -1 1 1 -1 0 1 1 0 1 1 1 1

4 16 1 1 -1 1 0 -1 -1 0 -1 -1 1 -1

0 NOFILE

0 FILE 36840.dat
0 Bracket  1 x  1 -  1 x  1 Up

0 Name: 36840.dat

0 Author: Magnus Forsberg [MagFors]

0 !LDRAW_ORG Part UPDATE 2019-01

0 !LICENSE Licensed under CC BY 4.0 : see CAreadme.txt



0 BFC CERTIFY CCW



0 !HISTORY 2019-06-28 [PTadmin] Official Update 2019-01





1 16 0 6 -10 -1.5 0 0 0 0 2 0 4 0 box4-2p.dat

1 16 -3.75 6 -10 0 0 -2.25 2 0 0 0 -1 0 rect3.dat

1 16 3.75 6 -10 0 0 2.25 -2 0 0 0 -1 0 rect3.dat

0 BFC INVERTNEXT

1 16 0 8 -2 6 0 0 0 -4 0 0 0 8 box4-4a.dat

1 16 0 8 -2 10 0 0 0 1 0 0 0 12 recte4.dat

4 16 10 8 10 6 8 6 -6 8 6 -10 8 10

4 16 -10 8 10 -6 8 6 -6 8 -10 -10 8 -14

4 16 -10 8 -14 -6 8 -10 6 8 -10 10 8 -14

4 16 10 8 -14 6 8 -10 6 8 6 10 8 10

1 16 0 -5 -10 -10 0 0 0 0 5 0 -1 0 rect3.dat

4 16 10 0 -10 10 8 -14 10 8 10 10 0 10

4 16 -10 0 10 -10 8 10 -10 8 -14 -10 0 -10

1 16 0 4 0 -10 0 0 0 -4 0 0 0 10 box2-7.dat

2 24 -8 -12 -10 8 -12 -10

4 16 -10 -10 -10 -8 -12 -10 8 -12 -10 10 -10 -10

1 16 -8 -10 -10 -2 0 0 0 0 -2 0 -1 0 1-4chrd.dat

1 16 8 -10 -10 0 0 2 -2 0 0 0 -1 0 1-4chrd.dat

1 16 -8 -10 -14 -2 0 0 0 0 -2 0 1 0 1-4chrd.dat

1 16 8 -10 -14 0 0 2 -2 0 0 0 1 0 1-4chrd.dat

1 16 8 -10 -14 2 0 0 0 0 -2 0 4 0 1-4cylo.dat

1 16 -8 -10 -14 0 0 -2 -2 0 0 0 4 0 1-4cylo.dat

1 16 0 -12 -12 -8 0 0 0 1 0 0 0 2 rect2p.dat

4 16 -8 -12 -14 -10 -10 -14 10 -10 -14 8 -12 -14



4 16 10 0 -10 10 -10 -10 10 -10 -14 10 8 -14

4 16 -10 8 -14 -10 -10 -14 -10 -10 -10 -10 0 -10

1 16 0 -1 -14 0 0 10 9 0 0 0 1 0 rect2p.dat

1 16 0 0 0 0 0 -1 0 1 0 1 0 0 stud.dat

1 16 0 -2 -14 0 0 1 1 0 0 0 1 0 stud2.dat

0 NOFILE

0 FILE box4-2p.dat
0 Box with  4 Faces without  2 Parallel Edges

0 Name: box4-2p.dat

0 Author: Willy Tschager [Holly-Wood]

0 !LDRAW_ORG Primitive UPDATE 2024-01

0 !LICENSE Licensed under CC BY 4.0 : see CAreadme.txt



0 BFC CERTIFY CCW



0 !HISTORY 2009-05-02 [PTadmin] Official Update 2009-01

0 !HISTORY 2024-01-03 [Holly-Wood] Complete re-write, original by guyvivan

0 !HISTORY 2024-01-29 [OrionP] Official Update 2024-01



2 24 -1 1 -1 -1 1 1

2 24 1 1 1 1 1 -1

2 24 -1 1 1 1 1 1

2 24 -1 1 -1 1 1 -1

4 16 1 1 1 1 1 -1 -1 1 -1 -1 1 1



2 24 -1 0 -1 -1 1 -1

2 24 -1 0 -1 -1 0 1

4 16 -1 1 1 -1 1 -1 -1 0 -1 -1 0 1



2 24 1 0 -1 1 1 -1

2 24 1 0 1 1 0 -1

4 16 1 1 -1 1 1 1 1 0 1 1 0 -1



2 24 1 1 1 1 0 1

2 24 -1 1 1 -1 0 1

4 16 1 1 1 -1 1 1 -1 0 1 1 0 1

0 NOFILE

0 FILE 79389.dat
0 Bracket  1 x  1 -  2 x  1 Down
0 Name: 79389.dat
0 Author: Gerald Lasser [GeraldLasser]
0 !LDRAW_ORG Part UPDATE 2022-01
0 !LICENSE Licensed under CC BY 4.0 : see CAreadme.txt

0 BFC CERTIFY CCW

0 !HISTORY 2021-06-22 [GeraldLasser] Derived from 36841 by [MagFors]
0 !HISTORY 2022-01-14 [PTadmin] Official Update 2022-01


1 16 0 6 -10 -1.5 0 0 0 0 2 0 4 0 box4-1.dat
0 BFC INVERTNEXT
1 16 0 8 -2 6 0 0 0 -4 0 0 0 8 box5-1.dat
1 16 0 8 0 10 0 0 0 1 0 0 0 10 recte3.dat
4 16 10 8 10 6 8 6 -6 8 6 -10 8 10
4 16 -10 8 10 -6 8 6 -6 8 -10 -10 8 -10
4 16 10 8 -10 6 8 -10 6 8 6 10 8 10
2 24 -10 8 -10 -6 8 -10
2 24 10 8 -10 6 8 -10
2 24 10 8 -10 10 38 -10
2 24 -10 8 -10 -10 38 -10
4 16 8 40 -10 6 8 -10 10 8 -10 10 38 -10
4 16 8 40 -10 -8 40 -10 -6 8 -10 6 8 -10
4 16 -10 38 -14 -10 0 -14 -10 8 -10 -10 38 -10
1 16 0 4 10 -10 0 0 0 0 -4 0 -1 0 rect3.dat
4 16 10 38 -10 10 8 -10 10 0 -14 10 38 -14
4 16 10 8 10 10 0 10 10 0 -14 10 8 -10
4 16 -10 8 10 -10 8 -10 -10 0 -14 -10 0 10
1 16 0 19 -2 -10 0 0 0 -19 0 0 0 -12 box2-7.dat

1 16 -8 38 -14 -2 0 0 0 0 2 0 4 0 1-4cylo.dat
1 16 8 38 -14 0 0 2 2 0 0 0 4 0 1-4cylo.dat
1 16 -8 38 -10 -2 0 0 0 0 2 0 -1 0 1-4chrd.dat
1 16 8 38 -10 0 0 2 2 0 0 0 -1 0 1-4chrd.dat
1 16 -8 38 -14 -2 0 0 0 0 2 0 1 0 1-4chrd.dat
1 16 8 38 -14 0 0 2 2 0 0 0 1 0 1-4chrd.dat
1 16 0 40 -12 8 0 0 0 -1 0 0 0 -2 rect2p.dat
4 16 10 38 -14 -10 38 -14 -8 40 -14 8 40 -14
4 16 -10 8 -10 -6 8 -10 -8 40 -10 -10 38 -10

1 16 0 0 0 1 0 0 0 1 0 0 0 1 stud.dat
1 16 0 20 -14 0 0 1 1 0 0 0 1 0 stug2-1x2.dat
0 NOFILE

0 FILE stug2-1x2.dat
0 Stud Open Group  1 x  2

0 Name: stug2-1x2.dat

0 Author: Steffen [Steffen]

0 !LDRAW_ORG Primitive UPDATE 2011-02

0 !LICENSE Licensed under CC BY 4.0 : see CAreadme.txt



0 BFC CERTIFY CCW



0 !HISTORY 2011-12-29 [PTadmin] Official Update 2011-02





1 16 -10 0 0 1 0 0 0 1 0 0 0 1 stud2.dat

1 16 10 0 0 1 0 0 0 1 0 0 0 1 stud2.dat

0 NOFILE

0 FILE 1126.dat
0 Tile  1 x  2 with Rounded Ends

0 Name: 1126.dat

0 Author: Magnus Forsberg [MagFors]

0 !LDRAW_ORG Part UPDATE 2022-06

0 !LICENSE Licensed under CC BY 4.0 : see CAreadme.txt



0 BFC CERTIFY CCW



0 !HISTORY 2022-12-20 [PTadmin] Official Update 2022-06





1 16 0 0 0 1 0 0 0 1 0 0 0 1 s__1126s01.dat

4 16 -10 0 10 -10 0 -10 10 0 -10 10 0 10

1 16 -10 0 0 0 0 -10 0 1 0 -10 0 0 2-4chrd.dat

1 16 10 0 0 0 0 10 0 1 0 10 0 0 2-4chrd.dat

0 NOFILE

0 FILE s__1126s01.dat
0 ~Tile  1 x  2 with Rounded Ends without Top Surface

0 Name: s\1126s01.dat

0 Author: Magnus Forsberg [MagFors]

0 !LDRAW_ORG Subpart UPDATE 2022-06

0 !LICENSE Licensed under CC BY 4.0 : see CAreadme.txt



0 BFC CERTIFY CCW



0 !HISTORY 2022-12-20 [PTadmin] Official Update 2022-06





1 16 -10 8 0 0 0 -3 0 -1 0 -3 0 0 2-4ring2.dat

0 BFC INVERTNEXT

1 16 -10 4 0 0 0 -6 0 4 0 -6 0 0 2-4cylo.dat

1 16 -10 4 0 0 0 -6 0 -1 0 -6 0 0 2-4chrd.dat

1 16 -10 7 0 0 0 -9 0 1 0 -9 0 0 2-4cylo.dat

1 16 -10 7 0 0 0 -1 0 -1 0 -1 0 0 2-4ring9.dat

1 16 -10 0 0 0 0 -10 0 7 0 -10 0 0 2-4cylo.dat



1 16 10 8 0 0 0 3 0 -1 0 3 0 0 2-4ring2.dat

0 BFC INVERTNEXT

1 16 10 4 0 0 0 6 0 4 0 6 0 0 2-4cylo.dat

1 16 10 4 0 0 0 6 0 -1 0 6 0 0 2-4chrd.dat

1 16 10 7 0 0 0 9 0 1 0 9 0 0 2-4cylo.dat

1 16 10 7 0 0 0 1 0 -1 0 1 0 0 2-4ring9.dat

1 16 10 0 0 0 0 10 0 7 0 10 0 0 2-4cylo.dat



0 BFC INVERTNEXT

1 16 0 8 0 -10 0 0 0 -4 0 0 0 -6 box3u8p.dat

1 16 0 3.5 9.5 10 0 0 0 3.5 0 0 0 .5 box2-9p.dat

1 16 0 7.5 7.5 10 0 0 0 .5 0 0 0 1.5 box2-11.dat

1 16 0 3.5 -9.5 -10 0 0 0 3.5 0 0 0 -.5 box2-9p.dat

1 16 0 7.5 -7.5 -10 0 0 0 .5 0 0 0 -1.5 box2-11.dat

0 NOFILE

0 FILE box2-11.dat
0 Box with 2 Faces without 11 Edges

0 Name: box2-11.dat

0 Author: Steffen [Steffen]

0 !LDRAW_ORG Primitive UPDATE 2005-01

0 !LICENSE Licensed under CC BY 4.0 : see CAreadme.txt



0 BFC CERTIFY CCW



0 !HISTORY 2005-12-28 [PTadmin] Official Update 2005-01

0 !HISTORY 2007-06-24 [PTadmin] Header formatted for Contributor Agreement

0 !HISTORY 2008-07-01 [PTadmin] Official Update 2008-01





2 24 1 1 1 -1 1 1

4 16 1 1 1 1 1 -1 -1 1 -1 -1 1 1

4 16 1 1 1 -1 1 1 -1 -1 1 1 -1 1

0

0 NOFILE

0 FILE box2-9p.dat
0 Box with  2 Faces with  3 Parallel Edges

0 Name: box2-9p.dat

0 Author: Willy Tschager [Holly-Wood]

0 !LDRAW_ORG Primitive UPDATE 2024-01

0 !LICENSE Licensed under CC BY 4.0 : see CAreadme.txt



0 BFC CERTIFY CCW



0 !HISTORY 2013-12-23 [PTadmin] Official Update 2013-02

0 !HISTORY 2024-01-04 [Holly-Wood] Complete re-write, original by Duq

0 !HISTORY 2024-01-29 [OrionP] Official Update 2024-01



2 24 -1 1 1 1 1 1

2 24 -1 1 -1 1 1 -1

4 16 -1 1 1 1 1 1 1 1 -1 -1 1 -1



2 24 -1 -1 1 1 -1 1

4 16 1 -1 1 1 1 1 -1 1 1 -1 -1 1

0 NOFILE

0 FILE 2-4ring9.dat
0 Ring  9 x 0.5

0 Name: 2-4ring9.dat

0 Author: Willy Tschager [Holly-Wood]

0 !LDRAW_ORG Primitive UPDATE 2024-01

0 !LICENSE Licensed under CC BY 4.0 : see CAreadme.txt



0 BFC CERTIFY CCW



0 !HISTORY 2009-09-03 [PTadmin] Official Update 2009-02

0 !HISTORY 2024-01-10 [Holly-Wood] Complete regeneration, original by guyvivan

0 !HISTORY 2024-01-29 [OrionP] Official Update 2024-01



4 16 10 0 0 9.239 0 3.827 8.3151 0 3.4443 9 0 0

4 16 9.239 0 3.827 7.071 0 7.071 6.3639 0 6.3639 8.3151 0 3.4443

4 16 7.071 0 7.071 3.827 0 9.239 3.4443 0 8.3151 6.3639 0 6.3639

4 16 3.827 0 9.239 0 0 10 0 0 9 3.4443 0 8.3151

4 16 0 0 10 -3.827 0 9.239 -3.4443 0 8.3151 0 0 9

4 16 -3.827 0 9.239 -7.071 0 7.071 -6.3639 0 6.3639 -3.4443 0 8.3151

4 16 -7.071 0 7.071 -9.239 0 3.827 -8.3151 0 3.4443 -6.3639 0 6.3639

4 16 -9.239 0 3.827 -10 0 0 -9 0 0 -8.3151 0 3.4443

0 // Build by LDPartEditor (PrimGen 2.X)

0 NOFILE

0 FILE 2-4ring2.dat
0 Ring  2 x 0.5

0 Name: 2-4ring2.dat

0 Author: Chris Dee [cwdee]

0 !LDRAW_ORG Primitive UPDATE 2012-01

0 !LICENSE Licensed under CC BY 4.0 : see CAreadme.txt



0 BFC CERTIFY CCW



0 !HISTORY 2001-10-26 [PTadmin] Official Update 2001-01

0 !HISTORY 2007-06-24 [PTadmin] Header formatted for Contributor Agreement

0 !HISTORY 2008-07-01 [PTadmin] Official Update 2008-01

0 !HISTORY 2012-02-16 [Philo] Changed to CCW

0 !HISTORY 2012-03-30 [PTadmin] Official Update 2012-01





4 16 3 0 0 2.7717 0 1.1481 1.8478 0 0.7654 2 0 0

4 16 2.7717 0 1.1481 2.1213 0 2.1213 1.4142 0 1.4142 1.8478 0 0.7654

4 16 2.1213 0 2.1213 1.1481 0 2.7717 0.7654 0 1.8478 1.4142 0 1.4142

4 16 1.1481 0 2.7717 0 0 3 0 0 2 0.7654 0 1.8478

4 16 0 0 3 -1.1481 0 2.7717 -0.7654 0 1.8478 0 0 2

4 16 -1.1481 0 2.7717 -2.1213 0 2.1213 -1.4142 0 1.4142 -0.7654 0 1.8478

4 16 -2.1213 0 2.1213 -2.7717 0 1.1481 -1.8478 0 0.7654 -1.4142 0 1.4142

4 16 -2.7717 0 1.1481 -3 0 0 -2 0 0 -1.8478 0 0.7654

0 NOFILE

0 FILE 3070b.dat
0 Tile  1 x  1 with Groove

0 Name: 3070b.dat

0 Author: Chris Dee [cwdee]

0 !LDRAW_ORG Part UPDATE 2025-09

0 !LICENSE Licensed under CC BY 4.0 : see CAreadme.txt



0 BFC CERTIFY CCW



0 !KEYWORDS BrickLink 3070



0 !HISTORY 2009-09-03 [PTadmin] Official Update 2009-02

0 !HISTORY 2025-09-27 [OrionP] Changed winding to CCW

0 !HISTORY 2025-09-29 [OrionP] Official Update 2025-09



1 16 0 0 0 1 0 0 0 1 0 0 0 1 s__3070bs01.dat

4 16 -10 0 10 -10 0 -10 10 0 -10 10 0 10

0
0 NOFILE

0 FILE s__3070bs01.dat
0 ~Tile  1 x  1 with Groove without Top Face

0 Name: s\3070bs01.dat

0 Author: Chris Dee [cwdee]

0 !LDRAW_ORG Subpart UPDATE 2009-02

0 !LICENSE Licensed under CC BY 4.0 : see CAreadme.txt



0 BFC CERTIFY CCW



0 !HISTORY 2009-09-03 [PTadmin] Official Update 2009-02





1 16 0 0 0 10 0 0 0 7 0 0 0 10 box4.dat

0 BFC INVERTNEXT

1 16 0 8 0 6 0 0 0 -4 0 0 0 6 box5.dat

1 16 0 7 0 9 0 0 0 1 0 0 0 9 box4.dat



4 16 9 8 9 6 8 6 -6 8 6 -9 8 9

4 16 -9 8 9 -6 8 6 -6 8 -6 -9 8 -9

4 16 -9 8 -9 -6 8 -6 6 8 -6 9 8 -9

4 16 9 8 -9 6 8 -6 6 8 6 9 8 9



4 16 10 7 10 9 7 9 -9 7 9 -10 7 10

4 16 -10 7 10 -9 7 9 -9 7 -9 -10 7 -10

4 16 -10 7 -10 -9 7 -9 9 7 -9 10 7 -10

4 16 10 7 -10 9 7 -9 9 7 9 10 7 10

0

0 NOFILE

0 FILE 63864.dat
0 Tile  1 x  3

0 Name: 63864.dat

0 Author: Tim Gould [timgould]

0 !LDRAW_ORG Part UPDATE 2019-01

0 !LICENSE Licensed under CC BY 4.0 : see CAreadme.txt



0 BFC CERTIFY CCW



0 !HISTORY 2010-04-05 [PTadmin] Official Update 2010-01

0 !HISTORY 2019-06-28 [PTadmin] Official Update 2019-01

0 !HISTORY 2019-07-03 [UR] Subpart Integration





4 16 -30 0 -10 30 0 -10 30 0 10 -30 0 10

1 16 0 0 0 1 0 0 0 1 0 0 0 1 s__63864s01.dat

0 NOFILE

0 FILE s__63864s01.dat
0 ~Tile  1 x  3 without Top Face

0 Name: s\63864s01.dat

0 Author: Ulrich Röder [UR]

0 !LDRAW_ORG Subpart UPDATE 2019-01

0 !LICENSE Licensed under CC BY 4.0 : see CAreadme.txt



0 BFC CERTIFY CCW



0 !HISTORY 2019-06-28 [PTadmin] Official Update 2019-01





1 16 0 0 0 30 0 0 0 7 0 0 0 10 box4.dat

1 16 0 7 0 29 0 0 0 1 0 0 0 9 box4.dat

0 BFC INVERTNEXT

1 16 0 8 0 -26 0 0 0 -4 0 0 0 6 box5.dat

1 16 10 4 0 1 0 0 0 -1 0 0 0 1 stud3.dat

1 16 -10 4 0 1 0 0 0 -1 0 0 0 1 stud3.dat

4 16 -30 7 -10 -29 7 -9 29 7 -9 30 7 -10

4 16 30 7 10 29 7 9 -29 7 9 -30 7 10

4 16 -30 7 -10 -30 7 10 -29 7 9 -29 7 -9

4 16 30 7 10 30 7 -10 29 7 -9 29 7 9

4 16 -29 8 -9 -26 8 -6 26 8 -6 29 8 -9

4 16 29 8 9 26 8 6 -26 8 6 -29 8 9

4 16 -29 8 -9 -29 8 9 -26 8 6 -26 8 -6

4 16 29 8 9 29 8 -9 26 8 -6 26 8 6

0 NOFILE

0 FILE 5404.dat
0 Slope Brick 18  2 x  1 x  0.667

0 Name: 5404.dat

0 Author: Gerald Lasser [GeraldLasser]

0 !LDRAW_ORG Part UPDATE 2025-09

0 !LICENSE Licensed under CC BY 4.0 : see CAreadme.txt



0 BFC CERTIFY CCW



0 !HISTORY 2024-03-04 {LEGO Instructions App} Original part shape

0 !HISTORY 2024-03-04 [GeraldLasser] File preparation for LDraw Parts Tracker

0 !HISTORY 2025-09-29 [OrionP] Official Update 2025-09



1 16 0 0 0 1 0 0 0 1 0 0 0 1 s__5404s01.dat

4 16 -10 -4 -20 10 -4 -20 10 -13.3 11 -10 -13.3 11

4 16 -7.5 -15.8 19.34 -10 -13.3 11 10 -13.3 11 7.5 -15.8 19.34
0 NOFILE

0 FILE s__5404s01.dat
0 ~Slope Brick 18  2 x  1 x  0.667 without Top Surfaces

0 Name: s\5404s01.dat

0 Author: Gerald Lasser [GeraldLasser]

0 !LDRAW_ORG Subpart UPDATE 2025-09

0 !LICENSE Licensed under CC BY 4.0 : see CAreadme.txt



0 BFC CERTIFY CCW



0 !HISTORY 2025-09-29 [OrionP] Official Update 2025-09



0 // Bottom

4 16 6 0 16 -6 0 16 -9 0 19 9 0 19

4 16 -6 0 -16 6 0 -16 9 0 -19 -9 0 -19

4 16 6 0 -16 6 0 16 9 0 19 9 0 -19

4 16 -6 0 16 -6 0 -16 -9 0 -19 -9 0 19

2 24 6 0 16 6 0 -16

2 24 -6 0 -16 -6 0 16

1 16 0 -1 0 0 0 -9 0 1 0 19 0 0 box4.dat

4 16 9 -1 19 -9 -1 19 -10 -1 20 10 -1 20

4 16 -9 -1 -19 9 -1 -19 10 -1 -20 -10 -1 -20

4 16 9 -1 -19 9 -1 19 10 -1 20 10 -1 -20

4 16 -9 -1 19 -9 -1 -19 -10 -1 -20 -10 -1 20

1 16 0 -1 0 10 0 0 0 1 0 0 0 20 recte4.dat



1 16 0 -1.68 -16 -6 0 0 0 0 -1.68 0 -1 0 rect.dat

1 16 0 -5 -10 6 0 0 0 -1 1.64 0 0 -6 2-4edge.dat

1 16 0 -5 -10 6 0 0 0 -1 1.64 0 0 -6 2-4ndis.dat

0 BFC INVERTNEXT

1 16 0 -5 -10 0 0 -6 0 1.68 0 6 0 0 1-4cyls2.dat

0 BFC INVERTNEXT

1 16 0 -5 -10 0 0 6 0 1.68 0 6 0 0 1-4cyls2.dat

1 16 0 -5 -10 6 0 0 0 -1 0 0 0 -6 2-4chrd.dat

1 16 0 -5 -10 6 0 0 0 -1 0 0 0 -6 2-4edge.dat

2 24 -6 -3.36 -16 -6 -5 -10

2 24 6 -3.36 -16 6 -5 -10

1 16 0 -8.10205 4.6422 6 0 0 0 -1 3.10205 0 0 -11.3578 rect3.dat

1 16 0 -5 -8.3578 0 0 -6 0 -1 0 -1.6422 0 0 rect2p.dat

1 16 0 -5.60205 16 0 0 6 5.60205 0 0 0 1 0 rect.dat

4 16 -6 -5 -10 -6 -3.36 -16 -6 0 -16 -6 -5 -6.7156

4 16 -6 -11.2041 16 -6 -5 -6.7156 -6 0 -16 -6 0 16

4 16 6 0 -16 6 -3.36 -16 6 -5 -10 6 -5 -6.7156

4 16 6 0 16 6 0 -16 6 -5 -6.7156 6 -11.2041 16



1 16 0 -5.7416 0 1 0 0 0 -1.4354 0 0 0 1 stud3a.dat

1 16 0 -5.7416 0 0 0 4 0 -1.0925 0 -4 0 0 4-4cyls.dat

1 16 0 -6.8342 0 0 0 4 1.0925 1 0 -4 0 0 4-4edge.dat



0 // Outside

1 16 0 -2.5 -20 10 0 0 0 0 -1.5 0 1 0 rect3.dat

4 16 10 -13.3 11 10 -4 -20 10 -1 -20 10 -1 20

3 16 10 -1 20 10 -13.3 19.34 10 -13.3 11

3 16 10 -13.3 19.34 10 -1 20 10 -13.3 20

2 24 10 -13.3 11 10 -4 -20

1 16 7.5 -13.3 19.34 0 0 2.5 -2.5 0 0 0 -8.34 0 1-4cyls.dat

1 16 7.5 -13.3 20 0 0 2.5 -2.5 0 0 0 -.66 0 1-4cyli.dat

1 16 7.5 -13.3 20 0 0 2.5 -2.5 0 0 0 -1 0 1-4edge.dat

1 16 7.5 -13.3 20 0 0 2.5 -2.5 0 0 0 -1 0 1-4chrd.dat

1 16 7.5 -13.3 11 0 0 2.5 -2.5 0 0 8.34 1 0 1-4edge.dat

1 16 7.5 -13.3 11 0 0 2.5 -2.5 0 0 8.34 1 0 1-4chrd.dat

4 16 -10 -1 -20 -10 -4 -20 -10 -13.3 11 -10 -1 20

3 16 -10 -13.3 19.34 -10 -1 20 -10 -13.3 11

3 16 -10 -1 20 -10 -13.3 19.34 -10 -13.3 20

2 24 -10 -4 -20 -10 -13.3 11

1 16 -7.5 -13.3 19.34 0 0 -2.5 -2.5 0 0 0 -8.34 0 1-4cyls.dat

1 16 -7.5 -13.3 20 0 0 -2.5 -2.5 0 0 0 -.66 0 1-4cyli.dat

1 16 -7.5 -13.3 20 0 0 -2.5 -2.5 0 0 0 -1 0 1-4edge.dat

1 16 -7.5 -13.3 20 0 0 -2.5 -2.5 0 0 0 -1 0 1-4chrd.dat

1 16 -7.5 -13.3 11 0 0 -2.5 -2.5 0 0 8.34 1 0 1-4edge.dat

1 16 -7.5 -13.3 11 0 0 -2.5 -2.5 0 0 8.34 1 0 1-4chrd.dat

4 16 10 -13.3 20 -10 -13.3 20 -7.5 -15.8 20 7.5 -15.8 20

1 16 0 -7.15 20 0 0 -10 6.15 0 0 0 -1 0 rect2p.dat

1 16 0 -15.8 19.67 -7.5 0 0 0 1 0 0 0 -.33 rect2p.dat
0 NOFILE

0 FILE 4-4cyls.dat
0 Cylinder Sloped 1.0

0 Name: 4-4cyls.dat

0 Author: Donald Sutter [technog]

0 !LDRAW_ORG Primitive UPDATE 2012-01

0 !LICENSE Licensed under CC BY 4.0 : see CAreadme.txt



0 BFC CERTIFY CCW



0 !HISTORY 2003-08-01 [PTadmin] Official Update 2003-02

0 !HISTORY 2007-06-24 [PTadmin] Header formatted for Contributor Agreement

0 !HISTORY 2008-07-01 [PTadmin] Official Update 2008-01

0 !HISTORY 2012-02-16 [Philo] Changed to CCW

0 !HISTORY 2012-03-30 [PTadmin] Official Update 2012-01





3 16 0.9239 0.0761 0.3827 0.9239 0 0.3827 1 0 0

5 24 0.9239 0 0.3827 0.9239 0.0761 0.3827 0.7071 0 0.7071 1 0 0

4 16 0.9239 0.0761 0.3827 0.7071 0.2929 0.7071 0.7071 0 0.7071 0.9239 0 0.3827

5 24 0.7071 0 0.7071 0.7071 0.2929 0.7071 0.3827 0 0.9239 0.9239 0 0.3827

4 16 0.7071 0.2929 0.7071 0.3827 0.6173 0.9239 0.3827 0 0.9239 0.7071 0 0.7071

5 24 0.3827 0 0.9239 0.3827 0.6173 0.9239 0 0 1 0.7071 0 0.7071

4 16 0.3827 0.6173 0.9239 0 1 1 0 0 1 0.3827 0 0.9239

5 24 0 0 1 0 1 1 -0.3827 0 0.9239 0.3827 0 0.9239

4 16 0 1 1 -0.3827 1.3827 0.9239 -0.3827 0 0.9239 0 0 1

5 24 -0.3827 0 0.9239 -0.3827 1.3827 0.9239 -0.7071 0 0.7071 0 0 1

4 16 -0.3827 1.3827 0.9239 -0.7071 1.7071 0.7071 -0.7071 0 0.7071 -0.3827 0 0.9239

5 24 -0.7071 0 0.7071 -0.7071 1.7071 0.7071 -0.9239 0 0.3827 -0.3827 0 0.9239

4 16 -0.7071 1.7071 0.7071 -0.9239 1.9239 0.3827 -0.9239 0 0.3827 -0.7071 0 0.7071

5 24 -0.9239 0 0.3827 -0.9239 1.9239 0.3827 -1 0 0 -0.7071 0 0.7071

4 16 -0.9239 1.9239 0.3827 -1 2 0 -1 0 0 -0.9239 0 0.3827

5 24 -1 0 0 -1 2 0 -0.9239 0 -0.3827 -0.9239 0 0.3827

4 16 -1 2 0 -0.9239 1.9239 -0.3827 -0.9239 0 -0.3827 -1 0 0

5 24 -0.9239 0 -0.3827 -0.9239 1.9239 -0.3827 -1 0 0 -0.7071 0 -0.7071

4 16 -0.9239 1.9239 -0.3827 -0.7071 1.7071 -0.7071 -0.7071 0 -0.7071 -0.9239 0 -0.3827

5 24 -0.7071 0 -0.7071 -0.7071 1.7071 -0.7071 -0.9239 0 -0.3827 -0.3827 0 -0.9239

4 16 -0.7071 1.7071 -0.7071 -0.3827 1.3827 -0.9239 -0.3827 0 -0.9239 -0.7071 0 -0.7071

5 24 -0.3827 0 -0.9239 -0.3827 1.3827 -0.9239 -0.7071 0 -0.7071 0 0 -1

4 16 -0.3827 1.3827 -0.9239 0 1 -1 0 0 -1 -0.3827 0 -0.9239

5 24 0 0 -1 0 1 -1 -0.3827 0 -0.9239 0.3827 0 -0.9239

4 16 0 1 -1 0.3827 0.6173 -0.9239 0.3827 0 -0.9239 0 0 -1

5 24 0.3827 0 -0.9239 0.3827 0.6173 -0.9239 0 0 -1 0.7071 0 -0.7071

4 16 0.3827 0.6173 -0.9239 0.7071 0.2929 -0.7071 0.7071 0 -0.7071 0.3827 0 -0.9239

5 24 0.7071 0 -0.7071 0.7071 0.2929 -0.7071 0.3827 0 -0.9239 0.9239 0 -0.3827

4 16 0.7071 0.2929 -0.7071 0.9239 0.0761 -0.3827 0.9239 0 -0.3827 0.7071 0 -0.7071

5 24 0.9239 0 -0.3827 0.9239 0.0761 -0.3827 0.7071 0 -0.7071 1 0 0

3 16 0.9239 0 -0.3827 0.9239 0.0761 -0.3827 1 0 0

0 NOFILE

0 FILE 7729.dat
0 Brick  1 x  1 x  1.667 with Studs on 3 Sides

0 Name: 7729.dat

0 Author: Magnus Forsberg [MagFors]

0 !LDRAW_ORG Part UPDATE 2025-10

0 !LICENSE Licensed under CC BY 4.0 : see CAreadme.txt



0 BFC CERTIFY CCW



0 !HISTORY 2025-10-27 [OrionP] Official Update 2025-10



1 16 0 0 0 0 0 1 0 1 0 -1 0 0 stud.dat

1 16 0 40 0 10 0 0 0 -40 0 0 0 10 box5.dat

0 BFC INVERTNEXT

1 16 0 40 0 6 0 0 0 -36 0 0 0 6 box5.dat

1 16 10 20 0 0 -1 0 1 0 0 0 0 1 stug2-1x2.dat

1 16 0 20 -10 0 0 1 1 0 0 0 1 0 stug2-1x2.dat

1 16 -10 20 0 0 1 0 1 0 0 0 0 -1 stug2-1x2.dat

4 16 6 40 6 10 40 10 10 40 -10 6 40 -6

4 16 -6 40 6 -10 40 10 10 40 10 6 40 6

4 16 -6 40 -6 -10 40 -10 -10 40 10 -6 40 6

4 16 6 40 -6 10 40 -10 -10 40 -10 -6 40 -6
0 NOFILE

0 FILE 3680c02.dat
0 Turntable  2 x  2 Plate with Light Bluish Grey Top
0 Name: 3680c02.dat
0 Author: Magnus Forsberg [MagFors]
0 !LDRAW_ORG Shortcut UPDATE 2015-01
0 !LICENSE Licensed under CC BY 4.0 : see CAreadme.txt

0 BFC CERTIFY CCW

0 !HISTORY 2015-10-11 [PTadmin] Official Update 2015-01


1 71 0 0 0 1 0 0 0 1 0 0 0 1 3679.dat
1 16 0 0 0 1 0 0 0 1 0 0 0 1 3680.dat
0 NOFILE

0 FILE 3680.dat
0 Turntable  2 x  2 Plate Base
0 Name: 3680.dat
0 Author: James Jessiman
0 !LDRAW_ORG Part UPDATE 2015-01
0 !LICENSE Licensed under CC BY 4.0 : see CAreadme.txt

0 BFC CERTIFY CCW

0 !HISTORY 2002-08-07 [BrickCaster] Added groove, added 4 missing lines
0 !HISTORY 2002-12-31 [PTadmin] Official Update 2002-06
0 !HISTORY 2007-06-29 [PTadmin] Header formatted for Contributor Agreement
0 !HISTORY 2008-07-01 [PTadmin] Official Update 2008-01
0 !HISTORY 2010-11-21 [Steffen] BFCed, used more primitives, closed gaps
0 !HISTORY 2011-12-29 [PTadmin] Official Update 2011-02
0 !HISTORY 2015-02-14 [MagFors] Redesign without peghole.dat, corrected size of cross and hole
0 !HISTORY 2015-02-15 [MagFors] Subfiled
0 !HISTORY 2015-10-11 [PTadmin] Official Update 2015-01


1 16 0 0 0 1 0 0 0 1 0 0 0 1 s__3680s01.dat
4 16 19 8 19 16 8 16 -16 8 16 -19 8 19
4 16 -19 8 19 -16 8 16 -16 8 -16 -19 8 -19
4 16 -19 8 -19 -16 8 -16 16 8 -16 19 8 -19
4 16 19 8 -19 16 8 -16 16 8 16 19 8 19
1 16 0 8 0 19 0 0 0 -1 0 0 0 19 box4.dat
4 16 20 7 20 19 7 19 -19 7 19 -20 7 20
4 16 -20 7 20 -19 7 19 -19 7 -19 -20 7 -20
4 16 -20 7 -20 -19 7 -19 19 7 -19 20 7 -20
4 16 20 7 -20 19 7 -19 19 7 19 20 7 20
1 16 0 0 0 20 0 0 0 7 0 0 0 20 box4.dat
0 NOFILE

0 FILE s__3680s01.dat
0 ~Turntable  2 x  2 Plate - Hole
0 Name: s\3680s01.dat
0 Author: Magnus Forsberg [MagFors]
0 !LDRAW_ORG Subpart UPDATE 2015-01
0 !LICENSE Licensed under CC BY 4.0 : see CAreadme.txt

0 BFC CERTIFY CCW

0 !HISTORY 2015-10-11 [PTadmin] Official Update 2015-01


1 16 0 6 0 6 0 0 0 1 0 0 0 6 4-4edge.dat
1 16 0 6 0 1 0 0 0 -0.5 0 0 0 1 stud4a.dat
0 BFC INVERTNEXT
1 16 0 4 0 4 0 0 0 2 0 0 0 4 4-4cylo.dat
1 16 0 6 0 2 0 0 0 -1 0 0 0 2 4-4ring2.dat
1 16 0 4 0 4 0 0 0 1 0 0 0 -4 4-4ndis.dat
1 16 0 4 11.3825 0 0 4 0 3 0 -4.6175 0 0 box3u5p.dat
4 16 4 4 6.765 4 4 16 -4 4 16 -4 4 6.765
1 16 -11.3825 4 0 4.6175 0 0 0 3 0 0 0 4 box3u5p.dat
4 16 -6.765 4 4 -16 4 4 -16 4 -4 -6.765 4 -4
1 16 0 4 -11.3825 0 0 -4 0 3 0 4.6175 0 0 box3u5p.dat
4 16 -4 4 -6.765 -4 4 -16 4 4 -16 4 4 -6.765
1 16 11.3825 4 0 -4.6175 0 0 0 3 0 0 0 -4 box3u5p.dat
4 16 6.765 4 -4 16 4 -4 16 4 4 6.765 4 4
0 BFC INVERTNEXT
1 16 0 8 0 -16 0 0 0 -1 0 0 0 16 box4o4a.dat
0 BFC INVERTNEXT
1 16 10 5.5 10 0 6 0 -1.5 0 0 0 0 6 box2-9.dat
0 BFC INVERTNEXT
1 16 -10 5.5 10 0 0 -6 -1.5 0 0 0 6 0 box2-9.dat
0 BFC INVERTNEXT
1 16 -10 5.5 -10 0 -6 0 -1.5 0 0 0 0 -6 box2-9.dat
0 BFC INVERTNEXT
1 16 10 5.5 -10 0 0 6 -1.5 0 0 0 -6 0 box2-9.dat
1 16 0 4 0 17.5 0 0 0 -1 0 0 0 17.5 4-4ndis.dat
1 16 0 4 0 16.16789 0 6.69696 0 1 0 -6.69696 0 16.16789 1-8chrd.dat
4 16 16 4 7 16 4 -7 16.1679 4 -6.697 16.1677 4 6.6969
1 16 0 4 0 6.69696 0 -16.16789 0 1 0 16.16789 0 6.69696 1-8chrd.dat
4 16 -7 4 16 7 4 16 6.697 4 16.1679 -6.6969 4 16.1677
1 16 0 4 0 -16.16789 0 -6.69696 0 1 0 6.69696 0 -16.16789 1-8chrd.dat
4 16 -16 4 -7 -16 4 7 -16.1679 4 6.697 -16.1677 4 -6.6969
1 16 0 4 0 -6.69696 0 16.16789 0 1 0 -16.16789 0 -6.69696 1-8chrd.dat
4 16 7 4 -16 -7 4 -16 -6.697 4 -16.1679 6.6969 4 -16.1677
0 BFC INVERTNEXT
1 16 0 0 0 17.5 0 0 0 4 0 0 0 17.5 4-4cylo.dat
1 16 0 0 0 17.5 0 0 0 1 0 0 0 17.5 4-4ndis.dat
4 16 20 0 20 17.5 0 17.5 17.5 0 -17.5 20 0 -20
4 16 -20 0 -20 -17.5 0 -17.5 -17.5 0 17.5 -20 0 20
4 16 -20 0 20 -17.5 0 17.5 17.5 0 17.5 20 0 20
4 16 20 0 -20 17.5 0 -17.5 -17.5 0 -17.5 -20 0 -20
4 16 7.3912 6 3.0616 5.6568 6 5.6568 5.6568 4 5.6568 6.765 4 4
4 16 5.6568 6 5.6568 3.0616 6 7.3912 4 4 6.765 5.6568 4 5.6568
5 24 5.6568 6 5.6568 5.6568 4 5.6568 3.0616 6 7.3912 7.3912 6 3.0616
1 16 0 7 0 7.39104 0 3.06147 0 -1 0 -3.06147 0 7.39104 1-8edge.dat
2 24 6.765 7 4 7.391 7 3.0615
2 24 6.765 7 4 6.765 4 4
2 24 6.765 4 4 5.6569 4 5.6569
2 24 5.6569 4 5.6569 4 4 6.765
2 24 4 4 6.765 4 7 6.765
2 24 4 7 6.765 3.0615 7 7.391
4 16 6.765 4 4 5.6569 4 5.6569 4 4 6.765 4 4 4
4 16 -4 4 6.765 -4 4 4 4 4 4 4 4 6.765
4 16 -3.0616 6 7.3912 -5.6568 6 5.6568 -5.6568 4 5.6568 -4 4 6.765
4 16 -5.6568 6 5.6568 -7.3912 6 3.0616 -6.765 4 4 -5.6568 4 5.6568
5 24 -5.6568 6 5.6568 -5.6568 4 5.6568 -7.3912 6 3.0616 -3.0616 6 7.3912
1 16 0 7 0 3.06147 0 -7.39104 0 -1 0 7.39104 0 3.06147 1-8edge.dat
2 24 -4 7 6.765 -3.0615 7 7.391
2 24 -4 7 6.765 -4 4 6.765
2 24 -4 4 6.765 -5.6569 4 5.6569
2 24 -5.6569 4 5.6569 -6.765 4 4
2 24 -6.765 4 4 -6.765 7 4
2 24 -6.765 7 4 -7.391 7 3.0615
4 16 -4 4 6.765 -5.6569 4 5.6569 -6.765 4 4 -4 4 4
4 16 -6.765 4 -4 -4 4 -4 -4 4 4 -6.765 4 4
4 16 -7.3912 6 -3.0616 -5.6568 6 -5.6568 -5.6568 4 -5.6568 -6.765 4 -4
4 16 -5.6568 6 -5.6568 -3.0616 6 -7.3912 -4 4 -6.765 -5.6568 4 -5.6568
5 24 -5.6568 6 -5.6568 -5.6568 4 -5.6568 -3.0616 6 -7.3912 -7.3912 6 -3.0616
1 16 0 7 0 -7.39104 0 -3.06147 0 -1 0 3.06147 0 -7.39104 1-8edge.dat
2 24 -6.765 7 -4 -7.391 7 -3.0615
2 24 -6.765 7 -4 -6.765 4 -4
2 24 -6.765 4 -4 -5.6569 4 -5.6569
2 24 -5.6569 4 -5.6569 -4 4 -6.765
2 24 -4 4 -6.765 -4 7 -6.765
2 24 -4 7 -6.765 -3.0615 7 -7.391
4 16 -6.765 4 -4 -5.6569 4 -5.6569 -4 4 -6.765 -4 4 -4
4 16 4 4 -6.765 4 4 -4 -4 4 -4 -4 4 -6.765
4 16 3.0616 6 -7.3912 5.6568 6 -5.6568 5.6568 4 -5.6568 4 4 -6.765
4 16 5.6568 6 -5.6568 7.3912 6 -3.0616 6.765 4 -4 5.6568 4 -5.6568
5 24 5.6568 6 -5.6568 5.6568 4 -5.6568 7.3912 6 -3.0616 3.0616 6 -7.3912
1 16 0 7 0 -3.06147 0 7.39104 0 -1 0 -7.39104 0 -3.06147 1-8edge.dat
2 24 4 7 -6.765 3.0615 7 -7.391
2 24 4 7 -6.765 4 4 -6.765
2 24 4 4 -6.765 5.6569 4 -5.6569
2 24 5.6569 4 -5.6569 6.765 4 -4
2 24 6.765 4 -4 6.765 7 -4
2 24 6.765 7 -4 7.391 7 -3.0615
4 16 4 4 -6.765 5.6569 4 -5.6569 6.765 4 -4 4 4 -4
4 16 6.765 4 4 4 4 4 4 4 -4 6.765 4 -4
0 NOFILE

0 FILE 1-8edge.dat
0 Circle 0.125

0 Name: 1-8edge.dat

0 Author: James Jessiman

0 !LDRAW_ORG Primitive UPDATE 2017-01

0 !LICENSE Licensed under CC BY 4.0 : see CAreadme.txt



0 BFC CERTIFY CCW



0 !HISTORY 2007-06-22 [PTadmin] Header formatted for Contributor Agreement

0 !HISTORY 2008-07-01 [PTadmin] Official Update 2008-01

0 !HISTORY 2017-01-15 [Steffen] BFCed

0 !HISTORY 2017-12-30 [PTadmin] Official Update 2017-01





2 24 1 0 0 0.9239 0 0.3827

2 24 0.9239 0 0.3827 0.7071 0 0.7071

0 NOFILE

0 FILE box4o4a.dat
0 Box with 4 Faces (2 Parallel Pairs) without Bottom Edges

0 Name: box4o4a.dat

0 Author: Donald Sutter [technog]

0 !LDRAW_ORG Primitive UPDATE 2012-01

0 !LICENSE Licensed under CC BY 4.0 : see CAreadme.txt



0 BFC CERTIFY CCW



0 !HISTORY 2003-08-01 [PTadmin] Official Update 2003-02

0 !HISTORY 2007-06-24 [PTadmin] Header formatted for Contributor Agreement

0 !HISTORY 2008-07-01 [PTadmin] Official Update 2008-01

0 !HISTORY 2012-02-16 [Philo] Changed to CCW

0 !HISTORY 2012-03-30 [PTadmin] Official Update 2012-01





2 24 1 0 1 -1 0 1

2 24 -1 0 1 -1 0 -1

2 24 -1 0 -1 1 0 -1

2 24 1 0 -1 1 0 1

2 24 1 0 1 1 1 1

2 24 -1 0 1 -1 1 1

2 24 1 0 -1 1 1 -1

2 24 -1 0 -1 -1 1 -1

4 16 -1 1 1 -1 0 1 1 0 1 1 1 1

4 16 -1 1 -1 -1 0 -1 -1 0 1 -1 1 1

4 16 1 1 -1 1 0 -1 -1 0 -1 -1 1 -1

4 16 1 1 1 1 0 1 1 0 -1 1 1 -1

0 NOFILE

0 FILE 4-4cylo.dat
0 Cylinder Open 1.0

0 Name: 4-4cylo.dat

0 Author: Mark Kennedy [mkennedy]

0 !LDRAW_ORG Primitive UPDATE 2010-01

0 !LICENSE Licensed under CC BY 4.0 : see CAreadme.txt



0 BFC CERTIFY CCW



0 !HISTORY 2010-04-05 [PTadmin] Official Update 2010-01





1 16 0 0 0 1 0 0 0 1 0 0 0 1 4-4edge.dat

1 16 0 1 0 1 0 0 0 1 0 0 0 1 4-4edge.dat

1 16 0 0 0 1 0 0 0 1 0 0 0 1 4-4cyli.dat

0
0 NOFILE

0 FILE stud4a.dat
0 Stud Tube Open without Base Edges

0 Name: stud4a.dat

0 Author: James Jessiman

0 !LDRAW_ORG Primitive UPDATE 2009-02

0 !LICENSE Licensed under CC BY 4.0 : see CAreadme.txt



0 BFC CERTIFY CCW



0 !HISTORY 1999-07-05 [PTadmin] Official Update 1999-05

0 !HISTORY 2002-04-04 [sbliss] Modified for BFC compliance

0 !HISTORY 2002-04-25 [PTadmin] Official Update 2002-02

0 !HISTORY 2007-06-24 [PTadmin] Header formatted for Contributor Agreement

0 !HISTORY 2008-07-01 [PTadmin] Official Update 2008-01

0 !HISTORY 2009-06-21 [cwdee] Update ring references to 4-4ring

0 !HISTORY 2009-09-03 [PTadmin] Official Update 2009-02





1 16 0 -4 0 6 0 0 0 1 0 0 0 6 4-4edge.dat

1 16 0 -4 0 8 0 0 0 1 0 0 0 8 4-4edge.dat

0 BFC INVERTNEXT

1 16 0 -4 0 6 0 0 0 4 0 0 0 6 4-4cyli.dat

1 16 0 -4 0 8 0 0 0 4 0 0 0 8 4-4cyli.dat

1 16 0 -4 0 2 0 0 0 1 0 0 0 2 4-4ring3.dat

0

0 NOFILE

0 FILE 3679.dat
0 Turntable  2 x  2 Plate Top
0 Name: 3679.dat
0 Author: James Jessiman
0 !LDRAW_ORG Part UPDATE 2024-02
0 !LICENSE Licensed under CC BY 4.0 : see CAreadme.txt

0 BFC CERTIFY CCW

0 !HISTORY 2002-07-31 [sbliss] Applied BFC, added discs under studs, retitled
0 !HISTORY 2002-11-30 [PTadmin] Official Update 2002-05
0 !HISTORY 2007-06-29 [PTadmin] Header formatted for Contributor Agreement
0 !HISTORY 2008-07-01 [PTadmin] Official Update 2008-01
0 !HISTORY 2011-06-30 [Steffen] removed ~ from title, used more primitives
0 !HISTORY 2015-02-14 [MagFors] Redesigned the connector
0 !HISTORY 2015-10-11 [PTadmin] Official Update 2015-01
0 !HISTORY 2024-03-23 [OrionP] Updated ring primitives
0 !HISTORY 2024-03-24 [OrionP] Official Update 2024-02

1 16 0 4 0 17.5 0 0 0 -1 0 0 0 17.5 4-4disc.dat
1 16 0 0 0 17.5 0 0 0 4 0 0 0 17.5 4-4cylc.dat
1 16 10 0 10 -4.24264 0 4.24264 0 -1 0 4.24264 0 4.24264 2-4disc.dat
1 16 -10 0 10 -4.24264 0 -4.24264 0 -1 0 -4.24264 0 4.24264 2-4disc.dat
1 16 -10 0 -10 4.24264 0 -4.24264 0 -1 0 -4.24264 0 -4.24264 2-4disc.dat
1 16 10 0 -10 4.24264 0 4.24264 0 -1 0 4.24264 0 -4.24264 2-4disc.dat
1 16 0 0 0 1 0 0 0 1 0 0 0 1 stug-2x2.dat
0 // connector
1 16 0 4 0 2.6668 0 0 0 1 0 0 0 2.6668 4-4edge.dat
1 16 0 4 0 4 0 0 0 1 0 0 0 4 4-4edge.dat
1 16 0 4 0 4 0 0 0 1.7 0 0 0 4 4-4cyli.dat
0 BFC INVERTNEXT
1 16 0 4 0 2.6668 0 0 0 1.7 0 0 0 2.6668 4-4cyli.dat
1 16 0 6 0 3.6957 0 -1.53081 0 -1 0 -1.53081 0 -3.6957 3-8edge.dat
1 16 0 6 0 -3.6957 0 1.53081 0 -1 0 1.53081 0 3.6957 3-8edge.dat
1 16 0 6 0 -3.6957 0 1.53081 0 -0.3 0 -1.53081 0 -3.6957 3-8cyli.dat
1 16 0 6 0 3.6957 0 -1.53081 0 -0.3 0 1.53081 0 3.6957 3-8cyli.dat
1 16 0 6 0 0.30798 0 -0.12757 0 1 0 0.12757 0 0.30798 3-8ring12.dat
1 16 0 6 0 -0.30798 0 0.12757 0 1 0 -0.12757 0 -0.30798 3-8ring12.dat
1 16 0 8 0 4.00368 0 -1.65838 0 -2 0 1.65838 0 4.00368 3-8cylo.dat
1 16 0 8 0 -4.00368 0 1.65838 0 -2 0 -1.65838 0 -4.00368 3-8cylo.dat
0 BFC INVERTNEXT
1 16 0 8 0 2.4638 0 -1.02054 0 -2.3 0 1.02054 0 2.4638 3-8cyli.dat
0 BFC INVERTNEXT
1 16 0 8 0 -2.4638 0 1.02054 0 -2.3 0 -1.02054 0 -2.4638 3-8cyli.dat
1 16 0 8 0 1.2319 0 -0.51027 0 -1 0 0.51027 0 1.2319 3-8ring2.dat
1 16 0 8 0 -1.2319 0 0.51027 0 -1 0 -0.51027 0 -1.2319 3-8ring2.dat
1 16 0 8 0 0.30798 0 -0.12757 0 -1 0 0.12757 0 0.30798 3-8ring12.dat
1 16 0 8 0 -0.30798 0 0.12757 0 -1 0 -0.12757 0 -0.30798 3-8ring12.dat
1 16 0 8 0 2.4638 0 -1.02054 0 -1 0 -1.02054 0 -2.4638 3-8edge.dat
1 16 0 8 0 -2.4638 0 1.02054 0 -1 0 1.02054 0 2.4638 3-8edge.dat
0 // cut-outs
1 16 -4 6 0 0 1 0.13267 -0.3 0 0 0 0 0.6667 1-4edge.dat
1 16 -4 6 0 0 1 0.13267 -0.3 0 0 0 0 -0.6667 1-4edge.dat
1 16 4 6 0 0 -1 -0.13267 -0.3 0 0 0 0 -0.6667 1-4edge.dat
1 16 4 6 0 0 -1 -0.13267 -0.3 0 0 0 0 0.6667 1-4edge.dat
1 16 -2.6668 6 0 0 1 0.13267 -0.3 0 0 0 0 0.6667 1-4edge.dat
1 16 -2.6668 6 0 0 1 0.13267 -0.3 0 0 0 0 -0.6667 1-4edge.dat
1 16 2.6668 6 0 0 -1 -0.13267 -0.3 0 0 0 0 -0.6667 1-4edge.dat
1 16 2.6668 6 0 0 -1 -0.13267 -0.3 0 0 0 0 0.6667 1-4edge.dat
1 16 -4 6 0 0 1 0.13267 -0.3 0 0 0 0 0.6667 1-4ndis.dat
1 16 -4 6 0 0 1 0.13267 -0.3 0 0 0 0 -0.6667 1-4ndis.dat
1 16 4 6 0 0 -1 -0.13267 -0.3 0 0 0 0 -0.6667 1-4ndis.dat
1 16 4 6 0 0 -1 -0.13267 -0.3 0 0 0 0 0.6667 1-4ndis.dat
1 16 -2.6668 6 0 0 -1 0.13267 -0.3 0 0 0 0 0.6667 1-4ndis.dat
1 16 -2.6668 6 0 0 -1 0.13267 -0.3 0 0 0 0 -0.6667 1-4ndis.dat
1 16 2.6668 6 0 0 1 -0.13267 -0.3 0 0 0 0 -0.6667 1-4ndis.dat
1 16 2.6668 6 0 0 1 -0.13267 -0.3 0 0 0 0 0.6667 1-4ndis.dat
0 BFC INVERTNEXT
1 16 -4 6 0 0 1.3334 0.13267 -0.3 0 0 0 0 0.6667 1-4cyli.dat
0 BFC INVERTNEXT
1 16 -4 6 0 0 1.3334 0.13267 -0.3 0 0 0 0 -0.6667 1-4cyli.dat
0 BFC INVERTNEXT
1 16 4 6 0 0 -1.3334 -0.13267 -0.3 0 0 0 0 -0.6667 1-4cyli.dat
0 BFC INVERTNEXT
1 16 4 6 0 0 -1.3334 -0.13267 -0.3 0 0 0 0 0.6667 1-4cyli.dat
2 24 4.2009 8 -0.6667 2.5341 8 -0.6667
2 24 2.4641 8 -1.0207 2.5341 8 -0.6667
2 24 4.0035 6 -1.6588 4.2009 6 -0.6667
2 24 4.0035 8 -1.6588 4.2009 8 -0.6667
2 24 2.5341 8 -0.6667 2.5341 6 -0.6667
2 24 3.8675 6 -0.6667 4.2009 6 -0.6667
2 24 4.2009 6 -0.6667 4.2009 8 -0.6667
2 24 3.6955 6 -1.5307 3.8675 6 -0.6667
4 16 3.8675 8 -0.6667 3.8675 6 -0.6667 4.2009 6 -0.6667 4.2009 8 -0.6667
4 16 2.5341 6 -0.6667 3.8675 6 -0.6667 3.8675 8 -0.6667 2.5341 8 -0.6667
4 16 4.0035 6 -1.6588 4.2009 6 -0.6667 3.8675 6 -0.6667 3.6955 6 -1.5307
4 16 4.0035 8 -1.6588 4.2009 8 -0.6667 4.2009 6 -0.6667 4.0035 6 -1.6588
4 16 3.6955 8 -1.5307 3.8675 8 -0.6667 4.2009 8 -0.6667 4.0035 8 -1.6588
4 16 2.4641 8 -1.0207 2.5341 8 -0.6667 3.8675 8 -0.6667 3.6955 8 -1.5307
4 16 3.6955 6 -1.5307 3.8675 6 -0.6667 3.8675 5.7 -0.6667 3.6955 5.7 -1.5307
4 16 2.4641 5.7 -1.0207 2.5341 5.7 -0.6667 2.5341 8 -0.6667 2.4641 8 -1.0207
2 24 -4.2009 8 -0.6667 -2.5341 8 -0.6667
2 24 -2.4641 8 -1.0207 -2.5341 8 -0.6667
2 24 -4.0035 6 -1.6588 -4.2009 6 -0.6667
2 24 -4.0035 8 -1.6588 -4.2009 8 -0.6667
2 24 -2.5341 8 -0.6667 -2.5341 6 -0.6667
2 24 -3.8675 6 -0.6667 -4.2009 6 -0.6667
2 24 -4.2009 6 -0.6667 -4.2009 8 -0.6667
2 24 -3.6955 6 -1.5307 -3.8675 6 -0.6667
4 16 -4.2009 8 -0.6667 -4.2009 6 -0.6667 -3.8675 6 -0.6667 -3.8675 8 -0.6667
4 16 -2.5341 8 -0.6667 -3.8675 8 -0.6667 -3.8675 6 -0.6667 -2.5341 6 -0.6667
4 16 -3.6955 6 -1.5307 -3.8675 6 -0.6667 -4.2009 6 -0.6667 -4.0035 6 -1.6588
4 16 -4.0035 6 -1.6588 -4.2009 6 -0.6667 -4.2009 8 -0.6667 -4.0035 8 -1.6588
4 16 -4.0035 8 -1.6588 -4.2009 8 -0.6667 -3.8675 8 -0.6667 -3.6955 8 -1.5307
4 16 -3.6955 8 -1.5307 -3.8675 8 -0.6667 -2.5341 8 -0.6667 -2.4641 8 -1.0207
4 16 -3.6955 5.7 -1.5307 -3.8675 5.7 -0.6667 -3.8675 6 -0.6667 -3.6955 6 -1.5307
4 16 -2.4641 8 -1.0207 -2.5341 8 -0.6667 -2.5341 5.7 -0.6667 -2.4641 5.7 -1.0207
2 24 4.2009 8 0.6667 2.5341 8 0.6667
2 24 2.4641 8 1.0207 2.5341 8 0.6667
2 24 4.0035 6 1.6588 4.2009 6 0.6667
2 24 4.0035 8 1.6588 4.2009 8 0.6667
2 24 2.5341 8 0.6667 2.5341 6 0.6667
2 24 3.8675 6 0.6667 4.2009 6 0.6667
2 24 4.2009 6 0.6667 4.2009 8 0.6667
2 24 3.6955 6 1.5307 3.8675 6 0.6667
4 16 4.2009 8 0.6667 4.2009 6 0.6667 3.8675 6 0.6667 3.8675 8 0.6667
4 16 2.5341 8 0.6667 3.8675 8 0.6667 3.8675 6 0.6667 2.5341 6 0.6667
4 16 3.6955 6 1.5307 3.8675 6 0.6667 4.2009 6 0.6667 4.0035 6 1.6588
4 16 4.0035 6 1.6588 4.2009 6 0.6667 4.2009 8 0.6667 4.0035 8 1.6588
4 16 4.0035 8 1.6588 4.2009 8 0.6667 3.8675 8 0.6667 3.6955 8 1.5307
4 16 3.6955 8 1.5307 3.8675 8 0.6667 2.5341 8 0.6667 2.4641 8 1.0207
4 16 3.6955 5.7 1.5307 3.8675 5.7 0.6667 3.8675 6 0.6667 3.6955 6 1.5307
4 16 2.4641 8 1.0207 2.5341 8 0.6667 2.5341 5.7 0.6667 2.4641 5.7 1.0207
2 24 -4.2009 8 0.6667 -2.5341 8 0.6667
2 24 -2.4641 8 1.0207 -2.5341 8 0.6667
2 24 -4.0035 6 1.6588 -4.2009 6 0.6667
2 24 -4.0035 8 1.6588 -4.2009 8 0.6667
2 24 -2.5341 8 0.6667 -2.5341 6 0.6667
2 24 -3.8675 6 0.6667 -4.2009 6 0.6667
2 24 -4.2009 6 0.6667 -4.2009 8 0.6667
2 24 -3.6955 6 1.5307 -3.8675 6 0.6667
4 16 -3.8675 8 0.6667 -3.8675 6 0.6667 -4.2009 6 0.6667 -4.2009 8 0.6667
4 16 -2.5341 6 0.6667 -3.8675 6 0.6667 -3.8675 8 0.6667 -2.5341 8 0.6667
4 16 -4.0035 6 1.6588 -4.2009 6 0.6667 -3.8675 6 0.6667 -3.6955 6 1.5307
4 16 -4.0035 8 1.6588 -4.2009 8 0.6667 -4.2009 6 0.6667 -4.0035 6 1.6588
4 16 -3.6955 8 1.5307 -3.8675 8 0.6667 -4.2009 8 0.6667 -4.0035 8 1.6588
4 16 -2.4641 8 1.0207 -2.5341 8 0.6667 -3.8675 8 0.6667 -3.6955 8 1.5307
4 16 -3.6955 6 1.5307 -3.8675 6 0.6667 -3.8675 5.7 0.6667 -3.6955 5.7 1.5307
4 16 -2.4641 5.7 1.0207 -2.5341 5.7 0.6667 -2.5341 8 0.6667 -2.4641 8 1.0207
0 NOFILE

0 FILE 1-4ndis.dat
0 Disc Negative 0.25

0 Name: 1-4ndis.dat

0 Author: James Jessiman

0 !LDRAW_ORG Primitive UPDATE 2012-01

0 !LICENSE Licensed under CC BY 4.0 : see CAreadme.txt



0 BFC CERTIFY CCW



0 !HISTORY 2002-03-23 [sbliss] Added BFC Statement

0 !HISTORY 2002-04-25 [PTadmin] Official Update 2002-02

0 !HISTORY 2007-06-22 [PTadmin] Header formatted for Contributor Agreement

0 !HISTORY 2008-07-01 [PTadmin] Official Update 2008-01

0 !HISTORY 2012-02-16 [Philo] Changed to CCW

0 !HISTORY 2012-03-30 [PTadmin] Official Update 2012-01





3 16 0.9239 0 0.3827 1 0 0 1 0 1

3 16 0.7071 0 0.7071 0.9239 0 0.3827 1 0 1

3 16 0.3827 0 0.9239 0.7071 0 0.7071 1 0 1

3 16 0 0 1 0.3827 0 0.9239 1 0 1

0 NOFILE

0 FILE 3-8ring2.dat
0 Ring  2 x 0.375

0 Name: 3-8ring2.dat

0 Author: Willy Tschager [Holly-Wood]

0 !LDRAW_ORG Primitive UPDATE 2024-01

0 !LICENSE Licensed under CC BY 4.0 : see CAreadme.txt



0 BFC CERTIFY CCW



0 !HISTORY 2005-12-28 [PTadmin] Official Update 2005-01

0 !HISTORY 2007-06-24 [PTadmin] Header formatted for Contributor Agreement

0 !HISTORY 2008-07-01 [PTadmin] Official Update 2008-01

0 !HISTORY 2024-01-11 [Holly-Wood] Complete regeneration, original by guyvivan

0 !HISTORY 2024-01-29 [OrionP] Official Update 2024-01



4 16 3 0 0 2.7717 0 1.1481 1.8478 0 0.7654 2 0 0

4 16 2.7717 0 1.1481 2.1213 0 2.1213 1.4142 0 1.4142 1.8478 0 0.7654

4 16 2.1213 0 2.1213 1.1481 0 2.7717 0.7654 0 1.8478 1.4142 0 1.4142

4 16 1.1481 0 2.7717 0 0 3 0 0 2 0.7654 0 1.8478

4 16 0 0 3 -1.1481 0 2.7717 -0.7654 0 1.8478 0 0 2

4 16 -1.1481 0 2.7717 -2.1213 0 2.1213 -1.4142 0 1.4142 -0.7654 0 1.8478

0 // Build by LDPartEditor (PrimGen 2.X)

0 NOFILE

0 FILE 3-8cylo.dat
0 Cylinder Open 0.375

0 Name: 3-8cylo.dat

0 Author: J.C. Tchang [tchang]

0 !LDRAW_ORG Primitive UPDATE 2013-01

0 !LICENSE Licensed under CC BY 4.0 : see CAreadme.txt



0 BFC CERTIFY CCW



0 !HISTORY 2013-07-21 [PTadmin] Official Update 2013-01





1 16 0 0 0 1 0 0 0 1 0 0 0 1 3-8edge.dat

1 16 0 1 0 1 0 0 0 1 0 0 0 1 3-8edge.dat

1 16 0 0 0 1 0 0 0 1 0 0 0 1 3-8cyli.dat

0 NOFILE

0 FILE 3-8ring12.dat
0 Ring 12 x 0.375

0 Name: 3-8ring12.dat

0 Author: Niels Karsdorp [nielsk]

0 !LDRAW_ORG Primitive UPDATE 2024-02

0 !LICENSE Licensed under CC BY 4.0 : see CAreadme.txt



0 BFC CERTIFY CCW



0 !HISTORY 2005-12-28 [PTadmin] Official Update 2005-01

0 !HISTORY 2007-06-24 [PTadmin] Header formatted for Contributor Agreement

0 !HISTORY 2008-07-01 [PTadmin] Official Update 2008-01

0 !HISTORY 2012-02-16 [Philo] Changed to CCW

0 !HISTORY 2012-03-30 [PTadmin] Official Update 2012-01

0 !HISTORY 2024-03-23 [OrionP] Moved from 3-8rin12.dat

0 !HISTORY 2024-03-24 [OrionP] Official Update 2024-02



4 16 13 0 0 12.0107 0 4.9751 11.0868 0 4.5924 12 0 0

4 16 12.0107 0 4.9751 9.1923 0 9.1923 8.4852 0 8.4852 11.0868 0 4.5924

4 16 9.1923 0 9.1923 4.9751 0 12.0107 4.5924 0 11.0868 8.4852 0 8.4852

4 16 4.9751 0 12.0107 0 0 13 0 0 12 4.5924 0 11.0868

4 16 0 0 13 -4.9751 0 12.0107 -4.5924 0 11.0868 0 0 12

4 16 -4.9751 0 12.0107 -9.1923 0 9.1923 -8.4852 0 8.4852 -4.5924 0 11.0868

0 NOFILE

0 FILE 3-8cyli.dat
0 Cylinder 0.375

0 Name: 3-8cyli.dat

0 Author: James Jessiman

0 !LDRAW_ORG Primitive UPDATE 2005-01

0 !LICENSE Licensed under CC BY 4.0 : see CAreadme.txt



0 BFC CERTIFY CCW



0 !HISTORY 2002-05-08 [OrionP] Made BFC compliant

0 !HISTORY 2002-08-18 [PTadmin] Official Update 2002-04

0 !HISTORY 2004-12-11 [nielsk] Recreated using Primitive Generator, Edge lines fixed, BFC changed to CCW

0 !HISTORY 2005-12-28 [PTadmin] Official Update 2005-01

0 !HISTORY 2007-06-24 [PTadmin] Header formatted for Contributor Agreement

0 !HISTORY 2008-07-01 [PTadmin] Official Update 2008-01





4 16 .9239 1 .3827 .9239 0 .3827 1 0 0 1 1 0

4 16 .7071 1 .7071 .7071 0 .7071 .9239 0 .3827 .9239 1 .3827

4 16 .3827 1 .9239 .3827 0 .9239 .7071 0 .7071 .7071 1 .7071

4 16 0 1 1 0 0 1 .3827 0 .9239 .3827 1 .9239

4 16 -.3827 1 .9239 -.3827 0 .9239 0 0 1 0 1 1

4 16 -.7071 1 .7071 -.7071 0 .7071 -.3827 0 .9239 -.3827 1 .9239

5 24 1 1 0 1 0 0 1 1 -.4142 .9239 1 .3827

5 24 .9239 1 .3827 .9239 0 .3827 1 1 0 .7071 1 .7071

5 24 .7071 1 .7071 .7071 0 .7071 .9239 1 .3827 .3827 1 .9239

5 24 .3827 1 .9239 .3827 0 .9239 .7071 1 .7071 0 1 1

5 24 0 1 1 0 0 1 .3827 1 .9239 -.3827 1 .9239

5 24 -.3827 1 .9239 -.3827 0 .9239 0 1 1 -.7071 1 .7071

5 24 -.7071 1 .7071 -.7071 0 .7071 -.3827 1 .9239 -1 1 .4142

0

0 NOFILE

0 FILE 3-8edge.dat
0 Circle 0.375

0 Name: 3-8edge.dat

0 Author: James Jessiman

0 !LDRAW_ORG Primitive UPDATE 2017-01

0 !LICENSE Licensed under CC BY 4.0 : see CAreadme.txt



0 BFC CERTIFY CCW



0 !HISTORY 2007-06-24 [PTadmin] Header formatted for Contributor Agreement

0 !HISTORY 2008-07-01 [PTadmin] Official Update 2008-01

0 !HISTORY 2017-01-15 [Steffen] BFCed

0 !HISTORY 2017-12-30 [PTadmin] Official Update 2017-01





2 24 1 0 0 0.9239 0 0.3827

2 24 0.9239 0 0.3827 0.7071 0 0.7071

2 24 0.7071 0 0.7071 0.3827 0 0.9239

2 24 0.3827 0 0.9239 0 0 1

2 24 0 0 1 -0.3827 0 0.9239

2 24 -0.3827 0 0.9239 -0.7071 0 0.7071

0 NOFILE

0 FILE stug-2x2.dat
0 Stud Group  2 x  2

0 Name: stug-2x2.dat

0 Author: Steffen [Steffen]

0 !LDRAW_ORG Primitive UPDATE 2012-01

0 !LICENSE Licensed under CC BY 4.0 : see CAreadme.txt



0 BFC CERTIFY CCW



0 !HISTORY 2005-12-28 [PTadmin] Official Update 2005-01

0 !HISTORY 2007-05-04 [PTadmin] Header formatted for Contributor Agreement

0 !HISTORY 2008-07-01 [PTadmin] Official Update 2008-01

0 !HISTORY 2011-07-01 [PTadmin] Renamed from stug2

0 !HISTORY 2011-07-25 [PTadmin] Official Update 2011-01

0 !HISTORY 2012-02-16 [Philo] Changed to CCW

0 !HISTORY 2012-03-30 [PTadmin] Official Update 2012-01





1 16 -10 0 -10 1 0 0 0 1 0 0 0 1 stud.dat

1 16 10 0 -10 1 0 0 0 1 0 0 0 1 stud.dat

1 16 -10 0 10 1 0 0 0 1 0 0 0 1 stud.dat

1 16 10 0 10 1 0 0 0 1 0 0 0 1 stud.dat

0 NOFILE

0 FILE 4-4cylc.dat
0 Cylinder Closed 1.0

0 Name: 4-4cylc.dat

0 Author: Alex Taylor [anathema]

0 !LDRAW_ORG Primitive UPDATE 2009-02

0 !LICENSE Licensed under CC BY 4.0 : see CAreadme.txt



0 BFC CERTIFY CCW



0 !HISTORY 2008-12-29 [cwdee] Removed one disc

0 !HISTORY 2009-09-03 [PTadmin] Official Update 2009-02





1 16 0 0 0 1 0 0 0 1 0 0 0 1 4-4edge.dat

1 16 0 1 0 1 0 0 0 1 0 0 0 1 4-4edge.dat

1 16 0 0 0 1 0 0 0 1 0 0 0 1 4-4disc.dat

1 16 0 0 0 1 0 0 0 1 0 0 0 1 4-4cyli.dat

0

0 NOFILE

0 FILE 29119.dat
0 Slope Brick Curved  2 x  1 with Cutout Right

0 Name: 29119.dat

0 Author: Magnus Forsberg [MagFors]

0 !LDRAW_ORG Part UPDATE 2017-01

0 !LICENSE Licensed under CC BY 4.0 : see CAreadme.txt



0 BFC CERTIFY CCW



0 !HISTORY 2017-12-30 [PTadmin] Official Update 2017-01





1 16 0 0 0 -1 0 0 0 1 0 0 0 1 29120.dat

0 NOFILE

0 FILE 29120.dat
0 Slope Brick Curved  2 x  1 with Cutout Left

0 Name: 29120.dat

0 Author: Magnus Forsberg [MagFors]

0 !LDRAW_ORG Part UPDATE 2017-01

0 !LICENSE Licensed under CC BY 4.0 : see CAreadme.txt



0 BFC CERTIFY CCW



0 !HISTORY 2017-12-30 [PTadmin] Official Update 2017-01





1 16 0 -12 20 -10 0 0 0 0 -4 0 -1 0 rect.dat

4 16 6 -8 16 -6 -8 16 -10 -8 20 10 -8 20

4 16 -6 -8 16 -6 -8 0 -10 -8 0 -10 -8 20

4 16 10 -8 20 10 -8 0 6 -8 0 6 -8 16

2 24 -10 -8 20 -10 -8 0

2 24 10 -8 20 10 -8 0

2 24 -10 -8 0 -6 -8 0

0 BFC INVERTNEXT

1 16 0 -8 13 -6 0 0 0 -4 0 0 0 3 box4-4a.dat

2 24 -6 -8 10 -6 -8 0

2 24 6 -8 10 6 -8 0

3 16 -6 -12 10 -6 -10 4 -6 -8 10

4 16 -6 -10 0 -6 -8 0 -6 -8 10 -6 -10 4

3 16 6 -8 10 6 -10 4 6 -12 10

4 16 6 -10 4 6 -8 10 6 -8 0 6 -10 0

0 BFC INVERTNEXT

1 16 0 -12 10 0 0 -6 0 2 0 6 0 0 1-4cyls2.dat

0 BFC INVERTNEXT

1 16 0 -12 10 0 0 6 0 2 0 6 0 0 1-4cyls2.dat

1 16 0 -12 10 -6 0 0 0 -1 0 0 0 -6 2-4edge.dat

1 16 0 -12 10 -6 0 0 0 -1 0 0 0 -6 2-4chrd.dat

1 16 0 -12 10 -6 0 0 0 -1 2 0 0 -6 2-4edge.dat

1 16 0 -12 10 -6 0 0 0 -1 2 0 0 -6 2-4ndis.dat

2 24 -6 -12 10 -6 -10 4

2 24 6 -12 10 6 -10 4

2 24 -1.5 -10 4 -6 -10 4

2 24 1.5 -10 4 6 -10 4

0 BFC INVERTNEXT

1 16 -3.75 -9 2 -2.25 0 0 0 -1 0 0 0 -2 box2-9.dat

1 16 0 -10 2 1.5 0 0 0 2 0 0 0 2 box4-1.dat

0 BFC INVERTNEXT

1 16 3.75 -9 2 2.25 0 0 0 -1 0 0 0 -2 box2-9.dat

2 24 6 0 0 -10 0 0

2 24 -10 0 0 -10 -8 0



3 16 -10 -8 0 -6 -8 0 -10 0 0

4 16 -10 0 0 -6 -8 0 -1.5 -8 0 6 0 0

3 16 6 0 0 -1.5 -8 0 1.5 -8 0

3 16 6 0 0 1.5 -8 0 6 -8 0

4 16 -6 0 -4 -10 0 0 6 0 0 2.5 0 -4

4 16 -6 0 -12.5 -10 0 -17 -10 0 0 -6 0 -4

3 16 -6 0 -4 -6 -7 -4 -6 -4 -10

4 16 -6 0 -4 -6 -4 -10 -6 -4 -12.5 -6 0 -12.5

2 24 -6 -4 -12.5 -6 -4 -10

2 24 -10 0 0 -10 0 -17



0 // Sides

4 16 -10 -8 0 -10 -12.8827 -1.648 -10 -14.6036 5.36 -10 -8 20

4 16 -10 -5.9041 -17 -10 -7.5316 -14.436 -10 0 0 -10 0 -17

4 16 -10 -16 20 -10 -8 20 -10 -14.6036 5.36 -10 -15.6524 12.616

4 16 -10 0 0 -10 -7.5316 -14.436 -10 -10.5099 -8.284 -10 -8 0

3 16 -10 -10.5099 -8.284 -10 -12.8827 -1.648 -10 -8 0

4 16 10 -14.6036 5.36 10 -8 20 10 -16 20 10 -15.6524 12.616

4 16 10 -14.6036 5.36 10 -13.2852 0 10 -8 0 10 -8 20

2 24 -10 -5.9041 -17 -10 -7.5316 -14.436

2 24 -10 -7.5316 -14.436 -10 -10.5099 -8.284

2 24 -10 -10.5099 -8.284 -10 -12.8827 -1.648

2 24 -10 -12.8827 -1.648 -10 -14.6036 5.36

2 24 -10 -14.6036 5.36 -10 -15.6524 12.616

2 24 -10 -15.6524 12.616 -10 -16 20

2 24 10 -13.2852 0 10 -14.6036 5.36

2 24 10 -14.6036 5.36 10 -15.6524 12.616

2 24 10 -15.6524 12.616 10 -16 20



0 // Cutout

2 24 8 0 -2 4.25 0 -5.75

2 24 2.5 -4 -4 0 -4 -4

2 24 0 -4 -4 -6 -4 -10

2 24 -6 -4 -10 0 -7 -4

2 24 0 -7 -4 0 -4 -4

2 24 -6 0 -4 -6 -7 -4

2 24 -6 0 -4 2.5 0 -4

2 24 0 -7 -4 -6 -7 -4

2 24 -6 -7 -4 -6 -4 -10

2 24 -6 0 -4 -6 0 -12.5

2 24 -4.25 0 -14.25 -7 0 -17

2 24 10 -13.2852 0 10 -8 0

2 24 6 -10 4 -6 -10 4

2 24 1.716 -10.5099 -8.284 8.352 -12.8827 -1.648

2 24 10 -13.2852 0 8.352 -12.8827 -1.648

2 24 -7 -5.9041 -17 -4.436 -7.5316 -14.436

2 24 -4.436 -7.5316 -14.436 1.716 -10.5099 -8.284

2 24 -10 -16 20 10 -16 20

2 24 -6 -8 0 -6 -8 16

2 24 10 -8 0 8 -8 -2



1 16 -8.5 -2.9521 -17 1.5 0 0 0 0 -2.95206 0 1 0 rect.dat

1 16 7 -4 -1 0 -1 1 -4 0 0 0 0 -1 rect.dat

1 16 -0.875 -4 -9.125 0.875 0 -4.25 0 -1 0 -0.875 0 -4.25 rect1.dat

1 16 3.375 -2 -4.875 0.875 1 0 0 0 -2 -0.875 0 0 rect.dat

1 16 -5.125 -2 -13.375 -0.875 -1 0 0 0 -2 0.875 0 0 rect.dat



4 16 -7 0 -17 -10 0 -17 -6 0 -12.5 -4.25 0 -14.25

4 16 -4.25 0 -14.25 -4.25 -4 -14.25 -7 -5.9041 -17 -7 0 -17

3 16 -6 -4 -10 -6 -7 -4 0 -7 -4

4 16 -6 0 -4 0 -4 -4 0 -7 -4 -6 -7 -4

4 16 2.5 -4 -4 0 -4 -4 -6 0 -4 2.5 0 -4

4 16 -6 -4 -12.5 -6 -4 -10 0 -4 -4 2.5 -4 -4

4 16 4.25 0 -5.75 2.5 0 -4 6 0 0 8 0 -2

4 16 8 -8 -2 10 -8 0 10 -13.2852 0 8.352 -12.8827 -1.648

4 16 4.25 0 -5.75 8 0 -2 8 -8 -2 4.25 -4 -5.75

4 16 1.716 -10.5099 -8.284 4.25 -4 -5.75 8 -8 -2 8.352 -12.8827 -1.648

4 16 4.25 -4 -5.75 1.716 -10.5099 -8.284 -4.436 -7.5316 -14.436 -4.25 -4 -14.25

3 16 -4.25 -4 -14.25 -4.436 -7.5316 -14.436 -7 -5.9041 -17

3 16 8 -8 -2 6 -8 0 10 -8 0

3 16 0 -7 -4 0 -4 -4 -6 -4 -10



0 // top surface

5 24 -10 -7.5316 -14.436 -4.436 -7.5316 -14.436 -10 -10.5099 -8.284 -10 -5.9041 -17

5 24 -10 -10.5099 -8.284 1.716 -10.5099 -8.284 -10 -12.8827 -1.648 -10 -7.5316 -14.436

5 24 -10 -12.8827 -1.648 8.352 -12.8827 -1.648 -10 -14.6036 5.36 -10 -10.5099 -8.284

5 24 -10 -14.6036 5.36 10 -14.6036 5.36 -10 -15.6524 12.616 -10 -12.8827 -1.648

5 24 -10 -15.6524 12.616 10 -15.6524 12.616 -10 -16 20 -10 -14.6036 5.36

4 16 -4.436 -7.5316 -14.436 -10 -7.5316 -14.436 -10 -5.9041 -17 -7 -5.9041 -17

4 16 1.716 -10.5099 -8.284 -10 -10.5099 -8.284 -10 -7.5316 -14.436 -4.436 -7.5316 -14.436

4 16 8.352 -12.8827 -1.648 -10 -12.8827 -1.648 -10 -10.5099 -8.284 1.716 -10.5099 -8.284

4 16 10 -14.6036 5.36 -10 -14.6036 5.36 -10 -12.8827 -1.648 8.352 -12.8827 -1.648

3 16 10 -13.2852 0 10 -14.6036 5.36 8.352 -12.8827 -1.648

4 16 10 -15.6524 12.616 -10 -15.6524 12.616 -10 -14.6036 5.36 10 -14.6036 5.36

4 16 10 -16 20 -10 -16 20 -10 -15.6524 12.616 10 -15.6524 12.616

0 NOFILE

0 FILE rect1.dat
0 Rectangle with 1 Edge

0 Name: rect1.dat

0 Author: Chris Dee [cwdee]

0 !LDRAW_ORG Primitive UPDATE 2010-01

0 !LICENSE Licensed under CC BY 4.0 : see CAreadme.txt



0 BFC CERTIFY CCW



0 !HISTORY 2003-12-19 [PTadmin] Official Update 2003-03

0 !HISTORY 2007-06-24 [PTadmin] Header formatted for Contributor Agreement

0 !HISTORY 2008-07-01 [PTadmin] Official Update 2008-01

0 !HISTORY 2010-01-17 [mikeheide] changed winding to CCW

0 !HISTORY 2010-04-05 [PTadmin] Official Update 2010-01





2 24 1 0 -1 1 0 1

4 16 -1 0 1 -1 0 -1 1 0 -1 1 0 1

0

0 NOFILE

0 FILE 2420.dat
0 Plate  2 x  2 Corner

0 Name: 2420.dat

0 Author: James Jessiman

0 !LDRAW_ORG Part UPDATE 2003-03

0 !LICENSE Licensed under CC BY 4.0 : see CAreadme.txt



0 BFC CERTIFY CCW



0 !HISTORY 2003-09-08 [jriley] BFC compliant

0 !HISTORY 2003-12-19 [PTadmin] Official Update 2003-03

0 !HISTORY 2007-05-08 [PTadmin] Header formatted for Contributor Agreement

0 !HISTORY 2008-07-01 [PTadmin] Official Update 2008-01





1 16 0 4 10 1 0 0 0 -1 0 0 0 1 stud3.dat

1 16 10 4 0 1 0 0 0 -1 0 0 0 1 stud3.dat

4 16 10 8 30 6 8 26 -6 8 26 -10 8 30

4 16 -10 8 30 -6 8 26 -6 8 -6 -10 8 -10

4 16 -10 8 -10 -6 8 -6 26 8 -6 30 8 -10

4 16 30 8 -10 26 8 -6 26 8 6 30 8 10

4 16 30 8 10 26 8 6 6 8 6 10 8 10

4 16 10 8 10 6 8 6 6 8 26 10 8 30

4 16 26 4 -6 -6 4 -6 6 4 6 26 4 6

4 16 6 4 26 6 4 6 -6 4 -6 -6 4 26

4 16 30 0 10 10 0 10 -10 0 -10 30 0 -10

4 16 10 0 10 10 0 30 -10 0 30 -10 0 -10

1 16 20 4 0 0 10 0 4 0 0 0 0 10 box2-5.dat

1 16 0 4 20 0 10 0 4 0 0 0 0 10 box2-5.dat

1 16 10 4 10 0 -20 0 4 0 0 0 0 -20 box2-5.dat

1 16 0 0 0 1 0 0 0 1 0 0 0 1 stud.dat

1 16 20 0 0 1 0 0 0 1 0 0 0 1 stud.dat

1 16 0 0 20 1 0 0 0 1 0 0 0 1 stud.dat

0 BFC INVERTNEXT

1 16 0 6 16 0 6 0 2 0 0 0 0 10 box2-5.dat

0 BFC INVERTNEXT

1 16 16 6 0 0 10 0 2 0 0 0 0 6 box2-5.dat

0 BFC INVERTNEXT

1 16 10 6 10 0 -16 0 2 0 0 0 0 -16 box2-5.dat

0

0 NOFILE

0 FILE 11477.dat
0 Slope Brick Curved  2 x  1

0 Name: 11477.dat

0 Author: Owen Burgoyne [C3POwen]

0 !LDRAW_ORG Part UPDATE 2013-01

0 !LICENSE Licensed under CC BY 4.0 : see CAreadme.txt



0 BFC CERTIFY CCW



0 !HISTORY 2013-07-21 [PTadmin] Official Update 2013-01





1 16 0 0 0 1 0 0 0 1 0 0 0 1 s__11477s01.dat

1 16 10 24.972 20 0 -20 0 -28.9719 0 -28.9719 -40 0 40 48__1-8cyli.dat

0 NOFILE

0 FILE s__11477s01.dat
0 ~Slope Brick Curved  2 x  1 without Top Surface

0 Name: s\11477s01.dat

0 Author: Owen Burgoyne [C3POwen]

0 !LDRAW_ORG Subpart UPDATE 2023-01

0 !LICENSE Licensed under CC BY 4.0 : see CAreadme.txt



0 BFC CERTIFY CCW



0 !HISTORY 2013-07-21 [PTadmin] Official Update 2013-01

0 !HISTORY 2022-04-09 [MagFors] Unified left and right side, closed gap

0 !HISTORY 2023-03-05 [OrionP] Official Update 2023-01





1 16 0 -12 20 -10 0 0 0 0 -4 0 -1 0 rect.dat

4 16 6 -8 16 -6 -8 16 -10 -8 20 10 -8 20

4 16 -6 -8 16 -6 -8 0 -10 -8 0 -10 -8 20

4 16 10 -8 20 10 -8 0 6 -8 0 6 -8 16

2 24 -10 -8 20 -10 -8 0

2 24 10 -8 20 10 -8 0

2 24 -10 -8 0 -6 -8 0

2 24 10 -8 0 6 -8 0

0 BFC INVERTNEXT

1 16 0 -10 13 -6 0 0 0 -2 0 0 0 3 box2-7.dat

1 16 0 -8 8 -6 0 0 0 -1 0 0 0 8 recte3.dat

4 16 -6 -12 10 -6 -10 4 -6 -8 16 -6 -12 16

4 16 -6 -10 0 -6 -8 0 -6 -8 16 -6 -10 4

4 16 6 -8 16 6 -10 4 6 -12 10 6 -12 16

4 16 6 -10 4 6 -8 16 6 -8 0 6 -10 0

0 BFC INVERTNEXT

1 16 0 -12 10 0 0 -6 0 2 0 6 0 0 1-4cyls2.dat

0 BFC INVERTNEXT

1 16 0 -12 10 0 0 6 0 2 0 6 0 0 1-4cyls2.dat

1 16 0 -12 10 -6 0 0 0 -1 0 0 0 -6 2-4edge.dat

1 16 0 -12 10 -6 0 0 0 -1 0 0 0 -6 2-4chrd.dat

1 16 0 -12 10 -6 0 0 0 -1 2 0 0 -6 2-4edge.dat

1 16 0 -12 10 -6 0 0 0 -1 2 0 0 -6 2-4ndis.dat

2 24 -6 -12 10 -6 -10 4

2 24 6 -12 10 6 -10 4

2 24 -1.5 -10 4 -6 -10 4

2 24 1.5 -10 4 6 -10 4

0 BFC INVERTNEXT

1 16 -3.75 -9 2 -2.25 0 0 0 -1 0 0 0 -2 box2-9.dat

1 16 0 -10 2 1.5 0 0 0 2 0 0 0 2 box4-1.dat

0 BFC INVERTNEXT

1 16 3.75 -9 2 2.25 0 0 0 -1 0 0 0 -2 box2-9.dat

1 16 0 -4 0 10 0 0 0 0 4 0 -1 0 recte3.dat

3 16 -10 -8 0 -6 -8 0 -10 0 0

3 16 -10 0 0 -6 -8 0 -1.5 -8 0

3 16 1.5 -8 0 6 -8 0 10 0 0

4 16 -1.5 -8 0 1.5 -8 0 10 0 0 -10 0 0

3 16 10 0 0 6 -8 0 10 -8 0

4 16 -6 0 -4 -10 0 0 10 0 0 6 0 -4

4 16 -6 0 -16 -10 0 -20 -10 0 0 -6 0 -4

4 16 6 0 -16 10 0 -20 -10 0 -20 -6 0 -16

4 16 6 0 -4 10 0 0 10 0 -20 6 0 -16

1 16 0 0 -10 6 0 0 0 -1 0 0 0 -6 recte3.dat

1 16 0 0 -10 10 0 0 0 -1 0 0 0 -10 recte3.dat

3 16 -6 0 -4 -6 -7 -4 -6 -4 -10

3 16 6 -4 -10 6 -7 -4 6 0 -4

4 16 -6 0 -4 -6 -4 -10 -6 -2 -16 -6 0 -16

4 16 6 0 -16 6 -2 -16 6 -4 -10 6 0 -4

0 BFC INVERTNEXT

1 16 0 -2 -7 6 0 0 0 -1.5 -3.5 0 3 0 box2-5.dat

0 BFC INVERTNEXT

1 16 0 -4 -10 0 0 -6 0 2 0 6 0 0 1-4cyls2.dat

0 BFC INVERTNEXT

1 16 0 -4 -10 0 0 6 0 2 0 6 0 0 1-4cyls2.dat

1 16 0 -4 -10 -6 0 0 0 -1 0 0 0 -6 2-4edge.dat

1 16 0 -4 -10 -6 0 0 0 -1 0 0 0 -6 2-4chrd.dat

1 16 0 -4 -10 -6 0 0 0 -1 2 0 0 -6 2-4edge.dat

1 16 0 -4 -10 -6 0 0 0 -1 2 0 0 -6 2-4ndis.dat

2 24 -6 -2 -16 -6 -4 -10

2 24 6 -2 -16 6 -4 -10

1 16 0 -1 -16 -6 0 0 0 0 -1 0 -1 0 rect3.dat

1 16 0 -2 -20 10 0 0 0 0 -2 0 1 0 rect3.dat



0 // Sides

3 16 -10 -16 20 -10 -8 20 -10 -8 0

3 16 10 -16 20 10 -8 0 10 -8 20

4 16 -10 0 -20 -10 -4 -20 -10 -8 0 -10 0 0

4 16 10 0 0 10 -8 0 10 -4 -20 10 0 -20

3 16 -10 -4 -20 -10 -16 20 -10 -8 0

3 16 10 -8 0 10 -16 20 10 -4 -20

1 16 -10 24.972 20 0 1 0 -28.9719 0 -28.9719 -40 0 40 48__1-8chrd.dat

1 16 10 24.972 20 0 -1 0 -28.9719 0 -28.9719 -40 0 40 48__1-8chrd.dat

1 16 -10 24.972 20 0 1 0 -28.9719 0 -28.9719 -40 0 40 48__1-8edge.dat

1 16 10 24.972 20 0 1 0 -28.9719 0 -28.9719 -40 0 40 48__1-8edge.dat

0 NOFILE

0 FILE 3024.dat
0 Plate  1 x  1

0 Name: 3024.dat

0 Author: James Jessiman

0 !LDRAW_ORG Part UPDATE 2022-05

0 !LICENSE Licensed under CC BY 4.0 : see CAreadme.txt



0 BFC CERTIFY CCW



0 !HISTORY 2001-10-26 [PTadmin] Official Update 2001-01

0 !HISTORY 2002-05-07 {unknown} BFC Certification

0 !HISTORY 2002-06-11 [PTadmin] Official Update 2002-03

0 !HISTORY 2007-06-07 [PTadmin] Header formatted for Contributor Agreement

0 !HISTORY 2008-07-01 [PTadmin] Official Update 2008-01

0 !HISTORY 2022-08-04 [MagFors] Using subfile

0 !HISTORY 2022-09-15 [PTadmin] Official Update 2022-05





1 16 0 0 0 1 0 0 0 1 0 0 0 1 s__3024s01.dat

4 16 -10 8 -10 10 8 -10 10 0 -10 -10 0 -10

0 NOFILE

0 FILE s__3024s01.dat
0 ~Plate  1 x  1 without Front Face

0 Name: s\3024s01.dat

0 Author: Tore Eriksson [Tore_Eriksson]

0 !LDRAW_ORG Subpart UPDATE 2012-03

0 !LICENSE Licensed under CC BY 4.0 : see CAreadme.txt



0 BFC CERTIFY CCW



0 !HISTORY 2012-12-28 [PTadmin] Official Update 2012-03





0 BFC INVERTNEXT

1 16 0 8 0 0 0 6 0 -4 0 -6 0 0 box5.dat

4 16 10 8 -10 6 8 -6 6 8 6 10 8 10

4 16 10 8 10 6 8 6 -6 8 6 -10 8 10

4 16 -10 8 10 -6 8 6 -6 8 -6 -10 8 -10

4 16 -10 8 -10 -6 8 -6 6 8 -6 10 8 -10

1 16 0 8 0 10 0 0 0 -8 0 0 0 10 box4t.dat

1 16 0 0 0 0 0 1 0 1 0 -1 0 0 stud.dat

0 NOFILE

0 FILE 54200.dat
0 Slope Brick 31  1 x  1 x  0.667

0 Name: 54200.dat

0 Author: Orion Pobursky [OrionP]

0 !LDRAW_ORG Part UPDATE 2022-04

0 !LICENSE Licensed under CC BY 4.0 : see CAreadme.txt



0 BFC CERTIFY CCW



0 !KEYWORDS cheese



0 !HISTORY 2006-01-14 [cwdee] Rotated to match other slope bricks

0 !HISTORY 2009-09-03 [PTadmin] Official Update 2009-02

0 !HISTORY 2013-08-04 [cwdee] Description change

0 !HISTORY 2013-12-23 [PTadmin] Official Update 2013-02

0 !HISTORY 2014-11-21 [roland] Auto-corrected with libfix version of LDCad 1.4

0 !HISTORY 2015-10-11 [PTadmin] Official Update 2015-01

0 !HISTORY 2019-06-03 [Philo] Rounded corners and flattened top.

0 !HISTORY 2019-06-28 [PTadmin] Official Update 2019-01

0 !HISTORY 2021-05-21 [OrionP] Subfiled for patterns

0 !HISTORY 2022-05-07 [PTadmin] Official Update 2022-03

0 !HISTORY 2022-07-13 [Jaco] added keyword Cheese

0 !HISTORY 2022-07-18 [PTadmin] Official Update 2022-04





1 16 0 0 0 1 0 0 0 1 0 0 0 1 s__54200s01.dat



3 16 9.41 -15.01 8.35 8 -15.6 9.3333 10 -13.6 6

4 16 -8 -15.6 9.3333 -10 -13.6 6 10 -13.6 6 8 -15.6 9.3333

3 16 -8 -15.6 9.3333 -9.41 -15.01 8.35 -10 -13.6 6

4 16 -10 -4 -10 10 -4 -10 10 -13.6 6 -10 -13.6 6

0 NOFILE

0 FILE s__54200s01.dat
0 ~Slope Brick 31  1 x  1 x  0.667 without Sloped Face

0 Name: s\54200s01.dat

0 Author: Orion Pobursky [OrionP]

0 !LDRAW_ORG Subpart UPDATE 2022-03

0 !LICENSE Licensed under CC BY 4.0 : see CAreadme.txt



0 BFC CERTIFY CCW



0 !HISTORY 2022-05-07 [PTadmin] Official Update 2022-03





2 24 10 -1 10 10 -1 -10

2 24 -10 -1 10 -10 -1 -10

1 16 0 -5.3 6 -6 0 0 0 0 5.3 0 1 0 rect.dat

1 16 0 -1.7 -6 0 0 -6 1.7 0 0 0 -1 0 rect.dat

1 16 0 -2.5 -10 -10 0 0 0 0 1.5 0 1 0 rect.dat

2 24 9 0 9 -9 0 9

2 24 9 0 -9 -9 0 -9

1 16 0 -1 0 0 0 9 0 1 0 -9 0 0 box4.dat

4 16 10 -1 -10 9 -1 -9 9 -1 9 10 -1 10

4 16 -10 -1 10 -9 -1 9 -9 -1 -9 -10 -1 -10

4 16 10 -1 10 9 -1 9 -9 -1 9 -10 -1 10

4 16 -10 -1 -10 -9 -1 -9 9 -1 -9 10 -1 -10

4 16 6 0 -6 6 0 6 9 0 9 9 0 -9

4 16 -6 0 6 -6 0 -6 -9 0 -9 -9 0 9

4 16 -6 0 -6 6 0 -6 9 0 -9 -9 0 -9

4 16 6 0 6 -6 0 6 -9 0 9 9 0 9

4 16 6 -10.6 6 6 0 6 6 0 -6 6 -3.4 -6

4 16 -6 -10.6 6 -6 -3.4 -6 -6 0 -6 -6 0 6

2 24 6 0 -6 6 0 6

2 24 -6 0 -6 -6 0 6

2 24 6 -3.4 -6 6 -10.6 6

2 24 -6 -3.4 -6 -6 -10.6 6

3 16 -3.1092 -4 -5 -2.2961 -4 -5.5434 -2.2961 -3.674 -5.5434

5 24 -2.2961 -4 -5.5434 -2.2961 -3.674 -5.5434 -3.1092 -4 -5 0 -4 -6

4 16 -2.2961 -4 -5.5434 0 -4 -6 0 -3.4 -6 -2.2961 -3.674 -5.5434

5 24 0 -4 -6 0 -3.4 -6 -2.2961 -4 -5.5434 2.2961 -4 -5.5434

4 16 0 -4 -6 2.2961 -4 -5.5434 2.2961 -3.674 -5.5434 0 -3.4 -6

5 24 2.2961 -4 -5.5434 2.2961 -3.674 -5.5434 0 -4 -6 3.1092 -4 -5

3 16 3.1092 -4 -5 2.2961 -3.674 -5.5434 2.2961 -4 -5.5434

2 24 -3.1092 -4 -5 -2.2961 -4 -5.5434

2 24 -2.2961 -4 -5.5434 0 -4 -6

2 24 2.2961 -4 -5.5434 0 -4 -6

2 24 3.1092 -4 -5 2.2961 -4 -5.5434

2 24 -3.1092 -4 -5 -2.2961 -3.674 -5.5434

2 24 -2.2961 -3.674 -5.5434 0 -3.4 -6

2 24 2.2961 -3.674 -5.5434 0 -3.4 -6

2 24 3.1092 -4 -5 2.2961 -3.674 -5.5434

2 24 -3.1092 -4 -5 3.1092 -4 -5

3 16 -3.1092 -4 -5 -2.2961 -3.674 -5.5434 -6 -3.4 -6

3 16 -6 -3.4 -6 -2.2961 -3.674 -5.5434 0 -3.4 -6

3 16 3.1092 -4 -5 6 -3.4 -6 2.2961 -3.674 -5.5434

3 16 6 -3.4 -6 0 -3.4 -6 2.2961 -3.674 -5.5434

2 24 9.41 -15.01 8.35 10 -13.6 6

2 24 9.41 -15.01 10 10 -13.6 10

2 24 8 -15.6 9.3333 9.41 -15.01 8.35

2 24 9.41 -15.01 10 8 -15.6 10

2 24 -9.41 -15.01 8.35 -10 -13.6 6

2 24 -9.41 -15.01 10 -10 -13.6 10

2 24 -8 -15.6 9.3333 -9.41 -15.01 8.35

2 24 -9.41 -15.01 10 -8 -15.6 10

4 16 8 -15.6 10 8 -15.6 9.3333 9.41 -15.01 8.35 9.41 -15.01 10

4 16 9.41 -15.01 10 9.41 -15.01 8.35 10 -13.6 6 10 -13.6 10

4 16 10 -1 10 10 -13.6 10 10 -13.6 6 10 -4 -10

3 16 10 -4 -10 10 -1 -10 10 -1 10

3 16 8 -15.6 10 9.41 -15.01 10 10 -13.6 10

4 16 -9.41 -15.01 8.35 -8 -15.6 9.3333 -8 -15.6 10 -9.41 -15.01 10

4 16 -10 -13.6 6 -9.41 -15.01 8.35 -9.41 -15.01 10 -10 -13.6 10

4 16 -10 -13.6 6 -10 -13.6 10 -10 -1 10 -10 -4 -10

3 16 -10 -1 -10 -10 -4 -10 -10 -1 10

3 16 -9.41 -15.01 10 -8 -15.6 10 -10 -13.6 10

2 24 -8 -15.6 10 8 -15.6 10

2 24 -8 -15.6 9.3333 8 -15.6 9.3333

4 16 -8 -15.6 10 -8 -15.6 9.3333 8 -15.6 9.3333 8 -15.6 10

4 16 -10 -13.6 10 -8 -15.6 10 8 -15.6 10 10 -13.6 10

1 16 0 -7.3 10 10 0 0 0 0 6.3 0 -1 0 rect3.dat

5 24 -9.41 -15.01 10 -9.41 -15.01 8.35 -8 -15.6 9.3333 -10 -13.6 10

5 24 9.41 -15.01 8.35 9.41 -15.01 10 8 -15.6 10 10 -13.6 6

5 24 -10 -13.6 6 -10 -13.6 10 -9.41 -15.01 8.35 -10 -1 10

5 24 10 -13.6 10 10 -13.6 6 9.41 -15.01 10 10 -4 -10

5 24 8 -15.6 9.3333 8 -15.6 10 9.41 -15.01 8.35 -8 -15.6 10

5 24 -8 -15.6 9.3333 -8 -15.6 10 -9.41 -15.01 10 8 -15.6 9.3333

3 16 0 -4 -6 -2.2961 -4 -5.5434 2.2961 -4 -5.5434

4 16 -3.1092 -4 -5 3.1092 -4 -5 2.2961 -4 -5.5434 -2.2961 -4 -5.5434

3 16 -3.1092 -4 -5 -6 -3.4 -6 -6 -10.6 6

3 16 6 -3.4 -6 3.1092 -4 -5 6 -10.6 6

4 16 -3.1092 -4 -5 -6 -10.6 6 6 -10.6 6 3.1092 -4 -5

2 24 -10 -13.6 6 -10 -4 -10

2 24 10 -4 -10 10 -13.6 6

0 NOFILE

0 FILE 61409.dat
0 ~Slope Brick 18  2 x  1 x  0.667 Grille (Obsolete)

0 Name: 61409.dat

0 Author: Tim Gould [timgould]

0 !LDRAW_ORG Part UPDATE 2025-02

0 !LICENSE Licensed under CC BY 4.0 : see CAreadme.txt



0 BFC CERTIFY CCW



0 !CATEGORY Obsolete

0 !KEYWORDS grille



0 !HISTORY 2008-12-06 [gregteft] Updated geometry to include raised surface

0 !HISTORY 2009-03-30 [gregteft] Updated origin to bottom center

0 !HISTORY 2009-09-03 [PTadmin] Official Update 2009-02

0 !HISTORY 2017-08-08 [cwdee] Updated description

0 !HISTORY 2017-12-30 [PTadmin] Official Update 2017-01

0 !HISTORY 2025-02-12 [MagFors] Obsoleted due to bad geometry

0 !HISTORY 2025-02-27 [OrionP] Official Update 2025-02



1 16 0 -1 0 0 0 -9 0 1 0 19 0 0 box4.dat

1 16 0 -5.6 16 -6 0 0 0 0 5.6 0 1 0 rect.dat

1 16 0 -13 15 -6 0 0 0 .555556 1.8 0 1 -1 rect.dat

1 16 0 -10.9 10 -6 0 0 0 0 -2.1 0 -1 0 rect.dat

1 16 0 -10.6 7 -6 0 0 0 .555556 1.8 0 1 -1 rect.dat

1 16 0 -8.5 2 -6 0 0 0 0 -2.1 0 -1 0 rect.dat

1 16 0 -8.2 -1 -6 0 0 0 .555556 1.8 0 1 -1 rect.dat

1 16 0 -6.1 -6 -6 0 0 0 0 -2.1 0 -1 0 rect.dat

1 16 0 -5.8 -9 -6 0 0 0 .555556 1.8 0 1 -1 rect.dat

1 16 0 -4.9 -14 -6 0 0 0 0 -.9 0 -1 0 rect.dat

1 16 0 -2 -16 -6 0 0 0 0 -2 0 -1 0 rect.dat

1 16 0 -8.24 20 10 0 0 0 0 7.24 0 -1 0 rect.dat

1 16 0 -2.24 -20 10 0 0 0 0 -1.24 0 1 0 rect.dat

1 16 0 -11.2 15 0 0 6 0 -1 0 1 0 0 rect2p.dat

1 16 0 -8.8 8 0 0 6 0 -1 0 2 0 0 rect2p.dat

1 16 0 -6.4 0 0 0 6 0 -1 0 2 0 0 rect2p.dat

1 16 0 -4 -8 0 0 6 0 -1 0 2 0 0 rect2p.dat

1 16 0 -4 -15 0 0 6 0 -1 0 1 0 0 rect2p.dat

2 24 6 0 -16 6 0 16

2 24 -6 0 -16 -6 0 16

2 24 10 -1 -20 10 -1 20

2 24 -10 -1 -20 -10 -1 20

2 24 6 -5.8 -14 6 -7.6 -8

2 24 6 -8.2 -6 6 -10 0

2 24 6 -10.6 2 6 -12.4 8

2 24 6 -13 10 6 -14.8 16

2 24 -6 -5.8 -14 -6 -7.6 -8

2 24 -6 -8.2 -6 -6 -10 0

2 24 -6 -10.6 2 -6 -12.4 8

2 24 -6 -13 10 -6 -14.8 16

2 24 7.5 -4.7 -17.66 -7.5 -4.7 -17.66

2 24 7.5 -15.21 17.38 -7.5 -15.21 17.38

2 24 7.5 -4.7 -17.66 7.5 -15.21 17.38

2 24 -7.5 -4.7 -17.66 -7.5 -15.21 17.38

2 24 8 -14.88 18 -8 -14.88 18

2 24 8 -4.08 -18 8 -14.88 18

2 24 8 -4.08 -18 -8 -4.08 -18

2 24 -8 -4.08 -18 -8 -14.88 18

2 24 8 -14.88 18 7.5 -15.21 17.38

2 24 -8 -14.88 18 -7.5 -15.21 17.38

2 24 8 -4.08 -18 7.5 -4.7 -17.66

2 24 -8 -4.08 -18 -7.5 -4.7 -17.66

2 24 10 -3.48 -20 10 -15.48 20

2 24 -10 -3.48 -20 -10 -15.48 20

4 16 6 0 16 -6 0 16 -9 0 19 9 0 19

4 16 -6 0 -16 6 0 -16 9 0 -19 -9 0 -19

4 16 6 0 -16 6 0 16 9 0 19 9 0 -19

4 16 -6 0 16 -6 0 -16 -9 0 -19 -9 0 19

4 16 9 -1 19 -9 -1 19 -10 -1 20 10 -1 20

4 16 -9 -1 -19 9 -1 -19 10 -1 -20 -10 -1 -20

4 16 9 -1 -19 9 -1 19 10 -1 20 10 -1 -20

4 16 -9 -1 19 -9 -1 -19 -10 -1 -20 -10 -1 20

4 16 6 0 -16 6 -4 -16 6 -4 -6 6 0 -6

4 16 6 0 -6 6 -6.4 -6 6 -6.4 2 6 0 2

4 16 6 0 2 6 -8.8 2 6 -8.8 10 6 0 10

4 16 6 0 10 6 -11.2 10 6 -11.2 16 6 0 16

4 16 6 -4 -14 6 -5.8 -14 6 -7.6 -8 6 -4 -10

4 16 6 -6.4 -6 6 -8.2 -6 6 -10 0 6 -6.4 -2

4 16 6 -8.8 2 6 -10.6 2 6 -12.4 8 6 -8.8 6

4 16 6 -11.2 10 6 -13 10 6 -14.8 16 6 -11.2 14

4 16 -6 0 -6 -6 -4 -6 -6 -4 -16 -6 0 -16

4 16 -6 0 2 -6 -6.4 2 -6 -6.4 -6 -6 0 -6

4 16 -6 0 10 -6 -8.8 10 -6 -8.8 2 -6 0 2

4 16 -6 0 16 -6 -11.2 16 -6 -11.2 10 -6 0 10

4 16 -6 -4 -10 -6 -7.6 -8 -6 -5.8 -14 -6 -4 -14

4 16 -6 -6.4 -2 -6 -10 0 -6 -8.2 -6 -6 -6.4 -6

4 16 -6 -8.8 6 -6 -12.4 8 -6 -10.6 2 -6 -8.8 2

4 16 -6 -11.2 14 -6 -14.8 16 -6 -13 10 -6 -11.2 10

4 16 6 -13 10 -6 -13 10 -6 -12.4 8 6 -12.4 8

4 16 6 -10.6 2 -6 -10.6 2 -6 -10 0 6 -10 0

4 16 6 -8.2 -6 -6 -8.2 -6 -6 -7.6 -8 6 -7.6 -8

4 16 7.5 -15.21 17.38 -7.5 -15.21 17.38 -6 -14.8 16 6 -14.8 16

4 16 7.5 -4.7 -17.66 7.5 -15.21 17.38 6 -14.8 16 6 -5.8 -14

4 16 -7.5 -4.7 -17.66 7.5 -4.7 -17.66 6 -5.8 -14 -6 -5.8 -14

4 16 -6 -5.8 -14 -6 -14.8 16 -7.5 -15.21 17.38 -7.5 -4.7 -17.66

4 16 8 -14.88 18 -8 -14.88 18 -7.5 -15.21 17.38 7.5 -15.21 17.38

4 16 8 -4.08 -18 8 -14.88 18 7.5 -15.21 17.38 7.5 -4.7 -17.66

4 16 -7.5 -4.7 -17.66 -7.5 -15.21 17.38 -8 -14.88 18 -8 -4.08 -18

4 16 -8 -4.08 -18 8 -4.08 -18 7.5 -4.7 -17.66 -7.5 -4.7 -17.66

4 16 10 -15.48 20 -10 -15.48 20 -8 -14.88 18 8 -14.88 18

4 16 10 -3.48 -20 10 -15.48 20 8 -14.88 18 8 -4.08 -18

4 16 -8 -4.08 -18 -8 -14.88 18 -10 -15.48 20 -10 -3.48 -20

4 16 -10 -3.48 -20 10 -3.48 -20 8 -4.08 -18 -8 -4.08 -18

4 16 10 -1 -20 10 -1 20 10 -15.48 20 10 -3.48 -20

4 16 -10 -3.48 -20 -10 -15.48 20 -10 -1 20 -10 -1 -20

0

0 NOFILE

0 FILE 3710.dat
0 Plate  1 x  4

0 Name: 3710.dat

0 Author: James Jessiman

0 !LDRAW_ORG Part UPDATE 2023-06

0 !LICENSE Licensed under CC BY 4.0 : see CAreadme.txt



0 BFC CERTIFY CCW



0 !HISTORY 2004-07-25 [guyvivan] Made BFC Compliant

0 !HISTORY 2004-11-06 [PTadmin] Official Update 2004-04

0 !HISTORY 2007-06-29 [PTadmin] Header formatted for Contributor Agreement

0 !HISTORY 2008-07-01 [PTadmin] Official Update 2008-01

0 !HISTORY 2023-03-28 [Sirio] Introduced use of subpart

0 !HISTORY 2023-11-19 [OrionP] Official Update 2023-06





1 16 0 0 0 1 0 0 0 1 0 0 0 1 s__3710s01.dat

4 16 -40 0 -10 -40 8 -10 40 8 -10 40 0 -10

0 NOFILE

0 FILE s__3710s01.dat
0 ~Plate  1 x  4 without Front Face

0 Name: s\3710s01.dat

0 Author: Massimo Maso [Sirio]

0 !LDRAW_ORG Subpart UPDATE 2023-06

0 !LICENSE Licensed under CC BY 4.0 : see CAreadme.txt



0 BFC CERTIFY CCW



0 !HISTORY 2023-11-19 [OrionP] Official Update 2023-06





1 16 0 4 0 1 0 0 0 -1 0 0 0 1 stug3-1x3.dat

0 BFC INVERTNEXT

1 16 0 8 0 36 0 0 0 -4 0 0 0 6 box5.dat

4 16 40 8 10 36 8 6 -36 8 6 -40 8 10

4 16 -40 8 10 -36 8 6 -36 8 -6 -40 8 -10

4 16 -40 8 -10 -36 8 -6 36 8 -6 40 8 -10

4 16 40 8 -10 36 8 -6 36 8 6 40 8 10

1 16 0 8 0 40 0 0 0 -8 0 0 0 10 box4t.dat

1 16 0 0 0 1 0 0 0 1 0 0 0 1 stug-1x4.dat

0 NOFILE

0 FILE stug-1x4.dat
0 Stud Group  1 x  4

0 Name: stug-1x4.dat

0 Author: Steffen [Steffen]

0 !LDRAW_ORG Primitive UPDATE 2011-01

0 !LICENSE Licensed under CC BY 4.0 : see CAreadme.txt



0 BFC CERTIFY CCW



0 !HISTORY 2011-07-25 [PTadmin] Official Update 2011-01





1 16 -30 0 0 1 0 0 0 1 0 0 0 1 stud.dat

1 16 -10 0 0 1 0 0 0 1 0 0 0 1 stud.dat

1 16 10 0 0 1 0 0 0 1 0 0 0 1 stud.dat

1 16 30 0 0 1 0 0 0 1 0 0 0 1 stud.dat

0 NOFILE

0 FILE stug3-1x3.dat
0 Stud Tube Solid Group  1 x  3

0 Name: stug3-1x3.dat

0 Author: Steffen [Steffen]

0 !LDRAW_ORG Primitive UPDATE 2012-02

0 !LICENSE Licensed under CC BY 4.0 : see CAreadme.txt



0 BFC CERTIFY CCW



0 !HISTORY 2012-08-09 [PTadmin] Official Update 2012-02





1 16 -20 0 0 1 0 0 0 1 0 0 0 1 stud3.dat

1 16 0 0 0 1 0 0 0 1 0 0 0 1 stud3.dat

1 16 20 0 0 1 0 0 0 1 0 0 0 1 stud3.dat

0 NOFILE

0 FILE 30162.dat
0 Minifig Binoculars with Round Eyepiece

0 Name: 30162.dat

0 Author: Paul Easter [pneaster]

0 !LDRAW_ORG Part UPDATE 2015-02

0 !LICENSE Licensed under CC BY 4.0 : see CAreadme.txt



0 BFC CERTIFY CCW



0 !CATEGORY Minifig Accessory

0 !KEYWORDS Adventurers, City



0 !HISTORY 2000-09-30 [PTadmin] Official Update 2000-02

0 !HISTORY 2007-06-06 [PTadmin] Header formatted for Contributor Agreement

0 !HISTORY 2008-07-01 [PTadmin] Official Update 2008-01

0 !HISTORY 2012-03-11 [Steffen] BFCed

0 !HISTORY 2012-03-14 [Steffen] modified with WINDZ for BFC compliance

0 !HISTORY 2015-10-10 [MagFors] Closed gaps

0 !HISTORY 2015-12-30 [PTadmin] Official Update 2015-02





2 24 2 0 5.61 2 0 -5.61

2 24 2 0 5.61 2 4 5.61

2 24 2 0 6 2 4 6

2 24 2 0 6 2 0 5.61

2 24 2 4 6 2 4 5.61

4 16 6 4 0 6 4 -7 5.54 3.91 -7 5.54 3.91 -2.3

5 24 6 4 0 6 4 -7 4.46 3.7 -7 7.54 3.7 -7

4 16 5.54 3.91 -7 4.46 3.7 -7 4.46 3.7 -3.9 5.54 3.91 -2.3

4 16 4.46 3.7 -7 4.25 3.55 -7 4.25 3.55 -4.25 4.46 3.7 -3.9

5 24 4.46 3.7 -3.9 4.46 3.7 -7 5.54 3.91 -7 3.18 2.82 -7

4 16 4.25 3.55 -7 3.18 2.82 -7 3.18 2.82 -4.96 4.25 3.55 -4.25

4 16 3.18 2.82 -7 2.3 1.53 -7 2.3 1.53 -5.54 3.18 2.82 -4.96

5 24 3.18 2.82 -4.96 3.18 2.82 -7 4.25 3.55 -7 2.3 1.53 -7

4 16 2.3 1.53 -7 2 0 -7 2 0 -5.61 2.3 1.53 -5.54

5 24 2.3 1.53 -5.54 2.3 1.53 -7 3.18 2.82 -7 2 0 -7

4 16 6 4 0 5.54 3.91 -2.3 5.54 0 -2.3 6 0 0

5 24 6 4 0 6 0 0 5.54 0 2.3 5.54 0 -2.3

4 16 5.54 3.91 -2.3 4.46 3.7 -3.9 4.46 0 -3.9 5.54 0 -2.3

5 24 5.54 3.91 -2.3 5.54 0 -2.3 4.25 0 -4.25 6 4 0

4 16 4.46 3.7 -3.9 4.25 3.55 -4.25 4.25 0 -4.25 4.46 0 -3.9

4 16 4.25 3.55 -4.25 3.18 2.82 -4.96 3.18 0 -4.96 4.25 0 -4.25

5 24 4.25 3.55 -4.25 4.25 0 -4.25 5.54 0 -2.3 2.3 0 -5.54

4 16 3.18 2.82 -4.96 2.3 1.53 -5.54 2.3 0 -5.54 3.18 0 -4.96

3 16 2.3 1.53 -5.54 2 0 -5.61 2.3 0 -5.54

5 24 2.3 1.53 -5.54 2.3 0 -5.54 4.25 0 -4.25 2 0 -5.61

2 24 6 4 0 5.54 3.91 -2.3

2 24 5.54 3.91 -2.3 4.46 3.7 -3.9

2 24 4.46 3.7 -3.9 4.25 3.55 -4.25

2 24 4.25 3.55 -4.25 3.18 2.82 -4.96

2 24 3.18 2.82 -4.96 2.3 1.53 -5.54

2 24 2.3 1.53 -5.54 2 0 -5.61

3 16 6 4 6 6 4 0 5.543 4 2.296

3 16 6 4 6 5.543 4 2.296 4.243 4 4.243

3 16 6 4 6 4.243 4 4.243 2.296 4 5.543

4 16 6 4 6 2.296 4 5.543 2 4 5.61 2 4 6

4 16 6 0 0 5.54 0 2.3 5.54 4 2.3 6 4 0

5 24 6 0 0 6 4 0 5.54 0 2.3 6 0 -6

4 16 5.54 0 2.3 4.25 0 4.25 4.25 4 4.25 5.54 4 2.3

5 24 5.54 0 2.3 5.54 4 2.3 4.25 0 4.25 6 0 0

4 16 4.25 0 4.25 2.3 0 5.54 2.3 4 5.54 4.25 4 4.25

5 24 4.25 0 4.25 4.25 4 4.25 2.3 0 5.54 5.54 0 2.3

4 16 2.3 0 5.54 2 0 5.61 2 4 5.61 2.3 4 5.54

5 24 2.3 0 5.54 2.3 4 5.54 0 0 6 4.25 0 4.25

4 16 2 0 6 2 4 6 2 4 5.61 2 0 5.61

2 24 6 0 0 5.54 0 -2.3

2 24 5.54 0 -2.3 4.25 0 -4.25

2 24 4.25 0 -4.25 2.3 0 -5.54

2 24 2.3 0 -5.54 2 0 -5.61

2 24 6 0 0 5.54 0 2.3

2 24 5.54 0 2.3 4.25 0 4.25

2 24 4.25 0 4.25 2.3 0 5.54

2 24 2.3 0 5.54 2 0 5.61

2 24 6 4 0 5.54 4 2.3

2 24 5.54 4 2.3 4.25 4 4.25

2 24 4.25 4 4.25 2.3 4 5.54

2 24 2.3 4 5.54 2 4 5.61



2 24 -2 0 5.61 -2 0 -5.61

2 24 -2 0 5.61 -2 4 5.61

2 24 -2 0 6 -2 4 6

2 24 -2 0 6 -2 0 5.61

2 24 -2 4 6 -2 4 5.61

4 16 -6 4 0 -5.54 3.91 -2.3 -5.54 3.91 -7 -6 4 -7

5 24 -6 4 0 -6 4 -7 -4.46 3.7 -7 -7.54 3.7 -7

4 16 -5.54 3.91 -7 -5.54 3.91 -2.3 -4.46 3.7 -3.9 -4.46 3.7 -7

4 16 -4.46 3.7 -7 -4.46 3.7 -3.9 -4.25 3.55 -4.25 -4.25 3.55 -7

5 24 -4.46 3.7 -3.9 -4.46 3.7 -7 -5.54 3.91 -7 -3.18 2.82 -7

4 16 -4.25 3.55 -7 -4.25 3.55 -4.25 -3.18 2.82 -4.96 -3.18 2.82 -7

4 16 -3.18 2.82 -7 -3.18 2.82 -4.96 -2.3 1.53 -5.54 -2.3 1.53 -7

5 24 -3.18 2.82 -4.96 -3.18 2.82 -7 -4.25 3.55 -7 -2.3 1.53 -7

4 16 -2.3 1.53 -7 -2.3 1.53 -5.54 -2 0 -5.61 -2 0 -7

5 24 -2.3 1.53 -5.54 -2.3 1.53 -7 -3.18 2.82 -7 -2 0 -7

4 16 -6 4 0 -6 0 0 -5.54 0 -2.3 -5.54 3.91 -2.3

5 24 -6 4 0 -6 0 0 -5.54 0 2.3 -5.54 0 -2.3

4 16 -5.54 3.91 -2.3 -5.54 0 -2.3 -4.46 0 -3.9 -4.46 3.7 -3.9

5 24 -5.54 3.91 -2.3 -5.54 0 -2.3 -4.25 0 -4.25 -6 4 0

4 16 -4.46 3.7 -3.9 -4.46 0 -3.9 -4.25 0 -4.25 -4.25 3.55 -4.25

4 16 -4.25 3.55 -4.25 -4.25 0 -4.25 -3.18 0 -4.96 -3.18 2.82 -4.96

5 24 -4.25 3.55 -4.25 -4.25 0 -4.25 -5.54 0 -2.3 -2.3 0 -5.54

4 16 -3.18 2.82 -4.96 -3.18 0 -4.96 -2.3 0 -5.54 -2.3 1.53 -5.54

3 16 -2.3 1.53 -5.54 -2.3 0 -5.54 -2 0 -5.61

5 24 -2.3 1.53 -5.54 -2.3 0 -5.54 -4.25 0 -4.25 -2 0 -5.61

2 24 -6 4 0 -5.54 3.91 -2.3

2 24 -5.54 3.91 -2.3 -4.46 3.7 -3.9

2 24 -4.46 3.7 -3.9 -4.25 3.55 -4.25

2 24 -4.25 3.55 -4.25 -3.18 2.82 -4.96

2 24 -3.18 2.82 -4.96 -2.3 1.53 -5.54

2 24 -2.3 1.53 -5.54 -2 0 -5.61

3 16 -6 4 6 -5.543 4 2.296 -6 4 0

3 16 -6 4 6 -4.243 4 4.243 -5.543 4 2.296

3 16 -6 4 6 -2.296 4 5.543 -4.243 4 4.243

4 16 -6 4 6 -2 4 6 -2 4 5.61 -2.296 4 5.543

4 16 -6 0 0 -6 4 0 -5.54 4 2.3 -5.54 0 2.3

5 24 -6 0 0 -6 4 0 -5.54 0 2.3 -6 0 -6

4 16 -5.54 0 2.3 -5.54 4 2.3 -4.25 4 4.25 -4.25 0 4.25

5 24 -5.54 0 2.3 -5.54 4 2.3 -4.25 0 4.25 -6 0 0

4 16 -4.25 0 4.25 -4.25 4 4.25 -2.3 4 5.54 -2.3 0 5.54

5 24 -4.25 0 4.25 -4.25 4 4.25 -2.3 0 5.54 -5.54 0 2.3

4 16 -2.3 0 5.54 -2.3 4 5.54 -2 4 5.61 -2 0 5.61

5 24 -2.3 0 5.54 -2.3 4 5.54 0 0 6 -4.25 0 4.25

4 16 -2 0 6 -2 0 5.61 -2 4 5.61 -2 4 6

2 24 -6 0 0 -5.54 0 -2.3

2 24 -5.54 0 -2.3 -4.25 0 -4.25

2 24 -4.25 0 -4.25 -2.3 0 -5.54

2 24 -2.3 0 -5.54 -2 0 -5.61

2 24 -6 0 0 -5.54 0 2.3

2 24 -5.54 0 2.3 -4.25 0 4.25

2 24 -4.25 0 4.25 -2.3 0 5.54

2 24 -2.3 0 5.54 -2 0 5.61

2 24 -6 4 0 -5.54 4 2.3

2 24 -5.54 4 2.3 -4.25 4 4.25

2 24 -4.25 4 4.25 -2.3 4 5.54

2 24 -2.3 4 5.54 -2 4 5.61



1 16 -6 0 8 0 0 -4 -4 0 0 0 -1 0 2-4chrd.dat

1 16 6 0 8 0 0 4 4 0 0 0 -1 0 2-4chrd.dat

1 16 -6 0 8 0 0 -4 4 0 0 0 1 0 2-4edge.dat

1 16 6 0 8 0 0 4 4 0 0 0 1 0 2-4edge.dat

1 16 -6 0 6 4 0 0 0 0 -4 0 1 0 1-4edge.dat

1 16 6 0 6 -4 0 0 0 0 -4 0 1 0 1-4edge.dat

1 16 -6 0 -7 0 0 4 4 0 0 0 1 0 2-4edge.dat

1 16 6 0 -7 0 0 -4 4 0 0 0 1 0 2-4edge.dat

1 16 -6 0 -10 0 0 -4 4 0 0 0 1 0 2-4edge.dat

1 16 6 0 -10 0 0 4 4 0 0 0 1 0 2-4edge.dat



4 16 -6 4 8 -6 -4 8 6 -4 8 6 4 8

4 16 -2 4 6 2 4 6 6 -4 6 -6 -4 6

4 16 -6 4 8 6 4 8 6 4 6 -6 4 6

4 16 -6 -4 8 -6 -4 6 6 -4 6 6 -4 8

4 16 -6 -4 -7 -6 -4 -10 6 -4 -10 6 -4 -7

4 16 -6 4 -7 6 4 -7 6 4 -10 -6 4 -10

4 16 -6 4 -7 -6 -4 -7 6 -4 -7 6 4 -7

4 16 -6 4 -10 6 4 -10 6 -4 -10 -6 -4 -10

2 24 -6 -4 8 6 -4 8

2 24 -6 4 8 6 4 8

2 24 -6 -4 6 6 -4 6

2 24 -2 4 6 2 4 6

2 24 -6 -4 -7 6 -4 -7

2 24 -6 4 -7 6 4 -7

2 24 -6 -4 -10 6 -4 -10

2 24 -6 4 -10 6 4 -10



4 16 2 0 6 6 0 6 6 0 -6 2 0 -6

4 16 -2 0 6 -2 0 -6 -6 0 -6 -6 0 6



1 16 6 0 -7 -4 0 0 0 0 -4 0 13 0 3-4cyli.dat

1 16 -6 0 -7 4 0 0 0 0 -4 0 13 0 3-4cyli.dat

1 16 6 0 -10 0 0 4 -4 0 0 0 3 0 2-4cyli.dat

1 16 6 0 6 0 0 4 -4 0 0 0 2 0 2-4cyli.dat

1 16 -6 0 -10 0 0 -4 -4 0 0 0 3 0 2-4cyli.dat

1 16 -6 0 6 0 0 -4 -4 0 0 0 2 0 2-4cyli.dat



1 16 6 0 8 3 0 0 0 0 3 0 1 0 4-4cylo.dat

1 16 -6 0 8 3 0 0 0 0 3 0 1 0 4-4cylo.dat

1 16 6 0 9 4 0 0 0 0 4 0 1 0 4-4cylo.dat

1 16 -6 0 9 4 0 0 0 0 4 0 1 0 4-4cylo.dat

0 BFC INVERTNEXT

1 16 6 0 8 2.5 0 0 0 0 2.5 0 2 0 4-4cylo.dat

0 BFC INVERTNEXT

1 16 -6 0 8 2.5 0 0 0 0 2.5 0 2 0 4-4cylo.dat



1 16 6 0 9 1 0 0 0 0 1 0 1 0 4-4ring3.dat

1 16 -6 0 9 1 0 0 0 0 1 0 1 0 4-4ring3.dat



1 16 6 0 10 -1 0 0 0 0 1 0 -1 0 4-4ring3.dat

1 16 6 0 10 -0.5 0 0 0 0 0.5 0 -1 0 4-4ring5.dat



1 16 -6 0 10 -1 0 0 0 0 1 0 -1 0 4-4ring3.dat

1 16 -6 0 10 -0.5 0 0 0 0 0.5 0 -1 0 4-4ring5.dat



1 16 -6 0 -18 4.2426 0 -4.2426 4.2426 0 4.2426 0 8 0 3-4cylo.dat

1 16 -6 0 -10 -6 0 0 0 0 6 0 -1 0 4-4disc.dat

0 BFC INVERTNEXT

1 16 -6 0 -12 4 0 0 0 0 4 0 -6 0 4-4cylc.dat

1 16 -6 0 -18 2 0 0 0 0 2 0 1 0 4-4ring2.dat



1 16 6 0 -18 -4.2426 0 4.2426 4.2426 0 4.2426 0 8 0 3-4cylo.dat

1 16 6 0 -10 -6 0 0 0 0 6 0 -1 0 4-4disc.dat

0 BFC INVERTNEXT

1 16 6 0 -12 4 0 0 0 0 4 0 -6 0 4-4cylc.dat

1 16 6 0 -18 2 0 0 0 0 2 0 1 0 4-4ring2.dat



0 BFC INVERTNEXT

1 16 0 -6 -18 1.7574 0 -1.7574 1.7574 0 1.7574 0 8 0 1-4cylo.dat

1 16 0 -6 -18 1.7574 0 -1.7574 1.7574 0 1.7574 0 1 0 1-4ndis.dat

1 16 0 -6 -10 -1.7574 0 1.7574 1.7574 0 1.7574 0 -1 0 1-4ndis.dat

3 16 0 -2.4852 -18 0 0 -18 1.7574 -4.2426 -18

3 16 -1.7574 -4.2426 -18 0 0 -18 0 -2.4852 -18

3 16 1.7574 -4.2426 -10 0 0 -10 0 -2.4852 -10

3 16 0 -2.4852 -10 0 0 -10 -1.7574 -4.2426 -10



0 BFC INVERTNEXT

1 16 0 6 -18 -1.7574 0 1.7574 -1.7574 0 -1.7574 0 8 0 1-4cylo.dat

1 16 0 6 -18 -1.7574 0 1.7574 -1.7574 0 -1.7574 0 1 0 1-4ndis.dat

1 16 0 6 -10 1.7574 0 -1.7574 -1.7574 0 -1.7574 0 -1 0 1-4ndis.dat

3 16 0 2.4852 -18 0 0 -18 -1.7574 4.2426 -18

3 16 1.7574 4.2426 -18 0 0 -18 0 2.4852 -18

3 16 -1.7574 4.2426 -10 0 0 -10 0 2.4852 -10

3 16 0 2.4852 -10 0 0 -10 1.7574 4.2426 -10

0 NOFILE

0 FILE 3-4cylo.dat
0 Cylinder Open 0.75

0 Name: 3-4cylo.dat

0 Author: Philippe Hurbain [Philo]

0 !LDRAW_ORG Primitive UPDATE 2011-02

0 !LICENSE Licensed under CC BY 4.0 : see CAreadme.txt



0 BFC CERTIFY CCW



0 !HISTORY 2011-12-29 [PTadmin] Official Update 2011-02





1 16 0 0 0 1 0 0 0 1 0 0 0 1 3-4edge.dat

1 16 0 1 0 1 0 0 0 1 0 0 0 1 3-4edge.dat

1 16 0 0 0 1 0 0 0 1 0 0 0 1 3-4cyli.dat

0 NOFILE

0 FILE 3-4edge.dat
0 Circle 0.75

0 Name: 3-4edge.dat

0 Author: James Jessiman

0 !LDRAW_ORG Primitive UPDATE 2017-01

0 !LICENSE Licensed under CC BY 4.0 : see CAreadme.txt



0 BFC CERTIFY CCW



0 !HISTORY 2007-06-24 [PTadmin] Header formatted for Contributor Agreement

0 !HISTORY 2008-07-01 [PTadmin] Official Update 2008-01

0 !HISTORY 2017-01-15 [Steffen] BFCed

0 !HISTORY 2017-12-30 [PTadmin] Official Update 2017-01





2 24 1 0 0 0.9239 0 0.3827

2 24 0.9239 0 0.3827 0.7071 0 0.7071

2 24 0.7071 0 0.7071 0.3827 0 0.9239

2 24 0.3827 0 0.9239 0 0 1

2 24 0 0 1 -0.3827 0 0.9239

2 24 -0.3827 0 0.9239 -0.7071 0 0.7071

2 24 -0.7071 0 0.7071 -0.9239 0 0.3827

2 24 -0.9239 0 0.3827 -1 0 0

2 24 -1 0 -0 -0.9239 0 -0.3827

2 24 -0.9239 0 -0.3827 -0.7071 0 -0.7071

2 24 -0.7071 0 -0.7071 -0.3827 0 -0.9239

2 24 -0.3827 0 -0.9239 0 0 -1

0 NOFILE

0 FILE 4-4ring5.dat
0 Ring  5 x 1.0

0 Name: 4-4ring5.dat

0 Author: Mark Kennedy [mkennedy]

0 !LDRAW_ORG Primitive UPDATE 2025-01

0 !LICENSE Licensed under CC BY 4.0 : see CAreadme.txt



0 BFC CERTIFY CCW



0 !HISTORY 2001-10-23 [pneaster] resequenced quads, corrected winding.

0 !HISTORY 2001-12-29 [pneaster] Added BFC.

0 !HISTORY 2002-04-25 [PTadmin] Official Update 2002-02

0 !HISTORY 2007-06-24 [PTadmin] Header formatted for Contributor Agreement

0 !HISTORY 2008-07-01 [PTadmin] Official Update 2008-01

0 !HISTORY 2012-02-16 [Philo] Changed to CCW

0 !HISTORY 2012-03-30 [PTadmin] Official Update 2012-01

0 !HISTORY 2024-12-30 [MagFors] Recreated using PrimGen

0 !HISTORY 2025-01-20 [OrionP] Official Update 2025-01



4 16 6 0 0 5.5434 0 2.2962 4.6195 0 1.9135 5 0 0

4 16 5.5434 0 2.2962 4.2426 0 4.2426 3.5355 0 3.5355 4.6195 0 1.9135

4 16 4.2426 0 4.2426 2.2962 0 5.5434 1.9135 0 4.6195 3.5355 0 3.5355

4 16 2.2962 0 5.5434 0 0 6 0 0 5 1.9135 0 4.6195

4 16 0 0 6 -2.2962 0 5.5434 -1.9135 0 4.6195 0 0 5

4 16 -2.2962 0 5.5434 -4.2426 0 4.2426 -3.5355 0 3.5355 -1.9135 0 4.6195

4 16 -4.2426 0 4.2426 -5.5434 0 2.2962 -4.6195 0 1.9135 -3.5355 0 3.5355

4 16 -5.5434 0 2.2962 -6 0 0 -5 0 0 -4.6195 0 1.9135

4 16 -6 0 0 -5.5434 0 -2.2962 -4.6195 0 -1.9135 -5 0 0

4 16 -5.5434 0 -2.2962 -4.2426 0 -4.2426 -3.5355 0 -3.5355 -4.6195 0 -1.9135

4 16 -4.2426 0 -4.2426 -2.2962 0 -5.5434 -1.9135 0 -4.6195 -3.5355 0 -3.5355

4 16 -2.2962 0 -5.5434 0 0 -6 0 0 -5 -1.9135 0 -4.6195

4 16 0 0 -6 2.2962 0 -5.5434 1.9135 0 -4.6195 0 0 -5

4 16 2.2962 0 -5.5434 4.2426 0 -4.2426 3.5355 0 -3.5355 1.9135 0 -4.6195

4 16 4.2426 0 -4.2426 5.5434 0 -2.2962 4.6195 0 -1.9135 3.5355 0 -3.5355

4 16 5.5434 0 -2.2962 6 0 0 5 0 0 4.6195 0 -1.9135

0 // Build by LDPartEditor (PrimGen 2.X)
0 NOFILE

0 FILE 3-4cyli.dat
0 Cylinder 0.75

0 Name: 3-4cyli.dat

0 Author: James Jessiman

0 !LDRAW_ORG Primitive UPDATE 2005-01

0 !LICENSE Licensed under CC BY 4.0 : see CAreadme.txt



0 BFC CERTIFY CCW



0 !HISTORY 2002-03-23 [sbliss] Added BFC statement; compacted code

0 !HISTORY 2002-04-25 [PTadmin] Official Update 2002-02

0 !HISTORY 2004-12-11 [nielsk] Recreated using Primitive Generator, Edge lines fixed, BFC changed to CCW

0 !HISTORY 2005-12-28 [PTadmin] Official Update 2005-01

0 !HISTORY 2007-06-24 [PTadmin] Header formatted for Contributor Agreement

0 !HISTORY 2008-07-01 [PTadmin] Official Update 2008-01





4 16 .9239 1 .3827 .9239 0 .3827 1 0 0 1 1 0

4 16 .7071 1 .7071 .7071 0 .7071 .9239 0 .3827 .9239 1 .3827

4 16 .3827 1 .9239 .3827 0 .9239 .7071 0 .7071 .7071 1 .7071

4 16 0 1 1 0 0 1 .3827 0 .9239 .3827 1 .9239

4 16 -.3827 1 .9239 -.3827 0 .9239 0 0 1 0 1 1

4 16 -.7071 1 .7071 -.7071 0 .7071 -.3827 0 .9239 -.3827 1 .9239

4 16 -.9239 1 .3827 -.9239 0 .3827 -.7071 0 .7071 -.7071 1 .7071

4 16 -1 1 0 -1 0 0 -.9239 0 .3827 -.9239 1 .3827

4 16 -.9239 1 -.3827 -.9239 0 -.3827 -1 0 0 -1 1 0

4 16 -.7071 1 -.7071 -.7071 0 -.7071 -.9239 0 -.3827 -.9239 1 -.3827

4 16 -.3827 1 -.9239 -.3827 0 -.9239 -.7071 0 -.7071 -.7071 1 -.7071

4 16 0 1 -1 0 0 -1 -.3827 0 -.9239 -.3827 1 -.9239

5 24 1 1 0 1 0 0 1 1 -.4142 .9239 1 .3827

5 24 .9239 1 .3827 .9239 0 .3827 1 1 0 .7071 1 .7071

5 24 .7071 1 .7071 .7071 0 .7071 .9239 1 .3827 .3827 1 .9239

5 24 .3827 1 .9239 .3827 0 .9239 .7071 1 .7071 0 1 1

5 24 0 1 1 0 0 1 .3827 1 .9239 -.3827 1 .9239

5 24 -.3827 1 .9239 -.3827 0 .9239 0 1 1 -.7071 1 .7071

5 24 -.7071 1 .7071 -.7071 0 .7071 -.3827 1 .9239 -.9239 1 .3827

5 24 -.9239 1 .3827 -.9239 0 .3827 -.7071 1 .7071 -1 1 0

5 24 -1 1 0 -1 0 0 -.9239 1 .3827 -.9239 1 -.3827

5 24 -.9239 1 -.3827 -.9239 0 -.3827 -1 1 0 -.7071 1 -.7071

5 24 -.7071 1 -.7071 -.7071 0 -.7071 -.9239 1 -.3827 -.3827 1 -.9239

5 24 -.3827 1 -.9239 -.3827 0 -.9239 -.7071 1 -.7071 0 1 -1

5 24 0 1 -1 0 0 -1 -.3827 1 -.9239 .4142 1 -1

0

0 NOFILE

0 FILE 20482.dat
0 Tile  1 x  1 Round with Pin and Pin Hole

0 Name: 20482.dat

0 Author: Gerald Lasser [GeraldLasser]

0 !LDRAW_ORG Part UPDATE 2015-01

0 !LICENSE Licensed under CC BY 4.0 : see CAreadme.txt



0 !HELP Holder for 2 LDU wide Stalks



0 BFC CERTIFY CCW



0 !KEYWORDS Friends



0 !HISTORY 2015-10-11 [PTadmin] Official Update 2015-01





1 16 0 8 0 2 0 0 0 -1 0 0 0 2 4-4ring3.dat

1 16 0 8 0 2 0 0 0 -1 0 0 0 2 4-4ring4.dat

0 BFC INVERTNEXT

1 16 0 4 0 6 0 0 0 4 0 0 0 6 4-4cylo.dat

1 16 0 4 0 2 0 0 0 -1 0 0 0 2 4-4ring1.dat

1 16 0 4 0 2 0 0 0 -1 0 0 0 2 4-4ring2.dat

0 BFC INVERTNEXT

1 16 0 -8 0 2 0 0 0 12 0 0 0 2 4-4cylo.dat

1 16 0 0 0 10 0 0 0 8 0 0 0 10 4-4cylo.dat

1 16 0 0 0 4 0 0 0 1 0 0 0 4 4-4ring1.dat

1 16 0 0 0 2 0 0 0 1 0 0 0 2 4-4ring4.dat

1 16 0 -8 0 4 0 0 0 8 0 0 0 4 4-4cylo.dat

1 16 0 -8 0 2 0 0 0 1 0 0 0 2 4-4ring1.dat

0 NOFILE

0 FILE 4-4ring1.dat
0 Ring  1 x 1.0

0 Name: 4-4ring1.dat

0 Author: James Jessiman

0 !LDRAW_ORG Primitive UPDATE 2009-01

0 !LICENSE Licensed under CC BY 4.0 : see CAreadme.txt



0 BFC CERTIFY CCW



0 !HISTORY 1998-12-15 [PTadmin] Official Update 1998-10

0 !HISTORY 2002-04-08 [BrickCaster] Modified for BFC compliance

0 !HISTORY 2002-04-25 [PTadmin] Official Update 2002-02

0 !HISTORY 2007-06-24 [PTadmin] Header formatted for Contributor Agreement

0 !HISTORY 2008-07-01 [PTadmin] Official Update 2008-01

0 !HISTORY 2008-08-26 [cwdee] Switch polygon winding and rename

0 !HISTORY 2009-05-02 [PTadmin] Official Update 2009-01





4 16 -0.7654 0 1.8478 -0.3827 0 0.9239 0 0 1 0 0 2

4 16 -1.4142 0 1.4142 -0.7071 0 0.7071 -0.3827 0 0.9239 -0.7654 0 1.8478

4 16 -1.8478 0 0.7654 -0.9239 0 0.3827 -0.7071 0 0.7071 -1.4142 0 1.41420

4 16 -2 0 0 -1 0 0 -0.9239 0 0.3827 -1.8478 0 0.7654

4 16 -1.8478 0 -0.7654 -0.9239 0 -0.3827 -1 0 0 -2 0 0

4 16 -1.4142 0 -1.4142 -0.7071 0 -0.7071 -0.9239 0 -0.3827 -1.8478 0 -0.7654

4 16 -0.7654 0 -1.8478 -0.3827 0 -0.9239 -0.7071 0 -0.7071 -1.4142 0 -1.4142

4 16 0 0 -2 0 0 -1 -0.3827 0 -0.9239 -0.7654 0 -1.8478

4 16 0.7654 0 -1.8478 0.3827 0 -0.9239 0 0 -1 0 0 -2

4 16 1.4142 0 -1.4142 0.7071 0 -0.7071 0.3827 0 -0.9239 0.7654 0 -1.8478

4 16 1.8478 0 -0.7654 0.9239 0 -0.3827 0.7071 0 -0.7071 1.4142 0 -1.4142

4 16 2 0 0 1 0 0 0.9239 0 -0.3827 1.8478 0 -0.7654

4 16 1.8478 0 0.7654 0.9239 0 0.3827 1 0 0 2 0 0

4 16 1.4142 0 1.4142 0.7071 0 0.7071 0.9239 0 0.3827 1.8478 0 0.7654

4 16 0.7654 0 1.8478 0.3827 0 0.9239 0.7071 0 0.7071 1.4142 0 1.4142

4 16 0 0 2 0 0 1 0.3827 0 0.9239 0.7654 0 1.8478

0

0 NOFILE

0 FILE 3023b.dat
0 Plate  1 x  2

0 Name: 3023b.dat

0 Author: James Jessiman

0 !LDRAW_ORG Part UPDATE 2023-03

0 !LICENSE Licensed under CC BY 4.0 : see CAreadme.txt



0 BFC CERTIFY CCW



0 !KEYWORDS BrickLink 3023, Rebrickable 3023



0 !HISTORY 2001-10-26 [PTadmin] Official Update 2001-01

0 !HISTORY 2002-05-07 {unknown} BFC Certification

0 !HISTORY 2002-06-11 [PTadmin] Official Update 2002-03

0 !HISTORY 2007-06-07 [PTadmin] Header formatted for Contributor Agreement

0 !HISTORY 2008-07-01 [PTadmin] Official Update 2008-01

0 !HISTORY 2020-03-07 [Sirio] Subparted

0 !HISTORY 2022-01-14 [PTadmin] Official Update 2022-01

0 !HISTORY 2023-05-26 [OrionP] Moved from 3023.dat

0 !HISTORY 2023-06-24 [OrionP] Official Update 2023-03





1 16 0 0 0 1 0 0 0 1 0 0 0 1 s__3023bs01.dat

4 16 -20 0 -10 -20 8 -10 20 8 -10 20 0 -10

0 NOFILE

0 FILE s__3023bs01.dat
0 ~Plate  1 x  2 without Front Face

0 Name: s\3023bs01.dat

0 Author: Massimo Maso [Sirio]

0 !LDRAW_ORG Subpart UPDATE 2023-03

0 !LICENSE Licensed under CC BY 4.0 : see CAreadme.txt



0 BFC CERTIFY CCW



0 !HISTORY 2022-01-14 [PTadmin] Official Update 2022-01

0 !HISTORY 2023-05-27 [OrionP] Moved from s\3023s01.dat

0 !HISTORY 2023-06-24 [OrionP] Official Update 2023-03





0 // Primitves

1 16 0 4 0 1 0 0 0 -1 0 0 0 1 stud3.dat

0 BFC INVERTNEXT

1 16 0 8 0 16 0 0 0 -4 0 0 0 6 box5.dat

1 16 0 8 0 20 0 0 0 -8 0 0 0 10 box4t.dat

1 16 0 0 0 1 0 0 0 1 0 0 0 1 stug-1x2.dat

0 // Faces

4 16 20 8 10 16 8 6 -16 8 6 -20 8 10

4 16 -20 8 10 -16 8 6 -16 8 -6 -20 8 -10

4 16 -20 8 -10 -16 8 -6 16 8 -6 20 8 -10

4 16 20 8 -10 16 8 -6 16 8 6 20 8 10

0 NOFILE

0 FILE 3022.dat
0 Plate  2 x  2

0 Name: 3022.dat

0 Author: James Jessiman

0 !LDRAW_ORG Part UPDATE 2002-03

0 !LICENSE Licensed under CC BY 4.0 : see CAreadme.txt



0 BFC CERTIFY CCW



0 !HISTORY 2001-10-26 [PTadmin] Official Update 2001-01

0 !HISTORY 2002-05-07 {unknown} BFC Certification

0 !HISTORY 2002-06-11 [PTadmin] Official Update 2002-03

0 !HISTORY 2007-06-07 [PTadmin] Header formatted for Contributor Agreement

0 !HISTORY 2008-07-01 [PTadmin] Official Update 2008-01





1 16 0 4 0 1 0 0 0 -1 0 0 0 1 stud4.dat



0 BFC INVERTNEXT

1 16 0 8 0 16 0 0 0 -4 0 0 0 16 box5.dat



4 16 20 8 20 16 8 16 -16 8 16 -20 8 20

0 // Next Line was 4 16 20 8 -20 16 8 -16 -16 8 -16 -20 8 -20

4 16 -20 8 -20 -16 8 -16 16 8 -16 20 8 -20

0 // Next Line was 4 16 20 8 20 16 8 16 16 8 -16 20 8 -20

4 16 20 8 -20 16 8 -16 16 8 16 20 8 20

4 16 -20 8 20 -16 8 16 -16 8 -16 -20 8 -20



1 16 0 8 0 20 0 0 0 -8 0 0 0 20 box5.dat



1 16 10 0 10 1 0 0 0 1 0 0 0 1 stud.dat

1 16 -10 0 10 1 0 0 0 1 0 0 0 1 stud.dat

1 16 10 0 -10 1 0 0 0 1 0 0 0 1 stud.dat

1 16 -10 0 -10 1 0 0 0 1 0 0 0 1 stud.dat

0

0 NOFILE

0 FILE 99780.dat
0 Bracket  1 x  2 -  1 x  2 Up

0 Name: 99780.dat

0 Author: Magnus Forsberg [MagFors]

0 !LDRAW_ORG Part UPDATE 2012-01

0 !LICENSE Licensed under CC BY 4.0 : see CAreadme.txt



0 BFC CERTIFY CCW



0 !HISTORY 2012-03-30 [PTadmin] Official Update 2012-01





1 16 0 4 0 1 0 0 0 -1 0 0 0 1 stud3.dat

1 16 0 6 -10 -1.5 0 0 0 0 2 0 4 0 box4-2p.dat

1 16 10 6 -10 -1.5 0 0 0 0 2 0 4 0 box4-2p.dat

1 16 -10 6 -10 -1.5 0 0 0 0 2 0 4 0 box4-2p.dat

1 16 -13.75 6 -10 0 0 -2.25 2 0 0 0 -1 0 rect3.dat

1 16 13.75 6 -10 0 0 2.25 -2 0 0 0 -1 0 rect3.dat

1 16 -5 6 -10 3.5 0 0 0 0 2 0 -1 0 rect2p.dat

1 16 5 6 -10 3.5 0 0 0 0 2 0 -1 0 rect2p.dat

0 BFC INVERTNEXT

1 16 0 8 -2 16 0 0 0 -4 0 0 0 8 box4-4a.dat

1 16 0 8 -2 20 0 0 0 1 0 0 0 12 recte4.dat

4 16 20 8 10 16 8 6 -16 8 6 -20 8 10

4 16 -20 8 10 -16 8 6 -16 8 -10 -20 8 -14

4 16 -20 8 -14 -16 8 -10 16 8 -10 20 8 -14

4 16 20 8 -14 16 8 -10 16 8 6 20 8 10

1 16 0 4 10 -20 0 0 0 0 -4 0 -1 0 rect3.dat

4 16 20 0 -10 20 8 -14 20 8 10 20 0 10

4 16 -20 0 10 -20 8 10 -20 8 -14 -20 0 -10

0 BFC INVERTNEXT

1 16 0 -5 0 -20 0 0 0 5 0 0 0 -10 box2-7.dat

2 24 -18 -12 -10 18 -12 -10

4 16 -20 -10 -10 -18 -12 -10 18 -12 -10 20 -10 -10

1 16 -18 -10 -10 -2 0 0 0 0 -2 0 -1 0 1-4chrd.dat

1 16 18 -10 -10 0 0 2 -2 0 0 0 -1 0 1-4chrd.dat

1 16 18 -10 -14 2 0 0 0 0 -2 0 4 0 1-4cylc.dat

1 16 -18 -10 -14 0 0 -2 -2 0 0 0 4 0 1-4cylc.dat

1 16 0 -11 -12 -18 0 0 0 0 -1 0 -2 0 box2-11.dat

2 24 20 8 -14 20 -10 -14

4 16 20 0 -10 20 -10 -10 20 -10 -14 20 8 -14

3 16 20 8 -14 20 -10 -14 18 -10 -14

2 24 -20 8 -14 -20 -10 -14

4 16 -20 8 -14 -20 -10 -14 -20 -10 -10 -20 0 -10

3 16 -18 -10 -14 -20 -10 -14 -20 8 -14

4 16 -18 -10 -14 -20 8 -14 20 8 -14 18 -10 -14

1 16 0 0 0 0 0 1 0 1 0 -1 0 0 stug-2x1.dat

1 16 0 -2 -14 -1 0 0 0 0 1 0 1 0 stug2-1x2.dat

0 NOFILE

0 FILE stug-2x1.dat
0 Stud Group  2 x  1

0 Name: stug-2x1.dat

0 Author: Magnus Forsberg [MagFors]

0 !LDRAW_ORG Primitive UPDATE 2011-01

0 !LICENSE Licensed under CC BY 4.0 : see CAreadme.txt



0 BFC CERTIFY CCW



0 !HISTORY 2011-07-25 [PTadmin] Official Update 2011-01





1 16 0 0 10 1 0 0 0 1 0 0 0 1 stud.dat

1 16 0 0 -10 1 0 0 0 1 0 0 0 1 stud.dat

0 NOFILE

0 FILE 1-4cylc.dat
0 Cylinder Closed 0.25

0 Name: 1-4cylc.dat

0 Author: Mark Kennedy [mkennedy]

0 !LDRAW_ORG Primitive UPDATE 2010-01

0 !LICENSE Licensed under CC BY 4.0 : see CAreadme.txt



0 BFC CERTIFY CCW



0 !HISTORY 2010-04-05 [PTadmin] Official Update 2010-01





1 16 0 0 0 1 0 0 0 1 0 0 0 1 1-4edge.dat

1 16 0 1 0 1 0 0 0 1 0 0 0 1 1-4edge.dat

1 16 0 0 0 1 0 0 0 1 0 0 0 1 1-4disc.dat

1 16 0 0 0 1 0 0 0 1 0 0 0 1 1-4cyli.dat

0

0 NOFILE

0 FILE 1-4disc.dat
0 Disc 0.25

0 Name: 1-4disc.dat

0 Author: James Jessiman

0 !LDRAW_ORG Primitive UPDATE 2002-02

0 !LICENSE Licensed under CC BY 4.0 : see CAreadme.txt



0 BFC CERTIFY CCW



0 !HISTORY 2002-03-23 [sbliss] Added BFC statement.

0 !HISTORY 2002-04-25 [PTadmin] Official Update 2002-02

0 !HISTORY 2007-06-22 [PTadmin] Header formatted for Contributor Agreement

0 !HISTORY 2008-07-01 [PTadmin] Official Update 2008-01





3 16 0 0 0 1 0 0 0.9239 0 0.3827

3 16 0 0 0 0.9239 0 0.3827 0.7071 0 0.7071

3 16 0 0 0 0.7071 0 0.7071 0.3827 0 0.9239

3 16 0 0 0 0.3827 0 0.9239 0 0 1

0

0 NOFILE

0 FILE 15571.dat
0 Slope Brick 45  1 x  2 Triple with Bottom Stud Holder
0 Name: 15571.dat
0 Author: Philippe Hurbain [Philo]
0 !LDRAW_ORG Part UPDATE 2015-02
0 !LICENSE Licensed under CC BY 4.0 : see CAreadme.txt

0 BFC CERTIFY CCW

0 !HISTORY 2015-12-30 [PTadmin] Official Update 2015-02


2 24 16 20 -6 -16 20 -6
2 24 4 8 6 -4 8 6

1 16 0 24 0 20 0 0 0 -4 0 0 0 10 box4o4a.dat
2 24 20 20 -10 -20 20 -10

3 16 20 20 10 -20 20 10 0 0 10
3 16 20 20 -10 0 0 10 -20 20 -10

1 16 20 20 10 0 -1 -20 0 0 -20 -20 0 0 triangle.dat
1 16 -20 20 10 0 1 20 0 0 -20 -20 0 0 triangle.dat

1 16 16 20 6 0 1 -12 0 0 -12 -12 0 0 triangle.dat
1 16 -16 20 6 0 -1 12 0 0 -12 -12 0 0 triangle.dat
4 16 16 20 -6 -16 20 -6 -4 8 6 4 8 6

3 16 3.5 24 -5 5 24 -3.5 6.5 24 -5
3 16 -6.5 24 -5 -5 24 -3.5 -3.5 24 -5
3 16 -3.5 24 5 -5 24 3.5 -6.5 24 5
3 16 6.5 24 5 5 24 3.5 3.5 24 5
3 16 20 24 10 16 24 6 6.5 24 6
3 16 20 24 10 6.5 24 6 3.5 24 6
4 16 20 24 10 3.5 24 6 -3.5 24 6 -20 24 10
3 16 -3.5 24 6 -6.5 24 6 -20 24 10
3 16 -6.5 24 6 -16 24 6 -20 24 10
4 16 -20 24 10 -16 24 6 -16 24 -6 -20 24 -10
3 16 -20 24 -10 -16 24 -6 -6.5 24 -6
3 16 -20 24 -10 -6.5 24 -6 -3.5 24 -6
4 16 -20 24 -10 -3.5 24 -6 3.5 24 -6 20 24 -10
3 16 3.5 24 -6 6.5 24 -6 20 24 -10
3 16 6.5 24 -6 16 24 -6 20 24 -10
4 16 20 24 -10 16 24 -6 16 24 6 20 24 10

0 BFC INVERTNEXT
1 16 11.25 22 0 0 4.75 0 2 0 0 0 0 -6 box2-9p.dat
0 BFC INVERTNEXT
1 16 -11.25 22 0 0 -4.75 0 2 0 0 0 0 -6 box2-9p.dat
1 16 11.25 24 0 0 0 4.75 0 1 0 -6 0 0 recte3.dat
1 16 -11.25 24 0 0 0 -4.75 0 1 0 -6 0 0 recte3.dat

1 16 5 24 -5.5 0 0 -1.5 0 -1 0 -0.5 0 0 rect2p.dat
2 24 6.5 24 -5 5 24 -3.5
2 24 3.5 24 -5 5 24 -3.5
1 16 -5 24 -5.5 0 0 -1.5 0 -1 0 -0.5 0 0 rect2p.dat
2 24 -3.5 24 -5 -5 24 -3.5
2 24 -6.5 24 -5 -5 24 -3.5
1 16 -5 24 5.5 0 0 1.5 0 -1 0 0.5 0 0 rect2p.dat
2 24 -6.5 24 5 -5 24 3.5
2 24 -3.5 24 5 -5 24 3.5
1 16 5 24 5.5 0 0 1.5 0 -1 0 0.5 0 0 rect2p.dat
2 24 3.5 24 5 5 24 3.5
2 24 6.5 24 5 5 24 3.5

2 24 6.5 10.5 5 5.75 9.75 4.25
2 24 -6.5 10.5 5 -5.75 9.75 4.25
2 24 6.5 20 -6 6.5 19 -5
2 24 3.5 19 -5 3.5 20 -6
2 24 6.5 19 -5 5 17.5 -3.5
2 24 3.5 19 -5 5 17.5 -3.5
2 24 -3.5 20 -6 -3.5 19 -5
2 24 -6.5 19 -5 -6.5 20 -6
2 24 -3.5 19 -5 -5 17.5 -3.5
2 24 -6.5 19 -5 -5 17.5 -3.5
2 24 -3.5 9 5 -3.5 8 6
2 24 -5 10.5 3.5 -5.75 9.75 4.25
2 24 -3.5 9 5 -5 10.5 3.5
2 24 3.5 8 6 3.5 9 5
2 24 3.5 9 5 5 10.5 3.5
2 24 5 10.5 3.5 5.75 9.75 4.25

4 16 6.5 19 -5 6.5 20 -6 6.5 24 -6 6.5 24 -5
4 16 5 17.5 -3.5 6.5 19 -5 6.5 24 -5 5 24 -3.5
4 16 3.5 24 -5 3.5 19 -5 5 17.5 -3.5 5 24 -3.5
4 16 3.5 24 -6 3.5 20 -6 3.5 19 -5 3.5 24 -5
1 16 0 22 -6 3.5 0 0 0 0 2 0 -1 0 rect3.dat
4 16 -3.5 19 -5 -3.5 20 -6 -3.5 24 -6 -3.5 24 -5
4 16 -5 17.5 -3.5 -3.5 19 -5 -3.5 24 -5 -5 24 -3.5
4 16 -6.5 24 -5 -6.5 19 -5 -5 17.5 -3.5 -5 24 -3.5
4 16 -6.5 24 -6 -6.5 20 -6 -6.5 19 -5 -6.5 24 -5

2 24 6.5 24 -5 6.5 19 -5
2 24 5 24 -3.5 5 17.5 -3.5
2 24 3.5 19 -5 3.5 24 -5
2 24 -3.5 24 -5 -3.5 19 -5
2 24 -5 24 -3.5 -5 17.5 -3.5
2 24 -6.5 19 -5 -6.5 24 -5

4 16 6.5 24 6 16 24 6 16 20 6 6.5 10.5 6
1 16 6.5 17.25 5.5 0 -1 0 0 0 -6.75 0.5 0 0 rect3.dat
4 16 6.5 24 5 6.5 10.5 5 5.75 9.75 4.25 5 24 3.5
3 16 5 24 3.5 5.75 9.75 4.25 5 10.5 3.5
4 16 3.5 24 5 5 24 3.5 5 10.5 3.5 3.5 9 5
4 16 3.5 24 6 3.5 24 5 3.5 9 5 3.5 8 6
1 16 0 16 6 -3.5 0 0 0 0 8 0 1 0 rect3.dat
4 16 -3.5 24 6 -3.5 8 6 -3.5 9 5 -3.5 24 5
4 16 -3.5 24 5 -3.5 9 5 -5 10.5 3.5 -5 24 3.5
4 16 -5 24 3.5 -5 10.5 3.5 -5.75 9.75 4.25 -6.5 24 5
3 16 -6.5 24 5 -5.75 9.75 4.25 -6.5 10.5 5
1 16 -6.5 17.25 5.5 0 1 0 0 0 -6.75 -0.5 0 0 rect3.dat
4 16 -6.5 24 6 -6.5 10.5 6 -16 20 6 -16 24 6
2 24 5 24 3.5 5 10.5 3.5
2 24 3.5 24 5 3.5 9 5
2 24 -3.5 9 5 -3.5 24 5
2 24 -5 10.5 3.5 -5 24 3.5
0 NOFILE

0 FILE triangle.dat
0 Triangle

0 Name: triangle.dat

0 Author: Steffen [Steffen]

0 !LDRAW_ORG Primitive UPDATE 2013-01

0 !LICENSE Licensed under CC BY 4.0 : see CAreadme.txt



0 BFC CERTIFY CCW



0 !HISTORY 2013-07-21 [PTadmin] Official Update 2013-01





3 16 0 0 0 1 0 0 0 0 1

2 24 0 0 0 1 0 0

2 24 1 0 0 0 0 1

2 24 0 0 1 0 0 0

0 NOFILE

0 FILE 3049d.dat
0 Slope Brick 45  1 x  2 Double / Inverted with Bottom Stud Holder
0 Name: 3049d.dat
0 Author: N. W. Perry [Plastikean]
0 !LDRAW_ORG Part UPDATE 2025-09
0 !LICENSE Licensed under CC BY 4.0 : see CAreadme.txt

0 BFC CERTIFY CCW

0 !KEYWORDS BrickLink 3049c

0 !HISTORY 2020-09-05 [PTadmin] Official Update 2020-02
0 !HISTORY 2025-09-27 [OrionP] Changed winding to CCW
0 !HISTORY 2025-09-29 [OrionP] Official Update 2025-09

2 24 16 24 6 -16 24 6
2 24 -16 24 6 -16 24 -6
2 24 -16 24 -6 16 24 -6
2 24 16 24 -6 16 24 6
2 24 20 24 10 -20 24 10
2 24 -20 24 10 -20 24 -10
2 24 -20 24 -10 20 24 -10
2 24 20 24 -10 20 24 10
2 24 16 24 6 16 20 6
2 24 -16 24 6 -16 20 6
2 24 16 24 -6 16 20 -6
2 24 -16 24 -6 -16 20 -6
2 24 16 20 6 16 20 -6
2 24 0 4 6 0 4 -6
2 24 0 4 26 0 4 10
2 24 -16 20 6 -16 20 -6
2 24 16 20 10 0 4 26
2 24 16 20 10 0 4 10
2 24 16 20 6 0 4 6
2 24 16 20 -6 0 4 -6
2 24 -16 20 10 0 4 26
2 24 -16 20 10 0 4 10
2 24 -16 20 6 0 4 6
2 24 -16 20 -6 0 4 -6
2 24 20 24 10 20 20 10
2 24 -20 24 10 -20 20 10
2 24 20 24 -10 20 20 -10
2 24 -20 24 -10 -20 20 -10
2 24 20 20 10 20 20 -10
2 24 0 0 30 0 0 -10
2 24 -20 20 10 -20 20 -10
2 24 20 20 10 16 20 10
2 24 -20 20 10 -16 20 10
2 24 20 20 10 0 0 30
2 24 20 20 -10 0 0 -10
2 24 -20 20 10 0 0 30
2 24 -20 20 -10 0 0 -10
4 16 20 24 10 16 24 6 -16 24 6 -20 24 10
4 16 -20 24 10 -16 24 6 -16 24 -6 -20 24 -10
4 16 -20 24 -10 -16 24 -6 16 24 -6 20 24 -10
4 16 20 24 -10 16 24 -6 16 24 6 20 24 10
4 16 20 24 10 20 20 10 20 20 -10 20 24 -10
4 16 16 24 -6 16 20 -6 16 20 6 16 24 6
4 16 -16 24 6 -16 20 6 -16 20 -6 -16 24 -6
4 16 -20 24 -10 -20 20 -10 -20 20 10 -20 24 10
4 16 -20 24 10 -20 20 10 20 20 10 20 24 10
3 16 -16 20 10 0 4 10 16 20 10
4 16 16 24 6 16 20 6 -16 20 6 -16 24 6
3 16 16 20 6 0 4 6 -16 20 6
4 16 -16 24 -6 -16 20 -6 16 20 -6 16 24 -6
3 16 -16 20 -6 0 4 -6 16 20 -6
4 16 20 24 -10 20 20 -10 -20 20 -10 -20 24 -10
3 16 20 20 -10 0 0 -10 -20 20 -10
4 16 16 20 10 0 4 26 0 0 30 20 20 10
4 16 -20 20 10 0 0 30 0 4 26 -16 20 10
4 16 16 20 -6 0 4 -6 0 4 26 16 20 10
4 16 -16 20 10 0 4 26 0 4 -6 -16 20 -6
4 16 20 20 10 0 0 30 0 0 -10 20 20 -10
4 16 -20 20 -10 0 0 -10 0 0 30 -20 20 10

1 16 -5 23.7 -5.5 1.5 0 0 0 -1 0 0 0 -0.5 rect3.dat
1 16 -3.5 15.6 -5.5 0 -1 0 0 0 -8.1 0.5 0 0 rect3.dat
1 16 -6.5 17.1 -5.5 0 1 0 0 0 -6.6 -0.5 0 0 rect3.dat
2 24 -5 23.7 -3.5 -5 9 -3.5
2 24 -3.5 7.5 -5 -5 9 -3.5
2 24 -3.5 23.7 -5 -5 23.7 -3.5
2 24 -6.5 10.5 -5 -5 9 -3.5
2 24 -6.5 23.7 -5 -5 23.7 -3.5
4 16 -5 23.7 -3.5 -6.5 23.7 -5 -6.5 10.5 -5 -5 9 -3.5
4 16 -5 23.7 -3.5 -5 9 -3.5 -3.5 7.5 -5 -3.5 23.7 -5
3 16 -6.5 23.7 -5 -5 23.7 -3.5 -3.5 23.7 -5
1 16 5 23.7 -5.5 1.5 0 0 0 -1 0 0 0 -0.5 rect3.dat
1 16 3.5 15.6 -5.5 0 1 0 0 0 -8.1 -0.5 0 0 rect3.dat
1 16 6.5 17.1 -5.5 0 -1 0 0 0 -6.6 0.5 0 0 rect3.dat
2 24 5 23.7 -3.5 5 9 -3.5
2 24 3.5 7.5 -5 5 9 -3.5
2 24 3.5 23.7 -5 5 23.7 -3.5
2 24 6.5 10.5 -5 5 9 -3.5
2 24 6.5 23.7 -5 5 23.7 -3.5
4 16 6.5 10.5 -5 6.5 23.7 -5 5 23.7 -3.5 5 9 -3.5
4 16 3.5 7.5 -5 5 9 -3.5 5 23.7 -3.5 3.5 23.7 -5
3 16 5 23.7 -3.5 6.5 23.7 -5 3.5 23.7 -5
1 16 -5 23.7 5.5 -1.5 0 0 0 -1 0 0 0 0.5 rect3.dat
1 16 -3.5 15.6 5.5 0 -1 0 0 0 -8.1 0.5 0 0 rect3.dat
1 16 -6.5 17.1 5.5 0 1 0 0 0 -6.6 -0.5 0 0 rect3.dat
2 24 -5 23.7 3.5 -5 9 3.5
2 24 -3.5 7.5 5 -5 9 3.5
2 24 -3.5 23.7 5 -5 23.7 3.5
2 24 -6.5 10.5 5 -5 9 3.5
2 24 -6.5 23.7 5 -5 23.7 3.5
4 16 -6.5 10.5 5 -6.5 23.7 5 -5 23.7 3.5 -5 9 3.5
4 16 -3.5 7.5 5 -5 9 3.5 -5 23.7 3.5 -3.5 23.7 5
3 16 -5 23.7 3.5 -6.5 23.7 5 -3.5 23.7 5
1 16 5 23.7 5.5 -1.5 0 0 0 -1 0 0 0 0.5 rect3.dat
1 16 3.5 15.6 5.5 0 1 0 0 0 -8.1 -0.5 0 0 rect3.dat
1 16 6.5 17.1 5.5 0 -1 0 0 0 -6.6 0.5 0 0 rect3.dat
2 24 5 23.7 3.5 5 9 3.5
2 24 3.5 7.5 5 5 9 3.5
2 24 3.5 23.7 5 5 23.7 3.5
2 24 6.5 10.5 5 5 9 3.5
2 24 6.5 23.7 5 5 23.7 3.5
4 16 5 23.7 3.5 6.5 23.7 5 6.5 10.5 5 5 9 3.5
4 16 5 23.7 3.5 5 9 3.5 3.5 7.5 5 3.5 23.7 5
3 16 6.5 23.7 5 5 23.7 3.5 3.5 23.7 5
0 NOFILE
